order_id,order_item_id,product_id,seller_id,shipping_limit_date,price,freight_value
000c3e6612759851cc3cbb4b83257986,1,b50c950aba0dcead2c48032a690ce817,218d46b86c1881d022bce9c68a7d4b15,2017-08-21 03:33:13,99.0,13.71
00119ff934e539cf26f92b9ef0cdfed8,1,21b1c2f67a9aafb5af0eb06c13b9dbda,c864036feaab8c1659f65ea4faebe1da,2017-08-11 00:35:12,219.9,16.98
0020a222f55eb79a372d0efee3cca688,1,e19ddcc85537b41f22116c8d5425ef46,8a32e327fe2c1b3511609d81aaf9f042,2017-08-21 03:03:44,29.99,15.1
002f98c0f7efd42638ed6100ca699b42,1,d41dc2f2979f52d75d78714b378d4068,7299e27ed73d2ad986de7f7c77d919fa,2017-08-10 09:30:15,8.99,32.57
002f98c0f7efd42638ed6100ca699b42,2,880be32f4db1d9f6e2bec38fb6ac23ab,fa40cc5b934574b62717c68f3d678b6d,2017-08-10 09:30:15,44.9,7.16
0035246a40f520710769010f752e7507,1,8a6187b2665118d5095f99a25fd7ba7a,4a3ca9315b744ce9f8e9374361493884,2017-08-23 01:25:39,87.0,12.11
0045e3085f083f0f38d24bb3f22e6593,1,9545d45c37449ccbc376de3a04c66e71,431af27f296bc6519d890aa5a05fdb11,2017-08-17 07:15:16,116.9,13.84
004eab0fd8f28adaf8d488976f77febe,1,0c753fe6a58dfa7a27bda5de76e779c3,7586919161935337bf6b6d7ff5779648,2017-08-08 15:45:17,21.5,11.98
00588f5f20fee630b83d4709e0a42715,1,bd6e8cf9fe4122c385da2bcb9f979d5d,4e922959ae960d389249c378d1c939f5,2017-08-29 16:04:45,89.0,25.9
00685d31ae12e47470ba5c18ba74f22c,1,71bdf1a4d18c3cd68f108547f0b4cd1c,6fc26fe110feebd80a433e1f012a84f9,2017-08-31 21:55:16,59.0,16.17
006cba07f62f921fe4f58365bde2b2eb,1,83d199d296c44101c8c3b5c9c0cce9ea,850f4f8af5ea87287ac68de36e29107f,2017-08-20 21:05:07,69.99,11.99
0080eebb288dba1857ccf048dfe6bdfe,1,2083a6feb4bbb31f6abc92fc24e468c0,cc419e0650a3c5ba77189a1882b7556a,2017-08-21 17:45:16,7.0,14.1
008720830a8a30e39e6f22f81818a141,1,22d65c4f3ab25834df12163a3403da32,7a67c85e85bb2ce8582c35f2203ad736,2017-08-17 16:55:17,57.99,11.73
00975e709cd12c34d3bd44e4a7f7a876,1,eaa26a34984cbfedc19b1e45f09f3c9a,18a349e75d307f4b4cc646a691ed4216,2017-08-30 13:05:16,86.8,7.86
00b676b01c289cc661c6f7732492771a,1,121b9686b9929855d823981fc655a6fe,c4fb51fb1c5b7c07bc5e67be6e7e8f6e,2017-08-08 15:45:15,50.0,21.19
00bbc4179554524748f77763ddd62266,1,2b4609f8948be18874494203496bc318,cc419e0650a3c5ba77189a1882b7556a,2017-08-18 03:15:35,89.99,7.88
00c95282163553a982f38481f9488481,1,ef8856db4e302ad33dc4d91e40f7593c,dbc22125167c298ef99da25668e1011f,2017-08-21 18:44:14,106.9,18.0
00e4050fe32e786290a29c61141e979f,1,183c95ad186f48c320bbac4643829d3f,cab85505710c7cb9b720bceb52b01cee,2017-08-17 12:35:22,49.9,14.1
010b143d83a59b355cd5a75c0f0fd785,1,6ff1fc9209c7854704a4f75c9fac41b4,4e922959ae960d389249c378d1c939f5,2017-09-05 23:44:47,22.0,34.15
010b143d83a59b355cd5a75c0f0fd785,2,6ff1fc9209c7854704a4f75c9fac41b4,4e922959ae960d389249c378d1c939f5,2017-09-05 23:44:47,22.0,34.15
010b143d83a59b355cd5a75c0f0fd785,3,6ff1fc9209c7854704a4f75c9fac41b4,4e922959ae960d389249c378d1c939f5,2017-09-05 23:44:47,22.0,34.15
010b143d83a59b355cd5a75c0f0fd785,4,6ff1fc9209c7854704a4f75c9fac41b4,4e922959ae960d389249c378d1c939f5,2017-09-05 23:44:47,22.0,34.15
0114835d7f0b3f674b70a989411e31c1,1,dbd55362ec13c706503b1c71a5068a1a,e24fc9fcd865784fb25705606fe3dfe7,2017-09-08 02:30:17,102.0,10.13
0115d160c5fbd758a139ff90821db60d,1,766a6a4c51c63991e78e192d802787a9,59b22a78efb79a4797979612b885db36,2017-09-06 04:31:53,389.0,22.63
011af0959ebf2b09a062867811dc63b5,1,dea3de7c4e7aa375d564fa2ddb7099b7,59b22a78efb79a4797979612b885db36,2017-08-10 17:50:21,59.0,15.16
011f9dff2545a2cf8ac1809faed3ec88,1,8d1224321dc883703df71dcb5be296b3,cca3071e3e9bb7d12640c9fbe2301306,2017-08-07 19:10:21,109.73,16.53
0121cfa7c946e6589f50d7012d3eb5eb,1,242ec3ff603c92ddc1e59d83b9e40a2d,d98eec89afa3380e14463da2aabaea72,2017-09-05 12:50:18,29.99,16.79
0123098b96f3d4014545642be53d891c,1,eb3569b5cae58e2c6f616f86d3fcd507,9dda5bbacd45e18d6485fee649205d09,2017-08-21 11:30:20,99.9,17.18
0148d3df00cebda592d4e5f966e300cc,1,ed08ea04c92f5f434c2362f7310fb328,0adac9fbd9a2b63cccaac4f8756c1ca8,2017-08-24 19:24:32,5.53,11.85
0148d3df00cebda592d4e5f966e300cc,2,ed08ea04c92f5f434c2362f7310fb328,0adac9fbd9a2b63cccaac4f8756c1ca8,2017-08-24 19:24:32,5.53,11.85
0148d3df00cebda592d4e5f966e300cc,3,ed08ea04c92f5f434c2362f7310fb328,0adac9fbd9a2b63cccaac4f8756c1ca8,2017-08-24 19:24:32,5.53,11.85
0148d3df00cebda592d4e5f966e300cc,4,ed08ea04c92f5f434c2362f7310fb328,0adac9fbd9a2b63cccaac4f8756c1ca8,2017-08-24 19:24:32,5.53,11.85
0148d3df00cebda592d4e5f966e300cc,5,ed08ea04c92f5f434c2362f7310fb328,0adac9fbd9a2b63cccaac4f8756c1ca8,2017-08-24 19:24:32,5.53,11.85
01643942766bdec224d5593041f714e6,1,b92421ea3b457d6bb68c49f39d4e97a8,897060da8b9a21f655304d50fd935913,2017-08-10 00:30:20,32.5,15.1
01719300f9ca182b8361556a3873d8ed,1,68bf2e76db1d8e846042e54da87399ca,1a3df491d1c4f1589fc2b934ada68bf2,2017-09-06 04:30:50,85.9,17.85
0176d7e16d1bd14cde42d9d3a24e525b,1,7088744b00831b410bd17716cb578f39,c1ed9e3daf6154542826a6996af0fb8c,2017-08-21 22:55:19,35.0,16.11
0176d7e16d1bd14cde42d9d3a24e525b,2,7088744b00831b410bd17716cb578f39,c1ed9e3daf6154542826a6996af0fb8c,2017-08-21 22:55:19,35.0,16.11
0191bbb5166d4b9a68df11797d5acfa9,1,ec02a5d380128f7a188e9ce8f3ddd832,48436dade18ac8b2bce089ec2a041202,2017-08-16 12:30:15,132.9,20.17
019aaee09698daf81dcffe9d94a18b5c,1,b00a32a0b42fd65efb58a5822009f629,3504c0cb71d7fa48d967e0e4c94d59d9,2017-08-16 14:23:38,75.9,7.79
01c886b4b865797097ab2d051ae30cfd,1,7d50930301709838d8e90dcac5cfaa84,9616352088dcf83a7c06637f4ebf1c80,2017-08-18 03:30:12,59.9,16.86
01c95de6d0852189b4d6b6d32a3c8e0c,1,5bd6493a2d5a384987386f2696bae33d,92eb0f42c21942b6552362b9b114707d,2017-08-10 07:55:11,19.99,7.78
01ccc64a2b38fdb87c25cb1944934670,1,bd6e8cf9fe4122c385da2bcb9f979d5d,4e922959ae960d389249c378d1c939f5,2017-08-22 11:35:13,89.0,17.06
01ccc64a2b38fdb87c25cb1944934670,2,bd6e8cf9fe4122c385da2bcb9f979d5d,4e922959ae960d389249c378d1c939f5,2017-08-22 11:35:13,89.0,17.06
01d0aabab5da85da61bbd4d40882b82c,1,57fcacc3434a1f2f2b039c1b4e61f5e1,2138ccb85b11a4ec1e37afbd1c8eda1f,2017-08-31 19:31:26,18.9,14.1
01d907b3e209269e120a365fc2b97524,1,b1434a8f79cb3528540d9b21e686e823,d1c281d3ae149232351cd8c8cc885f0d,2017-08-16 10:25:08,151.99,17.77
01da413c142606bf28e461e3a732f653,1,05542c6ab7bce0a01a5f7210380e72b3,4324dd16853115efb0fd9d0d131ba6f4,2017-08-30 11:30:18,92.65,12.99
01da413c142606bf28e461e3a732f653,2,05542c6ab7bce0a01a5f7210380e72b3,4324dd16853115efb0fd9d0d131ba6f4,2017-08-30 11:30:18,92.65,12.99
01e4eeac4002b2e57b7ada6bc3a3c38f,1,527e17a9217166ba1744ef81423887ba,eed78ac17f7f795a19a709745f00cd4e,2017-08-07 18:55:11,49.9,11.85
01e4eeac4002b2e57b7ada6bc3a3c38f,2,527e17a9217166ba1744ef81423887ba,eed78ac17f7f795a19a709745f00cd4e,2017-08-07 18:55:11,49.9,11.85
024bee763e8abbf0cd46fa7f440c41ea,1,cc62ab8550303ced5351594a4fd87884,95e03ca3d4146e4011985981aeb959b9,2017-08-15 15:45:30,29.99,14.1
024bee763e8abbf0cd46fa7f440c41ea,2,cc62ab8550303ced5351594a4fd87884,95e03ca3d4146e4011985981aeb959b9,2017-08-15 15:45:30,29.99,14.1
025a244ae3d5e6c53b7f9c902643f510,1,b3cf0a98f31b76ed0cec13d9c77102c4,1bb2bdb95f4841f1bba2c0d2cd83d3c9,2017-08-22 03:15:08,27.93,14.1
026a8d09914c519feb34944477b6bd41,1,d2f2c2b94c6ac44ece0bd0dd202c7939,710e3548e02bc1d2831dfc4f1b5b14d4,2017-08-31 13:05:13,35.99,19.59
02754590c907eb40ac34ed9b446970f6,1,8d98dedc3c19de17f1a090195e85d6b6,fa40cc5b934574b62717c68f3d678b6d,2017-08-28 07:05:17,49.9,17.63
028587d8834cae89e572f1db671d0419,1,c7b3cf9de7be95b3e09e7a63315685eb,5dceca129747e92ff8ef7a997dc4f8ca,2017-08-31 11:35:18,99.9,23.57
02875e2e1d01d7a1533215fb97510b06,1,fd1446e03cb63518fdc2d2e91f6208b2,aba1721a889e04decc910aa13b768ef4,2017-08-31 02:24:28,199.0,8.65
028e069ddb78a5a7179f1e6734e226c6,1,a00cd7752fb98e0a8382def60ecc0b17,ea8482cd71df3c1969d7b9473ff13abc,2017-08-28 03:45:54,20.99,15.1
029e3b4c8e64bea4ba22e456cd1930a3,1,11dcc970f7a5581e1bf777b6da3f7096,06579cb253ecd5a3a12a9e6eb6bf8f47,2017-08-16 21:24:08,69.9,17.74
02aec12849744e266394182861265286,1,8aa6223e400af9c97b07c75993142721,1f9ab4708f3056ede07124aad39a2554,2017-09-06 18:05:09,174.9,35.74
02b2c02d27d60c0e658675335ca80216,1,422879e10f46682990de24d770e7f83d,1f50f920176fa81dab994f9023523100,2017-08-10 13:10:18,59.9,17.67
02b8c16664d3c254052472397ae6d244,1,eaa26a34984cbfedc19b1e45f09f3c9a,9646c3513289980f17226a2fc4720dbd,2017-08-25 02:45:23,108.0,13.1
02b939dcd55f2b17680e10690deb08b5,1,aca2eb7d00ea1a7b8ebd4e68314663af,955fee9216a65b617aa5c0531780ce60,2017-08-11 11:30:16,75.0,13.08
02b939dcd55f2b17680e10690deb08b5,2,aca2eb7d00ea1a7b8ebd4e68314663af,955fee9216a65b617aa5c0531780ce60,2017-08-11 11:30:16,75.0,13.08
02c8a77069dc7fd1cf273312c3a6e499,1,17823ffd2de8234f0e885a71109613a4,46dc3b2cc0980fb8ec44634e21d2718e,2017-09-06 00:05:03,279.99,15.55
02ce6664223305cea5b46ef1f2d81461,1,7b52ce3d6635ac7eb9d2bbb3dc931843,582d4f8675b945722eda7c0cb61ba4c7,2017-08-08 21:38:31,42.95,11.85
02e827a9f1e829b50b81eb9e26588ed9,1,009af1277432f1a05742df69cdf72d1e,8f119a0aee85c0c8fc534629734e94fd,2017-08-17 18:50:14,59.9,7.78
02fc46ea58b91abb0507c92e7f6e33ff,1,c4101d1b4e0fabda6c62a8074e92cbbc,9674754b5a0cb32b638cec001178f799,2017-08-21 14:10:18,26.9,7.78
0301ec492e902f2630234df285fa2a1b,1,6cdd53843498f92890544667809f1595,ccc4bbb5f32a6ab2b7066a4130f114e3,2017-09-11 16:15:17,349.9,29.3
030840d9a6c8137615d5a2c916667c2c,1,f497ba62f1d6b4f6a3a3266fa8623ad3,6df688df543f90e9b38f4319e75a9d88,2017-08-07 14:50:23,58.2,15.16
03171e00c28f7c3e5c779c2c1009a458,1,b9b44a9826ac288d8d3caf327f709007,7a241947449cc45dbfda4f9d0798d9d0,2017-08-16 15:10:25,144.0,14.74
032c9c5e050a01a77c20be3989064308,1,88dd63919fc9ab693803578a04a20209,7ddcbb64b5bc1ef36ca8c151f6ec77df,2017-08-21 22:10:22,34.99,15.1
033a7061d514534d3459c3f1f06fe341,1,a2bd7f16312b272bf77b7e1464ef7638,4992e76a42cb3aad7a7047e0d3d7e729,2017-08-31 13:25:18,67.9,11.73
03489476aad23c09fa16e1c46ad38044,1,3b09eb8e2d6bb856f77327ebf539e959,53e4c6e0f4312d4d2107a8c9cddf45cd,2017-08-31 15:04:09,109.0,18.01
0348f1ca72aa738d53f585b01fc676f3,1,7c1bd920dbdf22470b68bde975dd3ccf,cc419e0650a3c5ba77189a1882b7556a,2017-08-24 01:50:46,58.99,11.73
03552fc24c87d99787c9e2e961bddc9b,1,6f33a4a09ae1180a0ee1ff4682b2d21f,725c32fa80c2faacc4fc88450d27314e,2017-08-21 09:03:52,139.99,15.74
0363c3cd0593c841b52d9817c89beaed,1,ddaad3142473118e7c6c4848683026b9,3d621842b2ed28e2b474132480edac3c,2017-08-25 16:05:27,14.99,14.1
036cec7829a9824855ee4c751a430313,1,d95767fa0df02e36e44e71e86a07af1b,76d5af76d0271110f9af36c92573f765,2017-08-10 02:55:22,29.6,7.78
0371bb519b3c4b04bed0460608ce6c59,1,9275e1f75faf1d3d1f54e4cb63d12a36,70a12e78e608ac31179aea7f8422044b,2017-08-14 17:03:02,19.95,11.85
0373763807c25ce94a4b85c7c0f47062,1,a314a62cff3e5725f545fa263aed7a7b,d2374cbcbb3ca4ab1086534108cc3ab7,2017-08-07 20:27:37,22.9,11.85
037853d95871494e2e6147d00e37659a,1,4d38a4daf13a87012b73156f834afec0,41b39e28db005d9731d9d485a83b4c38,2017-08-28 22:11:23,29.9,9.34
03952349aca310eeba691019501388de,1,47fc9ac35ea613a0fc62033750123d2f,7142540dd4c91e2237acb7e911c4eba2,2017-09-18 02:35:53,84.9,17.84
03a10721769c7d8f2fefab105e64fbef,1,601a360bd2a916ecef0e88de72a6531a,7a67c85e85bb2ce8582c35f2203ad736,2017-08-17 14:25:14,118.99,17.08
03a18d20c8d8ed81a44b9dff494ff86c,1,9e2ce829b01f3d1a0a9d5ddf7ee21864,835f0f7810c76831d6c7d24c7a646d4d,2017-08-23 21:05:13,69.9,17.74
03ceacbc3d61dcaeade2b6b1ccc5fcfa,1,7fab1a1472fdd934397068931f63f3ca,3d871de0142ce09b7081e2b9d1733cb1,2017-08-27 21:15:15,69.9,11.99
03eae39a27aeab0f8c9ad5b84555a6d1,1,725cbfcaff95a4d43742fdf13cf43c75,3504c0cb71d7fa48d967e0e4c94d59d9,2017-08-21 10:45:49,48.9,11.73
03ee63602079004d0098fecfc1d4cfe7,1,11875b30b49585209e608f40e8082e65,669ae81880e08f269a64487cfb287169,2017-08-22 18:44:31,65.0,15.2
03ee7babeb6e80cbb48962ce1719fcf7,1,63bd0e7bb0fdb40cbd6777aa5c7d5a56,5160d23075764e18e07c1f4a87fad743,2017-09-06 04:31:48,80.0,27.32
03ee7babeb6e80cbb48962ce1719fcf7,2,a8f944abeac7d4fc5f2663bd8f22f931,0432ead42b6c8a0bdf68154add917fdf,2017-09-06 04:31:48,89.9,1.37
040d7a91a18a8d2262e45df7c8ea8051,1,c7c2108eae6fb6e6822c8128f5a98afd,3dbbce181edfaa4a597ec858c382d2ec,2017-08-16 03:15:49,64.9,13.47
041bceeb0d1b95b5079ffb1ba84a779d,1,f646af315b0f3a597f69213537ca2199,3df020b72d3d44b3af9d110fa3940b65,2017-09-04 13:15:12,49.9,17.92
041bceeb0d1b95b5079ffb1ba84a779d,2,f646af315b0f3a597f69213537ca2199,3df020b72d3d44b3af9d110fa3940b65,2017-09-04 13:15:12,49.9,17.92
04210d64e3bdb5a0cd44eb156294991e,1,09c3a2ea33f044aebffecd6681e00133,1025f0e2d44d7041d6cf58b6550e0bfa,2017-08-11 03:03:14,66.0,21.26
04210d64e3bdb5a0cd44eb156294991e,2,09c3a2ea33f044aebffecd6681e00133,1025f0e2d44d7041d6cf58b6550e0bfa,2017-08-11 03:03:14,66.0,21.26
04210d64e3bdb5a0cd44eb156294991e,3,09c3a2ea33f044aebffecd6681e00133,1025f0e2d44d7041d6cf58b6550e0bfa,2017-08-11 03:03:14,66.0,21.26
0424ec4615df28c58201d0828ac20cdd,1,2a2d22ae30e026f1893083c8405ca522,1a3df491d1c4f1589fc2b934ada68bf2,2017-08-25 15:55:22,134.9,33.39
042d7868efeb34d5748cf9262016f6be,1,78714a5ecea485034c6cde8417c6c1c8,229c3efbfb0ea2058de4ccdfbc3d784a,2017-09-08 02:30:37,97.0,15.43
043c74b543e990bd18b14ef1e4344031,1,5e655ad6a29335c852b7829a5e340c80,530ec6109d11eaaf87999465c6afee01,2017-08-21 09:23:58,129.9,17.35
044406a115a855072a8e79d38f028a80,1,bbaef2eadf31fe3ea6702077398be06c,cc419e0650a3c5ba77189a1882b7556a,2017-08-09 03:04:31,56.99,14.15
046100ad996b1c80d13e7e90fccd0560,1,d39421ec4cc2bf52e35f8bf00f1ec314,cc419e0650a3c5ba77189a1882b7556a,2017-08-16 02:45:12,49.99,11.85
046ce63db7db8b9160b6231429c8ea66,1,5f5ee6e720308ce93007ce17c0835883,3a734b715d333a2588a3d54a0c9b8746,2017-08-29 15:35:29,115.0,34.61
0473cdb86b1d6469287e484366a1a608,1,d7423500e1911ba5972c229b2fb974ca,7299e27ed73d2ad986de7f7c77d919fa,2017-08-29 16:07:33,69.99,15.24
0480beb27028f701542a144a9882a0f4,1,70cbbf603be04fd0947d83608b9a2266,59fb871bf6f4522a87ba567b42dafecf,2017-09-04 12:45:49,169.99,15.94
04911e590c1c5c9b8e750d3ac1344d54,1,ab495f166205a883ffe5ab0b5b55f867,01cf7e3d21494c41fb86034f2e714fa1,2017-08-08 15:15:16,629.9,117.35
0494d7ef89583fcaf33a1cea4bcfeec2,1,f2ee381460f893efb6f459e95cd57695,272f092de69afedd4d2969440b37f18f,2017-08-29 02:47:48,29.9,34.15
04a2349771026865337d7e70a2ae0af4,1,ba230fc7bcaa2f503c46d73098caeb66,13d058e4eeac2ce8217660b2f8a05812,2017-08-22 00:30:35,229.99,60.16
04d943e133b4033bedddc46ee516f5c4,1,7f064525eaaa1ce9d22c085f7ff5413a,6560211a19b47992c3666cc44a7e94c0,2017-08-31 00:55:10,49.0,7.78
04db86e3493b3724ac4bd3c9a397e23c,1,cee96128d25ffe3429e69452233838dd,cfb1a033743668a192316f3c6d1d2671,2017-09-05 02:15:23,28.9,11.85
04db86e3493b3724ac4bd3c9a397e23c,2,cee96128d25ffe3429e69452233838dd,cfb1a033743668a192316f3c6d1d2671,2017-09-05 02:15:23,28.9,11.85
04db86e3493b3724ac4bd3c9a397e23c,3,cee96128d25ffe3429e69452233838dd,cfb1a033743668a192316f3c6d1d2671,2017-09-05 02:15:23,28.9,11.85
04ee5eeac980a849efb5ac99abf87259,1,99a4788cb24856965c36a24e339b6058,4a3ca9315b744ce9f8e9374361493884,2017-08-29 16:10:38,89.9,13.65
04ee5eeac980a849efb5ac99abf87259,2,99a4788cb24856965c36a24e339b6058,4a3ca9315b744ce9f8e9374361493884,2017-08-29 16:10:38,89.9,13.65
04f7b342a4b3d7b33bdf6aade899d685,1,8b8702416a4fecb685fc70b056cac372,8b28d096634035667e8263d57ba3368c,2017-09-04 20:44:19,15.48,15.1
052bc85c00310b85dc5b3cae2d25aebb,1,f3dc2177cd7a26726dd80204c34dbb48,cf2384dd2f1dddea3f838efed0945e65,2017-08-30 12:45:21,125.9,27.2
054c0efb53bb68011a58b28d34cf04a3,1,9a99bb9931fce41bda596488d0653c39,95e03ca3d4146e4011985981aeb959b9,2017-08-22 19:23:33,103.99,21.22
0550cddd79cea841641e17c802d9c403,1,cce3ce6484896041ae3dafdd4308a39c,7ddcbb64b5bc1ef36ca8c151f6ec77df,2017-08-16 06:45:12,1004.99,15.85
055b200c986fe0efa2547b28241c3318,1,443686a203341f24c2cead2297359568,f45122a9ab94eb4f3f8953578bc0c560,2017-09-03 21:44:42,105.99,16.5
05751d04e18329aec0f74b16883db3b2,1,e7dffcd8a3257cf9f6644b7d30eaf727,744dac408745240a2c2528fb1b6028f3,2017-08-24 17:35:22,228.0,17.04
057e837e50171189a915cb17d4621e9f,1,6c3effec7c8ddba466d4f03f982c7aa3,37515688008a7a40ac93e3b2e4ab203f,2017-08-31 03:05:52,19.9,15.1
05a71c571d4602a72418b73366543cd9,1,75d67b030a777f5f1081b8830606abb5,cca3071e3e9bb7d12640c9fbe2301306,2017-08-31 21:55:06,89.9,17.88
05aac5a18dcd77932007f57de8650622,1,8e3eb37785e42b6b3721e459f1bfaaef,e9bc59e7b60fc3063eb2290deda4cced,2017-08-24 13:55:18,155.0,14.11
05ac54e2c004e051fa139f2efc01fadb,1,61937887eb6ee0b405a5759756426486,282c7480173bb9c01dd41cc739fec010,2017-08-14 04:25:18,819.9,12.99
05ad4f359a4235a593f41f0533fe0457,1,f71973c922ccaab05514a36a8bc741b8,5dceca129747e92ff8ef7a997dc4f8ca,2017-08-30 21:05:19,108.9,33.0
05b3514bb9492bc0eb20959fbf445927,1,1dc9d2804c35122e2f168a135f8a56c2,ec21206b7894c503788a684a7bc822a6,2017-08-10 19:15:23,139.9,15.73
05b771d711b0fa6d8ca9f42c3cc29f41,1,c9e370a48c93410b221b46ce7ee41643,08d2d642cf72b622b14dde1d2f5eb2f5,2017-08-16 18:10:17,58.0,12.75
05bc33363c34f9c8172bd111029be2e1,1,c80525a7dab2df6000ca88a2e7197323,2a5b78b41cd05baeac8df54c6606b92c,2017-08-10 18:31:28,157.77,15.85
05c5ce6594030e91bb9de44352d0ff05,1,e0d64dcfaa3b6db5c54ca298ae101d05,4869f7a5dfa277a7dca6462dcf3b52b2,2017-09-06 19:44:56,179.9,16.01
05d61bb749461f4805dbda51f767fa47,1,bc4cd4da98dd128c39bf0b8c2674032f,53243585a1d6dc2643021fd1853d8905,2017-09-04 19:15:17,1200.0,20.0
0607a1c003c16725855f65d6b738028a,1,e0008615ba33119a5e115eb63bd3e29c,e06f09ec0a4aca210779cf1cfc63cf19,2017-08-31 23:24:33,42.9,21.18
060b4964af74f7046c4bfd56ddeeb7e7,1,9d32095f76b97762307e86cfc18dd7a0,391fc6631aebcf3004804e51b40bcf1e,2017-08-24 23:10:21,49.95,18.45
060b4964af74f7046c4bfd56ddeeb7e7,2,9d32095f76b97762307e86cfc18dd7a0,391fc6631aebcf3004804e51b40bcf1e,2017-08-24 23:10:21,49.95,18.45
060b4964af74f7046c4bfd56ddeeb7e7,3,39aa98469aa7460a9764311b3f8efb12,391fc6631aebcf3004804e51b40bcf1e,2017-08-24 23:10:21,45.95,8.39
068027bd6fbd44e949cfb70acad89b55,1,e78506414d2563b6414cfd84b7fa0802,fe2032dab1a61af8794248c8196565c9,2017-08-18 13:50:19,179.0,9.45
068d0d74dbf3b124a2b65bb2aad2387a,1,03c94210a8223f2f0c811f6783fe3d22,3db66a856d18a9cba7c9241fc5221c50,2017-08-17 02:55:52,149.9,21.54
06adc78b559bb5077b7748618fb45c17,1,6f131ac9054143dd944b2d037fd0a36b,ce27a3cc3c8cc1ea79d11e561e9bebb6,2017-09-08 12:05:18,105.99,14.49
06d74ea6a80deeb7e69a3b1d5bfb9585,1,595199b11447ed4b73d031d3edaa6bdd,0c8380b62e38e8a1e6adbeba7eb9688c,2017-09-04 04:35:50,99.9,17.95
06f157e2c7fe91f2e7ae8d344c6fd456,1,06f0e85c7892d5df893f332706340af1,3d871de0142ce09b7081e2b9d1733cb1,2017-08-30 22:35:16,179.0,14.27
06ff6cb289c9f1d1ccacc6764874e3c2,1,b746f0f77468910428130facb2ee2d1f,080102cd0a76b09e0dcf55fcacc60e05,2017-08-22 00:25:31,42.79,15.1
070d6fe21e7d454b11f1cb27ca2c15c0,1,f03230fa1c067f43e1e56560adec9775,44073f8b7e41514de3b7815dd0237f4f,2017-08-10 09:23:12,99.0,19.23
0713f1dd3cdb0f62e71d9a1f01c2bc0b,1,6cdd53843498f92890544667809f1595,ccc4bbb5f32a6ab2b7066a4130f114e3,2017-08-14 16:50:08,349.9,15.47
0718c5bbf159e96715ef033576c56316,1,eefbc932268cd0bdde377b3d8ecdacaa,1336efc61c316ddf92c899eb817f7cae,2017-08-14 04:05:48,93.99,35.18
073c1615e55e3c047b8254b49d3503df,1,189c49b159a847050e52afe5ec8d42c5,fdb9095204a334cd8872252ffec6f2db,2017-08-15 13:24:21,182.0,14.29
073f64b0ac2c4ba51efd4327faca2d39,1,23c6236434e58c6519c19e56c2dade45,a3a38f4affed601eb87a97788c949667,2017-08-10 18:03:29,139.9,16.74
0744ce655e97e70eb03a99cf52385502,1,b9ee7519d0187d2389af62ba6c612963,78c99c6dff4eeae5be99bf635ed21e3f,2017-08-15 02:45:36,69.9,16.25
0745201fea5d6f4aabd42e92a7d3b3b6,1,06f0e85c7892d5df893f332706340af1,3d871de0142ce09b7081e2b9d1733cb1,2017-08-25 11:32:14,179.0,18.5
074fe9591f975471a7aad1d0d6ff6db0,1,e0d64dcfaa3b6db5c54ca298ae101d05,4869f7a5dfa277a7dca6462dcf3b52b2,2017-09-06 01:06:21,179.9,16.01
0753581dc10ba07cdb8302d6c7a40924,1,afeeea6271148ee1bb15173b8187c431,53243585a1d6dc2643021fd1853d8905,2017-09-05 20:55:15,174.0,18.5
0778ca929f32b5357008bd57489a1272,1,4793826002e5bd292a4f0057c11f670b,4c8b8048e33af2bf94f2eb547746a916,2017-08-28 17:06:48,44.1,16.11
078095c153e500cfcdd068f00b8d2e98,1,2b4609f8948be18874494203496bc318,cc419e0650a3c5ba77189a1882b7556a,2017-09-01 11:50:18,89.99,14.38
0786c4c0e6cac26fe4f5c558b232e392,1,5bf57bdef224b9486b45ebba37ec6191,a3e9a2c700480d9bb01fba070ba80a0e,2017-08-23 13:35:18,62.0,16.06
0787c233e9c027ebb134e0339cdc1ef2,1,619d72a5e53d41d7646274a3fa20c2c4,3bb548e3cb7f70f28e3f11ee9dce0e59,2017-08-24 15:45:17,79.9,12.69
07a3ecc544326f0c462c5423eaca1812,1,99e60b5a73c761f67099763a17c13bed,de23c3b98a88888289c6f5cc1209054a,2017-08-14 04:32:26,165.0,18.43
07a97e5f41dfa29925b661eee8e73c26,1,b142d7aed19ed6df9da4eafdc297afde,70a12e78e608ac31179aea7f8422044b,2017-08-23 10:35:21,59.0,25.69
07b76b6fdc57b96ed6406457e05ddecb,1,aca2eb7d00ea1a7b8ebd4e68314663af,955fee9216a65b617aa5c0531780ce60,2017-08-11 07:10:07,75.0,13.08
07b9098123333f897ad332b7c9c3820d,1,6df3e292ba834323d4d8164d4c88e698,7a67c85e85bb2ce8582c35f2203ad736,2017-08-30 19:25:22,9.99,11.73
07ba523a0c48b0ae0920551684e13ab9,1,c73628b1c3144b2e0c9c88072f21a213,3f995f07c49d0d55a99d5c54957f7d81,2017-08-15 20:23:32,109.0,21.16
07bdb6811431a929abbd2ada5c891dc5,1,db123b35396aafabb2d5b476557abed5,4a3ca9315b744ce9f8e9374361493884,2017-08-09 18:23:32,76.9,12.04
07bdb6811431a929abbd2ada5c891dc5,2,7c65bcd66be0ad761948bfeda4e7bd2f,4a3ca9315b744ce9f8e9374361493884,2017-08-09 18:23:32,76.9,12.04
07c066e1f4929584a77a8be911a0997f,1,422879e10f46682990de24d770e7f83d,1f50f920176fa81dab994f9023523100,2017-08-11 12:34:07,59.9,13.44
07c670122da5df034ba8618528ed9bc8,1,e5eadf9be70a4a9fa514019542fc330a,4559697a8f7e637227c2eeaed843baff,2017-08-22 21:04:42,69.9,17.74
07ca60831e2821d9443f1a0dccecf9ca,1,601a360bd2a916ecef0e88de72a6531a,7a67c85e85bb2ce8582c35f2203ad736,2017-08-17 13:11:29,118.99,18.08
07e43f12d5d3bd569e03916b9482a8d5,1,25d6edcd216a9ee579f19f92d694f7d5,b76dba6c951ab00dc4edf0a1aa88037e,2017-08-11 03:05:33,12.97,15.1
07f6b1ad9ba4f7a4d2326adf7b8f517f,1,c9dbe2eec19a8093cb5ac57486531c18,cca3071e3e9bb7d12640c9fbe2301306,2017-08-29 16:30:53,93.24,13.67
07f6d8849f66cadda64c15cea9a6c321,1,4611bb7e0ac415d6ae411925356bc93a,ea8482cd71df3c1969d7b9473ff13abc,2017-09-08 02:50:27,24.99,15.1
0817ec0f9c1ec6a3ae2826349129d4a7,1,99a4788cb24856965c36a24e339b6058,4a3ca9315b744ce9f8e9374361493884,2017-08-31 17:10:15,89.9,17.88
0852d26c3b55f84aca9d256f91a44bea,1,a00a22560435cc439faf6163eabc1ef8,2138ccb85b11a4ec1e37afbd1c8eda1f,2017-08-24 16:10:18,18.99,15.1
08636a3fcd5c2b3e957b9b8c6ac8ecd9,1,35afc973633aaeb6b877ff57b2793310,4a3ca9315b744ce9f8e9374361493884,2017-08-21 03:50:11,89.9,17.88
0874cc8e3901cd3d61e47bd8041c2e8d,1,3b4d34dcf6c8a7fd6733db2a5fadf5e5,6fd52c528dcb38be2eea044946b811f8,2017-09-01 19:10:16,198.89,18.64
0886f12bc4f3770e8660c836cd58abbd,1,5b488b474a4f2519b7826390b1873a58,f8db351d8c4c4c22c6835c19a46f01b0,2017-08-18 14:30:16,209.9,26.31
088f428b537f8a80e52118e3e409ed50,1,11875b30b49585209e608f40e8082e65,669ae81880e08f269a64487cfb287169,2017-09-03 21:10:22,65.0,15.2
088f428b537f8a80e52118e3e409ed50,2,11875b30b49585209e608f40e8082e65,669ae81880e08f269a64487cfb287169,2017-09-03 21:10:22,65.0,15.2
08915f902759876fcac1ccf9bbc966cf,1,2635c3e7db0ac6cb3e733cac61ce0ba5,f8db351d8c4c4c22c6835c19a46f01b0,2017-08-24 12:30:21,26.9,26.89
08935d5052c6414b1960eb67796d01f5,1,86b22a03cb72239dd53996a67df35c63,001cca7ae9ae17fb1caed9dfb1094831,2017-08-31 00:05:55,79.0,38.39
0899b756a6357ed330e0620ad548d70d,1,c201a862c6018d402222594d5229c613,c8b0e2b0a7095e5d8219575d5e7e1181,2017-09-05 02:05:08,117.99,9.64
08ad3a94339e1bddb2167b3c51faa4ac,1,c354569eefd558bf201d0aedf35608ed,822166ed1e47908f7cfb49946d03c726,2017-08-10 09:55:15,49.9,16.11
08ad3a94339e1bddb2167b3c51faa4ac,2,c354569eefd558bf201d0aedf35608ed,822166ed1e47908f7cfb49946d03c726,2017-08-10 09:55:15,49.9,16.11
08bf2c1104a4d1382d651ad4e921b4a6,1,34d6306314a47fe15c1efdbc23302020,229c3efbfb0ea2058de4ccdfbc3d784a,2017-09-05 14:05:22,69.0,15.23
08bf75dcf867b9f13026785053e87052,1,39aa98469aa7460a9764311b3f8efb12,391fc6631aebcf3004804e51b40bcf1e,2017-08-24 08:05:24,45.95,11.85
08cc8c614786867bb0a845cd117d349b,1,d6160fb7873f184099d9bc95e30376af,53243585a1d6dc2643021fd1853d8905,2017-09-08 13:50:15,1300.0,28.59
08cd10d946b1fabbe08d3ec8dcab8777,1,be461173f378f9c404bb6525d089c195,7d76b645482be4a332374e8223836592,2017-08-17 14:04:05,34.9,14.1
08ceaa7aeb0f28f7f44988d179b5452b,1,cedf309ce95b4a69d153dd219dd1cef8,3bdff180c7e1f6551a643b99c265a120,2017-08-22 08:25:15,46.9,11.73
08d9736edf0d305e722fce35c395b8f6,1,af1190b9fff9a3c0ea7bc29ef8dfd8c1,0432ead42b6c8a0bdf68154add917fdf,2017-08-21 12:44:16,89.9,17.91
08e4ccc1239f87c9220cd6a87996d455,1,ac5e164e2eda939ffa46593f90077f9a,827f8f69dfa529c561901c4f2e0f332f,2017-08-25 16:26:18,29.9,22.16
08e4ccc1239f87c9220cd6a87996d455,2,40376ad8bd1bd1066449dbb09440dc43,827f8f69dfa529c561901c4f2e0f332f,2017-08-25 16:26:18,27.9,12.46
08e4ccc1239f87c9220cd6a87996d455,3,834df04774f3aa4b60bfd6f839f448bc,827f8f69dfa529c561901c4f2e0f332f,2017-08-25 16:26:18,27.9,9.69
08e4ccc1239f87c9220cd6a87996d455,4,39a0578866cba21bcead91f5221af2a8,827f8f69dfa529c561901c4f2e0f332f,2017-08-25 16:26:18,27.9,12.47
08e4ccc1239f87c9220cd6a87996d455,5,ac5e164e2eda939ffa46593f90077f9a,827f8f69dfa529c561901c4f2e0f332f,2017-08-25 16:26:18,29.9,22.16
0903e0b7f189735c47cae28e5e5766f5,1,f03859e4cc21018569f5ae7a03897ff4,7299e27ed73d2ad986de7f7c77d919fa,2017-09-03 21:45:37,49.99,12.48
0914478fdcadbaa5c8c8b3442b4f28d2,1,d017a2151d543a9885604dc62a3d9dcc,6560211a19b47992c3666cc44a7e94c0,2017-08-15 21:45:25,49.0,7.78
0928f756f49fcb66326d54f5d1bf7830,1,b1acb7e8152c90c9619897753a75c973,cc419e0650a3c5ba77189a1882b7556a,2017-08-24 07:04:50,34.99,14.1
092fe64219d11b6fdc1bf61521c9685a,1,61d01171a3784bab50137290350e5332,4992e76a42cb3aad7a7047e0d3d7e729,2017-08-21 03:50:26,29.9,9.34
0945dadba69dad599e42c31e78450de4,1,588531f8ec37e7d5ff5b7b22ea0488f8,53243585a1d6dc2643021fd1853d8905,2017-09-06 02:35:33,1200.0,60.76
09622aca695e14a0a89188bb86d66bd8,1,5d978726f875efd5fc81fcd39174d18c,403aa86912527d730337ffcb0fb096ab,2017-08-10 18:43:08,224.99,18.05
096b88181e326e47c571be4560692555,1,93469d43c0b67d96b6b9156ba384f78d,1127b7f2594683f2510f1c2c834a486b,2017-08-25 13:25:16,7.59,7.78
097b96a18f0058373d0f5e3041a27f0a,1,f9a26e326cd01165ff614a519473afbb,4e922959ae960d389249c378d1c939f5,2017-08-29 02:30:16,49.0,25.63
0989631de28d3313632d2c5f34a71f57,1,820e8f306dc9ffcf6d0957516084cca1,f615fe7efbef0f4f08fd3086bc7a3e60,2017-08-07 21:11:21,29.9,9.94
0989631de28d3313632d2c5f34a71f57,2,820e8f306dc9ffcf6d0957516084cca1,f615fe7efbef0f4f08fd3086bc7a3e60,2017-08-07 21:11:21,29.9,9.94
098a17af931400d21917fe24f3346b53,1,e49a57a6afd465b7d3cd109daf09ca98,432c37c9dfba871172ec162e20118b8c,2017-08-23 23:15:14,69.0,15.0
098a17af931400d21917fe24f3346b53,2,e49a57a6afd465b7d3cd109daf09ca98,432c37c9dfba871172ec162e20118b8c,2017-08-23 23:15:14,69.0,15.0
09944d214dbe0d92666178941a674632,1,f1c7f353075ce59d8a6f3cf58f419c9c,37be5a7c751166fbc5f8ccba4119e043,2017-08-28 20:24:28,200.0,26.24
0998d3f4248f4c162beb9c06e2f87480,1,33a8f9ff2a9a41c0c49a24d12e106151,f8db351d8c4c4c22c6835c19a46f01b0,2017-08-17 02:51:03,30.9,9.27
0998d3f4248f4c162beb9c06e2f87480,2,33a8f9ff2a9a41c0c49a24d12e106151,f8db351d8c4c4c22c6835c19a46f01b0,2017-08-17 02:51:03,30.9,9.27
0998d3f4248f4c162beb9c06e2f87480,3,33a8f9ff2a9a41c0c49a24d12e106151,f8db351d8c4c4c22c6835c19a46f01b0,2017-08-17 02:51:03,30.9,9.27
099acf2a98eba9bab889af025be407b7,1,9805b37a2e4983fb5dbb5c8168590c44,dd2bdf855a9172734fbc3744021ae9b9,2017-09-21 03:10:33,89.9,23.5
09af99436ca3dc8d1de0f26ce6857112,1,fb5dcf669bb92534be46c2fef1131651,f27e33c6d29b5138fa9967bcd445b6d5,2017-08-21 03:30:24,99.9,23.02
09af99436ca3dc8d1de0f26ce6857112,2,fb5dcf669bb92534be46c2fef1131651,f27e33c6d29b5138fa9967bcd445b6d5,2017-08-21 03:30:24,99.9,23.02
09b584a0cd8717a01d318729fa61a867,1,b2e7c39bb137bb4b3651862c6b611468,897060da8b9a21f655304d50fd935913,2017-09-04 05:32:05,49.9,19.74
09b584a0cd8717a01d318729fa61a867,2,7bf115809ab249f1bf0fa92d72e0baf8,897060da8b9a21f655304d50fd935913,2017-09-04 05:32:05,40.9,3.95
09b6cccc4166713f232f26db93a5d21e,1,06c6e01186af8b98ee1fc9e01f9471e9,fc906263ca5083d09dce42fe02247800,2017-08-10 12:23:48,39.9,14.1
09d1a6d95af99a860b37ed53fc9a3c2d,1,ac8e7cf3a658f63dc68dd7f3b8b5f97b,218d46b86c1881d022bce9c68a7d4b15,2017-08-29 20:55:20,107.0,21.24
09d3f9f1be63c067456cc619076685a1,1,2d2fbde9939c282238dc0847b04c5018,ce27a3cc3c8cc1ea79d11e561e9bebb6,2017-08-29 16:20:13,52.0,11.86
09d91c794f1841e2af74d07d08518980,1,916bcfd7e756e0b65372da1378d1c125,83e197e95a1bbabc8c75e883ed016c47,2017-08-08 22:45:10,129.9,12.36
09dda1ced4a7c14c742c7f2678c36641,1,1ca737c9f8f06b3672be9f9f3f603d36,e7d5b006eb624f13074497221eb37807,2017-08-17 13:23:20,127.9,17.34
09e0732990558bc7eb24650cd444d8fb,1,9c7c72948a0e56fdaa07985b71dffe18,59b22a78efb79a4797979612b885db36,2017-08-17 04:25:07,26.9,25.63
09f52f8bf94d5676c277ef72ec077c75,1,422879e10f46682990de24d770e7f83d,1f50f920176fa81dab994f9023523100,2017-08-17 04:15:35,59.9,19.66
0a0090ae69392fa38ee742006f8c0a90,1,b17808303e15dd50538c011b44295427,4a3ca9315b744ce9f8e9374361493884,2017-08-16 22:25:10,85.5,9.91
0a0090ae69392fa38ee742006f8c0a90,2,061fa9845070ffff2d23e8e10bdf8edc,d20b021d3efdf267a402c402a48ea64b,2017-08-16 22:25:10,46.99,14.87
0a020ef040e4b3065551bb31e0aca1cd,1,9d6a788ceee3a2c4ef57a459d5a202eb,0b18d63d0cd1d723567903fd34a07df2,2017-09-11 13:30:13,239.9,46.14
0a09de65d90e684e2fbd1c2588733f37,1,776ef0ee36e20757c513e64903f1fa8a,70a12e78e608ac31179aea7f8422044b,2017-08-23 14:55:08,98.0,27.23
0a275b76a325d0ea648f62a087597d85,1,7cbc7b22d10bdd8f5e3d668c3c3ab45f,6a51fc556dab5f766ced6fbc860bc613,2017-08-09 19:15:20,194.9,13.7
0a58de38cd66544f6bbe4f5ab326e5f6,1,75c2fa55827f5f66f9177c38f4c2fa0a,b4a476fbd28de64b1e347abf9089366a,2017-08-13 23:15:12,100.0,23.29
0a5a2c824e893eb66abd0d869f6c45e6,1,eb8c629f70275fd1c4f809116cce1efc,1025f0e2d44d7041d6cf58b6550e0bfa,2017-09-03 22:30:13,38.4,15.1
0a5a2c824e893eb66abd0d869f6c45e6,2,eb8c629f70275fd1c4f809116cce1efc,1025f0e2d44d7041d6cf58b6550e0bfa,2017-09-03 22:30:13,38.4,15.1
0a5a2c824e893eb66abd0d869f6c45e6,3,eb8c629f70275fd1c4f809116cce1efc,1025f0e2d44d7041d6cf58b6550e0bfa,2017-09-03 22:30:13,38.4,15.1
0a70fd0f23f627d0cc1ea16cb4169393,1,6b8cf2f4f294dd4b50037f061f230fba,7178f9f4dd81dcef02f62acdf8151e01,2017-09-05 15:05:38,39.9,16.79
0a7224dae678203f5b1a0715b55ed4d0,1,a3ceb95649a48c0c54ae4bd1dd66d035,6c177e38df6d3f34182b1f1d427231bf,2017-09-01 02:46:42,140.0,26.26
0a76ae785560c5882874b2738c60d958,1,45ee7eeb2da75b49edaa30e7b01e04d2,1caf283236cd69af44cbc09a0a1e7d32,2017-08-10 02:30:49,10.75,15.1
0a791a17784db64bbc47f6b666011d9e,1,2a217b8a9a09c938d8db704d99d7f053,3d871de0142ce09b7081e2b9d1733cb1,2017-08-09 03:10:29,45.0,16.11
0a8fa6b5910d2d1326480e5837f6b51f,1,ba9f160a6ae1c23f25d690fd06fe4fd8,ac3508719a1d8f5b7614b798f70af136,2017-08-29 20:55:21,120.9,18.1
0a9c38d73482b8d81ae7f7ccc5d8796c,1,1491a8ff192d4b5c369b0eaa2fe33ee5,37be5a7c751166fbc5f8ccba4119e043,2017-08-21 06:25:08,205.0,26.27
0a9de604052383d06ffc7a3390c727cc,1,b0961721fd839e9982420e807758a2a6,1f50f920176fa81dab994f9023523100,2017-08-08 23:05:13,59.9,17.67
0ab4790a52443a30df72f298b03077db,1,d696750e550fd0f733979dd7e5dff921,9de4643a8dbde634fe55621059d92273,2017-08-08 07:35:18,167.99,17.76
0ab4790a52443a30df72f298b03077db,2,7a82832901d5f4cd314a4e102c47bd2b,9de4643a8dbde634fe55621059d92273,2017-08-08 07:35:18,37.99,1.09
0ac4a31679b7cc92b7f6cb3684f55e2c,1,c857b96593773e940454e76efa8eabb3,cca3071e3e9bb7d12640c9fbe2301306,2017-08-24 15:45:10,51.92,16.12
0ad3fdda3076a1be91b13c89f2049266,1,d950ce1f38b6772552be4523baf94c7a,ebd2d60905fb58271facef5596b620d3,2017-08-10 13:45:16,74.9,28.91
0ad3fdda3076a1be91b13c89f2049266,2,d950ce1f38b6772552be4523baf94c7a,ebd2d60905fb58271facef5596b620d3,2017-08-10 13:45:16,74.9,28.91
0ae08ad3fa90d3854fb8e22472d9b1a0,1,45e9db074ca64dc81ee6f06185544d6e,431af27f296bc6519d890aa5a05fdb11,2017-08-11 20:45:19,62.9,13.46
0ae3b855f8b744f0999f8dd01e3598f0,1,28c4296ec4b55832ec863a3282708d5c,05a940b4ecae36cadfd8e93bd9c43257,2017-08-09 15:35:26,119.9,21.64
0af403b34dc11cd542ac6d94ad39aede,1,f1c7f353075ce59d8a6f3cf58f419c9c,37be5a7c751166fbc5f8ccba4119e043,2017-08-24 09:15:09,200.0,18.11
0af4a846cbf75b456c934b786d683618,1,588531f8ec37e7d5ff5b7b22ea0488f8,53243585a1d6dc2643021fd1853d8905,2017-09-06 02:44:40,1200.0,40.85
0af82e15ff98cb5fd79d28b3c4a70a4b,1,e0f33a3329af6716a0bb47fd7a664439,7e26c750b4cb9f6766f58265ff9ebe95,2017-09-04 22:06:28,49.8,14.1
0b0b271dbd163df371ef9fa4ff573490,1,6d43aa08ee344527fc3e86b90cfd2379,3d871de0142ce09b7081e2b9d1733cb1,2017-08-08 07:43:13,89.0,19.86
0b127810f86631fa896fd74a421045f8,1,368c6c730842d78016ad823897a372db,1f50f920176fa81dab994f9023523100,2017-09-01 17:25:02,59.9,17.67
0b127810f86631fa896fd74a421045f8,2,368c6c730842d78016ad823897a372db,1f50f920176fa81dab994f9023523100,2017-09-01 17:25:02,59.9,17.67
0b1290e557f053467333ff365790c5a4,1,e015a943a2281ba26f48e93527fc5af1,f63d8f293af3a6454377546bd9dd19ff,2017-08-16 21:05:14,45.99,13.37
0b1bd7cdeb2d703ebe602a2989a86f9a,1,59fe488ea6ac9439bc86663f4a564c23,ea8482cd71df3c1969d7b9473ff13abc,2017-08-29 07:25:47,16.99,34.15
0b29af0ace8656af84d2a20b635e697b,1,bbdb487c5f9a780a6a574fe48ed37796,aaed1309374718fdd995ee4c58c9dfcd,2017-08-09 21:23:31,99.9,36.02
0b40648d6c533ac73822cb32caf5cfa3,1,0a17941f41b99d2f070fab54b458a4a4,9d5a9018aee56acb367ba9c3f05d1d6a,2017-08-21 11:34:15,114.9,21.6
0b691ae66d643c4c266fd72bd6ce77ce,1,3a2df6d2493defbb3b0f25c4f359423f,1900267e848ceeba8fa32d80c1a5f5a8,2017-08-16 23:30:17,71.99,15.25
0b843f953899d9a1d084c1f5163027c0,1,f353779abb6114db5f8f79fbad12e375,d379f449f2a3b271bc01c0782020f705,2017-08-27 23:55:08,82.5,39.57
0b8ecdf43368739829456740ed76b909,1,c2f370a2ed4594086e73404c0fb63db9,1ce3ae5a399804d1a87e706f8a813c3e,2017-08-31 15:04:57,59.9,16.86
0ba2b0331265d38d1c6670ed6c749732,1,f1c7f353075ce59d8a6f3cf58f419c9c,37be5a7c751166fbc5f8ccba4119e043,2017-08-27 22:45:18,200.0,18.11
0ba375898f7c9b49e9d12cdd4f4467e8,1,6cdd53843498f92890544667809f1595,ccc4bbb5f32a6ab2b7066a4130f114e3,2017-09-05 14:45:51,349.9,15.47
0bb5b2fd739934d00d6c8ad3a4e0f5a4,1,907c84d5b8961d53ba1b803638fffcad,e24fc9fcd865784fb25705606fe3dfe7,2017-08-13 23:05:21,177.0,10.65
0bd5590ed46f78fceed5ab73b86b8dd4,1,f66b9de04ca29b4039377a323e949dc0,119d1aef1b4144adba89163f6cd9f5d4,2017-08-14 12:05:28,199.0,35.56
0bd6ba2a0ad5458f31a20239363b2e00,1,99a4788cb24856965c36a24e339b6058,4a3ca9315b744ce9f8e9374361493884,2017-08-17 11:44:17,89.9,13.65
0bd6f6cbd1aa613a762bcc714ffcadd5,1,82b73150f90f4fef92913e35b9984bb7,91f848e9f4be368f4318775aac733370,2017-08-07 22:45:06,109.99,21.18
0be5e6659fb39043971e20321fd45edb,1,2136c70bbe723d338fab53da3c03e6dc,6560211a19b47992c3666cc44a7e94c0,2017-08-10 11:03:15,29.0,7.78
0bfda4d08d29cbf3e31f33c5e213dc77,1,9ddc4249779322828f89d2a9c04f7ee1,9d5a9018aee56acb367ba9c3f05d1d6a,2017-08-21 11:43:56,108.33,14.63
0c2cc9644e4c9bb77092c7971cc436bc,1,bd2208216bc0c202640ae18c57e0f483,68f86ba270525243e68ae74044f992b9,2017-08-25 17:06:03,69.0,15.24
0c2cc9644e4c9bb77092c7971cc436bc,2,bd2208216bc0c202640ae18c57e0f483,68f86ba270525243e68ae74044f992b9,2017-08-25 17:06:03,69.0,15.24
0c311ce5790eb3a82cfaf0ab40840730,1,f422d0d9f8b5f7c27289382b14b61248,1554a68530182680ad5c8b042c3ab563,2017-08-28 09:25:09,66.99,12.48
0c469ff5fde3323c2a8b99387f46bb19,1,99a4788cb24856965c36a24e339b6058,4a3ca9315b744ce9f8e9374361493884,2017-08-15 19:24:31,89.9,15.38
0c4a23679a622eb0793aaabdc6ce5750,1,17c4bd4269902c84acc14c497f282ddb,75d34ebb1bd0bd7dde40dd507b8169c3,2017-08-31 19:06:00,309.99,27.45
0c5229491f40a024f07dacd49b445b64,1,99d44aea5e49748da9f941f1f35d1cf4,d91fb3b7d041e83b64a00a3edfb37e4f,2017-08-17 22:50:16,184.8,16.04
0c53c83ddb6fc0f6d915cda471c0aee5,1,aba0932cedf32b2a7b6b832f11769613,a416b6a846a11724393025641d4edd5e,2017-09-05 20:10:14,315.0,19.46
0c56c2d802da452669d191dfd438ac4c,1,9b8bc17a236d09185c2101d0a02f8487,96804ea39d96eb908e7c3afdb671bb9e,2017-08-22 20:15:15,79.95,17.81
0c5f595f24dcb36af04ddd9c0655d4ab,1,235458528f907463ec55ebb1e16b69f0,dbc22125167c298ef99da25668e1011f,2017-09-06 08:10:09,45.9,16.11
0c65eb5a1415db7a20dfc869c9277e7a,1,9388e84da6051e85eb86fc653c3aa64f,cce6ab8d1682639fe45ab70234f1665f,2017-09-04 12:06:16,40.0,17.6
0c71a69769943ff74326682f85d34be9,1,363218ba55c610b750224f90bdd34be1,fdb9095204a334cd8872252ffec6f2db,2017-08-14 09:03:18,87.0,15.37
0c9f4cd9a2f5e3783d9ec0f4daa33741,1,06a47d0ecd4561565deab3dfd7d3c0ff,80e6699fe29150b372a0c8a1ebf7dcc8,2017-09-05 13:45:18,58.9,25.44
0ca4f0c14bd70b836b3f05d6e115860d,1,d3c044bd42d84a79e3b0c42662806a48,4c2b230173bb36f9b240f2b8ac11786e,2017-08-17 02:51:12,25.9,15.1
0ca4f0c14bd70b836b3f05d6e115860d,2,d3c044bd42d84a79e3b0c42662806a48,4c2b230173bb36f9b240f2b8ac11786e,2017-08-17 02:51:12,25.9,15.1
0ca4f0c14bd70b836b3f05d6e115860d,3,d3c044bd42d84a79e3b0c42662806a48,4c2b230173bb36f9b240f2b8ac11786e,2017-08-17 02:51:12,25.9,15.1
0cbc979bd11d1ef1cc7c050a0442c715,1,fa23bf270fb9880690b07d09b9f9ff20,1b8356dabde1d35e17cef975c3f82730,2017-08-10 22:31:59,59.99,15.18
0cd059c0a0fa574521d20387f7156ed3,1,7c1bd920dbdf22470b68bde975dd3ccf,cc419e0650a3c5ba77189a1882b7556a,2017-08-21 09:25:11,58.99,16.66
0cd0bff6841594d9006994fcfbf3e44b,1,df969ce58d2f301f941a09bc75558cd4,7a67c85e85bb2ce8582c35f2203ad736,2017-08-10 02:33:05,15.99,16.11
0cda3f4a118f3654ee4e487e867fa036,1,3c6be4372f013b15ef6c2d0f89452998,3d871de0142ce09b7081e2b9d1733cb1,2017-08-17 04:15:34,89.0,17.87
0cf51cb385fece307e53a5c7ec808896,1,7b951373f6045db69ff7a2e4d8c40071,7e93a43ef30c4f03f38b393420bc753a,2017-08-17 04:24:32,239.99,15.43
0cf9e3fb10440c4f24991613c58587ca,1,47ed478ee7b2696c2c49229fcad56e98,afe0067131b73e40875c9b6c10bd2e21,2017-08-20 23:55:25,129.9,17.39
0d10abc3bc3707c914cf5197ed2eb31e,1,033fe931444d66d788d53aca5b7b22d5,028872bfa080090a9d0abd4f1af168f8,2017-08-24 09:25:11,23.5,15.79
0d10abc3bc3707c914cf5197ed2eb31e,2,033fe931444d66d788d53aca5b7b22d5,028872bfa080090a9d0abd4f1af168f8,2017-08-24 09:25:11,23.5,15.79
0d10abc3bc3707c914cf5197ed2eb31e,3,033fe931444d66d788d53aca5b7b22d5,028872bfa080090a9d0abd4f1af168f8,2017-08-24 09:25:11,23.5,15.79
0d25f1b15acb59ceff22667265743132,1,1b3c5b1455f3e42d831fb778055c9e45,17e34d8224d27a541263c4c64b11a56b,2017-08-09 22:04:53,355.9,18.25
0d439757ecfbf3291e45eeed58215fe8,1,d1200350f8bc6cb9912779929193c5a0,855668e0971d4dfd7bef1b6a4133b41b,2017-09-05 17:34:10,270.0,93.14
0d4705a6e6fc84a31808604039a41807,1,c6ea63369936552872ae890c82175b4b,37be5a7c751166fbc5f8ccba4119e043,2017-08-09 18:45:19,205.0,26.27
0d5a43468a7d06bbb3f055417223c8e3,1,d0efdc4a1cc12f88f6a290fda8861fa7,a3e9a2c700480d9bb01fba070ba80a0e,2017-08-28 18:15:18,40.0,13.37
0d5f49b8f9f7176361444dcc91621776,1,8a8f06e954adeacfeb28b9af2efdc354,46dc3b2cc0980fb8ec44634e21d2718e,2017-08-17 12:10:21,639.99,79.38
0d6b94a6fbdff968503c0aa3e7bffdbf,1,6490b9f63b0b595e1c1402b46b0f50ad,99eaacc9e6046db1c82b163c5f84869f,2017-08-11 20:03:15,280.0,16.71
0d72ea72bb291e23fc4da4324144fe24,1,b11cfc408f43a71b16c2288e79172244,432c37c9dfba871172ec162e20118b8c,2017-08-17 02:50:23,49.0,15.1
0d7409418627f0c642e73823145c505b,1,985c412b0ac92ed9d8a76bbeab6d44eb,1554a68530182680ad5c8b042c3ab563,2017-09-01 15:25:31,68.9,19.72
0d8a7787ec26d5fb6e97f946e95e2c89,1,d39421ec4cc2bf52e35f8bf00f1ec314,cc419e0650a3c5ba77189a1882b7556a,2017-08-08 18:05:11,49.99,8.72
0da26371f58ab8e89157a901ef0cf390,1,3458b4c1fcbe46e2eedb48e00960a60e,cfb1a033743668a192316f3c6d1d2671,2017-08-25 19:15:12,157.0,14.49
0dad7d1ff2920dfb357bfda892dca601,1,805967bd91579942b3caac4ebcc39a54,391fc6631aebcf3004804e51b40bcf1e,2017-08-30 01:10:16,49.95,11.85
0dadc99af57f4654592d80bd83ee5a9b,1,5496efb86aea6e3862b6cb394dc020f8,9c0e69c7bf2619675bbadf47b43f655a,2017-08-14 03:55:20,238.81,19.24
0de1fcbcf77497b2d0223441f6f59e20,1,65869c674f968fabec92e25a2b43d6ff,a3a38f4affed601eb87a97788c949667,2017-08-14 03:55:30,119.9,17.28
0de53a4efa2bd4fabcf88a53d812bfd6,1,f744418ea0467967ce11d829d1f9419a,4a3ca9315b744ce9f8e9374361493884,2017-08-15 02:56:00,71.4,12.0
0de5dbc9f3226761687d84b54057efba,1,d2f2c2b94c6ac44ece0bd0dd202c7939,710e3548e02bc1d2831dfc4f1b5b14d4,2017-08-15 21:25:14,35.99,37.9
0de9e77cb8416394c1d74300fd08213f,1,076e36bd0e2aebb35184d08c8e0f032b,e333046ce6517bd8bb510291d44f0130,2017-08-17 13:43:43,33.0,17.6
0e082c9595209f2c00439a05c63561fb,1,c26592bb29cba57872a926be4835a246,0ebd97a106433a45a4aebe57c1799778,2017-08-25 02:30:10,149.9,8.63
0e0cb073422fcdc0645935e23d672736,1,fa4e8255202fd921350a6fc716710dae,2b3e4a2a3ea8e01938cabda2a3e5cc79,2017-08-16 00:03:10,263.99,15.6
0e135d08663e167e3c28ef4b5c61424c,1,69b7c4bad8ca0c2cddad020c139f7e95,11305281b50fff20ae8bb473f8e11876,2017-08-07 12:15:16,79.9,17.81
0e137ff5dbbd948fb108877492be365c,1,b92a7304ebad1ca5b393b53b2de5c70a,7c67e1448b00f6e969d365cea6b010ab,2017-08-17 17:23:07,144.99,30.85
0e2b7e9ea88624cc24fe978983190dea,1,8aa6223e400af9c97b07c75993142721,1f9ab4708f3056ede07124aad39a2554,2017-08-24 17:50:17,174.9,31.97
0e3e9e19e36c877fbd3decb94152e837,1,d4b5a373a1760ab3e5b3abfbf78d654c,70a12e78e608ac31179aea7f8422044b,2017-08-23 03:06:04,199.0,18.64
0e3e9e19e36c877fbd3decb94152e837,2,d4b5a373a1760ab3e5b3abfbf78d654c,70a12e78e608ac31179aea7f8422044b,2017-08-23 03:06:04,199.0,18.64
0e3e9e19e36c877fbd3decb94152e837,3,d4b5a373a1760ab3e5b3abfbf78d654c,70a12e78e608ac31179aea7f8422044b,2017-08-23 03:06:04,199.0,18.64
0e44c0c94c728c1ff7a501f705dd0e24,1,af14fe70f0c9ddfe9914b0ced0998d40,004c9cd9d87a3c30c522c48c4fc07416,2017-08-09 09:50:10,105.0,17.98
0e4947dbfc032a9054b0526c61d37d1f,1,3cebb9158a3aa0b3f78ee0f934c9f032,7008613ea464bad5cb9b83456e1e6a8f,2017-08-10 02:23:56,59.9,17.67
0e4e2b4f0485ebee2020fa22ebe41766,1,0aabfb375647d9738ad0f7b4ea3653b1,37515688008a7a40ac93e3b2e4ab203f,2017-08-22 09:25:21,19.9,15.1
0e631eca89e976f885d1ef7f7a4a4698,1,b22a81bf3aad8a40e439f0f55dcbdce0,cb9fb4ca75d7ba8437480e8dde64fe98,2017-08-10 21:50:16,93.49,15.4
0e685171210978ef27d06f208612c8be,1,b2b938c46aafdbf702d73e7edb9cb263,f8db351d8c4c4c22c6835c19a46f01b0,2017-08-31 02:05:57,22.9,15.1
0e6cf8f20e333a20382f95ad56c9c676,1,544ffb995c65fbbe68f36f36e388dede,229c3efbfb0ea2058de4ccdfbc3d784a,2017-08-25 02:45:40,167.0,16.93
0e6f7fb47bffbb13f0c144a12443e5a7,1,fb64cad4aa627ef255b3461e5428c2a6,8d46553a36e68f95350a200c12f8f2e2,2017-09-13 18:26:14,13.9,14.1
0e7a95096a126bd49633059c546f38c6,1,6109d0cae3bcb57d579bc0fab6e61814,dbc22125167c298ef99da25668e1011f,2017-09-08 15:15:19,85.9,19.84
0e7e841ddf8f8f2de2bad69267ecfbcf,1,87285b34884572647811a353c7ac498a,3504c0cb71d7fa48d967e0e4c94d59d9,2017-08-08 18:37:31,29.99,7.78
0e8644614e6e4e3a5a0eced489c045be,1,3db75f31b76375c502f64d550dcd1166,85d9eb9ddc5d00ca9336a2219c97bb13,2017-09-18 02:15:55,31.9,21.15
0e95a07f6a6a936f84a55c8ff5449185,1,0eb4fddd203cfbfae403820aca2656e3,dbc22125167c298ef99da25668e1011f,2017-08-28 20:06:25,50.9,16.12
0e9615b2e47df6cf349b4e458b056289,1,389d119b48cf3043d311335e499d9c6b,1f50f920176fa81dab994f9023523100,2017-09-04 04:30:22,59.9,17.67
0e98b09e43ae533343cdcb8b766dc4f1,1,e9b3c6df62081d3ccad97e6ea5651667,6bb0724edf0b62fb91ac404873a97241,2017-08-15 03:04:11,249.0,54.34
0ebfe9a26193534976676159811310dd,1,4daad1d90efd466b4c3889b4421f5610,3be634553519fb6536a03e1358e9fdc7,2017-08-17 17:45:10,59.9,16.67
0ebfe9a26193534976676159811310dd,2,4daad1d90efd466b4c3889b4421f5610,3be634553519fb6536a03e1358e9fdc7,2017-08-17 17:45:10,59.9,16.67
0ece9be8cfc0d7014370475626b74cf7,1,ac8cd7b94039a681dafe6f7d664864e7,41b39e28db005d9731d9d485a83b4c38,2017-08-25 00:50:20,13.9,7.78
0ece9be8cfc0d7014370475626b74cf7,2,ac8cd7b94039a681dafe6f7d664864e7,41b39e28db005d9731d9d485a83b4c38,2017-08-25 00:50:20,13.9,7.78
0ecf0978216edaeca677433db9480a7c,1,b834ec50d00416ab0968b61763ae7700,cee48807215b30a12ca2ca10ffb5f250,2017-08-21 15:50:13,199.9,21.89
0ed6abcc6109716be10ab6409f1ac2ad,1,7fa9cd17cea7ecbac9778cc86b7f9033,520b493b57809f446cb0a233bb3e25c7,2017-08-14 17:24:23,26.0,8.27
0ee24d5ae95ccf0552a2ef03dfadb924,1,1d3ecbda18167c766a3381fd16108e4a,dbc22125167c298ef99da25668e1011f,2017-08-30 02:24:38,108.9,20.0
0ee38d8cb24b76282ac30b971bc020ba,1,0e089f539eaa543b2d6e4b4b4e128a3b,bd23da7354813347129d751591d1a6e2,2017-08-10 16:15:19,149.9,17.3
0ef7521d9d7e51a822826d40be82fe1d,1,b7c472e4bf39b63628ecedc8c9af805d,eeb6de78f79159600292e314a77cbd18,2017-08-29 16:35:33,389.0,19.37
0f2d5ecfa7bf7c7319f63e1ac4267b1a,1,189c49b159a847050e52afe5ec8d42c5,fdb9095204a334cd8872252ffec6f2db,2017-08-10 02:23:39,182.0,17.52
0f33fb71f898568a0193fcbc892cf511,1,fb7a100ec8c7b34f60cec22b1a9a10e0,d98eec89afa3380e14463da2aabaea72,2017-09-07 21:55:18,49.99,14.1
0f344e8ea4fe9078a8183936e5407113,1,aeeb6146e21d11416d01b0e03c2de06e,6edacfd9f9074789dad6d62ba7950b9c,2017-08-09 22:35:22,60.9,17.71
0f344e8ea4fe9078a8183936e5407113,2,aeeb6146e21d11416d01b0e03c2de06e,6edacfd9f9074789dad6d62ba7950b9c,2017-08-09 22:35:22,60.9,17.71
0f57f8c8546ce0d3837910801250d944,1,9b9d1c4bd979b93c138044e032f99780,7a67c85e85bb2ce8582c35f2203ad736,2017-08-23 21:10:18,99.99,11.9
0f6a5e91a0432f84b83844d7b001d765,1,c6dd917a0be2a704582055949915ab32,7a67c85e85bb2ce8582c35f2203ad736,2017-08-07 00:45:18,99.99,17.95
0f6b653ecd118489b9010c30444efe8b,1,5a4c377d6a26070bde893505958a54d8,bd0389da23d89b726abf911cccc54596,2017-08-24 08:10:14,49.9,21.15
0f70e4c5d553dddd723cb3ebe01cf6be,1,2e4bf3f09064f2b5f34d12924fc634b3,3b15288545f8928d3e65a8f949a28291,2017-09-08 02:11:22,119.99,16.47
0f7aa32fdabc5a9e10d0e9da37110525,1,f1c7f353075ce59d8a6f3cf58f419c9c,37be5a7c751166fbc5f8ccba4119e043,2017-08-18 03:16:08,200.0,32.84
0f7dc069548c19f11ff030e2433b8c08,1,ba3a1e2c6cc1fb7a27dd74916212e6fb,827f8f69dfa529c561901c4f2e0f332f,2017-09-04 04:44:55,29.9,15.1
0f7f49cb7403190016ad3ddf2f4adfce,1,134957eeec87be2414ac629ee0b947a4,87142160b41353c4e5fca2360caf6f92,2017-09-08 02:15:27,19.9,17.63
0f7f49cb7403190016ad3ddf2f4adfce,2,134957eeec87be2414ac629ee0b947a4,87142160b41353c4e5fca2360caf6f92,2017-09-08 02:15:27,19.9,17.63
0f803d75772c7ca391ad07aafd23941c,1,6c3effec7c8ddba466d4f03f982c7aa3,37515688008a7a40ac93e3b2e4ab203f,2017-08-31 03:05:11,19.9,25.63
0f884853f408247bc673050f33f2c5e5,1,cfe9e8e1f0400c8cc665d41722f34086,1025f0e2d44d7041d6cf58b6550e0bfa,2017-08-17 14:55:14,504.0,18.28
0f8c8ddea2408a5ea9637d98f1c4377d,1,99aa268744e2967e0ed6d3b22a38eff2,52562a9f449c3dc3d53f5f5b9ed74903,2017-08-21 09:03:50,84.9,10.01
0f8e3095c3090d9cad1011fb6368b7e3,1,951098957e7871bfeab769de5e3871a8,710e3548e02bc1d2831dfc4f1b5b14d4,2017-08-10 11:55:16,149.99,14.07
0f9458a3e4a303f60f99659d29645ee5,1,a19b6951c75da43aad691622dd2f6abe,1025f0e2d44d7041d6cf58b6550e0bfa,2017-08-25 20:30:13,38.4,7.78
0f9458a3e4a303f60f99659d29645ee5,2,a19b6951c75da43aad691622dd2f6abe,1025f0e2d44d7041d6cf58b6550e0bfa,2017-08-25 20:30:13,38.4,7.78
0f9458a3e4a303f60f99659d29645ee5,3,a19b6951c75da43aad691622dd2f6abe,1025f0e2d44d7041d6cf58b6550e0bfa,2017-08-25 20:30:13,38.4,7.78
0fad42f3bb740701e7c913dcdcffe42c,1,7d50930301709838d8e90dcac5cfaa84,9616352088dcf83a7c06637f4ebf1c80,2017-08-24 22:25:14,59.9,13.44
0fb5f1722ce814b29e3fb1a5286a7684,1,d00f6c52d2730de05fb409f09ab6e732,d9442042130b7fe579d1295f9f4a248f,2017-08-14 04:32:48,46.9,13.08
0fb6f52cf122d35f2e5d0eed6c8d4ee1,1,bb225b185b631d856dc1580ca5c3708e,01fdefa7697d26ad920e9e0346d4bd1b,2017-08-31 15:30:08,118.9,18.08
0fbfebae9c3d582b0057288e551a8c0e,1,fabfaca40872eacb2fdd24bc37a01232,855668e0971d4dfd7bef1b6a4133b41b,2017-08-28 22:10:34,40.0,38.1
0fcb1e2570afc2d20d3e369a90a39f94,1,c0400a62c5019cdc69bfc76d39b1cfb4,cfb1a033743668a192316f3c6d1d2671,2017-09-06 02:35:12,28.9,15.1
100a49c427277ff7294eee9c133f718d,1,635b0964f7d41f9ce3275551c36a44d8,dbc22125167c298ef99da25668e1011f,2017-08-10 13:05:17,48.9,13.37
102253fe87d606ab9c413be7b9caba5f,1,642369377615febc7fa89e4c8df5110e,4371b634e0efc0e22b09b52907d9d469,2017-09-08 02:55:18,42.0,15.1
10266b83757aba75b5fb490bfc84fd64,1,601a360bd2a916ecef0e88de72a6531a,7a67c85e85bb2ce8582c35f2203ad736,2017-08-24 11:05:03,118.99,12.04
1042722433e7633a6a857a82dcb8d881,1,d94b74483f40a15c2f4678a59c429408,87142160b41353c4e5fca2360caf6f92,2017-08-15 16:30:14,10.0,15.1
10467788e05701fc7e9293f6cbed5c11,1,ce7e83b77ac0130534e014f2b334574f,855668e0971d4dfd7bef1b6a4133b41b,2017-08-25 09:35:28,25.0,52.95
10605be2fc9784c0fd19b78f8b1924c0,1,cd82271424be9568801391194697361c,062ce95fa2ad4dfaedfc79260130565f,2017-08-31 10:24:34,41.9,16.11
10afda4156379d4b3279e15b160a7992,1,776ef0ee36e20757c513e64903f1fa8a,70a12e78e608ac31179aea7f8422044b,2017-08-31 09:50:33,150.0,27.59
10baace34a8f00b9b8a872d49d897fc9,1,431dc11c26a67c6a49e81cee84f35b28,66e0557ecc2b4dbea057e93f215f68d8,2017-08-25 11:35:13,454.0,25.5
10f25cfbf408acbf806f6d86537b0bbb,1,02ce467092b184e71d3967d29110adc1,7c67e1448b00f6e969d365cea6b010ab,2017-09-12 00:04:21,169.99,53.79
10f5c2d2d4bfa731b1ea9cdcb6175099,1,78f406813b3b37ed963ec0f2aff0a585,75d34ebb1bd0bd7dde40dd507b8169c3,2017-09-08 04:33:55,79.99,17.84
110808d8c648f8737e1ba2fbdd5821c6,1,adb1f1939b613f3078806b6afcca0e51,4d6d651bd7684af3fffabd5f08d12e5a,2017-08-22 15:35:22,119.8,15.59
110808d8c648f8737e1ba2fbdd5821c6,2,cdc9d87e17ccf98f35634e6c3b77073e,4d6d651bd7684af3fffabd5f08d12e5a,2017-08-22 15:35:22,119.8,15.59
110db9a85229d82cf8223a0315afaf8f,1,aca2eb7d00ea1a7b8ebd4e68314663af,955fee9216a65b617aa5c0531780ce60,2017-08-11 06:45:21,75.0,13.08
11213bccfe63e0bbbd624aaed30f199d,1,57e089e3103f5cda6a4ce23b77399bdb,aafe36600ce604f205b86b5084d3d767,2017-08-14 04:15:38,59.9,16.18
112490cce29341aee638288316388fe4,1,7d4e368d9174a4f30f3b8aa533c6a44c,0ea22c1cfbdc755f86b9b54b39c16043,2017-08-23 22:50:16,34.9,14.1
113e41a438f06ffae6d1857e01d60c45,1,59c6d60f81179f563785a48de25532b9,bcf5566870987da7bc811fbc8c5b9fd9,2017-08-18 04:25:38,24.0,7.78
113e41a438f06ffae6d1857e01d60c45,2,59c6d60f81179f563785a48de25532b9,bcf5566870987da7bc811fbc8c5b9fd9,2017-08-18 04:25:38,24.0,7.78
113e41a438f06ffae6d1857e01d60c45,3,59c6d60f81179f563785a48de25532b9,bcf5566870987da7bc811fbc8c5b9fd9,2017-08-18 04:25:38,24.0,7.78
113e41a438f06ffae6d1857e01d60c45,4,59c6d60f81179f563785a48de25532b9,bcf5566870987da7bc811fbc8c5b9fd9,2017-08-18 04:25:38,24.0,7.78
114e0ad5d9cd8931d7541e1331bdb503,1,5b59b0c94f8e31d14fe89dbbfda3df6c,dd2bdf855a9172734fbc3744021ae9b9,2017-08-25 10:55:16,69.9,14.22
114e12eca60507f3e3153182f258684d,1,e27c4dd075a521097a085bced0631ce7,701938c450705b8ae65fc923b70f35c7,2017-08-22 03:26:11,115.97,45.27
11527b2b9050d7d593db2acc395b9e24,1,e6609e94d7b022fd6abf6142401618f9,e5a3438891c0bfdb9394643f95273d8e,2017-09-04 04:50:35,48.9,15.1
1155f1a9dc077b5131ec32d2c78e4de7,1,68a00c2c89cc59b345242ac379ee4b26,c3867b4666c7d76867627c2f7fb22e21,2017-09-07 22:05:42,125.0,18.12
115b0af09e238258e470c0ca6350fb3b,1,23bcd6822a33df5534f9b290216eec1f,ac3508719a1d8f5b7614b798f70af136,2017-08-10 21:55:23,129.9,37.08
116916cf522fb4386293fb7cfa886e7e,1,ebc714d9f070a89f4d411982ea9670fb,46dc3b2cc0980fb8ec44634e21d2718e,2017-08-31 00:05:54,449.99,35.6
116debdd5705aaa51630c3e292565d06,1,b8762d562d810c2f8d7ad7e9c12957be,dbb9b48c841a0e39e21f98e1a6b2ec3e,2017-08-10 16:10:21,24.99,18.89
116debdd5705aaa51630c3e292565d06,2,b8762d562d810c2f8d7ad7e9c12957be,dbb9b48c841a0e39e21f98e1a6b2ec3e,2017-08-10 16:10:21,24.99,18.89
11747955e7a8b046f04598f2ad8e337c,1,acfc0fd945c522a0d2266d45bcdd91c6,5cf13accae3222c70a9cac40818ae839,2017-09-05 00:31:51,94.9,18.23
1194026a5099a99736bc99ca91903fb4,1,22633013199a5fbb2c0094a6e2802386,3d871de0142ce09b7081e2b9d1733cb1,2017-08-17 19:35:10,19.9,11.85
11978d520d85578c9f024b99ac1a87ef,1,88dd63919fc9ab693803578a04a20209,7ddcbb64b5bc1ef36ca8c151f6ec77df,2017-08-11 20:25:19,34.99,15.1
11ac39053e8c6e289d39a845c1a9c3b0,1,51d646c5c93e0f1de543528d0e24eadc,c35672b10ad50968f567ea3f4b91e877,2017-08-25 20:55:22,55.5,24.94
11b4e9ae5ca811613824353594fa6044,1,c07d367dd7b78b0558e7a3e1e1a975c8,4a3ca9315b744ce9f8e9374361493884,2017-09-05 22:04:40,422.0,18.71
11b60b3ca3c2cc7ad8e5e6d609ab41e0,1,caf540627b7914ab734c86495fdc95ee,1025f0e2d44d7041d6cf58b6550e0bfa,2017-09-04 17:55:19,229.0,24.19
11f81f5b3445ad54e4c793afe6337986,1,13f1ff85fb63cd1bcbf6ef78959328e9,718539d38d07dd351c76db862760e2e2,2017-08-29 11:04:39,36.8,7.78
11f81f5b3445ad54e4c793afe6337986,2,6733b00d25e0fc17a8e8d97ce792c078,718539d38d07dd351c76db862760e2e2,2017-08-29 11:04:39,36.8,7.78
121cd10b6fc65a5c63862de57945f732,1,bb50f2e236e5eea0100680137654686c,f7ba60f8c3f99e7ee4042fdef03b70c4,2017-08-30 17:50:18,325.0,16.02
122e2899f5b25c99d52cece91999b676,1,c03d44fcdfabbabd5185c8eb60f77aea,48436dade18ac8b2bce089ec2a041202,2017-08-22 03:24:57,48.9,17.92
123609d09763b3bd86c2046f54b391e6,1,97b72ed1900f2af848c76555d62033de,d91fb3b7d041e83b64a00a3edfb37e4f,2017-08-31 00:35:25,43.0,16.25
12589c257a3c1fbe98b76eae91008b19,1,cf8587a915960e2a8b57c5db574239ad,7e93a43ef30c4f03f38b393420bc753a,2017-08-22 11:35:21,599.99,22.74
125f4dd03bbae6aa696e6196ac423f72,1,fd1e94b07608d8b4a74b0c81dd4fe10e,46dc3b2cc0980fb8ec44634e21d2718e,2017-08-22 12:50:17,449.99,19.4
126b4962a09981cf9da3c8dc0470154c,1,3a16a1a14bd38281492d2a047c96e04d,6338ea67c41078a46ad99cc009654956,2017-08-10 10:23:39,36.0,17.92
126b4962a09981cf9da3c8dc0470154c,2,3a16a1a14bd38281492d2a047c96e04d,6338ea67c41078a46ad99cc009654956,2017-08-10 10:23:39,36.0,17.92
126e645df0c526ccbc4b5561c91feb56,1,a4c7e73a8ce075149b5f6592fdd29367,87142160b41353c4e5fca2360caf6f92,2017-09-01 15:04:21,149.0,15.79
128e10d95713541c87cd1a2e48201934,1,87285b34884572647811a353c7ac498a,3504c0cb71d7fa48d967e0e4c94d59d9,2017-08-21 20:05:16,29.99,7.78
129751cc187cf2f43dcb7ea8f8fdcf0d,1,22c5ddc22ea8cae84fc9917def682dc6,cc419e0650a3c5ba77189a1882b7556a,2017-08-31 21:06:33,56.99,11.9
12a1bc73d4736fdb9a60a8c58d9628b7,1,7afa8c8eca2a26b599823eed4975a820,835f0f7810c76831d6c7d24c7a646d4d,2017-09-06 12:05:17,169.9,20.68
12cdb224996beb57ba2315faff824277,1,617186c3d97ea56c9c683a8a3974e8c1,cc419e0650a3c5ba77189a1882b7556a,2017-08-24 20:44:51,84.99,15.34
12d25d7a8e7c08f437b1d6129cce93ae,1,11b55fb352612d128f0acbd129bb917a,3364a91ec4d56c98e44174de954b94f6,2017-09-04 09:55:21,599.99,56.56
12d34cd89b0be0896cfecdbd41f5e952,1,1a0e5291bbd852f9da3a61379feaf37d,c89cf7c468a48af70aada384e722f9e2,2017-08-09 09:50:19,20.0,17.92
12dc37fa8745ccb498042cfde2f72e90,1,e7e03e8b1be7be77130e8f6e719fae5f,7299e27ed73d2ad986de7f7c77d919fa,2017-08-21 03:45:41,9.0,15.1
13035ade0af633971e01aacc109cfca0,1,88dd63919fc9ab693803578a04a20209,7ddcbb64b5bc1ef36ca8c151f6ec77df,2017-08-28 08:30:20,34.99,7.78
1308401e91987ef9e69d495e612e7919,1,7d19da97298dfc1d2e254146559095f3,c0e6839516f5398edc34adf5f1d53d1a,2017-08-13 22:25:07,199.0,36.9
130afe1134371f8c69afe4999fc8d671,1,ed7f66fbbc819ef7aa1894d2c34065f1,7a241947449cc45dbfda4f9d0798d9d0,2017-08-09 21:05:14,9.0,13.37
130f48aa69611f429f04408bcce4f2ae,1,045c0f3faa3d81ff1af071e0811b2711,fa1c13f2614d7b5c4749cbc52fecda94,2017-09-05 08:50:17,189.9,35.13
132f922490ba371efd891cf7f81648e1,1,2621700be84cca4a1797b54785f43b1b,0c8380b62e38e8a1e6adbeba7eb9688c,2017-08-10 11:23:15,106.5,19.99
1335770a97f98c72818680ee3ff1d00a,1,88dd63919fc9ab693803578a04a20209,7ddcbb64b5bc1ef36ca8c151f6ec77df,2017-08-25 12:30:25,34.99,7.78
13506ea47f50a6c01fa3dce68138ee1f,1,368c6c730842d78016ad823897a372db,1f50f920176fa81dab994f9023523100,2017-08-31 11:25:09,59.9,37.97
13525797d8c75a8c92126b1efe3f1e1a,1,4ef2894feb9fb3f164a68f654f841447,e26901d5ab434ce92fd9b5c256820a4e,2017-08-28 23:06:51,119.9,26.12
1355ee2061d2b2ec16fb59836b808c96,1,7a10781637204d8d10485c71a6108a2e,4869f7a5dfa277a7dca6462dcf3b52b2,2017-08-10 16:30:20,229.9,16.36
137264e02b6bb16372279951e7258ec6,1,a7bcee285291a97650b40fa9fa888e4e,4d6d651bd7684af3fffabd5f08d12e5a,2017-08-10 12:43:19,59.9,15.17
13745e40e031fc753b072545abbde8e9,1,e0ce26ae52c9ab0b8c8e42129d6c1996,391fc6631aebcf3004804e51b40bcf1e,2017-08-16 22:15:13,24.9,13.14
13745e40e031fc753b072545abbde8e9,2,321cea6c65a44a9abde31f677f976c63,a3e9a2c700480d9bb01fba070ba80a0e,2017-08-16 22:15:13,87.0,27.05
13745e40e031fc753b072545abbde8e9,3,e0ce26ae52c9ab0b8c8e42129d6c1996,391fc6631aebcf3004804e51b40bcf1e,2017-08-16 22:15:13,24.9,13.14
137c0b15e7a9356f9ecf5da8ccc5d995,1,189c49b159a847050e52afe5ec8d42c5,fdb9095204a334cd8872252ffec6f2db,2017-08-16 03:25:24,182.0,12.48
1384e3bb7bc8ba5a462fa5845a062927,1,5066fb9bf2b3db42c59f2f7732387249,59cd88080b93f3c18508673122d26169,2017-08-11 07:25:07,27.89,9.27
1384e3bb7bc8ba5a462fa5845a062927,2,5066fb9bf2b3db42c59f2f7732387249,59cd88080b93f3c18508673122d26169,2017-08-11 07:25:07,27.89,9.27
139dbedc84f28f9d9da423fb52a57f80,1,d401d9445df5a515a304b386278b4844,afe0067131b73e40875c9b6c10bd2e21,2017-08-31 19:31:00,129.9,23.78
13a20feb32c40abb62e7c279b664264b,1,d6d121aae35cf0cb9078f82deb7047d2,537eb890efff034a88679788b647c564,2017-08-22 17:10:24,28.9,14.1
13bb866b92de8268d5c90acb92caa6ad,1,ee6540b34ea60c885c775fa9b52e81e3,17e34d8224d27a541263c4c64b11a56b,2017-08-16 03:24:16,62.34,11.94
13c4f7497ce2f3ae34e441c7514215f3,1,18209df52bc87a69b84db4df602397c1,bc302730ea8cf49b5c74f579febb5bbf,2017-08-14 16:10:16,999.0,44.51
13c63bb3df78e4c49ffe2d2c3afcc654,1,169e1fedd1319ca92e90e057e7123005,e9779976487b77c6d4ac45f75ec7afe9,2017-08-21 03:31:25,69.49,9.27
13e3d20c254d6f982d8a1a1f57d74268,1,c4e71b64511b959455e2107fe7859020,aced59e9b31ef866a94f9e7f29d8d418,2017-08-07 14:03:15,32.0,7.78
13fbafaef2c5ecd471faa4a85d382ebc,1,ee6540b34ea60c885c775fa9b52e81e3,17e34d8224d27a541263c4c64b11a56b,2017-08-09 22:45:11,62.34,15.19
1407ed7d738d943469994266e9706b46,1,d6160fb7873f184099d9bc95e30376af,53243585a1d6dc2643021fd1853d8905,2017-09-05 11:05:15,1200.0,60.76
141dd52930458fa0f2a97285d13639e6,1,fb00f51d564e36645bf7eab56ce5fd43,373ee4a3a775a733770ca3f790b8b9ac,2017-09-06 02:45:06,76.98,13.37
141dd52930458fa0f2a97285d13639e6,2,fb00f51d564e36645bf7eab56ce5fd43,373ee4a3a775a733770ca3f790b8b9ac,2017-09-06 02:45:06,76.98,13.37
141e9339279b23d1c38a8512d0e9ba7f,1,0c3cd8d63839bed6f80aca6388766417,86ccac0b835037332a596a33b6949ee1,2017-08-07 15:05:12,34.9,16.11
1431ee47e31c27528b8ae56b66689afc,1,def59eb2e17b32b980b5341984f6b500,f8db351d8c4c4c22c6835c19a46f01b0,2017-08-17 16:15:13,22.9,8.27
1433e41f5b7837f6518b2184d3f9af84,1,29c131c43e662b738339aafcc0ba00fc,3df020b72d3d44b3af9d110fa3940b65,2017-08-23 22:05:19,49.9,16.11
1433e41f5b7837f6518b2184d3f9af84,2,29c131c43e662b738339aafcc0ba00fc,3df020b72d3d44b3af9d110fa3940b65,2017-08-23 22:05:19,49.9,16.11
1433e41f5b7837f6518b2184d3f9af84,3,29c131c43e662b738339aafcc0ba00fc,3df020b72d3d44b3af9d110fa3940b65,2017-08-23 22:05:19,49.9,16.11
1439c73f16c16e5ec78a3b2ff4e4f73e,1,ea44caac707f7f1325182a538007f838,855668e0971d4dfd7bef1b6a4133b41b,2017-08-31 00:15:31,50.0,16.6
1443dcd001241a655df59fc728c2c9ce,1,e7db7c40ea6647c808d48581f1308d88,1d8dbc4f32378d715c717c1c1fc57bae,2017-08-23 12:04:58,109.9,14.5
1462290799412b71be32dd880eaf4e1b,1,d7faab3fa0091d1220a8ada9cae1bab3,3504c0cb71d7fa48d967e0e4c94d59d9,2017-08-28 04:10:55,29.9,14.1
146bc27ff71043a6ace37bd4dec7b754,1,1bfe62f326ac7bec0f5a83c10cfff228,3d871de0142ce09b7081e2b9d1733cb1,2017-08-09 18:30:19,54.9,12.72
1470619b8b354e627045227e5509d6b7,1,b0961721fd839e9982420e807758a2a6,1f50f920176fa81dab994f9023523100,2017-08-09 21:55:08,59.9,13.44
14763e794086449f6d5cb89097b2afd3,1,d902e8400cd0c58b64ea157af940e670,05f51e13da97139648b8125c31e5f51b,2017-08-10 20:03:33,149.9,16.49
14833d6278b9989cafd5e8930a961263,1,5850cdcd591bf91b931a59143bed34ac,827f8f69dfa529c561901c4f2e0f332f,2017-08-21 18:44:28,32.9,14.1
149a156d90f9d0f82f554fba2f4a9cb0,1,fe34503c6bccf918db601aaafd4a975a,4a82c4af97ffc0fb2dc26bfdc03b1842,2017-08-23 03:05:47,61.9,16.87
14a9489fd3842fb90ea7d555122e3dd3,1,4af81c9413dcb40e03e2a1bc15a6448b,525e75a6fb1454a2325ab1734bcec221,2017-08-10 00:50:07,49.9,11.85
14c99dc23c614159bed88378c219456d,1,9549bc9cccdcfb09de0bd4774b018c3d,d9442042130b7fe579d1295f9f4a248f,2017-08-10 22:35:16,46.99,13.08
14ed86978b67164350d3dbe3d4f13ec3,1,97373049bc86f3b3245c07a56795b2d7,4e922959ae960d389249c378d1c939f5,2017-08-23 03:25:25,49.95,8.27
14f75c9606fc12baa607bebe380d7237,1,520ac02e0e8cdf179eed22f204e3f26d,d91fb3b7d041e83b64a00a3edfb37e4f,2017-08-16 18:15:19,39.6,15.1
15054f27c8947786f3ca73a3b74f33ad,1,9ac3471b9357338ea8054108a00389e3,0afccdb8a34ee5c79f7c06faf2b4d56e,2017-09-04 13:44:55,39.9,15.1
150d57489c190648d7496031f9d449d3,1,34d6306314a47fe15c1efdbc23302020,229c3efbfb0ea2058de4ccdfbc3d784a,2017-08-08 18:05:08,69.0,14.23
152743f188270e1ffdf65348aa6f205c,1,fe6a9515d655fa7936b8a7c841039f34,dc317f341ab0e22f39acbd9dbf9b4a1f,2017-08-31 02:15:49,249.9,97.16
15360da03a0a021fc0e712a2d11f3020,1,52a12e7275f0bd832ef3aade407a39bd,80e6699fe29150b372a0c8a1ebf7dcc8,2017-09-05 13:25:11,39.99,14.1
1544b91291000836c72384f035436fbf,1,2b4609f8948be18874494203496bc318,cc419e0650a3c5ba77189a1882b7556a,2017-08-22 11:24:23,89.99,12.13
156164b0c009c68c766b1ce1213cee18,1,641444946fe3a839d726c32804cd1aff,4a3ca9315b744ce9f8e9374361493884,2017-08-14 18:15:17,299.9,13.6
1565c265f6580c91569b142d96aaa19d,1,b84ee1832bd494a163f0a8315efde95c,87142160b41353c4e5fca2360caf6f92,2017-08-16 22:25:21,39.9,17.92
156ba06ab4556cd19613dca1cefa9f7a,1,7b25acee1c4b91200a7e8e31bb977a06,4e922959ae960d389249c378d1c939f5,2017-08-15 17:35:08,69.9,17.74
1570d01600292ee762e1d52f80ffffdf,1,d5e382d902479580700a4694f5673dde,d91fb3b7d041e83b64a00a3edfb37e4f,2017-09-06 02:44:57,303.45,35.92
1572f182d2e056c2c49d7ee8a7bbdb28,1,0d146484c69d613fe015c0229056b065,d20b021d3efdf267a402c402a48ea64b,2017-08-17 14:23:44,10.9,15.1
157676ef5dfcf1a927e0b60948918946,1,d5991653e037ccb7af6ed7d94246b249,25c5c91f63607446a97b143d2d535d31,2017-08-31 20:04:27,144.95,16.58
157676ef5dfcf1a927e0b60948918946,2,2b2d98d1e9b6f68a472c5ace64d704fa,897060da8b9a21f655304d50fd935913,2017-08-31 20:04:27,21.9,13.26
157d64d36f001ed71b81dc87e46a0809,1,542b3d80712d51eefe3a3cd1c5f4e8fe,537eb890efff034a88679788b647c564,2017-08-23 11:25:09,39.9,7.94
157e702ae4f88625094537c5323fa84c,1,391a014a66920fa0ce468319264e0232,ce27a3cc3c8cc1ea79d11e561e9bebb6,2017-09-05 14:15:25,129.9,9.1
15bbe82a70f5a2449ff1d54c54b508d0,1,0aabfb375647d9738ad0f7b4ea3653b1,37515688008a7a40ac93e3b2e4ab203f,2017-09-01 13:15:18,19.9,15.1
15bf8f6816bf9ff38c4262721f55bf54,1,7fab1a1472fdd934397068931f63f3ca,3d871de0142ce09b7081e2b9d1733cb1,2017-08-22 10:25:10,69.9,11.99
15cb7635b3916b4066beb14c7733542e,1,165f86fe8b799a708a20ee4ba125c289,7ddcbb64b5bc1ef36ca8c151f6ec77df,2017-08-21 23:04:28,134.99,15.7
15e281b810d3f48fd7f4e089ae5d25f1,1,05a4cea3c80d33b04145946e6c5e0fa9,282f23a9769b2690c5dda22e316f9941,2017-08-11 09:23:49,59.7,21.22
15e4f54bacc1f99c567ae071a016fa9b,1,6daadc7e6029cf01762f941e488caa1b,46dc3b2cc0980fb8ec44634e21d2718e,2017-08-07 10:43:59,299.99,39.65
15e85e81d299aec57b1bbdba38422dff,1,7f7da198305ad62091daf841ed6acc6e,c0563dd588b775f2e37747ef6ad6c92c,2017-08-21 08:45:13,139.9,9.79
15f18fdc945de59e900faa4d7fab8f15,1,001b72dfd63e9833e8c02742adf472e3,8a32e327fe2c1b3511609d81aaf9f042,2017-08-17 22:43:51,34.99,14.1
15f67529b3d91fd3da058270c9a68855,1,e2b02dadb01104e3f9f588311b3f2612,3bb548e3cb7f70f28e3f11ee9dce0e59,2017-08-23 21:45:11,109.9,12.9
15fc22aad8d1b227891ce61eff4128cd,1,a5e50ce997abf8eeb6ef3126bd5c9cad,1354d51653f645349064725ed204e85e,2017-08-31 14:25:14,160.0,14.87
1601df22ba2f78168443e6f729e74868,1,eaa26a34984cbfedc19b1e45f09f3c9a,18a349e75d307f4b4cc646a691ed4216,2017-08-30 18:50:19,86.8,7.86
163b53e265c530cded6553a3b5d485cd,1,6b017e0d95d8765a6f2bed3bc272c61e,a6fe7de3d16f6149ffe280349a8535a0,2017-08-17 15:23:52,59.9,11.92
164f22d152f646ca5ebb5a2049e3adfd,1,31a2f42a87890f87d77daebdfabc182e,4c03b9dd4c11ee2cb35c96c49efc9420,2017-08-17 13:23:41,135.0,18.2
164f9ed9263550111efa1a5518d97dfb,1,ba17dd83b93da33a4483ba301644f40a,6560211a19b47992c3666cc44a7e94c0,2017-09-04 16:47:41,69.0,7.78
164f9ed9263550111efa1a5518d97dfb,2,7703b8cb5b77fbb36518ea91e2ca734f,6560211a19b47992c3666cc44a7e94c0,2017-09-04 16:47:41,39.0,7.78
1653009772c7d799890eec481fe417e3,1,19b7148be60fb48eb30c7eb0431c1a8b,7ddcbb64b5bc1ef36ca8c151f6ec77df,2017-08-10 03:03:28,154.99,14.83
1686688dd0ee852ad4bf01ebdfc7d0ac,1,be5353e2c543ba4f67831f95d3775420,8b28d096634035667e8263d57ba3368c,2017-08-10 13:15:10,18.99,11.85
16b14bdbbefd9bb58e110074fca00bc5,1,cfa9c98a148ace270ebd4a856316c227,ef506c96320abeedfb894c34db06f478,2017-08-10 02:30:22,25.99,11.85
16b314cf8f0bd14e3675d33324bba17f,1,f07c891a5d581691d77863eed1743dd1,aba1721a889e04decc910aa13b768ef4,2017-08-14 12:55:13,186.0,8.56
16c9149a437c7d21f682dd7d693985f0,1,4e4210d7d638f6e904297071820f08db,86ccac0b835037332a596a33b6949ee1,2017-08-14 02:35:12,36.9,25.63
16cc0fe71527d13426bdbe29205b2053,1,5c821d665e58b08092e830f81c12cc37,abc015ebac1d283a323ca9db35ede4b9,2017-09-01 20:44:59,89.0,12.12
16d65d58409db5d0534f2fb1817696b0,1,84c79830527ae823029ee6b904cf948c,11d4c477d09821164bca4f70a2eae031,2017-09-01 20:55:16,32.7,17.06
16d9b91dbb8de7843ced59fe9c4ca61a,1,2f52d0d10362af85da6cc7f901832523,b4ffb71f0cb1b1c3d63fad021ecf93e1,2017-09-11 09:25:14,18.0,11.85
16f5d43fc682f80395261d23aad13114,1,2b4609f8948be18874494203496bc318,cc419e0650a3c5ba77189a1882b7556a,2017-09-11 17:10:19,89.99,7.88
1706a936242c6f493108524653bb81a6,1,8ef18e8943b9f07649b045b72df449cb,7aa4334be125fcdd2ba64b3180029f14,2017-08-08 10:50:29,86.99,13.63
17191bb9601eff541e70874ec9c19655,1,f1c7f353075ce59d8a6f3cf58f419c9c,37be5a7c751166fbc5f8ccba4119e043,2017-08-18 14:45:18,200.0,48.84
171fac25aa2fde5b05b3109d582d04bb,1,4b6b3a7072d549354c3743dedbf4170a,6560211a19b47992c3666cc44a7e94c0,2017-08-10 17:30:16,55.0,15.14
17306f068a479d3e58fd082008d80169,1,33a85d94302e1c6fd9890d9501cf05cb,b7ed9fb14c8eadb37adb9c45d67ab0fb,2017-08-17 16:55:16,49.8,35.67
17306f068a479d3e58fd082008d80169,2,33a85d94302e1c6fd9890d9501cf05cb,b7ed9fb14c8eadb37adb9c45d67ab0fb,2017-08-17 16:55:16,49.8,35.67
173b36bdb36dc272af0c97bc4f0c39df,1,e2e426d1332240070b0a836a854d057b,cce6ab8d1682639fe45ab70234f1665f,2017-09-11 05:32:05,40.0,14.08
1754107f36ce978c21ba0509c7bf0889,1,a630323d497e2acc89574e8b792c6936,3bb548e3cb7f70f28e3f11ee9dce0e59,2017-08-14 16:23:50,173.9,13.35
1759a74e11bef0a81720d730ffafdfaf,1,53f92b0474f91fcb5bd188c6a8075c38,05feb94f19d094d4b0f9281f0b1d4c99,2017-08-21 06:44:03,1300.0,116.7
175ba47aad2d017d2495c66b763a7df6,1,9defd1ffa1cecec71bc4a269ee97938d,30a2f535bb48308f991d0b9ad4a8c4bb,2017-08-09 22:38:17,49.9,15.1
175ba47aad2d017d2495c66b763a7df6,2,9defd1ffa1cecec71bc4a269ee97938d,30a2f535bb48308f991d0b9ad4a8c4bb,2017-08-09 22:38:17,49.9,15.1
175e7244409a1c34674cdd3407e25808,1,30d1842be9c62546d3fb853119602ac2,8603f0038fe0e52fedd3382d266723de,2017-09-01 13:07:30,180.0,34.32
176654c710164dc3eaf312ae5b533767,1,88dd63919fc9ab693803578a04a20209,7ddcbb64b5bc1ef36ca8c151f6ec77df,2017-08-21 03:33:00,34.99,14.1
17819d04603c3b79c2865e8a4d24a7ab,1,aca2eb7d00ea1a7b8ebd4e68314663af,955fee9216a65b617aa5c0531780ce60,2017-08-11 11:35:15,75.0,13.08
1789de6268270fe6cffeb6071ee2a771,1,fa39c60599eb6573020f07a1b4dd38cf,0bae85eb84b9fb3bd773911e89288d54,2017-08-31 16:10:07,79.08,17.8
178ad6d5050011f2f0e7b7e66d6f02c8,1,2e7980421ad7946eab8a71b637955704,8e6cc767478edae941d9bd9eb778d77a,2017-08-14 20:25:18,79.9,23.43
179394da67149ef0dec1368b27e3b2e0,1,389d119b48cf3043d311335e499d9c6b,1f50f920176fa81dab994f9023523100,2017-08-15 12:10:17,59.9,17.67
179394da67149ef0dec1368b27e3b2e0,2,389d119b48cf3043d311335e499d9c6b,1f50f920176fa81dab994f9023523100,2017-08-15 12:10:17,59.9,17.67
17a1763cc4982f5c4ef732af7c6e683c,1,2635c3e7db0ac6cb3e733cac61ce0ba5,f8db351d8c4c4c22c6835c19a46f01b0,2017-08-14 04:04:54,26.9,16.11
17b129bc47ae24191ca5670deaa170f5,1,422879e10f46682990de24d770e7f83d,1f50f920176fa81dab994f9023523100,2017-08-21 00:05:10,59.9,17.67
17b13ec883d7ff8ef2c2882644854aa5,1,acb016f24d2340ab4ea9622606d38b1f,7b07b3c7487f0ea825fc6df75abd658b,2017-08-10 13:03:10,24.0,7.78
17d018174e8bb3a09152f926cc684ad2,1,abe236a52dbc43e90bad00fe6d794582,6426d21aca402a131fc0a5d0960a3c90,2017-08-08 16:30:19,59.9,16.18
17e71fa8bed3ecbe0d18f738ecb618e0,1,422879e10f46682990de24d770e7f83d,1f50f920176fa81dab994f9023523100,2017-08-24 20:05:11,59.9,16.52
17e71fa8bed3ecbe0d18f738ecb618e0,2,88e40881adf08ea3b87cb1d65c8c1d83,f8db351d8c4c4c22c6835c19a46f01b0,2017-08-24 20:05:11,42.9,6.19
17eea1bb78f458449eacc5933303cbf8,1,11875b30b49585209e608f40e8082e65,669ae81880e08f269a64487cfb287169,2017-09-05 07:44:26,65.0,12.7
17efabe89f1697d9968991b0bd44edab,1,210feb9ae3b060d29ec884aac60e5f10,7a67c85e85bb2ce8582c35f2203ad736,2017-08-23 00:55:17,149.99,12.25
1807cc736321f14baa58ef39cf6e5989,1,b5e13c9a353102f79c6206ff5cb61a50,a49928bcdf77c55c6d6e05e09a9b4ca5,2017-08-23 23:45:06,79.9,11.76
1836232055a6243d56ca67b74cb77aea,1,422879e10f46682990de24d770e7f83d,1f50f920176fa81dab994f9023523100,2017-08-22 20:35:17,59.9,17.67
183832097fa8f0a9172d4514fdfca42c,1,ee406bf28024d97771c4b1e8b7e8e219,7a67c85e85bb2ce8582c35f2203ad736,2017-08-30 02:05:16,149.99,12.25
183c26d5b5da5d721efce979e918d1ff,1,34d6306314a47fe15c1efdbc23302020,229c3efbfb0ea2058de4ccdfbc3d784a,2017-08-31 09:04:56,69.0,14.23
184ed2b4ce624742505cd97fec5e9ea3,1,0aabfb375647d9738ad0f7b4ea3653b1,37515688008a7a40ac93e3b2e4ab203f,2017-08-31 02:50:53,19.9,11.85
185115c917a05bf72dd42a9c369f207f,1,b59fb744c6f3cd1dc23b10f760848d98,916748bc99315c2d202898ae58b1617e,2017-08-31 15:15:09,9.9,15.1
186efcd656d8ac4332156f594df02572,1,ebc2160765952857f3bec4d6d76673e8,834f3294fba9f932f56edc879193f925,2017-08-09 20:25:16,749.0,90.4
186f651321d21b2a793c4cd866b7b62b,1,937c825572d26b9e5a723527c6d625c6,391fc6631aebcf3004804e51b40bcf1e,2017-08-17 18:45:17,45.95,11.85
189622f157848ba3ed54191c7538e07e,1,4413a608a42bd21bbf9d5abbd58c249a,7ddcbb64b5bc1ef36ca8c151f6ec77df,2017-08-08 04:35:28,134.99,9.76
189ede25eb8522abcbd3592d08811f85,1,6dde44b4172999f35f08654d06bad633,7c67e1448b00f6e969d365cea6b010ab,2017-08-30 03:30:12,219.99,60.09
18a3784d31f9cf5e372cd05c15ce1502,1,009af1277432f1a05742df69cdf72d1e,8f119a0aee85c0c8fc534629734e94fd,2017-08-25 14:05:30,59.9,34.22
18bafb91a9e78b83e54eb5aa495a955f,1,b0cd550945da1de6eb9cb69595d540df,6b243f80ed07b10f0e8aa0f21a205f3c,2017-08-18 12:50:12,84.9,16.35
18dd3f41a84cc95b6106008449cba262,1,4c2394abfbac7ff59ec7a420918562fa,cc419e0650a3c5ba77189a1882b7556a,2017-09-01 02:10:15,84.99,17.03
18edb9e5b61f525f0da899c852534893,1,0b7fb806fe0194cc7eb473329c680e34,a37c340b91cb0169e8b029db6440fba2,2017-09-08 02:16:14,69.0,11.73
190ae960b78afbbf3f0cd1dd3d2240fe,1,2481a472d98c582b46bc2dfeae6f539f,391fc6631aebcf3004804e51b40bcf1e,2017-08-17 13:05:14,59.55,13.44
190ce4e52f05189563942da003cbf332,1,00baba5b58e274d0332a0c8a0a66f877,d3f39f05462b79a4562d35893a28f159,2017-09-01 02:50:21,47.9,15.1
190d1b221eb8c4e51953c2542c6acc61,1,01849445c151d94a1f0cfff03c9ed154,dc4a0fc896dc34b0d5bfec8438291c80,2017-08-27 21:55:22,49.9,13.37
193c1dc57175afe8abd16a370d264fcd,1,a8fe47ad6f852f93cc92c7b408687de3,aaed1309374718fdd995ee4c58c9dfcd,2017-08-28 03:55:26,72.9,18.08
19427c3cc9b9461a9151cbff2d5d2c8a,1,54af11c815f92135fb554bd9c97dd418,004c9cd9d87a3c30c522c48c4fc07416,2017-08-24 13:30:23,69.9,13.51
19542608de028da289c7e0fb0a7422ea,1,246d85d18978e56d249ebaf657bb44bc,7a67c85e85bb2ce8582c35f2203ad736,2017-08-30 11:25:25,129.99,18.16
1954fde9d62c76532499182aa37e268d,1,fe06d596708c590bf178cdb82aa7d48d,6d66611d7c44cc30ce351abc49a68421,2017-08-28 05:10:08,39.9,15.11
1966886b80f14d0588adf6406afb0026,1,2028bf1b01cafb2d2b1901fca4083222,cc419e0650a3c5ba77189a1882b7556a,2017-09-01 16:06:59,56.99,11.9
197206acc133317e6322eaab5f8e6937,1,25a1dc8e424d78921fdd4d787f355a23,ebd2d60905fb58271facef5596b620d3,2017-08-10 17:04:09,66.9,28.87
19980416131f571e346fcfc260fe97fa,1,a4d8943cfb74fde740be042b8a042d8d,eeb6de78f79159600292e314a77cbd18,2017-08-17 20:43:52,165.0,17.8
19a88878097106f2e1dc6f056cba940f,1,e7467a3d68aba3dce30c17002bccd8da,4d6d651bd7684af3fffabd5f08d12e5a,2017-08-24 21:15:20,99.9,12.2
19a8989f83d30de137a451dade333090,1,e282624d8c82e04983f125e167eb4521,2138ccb85b11a4ec1e37afbd1c8eda1f,2017-08-14 04:24:30,18.99,15.1
19c339969d909ed2babf33e7ca9e61c7,1,6ed6fb2418af24e9d020b1c4fd7028fd,955fee9216a65b617aa5c0531780ce60,2017-09-04 04:30:13,18.0,15.1
1a0a41acfcd4a351ae9f002b942dce2c,1,6685d4ea9111ef423f76ea2ecf350180,7c67e1448b00f6e969d365cea6b010ab,2017-08-17 21:15:15,89.99,27.99
1a0bb7fae90bbf7880d299f24698fd23,1,6843fcf2daa799e469f08d9ded452d01,75d34ebb1bd0bd7dde40dd507b8169c3,2017-08-10 10:03:56,79.99,25.84
1a45c130db33df3cb0e3cd16f0a8ae9d,1,c03d44fcdfabbabd5185c8eb60f77aea,48436dade18ac8b2bce089ec2a041202,2017-08-10 02:25:21,48.9,12.88
1a45c130db33df3cb0e3cd16f0a8ae9d,2,c43ab4269cbf91b373263db4c2973cad,48436dade18ac8b2bce089ec2a041202,2017-08-10 02:25:21,48.9,19.33
1a496064ceafeee379d9a37e8010e7e5,1,c3b271f47e73d0c9ccf1b43b7606c705,cca3071e3e9bb7d12640c9fbe2301306,2017-09-12 16:25:39,45.9,12.69
1a510b9dad9c83a12012f3e801a015d0,1,c857b96593773e940454e76efa8eabb3,cca3071e3e9bb7d12640c9fbe2301306,2017-08-24 15:05:19,51.92,12.7
1a66f333fc14fa09a218cbb11f00233d,1,b0cd550945da1de6eb9cb69595d540df,6b243f80ed07b10f0e8aa0f21a205f3c,2017-08-10 12:20:09,84.9,27.44
1a68123d36b3a96ebeb710db015da2e3,1,5a419dbf24a8c9718fe522b81c69f61a,e26901d5ab434ce92fd9b5c256820a4e,2017-09-05 13:35:08,44.9,13.08
1a7da20c277ccf1418cd18daa7a169a9,1,0aabfb375647d9738ad0f7b4ea3653b1,37515688008a7a40ac93e3b2e4ab203f,2017-08-24 22:15:15,19.9,15.1
1a96285240504cd5e3470a6dfed32e4d,1,776ef0ee36e20757c513e64903f1fa8a,70a12e78e608ac31179aea7f8422044b,2017-09-08 03:04:33,98.0,13.71
1a9919330851f39651db4ff4beb1e4cb,1,ba230fc7bcaa2f503c46d73098caeb66,13d058e4eeac2ce8217660b2f8a05812,2017-08-23 15:44:41,229.99,60.16
1a9b986cfe31ed59c5a6c00287db7e74,1,63de2743d05ab59d85caa49e49459ac1,cbd996ad3c1b7dc71fd0e5f5df9087e2,2017-08-10 16:23:39,19.9,11.85
1aa2373a5597e5431f08d809fde15d5b,1,bf6c420d93ff5c0a5d8fd3b6c975dbd5,d20b021d3efdf267a402c402a48ea64b,2017-08-15 02:50:58,46.99,19.8
1aa2373a5597e5431f08d809fde15d5b,2,9f684ef1e31358afd3d4ce991c576e2e,d20b021d3efdf267a402c402a48ea64b,2017-08-15 02:50:58,46.99,19.79
1aa2373a5597e5431f08d809fde15d5b,3,46b609a28b05ef9d5179026a055c5121,4a3ca9315b744ce9f8e9374361493884,2017-08-15 02:50:58,59.9,8.8
1aa41f17180cbb20e6059e9f21717707,1,558180406ec5ec2f77e01f2807180c20,431af27f296bc6519d890aa5a05fdb11,2017-08-25 14:24:48,85.9,12.1
1aba19a11ad5276dc9d409b95680caa6,1,3a63f38267d980e6107579e72c2f1c51,f45122a9ab94eb4f3f8953578bc0c560,2017-09-05 20:10:22,139.99,16.74
1ac85a0c0cc899fbf1da0f2c83737fb6,1,068b5d27e848424be23fec630a415021,cca3071e3e9bb7d12640c9fbe2301306,2017-09-11 15:04:55,72.9,12.85
1acc110c076e80f4bfa1375a2b31d1d1,1,c857b96593773e940454e76efa8eabb3,cca3071e3e9bb7d12640c9fbe2301306,2017-08-21 22:15:21,51.92,16.12
1ad61c926dff6777c28e962510cc2c71,1,1de74e63d630007567726953a4eb2b36,a49928bcdf77c55c6d6e05e09a9b4ca5,2017-08-25 14:30:19,79.9,11.76
1ad8864bf96543e8989f8f34a742fbc1,1,068a754dc2d079d7bcd6f254b9a978e2,579891617139df7d8671d373f0669622,2017-09-13 15:45:43,29.9,15.11
1ada38b97a26793e53c1205050892669,1,7c900a8802a6e69db282513a6b159e70,52b53f7061969fe471d119b6195da864,2017-09-05 02:15:19,90.0,8.37
1aeb6136411ab7da012863ac27055dcf,1,b366c6705b553f2e2825d0a0597aac9f,2138ccb85b11a4ec1e37afbd1c8eda1f,2017-08-21 11:45:20,14.99,11.85
1af38227c088980113da10c4e6d925cf,1,060cb19345d90064d1015407193c233d,8581055ce74af1daba164fdbd55a40de,2017-08-30 15:55:19,147.9,15.79
1afefea8a6500c83df5bfc6e4f2eec4a,1,7f0340808fbbaa6d3a3122e72a394795,b4ffb71f0cb1b1c3d63fad021ecf93e1,2017-08-13 21:35:11,35.0,21.15
1b0eaf74d5b9166e7e9dc0b39be862a8,1,9a64551b89ff695cc7dbf380ec7eb9a8,a5cba26a62b8b4d0145b68b841e62e7f,2017-08-07 10:15:22,415.0,19.35
1b181325fc6ea91c3d0397695f84aa63,1,964c5f7cd701d923e2350137a4715bb1,94144541854e298c2d976cb893b81343,2017-08-23 02:55:49,18.9,8.11
1b18e6ee3de8cd87b0cdacb211b383f5,1,50f1880f1989251727fbbfe8c0a346a6,7a67c85e85bb2ce8582c35f2203ad736,2017-08-31 17:55:18,129.99,18.16
1b19e11d36f65ac8fb85d361d49096ef,1,aeecb1d0e5d4d5ccc3fcfe6fe91103b6,955fee9216a65b617aa5c0531780ce60,2017-08-31 19:25:37,158.0,18.7
1b19e11d36f65ac8fb85d361d49096ef,2,432357855585cf634fc9923523ce5e4a,e9779976487b77c6d4ac45f75ec7afe9,2017-08-31 19:25:37,63.49,20.58
1b2a8a35effe3c031684be53784ac90c,1,2befa4541c8bf3f4c76ebbed873f628f,32e5635e63cb374eb63afdd242fb6134,2017-08-24 13:30:25,910.0,17.82
1b2b354adeb38c1c308c915faf7d3288,1,a5215a7a9f46c4185b12f38e9ddf2abc,53243585a1d6dc2643021fd1853d8905,2017-09-05 09:45:15,1100.0,37.11
1b31224d12bca993297e386557c6a6d1,1,4fb3e6ce442ce9c621ea9509e47ac951,c3cfdc648177fdbbbb35635a37472c53,2017-08-25 20:55:22,109.9,20.01
1b69321f3b6236fe424fdbcdc21ca148,1,bc74f63361c15c1a5baa5b97ac432e62,4869f7a5dfa277a7dca6462dcf3b52b2,2017-08-10 03:03:38,199.0,12.89
1b99f13e8fda59c0a43efdbe69e16c8c,1,4c1e109ecdf58453de365d217cefa64c,4e922959ae960d389249c378d1c939f5,2017-09-13 07:15:19,120.0,36.16
1ba061d75a157b11f745ec097005eda4,1,210a8305d79b2f5719cbafb2c026797f,f8db351d8c4c4c22c6835c19a46f01b0,2017-09-08 02:45:40,36.9,16.11
1bac6c5afd46ee5f279f46bfc081871d,1,8435e69e8ca35cc17d3471e240ea0d44,855668e0971d4dfd7bef1b6a4133b41b,2017-08-13 21:44:54,250.0,26.59
1bd5bd49d4ceee72802ca053b906c640,1,201fc8c37f99b9911c8ccb421d34b0d0,25e6ffe976bd75618accfe16cefcbd0d,2017-08-21 23:24:43,99.0,13.03
1be274b004c97a574419e7d7caeebdbf,1,3b85e44a54ca23950c469c7fb1cc0e0a,bede56095ba33c42038fb85f707b8a42,2017-08-24 19:45:13,849.9,37.47
1c0490571354a25001e89c6de9598839,1,e4ad97ce352e46bebac92018f6ed976d,3d871de0142ce09b7081e2b9d1733cb1,2017-08-23 11:30:22,79.0,17.8
1c05b5c04855d3158e6e53760add7386,1,e456721fdab66b576664c035ad183965,0ea22c1cfbdc755f86b9b54b39c16043,2017-08-29 12:30:22,29.9,21.19
1c09d927a885842107b1ffa9c65cc5ca,1,211231e0c3e424340de9917591f863b0,d91fb3b7d041e83b64a00a3edfb37e4f,2017-08-18 17:25:23,97.0,25.52
1c194ae9c77f15138361387f0bc5c921,1,4bbf316ae7ff594890e582c054a6213e,11305281b50fff20ae8bb473f8e11876,2017-08-22 03:24:55,79.9,14.29
1c289ec3ff9bc97bb8042c71b244cd40,1,b0961721fd839e9982420e807758a2a6,1f50f920176fa81dab994f9023523100,2017-09-04 04:26:03,59.9,17.67
1c4f7f07e974a6d951ac86cd8d4d450c,1,35afc973633aaeb6b877ff57b2793310,4a3ca9315b744ce9f8e9374361493884,2017-08-14 03:50:42,89.9,15.38
1c58d792be884eb5776e16738425d8cf,1,422879e10f46682990de24d770e7f83d,1f50f920176fa81dab994f9023523100,2017-09-04 11:04:39,59.9,17.67
1c725471b90964d3b52d602359690718,1,ee918a5c4e95f273708c2582a5314325,7e93a43ef30c4f03f38b393420bc753a,2017-09-08 03:04:32,589.99,29.41
1c8c87765ea79e8a75b27597f1ba8c24,1,cc971e0365873137b8bef2ebad633e6f,7a67c85e85bb2ce8582c35f2203ad736,2017-08-09 03:05:08,229.99,22.1
1c9383e11b19c66a7655bf8a31dd0ad3,1,93c601273c90caca6b37d54b0e6f1ead,cfb1a033743668a192316f3c6d1d2671,2017-08-30 10:44:23,99.0,17.94
1c961234d514101345679cb6028102fa,1,4f130a13e2dd77a6f88f31e7addcec0c,4a3ca9315b744ce9f8e9374361493884,2017-08-31 12:35:27,59.9,16.18
1c9ac08a8e474b38e9231382778f7eb9,1,6e514bdf6cbd5137a3795ff90e3ec1a1,f00e21b1e91a79653163b7fd8f293ff1,2017-08-18 19:05:13,70.9,15.25
1cbc4baabac9832d53b29dc25766d494,1,9c7bdf67b06b419aefb93cfdfc96c55d,e9779976487b77c6d4ac45f75ec7afe9,2017-08-29 12:55:30,17.0,9.94
1cc3ae63caffff2d6c3ee3e78e074acf,1,67682f5c5170c72b398941e2193735a4,f615fe7efbef0f4f08fd3086bc7a3e60,2017-08-14 21:45:15,39.9,9.22
1cc3ae63caffff2d6c3ee3e78e074acf,2,dc881ef926ca402063ea142afc83874c,7aa4334be125fcdd2ba64b3180029f14,2017-08-14 21:45:15,87.99,14.35
1cea424dc965d49b8e61503d53a801bb,1,7b453aa3584d61c1268d77ba6fd5956b,e26901d5ab434ce92fd9b5c256820a4e,2017-08-11 10:43:24,109.9,13.32
1cf03b2013a9167bb623e62ac5681f07,1,ce04dcb7aa96ad49d4933f3d4a9f8eb7,dc8798cbf453b7e0f98745e396cc5616,2017-08-30 20:15:16,49.9,7.78
1cf843db5be8c3ec934d6bc2b58e5061,1,233ad2cdae25fbf46f0d090b678d23f4,2a6fbeaa7ab9e5d59a35841a8da71ce4,2017-08-29 17:30:24,130.0,27.45
1d08b0ef8f21fe7710ecb1e433e25c0f,1,2b2d98d1e9b6f68a472c5ace64d704fa,897060da8b9a21f655304d50fd935913,2017-08-17 02:55:38,21.9,11.85
1d21d81713a3dea4ee564c915cf2fd94,1,e33df02e384487f2bcd3788619f89215,53e4c6e0f4312d4d2107a8c9cddf45cd,2017-08-10 10:05:26,16.8,16.11
1d38bea3896f01c97d629d249f1c68ff,1,8b5632d7a4f86bd2f1331355305427e6,624f4ece8da4aafb77699233d480f8ef,2017-08-07 17:30:10,189.0,32.07
1d4207bd950cb794e52660cc79cecf5b,1,9c3ea852d17b33b64cca327b892d8972,83645b1645cdee8953ee54c29ceed564,2017-08-16 13:30:20,45.0,13.37
1d46e93ded8b3ff059abe41e14754362,1,7d50930301709838d8e90dcac5cfaa84,9616352088dcf83a7c06637f4ebf1c80,2017-09-04 03:05:30,59.9,16.18
1d46e93ded8b3ff059abe41e14754362,2,7d50930301709838d8e90dcac5cfaa84,9616352088dcf83a7c06637f4ebf1c80,2017-09-04 03:05:30,59.9,16.18
1d5a37ac3dadde6a732db74ecb91e107,1,13e0e6adec3689a4206c6e9385a29003,f8db351d8c4c4c22c6835c19a46f01b0,2017-08-21 13:31:01,72.9,12.85
1d699c4fd2ee485c965116e9c3fae0b3,1,8844bd4b8ca8f93603694ca2bceb77e9,cc419e0650a3c5ba77189a1882b7556a,2017-08-28 22:15:08,84.99,15.34
1d69f6b3dd0fc384483cfb2560d8a6a4,1,ba10a94473b332e323abe844988c8237,897060da8b9a21f655304d50fd935913,2017-08-09 03:10:32,20.0,12.69
1d7d5d5faa494e404da35277f9b0c302,1,eefb750a45a4ba505ffd4813ecaf2b18,870d0118f7a9d85960f29ad89d5d989a,2017-08-28 03:55:20,19.9,14.08
1d7d5d5faa494e404da35277f9b0c302,2,eefb750a45a4ba505ffd4813ecaf2b18,870d0118f7a9d85960f29ad89d5d989a,2017-08-28 03:55:20,19.9,14.08
1db24bbe4efc4770290d45aba1859d8f,1,30469bb5ea377eae7121981e2f0778e4,80e6699fe29150b372a0c8a1ebf7dcc8,2017-08-28 10:05:52,113.0,45.47
1db2abc72703311e809fc353b3cc4b65,1,3f6f946481fd39f4eda986012f6e0447,53e4c6e0f4312d4d2107a8c9cddf45cd,2017-08-10 02:24:05,39.95,11.73
1dbdc102b987762075cb2b4684ee141a,1,22c404f4f28ee0c4d62d5af7993ecffa,218d46b86c1881d022bce9c68a7d4b15,2017-09-01 15:50:19,168.88,16.81
1dd363f5595f370f90d2a8353444ff49,1,8784c4d113e30be2fb64b69be0551b30,3d871de0142ce09b7081e2b9d1733cb1,2017-08-31 13:55:19,69.9,11.99
1de55e56e0ba3d045955e0336a3fab7d,1,aede48631330269f65a8d680de491657,dbc22125167c298ef99da25668e1011f,2017-08-07 15:10:14,84.9,14.32
1deac17b4e5cbe75d56fd0d33882ea20,1,1fbb1fca915498c75efc551f5a32f08b,1b4c3a6f53068f0b6944d2d005c9fc89,2017-08-09 17:25:15,39.9,15.1
1df3e6364beb175319d6e20f502f550f,1,f9d151cf2fc10d41cce64b782856320f,e9d99831abad74458942f21e16f33f92,2017-08-09 17:25:22,19.74,7.78
1df73825ad3aefd721f16df54e1e84dc,1,090d6db6ad440d35cef0726b5a8bec14,152ee17e4c8aaf53dac99f3462e4999b,2017-08-16 09:50:16,62.99,15.19
1df7ded3518147b95eababb6620f007c,1,0432203d03868bfe5fdbb86fb2148474,855668e0971d4dfd7bef1b6a4133b41b,2017-08-23 12:03:44,185.0,27.84
1e1bb536916a9964978ee59e6d6d0cca,1,80ba61cb89c5cc6f704b91b30fae834c,1da3aeb70d7989d1e6d9b0e887f97c23,2017-09-05 12:10:11,49.99,21.15
1e1bb536916a9964978ee59e6d6d0cca,2,0288f8dd74b931b4ec7a468fdd6ed040,1da3aeb70d7989d1e6d9b0e887f97c23,2017-09-05 12:10:11,49.99,21.15
1e21edc6c6810b5779fa6685c82a6a89,1,ed8ba7857b8c1dd66da5bf95ecd166a4,f7496d659ca9fdaf323c0aae84176632,2017-08-17 11:30:16,299.9,75.05
1e2b94b476c8738fbc5aed69524f2da4,1,b520b78a494cbd6e36d7a1c64cdffe0b,b3f19518fcec265b2e97af287725f981,2017-08-11 13:15:20,41.99,16.11
1e48c52ecdb582b211ad22ae74ad2247,1,b4e319cb48642fd748a387fb88c31c35,42bde9fef835393bb8a8849cb6b7f245,2017-09-04 19:15:15,499.0,18.25
1e65b448bd96abe8434d64bc0ae4d609,1,8fbd36d3b045f5f38b252b1513478f38,7e3f87d16fb353f408d467e74fbd8014,2017-09-01 18:45:12,32.9,25.63
1e73093ee708ed2b782f359056925208,1,d2bea3c01e172037caa99b2d138f39d0,9674754b5a0cb32b638cec001178f799,2017-08-18 19:30:12,18.9,16.92
1e7aa60419488b934fe799d6faad8b7b,1,d3c044bd42d84a79e3b0c42662806a48,4c2b230173bb36f9b240f2b8ac11786e,2017-08-07 15:12:03,25.9,7.78
1e7c4d7f10431cde9911c1c659a6e3fd,1,9a046f988c3d7d4bf592c4f7cb40bf01,5f1dc28029d2c244352a68107ec2b542,2017-08-24 18:50:12,45.9,21.15
1eb73d543a6a3318fe766653379d5d4b,1,9545d45c37449ccbc376de3a04c66e71,431af27f296bc6519d890aa5a05fdb11,2017-08-30 13:24:32,119.9,13.86
1ec53891c581322d7f3a17fb5835b857,1,35bc6c77029697004675d3a2ce505916,9c0e69c7bf2619675bbadf47b43f655a,2017-09-04 04:26:04,155.0,8.83
1ec53891c581322d7f3a17fb5835b857,2,35bc6c77029697004675d3a2ce505916,9c0e69c7bf2619675bbadf47b43f655a,2017-09-04 04:26:04,155.0,8.83
1ecb44533ccf6974a67e7d36d913b027,1,18796df281656da4036dd926561a6030,cca3071e3e9bb7d12640c9fbe2301306,2017-08-11 10:05:26,75.78,15.28
1eef4e610c84e24e3ea7039a14693e90,1,c94d19d021d4a8fbae5a45f904aeea90,701938c450705b8ae65fc923b70f35c7,2017-08-09 03:04:59,114.97,45.26
1f00663cd69beff0e8f5bf56988c9266,1,38d81441a145665231f53df8e97f52e5,dd2bdf855a9172734fbc3744021ae9b9,2017-08-17 17:05:21,99.9,14.43
1f09e3685a5270799e2f5c3199936edc,1,e672fbe634ad07cce9d85f412becb2c0,7a67c85e85bb2ce8582c35f2203ad736,2017-08-10 02:55:37,129.99,18.16
1f146ef2973ac65116ed3fcd8c27d507,1,f7da48a5b38c79d4f161133afca9ebc1,2addf05f476d0637864454e93ba673d5,2017-08-09 20:10:16,89.0,15.37
1f2b7ae7e2372de1f0daf10288d65c9c,1,3729e88d6c44656dc1bbd5f3c57b00d4,b5e3e38609125694d2ea2417522a60b7,2017-08-14 22:25:18,39.99,15.11
1f2c730715e25c512d5beee0f697bedb,1,6a8631b72a2f8729b91514db87e771c0,128639473a139ac0f3e5f5ade55873a5,2017-08-28 02:25:14,24.9,8.27
1f2c730715e25c512d5beee0f697bedb,2,6a8631b72a2f8729b91514db87e771c0,128639473a139ac0f3e5f5ade55873a5,2017-08-28 02:25:14,24.9,8.27
1f2e82bed8804834d0fb59b0ca566c2e,1,faa445166ca307f7436e1d84d68a893d,f63d8f293af3a6454377546bd9dd19ff,2017-08-31 10:10:16,139.99,17.69
1f2e82bed8804834d0fb59b0ca566c2e,2,faa445166ca307f7436e1d84d68a893d,f63d8f293af3a6454377546bd9dd19ff,2017-08-31 10:10:16,139.99,17.69
1f31fc163d36ff823c54a14e947b5bc8,1,f7e0fa615b386bc9a8b9eb52bc1fff76,87142160b41353c4e5fca2360caf6f92,2017-08-23 22:30:05,98.0,16.13
1f440e230578d73badf5afd8bb78c632,1,4a0938478787f49dc07af734b86be96c,6560211a19b47992c3666cc44a7e94c0,2017-09-06 18:35:22,149.0,14.79
1f440e230578d73badf5afd8bb78c632,2,4a0938478787f49dc07af734b86be96c,6560211a19b47992c3666cc44a7e94c0,2017-09-06 18:35:22,149.0,14.79
1f6c594830067e510e93534e3e3d0a2d,1,a35c14eaa384acf7aabbbec3bd76fae6,0bae85eb84b9fb3bd773911e89288d54,2017-08-10 03:03:24,43.98,17.6
1f6c594830067e510e93534e3e3d0a2d,2,a35c14eaa384acf7aabbbec3bd76fae6,0bae85eb84b9fb3bd773911e89288d54,2017-08-10 03:03:24,43.98,17.6
1f7565efbb90c33b80f467d6a75332c5,1,dc68ee0fcb033a1ab6714fbb5db60c15,02d35243ea2e497335cd0f076b45675d,2017-08-25 00:55:05,249.0,19.98
1f8956ea49b1eba62dd40aa5f7ac9133,1,e2bb00220a167d9e60b6776ac33717bc,6560211a19b47992c3666cc44a7e94c0,2017-08-24 12:50:22,56.0,14.14
1f8956ea49b1eba62dd40aa5f7ac9133,2,e2bb00220a167d9e60b6776ac33717bc,6560211a19b47992c3666cc44a7e94c0,2017-08-24 12:50:22,56.0,14.14
1f8b9c3db5374e97739a23bed586bba2,1,f05360c6dc6802b210e182b40509fd15,c3cfdc648177fdbbbb35635a37472c53,2017-08-14 12:43:20,69.9,15.24
1f8d7d0c0affce811c7d6f2abf71a7b5,1,2e1b5445dd65296e510e3e8c65ea7071,dbc22125167c298ef99da25668e1011f,2017-08-17 09:25:08,48.9,13.37
1f9acfb03ed5bcc65242f54f6fec83a6,1,f0e1372ab5cfef5ea974b45e419851cb,270297ead4c65a6cd2593960d2af6b21,2017-09-01 20:35:10,329.99,17.07
1f9e91cd0451c86ff49e428f06111021,1,30ccf4724f5227265f837e9ba0246278,dbc22125167c298ef99da25668e1011f,2017-08-17 10:44:45,84.9,17.84
1fa0b1affd773f88e6b1feeb6d211dc5,1,3bf87d2001b8176e6a3ad804b80774b4,7c67e1448b00f6e969d365cea6b010ab,2017-08-22 17:30:14,219.99,53.55
1fa5ff94927b15bd84bba43684f8fa6e,1,bc2d6310e5cbd60facb2f9c8d9471597,dc317f341ab0e22f39acbd9dbf9b4a1f,2017-08-17 13:45:09,629.0,41.92
1fc4c658ba7a1f8edf3492ce534944ee,1,e070a61270050c4b1b704300f331cca6,66922902710d126a0e7d26b0e3805106,2017-09-01 10:45:12,60.0,16.18
1fd9bf8cb665b63ec460f8a425e4d404,1,952670bc019a73f0933157ec82ff6e4f,37be5a7c751166fbc5f8ccba4119e043,2017-08-10 16:25:18,205.0,26.27
200331f78002771b79409a9cf7962dfa,1,30d1842be9c62546d3fb853119602ac2,8603f0038fe0e52fedd3382d266723de,2017-09-01 13:07:26,180.0,34.32
20073b5a4f4e82bae239dda7b336ca5e,1,8c292ca193d326152e335d77176746f0,7e1fb0a3ebfb01ffb3a7dae98bf3238d,2017-08-07 19:26:02,169.0,15.93
20094b8f6c86b44a261781b9b2aa3b54,1,3e7d7087ff8bbc0e9568b56ba3504a34,431af27f296bc6519d890aa5a05fdb11,2017-08-22 19:44:47,39.9,12.69
20094b8f6c86b44a261781b9b2aa3b54,2,8ee57a1f636eb2e009706bbdb0818ecc,431af27f296bc6519d890aa5a05fdb11,2017-08-22 19:44:47,39.9,12.69
200cb3a47d4f37e4c7a76abf51fd7ef1,1,ea13d597910697c345c5e41c59512986,cca3071e3e9bb7d12640c9fbe2301306,2017-08-17 10:30:17,150.78,15.81
200e0548bbc2cbdcafa92e6c5ab73fb6,1,ac4a3657d893bc4a404bed0131b265a5,891071be6ba827b591264c90c2ae8a63,2017-08-13 22:23:33,29.99,25.63
20415b774cb7182a95736e3c1e4ea5cc,1,422879e10f46682990de24d770e7f83d,1f50f920176fa81dab994f9023523100,2017-09-01 15:50:29,59.9,17.67
20415b774cb7182a95736e3c1e4ea5cc,2,422879e10f46682990de24d770e7f83d,1f50f920176fa81dab994f9023523100,2017-09-01 15:50:29,59.9,17.67
20415b774cb7182a95736e3c1e4ea5cc,3,422879e10f46682990de24d770e7f83d,1f50f920176fa81dab994f9023523100,2017-09-01 15:50:29,59.9,17.67
20415b774cb7182a95736e3c1e4ea5cc,4,422879e10f46682990de24d770e7f83d,1f50f920176fa81dab994f9023523100,2017-09-01 15:50:29,59.9,17.67
20415b774cb7182a95736e3c1e4ea5cc,5,422879e10f46682990de24d770e7f83d,1f50f920176fa81dab994f9023523100,2017-09-01 15:50:29,59.9,17.67
20799e91aa919ec578d94ad5e818a3bf,1,1ea233affdd668b45c809f65711ccd37,404e1ba01358af4cd63f679b2c4d1fa1,2017-08-25 01:33:25,29.9,12.48
20a04d5755df90803860e4a046f6766c,1,b7f5de8962f94f1504be9f58b40a502a,7008613ea464bad5cb9b83456e1e6a8f,2017-08-14 17:55:18,57.5,28.8
20addc4c26c3dff0ea76ca5704d102d5,1,06c38a87544301cba8b0fb5a0796383d,dd533b429f380718b70ad9922c294bae,2017-08-17 06:44:03,52.9,39.36
20addc4c26c3dff0ea76ca5704d102d5,2,06c38a87544301cba8b0fb5a0796383d,dd533b429f380718b70ad9922c294bae,2017-08-17 06:44:03,52.9,39.36
20be6d24b0a84a4e329e5973d524f20f,1,154e7e31ebfa092203795c972e5804a6,cc419e0650a3c5ba77189a1882b7556a,2017-08-10 23:50:10,19.99,34.15
20be6d24b0a84a4e329e5973d524f20f,2,154e7e31ebfa092203795c972e5804a6,cc419e0650a3c5ba77189a1882b7556a,2017-08-10 23:50:10,19.99,34.15
20c87f647466d582c7f188b6dc4c6b14,1,7d50930301709838d8e90dcac5cfaa84,9616352088dcf83a7c06637f4ebf1c80,2017-08-27 22:44:23,59.9,13.44
20c8ecc3191ba43d600bcff60029c6b5,1,b815d91de58cd77790d466da3c44e96b,7d76b645482be4a332374e8223836592,2017-08-23 02:11:56,29.9,7.78
20c8ecc3191ba43d600bcff60029c6b5,2,b815d91de58cd77790d466da3c44e96b,7d76b645482be4a332374e8223836592,2017-08-23 02:11:56,29.9,7.78
20f124e5fc78bf859173b67e02ae2671,1,7e6c4a0bf900e259f50ba63331fd2785,6560211a19b47992c3666cc44a7e94c0,2017-08-09 18:55:07,65.0,17.73
212c15b59573b9d8f5237f680f1f4719,1,70c7b93c42de2f3b28534c09b69a9537,ca3bd7cd9f149df75950150d010fe4a2,2017-08-23 10:24:31,64.9,23.11
213035a57f21a80992c9c577de9e5484,1,6b770b5934dbdb29064efdf34bfa6cf5,4da0e408c99d2fdc2126dc9fce518060,2017-08-17 11:45:13,42.9,16.11
214957eabef2b509b290c836e9e97c03,1,0aabfb375647d9738ad0f7b4ea3653b1,37515688008a7a40ac93e3b2e4ab203f,2017-08-29 12:55:06,19.9,15.1
214b96dbb7d479932d8b5a1957ce0e9d,1,f1c7f353075ce59d8a6f3cf58f419c9c,37be5a7c751166fbc5f8ccba4119e043,2017-08-24 23:44:56,200.0,22.24
214e7b7443be4c9b396b5e12d6d9d416,1,f71973c922ccaab05514a36a8bc741b8,5dceca129747e92ff8ef7a997dc4f8ca,2017-08-08 02:50:31,109.9,59.32
2170f9fac08a48aed1fc0b09c13b483b,1,412d382f1992f8b56f88f7d4777d3685,08d0949a9a17c027262db1f3c450c26c,2017-08-25 17:31:21,46.9,17.92
2176f1406c11f07dcdea94931730770d,1,aca2eb7d00ea1a7b8ebd4e68314663af,955fee9216a65b617aa5c0531780ce60,2017-08-11 03:03:19,75.0,13.08
2188019060b6276ae9fc889917f6d5cb,1,09c2dde20d43a2b79ec17fa25a5ad6b6,718539d38d07dd351c76db862760e2e2,2017-08-25 00:30:12,32.64,21.15
219046aca72bc42ff943222cfa12d616,1,bb50f2e236e5eea0100680137654686c,f7ba60f8c3f99e7ee4042fdef03b70c4,2017-08-28 13:26:04,325.0,16.02
219053fd0b52b800d2c901487d11ee93,1,d189fbf8b5d79a670cebcaaad68d77b2,0d85bbda9889ce1f7e63778d24f346eb,2017-08-17 02:51:00,59.9,27.8
2197e55dca60ccd268157d328616d64e,1,c638e232871cb1e760eaa7e724bc3eb2,99eaacc9e6046db1c82b163c5f84869f,2017-08-17 16:30:21,160.0,15.87
219f831fcedecf53187489f9aad154eb,1,b0961721fd839e9982420e807758a2a6,1f50f920176fa81dab994f9023523100,2017-08-14 04:20:08,59.9,13.44
21be81b09ccb9f3d183ce25919c8c30f,1,fa126ff62aae83e37857ad495641c878,e9bc59e7b60fc3063eb2290deda4cced,2017-08-15 17:35:13,175.5,18.8
21be81b09ccb9f3d183ce25919c8c30f,2,fa126ff62aae83e37857ad495641c878,e9bc59e7b60fc3063eb2290deda4cced,2017-08-15 17:35:13,175.5,18.8
21cd0af59d306fa46a923c811618e3be,1,ab328a14d2698a726fe1ed2695f5f43c,620c87c171fb2a6dd6e8bb4dec959fc6,2017-09-04 11:55:28,69.9,14.08
2206d4b3228f595310b95897101878ad,1,2136c70bbe723d338fab53da3c03e6dc,6560211a19b47992c3666cc44a7e94c0,2017-08-24 02:25:48,29.0,14.1
220d88b24d65edc8d4b8d9eaa5ec0796,1,4039be757013ccb66cb41d683261dece,c731d18cea9bf687ffee82a241c25b11,2017-08-11 11:50:10,142.0,21.48
22281a38dc31a9690f0a19ab47a45610,1,04c4a4b9c924494fcf82e0fba966f955,86ccac0b835037332a596a33b6949ee1,2017-08-24 02:46:09,29.99,16.11
222ca921eb7f9e8bb4fd4cc5af27d943,1,53759a2ecddad2bb87a079a1f1519f73,1f50f920176fa81dab994f9023523100,2017-08-31 14:25:11,59.9,13.44
223b21af0c2d24db54dfa4ee559fbe28,1,6843fcf2daa799e469f08d9ded452d01,75d34ebb1bd0bd7dde40dd507b8169c3,2017-08-11 13:32:11,79.99,21.36
22557cb9c7229669e351a8460240119b,1,d83ccbce75276ea1da5ca97cc4d800d9,6750d71153f00fc58829af2a8ef1bcf1,2017-08-14 23:30:09,159.0,18.68
227d9fcfc9f51432d5ad2898364eafff,1,77f11bb30ec0116ada15b3ff106b744d,ea8482cd71df3c1969d7b9473ff13abc,2017-08-31 23:10:14,18.49,15.1
22aa38d79daf931ecd4c115fdb1f9c05,1,389d119b48cf3043d311335e499d9c6b,1f50f920176fa81dab994f9023523100,2017-08-31 11:45:10,59.9,17.67
22b740460022df3f675528ed4e738ca8,1,b532349fe46b38fbc7bb3914c1bdae07,1025f0e2d44d7041d6cf58b6550e0bfa,2017-08-18 02:24:13,38.4,14.1
22b740460022df3f675528ed4e738ca8,2,b532349fe46b38fbc7bb3914c1bdae07,1025f0e2d44d7041d6cf58b6550e0bfa,2017-08-18 02:24:13,38.4,14.1
22c89f5554dc6e4bc93654840a544f94,1,c857b96593773e940454e76efa8eabb3,cca3071e3e9bb7d12640c9fbe2301306,2017-09-01 13:55:21,56.9,26.94
22cbb862caaa697ec27060c8112bcb10,1,706f09bf92fd217b4c764327c0a17ace,f615fe7efbef0f4f08fd3086bc7a3e60,2017-08-24 13:35:13,99.9,57.37
22cc2d04975ea9d1495ff837953418c3,1,ca92f5c2276bfd491db575cd9de5a70d,7142540dd4c91e2237acb7e911c4eba2,2017-08-21 13:45:16,84.9,17.84
22d041eb8aacc1c62569f7e903a64f52,1,f7bb503725fb4d7bb55301d5bceba728,55a5b51f93f2b70ea513f5a047b0262a,2017-08-28 18:26:00,99.7,25.98
22f1399a4c5b23e40453c44942c04100,1,0becf258ac9a4ab1b6b3da6f0ad205fd,1900267e848ceeba8fa32d80c1a5f5a8,2017-08-16 19:43:53,61.49,11.93
22f83401479022a8e4e700556dc91233,1,7ad0b0e87f7c4eb1b68a8cebf875257b,1025f0e2d44d7041d6cf58b6550e0bfa,2017-08-08 15:15:25,78.0,14.3
22fe48586668c69e7ffec9dd9d0b7d77,1,988a221d27cc482916fd66cd3662ed69,6338ea67c41078a46ad99cc009654956,2017-08-24 18:44:21,29.9,17.92
2304fd42f10881dd456928039a1ef576,1,4ac50dbde931c0a5ed8c33d3dc047351,e5a38146df062edaf55c38afa99e42dc,2017-09-01 13:25:41,61.8,18.67
231f4f9f13fd282b6e1b00f4c7a3cb2c,1,5f504b3a1c75b73d6151be81eb05bdc9,834f3294fba9f932f56edc879193f925,2017-08-22 15:24:42,572.0,64.74
23225d7a5d72f6cfe225cf14c81f37ed,1,caf9add3dcd98d688be0064d9faf65b1,870d0118f7a9d85960f29ad89d5d989a,2017-08-25 20:35:25,54.9,25.22
2355c3ba8f870f103fa43351ffc1a905,1,25f86162fee18735fffdb762dcb10d7c,1a3df491d1c4f1589fc2b934ada68bf2,2017-08-15 03:50:40,159.9,18.37
23628e1dadb5e31443d876fdd2e2893c,1,a96e543f9cfb2ecdb07c59321ff0018c,725c32fa80c2faacc4fc88450d27314e,2017-08-15 17:03:52,119.9,16.47
2372e039a79fcd32009462cf86c2616f,1,5eedf4c1aa6ce63c49b7e0c547bf0ad9,244c2f1bff6afe1f2eaf9bfe9b2aed38,2017-08-18 15:10:20,99.0,52.7
23a4ec9714f8ca77c27110124f5e8259,1,391a014a66920fa0ce468319264e0232,ce27a3cc3c8cc1ea79d11e561e9bebb6,2017-08-29 04:05:23,120.0,9.04
23bab630b11eed4b31aaa2edd31ba773,1,8d1cfc0463b545928bfb4e589e017bd4,aae3bfea055532c57fb453ed3ec80b30,2017-08-10 14:25:12,62.8,14.19
23d2b40718f8b1693ff67644c21d9f70,1,0b6f7f321aeac91ef72512bbae664b13,2745f798279e0ed033addcc1474776d7,2017-08-24 22:24:45,119.34,20.08
23dc1dae65a022e0f216c057e1ad3b72,1,64a15444d55d43542a7b8be3ccd08928,f5f46307a4d15880ca14fab4ad9dfc9b,2017-08-28 04:27:32,49.99,16.11
23dd5794f9e689dc3862270739f8659d,1,6c3effec7c8ddba466d4f03f982c7aa3,37515688008a7a40ac93e3b2e4ab203f,2017-09-04 20:44:18,19.9,15.1
23ddff4d3f6d62081bc0c82a630f294a,1,e03f4e4044f06ae9349b2f891e614923,dc8798cbf453b7e0f98745e396cc5616,2017-08-24 02:26:01,54.9,14.13
23e328eaf02d129b3928e8012ffe85fc,1,b79f1c3ee8b26b90db738fb3c4abc1ce,2e1c9f22be269ef4643f826c9e650a52,2017-09-01 15:30:18,46.99,7.78
23ec62701b81a534e40494d279ea0b83,1,9b564ab4807c6c00dcc56a91c5e1c8a3,46dc3b2cc0980fb8ec44634e21d2718e,2017-08-29 17:50:17,129.99,16.67
24016340d5156f96d37500c78a7fe591,1,330a8a8d810e84c45bf6fece44e082c8,9c0e69c7bf2619675bbadf47b43f655a,2017-08-31 09:30:19,175.91,9.41
24016340d5156f96d37500c78a7fe591,2,3ce943997ff85cad84ec6770b35d6bcd,9c0e69c7bf2619675bbadf47b43f655a,2017-08-31 09:30:19,175.9,11.89
241592e5920372dd08fcb5c8c6fbac75,1,acb4bf13aa9ccb88c7c399fc6b025130,4a3ca9315b744ce9f8e9374361493884,2017-09-04 04:35:51,67.1,15.22
242427a18e5ed02d9a3437e08c70ecc3,1,23601216d4de33d54c6801f27dc59357,1d8dbc4f32378d715c717c1c1fc57bae,2017-08-08 15:30:16,109.9,14.5
24257d104a3908bfd7b8bc9f6e1a2039,1,82e4ad16521ca131d95e198d507db370,128639473a139ac0f3e5f5ade55873a5,2017-08-10 03:03:45,16.9,16.79
24663bb9d145c6d58d207d297edafa3f,1,1ca737c9f8f06b3672be9f9f3f603d36,e7d5b006eb624f13074497221eb37807,2017-08-20 23:50:13,127.9,15.65
246c48e2f25163a7427ed75e3217205e,1,a09fb9f597a4b8a13ab0c72d70c77081,6560211a19b47992c3666cc44a7e94c0,2017-08-28 04:05:14,78.0,12.05
246c8cf4ca9e3c50e4a172a4ba462a11,1,a8b89693eabf7221621a71285e07f486,41b39e28db005d9731d9d485a83b4c38,2017-09-18 10:50:22,94.9,25.21
246c8cf4ca9e3c50e4a172a4ba462a11,2,a8b89693eabf7221621a71285e07f486,41b39e28db005d9731d9d485a83b4c38,2017-09-18 10:50:22,94.9,25.21
2478ddd1d1395639b71cf0d498d8dbf6,1,6bd755fb81238df1567677fb15b2daaf,4e17c65a516f69d023a2ae78b84f28d6,2017-08-18 09:25:15,30.0,11.85
2482120dd4bce28edece66c4a4756985,1,5f504b3a1c75b73d6151be81eb05bdc9,834f3294fba9f932f56edc879193f925,2017-08-31 09:25:10,599.0,37.46
2482a3ac21e8d1e6528ac010fe8c4c4e,1,6b9d88f0b36f59a30d29fd2f77afb645,5b179e9e8cc7ab6fd113a46ca584da81,2017-08-14 00:15:12,89.9,17.88
248f977b0cbdc09f2c33465578b76873,1,776ef0ee36e20757c513e64903f1fa8a,70a12e78e608ac31179aea7f8422044b,2017-08-28 13:06:57,98.0,27.23
24ae7e308aa3bdd9e0723fe828acdc73,1,df480c7d3f979093ac4c2d1109e78289,7e93a43ef30c4f03f38b393420bc753a,2017-08-17 18:15:14,675.99,17.07
24cc22cb128428c65c92a125bae0b517,1,ffaaddefb271481c66d4bd79844ecdae,813348c996469b40f2e028d5429d3495,2017-08-17 22:25:18,13.31,14.1
24f17834d1edff2ec50e2fb099896d80,1,f1c7f353075ce59d8a6f3cf58f419c9c,37be5a7c751166fbc5f8ccba4119e043,2017-09-04 18:44:28,195.0,26.21
25005bc2e7ea41ec988bdd233a251703,1,ec8ae427905e10052ee4f1e9993b6763,1d8dbc4f32378d715c717c1c1fc57bae,2017-08-24 02:15:32,110.0,14.5
2501d981eb7ba23c129bb38d8fefdda8,1,23f52db82a2a0f55b0a1c1ae5b696013,4e17c65a516f69d023a2ae78b84f28d6,2017-09-18 15:49:08,200.0,12.61
2529a7e429d36a4fb9ada1b677a5ed31,1,d66a99b585f1db4d54930362c24882da,dbc22125167c298ef99da25668e1011f,2017-08-30 12:55:18,44.9,26.89
2567b61de29297da09bb8da381d2b37e,1,42eb5329dd0ee3d76d135ce04c84451b,282f23a9769b2690c5dda22e316f9941,2017-09-05 15:15:29,26.7,15.11
256ae4944b9b0399798c2067a3077b94,1,9fc0c73ce4d0eaaead44e81eeefebeb0,c3867b4666c7d76867627c2f7fb22e21,2017-08-21 03:32:43,68.0,15.23
2571a6c25fdc11a26075a9258d73618e,1,5567c10de36ebd118569fc875d064e1b,d20b021d3efdf267a402c402a48ea64b,2017-08-25 15:27:05,29.9,22.32
2571a6c25fdc11a26075a9258d73618e,2,542b3d80712d51eefe3a3cd1c5f4e8fe,537eb890efff034a88679788b647c564,2017-08-25 15:27:05,39.9,4.47
25857521bead5be64bf8305c71db1fa2,1,f343690217692891e7a092d5c1e5eef7,7178f9f4dd81dcef02f62acdf8151e01,2017-08-24 19:35:15,24.9,42.38
2596b6e257bc5fb3e104adb5ca0c41ad,1,2a2d22ae30e026f1893083c8405ca522,1a3df491d1c4f1589fc2b934ada68bf2,2017-09-04 10:45:07,159.0,21.6
25a35f3ddac45387a6140eefc740d2a5,1,671d1f1a67e731435bc7a91569004038,0509040ea3fe50071181bbc359eb7738,2017-08-28 16:27:35,44.8,9.09
25a82fa3e495b6124f9d196f8ab78dfc,1,7fa9cd17cea7ecbac9778cc86b7f9033,520b493b57809f446cb0a233bb3e25c7,2017-08-21 13:45:16,27.0,15.1
25aefb052a481cf1f4aaede6fb1abecb,1,99a4788cb24856965c36a24e339b6058,4a3ca9315b744ce9f8e9374361493884,2017-08-14 03:55:19,89.9,12.13
25af0443015b8d200489039a00361f2e,1,1dceebcc5f23c02ea23e16d5bedca000,4e922959ae960d389249c378d1c939f5,2017-08-31 17:06:36,45.0,9.94
25b5b0ea53b7d5a2d5712a0d9d0b3649,1,3795823a832215210d81bb4f8fafc95b,85d9eb9ddc5d00ca9336a2219c97bb13,2017-09-06 01:06:16,31.9,8.11
25b66d9cb3dd45d25788fdb3e226c5b9,1,130482add9fd75ccb6c57ba007694a2d,87142160b41353c4e5fca2360caf6f92,2017-08-22 07:05:12,105.0,24.11
25c6f0ec957719646d6018427efc5504,1,115f1b22fcff1674f62e4e4dea4aea1a,744dac408745240a2c2528fb1b6028f3,2017-08-14 22:23:28,188.0,13.45
25c8919c8c90673cb1774799b00f8fcc,1,c3219fce25bc0add4fd070f26d55615e,e06f09ec0a4aca210779cf1cfc63cf19,2017-08-30 11:44:00,513.9,14.8
25d98499d4fbac84c6e15d83148cf23a,1,42b3cf00e662d57725bd2425b106563f,820cc752a266cdc6c1a1e61dd4583330,2017-08-07 10:50:08,299.9,15.83
25df55b3cb298807a64158bf3b4d26d1,1,b79361867edbe85462b548334d136a8a,e24fc9fcd865784fb25705606fe3dfe7,2017-09-05 09:50:16,150.0,8.79
25ed8cc8c43f4ebcabd60fc31840c401,1,22c5ddc22ea8cae84fc9917def682dc6,cc419e0650a3c5ba77189a1882b7556a,2017-08-21 03:15:30,56.99,8.72
2606fd314bc04c4e20265d5c09750f67,1,2a2d22ae30e026f1893083c8405ca522,1a3df491d1c4f1589fc2b934ada68bf2,2017-08-20 22:30:14,134.9,53.3
2613fb342bec59126f9c5180a5bc95ec,1,9011dc38b7f50972289ff46cd50b40e2,cca3071e3e9bb7d12640c9fbe2301306,2017-09-01 16:10:14,49.9,12.69
26261556487a03e52339403486ef134d,1,7c0ff36de8af6f43eabd036729ff64a1,6560211a19b47992c3666cc44a7e94c0,2017-08-16 22:55:19,39.0,7.78
26343f9d74c00cf82b588331730367e9,1,0432203d03868bfe5fdbb86fb2148474,855668e0971d4dfd7bef1b6a4133b41b,2017-08-29 19:05:42,185.0,23.88
264079098544c963529838aa8bc915d6,1,3c46d3f68a377931cdadfd72c6158643,0db783cfcd3b73998abc6e10e59a102f,2017-09-05 02:10:21,109.0,15.51
2640b5421e2a450c8276a27da5ea7d2f,1,faf5197fc8d54df7b3db90fa48ee193c,96493fab2fbb13a14d0c0e8772eef5c3,2017-09-04 09:25:40,389.0,21.26
264e91053cd726b067922356be6fd618,1,e6ca601b0b9189e6471ccf0667985c9b,94144541854e298c2d976cb893b81343,2017-08-09 18:43:36,1299.9,27.64
266a128ffe5eacefb46101fc59cc1303,1,36df104745cb6dd332bd1eff627af709,0adac9fbd9a2b63cccaac4f8756c1ca8,2017-08-17 02:51:04,9.73,15.1
266a128ffe5eacefb46101fc59cc1303,2,36df104745cb6dd332bd1eff627af709,0adac9fbd9a2b63cccaac4f8756c1ca8,2017-08-17 02:51:04,9.73,15.1
266a128ffe5eacefb46101fc59cc1303,3,36df104745cb6dd332bd1eff627af709,0adac9fbd9a2b63cccaac4f8756c1ca8,2017-08-17 02:51:04,9.73,15.1
266a128ffe5eacefb46101fc59cc1303,4,36df104745cb6dd332bd1eff627af709,0adac9fbd9a2b63cccaac4f8756c1ca8,2017-08-17 02:51:04,9.73,15.1
266b0e02c5f1de0a40f86f63180419ad,1,c2a1ff8408a1c857c8730e4d12da714e,95e03ca3d4146e4011985981aeb959b9,2017-08-11 03:10:24,69.9,11.98
268270567c35e07af0d2f8c8cc978410,1,b532349fe46b38fbc7bb3914c1bdae07,1025f0e2d44d7041d6cf58b6550e0bfa,2017-09-05 05:32:18,38.4,7.78
268270567c35e07af0d2f8c8cc978410,2,b532349fe46b38fbc7bb3914c1bdae07,1025f0e2d44d7041d6cf58b6550e0bfa,2017-09-05 05:32:18,38.4,7.78
268270567c35e07af0d2f8c8cc978410,3,b532349fe46b38fbc7bb3914c1bdae07,1025f0e2d44d7041d6cf58b6550e0bfa,2017-09-05 05:32:18,38.4,7.78
268762d6a983092f8632e379836806eb,1,e3425df9bd51be69917273c9dd92ed5e,86ccac0b835037332a596a33b6949ee1,2017-08-31 13:10:15,67.9,28.88
268c7ddac25f29e6e3b002a768eabab7,1,0aabfb375647d9738ad0f7b4ea3653b1,37515688008a7a40ac93e3b2e4ab203f,2017-08-30 12:30:14,19.9,11.85
268c7ddac25f29e6e3b002a768eabab7,2,0aabfb375647d9738ad0f7b4ea3653b1,37515688008a7a40ac93e3b2e4ab203f,2017-08-30 12:30:14,19.9,11.85
269dca34759215efcea85ba5b0333351,1,0900e9b18da6627157a7e47a8ac8fc08,6560211a19b47992c3666cc44a7e94c0,2017-08-08 21:30:10,29.0,14.1
26c2b0e7dd3eb988721bb042f783c80e,1,de7087431dce1f95bf39105df32825cd,262237171f48e85819065498cac80d7b,2017-08-08 09:15:10,59.9,17.99
26c2b0e7dd3eb988721bb042f783c80e,2,de7087431dce1f95bf39105df32825cd,262237171f48e85819065498cac80d7b,2017-08-08 09:15:10,59.9,17.99
26c2b0e7dd3eb988721bb042f783c80e,3,de7087431dce1f95bf39105df32825cd,262237171f48e85819065498cac80d7b,2017-08-08 09:15:10,59.9,17.99
26c2b0e7dd3eb988721bb042f783c80e,4,de7087431dce1f95bf39105df32825cd,262237171f48e85819065498cac80d7b,2017-08-08 09:15:10,59.9,17.99
26c2b0e7dd3eb988721bb042f783c80e,5,de7087431dce1f95bf39105df32825cd,262237171f48e85819065498cac80d7b,2017-08-08 09:15:10,59.9,17.99
26d68d1f4cc791daedd467b3519ed476,1,64fb265487de2238627ce43fe8a67efc,4a3ca9315b744ce9f8e9374361493884,2017-08-31 02:24:51,99.9,15.45
26e05207defbabc549b477ecdd135e06,1,d5cf2d1224d6d3a279dc2593f5a824fa,e067ad2c1c0b48758eb1b5228bcf7a68,2017-09-01 17:55:20,74.9,25.8
26e66858735be44e0f1875beba05fa56,1,88dd63919fc9ab693803578a04a20209,7ddcbb64b5bc1ef36ca8c151f6ec77df,2017-08-30 22:25:09,39.99,14.1
26ee148fb7de61a887e22108db88f609,1,4ac218f276a40201c282dd01401e9bd8,9c0e69c7bf2619675bbadf47b43f655a,2017-08-14 04:32:45,195.9,10.79
26fc240b5fd33abb402b5ccef557ec7a,1,4257f45f6ea58aa46885ed7ef723b6c0,004c9cd9d87a3c30c522c48c4fc07416,2017-08-23 12:55:27,85.99,33.05
270087d97c6abc409514129d62d3a513,1,c7bcab3a7039340cf46705f43bab3ee2,2d50d6282f8aa2257819a77bfaa0efe0,2017-09-06 13:55:17,49.0,12.69
27193efa36420f91e43ee1e1d4416d2f,1,53b36df67ebb7c41585e8d54d6772e08,4869f7a5dfa277a7dca6462dcf3b52b2,2017-09-04 20:30:15,159.9,12.62
271cf6fbd3f70026fc60ccf8139f8a2a,1,6773d02aae1c902e98b3270fe94d789f,1464afc72f696af775557a821c2e253f,2017-09-01 13:25:13,19.9,8.27
271d4e7bb763fdd2d4975ca1421ff1cd,1,1528d0673079ce2d79d29753b800d76e,01fdefa7697d26ad920e9e0346d4bd1b,2017-08-30 22:16:16,59.9,16.18
2728685c083a4749558ea7e44578a0c3,1,389d119b48cf3043d311335e499d9c6b,1f50f920176fa81dab994f9023523100,2017-09-06 02:35:24,59.9,28.82
2736bf7aab22cee55c31e7fedc6e2a45,1,21fd3b391a97c2fedab9d0efdd183a93,9de4643a8dbde634fe55621059d92273,2017-08-17 04:26:28,527.99,24.19
2739ecbc7e87995e0d2efb6f603f6c2c,1,22594ba8fd9a72ad95d352929c821560,7c67e1448b00f6e969d365cea6b010ab,2017-08-23 11:30:17,99.99,19.42
273f82958d907705dde15be4062c6888,1,154e7e31ebfa092203795c972e5804a6,cc419e0650a3c5ba77189a1882b7556a,2017-09-07 22:55:21,23.99,16.79
27428009109805ea69e0638806aa97ef,1,1de74e63d630007567726953a4eb2b36,a49928bcdf77c55c6d6e05e09a9b4ca5,2017-08-24 18:50:15,79.9,11.76
274a6764e395cbc9a23bd102f47dbad8,1,154e7e31ebfa092203795c972e5804a6,cc419e0650a3c5ba77189a1882b7556a,2017-08-29 15:55:07,23.99,15.1
2771a9b2fefbbaee6eb0924c73b0b32e,1,6f9cd9232c9ff3227676284c0b13c70a,b5e3e38609125694d2ea2417522a60b7,2017-08-25 14:05:30,89.99,17.91
2771a9b2fefbbaee6eb0924c73b0b32e,2,6f9cd9232c9ff3227676284c0b13c70a,b5e3e38609125694d2ea2417522a60b7,2017-08-25 14:05:30,89.99,17.91
277630ca53de43c81908ab9b5eb121a9,1,87d780fa7d2cf3710aa02dc4ca8db985,da8622b14eb17ae2831f4ac5b9dab84a,2017-08-21 03:50:24,99.9,13.72
277df787ca081b6172162147d83baca1,1,af1190b9fff9a3c0ea7bc29ef8dfd8c1,0432ead42b6c8a0bdf68154add917fdf,2017-08-18 07:10:31,89.9,17.07
27981b144a3edfc540ff14f416ff7311,1,de916cab431520b8d1980c24bf4dd473,3d871de0142ce09b7081e2b9d1733cb1,2017-08-15 00:35:48,19.9,11.85
279f4b9e7b2a4b2b98c0d8c8a8f2a4b2,1,35afc973633aaeb6b877ff57b2793310,4a3ca9315b744ce9f8e9374361493884,2017-08-28 11:50:49,89.9,17.88
27ae4a0be8ab218e05e205f6fcacb88b,1,d39421ec4cc2bf52e35f8bf00f1ec314,cc419e0650a3c5ba77189a1882b7556a,2017-08-22 03:31:28,49.99,11.73
27bbbf29930f786db682f681aa56219e,1,671d1f1a67e731435bc7a91569004038,0509040ea3fe50071181bbc359eb7738,2017-08-22 20:55:16,44.8,15.79
27bef9e280946001761b32ae6463dbe0,1,a2e23998b013d26d049d721aa7a32e1b,3504c0cb71d7fa48d967e0e4c94d59d9,2017-08-16 15:43:42,24.99,7.78
27d7ae4ad298e3686566ac8e9ff928e5,1,a3ceb95649a48c0c54ae4bd1dd66d035,6c177e38df6d3f34182b1f1d427231bf,2017-09-04 13:50:17,140.0,26.01
27dbd42aa8b64d7a5b2439f14b649189,1,e860f15d3088aa6d981bf37b7d3e6020,ca3bd7cd9f149df75950150d010fe4a2,2017-09-15 04:31:54,34.2,16.6
27dbd42aa8b64d7a5b2439f14b649189,2,623ca22610ff4563843c9568e1f9c870,ca3bd7cd9f149df75950150d010fe4a2,2017-09-15 04:31:54,34.2,16.6
27e4b27a4dcfd36a9ef0fdfb2fd1d476,1,c42a54d639771f80d5ea22dd39a0d845,cf2384dd2f1dddea3f838efed0945e65,2017-08-31 14:05:15,125.9,29.92
27e5ed2ecefbe0bcc9ae0c9b26b763c3,1,8ad5422c2f13436a172cbdd5f2faa00e,d91fb3b7d041e83b64a00a3edfb37e4f,2017-09-05 07:00:06,35.9,16.11
27f453b6858eb4711c97e65001f7c4aa,1,08545faed0310009ebba7ba4537c2727,d91fb3b7d041e83b64a00a3edfb37e4f,2017-09-01 10:44:49,376.8,27.48
27fe1bf2ef6671ce5e66d6958f828422,1,ee1bcbbf391346d60af2af0fb84ed1c6,0afccdb8a34ee5c79f7c06faf2b4d56e,2017-08-14 01:24:06,39.9,15.1
2819ec2a16c2a605c9f8662af33e1977,1,b1acb7e8152c90c9619897753a75c973,cc419e0650a3c5ba77189a1882b7556a,2017-08-30 04:15:55,34.99,34.15
283b742fe68780cce8df4470d11ac981,1,fa23bf270fb9880690b07d09b9f9ff20,1b8356dabde1d35e17cef975c3f82730,2017-08-18 09:45:13,59.99,17.99
2841fd83431ec02cb85c516664c128a1,1,eaeb396efeff789c9e55a5126a2c6885,dc4a0fc896dc34b0d5bfec8438291c80,2017-08-17 19:05:41,34.9,15.1
28a1f9cca638114ce8fc6ddfce2b7d52,1,7fa9cd17cea7ecbac9778cc86b7f9033,520b493b57809f446cb0a233bb3e25c7,2017-08-31 08:24:18,27.0,8.27
28a1f9cca638114ce8fc6ddfce2b7d52,2,7fa9cd17cea7ecbac9778cc86b7f9033,520b493b57809f446cb0a233bb3e25c7,2017-08-31 08:24:18,27.0,8.27
28ae7dbc99157a977761ee40698dea20,1,0a74b9407eaec9d6c760a1e92c10d96c,f41ce2e25237f9092cd8e6e7516c7a2f,2017-08-30 23:05:40,90.0,15.39
28c04306e978f12f75bf6d7a989a4ccf,1,7fa9cd17cea7ecbac9778cc86b7f9033,520b493b57809f446cb0a233bb3e25c7,2017-08-16 16:30:19,26.0,15.1
28c04f43311b7418e84ad77c76d1adee,1,53b36df67ebb7c41585e8d54d6772e08,4869f7a5dfa277a7dca6462dcf3b52b2,2017-08-08 12:36:02,159.9,12.62
28c64e857ee676bae6e88191ad4fc730,1,952670bc019a73f0933157ec82ff6e4f,37be5a7c751166fbc5f8ccba4119e043,2017-08-22 03:30:18,205.0,22.27
28ce9f21d700f4d00c2d53fe829911f3,1,010c38887e6a41a5acfea2687515b254,cca3071e3e9bb7d12640c9fbe2301306,2017-09-14 18:10:58,59.9,17.67
28d1a3ffec32edd0241a144474f1532d,1,c45f017c36f9112a8bb4f170edfb1870,dbc22125167c298ef99da25668e1011f,2017-08-14 03:55:16,94.9,14.39
28d7626c30f05e9a92ae5a3910f6f603,1,d6d121aae35cf0cb9078f82deb7047d2,537eb890efff034a88679788b647c564,2017-08-25 11:04:42,28.9,14.1
28eaf054725f4dd3ce26c67682468831,1,7ace8e994998f636a12d3cdc71c6b942,897060da8b9a21f655304d50fd935913,2017-08-10 15:35:55,29.9,15.1
28ef7ea1532ed7eb57904e7e55e9f6a1,1,2cd4861a56a6f98288e0281e47f4b1d5,4a3ca9315b744ce9f8e9374361493884,2017-09-06 18:05:20,422.0,18.71
28fb72e69040221a2e471a51c251f8da,1,d9d5e3c7a8d24dfb8968ba75e4313ac3,dbc22125167c298ef99da25668e1011f,2017-08-22 18:10:18,50.9,13.38
28fbe65f18578f91f026300af5e6bdbc,1,62d8daeee0db3a60c234c2d1bfd10651,d2374cbcbb3ca4ab1086534108cc3ab7,2017-09-04 18:35:19,24.9,11.85
28fbe65f18578f91f026300af5e6bdbc,2,62d8daeee0db3a60c234c2d1bfd10651,d2374cbcbb3ca4ab1086534108cc3ab7,2017-09-04 18:35:19,24.9,11.85
28fbe65f18578f91f026300af5e6bdbc,3,62d8daeee0db3a60c234c2d1bfd10651,d2374cbcbb3ca4ab1086534108cc3ab7,2017-09-04 18:35:19,24.9,11.85
29005d903202063a0ff076bfdf7fcc13,1,33fd25c03ded294654c7d7ed6677c475,530ec6109d11eaaf87999465c6afee01,2017-08-15 17:30:21,166.9,30.21
2914261304b677c941947ce10f6424ec,1,bc74f63361c15c1a5baa5b97ac432e62,4869f7a5dfa277a7dca6462dcf3b52b2,2017-08-09 03:05:54,199.0,16.14
29387d1a6575cfba53d5b7ec40c4a338,1,abe90b94fe9bb697a9f2bd7e25029c2f,e333046ce6517bd8bb510291d44f0130,2017-08-23 02:50:17,439.0,20.32
293fe99febcd4990b7ab31c5cd2abfd5,1,b1acb7e8152c90c9619897753a75c973,cc419e0650a3c5ba77189a1882b7556a,2017-08-28 16:35:13,34.99,7.78
294daf7c492131f5d3168a93bb1b74f9,1,425ca58a47a3eeb10c21c05ddf8d7a52,26d8a1c7c75d513045798992ead43aa2,2017-08-24 02:50:08,109.99,13.79
297358750c4d97989ee76a22ce38764f,1,2f9c2888168b8c2d8e625905f3737057,6c177e38df6d3f34182b1f1d427231bf,2017-09-04 22:45:11,99.0,16.13
297dfeab4cdd5749b9d6485e13e89877,1,f81cb4720a94848a6c7627ae0473bcd3,98e164d549402270247f3c96a1a158ef,2017-08-23 23:45:25,84.6,9.41
29a5e96ed1133228a266d52f12bcba32,1,774bf54401ea79ee6962d25b605716dc,06e5eefc71ec47ae763c5c6f8db7064f,2017-09-06 04:31:29,499.99,45.53
29a73b04c3a24a3d00b7262ab67299ad,1,8c5de6354d95c9a3cd8243bbab60d301,dd2bdf855a9172734fbc3744021ae9b9,2017-08-30 14:25:29,39.9,21.15
29b56549adf0256e35b6aabd8a7f7455,1,a35c14eaa384acf7aabbbec3bd76fae6,0bae85eb84b9fb3bd773911e89288d54,2017-08-11 17:23:06,43.98,17.6
29b821b6d11aa7db50368287e7d8d9fc,1,2eb3f7edda1f0799d78ffade55e64374,d32e3909cfb714fb2a6cb092c85b9c5f,2017-09-06 17:25:09,119.9,27.38
29c20a338ac69db0ccfe9702b4f94a54,1,e236a6527b89f3e6dacab326f7a33fd9,c3867b4666c7d76867627c2f7fb22e21,2017-08-16 02:50:27,150.0,18.3
29e12a2232dff5d6c78392998b660f42,1,2ccd049c8e7ea210e079a1aa8ad92477,3d871de0142ce09b7081e2b9d1733cb1,2017-08-16 22:50:16,69.0,17.73
29f86ab2838875a2fa6f612f9e21d421,1,6fd226a10216de446ea64b67ebc6d8cc,9646c3513289980f17226a2fc4720dbd,2017-08-24 21:44:22,19.9,11.85
2a08278777d9f1a73321180ce445b630,1,97b1f3f9eeee9126dc8109846aa63ca0,272f092de69afedd4d2969440b37f18f,2017-08-10 12:30:13,49.9,14.1
2a2facd836dcb344b5af3736c563b1ac,1,8bd9ea581812a401d20fdccc7b8abb1a,e5a3438891c0bfdb9394643f95273d8e,2017-08-29 09:25:47,59.9,11.92
2a358c47c330a979b1be5fa20e6dc96e,1,d5991653e037ccb7af6ed7d94246b249,25c5c91f63607446a97b143d2d535d31,2017-08-16 09:35:24,144.97,38.56
2a3aa58325fd4e7edf1cc7f07edc063a,1,7c0a2a31bc479e366fe9fee1f5bc62b3,5c243662ce92d84573bfaff24c3e3700,2017-08-18 13:05:12,129.99,13.46
2a41e607e8c88abf9f0b0f8f982dce13,1,d56c9fe93d4e5fbdec5bb1ffff397fd7,0be8ff43f22e456b4e0371b2245e4d01,2017-08-17 02:51:17,59.9,16.48
2a41e607e8c88abf9f0b0f8f982dce13,2,baf59a3a8f15ea34f04394f44bad573a,dbb9b48c841a0e39e21f98e1a6b2ec3e,2017-08-17 02:51:17,39.99,0.02
2a4cf847d8e23123b4421ef7f7dc3d9f,1,f71f42e2381752836563b70beb542f80,85d9eb9ddc5d00ca9336a2219c97bb13,2017-09-19 16:50:08,31.9,14.1
2a4e71291d5a82e5793485d0a2aae555,1,f264c1d9b20b5e4a340254d0405e613b,7a67c85e85bb2ce8582c35f2203ad736,2017-08-31 17:44:12,69.99,11.73
2a5509f085830eb1ed8de4678769c2ab,1,5d7c23067ed3fc8c6e699b9373d5890b,6560211a19b47992c3666cc44a7e94c0,2017-08-30 12:30:19,49.0,7.78
2a793a414091e9c1721f07d59a3b7c39,1,7d50930301709838d8e90dcac5cfaa84,9616352088dcf83a7c06637f4ebf1c80,2017-08-14 18:50:19,59.9,12.55
2a834f698c8b713627f7729b9c164746,1,19ff2d1670779cdd13a453274509bc1c,835f0f7810c76831d6c7d24c7a646d4d,2017-08-07 15:03:42,139.9,8.23
2a86b167faca061eb024043376211562,1,975828c8db28051cee10ac26b418430a,272f092de69afedd4d2969440b37f18f,2017-08-24 19:10:20,40.0,17.63
2a938ab677c1c4b10ef1a62a22279dce,1,d0d132ac4a5d20f11e05ffd8ca3d2e3f,70a12e78e608ac31179aea7f8422044b,2017-08-23 09:30:10,89.0,15.37
2a94e7d7579b7452fd58d7d93edeb4f7,1,4a3b0111d9c112251e4732b44d1d118b,3a734b715d333a2588a3d54a0c9b8746,2017-08-24 02:16:04,110.0,21.57
2aaec06a05dcae79035bc3b85c53d817,1,c6a212ed7d57767d94530e11fabcd06f,48fb026ed7455a42f5d3e9390ed5088e,2017-08-23 23:10:14,47.99,12.35
2ab3b248aae3f6dc906f0192aadb5ecf,1,1b726b3b028ce5af355fc94c066520d7,d91fb3b7d041e83b64a00a3edfb37e4f,2017-08-15 00:50:11,91.45,12.14
2ab77939476b7300425fb6a02125579f,1,c857b96593773e940454e76efa8eabb3,cca3071e3e9bb7d12640c9fbe2301306,2017-08-28 13:16:00,51.92,12.7
2ab77939476b7300425fb6a02125579f,2,c857b96593773e940454e76efa8eabb3,cca3071e3e9bb7d12640c9fbe2301306,2017-08-28 13:16:00,51.92,12.7
2abed06af11ab7e3bc833f1b1535ba25,1,9219ce85918a5d26bca1a6fddf3a1402,6cd68b3ed6d59aaa9fece558ad360c0a,2017-08-22 23:20:16,57.9,20.25
2abed06af11ab7e3bc833f1b1535ba25,2,13c20e4b6e3e7d4f0f336fedcf4198da,6cd68b3ed6d59aaa9fece558ad360c0a,2017-08-22 23:20:16,30.9,8.01
2ae27be1dc98f5a04985f016c58c71e5,1,7435b3acc47c0cccaf692a61002d8908,ff063b022a9a0aab91bad2c9088760b7,2017-08-24 12:55:29,78.0,13.1
2aeccc79ee65865edc103faeb5c519c8,1,7be98a47ebb9ce48dfa91163428bb9d9,4ba52dfeba874da5b9ee7b17c7494f04,2017-08-30 18:34:12,180.0,13.82
2b020fc22c27548cc22ee8447edad356,1,860a24fe5502e492593ec000b1c33559,f650a9708fa1bab22bdd8d3a818cc415,2017-08-08 14:23:13,91.71,15.39
2b18686c9329e1cd201d6d4015268ca9,1,29a42e500c8eae1e055a5ad893b46119,f615fe7efbef0f4f08fd3086bc7a3e60,2017-08-14 09:31:35,129.99,13.25
2b1d82acc9561318937048bf5ea0a990,1,d189fbf8b5d79a670cebcaaad68d77b2,0d85bbda9889ce1f7e63778d24f346eb,2017-08-23 20:25:22,59.9,25.26
2b1e6b2fd50454ea70f9e8f9b437d24d,1,a88cfe5c20413ddeff0a060c4202d278,05f51e13da97139648b8125c31e5f51b,2017-08-15 17:25:17,379.9,74.29
2b234cbc0fc80ec00c9ab6f0ca1aca88,1,6109d0cae3bcb57d579bc0fab6e61814,dbc22125167c298ef99da25668e1011f,2017-08-16 09:55:10,85.9,14.33
2b28a74a8b08931237c8f73bb7262bcc,1,e8c6039a25765995ac7c1ec2cbef5765,3d871de0142ce09b7081e2b9d1733cb1,2017-08-08 13:05:18,19.9,15.1
2b28a74a8b08931237c8f73bb7262bcc,2,e8c6039a25765995ac7c1ec2cbef5765,3d871de0142ce09b7081e2b9d1733cb1,2017-08-08 13:05:18,19.9,15.1
2b4f5c83b6126ea43058d397a83fd0a7,1,09c2dde20d43a2b79ec17fa25a5ad6b6,718539d38d07dd351c76db862760e2e2,2017-09-04 16:44:54,32.64,11.85
2b544b8241dd8fff06e4585c901d885e,1,a88cfe5c20413ddeff0a060c4202d278,05f51e13da97139648b8125c31e5f51b,2017-08-09 15:15:11,349.9,74.08
2b7c4c43299a0641e8d9c0f8b5239191,1,1c56f826f3a1fdf255e3fb5fa7637d3e,325f3178fb58e2a9778334621eecdbf9,2017-08-23 03:10:24,19.9,14.1
2b7c4c43299a0641e8d9c0f8b5239191,2,1c56f826f3a1fdf255e3fb5fa7637d3e,325f3178fb58e2a9778334621eecdbf9,2017-08-23 03:10:24,19.9,14.1
2b816c3dd6289435f8cbb71f22f4061f,1,0a23fd10720c5ffc6c7f5e66b0b26ae2,53e4c6e0f4312d4d2107a8c9cddf45cd,2017-08-24 19:10:18,35.99,28.28
2b816c3dd6289435f8cbb71f22f4061f,2,99a4788cb24856965c36a24e339b6058,4a3ca9315b744ce9f8e9374361493884,2017-08-24 19:10:18,89.9,4.71
2b859a50927381b5e99fbf88aea9d1df,1,b2d98b6f547c14e29a9e72b8e630d936,004c9cd9d87a3c30c522c48c4fc07416,2017-09-01 07:30:18,115.0,21.3
2b9f8ad9f32e83a7cc84270f04858de6,1,6630485063578b527549697547ed3ed5,1554a68530182680ad5c8b042c3ab563,2017-08-24 19:35:14,29.99,37.9
2bb1693e6826b1ef5f46a4e33f0dbef8,1,9483476ac5b7549f7df5ff12fb6fb5d9,615005a3ef192c00c6f0e977cee3d2bc,2017-08-24 02:31:05,23.4,15.1
2bbef351a53fef6df1c423b96cbfec31,1,43f88c8353708451babf9bcdd1fda92a,cab85505710c7cb9b720bceb52b01cee,2017-08-07 11:50:21,49.9,11.85
2bc68e526b27d2a28478a963d0ea2d56,1,ccd686475dbff77b93871eae4754526b,bacb1f0ed56ad24198f5810d2b3fe9a5,2017-08-15 18:50:10,163.8,14.54
2be4ffd7d4cce421234db66149a7f749,1,f4b3b257580c1430e51d71dd731273c2,f84a00e60c73a49e7e851c9bdca3a5bb,2017-08-22 17:44:47,109.4,41.57
2bea071a4b1ffc8f01204ba3f0721ac1,1,dd6701abf8ccf81f932abdb773d15b15,784ba75dd9d20200c4caed3d7a77141a,2017-08-28 00:55:07,9.99,15.11
2bef1137ad13dce586ff456d72e62549,1,27b63e625b46d9fa220450d4a204c0b8,004c9cd9d87a3c30c522c48c4fc07416,2017-09-01 14:25:20,159.99,16.75
2c02d17ab6c97e9a58c6bf900a39aa46,1,35afc973633aaeb6b877ff57b2793310,4a3ca9315b744ce9f8e9374361493884,2017-09-08 02:30:33,89.9,13.65
2c13bb8f7c76a004da31e89b0b06d9af,1,be62243c73473ddb40dca0d1cf38bc87,c24173065483e421f9e5e7f599de101d,2017-08-14 04:23:57,37.99,14.1
2c1c4a8d435d8080c8e01dae4d7a5af3,1,06c6e01186af8b98ee1fc9e01f9471e9,fc906263ca5083d09dce42fe02247800,2017-08-09 22:55:16,39.9,25.63
2c3723bb7d16a32dea44d6431d55ac68,1,d1133fab4bf2da55f3ebdd4de51d8587,86ccac0b835037332a596a33b6949ee1,2017-08-17 19:43:43,62.83,35.76
2c4f5d63471424bab535f4ff1051823d,1,2820a0ee65a765e5dbb7ef1da30d2f4f,b1b3948701c5c72445495bd161b83a4c,2017-08-16 19:43:54,379.9,19.91
2c61d0e37fba7aea7d8b7f27091be232,1,af51d485dc5255ba2e18b21b550156e6,5dceca129747e92ff8ef7a997dc4f8ca,2017-08-14 16:00:09,289.9,87.19
2c6e01c8eed693c9cddbaf86bdd25e31,1,a8fe47ad6f852f93cc92c7b408687de3,aaed1309374718fdd995ee4c58c9dfcd,2017-08-18 12:45:22,72.9,16.27
2c8166a4f7d0752f25e70f45565db8b9,1,c6f91a747904e6f2a5164c862c3b6633,f214d28e8d8e3ef068748498ccc2f813,2017-08-21 00:25:21,39.99,16.79
2ca97597bd5b2e4c419dccd661439910,1,7506f10f7460992e59f979011541e00e,da8622b14eb17ae2831f4ac5b9dab84a,2017-09-10 23:15:17,429.9,36.37
2cb13a60aa8162ece6fbc46f608f56b5,1,b99e4f4fa3f421e0ffbd512d9f152dec,128639473a139ac0f3e5f5ade55873a5,2017-08-29 07:15:16,14.9,12.48
2cbf2dc826b85caf29dffe226a9fe644,1,368c6c730842d78016ad823897a372db,1f50f920176fa81dab994f9023523100,2017-09-07 22:05:40,59.9,19.66
2cc53a4aa9a5a0f2c0ff6559260fb1d4,1,0b48eade13cfad433122f23739a66898,8c3b533c63cca56240f94f1e3a6b18ef,2017-09-04 21:05:10,514.88,163.52
2cc53a4aa9a5a0f2c0ff6559260fb1d4,2,0b48eade13cfad433122f23739a66898,8c3b533c63cca56240f94f1e3a6b18ef,2017-09-04 21:05:10,514.88,163.52
2ce1ad82022c1ba30c2079502ac725aa,1,f35927953ed82e19d06ad3aac2f06353,669ae81880e08f269a64487cfb287169,2017-08-17 04:15:29,115.0,15.56
2ce757e7e2cf3442241e4646b3472dd0,1,68bf2e76db1d8e846042e54da87399ca,1a3df491d1c4f1589fc2b934ada68bf2,2017-09-08 11:10:13,85.9,29.0
2ceb986b3043c2f73ab7577c6a41830e,1,fa126ff62aae83e37857ad495641c878,e9bc59e7b60fc3063eb2290deda4cced,2017-08-14 18:55:20,175.5,16.99
2cf41be0101a0a0487c951ef0de7ee5e,1,c8abdbe349a97073e7aebc795be55bd8,6a0cbc8af2e8abd1bdfb777943d174c6,2017-08-08 22:30:19,105.9,21.23
2cf60e81bd122e58c99e87fa99fd24cb,1,8466762a9393a2b2b1de73f3cf6081a3,1dcfa3835714681d4ba4a93bc1e0fd41,2017-08-30 21:30:10,79.9,25.84
2d063770853ccc944a0eea618c125f82,1,b944aabf1fc45c01599ee96c7f4d533e,128639473a139ac0f3e5f5ade55873a5,2017-08-24 02:10:23,14.9,12.48
2d0aa670db1b1678d2de5127f85c0729,1,1f30aacc69904c0d0bf8d05cb2abef72,4a3ca9315b744ce9f8e9374361493884,2017-08-23 18:15:25,135.0,12.45
2d0da8435c6493de84783c21578638aa,1,4f130a13e2dd77a6f88f31e7addcec0c,4a3ca9315b744ce9f8e9374361493884,2017-08-11 09:10:18,59.9,16.18
2d1d5777f29a8ee6593cf90b85afb5b6,1,0d79e2972015716ede4fabeb5b60f8c6,4da0e408c99d2fdc2126dc9fce518060,2017-08-07 22:45:13,76.9,14.27
2d1f08f7693e119a191d97d953258189,1,d4a816cb2593a92590cabdaef6549b90,6df688df543f90e9b38f4319e75a9d88,2017-08-10 14:30:17,32.39,0.92
2d1f08f7693e119a191d97d953258189,2,c59a1dc190f9bfe826a1b40edb7593e8,6df688df543f90e9b38f4319e75a9d88,2017-08-10 14:30:17,32.39,17.08
2d28eb893fa75595ccee7c92df0d7ce2,1,2cbd0f06c3123f0bd14c4bffc0498996,2138ccb85b11a4ec1e37afbd1c8eda1f,2017-08-07 15:03:37,39.99,7.78
2d2af0a625555b1d0ca95f6feed922a9,1,0c90ffc8c44fe5d3e020002cc4da9496,139157dd4daa45c25b0807ffff348363,2017-09-08 11:25:12,29.9,7.78
2d33e2f321b7f676de5d3ab87c08d1ab,1,50b9ed3a22932b28d452c73046083f5d,55a5b51f93f2b70ea513f5a047b0262a,2017-08-10 22:31:58,34.6,16.79
2d3ea45912e1469b558f6235da4d1689,1,4a16a14bc51cda6c35221b3beb01c037,7e93a43ef30c4f03f38b393420bc753a,2017-09-01 16:15:27,219.99,10.35
2d4bc14df7f5eaf36d2ef6d9a5b7c0d8,1,eb8851552616597cd924ef25f16706ed,17ca9b9e9b9ef8fdb529001b49ebb50f,2017-08-24 16:10:13,69.97,15.17
2d4f4cfa89af135842ed4770de178752,1,50aa8f292a9510d5542f2a078903a2a7,834f8533b2ecb6598dd004ff3de7203a,2017-08-14 10:50:17,63.92,15.2
2d58fd72f5132f237b78fe897e578603,1,fb8848eaa1d50492a9c1e8424a86b316,5962468f885ea01a1b6a97a218797b0a,2017-08-11 12:00:22,149.0,14.79
2d6714a64529023a331a4768990126b5,1,542b3d80712d51eefe3a3cd1c5f4e8fe,537eb890efff034a88679788b647c564,2017-08-17 10:30:17,39.9,7.94
2d7020e369fc532ef78a4529a7626a33,1,d4df40885b1fc8d86727708a763e1335,e9779976487b77c6d4ac45f75ec7afe9,2017-08-08 02:55:45,31.49,9.94
2d74fd323d42fddd4e9a4398d5c589c6,1,4c2c252ccca76d23a1ebdb3aa61e69d6,7a67c85e85bb2ce8582c35f2203ad736,2017-08-14 17:37:06,199.99,12.6
2d816b6a11ddd3843f307d1333321091,1,4c82c8d31845d751d797debc3d03697f,ce27a3cc3c8cc1ea79d11e561e9bebb6,2017-08-28 19:06:03,18.9,7.78
2d99133897553f4c8ac31ec3ab36fe67,1,d1c427060a0f73f6b889a5c7c61f2ac4,a1043bafd471dff536d0c462352beb48,2017-08-10 19:35:19,139.99,23.78
2d9d63715c81835d6114d3f608fd9f1c,1,805967bd91579942b3caac4ebcc39a54,391fc6631aebcf3004804e51b40bcf1e,2017-09-04 10:15:17,49.95,15.1
2d9ef7f1b2ca0880fe896fa2a4b7c5bd,1,62d8daeee0db3a60c234c2d1bfd10651,d2374cbcbb3ca4ab1086534108cc3ab7,2017-09-03 23:10:13,24.9,11.85
2dabb10146331fc98c0322801df870d7,1,0021a87d4997a48b6cef1665602be0f5,08061dc0fc165ed41288cc7acde738ee,2017-08-30 10:04:31,29.0,8.72
2dce16f88737c679c4fddab2b2cf88da,1,3c1907ae45ee32709a71b67f20f65814,7202e2ba20579a9bd1acb29e61fe71f6,2017-08-16 14:45:11,109.9,12.27
2df8ef770ee7c12291ed7811f4f414c5,1,dbf66e3a8f833012d2da362c443111af,888faa8bfb0b159c37de6d898b961c31,2017-08-24 19:45:17,41.79,15.1
2e01a346da3f76c4a30e7ed7b3aa0d9a,1,d245838e3d0b2b51d751ccdc98885a8e,cc419e0650a3c5ba77189a1882b7556a,2017-09-06 04:30:53,6.0,7.78
2e0c591aeea96a822de207d1a2a5de9a,1,549356446db225e7f67b22ceaf66d159,6a51fc556dab5f766ced6fbc860bc613,2017-08-24 11:04:24,226.9,26.43
2e0c591aeea96a822de207d1a2a5de9a,2,549356446db225e7f67b22ceaf66d159,6a51fc556dab5f766ced6fbc860bc613,2017-08-24 11:04:24,226.9,26.43
2e2cbb3249517eed43f1192508daa71a,1,cc3361c59c7af3bd862f41df044549e0,f9244d45189d3a3605499abddeade7d5,2017-09-18 23:25:42,999.9,52.59
2e5763acace24933483420e74a222c5e,1,cf08577e1af3a53a0c2b0769af31b31d,d1c281d3ae149232351cd8c8cc885f0d,2017-08-16 02:50:18,17.99,16.11
2e58df496a6b55819b859024268f5d55,1,e1ea2e133d4ca99d20c365d4e3173989,4e922959ae960d389249c378d1c939f5,2017-08-16 11:25:16,29.0,15.1
2e6410e400b80d9d36756c4c9b0c141d,1,127d3b28487be63864af02f25333decd,b76dba6c951ab00dc4edf0a1aa88037e,2017-08-25 16:25:29,12.97,14.1
2e6d2d54826e3dc0cf96b86f6d029dbf,1,9fa0c72476690fbc66bcacc498fe7fd6,e2aee0892199b1d92530e371abd825bf,2017-08-07 16:43:03,49.99,12.48
2e71a5c523cd61c4d906ebc8203ef215,1,a42d9c825894f96fc6ed02610891454d,4d6d651bd7684af3fffabd5f08d12e5a,2017-08-14 09:43:20,69.9,16.12
2e82d5a49fc8bc6fd1676b727079b7c8,1,4daad1d90efd466b4c3889b4421f5610,3be634553519fb6536a03e1358e9fdc7,2017-08-29 13:06:27,59.9,17.67
2e82d5a49fc8bc6fd1676b727079b7c8,2,4daad1d90efd466b4c3889b4421f5610,3be634553519fb6536a03e1358e9fdc7,2017-08-29 13:06:27,59.9,17.67
2e8cf1097e1516a9e3fae72b8ef97519,1,a8d2c5e8f29550a539f377d977f10a52,7e1fb0a3ebfb01ffb3a7dae98bf3238d,2017-08-17 12:35:10,90.0,17.07
2e9d8685e015feaba98d02e5544583f6,1,bc4cd4da98dd128c39bf0b8c2674032f,53243585a1d6dc2643021fd1853d8905,2017-09-05 14:05:32,1200.0,40.85
2eb223bca7f1fae261d99669d7e8b20d,1,f1400c967582a8158aec676d0116b884,9c0e69c7bf2619675bbadf47b43f655a,2017-08-11 13:50:20,190.0,10.74
2ec087d40ad96030d054ef730191d7b1,1,605d9e1329e4d2e960090c8da53d9c86,17e34d8224d27a541263c4c64b11a56b,2017-08-07 17:20:06,122.61,34.66
2ed4a7943bbe7f0641a9b23dde2241ec,1,1529199a7d88ac40cef5b4a508f18f2c,9a84ba99f5367fdbd4598363496f1ea2,2017-08-28 18:06:22,59.9,16.86
2ede9b5641146868b9e9307ac0457349,1,2ddf9184f8aad1f832fdf5ecd1e53a17,0c7533c71df861ec58ad7ff999ed0e8d,2017-08-22 21:25:26,45.9,7.78
2edf35d55b806cc2d389c8008e0d7f27,1,d4d1de9db08cae166ea1a506ea87769b,70a12e78e608ac31179aea7f8422044b,2017-08-24 15:45:15,21.0,11.85
2ee25e0dd8185c614dcad9949f0ad0f4,1,e282624d8c82e04983f125e167eb4521,2138ccb85b11a4ec1e37afbd1c8eda1f,2017-08-10 00:50:11,18.99,15.1
2ee25e0dd8185c614dcad9949f0ad0f4,2,e282624d8c82e04983f125e167eb4521,2138ccb85b11a4ec1e37afbd1c8eda1f,2017-08-10 00:50:11,18.99,15.1
2f10477788160831a76bb28cac8bbfb6,1,4cac1a12a6fe9ffba4a9556dbe582e28,7ddcbb64b5bc1ef36ca8c151f6ec77df,2017-08-14 04:20:20,25.99,15.1
2f1190c795ae566cafa5e988601a84b7,1,5dbf50af9485478b933f1028e108640d,582d4f8675b945722eda7c0cb61ba4c7,2017-09-06 07:44:00,3.99,11.85
2f36e982eab2df4e0ca5890a0228907d,1,50a2c8c64d432c1d4921f2e63e6c5e70,7142540dd4c91e2237acb7e911c4eba2,2017-08-22 11:32:01,84.9,13.61
2f3a10460f829a155fddd925f0e2f9c5,1,f1c7f353075ce59d8a6f3cf58f419c9c,37be5a7c751166fbc5f8ccba4119e043,2017-09-04 10:35:12,195.0,0.0
2f43f05d6e829ed487f16b1f1cf304cb,1,9e3cd8c8eaad7f37cfcb439d309ec905,1c5e4e49b9079480255b49d50aac1aa9,2017-08-17 17:45:17,216.79,50.05
2f4e3e731a6a92ce3bc2be821babd2f1,1,13b327c2193f552f00ec5b1e442f52b2,9449f25aeaf531019b76999ea49a6949,2017-08-24 13:44:52,89.99,9.0
2f61fac6b8c3e6dc71dc0999144e6ffe,1,8b1c8d92f0eece60d9b05532d2b88184,d50d79cb34e38265a8649c383dcffd48,2017-09-01 20:45:17,327.99,57.82
2f6d60e301b09631418701136a333a09,1,d189fbf8b5d79a670cebcaaad68d77b2,0d85bbda9889ce1f7e63778d24f346eb,2017-08-16 03:05:11,59.9,37.56
2f722ee8f3d3db0d19cee8ebea6fa69e,1,c403e106353e1aa40efe783ecb39ed7a,d2374cbcbb3ca4ab1086534108cc3ab7,2017-08-22 18:45:20,38.9,16.11
2f722ee8f3d3db0d19cee8ebea6fa69e,2,c403e106353e1aa40efe783ecb39ed7a,d2374cbcbb3ca4ab1086534108cc3ab7,2017-08-22 18:45:20,38.9,16.11
2f8eae41d935a729065d6b24ea0eebc0,1,353453049f39e1273c7e57d80bd4d55b,43f8c9950d11ecd03a0304a49e010da6,2017-08-24 12:25:08,177.99,12.75
2f9df1faa244b3c72c69901d8c999539,1,a14f93c69d3e0d7482819dd023a1d2cd,2e3be8a987a30d7544dbbda6861cc14e,2017-08-16 17:45:18,120.0,18.41
2fb41f7fd5712215690c4c8a37fdefc5,1,391a014a66920fa0ce468319264e0232,ce27a3cc3c8cc1ea79d11e561e9bebb6,2017-09-04 23:15:18,129.9,14.66
2fb7dfe5fec51c8a96ee5349c1faf9c0,1,389d119b48cf3043d311335e499d9c6b,1f50f920176fa81dab994f9023523100,2017-08-22 11:45:14,59.9,13.44
2fb7dfe5fec51c8a96ee5349c1faf9c0,2,389d119b48cf3043d311335e499d9c6b,1f50f920176fa81dab994f9023523100,2017-08-22 11:45:14,59.9,13.44
2fc8432d4f906403e2bf04d81163b220,1,0aabfb375647d9738ad0f7b4ea3653b1,37515688008a7a40ac93e3b2e4ab203f,2017-08-30 11:55:21,19.9,11.85
2fd13e188541306cd666e921f2f4dd4e,1,93566f7e511c3e7472b05758fa08e64d,2e90cb1677d35cfe24eef47d441b7c87,2017-08-15 16:23:43,69.4,18.06
2fdfc76d4584de4e6c0b8b85f3041b53,1,11c3ff6555092bf425ea842a023a7809,bfd27a966d91cfaafdb25d076585f0da,2017-08-17 22:10:21,99.0,13.71
2fe3f335e550190800333bea371f05d6,1,31b4eff484cd1e463ed3ee1a566f84c0,0e44d110fa6a54e121cb2c095a77762f,2017-08-10 02:55:35,34.08,8.72
2ffa8cf8f2e683a7e91cb89a0d2c2328,1,dc0fe1906bacc99199eb46fce442e1de,b1ac6ea7895bc3dd6f0f6f4abbdd2821,2017-09-01 16:10:13,59.0,14.14
2fffe146b14011ed0c09ef7aa6b77a98,1,bfae0d55eef43da69474aadac456cbe4,4d6d651bd7684af3fffabd5f08d12e5a,2017-08-23 03:05:52,199.9,12.9
300e2dfe7d37393693973f78426a0807,1,dde21a870db774b452a7286b5e3035c5,1da3aeb70d7989d1e6d9b0e887f97c23,2017-08-17 13:23:43,34.99,8.72
303ce25530e525f6705a34fc254eeaaa,1,b1acb7e8152c90c9619897753a75c973,cc419e0650a3c5ba77189a1882b7556a,2017-09-07 23:44:42,34.99,14.1
3045cb6b74fcafec7c76248f1737b73a,1,b3b0bce74668bf355cbd94db1e4d17b9,8c16d1f32a54d92897cc437244442e1b,2017-08-31 17:35:39,24.98,12.6
304c4a8ef20139552992b5377ef4a113,1,96ff741d2c7879406ec3054d6b2a11c8,6560211a19b47992c3666cc44a7e94c0,2017-08-18 17:45:29,49.0,7.78
304d09edb1e5147a08dde21e0efc3443,1,2136c70bbe723d338fab53da3c03e6dc,6560211a19b47992c3666cc44a7e94c0,2017-08-29 14:55:25,29.0,7.78
304d09edb1e5147a08dde21e0efc3443,2,40c7fdb4c192c7df52431d1b079f9026,6560211a19b47992c3666cc44a7e94c0,2017-08-29 14:55:25,39.0,7.78
304ef13cd0c4ae3f7b5f11380f8176b4,1,0a17941f41b99d2f070fab54b458a4a4,9d5a9018aee56acb367ba9c3f05d1d6a,2017-08-25 00:30:10,114.9,21.6
307ffd3273b9aa8140ad9f386879baf6,1,25a1dc8e424d78921fdd4d787f355a23,ebd2d60905fb58271facef5596b620d3,2017-08-16 00:15:32,66.9,17.72
3085f11ff3b5e4498b311733a6cbd9e2,1,42877980a9990b1391c279582c1aa894,b5e3e38609125694d2ea2417522a60b7,2017-09-05 20:30:09,45.99,25.38
30a12d3b9e19a16ac0298cc7bcb5a322,1,44ae8d3edf5612ff7a39d629d5bbb8ae,15cd6eefe58588619aaed41dfa6621b1,2017-08-31 15:24:44,69.9,26.81
30acc4fc5f485f20a89c9af9b0b67481,1,82f03c68ad0f694bab78643d0ff8c67f,a3a38f4affed601eb87a97788c949667,2017-08-07 17:05:14,129.99,16.67
30b0ea32347476f4b427daf62e09a5bb,1,b52e7c92200ed9874e77bc09b5ed4d40,c731d18cea9bf687ffee82a241c25b11,2017-08-17 19:30:17,174.0,39.06
30d7ab7638f1f3420e09474f704fe784,1,730d34d191892dd7c4fb157daade465e,8603f0038fe0e52fedd3382d266723de,2017-09-01 13:07:25,418.0,69.45
30db3beab6efd31f72732fb15c2862dc,1,2ac0cca735ca6684053d28a17883b765,7aa4334be125fcdd2ba64b3180029f14,2017-08-28 12:15:21,119.9,18.09
30f3565c987f787c24733cdb37313a0c,1,678f4b558147f3aaca424c13a1f89060,e333046ce6517bd8bb510291d44f0130,2017-09-06 13:35:26,65.0,17.7
3102ea2ab7ac2a1a88a1286fe68d8ed8,1,c43ab4269cbf91b373263db4c2973cad,48436dade18ac8b2bce089ec2a041202,2017-08-24 21:45:07,48.9,14.88
3102ea2ab7ac2a1a88a1286fe68d8ed8,2,d65b6607952f9e0d705b1cbdc92ac027,48436dade18ac8b2bce089ec2a041202,2017-08-24 21:45:07,48.9,11.58
311354a710a3326281f5ce1ff0149d09,1,25f86162fee18735fffdb762dcb10d7c,1a3df491d1c4f1589fc2b934ada68bf2,2017-08-23 17:30:19,159.9,18.37
311393b2abaf96a9590f9200b4810bbc,1,952670bc019a73f0933157ec82ff6e4f,37be5a7c751166fbc5f8ccba4119e043,2017-08-11 19:03:35,205.0,26.27
3147d340c802cf04b463c4a5e532745d,1,5c0826f946c32406d5baa79544668b4c,f9244d45189d3a3605499abddeade7d5,2017-08-24 14:23:39,99.99,17.95
31689facc9a793e124745e1573b6a50b,1,12c567b916f6f3bb02b2557456a30212,376a891762bbdecbc02b4b6adec3fdda,2017-08-16 20:15:22,169.99,29.59
317c2c773295f70b67e5511ccd55f81c,1,53b36df67ebb7c41585e8d54d6772e08,4869f7a5dfa277a7dca6462dcf3b52b2,2017-08-07 00:43:11,159.9,12.62
31854ea0f6e411311f9d52ad9f6b779a,1,08574b074924071f4e201e151b152b4e,001cca7ae9ae17fb1caed9dfb1094831,2017-09-05 02:16:20,99.0,33.08
3186e75cf9e4a13149e5729f23cebf06,1,31a2f42a87890f87d77daebdfabc182e,4c03b9dd4c11ee2cb35c96c49efc9420,2017-08-09 23:03:45,149.0,29.44
318abae1b1ee9847e237ac1501e1d0e1,1,a4aa7c1427c31344e5f7cc3d839fe562,66922902710d126a0e7d26b0e3805106,2017-08-31 16:10:22,95.0,20.16
319bf7746b784040445afd6ec16285fb,1,ccb3d3835758ca91130e00c46c3c11bb,e7df4cd29ab5abab70fb0783ddb53987,2017-08-24 12:04:25,59.9,15.17
31a2fff09340d8ff99194ad110622ed3,1,d189fbf8b5d79a670cebcaaad68d77b2,0d85bbda9889ce1f7e63778d24f346eb,2017-08-21 23:05:17,59.9,47.86
31b855608ca69e4146b737745506f2d5,1,f3720bc68555b1bff49b9ffd41b017ac,4b5f66b7adcf57f1ecc0d3c07dd6b177,2017-08-29 15:06:38,175.5,15.98
31b855608ca69e4146b737745506f2d5,2,f3720bc68555b1bff49b9ffd41b017ac,4b5f66b7adcf57f1ecc0d3c07dd6b177,2017-08-29 15:06:38,175.5,15.98
31b855608ca69e4146b737745506f2d5,3,f3720bc68555b1bff49b9ffd41b017ac,4b5f66b7adcf57f1ecc0d3c07dd6b177,2017-08-29 15:06:38,175.5,15.98
31b855608ca69e4146b737745506f2d5,4,f3720bc68555b1bff49b9ffd41b017ac,4b5f66b7adcf57f1ecc0d3c07dd6b177,2017-08-29 15:06:38,175.5,15.98
31ca199ff8e0748b9d065f1bfa90450b,1,0e362037e5f02f62c8ce89f49cb9d520,d3674f271c91f824f82d24d92011f669,2017-08-10 02:50:11,39.9,16.79
31d2d973ab3772f718de008bfacc3d07,1,f1c7f353075ce59d8a6f3cf58f419c9c,37be5a7c751166fbc5f8ccba4119e043,2017-08-24 03:30:18,200.0,15.01
31e919190f59dd6dde547000ab20a612,1,88dd63919fc9ab693803578a04a20209,7ddcbb64b5bc1ef36ca8c151f6ec77df,2017-08-10 06:43:35,34.99,25.63
31e919190f59dd6dde547000ab20a612,2,88dd63919fc9ab693803578a04a20209,7ddcbb64b5bc1ef36ca8c151f6ec77df,2017-08-10 06:43:35,34.99,25.63
31f7635117f842a96eaf8c03bf2c8dbd,1,776ef0ee36e20757c513e64903f1fa8a,70a12e78e608ac31179aea7f8422044b,2017-08-08 20:25:20,98.0,27.23
321306819534558dae9c3a1a551e91c7,1,bacd57da107b14a22ff6bb86830fd4b2,91543f9849d68d023e17194926598543,2017-09-01 18:05:21,149.0,67.56
321306819534558dae9c3a1a551e91c7,2,214d074d545a9cedee55284805a1335f,91543f9849d68d023e17194926598543,2017-09-01 18:05:21,149.0,67.56
321306819534558dae9c3a1a551e91c7,3,b2cadb94baef5a2eb2e36c6047dd5f34,91543f9849d68d023e17194926598543,2017-09-01 18:05:21,149.0,42.23
3216bdc94713b4b433cac7f20212fcca,1,b09790edda54333116f9cf1decc580a1,d2374cbcbb3ca4ab1086534108cc3ab7,2017-08-18 14:15:15,27.4,11.85
32205d676b64acc1c69f404bf0537166,1,c6f91a747904e6f2a5164c862c3b6633,f214d28e8d8e3ef068748498ccc2f813,2017-08-17 20:15:11,19.99,15.1
32205d676b64acc1c69f404bf0537166,2,c6f91a747904e6f2a5164c862c3b6633,f214d28e8d8e3ef068748498ccc2f813,2017-08-17 20:15:11,19.99,15.1
32239ca49dd9685cc7d06e104233143e,1,873d2aa3911060e77ac89009410aa908,6c177e38df6d3f34182b1f1d427231bf,2017-08-28 21:55:21,148.0,14.79
32335927ea896fd9993fa6f6715e1605,1,1ff0bca5b9068c1855e89ec8a9bb6382,3d871de0142ce09b7081e2b9d1733cb1,2017-08-10 14:43:27,159.0,36.43
323d6a7119864c4c95a2a27b45e89b6c,1,cda960fc8a8987dd224a17dddfffdaa5,7aa4334be125fcdd2ba64b3180029f14,2017-08-24 11:25:35,25.99,12.69
3241baf723e29f140a6ff9082b7f9aca,1,a630323d497e2acc89574e8b792c6936,3bb548e3cb7f70f28e3f11ee9dce0e59,2017-08-08 13:10:10,182.9,13.41
3241baf723e29f140a6ff9082b7f9aca,2,a630323d497e2acc89574e8b792c6936,3bb548e3cb7f70f28e3f11ee9dce0e59,2017-08-08 13:10:10,182.9,13.41
3246fdc7c13d566c0081c78d49ab6515,1,ec96b7b4e1401281edb9465d0d689cae,5011f0d93373a4c5753adf58ca77af8d,2017-09-04 14:05:35,34.99,9.94
326f416d415768d0e54d232732f51fd8,1,75d6b6963340c6063f7f4cfcccfe6a30,cc419e0650a3c5ba77189a1882b7556a,2017-08-10 13:42:57,56.99,8.72
32733fc014b67ef70fa6039dd8c6ba82,1,e5a19f25b139394121110bbaab05087c,75d34ebb1bd0bd7dde40dd507b8169c3,2017-09-12 02:50:24,229.99,26.06
32751a5c3421cf9ebf41c8b2d0d07634,1,edd087ed331c3ce178ec3489b9ecf117,1bb2bdb95f4841f1bba2c0d2cd83d3c9,2017-09-13 02:51:04,384.93,16.44
327fed75f27dc1aa02c6e3d33ee29ea8,1,c82a4bcc05f054e3084e20df4ee969cf,e5d4b2b0c3bca22085f7a19a28de0c42,2017-08-31 13:55:08,75.0,16.29
328f5537e4f2b1aa64670a89b0169076,1,15b0e8706bf37a95f2bb3665c4cc4c6c,4bf2f4ee540798a61f9636d12cd9cc80,2017-08-16 15:30:20,152.0,26.34
32a36b92faf67aebedb4eea534a49c4b,1,7b07e5afce1bb1e6fa3ffcdc718d7e69,70a12e78e608ac31179aea7f8422044b,2017-08-18 13:45:09,39.95,15.1
32e34fe202c1776f1f6670feb9a28a73,1,3690ffac39b2896ed64f47bd701a9666,782f78b632a43875dd5b53e3e49c9564,2017-08-10 16:25:16,48.67,9.34
32eb9533178668935fffbc324671e9d2,1,dc881ef926ca402063ea142afc83874c,7aa4334be125fcdd2ba64b3180029f14,2017-08-09 08:30:19,87.99,19.86
32f7f9fd01c6b5592202b48442caa441,1,372124d6931c4bc48dd0d56075ebee7c,da8622b14eb17ae2831f4ac5b9dab84a,2017-08-16 21:15:20,24.9,15.1
32fdcc586467aa637465758e27c36f6c,1,154e7e31ebfa092203795c972e5804a6,cc419e0650a3c5ba77189a1882b7556a,2017-08-24 03:50:21,23.99,15.1
3321e84343dd41e813cac2b2d6ed3f65,1,4ae9bdff117a3fa23f6f9d146a65f698,7b07b3c7487f0ea825fc6df75abd658b,2017-08-30 09:50:16,159.9,18.37
33450e29053faedc2dd9b103e54b55fb,1,899b5d294953a6361e3f9081f052af7d,218d46b86c1881d022bce9c68a7d4b15,2017-08-10 16:10:10,128.0,18.15
334b7054aa71f4d5c7418ba88ea632ac,1,5eda929e3621fe903d57208a6939acf5,1127b7f2594683f2510f1c2c834a486b,2017-08-17 10:10:13,326.8,11.1
334e118f51cc0e200822d5f117db5f19,1,c2ddba1b0149af8ce1b6b0d220f0411a,e5a3438891c0bfdb9394643f95273d8e,2017-09-06 09:35:15,19.9,11.85
334e118f51cc0e200822d5f117db5f19,2,e77303f7e13ee5a4ec287783bde94c70,e5a3438891c0bfdb9394643f95273d8e,2017-09-06 09:35:15,19.9,11.85
3351bf124a5c98aeee6b64f3ba214459,1,6109d0cae3bcb57d579bc0fab6e61814,dbc22125167c298ef99da25668e1011f,2017-08-15 12:23:50,85.9,14.33
33585683a8a47f86b6183a75c974b2df,1,8da77162e41d47464f9806727417cf6e,4a3ca9315b744ce9f8e9374361493884,2017-08-25 15:45:56,259.9,13.32
33586701609eca570b2be2c053dcba78,1,235e0d56841710b62daf088840a96ba8,1d8dbc4f32378d715c717c1c1fc57bae,2017-08-31 23:45:12,110.0,20.01
3365e7a67090957e53e3a06f20029378,1,2029248294c186017ecfc48cecd47bbd,d50d79cb34e38265a8649c383dcffd48,2017-08-21 11:50:12,126.99,38.03
3366858be589fddbcf6a199aab0058d4,1,154e7e31ebfa092203795c972e5804a6,cc419e0650a3c5ba77189a1882b7556a,2017-08-11 03:04:10,19.99,7.78
337ef16882e956f8147cb7ff4af08a67,1,29427de7f8a9ee983d9dbc51cec569b4,7a67c85e85bb2ce8582c35f2203ad736,2017-08-14 04:05:52,99.99,16.95
338a7a740ce2d76ea9baa4f7ca2e81fe,1,4910917f05092f331bf3a477f791cc01,3d871de0142ce09b7081e2b9d1733cb1,2017-08-21 03:50:25,19.9,15.1
338d2237cff9d84c960705a68b88c638,1,b68cf84ede4fd1e14b1740de5b727d55,13fa2a6c6b9d0f43cb588d7c82117a12,2017-08-17 11:25:14,459.0,17.97
33a34707fe2e887e67e5d2a555f13c47,1,12827caf723c4ff8030d64dcffe3cdab,e9779976487b77c6d4ac45f75ec7afe9,2017-08-09 14:55:17,61.49,8.27
33b7013ecf08d45cce710de05808c535,1,e78506414d2563b6414cfd84b7fa0802,fe2032dab1a61af8794248c8196565c9,2017-08-30 19:43:59,179.0,9.45
33b7a15ce8edde0ee1be98069f2f5fc7,1,391a014a66920fa0ce468319264e0232,ce27a3cc3c8cc1ea79d11e561e9bebb6,2017-09-10 23:30:11,129.9,9.72
33bb79c28616262f5e3fdcf5e678b266,1,312669e28dbea698f766c3daf44771c8,e5a3438891c0bfdb9394643f95273d8e,2017-08-10 14:34:47,48.9,11.85
33ca67f12b946d8830eb3805cc63761b,1,d189fbf8b5d79a670cebcaaad68d77b2,0d85bbda9889ce1f7e63778d24f346eb,2017-08-25 13:25:11,59.9,27.8
33ce126846ecce9afdfe8f1b93551928,1,1928afdd082c046af569f70558516d11,b372ee768ed69e46ca8cdbd267aa7a38,2017-09-06 17:45:08,45.0,16.79
33d2c0186ded7aca630c76c5c9aff5c3,1,d011223de539cd224b5c5c8082313d46,1025f0e2d44d7041d6cf58b6550e0bfa,2017-09-11 08:20:06,276.0,19.21
33d89aec64b61f0dbd880fa8d8dbec5f,1,7e6c4a0bf900e259f50ba63331fd2785,6560211a19b47992c3666cc44a7e94c0,2017-09-08 02:24:31,65.0,7.78
33f3e269b872b41e5f90b01a92d454eb,1,98a41cb9d66e8b7691f17dd7ebdfcd7a,744dac408745240a2c2528fb1b6028f3,2017-08-10 20:23:14,528.0,15.83
33f70271657afa8d0e69c98ba812e841,1,9575c58d6ba5856589c410cef0b3f0e0,f0e103c63864d5405b958d984b6e94c9,2017-08-28 09:45:43,159.8,9.93
33fa357691a45c05120f01f4fd386dca,1,d0fac709247e97e9b44a5351891ef9f3,7178f9f4dd81dcef02f62acdf8151e01,2017-08-29 19:10:19,49.9,16.11
3415d8ed3da0f4c3f72b608ad678a895,1,82c3ea364e5480f335f6743ee725a921,70a12e78e608ac31179aea7f8422044b,2017-08-25 09:15:21,25.0,11.85
34225a124aef4e4ad2d5df2c52c57e1d,1,14555ba663de8689feacf1d0819cc3b3,dbc22125167c298ef99da25668e1011f,2017-08-11 14:30:06,108.9,29.16
34264146fae64f03cf47c5211091acfe,1,9d97c3a4538b02f9310eefcce83c7e74,fce62094ffe6a4009188ec44e681dfdd,2017-08-11 16:25:14,25.9,16.11
34264146fae64f03cf47c5211091acfe,2,9d97c3a4538b02f9310eefcce83c7e74,fce62094ffe6a4009188ec44e681dfdd,2017-08-11 16:25:14,25.9,16.11
342ef067ff890d38864730c89a8776ff,1,f788dd44fc883f0664693a6dea50437f,3d871de0142ce09b7081e2b9d1733cb1,2017-09-04 17:10:41,39.0,16.11
343e0513a040565d012874605c433ca4,1,2fcef9efef474266c020ab6ccf2c61a8,f5f46307a4d15880ca14fab4ad9dfc9b,2017-08-31 19:50:10,49.99,17.6
343e0513a040565d012874605c433ca4,2,2fcef9efef474266c020ab6ccf2c61a8,f5f46307a4d15880ca14fab4ad9dfc9b,2017-08-31 19:50:10,49.99,17.6
3453b206c6aec2e9dcb09d2cea15e7cb,1,f07dfd51b27ae763526ca43745920b7d,3771c85bac139d2344864ede5d9341e3,2017-08-16 10:50:21,14.9,8.27
34636c8ebf156ff646392967b52f97af,1,5f504b3a1c75b73d6151be81eb05bdc9,834f3294fba9f932f56edc879193f925,2017-09-03 22:05:15,610.0,65.01
3470f42b0d1926ac00e22576799ba066,1,faa5e9a354191fcff3b4a8be0a18ce24,1900267e848ceeba8fa32d80c1a5f5a8,2017-09-05 11:10:15,6.99,15.1
3470f42b0d1926ac00e22576799ba066,2,faa5e9a354191fcff3b4a8be0a18ce24,1900267e848ceeba8fa32d80c1a5f5a8,2017-09-05 11:10:15,6.99,15.1
34797e815a679fdaea88d3aa30dbf46c,1,f1c7f353075ce59d8a6f3cf58f419c9c,37be5a7c751166fbc5f8ccba4119e043,2017-08-16 19:50:15,200.0,22.24
348c4b243b30c51281523eb60ebe407b,1,78d6410e644f39c0dd2909eb6cf550f5,d1c281d3ae149232351cd8c8cc885f0d,2017-08-16 11:43:58,183.99,18.0
349a7619914f3000dc07ae639ae080b8,1,dd60cac04e6bcbc919cb1c7dcc473211,febab0275244b9a49a623f0bd613ca2f,2017-08-09 03:06:16,29.9,0.09
349a7619914f3000dc07ae639ae080b8,2,41b4baff1ceec845ba126eaeb07efa4a,86ccac0b835037332a596a33b6949ee1,2017-08-09 03:06:16,24.9,27.69
349d8e152f810f983be80e244a8030c2,1,4a69bf67fa5c94b8e301ef9c94950755,c0563dd588b775f2e37747ef6ad6c92c,2017-08-14 04:10:57,139.9,9.79
34a0606eca141f2c9ccb352883ee3fbe,1,f1c7f353075ce59d8a6f3cf58f419c9c,37be5a7c751166fbc5f8ccba4119e043,2017-09-04 12:04:45,195.0,0.0
34ada2d009b3c8faa260b58ebfa00ad9,1,7697c75660a647dda82cac88c20a77b9,ce248b21cb2adc36282ede306b7660e5,2017-08-24 13:35:08,81.9,20.66
34ada2d009b3c8faa260b58ebfa00ad9,2,ec5b3c8bb77ad22278f6e9d719a83de3,4a3ca9315b744ce9f8e9374361493884,2017-08-24 13:35:08,12.9,7.51
34c02afbd25ed28e4e3263b52d9f661c,1,6109d0cae3bcb57d579bc0fab6e61814,dbc22125167c298ef99da25668e1011f,2017-08-10 12:05:27,85.9,38.15
34c3abee8d77fe0a974fdfa816078235,1,4af7719ff3907f9e7f11a7652dfe5d90,93b9a99027bd8bd6af682aff18dd19bf,2017-08-28 12:05:34,175.0,12.43
34d0587652282a8e4f05da5083e1f276,1,b0fd001716da5648244fe5c374d03df8,53243585a1d6dc2643021fd1853d8905,2017-09-06 13:50:09,850.0,58.31
34d2ba2c2fd661913febe4eee1648347,1,d39421ec4cc2bf52e35f8bf00f1ec314,cc419e0650a3c5ba77189a1882b7556a,2017-08-22 09:03:54,49.99,13.37
34ed4c9c261d1727b6d9be5e70dbd513,1,a6621d4ee609f3f917d04c11ca8f0161,7aa4334be125fcdd2ba64b3180029f14,2017-08-07 12:45:19,86.99,13.63
3503ca07647fc40291e999ca3e3ea490,1,0d361d3e685f13bd282a6f3054de5a23,7c67e1448b00f6e969d365cea6b010ab,2017-09-05 15:27:16,39.99,16.6
3505c513a3095f2c4f59e29ec7d77b68,1,8b0229efd2d204e26dca4fb9d3eda08c,9449f25aeaf531019b76999ea49a6949,2017-09-08 11:44:46,329.99,19.75
350fcc9d4ae2e108916f12c7ca8ca8e3,1,261244fc4d0197d8772346872f5b0f5e,6c7d50c24b3ccd2fd83b44d8bb34e073,2017-08-08 15:30:17,35.9,12.69
3525e0e57f9d276d522d570bd46cb39c,1,fba6f88e10230dd0ba718aec962064ae,d91fb3b7d041e83b64a00a3edfb37e4f,2017-09-01 20:44:58,18.0,58.9
3536d74406907f8978513900207e05ee,1,7f593be3aee816905c8678b92239bb25,98f52e1020fe788c10c0418de4393fec,2017-08-15 15:34:52,21.6,15.1
356e20d37981e953b14b5116b92979ff,1,d55d7f0c5ef5a075a5a30e2517867bc9,4a3ca9315b744ce9f8e9374361493884,2017-08-21 03:45:23,159.9,15.87
357769c200aa5a3a9b859db2f47b9b65,1,0294e314a033317e28ecc40aee9025e8,6c9875b2f94ba781186f0c1aed8d1687,2017-08-17 10:45:09,6.5,7.65
357769c200aa5a3a9b859db2f47b9b65,2,2e5bddcf20a946aad0394cf0a62743f4,d2f3e277560ed4c6361284429b00f037,2017-08-17 10:45:09,41.7,22.54
357769c200aa5a3a9b859db2f47b9b65,3,0294e314a033317e28ecc40aee9025e8,6c9875b2f94ba781186f0c1aed8d1687,2017-08-17 10:45:09,6.5,7.65
357769c200aa5a3a9b859db2f47b9b65,4,0294e314a033317e28ecc40aee9025e8,6c9875b2f94ba781186f0c1aed8d1687,2017-08-17 10:45:09,6.5,7.65
3582339d09804cb4c0ee1441f28eea77,1,d65f3ccead8c91ecca73fb775ee50cc8,d91fb3b7d041e83b64a00a3edfb37e4f,2017-09-07 22:04:56,16.6,8.27
359004e77a67a2978e6809894f996c98,1,7402c8cf69df715729b26da0ac2cc721,2fb25ab44bdbeae6a4d816e0d0c9d500,2017-08-29 02:15:57,69.0,12.48
359180fd55339aba98fec565c2e88ebf,1,1e771d5cef909641314a6b1544656a8d,7a67c85e85bb2ce8582c35f2203ad736,2017-08-18 14:50:17,119.99,17.09
35c16e53e67eb73077166edd4aa57fd7,1,7d50930301709838d8e90dcac5cfaa84,9616352088dcf83a7c06637f4ebf1c80,2017-08-30 20:46:35,59.9,17.99
35d15795626a2c3faa8cd08ff3848637,1,d6061ffaf719f75dd074a637c535b644,9add47bf45ce8e8c7db6b9cf670b1e09,2017-09-07 22:30:17,69.9,18.11
35e43ade963a5aeb52cb24bb5df33ddc,1,080a388eb2bd1051b01f6fc4ca659450,ea8482cd71df3c1969d7b9473ff13abc,2017-08-31 02:11:17,24.99,7.78
35ebf843a8ae15a2ec5e2467f811c593,1,ce4564d6cb17bf0139f4a0860565c338,6426d21aca402a131fc0a5d0960a3c90,2017-08-29 02:46:57,59.9,19.66
35f21af6cfb234ef454f1703288e2341,1,9c47a6decf56cc98020990e11f733ccd,7142540dd4c91e2237acb7e911c4eba2,2017-08-08 19:25:18,59.9,13.44
361e0cf744333677864a5e28558a53bc,1,2703301fe1e97e8e124a583c7664edde,1da3aeb70d7989d1e6d9b0e887f97c23,2017-08-18 17:25:10,12.99,7.78
361ec4bb805dbba76f0c4af3b4d7804e,1,7ae8d9b8eca8a6daf066e53ddc7034d3,128639473a139ac0f3e5f5ade55873a5,2017-08-31 17:50:18,16.9,12.48
3627f028b51748649d9f8e36ca465131,1,eaa3c87492892d3e6861f0939b4dbada,d91fb3b7d041e83b64a00a3edfb37e4f,2017-08-31 22:55:16,26.0,8.27
3634230a0d22927e0e78de347439ff41,1,9f1c3e71d56894398a42b050b07f1baa,44073f8b7e41514de3b7815dd0237f4f,2017-08-22 09:45:17,15.0,15.79
36342aa6ddb0a6fed1dd9ec53a6074ed,1,cad39e71c0fe2f6ce875040d4ac43a4b,4869f7a5dfa277a7dca6462dcf3b52b2,2017-08-23 08:23:57,350.0,13.95
3645d00093a926152b82312c5db8984f,1,12485f9cdebb6ca179826ede539554ad,7901646fdd36a55f564ffaf2dbccaaf7,2017-08-29 11:06:21,794.98,13.94
3645d00093a926152b82312c5db8984f,2,12485f9cdebb6ca179826ede539554ad,7901646fdd36a55f564ffaf2dbccaaf7,2017-08-29 11:06:21,794.98,13.94
364f4189ee16cf9d0af49a63955862d2,1,67d1a56495104e195338ec9007fcf758,f45122a9ab94eb4f3f8953578bc0c560,2017-08-18 08:55:17,35.9,11.85
3668ab500cf3bd43c55190cd48dc1925,1,f6d9b167294712de476f696ad722ae73,86ccac0b835037332a596a33b6949ee1,2017-08-27 21:45:43,31.9,25.63
366ad1dd93fb7f77b686017bc779447b,1,06c6e01186af8b98ee1fc9e01f9471e9,fc906263ca5083d09dce42fe02247800,2017-09-08 10:44:26,29.9,15.1
366fb8cd92296c6541132ab4cbb28bac,1,bdef57e26e989447aaf5ae0f7ccadf23,c3cfdc648177fdbbbb35635a37472c53,2017-09-04 10:15:19,79.9,14.31
367258cb8adb7d125d3c49861d32497f,1,4a7e6e413022cde06218faa2853e2adc,fa1c13f2614d7b5c4749cbc52fecda94,2017-08-10 21:45:17,299.9,27.38
36760dfa6b15cbace6f34324bc4d52b1,1,e489b41419c7d7d00445dc5d3c9966a4,6560211a19b47992c3666cc44a7e94c0,2017-08-31 13:25:16,159.0,18.39
367d3cae768c0b4e7a9aad6ba7bd31db,1,06edb72f1e0c64b14c5b79353f7abea3,391fc6631aebcf3004804e51b40bcf1e,2017-08-28 10:35:14,45.95,11.85
3689c2503baba1c0879d94cdbe6d6d60,1,bc4cd4da98dd128c39bf0b8c2674032f,53243585a1d6dc2643021fd1853d8905,2017-09-04 05:24:28,1200.0,50.81
369eee143e91ca7a46cdddc5f679e1f3,1,b5c4801466295e45d80d659858124b4f,5dceca129747e92ff8ef7a997dc4f8ca,2017-08-08 13:03:34,775.0,54.17
36a5fd80b9f8ee414ac234368584a876,1,29c9a765d2ce9ee6d6ee72d6c316b9ef,244c2f1bff6afe1f2eaf9bfe9b2aed38,2017-08-21 23:35:16,99.0,31.0
36a79c8b08508519935e9179e1958413,1,154e7e31ebfa092203795c972e5804a6,cc419e0650a3c5ba77189a1882b7556a,2017-08-28 03:06:15,23.99,7.78
36cd43f05ca6b099b88bcc0c8e08491e,1,422879e10f46682990de24d770e7f83d,1f50f920176fa81dab994f9023523100,2017-08-22 03:30:31,59.9,13.44
36cfe0289488f169d3269cea0496d66c,1,f264c1d9b20b5e4a340254d0405e613b,7a67c85e85bb2ce8582c35f2203ad736,2017-09-08 02:45:31,69.99,17.74
36d43d9ea16e2435752ad9dd52850b73,1,d017a2151d543a9885604dc62a3d9dcc,6560211a19b47992c3666cc44a7e94c0,2017-08-16 22:50:07,49.0,7.78
36db19001f33a6f23042adbc4a0e30a5,1,bc4cd4da98dd128c39bf0b8c2674032f,53243585a1d6dc2643021fd1853d8905,2017-09-03 23:31:09,1200.0,40.85
36df1ef65b497a01a02122e94735f13d,1,5d66715cc928aadd0074f61332698593,128639473a139ac0f3e5f5ade55873a5,2017-09-04 18:30:18,18.9,12.48
36dfa993df3e7d1f4907c93a45d880c0,1,53759a2ecddad2bb87a079a1f1519f73,1f50f920176fa81dab994f9023523100,2017-08-23 21:30:12,59.9,13.44
36dfa993df3e7d1f4907c93a45d880c0,2,53759a2ecddad2bb87a079a1f1519f73,1f50f920176fa81dab994f9023523100,2017-08-23 21:30:12,59.9,13.44
36ea72943a97d3bf36050be233ae1151,1,38f3677364ecf032090b33915b155161,ce7d1888639e6fb06b2749cbfdac1ff7,2017-08-31 10:25:10,138.0,25.81
371a9794bafb1204f585018715ed6065,1,f1e60c5b5f15ae0c91d490abe6c03bf2,dbc22125167c298ef99da25668e1011f,2017-08-29 05:45:37,45.9,13.37
371ecec04db578a2451088388326d50f,1,c857b96593773e940454e76efa8eabb3,cca3071e3e9bb7d12640c9fbe2301306,2017-08-14 13:40:12,51.92,16.12
371ecec04db578a2451088388326d50f,2,c857b96593773e940454e76efa8eabb3,cca3071e3e9bb7d12640c9fbe2301306,2017-08-14 13:40:12,51.92,16.12
371f13dd168ce30a881e0db8cf3929fb,1,15ae68f4be12b1e7037da33a1ef9753a,2528513dd95219a6013d4d05176e391a,2017-08-31 10:35:17,599.0,66.87
3733b36d82377a01ed4386abf60df35d,1,d1c427060a0f73f6b889a5c7c61f2ac4,a1043bafd471dff536d0c462352beb48,2017-08-17 22:50:20,139.99,45.06
3735a11cbccd8916dbc9ccf5f671cc2c,1,7f1a77bec0639e473392e91a504272a5,48436dade18ac8b2bce089ec2a041202,2017-08-31 07:55:17,58.9,24.33
3735a11cbccd8916dbc9ccf5f671cc2c,2,34dabb8af33b3756cf72df05fb327011,0db783cfcd3b73998abc6e10e59a102f,2017-08-31 07:55:17,99.0,8.76
3757dc827b45811e32f858867877df67,1,0dbda89985ac97cc36d9239d67a1172b,70c4eedec9cb4a85cda2f3f9673557b4,2017-09-01 02:46:19,239.9,19.57
3762c0ef92b5bc397671e6d7e6d5672f,1,422879e10f46682990de24d770e7f83d,1f50f920176fa81dab994f9023523100,2017-08-21 23:30:19,59.9,13.44
3765a79496712d9bb7eea316cc9ff2c9,1,caf540627b7914ab734c86495fdc95ee,1025f0e2d44d7041d6cf58b6550e0bfa,2017-08-21 15:50:20,360.0,56.96
3772bd82db6b988f9a7008bdb3a4b729,1,9e4a852f41aff52bafff133d9deb5eee,3d871de0142ce09b7081e2b9d1733cb1,2017-09-08 06:24:30,99.0,17.94
377495cc02054f98a51667ad0e5a3933,1,7a10781637204d8d10485c71a6108a2e,4869f7a5dfa277a7dca6462dcf3b52b2,2017-08-17 14:55:18,229.9,16.36
377ed239c64b69ab76ed4d18bdf76958,1,52e07ce385c39e2c591f040dea409c23,55d3daac7c404d59e51c2aa2f4dc5a23,2017-08-17 16:35:18,89.9,25.14
378a499627b8ffb6fe276c42c57a44a2,1,9c7ed530c8d9880f978748600f319c0c,dc4a0fc896dc34b0d5bfec8438291c80,2017-08-20 22:55:11,49.9,17.6
378ff7caa9f4b20e2cc97285fb3d15dc,1,c9f62bee5c17494edcb5c3f3f56d75ad,e9779976487b77c6d4ac45f75ec7afe9,2017-08-31 10:25:09,149.49,9.79
37a4f672747cf7ec17050e7c1ebc1508,1,751fe3ca6058edd02011a3cd408211f3,7aa4334be125fcdd2ba64b3180029f14,2017-08-31 11:25:20,91.5,12.98
37ac5e2848fe9ffaae862a845c5d7ff7,1,b532349fe46b38fbc7bb3914c1bdae07,1025f0e2d44d7041d6cf58b6550e0bfa,2017-08-14 08:43:08,38.4,15.1
37ac5e2848fe9ffaae862a845c5d7ff7,2,b532349fe46b38fbc7bb3914c1bdae07,1025f0e2d44d7041d6cf58b6550e0bfa,2017-08-14 08:43:08,38.4,15.1
37ac5e2848fe9ffaae862a845c5d7ff7,3,b532349fe46b38fbc7bb3914c1bdae07,1025f0e2d44d7041d6cf58b6550e0bfa,2017-08-14 08:43:08,38.4,15.1
37bb98f8367819c8871f98ab9aec4a92,1,4c1d9c97a7245db3b8d7a32fb4c02286,83e197e95a1bbabc8c75e883ed016c47,2017-09-01 14:50:19,135.0,18.2
37d089b7d517ada3881ba31935310e4f,1,828fe032935d7c1901682e5b6cc076c2,8931a84a914b3fe9b1ddaa4d704947ca,2017-08-10 16:50:07,99.8,14.45
37d928cc42067f69b394747c5c71a260,1,ae083e4a334a4210ae0ef7323f1584c5,0df3984f9dfb3d49ac6366acbd3bbb85,2017-08-14 16:15:18,239.9,17.12
37f183492adb4ce952102634d5aa8f86,1,53c2dce98e95822ca42cb5cac7352d8c,aac29b1b99776be73c3049939652091d,2017-08-10 03:10:13,74.9,17.77
37f274d6183453f21639af5c037547d2,1,9f890da4bf8473aca1996ca037005902,dc4a0fc896dc34b0d5bfec8438291c80,2017-08-22 13:55:11,28.38,12.92
37f274d6183453f21639af5c037547d2,2,d829c266108bd4ef390199df1560fc2b,d2374cbcbb3ca4ab1086534108cc3ab7,2017-08-22 13:55:11,15.9,10.77
37f67c0f08baff980a2be6e9216099dd,1,368c6c730842d78016ad823897a372db,1f50f920176fa81dab994f9023523100,2017-08-21 12:30:10,59.9,13.44
3806e97292af7b9430f6981372925843,1,ee92961b88199a0d4329a6beca8f63da,78c99c6dff4eeae5be99bf635ed21e3f,2017-08-15 22:45:19,39.9,16.11
3806e97292af7b9430f6981372925843,2,ee92961b88199a0d4329a6beca8f63da,78c99c6dff4eeae5be99bf635ed21e3f,2017-08-15 22:45:19,39.9,16.11
380c501bd03f8059ea933d24459206b0,1,d3d2f358e7e92dbbbc0a37d0b7435253,b335c59ab742f751a85db9c411a86739,2017-09-10 21:15:17,139.9,21.47
38246d20fb91403c9ed13e1aa3c665ad,1,8e32a514da51f104caa9cfbad8df8432,25e6ffe976bd75618accfe16cefcbd0d,2017-08-07 10:10:15,54.43,15.13
382a503d9d9928675c03cb26ea99b262,1,f9f260f8a0d16df18bcc7248495d779c,30a2f535bb48308f991d0b9ad4a8c4bb,2017-08-10 19:55:06,49.9,11.85
383730d8be253fb34891920a417f2861,1,620ea491128bf83c51950ac006de001d,6d66611d7c44cc30ce351abc49a68421,2017-08-07 11:30:12,139.9,18.03
383730d8be253fb34891920a417f2861,2,df306b9d83f3a792369ff3360475936a,6d66611d7c44cc30ce351abc49a68421,2017-08-07 11:30:12,299.9,40.06
383e1abcae2216bb7149870157ac31a9,1,fe06d596708c590bf178cdb82aa7d48d,6d66611d7c44cc30ce351abc49a68421,2017-08-23 23:24:31,39.9,26.89
3841b9f0b88c1f4776e948e96261a099,1,ab4d60f2cff5544a9e5a3d9c7a88373b,bfd27a966d91cfaafdb25d076585f0da,2017-08-15 20:43:27,289.0,18.73
3842b7ad02b831026ee377ddef334206,1,a662d99595c3b6054702480cb7382afe,a6fe7de3d16f6149ffe280349a8535a0,2017-08-25 11:15:17,59.9,11.92
384588323436f6d2ae1474b58844eccd,1,7c1bd920dbdf22470b68bde975dd3ccf,cc419e0650a3c5ba77189a1882b7556a,2017-09-01 17:24:36,58.99,17.66
387620ec766797a584b7e92a41daad5f,1,7a9cf133da2a6494259ffeeab11b6276,db4350fd57ae30082dec7acbaacc17f9,2017-08-29 19:15:19,21.99,17.63
3877e5bf296cc5b88537eab728ede326,1,a4aa7c1427c31344e5f7cc3d839fe562,66922902710d126a0e7d26b0e3805106,2017-08-11 01:23:51,110.0,20.26
38953e88e1f6d075c453cc7c7808fd74,1,d696750e550fd0f733979dd7e5dff921,9de4643a8dbde634fe55621059d92273,2017-08-10 23:10:11,167.99,16.94
38a747fb2e7915ca7157237088020cf1,1,2295c573e69974c45434ba00300189f4,6560211a19b47992c3666cc44a7e94c0,2017-08-10 20:43:41,29.0,7.78
38b5a7a908e197731bb3e8e7f43abc06,1,468a848eeaf1472183a23c05e53ac177,45d33f715e24d15a6ccf5c17b3a23e3c,2017-08-08 03:04:04,299.87,28.65
38b7efdf33dd5561f4f5d4f6e07b0414,1,8988d11aace15e3c9e25763c6d87dcf5,891071be6ba827b591264c90c2ae8a63,2017-08-10 18:32:30,29.99,14.1
38db33637385302252909c781f213e91,1,1f08ab38da3a77a8e0bd17e63df35827,3d0cd21d41671c46f82cd11176bf7277,2017-09-06 12:44:33,50.9,13.51
38db33637385302252909c781f213e91,2,1f08ab38da3a77a8e0bd17e63df35827,3d0cd21d41671c46f82cd11176bf7277,2017-09-06 12:44:33,50.9,13.51
38e31ec9d0ed250702ede5bb610d963b,1,1f11ca0065518d335b576597c5b7f072,b6dc74ed30f124f95227bed4e43a3bed,2017-09-05 22:50:21,32.96,12.48
38fcd65b163e9fbd649c5135e629bfbb,1,29bedbfbe73ea473396306b4f0c010ec,5b179e9e8cc7ab6fd113a46ca584da81,2017-09-01 11:25:30,89.9,25.14
38fd87d994221fb9d75ccd3af4b12b46,1,422879e10f46682990de24d770e7f83d,1f50f920176fa81dab994f9023523100,2017-09-04 14:24:42,59.9,17.67
39218a9d4da3e7da685ae1a821387932,1,5c02e160e085328cf3228d73bf180342,4e17c65a516f69d023a2ae78b84f28d6,2017-08-29 03:05:10,134.9,9.14
39444c4357a54def3a087956dbb17e62,1,d3c044bd42d84a79e3b0c42662806a48,4c2b230173bb36f9b240f2b8ac11786e,2017-08-24 02:30:17,25.9,15.1
394c18a986b05efaea171db3c1b11652,1,0aabfb375647d9738ad0f7b4ea3653b1,37515688008a7a40ac93e3b2e4ab203f,2017-08-20 22:05:17,19.9,25.63
3952808713e11b033a67e9dddb6872f9,1,11dc4053871ff53ff79fb1fc7e6b160f,b1ac6ea7895bc3dd6f0f6f4abbdd2821,2017-08-15 09:31:29,99.0,18.0
395428aa1754d877ead58b1e47b29a64,1,7c1bd920dbdf22470b68bde975dd3ccf,cc419e0650a3c5ba77189a1882b7556a,2017-08-21 13:24:05,58.99,16.66
3971183c24a8511a1e70df6ba7dd4d7c,1,b5e13c9a353102f79c6206ff5cb61a50,a49928bcdf77c55c6d6e05e09a9b4ca5,2017-08-07 15:11:55,79.9,16.81
397e13bec7fab1213075383e4cdd11f7,1,503a975b7fd96719d7cdb8b88e7f5d0e,4a3ca9315b744ce9f8e9374361493884,2017-08-31 16:15:15,395.0,28.05
3989f05b20a0a54e3378e44248c02bde,1,d26580768894ea0cdc9f19dc672956c2,d50d79cb34e38265a8649c383dcffd48,2017-08-28 09:55:35,169.99,26.23
398d714b55535c832a8bd66bf83defd9,1,9223a3da528213e384a176a70d92130a,54a1852d1b8f10312c55e906355666ee,2017-09-04 15:32:55,109.99,18.02
39a2c5163845188e0148f36a05ff7ac7,1,04bd5aedb2f07b8078ef7dcbfb79db00,a3a38f4affed601eb87a97788c949667,2017-08-24 02:30:07,159.9,16.88
39a70e9e9b729b11dee34ac12478597f,1,1d3ecbda18167c766a3381fd16108e4a,dbc22125167c298ef99da25668e1011f,2017-08-22 21:44:13,108.9,20.0
39a74c4560e0e96397582d0a8ce8781e,1,785365b9ad25d832bdde56f305159fdb,a3e9a2c700480d9bb01fba070ba80a0e,2017-09-04 09:25:38,56.0,17.64
39c31edc53ca82584b62224bcbce3801,1,77ccda894b672fe1214b0101d108d7f7,13fa2a6c6b9d0f43cb588d7c82117a12,2017-08-22 20:45:04,418.0,19.18
39dbaa2c58bbe0be46bc4a525f24eda6,1,f71c0f4ee48321ba6b82205b2fc9e08f,bd23da7354813347129d751591d1a6e2,2017-09-06 18:05:23,98.9,16.13
39ed55131dcacf19b9dcf0739eefb591,1,ea44caac707f7f1325182a538007f838,855668e0971d4dfd7bef1b6a4133b41b,2017-08-30 13:25:09,50.0,16.6
3a162137f82297cdaf8349d510549616,1,be93f4f9930c70a83456e2c9cb408a85,e49c26c3edfa46d227d5121a6b6e4d37,2017-08-29 13:35:14,19.9,13.43
3a162137f82297cdaf8349d510549616,2,0aabfb375647d9738ad0f7b4ea3653b1,37515688008a7a40ac93e3b2e4ab203f,2017-08-29 13:35:14,19.9,20.14
3a2abdde2d9547be9828b598160bd25a,1,4f6feb65547759b7c03d681f190b1f52,7e1fb0a3ebfb01ffb3a7dae98bf3238d,2017-08-31 15:35:15,118.99,12.33
3a47466ddf60f686bf60e6cc66ed45aa,1,dae734dc69d90e2ced16dc3367da97b8,d91fb3b7d041e83b64a00a3edfb37e4f,2017-08-23 01:25:04,47.9,11.85
3a482da81f07c48902ac09603f648d1f,1,7c1bd920dbdf22470b68bde975dd3ccf,cc419e0650a3c5ba77189a1882b7556a,2017-08-13 21:42:58,58.99,17.66
3a49d7313406b30c459b188495221eb6,1,4b7690d7352318e41ae9594241ac4789,44073f8b7e41514de3b7815dd0237f4f,2017-08-15 23:24:29,69.9,16.25
3a62cd7c5ca5faeb968cbb94ad3d27bc,1,389d119b48cf3043d311335e499d9c6b,1f50f920176fa81dab994f9023523100,2017-09-08 02:24:41,59.9,17.67
3a69e8bb802e34036e7ef8f6e0f466ea,1,47ed478ee7b2696c2c49229fcad56e98,afe0067131b73e40875c9b6c10bd2e21,2017-08-07 13:30:13,129.9,23.78
3a6b881cda9bb84b58ca91c630b9793a,1,461f43be3bdf8844e65b62d9ac2c7a5a,4869f7a5dfa277a7dca6462dcf3b52b2,2017-08-17 20:15:17,169.9,15.94
3a80a334a6f31719b180d46fb8f00c5e,1,fa39c60599eb6573020f07a1b4dd38cf,0bae85eb84b9fb3bd773911e89288d54,2017-08-24 01:05:09,79.08,17.8
3a97b29009aa1ec54a67fd256b762b14,1,34eb0685663d60e57a9ca086c8e33423,048c2757535328e0d7dac690ad3c0aae,2017-08-11 17:03:29,199.7,18.65
3ac2da2ff7a04674a3a463e6f429da29,1,2028bf1b01cafb2d2b1901fca4083222,cc419e0650a3c5ba77189a1882b7556a,2017-09-11 15:05:20,56.99,14.15
3ad3f961be5de9064df7ea138472ab70,1,53759a2ecddad2bb87a079a1f1519f73,1f50f920176fa81dab994f9023523100,2017-08-23 00:15:20,59.9,17.67
3ad5e6d4c7320ce8a70ed122d2f6d98d,1,8d139b1550c8cc91a3babc9cfe9fc147,c9c7905cffc4ef9ff9f113554423e671,2017-08-25 10:30:16,55.0,9.34
3b18ad0839d6984800c3bee0d41eadcd,1,7b1f89874277e47ac905f072ea8bc2fa,6d803cb79cc31c41c4c789a75933b3c7,2017-08-23 02:30:14,59.9,48.95
3b2869c5b6a037cf731d70ac76d0fea7,1,089cc17c8bf2226d13648392e33dabd7,70a12e78e608ac31179aea7f8422044b,2017-08-21 23:24:39,49.95,11.85
3b2af016e04e30d2b6ae3f321e2cda20,1,4b7690d7352318e41ae9594241ac4789,eeb6de78f79159600292e314a77cbd18,2017-09-15 02:51:03,69.9,16.35
3b2d47df8aa11bc72eb017ae96631c4d,1,3d74d787086b0e22ac320ae43b240aea,ce27a3cc3c8cc1ea79d11e561e9bebb6,2017-08-29 22:10:35,40.0,8.72
3b2d47df8aa11bc72eb017ae96631c4d,2,3d74d787086b0e22ac320ae43b240aea,ce27a3cc3c8cc1ea79d11e561e9bebb6,2017-08-29 22:10:35,40.0,8.72
3b5066af438aa1723c4e22290fe8dabd,1,f646af315b0f3a597f69213537ca2199,3df020b72d3d44b3af9d110fa3940b65,2017-08-09 03:04:44,49.9,16.11
3b5066af438aa1723c4e22290fe8dabd,2,f646af315b0f3a597f69213537ca2199,3df020b72d3d44b3af9d110fa3940b65,2017-08-09 03:04:44,49.9,16.11
3b525abce4eeb08f96537636dc59dc2f,1,4e0d588f8e002f2bad9cbe0b8f66f6f6,fc906263ca5083d09dce42fe02247800,2017-09-08 02:15:32,39.9,15.1
3b62cf19155645bbcd58c9b11c9efce1,1,014a8a503291921f7b004a5215bb3c36,fa40cc5b934574b62717c68f3d678b6d,2017-08-09 17:00:15,36.9,14.1
3b715ecd6add927d4a2634e826487231,1,d4fe034cde911805af12724d73fde7e0,dd2bdf855a9172734fbc3744021ae9b9,2017-08-18 16:10:09,109.9,16.53
3b73af98e156e78b9589279586399d8e,1,7c1bd920dbdf22470b68bde975dd3ccf,cc419e0650a3c5ba77189a1882b7556a,2017-08-08 11:35:08,58.99,13.43
3b7620f0a3652abfdf6bc1b145b9117c,1,cac2a35a7d2ff513045a3114a29b4398,70a12e78e608ac31179aea7f8422044b,2017-08-16 20:55:17,39.95,34.15
3b7620f0a3652abfdf6bc1b145b9117c,2,cac2a35a7d2ff513045a3114a29b4398,70a12e78e608ac31179aea7f8422044b,2017-08-16 20:55:17,39.95,34.15
3b96533b1d556ba2db462f837d839dfa,1,00e928700d549c4173b1bf631ca30abf,80e6699fe29150b372a0c8a1ebf7dcc8,2017-08-14 17:04:04,55.9,42.42
3b9b43f842d56d4e464cf761d7c526e2,1,39d111da3ecf6cae8cca1d6d2946585f,dfc5fb7259bb2b599ca565e6e9448f0f,2017-08-31 14:55:16,189.99,18.9
3b9dcb2d70c63a5eb59ebc066b9900ad,1,2856b9cb722cb91f23867a5345b6e0d5,45213867cefbf2cd4c6177e10216a951,2017-09-08 02:24:31,425.71,47.44
3ba5d830ea579cb8687862a83f5b47df,1,1cdc69add3346845cb008e938c7db9e0,2e1c9f22be269ef4643f826c9e650a52,2017-08-10 02:23:52,55.49,15.25
3ba5d830ea579cb8687862a83f5b47df,2,1cdc69add3346845cb008e938c7db9e0,2e1c9f22be269ef4643f826c9e650a52,2017-08-10 02:23:52,55.49,15.25
3bae0297ddeacb52eb9b17d9616dcf1c,1,d49f9f12cae797620ffae81f5cdf0f79,82bd0703a4aefd6b599e5bfdaed378fb,2017-08-17 12:35:16,26.9,11.85
3bb2984ffaa10a2158edeb25f12d9a2d,1,98ba4d6506268560a9b0a03b6ae02636,6179a28a13a726c29b3bf54c070dccab,2017-09-05 09:25:42,300.0,24.97
3bb87caef060d2062d1f63e62dc09bd4,1,b520b78a494cbd6e36d7a1c64cdffe0b,b3f19518fcec265b2e97af287725f981,2017-08-09 03:06:09,41.99,17.92
3bc85ea22011e6a4c0677bd7a985f76b,1,386eebb43722ab502f04f7900bd2451b,94144541854e298c2d976cb893b81343,2017-08-28 19:35:18,59.9,15.86
3bd1df775df3958fa5a42deddb92d151,1,f35927953ed82e19d06ad3aac2f06353,669ae81880e08f269a64487cfb287169,2017-08-09 03:10:26,115.0,15.56
3bd72d0bf4e30e74322d88fe9dd5ac2d,1,b9ee7519d0187d2389af62ba6c612963,78c99c6dff4eeae5be99bf635ed21e3f,2017-08-17 17:50:08,69.9,16.25
3bdbd9f5f42278fb48aa879475fb33b4,1,4b456247c6fd6370f0c01903b0c6d67d,87142160b41353c4e5fca2360caf6f92,2017-09-01 02:50:36,139.9,36.3
3be3bae6f665380f803dc59c9053cf26,1,2b18330ce86ae5c606250b75b499f370,7fe21dd00d2f4943ae09525efa2fd674,2017-08-14 04:10:13,49.9,16.79
3be920fd3c1704bf6fe6102ff9641407,1,ef8856db4e302ad33dc4d91e40f7593c,dbc22125167c298ef99da25668e1011f,2017-09-08 12:50:10,103.9,14.46
3bed3182d08ce9d8c2e2a849db8a2257,1,2f6e181a1c1c54d63d3a7e4d64b9947f,1127b7f2594683f2510f1c2c834a486b,2017-09-06 09:15:14,76.11,12.24
3bed3182d08ce9d8c2e2a849db8a2257,2,2f6e181a1c1c54d63d3a7e4d64b9947f,1127b7f2594683f2510f1c2c834a486b,2017-09-06 09:15:14,76.11,12.24
3c04118e4788bb999f7371015e3dbdbe,1,b71ed32edb9ce4684e10a11309011b60,5a93f3ab0ef4c84ed5e1b5dbf23978bc,2017-08-30 18:24:43,10.0,11.85
3c05712f236fb4767524a73b0775ff27,1,b620a403f100fea663ebb5d3875945b6,e5a3438891c0bfdb9394643f95273d8e,2017-08-23 21:30:16,29.9,15.1
3c1b7beb2a3485c3ad6b4ba2a4865466,1,63bd0e7bb0fdb40cbd6777aa5c7d5a56,5160d23075764e18e07c1f4a87fad743,2017-09-03 21:10:09,80.0,7.82
3c2c60ec97f726dbfe5aef326056585f,1,277a12fc4d8cd5dae85d0071015bb745,b83cedfb587e7911540e3f576d6917ce,2017-08-08 19:10:24,109.78,20.26
3c2efaf967ce7ac93a892e7fd066e837,1,b6911a73311462653bc381da86a3a3c6,f8db351d8c4c4c22c6835c19a46f01b0,2017-08-30 16:55:14,16.9,8.27
3c2efaf967ce7ac93a892e7fd066e837,2,b6911a73311462653bc381da86a3a3c6,f8db351d8c4c4c22c6835c19a46f01b0,2017-08-30 16:55:14,16.9,8.27
3c37c0f0e8a0e6d94c555141221ddc1d,1,391a014a66920fa0ce468319264e0232,ce27a3cc3c8cc1ea79d11e561e9bebb6,2017-09-07 21:44:34,129.9,15.66
3c3c6b986a4d292ad99cabd0f60a482c,1,f177b434709ecb652dbee4f4b19aef2f,d98eec89afa3380e14463da2aabaea72,2017-09-01 15:55:19,29.99,42.38
3c4bb7f6331faec0e9dbc045d45f04d7,1,380b4664ba5bb18cc9db78ee6bac3558,6560211a19b47992c3666cc44a7e94c0,2017-08-11 11:23:42,29.0,7.78
3c7299e1335df876b15d9b4cd3858fa9,1,23c6236434e58c6519c19e56c2dade45,a3a38f4affed601eb87a97788c949667,2017-08-17 04:26:06,139.9,27.52
3c74381248cf4d26768d91a5c30e0c38,1,29446ebec998a09982353d9d7628ac58,82bd0703a4aefd6b599e5bfdaed378fb,2017-08-24 02:10:37,79.9,35.88
3c90356d0505af8fad4231e48886ba3e,1,df2a36e39b65ff56203117e93bcbe20a,14d7985702e72162bbf13b6beb74ab2b,2017-09-04 18:35:11,59.0,9.34
3c9e706b2938bbef0922d8c7da956ec8,1,0992c6cba95a13bfa68ea7d5e22d478b,d50d79cb34e38265a8649c383dcffd48,2017-08-29 02:46:54,355.99,28.81
3cb894b9d2fb0fa0ba040e556b246c07,1,35557c68a22ecebcf066e25ca2ddc144,f8db351d8c4c4c22c6835c19a46f01b0,2017-08-30 03:05:42,16.9,15.1
3cd02e6bd648bb14fb1f20e140ee4e15,1,d696750e550fd0f733979dd7e5dff921,9de4643a8dbde634fe55621059d92273,2017-08-08 18:23:31,167.99,36.5
3cd82d2cfb48466fdfcb8594444e211d,1,f4470c119e77b79863901b5d2152fc6f,59cd88080b93f3c18508673122d26169,2017-09-11 09:30:12,33.2,25.63
3ce3ea3283555ac158b83c7cc2093ca7,1,5f0bdec2fb222061ed8fe52586a5957d,ea8482cd71df3c1969d7b9473ff13abc,2017-08-22 15:15:26,16.99,15.1
3ce5ed82ae32a886fd55be9b9e7b8405,1,7755707fe561ddbc56cefcce33c97945,004c9cd9d87a3c30c522c48c4fc07416,2017-08-18 10:45:19,233.8,94.94
3cef2febcf9500f2509317c92f432e8c,1,f177b434709ecb652dbee4f4b19aef2f,d98eec89afa3380e14463da2aabaea72,2017-08-10 10:25:17,29.99,15.1
3cfd0a41e3256e003a751ae76649b197,1,06c6e01186af8b98ee1fc9e01f9471e9,fc906263ca5083d09dce42fe02247800,2017-08-28 04:25:56,39.9,15.1
3d03d116b48f6fff976e1f491fec240c,1,19b7148be60fb48eb30c7eb0431c1a8b,7ddcbb64b5bc1ef36ca8c151f6ec77df,2017-08-23 17:50:15,154.99,14.83
3d07c92da0c50282dac7ad3bcf564679,1,0ef56954a7f2e8c36b83dadad90b9cc9,855668e0971d4dfd7bef1b6a4133b41b,2017-08-30 02:26:26,14.0,15.1
3d0e80567ee51ea2f1b6c2988e9b7c3f,1,b73f6899a58fe7a37e55149e9a11c717,7c67e1448b00f6e969d365cea6b010ab,2017-08-25 14:44:23,69.98,28.4
3d0e80567ee51ea2f1b6c2988e9b7c3f,2,b73f6899a58fe7a37e55149e9a11c717,7c67e1448b00f6e969d365cea6b010ab,2017-08-25 14:44:23,69.98,28.4
3d0e80567ee51ea2f1b6c2988e9b7c3f,3,759d6e247dae636cc8e135f50052865e,7c67e1448b00f6e969d365cea6b010ab,2017-08-25 14:44:23,159.99,22.72
3d2c6a6debb7264f52777cc9912a3b7c,1,30048c2138eb22aebd13d31c07ba226b,c68fb906c8f4b4b946d8386bfa6e5467,2017-08-11 20:35:15,118.88,33.28
3d4e8e0a5464da5715162fd9d3602be1,1,b35fdaf3bc14c8bdeed3f6bea571d5e1,3078096983cf766a32a06257648502d1,2017-08-22 16:35:28,106.99,53.35
3d5dd5656fbfbdc5a7798d2e0885122f,1,803afd213dfaca86aacd31b3c7d9a296,0bae85eb84b9fb3bd773911e89288d54,2017-08-30 10:50:40,67.89,19.72
3d60cbc30fe424ccaa1b75c0c2e1cd90,1,e1b8f6708fbd98896278e000251dd8c5,e5a38146df062edaf55c38afa99e42dc,2017-08-28 03:45:25,35.0,18.89
3d659235708f3aa8d5f6c1fa12fcb264,1,0f2550707d4df66cbd9937420497ee8b,53e4c6e0f4312d4d2107a8c9cddf45cd,2017-08-23 22:25:23,32.19,9.34
3d6c7984f741db86885c11fb6f8ef329,1,b791d5d05f0c974d148d358efcd21d84,7aa4334be125fcdd2ba64b3180029f14,2017-08-10 13:43:27,25.99,15.23
3d6c7984f741db86885c11fb6f8ef329,2,cda960fc8a8987dd224a17dddfffdaa5,7aa4334be125fcdd2ba64b3180029f14,2017-08-10 13:43:27,25.99,7.61
3d6c7984f741db86885c11fb6f8ef329,3,b791d5d05f0c974d148d358efcd21d84,7aa4334be125fcdd2ba64b3180029f14,2017-08-10 13:43:27,25.99,15.23
3d6de6859857d943fc208268b533c0a9,1,e9ceb9123d3103b7ad293c168dd3a547,5f06030071324cc52bf0304014ac7234,2017-09-04 18:30:18,195.99,19.26
3d76808da6242e8c7476a606fb6b5935,1,154e7e31ebfa092203795c972e5804a6,cc419e0650a3c5ba77189a1882b7556a,2017-08-17 04:04:48,23.99,17.63
3d7d0dcc28a6dfb5464b9b43e751e45f,1,f989412e4e7110deab61cdc486f8e0de,46dc3b2cc0980fb8ec44634e21d2718e,2017-08-16 21:44:11,499.99,18.57
3daf8a0b8f1b1016e1bd500821a8d0c7,1,fd1976772549ed5b4aed965293122ac8,620c87c171fb2a6dd6e8bb4dec959fc6,2017-09-05 13:30:13,299.9,19.67
3db31eaaf79e14aacfe056edba923cba,1,2516615ef3ab70913809f9d5fc363740,86ccac0b835037332a596a33b6949ee1,2017-08-18 13:25:21,52.9,12.62
3db932725b90f4f388d2e361b0f1247e,1,9d04b62c69bd020f5b68d1f887b7c930,128639473a139ac0f3e5f5ade55873a5,2017-08-07 19:53:53,9.9,15.1
3dc6e749cfbbd0cdcd680baabc83d5eb,1,e478d0bd1efbc9329837d30c174bb850,cca3071e3e9bb7d12640c9fbe2301306,2017-08-14 09:55:24,29.9,15.1
3dcb62ed8e9e2d9909ba544c7d10195a,1,42749c525c90994bd3d4c74edf047172,d51e0a403fe2e689ece6c73359d96e12,2017-08-30 16:06:27,198.0,13.73
3dcb62ed8e9e2d9909ba544c7d10195a,2,42749c525c90994bd3d4c74edf047172,d51e0a403fe2e689ece6c73359d96e12,2017-08-30 16:06:27,198.0,13.73
3dcb62ed8e9e2d9909ba544c7d10195a,3,42749c525c90994bd3d4c74edf047172,d51e0a403fe2e689ece6c73359d96e12,2017-08-30 16:06:27,198.0,13.73
3dcba6a4791ca82b9de4b0590404b27c,1,154e7e31ebfa092203795c972e5804a6,cc419e0650a3c5ba77189a1882b7556a,2017-09-08 16:15:54,23.99,14.1
3deeaa4d253d9612fe55428163839325,1,c6336fa91fbd87c359e44f5dca5a90ed,4c2b230173bb36f9b240f2b8ac11786e,2017-08-28 15:27:10,45.9,8.72
3df5a05b33678524de6fef39c6cd810f,1,a88cfe5c20413ddeff0a060c4202d278,05f51e13da97139648b8125c31e5f51b,2017-08-23 21:25:01,399.9,119.35
3df5f0a6d3258b30e0793cbd37b499f9,1,417d9668b1146c16947abb8c344996e8,d50d79cb34e38265a8649c383dcffd48,2017-08-17 02:50:41,93.99,15.42
3dfb708634f7341447767f4ee59fce95,1,b4431ed501beba1c20c06656260d30d5,1127b7f2594683f2510f1c2c834a486b,2017-09-05 21:35:11,39.49,12.69
3e64ee45a339ce09c4e27564b45ba09e,1,c45f017c36f9112a8bb4f170edfb1870,dbc22125167c298ef99da25668e1011f,2017-08-15 02:50:33,94.9,14.39
3e6f06c624c7f67d6a0710e39ca97f2b,1,810cfa5dd36b001cfc186499381f72ab,eed78ac17f7f795a19a709745f00cd4e,2017-08-29 13:50:45,48.8,11.85
3e6f06c624c7f67d6a0710e39ca97f2b,2,810cfa5dd36b001cfc186499381f72ab,eed78ac17f7f795a19a709745f00cd4e,2017-08-29 13:50:45,48.8,11.85
3e6f06c624c7f67d6a0710e39ca97f2b,3,810cfa5dd36b001cfc186499381f72ab,eed78ac17f7f795a19a709745f00cd4e,2017-08-29 13:50:45,48.8,11.85
3e6f06c624c7f67d6a0710e39ca97f2b,4,810cfa5dd36b001cfc186499381f72ab,eed78ac17f7f795a19a709745f00cd4e,2017-08-29 13:50:45,48.8,11.85
3e6f06c624c7f67d6a0710e39ca97f2b,5,810cfa5dd36b001cfc186499381f72ab,eed78ac17f7f795a19a709745f00cd4e,2017-08-29 13:50:45,48.8,11.85
3e6f06c624c7f67d6a0710e39ca97f2b,6,810cfa5dd36b001cfc186499381f72ab,eed78ac17f7f795a19a709745f00cd4e,2017-08-29 13:50:45,48.8,11.85
3e6f06c624c7f67d6a0710e39ca97f2b,7,810cfa5dd36b001cfc186499381f72ab,eed78ac17f7f795a19a709745f00cd4e,2017-08-29 13:50:45,48.8,11.85
3e7433883ed362df81977e1b24e3d6ec,1,4633dfeb3a2588bdb52af32d504b44eb,b76dba6c951ab00dc4edf0a1aa88037e,2017-09-08 13:30:09,19.99,11.85
3e8b14802154e650128119d2b60c045d,1,779471f3320ebf3c8695d3774cd90d98,d91fb3b7d041e83b64a00a3edfb37e4f,2017-08-18 11:05:21,22.0,9.27
3ec275bc012162de739c7ab6dcf11677,1,a412a4cce5810a2d4fc9ce36664a929b,8581055ce74af1daba164fdbd55a40de,2017-08-24 11:25:05,75.0,13.08
3ecc3a4cbe43e1e70c4f20956250fdde,1,601a360bd2a916ecef0e88de72a6531a,7a67c85e85bb2ce8582c35f2203ad736,2017-08-22 23:45:14,118.99,29.23
3ed26cafd58917f71e9044701fe9e7cb,1,ec5b3c8bb77ad22278f6e9d719a83de3,4a3ca9315b744ce9f8e9374361493884,2017-09-06 19:05:38,12.9,11.85
3ed26cafd58917f71e9044701fe9e7cb,2,ec5b3c8bb77ad22278f6e9d719a83de3,4a3ca9315b744ce9f8e9374361493884,2017-09-06 19:05:38,12.9,11.85
3ee6f1a94cd7b1aa622553fd94a3aaf3,1,4606f0b0bceceb75e7a887e6b57cae3e,25c5c91f63607446a97b143d2d535d31,2017-08-31 11:30:24,155.0,36.41
3ee6f1a94cd7b1aa622553fd94a3aaf3,2,4606f0b0bceceb75e7a887e6b57cae3e,25c5c91f63607446a97b143d2d535d31,2017-08-31 11:30:24,155.0,36.41
3ef28988ea616750c5ac6a0058814056,1,a2b35668d3b4c6f34b35c9f702ecc5b9,20d83f3ef0e6925fd74bfd59170babf7,2017-08-20 21:30:13,39.9,17.63
3ef63bbc5cfb1ac8a9454f5c5e29b1cf,1,eaa26a34984cbfedc19b1e45f09f3c9a,9646c3513289980f17226a2fc4720dbd,2017-08-15 11:10:16,108.0,18.33
3ef8344e342218131639ab03da0189cc,1,45448d98662daee2e5ee969475a90826,83e197e95a1bbabc8c75e883ed016c47,2017-08-24 11:25:13,133.9,17.19
3f0f3c811e704a2423f25301eaedf047,1,7fab1a1472fdd934397068931f63f3ca,3d871de0142ce09b7081e2b9d1733cb1,2017-08-17 11:55:21,69.9,11.99
3f2d65e9302a444056b6b65922647a10,1,b348cae99d8bef36e269b016bc19419b,7fe21dd00d2f4943ae09525efa2fd674,2017-08-08 13:03:37,79.9,21.36
3f424138a3ca8909a57b75d4389c91de,1,3458b4c1fcbe46e2eedb48e00960a60e,cfb1a033743668a192316f3c6d1d2671,2017-08-28 00:24:25,157.0,21.59
3f5dec4a044b171bbe8c2313102c045b,1,c6336fa91fbd87c359e44f5dca5a90ed,4c2b230173bb36f9b240f2b8ac11786e,2017-09-08 02:50:19,45.9,8.72
3f5dec4a044b171bbe8c2313102c045b,2,c6336fa91fbd87c359e44f5dca5a90ed,4c2b230173bb36f9b240f2b8ac11786e,2017-09-08 02:50:19,45.9,8.72
3f5dec4a044b171bbe8c2313102c045b,3,c6336fa91fbd87c359e44f5dca5a90ed,4c2b230173bb36f9b240f2b8ac11786e,2017-09-08 02:50:19,45.9,8.72
3f6833af28b1e2885b8df4899e9aa8d1,1,4dbd164e17f931f99e7553c97000a4d8,abe42c5d03695b4257b5c6cbf4e6784e,2017-09-06 17:35:22,449.0,17.89
3f9da547c613941c5743b7e033c6ad31,1,7762d533895097b6e2f2b64ef66b2ec9,1f7fd2a6fcd5a6fa5d8a4dabc72aaae0,2017-08-17 21:25:14,158.4,26.73
3fdc7dae10900f3b484cae506870d823,1,8338cef8355d238f43711dcb9c0657b2,cca3071e3e9bb7d12640c9fbe2301306,2017-08-08 16:15:20,45.9,12.69
3fe3d1ba41519dd81c6d6ebde0c8801b,1,a961143b53bf771400f1bc6bdf396e8d,5011f0d93373a4c5753adf58ca77af8d,2017-08-24 03:24:14,19.9,15.1
3fe4dbcdb046a475dbf25463c1ca78bd,1,8ad5422c2f13436a172cbdd5f2faa00e,d91fb3b7d041e83b64a00a3edfb37e4f,2017-09-05 07:00:08,35.9,16.11
3ff0a629f4dd40fa3b97b60531307582,1,74e5e7c0ad09d8fec4d30c75a70a7799,3db66a856d18a9cba7c9241fc5221c50,2017-08-24 11:24:33,69.9,14.22
3ff4571d28b9a56f8a7b6c9c0e1d691e,1,dde21a870db774b452a7286b5e3035c5,1da3aeb70d7989d1e6d9b0e887f97c23,2017-08-28 03:45:42,34.99,15.1
3ff5bb3fdc326853eb4c2a265a5231da,1,38b5079a807bb9f22ddfa46f929accee,6560211a19b47992c3666cc44a7e94c0,2017-09-04 04:25:56,21.0,15.1
400f443373af2cc7cca6166823ef939e,1,4520766ec412348b8d4caa5e8a18c464,16090f2ca825584b5a147ab24aa30c86,2017-08-15 02:55:37,40.0,15.1
4019b970673ea8400df0ad1841bb5a5e,1,d8160f4d642dacdcdb00f26b434a6033,f45122a9ab94eb4f3f8953578bc0c560,2017-08-08 21:30:17,274.9,26.76
4037a3583a32f7b85f01628dbab478da,1,b9871eecffc86e4ce44299d2e0d10cdd,3b15288545f8928d3e65a8f949a28291,2017-08-18 16:03:51,154.99,21.57
403ba4b294a085191de623779e866fb6,1,ee33a2ccba10e33e8184c1b7be9ecf7d,ef506c96320abeedfb894c34db06f478,2017-08-18 14:30:27,19.99,14.1
403d497d5ac592144b9c83c01daa3a25,1,c6dd917a0be2a704582055949915ab32,7a67c85e85bb2ce8582c35f2203ad736,2017-08-24 15:35:09,99.99,11.9
403e499c55ee10e52fbf26762b33a5f3,1,7a10781637204d8d10485c71a6108a2e,4869f7a5dfa277a7dca6462dcf3b52b2,2017-08-29 00:32:49,229.9,16.36
40480952d51c22285abc3b9a16595822,1,c2ece64199af7a53793ed9612a89a8cd,6c7d50c24b3ccd2fd83b44d8bb34e073,2017-09-04 12:45:50,75.0,21.38
40480952d51c22285abc3b9a16595822,2,d3e112316bd3ae29280cec26bd3059fd,5a8e7d5003a1f221f9e1d6e411de7c23,2017-09-04 12:45:50,39.9,6.1
40480952d51c22285abc3b9a16595822,3,d3e112316bd3ae29280cec26bd3059fd,5a8e7d5003a1f221f9e1d6e411de7c23,2017-09-04 12:45:50,39.9,6.1
4059056b2f7cadb9cf31238fc351ca59,1,089cc17c8bf2226d13648392e33dabd7,70a12e78e608ac31179aea7f8422044b,2017-08-11 12:43:42,49.95,15.1
405a30197dbb4ed83804a680c2bbae9b,1,19f0917ba5781b978298ffcd9ae225c1,43f8c9950d11ecd03a0304a49e010da6,2017-08-17 04:15:27,89.99,7.88
405ecafdd586fc6c950aa6aaf4e91cae,1,369dfa384d5ad2a0cb97cb4cda846c47,e9779976487b77c6d4ac45f75ec7afe9,2017-08-16 03:25:21,171.0,15.95
4066e404b7be2a4a7331bc62da6fdbeb,1,b88182b83c726595532324fd84ac7db4,b4ffb71f0cb1b1c3d63fad021ecf93e1,2017-08-28 02:35:21,9.2,7.78
406de5462666366ba69ee8d333eafc31,1,cb26d15d1b6eabaac7c0803774245884,ccb83a794700270fde70898fe9ff368b,2017-08-10 13:25:19,899.0,132.15
4071fd2362f826dbb5ea79880533cccf,1,dac2eb7c1ddae28171b16e13c80a9730,70a12e78e608ac31179aea7f8422044b,2017-08-24 20:45:15,85.0,16.35
40720c42a96175879b2777f799bb29a5,1,b2f16abc8f4f288092e5d85939548637,e76ecc7e9a1a1e3c6df9d2a8261c423d,2017-08-17 10:35:18,20.0,14.1
4083b3de3f83063296da5c898dddee6a,1,37bc5c7b7dca15cfcbe282fb0dd0bab3,7722b1df1b0e383e000397b2c11e3e19,2017-09-01 20:55:10,19.9,8.72
408e91bfedadd9e3a02ea46af7e6cb4e,1,07691def223b4568e8ecb5a5b30574b1,b76dba6c951ab00dc4edf0a1aa88037e,2017-08-09 02:50:47,12.97,7.78
40965a3a15814c97fdf1c615b2bb939f,1,c94d19d021d4a8fbae5a45f904aeea90,701938c450705b8ae65fc923b70f35c7,2017-08-15 03:04:20,134.97,25.25
40af8092cfca37c02ef8a817574f6edb,1,edfbb2566914ddd223d3bd6fa1e9693c,8444e55c1f13cd5c179851e5ca5ebd00,2017-08-07 10:45:18,339.2,15.39
40b78093269252ad30000071c00f5c9a,1,49454c6dad93119e2815c43df82b2f57,7d76b645482be4a332374e8223836592,2017-08-17 04:26:22,13.9,15.1
40c1597a3bf7628a0c70b7aeb1cb9c51,1,c57b94c82ebde2f6789cc52101988d19,391fc6631aebcf3004804e51b40bcf1e,2017-08-28 10:46:03,144.8,14.03
40c47ac0a33ea4a23b9ba2ab87a77f16,1,d6d73c1fe2e8c0e3e90e2421ffa4b963,01c97ebb5cdac52891c0ed1c37ba0012,2017-08-23 03:05:39,29.4,12.69
40e240e00303ab3cee64520a5ccf3388,1,985c412b0ac92ed9d8a76bbeab6d44eb,1554a68530182680ad5c8b042c3ab563,2017-08-08 21:38:33,68.9,17.73
40eb3456ddb929efd347db4817460755,1,6bda2b8bcc2bab4fb46bce67c4f4b829,542917da124346b47ea1ac79a93ce454,2017-08-14 04:32:15,34.0,25.38
4109e4ec2678abadacc06e7a540fec03,1,9b5db368c0daee4e693aa981f17d0010,9dda5bbacd45e18d6485fee649205d09,2017-08-31 14:24:42,37.9,14.08
4122be7db111cfff4ce3ca4b4da19907,1,5115d8cd6438c0c4d8abdf38d5d41ebd,6560211a19b47992c3666cc44a7e94c0,2017-09-06 18:25:30,69.0,14.23
4122d084b6a345866be978647c68acd2,1,32aeecc02aa5adcb7f75155a80a47836,55a5b51f93f2b70ea513f5a047b0262a,2017-08-28 23:30:08,128.7,21.39
41360009dce5e75361ad80cf695ccf24,1,660fc6f47144a19180d7309e37155f1e,a3a38f4affed601eb87a97788c949667,2017-08-20 23:10:17,129.99,27.45
41360009dce5e75361ad80cf695ccf24,2,9d47dddcc5eb825534e212b1b927385f,a3a38f4affed601eb87a97788c949667,2017-08-20 23:10:17,129.99,27.45
41498083868bfdab3ed24190348d1929,1,6b8d627bee6d96ddc7a0aa203ba07016,53243585a1d6dc2643021fd1853d8905,2017-09-04 11:28:15,174.0,18.5
416b0ed65ba7a348e1041689147debd1,1,f03859e4cc21018569f5ae7a03897ff4,7299e27ed73d2ad986de7f7c77d919fa,2017-08-21 03:55:23,45.0,12.48
4173123220bd4c3bd19044ee5f76c467,1,b141c668aca84c5877a5c66bd94fedc8,da8622b14eb17ae2831f4ac5b9dab84a,2017-09-08 02:25:03,29.9,15.1
417575a363d3c393c6dcfcbbd67890e8,1,c6336fa91fbd87c359e44f5dca5a90ed,4c2b230173bb36f9b240f2b8ac11786e,2017-08-31 16:10:20,45.9,15.1
417575a363d3c393c6dcfcbbd67890e8,2,c6336fa91fbd87c359e44f5dca5a90ed,4c2b230173bb36f9b240f2b8ac11786e,2017-08-31 16:10:20,45.9,15.1
4183a895b0b1ecb44aacb723661eec8d,1,c7fd13b5e515bffdab855d0812842edb,1025f0e2d44d7041d6cf58b6550e0bfa,2017-08-09 03:05:22,78.0,12.89
4185d8c314ae4ed44a3b41814c04cec4,1,6e86c76c9073070701739dc4fae68a6b,1025f0e2d44d7041d6cf58b6550e0bfa,2017-09-04 14:45:08,108.0,39.69
4187eb76c2b3b265e55590002bd353bd,1,fb09c649a144a9dfd4546612891e1f11,92c8bc6e8f925792247656fed09aad65,2017-09-05 18:07:49,82.9,7.84
418f45a2544c9ab8f50c4d6843642a98,1,7f61bd19ec09e7fe8a9fa226b516e6cd,b2ba3715d723d245138f291a6fe42594,2017-08-08 13:03:36,314.9,13.7
41a5363dcaa28ccb1ecf0211c3c5d530,1,b1acb7e8152c90c9619897753a75c973,cc419e0650a3c5ba77189a1882b7556a,2017-08-11 03:06:30,34.99,14.1
41c045db2d1876be9f05cf4a787693b2,1,5e18248fc768bdb7fc69fd012068d109,3504c0cb71d7fa48d967e0e4c94d59d9,2017-08-22 14:55:20,24.9,7.78
41c7307fb0238baabade48573331cb55,1,cd82271424be9568801391194697361c,062ce95fa2ad4dfaedfc79260130565f,2017-08-23 11:44:13,41.9,17.92
41d0050b0a103c674289659fdd6f602e,1,14dffa241a078aeaebaef48a49e807ca,fa40cc5b934574b62717c68f3d678b6d,2017-08-29 10:15:55,64.9,5.78
41d0050b0a103c674289659fdd6f602e,2,0d704e7a1f7ac1c5c03247e845d18f93,59b22a78efb79a4797979612b885db36,2017-08-29 10:15:55,39.9,34.99
41d0050b0a103c674289659fdd6f602e,3,014a8a503291921f7b004a5215bb3c36,fa40cc5b934574b62717c68f3d678b6d,2017-08-29 10:15:55,36.9,2.63
41d92de81c9d9741c53203e1076e38e3,1,b6b76b074ed0d77d0f3443b12d8adb5e,6560211a19b47992c3666cc44a7e94c0,2017-08-29 10:46:33,99.0,15.44
41ec1c3e85fe3ec775c90dc99e697991,1,187e7d92b8168c3661824809d0c5dffb,431af27f296bc6519d890aa5a05fdb11,2017-08-11 10:35:19,119.9,18.09
41edd30acb1a7bf7b3ba3efe83da6ce3,1,9af7b4a3262141c12ba9bd489a8573c7,aafe36600ce604f205b86b5084d3d767,2017-08-23 01:35:36,59.9,15.18
41f5e1d98c342beaa1234b59c89d9f6b,1,a71d0bc0c279b81bda788ecaca585ca5,4a3ca9315b744ce9f8e9374361493884,2017-08-17 11:04:33,299.0,13.59
41fac1a841732b89d07857b5c7f4aa51,1,363a742635cc645c207ce8102de9b837,6c7d50c24b3ccd2fd83b44d8bb34e073,2017-08-29 12:35:27,112.5,25.63
41fda677249a97ed31645dd2680b147c,1,50b9ed3a22932b28d452c73046083f5d,55a5b51f93f2b70ea513f5a047b0262a,2017-09-06 12:44:36,34.6,15.1
42438eb68c55de2ecd158307119790c1,1,2b921487aa886033e98b636be91f01bb,43f8c9950d11ecd03a0304a49e010da6,2017-08-10 15:10:15,84.99,14.34
424fede77e7b571eca6ff46a2276f8af,1,c201a862c6018d402222594d5229c613,c8b0e2b0a7095e5d8219575d5e7e1181,2017-08-10 19:25:16,117.99,9.64
4254f084673c8b5d85ad824fae3aa522,1,fa4e8255202fd921350a6fc716710dae,2b3e4a2a3ea8e01938cabda2a3e5cc79,2017-08-18 20:55:11,265.99,9.12
4259e68b0021b91e05471e07a45c813c,1,0060b415594c5e1200324ef1a18493c4,751bdc4d83a466c7206cd42e8f426b03,2017-08-07 17:05:18,69.99,9.32
4259e68b0021b91e05471e07a45c813c,2,1b9257f42072f68e325a4dc79dd99ae4,751bdc4d83a466c7206cd42e8f426b03,2017-08-07 17:05:18,159.99,27.97
425de35c38a6fbe5030783d1ebf2b93f,1,3aa3fb2fdb16c7383879e48a574fc8ab,31344c16881c08a8a72c6d2eb29918c1,2017-08-31 20:00:15,219.9,58.21
42653d5c4df9e26fb929a370f55ee092,1,451f6a5c5b15c9c5819256be358df9f0,b6d44737c043328708f6749c2dbe50bd,2017-08-21 13:45:14,27.9,17.6
426613d1fcfcbb706338ad0574f870ac,1,f74979233a273e0afadf48e39d0c45a4,fffd5413c0700ac820c7069d66d98c89,2017-08-15 13:55:23,94.6,16.42
42680f6afdb63743a39c5947b57e4bf0,1,53759a2ecddad2bb87a079a1f1519f73,1f50f920176fa81dab994f9023523100,2017-08-16 22:05:12,59.9,17.67
426d4272fc71353cab0d91dc2658b066,1,47fb043ed62be785ecb7a5e30c7787d4,abc015ebac1d283a323ca9db35ede4b9,2017-08-14 04:04:49,54.9,11.88
426d5abd8bde1dc9291aba9f7ebb22af,1,b7dbc7d6e73a828cc62756e693f48b7d,66dc1b1632bd6a3e508510c5b3492107,2017-08-22 09:23:37,24.9,16.79
4273eb19832c1ba5b1d96ec21fcc2d1a,1,7a10781637204d8d10485c71a6108a2e,4869f7a5dfa277a7dca6462dcf3b52b2,2017-08-17 10:45:08,229.9,13.11
42764ea3fe3c6143d0c7e3deef849e78,1,5e21d5cab5d33e770d8150a4ee6117db,6560211a19b47992c3666cc44a7e94c0,2017-08-16 22:50:18,49.0,14.1
42769a5163a34297f4458dbccf206b36,1,7fda46e6f8996ebe3acf684cca0124c2,3b15288545f8928d3e65a8f949a28291,2017-09-01 16:55:19,99.99,25.54
4299a0c82607e27f3ed35f448206573f,1,c11485ba18bc927ccd486e58eaea6ef0,5b179e9e8cc7ab6fd113a46ca584da81,2017-08-17 01:50:09,129.9,9.72
42b728c418ed710abe935da2195bc7e6,1,5cca824e6a0eebe738c8a6381d0d9349,4e922959ae960d389249c378d1c939f5,2017-08-17 19:23:49,20.0,25.63
42bd28552ea6f85e74f4a7ddd47705e8,1,422879e10f46682990de24d770e7f83d,1f50f920176fa81dab994f9023523100,2017-09-05 08:03:55,59.9,37.97
42bd28552ea6f85e74f4a7ddd47705e8,2,368c6c730842d78016ad823897a372db,1f50f920176fa81dab994f9023523100,2017-09-05 08:03:55,59.9,37.97
42ce6a0ec35eb86bfb376c039fcfe399,1,d189fbf8b5d79a670cebcaaad68d77b2,0d85bbda9889ce1f7e63778d24f346eb,2017-08-23 13:25:24,59.9,18.04
430d109ed8e86fd6925c000c40c2570c,1,a869ec6209c361ca46dad85a5530e119,c3cfdc648177fdbbbb35635a37472c53,2017-09-12 02:24:51,159.9,20.61
43101ee6b066954af2c1074445d240ec,1,059dce566827cd3b3274f2b986d5c0db,44073f8b7e41514de3b7815dd0237f4f,2017-08-30 10:56:08,216.76,30.56
4310dee37e09d3d73cf8c9a63f7b61fc,1,98c2f7da94217786e372e7d85462c354,2199e7fe213c16213bf5d6a7eadc9a5d,2017-08-10 06:45:15,72.5,13.53
431fe12f4d24d8f61a0947c0bc842a04,1,dfa1cb6b4b904235cd5fd60af3df8580,d20b021d3efdf267a402c402a48ea64b,2017-08-28 17:06:49,46.99,16.11
432b94fc93fa7876de3b78bd99ddc053,1,d275bb0f793c1f80031e1f6ae7e1ab00,004c9cd9d87a3c30c522c48c4fc07416,2017-08-25 02:45:44,146.99,21.52
4331b358b6444eb8646111a7e7ee41a9,1,bc2d6310e5cbd60facb2f9c8d9471597,dc317f341ab0e22f39acbd9dbf9b4a1f,2017-08-29 17:26:42,629.0,49.08
434f895a5aa9ea2fda834cbdb831a7b6,1,154e7e31ebfa092203795c972e5804a6,cc419e0650a3c5ba77189a1882b7556a,2017-08-22 15:15:18,23.99,7.78
4351905382d9da2470629f5e764540d6,1,f9cce3e19235fa7d11942f69caaa22c7,7202e2ba20579a9bd1acb29e61fe71f6,2017-08-28 23:06:58,279.9,27.24
43561fbcbcea878bed16448a3b5baff2,1,04c4239553c71aafb3b2b5f74f165210,70a12e78e608ac31179aea7f8422044b,2017-08-25 14:30:24,25.0,112.43
43736bccf6ffc94468ff0707c5daf8be,1,f731f8587d4088c174397e010cf892a9,cc419e0650a3c5ba77189a1882b7556a,2017-08-24 22:05:33,56.99,8.72
43c1be92476a64a1b407df92c9a8c903,1,53b36df67ebb7c41585e8d54d6772e08,4869f7a5dfa277a7dca6462dcf3b52b2,2017-08-24 01:44:29,159.9,12.62
43c564b825003473af9a68138631d388,1,a4fe640db0a85c68b24bf813604c6b78,6e0908ef4d4efadbc3cc2b74ea477cb0,2017-08-14 13:03:44,75.35,12.53
43c6a6a7096ab15a3baa2438ce460cfc,1,db34e1e6f14cc3755d9149fe8a1de9fd,850f4f8af5ea87287ac68de36e29107f,2017-08-21 03:32:41,499.9,19.75
43f1558f9eec3596990432207c65c146,1,b5e13c9a353102f79c6206ff5cb61a50,a49928bcdf77c55c6d6e05e09a9b4ca5,2017-09-04 04:35:50,79.9,11.76
43f1e09fdc2d9408219725438e09622f,1,11bbef4e2a44601d9dd471aa1fb433e6,5c243662ce92d84573bfaff24c3e3700,2017-08-21 03:45:29,299.99,13.3
44001fa5bde42ef2bb752eab4c9dde60,1,d34ec3c23c142291062f958688a1b41c,dbc22125167c298ef99da25668e1011f,2017-08-17 00:35:20,55.9,13.41
4405dd1dbfa6260371541a45422c0840,1,b5e13c9a353102f79c6206ff5cb61a50,a49928bcdf77c55c6d6e05e09a9b4ca5,2017-09-01 19:55:26,79.9,11.76
44172b4c9cf753347bbd379c0df68dc3,1,c857b96593773e940454e76efa8eabb3,cca3071e3e9bb7d12640c9fbe2301306,2017-08-09 21:05:22,51.92,17.93
44172b4c9cf753347bbd379c0df68dc3,2,c857b96593773e940454e76efa8eabb3,cca3071e3e9bb7d12640c9fbe2301306,2017-08-09 21:05:22,51.92,17.93
44189362b3e194ad2769caf5cb94b8d8,1,9c7c72948a0e56fdaa07985b71dffe18,59b22a78efb79a4797979612b885db36,2017-09-06 08:15:14,26.9,15.1
442474d2063d0b9b957785f2e4773865,1,a42d9c825894f96fc6ed02610891454d,4d6d651bd7684af3fffabd5f08d12e5a,2017-08-20 22:45:11,69.9,16.12
442693e8e705ad1f9c91f762f0d297bc,1,bc4cd4da98dd128c39bf0b8c2674032f,53243585a1d6dc2643021fd1853d8905,2017-09-03 21:25:14,1200.0,50.81
4428ed14e5a837c99231835f3fde0b9d,1,8d1cfc0463b545928bfb4e589e017bd4,aae3bfea055532c57fb453ed3ec80b30,2017-08-10 07:30:10,62.8,17.72
44367541b21451fc1fff30873b2cd899,1,4d687600c495f2049542171633cf1f77,4a3ca9315b744ce9f8e9374361493884,2017-08-18 13:55:19,210.0,13.14
44367541b21451fc1fff30873b2cd899,2,023a60ac6b3484afe23d788ce2444df0,4a3ca9315b744ce9f8e9374361493884,2017-08-18 13:55:19,259.9,13.14
4436eb8a73f08dc5c4ba8b1e5b96d290,1,51b10a13b460cebc64e1325e7f228ae8,d1b65fc7debc3361ea86b5f14c68d2e2,2017-08-24 02:12:13,369.9,14.09
444134534ff42a9631f932653df1d132,1,40256a4f675b7f41f2ba899b022c02b5,9dda5bbacd45e18d6485fee649205d09,2017-08-10 17:35:20,71.9,58.9
4477da12913cb6bd85fc066f52b27f91,1,44053ed0088d0655ed338810cd2d4d51,fdb9095204a334cd8872252ffec6f2db,2017-08-21 03:32:48,142.0,9.81
447e8aceeed0daf26dc6c021e72b73ea,1,34d6306314a47fe15c1efdbc23302020,229c3efbfb0ea2058de4ccdfbc3d784a,2017-08-31 20:44:39,69.0,15.23
4483bebac87f089540f2e5be0a6589f6,1,99a4788cb24856965c36a24e339b6058,4a3ca9315b744ce9f8e9374361493884,2017-08-24 18:50:19,89.9,17.88
44905b3e611d2f738de87a2cca4961b2,1,5a419dbf24a8c9718fe522b81c69f61a,3504c0cb71d7fa48d967e0e4c94d59d9,2017-08-10 21:15:17,44.49,15.1
44a95b47b4bdb74a2bb1b947e9070e2a,1,8ced2631a18d2e0814557875b3bb907b,391fc6631aebcf3004804e51b40bcf1e,2017-08-14 07:35:14,49.95,11.85
44aa038bc4a637f4c0c9ab66da0c48aa,1,835d8502d265ddeb4bdd39591d55fa2b,59fb871bf6f4522a87ba567b42dafecf,2017-08-29 23:10:15,149.99,9.86
44bba9f46db37145d420ff8e02b679a3,1,e282624d8c82e04983f125e167eb4521,2138ccb85b11a4ec1e37afbd1c8eda1f,2017-08-21 03:50:32,18.99,7.78
44d075f07cb67c5fa539041c4548953a,1,6a4bdc32bf81f50cb387fd6178ce7b07,cca3071e3e9bb7d12640c9fbe2301306,2017-09-08 02:15:35,143.54,18.25
44ddda99ffdd779ef6dddc13ed804971,1,2136c70bbe723d338fab53da3c03e6dc,6560211a19b47992c3666cc44a7e94c0,2017-08-23 03:06:17,29.0,14.1
44f9d1c2b55cc4c403da0524e3d727c4,1,90ba60817ac3ba85da42f002b2eb1360,4200ddf1967c5e41e48db62bc6d4b5ac,2017-08-24 19:30:21,16.9,7.78
44f9d1c2b55cc4c403da0524e3d727c4,2,4a0103d2363d388d3b209cea1773c254,4200ddf1967c5e41e48db62bc6d4b5ac,2017-08-24 19:30:21,16.9,7.78
450acd2e753be51b02a7db4e9f742b52,1,2136c70bbe723d338fab53da3c03e6dc,6560211a19b47992c3666cc44a7e94c0,2017-08-14 23:10:19,29.0,21.15
4519eb4d4f31920150447454d2a0b560,1,fde71f25e699ca0a2a83a6c3a249b816,bc2ac6b95e1accce9858528ee566c17e,2017-08-25 19:25:17,61.0,9.34
451ef728c85c9cb2765159e30f4fa021,1,4898021db93ae39fbea80a9b2bda3b4c,1336efc61c316ddf92c899eb817f7cae,2017-08-17 16:35:20,74.0,12.86
451fbdf4d10b8d3d4da3f5d226bc5ae9,1,62b40d45d531e2cb8b06d7188b627f3d,537eb890efff034a88679788b647c564,2017-08-11 16:43:45,14.9,15.1
453e76957c508954ea1916f4ea18739e,1,6c56299e19ae706d1907a4b19162435e,85d9eb9ddc5d00ca9336a2219c97bb13,2017-08-28 22:25:18,27.9,14.1
45445c1dfdf9122c4399129db31fba89,1,19600534553df3c5578890657d824296,8b8cfc8305aa441e4239358c9f6f2485,2017-08-11 19:43:21,449.0,52.36
456fdff01161801683089ddaa6b806a0,1,c76a2c67b75f1bf675d2c86157537910,f45122a9ab94eb4f3f8953578bc0c560,2017-08-28 09:55:36,159.99,16.75
457afd8c764234eb93f7a25268578440,1,418b40c9e83b7e5ac79e4a7ef975ebbe,4917cee8d902e13428c3ec4b1ca6f315,2017-08-28 03:25:03,159.0,69.82
457e6ef20b5dfa0a75041c5a200080b3,1,381402fe1e8aa91c45f813615ab5a596,fa1c13f2614d7b5c4749cbc52fecda94,2017-08-29 08:05:33,339.9,18.82
45c435e0e0b054549e2a9237da43853a,1,99a4788cb24856965c36a24e339b6058,4a3ca9315b744ce9f8e9374361493884,2017-08-10 02:23:58,89.9,12.13
45d3bab2e12de78e29ba522146da7e91,1,952670bc019a73f0933157ec82ff6e4f,37be5a7c751166fbc5f8ccba4119e043,2017-09-05 13:50:20,195.0,14.97
45e00abea326ffad82887cb48faf12b9,1,99a4788cb24856965c36a24e339b6058,4a3ca9315b744ce9f8e9374361493884,2017-08-24 12:25:10,89.9,17.88
45e646cf27d13009d98af6e85560a499,1,f9cce3e19235fa7d11942f69caaa22c7,7202e2ba20579a9bd1acb29e61fe71f6,2017-08-22 11:05:21,239.9,26.96
45f794057f395c0410ffb2c1cb716d0d,1,ea44caac707f7f1325182a538007f838,855668e0971d4dfd7bef1b6a4133b41b,2017-08-30 13:04:26,50.0,18.59
460c774494e4c1e4a5a4c6f05f29e2c5,1,2b4609f8948be18874494203496bc318,cc419e0650a3c5ba77189a1882b7556a,2017-09-08 11:55:08,89.99,14.38
46162b40be0f9a769ab382cfac1d9a20,1,53bd0c908c6ab820c9828763348728ef,cca3071e3e9bb7d12640c9fbe2301306,2017-08-24 23:44:58,79.9,17.81
461b40d4fc35428f6d7f4df87ae2b5b5,1,ef13685a6d6c37cf49a2f951deac1c87,e99e927c81e3f51739c94fcdfca9f10f,2017-08-21 23:55:20,99.99,89.93
46279a0f0a826ba71e8316ba2be1a6c2,1,25f86162fee18735fffdb762dcb10d7c,1a3df491d1c4f1589fc2b934ada68bf2,2017-09-05 15:32:39,159.9,18.37
4636fbfb5ecb1733a2b2cf4c931f695c,1,00baba5b58e274d0332a0c8a0a66f877,d3f39f05462b79a4562d35893a28f159,2017-08-30 14:26:38,47.9,15.1
4642ed1845e7cd193a89f622e9f4611b,1,99a4788cb24856965c36a24e339b6058,4a3ca9315b744ce9f8e9374361493884,2017-08-16 21:30:16,89.9,1.93
4642ed1845e7cd193a89f622e9f4611b,2,eebbed5ed3b134eceb717496c47652ba,d1c281d3ae149232351cd8c8cc885f0d,2017-08-16 21:30:16,99.99,38.7
4644fc24ed1ffc954053a6fa1b1b825e,1,2028bf1b01cafb2d2b1901fca4083222,cc419e0650a3c5ba77189a1882b7556a,2017-09-11 20:25:13,56.99,7.78
464dcde4a46d816f4943dd22ac477629,1,22656f41604127818c5984157e52bda8,bbad7e518d7af88a0897397ffdca1979,2017-08-25 14:45:05,119.9,9.03
465e8161fdbe4ef42b3b8371bd96100e,1,4fcb3d9a5f4871e8362dfedbdb02b064,8581055ce74af1daba164fdbd55a40de,2017-08-09 23:30:16,143.8,18.9
4665a66ed8a60266a8b2f3d4b7e17cb9,1,601a360bd2a916ecef0e88de72a6531a,7a67c85e85bb2ce8582c35f2203ad736,2017-08-09 13:45:07,118.99,18.08
4669808591a364ecd9b237a1e7f18901,1,3cc42a29bd64238cf33115a8841b4a6c,83645b1645cdee8953ee54c29ceed564,2017-08-28 08:26:02,59.9,20.91
466b52b6a096e514ee88ebaf70d5d2f3,1,422879e10f46682990de24d770e7f83d,1f50f920176fa81dab994f9023523100,2017-08-23 03:05:44,59.9,17.67
467e12527db98ba8ff31b60f0a2cddfd,1,30b1231ba07a2b463b2197fd37716be6,0bae85eb84b9fb3bd773911e89288d54,2017-08-24 05:30:06,43.56,17.6
4687c3020abeb53cfbd7f64de9092b18,1,d52fcdcc1032ef9307fd89712494f2ee,7299e27ed73d2ad986de7f7c77d919fa,2017-08-24 16:10:21,110.0,13.79
4689301ba3cbffea28d57a22a80987c3,1,41c1f03b4d5bac6d41d5f9d2a85389c6,bacb1f0ed56ad24198f5810d2b3fe9a5,2017-08-23 02:45:20,122.61,38.41
469486849094bf1935cd99d96e117ded,1,f0cdabacd05bdca526b43e72376521ee,fa40cc5b934574b62717c68f3d678b6d,2017-08-29 20:06:55,48.5,15.11
46bccbbbcccb1a8afec60c3bcbd287b7,1,694e58e56c74114ee0628c25f3f26f8c,7008613ea464bad5cb9b83456e1e6a8f,2017-08-29 02:51:02,52.5,16.13
46cede2272077facfeb5aa257851d0c3,1,93399fcfc1e2c0a01ea544754fddeed0,ef506c96320abeedfb894c34db06f478,2017-08-24 20:44:31,38.99,7.78
46dace37daa6edc055503fda275724b2,1,0f96cb6fd0ba832f2d7a21d13b251526,ec8879960bd2221d5c32f8e12f7da711,2017-09-08 13:25:45,104.9,16.36
46dba1d22a6ee9cb6200c1cb899f583c,1,5ae29cafe81cdcf89058a7a6fa842b34,ce27a3cc3c8cc1ea79d11e561e9bebb6,2017-09-05 04:30:18,120.0,8.1
46ed4fb4b1057a1f6cf505bfaba6f7dc,1,623fb8cc5f36842aa32650e2208a08c8,f8db351d8c4c4c22c6835c19a46f01b0,2017-08-10 03:03:18,24.9,15.1
472e24b86f260b32d88c77ddc166659c,1,cc1cb33bcc814aeaa4631761a34bd23e,5d3bb11474a06bdc23fb9e89f1164ee0,2017-08-17 17:25:18,78.8,12.05
4736832c0e59da8a5d32fcdce7afa55e,1,71a8dd5f6f9ce24bf348c2cc73f1b046,d91fb3b7d041e83b64a00a3edfb37e4f,2017-08-21 12:04:01,8.6,8.27
473defc0ac04db9fc14d871ab980e9d7,1,521a361808bedd9fffb32181e501e09b,5b179e9e8cc7ab6fd113a46ca584da81,2017-08-10 07:10:08,149.9,18.3
473f3340216c06614b59ddce6ec828d6,1,53759a2ecddad2bb87a079a1f1519f73,1f50f920176fa81dab994f9023523100,2017-08-17 02:09:17,59.9,17.67
474830369187d08dab0036115c9545bb,1,d1c427060a0f73f6b889a5c7c61f2ac4,a1043bafd471dff536d0c462352beb48,2017-08-17 09:30:15,139.99,19.0
4753729129b1fb01e144eede1831edb1,1,9375d96ff0ad81493ff5231497e170f1,75fbb52eda0cbc24f479d3b2fbfa8d3e,2017-08-14 04:05:36,16.9,25.63
476d3802a2891d2a940eebb80d0b7f94,1,abefc54df1613eda05b2c702a316eb41,78c99c6dff4eeae5be99bf635ed21e3f,2017-08-07 10:35:25,36.0,28.75
47880652c5245fbeccfe7a58e8d841e5,1,3af9d305a8389f5badc664382683a532,82e0a475a88cc9595229d8029273f045,2017-09-06 05:32:20,182.0,17.52
47931ec6c22052d640b0bca09c93468c,1,dbfa741e0e5dfae13c9f023d8b8cbd96,05f51e13da97139648b8125c31e5f51b,2017-09-06 09:25:15,129.9,17.35
479730a1200cfbbf8c4fa301820e5d1c,1,d6be8874a210252bd164fadd394d9e95,7a67c85e85bb2ce8582c35f2203ad736,2017-08-31 11:25:22,69.99,28.89
47bfd5091e67cf36c5d7d5e6ca97db53,1,ab0a97f604550b5b5b99180a6dc04461,36a968b544695394e4e9d7572688598f,2017-08-28 18:25:17,14.9,15.1
47c343d8d62ab013486081084cdffa2d,1,f73be23829e192092569d5dda349f807,218d46b86c1881d022bce9c68a7d4b15,2017-08-18 13:03:59,261.0,24.7
47c5b42ecbd216813dc0dbcdfb964a9e,1,f2844deda444d0208297c6d614d1493f,d91fb3b7d041e83b64a00a3edfb37e4f,2017-08-15 13:05:18,225.75,16.33
47c64271af23d7ec38d059a3de600de5,1,c1803577315d1501dae3033b5cfa3993,4a3ca9315b744ce9f8e9374361493884,2017-08-17 17:00:15,119.9,14.63
47c64271af23d7ec38d059a3de600de5,2,0ff06f670421802f36a7082dc962c6fb,4a3ca9315b744ce9f8e9374361493884,2017-08-17 17:00:15,193.9,17.06
47c94576cf0ea364610aff3e9f6a6d0a,1,0aabfb375647d9738ad0f7b4ea3653b1,37515688008a7a40ac93e3b2e4ab203f,2017-08-28 04:27:10,19.9,34.15
47e786d6d06274aaf984ca007751f3f0,1,4e0d588f8e002f2bad9cbe0b8f66f6f6,fc906263ca5083d09dce42fe02247800,2017-08-17 15:23:38,39.9,25.63
47f038767a6187d148818c7b79dfcf2c,1,f158c89259d05ad3364be59f73e753c3,ce27a3cc3c8cc1ea79d11e561e9bebb6,2017-08-17 16:43:57,38.9,9.34
483b53ea654d3566427a092cdef047fd,1,6803077179d24889430188e03fafd31a,128639473a139ac0f3e5f5ade55873a5,2017-08-22 03:30:15,16.9,15.1
4858e8163239ecb307ebe97863cc948b,1,479c131b7a9955b2e137e8d8d2187c63,004c9cd9d87a3c30c522c48c4fc07416,2017-08-28 11:25:32,82.99,13.6
485a9b5ac4906bb7eaac99931164c87b,1,0f67b4ef3dcb82c257f9f14b6f694ccd,8444e55c1f13cd5c179851e5ca5ebd00,2017-08-23 13:10:13,248.25,17.5
486243a178f73c65e29ab9636617a49a,1,d49f9f12cae797620ffae81f5cdf0f79,82bd0703a4aefd6b599e5bfdaed378fb,2017-08-08 16:45:09,26.9,11.85
4865bde237624673cb82058b4d23327d,1,be0711db7f99b4443f68c8b9f13235af,a416b6a846a11724393025641d4edd5e,2017-09-05 14:30:23,196.36,13.71
48758b2dd346fef45549ec77da5bc6ae,1,0dcbc0d012d42719216ea7dff6b90a6f,46dc3b2cc0980fb8ec44634e21d2718e,2017-08-31 02:50:46,199.99,16.16
488470d4668abcf0aa20df845d584dc2,1,11875b30b49585209e608f40e8082e65,669ae81880e08f269a64487cfb287169,2017-08-30 10:26:28,65.0,15.2
4896842ba3beb75beaf555d335e3aa5a,1,f0b23cf62b44c4cbd631ee45ccb8fc60,718539d38d07dd351c76db862760e2e2,2017-09-08 02:15:56,36.8,24.9
489db951401825ce7d66665e5b5108bf,1,4ebab6a2135a2477b657bda38646b64b,7aa4334be125fcdd2ba64b3180029f14,2017-08-08 19:25:21,25.6,12.69
489e65ffa771589cb1326dcc34f310f2,1,bc4d8a403b121ef3965530900b4309b0,4a3ca9315b744ce9f8e9374361493884,2017-08-28 04:27:25,231.8,17.38
48a32a844d2782e2d2b33c2ccb6a941a,1,6cc9186dabae23739b55d97cc649c686,1025f0e2d44d7041d6cf58b6550e0bfa,2017-08-29 04:05:43,54.0,7.78
48a32a844d2782e2d2b33c2ccb6a941a,2,6cc9186dabae23739b55d97cc649c686,1025f0e2d44d7041d6cf58b6550e0bfa,2017-08-29 04:05:43,54.0,7.78
48a7fc253b8c47a7442e210258118c33,1,9e3fb85220e7c0d45fab9a93288ec717,34675b28b826facfde119785bf287dc1,2017-08-07 22:35:14,21.99,15.1
48aa8c19814f76592f8bd0e7b8f604c8,1,f497ba62f1d6b4f6a3a3266fa8623ad3,6df688df543f90e9b38f4319e75a9d88,2017-08-31 02:56:09,58.2,14.16
48ab980d180764382cfa411d2fb63dc0,1,36038dae78cc227e4d14b174f0f695d0,4d6d651bd7684af3fffabd5f08d12e5a,2017-08-10 03:10:15,69.9,16.93
48ac23662de1f4a94e29e7f3452a85d9,1,0da9ffd92214425d880de3f94e74ce39,001cca7ae9ae17fb1caed9dfb1094831,2017-08-17 14:30:16,112.0,46.08
48ad27781313137346ab40ec8685194a,1,cdc9d87e17ccf98f35634e6c3b77073e,4d6d651bd7684af3fffabd5f08d12e5a,2017-08-22 10:30:10,119.8,15.59
48b20e2450ca3aafee885610dadf7f1f,1,071b82cad6de748755bb587ff3feec2e,7a67c85e85bb2ce8582c35f2203ad736,2017-08-16 03:25:33,129.99,17.16
48b760fc197c55acb4437518587e75ca,1,d6ed08469f23517f07ed6bb451361298,b372ee768ed69e46ca8cdbd267aa7a38,2017-09-05 14:06:51,150.0,15.8
48bc1e3408087df0a63190eeac9061a4,1,bded2bc068525f00b659bd2e7268b4c1,86ccac0b835037332a596a33b6949ee1,2017-08-31 02:16:01,67.0,12.72
48be44989e4853d877c2ac366b99a008,1,4428c8810d85a949afe441cc0d33f756,77530e9772f57a62c906e1c21538ab82,2017-08-18 15:55:09,299.0,18.57
48d007b3d7183bc54336d813b1380d26,1,35b265fd684b08f6f780239bf05a390b,7722b1df1b0e383e000397b2c11e3e19,2017-08-10 03:03:17,47.49,16.6
48df5efee08cb975d7a49bac5df66d22,1,2fbd6c502ff27429087a4e30355f37ef,7142540dd4c91e2237acb7e911c4eba2,2017-08-10 09:43:31,149.9,18.3
48eb2e811b9e45fe519111b4d98a65af,1,b944aabf1fc45c01599ee96c7f4d533e,128639473a139ac0f3e5f5ade55873a5,2017-08-28 17:30:07,14.9,15.1
48fc3920c8d50b6cae63eebbfbf70676,1,dc68ee0fcb033a1ab6714fbb5db60c15,02d35243ea2e497335cd0f076b45675d,2017-08-22 22:24:39,249.0,48.27
48fe5083b6d757cea683f2f5f35e6703,1,383390bacab031887058eccc2e994879,784ba75dd9d20200c4caed3d7a77141a,2017-09-05 04:26:02,10.99,7.78
4943203d80c901c56abaabd36a61e76e,1,56b8c5868253d83d15e717ad0e027365,6a8b085f816a1f75f92dbac6eb545f8f,2017-08-08 19:35:15,39.9,15.1
494e5e7faa93467e7da809ca3b59c74b,1,777d2e438a1b645f3aec9bd57e92672c,4a3ca9315b744ce9f8e9374361493884,2017-08-17 19:20:13,69.9,12.83
49697e029f5fc97fd048a69e06fd508f,1,11dcc970f7a5581e1bf777b6da3f7096,06579cb253ecd5a3a12a9e6eb6bf8f47,2017-08-24 09:50:26,69.9,16.74
496b684eee1a0958406cc2e50a80dca8,1,c15938b697d036fe677bb560a598fcfc,1336efc61c316ddf92c899eb817f7cae,2017-08-23 16:04:59,39.0,13.37
4974c65072c3a0265ef2be771aae8251,1,face2da48fe57bfcb7a37d2d8c43332d,cca3071e3e9bb7d12640c9fbe2301306,2017-08-07 23:10:17,49.09,12.69
498f57174c51d5d4e071665d9fea7a87,1,764292b2b0f73f77a0272be03fdd45f3,bd23da7354813347129d751591d1a6e2,2017-08-31 03:05:20,89.9,15.39
499db357fa1bac9b96c44bd42dd17718,1,64cb768ce668c3df58334a28d528b754,0eaa7e33d73809f1f925f7d07c506cbd,2017-08-18 04:15:19,129.0,12.11
49a7b21f7d2c538f5e051f749c16605b,1,4c2394abfbac7ff59ec7a420918562fa,cc419e0650a3c5ba77189a1882b7556a,2017-09-06 02:11:12,84.99,15.34
49b04eb803745cce168dcf5885d2c8de,1,ec96b7b4e1401281edb9465d0d689cae,5011f0d93373a4c5753adf58ca77af8d,2017-09-04 08:31:33,34.99,12.69
49b04eb803745cce168dcf5885d2c8de,2,ec96b7b4e1401281edb9465d0d689cae,5011f0d93373a4c5753adf58ca77af8d,2017-09-04 08:31:33,34.99,12.69
49b54766a6cd815e2922e7be61248254,1,30048c2138eb22aebd13d31c07ba226b,c68fb906c8f4b4b946d8386bfa6e5467,2017-08-08 10:05:24,111.38,16.41
49b54766a6cd815e2922e7be61248254,2,30048c2138eb22aebd13d31c07ba226b,c68fb906c8f4b4b946d8386bfa6e5467,2017-08-08 10:05:24,111.38,16.41
49c17835ea2c85763d6747046c3f5f56,1,d517de1f2a8247cc1ea2951c4039ae20,7ddcbb64b5bc1ef36ca8c151f6ec77df,2017-09-06 02:50:16,76.99,11.74
49c95c693647934576c041ce758a0310,1,4d34afdb45a519bcec6f07b20f0b5622,23d7c96d4a1160db1c726b248601b25a,2017-08-23 16:45:14,119.9,13.86
49ca71290aca256140005165217e2644,1,4520766ec412348b8d4caa5e8a18c464,16090f2ca825584b5a147ab24aa30c86,2017-09-06 04:31:21,40.0,25.63
49d87c28f1599b558cc93dc1115ea785,1,6fd226a10216de446ea64b67ebc6d8cc,9646c3513289980f17226a2fc4720dbd,2017-08-22 03:32:43,19.9,15.1
49d9f3721c033d155e61cfbd798aa0b8,1,2b4609f8948be18874494203496bc318,cc419e0650a3c5ba77189a1882b7556a,2017-09-04 10:35:14,89.99,15.38
49f879aa078787ff9ca5e831515407b9,1,98712b7f46e0fe4f4da2f7df1b9231a7,7299e27ed73d2ad986de7f7c77d919fa,2017-08-31 02:15:50,50.0,16.79
49f879aa078787ff9ca5e831515407b9,2,98712b7f46e0fe4f4da2f7df1b9231a7,7299e27ed73d2ad986de7f7c77d919fa,2017-08-31 02:15:50,50.0,16.79
4a30b23df08e6525271a2b1fdab7cce7,1,9fc98e39f04be8e382d8aa5e259f5489,d2374cbcbb3ca4ab1086534108cc3ab7,2017-08-25 11:24:43,47.9,12.69
4a30b23df08e6525271a2b1fdab7cce7,2,9fc98e39f04be8e382d8aa5e259f5489,d2374cbcbb3ca4ab1086534108cc3ab7,2017-08-25 11:24:43,47.9,12.69
4a36f21a19a956cd848e968d56be9b58,1,783dae38feb9e3a364e24e25168cfa8a,53e4c6e0f4312d4d2107a8c9cddf45cd,2017-09-04 19:25:47,159.99,41.07
4a3b3a1333c6468be0917515b6253108,1,3bdb08012e5381f32cf7618d008aebee,1771297ac436903d1dd6b0e9279aa505,2017-08-08 02:55:27,48.04,20.84
4a3b5641ebdc66e5c3c2a2d2e6633587,1,d66c729cd3b64c98515a18898c6b65c3,d91fb3b7d041e83b64a00a3edfb37e4f,2017-08-07 17:05:20,19.9,11.85
4a444b385541349263bc8ab5a26a54c4,1,b66270a5d5b3a8585f8314b2f14420fb,e9779976487b77c6d4ac45f75ec7afe9,2017-08-22 03:25:45,49.89,11.85
4a4802e33f88a8787ccc4cb998f416ac,1,04c4a4b9c924494fcf82e0fba966f955,86ccac0b835037332a596a33b6949ee1,2017-08-21 18:30:16,29.99,16.11
4a5470dfcf2368971425d5aa451cf3b9,1,0b0f32c8bd5426698d01d72f155b75f5,83645b1645cdee8953ee54c29ceed564,2017-08-31 17:55:09,59.9,20.91
4a57c473825a49217f1360b23fce6e65,1,00de7f393d962717eeeb2d7131a40dba,6f892e20a171e98efe17fdb971ff319b,2017-08-28 15:30:14,109.9,15.52
4a580bca631a940ffc9e25c96da01773,1,c9ea06f7fd4bd778e96031f46f60dfb9,48436dade18ac8b2bce089ec2a041202,2017-08-07 20:10:17,95.9,16.43
4a61de88a0c36302508ab48724c9c933,1,99a4788cb24856965c36a24e339b6058,4a3ca9315b744ce9f8e9374361493884,2017-08-10 14:50:16,89.9,12.13
4a631d69e25800fdf31d9e2d0e08b1ba,1,fa381a4a9af65ea5fc8f3829214045f9,70eea00b476a314817cefde4aad4f89a,2017-08-29 12:55:28,260.0,22.31
4a74e1934860e224f8750db3cbc1e991,1,8634ba98d69440265e955814c3e4cde1,05ff92fedb5be47920fea08e501238b9,2017-09-01 14:15:21,96.0,15.42
4a8540117ab8b9696ac6ffe3b37e4acc,1,dc68ee0fcb033a1ab6714fbb5db60c15,02d35243ea2e497335cd0f076b45675d,2017-08-24 11:10:24,249.0,26.29
4a90af3e85dd563884e2afeab1091394,1,ffb64e34a37740dafb6c88f1abd1fa61,3442f8959a84dea7ee197c632cb2df15,2017-08-25 20:50:19,106.2,9.56
4aa0a4cc479d198113baae85bbb801c8,1,84a77e7e0bd4806ffd493e8a8c37737d,1caf283236cd69af44cbc09a0a1e7d32,2017-08-24 14:45:08,59.98,21.26
4aa4117ef80bbe1e9457269d73a68580,1,a237de12bdf0bfe4fe220bae65a89731,6c7d50c24b3ccd2fd83b44d8bb34e073,2017-08-09 21:10:16,37.5,17.6
4aa4117ef80bbe1e9457269d73a68580,2,a237de12bdf0bfe4fe220bae65a89731,6c7d50c24b3ccd2fd83b44d8bb34e073,2017-08-09 21:10:16,37.5,17.6
4aa4117ef80bbe1e9457269d73a68580,3,a237de12bdf0bfe4fe220bae65a89731,6c7d50c24b3ccd2fd83b44d8bb34e073,2017-08-09 21:10:16,37.5,17.6
4aaa128c3570cc43f4fcda4db37d0d25,1,c3ce49d20cc5d56f0419f256c480e235,cab85505710c7cb9b720bceb52b01cee,2017-08-14 09:30:55,49.9,14.1
4aaa7913ae2e01354746761242815566,1,bc4b1c6c831c93b87cd134c9089c657d,b372ee768ed69e46ca8cdbd267aa7a38,2017-09-04 03:45:27,150.0,15.8
4ad158fb23644bc01f7f255b61b7ca9f,1,f1c7f353075ce59d8a6f3cf58f419c9c,37be5a7c751166fbc5f8ccba4119e043,2017-08-16 21:03:17,200.0,26.24
4ae799c0965abd10cced20e74295101d,1,f819f0c84a64f02d3a5606ca95edd272,4869f7a5dfa277a7dca6462dcf3b52b2,2017-08-10 12:43:23,899.99,31.58
4af5a8a71daf651bf0a9d449d3d1a27b,1,0da9ffd92214425d880de3f94e74ce39,001cca7ae9ae17fb1caed9dfb1094831,2017-08-08 20:05:31,112.0,40.11
4b049621d38b837b020bc1b2e040884b,1,f081174cf4cde1e4f75cd45b4518bbe6,fa1c13f2614d7b5c4749cbc52fecda94,2017-08-31 09:50:13,139.9,8.23
4b18f35d97c3ba68a1034e92dce1a2e1,1,4562a1390da3bb292198395483cdc7a7,94144541854e298c2d976cb893b81343,2017-08-25 19:25:39,259.9,9.4
4b23c35590ad2b3612bcfee3d32cd551,1,c1ad8ac66c91ad301cefc322ba2adf31,7e93a43ef30c4f03f38b393420bc753a,2017-09-06 02:44:39,719.0,20.79
4b30471e79d2d257fa289b154967b203,1,652683d85a89f3b134e44989a601bc58,6e864f5c4669eff3d98140a07cc50202,2017-08-17 16:45:15,46.55,18.59
4b38fe7b90551ded1ee61140282fba02,1,ae5cad88462eb7b7b61401e31c45618e,ce27a3cc3c8cc1ea79d11e561e9bebb6,2017-08-10 05:25:08,15.0,8.72
4b41b73ec809497c577cc1f085ad38a3,1,f158c89259d05ad3364be59f73e753c3,ce27a3cc3c8cc1ea79d11e561e9bebb6,2017-08-09 12:35:08,38.9,9.34
4b4983c2c40d67af0bd3ec2ac12e0ffe,1,ace5d86cf1ac63cdb76f49e5cd23d2f8,cca3071e3e9bb7d12640c9fbe2301306,2017-08-17 18:15:15,45.8,12.69
4b4df75ffa0116b870e32361c2c9f154,1,f35927953ed82e19d06ad3aac2f06353,669ae81880e08f269a64487cfb287169,2017-08-16 03:15:48,115.0,15.56
4b5376c296cd9a73648c2910d5370cce,1,e5eadf9be70a4a9fa514019542fc330a,4559697a8f7e637227c2eeaed843baff,2017-08-24 02:15:28,69.9,13.51
4b95d1a4d386ff9f72f63254f6a30a51,1,6c55ba2343f9df32c7f88a468352ff22,6560211a19b47992c3666cc44a7e94c0,2017-08-24 17:45:15,29.0,7.78
4b95fbb9125e0baff8527de2d1d0042b,1,74824accb4f777403366c8e6b4e32d9b,cce6ab8d1682639fe45ab70234f1665f,2017-09-06 07:05:08,40.0,16.6
4b95fbb9125e0baff8527de2d1d0042b,2,74824accb4f777403366c8e6b4e32d9b,cce6ab8d1682639fe45ab70234f1665f,2017-09-06 07:05:08,40.0,16.6
4baf66d022680c163d31c85a42b6bbd6,1,19b7148be60fb48eb30c7eb0431c1a8b,7ddcbb64b5bc1ef36ca8c151f6ec77df,2017-08-29 20:15:12,154.99,8.34
4bb817d2ac53f370a77bf32e4f79b6e3,1,7c1bd920dbdf22470b68bde975dd3ccf,cc419e0650a3c5ba77189a1882b7556a,2017-09-01 17:05:16,58.99,11.73
4bc27c3d551e28ec80a384663cbae90e,1,4b633d15945d2ad44c91f29920d2e75b,128639473a139ac0f3e5f5ade55873a5,2017-08-21 14:50:12,14.9,12.48
4be6db35f003429e3739868afdda6914,1,46734f8521a7998c55748c1abbddeb12,8e6cc767478edae941d9bd9eb778d77a,2017-09-06 16:55:13,39.9,14.08
4bf16e837c4354cd06225050a018094b,1,c6336fa91fbd87c359e44f5dca5a90ed,4c2b230173bb36f9b240f2b8ac11786e,2017-08-24 15:05:15,45.9,14.1
4c093f4ead050e56e7c9087f8530fd21,1,3471ed8114d798dfbb0ed5f85349f695,46dc3b2cc0980fb8ec44634e21d2718e,2017-08-15 23:15:18,199.99,12.85
4c27ea95884450945b1cb30e6fccdd71,1,1e12f1836c1f08b25ef78fcdf76fbf08,1127b7f2594683f2510f1c2c834a486b,2017-08-28 04:16:20,74.14,15.28
4c33ec562d9dc5655e160913aa86eb53,1,07c055536ebf10dfbb6c6db6dbfc36e5,cca3071e3e9bb7d12640c9fbe2301306,2017-08-17 00:03:51,45.9,12.69
4c3b6c754171bf551e80d903a426b8c6,1,4af81c9413dcb40e03e2a1bc15a6448b,ea8482cd71df3c1969d7b9473ff13abc,2017-08-23 22:50:10,48.9,7.78
4c4e46efe9ab903ef5c07c9ed3f1e8a5,1,ab959a147167f22f3e0c05eb06845771,128639473a139ac0f3e5f5ade55873a5,2017-08-23 17:30:23,16.9,12.48
4c5ac16a6ed40ba5691024e3b3cf94bb,1,45f1424574bd3d445c78781373aa6d26,d91fb3b7d041e83b64a00a3edfb37e4f,2017-08-24 02:35:31,26.0,8.27
4c5ca64fb9410a3ee7bc041df508a9b8,1,8a12254c44b230303e05d8e1cb4be350,0bf0150d5b9d60d9cd2906003332f085,2017-08-24 20:44:28,126.0,18.13
4c5ca9fa9506e544045d6ccfb2ec7b15,1,35afc973633aaeb6b877ff57b2793310,4a3ca9315b744ce9f8e9374361493884,2017-08-17 19:03:30,89.9,17.88
4c5ca9fa9506e544045d6ccfb2ec7b15,2,99a4788cb24856965c36a24e339b6058,4a3ca9315b744ce9f8e9374361493884,2017-08-17 19:03:30,89.9,17.88
4c6b8f5bdbbce6acce7f9193da57a34f,1,f1c7f353075ce59d8a6f3cf58f419c9c,37be5a7c751166fbc5f8ccba4119e043,2017-08-24 22:04:43,200.0,15.01
4c6c2cdc8af14d43707dd3e71c1f54cc,1,aa280035c50ba62c746480a59045eec4,fa40cc5b934574b62717c68f3d678b6d,2017-08-21 03:25:40,44.99,15.79
4c79c1a76f404601675c1fa508a3f839,1,ef76ea9ee88ad60b9680c7635f2baaa8,4371b634e0efc0e22b09b52907d9d469,2017-08-14 17:45:19,10.0,11.85
4c8e63c1d25a7a7647782967c60a0677,1,4fce0eab61e01d521044c8b071cdfead,0509040ea3fe50071181bbc359eb7738,2017-08-31 16:30:14,24.8,14.1
4c9904554ffe76f9b6ec64bd4e266778,1,6daadc7e6029cf01762f941e488caa1b,46dc3b2cc0980fb8ec44634e21d2718e,2017-08-09 23:10:14,299.99,18.35
4cb127a2ef407430b38e8dcdaaddb4d0,1,6490b9f63b0b595e1c1402b46b0f50ad,99eaacc9e6046db1c82b163c5f84869f,2017-08-17 02:50:16,280.0,35.76
4ce01eeaa0d476f2aebfe6caae88d946,1,d4c1535d914696dc3b13cf725a2aa635,5a93f3ab0ef4c84ed5e1b5dbf23978bc,2017-09-13 04:35:53,77.94,27.09
4cebb64502b3c7295709a972ae314c7c,1,0aabfb375647d9738ad0f7b4ea3653b1,37515688008a7a40ac93e3b2e4ab203f,2017-08-31 11:50:14,19.9,15.1
4cfdd4464ee3dbf59c17a69045429af4,1,bc4cd4da98dd128c39bf0b8c2674032f,53243585a1d6dc2643021fd1853d8905,2017-09-06 02:50:41,1200.0,37.81
4d16edc6146d11a43b18720cce159643,1,f98dbc219c0bcd7fb37420dff826912f,2e1c9f22be269ef4643f826c9e650a52,2017-08-31 21:25:25,79.99,11.76
4d3490763a1e9814400feeded1534a33,1,d313e598d5777461545098a7bba14549,f615fe7efbef0f4f08fd3086bc7a3e60,2017-08-07 16:08:40,109.8,15.52
4d47d3a70d758db37a0cfd7fcc946ffd,1,094fbff68f8c7fd768277bcfa984b4e1,4cf490a58259286ada5ba8525ba9e84a,2017-09-15 17:25:11,165.9,15.91
4d4810e2bd5834782a256daea7025330,1,686f5682d2be7689714c5fae465de396,1127b7f2594683f2510f1c2c834a486b,2017-08-21 03:25:12,18.51,15.1
4d5454c529c7a8cb61818f0f24c0d115,1,076e4ce53c8914382e7ff3732511b17e,59fb871bf6f4522a87ba567b42dafecf,2017-08-17 22:45:17,109.99,8.96
4d5fca22363528ec48be05c22fdbf690,1,05feccd482d35726d6f80e60df25db86,784ba75dd9d20200c4caed3d7a77141a,2017-08-31 18:46:41,59.9,9.34
4d5fca22363528ec48be05c22fdbf690,2,05feccd482d35726d6f80e60df25db86,784ba75dd9d20200c4caed3d7a77141a,2017-08-31 18:46:41,59.9,9.34
4d6b1b6174b974633e2265f952e4b39c,1,14dffa241a078aeaebaef48a49e807ca,fa40cc5b934574b62717c68f3d678b6d,2017-08-22 13:25:15,64.9,14.2
4d71a2a0282a7080b9b93eef2dfed23e,1,1e61aac3bf6242ac8330c5e7a2d98d3e,6edacfd9f9074789dad6d62ba7950b9c,2017-08-29 02:55:17,34.9,15.1
4d86f5a505c2db6222cc130b835bae1e,1,8d1cfc0463b545928bfb4e589e017bd4,aae3bfea055532c57fb453ed3ec80b30,2017-08-17 19:23:29,62.8,14.19
4dbca7341b34925d752e66dacb9bbae7,1,12fd8665371236b5b586ea4e448902c8,4a3ca9315b744ce9f8e9374361493884,2017-08-21 19:05:09,89.9,15.38
4dd732bbd48564f149f8b7ed056c9f4f,1,cf12b06885d2d33726d6a0eeb2714fa6,a17f621c590ea0fab3d5d883e1630ec6,2017-08-15 16:10:20,91.33,15.39
4dda84ad43d105c6d3b73004b4f647ba,1,52d7a7207b9646509bdc754fed3a0cef,cca3071e3e9bb7d12640c9fbe2301306,2017-08-22 10:05:14,52.64,34.17
4de12ffa449686d58b268a6441afe8a3,1,3410cbd7df2130ec3cb9300ef0fe3df1,165fc07beebdcb6190fba8a06db2a449,2017-09-03 21:55:26,59.0,17.98
4de1d6ff6036a6aec2cedb92da5f8241,1,d1c427060a0f73f6b889a5c7c61f2ac4,a1043bafd471dff536d0c462352beb48,2017-08-10 20:30:18,139.99,45.06
4dee0af7a42637f58cde016b73d93216,1,a48138f7de6ebfed36f91a440fcadb64,c3867b4666c7d76867627c2f7fb22e21,2017-08-22 11:10:23,219.9,13.04
4e1731379ed8376e1dcbaa32869b0a2c,1,365ddcacd1174891f2b0b6820a7a4fae,f1198c871e0171278b63f40d112caeec,2017-08-24 23:35:06,225.9,48.29
4e1c41b2e4e98943952522feb7ea67c5,1,aac347ae582fb6041aa2ee59b68a813a,3078096983cf766a32a06257648502d1,2017-08-23 17:05:17,129.9,13.93
4e2080113ead7b0ce794da2606452ac7,1,f47aba0548334576be219248646ff695,bacb1f0ed56ad24198f5810d2b3fe9a5,2017-08-10 12:24:12,129.9,18.16
4e2451cb6e8ca4428c8f7e305bbfbbea,1,0185f302dc17abf603edfe7929a0120a,7142540dd4c91e2237acb7e911c4eba2,2017-08-11 10:10:14,59.9,17.67
4e274937e70553f7fa77357b814afd77,1,99a4788cb24856965c36a24e339b6058,4a3ca9315b744ce9f8e9374361493884,2017-08-09 23:23:42,89.9,15.38
4e3bb52f6ab81cd1d26e60a8ef12ffa5,1,f9cce3e19235fa7d11942f69caaa22c7,7202e2ba20579a9bd1acb29e61fe71f6,2017-08-22 12:55:07,239.9,16.43
4e3fed54789d074f84843177f4c6604e,1,4d38a4daf13a87012b73156f834afec0,41b39e28db005d9731d9d485a83b4c38,2017-09-05 13:25:10,29.9,9.34
4e3fed54789d074f84843177f4c6604e,2,4d38a4daf13a87012b73156f834afec0,41b39e28db005d9731d9d485a83b4c38,2017-09-05 13:25:10,29.9,9.34
4e64db31eb34a4e6c86235fedead69eb,1,f3663060e64c25fba789fe033263da67,4e922959ae960d389249c378d1c939f5,2017-08-25 11:04:42,67.0,9.27
4e658409c66959a88af17ef4048b9997,1,f9471562478eba8761bc985b968a0092,3785b653b1b82de85ab47dd139938091,2017-08-30 11:45:24,54.9,17.95
4e7994addb0e4622199601af5b9c9ed3,1,edc5fb7cd23cfd91367038801fd55ec9,f181738b150df1f37cb0bd72e705b193,2017-09-05 04:35:56,34.9,14.1
4e7c5bab2c0ee8406eb8aa8b2fd24d5d,1,7d50930301709838d8e90dcac5cfaa84,9616352088dcf83a7c06637f4ebf1c80,2017-08-21 02:45:59,59.9,16.86
4e8a81dd08968b65427a30b932a8fb0a,1,c6336fa91fbd87c359e44f5dca5a90ed,4c2b230173bb36f9b240f2b8ac11786e,2017-08-31 03:04:10,45.9,15.1
4ea17d0c90f37e942470706403d14a7b,1,dbd91d7511ed7f4e61be3a191082644e,620c87c171fb2a6dd6e8bb4dec959fc6,2017-08-22 00:04:20,169.9,36.51
4ea517483bf1d3580730f6042334d158,1,a6ad77b15e566298a4e8ee2011ab1255,1025f0e2d44d7041d6cf58b6550e0bfa,2017-09-05 22:44:58,31.8,14.1
4ea517483bf1d3580730f6042334d158,2,a6ad77b15e566298a4e8ee2011ab1255,1025f0e2d44d7041d6cf58b6550e0bfa,2017-09-05 22:44:58,31.8,14.1
4ea517483bf1d3580730f6042334d158,3,a6ad77b15e566298a4e8ee2011ab1255,1025f0e2d44d7041d6cf58b6550e0bfa,2017-09-05 22:44:58,31.8,14.1
4ea517483bf1d3580730f6042334d158,4,a6ad77b15e566298a4e8ee2011ab1255,1025f0e2d44d7041d6cf58b6550e0bfa,2017-09-05 22:44:58,31.8,14.1
4ea517483bf1d3580730f6042334d158,5,a6ad77b15e566298a4e8ee2011ab1255,1025f0e2d44d7041d6cf58b6550e0bfa,2017-09-05 22:44:58,31.8,14.1
4ea517483bf1d3580730f6042334d158,6,a6ad77b15e566298a4e8ee2011ab1255,1025f0e2d44d7041d6cf58b6550e0bfa,2017-09-05 22:44:58,31.8,14.1
4eb2ff9ddc8c3a30a20b59bce294e136,1,68cd3f9c7b7a1ccaf0b0b7c784999f54,f7720c4fa8e3aba4546301ab80ea1f1b,2017-08-15 19:43:39,19.9,15.79
4ec16f88e884232366f73009df2bf045,1,3ec2984cb2de1675a0306bfc60dbe5a5,0c8380b62e38e8a1e6adbeba7eb9688c,2017-08-25 01:32:52,119.9,24.99
4ec16f88e884232366f73009df2bf045,2,4f27f86d1573b8b74b0928ca649abeac,41b39e28db005d9731d9d485a83b4c38,2017-08-25 01:32:52,174.9,17.15
4ec8686587a9b92422ae24861683958f,1,1d26d159bfabfa6a92ceb697ec0c5d56,7c67e1448b00f6e969d365cea6b010ab,2017-09-05 20:45:52,176.99,53.84
4ef317aa4c1f35d3fe599a85512cda21,1,48f933e4480c7187cd28b1637ddca29f,1127b7f2594683f2510f1c2c834a486b,2017-08-21 17:10:16,105.7,26.02
4f08e1d966e9e49ca0677134ce4c2c57,1,ebe731afbcf530cfaa1e5260be512e9b,80e6699fe29150b372a0c8a1ebf7dcc8,2017-08-14 20:23:38,169.0,25.73
4f0c82eab94eb2ea093382969dfe6949,1,261c7021d2e157adc42f6a537ecd5e22,1da3aeb70d7989d1e6d9b0e887f97c23,2017-08-30 03:15:28,24.99,8.72
4f0d4b217cab0b16c36d9bb7aa71b6f4,1,11875b30b49585209e608f40e8082e65,669ae81880e08f269a64487cfb287169,2017-08-25 00:25:11,65.0,16.89
4f1743c0fc4465b3df1209280e727fa6,1,b0c7a71c8620bd389e240f63a507dc50,4dbd95a08b31ede5c82d3f861cb1ce1a,2017-08-17 02:45:20,899.9,80.43
4f2a73bfb26889724652d46145c4a62f,1,f1c7f353075ce59d8a6f3cf58f419c9c,37be5a7c751166fbc5f8ccba4119e043,2017-08-23 23:45:14,200.0,26.24
4f2acff0b7d2bcc4a408abe5a223d407,1,b00a32a0b42fd65efb58a5822009f629,3504c0cb71d7fa48d967e0e4c94d59d9,2017-08-08 02:50:25,75.9,14.28
4f2d5b2e994088d66bfbfc72e7ccc002,1,ac800affc1cff06ce347292284498993,dc4a0fc896dc34b0d5bfec8438291c80,2017-08-29 11:04:40,62.7,12.78
4f369e46adec128db04e9e4e4d5f9831,1,0554df77f3ed2e36e06c60eb65dc357a,57e632711dec9ec14ca7546769483e7e,2017-08-10 09:05:07,132.9,15.68
4f472a900e0778e5612c2320b5c0eefd,1,9060e6841dc01d7b51ec7e7b173ede4e,3d871de0142ce09b7081e2b9d1733cb1,2017-08-23 02:45:13,38.0,24.66
4f4df0a17ade1a35eec2f9e2ea067af1,1,24d95adbf4d5909e2353d0256eb3ab4f,dbb9b48c841a0e39e21f98e1a6b2ec3e,2017-08-17 12:45:11,109.9,9.58
4f68ed0836136db8064bf34ebb1965e2,1,ab687729e8507381d0b4aa32bef2d723,6562efe88ce0826a4ca4f189f03b4b84,2017-08-15 14:30:09,59.9,9.27
4f68ed0836136db8064bf34ebb1965e2,2,ab687729e8507381d0b4aa32bef2d723,6562efe88ce0826a4ca4f189f03b4b84,2017-08-15 14:30:09,59.9,9.27
4f6e7f64edf1a47b80bf8d8645fc6d3e,1,a02d0123079f4ae96001ba2010d1a2df,1025f0e2d44d7041d6cf58b6550e0bfa,2017-09-06 02:16:15,229.0,40.53
4f83feea808ce7b6c6b80576c4f82809,1,060cb19345d90064d1015407193c233d,8581055ce74af1daba164fdbd55a40de,2017-08-14 12:15:18,147.9,15.79
4f85d5b9b7d5cdc7e7f6ceb64aa47f5b,1,12181424582d4d4233622caeddcae843,530ec6109d11eaaf87999465c6afee01,2017-08-17 17:30:08,104.9,43.14
4fa373aa126aea437de1bdab7e3f4179,1,68b7fda28d528d3fc87e60fcafc5830f,63b464dbf392c7b80d12d932fa7cafed,2017-08-28 03:31:21,169.0,17.92
4fa3be02f276a2797e6ee60fc4688210,1,ecb5b54535b9954dfabb3bd16f3c567d,29fe9f200d3fa0c668d2aa1ec7e08dfb,2017-08-18 15:55:16,80.0,25.84
4fae2518409c86365fc386f8824c2282,1,f4b952dd7ab601c02bb1bd06395f45f6,86ccac0b835037332a596a33b6949ee1,2017-08-24 17:25:15,79.9,17.81
4fd2c689dda2edbc8c11a796959a1d24,1,ca873fc3d2a6186b92f8c32d685012a6,70a12e78e608ac31179aea7f8422044b,2017-09-06 02:05:16,65.0,34.25
4fe3375df4882c70c200e075e3f1fed0,1,8844bd4b8ca8f93603694ca2bceb77e9,cc419e0650a3c5ba77189a1882b7556a,2017-08-25 07:04:41,84.99,12.09
4fe73718f01ee4a8a5edb8f5c72d1994,1,fa9d34c32a70b4e50a4c2c8c2c42051f,e9d99831abad74458942f21e16f33f92,2017-08-27 23:05:30,29.99,17.63
4ff0384bb5e2b09d746a503c071f2d8c,1,73852ee3739732147010f2be732d597c,218d46b86c1881d022bce9c68a7d4b15,2017-08-14 11:30:18,119.99,18.09
4ff976f3269ceebad2dcd032489c9ec9,1,976f5de0b6a1c79fedf4e1f713251efa,004c9cd9d87a3c30c522c48c4fc07416,2017-08-30 15:35:19,139.9,21.47
500aced6001e75a49db10f0ae54f94f1,1,9fe7b856a0ad542b2234c745ffc12409,8bd0e3abda539b9479c4b44a691be1ec,2017-08-22 14:10:16,48.4,17.92
50103bd4ab4a26d767a3b899bd703bfb,1,ea44caac707f7f1325182a538007f838,855668e0971d4dfd7bef1b6a4133b41b,2017-08-30 02:26:06,50.0,11.73
5026ee6df4dbdda4bd738ab9943204c6,1,b6a1a729d84991c54d232ed0fb0b8deb,04aa0a1c5ce6b222003403a3e11c3cc0,2017-08-31 19:24:06,338.0,65.05
502aea10bd5711477ee1f532f1115031,1,c664fefd1535d526b427ea18dab22bd3,729f06993dac8e860d4f02d7088ca48a,2017-09-05 20:30:13,89.9,16.39
50450e6dcc1a32535adfec1b01e88659,1,9988abe0755ff16f74152f3e6b83626a,bacb1f0ed56ad24198f5810d2b3fe9a5,2017-08-31 19:30:23,115.9,18.06
50459e4bff96bdc46566472362da2e0d,1,b039629191cbc785dd3ebb5def03dd7c,1900267e848ceeba8fa32d80c1a5f5a8,2017-08-10 20:03:27,45.0,16.11
50564f05e21e6d61f68d7a65c57c8623,1,57fcacc3434a1f2f2b039c1b4e61f5e1,2138ccb85b11a4ec1e37afbd1c8eda1f,2017-08-24 02:35:35,18.9,15.1
506d46f95e03c222c6b3df0c721f7a82,1,88f65c67a768f35feb3de87afe055ea6,bfd27a966d91cfaafdb25d076585f0da,2017-08-24 02:50:30,229.0,26.44
508d8fa044fdaa4d8faff57a4e72e64a,1,78018501054dd80dc909eee2f22ddbd4,7a67c85e85bb2ce8582c35f2203ad736,2017-08-08 15:50:07,129.99,26.98
508d8fa044fdaa4d8faff57a4e72e64a,2,83b4e88ac4a5689bfe0f7afe4a2b07cc,4a3ca9315b744ce9f8e9374361493884,2017-08-08 15:50:07,68.0,5.4
50ae3a5a52b4ff79495a2abff4490590,1,083ffd30820b592e294de7ed668ff975,f8db351d8c4c4c22c6835c19a46f01b0,2017-08-17 17:45:21,49.9,34.15
50c331850829a3e71ba43b46a7785a16,1,3f90ef42e637c17203bd0ee040c16de0,d2374cbcbb3ca4ab1086534108cc3ab7,2017-09-05 05:45:05,28.9,11.85
50c331850829a3e71ba43b46a7785a16,2,3f90ef42e637c17203bd0ee040c16de0,d2374cbcbb3ca4ab1086534108cc3ab7,2017-09-05 05:45:05,28.9,11.85
50c331850829a3e71ba43b46a7785a16,3,3f90ef42e637c17203bd0ee040c16de0,d2374cbcbb3ca4ab1086534108cc3ab7,2017-09-05 05:45:05,28.9,11.85
50cfface6cf1a49abc9e3aeb6f13d995,1,2481a472d98c582b46bc2dfeae6f539f,391fc6631aebcf3004804e51b40bcf1e,2017-08-25 11:04:38,59.55,13.44
50d00c9680bdca4f471658f02ca144c3,1,dc2410804cf782c5d87dbcd201b74e9b,897060da8b9a21f655304d50fd935913,2017-08-10 20:30:13,150.0,13.39
50d00c9680bdca4f471658f02ca144c3,2,dc2410804cf782c5d87dbcd201b74e9b,897060da8b9a21f655304d50fd935913,2017-08-10 20:30:13,150.0,13.39
50d106ba3cf9cbe0e44dada341e190fc,1,199edc405b7080eeba36e77ef66d1ea1,fbc14c0cf93505ef89f64665ffa4a7b5,2017-08-24 02:25:19,625.99,20.01
51031dc347b31f2f5d84655a08e10e9e,1,9545d45c37449ccbc376de3a04c66e71,431af27f296bc6519d890aa5a05fdb11,2017-08-23 20:10:14,119.9,18.09
5112f4ba4153fe779d42f1cc8701d3f0,1,2bd3e6ee15d713b34654f04fe0375e17,0887a9f087bcd5d9f6642b52f897fc6c,2017-08-10 14:10:12,149.0,15.79
5118fc0388588e95a1eb25564d1a3946,1,562f0027bf0b43b487536b01b2002a3e,6426d21aca402a131fc0a5d0960a3c90,2017-08-28 22:35:22,79.9,38.11
511da260161b881c22b3608bed0044e5,1,72172e982e8b92155069e4201c92c0bb,e9779976487b77c6d4ac45f75ec7afe9,2017-09-04 04:50:11,37.49,25.63
511e4be65df785861758c6beaebf9221,1,f71973c922ccaab05514a36a8bc741b8,5dceca129747e92ff8ef7a997dc4f8ca,2017-08-24 17:15:17,108.9,36.39
5136d629a7e0039e85661a0d44199e64,1,dc0fe1906bacc99199eb46fce442e1de,b1ac6ea7895bc3dd6f0f6f4abbdd2821,2017-08-25 10:50:19,59.0,12.23
5138967f3495b0b86c11eb58abade91b,1,22c5ddc22ea8cae84fc9917def682dc6,cc419e0650a3c5ba77189a1882b7556a,2017-09-08 20:05:52,56.99,14.15
513de686406165c7b540f55a32203946,1,47de5f36ace720b578ca1b30d0b45b8d,af4a0e4cfe1d9c26b6712b1be25a72e5,2017-08-08 02:51:14,248.99,17.5
5156f62d18510bbdc946ebbe9846a6d4,1,f3dadec221142e379d7113915c1d0fa8,e9d99831abad74458942f21e16f33f92,2017-08-14 03:55:47,51.0,14.11
51583e82a02a89f3d5d82954c62f0e03,1,6fb42788c5ef9affaa2fec30ca8b6053,1127b7f2594683f2510f1c2c834a486b,2017-08-24 05:50:07,16.17,17.63
515bc93518f13397922a59117cc11434,1,d0a0dff67561da5aff3fb665d91a76e0,391fc6631aebcf3004804e51b40bcf1e,2017-08-10 19:25:14,73.35,12.85
517361059b3e86b99853e7d7c7e7c954,1,880be32f4db1d9f6e2bec38fb6ac23ab,fa40cc5b934574b62717c68f3d678b6d,2017-08-16 08:10:14,44.9,7.78
517378a05081f7b18f04a01a9cb8e866,1,62c89abe1afe3a23c17765d462718a4c,fe2032dab1a61af8794248c8196565c9,2017-08-29 11:46:50,259.0,19.09
518a27a223dd20b3d2030d2a5d9574e8,1,50627d7c3dd43902d64134574befe12f,70a12e78e608ac31179aea7f8422044b,2017-08-16 23:05:18,299.0,13.59
519203404f6116d406a970763ee75799,1,5fb61f482620cb672f5e586bb132eae9,94e93ce877be27a515118dbfd2c2be41,2017-08-10 09:10:13,69.9,11.99
51bc785c184f3d80c5f0505a63712fa1,1,818430a64bb4e935b35f1f4da32612eb,6d66611d7c44cc30ce351abc49a68421,2017-08-16 11:45:16,59.9,9.34
51c3d845b7fdb7a31412d12f4c5a12e4,1,9c7c72948a0e56fdaa07985b71dffe18,59b22a78efb79a4797979612b885db36,2017-08-30 17:44:23,26.9,15.1
51e284ce71f96710652ab6d5da30fc09,1,952670bc019a73f0933157ec82ff6e4f,37be5a7c751166fbc5f8ccba4119e043,2017-08-09 13:55:09,205.0,18.14
51ea7d0bdf670aca325bb99bb45c1500,1,aba86c093ccdbac75b09111d57e50004,7c67e1448b00f6e969d365cea6b010ab,2017-08-15 13:35:37,126.6,17.62
51ee6ec9a7b510b8ee500a47065a74b8,1,43423cdffde7fda63d0414ed38c11a73,b1fc4f64df5a0e8b6913ab38803c57a9,2017-09-08 13:30:15,55.0,16.83
52324f390c9414a6c6b4a2f1b24964b4,1,1f112631857414c63be3c00b6d8bf45f,fa1c13f2614d7b5c4749cbc52fecda94,2017-08-10 02:15:16,399.9,36.6
52431c165ae5cfea49d3eaa3fcd6a7de,1,368c6c730842d78016ad823897a372db,1f50f920176fa81dab994f9023523100,2017-08-10 21:32:56,59.9,17.67
5256aac1d939c4bbc931cc7c1c78a419,1,ea9e7b142ab7562c2d2c0e5efcf617bd,07bf9669d84d1f11be443a9dd938f698,2017-08-17 22:45:12,108.0,29.13
525ec9a4d6f8d45b2d22977017fe7849,1,a64fc2f46aef1e68dc0bdc591c84832c,c864036feaab8c1659f65ea4faebe1da,2017-08-14 23:24:05,139.9,15.73
5268a1e490656ed41fa8b107305fc319,1,f6eda47c88d786adf6f3e3f016833927,5cf13accae3222c70a9cac40818ae839,2017-09-04 16:10:37,99.9,16.46
5268a1e490656ed41fa8b107305fc319,2,f6eda47c88d786adf6f3e3f016833927,5cf13accae3222c70a9cac40818ae839,2017-09-04 16:10:37,99.9,16.46
5278efafa60c7005d03202b122eaea55,1,b5e13c9a353102f79c6206ff5cb61a50,a49928bcdf77c55c6d6e05e09a9b4ca5,2017-08-23 22:25:19,79.9,11.76
528b9cd42ab9f06d9cbf1416835076da,1,bb1abbbcf2a84fa906cf9ba0e3b00cb3,f00e21b1e91a79653163b7fd8f293ff1,2017-08-29 11:55:08,69.9,12.62
5296911d4dc8bf3bc994de9534be9eb2,1,d9d2b0bf83edf2fe776c707efe5d0b41,d1c281d3ae149232351cd8c8cc885f0d,2017-08-21 17:55:19,193.99,25.94
52cc3e73c44b95c3e54b97771869da1b,1,cb6c1c21ebc9c153a7baf319c515657a,85d9eb9ddc5d00ca9336a2219c97bb13,2017-09-05 02:15:15,31.9,16.79
5330f2e5c80ccc8f1629a19cdddeda77,1,7a49adf051c1e6fc5b639a98d17756f0,128639473a139ac0f3e5f5ade55873a5,2017-08-17 13:30:14,18.9,12.48
5334316e328fbb4a7286479768342ad5,1,29427de7f8a9ee983d9dbc51cec569b4,7a67c85e85bb2ce8582c35f2203ad736,2017-08-16 21:30:17,99.99,16.95
5335b1d7638fab1eabeb24a1e2ff380d,1,4c1d9c97a7245db3b8d7a32fb4c02286,83e197e95a1bbabc8c75e883ed016c47,2017-08-17 11:24:13,135.0,14.54
533dbcda0a703be171113573af8b3467,1,bdb4be6ce2f7f2b5be0a16088028c7fc,955fee9216a65b617aa5c0531780ce60,2017-09-08 17:25:15,85.0,21.08
533dbcda0a703be171113573af8b3467,2,bdb4be6ce2f7f2b5be0a16088028c7fc,955fee9216a65b617aa5c0531780ce60,2017-09-08 17:25:15,85.0,21.08
53402e7be9b39753e8382ef11fe74a2e,1,14555ba663de8689feacf1d0819cc3b3,dbc22125167c298ef99da25668e1011f,2017-08-24 02:16:05,108.9,20.0
5342d918c42e56be9a2f0f272c3fe39b,1,616c497aa9cc2d4ce93eb380cf5cc121,4a3ca9315b744ce9f8e9374361493884,2017-08-16 22:30:20,366.4,27.84
5346a99f61d771b889336c4a2c14e0b9,1,3c863457e83bc6cbf703702c610c5d3a,7a67c85e85bb2ce8582c35f2203ad736,2017-08-18 19:44:21,62.99,11.73
534a0fa02fb111d37c01c86326fc38bb,1,a35a59bff183b90417bbc511e1d82115,dbb9b48c841a0e39e21f98e1a6b2ec3e,2017-08-23 03:06:20,69.99,14.24
536f87431ee4a19ed39a8c419a4c5692,1,a04a2402a7774ba53d10ed2ce29715e3,17ca9b9e9b9ef8fdb529001b49ebb50f,2017-08-15 12:30:12,99.97,16.14
5372b6093d8cd9a8bd5b2f82743ad081,1,8d99a7ed81f061ceed740d8900be880a,4a3ca9315b744ce9f8e9374361493884,2017-08-24 09:50:22,48.9,19.23
5393e88fa91aba9ea46a9f403d287df1,1,6c50c87e36d8641d67fbcceed5cfec5e,6560211a19b47992c3666cc44a7e94c0,2017-08-31 18:45:38,55.0,14.14
53983db8677eb702d142238b8a1e8ebb,1,a530b23a71594d0d986a30359e207762,6562efe88ce0826a4ca4f189f03b4b84,2017-09-06 14:04:39,59.9,16.18
53983db8677eb702d142238b8a1e8ebb,2,a530b23a71594d0d986a30359e207762,6562efe88ce0826a4ca4f189f03b4b84,2017-09-06 14:04:39,59.9,16.18
539da8a3272212f11860bef60a1166b9,1,c73628b1c3144b2e0c9c88072f21a213,3f995f07c49d0d55a99d5c54957f7d81,2017-08-24 14:25:57,139.0,12.18
53be479f3b3486d26abed234b365a359,1,32bcebd1122da0e45ac11739dd7a1cad,8ff38bc3969e67c36c48343a07090f66,2017-08-07 17:35:16,434.0,51.65
53be479f3b3486d26abed234b365a359,2,32bcebd1122da0e45ac11739dd7a1cad,8ff38bc3969e67c36c48343a07090f66,2017-08-07 17:35:16,434.0,51.65
53be479f3b3486d26abed234b365a359,3,32bcebd1122da0e45ac11739dd7a1cad,8ff38bc3969e67c36c48343a07090f66,2017-08-07 17:35:16,434.0,51.65
53be479f3b3486d26abed234b365a359,4,32bcebd1122da0e45ac11739dd7a1cad,8ff38bc3969e67c36c48343a07090f66,2017-08-07 17:35:16,434.0,51.65
53d6fdda7e6cd60c16d5051f00ac2af3,1,d6160fb7873f184099d9bc95e30376af,53243585a1d6dc2643021fd1853d8905,2017-09-04 22:45:16,1200.0,25.05
53e92c6a182704806c0b00b02f89ad32,1,8466762a9393a2b2b1de73f3cf6081a3,1dcfa3835714681d4ba4a93bc1e0fd41,2017-08-14 15:30:15,79.9,17.0
53e92c6a182704806c0b00b02f89ad32,2,8466762a9393a2b2b1de73f3cf6081a3,1dcfa3835714681d4ba4a93bc1e0fd41,2017-08-14 15:30:15,79.9,17.0
53fcc6acefb2363ea775e316c810677b,1,723f08b94cabe91ad292a3084725903b,efcd8d2104f1a05d028af7bad20d974b,2017-08-29 09:25:41,40.0,11.85
5418fbfe1d6b9bb5db019dc709dac182,1,a16a9c467d4c62181e253cfe2dc9b43f,5c243662ce92d84573bfaff24c3e3700,2017-08-23 19:25:11,113.0,12.0
5445faac2614aebf5d7b9435b1d71185,1,4b7690d7352318e41ae9594241ac4789,44073f8b7e41514de3b7815dd0237f4f,2017-08-22 11:25:14,69.9,18.06
54497c0e9ae7aa2ffe4bbb29883d59cb,1,0d704e7a1f7ac1c5c03247e845d18f93,59b22a78efb79a4797979612b885db36,2017-08-09 21:45:16,39.9,16.79
54497c0e9ae7aa2ffe4bbb29883d59cb,2,9c7c72948a0e56fdaa07985b71dffe18,59b22a78efb79a4797979612b885db36,2017-08-09 21:45:16,26.9,16.79
54639840f0eaa99e45fe2622a943087b,1,d800be06cad2262f48d1c2982fd31189,cfb1a033743668a192316f3c6d1d2671,2017-08-24 03:05:22,53.9,17.63
5466d76b73c2c9ea826b3fc661288d0c,1,65ce839c7967ed73e05471cbd4cb2ec1,2009a095de2a2a41626f6c6d7722678d,2017-08-29 02:47:20,36.9,12.69
5466d76b73c2c9ea826b3fc661288d0c,2,65ce839c7967ed73e05471cbd4cb2ec1,2009a095de2a2a41626f6c6d7722678d,2017-08-29 02:47:20,36.9,12.69
5466d76b73c2c9ea826b3fc661288d0c,3,65ce839c7967ed73e05471cbd4cb2ec1,2009a095de2a2a41626f6c6d7722678d,2017-08-29 02:47:20,36.9,12.69
546b9703cec4a0b57e4573d7ded4ae12,1,dabc8335b58a49ec2f5fcb06255cd733,0c8380b62e38e8a1e6adbeba7eb9688c,2017-08-10 17:20:12,99.9,17.95
546bb10cd086a577f9bbb4027d79c0f2,1,bbdb487c5f9a780a6a574fe48ed37796,aaed1309374718fdd995ee4c58c9dfcd,2017-08-24 02:26:16,99.9,36.02
546d28bc7c6850b2d75142e1d5a24e96,1,bfb0b1ac4d2c3e1ebae4a01c3fcbfb1e,17e34d8224d27a541263c4c64b11a56b,2017-09-01 13:25:38,133.71,29.34
5478595838b69d4f1d19e87ec399eee6,1,8d7b1f65c55c4c92979d7a0c36200c29,80e6699fe29150b372a0c8a1ebf7dcc8,2017-08-31 09:25:09,99.9,25.73
5479f014d5015a0feaf35483c4bb73b3,1,b77ae16cc8f67cd1c0ec781d5bf4da2b,7a67c85e85bb2ce8582c35f2203ad736,2017-08-16 18:25:19,219.99,17.17
5480f040b65927b72574473cce844a76,1,4f34087fd58f28545be71ade9c5322a3,45c20d94d9171b0bcfab3c955e47d67b,2017-09-05 18:07:47,36.49,15.1
5491f75f7889a6ff2d12c698c19791c5,1,34d6306314a47fe15c1efdbc23302020,229c3efbfb0ea2058de4ccdfbc3d784a,2017-09-03 23:05:14,69.0,16.92
5491f75f7889a6ff2d12c698c19791c5,2,34d6306314a47fe15c1efdbc23302020,229c3efbfb0ea2058de4ccdfbc3d784a,2017-09-03 23:05:14,69.0,16.92
5494c710e1d7ff9770343f2abe0cf40c,1,73efecdfe04fa13599a99282cebf99ff,391fc6631aebcf3004804e51b40bcf1e,2017-08-28 18:26:16,49.9,17.19
5494c710e1d7ff9770343f2abe0cf40c,2,2ffb8b836bb62d53a77a69a67814fffa,391fc6631aebcf3004804e51b40bcf1e,2017-08-28 18:26:16,44.55,7.3
5494c710e1d7ff9770343f2abe0cf40c,3,b625929cf412ff2c73f64485b23a5202,391fc6631aebcf3004804e51b40bcf1e,2017-08-28 18:26:16,59.22,14.32
549969d8626a73173cba92ae91352b09,1,b0961721fd839e9982420e807758a2a6,1f50f920176fa81dab994f9023523100,2017-08-22 03:25:46,59.9,13.44
54a321486a622129adda771a323501f8,1,491363806b8d8e7d7befa5635d415c45,7e1fb0a3ebfb01ffb3a7dae98bf3238d,2017-08-07 14:23:52,99.99,17.14
54c77052884ae590135acfe304034a61,1,ae1848ad278bbd5098dea4a749b333a1,70eea00b476a314817cefde4aad4f89a,2017-09-12 15:44:20,22.0,17.63
54df86a3941e416fa16c0cb39efcf805,1,3d74d787086b0e22ac320ae43b240aea,ce27a3cc3c8cc1ea79d11e561e9bebb6,2017-08-08 19:00:33,40.0,17.63
54ef7706bc8a0c0209e7aca10d463608,1,06c6e01186af8b98ee1fc9e01f9471e9,fc906263ca5083d09dce42fe02247800,2017-08-28 04:27:27,39.9,25.63
5502aebd362ed11913b17bca3aab7d69,1,9e2ce829b01f3d1a0a9d5ddf7ee21864,835f0f7810c76831d6c7d24c7a646d4d,2017-08-30 07:43:51,69.9,17.74
5514f341fc1dc2f32da4facf97699be2,1,4413a608a42bd21bbf9d5abbd58c249a,7ddcbb64b5bc1ef36ca8c151f6ec77df,2017-08-07 15:55:33,134.99,16.7
5531c5191d84b148fedae149af1971ad,1,391a014a66920fa0ce468319264e0232,ce27a3cc3c8cc1ea79d11e561e9bebb6,2017-08-31 03:05:56,120.0,34.64
553d21981eb5d6f2f19c3102cde1832d,1,00ba6d766f0b1d7b78a5ce3e1e033263,53e4c6e0f4312d4d2107a8c9cddf45cd,2017-08-31 19:45:11,45.0,33.71
55489c304b912adb3b5cf8b444a70df5,1,bfd40187494874d9bda6626efbff3bd3,3ca08eeb8d5595949fed424bd3677742,2017-08-21 18:45:13,169.9,26.81
556aa092c68a19aa8aef519574539444,1,48c9b5b0aff66a99d74fbc6e2c600b33,17f51e7198701186712e53a39c564617,2017-08-29 13:35:18,1050.0,250.57
556d7ec009cdd5ae19dad069c808ad9c,1,1a46dafd2935eadb540039ce3e8a3d29,8b28d096634035667e8263d57ba3368c,2017-08-30 18:46:35,99.9,68.13
55772fc319b3906e897cc43fae9c1835,1,e8de73291c6283e59972a8c25edf40be,59b22a78efb79a4797979612b885db36,2017-08-24 12:05:18,59.0,15.16
557a4667291301e8bf807fca57f21d3e,1,c448475cc4766baebabe30ee6d5f3fb7,3d871de0142ce09b7081e2b9d1733cb1,2017-08-18 08:50:15,45.0,15.1
557fe5a8a05a2bbb733aacdf6d9b2b9e,1,2bba3a44641e194c111c2907c17ab7f5,218d46b86c1881d022bce9c68a7d4b15,2017-08-10 16:50:11,181.0,16.9
5585e904baf149821491997c9499628b,1,3db75f31b76375c502f64d550dcd1166,85d9eb9ddc5d00ca9336a2219c97bb13,2017-09-13 00:25:13,31.9,15.79
55a21991029dc5b9239c5bddc0f09e33,1,07d145a7ffd47e821d4e7cbd3697a102,ce27a3cc3c8cc1ea79d11e561e9bebb6,2017-09-05 14:05:25,20.0,7.78
55b6cfcdaae4a8dc9629850dc635995d,1,cd59f488cef311feb633141ad1e8563d,8d79c8a04e42d722a75097ce5cbcf2ef,2017-08-14 17:20:07,15.32,14.1
55ceb70ebd207c9b9b99d516c1455c41,1,f175811ea0e0a865f56125dfbb04a8a6,7a67c85e85bb2ce8582c35f2203ad736,2017-08-31 12:55:08,69.99,20.89
55ded7b9e61d1c3f566b5bd78d2705a7,1,8844bd4b8ca8f93603694ca2bceb77e9,cc419e0650a3c5ba77189a1882b7556a,2017-09-04 18:32:39,84.99,8.79
55e71b9318bbe979e00a54045806114b,1,8e5bf6185743f64468d6023af118208a,dbb9b48c841a0e39e21f98e1a6b2ec3e,2017-08-15 16:30:12,79.99,8.75
55f33d1440ed529bf23f7b92248c149e,1,c04e948c6900ce99ac47d89b3b6d70cd,855668e0971d4dfd7bef1b6a4133b41b,2017-08-21 00:50:17,900.0,68.06
5601f8087eba0875919b57d5ca81d184,1,d7423500e1911ba5972c229b2fb974ca,7299e27ed73d2ad986de7f7c77d919fa,2017-08-31 15:04:13,69.99,15.24
560eff479b0937dd58f303cf1bbb14cf,1,4633dfeb3a2588bdb52af32d504b44eb,b76dba6c951ab00dc4edf0a1aa88037e,2017-09-08 15:25:16,19.99,7.78
5629b04c3d6b271767e2b1a38d878171,1,fa4e8255202fd921350a6fc716710dae,2b3e4a2a3ea8e01938cabda2a3e5cc79,2017-08-11 19:03:41,279.0,16.7
564a38ee15a841a89a3e5c64fc8c0ce6,1,4a0938478787f49dc07af734b86be96c,6560211a19b47992c3666cc44a7e94c0,2017-09-05 18:07:38,149.0,15.79
564a8a107b3cf23a00e2da12351a9797,1,e0d64dcfaa3b6db5c54ca298ae101d05,4869f7a5dfa277a7dca6462dcf3b52b2,2017-08-08 07:30:15,179.9,12.76
565b0bdb5bfef65df5a23890967586f6,1,06c6e01186af8b98ee1fc9e01f9471e9,fc906263ca5083d09dce42fe02247800,2017-08-30 23:15:15,39.9,14.1
565ccfa6f9e28da74700c42da9deb949,1,9e0e152552a1323f7e5dcf63d50cdae3,cc419e0650a3c5ba77189a1882b7556a,2017-09-13 04:32:57,56.99,15.15
566664b31c9fed474421011b0fe4aaed,1,84ec53de4608c94e064a22e2840807d2,53e4c6e0f4312d4d2107a8c9cddf45cd,2017-08-14 10:50:15,69.36,16.74
566d9c868488d3e11feef9ec86a29357,1,656e0eca68dcecf6a31b8ececfabe3e8,9c0e69c7bf2619675bbadf47b43f655a,2017-08-10 16:45:17,109.9,12.27
566fe59dc8f089f27c0e739a3891581a,1,93d23871be3281f1b1ee4962ecfd791b,ce27a3cc3c8cc1ea79d11e561e9bebb6,2017-08-09 13:55:07,40.0,8.72
56740543d19104f08eee3703abfcfa59,1,acd824083bf35614399164521e080a37,7142540dd4c91e2237acb7e911c4eba2,2017-08-31 11:24:25,84.9,17.84
567711f5024cc71158bb84f67b82aac0,1,aa7cf4b09293dffac3b67cf2fb9730a2,8e6cc767478edae941d9bd9eb778d77a,2017-08-15 07:10:20,59.9,14.15
568392c8ee5c7a3bcb175e386ae76e90,1,f6eb9d00c16e94859a66c68eb8b66bdc,1127b7f2594683f2510f1c2c834a486b,2017-08-31 00:30:14,34.68,14.1
568e71250d146ee4bf4b6f85617c6843,1,4e0d588f8e002f2bad9cbe0b8f66f6f6,fc906263ca5083d09dce42fe02247800,2017-09-01 17:04:55,39.9,14.1
5691a076ef144cb3bb777a3eb18b77d1,1,7ace8e994998f636a12d3cdc71c6b942,897060da8b9a21f655304d50fd935913,2017-08-30 08:55:19,29.9,15.1
5691a076ef144cb3bb777a3eb18b77d1,2,7ace8e994998f636a12d3cdc71c6b942,897060da8b9a21f655304d50fd935913,2017-08-30 08:55:19,29.9,15.1
5697a446ff63940af2ffeb653ae0fc18,1,9c7140bb02241a5835bc69ab9ed3732c,7722b1df1b0e383e000397b2c11e3e19,2017-08-16 15:45:08,25.9,8.72
56a97868cb13e5f9af3e4d72256ffa54,1,4b456247c6fd6370f0c01903b0c6d67d,87142160b41353c4e5fca2360caf6f92,2017-08-09 17:10:21,139.9,19.52
56ce3873eb6d633a47581ec221f50a65,1,7c1bd920dbdf22470b68bde975dd3ccf,cc419e0650a3c5ba77189a1882b7556a,2017-08-11 19:20:13,58.99,16.66
56dc36c0b4aa0d60f98017b5ce97d587,1,1fd3bb291e0dba9d6081eb914303993b,53e4c6e0f4312d4d2107a8c9cddf45cd,2017-08-23 22:15:15,28.99,24.97
56dc36c0b4aa0d60f98017b5ce97d587,2,a8d44734cde6fbd2f5c32818da67b97a,f8db351d8c4c4c22c6835c19a46f01b0,2017-08-23 22:15:15,17.9,6.24
56e52e0e9ca5698dd8d4fa5de117448c,1,7f47a83b83456eab8ebe7dc273b2107e,f63d8f293af3a6454377546bd9dd19ff,2017-08-07 15:30:19,35.99,16.11
56ec7cbe6d41f3fdbbe68de8142b3123,1,e8316a4667e5870c85e906b1f062bde1,7c67e1448b00f6e969d365cea6b010ab,2017-08-30 02:30:06,99.99,17.43
56f46fb5630f80cde51dfe4f07de78bb,1,422879e10f46682990de24d770e7f83d,1f50f920176fa81dab994f9023523100,2017-09-05 16:25:09,59.9,19.66
56f5835a474cdf734462ea3149a1fa90,1,70e0c10acc3dd72e17f2136ddb027317,ce27a3cc3c8cc1ea79d11e561e9bebb6,2017-08-08 15:12:09,40.0,8.72
56f5835a474cdf734462ea3149a1fa90,2,3d74d787086b0e22ac320ae43b240aea,ce27a3cc3c8cc1ea79d11e561e9bebb6,2017-08-08 15:12:09,40.0,8.72
5715f14022215418c906c7a4cda732f4,1,aca2eb7d00ea1a7b8ebd4e68314663af,955fee9216a65b617aa5c0531780ce60,2017-08-11 13:50:50,75.0,21.02
5718be47d367f91087182c0b796f77fb,1,517dd1c1cda3892f83d386dcf9a4e9b7,b92e3c8f9738272ff7c59e111e108d7c,2017-08-09 09:50:11,49.9,28.39
5718be47d367f91087182c0b796f77fb,2,b6e47cacea0b2e89b721529d6d8683e7,3364a91ec4d56c98e44174de954b94f6,2017-08-09 09:50:11,149.99,15.29
571ae93d1696ee933348dd3de7a44efb,1,368c6c730842d78016ad823897a372db,1f50f920176fa81dab994f9023523100,2017-08-24 00:45:15,59.9,17.67
5727f102c85ddd314cc3158d4e044e94,1,0bcc3eeca39e1064258aa1e932269894,1f50f920176fa81dab994f9023523100,2017-08-23 10:05:03,59.9,13.44
572acae7da06b5b656a1b296d1fb131f,1,6c3effec7c8ddba466d4f03f982c7aa3,37515688008a7a40ac93e3b2e4ab203f,2017-09-08 02:15:39,19.9,15.1
573600261fe10e782f51bcb25b99febe,1,31f064f4591849f05239aa2b228b50ee,66922902710d126a0e7d26b0e3805106,2017-08-10 15:03:21,45.0,16.11
573ef5595dd0028826051b99f5306ad3,1,389d119b48cf3043d311335e499d9c6b,1f50f920176fa81dab994f9023523100,2017-09-06 12:55:10,59.9,13.44
5762393dbc8a827e3c4e95b9f2252329,1,568ba441f7f464dc73d23a91cf8ca671,cca3071e3e9bb7d12640c9fbe2301306,2017-08-18 10:43:52,143.54,21.49
5764ae851e6c27213dc25d7c7e4c713f,1,88dd63919fc9ab693803578a04a20209,7ddcbb64b5bc1ef36ca8c151f6ec77df,2017-08-09 16:30:11,34.99,15.1
576a4c1c23fdba52cef2228ad0232cc6,1,c857b96593773e940454e76efa8eabb3,cca3071e3e9bb7d12640c9fbe2301306,2017-08-27 22:25:58,51.92,12.7
57867f9fcc30232da57d5af5b831a4d8,1,8b6ed41158b194711f83b8da92757544,e9779976487b77c6d4ac45f75ec7afe9,2017-08-24 14:15:18,16.48,12.48
579a374cc762b45a6cd7ed81c484648c,1,086351823300e0339f6955b27998c186,fdb9095204a334cd8872252ffec6f2db,2017-08-18 16:10:10,129.0,13.92
57b4c69cb74d5d045bb362aaf7d581b3,1,594bbf3064869810a9f56dac8c05acfb,0432ead42b6c8a0bdf68154add917fdf,2017-08-21 19:31:23,39.9,7.78
57c69ed198726d2114eb47ca8c2d64c4,1,ddee1b747d9681ef016a78e77937e950,8e6cc767478edae941d9bd9eb778d77a,2017-09-06 18:05:09,74.9,17.77
57c69ed198726d2114eb47ca8c2d64c4,2,ddee1b747d9681ef016a78e77937e950,8e6cc767478edae941d9bd9eb778d77a,2017-09-06 18:05:09,74.9,17.77
57caf8a4f24c13ac1f4ec44f39a18a44,1,d41dc2f2979f52d75d78714b378d4068,7299e27ed73d2ad986de7f7c77d919fa,2017-08-24 02:24:59,9.0,15.1
57cf6eb1706dddd95bd2f102339400a1,1,2e274768896aa2c7635b9689423a5d34,6d803cb79cc31c41c4c789a75933b3c7,2017-09-05 05:32:16,49.9,15.98
57d2d40a9a06d20a610316800f82ace3,1,2b4609f8948be18874494203496bc318,cc419e0650a3c5ba77189a1882b7556a,2017-09-06 04:44:59,89.99,15.38
57d94aaa6b72ca15b3e4801c6d5c0959,1,7059637593d1eda31cef9582eba6a170,e9bc59e7b60fc3063eb2290deda4cced,2017-08-17 02:50:33,195.9,14.39
57f67475fb7b09eedaba20d1a7cc6097,1,53b36df67ebb7c41585e8d54d6772e08,4869f7a5dfa277a7dca6462dcf3b52b2,2017-08-14 15:43:32,159.9,15.87
57fac99131db488c097fd2b5a75255dd,1,622bad99b4296aade0783ebecdd3fa15,376a891762bbdecbc02b4b6adec3fdda,2017-08-20 21:24:14,98.99,17.13
57fd8fedd552dd174321576bd4df11ad,1,1fd10191b0bcd5aa4020c0721372510c,855668e0971d4dfd7bef1b6a4133b41b,2017-08-24 07:04:32,290.0,16.23
5802a2af7adc078756b394ca9f492087,1,76ac1907588ea63f562f0851bd5a4289,d1b65fc7debc3361ea86b5f14c68d2e2,2017-08-17 10:55:24,279.9,17.59
580530118ea1a9da5f64b2ce87a6bb1b,1,d254a74f52754b787c8c54f0e76d6214,fa1a9dec3a9940c072684a46728bf1fc,2017-09-04 18:30:19,135.9,18.52
580ae081b21388e953adf8add5a26b3b,1,6fee267f4631409f41121e09376e8fbc,81a1104df0f08b59c68aa5b03cfe398e,2017-09-05 18:07:58,169.99,28.57
5825ce2e88d5346438686b0bba99e5ee,1,af3ec22cce878225aae6d9eb6c7a78eb,aafe36600ce604f205b86b5084d3d767,2017-08-23 03:10:27,149.9,29.45
58293f63cf0304768ab4811c0f4dbe17,1,4a96de21ccfb22ebe1c56992acbbd7fc,7a241947449cc45dbfda4f9d0798d9d0,2017-08-07 22:25:17,99.0,14.42
584bd08b6d0a61391b57b2ac26416887,1,3c863457e83bc6cbf703702c610c5d3a,7a67c85e85bb2ce8582c35f2203ad736,2017-08-10 02:25:28,62.99,11.73
584f220e644d75e103f1e3a2f7a192cb,1,fc2d2cbc50b7d69ce961df503cb25e6b,f19516b9ff26bfeb091b30108db4ddbd,2017-08-23 22:04:58,519.0,68.72
5850a159b783424b168c438678b6cc61,1,389d119b48cf3043d311335e499d9c6b,1f50f920176fa81dab994f9023523100,2017-08-15 02:45:38,59.9,13.44
5850a159b783424b168c438678b6cc61,2,389d119b48cf3043d311335e499d9c6b,1f50f920176fa81dab994f9023523100,2017-08-15 02:45:38,59.9,13.44
587379acca182c8e157e4dc7c8923131,1,a89e5c817a0c1fd1487d78cba0714a4d,530ec6109d11eaaf87999465c6afee01,2017-08-21 10:35:15,109.9,15.46
587379acca182c8e157e4dc7c8923131,2,1d93a1a9ef04cca09f4737fc380e0d6e,530ec6109d11eaaf87999465c6afee01,2017-08-21 10:35:15,91.9,15.45
587c66847401b1ad23c2e9e6aa078b32,1,5947c33d0250e65638336c25f5a8ab48,4a3ca9315b744ce9f8e9374361493884,2017-08-09 14:30:11,395.0,17.52
58829394980c3e52afb649be7d0e663a,1,e0d64dcfaa3b6db5c54ca298ae101d05,4869f7a5dfa277a7dca6462dcf3b52b2,2017-08-08 06:45:19,179.9,16.01
58ad53486aa4d662036281295465d755,1,d65b6607952f9e0d705b1cbdc92ac027,48436dade18ac8b2bce089ec2a041202,2017-08-14 22:30:19,44.9,16.11
58b13fbfad409587249249f2fcf879e4,1,f7bb503725fb4d7bb55301d5bceba728,55a5b51f93f2b70ea513f5a047b0262a,2017-08-17 06:43:50,99.7,42.73
58b7ff437a5d00121b575eb9493dc445,1,764292b2b0f73f77a0272be03fdd45f3,bd23da7354813347129d751591d1a6e2,2017-08-31 14:24:18,89.9,9.44
58bf9a6d114d3c24f036469c84a91693,1,3863a6df816f3b8ce0358a1243541fcb,1b4c3a6f53068f0b6944d2d005c9fc89,2017-08-28 04:06:54,79.9,28.96
58bf9a6d114d3c24f036469c84a91693,2,3863a6df816f3b8ce0358a1243541fcb,1b4c3a6f53068f0b6944d2d005c9fc89,2017-08-28 04:06:54,79.9,28.96
58dfbee60e4d1073dcfe6f7a9d8f6043,1,8844bd4b8ca8f93603694ca2bceb77e9,cc419e0650a3c5ba77189a1882b7556a,2017-09-06 02:11:20,84.99,14.34
58e67ac26a9fbfd1f5ddbb90b4766a21,1,038467f26869173dd87434ae02199a40,534a01cc6df1e034e05c32028a291fa2,2017-08-22 20:44:52,59.9,7.78
58e8270bb23a598a7a351d4fc3a211a4,1,e8c2065927de366ef9622dbee0bb7b63,9c0e69c7bf2619675bbadf47b43f655a,2017-08-31 18:24:34,203.0,18.67
58ecdd5dee96d19e30c67a29cae63e4d,1,99a4788cb24856965c36a24e339b6058,4a3ca9315b744ce9f8e9374361493884,2017-08-16 03:16:09,89.9,15.38
58ee11026c2fdda6ff738c392cc5fb00,1,ba85af910c6f4624929eaf3879d72321,59b22a78efb79a4797979612b885db36,2017-08-09 03:04:56,59.0,15.16
5923263d49d190dc167b702f6dfc0c4d,1,6987398dff454a3138231540e2a6ec61,25c5c91f63607446a97b143d2d535d31,2017-09-14 05:32:51,144.0,18.26
5927bb00efcc2db67e6e98500fa49629,1,8ef18e8943b9f07649b045b72df449cb,7aa4334be125fcdd2ba64b3180029f14,2017-08-08 11:30:21,86.99,13.63
593820c7bb9aa1200abb7e6404b2143a,1,94e6f132095f2a1ee6a6ba8330a9f9c0,2138ccb85b11a4ec1e37afbd1c8eda1f,2017-08-24 04:05:28,26.99,14.1
5939a276152174ff719ee375114e0775,1,21dd96fd31df21001d8e5b7a3fac9335,3771c85bac139d2344864ede5d9341e3,2017-08-10 17:25:06,84.9,16.35
595316a07cd3dea9db7adfcc7e247ae7,1,5eb564652db742ff8f28759cd8d2652a,4e922959ae960d389249c378d1c939f5,2017-08-18 04:26:04,39.0,9.27
5953d2dd57f0e259f8b8489c37556e00,1,22594ba8fd9a72ad95d352929c821560,7c67e1448b00f6e969d365cea6b010ab,2017-08-16 20:25:14,99.99,28.06
597c3302d155d4d75ee6734213ab487e,1,6b445dc3a4183f17e1a90307edbf0b1e,4a3ca9315b744ce9f8e9374361493884,2017-09-01 20:55:12,215.0,13.01
598cd40a798aa27cded050fe918ffbe7,1,5145cef9f9e1293cf8cba2c924eb94e9,17a053fcb14bd219540cbde0df490be0,2017-09-08 02:45:40,259.9,34.07
598cd40a798aa27cded050fe918ffbe7,2,5145cef9f9e1293cf8cba2c924eb94e9,17a053fcb14bd219540cbde0df490be0,2017-09-08 02:45:40,259.9,34.07
59abaffabcf78a9b635f9c5f16a8cee3,1,233284251960ee2c45f3bc9e68731630,8e6cc767478edae941d9bd9eb778d77a,2017-08-09 03:05:09,24.9,17.92
59aeb2ec44b9400fafd0b59e842959d1,1,938f95c14baec1a1fd57ce55ab5a8af5,95e03ca3d4146e4011985981aeb959b9,2017-09-01 19:30:14,100.0,21.1
59b8a01e16359f7855eb1fc04091ca08,1,2de8789bf8abcd2f6c7866f9429b1986,35fb511489d9ee3ee27a76debce9df06,2017-08-22 17:45:16,64.0,16.89
59d02be1c50fb6e6930cafd6ff6a31e5,1,c4baedd846ed09b85f78a781b522f126,a1043bafd471dff536d0c462352beb48,2017-09-05 14:30:11,120.0,34.2
59de12363514fbd1aca1eeb1b39816a8,1,87b7dd1206b94ab75b6d45bbe487b24c,17e34d8224d27a541263c4c64b11a56b,2017-08-29 17:10:26,173.42,27.75
59e620de44dd8540fc9e5c40d5e4ff71,1,48633254f8b7b802b1ca8c4f4dcf3e33,8c16d1f32a54d92897cc437244442e1b,2017-08-25 17:06:22,44.9,25.63
59edcce6e0c1bcbf94a3c4bc23950e6b,1,4c66239e4d8cc4dc99335ecae8218294,d20b021d3efdf267a402c402a48ea64b,2017-08-18 13:24:05,46.99,12.69
5a19541418a06483600ae1e9a751d61a,1,4fcb3d9a5f4871e8362dfedbdb02b064,8581055ce74af1daba164fdbd55a40de,2017-08-18 17:45:28,143.8,23.33
5a3483866ae86e48df2c0da23f2684f2,1,9aedf557945e816d48539ee56293f860,53243585a1d6dc2643021fd1853d8905,2017-09-04 20:44:21,1100.0,37.11
5a40c1e92e3512536d5910f21f5e1856,1,4107fe37acd2074de27143fa85966f67,7c67e1448b00f6e969d365cea6b010ab,2017-08-31 23:25:09,43.99,11.85
5a40c1e92e3512536d5910f21f5e1856,2,4107fe37acd2074de27143fa85966f67,7c67e1448b00f6e969d365cea6b010ab,2017-08-31 23:25:09,43.99,11.85
5a40c1e92e3512536d5910f21f5e1856,3,4107fe37acd2074de27143fa85966f67,7c67e1448b00f6e969d365cea6b010ab,2017-08-31 23:25:09,43.99,11.85
5a43808d42753320e279399cef4c3282,1,38f6f11c49e90b02571dea02043c9e3a,77530e9772f57a62c906e1c21538ab82,2017-08-21 03:30:44,49.0,15.1
5a43808d42753320e279399cef4c3282,2,38f6f11c49e90b02571dea02043c9e3a,77530e9772f57a62c906e1c21538ab82,2017-08-21 03:30:44,49.0,15.1
5a4ae77af140c48f0cd65b631bdcb342,1,11875b30b49585209e608f40e8082e65,669ae81880e08f269a64487cfb287169,2017-08-11 15:10:13,65.0,42.48
5a50ee4e7bf3b3bf306a1c3f19a1a885,1,d6160fb7873f184099d9bc95e30376af,53243585a1d6dc2643021fd1853d8905,2017-09-05 18:07:58,1200.0,50.81
5a63a60ea2852393994270157cd61e0a,1,d7d5562fce331ad958ca6f57057b3526,7a67c85e85bb2ce8582c35f2203ad736,2017-08-17 02:45:50,59.99,17.67
5a7ffcbbc09f58743ab1a760ebfead54,1,0cd0a2334c30b335c4a4e73205bfd366,dc4a0fc896dc34b0d5bfec8438291c80,2017-08-16 22:23:53,233.35,22.12
5a94fd90d3f89448e9e870e7cec75c52,1,d285360f29ac7fd97640bf0baef03de0,01ed254b9ff8407dfb9d99ba1e17d923,2017-08-16 21:30:17,339.0,17.12
5aa07c882829a16d874ae4f8538504e1,1,0aabfb375647d9738ad0f7b4ea3653b1,37515688008a7a40ac93e3b2e4ab203f,2017-08-23 03:05:59,19.9,15.1
5aa16b50755d8657183ae7ea1a74543b,1,d017a2151d543a9885604dc62a3d9dcc,6560211a19b47992c3666cc44a7e94c0,2017-08-28 03:50:23,49.0,7.78
5ab1b7017955abafee1aaf11eb8a8105,1,5450ae624c196f64c291a61b12ffa3ee,70a12e78e608ac31179aea7f8422044b,2017-08-28 04:16:13,29.0,11.85
5ad7d897998f9bab0176a1c82b7437ea,1,4660d9b4ae2a49dc7a5cac39499b204b,7ddcbb64b5bc1ef36ca8c151f6ec77df,2017-09-01 20:25:37,76.99,14.29
5af72703d4208ea6a92351eb9806b4de,1,17d8b8e9c21ec0fc5b33724e32fe422e,d2374cbcbb3ca4ab1086534108cc3ab7,2017-08-22 22:05:16,65.9,12.8
5b0cbe028ba75896dcef147e3cfaae1b,1,8ee57a1f636eb2e009706bbdb0818ecc,431af27f296bc6519d890aa5a05fdb11,2017-08-16 14:10:17,39.9,12.69
5b362ea8f021e5d7e02100d4ae069424,1,3d82497d58f46e57e5fdb6cd68a03a2b,8b28d096634035667e8263d57ba3368c,2017-08-23 02:55:39,59.8,15.17
5b491297893cc6ff027713e3b2023461,1,ba9265216c522801fe15027496aade98,7142540dd4c91e2237acb7e911c4eba2,2017-08-10 13:45:15,59.9,17.67
5b50a37bcb60ebf07ba7013df48b11c4,1,5d66715cc928aadd0074f61332698593,128639473a139ac0f3e5f5ade55873a5,2017-08-25 15:45:50,18.9,12.48
5b53d1ab227e420c40de3c82fe53e46e,1,7686fe49c98ae1c537b5cc51992f5d20,9d5a9018aee56acb367ba9c3f05d1d6a,2017-09-06 17:25:16,172.33,26.49
5b936ab56019f1650defd8eb181bfe6d,1,31c50827b6b5d0f51d61c8b2aa98f6e6,7a67c85e85bb2ce8582c35f2203ad736,2017-08-10 17:10:13,129.99,13.93
5b96009a71dc5fabbf4c35fd228e8863,1,3c4223262d31fa35043380da246fb0fa,cb3dd9ce66268c7a3ca7241ac70ab58c,2017-08-25 03:26:14,58.9,9.34
5ba2971983dbd7066539c01bcaad029d,1,82c3ea364e5480f335f6743ee725a921,70a12e78e608ac31179aea7f8422044b,2017-08-31 03:15:43,25.0,11.85
5bc3c1d26ebbefdc9c1443781a92aa52,1,f4f67ccaece962d013a4e1d7dc3a61f7,8581055ce74af1daba164fdbd55a40de,2017-09-08 02:50:24,241.1,31.53
5bc78a286b07fd8ad2198daf226ec008,1,7fb04722aba7a2b632bac8f9819796f3,f3b80352b986ab4d1057a4b724be19d0,2017-08-31 18:15:16,79.0,18.79
5bcf5ca118d9e81440bf98e26c943255,1,81dba264e2c91829b19c58fa6eb33072,77530e9772f57a62c906e1c21538ab82,2017-09-04 04:31:04,49.0,15.11
5be7a00f3302bbc55973ecf0d9322ba8,1,c8d415e06ebd7a37c7a5b4a18641ca11,cbd996ad3c1b7dc71fd0e5f5df9087e2,2017-08-14 03:03:23,43.48,11.85
5bf333c26f367c6992c8c4eff042bb4b,1,ea44caac707f7f1325182a538007f838,855668e0971d4dfd7bef1b6a4133b41b,2017-08-18 04:04:18,50.0,17.6
5bf84aad38881827341f99a74df1b2be,1,bbaef2eadf31fe3ea6702077398be06c,cc419e0650a3c5ba77189a1882b7556a,2017-08-08 12:03:16,56.99,25.68
5bf8d66f260e15878a0e458ba4f33158,1,f3a67aed340d9b5f218c2d177cc720e3,86ccac0b835037332a596a33b6949ee1,2017-08-25 12:55:19,53.7,15.13
5c0b275c61d766ad137bc3a1627ce777,1,62ca5c25d64eb6e83232fdb4203df305,cf2384dd2f1dddea3f838efed0945e65,2017-08-09 17:50:19,125.9,29.92
5c12a7dbc8a84fd45bcd6c752b0f39c7,1,7f55769896fc6596e7251490b8b5e536,8a32e327fe2c1b3511609d81aaf9f042,2017-08-21 00:55:13,39.99,14.1
5c19570470dcab18cd18b1cd390c042c,1,9b9d1c4bd979b93c138044e032f99780,7a67c85e85bb2ce8582c35f2203ad736,2017-09-01 14:04:52,99.99,6.95
5c19570470dcab18cd18b1cd390c042c,2,83b00325c13c44245b2c3a2befa62a0e,ad781527c93d00d89a11eecd9dcad7c1,2017-09-01 14:04:52,159.99,55.57
5c1daa9abdfcc8ffc4ae2439d37f331a,1,7af541d714ea3db608971a40b8f507cb,05f51e13da97139648b8125c31e5f51b,2017-08-27 22:06:55,419.9,41.87
5c25baef0771109ddfe73e4c91f68cd4,1,dca8cbb1c9d8a2db0fbc0c36b8d1a7bc,6560211a19b47992c3666cc44a7e94c0,2017-08-31 17:55:11,89.0,14.37
5c2989919c369ef67197ecb7a2e4c4ba,1,06c6e01186af8b98ee1fc9e01f9471e9,fc906263ca5083d09dce42fe02247800,2017-08-22 08:24:55,39.9,15.1
5c3fea426d4b4c9ed8180d9ade4da887,1,72aa1e49a803b462fd0a83071c894e7b,4e17c65a516f69d023a2ae78b84f28d6,2017-09-27 02:35:50,199.0,16.15
5c5498d2fc63858d7ce6ba37c49bbbb4,1,c045b19fdb30a3035c56d04c6fe2e622,259f7b5e6e482c230e5bfaa670b6bb8f,2017-09-04 20:50:18,54.9,13.08
5c5a4d0be78ff48f67dd7f81fd56d905,1,389d119b48cf3043d311335e499d9c6b,1f50f920176fa81dab994f9023523100,2017-08-24 08:45:15,59.9,17.67
5c691ba7fb954b25c03ed3008a591952,1,c6ea63369936552872ae890c82175b4b,37be5a7c751166fbc5f8ccba4119e043,2017-08-10 08:55:10,205.0,18.14
5c718680646ca12b84c0a2444a419672,1,f7a17d2c51d9df89a4f1711c4ac17f33,f8db351d8c4c4c22c6835c19a46f01b0,2017-08-31 16:04:38,54.9,11.88
5c8250700f5fff8bf98e46213e830850,1,87a9ce65cf1cfe4f8a81d3c25f0b8874,66dc1b1632bd6a3e508510c5b3492107,2017-08-31 20:46:07,59.99,15.17
5c87df1bf58be29c3a7f6d8c8ef5648d,1,c09fe7511f6db515d3738a84225ae39d,8581055ce74af1daba164fdbd55a40de,2017-09-03 22:24:34,89.0,7.88
5c959c1b3e28ba4e981471f98941585b,1,cd373a878995ba438485406bc10d9c69,25e6ffe976bd75618accfe16cefcbd0d,2017-08-15 23:05:16,42.0,15.1
5c966af20bdad2fc92140be537e76912,1,7d50930301709838d8e90dcac5cfaa84,9616352088dcf83a7c06637f4ebf1c80,2017-08-28 02:35:29,59.9,17.99
5ca9ca0cbc0ad4efc5f2d26283139d03,1,4eeb3431ff29b8867d4f7b817c298a81,4e922959ae960d389249c378d1c939f5,2017-08-15 18:43:28,75.0,15.28
5cb2fb75350ea85361db1b3b7bd2495c,1,7488482ecdc1096af0d1f23338dbdb4d,da8622b14eb17ae2831f4ac5b9dab84a,2017-08-24 02:16:02,64.9,15.2
5cc52573e9c54f9546ad4e8fa7183c69,1,5ae533eac9c0e93b3f89bc9aea079ed9,e7d5b006eb624f13074497221eb37807,2017-09-04 04:30:49,35.99,15.1
5cca24359ca7443aa609e17be46a0990,1,1f9a992e9e20d544dead76bd2a0560f9,8444e55c1f13cd5c179851e5ca5ebd00,2017-09-04 02:50:07,99.0,15.44
5cd95f0cc60ce2902bb618921d212463,1,adbcfc3bef885f1c3f1e1335fe32e45f,0432ead42b6c8a0bdf68154add917fdf,2017-08-17 16:45:12,89.9,7.88
5cd9658ba9e8ad15b491928fd7ec370d,1,605050407239c811cf987c99fbabaf4d,3504c0cb71d7fa48d967e0e4c94d59d9,2017-09-05 19:55:20,24.9,11.85
5cf6b83ea7ea941824c64e4933f5efb4,1,6d43aa08ee344527fc3e86b90cfd2379,3d871de0142ce09b7081e2b9d1733cb1,2017-08-09 08:55:18,89.0,17.87
5d0c01136dc9fc77030a514d40b3d37b,1,99a4788cb24856965c36a24e339b6058,4a3ca9315b744ce9f8e9374361493884,2017-08-17 00:45:14,89.9,12.13
5d3e4ac414939dae23da8aa3aa80bcb7,1,b66270a5d5b3a8585f8314b2f14420fb,e9779976487b77c6d4ac45f75ec7afe9,2017-08-17 15:25:09,49.89,10.06
5d3e4ac414939dae23da8aa3aa80bcb7,2,438b5ad4eda7949fae4a4b834a69bcd6,c3867b4666c7d76867627c2f7fb22e21,2017-08-17 15:25:09,41.0,10.06
5d3f17189564c02461ad6f05854bb5a3,1,d75a0171edd3ca57da180fea05c00485,7142540dd4c91e2237acb7e911c4eba2,2017-08-07 18:05:18,59.9,13.44
5d4e56918ccde2aa7e18e48d3042fc6d,1,52b3af7304d611855714d9b3d1724ea7,4a3ca9315b744ce9f8e9374361493884,2017-08-20 22:50:14,48.9,11.85
5d4ef7be8a0a3d0f0991bfc92e6bce32,1,7340a3839a1de1e99d149b8cf052a2ec,4a3ca9315b744ce9f8e9374361493884,2017-08-15 15:10:15,69.9,15.24
5d5e9e184c593883202d0e72186eeec5,1,82f57f97ebc983ae3eb96fe5bb9d9be6,4ebdc7e6cd6102a022dadc49156d4ea8,2017-08-31 14:05:47,34.9,9.34
5d636e00c8235b39e3149dd8ddc949b8,1,e5f4167c170ccd8777cbf51841b6f7f3,7722b1df1b0e383e000397b2c11e3e19,2017-08-16 03:24:17,67.9,15.23
5d63bb487d989ba0efdbe1ff166bd38b,1,416fba9ef5d1150086cac6feae860c7e,35857757f553273b1056c1cabdace7fb,2017-09-05 18:30:14,54.9,16.01
5d667669da71ab257891582b76d37194,1,d3d2f358e7e92dbbbc0a37d0b7435253,b335c59ab742f751a85db9c411a86739,2017-09-12 20:30:12,139.9,21.47
5d74b3ad92a846bb883841ab6a20d629,1,35afc973633aaeb6b877ff57b2793310,4a3ca9315b744ce9f8e9374361493884,2017-08-31 02:24:36,89.9,13.65
5d74b3ad92a846bb883841ab6a20d629,2,99a4788cb24856965c36a24e339b6058,4a3ca9315b744ce9f8e9374361493884,2017-08-31 02:24:36,89.9,13.65
5d8614cc1b5fa0f33976b87215bbdb0c,1,1d8cb1d3317a3090bc73ecde425d334c,7202e2ba20579a9bd1acb29e61fe71f6,2017-08-23 22:25:13,399.9,17.55
5d8b449936e528d0d68ca11c6e42a224,1,88dd63919fc9ab693803578a04a20209,7ddcbb64b5bc1ef36ca8c151f6ec77df,2017-09-04 05:32:11,39.99,11.85
5d909102ebc265d8d1dbb49204b5757a,1,6ae3f85f46a37844372252496c77b4d8,53243585a1d6dc2643021fd1853d8905,2017-09-08 02:30:22,180.0,18.54
5d9d34ab320a65d476024f1146155415,1,eb45e95b37dfceebc7b740688cff3686,8444e55c1f13cd5c179851e5ca5ebd00,2017-08-30 02:11:57,829.0,18.82
5db2ef66c9c43c3ede53f72e6d10760c,1,a7c82583dc20dc8caa7b88a98b8f3cd5,b4ffb71f0cb1b1c3d63fad021ecf93e1,2017-08-23 17:10:21,61.9,15.19
5dc05f32211efb743fde17f226adfb6b,1,46b48281eb6d663ced748f324108c733,dd7ddc04e1b6c2c614352b383efe2d36,2017-08-21 16:35:13,84.9,11.8
5dc60558e06256f411fff50ee8e785ca,1,137ecfd76c78e5b4471f0e9b3c63cdbe,0ea22c1cfbdc755f86b9b54b39c16043,2017-08-30 22:30:17,19.9,14.1
5dcc65f0f55ef1d3cfe2d7c90349e23c,1,b3b0bce74668bf355cbd94db1e4d17b9,8c16d1f32a54d92897cc437244442e1b,2017-08-21 03:31:24,24.98,15.1
5dce18dea2c3c74b35fa3baadf7a24e5,1,6c0405ea1704f19465d1dc6314b1a9e5,2138ccb85b11a4ec1e37afbd1c8eda1f,2017-08-23 14:45:18,18.99,15.1
5dd475df54a16b721167533c01080103,1,35afc973633aaeb6b877ff57b2793310,4a3ca9315b744ce9f8e9374361493884,2017-08-08 17:35:22,89.9,12.13
5dd757355fed8ec589b18d6d5c47e6a2,1,50b82b74dfaf7b1e257d85b3e58bb977,4371b634e0efc0e22b09b52907d9d469,2017-08-17 17:25:11,10.0,7.78
5ddf0e8fc807d25c638fe981189bb8db,1,1de1332e38dc2f575edfeae165edea4e,4a3ca9315b744ce9f8e9374361493884,2017-09-08 04:35:43,135.0,12.45
5dec867c649c22f1fb46168c96488ba7,1,391a014a66920fa0ce468319264e0232,ce27a3cc3c8cc1ea79d11e561e9bebb6,2017-09-11 02:24:47,129.9,9.1
5e1b4875a5df5a3743b84762d92d5268,1,601a360bd2a916ecef0e88de72a6531a,7a67c85e85bb2ce8582c35f2203ad736,2017-08-16 14:30:09,118.99,17.08
5e23655bee02f45b9a3f47282ad61b17,1,a412a4cce5810a2d4fc9ce36664a929b,8581055ce74af1daba164fdbd55a40de,2017-08-30 21:31:54,75.0,12.07
5e23655bee02f45b9a3f47282ad61b17,2,c69ee3d090e5c25f7e8633b164fc001b,8581055ce74af1daba164fdbd55a40de,2017-08-30 21:31:54,90.0,14.19
5e292fb98b7d86213aea4a9bd5681a42,1,d2bea3c01e172037caa99b2d138f39d0,9674754b5a0cb32b638cec001178f799,2017-08-23 02:50:27,18.9,16.11
5e2c1da37a5a687a068bce41d8b56904,1,e7e0728e9e488b0a67ef4d95e98ee4c8,13d058e4eeac2ce8217660b2f8a05812,2017-08-17 20:23:28,209.99,32.5
5e3081d115ec0e1e17b02019e4330d61,1,e54f264ebcdf353273544c6cc18de83f,cd06602b43d8800bd0afad514919d35c,2017-08-24 18:35:04,222.19,26.01
5e3081d115ec0e1e17b02019e4330d61,2,e54f264ebcdf353273544c6cc18de83f,cd06602b43d8800bd0afad514919d35c,2017-08-24 18:35:04,222.19,26.01
5e362b5d60f22cf39bb6066118c31fae,1,6109d0cae3bcb57d579bc0fab6e61814,dbc22125167c298ef99da25668e1011f,2017-08-14 20:30:19,85.9,38.15
5e437aa4ed75f875937a1df3a2f41422,1,6c3effec7c8ddba466d4f03f982c7aa3,37515688008a7a40ac93e3b2e4ab203f,2017-08-21 08:25:13,19.9,15.1
5e5e51997f0e3a46166b7f5dcc32dd35,1,5215505db2113a032810c3644c346a38,6560211a19b47992c3666cc44a7e94c0,2017-08-16 23:55:17,99.0,12.19
5e7065baa52b81a3e58f90a5d1ef35c4,1,601a360bd2a916ecef0e88de72a6531a,7a67c85e85bb2ce8582c35f2203ad736,2017-08-14 19:55:17,118.99,18.08
5e71f5832e566171d43c90da65f506c4,1,d5991653e037ccb7af6ed7d94246b249,25c5c91f63607446a97b143d2d535d31,2017-08-30 03:06:19,144.95,18.26
5e71f5832e566171d43c90da65f506c4,2,d5991653e037ccb7af6ed7d94246b249,25c5c91f63607446a97b143d2d535d31,2017-08-30 03:06:19,144.95,18.26
5e71f5832e566171d43c90da65f506c4,3,d5991653e037ccb7af6ed7d94246b249,25c5c91f63607446a97b143d2d535d31,2017-08-30 03:06:19,144.95,18.26
5e71f5832e566171d43c90da65f506c4,4,d5991653e037ccb7af6ed7d94246b249,25c5c91f63607446a97b143d2d535d31,2017-08-30 03:06:19,144.95,18.26
5e71f5832e566171d43c90da65f506c4,5,d5991653e037ccb7af6ed7d94246b249,25c5c91f63607446a97b143d2d535d31,2017-08-30 03:06:19,144.95,18.26
5e71f5832e566171d43c90da65f506c4,6,d5991653e037ccb7af6ed7d94246b249,25c5c91f63607446a97b143d2d535d31,2017-08-30 03:06:19,144.95,18.26
5e73dbeacaf58a36b0b285b218313792,1,368c6c730842d78016ad823897a372db,1f50f920176fa81dab994f9023523100,2017-08-11 11:50:13,59.9,13.44
5e863f29e65de81c292dea95ec7782f2,1,6814dd9a0fcc3213534377d08d8a24fa,004c9cd9d87a3c30c522c48c4fc07416,2017-09-06 09:15:11,82.99,28.98
5e8752fb422500b68d03de8db7555dc6,1,0a783d7ce18a37749c3a059cf829564b,7e1fb0a3ebfb01ffb3a7dae98bf3238d,2017-08-17 04:24:42,168.0,17.62
5ea01f5660c8d089b604b2d1ddaab334,1,d017a2151d543a9885604dc62a3d9dcc,6560211a19b47992c3666cc44a7e94c0,2017-08-21 03:55:22,49.0,7.78
5ea0a482c758f0cbbcc6b10b0962a6a9,1,f1c7f353075ce59d8a6f3cf58f419c9c,37be5a7c751166fbc5f8ccba4119e043,2017-08-14 11:35:16,200.0,48.84
5eba2c8978f62793868d93d38ea70269,1,368c6c730842d78016ad823897a372db,1f50f920176fa81dab994f9023523100,2017-08-21 03:50:13,59.9,17.67
5ebde480e2defdfbc67474e5a8fb8520,1,413487e44799807551e6b3f305ec1593,e26901d5ab434ce92fd9b5c256820a4e,2017-08-17 23:10:23,89.9,12.13
5ed0ef9993cc883d89e624dbb08fb74f,1,951098957e7871bfeab769de5e3871a8,710e3548e02bc1d2831dfc4f1b5b14d4,2017-08-07 20:27:25,149.99,14.07
5f00e80d3b9ae5d8410469f9f0ffd1bb,1,604b7e43b1486fa582ff64b375a5ff4b,4d6d651bd7684af3fffabd5f08d12e5a,2017-09-06 13:24:15,119.9,13.86
5f01dcad71ad545ba83a3bd4df58d6a1,1,5f504b3a1c75b73d6151be81eb05bdc9,834f3294fba9f932f56edc879193f925,2017-08-17 15:46:17,572.0,37.27
5f0b0782790ceb15a39a61c73e13df9b,1,ef7f9080df1ef631941928033aa7b515,aba1721a889e04decc910aa13b768ef4,2017-08-29 02:51:14,33.0,7.78
5f216fa78a2bb7be5bc7468efd986ed3,1,f1c7f353075ce59d8a6f3cf58f419c9c,37be5a7c751166fbc5f8ccba4119e043,2017-08-16 21:55:13,200.0,15.01
5f2a70479467ace7fca14db6d059eea1,1,c2fb73db15e28aa021dcf7b2856fef27,adbc26658d6c7b4b6219f9d934598091,2017-09-01 11:55:14,130.0,17.16
5f2f7f1d1bdd3ca990d45003f8f3c522,1,b368894280326461c8e42db35683af5c,d91fb3b7d041e83b64a00a3edfb37e4f,2017-08-30 23:50:13,82.8,34.38
5f358d797a49fe2f24352f73426215f6,1,63d6e7ab30f482382c9dfbbccae7da54,b2a6d334e2833acea353624840e25a0e,2017-08-16 14:23:36,68.89,8.72
5f49f31e537f8f1a496454b48edbe34d,1,d4a3b5aa064bf44e74f1e71862bea22a,57c764b4a836300be881e2ff86e449f9,2017-08-30 11:45:25,9.9,3.05
5f49f31e537f8f1a496454b48edbe34d,2,be03d93320192443b8fa24c0ca6ead98,3504c0cb71d7fa48d967e0e4c94d59d9,2017-08-30 11:45:25,46.8,67.7
5f5a9ba3e0190ff4773314db075b930d,1,c9f9bd4084bc85b95e01d21218e3e85d,c3cfdc648177fdbbbb35635a37472c53,2017-08-30 19:55:47,49.9,9.74
5f67873cb4b18c98b9f2015eaae0a752,1,7d50930301709838d8e90dcac5cfaa84,9616352088dcf83a7c06637f4ebf1c80,2017-09-01 03:05:22,59.9,16.18
5f6e8cf3a5b3483cae7889fc3f452e4c,1,c6dd917a0be2a704582055949915ab32,7a67c85e85bb2ce8582c35f2203ad736,2017-08-29 18:30:14,99.99,17.95
5f71bc83356f39cf9e9b8004f39a989a,1,10cdbbacd25110d10f8cbe925ea7853f,7c67e1448b00f6e969d365cea6b010ab,2017-09-06 10:44:56,199.94,41.79
5f7577cc4d04d08a6edae39a0b96e281,1,bbaef2eadf31fe3ea6702077398be06c,cc419e0650a3c5ba77189a1882b7556a,2017-08-11 02:55:36,56.99,14.15
5f77756df7ee84e204c730c024312542,1,4ac218f276a40201c282dd01401e9bd8,e9bc59e7b60fc3063eb2290deda4cced,2017-08-25 17:25:35,195.9,14.39
5f77756df7ee84e204c730c024312542,2,4ac218f276a40201c282dd01401e9bd8,e9bc59e7b60fc3063eb2290deda4cced,2017-08-25 17:25:35,195.9,14.39
5f79e2da24a52e76bc22897df03a7901,1,e54cb69cc7bf5d21921991aae48501fb,cce6ab8d1682639fe45ab70234f1665f,2017-09-04 13:30:19,40.0,17.6
5f7c5a387a87c6c7a3fefa36dc21929a,1,8adde8ed66e628e94f29b9832156ab08,d20b021d3efdf267a402c402a48ea64b,2017-08-08 16:35:25,46.99,16.11
5f890a619c8d23b671705de61578d238,1,9c7c72948a0e56fdaa07985b71dffe18,59b22a78efb79a4797979612b885db36,2017-08-31 20:44:51,26.9,25.63
5f95f5f78f509a3af5a6c83d81c1117f,1,2b7f2a7cf1025b94bc5dc6c28746beaf,3771c85bac139d2344864ede5d9341e3,2017-08-15 04:31:33,52.8,15.12
5f9b8704ad096052823d6e006cf03443,1,0bb7cb61f1957f79dac582ab66ccdc1f,e26901d5ab434ce92fd9b5c256820a4e,2017-08-24 04:10:06,23.9,9.34
5f9b8704ad096052823d6e006cf03443,2,0bb7cb61f1957f79dac582ab66ccdc1f,e26901d5ab434ce92fd9b5c256820a4e,2017-08-24 04:10:06,23.9,9.34
5fa07dc6decfe46fc927c21aa315c87c,1,0d0325657335ef73f845233387b378ae,44073f8b7e41514de3b7815dd0237f4f,2017-09-04 17:15:19,54.0,15.82
5fa37b0775f5467f987580b059bce54a,1,d6160fb7873f184099d9bc95e30376af,53243585a1d6dc2643021fd1853d8905,2017-09-06 13:45:34,1200.0,27.89
5fab32eda80bc8ab834f55e18bdc1b8c,1,7c2d0df8e5fbfa71d54a400b33a8502e,7e1fb0a3ebfb01ffb3a7dae98bf3238d,2017-09-06 02:35:25,76.9,12.04
5fba7c57daf631028d2a584c52799e24,1,422879e10f46682990de24d770e7f83d,1f50f920176fa81dab994f9023523100,2017-08-10 03:03:27,59.9,13.44
5fbf3a364c57e553f502c5ee2a388da1,1,d017a2151d543a9885604dc62a3d9dcc,6560211a19b47992c3666cc44a7e94c0,2017-08-17 12:04:07,49.0,14.1
5fbf5069e1db9d79733184b67a576c4d,1,9ddefe6012ab29194435ee63df2779a1,282c7480173bb9c01dd41cc739fec010,2017-08-21 03:32:00,69.9,3.38
5fbf5069e1db9d79733184b67a576c4d,2,61937887eb6ee0b405a5759756426486,282c7480173bb9c01dd41cc739fec010,2017-08-21 03:32:00,819.9,84.58
5fbf5069e1db9d79733184b67a576c4d,3,802e849764db04b055b0cb2c12022d32,282c7480173bb9c01dd41cc739fec010,2017-08-21 03:32:00,79.9,16.92
5fbf5069e1db9d79733184b67a576c4d,4,83294cbb80def7b3b28087e0d2078d8a,282c7480173bb9c01dd41cc739fec010,2017-08-21 03:32:00,44.9,3.38
5fc11d4514927a1edf8fe4cfc66415b1,1,aad0c94aa869497ef036b7549451134b,46dc3b2cc0980fb8ec44634e21d2718e,2017-08-17 08:50:22,39.99,14.1
5fc64d4205c6a465db774fa064e4107d,1,343ebd86f51d5d5dc72592030d0ef74e,3dbbce181edfaa4a597ec858c382d2ec,2017-09-05 02:16:17,32.0,15.11
5fc65d39393a0107a062195fdc96ad34,1,92db64b9fbf288bcf880be1fdd53f78e,7a91bf945c6fae0779f1c61ce97fe45c,2017-09-04 19:26:20,164.9,12.61
6003757adfc0188f4685e56a3b0084a5,1,99fb0293e181af6a2b692fef4ddac420,4305fe92735c8a43d154ff6dd2b8d927,2017-08-31 20:00:16,139.9,15.73
601aeff176a15b40925c874c87b0cc16,1,bbaef2eadf31fe3ea6702077398be06c,cc419e0650a3c5ba77189a1882b7556a,2017-08-18 09:43:45,56.99,11.9
6021e72cbaae84fabb1a8d6908d2e407,1,c6ea63369936552872ae890c82175b4b,37be5a7c751166fbc5f8ccba4119e043,2017-08-30 10:45:49,205.0,22.27
6022868452d819974c3e98f769a70944,1,c857b96593773e940454e76efa8eabb3,cca3071e3e9bb7d12640c9fbe2301306,2017-08-22 03:15:41,51.92,16.12
60456855835ba53877a944c0ae15357f,1,12e3a68b273ba72f5b5d7bbf73bd16be,febab0275244b9a49a623f0bd613ca2f,2017-08-23 16:55:22,37.4,11.73
6046bc15c899ee2dd06d1a235f9f61c9,1,11dcc970f7a5581e1bf777b6da3f7096,06579cb253ecd5a3a12a9e6eb6bf8f47,2017-09-01 14:55:23,69.9,13.51
605bef5cb70439384c5b53ecc7c38996,1,dc52f0f5d3ec37a93eaf956cde4e5d2c,6560211a19b47992c3666cc44a7e94c0,2017-08-11 20:43:06,49.0,21.15
605f2add48efc71a276d265b071695ba,1,fa23bf270fb9880690b07d09b9f9ff20,1b8356dabde1d35e17cef975c3f82730,2017-08-16 03:15:39,59.99,15.18
6061ccaeb9b3f4fd4b9a3eb220d1a3aa,1,006baa9a5b8f95895f15273a35bc2664,8f2ce03f928b567e3d56181ae20ae952,2017-08-21 07:32:47,99.9,21.19
60639cf6e21b03e84ac060960347b628,1,f0b23cf62b44c4cbd631ee45ccb8fc60,718539d38d07dd351c76db862760e2e2,2017-09-04 10:30:15,36.8,16.6
60671dbc6a3437884fe12844687b2049,1,c43ab4269cbf91b373263db4c2973cad,48436dade18ac8b2bce089ec2a041202,2017-08-18 13:05:16,48.9,17.92
60671dbc6a3437884fe12844687b2049,2,c43ab4269cbf91b373263db4c2973cad,48436dade18ac8b2bce089ec2a041202,2017-08-18 13:05:16,48.9,17.92
606f74161b904d7a1bd3ac18746368a6,1,98fdc6ec1dba6a058adc43e511493898,d91fb3b7d041e83b64a00a3edfb37e4f,2017-08-23 01:05:34,161.6,15.88
60a87e6c088c81605a4425ceffb2a043,1,63085bb4366ded27bcb63cbb59b4103a,5dceca129747e92ff8ef7a997dc4f8ca,2017-09-04 18:35:09,388.0,32.13
60b90d12b2451a3a055c8b86ad3478e3,1,7444882bfe46b728d7728bfcc49fd091,8cbac7e12637ed9cffa18c7875207478,2017-08-14 18:05:18,26.3,16.79
60b937da90f851b4fb55afb5d59d460b,1,1a4abdf8e4e0329e516e6e55260bb1d7,1127b7f2594683f2510f1c2c834a486b,2017-08-09 17:35:17,25.59,11.85
60c484e55dcb7815f7be74c8018560ca,1,3879913e3a462abe3be99c14310898b5,fa1c13f2614d7b5c4749cbc52fecda94,2017-08-08 17:45:14,199.9,8.65
60c5f920621dfaf30c3829088dccfb26,1,488f6ad202b2656d346498ec03963de1,dbc22125167c298ef99da25668e1011f,2017-08-22 02:45:12,43.9,13.37
60e6f7ddb40a12b4b2b272b60f8db990,1,39ec33e08b0f9ffb9767b819f8588361,cb3dd9ce66268c7a3ca7241ac70ab58c,2017-08-22 04:25:42,30.99,19.84
60ead11db6b36221fe1424e330883a9a,1,af322f53ac46d23069c8ce5a98632cd7,827f8f69dfa529c561901c4f2e0f332f,2017-09-01 18:25:10,29.9,14.1
60f0f4f310904e1d0c7d41224fcb45d6,1,8c8cb3d0f2853c44cbf9561c7d93beaa,ef506c96320abeedfb894c34db06f478,2017-08-08 18:10:16,15.99,14.1
61074c7948c09364b80e2f7da862780c,1,42faf2e98f0486405f5dfac48e5cba7d,1127b7f2594683f2510f1c2c834a486b,2017-08-21 14:45:13,14.46,7.78
61102a4a6d41f03e2c98d15f372979e1,1,26d114f0b4f14f5e3b3db0e211019777,3481aa57cd91f9f9d3fa1fa12d9a3bf7,2017-08-16 16:30:20,86.73,24.92
612f068f7f21e8eb30c2747b98f5cd5d,1,0176bf7839ab4e611dc01cdc3ef6f4e4,12b9676b00f60f3b700e83af21824c0e,2017-08-16 14:45:23,199.0,21.79
6139511ae07bf8fb7011174557ce663d,1,99a4788cb24856965c36a24e339b6058,4a3ca9315b744ce9f8e9374361493884,2017-08-24 11:30:08,89.9,17.88
6139af649e0159b8129904b8bc5a869e,1,d7f8eef8e05a45371252e633bb4f570c,f45122a9ab94eb4f3f8953578bc0c560,2017-08-25 19:25:13,679.99,29.6
6149716112b7db1b76332e704d944cbb,1,d27ad56cae0ec64023ccd98a9f4e2500,3df020b72d3d44b3af9d110fa3940b65,2017-08-31 02:55:22,49.9,11.85
615ca9b2afeaf5644ae8cef64797132e,1,1dceebcc5f23c02ea23e16d5bedca000,4e922959ae960d389249c378d1c939f5,2017-08-17 04:25:31,45.0,16.11
615ca9b2afeaf5644ae8cef64797132e,2,1dceebcc5f23c02ea23e16d5bedca000,4e922959ae960d389249c378d1c939f5,2017-08-17 04:25:31,45.0,16.11
616f3163d12cbaf681d34413542802bd,1,747152211829957938862c1c57a30f16,eed78ac17f7f795a19a709745f00cd4e,2017-08-14 10:50:16,175.8,12.73
6173b12d20352050fd83d1a49eac065c,1,f8ca22f13e0b58c30e9a8822f20d9ba9,710e3548e02bc1d2831dfc4f1b5b14d4,2017-09-06 13:05:40,259.9,43.96
617e05cdbdab37c1b316a6305d76b3b8,1,72172e982e8b92155069e4201c92c0bb,e9779976487b77c6d4ac45f75ec7afe9,2017-08-30 21:51:07,37.49,11.85
617f3ac92b6ecb2e873e6075d9f936d7,1,ea44caac707f7f1325182a538007f838,855668e0971d4dfd7bef1b6a4133b41b,2017-09-04 09:35:15,50.0,17.6
61bfed38f9921edce07bf34cbbacf25f,1,08dc49f9b802f2e81c55f4b810bbf1f5,1ce3ae5a399804d1a87e706f8a813c3e,2017-08-09 14:05:35,69.9,15.24
61cfa60003f1d98a86cc3562f13b2ea0,1,d65b6607952f9e0d705b1cbdc92ac027,48436dade18ac8b2bce089ec2a041202,2017-08-15 16:05:21,44.9,9.94
61eb36486085131ba4b25409a0366ef3,1,bb0b9e9816a548820fce168271eaec29,50c9975695009e5e6473912e83a6d1da,2017-08-24 15:44:15,27.0,20.26
61f09a5c165d4739d93255570e4ca385,1,eaa26a34984cbfedc19b1e45f09f3c9a,18a349e75d307f4b4cc646a691ed4216,2017-08-30 21:45:30,86.8,14.36
61fe86ebf170d0ede54d8786d39effdf,1,48633254f8b7b802b1ca8c4f4dcf3e33,8c16d1f32a54d92897cc437244442e1b,2017-09-04 22:45:03,44.9,15.1
6209730c6423933d01443477bd2de8e8,1,389d119b48cf3043d311335e499d9c6b,1f50f920176fa81dab994f9023523100,2017-08-22 23:15:18,59.9,13.44
6216b939598157d2f16cdedf8997b83f,1,8d139b1550c8cc91a3babc9cfe9fc147,c9c7905cffc4ef9ff9f113554423e671,2017-08-17 04:15:20,55.0,16.15
621a8d2076a3738d27d6f6b2ad81a906,1,b9ee7519d0187d2389af62ba6c612963,78c99c6dff4eeae5be99bf635ed21e3f,2017-08-17 19:55:20,69.9,16.25
621ab070c6e1491f81eb9a8a8ccb0ea9,1,2c65cb7e002dd5aa378a903a98272c29,cca3071e3e9bb7d12640c9fbe2301306,2017-09-12 02:35:44,49.9,12.69
6241cda1675cb9e42e0a934f7c71812a,1,5aad359a63cbb4fc35ead44346a3eeb4,d20b021d3efdf267a402c402a48ea64b,2017-08-09 14:50:15,10.99,15.1
6246b1dea3285b192583bce8da02672d,1,aca2eb7d00ea1a7b8ebd4e68314663af,955fee9216a65b617aa5c0531780ce60,2017-08-13 21:43:01,75.0,16.16
625b0b3fa9345b547eac735d4f4257e7,1,22c5ddc22ea8cae84fc9917def682dc6,cc419e0650a3c5ba77189a1882b7556a,2017-09-04 02:04:42,56.99,8.72
626364b566711c4fb17291425360b470,1,3cb3bb626c59ddde2c270b33131b356e,2e1c9f22be269ef4643f826c9e650a52,2017-08-08 21:03:36,112.49,11.99
626bfd2125f3f8adca00903b10dc319f,1,40b09f33e646d488df2ca6fec4082d50,3d871de0142ce09b7081e2b9d1733cb1,2017-08-31 02:15:14,89.0,17.87
627ec9d00157748602229c9b1d3a4446,1,33210191b5878f3ffcb98ee93963da63,a3a38f4affed601eb87a97788c949667,2017-09-04 16:15:57,119.9,15.59
6291632d14ae01709d25b7f6cf2f46d7,1,f8d60c5ad1317240cc6138c3d50776b5,7e93a43ef30c4f03f38b393420bc753a,2017-08-28 13:45:49,799.99,14.41
629ee34cec78dd55cfc4ed143cac2c11,1,79a82118533f6b143505c6573c63f542,4c2b230173bb36f9b240f2b8ac11786e,2017-08-24 17:35:20,23.9,11.85
62af8efbe1211f527ab062c3b29d7f5f,1,0ac2a75d9c1e9688df3a7730a4ffad14,fc906263ca5083d09dce42fe02247800,2017-09-01 10:50:22,39.9,16.79
62eb512df70887fef619aef41c193429,1,dd2ab8097e36b7a1f348e87f9b22d09b,888faa8bfb0b159c37de6d898b961c31,2017-08-11 14:23:03,89.9,42.66
62ef0cbba07110a267fa4206fcfe7862,1,08574b074924071f4e201e151b152b4e,001cca7ae9ae17fb1caed9dfb1094831,2017-08-30 14:30:17,99.0,53.54
62f7289ebfb6bb8bcf133442c92558d4,1,7cee15aa6f33557c7056ba1fee542b79,f615fe7efbef0f4f08fd3086bc7a3e60,2017-08-25 17:30:24,69.9,16.38
62f7289ebfb6bb8bcf133442c92558d4,2,64315bd8c0c47303179dd2e25b579d00,7aa4334be125fcdd2ba64b3180029f14,2017-08-25 17:30:24,84.8,14.04
62f7289ebfb6bb8bcf133442c92558d4,3,8ef18e8943b9f07649b045b72df449cb,7aa4334be125fcdd2ba64b3180029f14,2017-08-25 17:30:24,96.99,9.36
633bd8dd4d19125b69aeee2526f79779,1,19f2a215792dd5e7cfdffacd9f3d2361,efcd8d2104f1a05d028af7bad20d974b,2017-08-25 15:55:20,39.99,15.1
6345437ab1ffa04f5a791c668934e196,1,c752f2bc46ad4b389290cf5828a1db62,a416b6a846a11724393025641d4edd5e,2017-08-28 11:15:12,39.9,9.34
634e8f4c0f6744a626f77f39770ac6aa,1,69d980b4120a76616d7b237d731d6156,744dac408745240a2c2528fb1b6028f3,2017-08-15 18:45:18,219.0,15.28
63773910895f35751c9a1eb0ba5530c9,1,f51dde119b9a90e3c7464f0cc45c0953,128639473a139ac0f3e5f5ade55873a5,2017-09-05 02:04:15,18.9,12.48
63abb9284ecee60580728402681f03eb,1,c58fc7dab2a718f8aa5522dd57c2b18d,d1c281d3ae149232351cd8c8cc885f0d,2017-09-06 10:25:07,130.99,18.17
63b0abee9c82e79c3b6e860d070f2c62,1,d6160fb7873f184099d9bc95e30376af,53243585a1d6dc2643021fd1853d8905,2017-09-03 21:55:23,1200.0,32.85
63b490210af6588f2cefc015579a923d,1,6a0713a63e990052795623e76cc2995e,d2374cbcbb3ca4ab1086534108cc3ab7,2017-08-23 14:05:22,72.9,12.85
63bd0403bf8eb2bb94cdcf79ce0e5ebb,1,060109450b2f49e4d5c4fdfd3d8ebc34,f8db351d8c4c4c22c6835c19a46f01b0,2017-08-17 00:30:13,20.9,11.85
63c0020ee1a88750c12f6632247b323b,1,4d38a4daf13a87012b73156f834afec0,41b39e28db005d9731d9d485a83b4c38,2017-08-22 16:50:32,29.9,9.34
63c0020ee1a88750c12f6632247b323b,2,4d38a4daf13a87012b73156f834afec0,41b39e28db005d9731d9d485a83b4c38,2017-08-22 16:50:32,29.9,9.34
63c10abe3e4a1cfbeda3cdde88766893,1,19b7148be60fb48eb30c7eb0431c1a8b,7ddcbb64b5bc1ef36ca8c151f6ec77df,2017-08-17 13:11:25,154.99,15.83
63c10abe3e4a1cfbeda3cdde88766893,2,19b7148be60fb48eb30c7eb0431c1a8b,7ddcbb64b5bc1ef36ca8c151f6ec77df,2017-08-17 13:11:25,154.99,15.83
63c10abe3e4a1cfbeda3cdde88766893,3,19b7148be60fb48eb30c7eb0431c1a8b,7ddcbb64b5bc1ef36ca8c151f6ec77df,2017-08-17 13:11:25,154.99,15.83
63c5f492ab4ee6c249acbb4cff61ae3f,1,d239ed6ed6dabbcbfd8a3b776e1ca50c,729f06993dac8e860d4f02d7088ca48a,2017-09-06 10:10:14,389.9,18.0
63ca01cc7002ee54c048868356eaffec,1,56d45b2c27871322801134f57d1b9dfb,d1c281d3ae149232351cd8c8cc885f0d,2017-08-09 21:23:37,163.99,21.64
63dd1232853b91debb2470c70da85dca,1,29427de7f8a9ee983d9dbc51cec569b4,7a67c85e85bb2ce8582c35f2203ad736,2017-08-23 19:55:21,99.99,17.95
63df4a3d0425e3dbe076e565dccb76b0,1,5b59b0c94f8e31d14fe89dbbfda3df6c,dd2bdf855a9172734fbc3744021ae9b9,2017-08-31 02:15:35,69.9,16.74
63e5ce05a132aa8375fcde048ad4482a,1,0c4e43e25f781898363a83f9a7390ebb,48162d548f5b1b11b9d29d1e01f75a61,2017-09-06 11:44:48,113.65,12.3
63f33355005859ddb3eee5b1a2c48747,1,aca2eb7d00ea1a7b8ebd4e68314663af,955fee9216a65b617aa5c0531780ce60,2017-08-08 13:25:13,75.0,13.08
63f33355005859ddb3eee5b1a2c48747,2,aca2eb7d00ea1a7b8ebd4e68314663af,955fee9216a65b617aa5c0531780ce60,2017-08-08 13:25:13,75.0,13.08
63f33355005859ddb3eee5b1a2c48747,3,aca2eb7d00ea1a7b8ebd4e68314663af,955fee9216a65b617aa5c0531780ce60,2017-08-08 13:25:13,75.0,13.08
63f977d58d0309c56e83b91b70693285,1,0aabfb375647d9738ad0f7b4ea3653b1,37515688008a7a40ac93e3b2e4ab203f,2017-08-25 09:55:13,19.9,11.85
6413bab2628f99100c492390a5a54231,1,422879e10f46682990de24d770e7f83d,1f50f920176fa81dab994f9023523100,2017-08-17 11:30:15,59.9,13.44
6413bab2628f99100c492390a5a54231,2,422879e10f46682990de24d770e7f83d,1f50f920176fa81dab994f9023523100,2017-08-17 11:30:15,59.9,13.44
6414e4e32a19c462fab11da3e3a03ac4,1,f51dde119b9a90e3c7464f0cc45c0953,128639473a139ac0f3e5f5ade55873a5,2017-08-31 11:05:36,18.9,16.79
641682198a3f69b843b8d88fd145b8de,1,9127a26242f9a9cfb2154f60f2dd5951,a416b6a846a11724393025641d4edd5e,2017-08-23 21:44:18,810.0,43.22
64186fc41dae6b5dcb3e6b743d4220a1,1,12c27e1b053851f5d71c8f551a4a724f,77530e9772f57a62c906e1c21538ab82,2017-08-15 16:30:11,148.0,14.77
64290a4b47a64cedd4ba0070cc9503aa,1,b1060f179d7f706565e347fbe00bf1b8,093805f8f2aeb63881444571e1f48f30,2017-09-06 20:50:13,36.0,8.72
642bbe453ce83b61eda0dcb53d3339d8,1,149e60a7a51b85a834c055f8025ae3e5,95e03ca3d4146e4011985981aeb959b9,2017-09-12 18:11:00,25.0,7.94
6490b668b6a0a9e14980564181095055,1,58e5c5c2d7966172afc6d5e125773d2d,5566627eab3fe93fd6ee08798226101a,2017-09-04 04:44:51,15.9,15.1
64b474e9995eb9740db3190013984b6b,1,c5edc6d6a54cbcc12367409391fdfc50,e63e8bfa530fb16910dd6956e592bb81,2017-08-11 09:34:07,29.9,25.63
64bea65441db4c3e2817c4986436a56e,1,145028037adecb27b1a58cf9597676cc,c26a2be5b53b7db6b276280da212a779,2017-08-30 11:30:11,399.0,10.54
64bf167fb87c4bccf7cbfde95d835ed5,1,7fab1a1472fdd934397068931f63f3ca,3d871de0142ce09b7081e2b9d1733cb1,2017-08-28 04:10:53,69.9,11.99
64c9c64b12678438c07b5ec6cc785976,1,7811ef9c6eed5bb33c3c6f9de751642f,d98eec89afa3380e14463da2aabaea72,2017-08-23 21:05:12,24.99,8.11
64fd78c83d0cab22a8284559075fbfb9,1,4e43377af2dd03dac8d7b4d0e889559a,5160d23075764e18e07c1f4a87fad743,2017-08-23 19:10:17,85.0,7.85
650301bf72680bf7f46369e5059b95e6,1,a6ad77b15e566298a4e8ee2011ab1255,1025f0e2d44d7041d6cf58b6550e0bfa,2017-09-01 02:50:23,31.8,15.1
6503586e6d752bdb3ebbd1607e6a714f,1,154e7e31ebfa092203795c972e5804a6,cc419e0650a3c5ba77189a1882b7556a,2017-09-08 04:26:10,23.99,14.1
6509ed1f01a321d9ae4958d09ef2038e,1,c28a5442f46310598b28385d68154a5e,5b8154610ebb21fb90eb587365e673df,2017-08-28 04:27:30,80.0,16.19
650ffb197b3906c90c24293d86fd0dd7,1,f288cae3916218ec01f708d093b29d4f,c8417879a15366a17c30af34c798c332,2017-09-07 21:35:20,107.0,14.5
6512b3c07826f1163a862a02d2f54351,1,99a4788cb24856965c36a24e339b6058,4a3ca9315b744ce9f8e9374361493884,2017-08-17 12:35:19,89.9,17.88
6529605bc64275a6d53b085062f39d98,1,601a360bd2a916ecef0e88de72a6531a,7a67c85e85bb2ce8582c35f2203ad736,2017-08-08 18:25:13,118.99,21.23
652a34a98deb42a4ce9408d3287a100d,1,b5c315fb01a02190500528edf520883f,6560211a19b47992c3666cc44a7e94c0,2017-08-10 02:10:06,59.0,7.78
653281347be8ac0f1f978b1b250d7350,1,1c6a5fd4bf0e4196dc0a20386c496bd3,b335c59ab742f751a85db9c411a86739,2017-09-12 12:55:21,109.03,16.52
65365d9994a1ed9d758d858e432d74ef,1,4123c46f0ed03bdd39d7d6d94bdbec00,2e1c9f22be269ef4643f826c9e650a52,2017-08-22 15:10:19,51.49,15.11
654ba98a499a03473f9780e5c7fc227b,1,35efb9f20785abb24313fa712efa8fdd,9e94fa26a70ede4d26226e918e8706a2,2017-08-10 03:23:40,62.8,9.94
65bb139b1cb6db9d99a350fa4a7d68f0,1,764292b2b0f73f77a0272be03fdd45f3,bd23da7354813347129d751591d1a6e2,2017-08-14 19:55:18,89.9,9.44
65bbd0719855fe808bb19f62dfa9f42c,1,d1c427060a0f73f6b889a5c7c61f2ac4,a1043bafd471dff536d0c462352beb48,2017-08-24 19:05:09,159.99,41.19
65bbd0719855fe808bb19f62dfa9f42c,2,c4baedd846ed09b85f78a781b522f126,a1043bafd471dff536d0c462352beb48,2017-08-24 19:05:09,120.0,33.46
65cec19435e12006a71190074e5eec64,1,389d119b48cf3043d311335e499d9c6b,1f50f920176fa81dab994f9023523100,2017-08-22 10:30:15,59.9,17.67
65cec19435e12006a71190074e5eec64,2,389d119b48cf3043d311335e499d9c6b,1f50f920176fa81dab994f9023523100,2017-08-22 10:30:15,59.9,17.67
65d519114847599fa70eb2575fc38a15,1,372645c7439f9661fbbacfd129aa92ec,da8622b14eb17ae2831f4ac5b9dab84a,2017-09-01 03:04:11,119.9,13.86
65d7e9625cc211f641191203e231ac24,1,99a4788cb24856965c36a24e339b6058,4a3ca9315b744ce9f8e9374361493884,2017-08-10 11:03:38,89.9,15.38
65d7e9625cc211f641191203e231ac24,2,35afc973633aaeb6b877ff57b2793310,4a3ca9315b744ce9f8e9374361493884,2017-08-10 11:03:38,89.9,15.38
65ebd0b456e1fc3533b4c0645a90b366,1,23c8673349e70f9408b2d15865532c53,36a968b544695394e4e9d7572688598f,2017-08-08 02:55:58,144.9,16.77
660023f633ebbca40bbf5962692b2411,1,04c4a4b9c924494fcf82e0fba966f955,86ccac0b835037332a596a33b6949ee1,2017-08-10 13:15:13,29.9,16.11
660f07387a59952dda6a3ec2377eafee,1,9a290f7a53618827319b1a927f1a62b4,48162d548f5b1b11b9d29d1e01f75a61,2017-08-24 18:05:16,312.0,32.93
6610d1b2f774539f028cc2850a795657,1,a92930c327948861c015c919a0bcb4a8,6560211a19b47992c3666cc44a7e94c0,2017-08-17 17:46:18,78.0,25.83
661db6fa562954c6c672ee765c51a014,1,f731f8587d4088c174397e010cf892a9,cc419e0650a3c5ba77189a1882b7556a,2017-08-31 14:26:56,56.99,14.15
662dd9cfb9338f3ac5ef63af393d7e32,1,2136c70bbe723d338fab53da3c03e6dc,6560211a19b47992c3666cc44a7e94c0,2017-08-31 19:35:16,29.0,14.1
66355bca3dfaa134e807687ade5d3330,1,716fce31a0173fb20b8b729d68f1446a,897060da8b9a21f655304d50fd935913,2017-08-22 11:30:28,167.0,24.52
66355bca3dfaa134e807687ade5d3330,2,3ce943997ff85cad84ec6770b35d6bcd,9c0e69c7bf2619675bbadf47b43f655a,2017-08-22 11:30:28,175.9,30.95
66388e4c9a0fc7c863a36fcbabbd2565,1,1083861ebae6fec08fdafe497cae7061,8444e55c1f13cd5c179851e5ca5ebd00,2017-08-24 01:30:12,106.9,17.19
6646c2a367068f9fc14a1346daec5db5,1,5176d8670222d50ebbe4d4c5dfba2b49,128639473a139ac0f3e5f5ade55873a5,2017-08-17 06:43:49,14.9,12.48
664aece086c0b955e71ee4f88965a565,1,2ddf9184f8aad1f832fdf5ecd1e53a17,0c7533c71df861ec58ad7ff999ed0e8d,2017-08-07 19:04:29,45.9,15.1
666a6228ea2363c308924bc929101d7f,1,aadae4da0b9feede5777009c5e1497d1,768de2a4fc06aacecb9a586ccc30746a,2017-08-30 14:26:49,32.9,15.1
666eb76141bb728bad22631162332455,1,154e7e31ebfa092203795c972e5804a6,cc419e0650a3c5ba77189a1882b7556a,2017-08-22 02:50:57,23.99,7.78
6673a474ff268f074301ad3a47143765,1,25f86162fee18735fffdb762dcb10d7c,1a3df491d1c4f1589fc2b934ada68bf2,2017-09-03 22:45:06,159.9,38.67
66866953330f81976a2adcd51f603560,1,8326a865712b71ff436aefafc04a4817,dbc22125167c298ef99da25668e1011f,2017-08-07 12:15:19,104.9,38.28
66867ff6f46277ae01fa031b8cf249b9,1,fb949f35bd1873f846cb7246d9db81b0,6edacfd9f9074789dad6d62ba7950b9c,2017-08-15 15:25:18,51.9,12.7
66a4f881071503b0efc571b88e98b201,1,f7a17d2c51d9df89a4f1711c4ac17f33,f8db351d8c4c4c22c6835c19a46f01b0,2017-08-24 17:04:52,54.9,15.13
66ae6acee37f14260ca1e5b716563c1d,1,389d119b48cf3043d311335e499d9c6b,1f50f920176fa81dab994f9023523100,2017-09-05 15:04:39,59.9,28.82
670f31d9ca85d0b5430d0dc8f1d843c0,1,ef8856db4e302ad33dc4d91e40f7593c,dbc22125167c298ef99da25668e1011f,2017-08-30 18:24:24,106.9,14.48
6730796e2413628c3e327fbc24177a44,1,e9ceb9123d3103b7ad293c168dd3a547,5f06030071324cc52bf0304014ac7234,2017-08-25 20:25:43,195.99,34.14
6730796e2413628c3e327fbc24177a44,2,5b2b72f58d212a6e4733884ef0ece564,dc4a0fc896dc34b0d5bfec8438291c80,2017-08-25 20:25:43,233.35,15.67
6731ed65e5a0e32dcaff875b46782434,1,3d36ef6c6d553500f4240920658689e3,46dc3b2cc0980fb8ec44634e21d2718e,2017-08-24 21:50:13,269.99,13.34
673414c4a1bf9b72b8b6ff0d9decdfc6,1,4a0297fe087bf3ab8e126936cef30a28,a1043bafd471dff536d0c462352beb48,2017-08-08 09:10:16,120.0,28.22
674507ad1e2b89ca471e872c4e8ef113,1,64464a1e471ff30f71b31bad5d656f83,4200ddf1967c5e41e48db62bc6d4b5ac,2017-08-30 21:44:14,16.9,14.1
6765f32bbfac1642b2e1132fabab5ce4,1,8466762a9393a2b2b1de73f3cf6081a3,1dcfa3835714681d4ba4a93bc1e0fd41,2017-08-20 22:15:18,79.9,34.36
6791e565e137a3933b0f7ba7fba46cf2,1,4aa6014eceb682077f9dc4bffebc05b0,b8bc237ba3788b23da09c0f1f3a3288c,2017-09-06 16:10:08,286.99,28.33
67b777d7aeb1fefbc4e88626f76955dd,1,21191f1db2fabc46b8ae34857a3b130a,218d46b86c1881d022bce9c68a7d4b15,2017-08-18 02:45:31,121.0,12.35
67c7a158005be379a21f733483dd43f2,1,1db2dfac4f8c0a4499f94838b3ee0628,4a3ca9315b744ce9f8e9374361493884,2017-08-28 04:27:05,66.9,11.97
67d2ebed93c8cc0effe172a97762e0a7,1,154e7e31ebfa092203795c972e5804a6,cc419e0650a3c5ba77189a1882b7556a,2017-08-29 07:04:42,23.99,7.78
67ef896d205bafce2b0ce685b7173d43,1,a4fdd00347db855f614a18bf51606df5,6d803cb79cc31c41c4c789a75933b3c7,2017-09-08 01:25:57,179.9,17.02
67f3abeed9af76e949274924f0135aec,1,9545d45c37449ccbc376de3a04c66e71,431af27f296bc6519d890aa5a05fdb11,2017-09-04 13:50:19,119.9,13.86
680aa2f14fb3e872e9d09bc057a1ac78,1,64090c2cdb0259629a3584edeb23181e,c3867b4666c7d76867627c2f7fb22e21,2017-08-14 19:10:28,115.0,13.83
680f4f731eeef8098bb1e587bb0c3363,1,ae61923c5593e8c2f7063cf4ffaac4fb,5b67882648febfb6e1225e6ad7164f6b,2017-08-30 22:08:03,69.99,44.34
681a34bb485c77196838976dbbbdf8d7,1,30de9bc2bc110c6a584cacba9c17d88a,7c67e1448b00f6e969d365cea6b010ab,2017-08-30 20:55:18,219.99,37.05
681a682245f1fd55f98d1be23c2ffbe1,1,09c2dde20d43a2b79ec17fa25a5ad6b6,718539d38d07dd351c76db862760e2e2,2017-09-05 20:45:39,32.64,14.1
682a559cf108e6f3762213dca3402805,1,e6407038bf83e03733094f3d6e3f92f6,c864036feaab8c1659f65ea4faebe1da,2017-08-27 21:25:46,199.9,41.86
682cfbaff9203b12d90db121371a67c3,1,84792cd1fc101f6ba852d9a2e240ccab,d93844a9c55ba7ce353388bcf849ea56,2017-08-29 02:55:25,179.9,24.64
6836068790e98af482ed0d16fa65d535,1,f48d34d7fa5828bde48c15d602f26aa7,391fc6631aebcf3004804e51b40bcf1e,2017-08-14 20:30:17,179.65,26.1
684325e74b4d2f07cfe986595c839a38,1,f9cce3e19235fa7d11942f69caaa22c7,7202e2ba20579a9bd1acb29e61fe71f6,2017-08-23 03:05:58,239.9,13.18
684c3c1d1b032d52568994de2b76945c,1,0dee0be4ceb243fbbb1d185e5f08012d,36a968b544695394e4e9d7572688598f,2017-09-04 12:25:16,79.9,16.32
68553e9e7b2c06807226ff348142d3ba,1,130482add9fd75ccb6c57ba007694a2d,87142160b41353c4e5fca2360caf6f92,2017-08-25 15:05:14,105.0,32.17
685e7e3eaffdd604a628eb6e0dbee88e,1,3b04dbc12a3fcaa8402b8dd2b3a909d7,eeb6de78f79159600292e314a77cbd18,2017-08-31 20:10:19,939.0,23.82
686aebaf1b0fb4cabe7c6e3526abb6a5,1,13c1b4c5f9f4eb68afa4132342e73777,431af27f296bc6519d890aa5a05fdb11,2017-09-05 01:45:29,99.9,15.45
687e2110fd453476f1c045ce5c1a6d3f,1,916bcfd7e756e0b65372da1378d1c125,83e197e95a1bbabc8c75e883ed016c47,2017-09-07 23:50:08,129.9,14.5
68a3e4dca76ceed7ef884e732b63bdee,1,057df564fda79ad8fa5e1928dfbe3e8c,1da3aeb70d7989d1e6d9b0e887f97c23,2017-09-04 06:30:14,11.99,1.28
68a3e4dca76ceed7ef884e732b63bdee,2,e8ca14b6c60a3194f2353bbfe0287bbe,1da3aeb70d7989d1e6d9b0e887f97c23,2017-09-04 06:30:14,14.99,28.92
68a3e4dca76ceed7ef884e732b63bdee,3,e8ca14b6c60a3194f2353bbfe0287bbe,1da3aeb70d7989d1e6d9b0e887f97c23,2017-09-04 06:30:14,14.99,28.92
68a3e4dca76ceed7ef884e732b63bdee,4,e8ca14b6c60a3194f2353bbfe0287bbe,1da3aeb70d7989d1e6d9b0e887f97c23,2017-09-04 06:30:14,14.99,28.92
68a3e4dca76ceed7ef884e732b63bdee,5,057df564fda79ad8fa5e1928dfbe3e8c,1da3aeb70d7989d1e6d9b0e887f97c23,2017-09-04 06:30:14,11.99,1.28
68a3e4dca76ceed7ef884e732b63bdee,6,057df564fda79ad8fa5e1928dfbe3e8c,1da3aeb70d7989d1e6d9b0e887f97c23,2017-09-04 06:30:14,11.99,1.28
68b333c4526357221cb49747a5a78d06,1,a54f350cdb1f303fe39221171d003852,23613d49c3ac2bd302259e55c06c050c,2017-08-10 02:25:07,39.9,23.22
68d30b64daa2ee72a7f61b86717c20f4,1,99a4788cb24856965c36a24e339b6058,4a3ca9315b744ce9f8e9374361493884,2017-08-07 10:30:19,89.9,15.38
68e26c32708fa02057ea7c255d288929,1,11dcc970f7a5581e1bf777b6da3f7096,06579cb253ecd5a3a12a9e6eb6bf8f47,2017-08-24 20:45:11,69.9,11.73
6902085f87f26d8b456a15744f9f02be,1,486cebbfac430b06cf0aa980b89a3543,f5f2ab9bdb6b30c14c61be68c5ed37da,2017-08-10 14:25:08,223.9,18.82
691ae3791090baa73a918bece7c1d443,1,24cdea192c5e345910d4fda8580576bd,2b3e4a2a3ea8e01938cabda2a3e5cc79,2017-08-07 13:30:18,127.99,18.18
6923051242694891e2f71ddc4eb93690,1,bad5bc36e62c12c840045474c6dbe021,0adac9fbd9a2b63cccaac4f8756c1ca8,2017-08-31 12:45:40,69.9,15.24
6926348e098b0414d25d5d773475a8fd,1,3914a208bb9313e3d980399268ddd54e,56642bcb79900e777d68e91915cb4267,2017-09-01 15:45:35,16.0,11.85
6933367fed43572e9c92d801392b1e65,1,9cf46f1d4af935182cc2fa4690a77a00,fa1c13f2614d7b5c4749cbc52fecda94,2017-08-14 04:04:25,152.15,26.35
693675b8c01ce4f45378b230cc1d15b9,1,18290697e1929309b3195d2931c91b09,a1474fd46fd3430168f7ec202da39408,2017-08-22 23:25:41,214.0,18.75
694c72bb2f8ede1323820186544f9c09,1,70af9f85d8121e98ab6c26d0fc760d61,6df688df543f90e9b38f4319e75a9d88,2017-08-24 11:35:16,17.6,16.79
694c92324234f0d098a8766d1afa8449,1,b5e13c9a353102f79c6206ff5cb61a50,a49928bcdf77c55c6d6e05e09a9b4ca5,2017-08-18 12:44:12,79.9,11.76
6956c7a7b6e1be46fa34926ef6aea60f,1,bfa4ca2c253f707895fce02b4756f4c4,3d871de0142ce09b7081e2b9d1733cb1,2017-08-29 00:48:43,59.9,27.98
6956c7a7b6e1be46fa34926ef6aea60f,2,0b5c0ecd14105464e2b879a307092e3f,dbc22125167c298ef99da25668e1011f,2017-08-29 00:48:43,44.9,13.99
6956c7a7b6e1be46fa34926ef6aea60f,3,89039f76a4c1ed8e4c13f4b531f158ca,dbc22125167c298ef99da25668e1011f,2017-08-29 00:48:43,44.9,13.98
696e7a79f34c788e7b79e59e35756fdb,1,389d119b48cf3043d311335e499d9c6b,1f50f920176fa81dab994f9023523100,2017-08-29 12:50:13,59.9,17.67
6990c1d6b6b834c84c9e1799a0824f67,1,4ef2894feb9fb3f164a68f654f841447,e26901d5ab434ce92fd9b5c256820a4e,2017-08-23 18:55:12,119.9,15.59
69956999b3f715c96f6cc505376e0d3a,1,d5b703c271f43f9c588a6f512a00f77e,fa40cc5b934574b62717c68f3d678b6d,2017-08-29 11:30:14,34.9,7.78
69a1237e93bbfef907c3ae4cdae74244,1,a50acd33ba7a8da8e9db65094fa990a4,8581055ce74af1daba164fdbd55a40de,2017-08-18 17:05:34,117.3,21.66
69a94e2d31f0198e63979f367def14a4,1,b84c4c7f1845f068f40e350865b803fa,01fdefa7697d26ad920e9e0346d4bd1b,2017-09-01 14:15:20,118.9,14.56
69aeb590d8f4455ab0bb6b95154c2742,1,f7f59e6186e10983a061ac7bdb3494d6,729f06993dac8e860d4f02d7088ca48a,2017-09-04 23:25:33,34.9,13.37
69aeb590d8f4455ab0bb6b95154c2742,2,f7f59e6186e10983a061ac7bdb3494d6,729f06993dac8e860d4f02d7088ca48a,2017-09-04 23:25:33,34.9,13.37
69be57561906ffa69960e7b887be6719,1,6d7d853286dac8449c42146f8ce5dedf,3be634553519fb6536a03e1358e9fdc7,2017-08-27 22:50:24,15.9,15.1
69efe1aee14d4093c8627e94343a359e,1,2ccd049c8e7ea210e079a1aa8ad92477,3d871de0142ce09b7081e2b9d1733cb1,2017-08-09 17:55:10,69.0,13.5
69fc55f48e5117131b48477c34bbad8c,1,f7bb503725fb4d7bb55301d5bceba728,55a5b51f93f2b70ea513f5a047b0262a,2017-09-05 09:24:26,99.7,17.14
69ffcc06382c0d6b91a0d6a647603a8f,1,c420c13056340a00e4cd63fdf6e4f4fc,5b67882648febfb6e1225e6ad7164f6b,2017-08-16 12:45:17,22.9,12.48
69ffcc06382c0d6b91a0d6a647603a8f,2,c420c13056340a00e4cd63fdf6e4f4fc,5b67882648febfb6e1225e6ad7164f6b,2017-08-16 12:45:17,22.9,12.48
6a1c09a763e5c9c86e4189dc69f84165,1,0cbb82f3f9549ec4aeab968a4be5e7a9,b83cedfb587e7911540e3f576d6917ce,2017-08-24 12:25:15,69.19,15.24
6a1cffc6c9c0ad7e57c24270f9735865,1,be127a8a979cd5d591ea345f10bba28c,7f152321c60a266edc53af1925ef96c1,2017-09-04 17:35:32,249.99,55.42
6a29338a1333f4ea8fbfeb6653e516ba,1,f07dfd51b27ae763526ca43745920b7d,3771c85bac139d2344864ede5d9341e3,2017-08-14 19:10:23,14.9,11.85
6a4470891791e62891c4c6b8dc8675b0,1,0bcc3eeca39e1064258aa1e932269894,1f50f920176fa81dab994f9023523100,2017-08-28 04:27:36,59.9,17.67
6a6601cae4b43a36b3e89110c3a7f497,1,b5b1ef3701c288dedcb700f5cd3061f2,30c7f28fd3a5897b2c82d152bb760c17,2017-08-29 02:24:37,328.89,13.8
6a6f25fd713bf54d89cda9ccc933ecaf,1,5f504b3a1c75b73d6151be81eb05bdc9,834f3294fba9f932f56edc879193f925,2017-08-31 10:04:46,599.0,64.93
6aaf58e2b4c083892595ecc48bc2f404,1,17ebb5f3d26d2db3afcd24d2d68072a0,d354c38a7182125a748cb10474fe963b,2017-08-22 11:04:34,18.99,12.35
6ab6cbb9cdca38f755b319eac5846cca,1,02965440ee186dd4f7f6e8f962a75c60,7c67e1448b00f6e969d365cea6b010ab,2017-08-16 17:10:18,189.94,25.84
6ab6cbb9cdca38f755b319eac5846cca,2,02965440ee186dd4f7f6e8f962a75c60,7c67e1448b00f6e969d365cea6b010ab,2017-08-16 17:10:18,189.94,25.84
6abcaedd175c7aa362cb758f3f728053,1,a7c73814e6894bc049f7aac7d37f7175,6f892e20a171e98efe17fdb971ff319b,2017-08-16 18:50:19,254.9,16.53
6acb5effe9cc2542a70885f23bc58554,1,6ea2d74d5dd2317844dd17f16da75a5b,f8db351d8c4c4c22c6835c19a46f01b0,2017-08-18 14:44:08,98.9,21.18
6ad06dae8c55ae30d1fcfa46008fba6e,1,d7c0092b092958a42314392abfff9d76,85d9eb9ddc5d00ca9336a2219c97bb13,2017-09-20 04:35:35,31.9,25.38
6adb69c0a8d87a08560f83649413742b,1,e9edbdef7d4c22a8507cf7e05d93d96e,522620dcb18a6b31cd7bdf73665113a9,2017-09-01 02:55:15,79.9,12.69
6ae18793b39ea298718417881aca431d,1,88dd63919fc9ab693803578a04a20209,7ddcbb64b5bc1ef36ca8c151f6ec77df,2017-08-16 08:45:13,34.99,14.1
6af1f36497a4b9ce8335d9a6da709960,1,cb7433cfec8ba4a55092889fad62c6ed,6560211a19b47992c3666cc44a7e94c0,2017-08-30 21:45:21,45.0,15.1
6af80e57f1bc2293fff7058c7c583d46,1,392751de4e1e7a915ac4d838c3124f6d,822bad9bc42b51213ba522fe87b7ab5d,2017-08-16 23:05:39,259.0,11.23
6af8d729a1717c4ba85c7bdc83278656,1,cad39e71c0fe2f6ce875040d4ac43a4b,4869f7a5dfa277a7dca6462dcf3b52b2,2017-08-18 16:50:07,350.0,13.95
6afee35d4619c0d99cbf16d1e4e461eb,1,33202a8e7a645388c41ed714203d7131,8d79c8a04e42d722a75097ce5cbcf2ef,2017-08-10 09:03:14,149.9,21.89
6b24cf0591948a0a949ee51131cb78ad,1,d6160fb7873f184099d9bc95e30376af,53243585a1d6dc2643021fd1853d8905,2017-09-04 17:50:20,1200.0,21.52
6b313b07f096e0b9354fd4f097abaed6,1,f1c7f353075ce59d8a6f3cf58f419c9c,37be5a7c751166fbc5f8ccba4119e043,2017-08-10 17:43:24,205.0,22.27
6b331bf7ee3fd56657566f64027c8c88,1,b7d94dc0640c7025dc8e3b46b52d8239,165fc07beebdcb6190fba8a06db2a449,2017-08-30 11:10:07,160.0,13.25
6b4186f5efd99b748d530675413ef6cb,1,0fc6914383c2bea767a9562c9d8b43a1,8c16d1f32a54d92897cc437244442e1b,2017-08-09 03:10:42,44.99,25.63
6b4855917066752cc5b88abca983437d,1,6c321ed0f47858a8650f4104771224b5,6560211a19b47992c3666cc44a7e94c0,2017-09-05 18:30:09,49.0,7.78
6b53b59d28af45f02a606d5ace41b854,1,558180406ec5ec2f77e01f2807180c20,431af27f296bc6519d890aa5a05fdb11,2017-08-07 10:45:13,82.9,15.33
6b5531da82a446d2bc53f1ff21ea9e3f,1,c94d19d021d4a8fbae5a45f904aeea90,701938c450705b8ae65fc923b70f35c7,2017-08-23 20:04:46,116.04,45.27
6b6484df41852bcee6a9b4d253379b1b,1,5411e9269501a870cabf632f05655131,3d871de0142ce09b7081e2b9d1733cb1,2017-08-17 04:24:55,99.0,17.94
6b798131bceb2a16e7dc1c677fcba6c0,1,4f022f25583cfbf04bcd98995aee6a66,49e7217cfe4e427191c378ec626d8737,2017-09-01 13:15:21,239.9,24.55
6b79c53cc0f1caf6aa3b3c6729cbaa15,1,ae27a5524edb2c8dc4656c670f458fb7,8e6cc767478edae941d9bd9eb778d77a,2017-08-14 08:32:22,44.9,17.6
6b7c46dc34ed8ec1795b10a9c5213d61,1,70d7a4737a91965066483a5b0d26a19e,f021c962aaba8ef6eb527a9c2c8394d1,2017-08-10 18:10:15,749.9,37.7
6b99adce753cfb426a4f523b7b023185,1,0aabfb375647d9738ad0f7b4ea3653b1,37515688008a7a40ac93e3b2e4ab203f,2017-08-21 00:44:09,19.9,11.85
6ba4f2aae2d3d15f3281258017b4552b,1,011be89e68e286ac07f51c22ecbb04aa,a3a38f4affed601eb87a97788c949667,2017-08-31 03:05:44,69.9,42.52
6bae7f6955b8a1758053a464757a72a6,1,c857b96593773e940454e76efa8eabb3,cca3071e3e9bb7d12640c9fbe2301306,2017-08-21 03:33:10,51.92,12.7
6bc458836ecef86dca3afa67523f4268,1,101c0247b2686b1ec77fbd9b7bc7cb17,ebd2d60905fb58271facef5596b620d3,2017-08-30 19:24:22,97.9,16.32
6be2c0f364bfae8f84f696a114aab022,1,cf02395ed36c61d5ce31bdecce9767a3,c9c7905cffc4ef9ff9f113554423e671,2017-09-04 04:55:27,159.99,36.44
6be9be082a8d228c8d43056cfce0c147,1,c6dd917a0be2a704582055949915ab32,7a67c85e85bb2ce8582c35f2203ad736,2017-08-21 13:04:18,99.99,11.9
6bff7d9bba4b524abc4cc68ecff23c43,1,53759a2ecddad2bb87a079a1f1519f73,1f50f920176fa81dab994f9023523100,2017-08-10 20:55:15,59.9,13.44
6c00e2ff02bbb412fcdd1b68c6b47436,1,f00f7669eb9a3712d500fe96759bb02b,ff063b022a9a0aab91bad2c9088760b7,2017-09-05 23:15:15,59.0,11.73
6c0356ab340ffa364f50daabfc65f1fa,1,3429d7e4892a2df967fae671f4c98deb,900ba814c251a692506d7834c1218441,2017-08-17 06:43:56,370.47,18.35
6c1798a95735e69db81fe92f8c40bdb4,1,f646af315b0f3a597f69213537ca2199,3df020b72d3d44b3af9d110fa3940b65,2017-08-24 21:15:09,49.9,16.11
6c1798a95735e69db81fe92f8c40bdb4,2,f646af315b0f3a597f69213537ca2199,3df020b72d3d44b3af9d110fa3940b65,2017-08-24 21:15:09,49.9,16.11
6c352b528099b507dd4b05c4b4c79a06,1,aef74719b37c2e1d6be96b4e50495ad0,54a1852d1b8f10312c55e906355666ee,2017-09-06 13:35:19,69.99,11.73
6c573838baa815157de3db3fafbd60a5,1,623eee74e76dce26984376983737af86,53e4c6e0f4312d4d2107a8c9cddf45cd,2017-08-09 22:55:19,149.98,41.0
6c589cce00692bb7fbd49d0eac280b17,1,99b89f140f651db441848081814dd1a1,9c0e69c7bf2619675bbadf47b43f655a,2017-08-15 02:55:22,190.0,17.09
6c6035b5c538935be5381cff46351355,1,0ea4159212776c6cc70d802d45145353,537eb890efff034a88679788b647c564,2017-08-14 21:30:14,15.9,16.79
6c680c441a53c52610b5abd41e2b8ce6,1,0ca70d1b7cdf19dd90d993373aba94e8,ccf8813e5a7d6c84d865cd38bfc2b130,2017-09-05 15:35:15,98.0,13.03
6c8e7fccd3a9d60db49c0264c1806ed6,1,aa5d6a9bd4be367ae1a3a29c323c7c11,e9779976487b77c6d4ac45f75ec7afe9,2017-09-04 12:45:54,130.0,15.66
6c913991aedb5977cece1b1865cab730,1,aadae4da0b9feede5777009c5e1497d1,768de2a4fc06aacecb9a586ccc30746a,2017-08-16 21:50:07,32.9,16.79
6c9296925051cae6d38b3678754b678f,1,8a4667ce8c036b0d54dd65a38298bfc0,dbc22125167c298ef99da25668e1011f,2017-08-24 14:05:33,58.9,13.43
6c9f4896350c87c2f785b1b8be767748,1,089ac5f8835b1cacc1481b4c7cbdb503,41b39e28db005d9731d9d485a83b4c38,2017-08-28 04:27:11,109.9,34.93
6cc40732b6bc944a2b6cb8aca515bfe5,1,87283a98b24f9f1ac3a31b631073cf47,cab85505710c7cb9b720bceb52b01cee,2017-08-18 20:45:14,49.9,7.78
6cc8ee95fa041110dc49df7e0a2e85b1,1,e8769e00778ec82e2fddf58d7b360a27,3078096983cf766a32a06257648502d1,2017-08-30 10:50:39,49.69,12.69
6cd9dc64e9570c2a9555406d8148ec0a,1,90ca3c3f457540cc342f428c771c9828,d91fb3b7d041e83b64a00a3edfb37e4f,2017-09-06 13:05:41,32.2,9.27
6cdb4b90b1b93c1565439c75f05acfa0,1,bc2d6310e5cbd60facb2f9c8d9471597,dc317f341ab0e22f39acbd9dbf9b4a1f,2017-08-17 11:45:19,629.0,35.92
6d166a44957a119a79b6213272be7841,1,2ae40c35ef6620f730a55329d0cd3301,6b9b80d53ba3676eafe60268a810b5a1,2017-08-11 17:50:19,99.0,18.26
6d206f309ddf213a7977318bbe5d3cd0,1,07c055536ebf10dfbb6c6db6dbfc36e5,cca3071e3e9bb7d12640c9fbe2301306,2017-08-22 21:24:55,45.9,12.69
6d238ce1fb32d1ef6e4422764a7f76cc,1,4413a608a42bd21bbf9d5abbd58c249a,7ddcbb64b5bc1ef36ca8c151f6ec77df,2017-08-28 07:45:15,134.99,16.7
6d25b49ec255fb0bffe632d77a6345ec,1,6dde44b4172999f35f08654d06bad633,7c67e1448b00f6e969d365cea6b010ab,2017-08-18 10:15:32,219.99,35.7
6d25b49ec255fb0bffe632d77a6345ec,2,6dde44b4172999f35f08654d06bad633,7c67e1448b00f6e969d365cea6b010ab,2017-08-18 10:15:32,219.99,35.7
6d29261d1991c6c4e47ac40e5642e3c6,1,51189083f547bae6df07c55c7b997001,15cd6eefe58588619aaed41dfa6621b1,2017-09-04 14:25:21,34.9,20.84
6d3387429df1d01b1fd17ffe1b631d31,1,1bfe10e822dedba7190af59828c822d7,f5a590cf36251cf1162ea35bef76fe84,2017-09-06 10:35:10,359.0,24.83
6d6f0c5bbf3fc7bbef3b260c1a8c89f8,1,dbd55362ec13c706503b1c71a5068a1a,e24fc9fcd865784fb25705606fe3dfe7,2017-09-05 15:44:36,102.0,10.13
6d74d0a7b04ada2d0b870a20685ac3b1,1,53759a2ecddad2bb87a079a1f1519f73,1f50f920176fa81dab994f9023523100,2017-08-17 03:04:25,59.9,17.67
6d8699cc1bfa9e279a2149dc5ed26e04,1,d245838e3d0b2b51d751ccdc98885a8e,cc419e0650a3c5ba77189a1882b7556a,2017-09-01 02:55:51,6.0,7.78
6d9d2249defb1e5a1da402229dac3928,1,b0961721fd839e9982420e807758a2a6,1f50f920176fa81dab994f9023523100,2017-09-04 17:05:14,59.9,13.44
6da03ff3a2192306afabb2c8afb92c5b,1,8c5de6354d95c9a3cd8243bbab60d301,dd2bdf855a9172734fbc3744021ae9b9,2017-08-25 14:55:14,39.9,14.1
6da03ff3a2192306afabb2c8afb92c5b,2,8c5de6354d95c9a3cd8243bbab60d301,dd2bdf855a9172734fbc3744021ae9b9,2017-08-25 14:55:14,39.9,14.1
6da03ff3a2192306afabb2c8afb92c5b,3,8c5de6354d95c9a3cd8243bbab60d301,dd2bdf855a9172734fbc3744021ae9b9,2017-08-25 14:55:14,39.9,14.1
6da773deea92afdc15b0010a39d2430e,1,75f32a954f5bb6bde77612be80c9293d,b2ba3715d723d245138f291a6fe42594,2017-08-29 08:35:21,104.9,9.55
6dd5fbff4557f2db49bf8c5efe1a1583,1,c2bd03501cf7f4f3a1201e6069155bc0,cca3071e3e9bb7d12640c9fbe2301306,2017-08-16 23:03:44,51.92,16.12
6dd5fbff4557f2db49bf8c5efe1a1583,2,c2bd03501cf7f4f3a1201e6069155bc0,cca3071e3e9bb7d12640c9fbe2301306,2017-08-16 23:03:44,51.92,16.12
6deb31531870ed931a10e04108e13c52,1,418d8bb517562fb8e8a2f1c5de0afa70,9646c3513289980f17226a2fc4720dbd,2017-08-31 11:45:02,19.9,9.94
6dee7bb4c1d9e2bd0d4870b297de74ef,1,35ebf08a93899d44e756809e11b14754,128639473a139ac0f3e5f5ade55873a5,2017-08-16 03:24:08,14.9,15.1
6def17fbea3bc7076fe916d298c4b422,1,454157d7294823cc44ad21d4fe31474a,66dc1b1632bd6a3e508510c5b3492107,2017-08-21 15:45:17,79.0,15.3
6df5b7fa93966d4105dd318883a09a41,1,40f999464ef29d2a07cfaca1eea4c210,4e922959ae960d389249c378d1c939f5,2017-08-23 15:24:46,37.5,8.27
6e0b92bf7f849a26ecbd65716cf5d610,1,28153a494455c0488b2afa71fa6ea98e,4e922959ae960d389249c378d1c939f5,2017-08-25 00:44:23,110.0,26.05
6e0f7d433f02475118beb9c7e4082235,1,d3e2c403fa58493ea2d48ec1fd356ca5,0ea22c1cfbdc755f86b9b54b39c16043,2017-08-23 13:10:22,24.4,5.41
6e0f7d433f02475118beb9c7e4082235,2,2bd11da9314c88bf55df5a07251442e4,0ea22c1cfbdc755f86b9b54b39c16043,2017-08-23 13:10:22,39.9,5.41
6e0f7d433f02475118beb9c7e4082235,3,e745ef0b16caf129dfc0f4979c347619,0ea22c1cfbdc755f86b9b54b39c16043,2017-08-23 13:10:22,39.9,13.51
6e5c31c66b865277bb6bdb23c7872c9e,1,ac8e7cf3a658f63dc68dd7f3b8b5f97b,218d46b86c1881d022bce9c68a7d4b15,2017-08-10 18:55:11,97.0,43.16
6e60f42eb32450c23ec4595056312745,1,9a046f988c3d7d4bf592c4f7cb40bf01,5f1dc28029d2c244352a68107ec2b542,2017-08-31 19:24:05,45.9,14.1
6e77a2014a79bc522ba00419725a3bcc,1,8b878f082e217c587ef3ad9431c6c762,45213867cefbf2cd4c6177e10216a951,2017-08-28 13:55:30,257.57,38.94
6e80500cf8aa7894a6e56a436ee785d2,1,31dbb0d1815bdc83c93f4b3472fa7c4d,6da1992f915d77be95d7fa48b36904af,2017-08-09 13:55:12,29.0,14.1
6e80500cf8aa7894a6e56a436ee785d2,2,31dbb0d1815bdc83c93f4b3472fa7c4d,6da1992f915d77be95d7fa48b36904af,2017-08-09 13:55:12,29.0,14.1
6e9afd04e254b0327d16cc95cfe3270c,1,291c4f64b5862ed36fdec5f3df710613,897060da8b9a21f655304d50fd935913,2017-09-08 03:04:30,39.9,25.63
6eb3911724b9c8dff28062f417a5db4c,1,1b3c5b1455f3e42d831fb778055c9e45,17e34d8224d27a541263c4c64b11a56b,2017-08-08 09:03:22,355.9,18.25
6eb4132d1d991320ff5f03a7cd28561c,1,3894ee88e0f8f6ce2847a1f31e0ebb0e,ce27a3cc3c8cc1ea79d11e561e9bebb6,2017-08-29 14:15:15,35.0,9.34
6ed054767cc606ee0ba32d41471a9b1b,1,99a4788cb24856965c36a24e339b6058,4a3ca9315b744ce9f8e9374361493884,2017-08-14 21:50:20,89.9,15.38
6ee212cd1fba9e136d4fd88010a0739d,1,1b7384e0f9f5e4cb914cd3f5535a4cab,325f3178fb58e2a9778334621eecdbf9,2017-08-16 03:15:56,23.8,7.78
6f103e04419629871125495a575f26f7,1,1817be76e48588632c33c4f112a79426,fa1c13f2614d7b5c4749cbc52fecda94,2017-09-06 19:44:55,309.9,16.92
6f199c0873866afaadffaa53f4808a21,1,5dfc84369c7457e1bd188be86a7563f0,1464afc72f696af775557a821c2e253f,2017-08-16 07:24:49,29.9,15.1
6f4d7831b4beb4c6c46bbcbf3a84df71,1,35ebf08a93899d44e756809e11b14754,128639473a139ac0f3e5f5ade55873a5,2017-08-07 09:23:16,14.9,12.48
6f54535f38d19e0833f980e4604081a3,1,67aff847e5cccbb062dde92b68122879,fa1c13f2614d7b5c4749cbc52fecda94,2017-08-10 07:45:12,579.9,29.34
6f80ee94265381ae8310f1c44afd1a52,1,18297d6ba9247aa8fb22c28df54bbcd4,bfd27a966d91cfaafdb25d076585f0da,2017-08-31 03:04:13,45.0,16.11
6f8c31653edb8c83e1a739408b5ff750,1,4244733e06e7ecb4970a6e2683c13e61,48436dade18ac8b2bce089ec2a041202,2017-08-07 18:55:08,58.9,16.17
6f9c77bec121542d4ebb3b5b536cec1e,1,88dd63919fc9ab693803578a04a20209,7ddcbb64b5bc1ef36ca8c151f6ec77df,2017-08-22 20:45:14,34.99,7.78
6fa204b6cf6dcfe6c9adca7dc53aa32a,1,28a652ff04e43c1bc57937a9f8770f9b,3d871de0142ce09b7081e2b9d1733cb1,2017-08-09 03:04:48,95.0,13.01
6fbe7b902dedc6669ba972b640f993d6,1,f1c7f353075ce59d8a6f3cf58f419c9c,37be5a7c751166fbc5f8ccba4119e043,2017-08-09 14:03:23,205.0,26.27
6fc8cd5f4cfbea0b694434a10475fd6f,1,5d66715cc928aadd0074f61332698593,128639473a139ac0f3e5f5ade55873a5,2017-08-24 13:05:17,18.9,9.43
6fc8cd5f4cfbea0b694434a10475fd6f,2,8c4851c8c9bb79e51a0f3c16cb499cd7,5656537e588803a555b8eb41f07a944b,2017-08-24 13:05:17,29.89,32.99
6fcb95e455e8f30ce414c08f4a31ccd5,1,1b9c9c11fdac157197ea45527ffabae2,218d46b86c1881d022bce9c68a7d4b15,2017-09-05 11:25:16,219.0,14.55
6fd3076696fcac28e9d04a378fd4b5d7,1,4af81c9413dcb40e03e2a1bc15a6448b,525e75a6fb1454a2325ab1734bcec221,2017-08-22 03:15:14,49.9,7.78
6fdf3a3b43dc38614dd0a089582edad0,1,aca2eb7d00ea1a7b8ebd4e68314663af,955fee9216a65b617aa5c0531780ce60,2017-08-09 10:50:33,75.0,24.98
6fea59a483e4a37701ffd5d5b8795ba7,1,b48946c4c9a1d7c81916522d00d6722f,0ebd97a106433a45a4aebe57c1799778,2017-08-09 00:23:46,109.9,14.52
6ff942529bd6226f816210fb1fa6c0c8,1,525a5744fb5d26e4035d0610446900c5,f41ce2e25237f9092cd8e6e7516c7a2f,2017-09-03 22:24:14,58.0,17.69
6ffdfdfb37aadee7183542be7b825777,1,89bbac967e47033f5d8c15527de1ef9f,2528513dd95219a6013d4d05176e391a,2017-08-17 11:35:12,269.0,26.72
70009c6d985dfa16754461cff33c10dc,1,6e1b14d3cbb5fb3a2c00351007127dfd,7a67c85e85bb2ce8582c35f2203ad736,2017-08-16 22:44:12,229.99,14.16
701497f084be73caaae3efa1dad2422a,1,4c1fdadeda244374699fdc31917e5b34,3d871de0142ce09b7081e2b9d1733cb1,2017-08-24 17:30:17,129.0,31.93
70217ba6c09626a3f4b980eac7d98a1d,1,2d27434c710806b971a721da337a112a,6560211a19b47992c3666cc44a7e94c0,2017-08-17 04:15:14,39.0,14.1
703028d4e0b49bc9632bb3b92150adb2,1,e07fbd0969dcddca941b8c4adec498b1,5b664594895aefb418afaee6d40a9a23,2017-09-05 13:10:16,38.9,15.1
703028d4e0b49bc9632bb3b92150adb2,2,e07fbd0969dcddca941b8c4adec498b1,5b664594895aefb418afaee6d40a9a23,2017-09-05 13:10:16,38.9,15.1
703038e5100dc9b85add366da67ad6c1,1,595eb3cbe3aa85770efe80cf86a6a079,35857757f553273b1056c1cabdace7fb,2017-08-07 09:45:27,89.9,17.88
7053640a1ecbbfb050910ab2ea8b2183,1,2635c3e7db0ac6cb3e733cac61ce0ba5,f8db351d8c4c4c22c6835c19a46f01b0,2017-09-03 23:10:14,26.9,26.89
706296e2ab240216ffef853d1095d04f,1,bc4cd4da98dd128c39bf0b8c2674032f,53243585a1d6dc2643021fd1853d8905,2017-09-05 16:25:11,1200.0,37.81
7063584ebd960be71a883b756429f2e4,1,35afc973633aaeb6b877ff57b2793310,4a3ca9315b744ce9f8e9374361493884,2017-09-05 11:04:24,89.9,17.88
707366aec5103380c9d2bc6e503d4f66,1,0aabfb375647d9738ad0f7b4ea3653b1,37515688008a7a40ac93e3b2e4ab203f,2017-08-07 21:55:20,19.9,11.85
707c0049eb07b71b44d80b989f18719c,1,c4fc1d4489f664ce1c6c55b7089738b2,0ea22c1cfbdc755f86b9b54b39c16043,2017-08-11 06:42:52,39.9,14.1
707c7403d5d131e75e3d557bdd0646c4,1,e1300b5f677ce8eba14ab147080d6a68,3481aa57cd91f9f9d3fa1fa12d9a3bf7,2017-08-28 11:15:13,82.17,38.33
709926b31b6288e322d926e2b93459b6,1,6a2961a3f5c85026ed1b3406a9ac27cd,3d871de0142ce09b7081e2b9d1733cb1,2017-08-31 18:08:17,75.9,17.78
709d84dbb63f2afaaf2a48f69b56caa2,1,3db75f31b76375c502f64d550dcd1166,85d9eb9ddc5d00ca9336a2219c97bb13,2017-08-14 03:55:18,31.9,8.11
709e7bb6791d4380ca6db3451e9e6a68,1,4b456247c6fd6370f0c01903b0c6d67d,87142160b41353c4e5fca2360caf6f92,2017-09-05 04:25:45,139.9,14.0
70a1e101876b8237f37d9f386090801e,1,1533438056d9a9bcb1295afd304e36df,1ce3ae5a399804d1a87e706f8a813c3e,2017-08-21 03:31:38,28.9,15.1
70af5c624ad6c3daf236b9acb1ada8d0,1,9c422a519119dcad7575db5af1ba540e,2b3e4a2a3ea8e01938cabda2a3e5cc79,2017-08-17 02:45:55,58.99,14.16
70b742795bc441e94a44a084b6d9ce7a,1,1dd284c37ca97cbb86c029c65fb9a494,070d165398b553f3b4b851c216b8a358,2017-08-30 10:35:22,269.99,196.94
70bd71735041b0632436794811a49864,1,6c3effec7c8ddba466d4f03f982c7aa3,37515688008a7a40ac93e3b2e4ab203f,2017-08-21 10:15:11,19.9,11.85
70c06583df3a26d0a632b3205baee66a,1,a869ec6209c361ca46dad85a5530e119,c3cfdc648177fdbbbb35635a37472c53,2017-09-01 03:06:33,159.9,20.61
70eb3f78e36bed84a86e6570b0fb308b,1,1f49bc80950157ddb33dfad044f20be7,7142540dd4c91e2237acb7e911c4eba2,2017-08-14 04:05:40,74.9,16.28
70ed857e24fd6bf1e25a9bc791a2f6b9,1,e19ddcc85537b41f22116c8d5425ef46,8a32e327fe2c1b3511609d81aaf9f042,2017-09-06 12:35:16,29.99,6.6
70ed857e24fd6bf1e25a9bc791a2f6b9,2,001b72dfd63e9833e8c02742adf472e3,8a32e327fe2c1b3511609d81aaf9f042,2017-09-06 12:35:16,34.99,9.9
710a8cc8056322269a0a3b07d27bd84e,1,368c6c730842d78016ad823897a372db,1f50f920176fa81dab994f9023523100,2017-09-05 11:32:54,59.9,13.44
711f172cadce2c07a025d5b9ad519e36,1,674882c56b0e1ef7ce973f10a6c02b1b,f45122a9ab94eb4f3f8953578bc0c560,2017-08-16 06:45:18,583.0,15.58
712ddc2da1bdd2e1b5f6baf0171860c2,1,77aadda8f3636c56d2e32ebf735426ba,dbc22125167c298ef99da25668e1011f,2017-08-16 22:04:43,117.9,38.38
714e2644ab665027234ed7a6b3e82274,1,9d32095f76b97762307e86cfc18dd7a0,391fc6631aebcf3004804e51b40bcf1e,2017-08-22 08:55:06,49.95,16.79
714e708f39c09ff4048aa43423ab2a0a,1,e57e360b85e2ef90b804521ee8e16909,5d3bb11474a06bdc23fb9e89f1164ee0,2017-09-08 02:45:53,189.8,12.83
7157fd8b253bcba337ae46c9f0e10476,1,4fcb3d9a5f4871e8362dfedbdb02b064,8581055ce74af1daba164fdbd55a40de,2017-08-10 08:35:17,143.8,23.33
7159e54dc429b82335398dcb355162f1,1,bbaef2eadf31fe3ea6702077398be06c,cc419e0650a3c5ba77189a1882b7556a,2017-08-28 22:45:31,56.99,8.72
715cf0bf4a5b1cfaaf01d77a000d4c8e,1,66a0a6e02b7f543e5b021ce361f267d4,7a67c85e85bb2ce8582c35f2203ad736,2017-08-24 12:04:31,119.99,17.09
71603031182fa8f497b5bae069bb9361,1,0aabfb375647d9738ad0f7b4ea3653b1,37515688008a7a40ac93e3b2e4ab203f,2017-08-30 18:27:37,19.9,11.85
71603031182fa8f497b5bae069bb9361,2,6c3effec7c8ddba466d4f03f982c7aa3,37515688008a7a40ac93e3b2e4ab203f,2017-08-30 18:27:37,19.9,11.85
719312efa72d95b357250140f48b778f,1,e355d989e7c7101b4e80a8e9052985fd,dbc22125167c298ef99da25668e1011f,2017-08-14 00:40:19,67.0,16.23
71bb4b0d814139920f939608c9d37685,1,729a75e5cb63f785e67ebd8c44a5c0ee,381c83fdca332ea6afd896da20bf6e4a,2017-08-28 02:31:03,109.0,21.16
71bdcc58db48fbd3f6aa39889aab2e8c,1,66077cc774ac8ba7c7fcb45fd8e03474,01cf7e3d21494c41fb86034f2e714fa1,2017-08-14 19:15:16,99.9,19.94
71c7839f5c8ada2b0bb433d9b1b60068,1,7c1bd920dbdf22470b68bde975dd3ccf,cc419e0650a3c5ba77189a1882b7556a,2017-08-14 14:30:10,58.99,17.66
71cefe5177d8b6b11dce9fa4060f01cc,1,37d2e3656244fd840ebd0460360455cd,dbc22125167c298ef99da25668e1011f,2017-08-14 04:10:45,40.9,17.92
71d01b8be202039f218a6f2eb61e16ee,1,d1c427060a0f73f6b889a5c7c61f2ac4,a1043bafd471dff536d0c462352beb48,2017-09-01 18:45:15,159.99,23.92
71f2cb6a79279eae67ab5e770b2c2053,1,622bad99b4296aade0783ebecdd3fa15,376a891762bbdecbc02b4b6adec3fdda,2017-09-06 14:35:25,98.99,17.97
72012d986d81cc09a1e838c7a1f829e7,1,d5b703c271f43f9c588a6f512a00f77e,fa40cc5b934574b62717c68f3d678b6d,2017-08-08 20:42:58,34.9,14.1
7201c562f7a8bcd02e8f1a35dad540f4,1,828c579b949972bdea5cf2203faf4563,520b493b57809f446cb0a233bb3e25c7,2017-08-31 00:44:08,29.0,17.92
7201c562f7a8bcd02e8f1a35dad540f4,2,f4cd1164757f2f82e7f949e9ba129664,520b493b57809f446cb0a233bb3e25c7,2017-08-31 00:44:08,29.0,17.92
7209ee6fd6e98942079c767741b71e3b,1,ee6e15447094b902e95fa175c5695cee,7b1222c3624aa89b9558b50a2594188c,2017-09-05 11:44:33,179.99,12.76
72144791fc7fd8048eafc90d7f82ba54,1,d2f5484cbffe4ca766301b21ab9246dd,36a968b544695394e4e9d7572688598f,2017-08-10 20:05:53,12.88,15.1
723100aa159479fd44ce9874cbc010e5,1,e06f99e79036d681effa3de75989bf22,6560211a19b47992c3666cc44a7e94c0,2017-08-10 01:10:10,59.0,15.16
72339ccf6d3549d60d8ab01adb5e6458,1,50fcba527cde578e212f114ba5cfdfef,7a67c85e85bb2ce8582c35f2203ad736,2017-08-31 13:45:42,69.99,13.51
723ad8c008a67d2af51d205bec0a69ac,1,35557c68a22ecebcf066e25ca2ddc144,f8db351d8c4c4c22c6835c19a46f01b0,2017-08-17 16:55:12,16.9,15.1
724b19e5eca8ec552146bf7904b4cbeb,1,cf5407ad3a5c603fa46d5c2613661a09,dd7ddc04e1b6c2c614352b383efe2d36,2017-08-17 03:04:27,29.9,14.0
724b19e5eca8ec552146bf7904b4cbeb,2,cf5407ad3a5c603fa46d5c2613661a09,dd7ddc04e1b6c2c614352b383efe2d36,2017-08-17 03:04:27,29.9,14.0
725c0e3b1689714b8acfa0b09022e600,1,ace5d86cf1ac63cdb76f49e5cd23d2f8,cca3071e3e9bb7d12640c9fbe2301306,2017-08-17 15:50:07,45.8,16.11
72683b144c2feca63881b49b5afd2bc4,1,99d1e072c4cb670c31fb43d9a3753598,f0e103c63864d5405b958d984b6e94c9,2017-08-23 01:50:50,79.8,17.84
7272b5bc978cef58523fad8731e5a12b,1,99fb0293e181af6a2b692fef4ddac420,4305fe92735c8a43d154ff6dd2b8d927,2017-09-04 22:06:15,139.9,17.42
727d1e48f072a26b71d59a5238160e63,1,6525c63f855b031e963d95bb3a07e541,17e34d8224d27a541263c4c64b11a56b,2017-09-18 19:55:10,111.08,16.54
7286bf3202c0810432f147c3ba4a5475,1,ecbd7c0c31f1779002f5a78b2a1873ae,bf3c6d2a28b2b5501e6c15448982dcc9,2017-08-21 08:43:56,38.0,14.1
728ea734fefecc42ab07da89fa894f31,1,7e0dc102074f8285580c9777f79c90cf,e26901d5ab434ce92fd9b5c256820a4e,2017-08-25 03:25:15,34.9,9.34
7290e03d6a5cc768ab757e2b9c699829,1,8d2741c514abfc9654c7dabdd71fc07e,1900267e848ceeba8fa32d80c1a5f5a8,2017-08-17 13:25:13,39.99,15.1
7298f7a474d54998fe1d4c98f0779eff,1,11dcc970f7a5581e1bf777b6da3f7096,06579cb253ecd5a3a12a9e6eb6bf8f47,2017-08-09 23:05:24,69.9,16.74
72b48d2ee1353308077d11c354decaad,1,154e7e31ebfa092203795c972e5804a6,cc419e0650a3c5ba77189a1882b7556a,2017-08-18 07:10:12,23.99,7.78
72ba71ffcbc76a06e416c07d00d047f0,1,62d8daeee0db3a60c234c2d1bfd10651,d2374cbcbb3ca4ab1086534108cc3ab7,2017-08-15 01:45:06,24.9,11.85
72ba71ffcbc76a06e416c07d00d047f0,2,62d8daeee0db3a60c234c2d1bfd10651,d2374cbcbb3ca4ab1086534108cc3ab7,2017-08-15 01:45:06,24.9,11.85
72c8f22acc8e3ccdb8fd335aef2c00a2,1,4c1e109ecdf58453de365d217cefa64c,4e922959ae960d389249c378d1c939f5,2017-08-31 15:35:29,120.0,16.6
72cd8348e9ca7da3caf7a2c3f09ec40f,1,323c53e2d6f8bace877b0df931ab58f9,1900267e848ceeba8fa32d80c1a5f5a8,2017-08-11 20:25:19,54.99,16.14
72d57326ad4cc10d180de3fd4cf1afc9,1,7d37c36ca8a92b8e5f136a640d2b4816,8931a84a914b3fe9b1ddaa4d704947ca,2017-08-16 10:03:48,99.8,7.95
72da19d53265a57c6e81454bb0c7add3,1,9fb9a39f2e393018aaeb432394aff48f,c03121937e54a93fcc1825c3098bbb6e,2017-08-27 23:25:34,149.0,25.59
72de821f9fedd9cc09a60fcbc06e698b,1,601a360bd2a916ecef0e88de72a6531a,7a67c85e85bb2ce8582c35f2203ad736,2017-08-30 01:45:35,107.99,23.88
72de821f9fedd9cc09a60fcbc06e698b,2,e7db7c40ea6647c808d48581f1308d88,1d8dbc4f32378d715c717c1c1fc57bae,2017-08-30 01:45:35,109.9,13.14
730829b3aeb0e111d1d9bcb2b04c3179,1,159e7e73295b609960c0797eb64b3d39,a420f60ff1aa9acc80d0e42959f2b313,2017-08-30 07:30:12,139.0,8.23
731adfc56466bffeb31938efd036b0c6,1,a0c39dee6817bb443090f9248eeafa4c,7c67e1448b00f6e969d365cea6b010ab,2017-08-24 19:44:21,189.99,39.35
73314e79b29b8857a78a32853790a9d0,1,dc68ee0fcb033a1ab6714fbb5db60c15,02d35243ea2e497335cd0f076b45675d,2017-08-24 02:35:17,249.0,48.27
73357471c1622c6492352c7cce44eddc,1,43f88c8353708451babf9bcdd1fda92a,cab85505710c7cb9b720bceb52b01cee,2017-08-21 12:03:55,49.9,7.78
734a45cad1f49226013e72303953d6ad,1,9926323a78ee2ba9e3b282efce191cff,8602a61d680a10a82cceeeda0d99ea3d,2017-08-11 16:55:19,35.0,14.1
734a45cad1f49226013e72303953d6ad,2,bd481cb85531aa8ef9c09eb9e6a9e0a9,20d83f3ef0e6925fd74bfd59170babf7,2017-08-11 16:55:19,38.9,14.1
7354aed5e2d142803a8121059f1e9324,1,8b6ed41158b194711f83b8da92757544,e9779976487b77c6d4ac45f75ec7afe9,2017-09-01 00:30:26,16.48,17.6
7354aed5e2d142803a8121059f1e9324,2,8b6ed41158b194711f83b8da92757544,e9779976487b77c6d4ac45f75ec7afe9,2017-09-01 00:30:26,16.48,17.6
7364c719f78ceaaa61ca4e933a4e6022,1,c6e4e4c07bcb50a1dc0d54fbbb7ebbe7,9674754b5a0cb32b638cec001178f799,2017-08-07 19:15:10,119.0,18.4
7369ddd3164bb598080bcee19efcc482,1,f1c7f353075ce59d8a6f3cf58f419c9c,37be5a7c751166fbc5f8ccba4119e043,2017-08-11 17:15:21,205.0,22.27
737750ec93ce0309b44d477651bf0642,1,d44044e34c071272f708ec2e6fa3ddfe,9485a23c0430ba1d58d359391606fce6,2017-08-10 19:45:11,299.0,10.29
738a72a43a2a56d21dbe8874ffddd1af,1,242edc6b84c00f0d48c664a020a92c52,6cd68b3ed6d59aaa9fece558ad360c0a,2017-08-24 11:45:07,54.9,15.14
739409a92249367522a31eb8ee6161b8,1,02ce467092b184e71d3967d29110adc1,7c67e1448b00f6e969d365cea6b010ab,2017-08-15 03:05:47,169.99,53.79
739bb3840069271e1c2a54f5b485b695,1,e3425df9bd51be69917273c9dd92ed5e,86ccac0b835037332a596a33b6949ee1,2017-08-31 20:04:54,67.9,19.72
73a1b2c642b36dc0c5930e4b654ce46f,1,2b4609f8948be18874494203496bc318,cc419e0650a3c5ba77189a1882b7556a,2017-08-23 03:25:21,89.99,21.43
73afa0a1713acd1377a6473373016351,1,d39421ec4cc2bf52e35f8bf00f1ec314,cc419e0650a3c5ba77189a1882b7556a,2017-08-22 15:45:10,49.99,20.75
73b89ce5c0496124b1f1a2850a0bcfae,1,54af11c815f92135fb554bd9c97dd418,004c9cd9d87a3c30c522c48c4fc07416,2017-08-16 17:38:07,69.9,17.74
73b89ce5c0496124b1f1a2850a0bcfae,2,54af11c815f92135fb554bd9c97dd418,004c9cd9d87a3c30c522c48c4fc07416,2017-08-16 17:38:07,69.9,17.74
73c0786753e32171d5d1bba1e682b4ba,1,426844dd9ed9ae105a5d4b3f1e18becc,c8417879a15366a17c30af34c798c332,2017-08-15 02:55:48,14.9,16.79
73ce66a5f57c87bb706302f36d5db278,1,11875b30b49585209e608f40e8082e65,669ae81880e08f269a64487cfb287169,2017-08-17 01:55:16,65.0,25.73
73d31477d79e7d244fe031d4b2c9c58d,1,b1acb7e8152c90c9619897753a75c973,cc419e0650a3c5ba77189a1882b7556a,2017-08-29 13:05:16,34.99,7.78
73d5294ae18f1a7bf585f09e68bff19b,1,6a8631b72a2f8729b91514db87e771c0,128639473a139ac0f3e5f5ade55873a5,2017-09-06 01:10:11,24.9,34.15
742bb86f369fadd10d68946fd903aaed,1,d418ddef3e7017381084956220b00b9d,d91fb3b7d041e83b64a00a3edfb37e4f,2017-09-06 19:55:12,11.4,8.27
7436f90385ad44df26975c86ee59e085,1,b72dc9d458ca694e434d1436566693cf,db4350fd57ae30082dec7acbaacc17f9,2017-08-28 16:20:20,21.99,7.78
74392b22a4cf55ce851b04ca127f6ca6,1,222efa72a47277d611b8b38d71149afd,cd06602b43d8800bd0afad514919d35c,2017-08-10 12:05:51,6.0,15.1
74662215aaa1cd3e23a999f6de5e791d,1,23601216d4de33d54c6801f27dc59357,1d8dbc4f32378d715c717c1c1fc57bae,2017-08-22 12:45:15,109.9,18.02
74851b1eea867c905d24b4a96306af8b,1,7fb04722aba7a2b632bac8f9819796f3,f3b80352b986ab4d1057a4b724be19d0,2017-08-31 09:05:17,79.0,19.79
74a2402aa92d4f9c9685c890e61fd606,1,7af541d714ea3db608971a40b8f507cb,05f51e13da97139648b8125c31e5f51b,2017-08-31 16:25:20,419.9,57.38
74d77b51e4f28bc2b7a17ec496e2dff6,1,8729e9bc4b7f0422448d80ed35ae329d,2e1a7d075abe038c1b2743005fe42ff1,2017-08-31 15:35:10,67.9,19.72
74f2f26b7d6a438e241f9ad86133299c,1,8ef18e8943b9f07649b045b72df449cb,7aa4334be125fcdd2ba64b3180029f14,2017-08-21 11:50:10,96.99,29.08
7500d5a4909cd75ba164ec4d1fdfc3fc,1,5f504b3a1c75b73d6151be81eb05bdc9,834f3294fba9f932f56edc879193f925,2017-08-16 21:55:22,572.0,64.74
7511a8e7c7e991e0e129c3fa111404c4,1,15804bf9d24b0ff5a052ef9280ad6e63,91543f9849d68d023e17194926598543,2017-08-10 03:05:10,199.0,43.8
7520a4f97d875cef28e46e627eaaf336,1,81dba264e2c91829b19c58fa6eb33072,77530e9772f57a62c906e1c21538ab82,2017-08-30 21:24:10,49.0,27.2
7520a4f97d875cef28e46e627eaaf336,2,81dba264e2c91829b19c58fa6eb33072,77530e9772f57a62c906e1c21538ab82,2017-08-30 21:24:10,49.0,27.2
752b45c0651b32a09e039fa03504d3f0,1,beaf3fee881a18c9b8f551d4fc88f90b,6df688df543f90e9b38f4319e75a9d88,2017-08-16 13:03:41,25.73,13.37
75434d9f9fce6b4c6cd9f4736db6fa16,1,22fc8dc1de226d2a731f5fa50303c388,96493fab2fbb13a14d0c0e8772eef5c3,2017-08-14 19:45:12,269.0,20.42
7563534c425e6edb193376cf1103be5f,1,4cac1a12a6fe9ffba4a9556dbe582e28,7ddcbb64b5bc1ef36ca8c151f6ec77df,2017-09-05 02:15:59,25.99,34.15
7571d2e7a9f69174c92679c6018a13ee,1,40609ed7bf566f65da3424c1f2d1949a,b90e891671cffd9557f33a97dc523645,2017-08-24 17:35:16,110.0,9.33
75b243673e2423675b74c7f34610610c,1,63d6e7ab30f482382c9dfbbccae7da54,b2a6d334e2833acea353624840e25a0e,2017-08-10 19:05:14,68.89,8.72
75d356a1c924fad59ba5ed142004e9de,1,29427de7f8a9ee983d9dbc51cec569b4,7a67c85e85bb2ce8582c35f2203ad736,2017-08-30 10:45:17,99.99,11.9
75d592e235731df502636b3cc6c7d1f4,1,47de5f36ace720b578ca1b30d0b45b8d,af4a0e4cfe1d9c26b6712b1be25a72e5,2017-08-14 04:31:44,248.99,17.5
76174e4ebbe4b654f039d34d6e3d8a81,1,461f43be3bdf8844e65b62d9ac2c7a5a,4869f7a5dfa277a7dca6462dcf3b52b2,2017-08-14 15:30:27,169.9,17.63
761d1ebbd0e356d78eb6a1a50cb16662,1,bd79fe0e3fca6af51533479baccbf09b,6fc26fe110feebd80a433e1f012a84f9,2017-08-27 22:06:07,59.0,16.17
761d1ebbd0e356d78eb6a1a50cb16662,2,bd79fe0e3fca6af51533479baccbf09b,6fc26fe110feebd80a433e1f012a84f9,2017-08-27 22:06:07,59.0,16.17
761d2a6c3fc081b13c3cbfa01c4a8c37,1,fecf6223a3494f35362f670e571d2a04,3db66a856d18a9cba7c9241fc5221c50,2017-08-24 00:30:15,69.9,16.25
762a7b629bb1c6b72ee7f71f72ce3fbd,1,88dd63919fc9ab693803578a04a20209,7ddcbb64b5bc1ef36ca8c151f6ec77df,2017-08-09 16:33:10,34.99,7.78
7630cf9ad47735d82f65e6e87beefb73,1,b679d5bb7f856462949885d34fad2622,33ac3e28642ab8bda860a2f693000e78,2017-08-23 21:50:15,104.9,14.48
763535b0c06295b76a722375e74ff694,1,35e2ccd07a55da4eaf8c613e6d8c92c4,dbb9b48c841a0e39e21f98e1a6b2ec3e,2017-08-22 11:24:29,49.99,14.1
763baf4e9136a2dcdee675d0e678a8a1,1,a1b156a0925874f584d8d0cb45a962ba,febab0275244b9a49a623f0bd613ca2f,2017-08-21 09:35:21,73.99,42.75
76431a049e67e903e616499cb2b32f0c,1,c43ab4269cbf91b373263db4c2973cad,48436dade18ac8b2bce089ec2a041202,2017-09-08 04:35:39,51.9,16.12
7656f4ca2d491ba4f1ecb0d8779e5e7d,1,8cc8c4d7141c82262576156f95ff3907,850f4f8af5ea87287ac68de36e29107f,2017-08-09 06:15:13,99.0,9.51
765d8e5f6a9d496c895d21bb271ff1e8,1,cd2ee35bb109c0ee5b598cae174880bc,dc4a0fc896dc34b0d5bfec8438291c80,2017-08-31 12:06:08,70.74,16.26
766124568755c2d14e514a04f30cf920,1,53b36df67ebb7c41585e8d54d6772e08,4869f7a5dfa277a7dca6462dcf3b52b2,2017-09-05 23:25:11,169.9,12.69
766604e12d26178b47d6f8cb51784f54,1,d5991653e037ccb7af6ed7d94246b249,25c5c91f63607446a97b143d2d535d31,2017-08-28 03:25:11,144.95,18.26
767482d809d4cc358e3ac5ecb4204d07,1,15f17270133dfedc0e1064782a60e374,f44b6f775a2b390380e0e30b5c9d3eee,2017-08-24 14:05:10,299.0,46.55
768660774242dac542b536c230d3a488,1,887ce53cffeba9788502f60e33f1fcf3,cca3071e3e9bb7d12640c9fbe2301306,2017-08-22 21:35:21,125.93,16.64
768a46b77a2e365b60de87041473343c,1,3215010238fcd9cab6ba7d2b81a6973d,aae3bfea055532c57fb453ed3ec80b30,2017-09-08 02:24:49,28.99,34.15
76a144984e527482dad02200366231c1,1,9824c8a777b0a6ec687de43501ba3aba,23d7c96d4a1160db1c726b248601b25a,2017-08-15 23:25:10,239.9,16.43
76a1ee4ee17ea3b77f3c483c0a73e9c1,1,f03859e4cc21018569f5ae7a03897ff4,7299e27ed73d2ad986de7f7c77d919fa,2017-08-10 14:55:13,45.0,34.15
76b95d1df7db4efef64048b3f7653dc8,1,5cac6a83708526b99c11e11027ae1ca6,e4fc40017a6d22c46a14ac2e17f87c3e,2017-08-09 03:15:34,129.0,134.78
76c8089e946c8fd0cea2f819f1aa6d78,1,ac7a56c6ca5262e3a3fb15581c087cc6,1127b7f2594683f2510f1c2c834a486b,2017-08-16 03:15:22,43.21,15.1
76ef0609633755e00097957236215e2d,1,69d3ff4f45d52d69e4b06760e0e154e2,7b0df942f46435babab05d49b744b2c4,2017-09-06 20:25:12,1048.0,24.59
76fdd96b734e602ecb2dbeab4a03a865,1,c857b96593773e940454e76efa8eabb3,cca3071e3e9bb7d12640c9fbe2301306,2017-08-09 22:23:35,51.92,16.12
773091ea5794bbdf9e81ad2fde5f782c,1,4520766ec412348b8d4caa5e8a18c464,16090f2ca825584b5a147ab24aa30c86,2017-08-28 13:45:49,40.0,15.1
7747943a54b29512ff1101e3881e5df9,1,6c75a613c78086bc739497cfc7b14f7f,5b67882648febfb6e1225e6ad7164f6b,2017-08-17 04:24:38,120.0,18.09
7747943a54b29512ff1101e3881e5df9,2,6c75a613c78086bc739497cfc7b14f7f,5b67882648febfb6e1225e6ad7164f6b,2017-08-17 04:24:38,120.0,18.09
7766424657aa0cfbf1703f9550144964,1,3e31fd1419cc4cd6adad1925e72e3a03,48436dade18ac8b2bce089ec2a041202,2017-08-14 11:43:36,55.9,9.27
7769fd866a4a22e50c08f6dcdeb462b7,1,8b7a9eed0d30c43346eb8de2d821b2fb,cd843d4cf8ef32827de0396605163ba3,2017-08-23 00:05:41,289.0,81.92
7773180c4a22f3438081f3a2b32f86d3,1,61937887eb6ee0b405a5759756426486,282c7480173bb9c01dd41cc739fec010,2017-08-25 16:25:53,799.9,20.35
77ac5289e1fb34a1b4236cc77bf62866,1,f1c7f353075ce59d8a6f3cf58f419c9c,37be5a7c751166fbc5f8ccba4119e043,2017-08-09 22:00:16,205.0,24.81
77b186cb82b0157522fdab38d85c4807,1,617186c3d97ea56c9c683a8a3974e8c1,cc419e0650a3c5ba77189a1882b7556a,2017-08-21 19:30:22,84.99,15.34
77be5fd20b7a094653fc11f969c22eea,1,cbd2c1ba72b7f4ce36a69fd430c019ae,6d803cb79cc31c41c4c789a75933b3c7,2017-08-25 02:25:52,165.0,18.51
77c43b0d85b0e24c2971c19123249abb,1,dbfa741e0e5dfae13c9f023d8b8cbd96,05f51e13da97139648b8125c31e5f51b,2017-09-05 02:10:18,129.9,18.19
77d4a04d4a453d14c0a086cfd2f00fec,1,c857b96593773e940454e76efa8eabb3,cca3071e3e9bb7d12640c9fbe2301306,2017-08-21 21:45:25,51.92,16.12
77de735385f248a39145574246962d8e,1,bc74f63361c15c1a5baa5b97ac432e62,4869f7a5dfa277a7dca6462dcf3b52b2,2017-08-14 23:55:12,199.0,16.14
77e08d0d687052633b1762f099173ae8,1,85a53ff2878f9c7acfcccc794b79cc66,fa1c13f2614d7b5c4749cbc52fecda94,2017-08-14 03:55:28,239.9,16.43
77e30dea9bbb161e9d91918418f4aafa,1,11875b30b49585209e608f40e8082e65,669ae81880e08f269a64487cfb287169,2017-08-10 07:55:09,65.0,12.7
77f35737e8ff2ae16bb726e3e1125861,1,0aabfb375647d9738ad0f7b4ea3653b1,37515688008a7a40ac93e3b2e4ab203f,2017-09-05 22:35:22,19.9,15.1
780ad1f62e8addd660006ff0a20c1e57,1,422879e10f46682990de24d770e7f83d,1f50f920176fa81dab994f9023523100,2017-08-24 18:35:06,59.9,13.44
780d2033f54e261503435dd8a2873909,1,4f0a445aa70e0bcec25ba0ef7c7e863e,25e6ffe976bd75618accfe16cefcbd0d,2017-08-22 21:45:38,129.6,9.72
78278e87bcd17ccb24ec5c720a19c073,1,e3e8e08714c40e0101bd225f06bf4fef,f8db351d8c4c4c22c6835c19a46f01b0,2017-08-29 11:15:27,24.9,9.27
783c795ca45c01ac1ebe459d8c26751d,1,73258e01fadbaf7648577beb152e1320,87142160b41353c4e5fca2360caf6f92,2017-08-18 06:43:31,30.0,17.92
783c795ca45c01ac1ebe459d8c26751d,2,73258e01fadbaf7648577beb152e1320,87142160b41353c4e5fca2360caf6f92,2017-08-18 06:43:31,30.0,17.92
783c795ca45c01ac1ebe459d8c26751d,3,73258e01fadbaf7648577beb152e1320,87142160b41353c4e5fca2360caf6f92,2017-08-18 06:43:31,30.0,17.92
786fc675ce44d2428b2dd7acff0d890a,1,c09d788af5101df1f542712d2968d4df,5075aaa8404020ae6aa8bf4792099b41,2017-08-25 09:44:21,83.5,21.63
7870e4898f865975acb43fb1c282f4d3,1,fa23bf270fb9880690b07d09b9f9ff20,1b8356dabde1d35e17cef975c3f82730,2017-08-10 17:42:58,59.99,9.34
7891c58fcaf852455c9b8ed210e31a4c,1,b520b78a494cbd6e36d7a1c64cdffe0b,b3f19518fcec265b2e97af287725f981,2017-08-29 02:46:57,41.99,16.11
789eec4aa6c40d54f13b10fda63ed34e,1,37c4348304039a0f963eb67b5eeb0710,8e6cc767478edae941d9bd9eb778d77a,2017-08-10 15:32:29,14.28,17.6
789eec4aa6c40d54f13b10fda63ed34e,2,37c4348304039a0f963eb67b5eeb0710,8e6cc767478edae941d9bd9eb778d77a,2017-08-10 15:32:29,14.28,17.6
789eec4aa6c40d54f13b10fda63ed34e,3,37c4348304039a0f963eb67b5eeb0710,8e6cc767478edae941d9bd9eb778d77a,2017-08-10 15:32:29,14.28,17.6
78cf50046b61f1f374ab7dc4a12bd20d,1,601a360bd2a916ecef0e88de72a6531a,7a67c85e85bb2ce8582c35f2203ad736,2017-08-17 02:51:10,118.99,18.08
78d1a1bbbf97f4303c3f844a36ed66c5,1,376c3b8593f2ab163a7c1036e8307123,6039e27294dc75811c0d8a39069f52c0,2017-08-11 12:03:17,119.9,27.16
78d1bb8db7414297b33c18163f8308ec,1,f837b6a7e6740b19b2fa33c267fd8e7c,440dd6ab244315c632130ecfb63827b1,2017-08-22 11:35:14,69.9,17.74
78dec59f50d90e8c0cb22eff4dac7b07,1,54b755678728b84472c2b654ac4de777,a3dd39f583bc80bd8c5901c95878921e,2017-08-29 08:45:37,53.89,21.18
78ed31442f1dba103a38d372eff51503,1,422879e10f46682990de24d770e7f83d,1f50f920176fa81dab994f9023523100,2017-08-22 02:45:07,59.9,17.67
78fd4a4b2afff4fcbca37fab3ed1b0e6,1,c0332d0c0813a4e26badf2e7f0b348cf,fa1c13f2614d7b5c4749cbc52fecda94,2017-08-30 14:45:20,579.9,24.86
7900ff338051fc207475b59ae5465060,1,450a44fbb7995e0ace31991a2bb05470,1b8356dabde1d35e17cef975c3f82730,2017-09-05 15:32:54,32.99,17.6
790d76ecee0d65041c076a17d0dfd11d,1,5f504b3a1c75b73d6151be81eb05bdc9,834f3294fba9f932f56edc879193f925,2017-08-11 12:03:26,572.0,113.45
792d05bf62b6d307527fcda2643411f9,1,154e7e31ebfa092203795c972e5804a6,cc419e0650a3c5ba77189a1882b7556a,2017-08-29 14:15:25,23.99,7.78
794aed17c07925f8c6138132f58bacb0,1,53b36df67ebb7c41585e8d54d6772e08,4869f7a5dfa277a7dca6462dcf3b52b2,2017-08-21 23:04:22,159.9,15.87
794d8552a259e61b5e8a46a573c77b41,1,c7b3cf9de7be95b3e09e7a63315685eb,5dceca129747e92ff8ef7a997dc4f8ca,2017-08-07 17:15:15,99.9,61.44
79597476f66eca86b13c1a7220db1d1f,1,098c8d862a494bb5926e558a87687768,7a67c85e85bb2ce8582c35f2203ad736,2017-08-15 22:45:16,199.99,12.6
797fec22e68f5cadeda77e283dab6365,1,ba85af910c6f4624929eaf3879d72321,59b22a78efb79a4797979612b885db36,2017-08-16 22:04:49,59.0,16.85
79825575fbf14d70f89cdf4643ff4e77,1,c710d4f0236009b5f3091aa6ccdc4760,5f1dc28029d2c244352a68107ec2b542,2017-08-16 23:10:19,38.9,20.84
799f11bf34b4fcf6d45f6e2399907cf0,1,24dd446745b812ef3347d7ae00f5541f,4e7c18b98d84e05cbae3ff0ff03846c2,2017-08-28 04:07:03,98.0,17.94
79a05edf91062a44fa6e79b0f6bbf308,1,dfe123265435bbc08b40fc418f66d9a3,7c67e1448b00f6e969d365cea6b010ab,2017-08-31 21:15:23,219.99,74.49
79bf1be9cc63325cf6a59d764513d522,1,99a4788cb24856965c36a24e339b6058,4a3ca9315b744ce9f8e9374361493884,2017-08-22 15:15:23,89.9,17.88
79bf72439e98b57a6f36b8ef0fcaea93,1,2515eea3c60c67ecbb38b2f6b72733a3,aafe36600ce604f205b86b5084d3d767,2017-08-31 22:50:13,110.0,29.17
79c05a5c6f400fdbdc0de8fdf288f22a,1,99a9a8fc2d8c8a57d46b5a50536f544b,46dc3b2cc0980fb8ec44634e21d2718e,2017-08-24 19:24:38,199.99,36.72
79ce453b9e3dc21f91d306eb1df8bb2a,1,24dd446745b812ef3347d7ae00f5541f,4e7c18b98d84e05cbae3ff0ff03846c2,2017-08-22 17:44:48,98.0,17.94
79e5ae80172f5697f2402439382f2d77,1,af51d485dc5255ba2e18b21b550156e6,5dceca129747e92ff8ef7a997dc4f8ca,2017-08-14 10:43:28,289.9,70.39
7a0b657901f79cf17980c043f9536dcf,1,4a69baa66a13d1adeb41cfe3bc0c27be,bbad7e518d7af88a0897397ffdca1979,2017-08-30 21:50:22,99.9,15.46
7a2caaaf6f039835babfdf9aea003412,1,4de0f4caa802cd42528a25232c915283,1284de4ae8aa26997e748c851557cf0e,2017-08-30 22:07:37,749.99,39.05
7a3a4c5896913ed2752b8336b1f0f0b1,1,57d2fa6882b789ad55e86074398826c4,afe0067131b73e40875c9b6c10bd2e21,2017-08-29 02:50:52,89.9,17.07
7a4fcf4968eae315c36ea7fd2f67ad34,1,475e8a9ddbebf13af503d1c7eccadb1a,f8db351d8c4c4c22c6835c19a46f01b0,2017-09-04 08:45:28,135.9,25.79
7a5aed0d72e6d10c96bb2cfc571fe4b2,1,866698de88814bef4b451bd37459723c,53e4c6e0f4312d4d2107a8c9cddf45cd,2017-09-06 14:05:33,49.99,9.34
7a5aed0d72e6d10c96bb2cfc571fe4b2,2,866698de88814bef4b451bd37459723c,53e4c6e0f4312d4d2107a8c9cddf45cd,2017-09-06 14:05:33,49.99,9.34
7a5aed0d72e6d10c96bb2cfc571fe4b2,3,866698de88814bef4b451bd37459723c,53e4c6e0f4312d4d2107a8c9cddf45cd,2017-09-06 14:05:33,49.99,9.34
7a5aed0d72e6d10c96bb2cfc571fe4b2,4,866698de88814bef4b451bd37459723c,53e4c6e0f4312d4d2107a8c9cddf45cd,2017-09-06 14:05:33,49.99,9.34
7a648e7b0dcf4e65e1348e16a245eca7,1,fa23bf270fb9880690b07d09b9f9ff20,1b8356dabde1d35e17cef975c3f82730,2017-08-10 11:23:11,59.99,9.34
7a7479ce34e70289b2545041300044a6,1,53b36df67ebb7c41585e8d54d6772e08,4869f7a5dfa277a7dca6462dcf3b52b2,2017-09-01 01:44:53,159.9,15.87
7a8cc403293bdadea04f2c93aeb91a4c,1,7ea73eb6e7e6ebb1113ba90f839b3402,af4a0e4cfe1d9c26b6712b1be25a72e5,2017-08-21 03:25:44,1079.99,55.0
7a8cc403293bdadea04f2c93aeb91a4c,2,7ea73eb6e7e6ebb1113ba90f839b3402,af4a0e4cfe1d9c26b6712b1be25a72e5,2017-08-21 03:25:44,1079.99,55.0
7a95f5626df09176d8823cbce3d9db1e,1,55103cbbe0851d3a303a022cc4140628,d1b65fc7debc3361ea86b5f14c68d2e2,2017-08-17 23:30:18,199.9,23.4
7a977daeefe13a57132b21579049d020,1,45c16b5961d3c6b54f202121673a2c44,3b15288545f8928d3e65a8f949a28291,2017-08-21 20:45:18,175.99,16.86
7a9f1869ace3e3dabe41cef449258401,1,004ffcbfa5aac82212a95bc972ea8a85,8603f0038fe0e52fedd3382d266723de,2017-09-13 14:25:17,229.0,34.66
7ab6cfd1c7de48039c6385422df7dce2,1,aac347ae582fb6041aa2ee59b68a813a,3078096983cf766a32a06257648502d1,2017-08-29 02:50:11,129.9,18.16
7abe199d448d327b3bb1150d2cf17ca4,1,4fcac8e09620cd87a5e5283e6748da67,119d1aef1b4144adba89163f6cd9f5d4,2017-08-10 14:15:18,298.0,51.78
7adcb3fbea63cc564e4cab47e33354b4,1,b0835e7780b8ccb0ee25440576992a23,2138ccb85b11a4ec1e37afbd1c8eda1f,2017-08-13 23:03:18,15.99,7.78
7af09f41da0338028361e811ca9d4421,1,4a211fb7f2b6822d48f63629207a9f7e,9674754b5a0cb32b638cec001178f799,2017-08-08 16:43:33,15.9,9.34
7afdc3b6a07730a765885e34841551de,1,fd445af3bbca370905733a0bf87b89bd,66e0557ecc2b4dbea057e93f215f68d8,2017-08-17 14:23:47,454.0,23.98
7b232b239a1cddecaf6d757b4bb3a0ae,1,7dc0fd89c290eb0b3e5253d19be59f6f,b416191c9813d821a295cfabafff4161,2017-08-22 14:24:32,58.9,16.17
7b25b2356eef14019a831a9c9636c146,1,9165e7a5f9ef266f66ca19a816cdc657,48436dade18ac8b2bce089ec2a041202,2017-08-16 23:25:47,125.9,23.75
7b2a9a13d7bcc1141fbde63aed943e6d,1,99a4788cb24856965c36a24e339b6058,4a3ca9315b744ce9f8e9374361493884,2017-09-03 23:55:21,89.9,17.88
7b324b5737fa42a7fb6df7c3769c3c9f,1,422879e10f46682990de24d770e7f83d,1f50f920176fa81dab994f9023523100,2017-08-21 21:24:50,59.9,13.44
7b3f806a3a00dc7b0c3ab0dd548842ee,1,0e1cd2215a878ad18b2c0b482330a9aa,e24fc9fcd865784fb25705606fe3dfe7,2017-09-04 14:44:13,159.0,12.61
7b54f413e57e620ba1cfca072be00075,1,7fb04722aba7a2b632bac8f9819796f3,f3b80352b986ab4d1057a4b724be19d0,2017-09-05 00:36:11,79.0,17.8
7b54f413e57e620ba1cfca072be00075,2,7fb04722aba7a2b632bac8f9819796f3,f3b80352b986ab4d1057a4b724be19d0,2017-09-05 00:36:11,79.0,17.8
7b552795a31c3247f5e0d3bc02addcfe,1,a314a62cff3e5725f545fa263aed7a7b,d2374cbcbb3ca4ab1086534108cc3ab7,2017-08-24 09:50:18,22.9,11.85
7b905861d7c825891d6347454ea7863f,1,fb55982be901439613a95940feefd9ee,3d871de0142ce09b7081e2b9d1733cb1,2017-08-24 10:04:56,79.0,17.8
7b994fc7c7528d2098eebcb19d18ce7e,1,9ab61676eb915c81c3c893adca21364c,dc4a0fc896dc34b0d5bfec8438291c80,2017-09-04 09:30:17,83.36,16.34
7ba156322cab03ab9b1d3ecc8cd31d33,1,422879e10f46682990de24d770e7f83d,1f50f920176fa81dab994f9023523100,2017-09-05 06:44:53,59.9,28.82
7bab9330fbefd3749e98cbd2b84800d7,1,f1c7f353075ce59d8a6f3cf58f419c9c,37be5a7c751166fbc5f8ccba4119e043,2017-09-05 14:25:27,195.0,0.0
7bb49ae162145b926eb697dbd5821f6a,1,cb6c1c21ebc9c153a7baf319c515657a,85d9eb9ddc5d00ca9336a2219c97bb13,2017-08-10 10:35:20,31.9,14.1
7bf07dae0e08f5a2b54f5d784c8bdd12,1,67aff847e5cccbb062dde92b68122879,fa1c13f2614d7b5c4749cbc52fecda94,2017-08-09 22:05:15,579.9,18.81
7c018c94d1f3d9ac7affec4cde6e111f,1,92d9e76c3678dc402b5d1a49f1ccc7f2,004c9cd9d87a3c30c522c48c4fc07416,2017-08-31 02:50:31,117.99,43.24
7c0ce5e0916d0bca80839ea19d6112c7,1,7775d718fa8dfebe8015e6e5ee3dc5be,c24173065483e421f9e5e7f599de101d,2017-08-10 11:23:14,37.99,7.78
7c16f82261b598ba393f29f1d992c1d8,1,0bcc3eeca39e1064258aa1e932269894,1f50f920176fa81dab994f9023523100,2017-08-10 02:55:18,59.9,17.67
7c16f82261b598ba393f29f1d992c1d8,2,368c6c730842d78016ad823897a372db,1f50f920176fa81dab994f9023523100,2017-08-10 02:55:18,59.9,17.67
7c191e583fc264b819bc71653e4fc229,1,af51d485dc5255ba2e18b21b550156e6,5dceca129747e92ff8ef7a997dc4f8ca,2017-09-01 17:15:27,289.9,48.74
7c2fcd2de28fdcb260060d733f5ff8dc,1,882ebbd926d1093b09ff76e976866954,0c8380b62e38e8a1e6adbeba7eb9688c,2017-08-31 03:05:51,99.9,31.62
7c2fcd2de28fdcb260060d733f5ff8dc,2,3c9f96101518a345e28a86181196b45a,38102b031c2a15e54623d711bfc753d3,2017-08-31 03:05:51,48.0,5.27
7c2fcd2de28fdcb260060d733f5ff8dc,3,882ebbd926d1093b09ff76e976866954,0c8380b62e38e8a1e6adbeba7eb9688c,2017-08-31 03:05:51,99.9,31.62
7c3b51d43ff0ed3ecf74550b124dde61,1,1bfe62f326ac7bec0f5a83c10cfff228,3d871de0142ce09b7081e2b9d1733cb1,2017-08-14 03:50:29,54.9,16.14
7c3e480eb90c173aae4ffde40bbaec26,1,7f1a77bec0639e473392e91a504272a5,48436dade18ac8b2bce089ec2a041202,2017-08-29 02:55:54,58.9,21.32
7c3e480eb90c173aae4ffde40bbaec26,2,e19ed24240b0a59787d78d68f6dded7b,48436dade18ac8b2bce089ec2a041202,2017-08-29 02:55:54,49.9,12.45
7c6fd3dc4e3c696906ccc6a37a12da9c,1,99a4788cb24856965c36a24e339b6058,4a3ca9315b744ce9f8e9374361493884,2017-08-08 14:10:12,89.9,12.13
7c7476b2d50d3aebeed24b79cbc8fb3d,1,c0350d6ac413eda4641bf92ab687f1b5,f214d28e8d8e3ef068748498ccc2f813,2017-08-17 12:25:16,19.99,11.85
7c7b5f633170511dbd889d3c4b2794bc,1,b8b8c1d09039868046cdc2251e973b1b,3b15288545f8928d3e65a8f949a28291,2017-08-20 22:05:19,145.99,18.27
7c88ddf8606e3f7894758e90a6bbc399,1,15d8ac236009f0d5e74a5033a53ba460,710e3548e02bc1d2831dfc4f1b5b14d4,2017-08-10 16:43:10,309.99,21.41
7c8a032bb75e0e4d524b14ba147d4ba5,1,9a7c6041fa9592d9d9ef6cfe62a71f8c,439a47cc365d6e3bd526812ea9de3c29,2017-08-25 15:50:13,127.5,17.14
7c906aa48a52d3bce05f693a57b5d1f2,1,f03859e4cc21018569f5ae7a03897ff4,7299e27ed73d2ad986de7f7c77d919fa,2017-08-08 19:45:15,35.0,15.1
7c921161980003eac272f619f2fa5776,1,2a4d7470cdcf5e02f7ad83e56971bb80,e067ad2c1c0b48758eb1b5228bcf7a68,2017-08-23 00:30:16,115.9,53.41
7c9956750739a47dba7a6928ba2f0245,1,53b36df67ebb7c41585e8d54d6772e08,4869f7a5dfa277a7dca6462dcf3b52b2,2017-09-04 05:33:05,159.9,12.62
7ca8c6011b3587c9b445d53f3f9adb7a,1,8d37ee446981d3790967d0268d6cfc81,1900267e848ceeba8fa32d80c1a5f5a8,2017-08-14 04:32:49,56.99,17.65
7cb2307c0136a7780ba260708d733818,1,53759a2ecddad2bb87a079a1f1519f73,1f50f920176fa81dab994f9023523100,2017-08-22 00:45:12,59.9,17.67
7cb2307c0136a7780ba260708d733818,2,53759a2ecddad2bb87a079a1f1519f73,1f50f920176fa81dab994f9023523100,2017-08-22 00:45:12,59.9,17.67
7cb37a7683b730111ec9b816a16e9f18,1,73c5d3186138770b5ae53055adf10ad9,c157bdeedcbc9a8e3c8bf0d87ff24428,2017-08-25 12:44:25,24.9,16.11
7cb37a7683b730111ec9b816a16e9f18,2,73c5d3186138770b5ae53055adf10ad9,c157bdeedcbc9a8e3c8bf0d87ff24428,2017-08-25 12:44:25,24.9,16.11
7cd531162eef394b7fb7def6cc0a9192,1,86133a2151bd98a3ed2ad758709e6d1b,f27e33c6d29b5138fa9967bcd445b6d5,2017-08-16 21:15:23,59.9,14.17
7cd7446904e8e1b7bf7ca80444f1dffa,1,cf67ebdec22e11186b2129b5852f981b,c8b0e2b0a7095e5d8219575d5e7e1181,2017-08-31 18:41:25,169.99,16.95
7cd9ffeaee65a09e32ccf456b90784df,1,2d72cf7f8c3240028550efb165045073,83deb69e889cf80f82be1dc6d5f2d486,2017-08-28 04:26:23,53.6,25.66
7ce665a17cd6cb68137dc2816937a8a5,1,eb8d25c0cd79b71775e91ed30a8fb8e8,c113b8df1fc375bc3d73d29c1b1144d1,2017-08-08 16:55:07,97.0,16.93
7d0144fb77e164cc237e6aa0cb4d3a01,1,d0fe4295267f15ccaceac4fb233d8c9a,0db783cfcd3b73998abc6e10e59a102f,2017-08-31 20:30:17,49.9,15.1
7d0a2a03cb9ccd4712c5215e4fdb0c19,1,0d77de0f4137ba0f89d3d25191ce4788,7178f9f4dd81dcef02f62acdf8151e01,2017-08-29 18:35:12,21.9,15.1
7d0ed38550fa692c0dff9a4d0eddb8e7,1,25830cd3f917e51e463f79c181a670ae,e26901d5ab434ce92fd9b5c256820a4e,2017-08-09 14:03:40,29.9,14.1
7d1996e6e2897f39ad7ab248767d66ea,1,4a3b0111d9c112251e4732b44d1d118b,3a734b715d333a2588a3d54a0c9b8746,2017-08-23 18:44:39,110.0,8.96
7d19f4ef4d04461989632411b7e588b9,1,4244733e06e7ecb4970a6e2683c13e61,48436dade18ac8b2bce089ec2a041202,2017-08-16 22:05:11,58.9,13.29
7d25201b841d0a91a003edf192834005,1,1e1172a8b6ae12312c22ccf33625f7ca,e5a3438891c0bfdb9394643f95273d8e,2017-08-21 03:30:46,29.9,11.85
7d4bd3fbe5a300f9dc51aa3c63ad011e,1,d189fbf8b5d79a670cebcaaad68d77b2,0d85bbda9889ce1f7e63778d24f346eb,2017-09-04 04:50:38,59.9,25.26
7d63cb1d349e7bd0ee1edcc61ea71077,1,75d6b6963340c6063f7f4cfcccfe6a30,cc419e0650a3c5ba77189a1882b7556a,2017-08-21 15:45:15,56.99,11.9
7d695cbb791e6b56ac8a913e1fa9fbe8,1,37bc5c7b7dca15cfcbe282fb0dd0bab3,7722b1df1b0e383e000397b2c11e3e19,2017-08-09 10:35:23,13.99,15.1
7d70d52cfcf0813165763717e6d32609,1,0e62e9412bc4636f89f83b9dc9dfd897,004c9cd9d87a3c30c522c48c4fc07416,2017-08-25 02:31:11,133.99,16.57
7d7b903bbd7d3b762ad60115c30185f2,1,ac8e7cf3a658f63dc68dd7f3b8b5f97b,218d46b86c1881d022bce9c68a7d4b15,2017-08-20 22:05:27,107.0,16.38
7d7f3cbab666fd1e2f103d28b2c9bc64,1,4153a770f99ff52971af9c1d6beb422e,25c5c91f63607446a97b143d2d535d31,2017-09-11 14:26:01,728.0,29.94
7d98d1e2ee124ce999d8de65a391b73e,1,c43ab4269cbf91b373263db4c2973cad,48436dade18ac8b2bce089ec2a041202,2017-09-08 02:30:18,51.9,13.24
7d98d1e2ee124ce999d8de65a391b73e,2,c43ab4269cbf91b373263db4c2973cad,48436dade18ac8b2bce089ec2a041202,2017-09-08 02:30:18,51.9,13.24
7db64bdccb109046ffe4247078409ceb,1,ca3fd09ef832923ccad790506d6e0385,3f0e48d209018b466fcd3bb4ccfeb520,2017-08-08 14:25:19,499.9,22.99
7dccc310577a4bbf99e57f1ae7ac587b,1,976f5de0b6a1c79fedf4e1f713251efa,004c9cd9d87a3c30c522c48c4fc07416,2017-08-10 21:23:36,139.99,21.47
7deab6cbf9343cb7de4da33281737c34,1,2028bf1b01cafb2d2b1901fca4083222,cc419e0650a3c5ba77189a1882b7556a,2017-08-18 14:50:07,56.99,15.15
7df3717b5a5609af21ee9e719b68cef8,1,7a10781637204d8d10485c71a6108a2e,4869f7a5dfa277a7dca6462dcf3b52b2,2017-08-16 03:15:46,229.9,16.36
7e052adff60e437b0c8537498c146c84,1,d189fbf8b5d79a670cebcaaad68d77b2,0d85bbda9889ce1f7e63778d24f346eb,2017-08-25 11:15:08,59.9,18.04
7e13a2daaa4fcf44ff99139c10944291,1,068a754dc2d079d7bcd6f254b9a978e2,579891617139df7d8671d373f0669622,2017-08-21 04:15:18,29.9,16.11
7e1aa5eb9a99e5ea0681a7dd4bf95e08,1,aa6a696816c69cb3bffdf42d62642a80,897060da8b9a21f655304d50fd935913,2017-08-24 18:30:17,42.9,11.85
7e25a1c58e68fa94300358caad65b944,1,0bcc3eeca39e1064258aa1e932269894,1f50f920176fa81dab994f9023523100,2017-09-01 09:15:13,59.9,17.67
7e284574be8d83b004427c79e11a1a99,1,2bc88b31190908684ebece09e5358592,12b9676b00f60f3b700e83af21824c0e,2017-08-30 22:24:51,199.0,47.92
7e308fe1aed001a0b8ba1e7f017cafa8,1,d32a2781668246350c2a5cfc1459771c,4bf2f4ee540798a61f9636d12cd9cc80,2017-08-15 20:15:09,190.0,16.08
7e34d6fcce4e3e6e5f06ad143cb3585e,1,dca8cbb1c9d8a2db0fbc0c36b8d1a7bc,6560211a19b47992c3666cc44a7e94c0,2017-08-17 15:25:31,89.0,7.88
7e3f9f89f31e57c84fe4ef9a5bb9bc1e,1,8108bd323f83c37e82b2f8ff9263da19,12b9676b00f60f3b700e83af21824c0e,2017-09-08 12:55:19,199.0,25.94
7e448546180d66b4b7b10eed77a039ee,1,d3c044bd42d84a79e3b0c42662806a48,4c2b230173bb36f9b240f2b8ac11786e,2017-08-15 17:43:53,25.9,17.63
7e44996f9c5d93e3f1fccddf9cf0b4bf,1,f35927953ed82e19d06ad3aac2f06353,669ae81880e08f269a64487cfb287169,2017-08-17 13:23:17,115.0,15.56
7e4a816fdf57a295168f5eb20cda8a1d,1,f4f67ccaece962d013a4e1d7dc3a61f7,8581055ce74af1daba164fdbd55a40de,2017-08-17 10:55:23,241.1,39.53
7e4b03dd0033e5b679e258243d9df206,1,5112b1e13e8bd78e7644a05361e32223,5b8154610ebb21fb90eb587365e673df,2017-09-06 02:50:43,147.99,27.36
7e5755dcda787dcc7269f1698d6372b7,1,fb6782985a98aa8a59238f58239f6f1e,955fee9216a65b617aa5c0531780ce60,2017-08-14 10:10:15,79.99,16.81
7e746592e95b3026beaecc92855b04b1,1,d6771ada82143b0a04ba2cf7690bfcc7,0bae85eb84b9fb3bd773911e89288d54,2017-09-05 02:11:00,43.56,17.6
7e7854ea93e1ac916da1c6a44feef201,1,f1c7f353075ce59d8a6f3cf58f419c9c,37be5a7c751166fbc5f8ccba4119e043,2017-09-11 22:50:10,195.0,14.97
7e7aa7dd23657ca98b6b94fa4ad4c576,1,7cd368b177f37a01149c959266701c1f,f1ed6bd0a9b11b581f16c851c6a5a527,2017-08-31 20:30:12,54.47,26.92
7ec6021176941588f1d92734b1b35cce,1,381402fe1e8aa91c45f813615ab5a596,fa1c13f2614d7b5c4749cbc52fecda94,2017-08-10 15:30:19,339.9,16.13
7ee20272eb00cd391603903aad03de4c,1,1c696af1be46efd0d4028f3f88c7e3dd,f84fa566034f5e8e880a07ec624c56af,2017-08-31 02:10:52,59.9,8.72
7f21d3ca84edda19b1982865712ca42e,1,5aad359a63cbb4fc35ead44346a3eeb4,d20b021d3efdf267a402c402a48ea64b,2017-08-16 03:25:23,10.99,11.85
7f2527b00aba2c4ea2631cbf2a1d0f68,1,29427de7f8a9ee983d9dbc51cec569b4,7a67c85e85bb2ce8582c35f2203ad736,2017-08-10 17:25:20,99.99,30.23
7f33b2f7072ae341ce1f0f20a6d9e9ab,1,f1c7f353075ce59d8a6f3cf58f419c9c,37be5a7c751166fbc5f8ccba4119e043,2017-08-20 22:24:01,200.0,15.01
7f3709520054ab89300a657a5f480939,1,af9418dfcdd7f19b51906a2f32cd6bc0,da8622b14eb17ae2831f4ac5b9dab84a,2017-08-10 18:10:11,149.9,16.68
7f40788714e03b8dda5b7ced37a77e37,1,544ffb995c65fbbe68f36f36e388dede,229c3efbfb0ea2058de4ccdfbc3d784a,2017-08-08 14:10:24,167.0,15.93
7f4998699b2e07dfd8d38d5964637658,1,6610913b9a847f8fc5f66f13dad12680,1336efc61c316ddf92c899eb817f7cae,2017-08-24 16:45:13,19.0,12.69
7f5a0ffdfa3894a89b8436bb48f66719,1,2ffb8b836bb62d53a77a69a67814fffa,391fc6631aebcf3004804e51b40bcf1e,2017-08-24 00:25:38,44.55,12.69
7f7198074b26ee520359379a889980fd,1,3efd399c5d016b9e6a5ad3196eade44f,503c1de08ae81a2d86f17951b204db55,2017-08-29 16:28:06,213.0,29.89
7f923d4f971b7fa555dde1bdc7a9d475,1,75d6b6963340c6063f7f4cfcccfe6a30,cc419e0650a3c5ba77189a1882b7556a,2017-08-31 12:55:17,56.99,14.15
7fcbbecf54e494a7d5a39799686b289a,1,d517de1f2a8247cc1ea2951c4039ae20,7ddcbb64b5bc1ef36ca8c151f6ec77df,2017-08-14 21:03:14,76.99,17.79
7fe47b14b3fcdb2ebedef3da6f118cdc,1,c6336fa91fbd87c359e44f5dca5a90ed,4c2b230173bb36f9b240f2b8ac11786e,2017-09-04 04:55:28,45.9,15.1
7feb7cbdc5d53729f835a1ae49f543b6,1,8264f2dcca3aa83cb217d7f09e9c8cf8,6560211a19b47992c3666cc44a7e94c0,2017-08-24 18:30:16,79.0,15.2
7feb7cbdc5d53729f835a1ae49f543b6,2,86c43103446290e7efacad3701cd654d,6560211a19b47992c3666cc44a7e94c0,2017-08-24 18:30:16,35.0,15.2
7ff1a09b20dab40c3d68630eb3b56a22,1,4d272fe20c57c64dc74b3db191fc31ef,d2374cbcbb3ca4ab1086534108cc3ab7,2017-08-07 21:50:13,24.9,14.22
7ff1a09b20dab40c3d68630eb3b56a22,2,0be487faac01dd57fd7ed17cfbdf2dee,d2374cbcbb3ca4ab1086534108cc3ab7,2017-08-07 21:50:13,22.9,12.44
7ff1a09b20dab40c3d68630eb3b56a22,3,642a40d4d73b4b2604968937de13634a,d2374cbcbb3ca4ab1086534108cc3ab7,2017-08-07 21:50:13,12.9,8.88
7ff4242201726a8804ee6c6adbaa0b41,1,45cfee87da128a8f939226bedd92a72d,718539d38d07dd351c76db862760e2e2,2017-09-11 02:50:37,32.64,11.73
7ff5516d271630c6a60fa2fa469d7b89,1,f0a7113644fce6d200240a1d0dba2b9b,78c99c6dff4eeae5be99bf635ed21e3f,2017-08-24 16:50:10,55.9,13.41
80083ca1275ffdba0b75eabe6fdf39d5,1,ebad2408485504e930678ed1af88790f,75fbb52eda0cbc24f479d3b2fbfa8d3e,2017-08-31 13:30:07,19.9,15.79
80170e6171a9f379e26b6554babb9d37,1,89e82f5648ed99305524c2941f3eb518,ef506c96320abeedfb894c34db06f478,2017-08-30 03:06:21,25.99,14.1
8040ee89b88d6ea587b51b55dbfb4dc5,1,9a2e821cfc513051382e27606ab3325c,3d871de0142ce09b7081e2b9d1733cb1,2017-08-10 10:05:25,69.9,17.74
8058726bc1a6746aa072dcb918898328,1,0b7fb806fe0194cc7eb473329c680e34,a37c340b91cb0169e8b029db6440fba2,2017-08-30 12:46:00,69.0,16.73
805ae182c82a33f1abbaeb238f3fe89e,1,41801d2ed5124923137ec39aeeea1e93,3be634553519fb6536a03e1358e9fdc7,2017-08-11 10:50:08,59.9,11.73
806c224e302c85404164d60601ee3c10,1,2b4609f8948be18874494203496bc318,cc419e0650a3c5ba77189a1882b7556a,2017-08-10 03:04:37,89.99,7.88
806d3b5f15557ad3d5288d340271151f,1,a2307a34b16eb2201ce5206cbd7f9bc7,cb3dd9ce66268c7a3ca7241ac70ab58c,2017-08-23 20:24:08,38.99,15.11
809866afc43dd3f06fc471f5eebe53e6,1,4b7690d7352318e41ae9594241ac4789,44073f8b7e41514de3b7815dd0237f4f,2017-08-10 19:50:11,69.9,17.06
80b0bd0c8f8cb86ae0c2dddb11693b07,1,3c79a7c125a368407bd03f3d8b0c4d25,41b39e28db005d9731d9d485a83b4c38,2017-10-09 03:05:30,164.9,12.36
80c7a16d8b2eed5720ce819c547229b9,1,5ad2b7b30050dd8aa51c2fed1db13e22,3d871de0142ce09b7081e2b9d1733cb1,2017-09-06 15:30:16,85.0,17.84
8104760d9724e09916d654322f583de8,1,9d358fd2a77935cffa32834b50cfb21e,7a67c85e85bb2ce8582c35f2203ad736,2017-08-16 10:15:22,65.99,11.73
811da02bb93fa66e8ecc0f6b500cf62b,1,b623b7cb05ee3248fbe4a6ecbeed79a4,7aa4334be125fcdd2ba64b3180029f14,2017-08-23 10:25:17,77.8,13.56
812e2e669fa5382a338a2235ea502669,1,c9ed8f8e0e3d2e630cace0ab50c5c94c,bd697db56ff8e7c9cd1abeb7f72029b2,2017-08-17 10:45:15,159.99,15.87
812f4de54953468bf13530e434f7de0f,1,aed5efaf7a7554165f61fd016846916f,6a8b085f816a1f75f92dbac6eb545f8f,2017-08-23 23:15:21,61.5,11.93
813036395db381f187d5429f5ee758ac,1,776ef0ee36e20757c513e64903f1fa8a,70a12e78e608ac31179aea7f8422044b,2017-08-07 12:23:28,98.0,36.01
8145c63ff6601f1c1aa707a322a8aa99,1,0aabfb375647d9738ad0f7b4ea3653b1,37515688008a7a40ac93e3b2e4ab203f,2017-08-08 07:15:20,19.9,34.15
816712dda4284eedabcbdf0f9deb1b71,1,986c47683f9e701e110a0cc525dfac87,7299e27ed73d2ad986de7f7c77d919fa,2017-08-14 21:35:22,110.0,16.53
8167783184672ac51f523d827def5b07,1,2ac901d0db36c8db956047843482ae65,c3cfdc648177fdbbbb35635a37472c53,2017-08-29 17:45:08,65.9,18.03
817e8b5495d2b31da82dfe5a89aacdba,1,db5efde3ad0cc579b130d71c4b2db522,4869f7a5dfa277a7dca6462dcf3b52b2,2017-08-23 17:15:11,264.9,16.6
8193af9e3c0361af46d8c6665c838753,1,effa78286556d5e79cda2b4aba96a534,3d871de0142ce09b7081e2b9d1733cb1,2017-08-08 11:45:10,27.9,17.6
819928f65fed7471ab4f5a39391bd67f,1,cdd0b7472213e44df3b48e96f8deee74,86ccac0b835037332a596a33b6949ee1,2017-08-24 17:25:17,59.9,16.18
81bd091401a83e4114ffd21efc7d0a9e,1,28e5475b2d4d01acccf9a5a0c0a9adbb,01cf7e3d21494c41fb86034f2e714fa1,2017-08-18 15:04:10,91.28,15.39
81c520fc29d03d90934316f0a3b4b82a,1,37bc5c7b7dca15cfcbe282fb0dd0bab3,7722b1df1b0e383e000397b2c11e3e19,2017-08-29 13:15:59,19.9,11.85
81e10459552608b938a594dc56164d41,1,d37abf50cce5bcd682830a357783622e,6cd68b3ed6d59aaa9fece558ad360c0a,2017-08-18 20:10:11,97.9,14.42
820152b6c457a82037e534fa94953a56,1,f983c7d6b7976d13c8eb72774fbe9611,dc8798cbf453b7e0f98745e396cc5616,2017-08-07 10:50:14,49.9,7.78
82172f2c466d4e1298dab08c8f0e111c,1,c0af7c6e4d05f8fd956204b258ce14e0,2528513dd95219a6013d4d05176e391a,2017-09-01 15:25:27,599.0,20.93
8223107cabf23c4fd8b27fa1f0fb23ca,1,bdd59148fd23281bb706539815e39bf3,8444e55c1f13cd5c179851e5ca5ebd00,2017-09-15 15:30:11,81.45,16.33
82534d85d355632cf7b983bb78e11537,1,c448475cc4766baebabe30ee6d5f3fb7,3d871de0142ce09b7081e2b9d1733cb1,2017-08-10 12:30:06,45.0,11.85
8265a551f1441d4dd75468036a7a5020,1,e937b8761a1d9d6a0bd0011a17531744,7c67e1448b00f6e969d365cea6b010ab,2017-08-27 23:45:13,229.99,58.28
826a9236d33be907c46cf80986795f73,1,88dd63919fc9ab693803578a04a20209,7ddcbb64b5bc1ef36ca8c151f6ec77df,2017-08-17 17:23:46,34.99,15.1
82788932fd3b02d1fa882ab5230e895c,1,1ca737c9f8f06b3672be9f9f3f603d36,e7d5b006eb624f13074497221eb37807,2017-08-28 21:26:48,129.9,14.66
828e12bc152ea9891e8941d4530326fd,1,10262dd1d69315c5a855b40812520578,dd2bdf855a9172734fbc3744021ae9b9,2017-09-22 15:50:08,39.9,15.11
82984749eb983f9f558a003b3fc693f7,1,b917d488bd4ad4225f8d046a32e2d122,fa1a9dec3a9940c072684a46728bf1fc,2017-09-05 02:11:01,20.9,15.1
82a779af9bebb4de11f9eb1152112f36,1,d0f60ef2a4823f57f00f1bd5cb463148,76d5af76d0271110f9af36c92573f765,2017-08-17 20:50:13,21.0,7.78
82bc67125dc0c2f0f348a1ec55ade2d8,1,99a4788cb24856965c36a24e339b6058,4a3ca9315b744ce9f8e9374361493884,2017-08-16 03:25:49,89.9,15.38
82c5cafaa9a07e68a28009b6cd031be7,1,7a215c94c00b4048a6a9e3734e1635b2,e06f09ec0a4aca210779cf1cfc63cf19,2017-08-29 17:30:21,9.99,15.11
82d070e34602e993e119f3475f804639,1,e0d64dcfaa3b6db5c54ca298ae101d05,4869f7a5dfa277a7dca6462dcf3b52b2,2017-08-09 09:43:39,179.9,16.01
82d48842447f79616fa1edca6fc9e91f,1,68b7fda28d528d3fc87e60fcafc5830f,63b464dbf392c7b80d12d932fa7cafed,2017-08-16 06:45:19,169.0,21.15
82d48f3eb08cf0beca3cead1f85f525a,1,f731f8587d4088c174397e010cf892a9,cc419e0650a3c5ba77189a1882b7556a,2017-08-29 12:10:15,56.99,14.15
82da1fe1ba79ad376673815007b99ddf,1,272c04ff0de2f13b78cefa1d769593df,4c03b9dd4c11ee2cb35c96c49efc9420,2017-08-28 04:10:23,55.5,8.71
82da1fe1ba79ad376673815007b99ddf,2,a53bd24a78bd7d3ebe735b7d6ad672f5,3d871de0142ce09b7081e2b9d1733cb1,2017-08-28 04:10:23,55.0,17.43
82e3b58b34d2201715bd1531310615bf,1,afad7a4420a4348d41da23ed8d0902dd,3481aa57cd91f9f9d3fa1fa12d9a3bf7,2017-08-18 18:05:26,76.45,29.33
82e4b3860c24cc8666af61137efef18c,1,f1c7f353075ce59d8a6f3cf58f419c9c,37be5a7c751166fbc5f8ccba4119e043,2017-08-15 08:35:18,200.0,15.01
82e92636cb6064e36f4d3cfc7cfb6655,1,4c1e109ecdf58453de365d217cefa64c,4e922959ae960d389249c378d1c939f5,2017-08-21 14:15:10,120.0,16.6
82ec5a5160610568a083d41429aa427f,1,8ccda06566781fb3616d798bfe2fa783,6d22a1fcebb6dd08c9cd90b92a93e8d0,2017-09-04 04:44:43,32.9,15.1
8306cf8a11247ad0a271068a168cd83d,1,28ea12eefe401cceb76c6026abfbcd71,54a1852d1b8f10312c55e906355666ee,2017-08-24 09:45:16,74.99,17.77
830d8b3e6875ef6165ffc33219ab4fea,1,130482add9fd75ccb6c57ba007694a2d,87142160b41353c4e5fca2360caf6f92,2017-08-18 10:24:04,105.0,18.0
831b5d6b49354f211585641a51a48ec2,1,a869ec6209c361ca46dad85a5530e119,c3cfdc648177fdbbbb35635a37472c53,2017-09-04 14:15:22,159.9,20.61
832079e71d5ee058d10e1ee1abe0e0f9,1,071f9a2b7591f2e8a2a59a50ecc5a297,1d8dbc4f32378d715c717c1c1fc57bae,2017-08-11 14:43:24,139.0,14.7
83278a865f8f9c152f76597d22446aa2,1,d5d2996be7ea70ca1415d20e220436a4,3db66a856d18a9cba7c9241fc5221c50,2017-08-23 08:06:54,119.9,14.57
83356f1b8d875976b75b83c623f73546,1,14aa8b2c8709b5e12cf97b252e111a59,c8417879a15366a17c30af34c798c332,2017-08-08 13:15:15,57.7,15.16
83475dcf3de69a4d4149eae61b9a94cf,1,5115d8cd6438c0c4d8abdf38d5d41ebd,6560211a19b47992c3666cc44a7e94c0,2017-08-07 10:23:51,69.0,11.98
834bdbe2274206828a57e58fef7f4935,1,e070a61270050c4b1b704300f331cca6,66922902710d126a0e7d26b0e3805106,2017-08-09 09:24:03,69.9,9.74
8368e1a19aceeac973a9eff4ac3245cc,1,389d119b48cf3043d311335e499d9c6b,1f50f920176fa81dab994f9023523100,2017-08-25 01:10:14,59.9,17.67
839f89fab4eb89995bd044ad7e366473,1,422879e10f46682990de24d770e7f83d,1f50f920176fa81dab994f9023523100,2017-08-22 01:50:11,59.9,13.44
839f89fab4eb89995bd044ad7e366473,2,422879e10f46682990de24d770e7f83d,1f50f920176fa81dab994f9023523100,2017-08-22 01:50:11,59.9,13.44
839f89fab4eb89995bd044ad7e366473,3,422879e10f46682990de24d770e7f83d,1f50f920176fa81dab994f9023523100,2017-08-22 01:50:11,59.9,13.44
83a9c18344682fcbc57696019ff1ff2a,1,ea44caac707f7f1325182a538007f838,855668e0971d4dfd7bef1b6a4133b41b,2017-08-23 17:55:23,50.0,17.6
83b944375b2d2c1ad0e9cf45754f4936,1,0521fe3eb04940304b489d0fb49a37dd,e99e927c81e3f51739c94fcdfca9f10f,2017-08-08 17:05:20,94.99,17.14
83c1379a015df1e13d02aae0204711ab,1,b80910977a37536adeddd63663f916ad,d50d79cb34e38265a8649c383dcffd48,2017-09-05 15:04:16,205.99,65.02
83e6338b5cf25dcf222551cb8da8d0d6,1,122bedead6e7541d311e6e0ab3cf248f,961dff0a659b4561334372337dd897d9,2017-08-24 10:04:56,2649.0,43.82
840609035f6daa3db6277e7a033b3edf,1,e01d7d6a1fbdf0aae35d34fa66766399,e333046ce6517bd8bb510291d44f0130,2017-08-20 22:50:14,29.0,12.69
84163f7d458a14345eac02a371e544de,1,187359f629249d5333ce31f87136a802,7722b1df1b0e383e000397b2c11e3e19,2017-09-01 13:55:23,89.9,16.39
84253562834802051b3ee018d7daecb4,1,743f4eec5711267026a93df72eeb7174,1bb2bdb95f4841f1bba2c0d2cd83d3c9,2017-08-25 19:05:21,31.5,15.1
842fbaff9da558be5528caf78d1e0969,1,8c8361199b662437db44cff3bb7686ec,6a8b085f816a1f75f92dbac6eb545f8f,2017-09-07 21:05:06,54.9,11.88
8431f8b44d5d90252e64059e253c308d,1,57c580a8fbf3d8374b06bee7b6f4ce31,30a2f535bb48308f991d0b9ad4a8c4bb,2017-08-11 14:45:15,49.9,8.72
8431f8b44d5d90252e64059e253c308d,2,3ceb44c75e6981ff0987bb90c95694c0,30a2f535bb48308f991d0b9ad4a8c4bb,2017-08-11 14:45:15,49.9,8.72
844bfdffbe80e8ac61135bc633f2dce1,1,9483476ac5b7549f7df5ff12fb6fb5d9,615005a3ef192c00c6f0e977cee3d2bc,2017-08-23 13:04:38,23.4,14.92
844bfdffbe80e8ac61135bc633f2dce1,2,72172e982e8b92155069e4201c92c0bb,e9779976487b77c6d4ac45f75ec7afe9,2017-08-23 13:04:38,37.49,2.61
8451a3ca4e5da55d9398b9a7bdd69ebf,1,00baba5b58e274d0332a0c8a0a66f877,d3f39f05462b79a4562d35893a28f159,2017-09-06 12:45:15,47.9,11.85
8453dac90d79a1163ca3cc4399801d62,1,98fdc6ec1dba6a058adc43e511493898,d91fb3b7d041e83b64a00a3edfb37e4f,2017-08-15 02:45:54,161.6,15.88
845741b02081020193c3b7ea4dbe1a23,1,071f9a2b7591f2e8a2a59a50ecc5a297,1d8dbc4f32378d715c717c1c1fc57bae,2017-08-25 19:50:17,139.0,14.7
8458aabbdd88fb4ce4d936dc46fb1024,1,bbd4255403b6c3c76836ba1c957b73c9,134a288e7de827ec5ec62e3ec9c3a295,2017-09-06 13:55:22,10.0,7.78
8464065239cc8397a5e71c0669d924ab,1,74d392f9be63b94cd5e4917571242898,3d871de0142ce09b7081e2b9d1733cb1,2017-08-10 02:25:34,18.5,15.1
846d9f177cd197194d2933fdf0dcc68b,1,e5eadf9be70a4a9fa514019542fc330a,4559697a8f7e637227c2eeaed843baff,2017-08-23 22:15:14,69.9,19.73
847ddabc9110745bba147aa06bd1865a,1,a790e7dec58b8a74e3644ed9426b74e5,cca3071e3e9bb7d12640c9fbe2301306,2017-08-23 00:24:36,49.09,12.69
849bd27b7510577eef2f081308eded4e,1,f2533dc1eb7dca7f684254fbfa98caf8,4a3ca9315b744ce9f8e9374361493884,2017-08-23 20:30:09,135.0,12.45
84c0a717575f9477b71d4ffd1615a0fe,1,42eb5329dd0ee3d76d135ce04c84451b,282f23a9769b2690c5dda22e316f9941,2017-08-30 21:10:12,26.7,15.11
84d73646bd06c266e75c700a81865efa,1,4272f4544f17efd4fa4ccdc76912feab,1771297ac436903d1dd6b0e9279aa505,2017-08-16 22:45:18,17.75,16.6
84d73646bd06c266e75c700a81865efa,2,4272f4544f17efd4fa4ccdc76912feab,1771297ac436903d1dd6b0e9279aa505,2017-08-16 22:45:18,17.75,16.6
84dae977d83c491ec866b683875db2bf,1,154e7e31ebfa092203795c972e5804a6,cc419e0650a3c5ba77189a1882b7556a,2017-08-29 15:32:00,23.99,17.63
84db44d1e453bfa80871410a5a482793,1,7a10781637204d8d10485c71a6108a2e,4869f7a5dfa277a7dca6462dcf3b52b2,2017-09-01 09:35:25,229.9,13.11
84dd66bcbf849a7cbc4f484e83152ec5,1,22c5ddc22ea8cae84fc9917def682dc6,cc419e0650a3c5ba77189a1882b7556a,2017-08-22 16:55:07,56.99,14.15
84df054750400ab9b49f2b0281fd9f18,1,1b7384e0f9f5e4cb914cd3f5535a4cab,325f3178fb58e2a9778334621eecdbf9,2017-09-06 02:44:46,23.8,7.78
84ef6a73c1fcd8d48177e81dcf29e886,1,c6dd917a0be2a704582055949915ab32,7a67c85e85bb2ce8582c35f2203ad736,2017-08-14 15:05:18,99.99,17.95
84f2f3376f85a2095f8b1e318e285d45,1,ff7c7524d5f9a8386ab27088ec03c1fb,259f7b5e6e482c230e5bfaa670b6bb8f,2017-08-10 03:03:27,35.9,16.6
850df8d2d9f6606dc127956ac3ce70bd,1,4583e308182e4e78d5b71b5af1804def,cd68562d3f44870c08922d380acae552,2017-09-05 12:44:19,169.0,12.68
854b1633927e30873792f06e568ed766,1,309c6b0e5d66f306383872c0d95ed6bf,9c0e69c7bf2619675bbadf47b43f655a,2017-08-08 01:23:32,169.5,15.94
857026945972df7017e1a4930a8a2ada,1,fb949f35bd1873f846cb7246d9db81b0,6edacfd9f9074789dad6d62ba7950b9c,2017-08-21 00:10:12,51.9,16.12
8571f5b695cac36f5124691c0e102b41,1,a710be5818329b097a82bb26b480f5fa,54a1852d1b8f10312c55e906355666ee,2017-08-29 16:07:39,59.99,9.34
8583257b3c36c8ea0b9b0644b21567a8,1,afad7a4420a4348d41da23ed8d0902dd,3481aa57cd91f9f9d3fa1fa12d9a3bf7,2017-08-15 22:55:09,76.45,29.33
858b69e79115bbd0e62db0a2bd016b42,1,dabc8335b58a49ec2f5fcb06255cd733,0c8380b62e38e8a1e6adbeba7eb9688c,2017-08-23 15:15:26,99.9,38.25
8595563cdfdd7b6274ba3dfef7ab6ed8,1,99a4788cb24856965c36a24e339b6058,4a3ca9315b744ce9f8e9374361493884,2017-08-28 04:05:17,89.9,2.41
8595563cdfdd7b6274ba3dfef7ab6ed8,2,eebbed5ed3b134eceb717496c47652ba,d1c281d3ae149232351cd8c8cc885f0d,2017-08-28 04:05:17,99.99,48.23
8595563cdfdd7b6274ba3dfef7ab6ed8,3,f05901e010ebaa3924276751a35e6004,4a3ca9315b744ce9f8e9374361493884,2017-08-28 04:05:17,59.9,9.65
85a0f4063a60774bca35eb38ffccd86c,1,61937887eb6ee0b405a5759756426486,282c7480173bb9c01dd41cc739fec010,2017-08-16 17:04:07,819.9,31.02
85abf987df0b38005eb6c91fb55374c9,1,af9286fea546444115e891fd9dcce117,4ebdc7e6cd6102a022dadc49156d4ea8,2017-08-18 13:15:20,36.9,8.72
85b3107b92fa3be19162c3ceed1bb0b5,1,668677432cb5132ddfa6f1738479d0c0,1caf283236cd69af44cbc09a0a1e7d32,2017-08-22 20:05:16,8.99,15.1
85ca024d3c6ecdf9471558f7cb719c4b,1,34fa176b8be0f1b6cdd8730dc3ce178f,7c67e1448b00f6e969d365cea6b010ab,2017-08-21 15:10:18,401.34,57.25
85cecbd067fc6feb989de87d22126955,1,601a360bd2a916ecef0e88de72a6531a,7a67c85e85bb2ce8582c35f2203ad736,2017-08-23 22:45:12,118.99,20.07
85d868c1adad7faa7378efd85048d0fe,1,4520766ec412348b8d4caa5e8a18c464,16090f2ca825584b5a147ab24aa30c86,2017-08-09 06:45:16,40.0,8.27
85eb08e88c69146570db90c32c0da522,1,7d50930301709838d8e90dcac5cfaa84,9616352088dcf83a7c06637f4ebf1c80,2017-09-05 00:05:17,59.9,16.18
85ed4ea9966969e844099fe5304f586b,1,202bd859659a841de892b00c341300ff,6560211a19b47992c3666cc44a7e94c0,2017-08-09 08:30:20,35.0,7.78
8649e59f7e617fa93150e6f518d35006,1,738da8ddda2e593acfdc53c2d1520dfa,6d66611d7c44cc30ce351abc49a68421,2017-08-08 15:03:30,79.9,16.81
86795953649e4ff4f2edada496f38e6c,1,c82e581a3ec7e992cd06723b0caae96f,718539d38d07dd351c76db862760e2e2,2017-08-21 13:11:28,13.99,12.69
86795953649e4ff4f2edada496f38e6c,2,c82e581a3ec7e992cd06723b0caae96f,718539d38d07dd351c76db862760e2e2,2017-08-21 13:11:28,13.99,12.69
86795953649e4ff4f2edada496f38e6c,3,c82e581a3ec7e992cd06723b0caae96f,718539d38d07dd351c76db862760e2e2,2017-08-21 13:11:28,13.99,12.69
86795953649e4ff4f2edada496f38e6c,4,c82e581a3ec7e992cd06723b0caae96f,718539d38d07dd351c76db862760e2e2,2017-08-21 13:11:28,13.99,12.69
86a159c4f6b1da57e4f8d286a16e9c9f,1,11dcc970f7a5581e1bf777b6da3f7096,06579cb253ecd5a3a12a9e6eb6bf8f47,2017-08-09 18:03:04,69.9,11.73
86bfcd852de9a299828db590beaca7e4,1,cc2232dbef2c9fca23f4c7f6a19a42e3,198c7ea11960a9844b544d9bcdca860c,2017-08-08 08:50:14,16.99,16.79
86c8154436a001a69512c9275126aea8,1,392751de4e1e7a915ac4d838c3124f6d,822bad9bc42b51213ba522fe87b7ab5d,2017-08-31 02:50:21,259.0,17.57
86cd8ffe3eccc0207618a3187a294ea1,1,eb719445ec882a7b60518fd8b55c1b0f,7e3f87d16fb353f408d467e74fbd8014,2017-08-17 22:23:54,28.9,15.1
86fafaeca020f3aecf950cc1fe6c68da,1,c5f66f76350a831902c397fd9ebcdedc,41b39e28db005d9731d9d485a83b4c38,2017-09-27 22:15:17,49.9,15.1
8713b68a2b202b96d7de08d7e0b8f1a9,1,53e4a9df6738c52c11e3856a977404c4,827f8f69dfa529c561901c4f2e0f332f,2017-08-24 00:44:22,32.9,15.79
8736140c61ea584cb4250074756d8f3b,1,b00a32a0b42fd65efb58a5822009f629,3504c0cb71d7fa48d967e0e4c94d59d9,2017-08-16 13:50:09,75.9,7.79
874c1e6189681d0a986279d2055bdceb,1,cb6c1c21ebc9c153a7baf319c515657a,85d9eb9ddc5d00ca9336a2219c97bb13,2017-08-15 21:05:19,31.9,14.1
875022b850d729e6090f2e0719518e6b,1,45f7c48e7ead07eb1afd9aebfe6de326,33a17d60c64393351ebf1ef860f4e0f2,2017-09-01 17:05:13,279.97,17.4
875103fb38582b0d7b2a1d77eceb0389,1,7c1bd920dbdf22470b68bde975dd3ccf,cc419e0650a3c5ba77189a1882b7556a,2017-08-18 04:26:12,58.99,11.73
87535fa56878c9268e33726aa9085de4,1,2e7980421ad7946eab8a71b637955704,8e6cc767478edae941d9bd9eb778d77a,2017-08-14 11:15:08,79.9,21.05
8756f67f8fca03ed9d9f098a2148c32d,1,5a883fb296ab66ac6a1e68e6ba2175c3,3d871de0142ce09b7081e2b9d1733cb1,2017-09-05 19:04:26,19.9,15.1
8767502d7a9773e1e273dad1fadea8e0,1,e282624d8c82e04983f125e167eb4521,ea8482cd71df3c1969d7b9473ff13abc,2017-08-31 10:05:37,17.99,16.79
87787efcca530ffab1191c66c2023af4,1,2481a472d98c582b46bc2dfeae6f539f,391fc6631aebcf3004804e51b40bcf1e,2017-08-10 11:55:19,59.55,13.44
877d52b768c0c8d81d071d3eea29bf8f,1,759d6e247dae636cc8e135f50052865e,7c67e1448b00f6e969d365cea6b010ab,2017-08-29 03:06:08,159.99,69.93
87a8ef7006e5aa4b8ebddae4f7b8a54e,1,a367f823feb49954fedb4f4a43ad9db2,6560211a19b47992c3666cc44a7e94c0,2017-08-22 21:45:37,149.0,17.48
87adce6ee525918d852e82df8defd742,1,150c699262a053229e89213dc9c358d2,cd68562d3f44870c08922d380acae552,2017-08-22 03:15:22,129.0,12.4
87dbf4b3d9d6755f19edef737a4dc0f9,1,34dcc2f0a890f961ee6252a1cd6ae3f2,729f06993dac8e860d4f02d7088ca48a,2017-08-11 12:03:32,399.9,153.57
87e145665c1cdfcec92e9e74e2469cfc,1,a8115d34a4b7b74388da609692162c37,85d9eb9ddc5d00ca9336a2219c97bb13,2017-09-14 13:10:11,31.9,16.79
87ecc025e6e05e1bd65706f6d689856c,1,363218ba55c610b750224f90bdd34be1,fdb9095204a334cd8872252ffec6f2db,2017-09-04 04:50:59,87.0,16.86
88103bcbd13a5c9370870d086a609e1c,1,12a146749cb72ebfde01a89105df1897,e9779976487b77c6d4ac45f75ec7afe9,2017-08-31 03:05:35,29.0,9.27
8828c448621cb6894c87c5c2be785309,1,eaa26a34984cbfedc19b1e45f09f3c9a,18a349e75d307f4b4cc646a691ed4216,2017-08-30 19:25:12,86.8,7.86
882aa4c49d639884a5be99b208d13fe8,1,b781cf30a200b5eff2787c2074d67045,7c67e1448b00f6e969d365cea6b010ab,2017-08-31 17:46:20,159.99,43.32
882e8af23c36f8930312f88cacde187b,1,4c1bbc12438daec98a77243c2bf7a3ba,7c67e1448b00f6e969d365cea6b010ab,2017-09-06 10:30:25,146.99,56.31
8831eaa951f7563404fa3355d0a89f1e,1,f1c7f353075ce59d8a6f3cf58f419c9c,37be5a7c751166fbc5f8ccba4119e043,2017-09-11 04:31:24,195.0,0.0
8833d3b8b1542d8a6a0e0ba4376cf172,1,220a2b9dd1e9990876de0ac999e1a33c,a2e874074c877c5a05abae80ad6e488f,2017-09-08 02:15:36,76.96,21.03
88407c8c6e12493ff6e845df39540112,1,b00a32a0b42fd65efb58a5822009f629,3504c0cb71d7fa48d967e0e4c94d59d9,2017-08-21 02:15:13,75.9,7.79
884690bd130f0d8ab50eacc125dac762,1,8b100f92b312e18e03f0ee8f0c0011bd,dc8798cbf453b7e0f98745e396cc5616,2017-08-23 22:10:21,19.9,15.1
8863958cd300b0b2cfb1b8db3326dd38,1,7c1bd920dbdf22470b68bde975dd3ccf,cc419e0650a3c5ba77189a1882b7556a,2017-08-15 21:03:21,58.99,17.66
8873ba6fabe889712462bf8affb6b808,1,d0d16f5960bcd2ebeea321a525f44067,7e1fb0a3ebfb01ffb3a7dae98bf3238d,2017-08-25 14:35:41,254.0,16.53
8880101bd698b1b1c4d7f46a246c620d,1,7365350090e895554bc2aeb4fea072e7,b83cedfb587e7911540e3f576d6917ce,2017-08-29 17:48:47,37.9,15.11
88847f255be578610b9c0233f7dc2b86,1,06484143f7046fc1c2ec000aba13e28a,cb3dd9ce66268c7a3ca7241ac70ab58c,2017-09-13 04:35:14,24.99,13.37
889d953454eb01607e1ded9e6c9e1657,1,b1631003bdbc3b1e876f83a7d851d74a,cc419e0650a3c5ba77189a1882b7556a,2017-09-12 13:10:20,56.99,8.72
88b59e460a4c71c9cb07132bc7546161,1,e55ba61cd47a02e2b5479c63c7db13fd,128639473a139ac0f3e5f5ade55873a5,2017-08-25 09:44:26,14.9,25.63
88ce2e58fa5ec79842004f87fe6a5c80,1,6a23c2eb9acc78f8ec403be9c6210dd4,7c67e1448b00f6e969d365cea6b010ab,2017-08-18 04:15:23,129.94,19.0
88e583db0e0c8c29a91c2c68a0ee82db,1,93ad397044e27dfead96813e2f895acd,86ccac0b835037332a596a33b6949ee1,2017-08-25 01:50:15,59.9,34.22
88f4f8db113ed457801a7d675ed0ea61,1,1ec486885049bbb9b79351d150ed18c4,cab85505710c7cb9b720bceb52b01cee,2017-08-25 14:05:29,49.9,16.79
8906f8628f9d017732e7c6f40fbc57a0,1,11b87559bbd51bf8e14c5937b9646344,575df70bde3f9f2b30bf8d2e9910d725,2017-08-29 02:50:44,179.9,79.43
890f778e65429f5466787ff91cda177b,1,e64a9b6ec4c7f4081be3a5f7ce77d6fe,63b464dbf392c7b80d12d932fa7cafed,2017-08-30 23:30:14,169.0,22.0
89253d28593c5b4eec3bbc9638a055d3,1,72018b95e99f49156551362f086b62a7,3b15288545f8928d3e65a8f949a28291,2017-08-18 03:25:40,129.99,13.93
895ab968e7bb0d5659d16cd74cd1650c,1,ebf9bc6cd600eadd681384e3116fda85,822166ed1e47908f7cfb49946d03c726,2017-08-14 20:43:31,12.99,23.21
895ab968e7bb0d5659d16cd74cd1650c,2,ebf9bc6cd600eadd681384e3116fda85,822166ed1e47908f7cfb49946d03c726,2017-08-14 20:43:31,12.99,23.21
895ab968e7bb0d5659d16cd74cd1650c,3,5ddab10d5e0a23acb99acf56b62b3276,3d0cd21d41671c46f82cd11176bf7277,2017-08-14 20:43:31,83.8,5.12
89748efed53e1564874c18426bd038c8,1,6bd248f93425ceeb625a8a97e2404112,dbc22125167c298ef99da25668e1011f,2017-08-10 13:03:11,52.9,13.39
89754646c3e0baa367bbe02974056098,1,6a22cbce352c158897f3346567488ace,70a12e78e608ac31179aea7f8422044b,2017-08-22 19:45:17,40.0,11.85
89a5ef83a41559d5c8d248e28b57b193,1,9abb00920aae319ef9eba674b7d2e6ff,1771297ac436903d1dd6b0e9279aa505,2017-08-31 02:15:09,35.39,14.1
89ae9eea43fd5c68102875e05af1c2da,1,0aabfb375647d9738ad0f7b4ea3653b1,37515688008a7a40ac93e3b2e4ab203f,2017-09-04 20:50:22,19.9,15.1
89bc56fc811f39de05111fa8d720ac60,1,b2e7c39bb137bb4b3651862c6b611468,897060da8b9a21f655304d50fd935913,2017-08-10 11:03:39,49.9,11.85
89c0bf5292a493fb2a7aacae2148eeac,1,2d40d83fc97b8d4d468b4ab5a6a0810d,cca3071e3e9bb7d12640c9fbe2301306,2017-08-24 03:26:15,29.9,11.85
89d31974d10311f921548949d210c6c7,1,7c1bd920dbdf22470b68bde975dd3ccf,cc419e0650a3c5ba77189a1882b7556a,2017-09-01 17:10:19,58.99,20.81
89d31974d10311f921548949d210c6c7,2,7c1bd920dbdf22470b68bde975dd3ccf,cc419e0650a3c5ba77189a1882b7556a,2017-09-01 17:10:19,58.99,20.81
89d3b46e266c588a70dcac017b613004,1,e19ddcc85537b41f22116c8d5425ef46,8a32e327fe2c1b3511609d81aaf9f042,2017-08-23 21:55:10,29.99,11.85
89de41fe841ea70c375e551ad85ecfb6,1,9545d45c37449ccbc376de3a04c66e71,431af27f296bc6519d890aa5a05fdb11,2017-08-17 11:55:22,116.9,13.84
89e371394a8b2bf6c2648361a2e60b24,1,5a419dbf24a8c9718fe522b81c69f61a,e26901d5ab434ce92fd9b5c256820a4e,2017-08-22 23:25:40,44.9,13.08
89fb8b371b28dcc037a9c1f798eacc81,1,415a910fc2d4976a0c0f7c86a1c1d129,9449f25aeaf531019b76999ea49a6949,2017-08-25 15:55:32,66.9,8.9
8a01d49b3b06384490c34a71c6b5c384,1,5176d8670222d50ebbe4d4c5dfba2b49,128639473a139ac0f3e5f5ade55873a5,2017-08-30 12:25:23,14.9,15.1
8a07b35d95d1b115d6a09d0e58a95feb,1,24c9dc6efe88a1c3e794968ab1dd2a38,dbb9b48c841a0e39e21f98e1a6b2ec3e,2017-08-10 01:10:11,89.9,15.39
8a1e1fb0ef7e9f8fd6a0378ece8a4472,1,d4ed98bf9f43344573a381535242f2ae,128639473a139ac0f3e5f5ade55873a5,2017-08-08 13:42:55,12.9,12.48
8a24246c79463794ce357f7adc2eb5dc,1,f39a8b27ce90ac582103bf36f09690dd,16090f2ca825584b5a147ab24aa30c86,2017-08-28 23:50:15,319.0,10.98
8a2799788d56c3c7d19006780c3e1bf6,1,594bff45af61fb86865982df0382ad42,4371b634e0efc0e22b09b52907d9d469,2017-08-08 15:22:55,90.0,8.82
8a2914855b65c59992d45f1b611388ea,1,aeb37360d7dbf2f5136bb2ae449ac16b,3d871de0142ce09b7081e2b9d1733cb1,2017-08-13 22:04:10,24.9,15.1
8a3d5a19acc2106e0567b04a904c8726,1,a710be5818329b097a82bb26b480f5fa,54a1852d1b8f10312c55e906355666ee,2017-08-10 17:55:17,59.99,16.86
8a44c114784f2da023afb7558ff80e2d,1,1491a8ff192d4b5c369b0eaa2fe33ee5,37be5a7c751166fbc5f8ccba4119e043,2017-09-06 18:55:11,195.0,26.21
8a46b59172f78204da218936cf1bc113,1,7f975a63ae36e04759dccaaf14a1d408,9baf5cb77970f539089d09a38bcec5c3,2017-09-04 03:45:54,154.99,20.57
8a4df9820e049472302bf6362daecb8b,1,ec02a5d380128f7a188e9ce8f3ddd832,48436dade18ac8b2bce089ec2a041202,2017-08-11 13:03:05,125.9,12.84
8a531931fb00c5c35c96c51a58fe6746,1,c6ea63369936552872ae890c82175b4b,37be5a7c751166fbc5f8ccba4119e043,2017-08-10 15:25:14,205.0,18.14
8a667bf7baec5286ad76d81facdc85e5,1,a4fdd00347db855f614a18bf51606df5,6d803cb79cc31c41c4c789a75933b3c7,2017-09-05 14:50:16,179.9,13.6
8a6871df7fc00fc959c5bcfc7160bb29,1,3215010238fcd9cab6ba7d2b81a6973d,aae3bfea055532c57fb453ed3ec80b30,2017-08-31 02:55:30,28.99,7.78
8a796adc727ce2def3b4d4f222e30ce6,1,d7df1ad2d9580659326819afde99ba71,4e922959ae960d389249c378d1c939f5,2017-08-18 16:23:40,89.0,8.37
8a8a69afcf838e504bca34a2081a680b,1,84412fdf17ffe7f7b52913a82e73b5b2,c3cfdc648177fdbbbb35635a37472c53,2017-08-18 03:25:45,169.9,19.43
8a8b616382f617096bdf45e1b3e7e3f5,1,cd8cb942b6a58fcff9697762d3bc9cd7,010543a62bd80aa422851e79a3bc7540,2017-08-08 14:05:07,708.0,13.24
8a8bf0059b86c0231bacf33f3dedcba2,1,df0e9a5bffb15ea4905c45685321bc68,70eea00b476a314817cefde4aad4f89a,2017-08-25 02:44:21,280.0,33.4
8a8cd106c8e6e27e8832a3311755a9cc,1,b8b426747049f2d3d6e00b486d47dedb,01fdefa7697d26ad920e9e0346d4bd1b,2017-08-21 22:24:45,104.99,17.98
8a8d6849ca8e15a0ef3c1daad1e76056,1,f636021ab0248325d2b69e3bcfc489bd,dd2bdf855a9172734fbc3744021ae9b9,2017-09-06 04:05:22,39.9,8.11
8a9c4879d3cde9fe810bdc06fb38b671,1,b0961721fd839e9982420e807758a2a6,1f50f920176fa81dab994f9023523100,2017-08-07 13:10:16,59.9,17.67
8ac6c055babd36dbe48009daf04f005c,1,cec09725da5ed01471d9a505e7389d37,4d6d651bd7684af3fffabd5f08d12e5a,2017-08-25 11:46:34,69.9,20.98
8afd15d26436c60441bf3ee71d2a91a8,1,cd82271424be9568801391194697361c,062ce95fa2ad4dfaedfc79260130565f,2017-09-06 02:35:21,41.9,17.92
8b032554e12735baca24e92f1e33c000,1,387e781bdd254dd8821e6194af0fa8d7,9c690ceacd5c66731bf443ea810195cb,2017-09-01 03:10:20,99.9,17.14
8b1a9c54d1ba09cc40591511d388d286,1,2844b71c076b32af55fbbf2eb7e0bd9e,cca3071e3e9bb7d12640c9fbe2301306,2017-09-11 09:30:16,89.9,17.88
8b2c286fa36b36c8144eca3a464b09ae,1,922efd345b4d692aadf0e6b65f5d51e7,8444e55c1f13cd5c179851e5ca5ebd00,2017-09-08 02:24:50,129.2,17.34
8b2f04328e5408c6e2f9ebd38f2af662,1,7bf115809ab249f1bf0fa92d72e0baf8,897060da8b9a21f655304d50fd935913,2017-08-30 09:30:20,40.9,15.1
8b3c2785144e72ccba9b0213f0f1cd1e,1,8ad5422c2f13436a172cbdd5f2faa00e,d91fb3b7d041e83b64a00a3edfb37e4f,2017-09-05 07:00:05,35.9,16.11
8b426ff8aa1c03dc173f1270133b408e,1,4d3060c26750a6fcd7af9355fdbff8dd,dc4a0fc896dc34b0d5bfec8438291c80,2017-08-20 22:25:10,77.68,12.9
8b426ff8aa1c03dc173f1270133b408e,2,8a33c55582d40e0d441c76c2990c467f,dc4a0fc896dc34b0d5bfec8438291c80,2017-08-20 22:25:10,83.36,12.9
8b4b9c5ca102be3acc343372eac85e12,1,134957eeec87be2414ac629ee0b947a4,87142160b41353c4e5fca2360caf6f92,2017-08-10 02:25:21,19.9,16.79
8b761bca5ade41b47694b0225c668b75,1,7ada7bee4052075cf6310885da8c4392,3d871de0142ce09b7081e2b9d1733cb1,2017-08-09 17:23:43,79.0,13.57
8b80d759e77b43df13958cecc2109380,1,d4df40885b1fc8d86727708a763e1335,e9779976487b77c6d4ac45f75ec7afe9,2017-08-18 16:45:21,31.49,9.94
8b9db40975d36e27b6bef9ba264f0fad,1,7c1bd920dbdf22470b68bde975dd3ccf,cc419e0650a3c5ba77189a1882b7556a,2017-08-11 06:45:19,58.99,24.96
8ba09709db195d492ff95d38228f799f,1,da893368e67b2e521b3f04da43f4b57a,70a12e78e608ac31179aea7f8422044b,2017-08-11 15:55:16,79.5,16.32
8ba172a5cefe32a643579fe4c0a5ceee,1,8191994b4b3b86f1a4164ec05253fe86,65c255b299faf2d12050937cc219c46c,2017-09-08 03:04:15,44.1,7.78
8ba92873ddb8c69bb828989dd281f3fc,1,c172a2563d937d6f3582c7dce3ac150c,c3fe93ba3085f92855c97e57f38c8c05,2017-08-31 20:50:19,43.3,16.92
8be0ba0be22f6202ca47271c05e5d915,1,c7fd13b5e515bffdab855d0812842edb,1025f0e2d44d7041d6cf58b6550e0bfa,2017-08-11 15:30:14,78.0,18.12
8c0badb93d803736320343323266425b,1,c0350d6ac413eda4641bf92ab687f1b5,f214d28e8d8e3ef068748498ccc2f813,2017-08-24 19:50:18,49.99,7.78
8c232e13890c404488a860c3beecc9b0,1,7af541d714ea3db608971a40b8f507cb,05f51e13da97139648b8125c31e5f51b,2017-08-29 02:47:52,419.9,41.87
8c28df1eae513694a941565b1a0a5de8,1,c2bd03501cf7f4f3a1201e6069155bc0,cca3071e3e9bb7d12640c9fbe2301306,2017-08-31 09:04:16,56.9,12.74
8c499d28f56a1a121c303a65350537f6,1,ea44caac707f7f1325182a538007f838,855668e0971d4dfd7bef1b6a4133b41b,2017-08-16 08:15:10,50.0,16.6
8c695ffcf56400764176fd1789ec7fa2,1,ebad2408485504e930678ed1af88790f,75fbb52eda0cbc24f479d3b2fbfa8d3e,2017-08-23 15:06:12,19.9,12.6
8c9cc9d7e2dfc4cb091854203914cade,1,33d26f298db59a201858e0248d9cee6c,46dc3b2cc0980fb8ec44634e21d2718e,2017-08-07 10:05:21,149.99,17.9
8cc9f4314e5d248315bbefd0481e52aa,1,9b526d1b3e58c9453221353c4368e075,b83cedfb587e7911540e3f576d6917ce,2017-08-21 13:10:19,62.99,11.73
8cc9f4314e5d248315bbefd0481e52aa,2,9b526d1b3e58c9453221353c4368e075,b83cedfb587e7911540e3f576d6917ce,2017-08-21 13:10:19,62.99,11.73
8cd68144cdb62dc0d60848cf8616d2a4,1,002af88741ba70c7b5cf4e4a0ad7ef85,3a734b715d333a2588a3d54a0c9b8746,2017-08-10 02:55:16,39.0,16.11
8cd68144cdb62dc0d60848cf8616d2a4,2,002af88741ba70c7b5cf4e4a0ad7ef85,3a734b715d333a2588a3d54a0c9b8746,2017-08-10 02:55:16,39.0,16.11
8cd68144cdb62dc0d60848cf8616d2a4,3,002af88741ba70c7b5cf4e4a0ad7ef85,3a734b715d333a2588a3d54a0c9b8746,2017-08-10 02:55:16,39.0,16.11
8cd68144cdb62dc0d60848cf8616d2a4,4,002af88741ba70c7b5cf4e4a0ad7ef85,3a734b715d333a2588a3d54a0c9b8746,2017-08-10 02:55:16,39.0,16.11
8cd68144cdb62dc0d60848cf8616d2a4,5,002af88741ba70c7b5cf4e4a0ad7ef85,3a734b715d333a2588a3d54a0c9b8746,2017-08-10 02:55:16,39.0,16.11
8cd68144cdb62dc0d60848cf8616d2a4,6,002af88741ba70c7b5cf4e4a0ad7ef85,3a734b715d333a2588a3d54a0c9b8746,2017-08-10 02:55:16,39.0,16.11
8ce71dd933fe4f2b03a7bc75808b397e,1,66babee723bbc5f12d8f113b7abe6d21,59b22a78efb79a4797979612b885db36,2017-08-24 13:55:12,59.0,15.16
8cf18ab59e81ce7230e9bdb5a49d4c72,1,154e7e31ebfa092203795c972e5804a6,cc419e0650a3c5ba77189a1882b7556a,2017-08-28 00:31:26,23.99,15.1
8d0584fef2164e00c8eb23abbdd87ef7,1,2f8720465c51a4f13bcd060e76014b3f,f3511c85f59f8dec53d140501ee8e7a8,2017-08-17 20:15:19,69.9,8.11
8d0e3776d347eaa9972bc7d4d37eafe9,1,f71973c922ccaab05514a36a8bc741b8,5dceca129747e92ff8ef7a997dc4f8ca,2017-08-09 21:03:31,109.9,34.93
8d21d47aa6bcf56b94fec17960b994ae,1,e24ef3f9a7a1d8c6c2d932c53fcb1fbe,a416b6a846a11724393025641d4edd5e,2017-08-31 02:10:55,244.0,17.96
8d34f2fdac1faf9db254624c34f20c00,1,ace5d86cf1ac63cdb76f49e5cd23d2f8,cca3071e3e9bb7d12640c9fbe2301306,2017-08-28 04:05:32,50.9,16.12
8d3e3ee88c55c4666fda9d82a922a036,1,4660d9b4ae2a49dc7a5cac39499b204b,7ddcbb64b5bc1ef36ca8c151f6ec77df,2017-08-28 22:15:16,76.99,12.04
8d47ca771c5f1f48f545ecf4a7c85f82,1,62d8daeee0db3a60c234c2d1bfd10651,d2374cbcbb3ca4ab1086534108cc3ab7,2017-08-16 21:25:20,24.9,15.1
8d4c9cc7b0041efac926c3c47db0536e,1,6bd248f93425ceeb625a8a97e2404112,dbc22125167c298ef99da25668e1011f,2017-08-14 18:44:42,52.9,16.13
8d5fc2fcba3c7e7183a3c20d1dc7e591,1,a2f2d194871ef351cfa8271184bfafc3,431af27f296bc6519d890aa5a05fdb11,2017-08-28 14:06:31,76.9,12.04
8d74231228bdbc2e89fc0125abfc1c87,1,c8f6689f642d2ac60ff34490bb59fc9a,fe2032dab1a61af8794248c8196565c9,2017-08-10 04:20:07,239.0,17.43
8d79387c949a14812dc166d8fe4039d1,1,db6d024e26d62875c98fa846ab698f5e,7142540dd4c91e2237acb7e911c4eba2,2017-08-24 02:35:14,84.9,17.84
8d90375388c45e7773231b09986b40da,1,38e28b7814d36bc84b972a75dd7c5ce7,aae3bfea055532c57fb453ed3ec80b30,2017-08-24 18:44:22,32.99,7.78
8dacfc5954004dce6e6ab017ca65c5e0,1,30ccf4724f5227265f837e9ba0246278,dbc22125167c298ef99da25668e1011f,2017-08-10 09:30:15,84.9,14.32
8db860eafc864afe81ba4e0d3b17b870,1,b0835e7780b8ccb0ee25440576992a23,2138ccb85b11a4ec1e37afbd1c8eda1f,2017-08-13 21:23:31,15.99,17.63
8dc4c4d71a331ed46a559ad3d77fe682,1,3efe696e322f9139e3d2b894cb1f7a09,062ce95fa2ad4dfaedfc79260130565f,2017-09-06 10:05:15,189.9,29.73
8de235cda79ec1764ed1c31381cb2e4b,1,7d50930301709838d8e90dcac5cfaa84,9616352088dcf83a7c06637f4ebf1c80,2017-08-11 10:10:17,59.9,12.55
8dea6d01aada11dcf29deef2e364ec7c,1,f69c0a81b54c02376872d8bab620c55c,12b9676b00f60f3b700e83af21824c0e,2017-08-28 03:55:19,199.0,18.64
8e075f06285446d7a9e69956e64309ec,1,6b120063aeece762b2ef81da00c75ab9,bfd27a966d91cfaafdb25d076585f0da,2017-08-30 22:16:12,89.0,18.19
8e44452897e7b8506246a37a8f63f686,1,b980f3256c981fc178514325143b1fc8,4e922959ae960d389249c378d1c939f5,2017-08-15 09:24:00,89.0,8.37
8e44452897e7b8506246a37a8f63f686,2,b980f3256c981fc178514325143b1fc8,4e922959ae960d389249c378d1c939f5,2017-08-15 09:24:00,89.0,8.37
8e580dc7233ba4a6f93b8de2fe826bb3,1,bb225b185b631d856dc1580ca5c3708e,01fdefa7697d26ad920e9e0346d4bd1b,2017-09-03 21:25:17,118.9,20.07
8e707812f80da2b0d195e6b1c1950783,1,363a742635cc645c207ce8102de9b837,6c7d50c24b3ccd2fd83b44d8bb34e073,2017-08-27 21:45:44,112.5,25.63
8e76f4ac6aee1d6013e40279de68a7cf,1,8cbd33515c33f6bc2042660baff504b5,cca3071e3e9bb7d12640c9fbe2301306,2017-08-10 18:10:09,40.18,15.1
8e76f4ac6aee1d6013e40279de68a7cf,2,8cbd33515c33f6bc2042660baff504b5,cca3071e3e9bb7d12640c9fbe2301306,2017-08-10 18:10:09,40.18,15.1
8e8fcb8fffd60bb3f6fbd647c6149286,1,0d009643171aee696f4733340bc2fdd0,fe2032dab1a61af8794248c8196565c9,2017-08-28 14:26:28,339.0,18.11
8e8fcb8fffd60bb3f6fbd647c6149286,2,e1608f467393da59b31f1b40b536548d,fe2032dab1a61af8794248c8196565c9,2017-08-28 14:26:28,339.9,18.16
8e96f3e6633f7601ec50f3a904c3a3a2,1,0a41699cb57f40c605d3cfdddd61673b,1da3aeb70d7989d1e6d9b0e887f97c23,2017-09-01 18:55:17,44.99,9.34
8e9fbb6ae194c4576ae39436916dcb1f,1,6c81db10f914c4d032b14fa93aa0a818,d98eec89afa3380e14463da2aabaea72,2017-08-28 20:25:58,29.99,34.15
8ea0b79c236245df6eee59b3ff482763,1,978859c6048ded0fa8bf3b9ea8236387,813348c996469b40f2e028d5429d3495,2017-08-17 17:43:43,19.9,15.1
8eb78d502d1023cb644668137fc7efce,1,363218ba55c610b750224f90bdd34be1,fdb9095204a334cd8872252ffec6f2db,2017-08-09 15:25:20,87.0,9.42
8eb86c249e61cecc293b67c57db19c5c,1,496f6bd86011e5a9ddea8dc96e802340,cca3071e3e9bb7d12640c9fbe2301306,2017-09-11 19:25:39,72.9,16.27
8ec2459624c9335e600e5b6fa15f3a35,1,3eb48f70bd1ffaba382679c71ad7040f,ea8482cd71df3c1969d7b9473ff13abc,2017-08-29 02:56:11,17.99,7.78
8ee4362f8dfc794ac7cb9b309b4a87b3,1,c1b851dcfa2dd09a9349f396b2daeacb,6c7d50c24b3ccd2fd83b44d8bb34e073,2017-08-31 08:15:09,99.0,25.53
8ef41982a967f8279637b497cc5f1275,1,00b782074a5ec523bf31951b4935d572,4e922959ae960d389249c378d1c939f5,2017-08-31 14:26:27,66.0,15.21
8efdf8d2129927b7e1f5bead11ab5ab6,1,98d61056e0568ba048e5d78038790e77,8581055ce74af1daba164fdbd55a40de,2017-08-31 02:06:04,169.0,16.89
8f0282daddda3025b762d5fc696a7c98,1,cf43916f0ba449bea875425d18c8815b,02c988090b766852e088c69d7fb3b551,2017-08-10 15:03:37,169.99,17.44
8f0dec20d92d7f1c553d41ed603d57cf,1,8d98dedc3c19de17f1a090195e85d6b6,fa40cc5b934574b62717c68f3d678b6d,2017-09-08 02:25:42,49.9,21.15
8f1b8cf203b9b49a05634fa0ebb61c22,1,a92930c327948861c015c919a0bcb4a8,6560211a19b47992c3666cc44a7e94c0,2017-08-31 03:05:37,78.0,15.99
8f1e49888948febad9d7dc3ce8ec85c4,1,648790421a896a7625e9f8e778ab57ad,dd533b429f380718b70ad9922c294bae,2017-09-08 17:30:13,159.9,70.0
8f1f4588bb78bae5d946b755f2655f6c,1,372645c7439f9661fbbacfd129aa92ec,da8622b14eb17ae2831f4ac5b9dab84a,2017-08-18 15:32:19,119.9,18.09
8f2b8de48c9a0aba299e3433e4c00df4,1,e0d64dcfaa3b6db5c54ca298ae101d05,4869f7a5dfa277a7dca6462dcf3b52b2,2017-09-06 14:05:27,179.9,16.01
8f2c9e626786d2b5337f8dd444ddb79b,1,15fdd6032f35d4add5066fb90be28630,6560211a19b47992c3666cc44a7e94c0,2017-08-10 03:03:25,89.0,14.37
8f2da1ebf763886822d2ee38c2986cbf,1,d82a90d0f172a50138e2a54daa510e8b,77530e9772f57a62c906e1c21538ab82,2017-08-29 09:10:19,59.9,14.17
8f335c4c2ed1f5845d6aab602e813d8b,1,8adeb1032429e0cdb52dcc55cd422bda,c76d418370990614e89e956c7a7567d9,2017-08-21 03:30:41,152.49,38.62
8f50ea351cdf971144474e5a4aef9dd4,1,06c6e01186af8b98ee1fc9e01f9471e9,fc906263ca5083d09dce42fe02247800,2017-09-06 18:55:15,29.9,8.11
8f66c7fa9b811026d696fc619becd5df,1,c3ba4e8d3cb30049213b682e751e9d00,6560211a19b47992c3666cc44a7e94c0,2017-08-14 03:50:19,95.0,7.92
8f6d0c386da6a68373cf241e092c7331,1,a7c73814e6894bc049f7aac7d37f7175,6f892e20a171e98efe17fdb971ff319b,2017-08-16 04:31:35,254.9,16.53
8f743e79746b7603a908c7b536e4a14e,1,1c185f17bc0cdfba85b49cc9724b1ce4,cca3071e3e9bb7d12640c9fbe2301306,2017-08-31 15:15:15,289.9,15.05
8f779d94e10c62a62e8b697197ac55e7,1,1c45b3b234c28efa6e4f99e7af930030,d91fb3b7d041e83b64a00a3edfb37e4f,2017-09-04 22:50:13,68.75,35.8
8f872e715d0dc90d10e7315809cdd49a,1,520ac02e0e8cdf179eed22f204e3f26d,d91fb3b7d041e83b64a00a3edfb37e4f,2017-08-16 18:15:20,39.6,15.1
8f8e4c6e05e4b84707bf0dafc310fc7b,1,15d8ac236009f0d5e74a5033a53ba460,710e3548e02bc1d2831dfc4f1b5b14d4,2017-08-09 16:15:14,309.99,15.9
8f9e4c43b4ee0c8602047172d10b1c60,1,95a10f05868096cb2180c6a0bfbbbc39,d2374cbcbb3ca4ab1086534108cc3ab7,2017-08-10 15:35:34,27.4,15.1
8fac65a1f16b2cad7dc493842c75a310,1,40a247eff18242601020870abbfb4ba9,5b67882648febfb6e1225e6ad7164f6b,2017-08-17 09:24:09,65.99,12.59
8fd30f29e6d6c705f1f0e25868416d1f,1,6e1b14d3cbb5fb3a2c00351007127dfd,7a67c85e85bb2ce8582c35f2203ad736,2017-08-13 23:10:10,229.99,22.1
9012c3771b9eb03dc645be00aa938da1,1,776ef0ee36e20757c513e64903f1fa8a,70a12e78e608ac31179aea7f8422044b,2017-08-28 04:27:02,98.0,27.23
9015087bd3384196d2ed2265cba81150,1,3b4db17ce4f2c8731f83b093db7aa0b1,7d456afc660226829370f3173d14520c,2017-08-07 09:45:14,196.0,30.02
9015087bd3384196d2ed2265cba81150,2,cf1d8e226162a1d0ad61f29b7ed72d82,7d456afc660226829370f3173d14520c,2017-08-07 09:45:14,26.0,3.69
901b43947af8cf93ba28921adc6bbb8b,1,54af11c815f92135fb554bd9c97dd418,004c9cd9d87a3c30c522c48c4fc07416,2017-09-05 11:50:18,69.9,17.74
90214a4751f75ee8783bed5037f9b0db,1,fb4fe6c3f949da5331edd51fa1e1d3e1,48fb026ed7455a42f5d3e9390ed5088e,2017-08-11 19:35:16,19.99,25.63
9023f19129c14dadfacec1394f255de9,1,99a4788cb24856965c36a24e339b6058,4a3ca9315b744ce9f8e9374361493884,2017-08-24 00:25:57,89.9,17.88
902415af941f8c73f57aad8f19ee3173,1,2d0090282bd77e1ae0f6336ba500facf,4371b634e0efc0e22b09b52907d9d469,2017-08-16 03:24:02,30.0,7.78
9027f38fa8afb91a7ad77fd92abf97a1,1,28e5952cd1bf2d11f282fe5ab0c1e733,48162d548f5b1b11b9d29d1e01f75a61,2017-08-16 23:25:02,457.0,20.45
902ec12570bd6b13462824125beeda65,1,25e45921120d6d8a1688f076632bdad8,8a40ae794fa3f9892cee24bd5af0488b,2017-08-24 21:05:12,69.99,42.52
9035877d2e93658af3491ddef9ce8bef,1,16e148a208d0f11df31eaf2f731ee460,dbc22125167c298ef99da25668e1011f,2017-08-25 20:30:26,45.9,17.92
90375c2818679d0acd512c173b31a0fa,1,54af11c815f92135fb554bd9c97dd418,004c9cd9d87a3c30c522c48c4fc07416,2017-08-18 01:05:10,69.9,13.51
903b027d6b01452fda4780d82f286bcd,1,11dcc970f7a5581e1bf777b6da3f7096,06579cb253ecd5a3a12a9e6eb6bf8f47,2017-08-15 15:45:13,69.9,17.74
90427548a7f9b99089d5449bdc44dbf4,1,4633dfeb3a2588bdb52af32d504b44eb,b76dba6c951ab00dc4edf0a1aa88037e,2017-08-31 13:25:06,19.99,7.78
9061c246bf482d3062cc4a342aadf137,1,7e9c3f9252da175be7ab4e3131819ab0,3be634553519fb6536a03e1358e9fdc7,2017-08-21 12:15:09,59.9,17.67
906749d5a54394fdebe2bbc6f2c86085,1,6d5dc5358e4ea12ef2c8058d7773c0a1,c68fb906c8f4b4b946d8386bfa6e5467,2017-08-24 02:15:16,50.25,15.98
90696d1e7b8e43d93e6585765c6087db,1,2814b5e91ca5da1c238fc3ddf9616832,955fee9216a65b617aa5c0531780ce60,2017-08-28 04:15:21,12.0,7.78
906a6b0a96d89ee226e4977e99b80b9e,1,8466762a9393a2b2b1de73f3cf6081a3,1dcfa3835714681d4ba4a93bc1e0fd41,2017-09-05 15:25:29,79.9,12.06
907029a0ebab7f19cb8ae765d479df14,1,ddddff18d8f990347156c317421df46d,dbc22125167c298ef99da25668e1011f,2017-08-17 16:44:06,50.9,44.21
907029a0ebab7f19cb8ae765d479df14,2,d9d5e3c7a8d24dfb8968ba75e4313ac3,dbc22125167c298ef99da25668e1011f,2017-08-17 16:44:06,50.9,44.21
907057c26859398070400de963028855,1,e987172c2818cc16b2555bc130ac5fac,578460d8319c51dab351cd9db95eadfe,2017-08-25 15:15:10,235.0,35.45
907f97a18c02082128c530919e8fe089,1,223d59a37896c34a98384dcbaefc322c,2528513dd95219a6013d4d05176e391a,2017-08-13 22:04:14,229.0,26.05
90932f88aac7cb89b8de1b8635b6d393,1,754abbe178ba64e121856bdf42c6813d,6df688df543f90e9b38f4319e75a9d88,2017-08-24 15:55:08,38.49,17.92
90a854ca6f1238059e7d45e6805c8c32,1,2029248294c186017ecfc48cecd47bbd,d50d79cb34e38265a8649c383dcffd48,2017-08-21 16:55:13,126.99,25.73
90c1f1431bde35c669aa2ccb03f78553,1,a92930c327948861c015c919a0bcb4a8,6560211a19b47992c3666cc44a7e94c0,2017-09-06 04:32:23,78.0,15.3
90cd8e765a696947ccb0afa686c933fd,1,42faf2e98f0486405f5dfac48e5cba7d,1127b7f2594683f2510f1c2c834a486b,2017-08-24 02:10:35,14.46,7.78
90dea0577f835cee1385c71345f7a1d9,1,0e8455af924fb157b26a4ab95f28bb10,385799a1cddbd26dfeb9157356a42282,2017-09-05 16:15:23,81.99,7.83
90e4c72e836cb3e0bea6a31fd981a346,1,7172a7870fee91850dcbcb1f4de40cfc,4a3ca9315b744ce9f8e9374361493884,2017-08-31 11:50:13,89.9,12.13
90e8f4c6614e2960a0334fdc9fe238a6,1,b12f82804a690dfabd840ce47db63c40,6df688df543f90e9b38f4319e75a9d88,2017-08-10 03:15:08,30.79,17.92
90f6194c9f26e2f8d1f955c7bf4c5f5b,1,4293865e4ead3d446609086b4cfedb4f,da8622b14eb17ae2831f4ac5b9dab84a,2017-08-25 18:55:14,119.9,13.86
9102c4cce353ccf061738fc045c2e27d,1,11bbef4e2a44601d9dd471aa1fb433e6,5c243662ce92d84573bfaff24c3e3700,2017-08-18 10:25:19,299.99,18.35
91292acc131c233256e9a15bee217c53,1,b4f9530c931398e215242293c2c8ba4c,4e922959ae960d389249c378d1c939f5,2017-08-11 09:43:41,90.0,8.37
912a714073cf7bcaa2673fce2ec99d6f,1,8adfef9b7c8f92b52ef0d9fb88ee9997,7c67e1448b00f6e969d365cea6b010ab,2017-08-17 13:23:28,79.99,49.09
912a714073cf7bcaa2673fce2ec99d6f,2,8adfef9b7c8f92b52ef0d9fb88ee9997,7c67e1448b00f6e969d365cea6b010ab,2017-08-17 13:23:28,79.99,49.09
913d2a315c656c7a2f0edc9315a842b3,1,a5d39bdbd8f8873a55299222206fd522,c8417879a15366a17c30af34c798c332,2017-08-22 11:15:19,47.2,15.1
918715562ea26f3f229b7b9e7293d3d2,1,1d25200882dc5bcbff689ba2ba117f9f,41b39e28db005d9731d9d485a83b4c38,2017-08-17 11:50:05,79.9,34.72
918715562ea26f3f229b7b9e7293d3d2,2,1d25200882dc5bcbff689ba2ba117f9f,41b39e28db005d9731d9d485a83b4c38,2017-08-17 11:50:05,79.9,34.72
91917ed8f3cff7119b635ee161fc926c,1,af0a917aec9cea3b353ece61a8825326,da8622b14eb17ae2831f4ac5b9dab84a,2017-09-04 04:44:39,89.9,17.88
919dfcc9cd85179b6da8c06b39a29996,1,0453f63a85b66c3950381599dbbfb2ec,55a5b51f93f2b70ea513f5a047b0262a,2017-08-22 03:26:16,34.7,15.1
91a0d7adb3b93c79268628e82ae33c2d,1,4cd6ba4ea3112de8fc238307c4dc6307,259f7b5e6e482c230e5bfaa670b6bb8f,2017-08-23 02:50:13,39.9,11.73
91bc8de419040aeb9a64f84039c5f1bb,1,c6ea63369936552872ae890c82175b4b,37be5a7c751166fbc5f8ccba4119e043,2017-08-10 22:30:16,205.0,15.04
91c3ea3f720dd9cc12b762347379b0eb,1,601a360bd2a916ecef0e88de72a6531a,7a67c85e85bb2ce8582c35f2203ad736,2017-08-31 02:10:11,107.99,21.16
91d6d5752d41b6d8cbd20d30b7750459,1,b395922ca8e9ba82b2a81822968d0cf5,391fc6631aebcf3004804e51b40bcf1e,2017-08-10 10:43:04,24.75,16.11
91d74caa280901d4fb685fede0703987,1,88dd63919fc9ab693803578a04a20209,7ddcbb64b5bc1ef36ca8c151f6ec77df,2017-08-23 03:05:17,34.99,7.78
91f1ac61a8e729f0c88109ea99fef51d,1,95e257171227c7187fa4cb6361baa1ad,6edacfd9f9074789dad6d62ba7950b9c,2017-08-31 02:05:55,31.9,15.1
91f4e99c026618f89b29bdddede02490,1,839d890a7312912b071c1d864b8faf0a,66dc1b1632bd6a3e508510c5b3492107,2017-08-16 22:05:25,39.9,15.1
91fbb4bf79cbb5c19eb018248c0fe683,1,c45f017c36f9112a8bb4f170edfb1870,dbc22125167c298ef99da25668e1011f,2017-08-20 23:36:01,94.9,14.39
91fc7c64d791380536683edaeb8ff240,1,761a7d7da15ca2d6f0aaf29e22bd1479,134a288e7de827ec5ec62e3ec9c3a295,2017-09-01 09:24:10,89.0,12.12
91fcdc0357e6c76803fb5d654a0226a0,1,952670bc019a73f0933157ec82ff6e4f,37be5a7c751166fbc5f8ccba4119e043,2017-08-29 16:08:45,205.0,15.04
9216a44f5b8ded17361603142a907289,1,a573ca6c2020041316ed95965ae0887f,6edacfd9f9074789dad6d62ba7950b9c,2017-08-08 10:30:25,27.9,14.1
922162cabb84e44a2efa143dd96ef464,1,1afdb4e17af189582b06591ae8a031a4,6560211a19b47992c3666cc44a7e94c0,2017-08-31 19:06:02,44.0,7.78
922587c6bf637f545a82eb3f9136ae30,1,30cd699c7958f8352c9f479572eb66ad,7178f9f4dd81dcef02f62acdf8151e01,2017-08-29 11:15:08,29.9,15.1
923bd0dbdf3223a889b7548f25d973fc,1,af958790ccbac40ab33fc75971df69b1,5236605f4d4b0b3e4df85b850393fca0,2017-08-15 13:15:16,106.9,11.95
923cc27376a32cd0e1252597e42a5586,1,9330504b97ecb321002b3f0af1f0f467,cca3071e3e9bb7d12640c9fbe2301306,2017-08-23 12:10:11,52.64,25.65
924101b6d0786a881d90fa1c8eeb6bf1,1,391a014a66920fa0ce468319264e0232,ce27a3cc3c8cc1ea79d11e561e9bebb6,2017-09-10 21:15:24,129.9,23.23
9247f243c8ce8daa5f7011af7f97fecb,1,a9e1892ce37ec3b694e45a58e3377556,6c7d50c24b3ccd2fd83b44d8bb34e073,2017-08-30 23:05:39,49.5,17.6
9249cf14297c83223160c1b38b95642f,1,e3a86e57c0aff086a429f8cbb7f7f7cc,c1ed9e3daf6154542826a6996af0fb8c,2017-08-24 02:26:21,57.0,26.72
9249cf14297c83223160c1b38b95642f,2,e3a86e57c0aff086a429f8cbb7f7f7cc,c1ed9e3daf6154542826a6996af0fb8c,2017-08-24 02:26:21,57.0,26.72
9249cf14297c83223160c1b38b95642f,3,e3a86e57c0aff086a429f8cbb7f7f7cc,c1ed9e3daf6154542826a6996af0fb8c,2017-08-24 02:26:21,57.0,26.72
924bf106ded4b0612e091dadaf219d14,1,e19ddcc85537b41f22116c8d5425ef46,8a32e327fe2c1b3511609d81aaf9f042,2017-08-16 14:30:17,29.99,14.1
9275f351bb1115ae52dd93a883607ce8,1,130482add9fd75ccb6c57ba007694a2d,87142160b41353c4e5fca2360caf6f92,2017-08-08 22:25:16,105.0,22.6
927eda1d91913116e94535f4120dc578,1,d8bf954d364f9ed61bcb3af7fd78a70d,cce6ab8d1682639fe45ab70234f1665f,2017-08-25 00:50:06,40.0,16.6
9287e4565306ec8435df6a40c6f481ac,1,e38e0b558340e87a62ebeacc7b83d8d7,dbb9b48c841a0e39e21f98e1a6b2ec3e,2017-09-04 23:06:23,44.99,16.79
92a8bbc7ce477331df10e39cc3ac8b43,1,13ed40194df36dfe1dc2bf7e4ce3bcf2,391fc6631aebcf3004804e51b40bcf1e,2017-08-24 17:24:27,59.81,13.44
92b8d0b30483bd64c2548331777e52a3,1,4bb4fb9c85785b75ab4f6559900c7ca1,ef506c96320abeedfb894c34db06f478,2017-08-10 02:25:17,37.99,15.1
92e3a3bff7261e031fc2901b229ce73a,1,f37d4bcbd21078ef36fd59518e99f045,9c0e69c7bf2619675bbadf47b43f655a,2017-08-08 03:04:12,199.0,13.73
92e79e31ca65b56eb2940e5f08d07305,1,e0fb7b66c3ac0b1e5b49a218a065e816,26d8a1c7c75d513045798992ead43aa2,2017-08-23 23:30:19,219.99,19.11
92ee8a7ca1333a436b9d734e896c6aaa,1,154e7e31ebfa092203795c972e5804a6,cc419e0650a3c5ba77189a1882b7556a,2017-08-29 12:25:13,23.99,15.1
92ef3140d9d92187a04b1bd643f32dc1,1,d8de812ed5d981fc6a3984f4caa2aa05,54a1852d1b8f10312c55e906355666ee,2017-09-01 15:45:40,59.99,9.34
930c438920322d999f81073398288381,1,5c0826f946c32406d5baa79544668b4c,f9244d45189d3a3605499abddeade7d5,2017-09-18 11:25:20,99.99,16.95
932ceb7851a40ee01ccc9bd9c2d2e772,1,c6336fa91fbd87c359e44f5dca5a90ed,4c2b230173bb36f9b240f2b8ac11786e,2017-08-24 11:25:37,45.9,8.72
9337001e908fabd60aad0728f4a8f5b6,1,35bc6c77029697004675d3a2ce505916,9c0e69c7bf2619675bbadf47b43f655a,2017-09-08 04:34:08,155.0,15.84
933b71c1c72e9ca1d118e9d30bd0706c,1,d239ed6ed6dabbcbfd8a3b776e1ca50c,729f06993dac8e860d4f02d7088ca48a,2017-08-17 18:06:05,389.9,63.68
937f398435f7bef62c603d5fdd43a910,1,ee406bf28024d97771c4b1e8b7e8e219,7a67c85e85bb2ce8582c35f2203ad736,2017-08-17 20:55:15,149.99,17.3
9382670144e0f9cc51d3a834f9bfa1c3,1,8097e6d8de77768d9f72295263e440fa,01bcc9d254a0143f0ce9791b960b2a47,2017-08-21 03:25:35,117.79,17.26
938eec02edd60b9aac62487718732066,1,9048cbd294fe0c1a3ec8c8248bc2cadd,6d66611d7c44cc30ce351abc49a68421,2017-09-07 22:05:37,84.9,17.68
938eec02edd60b9aac62487718732066,2,6109d0cae3bcb57d579bc0fab6e61814,dbc22125167c298ef99da25668e1011f,2017-09-07 22:05:37,84.9,14.47
93a157bd42d5aee115dbfbca895d9998,1,8f3a1c2358138bedfb98645db449110c,fa1c13f2614d7b5c4749cbc52fecda94,2017-09-04 19:04:46,279.9,27.24
93b82c635931ca55e5d20e0d095507ce,1,b659034bc6cfc3d9baeda101c0c281fe,834f8533b2ecb6598dd004ff3de7203a,2017-09-06 05:44:41,88.6,13.18
93d147479c3e9f1a3e43febcbef654f6,1,52b3af7304d611855714d9b3d1724ea7,4a3ca9315b744ce9f8e9374361493884,2017-08-23 22:30:17,48.9,11.85
93d350ebaa988529d9b1988c454035b2,1,e78506414d2563b6414cfd84b7fa0802,fe2032dab1a61af8794248c8196565c9,2017-08-29 11:10:18,179.0,9.45
93e0955feff59c4059deec982d6c440c,1,e78506414d2563b6414cfd84b7fa0802,fe2032dab1a61af8794248c8196565c9,2017-08-15 22:10:17,179.0,16.0
93ee5063c90357efe9aaeabb20badbf6,1,f32415d23c358ef1e387a7d329d9ce9f,3586b8580d9c917874e053a1bb37b5ff,2017-09-01 14:50:32,36.9,12.69
93f9ec7dbcda565025da885db90ce158,1,d321d5e90b24cba895f0564fc3e15a84,aafe36600ce604f205b86b5084d3d767,2017-08-21 03:32:44,59.9,26.96
93fafdfa3d4b1b6728b7394782752120,1,7d50930301709838d8e90dcac5cfaa84,9616352088dcf83a7c06637f4ebf1c80,2017-08-24 03:30:34,59.9,13.44
94025de10c28a35becc4666e4d661698,1,880be32f4db1d9f6e2bec38fb6ac23ab,fa40cc5b934574b62717c68f3d678b6d,2017-08-31 02:50:34,44.9,7.78
9409061640fce9127ff7a2ee181a54dd,1,2fb0efd1f61f186ffdda9e8ec70f27f2,1d8dbc4f32378d715c717c1c1fc57bae,2017-08-18 12:50:16,139.0,20.21
940938f15046a79e4e3f31015817e39a,1,dbc9c9f4ae0364b6f8023f982651cc82,f8db351d8c4c4c22c6835c19a46f01b0,2017-08-18 14:10:17,98.9,14.09
9413addabc2268ea995d4e968a185ab3,1,ab959a147167f22f3e0c05eb06845771,128639473a139ac0f3e5f5ade55873a5,2017-08-22 03:30:17,16.9,15.1
9415b8205e1a211b3a930ab130b9ce60,1,0b0172eb0fd18479d29c3bc122c058c2,1838dd9b8977065acf51d95e0053ea7a,2017-08-16 21:24:10,28.9,26.89
941b2fd26e5b95866e364344706f66c0,1,389d119b48cf3043d311335e499d9c6b,1f50f920176fa81dab994f9023523100,2017-08-30 03:06:24,59.9,37.97
9423ec5aa2843d66ab1e34407ecb9b74,1,cdbda59a8f5cbd6a8020e6e2289b9960,dbb9b48c841a0e39e21f98e1a6b2ec3e,2017-09-05 10:45:17,49.89,8.72
942e72b3badcc620649a63aca9e9f8a9,1,9389eab000375a2774d1b51cdeef90e1,729f06993dac8e860d4f02d7088ca48a,2017-08-10 17:43:28,299.9,62.25
942fe6d25e56d372d2f6b5243d900ba5,1,f2caf6034861cb05006f66b9d062207e,44073f8b7e41514de3b7815dd0237f4f,2017-09-13 16:30:21,79.9,17.13
9436e03932021844bcaa6fb20dfc4968,1,e5ae72c62ebfa708624f5029d609b160,9c0e69c7bf2619675bbadf47b43f655a,2017-08-09 16:05:18,61.9,8.27
9436e03932021844bcaa6fb20dfc4968,2,e5ae72c62ebfa708624f5029d609b160,9c0e69c7bf2619675bbadf47b43f655a,2017-08-09 16:05:18,61.9,8.27
94559fe2283a8ce81e14d3fee1d4e928,1,189c49b159a847050e52afe5ec8d42c5,fdb9095204a334cd8872252ffec6f2db,2017-08-23 21:35:16,182.0,12.48
94624ae38f797a3185b786a042e5fc84,1,08574b074924071f4e201e151b152b4e,001cca7ae9ae17fb1caed9dfb1094831,2017-08-27 22:50:27,99.0,37.99
946595d73c65c5757b418d371d32822e,1,c89267ee22b330121259fdd56cee5696,0c8380b62e38e8a1e6adbeba7eb9688c,2017-08-22 12:10:15,149.9,23.92
947727b76996398e1d9730e829551878,1,4a0c2a56e65c941a0bb9874c47dd66d8,a673821011d0cec28146ea42f5ab767f,2017-08-22 23:44:57,79.9,16.81
947e7e0eac14a5d58e68cdb9daa8f2a5,1,f1c7f353075ce59d8a6f3cf58f419c9c,37be5a7c751166fbc5f8ccba4119e043,2017-09-07 22:10:18,195.0,0.0
948097deef559c742e7ce321e5e58919,1,cd935d283d47f1050c505e1c39c48b67,a3a38f4affed601eb87a97788c949667,2017-08-10 17:25:11,69.9,25.77
948368c5523e4c43acf831fa3353992b,1,33fca9d59532dd4c191217a979346ab9,fe2032dab1a61af8794248c8196565c9,2017-08-24 09:04:24,242.5,9.89
948368c5523e4c43acf831fa3353992b,2,33fca9d59532dd4c191217a979346ab9,fe2032dab1a61af8794248c8196565c9,2017-08-24 09:04:24,242.5,9.89
9492de11af7e69fb0d66b0a3cb33f2b8,1,6d426dd1336e5a7d34470ae65bc68abf,180c3376aff0e43dd5788709df48a843,2017-08-16 22:25:17,1380.0,24.41
94a234743199c2efcc0808e625dfccde,1,d9d319caa9e0b2993d581f53f036ba72,218d46b86c1881d022bce9c68a7d4b15,2017-08-11 14:50:20,97.0,15.43
94a6d388146dcc59a8b727cb6e4c2f66,1,2152380ff2e0afbc8c1c5b7c72732c40,cca3071e3e9bb7d12640c9fbe2301306,2017-08-31 04:16:00,49.9,12.69
94b036e9c8d7275cda2d1a19c6fe11de,1,87283a98b24f9f1ac3a31b631073cf47,cab85505710c7cb9b720bceb52b01cee,2017-08-14 04:24:37,49.9,15.1
94cbeb924291c55038f6d70ce58944d1,1,0836db91ee8fd88d685b5a57bed9ede0,51702dc2a3e106c76dbff722b5bf0726,2017-09-01 14:51:10,169.9,40.18
94d97c26cd5ca2a98749be9e672b44d4,1,d966b3fb4175fb014b8c120ac820a41d,dc4a0fc896dc34b0d5bfec8438291c80,2017-09-04 12:35:28,92.42,17.9
94e51ec4177923b1a9f4deb3c5187035,1,5be097e7adf7dc9ed11fabf814806bd0,c3867b4666c7d76867627c2f7fb22e21,2017-08-22 00:35:23,85.0,15.34
94e804cbf3da3ae66126b5d81e1f72fc,1,52690beab08122aee391378fbf246a58,cd68562d3f44870c08922d380acae552,2017-08-17 02:50:58,495.0,14.61
94eb86ebbf4bb41bd02ea3035a2a39cb,1,4509f2dcb7651bc7c7fab76f3a87e700,86ccac0b835037332a596a33b6949ee1,2017-08-22 03:15:43,128.5,16.66
95041d0854644b3f5210e99aae26234c,1,84a87daa85c8b432d90bc1baa0cb4388,aafe36600ce604f205b86b5084d3d767,2017-08-10 03:03:11,59.9,16.18
950751565654ebfd1a4665d3c818e694,1,f9b1795281ce51b1cf39ef6d101ae8ab,3771c85bac139d2344864ede5d9341e3,2017-08-21 14:55:20,39.9,15.1
9508c52fce9468c56973500f75dbad5b,1,f71e81166f65ac9b5174e4630ab20615,06532f10282704ef4c69168b914b77be,2017-08-24 02:24:50,1815.91,61.93
9524a96b9422d6296e14ba9ae6d95ac4,1,f7a17d2c51d9df89a4f1711c4ac17f33,f8db351d8c4c4c22c6835c19a46f01b0,2017-08-24 16:30:17,54.9,9.27
95287574a39117622fd74f06cadf5eae,1,f731f8587d4088c174397e010cf892a9,cc419e0650a3c5ba77189a1882b7556a,2017-08-15 08:34:29,56.99,21.2
952df1e461dd66df573519eda08191f1,1,a70d74f54feefedd8108c45553766340,a6fe7de3d16f6149ffe280349a8535a0,2017-08-22 20:25:16,49.9,25.63
9547cf4fe1b6c195402362f33448186a,1,473795a355d29305c3ea6b156833adf5,620c87c171fb2a6dd6e8bb4dec959fc6,2017-09-06 13:10:22,49.9,15.1
954c5fe96200cd412c34347e9ae9ef90,1,eef3286d1162cb7eb46becab2a5aa884,8f119a0aee85c0c8fc534629734e94fd,2017-08-09 22:35:13,37.5,15.03
954c5fe96200cd412c34347e9ae9ef90,2,e54464e95c9fb80e4edefa0ba49133c1,8f119a0aee85c0c8fc534629734e94fd,2017-08-09 22:35:13,59.9,2.09
955340008b55220de4e15932d6e1da20,1,5af8f974918d5e68bc22ea894296adb6,0bb738e4d789e63e2267697c42d35a2d,2017-08-25 09:24:38,19.9,9.94
9570076bd35deeec20575eb8e0540131,1,7a9cf133da2a6494259ffeeab11b6276,db4350fd57ae30082dec7acbaacc17f9,2017-08-30 03:11:10,21.99,16.79
957d88bc917940febb453782827cbaa2,1,c6dd917a0be2a704582055949915ab32,7a67c85e85bb2ce8582c35f2203ad736,2017-08-28 03:25:18,99.99,38.25
9585dcabb7fafb1d2bde20a5a995e5e4,1,71cc431cc19ca0b0bb8bcd909b5037e2,81336a0f57a33776419727a300249e90,2017-09-05 17:35:18,114.9,16.56
95adaa1525c1ed7ae7e428c561ec0493,1,b07d4d53510cb94a50f0088119134afe,c4fb51fb1c5b7c07bc5e67be6e7e8f6e,2017-09-04 04:51:06,186.5,43.51
95b898c9e7cf03e527bd45abe58a4d55,1,19b7148be60fb48eb30c7eb0431c1a8b,7ddcbb64b5bc1ef36ca8c151f6ec77df,2017-08-10 16:55:10,154.99,14.83
95ca5e38f67d0f792b4fa38683682a0d,1,de01db017586d557505e72625f9f49d4,004c9cd9d87a3c30c522c48c4fc07416,2017-08-22 03:45:38,199.99,21.89
95efc26128229ac33bfc67d4fce8fa28,1,516a7c0b152777ac153b6ff568582222,a1544b9ea0b2390e020537d4daa89049,2017-08-20 21:30:14,49.9,17.63
96192a86ceeb753de81aacdd955288f8,1,b931645cdc2d9868f01544e8db63f5ab,b14db04aa7881970e83ffa9426897925,2017-08-25 20:35:30,69.0,19.72
961f1793d1fa464e0ed6686562936da8,1,31a2f42a87890f87d77daebdfabc182e,4c03b9dd4c11ee2cb35c96c49efc9420,2017-08-07 18:35:42,149.0,29.44
9626d198946ba7132f0bcaf33f7ceece,1,0e19c7867209124d5a735e0505c2bb24,eeb6de78f79159600292e314a77cbd18,2017-08-23 22:55:17,579.0,20.49
962deb19ddb93d915e52a727506752df,1,82bdb2c2a2df01df01f61a28ca5673e9,79ed755314cfe6df0daef2c6cd3022cd,2017-08-17 02:55:35,169.9,26.03
9631be1589a0ed8ca6631d8f48f5f5b3,1,b0961721fd839e9982420e807758a2a6,1f50f920176fa81dab994f9023523100,2017-08-23 03:05:24,59.9,13.44
963c7a2f550e2790045366f61c790bb7,1,84e3161e8dd15fb8ae229e8d507c9736,94144541854e298c2d976cb893b81343,2017-08-16 19:55:12,109.9,15.52
9644729cf104f7870436481d24456834,1,4611bb7e0ac415d6ae411925356bc93a,ea8482cd71df3c1969d7b9473ff13abc,2017-08-31 16:50:11,24.99,7.78
964d4bd2b27e0b6dd3363e2d17485342,1,f7bb503725fb4d7bb55301d5bceba728,55a5b51f93f2b70ea513f5a047b0262a,2017-08-10 14:23:37,99.7,17.14
966816b575380366cf697b71679a90ae,1,e20fcfa5bcdc5c4341d6680cca2bae68,8f2ce03f928b567e3d56181ae20ae952,2017-08-10 11:30:15,99.9,13.25
966d505c98ea667c11343331a5d67722,1,9ac3471b9357338ea8054108a00389e3,0afccdb8a34ee5c79f7c06faf2b4d56e,2017-08-11 03:03:11,39.9,16.79
967cde7a2c0b8ea6e85560f633d3e704,1,bdb4be6ce2f7f2b5be0a16088028c7fc,955fee9216a65b617aa5c0531780ce60,2017-08-23 11:05:15,85.0,11.8
96a99b5ae04ac4def9a904440906fd6e,1,6df3e292ba834323d4d8164d4c88e698,7a67c85e85bb2ce8582c35f2203ad736,2017-08-28 04:10:58,9.99,19.59
96afce615acfe22de83ca7f0ddcc27c4,1,e8eb2bde4e37bfe54219bcae2d1baaf5,c3867b4666c7d76867627c2f7fb22e21,2017-08-10 01:55:07,295.0,22.56
96c21ec9db51ad9d07c2b592c45f2144,1,7ac6cda1ec564b21b2daa9dc0973c1df,de23c3b98a88888289c6f5cc1209054a,2017-08-20 21:30:23,199.99,10.21
96c31596f5df2ec1fc71f5849a903305,1,2043cae78c8b731c405c7329a05154b2,4830e40640734fc1c52cd21127c341d4,2017-09-04 17:15:19,69.0,12.82
96c898ec831c5199304b2b5b43157ede,1,817e1c2d22418c36386406ccacfa53e8,624f4ece8da4aafb77699233d480f8ef,2017-08-24 11:45:11,189.0,26.07
96d4aa53586046965c471164413b37cd,1,03a20f79e4c056b48ce29b3e30beb0fb,6fc26fe110feebd80a433e1f012a84f9,2017-08-09 15:15:14,59.0,16.17
96dad13c399dce9663d3bd03e84cea2b,1,2835bf7dc6f51f7dcd51d2ca3ab60ce9,1554a68530182680ad5c8b042c3ab563,2017-08-31 05:55:11,59.99,35.74
96dc07932f59d56e4ad322bd10a226c9,1,b2fd74298e16eef2568d2f9dff6042c8,53e4c6e0f4312d4d2107a8c9cddf45cd,2017-09-06 15:15:27,83.0,16.83
96dd4c9c90277943c551ab185303685e,1,14ae64f095e11f8010d2381ba2845cff,dc4a0fc896dc34b0d5bfec8438291c80,2017-08-23 18:05:27,118.58,16.59
96e9ecc667e4daf9dffd5ee2173815bd,1,20a2613eb3b1c3819e733de3e91644de,1025f0e2d44d7041d6cf58b6550e0bfa,2017-09-08 09:33:57,38.4,14.1
96e9ecc667e4daf9dffd5ee2173815bd,2,20a2613eb3b1c3819e733de3e91644de,1025f0e2d44d7041d6cf58b6550e0bfa,2017-09-08 09:33:57,38.4,14.1
96e9ecc667e4daf9dffd5ee2173815bd,3,20a2613eb3b1c3819e733de3e91644de,1025f0e2d44d7041d6cf58b6550e0bfa,2017-09-08 09:33:57,38.4,14.1
96e9ecc667e4daf9dffd5ee2173815bd,4,20a2613eb3b1c3819e733de3e91644de,1025f0e2d44d7041d6cf58b6550e0bfa,2017-09-08 09:33:57,38.4,14.1
9703eb84b4433601ca6171b79e26ce1c,1,a237de12bdf0bfe4fe220bae65a89731,6c7d50c24b3ccd2fd83b44d8bb34e073,2017-08-31 02:24:50,37.5,17.6
9705d2eb2b203788b10e2cab9c3598cd,1,777d2e438a1b645f3aec9bd57e92672c,4a3ca9315b744ce9f8e9374361493884,2017-08-17 08:30:14,69.9,16.25
9705d2eb2b203788b10e2cab9c3598cd,2,777d2e438a1b645f3aec9bd57e92672c,4a3ca9315b744ce9f8e9374361493884,2017-08-17 08:30:14,69.9,16.25
9711d75c7f14daa7b898759d42b9af64,1,a5c9c1711f61d2b63cf996b4928092ed,46dc3b2cc0980fb8ec44634e21d2718e,2017-08-31 02:11:07,69.99,16.25
9771ffb6db813111ffcd3fd1d7047236,1,b273b6db0baa191909f11d3bc4d44144,f4c4daa86e30c7e5a553a8d518ac03a5,2017-08-25 15:27:14,126.65,26.4
977e2e63a3b6924e344efa8c684f83dd,1,0d146484c69d613fe015c0229056b065,d20b021d3efdf267a402c402a48ea64b,2017-08-08 03:04:26,10.9,11.85
9786fe4bfc559809a4bc1a58b72e2077,1,6cdd53843498f92890544667809f1595,ccc4bbb5f32a6ab2b7066a4130f114e3,2017-08-31 03:25:28,349.9,19.02
979413f37ff3d29ddcd3bdb3ec55df41,1,4e04ffb7dd3739ecfc37de8927dd586c,aba1721a889e04decc910aa13b768ef4,2017-08-30 23:05:12,59.0,7.78
97967e720610b3e51b1203d91c1a746d,1,f07dfd51b27ae763526ca43745920b7d,3771c85bac139d2344864ede5d9341e3,2017-08-31 17:46:19,14.9,16.79
979ace0e958f3017f51d2b3dd92d9c28,1,0b2d8323940867a9979b90f7692dcbc0,a23266650e7c84bb93fbbba502137478,2017-08-16 21:45:18,131.9,21.72
979ace0e958f3017f51d2b3dd92d9c28,2,0b2d8323940867a9979b90f7692dcbc0,a23266650e7c84bb93fbbba502137478,2017-08-16 21:45:18,131.9,21.72
979ace0e958f3017f51d2b3dd92d9c28,3,0b2d8323940867a9979b90f7692dcbc0,a23266650e7c84bb93fbbba502137478,2017-08-16 21:45:18,131.9,21.72
97c3de93ada0e07c7a8e01f130462293,1,82c3ea364e5480f335f6743ee725a921,70a12e78e608ac31179aea7f8422044b,2017-08-24 12:44:22,25.0,15.1
97c8ca945a49dec599920c3fd2ed0a55,1,364c376300bf404053c44c790b493868,d91fb3b7d041e83b64a00a3edfb37e4f,2017-08-15 12:25:09,170.1,21.68
97fe6393705790dc4895bc1e7da3b3ec,1,a0eef953cb25bc9ae40457e1c3c82946,5a8e7d5003a1f221f9e1d6e411de7c23,2017-08-11 18:43:31,69.9,15.25
9803d53681d599da06e759c5935f89e6,1,fa3a067994b6fd52b6ce674ee19a5bdf,2199e7fe213c16213bf5d6a7eadc9a5d,2017-08-21 09:45:07,156.3,21.58
9803d53681d599da06e759c5935f89e6,2,fa3a067994b6fd52b6ce674ee19a5bdf,2199e7fe213c16213bf5d6a7eadc9a5d,2017-08-21 09:45:07,156.3,21.58
9819957d2d80bb1cdb7774bb0b623d85,1,8d1cfc0463b545928bfb4e589e017bd4,aae3bfea055532c57fb453ed3ec80b30,2017-08-23 09:44:40,62.8,25.47
981a9806f64f9c36b258de8edafdbb39,1,f98dbc219c0bcd7fb37420dff826912f,2e1c9f22be269ef4643f826c9e650a52,2017-08-17 19:25:10,79.99,16.81
983213a9301fa00262c06b85e30b3530,1,7340a3839a1de1e99d149b8cf052a2ec,4a3ca9315b744ce9f8e9374361493884,2017-08-17 17:10:08,69.9,12.83
983213a9301fa00262c06b85e30b3530,2,7340a3839a1de1e99d149b8cf052a2ec,4a3ca9315b744ce9f8e9374361493884,2017-08-17 17:10:08,69.9,12.83
98576d430a6b6a1f2354a144cacc5940,1,38c56c5c5b16958d95bf8254498ad555,fa1c13f2614d7b5c4749cbc52fecda94,2017-08-10 07:33:29,799.0,27.91
98581968a67aa2f3caec55918077f7c4,1,631cc372948b89f0211271f2546d9f44,f0e103c63864d5405b958d984b6e94c9,2017-08-31 01:05:09,79.9,16.32
9858ff80b8f867c868a4c476eda9122b,1,88dd63919fc9ab693803578a04a20209,7ddcbb64b5bc1ef36ca8c151f6ec77df,2017-08-22 14:10:18,34.99,15.1
985a676d446985001ace3f3768cfbf38,1,0ecade74f3c3fb56a9256d425e7d535c,85d9eb9ddc5d00ca9336a2219c97bb13,2017-09-01 17:15:16,27.9,16.79
988c4ae9761f28359668d76b84b977fc,1,35afc973633aaeb6b877ff57b2793310,4a3ca9315b744ce9f8e9374361493884,2017-08-18 12:50:13,89.9,17.88
989771e34a670ec77e1f406c05ce66b2,1,ad354f777df2a1eee8211950fca142a4,391fc6631aebcf3004804e51b40bcf1e,2017-09-04 19:00:11,144.77,18.26
98acbe0ec0c00e9baa6eb51e7c9f85cf,1,d2f99bafeba89693c208b6f7a82168e5,6edacfd9f9074789dad6d62ba7950b9c,2017-08-22 20:35:22,92.9,15.4
98b552e1d64415d84660c7155fcb276b,1,b50c1fbe8dd681b1e2cfb1a0484abac9,45213867cefbf2cd4c6177e10216a951,2017-08-31 11:10:15,651.55,38.36
98bffcaf0aacc0569cbe1fbfc94a9639,1,53b36df67ebb7c41585e8d54d6772e08,4869f7a5dfa277a7dca6462dcf3b52b2,2017-08-14 04:04:08,159.9,15.87
98c977c116f7779360e9fecffd3860b6,1,e4aa3f3e3209009166c6b79afa8204bc,1127b7f2594683f2510f1c2c834a486b,2017-09-01 20:44:54,34.0,9.34
98e8fe9277c5c75079ffd65eecba9363,1,2ab38f02a646dc3972785867d5234306,dc4a0fc896dc34b0d5bfec8438291c80,2017-08-31 23:25:19,41.14,13.37
99044ef6d39a9053e6c8be072306da0e,1,be59f0b9bd1d08d096188f98168fc987,15cd6eefe58588619aaed41dfa6621b1,2017-08-09 08:23:46,54.9,20.87
99154e0d0a403c1c7dc3f38886f6776b,1,f361fccba568fabe00db466f80626d1e,85d9eb9ddc5d00ca9336a2219c97bb13,2017-09-12 23:15:18,15.9,14.1
99154e0d0a403c1c7dc3f38886f6776b,2,f361fccba568fabe00db466f80626d1e,85d9eb9ddc5d00ca9336a2219c97bb13,2017-09-12 23:15:18,15.9,14.1
99429e46b13e11c4def7856e0d054e36,1,f8cfb63e323be2e1c4172f255d61843d,4a3ca9315b744ce9f8e9374361493884,2017-09-04 16:50:48,48.0,16.11
99444a1ae54c5cdeb0dc5e97b57aa6e5,1,42c99de3dc62c3687c4c7da629da3c50,f35becee938e982bd615edf8ef12bcfb,2017-08-09 18:30:18,6.99,11.85
994fd7613e80bc45020c7ab67df07f8b,1,e9a69340883a438c3f91739d14d3a56d,1b4c3a6f53068f0b6944d2d005c9fc89,2017-08-31 13:45:46,169.9,73.46
9969c13506326615f8edf843237baa17,1,952670bc019a73f0933157ec82ff6e4f,37be5a7c751166fbc5f8ccba4119e043,2017-08-15 16:30:17,205.0,26.27
996b9b38894cc8cdd6b9c460ced57972,1,a53bd24a78bd7d3ebe735b7d6ad672f5,3d871de0142ce09b7081e2b9d1733cb1,2017-08-31 13:24:40,55.0,17.64
9990c5ac84ecb15401bfd148dee0a46b,1,7cb2ff3193293db892fd5697aa99a19b,391fc6631aebcf3004804e51b40bcf1e,2017-08-23 22:55:20,24.9,16.11
9993e9c87a491b66f16f75f61d99fb61,1,8a8f06e954adeacfeb28b9af2efdc354,46dc3b2cc0980fb8ec44634e21d2718e,2017-08-23 17:30:21,699.99,98.2
99a05d63022ee050d8ef1d1cd84238a4,1,ff7cbf1b6efcbdb616eaf4e90ca7a467,b76dba6c951ab00dc4edf0a1aa88037e,2017-09-01 09:23:52,11.97,15.79
99ad3ef53ed8bbe225a2bdc5b92f4ea9,1,f7a17d2c51d9df89a4f1711c4ac17f33,f8db351d8c4c4c22c6835c19a46f01b0,2017-08-10 15:05:12,56.9,9.27
99ad48402644a3968f2481defdc57947,1,c80124276571cd4bef53cf35d9b36c5c,2528513dd95219a6013d4d05176e391a,2017-08-11 17:20:06,299.0,40.16
99ad48402644a3968f2481defdc57947,2,6b5d792112275a0262356e64e098025f,7722b1df1b0e383e000397b2c11e3e19,2017-08-11 17:20:06,44.9,2.87
99b224dfda8cffb18398d17cfcba756b,1,a22f707cfd269773138c3bf3a43f6180,23613d49c3ac2bd302259e55c06c050c,2017-08-28 04:11:03,45.9,20.84
99b5479599753883c7355ca6cb95b2c1,1,0d009643171aee696f4733340bc2fdd0,fe2032dab1a61af8794248c8196565c9,2017-08-11 11:23:28,339.0,20.91
99b5479599753883c7355ca6cb95b2c1,2,0d009643171aee696f4733340bc2fdd0,fe2032dab1a61af8794248c8196565c9,2017-08-11 11:23:28,339.0,20.91
99b76e435a17f555aaa82df563fff797,1,57e089e3103f5cda6a4ce23b77399bdb,aafe36600ce604f205b86b5084d3d767,2017-09-01 09:30:18,59.9,27.27
99bd1b701f5689d68265a47f0b793d20,1,0bb7cb61f1957f79dac582ab66ccdc1f,e26901d5ab434ce92fd9b5c256820a4e,2017-08-11 15:05:13,23.9,9.34
99ea7908cd1e043462057874b180e3fe,1,ee147042ac9bc25ab2ad108442bbecde,4ba52dfeba874da5b9ee7b17c7494f04,2017-08-10 17:45:15,145.0,22.64
99ebd3bc1d6ce28d10723dc71bf6f13d,1,62d8daeee0db3a60c234c2d1bfd10651,d2374cbcbb3ca4ab1086534108cc3ab7,2017-09-04 00:35:24,24.9,11.85
99f9ab2a2bb77e5f3fe97496b43b78b9,1,7614c62b86a81021243e438cfde78ccc,900ba814c251a692506d7834c1218441,2017-08-22 19:04:52,503.34,19.28
9a09c8f0e971786c75d28809043dc55d,1,d017a2151d543a9885604dc62a3d9dcc,6560211a19b47992c3666cc44a7e94c0,2017-08-22 12:10:17,49.0,7.78
9a21763c2fabd9e832206b8020910d1e,1,5e7f8e7aeb1f57dd83aae171dec38a73,63b464dbf392c7b80d12d932fa7cafed,2017-09-03 22:26:18,179.0,28.61
9a267a9c566371013783da527ac4038b,1,53759a2ecddad2bb87a079a1f1519f73,1f50f920176fa81dab994f9023523100,2017-08-24 02:25:59,59.9,17.67
9a517d3da31a43376a0ba6f01f970495,1,f1c7f353075ce59d8a6f3cf58f419c9c,37be5a7c751166fbc5f8ccba4119e043,2017-08-09 12:23:31,205.0,22.27
9a55824805066e5b894f07c60e254854,1,bb549d441943088b73b5c0281dbc7ba7,e333046ce6517bd8bb510291d44f0130,2017-09-01 11:44:16,115.0,13.83
9a7e84a8e7529c1027405b02b74fe068,1,26459570e7be02e4861603614f8043c3,7e3dde9ffba72d5340f9aaf09b4424be,2017-09-06 17:35:31,220.0,22.03
9a7f882c95ae7d422db8ab15e1ee0a87,1,3ff53c0418c367eb333906f83eff8fbd,4830e40640734fc1c52cd21127c341d4,2017-08-17 14:55:17,49.0,16.11
9a9005e225c09281c29a530f65db93bc,1,e0d64dcfaa3b6db5c54ca298ae101d05,4869f7a5dfa277a7dca6462dcf3b52b2,2017-09-06 20:05:14,179.9,12.76
9ac6d546ec51d8d707fc69e65a54e418,1,b2d98b6f547c14e29a9e72b8e630d936,004c9cd9d87a3c30c522c48c4fc07416,2017-08-17 06:44:03,117.99,21.32
9ad8a5a07627839df5c41599153d02d7,1,e0a554e92afe71fd7f9380b7b135175b,0ea22c1cfbdc755f86b9b54b39c16043,2017-08-28 07:25:20,34.9,34.15
9ae9b5ec8468df37992bd720ed4683f0,1,f4f67ccaece962d013a4e1d7dc3a61f7,8581055ce74af1daba164fdbd55a40de,2017-08-09 21:50:19,241.1,22.7
9afd8793167c97876e93424de3f01498,1,77c0fc0c22b0e79a703aa61068b7bc7a,f805b96fa705ba7995a221f1749dc141,2017-08-14 04:04:41,299.99,22.59
9b0efb7141956726fa720e1ab576d4ca,1,f102842fbe436027eeeb7fc76d3063aa,87142160b41353c4e5fca2360caf6f92,2017-08-09 03:06:17,34.9,13.37
9b1c817fd98473c0a0dab2a95b5979a6,1,f489f20b3bba5b295fa7d3901c203fce,cca3071e3e9bb7d12640c9fbe2301306,2017-08-10 19:25:17,41.73,15.1
9b228d02d9abe567855fe2f934772858,1,4f4c375e79a2f5b62000807e99d85407,d1c281d3ae149232351cd8c8cc885f0d,2017-08-23 03:06:22,263.99,87.01
9b3d7ee9930f8226dccc9eecbd140b99,1,b1631003bdbc3b1e876f83a7d851d74a,cc419e0650a3c5ba77189a1882b7556a,2017-08-21 09:35:17,56.99,14.15
9b44dbd50995185feff18a27d242838b,1,dbfa741e0e5dfae13c9f023d8b8cbd96,05f51e13da97139648b8125c31e5f51b,2017-08-15 17:05:12,139.9,16.42
9b54c2bfcff91ba7acf6d8a1119ea379,1,21d2fdced5c69bfc6539b67908a4ad28,1554a68530182680ad5c8b042c3ab563,2017-08-29 10:55:15,179.99,40.25
9b60f439beee2ca1fceaefc864222934,1,f0640b4a03b7e2ea8a99b656dc8421ef,218d46b86c1881d022bce9c68a7d4b15,2017-08-24 03:35:17,110.0,16.4
9b748aef33e9ccf30c83d8cac9b0f6e3,1,fd33cf682028dd12dea92f2ec002c6e7,f615fe7efbef0f4f08fd3086bc7a3e60,2017-08-30 03:15:52,49.9,9.27
9b78531e68513dbdcebdb2458f3929e1,1,b3b0bce74668bf355cbd94db1e4d17b9,8c16d1f32a54d92897cc437244442e1b,2017-08-23 03:05:51,24.98,12.6
9b80fe8a497834eb67892e43db08b915,1,ce6450b4e1fbb3bc232eeb8b8e1c5757,e9d99831abad74458942f21e16f33f92,2017-08-28 17:30:09,49.99,16.11
9b91a8a7af98d4f7ca653cbadc15b556,1,99a4788cb24856965c36a24e339b6058,4a3ca9315b744ce9f8e9374361493884,2017-08-14 01:15:10,89.9,12.13
9b9a7ecc01bac06fcf3c50980c5ed885,1,99a9a8fc2d8c8a57d46b5a50536f544b,46dc3b2cc0980fb8ec44634e21d2718e,2017-08-17 05:43:39,199.99,18.97
9baa1fea77be1dc7d5ef2ad847110a14,1,ade405a562b15f95950b65eaccb3f0bb,17a053fcb14bd219540cbde0df490be0,2017-08-21 13:45:16,259.98,117.44
9be13dab83e8c1e6b39d8457313620e9,1,cec09725da5ed01471d9a505e7389d37,4d6d651bd7684af3fffabd5f08d12e5a,2017-08-30 23:05:11,69.9,20.98
9beff939495db2836896a797a7606ff8,1,e5eadf9be70a4a9fa514019542fc330a,4559697a8f7e637227c2eeaed843baff,2017-08-23 18:30:26,69.9,13.51
9c074b1d5c9fcaa13fdea5c761dca404,1,4aa6014eceb682077f9dc4bffebc05b0,b8bc237ba3788b23da09c0f1f3a3288c,2017-08-14 04:15:20,294.99,31.1
9c0dd0fc76f974318be91a7fb9dc337a,1,3b3c3503539e7f917eb57a8d4bfa69f0,bfd27a966d91cfaafdb25d076585f0da,2017-08-25 14:45:15,349.0,14.78
9c2d1fc16f35a46132271707af17d902,1,66a0a6e02b7f543e5b021ce361f267d4,7a67c85e85bb2ce8582c35f2203ad736,2017-08-17 02:51:19,119.99,18.09
9c2ee43dbe7a65d216e05e432da1f3c2,1,154e7e31ebfa092203795c972e5804a6,cc419e0650a3c5ba77189a1882b7556a,2017-08-23 11:24:22,23.99,11.85
9c3a601d7089e5ecff0515e743748165,1,fe4d09201362b0d4332259c78af0f761,ce27a3cc3c8cc1ea79d11e561e9bebb6,2017-09-01 09:05:12,145.99,16.78
9c3d7e9c15eacd69760b2e438fd5e3bb,1,4910917f05092f331bf3a477f791cc01,3d871de0142ce09b7081e2b9d1733cb1,2017-08-25 16:06:01,19.9,15.1
9c3d7e9c15eacd69760b2e438fd5e3bb,2,e8c6039a25765995ac7c1ec2cbef5765,3d871de0142ce09b7081e2b9d1733cb1,2017-08-25 16:06:01,19.9,15.1
9c3d7e9c15eacd69760b2e438fd5e3bb,3,8d441ed10f519b5a689d263b009ebf85,3d871de0142ce09b7081e2b9d1733cb1,2017-08-25 16:06:01,19.9,15.09
9c3e52105d896e40a480b47029e36fb8,1,dc68ee0fcb033a1ab6714fbb5db60c15,02d35243ea2e497335cd0f076b45675d,2017-08-24 06:35:09,249.0,62.1
9c3e52105d896e40a480b47029e36fb8,2,81de659bfde3389fc8614bfba92e585a,1025f0e2d44d7041d6cf58b6550e0bfa,2017-08-24 06:35:09,360.0,0.06
9c3e52105d896e40a480b47029e36fb8,3,53759a2ecddad2bb87a079a1f1519f73,1f50f920176fa81dab994f9023523100,2017-08-24 06:35:09,59.9,24.84
9c45d684670744358dfa62bf619d648f,1,14dffa241a078aeaebaef48a49e807ca,fa40cc5b934574b62717c68f3d678b6d,2017-08-28 21:46:25,64.9,13.26
9c45d684670744358dfa62bf619d648f,2,8d98dedc3c19de17f1a090195e85d6b6,fa40cc5b934574b62717c68f3d678b6d,2017-08-28 21:46:25,49.9,16.07
9c45d684670744358dfa62bf619d648f,3,d5b703c271f43f9c588a6f512a00f77e,fa40cc5b934574b62717c68f3d678b6d,2017-08-28 21:46:25,34.9,16.07
9c625b12c2d0805fc7b1bcb6db555298,1,ff469d5a015226354ab92a85c8c46537,9c0e69c7bf2619675bbadf47b43f655a,2017-09-07 21:44:47,229.9,11.02
9c7420176504e0322420860db10766e4,1,34502b3a0c6af7c9b8bce8a8af0aa048,cca3071e3e9bb7d12640c9fbe2301306,2017-08-09 03:04:42,99.9,17.95
9c9036dccc18ec72597a1abafc18d3b4,1,622bad99b4296aade0783ebecdd3fa15,376a891762bbdecbc02b4b6adec3fdda,2017-08-15 15:10:13,98.99,17.97
9ca7ad0b7aafb20b74dd5c1bc5f851d4,1,c9c455f9fd8ca66d3ff7f90a249753b4,96804ea39d96eb908e7c3afdb671bb9e,2017-09-05 14:10:15,109.95,13.79
9cb1a5b9af2fa27ca6a510f64245f869,1,42a437e306c8020b829fa2a5c55d3b62,d91fb3b7d041e83b64a00a3edfb37e4f,2017-08-21 09:25:17,181.55,12.77
9cb3bcbfa845d21d90a540b8a8e9eff8,1,c6dd917a0be2a704582055949915ab32,7a67c85e85bb2ce8582c35f2203ad736,2017-09-05 16:45:25,99.99,16.95
9cb828e4c199d05058a48c78126e3a51,1,e2e426d1332240070b0a836a854d057b,cce6ab8d1682639fe45ab70234f1665f,2017-08-21 11:25:10,40.0,18.59
9cd88e173978b7414b46e60ddc882ae2,1,368c6c730842d78016ad823897a372db,1f50f920176fa81dab994f9023523100,2017-09-01 17:05:40,59.9,17.67
9cd88e173978b7414b46e60ddc882ae2,2,368c6c730842d78016ad823897a372db,1f50f920176fa81dab994f9023523100,2017-09-01 17:05:40,59.9,17.67
9cdcfc512d810430e601a06d02c4548b,1,381f27465b52fd5f9fe3b668e53c1eb7,9674754b5a0cb32b638cec001178f799,2017-08-29 11:10:22,38.0,9.34
9ce48efca38264fece92fb03a3e33562,1,75d6b6963340c6063f7f4cfcccfe6a30,cc419e0650a3c5ba77189a1882b7556a,2017-08-15 11:40:07,56.99,14.15
9cef4f2469402d5f1aa5b5122441684c,1,b0961721fd839e9982420e807758a2a6,1f50f920176fa81dab994f9023523100,2017-08-30 18:46:38,59.9,17.67
9d112e41d85aec5101964866c4801784,1,48c5608bfb241a35beb7a00d960cd27f,c68fb906c8f4b4b946d8386bfa6e5467,2017-09-06 15:24:46,54.75,16.14
9d14efbb0c50e58aa2098e5338df7575,1,5bc6f966c95b579fc0982b73007f1917,bb135baca94c82fcb731335ad5b04a03,2017-09-28 09:55:17,95.0,14.27
9d1f7d7ab032ff42d6c6b9491e83c18c,1,aad1c338e2a8906e2040a2fb0861acbd,b76dba6c951ab00dc4edf0a1aa88037e,2017-09-06 04:31:29,12.5,14.1
9d2541eb54ba5279c1746cdb2775a960,1,015e04445dedbd5da301ef29cbb03f83,dc4a0fc896dc34b0d5bfec8438291c80,2017-09-08 10:05:15,62.7,12.78
9d31db542e64d903e238ecd774d8b301,1,1848a54b9f28b13e4d94d5bcc77904cc,d7b2377bae6ace1b11fc69a11900ac36,2017-09-06 18:10:18,69.9,12.83
9d4c70a4fba1638cb215c370f72a1fd2,1,3d4c249691c5ff13ec7946d4d7a1aaa0,6c177e38df6d3f34182b1f1d427231bf,2017-09-12 02:35:49,149.0,43.07
9d532b51b8f3d1f0103c34fc72fe1816,1,422879e10f46682990de24d770e7f83d,1f50f920176fa81dab994f9023523100,2017-08-09 20:15:20,59.9,17.67
9d5f8787d55cc08d6f9560414f44f491,1,e35b496654367ba8f9ab8974a23331e6,1da3aeb70d7989d1e6d9b0e887f97c23,2017-08-17 19:23:53,12.99,7.78
9d5ff0405549c979e36682bc5d8b9306,1,12ce53b5f757dfcb8e78117caa2d6ac4,128639473a139ac0f3e5f5ade55873a5,2017-08-31 02:16:12,14.9,12.48
9d75c13a38478759d01d70c2dd49d06f,1,08c63555bbee955cad9c6a9feab9e9d4,3be634553519fb6536a03e1358e9fdc7,2017-08-31 11:44:36,95.15,11.87
9d7ab082d6d8a4b069683e5a77db1261,1,2029248294c186017ecfc48cecd47bbd,d50d79cb34e38265a8649c383dcffd48,2017-09-06 02:35:52,126.99,18.0
9d7b5f17627d128b343baf0300b45c7f,1,9a6fea01f6d5bfc01c9ac539f93da5ac,63b464dbf392c7b80d12d932fa7cafed,2017-08-30 22:50:21,169.0,16.89
9d7f2c9f33008498700ffdc3162878fb,1,d8dee61c2034d6d075997acef1870e9b,c826c40d7b19f62a09e2d7c5e7295ee2,2017-09-01 13:15:16,99.77,14.45
9d8b5a8e3231c5bed9d2c45e1fbb116d,1,2eb9b2ef7c1da3c7b99702452ea4729f,0db783cfcd3b73998abc6e10e59a102f,2017-08-29 10:35:23,99.0,34.49
9d90f18cbc370ff8636d7b5db6ae36a1,1,a5341e3f8155dbb3e62323d3ea289729,ff063b022a9a0aab91bad2c9088760b7,2017-08-22 03:26:12,79.5,23.43
9d9b9f1853aa3afd7906d3c011c49775,1,99a4788cb24856965c36a24e339b6058,4a3ca9315b744ce9f8e9374361493884,2017-08-17 18:23:39,89.9,17.88
9da2ef3ac1a6d4e6140835f3ba6e3f86,1,d696750e550fd0f733979dd7e5dff921,9de4643a8dbde634fe55621059d92273,2017-08-09 21:43:21,167.99,16.94
9dc5836ce93438ab4260e229c09dbe63,1,ea44caac707f7f1325182a538007f838,855668e0971d4dfd7bef1b6a4133b41b,2017-08-22 20:24:16,50.0,16.6
9dc5836ce93438ab4260e229c09dbe63,2,ea44caac707f7f1325182a538007f838,855668e0971d4dfd7bef1b6a4133b41b,2017-08-22 20:24:16,50.0,16.6
9ddf9aab4ecd8705edefb485abf28a36,1,011967a30ceeaa86acb72e79664544ad,e2aee0892199b1d92530e371abd825bf,2017-08-24 02:26:24,99.9,31.45
9e067f88fe5c70d11f75ddfdf358acef,1,c6f208a57dcc1f0a7bd262cd2e604194,ce27a3cc3c8cc1ea79d11e561e9bebb6,2017-08-18 15:46:15,120.0,14.59
9e13d10fe3ab7d47882c882943f5309a,1,88dd63919fc9ab693803578a04a20209,7ddcbb64b5bc1ef36ca8c151f6ec77df,2017-08-24 11:45:11,34.99,7.78
9e18b36cbe389c78c0f80999b7d807da,1,c5f66f76350a831902c397fd9ebcdedc,41b39e28db005d9731d9d485a83b4c38,2017-10-17 15:24:48,49.9,14.1
9e30ffd7dfa06b873f14f0a8ad8e3e6f,1,9545d45c37449ccbc376de3a04c66e71,431af27f296bc6519d890aa5a05fdb11,2017-08-31 20:24:25,119.9,18.09
9e3d1f6fcb9e5f8d6b66b018f0a0c810,1,3429d7e4892a2df967fae671f4c98deb,900ba814c251a692506d7834c1218441,2017-08-21 15:45:12,370.47,18.35
9e46071b97517d67ca29999622adb3ac,1,37bc5c7b7dca15cfcbe282fb0dd0bab3,7722b1df1b0e383e000397b2c11e3e19,2017-08-21 09:55:22,13.99,14.1
9e48259dcc212e0343e11086490f15f8,1,46b173c179c7e6904a5728959bee5b3a,7299e27ed73d2ad986de7f7c77d919fa,2017-08-10 06:45:21,160.0,16.88
9e5fb230df649a8014388ee2cba9d347,1,7167a194119e3d3b0da13963e0417c8e,c3867b4666c7d76867627c2f7fb22e21,2017-08-11 02:25:35,152.0,25.9
9e78fab71a274225243402d9d1f74166,1,9dac5ef9b28fa12041a57562d24f6171,e9b6c33b71b67737693b4cfa68341c8d,2017-08-24 02:25:27,119.9,21.49
9e7b9ace0373fca44197f8f406bb0169,1,31d976f5306d3408e3d41d670343495f,d624126b9206f595fb3fbb6ba03b28a8,2017-08-23 14:50:20,359.9,19.77
9ea0fa63c2d7cfeb3bee5a9e4940c5ee,1,e2ef692835bb1cebf4df94c3c306e352,cac4c8e7b1ca6252d8f20b2fc1a2e4af,2017-08-22 15:30:42,19.99,11.73
9eca111d23db1c30d8fd90317ebc1354,1,aa2f410b8f9a8e3e6320540174a4edfe,8a32e327fe2c1b3511609d81aaf9f042,2017-08-30 16:06:00,85.99,11.81
9ecd7832d0c751777b4538c062126bc2,1,4ff37a590d03f8e386a765994b15e0ec,dc4a0fc896dc34b0d5bfec8438291c80,2017-08-28 14:35:08,118.58,18.4
9ed208208c017ceb64e3df1764bec8bd,1,83b23a333b811855258c5ec9431f6d3e,1da3aeb70d7989d1e6d9b0e887f97c23,2017-08-28 20:32:57,16.0,7.78
9edc1ee4f1a91ef8a52902a4d4c9ad79,1,f1c7f353075ce59d8a6f3cf58f419c9c,37be5a7c751166fbc5f8ccba4119e043,2017-08-18 03:23:58,200.0,26.24
9edd9058babbac571631bfc8092e47c3,1,c7b3cf9de7be95b3e09e7a63315685eb,5dceca129747e92ff8ef7a997dc4f8ca,2017-09-05 13:04:47,99.9,33.15
9ee4d099f38e890ac389c977ec066c67,1,0ece029097324dceb8b637673ca7e519,2addf05f476d0637864454e93ba673d5,2017-08-10 15:30:14,209.0,16.21
9f038ec9f60cb6ced5e69f113cdd1147,1,4fe15a335d33f90d5a432f41dd5174d0,d91fb3b7d041e83b64a00a3edfb37e4f,2017-09-01 17:25:16,47.25,25.63
9f101be6d0a10cb40cc622691e49714c,1,53759a2ecddad2bb87a079a1f1519f73,1f50f920176fa81dab994f9023523100,2017-08-11 12:03:20,59.9,13.44
9f101be6d0a10cb40cc622691e49714c,2,53759a2ecddad2bb87a079a1f1519f73,1f50f920176fa81dab994f9023523100,2017-08-11 12:03:20,59.9,13.44
9f1dcbf0e12d0df2ee7611bb738a9106,1,76951acb34204078c0dc377dfc4233aa,ccc4bbb5f32a6ab2b7066a4130f114e3,2017-08-29 11:55:19,1597.35,53.21
9f25f43e006aa4d61b6f1188696e93a8,1,056063b2634974ef86ccb7da2d3d0dbf,165fc07beebdcb6190fba8a06db2a449,2017-08-22 10:24:30,499.0,17.22
9f25f43e006aa4d61b6f1188696e93a8,2,056063b2634974ef86ccb7da2d3d0dbf,165fc07beebdcb6190fba8a06db2a449,2017-08-22 10:24:30,499.0,17.22
9f31ff10dac68801116cdccf40f85471,1,9c8175269cef413a4b94529295cc1991,a23266650e7c84bb93fbbba502137478,2017-08-23 15:06:16,39.9,15.79
9f3dfb593f24a7bbc85f61b1690fcc28,1,97ca99a3e712143b9cf17e31bf8f3367,4bf2f4ee540798a61f9636d12cd9cc80,2017-08-16 21:10:10,110.0,12.27
9f6930c9edfd58a44a267fc734980a1e,1,75d6b6963340c6063f7f4cfcccfe6a30,cc419e0650a3c5ba77189a1882b7556a,2017-09-05 08:44:37,56.99,8.72
9f721c43752081baa0310ad5660e6033,1,7af541d714ea3db608971a40b8f507cb,05f51e13da97139648b8125c31e5f51b,2017-09-06 09:50:15,419.9,47.78
9f721c43752081baa0310ad5660e6033,2,7af541d714ea3db608971a40b8f507cb,05f51e13da97139648b8125c31e5f51b,2017-09-06 09:50:15,419.9,47.78
9f746b29d9c50effb250e5b99c2c8874,1,978859c6048ded0fa8bf3b9ea8236387,813348c996469b40f2e028d5429d3495,2017-08-10 03:05:59,19.9,8.72
9f7be9e6940b2bfd52658daa8005d265,1,c857b96593773e940454e76efa8eabb3,cca3071e3e9bb7d12640c9fbe2301306,2017-08-14 11:55:20,51.92,12.7
9fa27c6b7743512d1d967acfa2301a00,1,7435b3acc47c0cccaf692a61002d8908,ff063b022a9a0aab91bad2c9088760b7,2017-08-14 12:34:36,78.0,9.0
9fa27c6b7743512d1d967acfa2301a00,2,7435b3acc47c0cccaf692a61002d8908,ff063b022a9a0aab91bad2c9088760b7,2017-08-14 12:34:36,78.0,9.0
9fa4a4aa87aaf6ac40f2e59527d91436,1,7753861a7cbc7f0d416f0e47a246f703,7722b1df1b0e383e000397b2c11e3e19,2017-08-24 01:45:09,39.9,16.6
9fae83d9b8b2e49831f7017a29632728,1,f264c1d9b20b5e4a340254d0405e613b,7a67c85e85bb2ce8582c35f2203ad736,2017-09-01 14:24:46,69.99,13.51
9fcf372852e7c46001a305a781628069,1,a8fe47ad6f852f93cc92c7b408687de3,aaed1309374718fdd995ee4c58c9dfcd,2017-08-21 03:33:02,72.9,16.27
9fdcac8d1f22da3941b458e835f199e3,1,b01d34f6d2545269d348181768eca049,6560211a19b47992c3666cc44a7e94c0,2017-08-28 09:45:44,55.0,17.65
9fdcac8d1f22da3941b458e835f199e3,2,5c692818d313aa12864b48ac0c2472c2,6560211a19b47992c3666cc44a7e94c0,2017-08-28 09:45:44,29.0,17.65
9fe7878dd156cead30e4d3005fb93de7,1,2442a59b08910404b77c87210a0757b5,ef506c96320abeedfb894c34db06f478,2017-08-24 02:26:04,25.99,11.85
9fe7878dd156cead30e4d3005fb93de7,2,2442a59b08910404b77c87210a0757b5,ef506c96320abeedfb894c34db06f478,2017-08-24 02:26:04,25.99,11.85
9ff3befac1804f201a935c589a8a1baf,1,2b4609f8948be18874494203496bc318,cc419e0650a3c5ba77189a1882b7556a,2017-08-10 10:35:27,89.99,14.38
9ffb45ae8887425787cc295941f817f9,1,2e7fb5448f9e5ef6939e305aa9b8d999,b76dba6c951ab00dc4edf0a1aa88037e,2017-08-25 16:35:15,12.97,15.1
a0034faea6e79d2ed8d8e99279c443b8,1,11875b30b49585209e608f40e8082e65,669ae81880e08f269a64487cfb287169,2017-09-05 11:55:26,65.0,25.73
a013a41ba6127d4d8f594d0340d7627d,1,77ccda894b672fe1214b0101d108d7f7,13fa2a6c6b9d0f43cb588d7c82117a12,2017-08-25 02:15:26,418.0,20.18
a0147b55f1d225bb21f981e58f735589,1,7b8617aa0d6db3af504337cc7a88e460,dc4a0fc896dc34b0d5bfec8438291c80,2017-08-22 09:10:21,197.43,21.87
a0170b15707b42bf994d5b717e4ce049,1,0bb7cb61f1957f79dac582ab66ccdc1f,e26901d5ab434ce92fd9b5c256820a4e,2017-08-10 21:00:17,23.9,15.11
a03470241e25eb070bf902c2c1914658,1,bc2d6310e5cbd60facb2f9c8d9471597,dc317f341ab0e22f39acbd9dbf9b4a1f,2017-08-15 02:45:21,629.0,59.47
a037c35b691ecad7720b1d5cf7f14bc8,1,1a7d1ce0dddfef9f6f2ed280798fd9bb,7299e27ed73d2ad986de7f7c77d919fa,2017-08-30 06:15:09,79.99,17.0
a04995b6f39e30fbf244133abe9fd71c,1,26eed370f5b5e551ed3a9854d522a65d,272f092de69afedd4d2969440b37f18f,2017-08-10 12:30:16,69.9,14.24
a05ae67f6ad2b945b17caa9fde78c4dd,1,4ae3d2e3c9f7168ba872b2bd4686d816,ab3e0c171fe84a7ba7de130f19cfb485,2017-09-12 21:10:17,43.99,15.1
a07cb89bbb737eb48261a20b68766c5a,1,39ed944861999a8283f213a8c0ee366f,44073f8b7e41514de3b7815dd0237f4f,2017-08-18 03:05:46,89.9,23.5
a0a94a840605a83bd0775e894314cb31,1,21fb5057dd6a737df6851a7ab7a130da,b14db04aa7881970e83ffa9426897925,2017-08-10 22:23:32,55.0,32.84
a0a94a840605a83bd0775e894314cb31,2,21fb5057dd6a737df6851a7ab7a130da,b14db04aa7881970e83ffa9426897925,2017-08-10 22:23:32,55.0,32.84
a0a94a840605a83bd0775e894314cb31,3,21fb5057dd6a737df6851a7ab7a130da,b14db04aa7881970e83ffa9426897925,2017-08-10 22:23:32,55.0,32.84
a0a94a840605a83bd0775e894314cb31,4,21fb5057dd6a737df6851a7ab7a130da,b14db04aa7881970e83ffa9426897925,2017-08-10 22:23:32,55.0,32.84
a0b49a0330e926df75d422934cc90cf8,1,a7c73814e6894bc049f7aac7d37f7175,6f892e20a171e98efe17fdb971ff319b,2017-08-13 21:45:11,254.9,27.06
a0ce71729271d271406d1b34bdb1567e,1,96537ba8cc2b7b2d74ef574b5e78d458,0c8380b62e38e8a1e6adbeba7eb9688c,2017-08-24 08:25:09,149.9,21.54
a0d4f93076122f91ae6403813fa2744a,1,ae347727b83d554247d6cc36029a8392,458d868c9642f55f18f04e951a3fdde6,2017-08-15 10:43:53,1359.0,52.13
a0e058d95d9625fbb9a4bd69fd6d0996,1,119cfca51257edda1acecb4b8576ec48,cd68562d3f44870c08922d380acae552,2017-08-09 03:10:54,169.0,12.68
a0fd8189420447a19f96862d4e128d57,1,b1acb7e8152c90c9619897753a75c973,cc419e0650a3c5ba77189a1882b7556a,2017-08-15 10:50:19,34.99,14.1
a11939cea79c6fc04707f96491a5e577,1,506f0b468f486202a5431f087e00de03,b5e3e38609125694d2ea2417522a60b7,2017-08-17 04:15:15,49.99,17.63
a127d16c84ff7404dbd0c988e06e2c10,1,386486367c1f9d4f587a8864ccb6902b,cca3071e3e9bb7d12640c9fbe2301306,2017-08-17 20:23:35,113.57,38.34
a1471d3940933cabdf3944ff1c792e10,1,7fb04722aba7a2b632bac8f9819796f3,f3b80352b986ab4d1057a4b724be19d0,2017-08-23 21:50:19,79.0,12.26
a15224cfcb9e6a6d8915714b32c2311a,1,09c3a2ea33f044aebffecd6681e00133,1025f0e2d44d7041d6cf58b6550e0bfa,2017-08-25 02:24:34,66.0,11.96
a152e104a4305cc7b35c02b235c6887d,1,4b654148e98cf7413afd4b26ab643233,dc4a0fc896dc34b0d5bfec8438291c80,2017-09-01 16:44:31,59.9,15.17
a1706a33c76bfd77c2fa337f882b31b2,1,3986c6e32f39114eff1ded07f1cb16fb,744dac408745240a2c2528fb1b6028f3,2017-08-24 15:05:07,748.0,30.27
a1894265708f519fcdfa6476095d46ae,1,34dabb8af33b3756cf72df05fb327011,0db783cfcd3b73998abc6e10e59a102f,2017-08-09 03:05:38,99.0,15.44
a195badc6ea6f1ecc6bd0e6fb4b45e05,1,560d9dfbf91783d36e00581a288fc86b,6f229cc508fc6915ed5c499efd93baa4,2017-08-17 13:45:12,139.9,15.74
a198fadedc070d85fe672afa298f1a84,1,08574b074924071f4e201e151b152b4e,001cca7ae9ae17fb1caed9dfb1094831,2017-08-18 10:24:08,99.0,37.99
a19b1e8a877c19f80257b15207bd186f,1,620af218f5c91a81482e4555864aa4db,d379f449f2a3b271bc01c0782020f705,2017-08-13 23:05:26,259.99,51.69
a19d79983ace7b3b6785db9f7284eb7c,1,65ce839c7967ed73e05471cbd4cb2ec1,2009a095de2a2a41626f6c6d7722678d,2017-08-08 21:45:11,36.9,12.69
a1aae88ac8b48e870e9fe5dc2ea8730d,1,741158fada4f10d804c017c381d6925e,cca3071e3e9bb7d12640c9fbe2301306,2017-08-22 00:50:16,253.52,46.24
a1bec8f10a79152e439c5133f404c772,1,ad7c531c2001111873dcfed9d8317439,7a67c85e85bb2ce8582c35f2203ad736,2017-08-17 11:23:42,59.99,16.67
a1bf6f909b1f799e5b1f460e8a348ab2,1,7340a3839a1de1e99d149b8cf052a2ec,4a3ca9315b744ce9f8e9374361493884,2017-08-23 02:50:12,69.9,16.25
a1c02a2ec3f8c8cbcc331d3426ad57bb,1,bda14a918da6a4fa9168277a57d59578,6a0cbc8af2e8abd1bdfb777943d174c6,2017-08-09 16:55:10,105.9,16.37
a1c5f97c5f7e4d6c18ae98e5fa287550,1,57284a8b927e8047fed61c481045b3d0,d91fb3b7d041e83b64a00a3edfb37e4f,2017-09-03 21:45:36,89.25,15.37
a1c6049bfa9b859edb1f80846a9ca9ea,1,c354569eefd558bf201d0aedf35608ed,822166ed1e47908f7cfb49946d03c726,2017-08-24 02:30:54,49.9,16.11
a1ce95395f551fa92e087cc8d08ab1b7,1,439dee65f97bb5e70b021e1e7cf54a5e,f27e33c6d29b5138fa9967bcd445b6d5,2017-08-23 18:50:22,59.9,7.78
a1ec5525a1aa69f0b16cc94e94b421ad,1,fd60771c56d987cda1dc0169f4452e65,6a8b085f816a1f75f92dbac6eb545f8f,2017-08-18 20:30:24,54.9,34.18
a1f7a3803f5afa1b25182cbc0b2c38be,1,368c6c730842d78016ad823897a372db,1f50f920176fa81dab994f9023523100,2017-08-22 03:10:21,59.9,13.44
a2123f20edeb61246582bd593243e72c,1,e57e360b85e2ef90b804521ee8e16909,5d3bb11474a06bdc23fb9e89f1164ee0,2017-08-18 13:05:14,189.8,12.83
a218ea1ed05e2375702ed63c94625b06,1,7fb04722aba7a2b632bac8f9819796f3,f3b80352b986ab4d1057a4b724be19d0,2017-09-05 22:55:15,79.0,18.79
a2271e2c867442b21df827861d9f8ef0,1,41cd333a4af5e36df81fc0b83ccf8e2d,5dceca129747e92ff8ef7a997dc4f8ca,2017-08-17 02:55:29,388.0,18.35
a22df5d3fb8b3ec7e7adea94b1a4b967,1,404a57563d487aecbc2b1a01d9b89aab,4a3ca9315b744ce9f8e9374361493884,2017-09-05 15:15:25,220.0,39.65
a22df5d3fb8b3ec7e7adea94b1a4b967,2,54f4b6d719759dc811ee18cc95104ed2,4a3ca9315b744ce9f8e9374361493884,2017-09-05 15:15:25,220.0,39.64
a261a188f75232281791a47982df9bcb,1,3cb3bb626c59ddde2c270b33131b356e,2e1c9f22be269ef4643f826c9e650a52,2017-08-08 18:35:26,112.49,11.99
a2703dddc710908105939e9272116d13,1,0174eb125f49a617bd9c6277e5aa76a9,d91fb3b7d041e83b64a00a3edfb37e4f,2017-08-22 23:15:17,152.25,8.81
a2a7a8c26f134471a22568ddf011e175,1,d65b6607952f9e0d705b1cbdc92ac027,48436dade18ac8b2bce089ec2a041202,2017-08-17 04:24:58,44.9,16.11
a2dab3609509cbd5ea851ecd77d6097e,1,aeecb1d0e5d4d5ccc3fcfe6fe91103b6,955fee9216a65b617aa5c0531780ce60,2017-08-23 21:24:33,158.0,20.35
a2db9015fe477ad400fd0183ab308357,1,154e7e31ebfa092203795c972e5804a6,cc419e0650a3c5ba77189a1882b7556a,2017-09-11 18:15:15,23.99,7.78
a2ff580cc6ca2ad0f0f7074b9f307cd0,1,700a315aa104dcf3ea345a850f746ec1,aaed1309374718fdd995ee4c58c9dfcd,2017-09-08 04:35:15,205.9,108.47
a30b65719297f5afcb931bcad170cb7d,1,c6d0daec0037d0ac4ee036ddff197b35,3504c0cb71d7fa48d967e0e4c94d59d9,2017-09-06 18:05:11,48.9,13.37
a316607f76b8992b9ef01d8e7ee6933a,1,2ac6c3f94b62b0d60ac5b907bdb42cd4,e5a3438891c0bfdb9394643f95273d8e,2017-08-10 10:23:27,29.9,15.1
a35936917bc53a9d8389a31035869711,1,a96d7b91547c9d381eef6793af2c639e,17e34d8224d27a541263c4c64b11a56b,2017-08-07 22:24:05,154.69,16.71
a38d122ad3e07ca8d13e4a42059b98d2,1,e729528d0513c6dfec158a515a47187b,955fee9216a65b617aa5c0531780ce60,2017-08-29 02:46:30,59.9,20.91
a38d122ad3e07ca8d13e4a42059b98d2,2,e729528d0513c6dfec158a515a47187b,955fee9216a65b617aa5c0531780ce60,2017-08-29 02:46:30,59.9,20.91
a3925c1c7a9d4544b8b2a2d34988be43,1,7d50930301709838d8e90dcac5cfaa84,9616352088dcf83a7c06637f4ebf1c80,2017-08-09 14:45:19,59.9,12.55
a3a15a66006f9f79c98af9fce34528c8,1,fa4e8255202fd921350a6fc716710dae,2b3e4a2a3ea8e01938cabda2a3e5cc79,2017-08-11 06:43:36,279.0,9.21
a3b5da7c8f8d9a1edf856dd01f9c91cb,1,6b61c9889ff5ea54a786b54fff36251f,8fdca8e349553f99bc738833a62c8802,2017-08-15 10:44:01,17.5,7.78
a3b5da7c8f8d9a1edf856dd01f9c91cb,2,6b61c9889ff5ea54a786b54fff36251f,8fdca8e349553f99bc738833a62c8802,2017-08-15 10:44:01,17.5,7.78
a3c476831ccceb4aace3b6e6e60a2f50,1,9d0487f0ac5a5c3a772771c0df6f4135,0be8ff43f22e456b4e0371b2245e4d01,2017-09-06 13:33:42,14.9,7.78
a3d2d7bd607f48e67fa90453814180a7,1,7f1a77bec0639e473392e91a504272a5,48436dade18ac8b2bce089ec2a041202,2017-08-09 21:50:18,58.9,19.65
a3f03305225173eb1cf3ea5eeb32e583,1,46e4940f28c9231a801873e62ca55c53,cc419e0650a3c5ba77189a1882b7556a,2017-09-08 11:04:36,39.99,11.85
a3f701e4bf2687d7aa6b807340426a26,1,48de27bd5c8f17adee291f6886cec06f,de23c3b98a88888289c6f5cc1209054a,2017-09-01 14:24:48,159.0,15.87
a3fa2b20c0df9c8279c4441905471140,1,bc2d6310e5cbd60facb2f9c8d9471597,dc317f341ab0e22f39acbd9dbf9b4a1f,2017-08-10 15:50:20,629.0,40.42
a4003270744e89d81a5b5b0a2abce572,1,b79f1c3ee8b26b90db738fb3c4abc1ce,2e1c9f22be269ef4643f826c9e650a52,2017-08-31 15:30:17,46.99,7.78
a40264c07328d270a802bada5ffb7f15,1,171787b81fa784a521d7ba199e6e9fa6,23d7c96d4a1160db1c726b248601b25a,2017-08-24 18:35:08,176.26,33.68
a40644cc74b7b5cc5d97aadc54b2f8c7,1,574597aaf385996112490308e37399ce,febab0275244b9a49a623f0bd613ca2f,2017-08-11 14:33:21,49.0,13.37
a4092b79e25e9a156276bacf4868112f,1,c1a159ff9f24b6ef25cd3f2ae8d3556d,ce27a3cc3c8cc1ea79d11e561e9bebb6,2017-08-16 17:15:25,75.0,14.28
a41b4eceec5fb4df1207586f935af481,1,940d38f0ef286bd93612fcdc91dd38ed,53e4c6e0f4312d4d2107a8c9cddf45cd,2017-08-31 11:45:38,84.0,11.76
a42f5a19988bcb397ae627a3a72eb735,1,b59fb744c6f3cd1dc23b10f760848d98,916748bc99315c2d202898ae58b1617e,2017-08-31 16:50:13,9.9,8.27
a42f5a19988bcb397ae627a3a72eb735,2,b59fb744c6f3cd1dc23b10f760848d98,916748bc99315c2d202898ae58b1617e,2017-08-31 16:50:13,9.9,8.27
a430286ec021d453ea727f5801d105da,1,29427de7f8a9ee983d9dbc51cec569b4,7a67c85e85bb2ce8582c35f2203ad736,2017-08-08 18:03:45,99.99,16.95
a43ab3ca4b7adf45f88bfd99b56816c5,1,bcb4f6803e8889a70dc5ed14c2f5f785,897060da8b9a21f655304d50fd935913,2017-08-24 18:10:14,49.9,15.1
a448db85a66067bc5873642489b25e42,1,79380e4f154e94ac435d6d1e7ce413cd,3078096983cf766a32a06257648502d1,2017-08-31 16:25:17,119.89,18.73
a4601549c0054db50e2c61e1a7d49678,1,c857b96593773e940454e76efa8eabb3,cca3071e3e9bb7d12640c9fbe2301306,2017-08-23 22:25:21,51.92,12.7
a4635c4b193e740cc720feeb43e075ef,1,0354c6a8cb8961e29b70e564b93861fe,a3a38f4affed601eb87a97788c949667,2017-09-06 11:24:20,34.99,15.1
a4635c4b193e740cc720feeb43e075ef,2,0354c6a8cb8961e29b70e564b93861fe,a3a38f4affed601eb87a97788c949667,2017-09-06 11:24:20,34.99,15.1
a46a206fc9bc06abda01c55cfc97117d,1,e1bbf2ca01cd51ee3d72ed663136cfd6,744dac408745240a2c2528fb1b6028f3,2017-08-10 16:24:30,188.0,16.07
a47d207ca025212d0615efa2862fc3e7,1,d3c044bd42d84a79e3b0c42662806a48,4c2b230173bb36f9b240f2b8ac11786e,2017-08-07 20:48:04,25.9,11.85
a47d207ca025212d0615efa2862fc3e7,2,d3c044bd42d84a79e3b0c42662806a48,4c2b230173bb36f9b240f2b8ac11786e,2017-08-07 20:48:04,25.9,11.85
a484a3b382ad9e61385e85f22607e135,1,15859e3a8aaa3c192c10a91d8722abd5,e5a38146df062edaf55c38afa99e42dc,2017-08-23 21:45:10,314.97,21.44
a484a3b382ad9e61385e85f22607e135,2,15859e3a8aaa3c192c10a91d8722abd5,e5a38146df062edaf55c38afa99e42dc,2017-08-23 21:45:10,314.97,21.44
a4a299d455f10745e482d45fa2627558,1,dbd55362ec13c706503b1c71a5068a1a,e24fc9fcd865784fb25705606fe3dfe7,2017-09-06 10:04:27,102.0,13.05
a4b30e4c46015671c65f51173324a3f7,1,6cdd53843498f92890544667809f1595,ccc4bbb5f32a6ab2b7066a4130f114e3,2017-09-12 21:30:13,349.9,46.3
a4c0c3903b0f57f415ce5dc9d3bae784,1,3b66a296f7f9d4a5aa79ca89f460af73,9674754b5a0cb32b638cec001178f799,2017-08-10 13:55:16,16.9,9.34
a4c0c3903b0f57f415ce5dc9d3bae784,2,3b66a296f7f9d4a5aa79ca89f460af73,9674754b5a0cb32b638cec001178f799,2017-08-10 13:55:16,16.9,9.34
a4c0c3903b0f57f415ce5dc9d3bae784,3,3b66a296f7f9d4a5aa79ca89f460af73,9674754b5a0cb32b638cec001178f799,2017-08-10 13:55:16,16.9,9.34
a4cfd47a44ceac0a7ebb64dd03f2a4a6,1,df2dc5b34edb94bedfa04203cd9d6e9f,4a3ca9315b744ce9f8e9374361493884,2017-08-31 02:24:34,35.15,15.1
a4cfd47a44ceac0a7ebb64dd03f2a4a6,2,3348355c60a53ca51a5bb5a4b63e77a6,4a3ca9315b744ce9f8e9374361493884,2017-08-31 02:24:34,35.15,15.1
a4d7c8bca45b56444e3c59ddcca7d7c9,1,389d119b48cf3043d311335e499d9c6b,1f50f920176fa81dab994f9023523100,2017-09-05 02:05:44,59.9,13.44
a4d8b3c1132983dfcb92224110473f5d,1,bddf5077b5c791f263188a47d6883b4a,cce6ab8d1682639fe45ab70234f1665f,2017-08-24 17:10:16,40.0,18.59
a4ddd6b5c527bd3652847b3003b89cad,1,fa4e8255202fd921350a6fc716710dae,2b3e4a2a3ea8e01938cabda2a3e5cc79,2017-09-01 00:50:12,267.99,9.13
a4df491ecbddc7beb456f2d14bcd0be5,1,b0961721fd839e9982420e807758a2a6,1f50f920176fa81dab994f9023523100,2017-08-21 03:30:35,59.9,17.67
a4e589b74835bc3afcbd2f9e8c5f7fd5,1,2701fc4808fcb783d1347510b8b16698,7f02656561b680def9986c0795a8a080,2017-08-29 04:16:21,42.0,11.85
a4eef12869fd791389fa4ffb732fce6f,1,7bcf2266b78ccc737b8f26f925d3c5d4,1464afc72f696af775557a821c2e253f,2017-08-08 12:43:36,42.9,34.15
a4f3326bf1a1c3e11d17f3680f1e6337,1,0858dd15ff82c48e17418361856c094c,aba1721a889e04decc910aa13b768ef4,2017-09-05 18:55:11,22.0,11.85
a4f4f63d38c826451e0f6482ed4b59d3,1,88e2fc6c65d64b3edbf2cade16ea82d9,53e4c6e0f4312d4d2107a8c9cddf45cd,2017-09-04 04:50:24,42.0,16.11
a50d20f183503ea2b8aa1b506eee3d33,1,50b9ed3a22932b28d452c73046083f5d,55a5b51f93f2b70ea513f5a047b0262a,2017-08-28 03:50:47,34.6,15.1
a5100983e1d05155dba01e669148c2f0,1,542b3d80712d51eefe3a3cd1c5f4e8fe,537eb890efff034a88679788b647c564,2017-08-30 22:07:56,42.9,7.94
a5120ed3cf3bce38162653b51ce81d04,1,31639956e7fac87ecfd9d608040638bd,aac29b1b99776be73c3049939652091d,2017-08-10 10:33:49,79.9,19.42
a517402e2a90089fb88afcdd05110927,1,dd25a93b2ad2d8eec7fbd5c144eba30e,f45122a9ab94eb4f3f8953578bc0c560,2017-08-22 03:25:40,81.99,12.07
a517b2402ab4954360e54c6c0ad9428f,1,bb50f2e236e5eea0100680137654686c,f7ba60f8c3f99e7ee4042fdef03b70c4,2017-08-24 02:15:38,325.0,27.55
a52d56bbdc4ceeb97f9d28b6a90a70b7,1,677883eb52acde220f6d79fe67bba70a,850f4f8af5ea87287ac68de36e29107f,2017-08-17 15:06:30,499.9,12.15
a547fb168e44ce6b79cdea200a3c9b45,1,8163c8c2e8dc7cc8c93d1b30a2e7428b,1b4c3a6f53068f0b6944d2d005c9fc89,2017-08-30 12:24:25,174.9,21.71
a5507507d82c1fb664405882ed065af0,1,9431c1bc614592c4c3392c6f9c1a0b89,e06f09ec0a4aca210779cf1cfc63cf19,2017-09-15 11:44:33,535.0,16.3
a556af28fe6f1e8804087924fdced810,1,0bb7cb61f1957f79dac582ab66ccdc1f,e26901d5ab434ce92fd9b5c256820a4e,2017-08-24 18:50:20,23.9,12.69
a57dcda5c9de217af977a92cd6168b3d,1,cfbf1eb673c7eba9e2f58d9375e902b1,7d948535954aaf8c5d39db007f74372e,2017-08-10 12:50:20,49.0,9.94
a589caa6892ceacc6bbf2f8cc30a8ad4,1,da93657c402ea46729003c282352d727,c3cfdc648177fdbbbb35635a37472c53,2017-08-23 19:10:22,109.9,30.3
a58a3ce88136b2ca8432465f4bb5adaa,1,ba9943916136c9959e24f71bdae28faa,8c16d1f32a54d92897cc437244442e1b,2017-08-17 06:45:08,44.9,16.79
a59e5a3085765eccf13872b4529fba3c,1,6eb6c5cb7df0f863538b61a47fcce962,fe2032dab1a61af8794248c8196565c9,2017-08-24 02:30:28,145.0,9.21
a5af18a4ca6fc19e882cc17b9a2a16db,1,6525c63f855b031e963d95bb3a07e541,17e34d8224d27a541263c4c64b11a56b,2017-09-27 05:33:08,111.08,13.12
a5c7406fd66b64f69acd95538f35b97e,1,06edb72f1e0c64b14c5b79353f7abea3,391fc6631aebcf3004804e51b40bcf1e,2017-08-28 21:25:19,45.95,15.1
a5e6afa3599ee9c2accf10acd3c923c9,1,f731f8587d4088c174397e010cf892a9,cc419e0650a3c5ba77189a1882b7556a,2017-09-01 10:26:25,56.99,8.72
a5eb6930340dbd674f7f881269ce9579,1,5a419dbf24a8c9718fe522b81c69f61a,3504c0cb71d7fa48d967e0e4c94d59d9,2017-08-09 15:15:15,44.49,11.85
a601d022409232a8c75200e448dfb843,1,3395972e03af62d7cb9bdb8a601383d8,4e17c65a516f69d023a2ae78b84f28d6,2017-09-04 13:44:11,81.0,19.11
a60314cb61d530098340958b535a8d84,1,419538c5c0c21d892928586bee1ea16a,da8622b14eb17ae2831f4ac5b9dab84a,2017-08-24 19:24:44,189.9,21.82
a60ea8fd020bfa5f5bf961965d429930,1,58674b2344e60d791624641af054b71d,1127b7f2594683f2510f1c2c834a486b,2017-09-04 22:10:17,7.49,15.1
a61af3cdf328f1d0a9f63286918c67bd,1,645fd9f79f14fad6e8a79fbc94dae528,15cd6eefe58588619aaed41dfa6621b1,2017-08-16 11:04:08,67.9,32.93
a61e03b685da969cb1c943792e056c8d,1,c70b245be241b2912373e109362c56c2,004c9cd9d87a3c30c522c48c4fc07416,2017-08-17 20:10:11,199.99,17.03
a620d8cdb285c288f16b94cb365172a1,1,9386012b71cfdcc82a3fe58df7e8c0c5,48436dade18ac8b2bce089ec2a041202,2017-08-15 02:55:57,124.9,14.46
a63104c1bbc7fe65734b02c43c1e996c,1,ac86050d1e979b8f28958a52deee6cec,99eaacc9e6046db1c82b163c5f84869f,2017-08-31 02:55:46,149.99,15.8
a6338c083da70631fcd9cdb8a9ccac29,1,93c480c7d11c68ba0a71e850da61b674,70a12e78e608ac31179aea7f8422044b,2017-08-22 10:55:12,79.0,15.3
a63677aa9aeae51c42728b18555df877,1,d63c1011f49d98b976c352955b1c4bea,cc419e0650a3c5ba77189a1882b7556a,2017-08-15 23:15:14,59.99,15.17
a63e4b82c362c488802abe5a133440aa,1,cf0597239f82780f3f450347a36cdff1,4c2b230173bb36f9b240f2b8ac11786e,2017-08-09 23:30:13,24.9,7.78
a6414c6610d79fef8ecb35e54989d566,1,4c3867e5fe6e42a0c2a5d37efa2a0608,c3cfdc648177fdbbbb35635a37472c53,2017-08-15 17:10:12,114.9,14.55
a6414c6610d79fef8ecb35e54989d566,2,4c3867e5fe6e42a0c2a5d37efa2a0608,c3cfdc648177fdbbbb35635a37472c53,2017-08-15 17:10:12,114.9,14.55
a6416406ea6958fce23536fa5eb5ce00,1,2ffdf10e724b958c0f7ea69e97d32f64,4869f7a5dfa277a7dca6462dcf3b52b2,2017-08-29 20:25:14,229.0,13.1
a679a3450fae65339681e567b378ebc5,1,53e5ab849cd05746afa487fb57fa8271,fa1c13f2614d7b5c4749cbc52fecda94,2017-08-21 12:55:19,309.9,18.61
a6891e28ce17d3ec9391ae48c5a321d1,1,edc044b1d3b518153d2b3b2c811ff0e2,bf100ecb7997df312b285358fb32f92c,2017-09-06 02:50:28,149.9,14.78
a69d0f3cfd16e940ead155695b5fb184,1,7d19da97298dfc1d2e254146559095f3,c0e6839516f5398edc34adf5f1d53d1a,2017-08-18 17:55:15,199.0,36.9
a6a07a5ae4af92b749d3265d6f459dd3,1,679bb6cbef77322da2a4719b6d7d0a96,41b39e28db005d9731d9d485a83b4c38,2017-08-09 13:45:11,27.9,14.1
a6bf5dacdd39006545530c216e48cd9d,1,66fb55e3750680af350c489f504762e2,f67efa3f0b6761102a7f8c6b7b571f5d,2017-08-14 19:45:14,345.99,31.46
a6e72869e355a73024a941ae6ec91919,1,fa4e8255202fd921350a6fc716710dae,2b3e4a2a3ea8e01938cabda2a3e5cc79,2017-08-17 23:25:46,265.99,9.12
a6f6ef4007557b03f6b82beebc22150f,1,154e7e31ebfa092203795c972e5804a6,cc419e0650a3c5ba77189a1882b7556a,2017-09-05 23:24:42,23.99,34.15
a7033e4a96abe52d0f74e9bd404a996d,1,145028037adecb27b1a58cf9597676cc,c26a2be5b53b7db6b276280da212a779,2017-08-14 13:50:13,399.0,10.54
a7070a3e260832c27a6f36ce22d61151,1,b8d682ed9fe73be0d13a38e716573f79,7299e27ed73d2ad986de7f7c77d919fa,2017-08-21 22:05:42,500.0,20.75
a7087dc75317cad3db08ed7830b09723,1,3b30fb3ac17cda9e7e5b5112c692f665,bf100ecb7997df312b285358fb32f92c,2017-09-04 05:32:02,149.9,18.3
a733d8fae1088107bd126d4afc3b4118,1,ea44caac707f7f1325182a538007f838,855668e0971d4dfd7bef1b6a4133b41b,2017-08-23 16:25:09,50.0,16.6
a749acbc328952e55d87733a869f2817,1,03a20f79e4c056b48ce29b3e30beb0fb,6fc26fe110feebd80a433e1f012a84f9,2017-08-31 02:50:51,59.0,12.75
a749acbc328952e55d87733a869f2817,2,03a20f79e4c056b48ce29b3e30beb0fb,6fc26fe110feebd80a433e1f012a84f9,2017-08-31 02:50:51,59.0,12.75
a749acbc328952e55d87733a869f2817,3,03a20f79e4c056b48ce29b3e30beb0fb,6fc26fe110feebd80a433e1f012a84f9,2017-08-31 02:50:51,59.0,12.75
a749acbc328952e55d87733a869f2817,4,03a20f79e4c056b48ce29b3e30beb0fb,6fc26fe110feebd80a433e1f012a84f9,2017-08-31 02:50:51,59.0,12.75
a74e65b4ffd7effa5308ba01647ea4b2,1,87cb507e0daa37bbf34956fd59eba832,6560211a19b47992c3666cc44a7e94c0,2017-08-10 10:55:16,29.0,15.1
a75d4b7463897480462a9e3f3f9ad8d2,1,fca62108387e25005784da2f551466a1,31344c16881c08a8a72c6d2eb29918c1,2017-09-04 14:05:36,249.9,62.49
a76390702d2f24f9e0d5ad3c5e9ec562,1,34742604f6cd1e891726b849b6890f81,76d5af76d0271110f9af36c92573f765,2017-08-16 22:25:18,859.0,74.92
a7652ffa94af425f684a2d55cc06945e,1,dd8c2302e75b8c69bfde7a67d2500a3a,6e0908ef4d4efadbc3cc2b74ea477cb0,2017-08-14 04:04:20,39.0,16.79
a7664a67c4bc3ba9f5ea7d49cc369034,1,0c877471e35049402bca235e06cb8063,dd7ddc04e1b6c2c614352b383efe2d36,2017-08-10 16:50:16,84.9,25.43
a767765cf25c6fcfd8307499da9205d2,1,48698ba0cfe847b41430fa00081b5619,5962468f885ea01a1b6a97a218797b0a,2017-08-11 18:50:18,39.0,14.1
a77ebed75b406465b5b43f03dd5cf909,1,3e1fdf945aae119091586c0d20212562,dbc22125167c298ef99da25668e1011f,2017-08-17 10:04:27,44.9,35.67
a77ebed75b406465b5b43f03dd5cf909,2,8a4667ce8c036b0d54dd65a38298bfc0,dbc22125167c298ef99da25668e1011f,2017-08-17 10:04:27,48.9,35.67
a7a0c8ebf2557ea4b30103fbff81e64d,1,1e41618bcaf005d9f4cba13fb70915bf,3a734b715d333a2588a3d54a0c9b8746,2017-08-25 10:30:11,249.0,19.31
a7a43f469c0d7bdb0a23a82db125aefa,1,5eb564652db742ff8f28759cd8d2652a,4e922959ae960d389249c378d1c939f5,2017-08-28 13:15:11,39.0,15.1
a7adf8d0ab081caab51b96af34523e00,1,21fb5057dd6a737df6851a7ab7a130da,b14db04aa7881970e83ffa9426897925,2017-08-22 18:10:15,69.0,20.97
a7bf43f042e3cbaa32238547ec22b6ed,1,fec094ad5af771b21cf38c6c9e946f19,d2f3e277560ed4c6361284429b00f037,2017-09-04 04:44:42,88.2,14.61
a7bf43f042e3cbaa32238547ec22b6ed,2,e94df75b2e9a8b056be0c144a731f55c,5cf13accae3222c70a9cac40818ae839,2017-09-04 04:44:42,94.9,11.83
a7c2948fe630c10cac337822b08f5dc5,1,ab14f3763110d218ea7862647bd450af,50c9975695009e5e6473912e83a6d1da,2017-08-10 07:34:08,117.0,61.84
a7e1d929900de316ec364240ad348947,1,cecf7d9f6a0eade40cbdeb3a8e967433,1430239a858e7682bbc43b20758af153,2017-08-29 17:10:23,34.9,7.78
a7ebc0809890f8a034bd5bef34068aa8,1,f175811ea0e0a865f56125dfbb04a8a6,7a67c85e85bb2ce8582c35f2203ad736,2017-08-31 16:50:12,69.99,18.73
a8017b769d03b3474d5869b0dacf5f7a,1,d79c712e7afe8f0fd59b749ee1e4fc97,6560211a19b47992c3666cc44a7e94c0,2017-08-09 21:05:14,99.0,15.44
a80a4dceedf382d563f372491a02ec23,1,fb7a100ec8c7b34f60cec22b1a9a10e0,d98eec89afa3380e14463da2aabaea72,2017-08-07 23:15:17,49.99,34.15
a822bdce05aae4a72e40171aed06096d,1,49df65035f0bf74b730e3c124804ea7a,e9d99831abad74458942f21e16f33f92,2017-08-22 09:25:17,8.5,8.72
a82a9910091bbd74264907d2371969e4,1,31b12ca9e842bf87e308c2d92b660b36,5f1dc28029d2c244352a68107ec2b542,2017-08-28 10:25:12,39.5,14.1
a83c5c172d25f80a91e4506352d2c412,1,90c6f8e7eb269e93626beb64379a8df9,82e0a475a88cc9595229d8029273f045,2017-08-08 15:15:14,198.0,17.64
a8442d4b8abaaad3eacc3338c9ff08cc,1,be03e34a55f76b77a89d16d72ee6c53b,7142540dd4c91e2237acb7e911c4eba2,2017-08-09 23:35:19,149.9,14.07
a84cd46a772fbff921cbcad46c4f5a53,1,00be617b58175bf207fd35910d5097a4,4a3ca9315b744ce9f8e9374361493884,2017-08-24 17:15:21,48.9,16.11
a85866709015a003ea47e59f00c2354f,1,abf78d4fed73c782bad7e6ca7a03e7d0,36a968b544695394e4e9d7572688598f,2017-08-21 16:05:23,54.9,8.27
a85ce89cbcc514dfe135de0036be45db,1,7a10781637204d8d10485c71a6108a2e,4869f7a5dfa277a7dca6462dcf3b52b2,2017-08-29 02:50:25,229.9,16.36
a880b806f0a6467ea8044335fc629ff9,1,1d8cb1d3317a3090bc73ecde425d334c,7202e2ba20579a9bd1acb29e61fe71f6,2017-08-09 22:20:10,399.9,14.3
a8832e9194f467aeec913376c1c473c1,1,c857b96593773e940454e76efa8eabb3,cca3071e3e9bb7d12640c9fbe2301306,2017-08-23 00:50:11,51.92,12.7
a8986837f6dff6a1dc83345fa71dcf1f,1,f1c7f353075ce59d8a6f3cf58f419c9c,37be5a7c751166fbc5f8ccba4119e043,2017-09-06 05:32:42,195.0,14.97
a8a52afd408a3023bafcd9ed3c0d2e15,1,d6160fb7873f184099d9bc95e30376af,53243585a1d6dc2643021fd1853d8905,2017-09-05 22:55:16,1300.0,38.51
a8b34e4d3af0e20aff71bb5392bf8953,1,4c65515115c33a1c4c21e9b40f85942d,96493fab2fbb13a14d0c0e8772eef5c3,2017-09-06 18:24:24,269.0,10.7
a8b7e67dfcd176f45fc9e278adec1917,1,87fcf2104f6c632428115466bab2c16b,0ff83046c3fa22efee8ecf291888b191,2017-08-24 02:15:33,69.9,35.81
a8d14f53fd00bf5759c0e56f2a0a2d31,1,617186c3d97ea56c9c683a8a3974e8c1,cc419e0650a3c5ba77189a1882b7556a,2017-08-16 21:10:21,84.99,15.34
a8e8269613bcd0404425870b1095400e,1,6131240aedf34224270cd6f07e8229e4,6edacfd9f9074789dad6d62ba7950b9c,2017-08-17 18:15:06,37.9,7.78
a9061bc1d1e825c458ff521846c5cc77,1,f5287cac0d71b68c9cbf57fe0e19181e,9fbd5666d8618fa571c4230fafa09bd6,2017-09-05 18:55:12,79.9,16.81
a92a6fc4d961b38efcdcc7a12610754c,1,bd67e67dcfcc53e712a29c215ec26de5,3d39fbf22a665714baf62fae36029e23,2017-08-17 17:30:11,584.9,16.65
a92b5b0bf2a617da3f9c3b28486798a8,1,17d4764518c5a017b128060439d1559f,7aa4334be125fcdd2ba64b3180029f14,2017-08-14 04:04:27,26.5,4.8
a92b5b0bf2a617da3f9c3b28486798a8,2,4ebab6a2135a2477b657bda38646b64b,7aa4334be125fcdd2ba64b3180029f14,2017-08-14 04:04:27,25.6,27.41
a933a186653455e64fd077551cfcef0b,1,c2bd03501cf7f4f3a1201e6069155bc0,cca3071e3e9bb7d12640c9fbe2301306,2017-08-29 21:05:22,51.92,12.7
a9411a80b515013f1cd3c7ca3d585433,1,8bf16c54c7994478e4df5de5baf54e2f,aadfe0417e61315688b6bd7043361e25,2017-08-09 08:50:13,289.9,14.28
a9456d47156dc580a5421d6b0a12074b,1,521a361808bedd9fffb32181e501e09b,5b179e9e8cc7ab6fd113a46ca584da81,2017-08-08 13:15:12,149.9,17.3
a946d303fa4b1b68eebaf28216e3442a,1,f1c7f353075ce59d8a6f3cf58f419c9c,37be5a7c751166fbc5f8ccba4119e043,2017-09-03 23:10:10,195.0,0.0
a951336e450bb85ef1cd906edbcbb270,1,95320d70592f898880af9c3d5394728c,fdb9095204a334cd8872252ffec6f2db,2017-08-22 11:35:17,220.0,65.03
a951336e450bb85ef1cd906edbcbb270,2,95320d70592f898880af9c3d5394728c,fdb9095204a334cd8872252ffec6f2db,2017-08-22 11:35:17,220.0,65.03
a951336e450bb85ef1cd906edbcbb270,3,95320d70592f898880af9c3d5394728c,fdb9095204a334cd8872252ffec6f2db,2017-08-22 11:35:17,220.0,65.03
a951336e450bb85ef1cd906edbcbb270,4,95320d70592f898880af9c3d5394728c,fdb9095204a334cd8872252ffec6f2db,2017-08-22 11:35:17,220.0,65.03
a954cee8e5a8a5e41db8a2bf64e5c181,1,4487261e208ce5d3a8d1a997ccd99dcf,259f7b5e6e482c230e5bfaa670b6bb8f,2017-08-23 15:24:54,54.9,16.63
a969ea7670f417da58239666920e9a97,1,acf64dbad65e99f5bb490d85c59b2636,f5f2ab9bdb6b30c14c61be68c5ed37da,2017-08-17 11:25:07,75.9,19.77
a96d80130c5b0907958c4cfeadb4bb8e,1,e5eadf9be70a4a9fa514019542fc330a,4559697a8f7e637227c2eeaed843baff,2017-08-24 11:50:18,69.9,13.51
a975758d17a9e095a496f4283d9c3aca,1,3e31fd1419cc4cd6adad1925e72e3a03,48436dade18ac8b2bce089ec2a041202,2017-08-09 15:50:18,55.9,15.14
a9c0a9c746e342b36428283561c3ed34,1,6efb345b34722c35d2e8a723cea100bf,bd65d163ded559eb90a10cd09fec178f,2017-09-01 11:04:35,9.9,9.34
a9c0a9c746e342b36428283561c3ed34,2,797b0bf4316b47e82d45e3a4b5d828da,bd65d163ded559eb90a10cd09fec178f,2017-09-01 11:04:35,9.9,9.34
a9d21182da34ce17091420d35f22834a,1,5eedf4c1aa6ce63c49b7e0c547bf0ad9,244c2f1bff6afe1f2eaf9bfe9b2aed38,2017-09-01 15:07:11,99.0,65.5
a9d21182da34ce17091420d35f22834a,2,5eedf4c1aa6ce63c49b7e0c547bf0ad9,244c2f1bff6afe1f2eaf9bfe9b2aed38,2017-09-01 15:07:11,99.0,65.5
a9d9773efe0a981195d2861250cff4d9,1,cc02ea01817f1cb21e6708bc19f1ee20,eeb6de78f79159600292e314a77cbd18,2017-08-25 09:55:12,119.0,33.28
a9ed648a6ef557d5075c383b251b4997,1,e78506414d2563b6414cfd84b7fa0802,fe2032dab1a61af8794248c8196565c9,2017-08-17 09:25:11,179.0,26.53
a9ee0dccf5147c8128f6af3083a0ca17,1,4a211fb7f2b6822d48f63629207a9f7e,9674754b5a0cb32b638cec001178f799,2017-08-24 00:55:18,15.9,16.11
aa07fc0f496d65986abc9044683b8800,1,77feb885b9ca6c9b64934b33e3c0e15e,2f73e04d12cdf0c945ded66bb3fcf6c7,2017-08-30 18:44:14,360.0,37.04
aa19638830b7cc5740500c18ace611f6,1,4413a608a42bd21bbf9d5abbd58c249a,7ddcbb64b5bc1ef36ca8c151f6ec77df,2017-08-24 02:25:25,134.99,27.48
aa1a31ddc86a477540f194eed363ab1b,1,1d3ecbda18167c766a3381fd16108e4a,dbc22125167c298ef99da25668e1011f,2017-08-28 19:25:07,108.9,18.01
aa1d1ca97c168f757ed08fe8a76225a1,1,28e5475b2d4d01acccf9a5a0c0a9adbb,01cf7e3d21494c41fb86034f2e714fa1,2017-08-17 18:15:15,91.28,25.92
aa22c8b8e14d747a83a7a8876837fc82,1,2b4609f8948be18874494203496bc318,cc419e0650a3c5ba77189a1882b7556a,2017-08-20 22:50:14,89.99,14.38
aa26b333bebbd16d5bbc7a070574be08,1,a0ae6b149646eeab8dc5e54ec5c5b64c,e5a3438891c0bfdb9394643f95273d8e,2017-08-23 03:42:37,29.9,11.85
aa32183a575c0f3e9a0f2cfae712d030,1,a42d9c825894f96fc6ed02610891454d,4d6d651bd7684af3fffabd5f08d12e5a,2017-08-29 19:10:14,69.9,20.98
aa3666ac800f7d6ee11840a2d5f74ee6,1,952670bc019a73f0933157ec82ff6e4f,37be5a7c751166fbc5f8ccba4119e043,2017-08-11 18:05:26,205.0,38.57
aa3b1b308bb7511e14d9d74172de52fa,1,8b32eb3053c5c248a5e547f8a1bfb859,f41ce2e25237f9092cd8e6e7516c7a2f,2017-08-09 14:55:15,69.0,7.78
aa5b3532eb2e8a4ae2c9f1043e070404,1,6766f04fea82c46bd3001e969a5ba795,82e0a475a88cc9595229d8029273f045,2017-08-31 14:55:11,259.0,19.06
aa6bad8e7c086d7f65fbd2dd0131cf84,1,cb61a9727a2f74ec0c80652f4d62e812,7c67e1448b00f6e969d365cea6b010ab,2017-08-17 17:46:12,99.98,34.06
aa70246e9f9947e5a9a5e69684afe114,1,f9b1795281ce51b1cf39ef6d101ae8ab,3771c85bac139d2344864ede5d9341e3,2017-08-29 07:30:17,39.9,8.27
aa8e678261a5c83986ed3be5314c033d,1,210a8305d79b2f5719cbafb2c026797f,f8db351d8c4c4c22c6835c19a46f01b0,2017-08-07 17:20:10,36.9,9.94
aab7f3f00c73e3e209b6e84412a3758b,1,7bb73fff8e232153ed20fef83e34e84c,41b39e28db005d9731d9d485a83b4c38,2017-08-11 10:35:23,94.9,20.15
aaca5270899bdea4df5cb9c8d6c23180,1,d5b703c271f43f9c588a6f512a00f77e,fa40cc5b934574b62717c68f3d678b6d,2017-08-10 18:55:21,34.9,14.1
aad4ab96e4f509beffd04078d6455f31,1,34d6306314a47fe15c1efdbc23302020,229c3efbfb0ea2058de4ccdfbc3d784a,2017-08-28 03:55:47,69.0,14.23
aadd5a22c7d1dd16b1fe905a302d70e2,1,ad0bce7600c071e450d162970917de7d,6fd52c528dcb38be2eea044946b811f8,2017-09-13 02:15:59,105.6,13.08
aaf4772267009ac972388c595ac96086,1,9c7ce59c96e74dfdfc51f13a4a6c3869,6560211a19b47992c3666cc44a7e94c0,2017-08-09 15:25:19,29.0,15.1
ab04e2fd9c9fa0360ff57735b6211f7f,1,86003fbbec2202f29e74ada517cec5a8,d2374cbcbb3ca4ab1086534108cc3ab7,2017-08-28 03:10:11,21.9,8.27
ab12a70fb1db89901f89c16464249395,1,99a4788cb24856965c36a24e339b6058,4a3ca9315b744ce9f8e9374361493884,2017-08-18 17:30:22,89.9,17.88
ab14fdcfbe524636d65ee38360e22ce8,1,9571759451b1d780ee7c15012ea109d4,ce27a3cc3c8cc1ea79d11e561e9bebb6,2017-08-30 14:30:23,98.7,14.44
ab14fdcfbe524636d65ee38360e22ce8,2,9571759451b1d780ee7c15012ea109d4,ce27a3cc3c8cc1ea79d11e561e9bebb6,2017-08-30 14:30:23,98.7,14.44
ab14fdcfbe524636d65ee38360e22ce8,3,9571759451b1d780ee7c15012ea109d4,ce27a3cc3c8cc1ea79d11e561e9bebb6,2017-08-30 14:30:23,98.7,14.44
ab14fdcfbe524636d65ee38360e22ce8,4,9571759451b1d780ee7c15012ea109d4,ce27a3cc3c8cc1ea79d11e561e9bebb6,2017-08-30 14:30:23,98.7,14.44
ab14fdcfbe524636d65ee38360e22ce8,5,9571759451b1d780ee7c15012ea109d4,ce27a3cc3c8cc1ea79d11e561e9bebb6,2017-08-30 14:30:23,98.7,14.44
ab14fdcfbe524636d65ee38360e22ce8,6,9571759451b1d780ee7c15012ea109d4,ce27a3cc3c8cc1ea79d11e561e9bebb6,2017-08-30 14:30:23,98.7,14.44
ab14fdcfbe524636d65ee38360e22ce8,7,9571759451b1d780ee7c15012ea109d4,ce27a3cc3c8cc1ea79d11e561e9bebb6,2017-08-30 14:30:23,98.7,14.44
ab14fdcfbe524636d65ee38360e22ce8,8,9571759451b1d780ee7c15012ea109d4,ce27a3cc3c8cc1ea79d11e561e9bebb6,2017-08-30 14:30:23,98.7,14.44
ab14fdcfbe524636d65ee38360e22ce8,9,9571759451b1d780ee7c15012ea109d4,ce27a3cc3c8cc1ea79d11e561e9bebb6,2017-08-30 14:30:23,98.7,14.44
ab14fdcfbe524636d65ee38360e22ce8,10,9571759451b1d780ee7c15012ea109d4,ce27a3cc3c8cc1ea79d11e561e9bebb6,2017-08-30 14:30:23,98.7,14.44
ab14fdcfbe524636d65ee38360e22ce8,11,9571759451b1d780ee7c15012ea109d4,ce27a3cc3c8cc1ea79d11e561e9bebb6,2017-08-30 14:30:23,98.7,14.44
ab14fdcfbe524636d65ee38360e22ce8,12,9571759451b1d780ee7c15012ea109d4,ce27a3cc3c8cc1ea79d11e561e9bebb6,2017-08-30 14:30:23,98.7,14.44
ab14fdcfbe524636d65ee38360e22ce8,13,9571759451b1d780ee7c15012ea109d4,ce27a3cc3c8cc1ea79d11e561e9bebb6,2017-08-30 14:30:23,98.7,14.44
ab14fdcfbe524636d65ee38360e22ce8,14,9571759451b1d780ee7c15012ea109d4,ce27a3cc3c8cc1ea79d11e561e9bebb6,2017-08-30 14:30:23,98.7,14.44
ab14fdcfbe524636d65ee38360e22ce8,15,9571759451b1d780ee7c15012ea109d4,ce27a3cc3c8cc1ea79d11e561e9bebb6,2017-08-30 14:30:23,98.7,14.44
ab14fdcfbe524636d65ee38360e22ce8,16,9571759451b1d780ee7c15012ea109d4,ce27a3cc3c8cc1ea79d11e561e9bebb6,2017-08-30 14:30:23,98.7,14.44
ab14fdcfbe524636d65ee38360e22ce8,17,9571759451b1d780ee7c15012ea109d4,ce27a3cc3c8cc1ea79d11e561e9bebb6,2017-08-30 14:30:23,98.7,14.44
ab14fdcfbe524636d65ee38360e22ce8,18,9571759451b1d780ee7c15012ea109d4,ce27a3cc3c8cc1ea79d11e561e9bebb6,2017-08-30 14:30:23,98.7,14.44
ab14fdcfbe524636d65ee38360e22ce8,19,9571759451b1d780ee7c15012ea109d4,ce27a3cc3c8cc1ea79d11e561e9bebb6,2017-08-30 14:30:23,98.7,14.44
ab14fdcfbe524636d65ee38360e22ce8,20,9571759451b1d780ee7c15012ea109d4,ce27a3cc3c8cc1ea79d11e561e9bebb6,2017-08-30 14:30:23,98.7,14.44
ab17008d463dbbcc0fac3c3d8d2931e6,1,abc441040d9aaf2e1ad52c2309873c04,bbad7e518d7af88a0897397ffdca1979,2017-08-17 00:45:15,19.9,15.1
ab19eec70d9d0fa0b30f290905c806e5,1,a961143b53bf771400f1bc6bdf396e8d,5011f0d93373a4c5753adf58ca77af8d,2017-08-31 02:55:11,19.9,8.27
ab452b890a65513948bf6a41d4ff3640,1,5d2d01b64b76916f0cbe74e407041187,53e4c6e0f4312d4d2107a8c9cddf45cd,2017-08-08 14:43:38,25.99,12.69
ab6087eb8ea6d8f8a36d6e787567bc64,1,a0f73bcb4e1fcfb056cfdc6ca7222249,7d76b645482be4a332374e8223836592,2017-08-23 20:55:15,28.99,15.1
ab651189a56f042246fb1a8c991ed4ff,1,d696750e550fd0f733979dd7e5dff921,9de4643a8dbde634fe55621059d92273,2017-08-14 20:50:19,177.99,17.01
ab96ffdb4db7fa3807bfb7a512f2f519,1,657aa59c6c58816ddc4f86c51a2759c9,f615fe7efbef0f4f08fd3086bc7a3e60,2017-08-24 22:34:58,128.5,12.85
ababdab25dc831464e6dec92bcb1beac,1,6109d0cae3bcb57d579bc0fab6e61814,dbc22125167c298ef99da25668e1011f,2017-08-15 09:43:49,85.9,14.33
abb44283b833f61c7c76d92b607ab4cf,1,02ce467092b184e71d3967d29110adc1,7c67e1448b00f6e969d365cea6b010ab,2017-09-12 02:10:58,169.99,53.79
abda5a07e6be93929ff11832648683fd,1,06c6e01186af8b98ee1fc9e01f9471e9,fc906263ca5083d09dce42fe02247800,2017-08-17 04:24:47,39.9,15.79
abf40713667771b2f331cca776f225f7,1,c2bd03501cf7f4f3a1201e6069155bc0,cca3071e3e9bb7d12640c9fbe2301306,2017-08-11 17:35:25,51.92,16.12
abf60bca751436919479c6ad94cf5c0b,1,e9ceb9123d3103b7ad293c168dd3a547,5f06030071324cc52bf0304014ac7234,2017-08-24 17:45:10,195.99,27.69
abfa62484a4c1688f4f78421626be291,1,a0eef953cb25bc9ae40457e1c3c82946,5a8e7d5003a1f221f9e1d6e411de7c23,2017-09-06 02:11:02,69.9,16.25
ac1dba444101ac145dfc7ab406b4fd56,1,777d2e438a1b645f3aec9bd57e92672c,4a3ca9315b744ce9f8e9374361493884,2017-09-05 14:45:14,69.9,16.25
ac246acde7cb6dd640863d0c428900de,1,6a0713a63e990052795623e76cc2995e,d2374cbcbb3ca4ab1086534108cc3ab7,2017-09-04 04:36:01,72.9,27.05
ac259d6b492dc2248e737fd75bffa70b,1,78d303c22b280fead3c845d03958cdae,0509040ea3fe50071181bbc359eb7738,2017-08-15 18:25:18,34.9,14.1
ac3b973c9266d0035615e92f77c87420,1,368c6c730842d78016ad823897a372db,1f50f920176fa81dab994f9023523100,2017-08-10 13:23:36,59.9,13.44
ac494f2492ac7cf8a41a392e48a51235,1,6630485063578b527549697547ed3ed5,1554a68530182680ad5c8b042c3ab563,2017-09-13 17:10:25,29.99,17.6
ac4987e64619cf021a4e8fbb9758cc96,1,b993dfaf418915ff7d0aa74016f030f7,827f8f69dfa529c561901c4f2e0f332f,2017-08-22 08:50:19,35.9,15.79
ac7be03875c6dcaf9cbe029dceeaf54c,1,ae5cad88462eb7b7b61401e31c45618e,ce27a3cc3c8cc1ea79d11e561e9bebb6,2017-08-21 22:24:25,15.0,16.79
ac8189e5e0b236fb91fbd04c3975b750,1,d6fe3b4ddecd4a8393c6a1385de3bfb6,7c67e1448b00f6e969d365cea6b010ab,2017-08-22 13:25:18,219.97,53.55
ac8189e5e0b236fb91fbd04c3975b750,2,d6fe3b4ddecd4a8393c6a1385de3bfb6,7c67e1448b00f6e969d365cea6b010ab,2017-08-22 13:25:18,219.97,53.55
ac8a4565529310518da7406ddf01f8e8,1,2b2d98d1e9b6f68a472c5ace64d704fa,897060da8b9a21f655304d50fd935913,2017-09-08 02:50:08,21.9,16.11
ac9c24587cf6cf6fc0276576b9e95cc6,1,a934477935383c309a1c492e6c0e025c,f5a590cf36251cf1162ea35bef76fe84,2017-08-09 13:23:15,310.0,46.63
ac9ec0af6e2e654e5b2b88f0ee326b4c,1,0705b33fb285827a578fce4899f1b921,318f287a62ab7ac10b703ac37435a231,2017-08-07 21:08:38,22.5,15.11
acd068ae67c781f99b759f3ddb1c5d57,1,7811ef9c6eed5bb33c3c6f9de751642f,d98eec89afa3380e14463da2aabaea72,2017-08-08 11:30:20,24.99,21.15
acd7029e70d5e80091c71c9be6643758,1,c43ab4269cbf91b373263db4c2973cad,48436dade18ac8b2bce089ec2a041202,2017-08-08 03:04:48,48.9,9.94
ace9d4710c4e590edd2f5d7d09db4950,1,f1c7f353075ce59d8a6f3cf58f419c9c,37be5a7c751166fbc5f8ccba4119e043,2017-08-23 21:05:20,200.0,48.84
acfe3b4611df7e7efbd402bb5b5be2a3,1,03552ec45033c8658713c541f6af9f05,2e1c9f22be269ef4643f826c9e650a52,2017-09-04 09:55:19,54.49,11.88
ad18d4d14b15eb7a3c5270067c1ae24a,1,ae91ef458ab29ff95a0defb53fa030e9,325f3178fb58e2a9778334621eecdbf9,2017-08-24 13:10:09,12.9,8.72
ad267363f417fe1945d534f8df659562,1,ec96b7b4e1401281edb9465d0d689cae,5011f0d93373a4c5753adf58ca77af8d,2017-08-23 02:55:15,34.99,16.11
ad267363f417fe1945d534f8df659562,2,ec96b7b4e1401281edb9465d0d689cae,5011f0d93373a4c5753adf58ca77af8d,2017-08-23 02:55:15,34.99,16.11
ad267363f417fe1945d534f8df659562,3,ec96b7b4e1401281edb9465d0d689cae,5011f0d93373a4c5753adf58ca77af8d,2017-08-23 02:55:15,34.99,16.11
ad37eddb1c31a48b3a6677488593b984,1,617186c3d97ea56c9c683a8a3974e8c1,cc419e0650a3c5ba77189a1882b7556a,2017-08-22 20:44:02,84.99,12.09
ad6818238027865546d128b11c22061f,1,a2a61ecd4e916c3ff787c137d23957bb,53e4c6e0f4312d4d2107a8c9cddf45cd,2017-09-05 17:50:17,42.0,15.11
ad7af94fde1de7cae7f6aea90e45823b,1,562f0027bf0b43b487536b01b2002a3e,6426d21aca402a131fc0a5d0960a3c90,2017-08-17 16:50:12,75.99,17.78
ad9259e8a14df6ee75201925f28d4a8f,1,cec09725da5ed01471d9a505e7389d37,4d6d651bd7684af3fffabd5f08d12e5a,2017-09-06 04:32:07,69.9,16.12
ad9ad462491a04f6673a43f6ec4a54d3,1,d902e8400cd0c58b64ea157af940e670,05f51e13da97139648b8125c31e5f51b,2017-08-16 15:43:41,139.9,15.73
adb4641524ad981f9ab1886ee54977c7,1,c7fd13b5e515bffdab855d0812842edb,1025f0e2d44d7041d6cf58b6550e0bfa,2017-08-15 04:25:21,78.0,16.31
adb4641524ad981f9ab1886ee54977c7,2,c7fd13b5e515bffdab855d0812842edb,1025f0e2d44d7041d6cf58b6550e0bfa,2017-08-15 04:25:21,78.0,16.31
adc9f082768884dcb46b8b3d26851ca0,1,f1c7f353075ce59d8a6f3cf58f419c9c,37be5a7c751166fbc5f8ccba4119e043,2017-08-25 15:50:14,200.0,15.01
add07aec0f5cae7d936f30137e686c40,1,7e6bbdc9a339f86e15eb6091c994a1a1,cca3071e3e9bb7d12640c9fbe2301306,2017-08-16 13:05:22,59.9,17.67
addee0cbf3361fd2ad627432082aa096,1,0554df77f3ed2e36e06c60eb65dc357a,57e632711dec9ec14ca7546769483e7e,2017-08-21 15:55:22,132.9,15.68
ade59b0e363885983290be2cc12ae8b4,1,6b7879a37ac2dbe5289a16706e859870,dd7ddc04e1b6c2c614352b383efe2d36,2017-09-05 12:05:45,17.9,8.72
ade74a481419f780807e4b4149e1c49b,1,e4d325bd1eea550509bdbbc5c3301fc1,7178f9f4dd81dcef02f62acdf8151e01,2017-08-21 21:45:16,340.0,18.82
adea49c55eec4c7af7b2cf7ba506d874,1,389d119b48cf3043d311335e499d9c6b,1f50f920176fa81dab994f9023523100,2017-08-24 02:30:33,59.9,13.44
ae06ecd5e96edbfc44668e2cd8e0ff84,1,53b36df67ebb7c41585e8d54d6772e08,4869f7a5dfa277a7dca6462dcf3b52b2,2017-08-16 22:10:15,159.9,26.4
ae0c703b9ca19474ade7bec18099ad7f,1,9d32095f76b97762307e86cfc18dd7a0,391fc6631aebcf3004804e51b40bcf1e,2017-08-28 03:06:09,49.95,15.1
ae15b2781b5af9c409f1c064b3c78d43,1,e5ae72c62ebfa708624f5029d609b160,9c0e69c7bf2619675bbadf47b43f655a,2017-08-08 11:10:08,61.9,8.27
ae15b2781b5af9c409f1c064b3c78d43,2,e5ae72c62ebfa708624f5029d609b160,9c0e69c7bf2619675bbadf47b43f655a,2017-08-08 11:10:08,61.9,8.27
ae1b74852cc27655e3ed078bbe0a6bba,1,21a95b5525c6d658ff4e5e1b50f7c02d,46dc3b2cc0980fb8ec44634e21d2718e,2017-09-05 02:24:21,149.99,16.81
ae1cb31659e2cf358e7b3388cbf1abad,1,3efe696e322f9139e3d2b894cb1f7a09,062ce95fa2ad4dfaedfc79260130565f,2017-08-25 20:05:52,189.9,20.57
ae2268b7be14ac244c81a598e338a356,1,7e6850f360e60da72b7d3b1b37f42312,4324dd16853115efb0fd9d0d131ba6f4,2017-09-07 22:33:06,89.99,18.2
ae2fbf3e49f52fb3c913ce645fa52dc4,1,37ca4ae4320cdda8a0ef625049f4cb88,8a32e327fe2c1b3511609d81aaf9f042,2017-09-18 00:25:58,85.99,17.85
ae3e8160dfb11ba7791e416b096d2525,1,4ac50dbde931c0a5ed8c33d3dc047351,2e1c9f22be269ef4643f826c9e650a52,2017-08-10 00:30:18,33.49,14.1
ae40d2ac0cd2d22399f561044c426e8a,1,a33100df83e04b43a9b42f973e3a429a,6560211a19b47992c3666cc44a7e94c0,2017-08-29 18:45:34,55.0,11.89
ae78d443f07cc7da4cb961f34f1bc6a8,1,afeeea6271148ee1bb15173b8187c431,53243585a1d6dc2643021fd1853d8905,2017-09-07 21:55:15,174.0,16.66
ae841d749776fd77ff75a5a725cf4dda,1,6cdb62ae497596fb3be18c148a48741d,de23c3b98a88888289c6f5cc1209054a,2017-09-06 15:25:09,285.0,16.75
ae93d9eb06bfc7041b9852135167bfc7,1,d984b9203bd56960bbdda0bb7f05f781,0ea22c1cfbdc755f86b9b54b39c16043,2017-08-14 16:23:39,24.9,14.1
ae9a443074a6efcdf3daac224dee1b2c,1,7b83c11ac78f11bde67542beb12e8163,431af27f296bc6519d890aa5a05fdb11,2017-08-25 14:35:47,54.9,16.14
aead701d8d2b9b7c1fa1a3aa963fc577,1,189c49b159a847050e52afe5ec8d42c5,fdb9095204a334cd8872252ffec6f2db,2017-08-15 22:35:10,182.0,17.52
aebdb2fcb57815c39468a17e0baacbef,1,fe9dfbe7f974621789683b7b78be2a16,900ba814c251a692506d7834c1218441,2017-08-10 18:30:16,326.16,47.87
aec156801075fbdb57c614c4f69d2695,1,c8d1837df49c5b4d91a388c81795156c,c3867b4666c7d76867627c2f7fb22e21,2017-08-31 19:35:23,139.9,16.61
aed3b7b7a6d2e4232394a00ff3fb14ce,1,7fab1a1472fdd934397068931f63f3ca,3d871de0142ce09b7081e2b9d1733cb1,2017-08-31 20:35:17,69.9,11.99
af3ce7727ad453e9df1d3b9fb874ba3b,1,d189fbf8b5d79a670cebcaaad68d77b2,0d85bbda9889ce1f7e63778d24f346eb,2017-08-14 04:10:55,59.9,27.8
af665fdb65698c6161b3f5ab956f3d2e,1,7d50930301709838d8e90dcac5cfaa84,9616352088dcf83a7c06637f4ebf1c80,2017-08-18 12:50:17,59.9,12.55
af86b8dd80134775dceda700fc2ce5ee,1,7a9cf133da2a6494259ffeeab11b6276,db4350fd57ae30082dec7acbaacc17f9,2017-08-31 15:10:13,21.99,25.63
af9b17f2f1dfb02d55825bd0d7870d0a,1,7659404ade89460a4be1c11ac47d5f2c,2e1c9f22be269ef4643f826c9e650a52,2017-08-24 00:05:05,47.49,7.78
afd221df311d71639bf0ae656fc819f5,1,59764cf344119ff76a19a0ec02400b8f,70a12e78e608ac31179aea7f8422044b,2017-09-05 02:10:21,42.0,15.1
afd3ddd9caf7a0969cc51740136d4a4f,1,85ae33cb0cb21c6fe6b021faf074a682,ef506c96320abeedfb894c34db06f478,2017-08-07 18:03:47,35.99,17.63
b031740afc01ce5052768cd623d5875c,1,7d1fc7d682f6a5c8e47437e3540f4415,376a891762bbdecbc02b4b6adec3fdda,2017-09-04 13:25:27,365.0,28.69
b034b38968b7bc21648e36e05d2eb09f,1,0d009643171aee696f4733340bc2fdd0,fe2032dab1a61af8794248c8196565c9,2017-08-31 16:25:17,339.0,11.19
b05df0dfca38d85d9cc0bcdbd8bc643a,1,20dba3cc0c6689b10b0a422ae43f45b7,cca3071e3e9bb7d12640c9fbe2301306,2017-08-28 22:05:17,122.62,18.11
b07c9c5d4b4b96db91b933d31bed5248,1,6c3effec7c8ddba466d4f03f982c7aa3,37515688008a7a40ac93e3b2e4ab203f,2017-08-30 13:50:18,19.9,11.85
b084efba670d1b2c17c0e253d969738a,1,88dd63919fc9ab693803578a04a20209,7ddcbb64b5bc1ef36ca8c151f6ec77df,2017-08-23 02:50:33,34.99,25.63
b09eb4dd9213f7207888166bc6e16a6a,1,31fd02b02c33827cbde22902cf80338c,5f1dc28029d2c244352a68107ec2b542,2017-09-14 14:45:34,39.9,15.1
b0b83c41891bea98fddc70cb17441405,1,53759a2ecddad2bb87a079a1f1519f73,1f50f920176fa81dab994f9023523100,2017-08-21 16:55:19,59.9,28.82
b0b83c41891bea98fddc70cb17441405,2,53759a2ecddad2bb87a079a1f1519f73,1f50f920176fa81dab994f9023523100,2017-08-21 16:55:19,59.9,28.82
b0ca5afc6c53a1b2bd7c6af809913f9e,1,11dcc970f7a5581e1bf777b6da3f7096,06579cb253ecd5a3a12a9e6eb6bf8f47,2017-08-15 14:35:11,69.9,11.73
b0d7bb2bb38f7ce5f69f1fccc453b30a,1,5bfc7506459ae2a7b4b573fe557a58e1,4a3ca9315b744ce9f8e9374361493884,2017-09-08 02:25:34,69.9,12.83
b0ed97babdfc249ba9d843fa7eaf907d,1,1c56f826f3a1fdf255e3fb5fa7637d3e,325f3178fb58e2a9778334621eecdbf9,2017-08-17 00:05:22,19.9,7.78
b0ed97babdfc249ba9d843fa7eaf907d,2,1c56f826f3a1fdf255e3fb5fa7637d3e,325f3178fb58e2a9778334621eecdbf9,2017-08-17 00:05:22,19.9,7.78
b0ed97babdfc249ba9d843fa7eaf907d,3,1c56f826f3a1fdf255e3fb5fa7637d3e,325f3178fb58e2a9778334621eecdbf9,2017-08-17 00:05:22,19.9,7.78
b0f3b60e4ef21a14515d0e51782a7580,1,31240eaae01b43247d878f3e89996e35,8b28d096634035667e8263d57ba3368c,2017-08-21 03:50:29,21.9,11.85
b0f57536fcde0c4422cea71a465326a5,1,be0dbdc3d67d55727a65d4cd696ca73c,9c0e69c7bf2619675bbadf47b43f655a,2017-08-22 03:25:37,79.9,15.31
b0f57536fcde0c4422cea71a465326a5,2,be0dbdc3d67d55727a65d4cd696ca73c,9c0e69c7bf2619675bbadf47b43f655a,2017-08-22 03:25:37,79.9,15.31
b0f57536fcde0c4422cea71a465326a5,3,be0dbdc3d67d55727a65d4cd696ca73c,9c0e69c7bf2619675bbadf47b43f655a,2017-08-22 03:25:37,79.9,15.31
b0f595976cc8465db878685b2a613f5f,1,c0fc1b0ec16005c9a01f5795e23235c2,d2374cbcbb3ca4ab1086534108cc3ab7,2017-08-21 03:30:09,21.9,16.79
b0f595976cc8465db878685b2a613f5f,2,c0fc1b0ec16005c9a01f5795e23235c2,d2374cbcbb3ca4ab1086534108cc3ab7,2017-08-21 03:30:09,21.9,16.79
b107eb8ab6fb9b94db25911d4a2b378e,1,d4937a7e8d3db0f265d1f0302308bb12,e5a3438891c0bfdb9394643f95273d8e,2017-08-30 14:45:18,49.9,15.1
b10818512d51945f6498d36b8de77c68,1,d39421ec4cc2bf52e35f8bf00f1ec314,cc419e0650a3c5ba77189a1882b7556a,2017-08-22 19:10:20,49.99,11.73
b10b53f757455227e8b972cb1faba733,1,7f70545e9d4c47a4e84278437672f03f,d91fb3b7d041e83b64a00a3edfb37e4f,2017-08-23 02:50:22,10.8,25.63
b110523a5f9c69ad95bf8247062f0ba9,1,0d94e21c8156ffa3dcb77cb1d456ef80,40536e7ca18e1bce252828e5876466cc,2017-09-05 20:44:20,115.99,124.76
b110523a5f9c69ad95bf8247062f0ba9,2,0d94e21c8156ffa3dcb77cb1d456ef80,40536e7ca18e1bce252828e5876466cc,2017-09-05 20:44:20,115.99,124.76
b110523a5f9c69ad95bf8247062f0ba9,3,0d94e21c8156ffa3dcb77cb1d456ef80,40536e7ca18e1bce252828e5876466cc,2017-09-05 20:44:20,115.99,124.76
b11b91d4d8e53e6149e2df599f5335e8,1,b0961721fd839e9982420e807758a2a6,1f50f920176fa81dab994f9023523100,2017-08-10 02:25:45,59.9,17.67
b11b91d4d8e53e6149e2df599f5335e8,2,b0961721fd839e9982420e807758a2a6,1f50f920176fa81dab994f9023523100,2017-08-10 02:25:45,59.9,17.67
b12fc1e1a55ad5febf364885bdc26eaa,1,ba230fc7bcaa2f503c46d73098caeb66,13d058e4eeac2ce8217660b2f8a05812,2017-08-22 03:25:38,229.99,35.77
b132ad2a1d3d44a9fe2fe6b63c406593,1,7efd7d1a1a985eae9fecdb134fd657d3,a673821011d0cec28146ea42f5ab767f,2017-08-25 19:15:14,69.9,9.34
b132b4c680aad57c36a5686db90d88d5,1,3a7c9b0413d7b9cc7f4a18318fc5afb3,7a67c85e85bb2ce8582c35f2203ad736,2017-08-31 17:10:13,129.99,12.11
b1334405900ad1c02d3521d59b962c6a,1,f1c7f353075ce59d8a6f3cf58f419c9c,37be5a7c751166fbc5f8ccba4119e043,2017-08-17 11:50:20,200.0,32.84
b1334405900ad1c02d3521d59b962c6a,2,f1c7f353075ce59d8a6f3cf58f419c9c,37be5a7c751166fbc5f8ccba4119e043,2017-08-17 11:50:20,200.0,32.84
b13ee329a2e6ec2e8f32c1e64e77796e,1,13e144085fe0add29464aa5571df855d,f45122a9ab94eb4f3f8953578bc0c560,2017-09-04 04:44:38,189.99,38.88
b1417ba6ab7c47ce85dd05e068e2afe1,1,7686fe49c98ae1c537b5cc51992f5d20,9d5a9018aee56acb367ba9c3f05d1d6a,2017-08-30 21:10:42,172.33,17.65
b1591d0dddc34fc0db8601799e1fbd9f,1,b0961721fd839e9982420e807758a2a6,1f50f920176fa81dab994f9023523100,2017-08-07 21:11:22,59.9,17.67
b15e9d1741046124ba4bf5c7dd4e5a8a,1,84f47b7ffbd21c845d197cc0a7bc479a,870d0118f7a9d85960f29ad89d5d989a,2017-08-15 13:30:18,36.5,14.08
b161deecd4d00e692166e541a2bff028,1,46670e03948d0e1c2273c88899f27cc7,17e34d8224d27a541263c4c64b11a56b,2017-08-30 03:15:49,276.14,45.78
b191371f63985b422b67013b16816063,1,773fc6de13d1f04a533ab4186b52420a,bf3c6d2a28b2b5501e6c15448982dcc9,2017-08-31 02:06:12,164.9,17.4
b19cbdc71dc9913fc6eda58071709aae,1,edea00c530707ee2088b9f7178629f52,ce27a3cc3c8cc1ea79d11e561e9bebb6,2017-08-28 23:25:30,20.0,9.34
b1af0e84814ea77191dddbb863dc896a,1,694e58e56c74114ee0628c25f3f26f8c,7008613ea464bad5cb9b83456e1e6a8f,2017-08-17 09:25:09,52.5,26.91
b1cd362ad264b0da57a669fa27c8f5cc,1,fecf6223a3494f35362f670e571d2a04,3db66a856d18a9cba7c9241fc5221c50,2017-08-17 16:50:19,69.9,35.81
b1cd8dc65cf496b0742bc29954dd322d,1,24d7b551f0ea7c3cea080d402b211132,d2374cbcbb3ca4ab1086534108cc3ab7,2017-08-22 17:05:12,27.9,11.85
b1ce066aa23dcefeebf1950f0da07bc7,1,4c1e109ecdf58453de365d217cefa64c,4e922959ae960d389249c378d1c939f5,2017-09-13 12:10:29,120.0,13.18
b1d654a4586eefddf31151bf787ff632,1,202bd859659a841de892b00c341300ff,6560211a19b47992c3666cc44a7e94c0,2017-09-06 02:35:43,35.0,7.78
b1daed3ca434922570bdde4d05004753,1,9064f7e4f4d596604b5df8265fdcc8e1,59b22a78efb79a4797979612b885db36,2017-08-28 04:16:16,26.9,16.79
b1e54b4e95f856a38246ab5a53b59dbc,1,4f9a85a01a3a49b2760aed83cf3d78e1,1554a68530182680ad5c8b042c3ab563,2017-09-05 22:55:12,179.99,30.3
b203645fd73939945cecc062dcb496da,1,4d272fe20c57c64dc74b3db191fc31ef,d2374cbcbb3ca4ab1086534108cc3ab7,2017-08-10 13:15:10,24.9,15.1
b22c78b69eebbbdadbf68f2111cd89a3,1,f1c7f353075ce59d8a6f3cf58f419c9c,37be5a7c751166fbc5f8ccba4119e043,2017-08-28 02:24:48,200.0,28.78
b2399fdd417c653cc8011229c81b11be,1,53b36df67ebb7c41585e8d54d6772e08,4869f7a5dfa277a7dca6462dcf3b52b2,2017-08-31 03:05:46,159.9,15.87
b239d7a386db8ffed15c72578e9d3cac,1,073afdaeb2d71d4da3ce0c6935614289,4a3ca9315b744ce9f8e9374361493884,2017-08-24 20:05:15,96.0,15.42
b245a355c20f011bd92122803bd0f5c3,1,2820a0ee65a765e5dbb7ef1da30d2f4f,b1b3948701c5c72445495bd161b83a4c,2017-08-18 08:25:14,399.9,21.04
b24b30b2680c0388fd18c9175271a8cb,1,72c4ed817b3980cf86101f5fa7b234f7,c24173065483e421f9e5e7f599de101d,2017-08-31 15:05:40,31.99,7.78
b254aaf3ccd939e570def6639accb4a9,1,8a26f391ab8b209f67d87dd358f6f004,cb9fb4ca75d7ba8437480e8dde64fe98,2017-08-18 20:50:12,48.98,19.84
b26a79020606ef73722d450c8458f9c0,1,f25b4b41194b370120c42e1b19bd2a8a,41b39e28db005d9731d9d485a83b4c38,2017-09-14 17:05:19,144.9,8.27
b28d8bbc74731fb20234ba949894dd13,1,75b1325940492d3513fd4f50897b1bf9,cca3071e3e9bb7d12640c9fbe2301306,2017-08-10 20:10:18,52.11,15.11
b293c4fde0d98fba95ab1e4b93334005,1,2136c70bbe723d338fab53da3c03e6dc,6560211a19b47992c3666cc44a7e94c0,2017-08-31 15:05:33,29.0,25.63
b29696b3c00ec6ac4adfa001a2c7cd3f,1,0cc13a424dc207f8c4d3b26ea1cd384c,710e3548e02bc1d2831dfc4f1b5b14d4,2017-08-24 10:55:23,349.99,44.86
b2ab1e0470beda1aac2094a2ff9d5bd8,1,d812e997fd9190feab9f82b6af7e20de,05ff92fedb5be47920fea08e501238b9,2017-08-20 22:25:14,119.0,17.27
b2ad7cad7381ae63e968c60fa8f7f7a2,1,9e61f47367a7a1d6cafa44817f88f8db,4371b634e0efc0e22b09b52907d9d469,2017-08-07 15:35:41,10.0,7.78
b2b7043343c97ca1dfc624e1d71e43df,1,b80b2895a4edf092d99f63d8d96d84e5,c3cfdc648177fdbbbb35635a37472c53,2017-08-09 15:11:59,49.9,13.37
b2ca53045aaa7b6e0557028b4c4e70d9,1,e4337c013620a5a05f0c80622bb33f90,81a1104df0f08b59c68aa5b03cfe398e,2017-09-05 14:31:06,109.9,14.52
b308c9da408c9307a85916a795a6eaa2,1,7d50930301709838d8e90dcac5cfaa84,9616352088dcf83a7c06637f4ebf1c80,2017-08-28 02:25:06,59.9,16.18
b30e8706285c15e74685d5e1c5c56366,1,3db75f31b76375c502f64d550dcd1166,85d9eb9ddc5d00ca9336a2219c97bb13,2017-08-29 08:25:09,31.9,8.11
b33fb23930b882d67b4b114c33f2e6df,1,fd60771c56d987cda1dc0169f4452e65,6a8b085f816a1f75f92dbac6eb545f8f,2017-08-23 14:30:19,54.9,15.13
b3424a1c4c3af064d3472b285180bed0,1,6d43aa08ee344527fc3e86b90cfd2379,3d871de0142ce09b7081e2b9d1733cb1,2017-09-05 16:04:13,99.0,17.94
b345195f4b87a06b90abe651081fb600,1,f5bb0eef3914b07a9dea355a6a3069da,ef506c96320abeedfb894c34db06f478,2017-08-16 08:55:20,25.99,17.63
b34e632947c7a44b7afd9eaee92f7dbb,1,c6ea63369936552872ae890c82175b4b,37be5a7c751166fbc5f8ccba4119e043,2017-08-14 12:43:07,205.0,38.57
b35130dc3381b58b5f96d10a31839601,1,32aeecc02aa5adcb7f75155a80a47836,55a5b51f93f2b70ea513f5a047b0262a,2017-08-23 23:45:24,128.7,23.77
b354dae409f9d433bee051b7e1b4eb7d,1,2c71438371b35f7ce3c2511d6b0927e7,6560211a19b47992c3666cc44a7e94c0,2017-08-15 11:04:07,29.0,14.1
b391fd34f5d52bfc8de47b44d609e490,1,75d6b6963340c6063f7f4cfcccfe6a30,cc419e0650a3c5ba77189a1882b7556a,2017-08-15 23:45:10,56.99,8.72
b39662e0f09931c6e3d392e873207658,1,819fc0e9c061a08bac3d5044eb92b173,6cd68b3ed6d59aaa9fece558ad360c0a,2017-09-01 13:50:14,118.9,10.05
b3a63f4fb89da65142691825fc1443dc,1,6d7d853286dac8449c42146f8ce5dedf,3be634553519fb6536a03e1358e9fdc7,2017-08-10 00:43:17,15.9,17.63
b3b6a35d33a79057c835f4d65c03a2ea,1,777d2e438a1b645f3aec9bd57e92672c,4a3ca9315b744ce9f8e9374361493884,2017-08-23 16:04:58,69.9,16.25
b3b8133868458b6acf08ea6ffc22e3f2,1,0e621085968d9a9585ed3c2c204825e2,94144541854e298c2d976cb893b81343,2017-08-14 20:20:06,459.9,18.66
b3b9c134c866906502560d298369a253,1,64051126507bdb875c1baf5b3b5a9a98,9646c3513289980f17226a2fc4720dbd,2017-08-24 01:05:41,48.0,16.11
b3bb81a4fe1e47c62f92706ebdbf4e4b,1,b0c1e71a37e29bd3d463eb93e4861c6a,1caf283236cd69af44cbc09a0a1e7d32,2017-08-11 19:23:36,22.99,16.11
b3d1f66de4e47bfefc8a4326d9ab46ba,1,7fb04722aba7a2b632bac8f9819796f3,f3b80352b986ab4d1057a4b724be19d0,2017-09-05 18:30:20,79.0,17.8
b3dfe377ea8a76c9efd1f7053abbcb67,1,ed996a90597b8541c387ce93622ac44c,6a8b085f816a1f75f92dbac6eb545f8f,2017-08-24 19:10:19,61.5,11.93
b3e8f5b15b942cacd19dba17d7179867,1,b82d5f6663839dfbac5ce278a4b6b5d9,06579cb253ecd5a3a12a9e6eb6bf8f47,2017-08-23 21:25:08,189.9,20.82
b3f3f413f89e281887189ce9f68f4ff9,1,060cb19345d90064d1015407193c233d,8581055ce74af1daba164fdbd55a40de,2017-08-07 10:43:48,147.9,15.79
b3f3f413f89e281887189ce9f68f4ff9,2,060cb19345d90064d1015407193c233d,8581055ce74af1daba164fdbd55a40de,2017-08-07 10:43:48,147.9,15.79
b408eebfa22431115ec0811eff9d8561,1,ad53b74739180a632354ce9cb16bbdde,b1b3948701c5c72445495bd161b83a4c,2017-08-17 14:25:12,329.9,16.06
b410dc915246a26c7dbf229a2a521f45,1,7fab1a1472fdd934397068931f63f3ca,3d871de0142ce09b7081e2b9d1733cb1,2017-08-24 10:32:21,69.9,11.99
b41be8fdec5c4d3a935dc4319b3dc5af,1,6eb6c5cb7df0f863538b61a47fcce962,fe2032dab1a61af8794248c8196565c9,2017-08-17 19:45:15,145.0,9.58
b440ae5462e075298885ddda8a0b9b1f,1,b2a276c8b8261ba2c2c46bcfa1f522ee,f8db351d8c4c4c22c6835c19a46f01b0,2017-08-08 21:50:18,85.9,16.36
b458ffdf7369c1e76ef5ba66155886da,1,4cac1a12a6fe9ffba4a9556dbe582e28,7ddcbb64b5bc1ef36ca8c151f6ec77df,2017-08-17 17:43:50,25.99,15.1
b485e99d1c3896c44eb56886216fcd01,1,ffd4bf4306745865e5692f69bd237893,d98eec89afa3380e14463da2aabaea72,2017-08-10 14:50:19,29.99,17.63
b490f4ee602a5065a34482b65e8a4114,1,d51e2b908fe3ce35d84e77bf5da363d8,2be17df1c49978426251562096c3cc09,2017-08-21 04:25:36,139.9,17.42
b49433c6d0ea8ab0fa4d209e44c5831f,1,24c855c83d506d85c7386ff94d6c8db1,cb3dd9ce66268c7a3ca7241ac70ab58c,2017-08-23 19:55:25,117.8,18.07
b4c9f083bce61caf47fb38f9ba058bce,1,0f96cb6fd0ba832f2d7a21d13b251526,ec8879960bd2221d5c32f8e12f7da711,2017-08-11 16:15:16,104.9,20.22
b4d02f5e2416f97c4879e0585170855e,1,e7a6e03b3e02c37299f6ea8398a08629,6a8b085f816a1f75f92dbac6eb545f8f,2017-08-22 19:05:10,54.9,15.13
b4dc5c3ea28c7836755af87d3d253d68,1,293539d4864917190e242c5c5372016d,8603f0038fe0e52fedd3382d266723de,2017-08-14 08:25:14,200.0,46.87
b4dcd6f9c2f41108f2d0136a41410392,1,d6bbda35f0b8505c2f824f1d90295855,fa40cc5b934574b62717c68f3d678b6d,2017-08-14 04:23:42,59.9,11.92
b4ddf2c58c57f7f338c21d36cbfea6dc,1,0bcc3eeca39e1064258aa1e932269894,1f50f920176fa81dab994f9023523100,2017-08-22 09:25:16,59.9,13.44
b4faf169cf759150033d5fd096c9e5b1,1,08e9cbdf0ec7e3f5a265ebba500bcc73,7c67e1448b00f6e969d365cea6b010ab,2017-09-14 02:50:33,79.94,22.88
b509bd2eac0f3bf788f841a5cb5b69ad,1,75a0da72d64d961e5ad456641416fa20,7142540dd4c91e2237acb7e911c4eba2,2017-08-15 12:45:18,59.9,17.67
b50a7d7b24d9089159085f878aecfad0,1,72b781d37ad5c06da9a06f01248d3f48,3b15288545f8928d3e65a8f949a28291,2017-08-25 01:25:38,77.99,12.89
b511d65dcc8a6154086efbf3d2c9230d,1,88dd63919fc9ab693803578a04a20209,7ddcbb64b5bc1ef36ca8c151f6ec77df,2017-08-21 19:35:13,34.99,16.79
b517d1b56836ec7bbeccb6913c25dad5,1,59b47581b7ba51a62bf9c3dd4fef36fd,955fee9216a65b617aa5c0531780ce60,2017-08-17 02:24:08,120.0,15.59
b5199c66306c07a949f9a9069f7fda57,1,bb50f2e236e5eea0100680137654686c,f7ba60f8c3f99e7ee4042fdef03b70c4,2017-09-07 21:05:40,325.0,17.02
b52379e61429a9d5e19e7b0946eefbb4,1,c04e948c6900ce99ac47d89b3b6d70cd,855668e0971d4dfd7bef1b6a4133b41b,2017-08-23 22:25:18,900.0,107.36
b52c5e0a82ec048d983882e4d539394f,1,07821918ef487fd64eb20b3c8aeb897f,3340ef1913fb70d28420f6ceb685c339,2017-08-28 04:06:03,175.99,17.67
b52c5e0a82ec048d983882e4d539394f,2,07821918ef487fd64eb20b3c8aeb897f,3340ef1913fb70d28420f6ceb685c339,2017-08-28 04:06:03,175.99,17.67
b52dc8a3dad74fe4f1eff8ed1e7bd6da,1,5b276c5a1bbe9381dd336487c3b0dea1,6d66611d7c44cc30ce351abc49a68421,2017-08-23 12:55:15,129.9,18.16
b5729b91377f445769c8fc2d063e6235,1,729e4dedfa3ed50a3fd4898b6f11c715,3c487ae8f8d7542beff5788e2e0aea83,2017-08-15 16:04:02,374.9,17.37
b574767c7029a1d2a194e2769bdad806,1,e21af3d371523b2d9543645d3564a873,fa1c13f2614d7b5c4749cbc52fecda94,2017-08-18 12:50:10,259.9,19.1
b582b17e48ccf7f01a91218d7297ca17,1,21a95b5525c6d658ff4e5e1b50f7c02d,46dc3b2cc0980fb8ec44634e21d2718e,2017-08-22 15:45:19,149.99,16.81
b5855f3b4fcb6687d1c662ddf8ca7219,1,e7a6e03b3e02c37299f6ea8398a08629,6a8b085f816a1f75f92dbac6eb545f8f,2017-08-23 03:05:23,54.9,11.88
b5982bf8e5b91399a51277de4c2b8001,1,404a57563d487aecbc2b1a01d9b89aab,4a3ca9315b744ce9f8e9374361493884,2017-08-23 02:45:47,220.0,22.03
b5a1d012931f59ed905df201cf2aba80,1,d806210810eb8942d0ea5b17967bb1c4,01cf7e3d21494c41fb86034f2e714fa1,2017-08-11 18:20:06,119.35,18.09
b5b143bb15757cfbb8c5f447e4586940,1,5ae29cafe81cdcf89058a7a6fa842b34,ce27a3cc3c8cc1ea79d11e561e9bebb6,2017-08-29 07:50:09,120.0,14.59
b5e0fde1c337ebf2f84dbcddde845156,1,e4a944ceb290f6743bc262b3963471e2,d1b65fc7debc3361ea86b5f14c68d2e2,2017-08-15 15:10:22,109.9,15.52
b5ed14c14034b74bb0ae1c0427d72304,1,025dcf8f0a969c92d254bc425b380685,b4ffb71f0cb1b1c3d63fad021ecf93e1,2017-08-31 20:24:27,17.5,17.63
b5f0cef68cd2c42cf22c53f76adde01c,1,e0d64dcfaa3b6db5c54ca298ae101d05,4869f7a5dfa277a7dca6462dcf3b52b2,2017-08-10 16:20:06,179.9,12.76
b602e9018426fcb5d4f616503de8057d,1,4c1aae998146be1df5c261049d9f8d5a,efcd8d2104f1a05d028af7bad20d974b,2017-08-29 14:30:07,40.0,11.85
b6124eb66f799ee6f995083761816983,1,fa4e8255202fd921350a6fc716710dae,2b3e4a2a3ea8e01938cabda2a3e5cc79,2017-08-24 02:12:23,267.99,9.13
b614efabb8e6d8c441aac4ae39cd8ec6,1,ee286d9b47b21317f08ef31202f0debd,41b39e28db005d9731d9d485a83b4c38,2017-08-09 03:06:19,44.9,34.69
b61a2f7167a516d76088020bc63b4f7b,1,f1c7f353075ce59d8a6f3cf58f419c9c,37be5a7c751166fbc5f8ccba4119e043,2017-08-16 13:43:42,200.0,26.24
b63d5080c2de46861754004d25ae9362,1,937ac3a2f4aec64b560e6423fb50aee9,9674754b5a0cb32b638cec001178f799,2017-08-21 09:24:09,17.8,12.69
b6572524ff6f0892276c1cc31367daa9,1,c2ece64199af7a53793ed9612a89a8cd,6c7d50c24b3ccd2fd83b44d8bb34e073,2017-08-29 17:06:54,75.0,32.98
b665005f4d6ed76db213ab12680a0237,1,063daeb82f41e36a160549515ef28e75,4a3ca9315b744ce9f8e9374361493884,2017-08-14 04:32:40,173.0,15.96
b682fc4ea655d9de9cd962462e16e738,1,a996a4fecaea5e7e2638d2c5078ebf4b,391fc6631aebcf3004804e51b40bcf1e,2017-08-10 02:55:44,69.88,16.85
b682fc4ea655d9de9cd962462e16e738,2,c2bd03501cf7f4f3a1201e6069155bc0,cca3071e3e9bb7d12640c9fbe2301306,2017-08-10 02:55:44,51.92,9.36
b68b074f1ab9121ef83da7fcc026534a,1,e38ae1121c1566bb56b728d8079b2d75,e9bc59e7b60fc3063eb2290deda4cced,2017-08-22 09:25:18,23.9,16.79
b68b074f1ab9121ef83da7fcc026534a,2,e38ae1121c1566bb56b728d8079b2d75,e9bc59e7b60fc3063eb2290deda4cced,2017-08-22 09:25:18,23.9,16.79
b68b074f1ab9121ef83da7fcc026534a,3,e38ae1121c1566bb56b728d8079b2d75,e9bc59e7b60fc3063eb2290deda4cced,2017-08-22 09:25:18,23.9,16.79
b68b074f1ab9121ef83da7fcc026534a,4,e38ae1121c1566bb56b728d8079b2d75,e9bc59e7b60fc3063eb2290deda4cced,2017-08-22 09:25:18,23.9,16.79
b68bc5e23953ce5d6eb6fd2fc3055763,1,bb50f2e236e5eea0100680137654686c,f7ba60f8c3f99e7ee4042fdef03b70c4,2017-08-30 15:32:51,325.0,36.07
b694e265e0a9617ab7301dabf9fb90d8,1,4d9e8a6d8d07e4f47e093b8c2999ae01,e9d99831abad74458942f21e16f33f92,2017-08-21 03:32:01,38.99,14.1
b6a50dc1cfeb4ad7219d3577ab9a2454,1,0f0c4960b05d6145bbb4b348423503ef,edf96ef93ed595084bbcbd9224bd2894,2017-09-08 02:15:13,51.0,19.6
b6a71e3e9b924e0f363dbe847949141c,1,88dd63919fc9ab693803578a04a20209,7ddcbb64b5bc1ef36ca8c151f6ec77df,2017-08-17 20:45:09,34.99,15.1
b6bc19f6d8e96c942441bf9f4d155c1a,1,1fd5b8526b883f92d22dc09cda3031e3,dc4a0fc896dc34b0d5bfec8438291c80,2017-08-14 17:05:11,59.9,15.17
b6c9788b02384545ab73b0ec85729995,1,118fa7a08a83564776c37433aca3ca71,8f119a0aee85c0c8fc534629734e94fd,2017-08-08 23:03:16,37.5,15.1
b6e98ad9c6e0c58c16cd60eafd17c2f3,1,21fb5057dd6a737df6851a7ab7a130da,b14db04aa7881970e83ffa9426897925,2017-08-17 22:04:09,69.0,20.97
b6e98ad9c6e0c58c16cd60eafd17c2f3,2,21fb5057dd6a737df6851a7ab7a130da,b14db04aa7881970e83ffa9426897925,2017-08-17 22:04:09,69.0,20.97
b6f999c6eccbf4df9af77d67c77a8e52,1,ecb092c44590e3c5867a4b8bb4f08ce5,542917da124346b47ea1ac79a93ce454,2017-08-14 04:32:27,38.0,15.11
b70e6b353379423761497f0d95376da2,1,88dd63919fc9ab693803578a04a20209,7ddcbb64b5bc1ef36ca8c151f6ec77df,2017-08-15 07:10:14,34.99,11.85
b718c913ccd27c35fdeb6c29770e0ea5,1,b1acb7e8152c90c9619897753a75c973,cc419e0650a3c5ba77189a1882b7556a,2017-09-10 23:55:11,34.99,15.1
b721972cedcd805cf76991c48731eca7,1,1528d0673079ce2d79d29753b800d76e,01fdefa7697d26ad920e9e0346d4bd1b,2017-08-31 12:04:52,59.9,13.44
b722a4d724bb8dc8c8f69f6239797c4a,1,a92930c327948861c015c919a0bcb4a8,6560211a19b47992c3666cc44a7e94c0,2017-08-17 02:50:19,78.0,16.99
b72bbd4502484b848fd005ad2511a685,1,6bf1cd252d73626ab181be470f56e07b,8bd0f31cf0a614c658f6763bd02dea69,2017-09-04 23:00:16,37.99,11.73
b7349b2c8b3b8105cb58b4c65602206e,1,63682d69d8d74bacf75360f6efb31fcb,a2e874074c877c5a05abae80ad6e488f,2017-09-15 10:25:15,87.16,12.95
b746658c30926e5a7987154c9a981552,1,d4fe034cde911805af12724d73fde7e0,dd2bdf855a9172734fbc3744021ae9b9,2017-08-22 19:05:12,109.9,15.53
b75900fba7c6652e3dc7b6ad4160fee1,1,be3e31f416559f351eff764e3cef806a,78c99c6dff4eeae5be99bf635ed21e3f,2017-08-24 02:35:25,5.99,11.85
b75900fba7c6652e3dc7b6ad4160fee1,2,be3e31f416559f351eff764e3cef806a,78c99c6dff4eeae5be99bf635ed21e3f,2017-08-24 02:35:25,5.99,11.85
b761497bef87779669a4cb894020af20,1,79706e79825f7409ef032653a271fba2,7c67e1448b00f6e969d365cea6b010ab,2017-08-21 19:24:39,179.99,82.7
b7707080e47946584d1280f2b8f200a5,1,a565c2e7c2af3eaf353b14a2e82daa53,4a3ca9315b744ce9f8e9374361493884,2017-08-30 16:25:21,135.0,12.45
b7716ace923ed81a5f2df20115695b2d,1,1900bad8eae4042922f8487abb59e3c5,e9779976487b77c6d4ac45f75ec7afe9,2017-08-30 08:10:15,42.0,35.67
b78e1e59e42553fbbc9948d04ef0539f,1,083ffd30820b592e294de7ed668ff975,f8db351d8c4c4c22c6835c19a46f01b0,2017-08-17 14:50:08,49.9,15.1
b795eb32cc08082ffd6f417bfc0686f5,1,b5e13c9a353102f79c6206ff5cb61a50,a49928bcdf77c55c6d6e05e09a9b4ca5,2017-08-24 13:32:56,79.9,25.11
b7b4aa00d4e97c4edffa122ab906663e,1,b7db1a22a9e89c9749d7386c4f0ff639,48fb026ed7455a42f5d3e9390ed5088e,2017-08-24 00:45:12,72.9,27.46
b7b4aa00d4e97c4edffa122ab906663e,2,138dac44dc568cd36c6f1d1e5e181d5d,f8db351d8c4c4c22c6835c19a46f01b0,2017-08-24 00:45:12,36.9,0.14
b7b5dee57b9829f64867e5c5d5dead9c,1,6aa994db5bc7ea9506451c75383e8769,4a3ca9315b744ce9f8e9374361493884,2017-08-11 13:03:13,90.1,12.13
b7b5dee57b9829f64867e5c5d5dead9c,2,6aa994db5bc7ea9506451c75383e8769,4a3ca9315b744ce9f8e9374361493884,2017-08-11 13:03:13,90.1,12.13
b7b6e52282e462db3a8fd56c2d27389c,1,8b8702416a4fecb685fc70b056cac372,8b28d096634035667e8263d57ba3368c,2017-09-05 02:05:13,15.48,11.85
b7cc3826f155315673c017a521913615,1,207cdca64408b55cde28bfa9e62bced9,86ccac0b835037332a596a33b6949ee1,2017-08-31 02:55:45,29.99,15.1
b7e23b7efc57795b6806ef873f1e5ab0,1,210a8305d79b2f5719cbafb2c026797f,f8db351d8c4c4c22c6835c19a46f01b0,2017-08-11 10:50:20,36.9,9.94
b7f44ef7fe56341d2d0d0703d65a429b,1,24ea331e89e0cc6fde885752b3eb2c23,8602a61d680a10a82cceeeda0d99ea3d,2017-08-10 16:55:09,35.0,14.63
b7f44ef7fe56341d2d0d0703d65a429b,2,7f9979f68f998401e84c91d2ca6933fd,20d83f3ef0e6925fd74bfd59170babf7,2017-08-10 16:55:09,39.9,13.92
b7f44ef7fe56341d2d0d0703d65a429b,3,1c5507038caa58651b5f07b729f97774,20d83f3ef0e6925fd74bfd59170babf7,2017-08-10 16:55:09,39.9,13.92
b7f44ef7fe56341d2d0d0703d65a429b,4,4fa7e168d8cf9a9cb233e7a0d2821e94,20d83f3ef0e6925fd74bfd59170babf7,2017-08-10 16:55:09,39.9,13.92
b80623966e8021f8f60984a3646abe70,1,071b82cad6de748755bb587ff3feec2e,7a67c85e85bb2ce8582c35f2203ad736,2017-08-21 03:45:26,129.99,18.16
b806f6c6c8d0b8ccc7ad577af2a67233,1,77eb902dbce27d7867fa9c6a9108966d,dc4a0fc896dc34b0d5bfec8438291c80,2017-08-23 10:44:19,116.59,18.07
b80fc28f62c785fe351b7e4d70185334,1,06484143f7046fc1c2ec000aba13e28a,cb3dd9ce66268c7a3ca7241ac70ab58c,2017-09-05 02:56:04,24.99,16.6
b8465ebdeb16d7b97b28e61f894afb70,1,4660d9b4ae2a49dc7a5cac39499b204b,7ddcbb64b5bc1ef36ca8c151f6ec77df,2017-08-10 16:10:15,76.99,15.29
b847874716fdb4908836e6300292db03,1,a028a0cb37c1e9693e906ad948031da3,43f8c9950d11ecd03a0304a49e010da6,2017-08-17 18:04:06,158.99,18.39
b857022c441c749e56d9722e49382a9a,1,6109d0cae3bcb57d579bc0fab6e61814,dbc22125167c298ef99da25668e1011f,2017-08-14 17:00:08,85.9,17.85
b8585b755e4a6d296c78133909d74022,1,62d8daeee0db3a60c234c2d1bfd10651,d2374cbcbb3ca4ab1086534108cc3ab7,2017-09-05 08:44:22,24.9,11.85
b87024ec4da1b89f2002223e52f25597,1,340e3e28357bb29f7612c86c13d9729a,cc419e0650a3c5ba77189a1882b7556a,2017-08-22 23:04:00,49.99,15.79
b882b5c0534fa68c690e739dd788512a,1,de845f191115e91fadc9624c144488c7,87142160b41353c4e5fca2360caf6f92,2017-09-11 02:35:48,279.0,41.28
b88bd20c39bb3b635715d1dbd01044ba,1,601a360bd2a916ecef0e88de72a6531a,7a67c85e85bb2ce8582c35f2203ad736,2017-08-23 08:35:09,118.99,17.08
b890678ef6e89550a3a5bc432c3ce744,1,205eda573c0d52a57b83bc9332947b8e,6b9b80d53ba3676eafe60268a810b5a1,2017-09-01 20:50:20,79.9,16.32
b8bf848cf366061f0e9555337da2a9d6,1,06c6e01186af8b98ee1fc9e01f9471e9,fc906263ca5083d09dce42fe02247800,2017-08-30 03:06:33,39.9,15.1
b8c38cf37cd17fd645f2e84101c8a679,1,3487b8d662448326a09da14416640170,d20b021d3efdf267a402c402a48ea64b,2017-09-03 22:55:20,29.9,16.11
b8c38cf37cd17fd645f2e84101c8a679,2,ba37ce1b5e0638cf45fd59f63ada0093,d20b021d3efdf267a402c402a48ea64b,2017-09-03 22:55:20,29.9,16.11
b8c38cf37cd17fd645f2e84101c8a679,3,c22dc992a198753e51e4a25f83957b9b,d20b021d3efdf267a402c402a48ea64b,2017-09-03 22:55:20,29.9,16.11
b8cd3107b41b1232ec5ccc2958000acf,1,6e4abd8bd0f6bb6b4eadd011199af836,f45122a9ab94eb4f3f8953578bc0c560,2017-08-09 15:23:44,339.9,27.66
b8cfc70398c982df76df0917f55d96b9,1,1ef71d12e77a6bb27f555c45747807ab,f00e21b1e91a79653163b7fd8f293ff1,2017-09-05 15:35:17,156.9,14.12
b8d0e1c664b4deb8dbe8583927497a68,1,de4fb1ddae276a3503afed39c8227cff,1da3aeb70d7989d1e6d9b0e887f97c23,2017-08-30 11:30:17,149.99,25.8
b8d83281a0c89e3157c9cd7c37ff7273,1,6cdd53843498f92890544667809f1595,ccc4bbb5f32a6ab2b7066a4130f114e3,2017-09-05 11:34:38,349.9,37.77
b8e8aa8bd53c50e5be82ea6f6a04e417,1,363218ba55c610b750224f90bdd34be1,fdb9095204a334cd8872252ffec6f2db,2017-08-16 21:50:24,87.0,15.37
b8ec4e11fac601907005c18a78ccbae7,1,79ad39409fa4bcc36b4b7f734c79c2a2,1da3aeb70d7989d1e6d9b0e887f97c23,2017-08-22 03:30:24,69.99,7.78
b8f158c49d2b09fe06025a4c5dc346f7,1,d26580768894ea0cdc9f19dc672956c2,d50d79cb34e38265a8649c383dcffd48,2017-08-08 00:35:17,169.99,15.94
b8f8c719c986f46a4324ebb983d70e98,1,b7c05b69aefd3c94fca07b044c119357,59b22a78efb79a4797979612b885db36,2017-08-14 10:30:22,59.0,15.16
b907517f4d66cdc2f9a7335370a0e073,1,b0961721fd839e9982420e807758a2a6,1f50f920176fa81dab994f9023523100,2017-08-23 21:55:10,59.9,17.67
b907517f4d66cdc2f9a7335370a0e073,2,b0961721fd839e9982420e807758a2a6,1f50f920176fa81dab994f9023523100,2017-08-23 21:55:10,59.9,17.67
b91a17f9c1968b21a333460f687fe2a9,1,0984eaa8480e41aded35bd7b5131a1c1,17f51e7198701186712e53a39c564617,2017-08-29 15:31:22,890.0,176.86
b91c737fed536d40ce17d84edd88fac7,1,0aabfb375647d9738ad0f7b4ea3653b1,37515688008a7a40ac93e3b2e4ab203f,2017-08-28 04:06:33,19.9,15.1
b91d854aba08883a55d43af8856e90d8,1,be59f0b9bd1d08d096188f98168fc987,15cd6eefe58588619aaed41dfa6621b1,2017-08-28 16:10:30,54.9,20.01
b91d854aba08883a55d43af8856e90d8,2,44ae8d3edf5612ff7a39d629d5bbb8ae,15cd6eefe58588619aaed41dfa6621b1,2017-08-28 16:10:30,69.9,32.01
b92fc3d1e14e2ff2051230fda1012db2,1,154e7e31ebfa092203795c972e5804a6,cc419e0650a3c5ba77189a1882b7556a,2017-08-30 14:10:22,23.99,7.78
b9340e1bc95553da15bd8aff9b343a37,1,c6bf8cc852eee5c4ab264e792a9c23a1,5dceca129747e92ff8ef7a997dc4f8ca,2017-08-16 14:43:47,29.9,11.73
b9340e1bc95553da15bd8aff9b343a37,2,c6bf8cc852eee5c4ab264e792a9c23a1,5dceca129747e92ff8ef7a997dc4f8ca,2017-08-16 14:43:47,29.9,11.73
b9340e1bc95553da15bd8aff9b343a37,3,c6bf8cc852eee5c4ab264e792a9c23a1,5dceca129747e92ff8ef7a997dc4f8ca,2017-08-16 14:43:47,29.9,11.73
b93500c13882d8874fa1d03641499551,1,b2a276c8b8261ba2c2c46bcfa1f522ee,f8db351d8c4c4c22c6835c19a46f01b0,2017-08-24 17:05:15,85.9,10.02
b94ba5a27a4df43455d1c0efc383a81c,1,c4b26e2f54cd0c158b3a8928968c80c5,3db66a856d18a9cba7c9241fc5221c50,2017-08-29 11:05:48,119.9,20.08
b96a0998be02fcdd701b834f5d66f235,1,191c65cf8988d6fab9bde989aef39d61,6bb0724edf0b62fb91ac404873a97241,2017-08-16 03:25:41,138.0,28.33
b985389048e8bbb41d4993f4bd86f47f,1,61a4100ccd6d9c4c808a1fd954ddb8ad,05ff92fedb5be47920fea08e501238b9,2017-08-28 09:50:26,420.0,31.34
b9942ad6dac0292bceb320c89a3c9736,1,f7bb503725fb4d7bb55301d5bceba728,55a5b51f93f2b70ea513f5a047b0262a,2017-08-15 02:55:44,99.7,17.14
b9c2b60a685ded2236d95094452a9696,1,7a9cf133da2a6494259ffeeab11b6276,db4350fd57ae30082dec7acbaacc17f9,2017-08-17 11:15:17,21.99,7.78
b9de9e1eb84649fb4958de11ac492b6b,1,e169dcec1f41c7d588f6648886492792,cd68562d3f44870c08922d380acae552,2017-08-09 06:45:17,139.0,26.25
b9e94fdb4a15c04cbde632c381826608,1,c6dd917a0be2a704582055949915ab32,7a67c85e85bb2ce8582c35f2203ad736,2017-08-23 15:55:18,99.99,29.1
b9f0e07d0b6d46a0c40cd3950a8cbeff,1,ac8e7cf3a658f63dc68dd7f3b8b5f97b,218d46b86c1881d022bce9c68a7d4b15,2017-08-15 12:10:21,107.0,21.24
b9f0e07d0b6d46a0c40cd3950a8cbeff,2,ac8e7cf3a658f63dc68dd7f3b8b5f97b,218d46b86c1881d022bce9c68a7d4b15,2017-08-15 12:10:21,107.0,21.24
b9f50d8e5298bbe57002cb91320c720c,1,7c3cbbd1a99a73b3dd683eb7c0570801,7a67c85e85bb2ce8582c35f2203ad736,2017-08-21 03:45:40,119.99,18.09
ba0a733b734db384f6753b0d9b4e9185,1,7c1bd920dbdf22470b68bde975dd3ccf,cc419e0650a3c5ba77189a1882b7556a,2017-09-11 20:30:33,58.99,16.66
ba1f99140d4a9799217d7a9d67b8c1f3,1,e0195a27314c382f2ab4c2bbebee854f,d91fb3b7d041e83b64a00a3edfb37e4f,2017-08-30 20:25:19,26.7,25.63
ba35a05db9ebce9e0964160badeda9b8,1,f9ecf420c38b90a8af8e7f70fd789264,94e93ce877be27a515118dbfd2c2be41,2017-08-24 14:44:21,89.9,18.2
ba411c67fe5e146b1838dc69b0c732e5,1,f731f8587d4088c174397e010cf892a9,cc419e0650a3c5ba77189a1882b7556a,2017-08-17 04:15:17,56.99,8.72
ba42f2a26f17be290cfc14c6f8b4e625,1,54f8f27ac6543c074ae5c4e7759b054a,e067ad2c1c0b48758eb1b5228bcf7a68,2017-09-04 18:46:32,29.95,15.1
ba7ba0ff040d6808492c4456eeb13730,1,89427567da9c9b075c9dca131535104d,3d871de0142ce09b7081e2b9d1733cb1,2017-08-18 20:25:14,25.0,12.69
ba8ffe0231b633e2aa5526e2a070b3d3,1,096e14458100c2b6d10f72d69f80cf34,46dc3b2cc0980fb8ec44634e21d2718e,2017-08-17 08:03:51,269.99,18.2
ba930d713b7bf3dca12e701703ff8eb5,1,d23750d75ff07de540c45749fbd8de45,5cf13accae3222c70a9cac40818ae839,2017-08-30 02:50:21,79.7,7.53
ba930d713b7bf3dca12e701703ff8eb5,2,7868a64aa111bbb4f41f8e1146c0becb,cca3071e3e9bb7d12640c9fbe2301306,2017-08-30 02:50:21,55.83,17.8
ba930d713b7bf3dca12e701703ff8eb5,3,7868a64aa111bbb4f41f8e1146c0becb,cca3071e3e9bb7d12640c9fbe2301306,2017-08-30 02:50:21,55.83,17.8
baa8610afcede477008f6d832c7c7c86,1,9b968712a8768d8e23318f73476af1a3,7a67c85e85bb2ce8582c35f2203ad736,2017-08-15 08:43:15,9.99,17.6
bab98c05fd4887a8b9f9bfae0fa0ac3f,1,f8d60c5ad1317240cc6138c3d50776b5,7e93a43ef30c4f03f38b393420bc753a,2017-08-31 12:04:46,799.99,20.36
bad77ee7480612102102403c00cf825e,1,f9b1795281ce51b1cf39ef6d101ae8ab,3771c85bac139d2344864ede5d9341e3,2017-08-28 16:27:36,39.9,8.27
bb00eb2dd9a64942be2a153901aae546,1,bb50f2e236e5eea0100680137654686c,f7ba60f8c3f99e7ee4042fdef03b70c4,2017-08-28 04:06:47,325.0,13.77
bb1b2f9863d195cf9f7012e73998a50b,1,4520766ec412348b8d4caa5e8a18c464,16090f2ca825584b5a147ab24aa30c86,2017-08-17 02:55:44,40.0,15.1
bb23ee96defc419b4137ae66d0c0e44e,1,da97969972a524bca894f97ea6bcff90,d2374cbcbb3ca4ab1086534108cc3ab7,2017-09-13 17:00:13,29.9,16.11
bb24bc48ede5999f7be893f8d0024291,1,45a15b38cc3c0514717a1de673c6193c,99eaacc9e6046db1c82b163c5f84869f,2017-08-17 21:03:57,104.9,12.23
bb310183fd0dc613fbe383644fb159eb,1,f494b6e2b8bd806b45b117992c959a8a,0bae85eb84b9fb3bd773911e89288d54,2017-08-31 09:30:18,54.16,19.62
bb33713436d6ec837ca0f59cd16955fa,1,af4e4eefc358246062956d3d2930e6f8,46dc3b2cc0980fb8ec44634e21d2718e,2017-08-21 11:04:22,229.99,18.86
bb3cb6cfa76f900629c74757839ffb96,1,9ddc4249779322828f89d2a9c04f7ee1,9d5a9018aee56acb367ba9c3f05d1d6a,2017-09-06 02:50:38,116.33,38.36
bb475ac6012993a0cca1bad5f52ee163,1,686c91d509cb70a2148ac3ecbb8a4f75,7a67c85e85bb2ce8582c35f2203ad736,2017-08-31 02:50:12,199.99,18.65
bb535f122a301b2b48f02befcedfcad5,1,595fac2a385ac33a80bd5114aec74eb8,058fd0aa2bfdb2274e05e1ae971dabb6,2017-08-10 09:31:33,142.5,15.75
bb54cd6c0fa2df81d9e75265c0229a3c,1,170b033abb14ccc92a21b95dba58fa90,aced59e9b31ef866a94f9e7f29d8d418,2017-08-10 15:55:19,29.0,14.1
bb6366371ed9745cc3f7efea6940cf6e,1,ae5cad88462eb7b7b61401e31c45618e,ce27a3cc3c8cc1ea79d11e561e9bebb6,2017-09-07 23:35:14,15.0,17.63
bb74d6a0640a083fa904f08f785f4734,1,8fbcb15797c830eb81cb3368ffe4a851,f8db351d8c4c4c22c6835c19a46f01b0,2017-08-10 11:35:09,36.9,26.89
bb760e550e3f6ddfa92ed74bfb364751,1,f3dadecca4b876a315481c79b8adcf16,f8db351d8c4c4c22c6835c19a46f01b0,2017-08-10 03:03:22,22.9,11.85
bb834ae438c1dce8fa0736a15ac30242,1,11dc4053871ff53ff79fb1fc7e6b160f,b1ac6ea7895bc3dd6f0f6f4abbdd2821,2017-08-29 21:06:05,99.0,12.4
bb85c5af835af09aa329b2f4922be259,1,ce4958776b3721723edac6bd9a05e833,55d3daac7c404d59e51c2aa2f4dc5a23,2017-08-13 23:35:17,129.0,13.46
bba3165de0a4f708a3fd065a5365e508,1,f5a9be6a5b9fbbd35e67c6883914c1ab,17e34d8224d27a541263c4c64b11a56b,2017-09-04 20:30:25,140.88,14.01
bba6242d559915fd85087bbba09bf253,1,11dcc970f7a5581e1bf777b6da3f7096,06579cb253ecd5a3a12a9e6eb6bf8f47,2017-08-17 11:25:14,69.9,16.74
bbd3a25020d87553521169c4eeb9c8ce,1,dd768d259ee6054e0dadd66c8e2be0b6,1900267e848ceeba8fa32d80c1a5f5a8,2017-08-17 22:50:17,29.99,11.85
bbd8f1074f27019f9acf680f5fbab20f,1,7d50930301709838d8e90dcac5cfaa84,9616352088dcf83a7c06637f4ebf1c80,2017-08-30 12:15:20,59.9,13.44
bbfe26a0861cbb443d2a659879dc0cb0,1,4e43377af2dd03dac8d7b4d0e889559a,5160d23075764e18e07c1f4a87fad743,2017-09-11 22:05:47,85.0,14.34
bc024a50e4e6ff5212d0febb0f4b4a37,1,7a9cf133da2a6494259ffeeab11b6276,db4350fd57ae30082dec7acbaacc17f9,2017-09-01 20:44:52,21.99,14.1
bc3471af826ef5a2d49ddea3b33634b9,1,2e0d7a0a2e12fb5ff71b53c36e0ccb1a,2528513dd95219a6013d4d05176e391a,2017-08-14 08:15:10,299.0,18.8
bc3b41b122d09bb7f293e287bb496235,1,149e60a7a51b85a834c055f8025ae3e5,95e03ca3d4146e4011985981aeb959b9,2017-08-30 00:50:25,25.0,7.94
bc3b41b122d09bb7f293e287bb496235,2,149e60a7a51b85a834c055f8025ae3e5,95e03ca3d4146e4011985981aeb959b9,2017-08-30 00:50:25,25.0,7.94
bc46a904b86fbf6c3d2f49a74fab7e66,1,7a7be236d8368315680071df4209dd4e,b14db04aa7881970e83ffa9426897925,2017-08-30 22:15:11,55.0,13.41
bc515ab3cf8c40c5a444d797fff621c6,1,368c6c730842d78016ad823897a372db,1f50f920176fa81dab994f9023523100,2017-08-10 10:35:19,59.9,13.44
bc64f672506c531820c9815dbef4d7f9,1,cc7ab11ca8cd1a04b25d30609458ab48,82e0a475a88cc9595229d8029273f045,2017-08-18 15:55:11,198.0,12.59
bc64f672506c531820c9815dbef4d7f9,2,cc7ab11ca8cd1a04b25d30609458ab48,82e0a475a88cc9595229d8029273f045,2017-08-18 15:55:11,198.0,12.59
bc878545684a3c5063d67725f1113ad5,1,118300f12ed121839fd8035986a012aa,94e93ce877be27a515118dbfd2c2be41,2017-08-14 16:15:10,575.5,30.35
bc8a5de6abf5b14f98a6135a7fb46731,1,1b37d55343061aa2b18b807945ff9831,8c16d1f32a54d92897cc437244442e1b,2017-09-05 12:50:19,118.9,26.68
bc8a5de6abf5b14f98a6135a7fb46731,2,325a06bcce0da45b7f4ecf2797dd40e4,3442f8959a84dea7ee197c632cb2df15,2017-09-05 12:50:19,10.8,2.42
bc8b2c869ce7a64ee059f716300aaed7,1,0b7fb806fe0194cc7eb473329c680e34,a37c340b91cb0169e8b029db6440fba2,2017-09-05 05:24:49,69.0,16.73
bca1fabb8aee7868626d2d9eaa6940e6,1,c8d1837df49c5b4d91a388c81795156c,c3867b4666c7d76867627c2f7fb22e21,2017-08-08 13:10:19,139.9,16.61
bcaeee361335dfff837f461e0e3011e1,1,11875b30b49585209e608f40e8082e65,669ae81880e08f269a64487cfb287169,2017-09-05 20:55:08,65.0,16.89
bcaeee361335dfff837f461e0e3011e1,2,11875b30b49585209e608f40e8082e65,669ae81880e08f269a64487cfb287169,2017-09-05 20:55:08,65.0,16.89
bcb0343717a9e0265e156e34c25c3dc0,1,a2307a34b16eb2201ce5206cbd7f9bc7,cb3dd9ce66268c7a3ca7241ac70ab58c,2017-08-15 15:10:14,38.99,27.18
bcb0343717a9e0265e156e34c25c3dc0,2,06484143f7046fc1c2ec000aba13e28a,cb3dd9ce66268c7a3ca7241ac70ab58c,2017-08-15 15:10:14,24.99,20.38
bcc2b6a2acc5f49f9ed5ea31410be28a,1,2039ecc2a76b653fb536a86a570e66d8,45d33f715e24d15a6ccf5c17b3a23e3c,2017-08-29 16:50:18,97.9,6.38
bcc2b6a2acc5f49f9ed5ea31410be28a,2,83f2c628d86dde5369cde6ffb51d919a,6d66611d7c44cc30ce351abc49a68421,2017-08-29 16:50:18,85.9,11.47
bce830798b60635f1cdb43fed38ab2f2,1,697bc524f3fdfaef7c92b56e8cc16aef,a2e874074c877c5a05abae80ad6e488f,2017-09-04 22:10:20,182.53,23.35
bceafe41324f7de517b199a7b4e2a074,1,be5353e2c543ba4f67831f95d3775420,8b28d096634035667e8263d57ba3368c,2017-08-10 23:55:16,18.99,16.79
bcf4f139b50c6689378fac7fe255a186,1,154e7e31ebfa092203795c972e5804a6,cc419e0650a3c5ba77189a1882b7556a,2017-08-15 10:50:18,19.99,15.1
bcf8ce1cea8935dbbf537c9caf248f46,1,f86faff2fff9d021e363dc81bfd16930,da8622b14eb17ae2831f4ac5b9dab84a,2017-09-06 02:45:01,34.9,12.69
bd1d2815016a0d22c926101c1c99d140,1,a92930c327948861c015c919a0bcb4a8,6560211a19b47992c3666cc44a7e94c0,2017-08-31 02:16:19,78.0,16.99
bd250808f4d75fb0d98087a8559e2a03,1,7fab1a1472fdd934397068931f63f3ca,3d871de0142ce09b7081e2b9d1733cb1,2017-08-08 18:55:19,69.9,15.24
bd396d4cd7a0507db99110954a0d9173,1,1de74e63d630007567726953a4eb2b36,a49928bcdf77c55c6d6e05e09a9b4ca5,2017-09-01 18:15:14,79.9,13.58
bd5606a905192a45bc5f0b75a4e66c30,1,413487e44799807551e6b3f305ec1593,e26901d5ab434ce92fd9b5c256820a4e,2017-09-04 04:51:07,89.9,15.38
bd5c96897aa0d348c89df8ebc8f13c3d,1,45a15b38cc3c0514717a1de673c6193c,99eaacc9e6046db1c82b163c5f84869f,2017-08-21 17:35:20,104.9,15.48
bd5c96897aa0d348c89df8ebc8f13c3d,2,45a15b38cc3c0514717a1de673c6193c,99eaacc9e6046db1c82b163c5f84869f,2017-08-21 17:35:20,104.9,15.48
bd5d52497dd09bba18a9c06890c2e2c5,1,11fd9d7ba552e1d28872e008acf1e050,cb8bcce248bb1fb274ba762d8b971456,2017-08-10 23:20:09,139.9,34.78
bd6437320f40bcdf9ea4b0e63bf00a8e,1,b1acb7e8152c90c9619897753a75c973,cc419e0650a3c5ba77189a1882b7556a,2017-08-28 17:30:18,34.99,15.79
bd653591a61bb3875b4f0f890696a61f,1,f731f8587d4088c174397e010cf892a9,cc419e0650a3c5ba77189a1882b7556a,2017-09-06 18:25:08,56.99,15.15
bd7a44c3216be67318d6776fa920703d,1,493d26747843694010877d8e73ef335f,3be634553519fb6536a03e1358e9fdc7,2017-08-24 16:45:11,52.65,8.72
bd926618e549292e1aedabc96e833117,1,389d119b48cf3043d311335e499d9c6b,1f50f920176fa81dab994f9023523100,2017-08-24 20:55:24,59.9,17.67
bda0a601b915e77d4f2d40c927fdc931,1,95d9994fadaf3720792cb0f1db17f782,0d85bbda9889ce1f7e63778d24f346eb,2017-08-31 12:45:00,58.9,17.98
bdbdfbdaa06c3a19dbea7cdf75c17929,1,46b173c179c7e6904a5728959bee5b3a,7299e27ed73d2ad986de7f7c77d919fa,2017-08-16 23:50:12,160.0,14.14
bdc19e734eab622dbbd2162a226278de,1,1a0e58ba2d1b44924d3d7184ae40e575,59b22a78efb79a4797979612b885db36,2017-09-06 15:35:15,69.0,16.24
bdc50bb13e6d041fb5d868ec076072b6,1,f03859e4cc21018569f5ae7a03897ff4,7299e27ed73d2ad986de7f7c77d919fa,2017-09-08 02:15:14,49.99,15.1
bdf1a8a61e37e025dea2c5ef9fd2614d,1,f35927953ed82e19d06ad3aac2f06353,669ae81880e08f269a64487cfb287169,2017-08-21 03:25:19,115.0,15.56
be04ca2f1365ded8bb52c193a32e33e5,1,46f739c1cd676603026c0af4d29ef7a5,198c7ea11960a9844b544d9bcdca860c,2017-08-28 22:35:15,139.99,23.85
be06d9f698d7e74899f4cf223ae62995,1,b5f0795bc072a1875f2c0fe85524b207,8f2ce03f928b567e3d56181ae20ae952,2017-08-11 11:45:24,99.9,13.25
be09db52db4a7ecc5721c0354ae9a35a,1,154e7e31ebfa092203795c972e5804a6,cc419e0650a3c5ba77189a1882b7556a,2017-08-15 03:03:29,19.99,11.85
be18a0f2c441f267ba796a97930c98c8,1,f175811ea0e0a865f56125dfbb04a8a6,7a67c85e85bb2ce8582c35f2203ad736,2017-08-15 09:43:48,69.99,16.74
be3447fe3a05a18c778da31eed242c6f,1,2b4609f8948be18874494203496bc318,cc419e0650a3c5ba77189a1882b7556a,2017-08-31 02:51:07,89.99,15.38
be3c8bb29cd71c677715c8c0a8cf44bf,1,2083a6feb4bbb31f6abc92fc24e468c0,cc419e0650a3c5ba77189a1882b7556a,2017-09-04 15:45:38,7.0,15.1
be46df5b75c8aa56a4c1ac18cf4429ba,1,f009b1fd2d0278e72174b86019655f28,4a3ca9315b744ce9f8e9374361493884,2017-08-10 15:30:22,249.0,16.49
be4c0eb384232a183463d7d7604842d3,1,7fab1a1472fdd934397068931f63f3ca,3d871de0142ce09b7081e2b9d1733cb1,2017-09-06 13:25:46,69.9,15.24
be62a7e48d2d0a10e3ce4d03e737843c,1,78108fe8e4d5ccfe8ed10f92f7d73c2a,77530e9772f57a62c906e1c21538ab82,2017-08-24 15:45:13,299.0,21.58
be6b5138c0b61238bd36565d70a864e6,1,e282624d8c82e04983f125e167eb4521,2138ccb85b11a4ec1e37afbd1c8eda1f,2017-08-16 07:55:18,18.99,7.78
be8dd568bb33659eca3befdac440c39b,1,dd66beca916c169c2a77e40ae2858623,4a3ca9315b744ce9f8e9374361493884,2017-08-31 11:35:17,220.0,22.03
bea8e045e01a9594d652427ef4ae7236,1,5f88f5e2b16a63a297be961b7f4f2e68,6edacfd9f9074789dad6d62ba7950b9c,2017-09-06 02:50:45,89.9,16.39
beae8ee9872c468af6923d5d4e0ad6d8,1,ed6905f4a4a9728bc20da105c7099120,7901646fdd36a55f564ffaf2dbccaaf7,2017-09-06 17:05:39,465.52,18.33
beae8ee9872c468af6923d5d4e0ad6d8,2,ed6905f4a4a9728bc20da105c7099120,7901646fdd36a55f564ffaf2dbccaaf7,2017-09-06 17:05:39,465.52,18.33
beb460eb01804a14aaee60f14c3247b5,1,7c1bd920dbdf22470b68bde975dd3ccf,cc419e0650a3c5ba77189a1882b7556a,2017-08-20 23:25:12,58.99,17.66
bebb91d877e74fcb3c9b0cf03d7f6e4e,1,f158c89259d05ad3364be59f73e753c3,ce27a3cc3c8cc1ea79d11e561e9bebb6,2017-08-11 02:15:13,38.9,16.11
bec5a824282dde8cdfe6aaf6b6525a6c,1,235458528f907463ec55ebb1e16b69f0,dbc22125167c298ef99da25668e1011f,2017-08-29 02:50:38,45.9,16.11
bece5e930ddaed72094b5818d4e1e0bc,1,58498763fb69f0f0bd09bad43b2ee3f4,bacb1f0ed56ad24198f5810d2b3fe9a5,2017-08-21 17:26:12,158.9,43.52
bee5bc36d798e3675faa04ac679620dc,1,dc881ef926ca402063ea142afc83874c,7aa4334be125fcdd2ba64b3180029f14,2017-08-27 22:55:16,89.99,17.88
beeee30f17612200615fd1ce39b41a43,1,2b4609f8948be18874494203496bc318,cc419e0650a3c5ba77189a1882b7556a,2017-08-24 22:44:42,89.99,7.88
bef626fc782c8b4f824510ddf2e335ac,1,5e544127b9716110dc0cf017218896c2,a416b6a846a11724393025641d4edd5e,2017-08-13 23:03:16,56.29,17.64
beffe64d2172f01e39f8c776eb5862b0,1,ac6c3623068f30de03045865e4e10089,df560393f3a51e74553ab94004ba5c87,2017-09-04 14:55:40,199.9,30.44
bf04b0c11f0a840b83b25819a1a8d98d,1,7fab1a1472fdd934397068931f63f3ca,3d871de0142ce09b7081e2b9d1733cb1,2017-08-31 03:05:17,69.9,11.99
bf210c81ef1a94cbfb1bd7b2767a0cdb,1,5ffa5bcfb017e836862c86ec3fbf9045,1da3aeb70d7989d1e6d9b0e887f97c23,2017-08-24 18:24:26,49.99,11.85
bf2e7a6b9cf62bcc5d4276e1fa90f9bc,1,ed29a27280733170d8ccb00691f743db,50c9975695009e5e6473912e83a6d1da,2017-08-24 13:15:25,22.5,31.1
bf2e7a6b9cf62bcc5d4276e1fa90f9bc,2,ed29a27280733170d8ccb00691f743db,50c9975695009e5e6473912e83a6d1da,2017-08-24 13:15:25,22.5,31.1
bf30a3536883051dca847b3f007a9963,1,d9d319caa9e0b2993d581f53f036ba72,218d46b86c1881d022bce9c68a7d4b15,2017-08-15 10:05:42,97.0,12.18
bf32f1e78a79a95adafb71c5c8af47dc,1,dc751b73cf0f6958dc9c7cabb1a38902,f8db351d8c4c4c22c6835c19a46f01b0,2017-08-14 21:55:11,50.9,13.38
bf336f3e46fa42ff45394bd91b962885,1,822c9ab05e9b8114704a5b2cd8639585,a888faf2d1baececa6baf9c3d603ee1f,2017-08-24 12:24:37,259.9,45.67
bf3430165136d2c023b361cdc0be0a6b,1,15859e3a8aaa3c192c10a91d8722abd5,e5a38146df062edaf55c38afa99e42dc,2017-08-31 16:30:18,314.97,18.45
bf3b217e5505e5e9d746120dbb93b562,1,ec02a5d380128f7a188e9ce8f3ddd832,48436dade18ac8b2bce089ec2a041202,2017-08-30 07:25:13,132.9,18.18
bf4ae44e185ffb9292decb1905392f57,1,b8dc4867c94b411e2b801a7ec790a4d2,8e6cc767478edae941d9bd9eb778d77a,2017-08-08 22:10:19,16.46,19.59
bf61fe4ac0f160dc7067f5d0eb8e3bdb,1,1a300f482e35d7eac74b229be067aefd,e9d99831abad74458942f21e16f33f92,2017-09-03 22:50:15,19.99,8.72
bf61fe4ac0f160dc7067f5d0eb8e3bdb,2,1a300f482e35d7eac74b229be067aefd,e9d99831abad74458942f21e16f33f92,2017-09-03 22:50:15,19.99,8.72
bf6382f94979a0be448a705ce5d3a974,1,efe7792157864135b3a535fcfc5448f1,b2ba3715d723d245138f291a6fe42594,2017-09-05 21:30:12,114.9,17.05
bf63e72c6c17fc3204c0124ce16426d1,1,30ccf4724f5227265f837e9ba0246278,dbc22125167c298ef99da25668e1011f,2017-08-09 03:05:49,84.9,14.32
bf669cf99f5b8f537e2d2b89d716ce0f,1,a237de12bdf0bfe4fe220bae65a89731,6c7d50c24b3ccd2fd83b44d8bb34e073,2017-08-23 02:55:20,37.5,17.6
bf6b6ca366554e505b129b759520e852,1,e1a698b55be47318e6d178c57bf5370f,85d9eb9ddc5d00ca9336a2219c97bb13,2017-09-15 04:50:18,31.9,16.79
bf6fa06aa0249987dc5bf7c457f1d556,1,f9d151cf2fc10d41cce64b782856320f,e9d99831abad74458942f21e16f33f92,2017-08-27 21:06:13,19.74,11.85
bfb1d0f7664c36a532d74c4cf0da37af,1,9aedf557945e816d48539ee56293f860,53243585a1d6dc2643021fd1853d8905,2017-09-08 17:25:22,1200.0,40.85
bfb369fd1877d8e3192f79562eacb5e8,1,07b90e3c7e287977b2e8cd54a98ddb89,48162d548f5b1b11b9d29d1e01f75a61,2017-08-10 16:10:20,20.9,11.85
bfcf79aaae774aa4030a0d2e2046c525,1,c982dbea53b864f4d27c1d36f14b6053,1caf283236cd69af44cbc09a0a1e7d32,2017-08-16 14:04:02,31.99,16.11
bfdf4bee2bbeba55c7055d95d79f4304,1,475e8a9ddbebf13af503d1c7eccadb1a,f8db351d8c4c4c22c6835c19a46f01b0,2017-08-21 16:35:26,135.9,25.79
bff9bf477ce043ff4e51e929fece6d55,1,176120d3ee50ae4945932ce1c6a70f34,6edacfd9f9074789dad6d62ba7950b9c,2017-08-30 09:55:19,46.9,17.15
bff9bf477ce043ff4e51e929fece6d55,2,fe0be6df56c891975ff729be49fd2e17,6edacfd9f9074789dad6d62ba7950b9c,2017-08-30 09:55:19,44.9,13.04
c003c1face3c31cba0af4ab5314f3332,1,dedb5adefe63796ce6edd624d0ebd8a8,70ee69419916dc13e3aed619061f996c,2017-08-18 11:05:09,45.0,8.72
c006305482586b6a11eb69c6aacfe5e7,1,39397cf4e7567e4360d1cdef4e29744c,cca3071e3e9bb7d12640c9fbe2301306,2017-08-31 17:15:17,96.36,21.53
c006305482586b6a11eb69c6aacfe5e7,2,29fd9022374ff3fef2e8f82c39b4133e,4a3ca9315b744ce9f8e9374361493884,2017-08-31 17:15:17,69.9,4.31
c030404e3a79412c88d5c331fc95ba20,1,d3c044bd42d84a79e3b0c42662806a48,4c2b230173bb36f9b240f2b8ac11786e,2017-08-24 14:15:10,25.9,7.78
c030404e3a79412c88d5c331fc95ba20,2,d3c044bd42d84a79e3b0c42662806a48,4c2b230173bb36f9b240f2b8ac11786e,2017-08-24 14:15:10,25.9,7.78
c04ff98143834be2e7887ce62c49af9d,1,4a3b0111d9c112251e4732b44d1d118b,3a734b715d333a2588a3d54a0c9b8746,2017-08-24 20:05:06,110.0,12.27
c05f96437381637362bc32cb1b54d71f,1,bef82b9c3489736794c29f6d4a686ca6,9646c3513289980f17226a2fc4720dbd,2017-08-11 02:30:46,36.9,15.1
c09f685555931b025464e237b3ce06e4,1,da857fc20bb0eb099a186790add9b298,4a3ca9315b744ce9f8e9374361493884,2017-09-05 02:16:03,159.9,12.62
c0abd38f3c86c3d4996c94bcf99df796,1,bc4cd4da98dd128c39bf0b8c2674032f,53243585a1d6dc2643021fd1853d8905,2017-09-05 09:35:13,1200.0,32.85
c0ac92509aa6420f0f3d6f78748793e1,1,ecf60cb41ee36163755ee427f85ef680,1b8356dabde1d35e17cef975c3f82730,2017-08-28 00:50:17,18.99,15.1
c0bfe4e5019c615b222f764dc9c20f51,1,a7bcee285291a97650b40fa9fa888e4e,4d6d651bd7684af3fffabd5f08d12e5a,2017-08-31 19:35:27,59.9,11.92
c0c3e3561d570a706345bbd04b42de8e,1,154e7e31ebfa092203795c972e5804a6,cc419e0650a3c5ba77189a1882b7556a,2017-09-13 02:25:33,23.99,11.85
c0e656a46d86c1957d0784b00f9a7241,1,35bc6c77029697004675d3a2ce505916,897060da8b9a21f655304d50fd935913,2017-08-29 02:46:50,155.0,12.59
c0e656a46d86c1957d0784b00f9a7241,2,35bc6c77029697004675d3a2ce505916,897060da8b9a21f655304d50fd935913,2017-08-29 02:46:50,155.0,12.59
c0e9dcdcd3862119d8650ae98410faff,1,59b47581b7ba51a62bf9c3dd4fef36fd,955fee9216a65b617aa5c0531780ce60,2017-09-05 22:15:13,120.0,8.1
c0f5eb23b8443f0945a621152bb6bd62,1,7fb04722aba7a2b632bac8f9819796f3,f3b80352b986ab4d1057a4b724be19d0,2017-08-22 00:04:19,79.0,17.8
c0fb1f0e7d72b79458a1e6a9b8165488,1,5c78cd7b50ea28c57bfe6cd09700dcb8,70a12e78e608ac31179aea7f8422044b,2017-09-01 08:55:21,149.0,15.79
c0fcb13f7eef29e181b9c7f1dc2f61d6,1,87cb507e0daa37bbf34956fd59eba832,6560211a19b47992c3666cc44a7e94c0,2017-08-20 21:15:15,29.0,7.78
c11e4b7ceb73050e960f5b9ff6b75a72,1,554fc36c06624912230e7355ab7be734,1127b7f2594683f2510f1c2c834a486b,2017-08-16 11:30:14,41.31,17.63
c12921c117b48d3bdcf10d1983d3b9e1,1,93d23871be3281f1b1ee4962ecfd791b,ce27a3cc3c8cc1ea79d11e561e9bebb6,2017-08-14 03:50:26,40.0,14.1
c12ae6679912cd8f6ef682d8d9f1fdd2,1,142edaf86e4eb5d0f928534667ab63f7,53e4c6e0f4312d4d2107a8c9cddf45cd,2017-08-31 15:05:36,45.99,13.37
c138ed76de074431ead0f918198673f3,1,f9eb3d4735a873ed48d15dea16183664,6338ea67c41078a46ad99cc009654956,2017-08-23 21:15:13,109.9,47.3
c1446140c078144be23c01e9858697b6,1,d017a2151d543a9885604dc62a3d9dcc,6560211a19b47992c3666cc44a7e94c0,2017-08-18 13:50:20,49.0,11.85
c1546d805c5e0a500643938cfeff117b,1,ffbe169d395060d7fb975c990581a329,5a8e7d5003a1f221f9e1d6e411de7c23,2017-08-24 09:35:13,39.9,15.11
c161b053af12f2e1a9562da2f4901b78,1,2b4609f8948be18874494203496bc318,cc419e0650a3c5ba77189a1882b7556a,2017-09-08 10:55:10,89.99,14.38
c163feacff02c34f3c3bcee4b6fe3552,1,bc4d8a403b121ef3965530900b4309b0,4a3ca9315b744ce9f8e9374361493884,2017-08-25 18:45:08,231.8,13.96
c180750dc2be09c0bc60d30320fba7f7,1,4cac1a12a6fe9ffba4a9556dbe582e28,7ddcbb64b5bc1ef36ca8c151f6ec77df,2017-09-04 22:45:38,25.99,11.85
c184e6099cefcb115ecad127cf774705,1,f1c7f353075ce59d8a6f3cf58f419c9c,37be5a7c751166fbc5f8ccba4119e043,2017-08-18 10:44:00,200.0,24.78
c1b6e4f2ff6555773a6764c3a3286101,1,a0f73bcb4e1fcfb056cfdc6ca7222249,7d76b645482be4a332374e8223836592,2017-08-22 20:30:22,28.99,11.85
c255d417bffb18b3c55955e368d2da81,1,6bb81626d06fafb4d7eab61ac9ed70c6,c161d1327ebc3a156c09582ab2f59f6c,2017-08-10 14:05:26,22.0,7.78
c2628077fa4edd2ebee4f13e2f58368c,1,4a3b0111d9c112251e4732b44d1d118b,3a734b715d333a2588a3d54a0c9b8746,2017-09-05 16:55:16,110.0,14.52
c264a40f0928de690a343e0f86c8e320,1,08574b074924071f4e201e151b152b4e,001cca7ae9ae17fb1caed9dfb1094831,2017-08-07 16:08:43,89.0,37.92
c27185a2e9d628b1626fcff8538c876d,1,99d48e31cb95ab20a319faea37066bf0,916c9de0b5ad957346eeeb12f332687e,2017-08-17 19:30:20,255.0,26.82
c27941f0a7135ca5f13f3c07ea6b1d28,1,c7db7a06c8b856703729c5f1b2a29378,75fbb52eda0cbc24f479d3b2fbfa8d3e,2017-08-14 04:31:52,16.9,17.63
c284a43b72cd107402733c5bfe5678bf,1,a7caf970fe61b23afec3d2d0ba545eb8,70a12e78e608ac31179aea7f8422044b,2017-08-25 19:33:39,150.0,13.39
c29a7cc498263621590164d96d2953aa,1,b9ee7519d0187d2389af62ba6c612963,78c99c6dff4eeae5be99bf635ed21e3f,2017-08-18 13:55:10,69.9,9.8
c29a7cc498263621590164d96d2953aa,2,1649a221a63658447144a466b159b101,78c99c6dff4eeae5be99bf635ed21e3f,2017-08-18 13:55:10,59.9,24.12
c2a4a8b4f1957c5d03b3ffb311d90c14,1,8bd777f5db44c740f895dfc67733168d,54a1852d1b8f10312c55e906355666ee,2017-08-07 20:27:29,74.99,12.23
c2f824d0d682afdbc47d03ee761da916,1,eace264775d7cb8c0ec565d7746f661c,dd2bdf855a9172734fbc3744021ae9b9,2017-08-25 13:25:15,39.9,14.1
c303d8cc27dfd5c2ff42a652eb5a5e21,1,989caa6177866c67ca1935b442479111,a35ef466c6fd6d052f5d241240d3c5e2,2017-08-21 00:05:17,395.0,36.57
c3045d518b2aca558afda924bec62be2,1,5804729aafca1ebee7b26895d830586e,d94a40fd42351c259927028d163af842,2017-08-24 21:05:18,139.0,23.84
c30c32ccb820fc222d87bc0ea8b6eac3,1,38c56c5c5b16958d95bf8254498ad555,fa1c13f2614d7b5c4749cbc52fecda94,2017-08-14 02:03:42,799.0,21.35
c38c4d91635ffe5f51811ff2d04a75ea,1,0bcc3eeca39e1064258aa1e932269894,1f50f920176fa81dab994f9023523100,2017-08-22 17:04:30,59.9,17.67
c391d14cd15fc8e3e71ef9dd58fdb6c3,1,9ab61676eb915c81c3c893adca21364c,dc4a0fc896dc34b0d5bfec8438291c80,2017-08-27 22:30:23,83.36,16.34
c39fdd3fcd0af98b287d3c9732a7eb38,1,154e7e31ebfa092203795c972e5804a6,cc419e0650a3c5ba77189a1882b7556a,2017-09-11 11:55:09,23.99,14.1
c3d24172aec3f97cadcdc629a7357555,1,d1ff1a1223a2739d17005c9f4c4a40b6,3d871de0142ce09b7081e2b9d1733cb1,2017-09-05 15:44:38,100.0,19.94
c3dbc724471dca9ff3515615f8b15f02,1,b7ebdc826d0220dc16c813b9682d63dd,8cbac7e12637ed9cffa18c7875207478,2017-08-07 15:03:40,86.4,21.09
c3e3277d66bf2f2038ae5a5ec155cb5f,1,3c8a9bd8e4b9ba22a468ffc658c71786,4a3ca9315b744ce9f8e9374361493884,2017-08-10 11:05:14,53.5,16.81
c3e544a509d5603803d4f6eaedcaf0b8,1,d321d5e90b24cba895f0564fc3e15a84,aafe36600ce604f205b86b5084d3d767,2017-08-11 18:50:19,59.9,15.18
c3ede21d18f8a162209aa5c1eecb0385,1,7be620cd314ce6460033ba9017be7a7f,7aa4334be125fcdd2ba64b3180029f14,2017-08-24 02:25:45,48.5,17.6
c3f3950db40a5207ec136f8541fa9597,1,de000da759e4738d00a6fae5ecddee66,17e34d8224d27a541263c4c64b11a56b,2017-08-31 08:10:17,141.31,12.49
c3fc89d773d2d00c4c1222bb9590ddb7,1,12ae2f8641058da5952d2eedfde9d018,53e4c6e0f4312d4d2107a8c9cddf45cd,2017-09-05 17:55:18,52.99,26.52
c3fc89d773d2d00c4c1222bb9590ddb7,2,8b41e0e27cc6de15e59de3853fcf51ce,e8f6dc8e6a1dcde89d20e3995c8d90b3,2017-09-05 17:55:18,54.9,8.48
c40a16cd4a407b063160e518ca11f9d8,1,88dd63919fc9ab693803578a04a20209,7ddcbb64b5bc1ef36ca8c151f6ec77df,2017-08-24 02:15:11,34.99,15.1
c40c104dd1bde11aba73864c16a42f21,1,bc4cd4da98dd128c39bf0b8c2674032f,53243585a1d6dc2643021fd1853d8905,2017-09-04 13:45:13,1200.0,32.85
c42e30b51c34dbcb30e27a10e1ab33bd,1,c6dd917a0be2a704582055949915ab32,7a67c85e85bb2ce8582c35f2203ad736,2017-09-01 08:55:25,99.99,16.95
c43065765ea0096d728066fe48cc6249,1,8fc237f3709cf31cbe92dca0083b5681,7178f9f4dd81dcef02f62acdf8151e01,2017-08-15 18:05:26,74.9,15.27
c43c91fe57ac92074a304238da74a136,1,4cac1a12a6fe9ffba4a9556dbe582e28,7ddcbb64b5bc1ef36ca8c151f6ec77df,2017-08-10 22:23:30,25.99,16.79
c4698f7e3bbd4dbe7f3f7050029a5bca,1,2c71438371b35f7ce3c2511d6b0927e7,6560211a19b47992c3666cc44a7e94c0,2017-08-23 15:50:11,29.0,11.85
c4e337a93ed5684e96de89aec8e02625,1,183770fe75350bbf19c623927e1c0f72,0be8ff43f22e456b4e0371b2245e4d01,2017-08-16 22:35:20,19.9,17.63
c50c2e8e1b1c816c419c308b30e0420c,1,b56d02094e37315ad2f6fdf09991cac4,391fc6631aebcf3004804e51b40bcf1e,2017-08-14 17:00:11,646.2,28.83
c52137e846f3510e2bd54dfb76a006aa,1,24cdea192c5e345910d4fda8580576bd,87142160b41353c4e5fca2360caf6f92,2017-08-22 03:30:09,119.9,27.38
c524fe5cd8733dbcc2f74bed5a1ded68,1,20f160a9cf2e856ee5eba259e9ae33f9,fe2032dab1a61af8794248c8196565c9,2017-08-14 17:24:11,214.0,10.31
c52d67553f681ea84724bf36d9fb13c8,1,7fd9bccf4c66729e3f5bd94f542de136,c3867b4666c7d76867627c2f7fb22e21,2017-09-01 01:05:11,645.0,19.26
c5496f84549a814974881b9f211c66f0,1,461f43be3bdf8844e65b62d9ac2c7a5a,4869f7a5dfa277a7dca6462dcf3b52b2,2017-09-04 12:35:19,169.9,12.69
c54ebaa4a93a3de78a932ba2ce323f68,1,2b4609f8948be18874494203496bc318,cc419e0650a3c5ba77189a1882b7556a,2017-08-29 09:45:22,89.99,15.38
c56e8d085e3e718d31e0420e0a05a5e6,1,ea44caac707f7f1325182a538007f838,855668e0971d4dfd7bef1b6a4133b41b,2017-08-25 00:15:09,50.0,11.73
c57cf7b41f793c7c74b7e51f236eb57f,1,d189fbf8b5d79a670cebcaaad68d77b2,0d85bbda9889ce1f7e63778d24f346eb,2017-08-21 03:50:22,59.9,18.04
c57d7d22a7690624506951c783f2a588,1,6b61c9889ff5ea54a786b54fff36251f,8fdca8e349553f99bc738833a62c8802,2017-08-14 09:15:10,17.5,14.1
c57d7d22a7690624506951c783f2a588,2,6b61c9889ff5ea54a786b54fff36251f,8fdca8e349553f99bc738833a62c8802,2017-08-14 09:15:10,17.5,14.1
c586249094ad18825980782ff1b7d730,1,6b8d627bee6d96ddc7a0aa203ba07016,53243585a1d6dc2643021fd1853d8905,2017-09-06 13:04:32,174.0,13.47
c5ab3856ffd5ca3db23754e60db70cf2,1,f264c1d9b20b5e4a340254d0405e613b,7a67c85e85bb2ce8582c35f2203ad736,2017-08-21 18:55:15,69.99,11.73
c5bb8cf75ccd20ee373200ab31628770,1,99a4788cb24856965c36a24e339b6058,4a3ca9315b744ce9f8e9374361493884,2017-08-24 18:10:21,89.9,17.88
c5d4823acfd714b139d9a100c0234122,1,d065729477709c73459cad1d32cf311f,4a3ca9315b744ce9f8e9374361493884,2017-08-10 12:50:14,72.5,12.01
c5ed4f8b9ee1ac3e8f7711fbe0df3541,1,a6b56b20f93907299eef6ea711338269,729f06993dac8e860d4f02d7088ca48a,2017-08-07 18:50:20,144.9,14.41
c5ed4f8b9ee1ac3e8f7711fbe0df3541,2,3bbacbe586e957acbf26c63b3ed532a3,729f06993dac8e860d4f02d7088ca48a,2017-08-07 18:50:20,144.9,14.41
c5f2fc1736e716e61d88a8b5b6425603,1,41817d1d44000e3105f24470a5224bcb,218d46b86c1881d022bce9c68a7d4b15,2017-08-10 19:20:05,128.0,18.15
c5f424c38dfa71a2340c9a98e4d6f48d,1,08208bc1d6a06c114cb662f3b2c95e05,b2a6d334e2833acea353624840e25a0e,2017-08-27 21:45:42,8.9,15.79
c604ad5f1e0d0bcf9977cf46d1d72303,1,63151b33c46a1f0619697a4e7ca198c3,7d76b645482be4a332374e8223836592,2017-08-16 11:30:20,16.9,14.1
c60c72999352a677e983f9456d5cb869,1,7fab1a1472fdd934397068931f63f3ca,3d871de0142ce09b7081e2b9d1733cb1,2017-08-22 18:50:16,69.9,15.24
c626db29ab3699e67c95a88bb63aa471,1,183c95ad186f48c320bbac4643829d3f,cab85505710c7cb9b720bceb52b01cee,2017-08-24 09:45:15,49.9,7.78
c66985d27ca5899e6058749d3432daf4,1,3d3cd6379eb6ac4e8e617574a1d0d145,dc4a0fc896dc34b0d5bfec8438291c80,2017-08-16 03:50:12,59.9,11.92
c66cf9c88601c897e706cabe3459bd0a,1,06f0e85c7892d5df893f332706340af1,3d871de0142ce09b7081e2b9d1733cb1,2017-08-25 20:30:22,179.0,13.64
c66cf9c88601c897e706cabe3459bd0a,2,fcaab5d7f656094e49fbe4ee3a506658,3d871de0142ce09b7081e2b9d1733cb1,2017-08-25 20:30:22,95.0,13.64
c679e1baef76a7cf123dc697fe11c7ad,1,99a4788cb24856965c36a24e339b6058,4a3ca9315b744ce9f8e9374361493884,2017-08-23 21:04:26,89.9,17.88
c68531b87a0e5baf9b8f526ec20d04e5,1,a6dc9ab5ad94c307903acdc50a106a5c,7a241947449cc45dbfda4f9d0798d9d0,2017-08-17 20:10:09,109.0,29.16
c69100676baa7e0edfa0e2ce74d034b7,1,ac25e2fbad9f60979fc3bfeda708178b,17e34d8224d27a541263c4c64b11a56b,2017-08-24 10:15:12,43.62,15.1
c6a9e39db5f61068d017ee903b277478,1,2b4609f8948be18874494203496bc318,cc419e0650a3c5ba77189a1882b7556a,2017-08-17 10:35:13,89.99,12.13
c6b196c8ebc671076bea1b0a7436d63a,1,d5991653e037ccb7af6ed7d94246b249,25c5c91f63607446a97b143d2d535d31,2017-08-16 03:23:56,144.97,12.97
c6b27f6c73ec84ade249e9dd5bb6d456,1,0e34187d4312b97b5e698836d28ed040,a420f60ff1aa9acc80d0e42959f2b313,2017-09-12 01:30:17,199.0,9.59
c6d3e5adeb9ccf5e0d490834e0b24271,1,ccd686475dbff77b93871eae4754526b,bacb1f0ed56ad24198f5810d2b3fe9a5,2017-08-17 10:55:18,163.8,16.78
c6d61340bd8baeedca7cc8e7f7ec07e9,1,af0a917aec9cea3b353ece61a8825326,da8622b14eb17ae2831f4ac5b9dab84a,2017-08-23 19:55:22,89.9,10.31
c6d61340bd8baeedca7cc8e7f7ec07e9,2,9e572ff4654f7064419d97a891a8b0fc,da8622b14eb17ae2831f4ac5b9dab84a,2017-08-23 19:55:22,139.9,17.33
c6d756e17863979439aee2e5e7a74ed6,1,5d7c23067ed3fc8c6e699b9373d5890b,6560211a19b47992c3666cc44a7e94c0,2017-08-23 21:45:16,49.0,14.1
c6df20907b36a49402c4665cd5a0ce8e,1,d41a23bd2bc3ec10cfffc66c0611a290,391fc6631aebcf3004804e51b40bcf1e,2017-08-10 12:03:10,24.9,35.67
c6ee16bc69a830e4c2e978c559071137,1,9d99a79d596f4a054c7ace6068b446a7,4917cee8d902e13428c3ec4b1ca6f315,2017-08-24 15:04:18,154.0,27.4
c6f76eab23a24f9d7c56f217debbdb65,1,b0961721fd839e9982420e807758a2a6,1f50f920176fa81dab994f9023523100,2017-08-08 06:25:10,59.9,17.67
c7242d2d9708ff29c884e7ce4faf6e19,1,b353757638aa1d936e2e3b3940dc695b,b2eecf5ea250510da76590ca79d60e5d,2017-08-22 18:10:22,50.0,8.72
c7536eb5732f2d108709a935a97da95b,1,8f6c8ef57595ed8bc0a6d716e38dff95,f45122a9ab94eb4f3f8953578bc0c560,2017-08-09 15:45:31,155.99,16.85
c773cc960c0785e8154541eac3091b29,1,d2d6efda8da17405c017f910e61d8bbe,4e922959ae960d389249c378d1c939f5,2017-08-24 14:15:20,130.0,29.31
c77ab6252aa05bf818cb8b39d4879b21,1,cb6c1c21ebc9c153a7baf319c515657a,85d9eb9ddc5d00ca9336a2219c97bb13,2017-08-31 03:04:19,31.9,15.1
c77d22c73940d5b180371f024df0a132,1,c95e9ae597964b2c2e37ed5c5fc378fc,e9bc59e7b60fc3063eb2290deda4cced,2017-08-22 03:10:19,199.9,17.16
c78a9ca51dc25c50d163f52920071378,1,4d9e8a6d8d07e4f47e093b8c2999ae01,e9d99831abad74458942f21e16f33f92,2017-08-10 12:03:03,38.99,14.1
c7b452fdceffb8aff6cfead40826895d,1,785c2986ce8232a718aaad761ac2a321,e333046ce6517bd8bb510291d44f0130,2017-09-01 19:50:17,197.0,18.63
c7c3a00f3958f5ce595a95a1a98672fa,1,f646af315b0f3a597f69213537ca2199,3df020b72d3d44b3af9d110fa3940b65,2017-08-10 15:55:17,49.9,12.69
c7c5b66918c24322e797d5dc87caebd1,1,e338f548cda0b52650b9acfd317a74db,cab85505710c7cb9b720bceb52b01cee,2017-08-08 19:35:14,54.9,7.78
c7c5cb848cb25afc53c7a8d2527a9ad0,1,9f65cd1fc2c7cf6ad8bc3d8c038abe44,7178f9f4dd81dcef02f62acdf8151e01,2017-09-12 23:25:43,84.9,17.03
c7da3693b9936c359eb9d60640dbb967,1,a8e35f118bd7f9b1d38fc786b555d210,dc8798cbf453b7e0f98745e396cc5616,2017-08-27 21:05:19,24.9,11.85
c7dd54b6015ecbd1bb94612862927514,1,fdc86b2fc0a185e4044ef057bb75a977,70a12e78e608ac31179aea7f8422044b,2017-08-16 08:05:15,76.0,15.28
c80454d8f4c7472827a5b2ec53cf85e5,1,193d170dd2f6849cf0cb92791a6a623b,180c3376aff0e43dd5788709df48a843,2017-08-17 02:55:08,44.0,11.85
c80454d8f4c7472827a5b2ec53cf85e5,2,193d170dd2f6849cf0cb92791a6a623b,180c3376aff0e43dd5788709df48a843,2017-08-17 02:55:08,44.0,11.85
c80454d8f4c7472827a5b2ec53cf85e5,3,193d170dd2f6849cf0cb92791a6a623b,180c3376aff0e43dd5788709df48a843,2017-08-17 02:55:08,44.0,11.85
c80454d8f4c7472827a5b2ec53cf85e5,4,193d170dd2f6849cf0cb92791a6a623b,180c3376aff0e43dd5788709df48a843,2017-08-17 02:55:08,44.0,11.85
c80454d8f4c7472827a5b2ec53cf85e5,5,193d170dd2f6849cf0cb92791a6a623b,180c3376aff0e43dd5788709df48a843,2017-08-17 02:55:08,44.0,11.85
c80454d8f4c7472827a5b2ec53cf85e5,6,193d170dd2f6849cf0cb92791a6a623b,180c3376aff0e43dd5788709df48a843,2017-08-17 02:55:08,44.0,11.85
c806951ed2556522be8fbace2f4d36cb,1,9abb00920aae319ef9eba674b7d2e6ff,1771297ac436903d1dd6b0e9279aa505,2017-08-07 19:10:19,35.39,14.1
c819d9ce6576bb453e886c2e95aa5697,1,5183344b5357029cfd88c7f511ed876d,7178f9f4dd81dcef02f62acdf8151e01,2017-08-28 18:05:46,1999.0,66.35
c81ac01b43070a78c7039041dd0578af,1,776ef0ee36e20757c513e64903f1fa8a,70a12e78e608ac31179aea7f8422044b,2017-08-07 22:55:13,98.0,16.45
c830cc216aadfbfc979193cf372cae2d,1,d3c044bd42d84a79e3b0c42662806a48,4c2b230173bb36f9b240f2b8ac11786e,2017-08-15 15:15:09,25.9,11.85
c830cc216aadfbfc979193cf372cae2d,2,d3c044bd42d84a79e3b0c42662806a48,4c2b230173bb36f9b240f2b8ac11786e,2017-08-15 15:15:09,25.9,11.85
c8584f2a0bdbf0ac38e859a8f7744039,1,e2bb00220a167d9e60b6776ac33717bc,6560211a19b47992c3666cc44a7e94c0,2017-09-04 08:35:09,56.0,15.14
c870ed0988202f0b857a393392831d06,1,462a59e8ce95b0cb4df207fce782648c,57fe6232e67823593374a2281d7a8af8,2017-08-28 11:50:47,27.92,9.94
c8cc23611bfe9e76b408c3a89ae933df,1,982399060e81855f21f31f1102cbc1aa,b4ffb71f0cb1b1c3d63fad021ecf93e1,2017-08-29 13:55:13,34.0,14.1
c8d183fd253fd4e32482601ba1e36e27,1,c6ea63369936552872ae890c82175b4b,37be5a7c751166fbc5f8ccba4119e043,2017-08-21 09:23:32,205.0,28.81
c8d402ad1a675e158653f4e470c7d42c,1,601a360bd2a916ecef0e88de72a6531a,7a67c85e85bb2ce8582c35f2203ad736,2017-08-29 16:47:28,107.99,18.01
c90a73b5ef059a234ef5d65c235ae154,1,7c1bd920dbdf22470b68bde975dd3ccf,cc419e0650a3c5ba77189a1882b7556a,2017-08-09 18:36:15,58.99,18.65
c9155925aa573a017151d593ee25f976,1,3ef787b4af18c9a34154a46928b09b24,b4ffb71f0cb1b1c3d63fad021ecf93e1,2017-09-04 02:15:24,17.48,15.1
c918c3225cd5d12cacf8c7e54e9444c5,1,0bb7cb61f1957f79dac582ab66ccdc1f,e26901d5ab434ce92fd9b5c256820a4e,2017-08-30 02:55:35,23.9,9.34
c9205528d5e1b823f414b4f15314c03f,1,ace1e48f1eaabcd539235e93e361133b,6edacfd9f9074789dad6d62ba7950b9c,2017-08-29 02:47:28,44.9,15.1
c92a96b2edf7f42ebf19837f97f6009b,1,9d7cee5f2a133c35af653eea7e1eb292,17e34d8224d27a541263c4c64b11a56b,2017-08-23 08:45:12,150.24,12.55
c92f1838de2ede8bad2e01c26d7a8ef6,1,78d9cee7386ff7a3fb916ee1c076a278,7142540dd4c91e2237acb7e911c4eba2,2017-08-09 21:03:20,59.9,13.44
c94517a93bb24f22495c95eb3f90adc5,1,06edb72f1e0c64b14c5b79353f7abea3,391fc6631aebcf3004804e51b40bcf1e,2017-08-22 17:30:10,45.95,15.1
c94517a93bb24f22495c95eb3f90adc5,2,06edb72f1e0c64b14c5b79353f7abea3,391fc6631aebcf3004804e51b40bcf1e,2017-08-22 17:30:10,45.95,15.1
c9658b7487e1dbbf57f82493f398ed15,1,a370599bb36b6aa53a8a4f428440f860,3d871de0142ce09b7081e2b9d1733cb1,2017-08-18 15:31:34,79.0,12.05
c96b35cd51435c8c1e70c89a5ad976b3,1,06ce9c3e61c7a07f872f8317a7dc534d,2089a6d640999f9b9141ac719b2af596,2017-08-31 22:50:23,92.0,12.14
c96bbfcef566c4118ee31d941a8619a5,1,a7c71ae3c8f9ee009eaf1bdcffa55012,b4ffb71f0cb1b1c3d63fad021ecf93e1,2017-08-09 22:30:18,43.0,7.78
c9732ac3b2d1e7666e024148430d70cf,1,c6976aecdc5f7b5964f18b71ebf12978,dbc22125167c298ef99da25668e1011f,2017-09-05 20:25:11,48.9,17.92
c99763ba8bcad2845131b6e9d2f203fc,1,3ba33cff9875e472a110e56e1db299bc,7bcd7c5f8631701474db233ccf1c094b,2017-09-04 18:04:34,39.0,15.11
c9b045114b2a561d952e2b7a3e7593b3,1,e90eaf827c96655742e955fd615026ca,a416b6a846a11724393025641d4edd5e,2017-08-24 14:15:21,244.0,17.96
c9ca2756f9123246e7feabce15ffac4b,1,f2886fbf788880954be8b4399aead7c8,87142160b41353c4e5fca2360caf6f92,2017-09-01 08:15:20,24.9,13.37
c9dac7423ceeeaf70c396a2879d06ec3,1,6c3effec7c8ddba466d4f03f982c7aa3,37515688008a7a40ac93e3b2e4ab203f,2017-08-07 13:05:12,19.9,11.85
c9e77b39e9de73578b21ef93a26f3905,1,a2f28e3d47bd6d7d334089ebebdd55e2,f45122a9ab94eb4f3f8953578bc0c560,2017-08-25 14:50:15,499.99,35.95
c9ef97d2854afe64a3b4488bc2836af6,1,436c8d57ff8d4aa254318e9bd9b48c83,48436dade18ac8b2bce089ec2a041202,2017-08-14 04:25:34,58.9,17.83
c9ef97d2854afe64a3b4488bc2836af6,2,4244733e06e7ecb4970a6e2683c13e61,48436dade18ac8b2bce089ec2a041202,2017-08-14 04:25:34,58.9,18.12
c9fb7a1e46a9fa7dc0b77b65935cde71,1,25f86162fee18735fffdb762dcb10d7c,1a3df491d1c4f1589fc2b934ada68bf2,2017-08-25 18:50:16,159.9,18.37
ca03bab92d64981b404602a7450b784c,1,9cfb95272c4cd1e98619d3bdea888a7c,7a67c85e85bb2ce8582c35f2203ad736,2017-08-17 16:43:51,199.99,18.65
ca2e903694060ebba7122c9c4c7087db,1,c857b96593773e940454e76efa8eabb3,cca3071e3e9bb7d12640c9fbe2301306,2017-08-21 14:30:15,51.92,12.7
ca3a17e05aaef4739aa16cc63be8a117,1,813a30050677eb6996e12eea9ad400bf,01fdefa7697d26ad920e9e0346d4bd1b,2017-08-07 23:45:07,439.0,33.41
ca46eb68fae2bde83aab2f0400cabf6c,1,59b47581b7ba51a62bf9c3dd4fef36fd,955fee9216a65b617aa5c0531780ce60,2017-08-24 14:25:20,120.0,8.1
ca621c614abfc6d64f4a093ade1249b9,1,df44d84f970884476b76a32ddf1ace55,dc4a0fc896dc34b0d5bfec8438291c80,2017-08-23 03:30:43,69.9,15.24
ca860fbc7c3132b89e9e134a00652215,1,f1c7f353075ce59d8a6f3cf58f419c9c,37be5a7c751166fbc5f8ccba4119e043,2017-09-06 04:25:55,195.0,0.0
ca86f28287cc70b03cbb6db9c80f5a84,1,4ac50dbde931c0a5ed8c33d3dc047351,2e1c9f22be269ef4643f826c9e650a52,2017-08-30 20:25:18,33.49,7.78
ca9a7d8232dd4979128fb7efc1666d69,1,aca2eb7d00ea1a7b8ebd4e68314663af,955fee9216a65b617aa5c0531780ce60,2017-08-11 16:05:47,75.0,20.02
caa157284ffa71411abb3f7b94102de5,1,7c1bd920dbdf22470b68bde975dd3ccf,cc419e0650a3c5ba77189a1882b7556a,2017-08-13 21:50:16,58.99,16.66
caaeb078c34b52b95c43a6b1390354e9,1,5f504b3a1c75b73d6151be81eb05bdc9,834f3294fba9f932f56edc879193f925,2017-08-28 03:44:56,599.0,90.81
cab587eb398be7856799cbd4f9f57b28,1,95c40b993a22463c83beb5c51a03d46c,85d9eb9ddc5d00ca9336a2219c97bb13,2017-08-14 03:55:24,31.9,16.79
cace50e014d7f1c702acf79a12b86a55,1,51b67230668746c1fe164ca744db9624,12b9676b00f60f3b700e83af21824c0e,2017-08-29 20:25:25,149.0,19.58
cad5d7a0969b060d6df0afe1c761cb69,1,568b50dd27d5d76c97dc2f871cb93e9a,1900267e848ceeba8fa32d80c1a5f5a8,2017-08-08 10:55:12,22.99,12.69
cad5d7a0969b060d6df0afe1c761cb69,2,568b50dd27d5d76c97dc2f871cb93e9a,1900267e848ceeba8fa32d80c1a5f5a8,2017-08-08 10:55:12,22.99,12.69
cad5d7a0969b060d6df0afe1c761cb69,3,568b50dd27d5d76c97dc2f871cb93e9a,1900267e848ceeba8fa32d80c1a5f5a8,2017-08-08 10:55:12,22.99,12.69
cad5d7a0969b060d6df0afe1c761cb69,4,568b50dd27d5d76c97dc2f871cb93e9a,1900267e848ceeba8fa32d80c1a5f5a8,2017-08-08 10:55:12,22.99,12.69
cae48a69bb1092bfbb8a65b42211a9dc,1,d63c1011f49d98b976c352955b1c4bea,cc419e0650a3c5ba77189a1882b7556a,2017-08-16 22:43:53,59.99,15.17
caea6e101e14d01d432ac29659dc6db1,1,f71f42e2381752836563b70beb542f80,85d9eb9ddc5d00ca9336a2219c97bb13,2017-09-18 14:05:27,31.9,17.63
caf07fcb4e0d35fb5e9f6e3eeb294ada,1,0eda6e310c91549299a2f97d0354f7fb,57e632711dec9ec14ca7546769483e7e,2017-08-24 19:04:04,104.0,15.48
cb02bcb7600b32e5083fec0791b923aa,1,dc6012b12115251bd0f6ffd93a99c070,6c7d50c24b3ccd2fd83b44d8bb34e073,2017-08-25 07:06:24,150.0,31.8
cb21a02602964e085cb4e31a404a310e,1,a237de12bdf0bfe4fe220bae65a89731,6c7d50c24b3ccd2fd83b44d8bb34e073,2017-08-22 18:25:14,37.5,19.59
cb2909ecbfb8c77f77bdcce55ddcfba1,1,8844bd4b8ca8f93603694ca2bceb77e9,cc419e0650a3c5ba77189a1882b7556a,2017-08-23 22:55:08,84.99,8.79
cb33ba59f7f3b3d1f5caf3e8176551ea,1,569ffd16f8032478cbeb9800f2e94ba0,20cb7c2fde3e5bf10f0bbe7394e1c6a9,2017-08-24 02:30:33,16.9,15.1
cb33ba59f7f3b3d1f5caf3e8176551ea,2,569ffd16f8032478cbeb9800f2e94ba0,20cb7c2fde3e5bf10f0bbe7394e1c6a9,2017-08-24 02:30:33,16.9,15.1
cb40305e23621178c3301f1a202b87ca,1,81288df52439985f610be64465e53f57,54a1852d1b8f10312c55e906355666ee,2017-09-03 21:25:18,119.0,17.08
cb4d16011feadfd13bac457789eedc21,1,827f677ed9cd1e18a5f4e8ecd4eb7489,92eb0f42c21942b6552362b9b114707d,2017-08-07 15:12:05,12.5,15.1
cb6c7e4c5890bba3ee99ad3f97877d9a,1,dee98cc0394b12aefccbad334b415c10,b1fc4f64df5a0e8b6913ab38803c57a9,2017-09-04 17:25:55,55.0,7.94
cb7f025ffb69a62e9cf843894bc7f89e,1,7d50930301709838d8e90dcac5cfaa84,9616352088dcf83a7c06637f4ebf1c80,2017-08-28 13:15:26,59.9,13.44
cb9a5082043451c06352296e509cc24e,1,81d879a43537a2803762ce12282ccbc9,9674754b5a0cb32b638cec001178f799,2017-08-14 12:35:49,47.9,9.34
cbc7c4a678ef94d05ea8166eed3f320c,1,dc881ef926ca402063ea142afc83874c,7aa4334be125fcdd2ba64b3180029f14,2017-08-10 16:05:49,87.99,17.87
cbd5da59166957ccd5a0c52607f2e98d,1,acde6bd0b5f91190e2a123df389b0b47,36a968b544695394e4e9d7572688598f,2017-08-11 01:25:07,24.9,8.27
cbd6c1031c0e9d143f20669e385c5e43,1,72172e982e8b92155069e4201c92c0bb,e9779976487b77c6d4ac45f75ec7afe9,2017-09-05 02:24:51,37.49,15.1
cbf03abca6266fb36b6ddd1521839dba,1,69bb0609a0dd2d5f23efb6faf72fa28e,855668e0971d4dfd7bef1b6a4133b41b,2017-09-08 04:33:11,14.0,14.1
cc44fca1bc5f1313d254769c6e3d12db,1,66b5f91356d928ae807ab4ee547f5e3e,f45122a9ab94eb4f3f8953578bc0c560,2017-08-07 17:05:19,42.99,15.1
cc5140f3c027b1fcbd41489903371294,1,0259a8068ce1198d4370abb0d3c2e576,8581055ce74af1daba164fdbd55a40de,2017-08-16 03:15:58,18.7,8.72
cc58d2040605eaadced18735aef5bbb0,1,cad39e71c0fe2f6ce875040d4ac43a4b,4869f7a5dfa277a7dca6462dcf3b52b2,2017-08-15 04:05:22,350.0,17.2
cc5aa8cda6decdb7d61ad7ac55767ec3,1,bbdb487c5f9a780a6a574fe48ed37796,aaed1309374718fdd995ee4c58c9dfcd,2017-08-25 13:15:10,119.5,27.38
cc779b75630b5b63955c7167fcadee93,1,8cec92449a671f49ee9ef23dfecfb1c2,897060da8b9a21f655304d50fd935913,2017-09-03 22:50:12,47.8,16.79
cc82a53fe1a3af9541b2ae5c8290262a,1,4af81c9413dcb40e03e2a1bc15a6448b,ea8482cd71df3c1969d7b9473ff13abc,2017-09-01 15:30:22,48.9,7.78
cc8412c7495b3d013e638dae26f04c9a,1,d2f5484cbffe4ca766301b21ab9246dd,36a968b544695394e4e9d7572688598f,2017-08-28 12:26:32,12.88,8.27
cc989a89a90abba764e86887625e7e26,1,c6f46351ae5ae5a6d75ab14996584ce1,77530e9772f57a62c906e1c21538ab82,2017-08-24 21:04:13,49.0,15.1
cc989a89a90abba764e86887625e7e26,2,c6f46351ae5ae5a6d75ab14996584ce1,77530e9772f57a62c906e1c21538ab82,2017-08-24 21:04:13,49.0,15.1
ccb152dea072048521b3a778267481ba,1,dc09323879d5cfb7db6c25f6a439d5fd,77530e9772f57a62c906e1c21538ab82,2017-08-15 15:43:51,119.0,19.07
ccb152dea072048521b3a778267481ba,2,dc09323879d5cfb7db6c25f6a439d5fd,77530e9772f57a62c906e1c21538ab82,2017-08-15 15:43:51,119.0,19.07
ccc1762fa4bea334f80983e3f3a933b6,1,85b99d83c60cab5b4d8f927ad35212a1,b335c59ab742f751a85db9c411a86739,2017-09-03 23:45:13,72.9,17.76
ccc6c37f50e3e60568c5a91c9574048e,1,62d8daeee0db3a60c234c2d1bfd10651,d2374cbcbb3ca4ab1086534108cc3ab7,2017-08-28 09:30:13,24.9,11.85
cccee2922028e95f2f29aa1fe0c766c0,1,1ec486885049bbb9b79351d150ed18c4,cab85505710c7cb9b720bceb52b01cee,2017-08-31 07:04:03,49.9,16.79
ccebf8871fd33d082a64082120ce4e80,1,1c1890ba1779090cd54008a3c3302921,6edacfd9f9074789dad6d62ba7950b9c,2017-08-10 06:45:15,111.9,11.99
ccf592d5d82b80e4764b14cbfe857be8,1,820e8f306dc9ffcf6d0957516084cca1,7aa4334be125fcdd2ba64b3180029f14,2017-08-17 13:30:13,38.98,32.15
ccf592d5d82b80e4764b14cbfe857be8,2,a57878a3c4874b342d09d163ae63e596,f615fe7efbef0f4f08fd3086bc7a3e60,2017-08-17 13:30:13,34.9,20.09
ccf592d5d82b80e4764b14cbfe857be8,3,820e8f306dc9ffcf6d0957516084cca1,7aa4334be125fcdd2ba64b3180029f14,2017-08-17 13:30:13,38.98,32.15
ccffad477fa78262d2690795ed9a2016,1,3c28d10ea65fbafd9792027334cf4544,f27e33c6d29b5138fa9967bcd445b6d5,2017-08-15 02:50:40,69.9,15.24
cd033f73c64fb6c49b8c92a952102631,1,a42b51ea9f09c0c349e72d364e049b94,6edacfd9f9074789dad6d62ba7950b9c,2017-08-24 02:25:14,88.9,16.87
cd167f0d7982e0f93c3554a4c4f03e99,1,271dc7b756644a368e87e48c2d38c590,7aa4334be125fcdd2ba64b3180029f14,2017-08-14 01:03:30,39.6,12.69
cd16f813564f0f00a030ac0b273958ec,1,250d3bbd3f39ce52def101057e586b0f,46dc3b2cc0980fb8ec44634e21d2718e,2017-08-16 01:15:16,169.99,15.94
cd2c7e05ab02cbe86aeeeb18648be1a7,1,e0bfab1a66b1f0fb4b1cbf7273121a6a,c3867b4666c7d76867627c2f7fb22e21,2017-08-11 19:55:11,54.0,47.82
cd30b79021e46fbfccaacd57ffbaca5b,1,0e2d52789a024cfd6f9204778320a8e5,f181738b150df1f37cb0bd72e705b193,2017-08-18 15:23:53,219.0,22.19
cd4c36d1786821bbfe74edce3632db27,1,06c6e01186af8b98ee1fc9e01f9471e9,fc906263ca5083d09dce42fe02247800,2017-08-16 15:23:44,39.9,25.63
cd58e7c862e0fb077541c4b5a331599e,1,a268f9f5cf863852b5b091ebc8cc0171,9646c3513289980f17226a2fc4720dbd,2017-09-04 15:15:14,48.9,15.1
cd6cdd3e527f46113dcab23d5f27c0fe,1,056063b2634974ef86ccb7da2d3d0dbf,165fc07beebdcb6190fba8a06db2a449,2017-08-14 03:50:27,729.0,24.34
cd6cdd3e527f46113dcab23d5f27c0fe,2,056063b2634974ef86ccb7da2d3d0dbf,165fc07beebdcb6190fba8a06db2a449,2017-08-14 03:50:27,729.0,24.34
cd7293cd82a7c818940f97bef67c4d62,1,b8dcc8fb99a94c2a9329e491f71bb120,05a940b4ecae36cadfd8e93bd9c43257,2017-08-21 02:45:12,98.9,9.26
cd9a9c293aa0ea00d1419883307e9544,1,389d119b48cf3043d311335e499d9c6b,1f50f920176fa81dab994f9023523100,2017-08-09 14:45:13,59.9,13.44
cdaf88f241736cd97fe9081c04c55c80,1,e0f33a3329af6716a0bb47fd7a664439,7e26c750b4cb9f6766f58265ff9ebe95,2017-08-24 14:25:14,49.8,16.79
cdaf88f241736cd97fe9081c04c55c80,2,e0f33a3329af6716a0bb47fd7a664439,7e26c750b4cb9f6766f58265ff9ebe95,2017-08-24 14:25:14,49.8,16.79
cdba3ddb2a93c5bb758212a2114cab97,1,2d000576ada7098440d09be3e8b6ff5d,9646c3513289980f17226a2fc4720dbd,2017-08-10 22:03:21,18.9,16.11
cdc25bb2425136a5dd3858f8563a7f4a,1,dff088846d1141979916ce5c7a4c1d52,5b35136197710e16ac5e7b7c2bd4ea85,2017-08-24 12:44:32,219.9,15.29
ce0102d9f3f2838b9dbcb156a0ae2d86,1,05fa3b5ecdf7f54e97fe25127db0ee7c,218d46b86c1881d022bce9c68a7d4b15,2017-08-09 21:10:20,181.0,18.52
ce361366b38e58d923fe2e3cc60521f9,1,6c706bd66d6df5b9eaa716699943efd0,77530e9772f57a62c906e1c21538ab82,2017-09-07 21:32:19,148.0,14.77
ce648a016d0547e13c8cf94449256982,1,37b99aa22bbac19b2a4afc4b2a958a53,a1043bafd471dff536d0c462352beb48,2017-08-11 16:55:15,279.99,74.91
ce687d3649728e81c25e9a105b34fcfd,1,51914323cc52a90e910d8e833d468a6d,5b179e9e8cc7ab6fd113a46ca584da81,2017-09-06 08:10:08,284.9,73.22
ce68843ac7d40d4297c6d6c09ad5fd89,1,9d99a79d596f4a054c7ace6068b446a7,4917cee8d902e13428c3ec4b1ca6f315,2017-09-08 19:25:25,154.0,27.4
ce8a75d279575fb471682893d3c42079,1,e2cac69b319c0f8a21dbf04b925121bf,343e716476e3748b069f980efbaa294e,2017-09-05 18:15:14,39.9,9.09
ceb608e88a15bf78c70e9020002f89ee,1,4e2e67ecbe3c5465a6c3c76db8acba86,cbd996ad3c1b7dc71fd0e5f5df9087e2,2017-08-17 12:05:47,23.99,11.85
cebfb93d43892425be3fe47edbb54347,1,5328338cfaa16ba10561cd970c73ca11,12b9676b00f60f3b700e83af21824c0e,2017-08-24 07:45:05,199.0,38.94
cedd898e1a953e9a8f3d763a364f6717,1,eb719445ec882a7b60518fd8b55c1b0f,7e3f87d16fb353f408d467e74fbd8014,2017-08-23 18:05:30,28.9,15.1
cef5e3ca97aed8bc63fe5f55a26633a6,1,53759a2ecddad2bb87a079a1f1519f73,1f50f920176fa81dab994f9023523100,2017-08-10 00:30:12,59.9,17.67
cf0d7785ec55eefbe15fed83be6655c6,1,52d828eb9a52d8cfcc750bd79254b9ec,165fc07beebdcb6190fba8a06db2a449,2017-08-29 15:10:21,154.0,14.1
cf0d7785ec55eefbe15fed83be6655c6,2,52d828eb9a52d8cfcc750bd79254b9ec,165fc07beebdcb6190fba8a06db2a449,2017-08-29 15:10:21,154.0,14.1
cf0df64aec6d7f8bf60b0552a954b3b8,1,d287e4755310f196c18e1e492064e2bf,d91fb3b7d041e83b64a00a3edfb37e4f,2017-09-04 05:32:04,94.8,15.41
cf10c2cc2d07f815b507376cefcc7a01,1,44d9fb0bdded04f3b128fffc4cfbc48d,6edacfd9f9074789dad6d62ba7950b9c,2017-08-25 09:05:15,17.9,7.78
cf27a34836d48e933ab56b845c2337a2,1,d4c1535d914696dc3b13cf725a2aa635,5a93f3ab0ef4c84ed5e1b5dbf23978bc,2017-09-06 12:55:28,77.94,12.89
cf2d94adef7bf9ffe6efd9c6413eb69e,1,422879e10f46682990de24d770e7f83d,1f50f920176fa81dab994f9023523100,2017-08-10 19:25:20,59.9,17.67
cf319c0d69f01423a802cc9a95212e3e,1,22594ba8fd9a72ad95d352929c821560,7c67e1448b00f6e969d365cea6b010ab,2017-08-22 22:03:53,99.99,41.09
cf49377f810a8d21818d08c194215b1d,1,02fb2d61da1247bf732360ea76b16240,6cd68b3ed6d59aaa9fece558ad360c0a,2017-08-29 12:55:29,109.9,19.31
cf4cf05c524fb96eeedceab1be8bf4ad,1,22c5ddc22ea8cae84fc9917def682dc6,cc419e0650a3c5ba77189a1882b7556a,2017-08-15 20:25:15,56.99,8.72
cf4eb4d5203f0c0d14f191c15de0743e,1,cf28a2b7bc92809a0574cf07772c88c4,da8622b14eb17ae2831f4ac5b9dab84a,2017-08-24 02:45:49,24.9,15.1
cf50fec98e2167d836c09c0ed57ba841,1,abb9d7140478c19fd773dc14e8071abd,7a67c85e85bb2ce8582c35f2203ad736,2017-08-31 15:24:23,12.99,9.34
cf60237e0bdc9a72ab4563e4b11783bf,1,4ebab6a2135a2477b657bda38646b64b,7aa4334be125fcdd2ba64b3180029f14,2017-08-10 14:05:24,25.6,12.69
cf65e1cf310d6860d96e2efaab1f5d75,1,c71bf92cf123eb294304073fc1751bf3,c3cfdc648177fdbbbb35635a37472c53,2017-08-23 23:23:54,300.0,26.94
cf6908e8b524d8fac0d70a5cc8bd749b,1,9aedf557945e816d48539ee56293f860,53243585a1d6dc2643021fd1853d8905,2017-09-04 14:10:16,1100.0,50.11
cf824bfb7be97ddda09945f306ce0efb,1,1491a8ff192d4b5c369b0eaa2fe33ee5,37be5a7c751166fbc5f8ccba4119e043,2017-08-16 11:45:10,205.0,22.27
cf95215a722f3ebf29e6bbab87a29e61,1,57d2fa6882b789ad55e86074398826c4,afe0067131b73e40875c9b6c10bd2e21,2017-08-31 17:30:13,89.9,12.76
cf9fc0dda8554193b41e69f30fb570c9,1,6c3effec7c8ddba466d4f03f982c7aa3,37515688008a7a40ac93e3b2e4ab203f,2017-08-21 11:05:14,19.9,25.63
cfbc5b076b3dfaa511da98f51aa5562e,1,00e4ded51458037ecda216453eb79d3c,1660ad786c27fd935378b6192a90b417,2017-08-23 10:24:47,130.0,38.46
cfd1ec4b19410ea11aeb847b699f281a,1,4a9947ec1fcec2b3321193ed5590e8cb,6560211a19b47992c3666cc44a7e94c0,2017-08-30 21:25:10,59.0,15.16
cffaffa29cba49c69e3ec0dcb839ab16,1,30b6868bde148b4c71716da3f1cdd9e3,aafe36600ce604f205b86b5084d3d767,2017-08-30 08:24:11,69.9,16.25
d0032af1034824fb3c4616830075fcb1,1,88dd63919fc9ab693803578a04a20209,7ddcbb64b5bc1ef36ca8c151f6ec77df,2017-08-09 17:43:23,34.99,7.78
d016dcea41e99763c837c94cf34562f6,1,076e4ce53c8914382e7ff3732511b17e,59fb871bf6f4522a87ba567b42dafecf,2017-09-08 02:11:18,109.99,8.96
d02366be68b26b954269321e475a79fe,1,3cb0ece3f5f0b8121a53635c9f783aa5,e6a69c4a27dfdd98ffe5aa757ad744bc,2017-09-04 15:45:22,21.65,8.72
d02366be68b26b954269321e475a79fe,2,3cb0ece3f5f0b8121a53635c9f783aa5,e6a69c4a27dfdd98ffe5aa757ad744bc,2017-09-04 15:45:22,21.65,8.72
d02add6627c4d73a21227674f39e6f86,1,1f8281d23bd0d53a9d2cea4bad53ca58,244c2f1bff6afe1f2eaf9bfe9b2aed38,2017-08-18 15:10:27,99.0,52.7
d04d60a83e3c187136cd8c3a344b5df6,1,a237de12bdf0bfe4fe220bae65a89731,6c7d50c24b3ccd2fd83b44d8bb34e073,2017-08-09 17:50:16,37.5,37.9
d053eed5434bc54c4fe629d35a009175,1,5328338cfaa16ba10561cd970c73ca11,12b9676b00f60f3b700e83af21824c0e,2017-08-21 20:15:21,199.0,20.63
d065b09029154302dc8262cb309fe614,1,f83f6ed380fa37da66fe8acd4593cc69,1336efc61c316ddf92c899eb817f7cae,2017-08-24 21:05:19,159.0,12.61
d08a45bfb5b6342c010911e51868f688,1,ee406bf28024d97771c4b1e8b7e8e219,7a67c85e85bb2ce8582c35f2203ad736,2017-08-11 20:50:21,149.99,17.3
d0acfe7fdbf94c390d7b20b589fa9bbd,1,242e1933d9cb1c789d3c6a3f2d083ba0,e48b04bf1aa1ef711caebeb7aede6180,2017-08-17 19:50:10,165.9,21.07
d0b378f9d33cbf6b21c01295494a9ef1,1,572ce8c246c9eb25f976d31f29278d09,870d0118f7a9d85960f29ad89d5d989a,2017-08-09 16:50:15,22.9,16.83
d0dcef5f811f8e0b4f67f1f26805a8a6,1,8458f51c49c1af4c4b388dab8810215f,955fee9216a65b617aa5c0531780ce60,2017-08-11 14:30:15,39.99,12.69
d0e9849de800fdb4cb3b5e6d42c6b367,1,01ef0716b68c8493434ad32430c24e18,1900267e848ceeba8fa32d80c1a5f5a8,2017-09-08 02:30:13,56.99,28.8
d0f0ec7e22ebd766e50d03a17652d61c,1,d285360f29ac7fd97640bf0baef03de0,01ed254b9ff8407dfb9d99ba1e17d923,2017-08-15 10:50:25,339.0,10.57
d0fa5573398a294b08b8c525a9786b3f,1,6490b9f63b0b595e1c1402b46b0f50ad,99eaacc9e6046db1c82b163c5f84869f,2017-08-25 11:04:38,280.0,35.76
d118d545516947d2d82fda28e9d631af,1,11059273f4bc1a293777e98c89807c62,431af27f296bc6519d890aa5a05fdb11,2017-08-08 13:30:13,99.9,12.2
d137a2977daed67ef57f82efbbe508bb,1,abbc95531363652998acab718776a759,8d46553a36e68f95350a200c12f8f2e2,2017-09-05 10:25:04,13.9,11.85
d137a2977daed67ef57f82efbbe508bb,2,abbc95531363652998acab718776a759,8d46553a36e68f95350a200c12f8f2e2,2017-09-05 10:25:04,13.9,11.85
d14f57164c76dc1c2abe706a1bf71153,1,041b5d4393ea83147e2a07e55cd5359c,01cf7e3d21494c41fb86034f2e714fa1,2017-08-09 03:04:53,125.9,38.43
d15310130fe6fbaf70e2c8027c9dd760,1,db34e1e6f14cc3755d9149fe8a1de9fd,850f4f8af5ea87287ac68de36e29107f,2017-08-17 16:23:18,499.9,14.7
d16fbfb439fe82b7efb949345d70611f,1,186fe07c8b8005ec6a498587ffbc1352,6560211a19b47992c3666cc44a7e94c0,2017-09-04 04:35:26,29.0,14.1
d184b9c3e16c01c0507923c0ae50d1b3,1,dc881ef926ca402063ea142afc83874c,7aa4334be125fcdd2ba64b3180029f14,2017-08-07 13:05:18,87.99,17.87
d1872a759d4c1e5437aa708d64ff592c,1,cb6c1c21ebc9c153a7baf319c515657a,85d9eb9ddc5d00ca9336a2219c97bb13,2017-08-08 21:35:15,31.9,12.48
d18bad91398c54df81cafc7b59e435d3,1,1108e11fe60f34cb7f2a832d96c17137,17a053fcb14bd219540cbde0df490be0,2017-09-01 12:55:29,159.98,29.91
d199e49e9cd642beda8a36b85fd6d51d,1,99a4788cb24856965c36a24e339b6058,4a3ca9315b744ce9f8e9374361493884,2017-08-14 12:30:19,89.9,12.13
d1cbdd8ef126f25f75c37e56508061ee,1,29427de7f8a9ee983d9dbc51cec569b4,7a67c85e85bb2ce8582c35f2203ad736,2017-09-06 02:50:22,99.99,16.95
d1d598b9c6fa6d135849e528650082c0,1,a96d7b91547c9d381eef6793af2c639e,17e34d8224d27a541263c4c64b11a56b,2017-08-13 23:55:07,154.69,16.71
d1de8ecf1530723150f71b04ab779c2a,1,f5c0451a8329bdf130172a733eb5d60e,12b9676b00f60f3b700e83af21824c0e,2017-08-25 11:24:28,199.0,38.94
d1ea55f7318ed68dab3622af81e15141,1,8d98dedc3c19de17f1a090195e85d6b6,fa40cc5b934574b62717c68f3d678b6d,2017-08-31 20:10:20,49.9,15.1
d1f60863289ae7cd6e47fd70eae9bec4,1,bc79853c871c6db8e48e4b0d47df7e70,7178f9f4dd81dcef02f62acdf8151e01,2017-08-24 16:24:37,274.0,16.67
d2072cac5fc7e1aee9ba54336621c1a8,1,c59e4be236b11e5763f64785de026039,5f1dc28029d2c244352a68107ec2b542,2017-09-01 15:25:11,28.9,15.1
d2072cac5fc7e1aee9ba54336621c1a8,2,c59e4be236b11e5763f64785de026039,5f1dc28029d2c244352a68107ec2b542,2017-09-01 15:25:11,28.9,15.1
d20776b7190e9d5d49a3703226c4fd24,1,2a2d22ae30e026f1893083c8405ca522,1a3df491d1c4f1589fc2b934ada68bf2,2017-08-21 17:15:18,134.9,21.43
d210227507b75e9201982282bd334a70,1,27a0edbc33200d89dfc1276a729dd5d4,b2eecf5ea250510da76590ca79d60e5d,2017-09-01 18:50:12,65.0,15.2
d21ea1f0cfac8642b1a98b71ac53e32f,1,389d119b48cf3043d311335e499d9c6b,1f50f920176fa81dab994f9023523100,2017-08-24 20:30:15,59.9,13.44
d23c618df1f506da61c7cacac0ea489d,1,bbaef2eadf31fe3ea6702077398be06c,cc419e0650a3c5ba77189a1882b7556a,2017-08-21 14:45:14,56.99,15.15
d24b94f575e098690a1587ca95319f53,1,4fcb3d9a5f4871e8362dfedbdb02b064,8581055ce74af1daba164fdbd55a40de,2017-08-24 08:10:15,143.8,18.9
d264cc09df2d6232397d0a9db018d01a,1,ca38c039b717207dec906f4fa9a21db7,59fb871bf6f4522a87ba567b42dafecf,2017-09-04 04:31:03,189.99,15.08
d2875d0fcdf781a26064f20e778831b7,1,b1631003bdbc3b1e876f83a7d851d74a,cc419e0650a3c5ba77189a1882b7556a,2017-09-08 20:30:14,56.99,14.15
d2881983257f5db81d89259c7d0c6012,1,3425c37e6772b3913480d0333e0beebf,670a9dda115b5a88b18cfadee8de2332,2017-09-08 20:30:23,79.9,25.84
d2ae87feb1ea088e9e6d5621efb22dd2,1,880be32f4db1d9f6e2bec38fb6ac23ab,fa40cc5b934574b62717c68f3d678b6d,2017-09-05 11:55:12,44.9,7.78
d2bc00da63cd350e641ae8a80b029316,1,a0b0fad03e38e8e5d6d94e229707f2ef,87142160b41353c4e5fca2360caf6f92,2017-08-09 03:10:21,49.0,15.1
d2dcde253b72954806e86ee9f7995770,1,bee84ad17517656f609763f0b124c7e6,8a32e327fe2c1b3511609d81aaf9f042,2017-08-23 10:43:21,85.99,17.88
d2feb2f430d7d97b41873672953fe944,1,a298a105818dce6878b787e4af6cff7d,e26901d5ab434ce92fd9b5c256820a4e,2017-08-24 02:16:03,79.9,7.81
d2fee8629e0a482149dd28013ac6dbe5,1,d5991653e037ccb7af6ed7d94246b249,25c5c91f63607446a97b143d2d535d31,2017-08-09 15:25:20,144.97,18.26
d2fee8629e0a482149dd28013ac6dbe5,2,d5991653e037ccb7af6ed7d94246b249,25c5c91f63607446a97b143d2d535d31,2017-08-09 15:25:20,144.97,18.26
d2fee8629e0a482149dd28013ac6dbe5,3,d5991653e037ccb7af6ed7d94246b249,25c5c91f63607446a97b143d2d535d31,2017-08-09 15:25:20,144.97,18.26
d3045e7fe9e2988614cbbaf560c424f7,1,f1c7f353075ce59d8a6f3cf58f419c9c,37be5a7c751166fbc5f8ccba4119e043,2017-08-11 16:10:24,205.0,28.81
d31bf98bc1f5a409da2c22085a8a7140,1,114be868e131c0ec44f054b335118724,78c99c6dff4eeae5be99bf635ed21e3f,2017-08-21 16:45:03,30.0,17.6
d33aab7eec3e76dd7e074c6ff1121b6c,1,e282624d8c82e04983f125e167eb4521,2138ccb85b11a4ec1e37afbd1c8eda1f,2017-08-10 18:45:10,18.99,15.1
d34609f0a5940b1e6055d239899b8932,1,293ee8ac0a45f559cdeba37b938fdb66,4a3ca9315b744ce9f8e9374361493884,2017-08-10 12:33:41,55.6,11.89
d34e86154f29f6aa2093eb2a578b9326,1,007c63ae4b346920756b5adcad8095de,53e4c6e0f4312d4d2107a8c9cddf45cd,2017-08-07 22:10:17,79.99,11.76
d368ca1b5f6b46bdaf14b7c0cb5e40a1,1,1dd85d42702d499bdccd33e6e3227a61,e38db885400cd35c71dfd162f2c1dbcf,2017-08-25 19:35:35,54.9,24.93
d374e958c5246d608c3baeca9ddccb16,1,d656fadaaa736b38039b6b92c7bcb5de,8a32e327fe2c1b3511609d81aaf9f042,2017-08-16 22:03:54,39.99,16.79
d39cd8aec30c3829bad1c1b4194b4fd8,1,ff9fa77f938462abd16b53c0d934099f,c3cfdc648177fdbbbb35635a37472c53,2017-09-04 14:45:50,119.9,19.38
d3a04a6a99a00682ddb37c44e1b642a7,1,52b3af7304d611855714d9b3d1724ea7,4a3ca9315b744ce9f8e9374361493884,2017-08-16 11:35:21,48.9,15.1
d3b1c54aad50f3222af70ad725e9c481,1,6bf1cd252d73626ab181be470f56e07b,8bd0f31cf0a614c658f6763bd02dea69,2017-08-07 14:30:12,37.99,16.6
d3c74bb3a5ee89d1802cc0ab53474509,1,7d50930301709838d8e90dcac5cfaa84,9616352088dcf83a7c06637f4ebf1c80,2017-08-25 02:45:36,59.9,16.18
d3dda8df7e8aa849ce52346514bdb885,1,154e7e31ebfa092203795c972e5804a6,cc419e0650a3c5ba77189a1882b7556a,2017-08-23 17:55:24,23.99,7.78
d416617c5fada61b01ff48ec39b4ca46,1,1d3ecbda18167c766a3381fd16108e4a,dbc22125167c298ef99da25668e1011f,2017-08-16 14:55:19,108.9,20.0
d43f72571877365b197ee657196d8d30,1,45d53108adfd3c40a54c578f431c45cc,70a12e78e608ac31179aea7f8422044b,2017-08-14 23:10:37,79.95,17.81
d43f8d7052d9022a8fe3a804942298ce,1,e336c656869480e20d04ca9389b12167,cca3071e3e9bb7d12640c9fbe2301306,2017-08-31 09:25:22,59.9,16.18
d43f8d7052d9022a8fe3a804942298ce,2,e336c656869480e20d04ca9389b12167,cca3071e3e9bb7d12640c9fbe2301306,2017-08-31 09:25:22,59.9,16.18
d445a6e277eaa62900bc18d453d96d76,1,9afaad66aca8b0c79e4f084a89c9c92b,42bde9fef835393bb8a8849cb6b7f245,2017-08-09 10:50:24,199.0,26.42
d463e4364316dbd023b1db62f1117693,1,e9ceb9123d3103b7ad293c168dd3a547,5f06030071324cc52bf0304014ac7234,2017-09-04 11:10:19,195.99,19.26
d4668cd8ef48b78df597195703c95da2,1,48633254f8b7b802b1ca8c4f4dcf3e33,8c16d1f32a54d92897cc437244442e1b,2017-08-16 13:23:32,44.9,15.1
d4911279e8f92849f1685ed9436c2483,1,b9ee7519d0187d2389af62ba6c612963,78c99c6dff4eeae5be99bf635ed21e3f,2017-08-10 06:45:17,69.9,12.83
d49ed6b5b1dd31d720b321ff3f3874f3,1,2028bf1b01cafb2d2b1901fca4083222,cc419e0650a3c5ba77189a1882b7556a,2017-09-11 02:24:56,56.99,15.15
d4a3c28ffadf7c451e1d420fb14fe13c,1,71a7800a633691de8ecdd17463335e2e,f80edd2c5aaa505cc4b0a3b219abf4b8,2017-09-06 17:10:21,58.9,35.73
d4a961a670c1caabf81268139c1bb131,1,d1299c3be544703ed73ba703885030c9,3d871de0142ce09b7081e2b9d1733cb1,2017-08-24 12:35:20,95.0,19.83
d4b13d051f5f54336f65b26b2c8255d0,1,88dd63919fc9ab693803578a04a20209,7ddcbb64b5bc1ef36ca8c151f6ec77df,2017-08-13 23:43:27,34.99,7.78
d4b2647e5564c324255aa92e46dc3956,1,6802039b7e3ac1654ea1d62963e95e29,cca3071e3e9bb7d12640c9fbe2301306,2017-08-31 13:26:05,109.82,13.79
d4bc55bf7aa33f5d5d8b6b53d1e2eb8f,1,8e2e504e3be9cc0ed518daa0e271acf5,f27e33c6d29b5138fa9967bcd445b6d5,2017-08-25 00:50:10,59.9,16.86
d4c18b8b231657cfa6a0a7553052430f,1,2511e504fd7794c668a8521aabe3713d,da8622b14eb17ae2831f4ac5b9dab84a,2017-08-29 00:08:44,159.9,16.75
d4c7d646f06e6b9cd7435413052a24db,1,bace90a7338e9d31371ad47811cf4c7d,1a3df491d1c4f1589fc2b934ada68bf2,2017-09-07 23:55:12,99.9,18.27
d4de2f5093e11fecfa11da7ea4a09a21,1,6b0510f16f7767cece59352e08e5432b,fa1a9dec3a9940c072684a46728bf1fc,2017-09-04 04:45:03,92.9,23.69
d4de2f5093e11fecfa11da7ea4a09a21,2,561e48cdfacd14e7cfe67aa4ebd0caea,5cf13accae3222c70a9cac40818ae839,2017-09-04 04:45:03,94.9,17.17
d4de2f5093e11fecfa11da7ea4a09a21,3,a8624848cc85066425b656121d3da966,1336efc61c316ddf92c899eb817f7cae,2017-09-04 04:45:03,14.0,8.88
d522f96f6e68d83b5ee9a2e4fc2432b0,1,e672fbe634ad07cce9d85f412becb2c0,7a67c85e85bb2ce8582c35f2203ad736,2017-08-18 16:05:12,129.99,12.11
d52a18d8c96fc34ed51cc6b9535e5964,1,d39421ec4cc2bf52e35f8bf00f1ec314,cc419e0650a3c5ba77189a1882b7556a,2017-08-09 02:50:50,49.99,8.72
d5355dced21ef64e6f081ec25945fbd6,1,35afc973633aaeb6b877ff57b2793310,4a3ca9315b744ce9f8e9374361493884,2017-09-05 11:10:14,89.9,19.87
d53a39ecbd90d0e5111214d0e9c7c1c4,1,d3c044bd42d84a79e3b0c42662806a48,4c2b230173bb36f9b240f2b8ac11786e,2017-08-16 03:25:40,25.9,14.1
d57c982355905f7bf6cd8aad41ccc658,1,d6a98c2faf26312d4890d2a84f4bc0eb,e732329483fd5f27367dd997b47f598a,2017-09-06 15:44:58,109.9,34.57
d5867ae0316adec946ff4545482967b4,1,5f30303a0e011f4746c76054639a2afb,1d8dbc4f32378d715c717c1c1fc57bae,2017-08-23 22:25:20,109.9,20.01
d5a56dbd4116a2322c80a3fb1e2f1fdf,1,e0d64dcfaa3b6db5c54ca298ae101d05,4869f7a5dfa277a7dca6462dcf3b52b2,2017-08-16 03:30:14,179.9,16.01
d5b95703830a61c73251a8a3dcdb9772,1,9f1c81345a82b501fef3164ba8c937ef,36a968b544695394e4e9d7572688598f,2017-08-31 17:30:23,199.9,18.65
d5b9e35b93a4d8e6fcdac2a40528772c,1,2b19dbb6e225fc04cf9a80d83f949b88,4a3ca9315b744ce9f8e9374361493884,2017-08-25 18:30:19,159.0,12.61
d5ba80d74b52c335ae36398d6159e6ee,1,833b7baca432a26ccfc3e3eaa8271519,b372ee768ed69e46ca8cdbd267aa7a38,2017-08-29 23:55:09,190.0,15.94
d5ba80d74b52c335ae36398d6159e6ee,2,d6ed08469f23517f07ed6bb451361298,b372ee768ed69e46ca8cdbd267aa7a38,2017-08-29 23:55:09,150.0,15.94
d5c2fcd9dc7a3c6630e4acfe3f3ed898,1,60061c870d0d52a2c5bc678d56538fdd,2b1a40c1daabc6ca280c4b815c101841,2017-08-22 23:30:14,349.98,61.46
d5c2fcd9dc7a3c6630e4acfe3f3ed898,2,60061c870d0d52a2c5bc678d56538fdd,2b1a40c1daabc6ca280c4b815c101841,2017-08-22 23:30:14,349.98,61.46
d5dd1655174fa071eda9b9d3b6e9e4e5,1,74e901ea4caa0b0488e8350431c558e9,855668e0971d4dfd7bef1b6a4133b41b,2017-09-04 18:30:21,290.0,18.47
d6027c4f8b46f61d7d4a2782b56e603d,1,2b4609f8948be18874494203496bc318,cc419e0650a3c5ba77189a1882b7556a,2017-08-29 14:45:14,89.99,15.38
d603daf41a69ac39e359dadcd655fd35,1,88dd63919fc9ab693803578a04a20209,7ddcbb64b5bc1ef36ca8c151f6ec77df,2017-08-28 04:05:15,34.99,7.78
d622712ad2613e0e96681da439b83a8c,1,321c788deb64e03c83312213e1ddc6f4,7e93a43ef30c4f03f38b393420bc753a,2017-08-24 12:10:23,489.0,15.76
d622abecd14d7a399897b7aaeda91e17,1,e933ff96119efc4dd8bdd1b71e73f60c,82e0a475a88cc9595229d8029273f045,2017-08-29 21:10:23,239.0,17.92
d62dadb35b5c5a30e81cebbc34427545,1,880be32f4db1d9f6e2bec38fb6ac23ab,fa40cc5b934574b62717c68f3d678b6d,2017-08-10 21:30:22,44.9,25.63
d639926cce88a791b1e17e02611688d2,1,1c6b0760060e08631997f228e1d07a78,d2374cbcbb3ca4ab1086534108cc3ab7,2017-08-30 23:25:15,29.9,11.85
d6461ecc120609d0cef78fea638e47fe,1,ce37d2059b251687831f016e8698725b,0432ead42b6c8a0bdf68154add917fdf,2017-08-22 03:26:19,89.9,21.43
d65c179a817be22977e263fbc1a4fef4,1,aa8627a375771ab01288705307ec4ae5,e333046ce6517bd8bb510291d44f0130,2017-08-15 22:03:51,75.0,21.02
d65fddb0eefed35b0e4245c746ee1d11,1,ec1870600ee2920073cba7a93211122c,dd2bdf855a9172734fbc3744021ae9b9,2017-09-08 13:15:21,259.9,30.86
d673aab5cd4319eaaa7a9d00c12f1b0a,1,deef1e0848433b267577d95047a08045,77530e9772f57a62c906e1c21538ab82,2017-08-24 17:24:52,119.0,17.08
d67954930a77c40b72e9ee69fa019a81,1,8a551a6371de62f6f595bb25c473b877,04aba03279157f6d4e0fe8ccaf21963c,2017-08-29 13:10:46,114.0,18.05
d67d037cf424eb6cf603ae4e9d344542,1,937c825572d26b9e5a723527c6d625c6,391fc6631aebcf3004804e51b40bcf1e,2017-08-16 09:05:19,45.95,11.85
d69373cb870bd1bf9a92059e36241d1d,1,88dd63919fc9ab693803578a04a20209,7ddcbb64b5bc1ef36ca8c151f6ec77df,2017-08-10 02:55:15,34.99,7.78
d696730916dce1a0a88fb9f34407ecb2,1,622bad99b4296aade0783ebecdd3fa15,376a891762bbdecbc02b4b6adec3fdda,2017-08-10 03:05:13,98.99,17.97
d6b0e562cdddbc5bae4f671aa1c72d14,1,fe854c3521ccdb837e2daf3b653fb929,c3cfdc648177fdbbbb35635a37472c53,2017-08-16 17:03:48,139.9,12.68
d6c5dca773097a2319454e361da874d6,1,45cfee87da128a8f939226bedd92a72d,718539d38d07dd351c76db862760e2e2,2017-09-01 20:10:14,32.64,17.6
d6f415ebc86371ee7aa87ea1b73ea9bc,1,9165e7a5f9ef266f66ca19a816cdc657,48436dade18ac8b2bce089ec2a041202,2017-08-10 23:32:37,128.9,21.39
d708807b9e8f75432049fff5ef066483,1,ac8e7cf3a658f63dc68dd7f3b8b5f97b,218d46b86c1881d022bce9c68a7d4b15,2017-08-31 02:24:54,107.0,21.24
d715d369c36bd59d99abd5ed62940530,1,bdef57e26e989447aaf5ae0f7ccadf23,c3cfdc648177fdbbbb35635a37472c53,2017-08-25 00:44:37,79.9,15.31
d71fc3033bc27e81b5a946294eb577dc,1,d696750e550fd0f733979dd7e5dff921,9de4643a8dbde634fe55621059d92273,2017-08-24 14:10:14,177.99,26.31
d71fc3033bc27e81b5a946294eb577dc,2,0ad9bbfebaadb488b2fe87504b871c88,2ec6e37d992a95eaddb3369dcbcc76d9,2017-08-24 14:10:14,79.9,7.01
d7280c643438b6380bc7b6d9c28fb175,1,8dc110bf643aace72cbb6e412bed2e38,066a6914e1ebf3ea95a216c73a986b91,2017-08-30 17:05:18,78.0,16.99
d74872a40866989344f6470c6527edb5,1,eb719445ec882a7b60518fd8b55c1b0f,7e3f87d16fb353f408d467e74fbd8014,2017-08-28 03:45:15,28.9,15.1
d7592b4ac974639ed08f1484f6b649e5,1,cc30e5a54e83c955899121be1223104e,7299e27ed73d2ad986de7f7c77d919fa,2017-08-24 10:10:19,79.99,15.31
d7a903a05d84644e6e872b9c626d7fc6,1,9f39e03276af0a6bbf2459ec383a19e6,6e864f5c4669eff3d98140a07cc50202,2017-08-08 13:25:21,152.19,12.27
d7bf4c08a7f6b6fc82ca1c5076732e6b,1,734cb1ee54f5d7e96c0c9d9732a21721,11305281b50fff20ae8bb473f8e11876,2017-09-05 16:10:11,44.9,14.08
d7cea52c3309c7b3d279a9f3d2e74114,1,a38b238734207eeb0388676235cf56ec,86ccac0b835037332a596a33b6949ee1,2017-08-24 11:55:14,139.9,21.47
d7eec17ae2e61fc4dc36f1e1ac4d0ed1,1,af3397b442ec6b95e314ee7a286905fb,36a968b544695394e4e9d7572688598f,2017-08-21 17:55:17,31.9,11.85
d8097587799efe19a24233909b0513c4,1,b2b3fbcc207fc52d44daff257e7c491c,dc8798cbf453b7e0f98745e396cc5616,2017-08-17 04:30:06,49.9,14.1
d80b2f94bd1ae8c94f10c5084b1ee36a,1,4723ab93377036eb7e0c15dfca8c8ce6,e8f6dc8e6a1dcde89d20e3995c8d90b3,2017-08-17 17:55:14,35.9,7.78
d81f982649f082683c9221af29ba1b51,1,b549c6b4b6f48d8a5e899eeca74ce846,e06f09ec0a4aca210779cf1cfc63cf19,2017-08-22 09:25:13,45.9,13.37
d839772496ba5c5962003617c00e695d,1,d321d5e90b24cba895f0564fc3e15a84,aafe36600ce604f205b86b5084d3d767,2017-08-10 16:15:14,59.9,16.18
d8522b11e5907c0a96797fb0b6835a92,1,72c4031dab551c0441689706d58957a1,827f8f69dfa529c561901c4f2e0f332f,2017-08-10 15:55:19,29.9,14.1
d8548c48e1580222bda2c86c47ce10cd,1,6803077179d24889430188e03fafd31a,128639473a139ac0f3e5f5ade55873a5,2017-09-06 10:35:21,19.9,15.1
d865bc459503b9c8a19382a7634ed5d5,1,4b271b76eed185fd46be2bf42e1d02f3,710e3548e02bc1d2831dfc4f1b5b14d4,2017-08-14 15:15:23,59.99,17.99
d8751e37cdb2166fa6df8a8ebc346768,1,4fcb3d9a5f4871e8362dfedbdb02b064,8581055ce74af1daba164fdbd55a40de,2017-08-31 02:24:30,164.9,0.0
d8ae8292c42789ec8fa46d9abc72b493,1,488f6ad202b2656d346498ec03963de1,dbc22125167c298ef99da25668e1011f,2017-08-25 13:55:15,43.9,13.37
d8bf59eb5386f2c3d82cfa4ced3c6183,1,03a20f79e4c056b48ce29b3e30beb0fb,6fc26fe110feebd80a433e1f012a84f9,2017-08-18 11:24:30,59.0,12.75
d8bf59eb5386f2c3d82cfa4ced3c6183,2,03a20f79e4c056b48ce29b3e30beb0fb,6fc26fe110feebd80a433e1f012a84f9,2017-08-18 11:24:30,59.0,12.75
d906fa8596aaf7d085bcf5dd3bdf713a,1,b61befc73bfdefaa0acb8c376f125eed,520b493b57809f446cb0a233bb3e25c7,2017-08-25 12:27:04,25.0,9.27
d908e170d2b2f6e8a4ebe7dc3bcba4c4,1,1df69fad86c3fedbddd8b65fe13dc8db,9c0e69c7bf2619675bbadf47b43f655a,2017-08-08 17:10:22,199.5,10.81
d90e182426063c49d95c94e3aed7356a,1,9102363e9fd5fc8fa4c0719ee704c89c,e06f09ec0a4aca210779cf1cfc63cf19,2017-09-11 07:44:20,88.3,13.17
d930f975d0dd17a50eb1bc53fff79e9b,1,99a4788cb24856965c36a24e339b6058,4a3ca9315b744ce9f8e9374361493884,2017-09-04 04:30:47,89.9,17.88
d933bc3298b938687c5aab9685d2108c,1,228f57b1acb5bdce9401c58653c8cc14,7e93a43ef30c4f03f38b393420bc753a,2017-09-01 20:44:56,169.99,19.73
d95236c2780d744b3bd884f327590d14,1,368c6c730842d78016ad823897a372db,1f50f920176fa81dab994f9023523100,2017-08-14 16:55:11,59.9,13.44
d95236c2780d744b3bd884f327590d14,2,368c6c730842d78016ad823897a372db,1f50f920176fa81dab994f9023523100,2017-08-14 16:55:11,59.9,13.44
d98a93a637c3178749cb3aaca843178c,1,39c74b86a884310862f7b325d99c278c,fc906263ca5083d09dce42fe02247800,2017-08-24 12:05:16,39.9,15.1
d9a60236d90a394c2ac8282b85dbed8f,1,7fe2ac55c3a8e1eb6cffdec46c37ef20,218d46b86c1881d022bce9c68a7d4b15,2017-09-01 03:04:10,227.0,17.35
d9cd71920c37d3156a5f58e918812fe5,1,41b4baff1ceec845ba126eaeb07efa4a,86ccac0b835037332a596a33b6949ee1,2017-08-21 23:24:42,27.9,15.1
d9d6c371c6721e2fb73fc7ed7b5cc856,1,f1f41c991881dc3d4cbcedade3ec1622,ceb7b4fb9401cd378de7886317ad1b47,2017-09-08 18:08:20,399.9,16.55
d9ddf675a1e7539367d20a66ba38b168,1,6f86fa71a6aa21f45e317590aacd0c3f,b7ed9fb14c8eadb37adb9c45d67ab0fb,2017-08-28 20:06:19,45.0,8.27
d9e4018a5f1071690492d2b2b8c20f08,1,cce679660c66e6fbd5c8091dfd29e9cd,d2374cbcbb3ca4ab1086534108cc3ab7,2017-09-04 20:25:24,17.9,11.85
d9f44a4c9cc80a15b120c0d93b195105,1,68a00c2c89cc59b345242ac379ee4b26,c3867b4666c7d76867627c2f7fb22e21,2017-08-21 23:10:13,115.0,29.21
d9f4838ea42729e0b08088b15492477b,1,3e7ca2ff3d372303c5773c8018746fc2,05f51e13da97139648b8125c31e5f51b,2017-08-31 22:30:20,64.99,12.58
d9fa42dd4d9ba1b1ff2b371a141c8b82,1,57c8519e414546bcd4311294c2eb4d85,7c67e1448b00f6e969d365cea6b010ab,2017-08-28 17:30:15,219.99,82.63
da03317cf4ac20f61db6a8c363cd4ea7,1,4ebb87ba41ca446326804d0e7f8dcc93,7a67c85e85bb2ce8582c35f2203ad736,2017-08-24 07:04:49,109.99,11.97
da0b6b99f3177153b2d410482eef35cd,1,62c5626fd6b954f27d1766e3f967e549,128639473a139ac0f3e5f5ade55873a5,2017-09-04 04:31:06,16.9,34.15
da412f433b02b51c714944e4bdb8f723,1,a5f6ba3fe91a2e73f10b612131cb2404,4e922959ae960d389249c378d1c939f5,2017-08-17 16:45:10,49.0,15.1
da412f433b02b51c714944e4bdb8f723,2,a5f6ba3fe91a2e73f10b612131cb2404,4e922959ae960d389249c378d1c939f5,2017-08-17 16:45:10,49.0,15.1
da44f554b7c4550b0d3cd650f132d1e1,1,0c90f0cece2b9c521af7c85ace4794be,b92e3c8f9738272ff7c59e111e108d7c,2017-09-22 13:24:13,179.9,59.7
da5c3335442be11fa1a96ef5bb834a47,1,22f49044bc3eaead7cadfb045391582f,4a3ca9315b744ce9f8e9374361493884,2017-08-16 03:25:39,89.9,15.38
da619e31c9daa2026418be6af321971c,1,c4282015d858b8d5c14c1ec6b9000664,38102b031c2a15e54623d711bfc753d3,2017-08-23 21:10:21,39.0,44.2
da7843573e4914d76380f7f0a86995a3,1,f9eb0aeafb5aa02dd5889376063550b9,6fd52c528dcb38be2eea044946b811f8,2017-09-05 17:30:19,52.8,8.72
da84a8216703f542bc03d93c9394d9b1,1,2a2d22ae30e026f1893083c8405ca522,1a3df491d1c4f1589fc2b934ada68bf2,2017-08-14 23:55:18,134.9,23.81
da8a7bf7ae80c846ee09d610e58097e0,1,4a67edece2fe2b25b7ba6072c6e6d64f,6edacfd9f9074789dad6d62ba7950b9c,2017-08-17 10:50:21,88.9,11.83
da9365826a6ffd6577582de7425efeda,1,01a630ec9b9f9387e5a91c1f83bd209b,8e6cc767478edae941d9bd9eb778d77a,2017-08-14 04:10:53,7.12,17.6
da9409a419597e4d2a671193c8dd6095,1,0e429613002a4b7dfa4554005e2ab8d2,d91fb3b7d041e83b64a00a3edfb37e4f,2017-08-21 03:45:37,193.2,16.1
da9d5d868a28b17116214d1240c22837,1,69898c1a5e170da88769a92f466dac8f,8a40ae794fa3f9892cee24bd5af0488b,2017-08-14 03:04:44,49.99,42.38
daa7bd63b41e09a4d28579829649e6a2,1,06c6e01186af8b98ee1fc9e01f9471e9,fc906263ca5083d09dce42fe02247800,2017-08-21 03:31:48,39.9,14.1
dab3fc76b1c611fc90d0343f3a1815e7,1,47a3fbd41bb53db64dacc4562ba3aa52,cce6ab8d1682639fe45ab70234f1665f,2017-08-18 04:15:32,40.0,18.59
daba32f13e003a4703e784cd05cc1546,1,edc044b1d3b518153d2b3b2c811ff0e2,bf100ecb7997df312b285358fb32f92c,2017-08-24 02:10:31,149.9,19.29
dabb5a87a6d9cc1388abf76cdcf76e5b,1,f429bcbed72851b21f20d2daf4330bce,7b0df942f46435babab05d49b744b2c4,2017-09-01 11:35:22,359.0,18.27
dae095a3efbcc51f73f9a75181008850,1,c878f779306161bdbc043977329a9082,4324dd16853115efb0fd9d0d131ba6f4,2017-08-22 03:15:30,32.4,11.85
dae67e58d2770b3ab2c43c03b4e76280,1,671d1f1a67e731435bc7a91569004038,0509040ea3fe50071181bbc359eb7738,2017-08-11 16:15:17,44.8,12.48
dae72058c85d67deae51d329e5b5938d,1,e449c89deefdb41bb888e3cc5f59ef46,8e6cc767478edae941d9bd9eb778d77a,2017-08-09 09:30:15,7.3,17.6
daec7c006304b60ca87044f26409ef2e,1,c7c99e372ec2f873701c20e3a00ff29c,7d76b645482be4a332374e8223836592,2017-08-23 13:30:13,16.9,11.85
daf9351361ff975f5aea7c82d29c5f3c,1,7686fe49c98ae1c537b5cc51992f5d20,9d5a9018aee56acb367ba9c3f05d1d6a,2017-08-22 01:55:09,172.33,18.49
db0bef559aa4eeff3bec3e8268318c33,1,6ae38d49db7fc65ad1779828542aecba,eeb6de78f79159600292e314a77cbd18,2017-08-09 10:25:13,229.0,19.4
db173a61c82348f8419813a0d918b23e,1,0aabfb375647d9738ad0f7b4ea3653b1,37515688008a7a40ac93e3b2e4ab203f,2017-09-06 19:30:11,19.9,11.85
db20f0c71fd126ce34d0b209e634f3d7,1,150c699262a053229e89213dc9c358d2,cd68562d3f44870c08922d380acae552,2017-08-10 20:45:15,129.0,15.65
db2eafd064193f2bd9dd161490c09bd0,1,e0d64dcfaa3b6db5c54ca298ae101d05,4869f7a5dfa277a7dca6462dcf3b52b2,2017-09-06 09:25:13,179.9,16.01
db658dd622104d1e0dc6d4728bb3e267,1,4520766ec412348b8d4caa5e8a18c464,16090f2ca825584b5a147ab24aa30c86,2017-08-30 03:06:34,40.0,15.1
db666cbae1499f226a7759852cbd0e69,1,d537e54e990d95194a5733e79f1af1aa,4305fe92735c8a43d154ff6dd2b8d927,2017-08-30 17:25:12,139.9,17.42
db869ac5d1058a4b8528b9006d73ad06,1,5f504b3a1c75b73d6151be81eb05bdc9,834f3294fba9f932f56edc879193f925,2017-09-04 07:45:35,599.0,72.34
db8f0ba38db1ec3fb5eccef40cad82a7,1,777d2e438a1b645f3aec9bd57e92672c,4a3ca9315b744ce9f8e9374361493884,2017-08-10 13:45:14,69.9,11.99
db93355c53b6e6a6119012d4880abd94,1,34d6306314a47fe15c1efdbc23302020,229c3efbfb0ea2058de4ccdfbc3d784a,2017-08-31 16:55:14,69.0,14.23
db9564d23d5d0d213eb2a0b5ca279c2f,1,ba9943916136c9959e24f71bdae28faa,8c16d1f32a54d92897cc437244442e1b,2017-08-16 19:03:55,44.9,16.79
db974c12004fe92ab344e63e8e4b995f,1,b83dd24f806b484c1f22ec9af48271e0,0bae85eb84b9fb3bd773911e89288d54,2017-08-30 14:50:16,86.7,17.86
dba3740d39b81258d8230a4889bd0fe2,1,722dc14e0848efdb771dca6de2929c41,7178f9f4dd81dcef02f62acdf8151e01,2017-08-17 04:05:16,79.0,16.99
dbadf0264f5a2b239bea146da1b1f567,1,9abb00920aae319ef9eba674b7d2e6ff,1771297ac436903d1dd6b0e9279aa505,2017-08-16 19:43:56,35.39,14.1
dbadf0264f5a2b239bea146da1b1f567,2,9abb00920aae319ef9eba674b7d2e6ff,1771297ac436903d1dd6b0e9279aa505,2017-08-16 19:43:56,35.39,14.1
dbb6cbbc98dbc65229f1377c7f0408c7,1,955821b9200f75f399d091f381821044,d91fb3b7d041e83b64a00a3edfb37e4f,2017-08-14 04:31:38,26.1,15.1
dbc337fe795b89d0a42fed65a448b964,1,c94d19d021d4a8fbae5a45f904aeea90,701938c450705b8ae65fc923b70f35c7,2017-08-31 03:03:57,116.04,25.12
dbd1cbc05d31e4c71790b63eb1fc870f,1,f1c7f353075ce59d8a6f3cf58f419c9c,37be5a7c751166fbc5f8ccba4119e043,2017-08-23 17:25:48,200.0,26.24
dbf30005e577a1120ad6ee6630cd8720,1,e3425df9bd51be69917273c9dd92ed5e,86ccac0b835037332a596a33b6949ee1,2017-08-24 12:15:20,67.9,17.73
dc0109bc73a54e5a94b39f557da4916a,1,24297ae137968498e50c2f283a4f3d9c,41b39e28db005d9731d9d485a83b4c38,2017-08-17 19:03:44,59.9,11.73
dc0109bc73a54e5a94b39f557da4916a,2,7e07898c0f30ec34cc5d255bcc4b3747,41b39e28db005d9731d9d485a83b4c38,2017-08-17 19:03:44,59.9,11.73
dc15b9e0016b708d301f392106b5dd8f,1,c6dd917a0be2a704582055949915ab32,7a67c85e85bb2ce8582c35f2203ad736,2017-08-17 04:26:08,99.99,17.95
dc198e42fd1b02634e6215c5a60de234,1,f0cd6312ce0b0d7f04fe8dfd3480e278,bab0a8cd684e41ba6e2637dca0979d3b,2017-08-28 13:46:28,269.9,19.14
dc231a0130c907d3826e434585362c73,1,2b4609f8948be18874494203496bc318,cc419e0650a3c5ba77189a1882b7556a,2017-08-28 01:15:09,89.99,15.38
dc42fc68820b778654a001cb6eab8c96,1,eb719445ec882a7b60518fd8b55c1b0f,7e3f87d16fb353f408d467e74fbd8014,2017-08-09 00:30:09,28.9,14.1
dc48537f3fcda6ce650158bebd4ecc6c,1,9cbe4a1fd4db99c14512e9b2ff033ec4,d2374cbcbb3ca4ab1086534108cc3ab7,2017-08-17 10:23:51,27.9,11.85
dc4dc464cfa3377e0b31a936d2d117d0,1,a406f14e110f4ccb46059586e9440400,7d76b645482be4a332374e8223836592,2017-08-15 11:05:11,16.9,7.78
dc523b270be716d338c2fbc9a4bcdfc3,1,a8856d651600289b162f857e26838480,9616352088dcf83a7c06637f4ebf1c80,2017-08-30 02:05:14,59.9,13.44
dc700e0b4f7cb79e78aec3f67e817ebf,1,19a0eb757150fef64875b476f86095d9,abcd2cb37d46c2c8fb1bf071c859fc5b,2017-08-25 15:30:25,46.5,18.59
dc70e9ac18df7e49a5a51fb2ec9a5b02,1,0b5452315880c73832a5c5837f0de5b2,7d76b645482be4a332374e8223836592,2017-08-30 16:50:19,24.99,14.1
dc7309efcb9745f3a27ffc133c309ec8,1,77049be2845b00694201083dce7e1f2b,b7cc6c5e001441ae8cdd5c69a480cbe4,2017-08-17 02:55:42,185.0,14.44
dc7be79976943eeae2bd3e4530b511fd,1,558180406ec5ec2f77e01f2807180c20,431af27f296bc6519d890aa5a05fdb11,2017-08-14 23:15:14,82.9,15.33
dc80f04232a571734b52cd2c5b40a9f8,1,febd6c8a7d546c876948428261e500e0,638cba8be1fb599bbb76fd6948351eb3,2017-08-21 18:44:31,26.9,15.1
dc945d5d50345e370825fcd9653156a6,1,4e83195accfb3316528acc16d754fdb1,dc4a0fc896dc34b0d5bfec8438291c80,2017-09-12 10:10:17,184.9,26.13
dc9470b246bc5c83e5e72f1897971fcb,1,dcebc51f6a02993ffaa4167c339a3d79,542917da124346b47ea1ac79a93ce454,2017-08-10 09:45:15,19.5,24.5
dc9470b246bc5c83e5e72f1897971fcb,2,7b0319f86ca302954787a58d2b3831da,8444e55c1f13cd5c179851e5ca5ebd00,2017-08-10 09:45:15,19.9,4.9
dc96fd43377b13532b1d09c7321fb5cb,1,61d01171a3784bab50137290350e5332,4992e76a42cb3aad7a7047e0d3d7e729,2017-08-10 02:55:41,29.9,9.34
dcab23fe1f0afbe711b3092b6552f03b,1,bf7e9480325415ebfee169ceee8b53e0,218d46b86c1881d022bce9c68a7d4b15,2017-09-06 20:05:39,129.0,18.19
dcaed4b4cf1c609025ab617862cc869d,1,0554df77f3ed2e36e06c60eb65dc357a,57e632711dec9ec14ca7546769483e7e,2017-08-22 00:50:19,132.9,15.68
dcb51dcb7db5cd9a3d44ebf6002bc080,1,56cd306d7a869c029cd2f165e4dc928e,6a8b085f816a1f75f92dbac6eb545f8f,2017-08-10 02:55:30,57.5,11.9
dcbca116084725bc77c3e8b6480c4d82,1,055019def765ce08da9fac0585e927c3,013900e863eace745d3ec7614cab5b1a,2017-08-28 17:30:08,54.0,15.82
dcbca116084725bc77c3e8b6480c4d82,2,9cb854ba582f5a6b7832b86553c0b8ab,013900e863eace745d3ec7614cab5b1a,2017-08-28 17:30:08,54.0,15.82
dcbca116084725bc77c3e8b6480c4d82,3,302a19dacdbb5ed2f74f9dee8126ef79,013900e863eace745d3ec7614cab5b1a,2017-08-28 17:30:08,54.0,15.82
dccb282b858f9b481824964de4cda528,1,3799649bfcc7821635d757a711ae7357,86649b1632b1c0e6c0bcb2c90a8b75d8,2017-09-04 04:26:12,59.99,17.67
dce910dc283f1255aab3c0f9d4eb31c0,1,b2775a101dfacb48184ed1c1cb4a278b,aced59e9b31ef866a94f9e7f29d8d418,2017-08-15 13:55:14,390.0,47.19
dcf31aff36e56ed5f9af2daf7b412092,1,1bfb290d7273a442c874dbe74b4abae6,7c67e1448b00f6e969d365cea6b010ab,2017-09-14 02:30:12,79.99,45.02
dcf31aff36e56ed5f9af2daf7b412092,2,1bfb290d7273a442c874dbe74b4abae6,7c67e1448b00f6e969d365cea6b010ab,2017-09-14 02:30:12,79.99,45.02
dcfbe9e7ba8ef35633e74ef65bbcdb3e,1,f1c7f353075ce59d8a6f3cf58f419c9c,37be5a7c751166fbc5f8ccba4119e043,2017-09-01 08:03:50,200.0,26.24
dcfe16b7fac604ef53179e3018c26ed8,1,c32b7bfeed5a912b80e7e1fd8df8c95f,59b22a78efb79a4797979612b885db36,2017-08-20 23:04:02,39.9,15.1
dd028c5dfd0ae2d44370c0fc1ca82e19,1,c6dd917a0be2a704582055949915ab32,7a67c85e85bb2ce8582c35f2203ad736,2017-08-28 03:25:24,99.99,16.95
dd1bd072c709a5e654fd047560eba5aa,1,ae5cad88462eb7b7b61401e31c45618e,ce27a3cc3c8cc1ea79d11e561e9bebb6,2017-08-29 23:06:54,15.0,15.1
dd1d5e5b6e4be8779186eb9cafd2f44d,1,4161c903c8834f814fda62d066031d74,638cba8be1fb599bbb76fd6948351eb3,2017-08-08 16:15:11,12.5,11.85
dd5067269f1aaad1d4d0aa55e84eb22b,1,f819f0c84a64f02d3a5606ca95edd272,4869f7a5dfa277a7dca6462dcf3b52b2,2017-08-25 08:24:29,869.99,17.59
dd6a1b472e35baa63f56890e96f5ae0a,1,24a014458ccc6e989b4fcef5fa71da58,4a3ca9315b744ce9f8e9374361493884,2017-08-10 20:05:59,109.9,15.52
dd6c515ece101a11e169c82b0196880f,1,cac52d956eff0cacf32f4b0f0f3aac5c,53e4c6e0f4312d4d2107a8c9cddf45cd,2017-08-23 22:25:21,28.99,15.11
dd6c515ece101a11e169c82b0196880f,2,cac52d956eff0cacf32f4b0f0f3aac5c,53e4c6e0f4312d4d2107a8c9cddf45cd,2017-08-23 22:25:21,28.99,15.11
dd6c515ece101a11e169c82b0196880f,3,cac52d956eff0cacf32f4b0f0f3aac5c,53e4c6e0f4312d4d2107a8c9cddf45cd,2017-08-23 22:25:21,28.99,15.11
dd7e0efbe1cde6192eff0ea57a7b2888,1,c0abb5707b6d57b4e7d9797222a77fc8,48985c61529077fa4f1e38bcff0f2ed3,2017-08-07 13:45:19,99.9,25.98
dd83bcfbba569f573c6e7290d3092506,1,06abf4be826ed1d548e8a22a3d75d912,bbf9ad41dca6603e614efcdad7aab8c4,2017-08-22 18:10:22,599.0,39.55
ddbdd2d1389314951bcd19560cac6ceb,1,c43ab4269cbf91b373263db4c2973cad,48436dade18ac8b2bce089ec2a041202,2017-08-11 15:25:16,48.9,16.11
ddc6de714ab6793dd55ef3b191352906,1,11fb16e86df4d50cd2c289ede0b70f42,1eade46fba20122dc4aefb379f8c636b,2017-08-09 17:10:15,14.99,7.78
ddc6de714ab6793dd55ef3b191352906,2,11fb16e86df4d50cd2c289ede0b70f42,1eade46fba20122dc4aefb379f8c636b,2017-08-09 17:10:15,14.99,7.78
ddde14c0021be582f5f7b9ce86b901d5,1,b4fc7e84dcaf2fcf3edb234e30362929,c3867b4666c7d76867627c2f7fb22e21,2017-09-05 00:45:08,115.0,18.06
dde27525b15a17fe5d8b8503e60143c5,1,63a8fa4ae2d10ffc0daa5db78ad4ea4f,9c0e69c7bf2619675bbadf47b43f655a,2017-08-14 11:55:10,229.9,11.02
dde27525b15a17fe5d8b8503e60143c5,2,63a8fa4ae2d10ffc0daa5db78ad4ea4f,9c0e69c7bf2619675bbadf47b43f655a,2017-08-14 11:55:10,229.9,11.02
dde27525b15a17fe5d8b8503e60143c5,3,63a8fa4ae2d10ffc0daa5db78ad4ea4f,9c0e69c7bf2619675bbadf47b43f655a,2017-08-14 11:55:10,229.9,11.02
dde56e42843e19685d241a25e192184e,1,ada1a8827eb941c40a281fc1be034949,44073f8b7e41514de3b7815dd0237f4f,2017-08-10 11:45:18,102.0,34.51
dde5ba33adc988d0007371756995fb3d,1,833b7baca432a26ccfc3e3eaa8271519,b372ee768ed69e46ca8cdbd267aa7a38,2017-09-01 19:25:38,190.0,16.08
dde952bfd9402fb3bbbad0b65e5496bd,1,2a2d22ae30e026f1893083c8405ca522,1a3df491d1c4f1589fc2b934ada68bf2,2017-09-06 04:30:55,159.0,21.6
ddf4b30463e9b58a0ad68f6bc5ed5291,1,7768494922ec00df78713cb957ae63c8,d1c281d3ae149232351cd8c8cc885f0d,2017-08-09 01:24:10,119.99,25.15
de01100645b731556de153cfbebc35b1,1,725cbfcaff95a4d43742fdf13cf43c75,3504c0cb71d7fa48d967e0e4c94d59d9,2017-08-11 12:34:15,44.99,15.1
de088e6f998f5de89b21882cd761baea,1,88dd63919fc9ab693803578a04a20209,7ddcbb64b5bc1ef36ca8c151f6ec77df,2017-08-13 21:23:37,34.99,15.1
de11626bdec1c2e2c4f907036e55b981,1,b75a056d7d03227c3a3b60e9ccf518c9,3f995f07c49d0d55a99d5c54957f7d81,2017-08-09 22:23:53,59.9,21.22
de31b55d7cafcd6ebb9bc6aa3c28a55c,1,1c63d0a4d75df524d4605a43285925d7,45d33f715e24d15a6ccf5c17b3a23e3c,2017-08-10 21:15:18,52.87,9.94
de396a46ff91b76a683f05d1f1f9b2c1,1,363218ba55c610b750224f90bdd34be1,fdb9095204a334cd8872252ffec6f2db,2017-08-09 23:03:24,87.0,15.37
de398ddd3c112d03a83aacdb609def35,1,601a360bd2a916ecef0e88de72a6531a,7a67c85e85bb2ce8582c35f2203ad736,2017-08-22 22:35:31,118.99,18.08
de4887366c9ddf1dd93719769e1bc533,1,d83cba631d40af7f65eeac52132ee096,0adac9fbd9a2b63cccaac4f8756c1ca8,2017-08-28 20:30:13,49.9,15.1
de4acd78231cc999a22fdba3a4dd348d,1,979c7bf658f39ff4d6459fe7c397bfea,6426d21aca402a131fc0a5d0960a3c90,2017-08-31 15:30:10,72.9,13.53
de63e691acb3231890dcb063f627657b,1,c6dd917a0be2a704582055949915ab32,7a67c85e85bb2ce8582c35f2203ad736,2017-08-14 04:24:38,99.99,17.95
de71f9cb7b28e41118fb7bb28a6b1087,1,2af11c7fa2cc165b8abc3a92127a2710,e174dc2de86d60fee178170a154c05e7,2017-08-24 12:44:21,19.8,14.1
de727a3ecd5c174c519d64573cc0064b,1,422879e10f46682990de24d770e7f83d,1f50f920176fa81dab994f9023523100,2017-08-24 19:15:22,59.9,17.67
de850dab321309c862edfd8d24e4acdb,1,a32c3352c3c5fbaa5fc5f8a8f593e2af,da8622b14eb17ae2831f4ac5b9dab84a,2017-08-15 18:55:11,149.9,21.54
de850dab321309c862edfd8d24e4acdb,2,a32c3352c3c5fbaa5fc5f8a8f593e2af,da8622b14eb17ae2831f4ac5b9dab84a,2017-08-15 18:55:11,149.9,21.54
de850dab321309c862edfd8d24e4acdb,3,a32c3352c3c5fbaa5fc5f8a8f593e2af,da8622b14eb17ae2831f4ac5b9dab84a,2017-08-15 18:55:11,149.9,21.54
de937fa64e3c6113c5a4c20ec533674c,1,e251ebd2858be1aa7d9b2087a6992580,001cca7ae9ae17fb1caed9dfb1094831,2017-08-15 21:03:56,129.0,32.23
dea9b7dcae5affc919947e72bcc1e786,1,08574b074924071f4e201e151b152b4e,001cca7ae9ae17fb1caed9dfb1094831,2017-08-22 03:26:10,99.0,37.99
dea9b7dcae5affc919947e72bcc1e786,2,08574b074924071f4e201e151b152b4e,001cca7ae9ae17fb1caed9dfb1094831,2017-08-22 03:26:10,99.0,37.99
debc3e4fa1e6d722470d58264beb354a,1,45a15b38cc3c0514717a1de673c6193c,99eaacc9e6046db1c82b163c5f84869f,2017-08-31 02:10:16,127.9,12.4
dec95374a1bf2366249bf770e0568a85,1,f7c758899e1679f82c7e9f006866674d,17e34d8224d27a541263c4c64b11a56b,2017-08-11 20:55:08,65.63,12.48
dee33d9b548acb609e8b6eb6f540f4b3,1,8c38d21062ec6ee492c3500d01150b7a,b4a476fbd28de64b1e347abf9089366a,2017-08-18 14:24:12,18.0,14.1
dee8fd0e964b71cf9dd9c7221eb73f14,1,5ba095a19bde52d6c87219061639522f,aa17b35ce4de7b565be3249ba838944f,2017-08-30 21:44:12,39.9,16.6
deee3a40a4669f004603111e55387280,1,6471da78a18edb60d175c10871161356,4a3ca9315b744ce9f8e9374361493884,2017-08-17 13:45:17,149.0,12.54
def5a490726da84a4e00b9abfcc9fd6f,1,5b1b6135649a0839631d1dde8e4e5df3,4e922959ae960d389249c378d1c939f5,2017-08-08 17:03:44,30.0,8.27
df01c961b8b1ced70f72c8c77deb69ca,1,b5e13c9a353102f79c6206ff5cb61a50,a49928bcdf77c55c6d6e05e09a9b4ca5,2017-08-15 13:55:24,79.9,25.11
df275b3b9c9f29071b451ae6d993ef00,1,368c6c730842d78016ad823897a372db,1f50f920176fa81dab994f9023523100,2017-08-24 22:05:31,59.9,17.67
df499c63856f6f9152046828360192e7,1,422879e10f46682990de24d770e7f83d,1f50f920176fa81dab994f9023523100,2017-08-23 12:04:57,59.9,28.82
df5130410a20fcd7faec983640e48078,1,7fc59915d9bde9a845801ee04a8658fa,e5a3438891c0bfdb9394643f95273d8e,2017-09-03 23:50:15,29.99,11.85
df5e0e070c372394ac03c781fcfc443e,1,7f064525eaaa1ce9d22c085f7ff5413a,6560211a19b47992c3666cc44a7e94c0,2017-08-07 11:50:14,49.0,7.78
df6e64a3be9ccea48c3bfe8e096e8749,1,99a4788cb24856965c36a24e339b6058,4a3ca9315b744ce9f8e9374361493884,2017-08-22 08:10:14,89.9,17.88
df8ab61cb615d551483618533aceb364,1,15466e7f0fab155f0f387bc49eb7e304,712e6ed8aa4aa1fa65dab41fed5737e4,2017-08-10 14:35:19,600.0,113.65
df940e48580d0f2c2283d0782c7f99e3,1,c45f017c36f9112a8bb4f170edfb1870,dbc22125167c298ef99da25668e1011f,2017-08-25 15:06:04,94.9,14.39
df940e48580d0f2c2283d0782c7f99e3,2,c45f017c36f9112a8bb4f170edfb1870,dbc22125167c298ef99da25668e1011f,2017-08-25 15:06:04,94.9,14.39
dfa57a47eb4b524966a891189c893d04,1,6a0713a63e990052795623e76cc2995e,d2374cbcbb3ca4ab1086534108cc3ab7,2017-08-17 19:45:10,72.9,27.05
dfb37d2ceed290c718d7778273ba8b4a,1,7811ef9c6eed5bb33c3c6f9de751642f,d98eec89afa3380e14463da2aabaea72,2017-08-28 20:15:23,24.99,17.63
dfbf5b1075409ef1622cb159715f8f69,1,235458528f907463ec55ebb1e16b69f0,dbc22125167c298ef99da25668e1011f,2017-08-18 13:23:59,57.99,16.17
dfca157c259bcbad0d55ee3af5df9fa6,1,389d119b48cf3043d311335e499d9c6b,1f50f920176fa81dab994f9023523100,2017-08-24 12:25:11,59.9,17.67
dfca157c259bcbad0d55ee3af5df9fa6,2,389d119b48cf3043d311335e499d9c6b,1f50f920176fa81dab994f9023523100,2017-08-24 12:25:11,59.9,17.67
dfd5946b221179472e8f929f1d7b41ce,1,ab1ecbce7afd9f6e661baa24a5706c9c,d12c926d74ceff0a90a21184466ce161,2017-08-23 17:15:14,44.9,17.63
dff84877fe810ec4fdb17a3cb7ac858e,1,5f504b3a1c75b73d6151be81eb05bdc9,834f3294fba9f932f56edc879193f925,2017-08-17 16:45:09,572.0,64.74
dfff9fc44808a969ec1211d3ceca855c,1,e2e426d1332240070b0a836a854d057b,cce6ab8d1682639fe45ab70234f1665f,2017-08-25 14:50:16,40.0,14.08
e00c5912daa4e24b9f1820ebb4e930ae,1,976738868bdcc86e959ba2a7b726d4d5,d1c281d3ae149232351cd8c8cc885f0d,2017-08-23 08:24:13,193.99,26.2
e022510764d42bb4573b6a4bc831f454,1,a50acd33ba7a8da8e9db65094fa990a4,8581055ce74af1daba164fdbd55a40de,2017-08-22 00:35:25,117.3,25.66
e0764e8271f94cb825f0a47e559c34c1,1,e3425df9bd51be69917273c9dd92ed5e,86ccac0b835037332a596a33b6949ee1,2017-08-31 16:50:07,67.9,17.73
e0797286b1f41001e5c1388d4d8144c1,1,b0961721fd839e9982420e807758a2a6,1f50f920176fa81dab994f9023523100,2017-09-04 04:26:09,59.9,17.67
e0797286b1f41001e5c1388d4d8144c1,2,53759a2ecddad2bb87a079a1f1519f73,1f50f920176fa81dab994f9023523100,2017-09-04 04:26:09,59.9,17.67
e079ed774a2fadd1906622fb9dc89f87,1,c73628b1c3144b2e0c9c88072f21a213,3f995f07c49d0d55a99d5c54957f7d81,2017-08-14 04:04:50,109.0,18.01
e0e0363b6d647a1ce534335bb1d84ebf,1,5adec774989986e22714470345c20469,989becdce12ebc39863c2bceab6f3ca1,2017-08-11 02:15:17,699.99,105.96
e0f04a1acc50a7daf0cbb0654d438725,1,fc40fe8ca610260f036ecf18dd8d3b24,f5f2ab9bdb6b30c14c61be68c5ed37da,2017-09-05 18:45:18,118.9,21.32
e102f8dfd6da168838a2d13dfbc3bb10,1,e0d64dcfaa3b6db5c54ca298ae101d05,4869f7a5dfa277a7dca6462dcf3b52b2,2017-08-16 03:25:44,179.9,12.76
e105d0f5799042c758b417e6dce2c3a5,1,805cb130b4477536c829664a9858aba2,3dbbce181edfaa4a597ec858c382d2ec,2017-08-17 04:26:18,19.9,15.1
e10eb327c30f510c648ebaa30c399ffa,1,a4aa7c1427c31344e5f7cc3d839fe562,66922902710d126a0e7d26b0e3805106,2017-08-28 04:05:25,95.0,20.16
e12f5458c6b4f349a97fbf22e08d17ac,1,494c9e9cadda96141fec59b218afc773,7142540dd4c91e2237acb7e911c4eba2,2017-08-08 03:03:55,59.9,17.67
e1340387000e6eeb71a9a7f65013c9bf,1,6cdd53843498f92890544667809f1595,ccc4bbb5f32a6ab2b7066a4130f114e3,2017-08-18 02:50:30,349.9,46.3
e13c8ddd0d03ac5525c6b54d0442e9a5,1,170ae15fc78b44bceab3e66baefbbd99,835f0f7810c76831d6c7d24c7a646d4d,2017-09-04 11:28:11,69.9,11.99
e158d5c24705aa1915440227823e4573,1,083ffd30820b592e294de7ed668ff975,f8db351d8c4c4c22c6835c19a46f01b0,2017-08-08 20:45:15,49.9,15.1
e15a56fb22219e39b15a7c75987361e9,1,15529bfa2d73947d1e03020f58f5a016,7c67e1448b00f6e969d365cea6b010ab,2017-08-30 11:55:18,79.99,26.88
e166acfe96bd9d1f25a6c905d7ca39fd,1,f1aa9d01a0ddad2937f722cb61abc03f,b1b3948701c5c72445495bd161b83a4c,2017-08-17 14:15:18,449.9,17.9
e173f7fa910d8a5f30ceb0677f70d9e9,1,0432203d03868bfe5fdbb86fb2148474,855668e0971d4dfd7bef1b6a4133b41b,2017-08-14 10:23:45,185.0,23.88
e18b80a24c2ceaf4de431f7a9b042f10,1,5118d39afe332258d1428a98db06e8c8,78c99c6dff4eeae5be99bf635ed21e3f,2017-08-16 00:50:20,89.9,13.65
e18f0fd2df4f25844746735c988bf005,1,4845d1421cd53de09a405f5f869add3c,17306570e772e7718c92a562d33f5f1d,2017-08-08 20:15:16,109.9,13.79
e1a8e28c43be15a1b32b5fce8c126594,1,3b4db17ce4f2c8731f83b093db7aa0b1,7d456afc660226829370f3173d14520c,2017-08-14 23:25:06,196.0,17.62
e1b0785b334a4a0b4229eb5aa137fcf7,1,186fe07c8b8005ec6a498587ffbc1352,6560211a19b47992c3666cc44a7e94c0,2017-08-23 06:45:20,29.0,17.63
e1b0785b334a4a0b4229eb5aa137fcf7,2,186fe07c8b8005ec6a498587ffbc1352,6560211a19b47992c3666cc44a7e94c0,2017-08-23 06:45:20,29.0,17.63
e1b2a1e9b1061373325666846305ff84,1,7a8cdb37b5d447de4dba7806a82f84d7,a13580f0e8f782b7a543885a0ef99f08,2017-08-24 19:15:11,104.99,17.98
e1b7c817cbe8c84aeaad8a92bc96970c,1,29b9d74c083ef891b8869d31cffb2a3d,530ec6109d11eaaf87999465c6afee01,2017-08-16 16:25:08,105.9,19.98
e1b7f8eb9bb3d4ba1c2e244574a71647,1,24ddf42338b6b04dd8de20c2cbb7f78e,7e93a43ef30c4f03f38b393420bc753a,2017-09-04 10:04:30,1099.99,23.14
e1c49aeb40d4ab159a18912ea48266d0,1,3467600ef392560b5ff4e484d3a5ed20,c2bda99904207edd1834f03e0022b007,2017-08-18 11:50:20,39.9,14.1
e1ca31317b9d333b3991d72a5717d4fc,1,61937887eb6ee0b405a5759756426486,282c7480173bb9c01dd41cc739fec010,2017-08-13 23:45:18,819.9,19.49
e1cd00d644b9a24a7689ae42fde293c1,1,38f3677364ecf032090b33915b155161,ce7d1888639e6fb06b2749cbfdac1ff7,2017-08-31 14:30:17,138.0,25.81
e1d7029dd87b15c8d1a60ad6aabc39ce,1,4cda9d93b0a846dfdca597f1b1d19c08,520b493b57809f446cb0a233bb3e25c7,2017-08-10 15:35:37,110.0,25.61
e1deab080b7d765ab23ffbbeaf062466,1,98001b51c21b1efa6530623ecb0c20fe,ce7d1888639e6fb06b2749cbfdac1ff7,2017-08-17 20:50:14,170.0,27.51
e1e06d229be4515568fce133c60e6089,1,24d95adbf4d5909e2353d0256eb3ab4f,dbb9b48c841a0e39e21f98e1a6b2ec3e,2017-08-08 10:25:10,109.9,9.58
e1e8c919a20f2c8c0224357d9210e4e3,1,154e7e31ebfa092203795c972e5804a6,cc419e0650a3c5ba77189a1882b7556a,2017-08-29 11:25:29,23.99,14.1
e1f36f0422520d149a51a3e55d98b066,1,475e8a9ddbebf13af503d1c7eccadb1a,f8db351d8c4c4c22c6835c19a46f01b0,2017-09-05 02:16:19,135.9,25.79
e1f88babb53e94b0c3fba094e84fd266,1,f268298baf71005ba24a9c97a4964a7e,a3a38f4affed601eb87a97788c949667,2017-08-30 03:05:33,109.9,16.53
e21f9ce5061dd5af2d7ba49338c286da,1,857d73e07effc672f1427fd2581d6cb3,4cf490a58259286ada5ba8525ba9e84a,2017-09-27 13:15:23,97.9,15.44
e2210e9067554988ff724209b5b7a474,1,91aa52c1ac115bf6dad8750700e06d2d,f63d8f293af3a6454377546bd9dd19ff,2017-08-18 17:45:18,29.99,15.1
e22127be7a5664250637f87a4d12410c,1,52e9413ed0d3e64b796aac2bc2291d50,7f2617c58d5d06806987308b45654351,2017-08-30 20:55:41,149.9,9.24
e22a05fe5e9468a3bc9527967feeb3c9,1,fecf6223a3494f35362f670e571d2a04,3db66a856d18a9cba7c9241fc5221c50,2017-08-29 10:30:19,69.9,16.25
e22a3e8048469ea68906f666d446c25c,1,775596b5ab8f1cb5890c7263c1c92bc4,c731d18cea9bf687ffee82a241c25b11,2017-09-01 10:05:04,139.0,21.46
e2333353b1155d708cd57467bd7be121,1,a92044ede94468b593b5e4d92498f6c1,cca3071e3e9bb7d12640c9fbe2301306,2017-08-17 15:44:07,129.34,16.54
e24482f15e14b7c0adfe34b1c0542e43,1,6803077179d24889430188e03fafd31a,128639473a139ac0f3e5f5ade55873a5,2017-08-17 20:25:07,16.9,15.1
e24897d16e9e9993e55e91c606074d52,1,b0961721fd839e9982420e807758a2a6,1f50f920176fa81dab994f9023523100,2017-08-15 02:45:53,59.9,13.44
e24897d16e9e9993e55e91c606074d52,2,b0961721fd839e9982420e807758a2a6,1f50f920176fa81dab994f9023523100,2017-08-15 02:45:53,59.9,13.44
e248c45c398d43068b85a887c7e2a470,1,c6dd917a0be2a704582055949915ab32,7a67c85e85bb2ce8582c35f2203ad736,2017-08-15 13:25:19,99.99,16.95
e2676f5f513bf595fcbd506999db7c26,1,11bbef4e2a44601d9dd471aa1fb433e6,5c243662ce92d84573bfaff24c3e3700,2017-08-09 03:06:30,329.99,13.51
e26c49bee8a495cdc21b67ab5b2d413e,1,1c5bd6a742367ec4d654a0859523e880,1f9ab4708f3056ede07124aad39a2554,2017-08-10 02:55:31,119.9,27.16
e2cd000d3cc5a9067192e1b9f054d9c1,1,3e8dfc6cfd5a615318051a93140c0286,2e1c9f22be269ef4643f826c9e650a52,2017-08-28 04:11:29,119.99,16.28
e2d21f16357e9da293db665a9d8a646e,1,2136c70bbe723d338fab53da3c03e6dc,6560211a19b47992c3666cc44a7e94c0,2017-08-22 14:55:22,29.0,7.78
e2f221486e4e15ef55da8a8101d53b51,1,0fa5346b6f4924f70dd712764271c52f,0afccdb8a34ee5c79f7c06faf2b4d56e,2017-08-10 17:23:46,39.9,15.1
e30fb155cacfee81443d974ce9c8a2d3,1,107fde0930956120d1e13dd1062fbb46,11305281b50fff20ae8bb473f8e11876,2017-09-13 02:16:08,399.99,82.7
e31526204c93b55b21e55ef3e5a45f36,1,220bc6afbb138c2e99fffc0f9838afd4,85d9eb9ddc5d00ca9336a2219c97bb13,2017-08-10 15:25:23,27.9,14.1
e335a52111017a791750a77349aa2dbe,1,d7d5562fce331ad958ca6f57057b3526,7a67c85e85bb2ce8582c35f2203ad736,2017-08-23 14:25:28,59.99,17.67
e3530cef4397fa883a4cebaf1c967a80,1,6a23c2eb9acc78f8ec403be9c6210dd4,7c67e1448b00f6e969d365cea6b010ab,2017-08-30 08:04:53,129.94,34.27
e35b8d9f66d207952c74878ee321a213,1,e168af8b2f0d9319737c6a7a37904f9e,3586b8580d9c917874e053a1bb37b5ff,2017-08-23 02:45:30,29.9,17.6
e35b8d9f66d207952c74878ee321a213,2,e168af8b2f0d9319737c6a7a37904f9e,3586b8580d9c917874e053a1bb37b5ff,2017-08-23 02:45:30,29.9,17.6
e35b8d9f66d207952c74878ee321a213,3,e168af8b2f0d9319737c6a7a37904f9e,3586b8580d9c917874e053a1bb37b5ff,2017-08-23 02:45:30,29.9,17.6
e36d390b90de532ec095695e0fab74e5,1,7c1bd920dbdf22470b68bde975dd3ccf,cc419e0650a3c5ba77189a1882b7556a,2017-09-08 02:44:54,58.99,11.73
e373430e08d5873c363c0b4ac5a28045,1,9bd6de7d37cef435aacc25680a69db61,d91fb3b7d041e83b64a00a3edfb37e4f,2017-08-17 19:23:56,71.8,15.25
e37400ea2216206cb88f2d8c87b4aa35,1,f71973c922ccaab05514a36a8bc741b8,5dceca129747e92ff8ef7a997dc4f8ca,2017-08-28 21:15:25,108.9,56.04
e37462f737a59fcd8f12079e0e927205,1,a35a9f46dcee0a67c8c7ad8493eb4135,85d9eb9ddc5d00ca9336a2219c97bb13,2017-09-15 04:30:23,31.9,15.79
e37531db8933bdce0f86e9dc3768759e,1,b00a32a0b42fd65efb58a5822009f629,3504c0cb71d7fa48d967e0e4c94d59d9,2017-08-13 22:25:11,75.9,14.28
e37b307b6954ca1be0ac80b25209bf9b,1,f1c7f353075ce59d8a6f3cf58f419c9c,37be5a7c751166fbc5f8ccba4119e043,2017-09-06 14:35:31,195.0,0.0
e37fbd45af4b09e473cb0805b49bdca7,1,009af1277432f1a05742df69cdf72d1e,8f119a0aee85c0c8fc534629734e94fd,2017-08-09 14:50:13,54.9,14.13
e392e762463125f6436ee6719c03e4ff,1,ff3ac832869618856979ed4f8d770d4d,dbc22125167c298ef99da25668e1011f,2017-08-24 20:10:17,38.9,13.37
e392e762463125f6436ee6719c03e4ff,2,ff3ac832869618856979ed4f8d770d4d,dbc22125167c298ef99da25668e1011f,2017-08-24 20:10:17,38.9,13.37
e3b442a0dbd0eab458fb4d4abbead49e,1,51afee91e441387a77e232e59c3d6135,0df3984f9dfb3d49ac6366acbd3bbb85,2017-08-08 21:23:30,33.9,14.1
e3c0a2c7d7991400a33d2da89c86e6de,1,32d2110b4347d621efeef1269d734fb8,f8db351d8c4c4c22c6835c19a46f01b0,2017-08-10 02:30:41,89.9,16.39
e3cae08b363cf005d0fb962883122e57,1,53759a2ecddad2bb87a079a1f1519f73,1f50f920176fa81dab994f9023523100,2017-09-05 10:04:21,59.9,17.67
e3cd2c2657742a1f5c080b9be4dc7be4,1,cfd5ddef75ca55424c2ff83ed2c2ad75,db4350fd57ae30082dec7acbaacc17f9,2017-08-31 11:24:29,21.99,15.1
e3e5126cb05e7c16dd2ef864271fa8e6,1,952670bc019a73f0933157ec82ff6e4f,37be5a7c751166fbc5f8ccba4119e043,2017-08-11 02:30:36,205.0,26.27
e3f7c2f711bb7121c21b3ea7d6816d4a,1,2820a0ee65a765e5dbb7ef1da30d2f4f,b1b3948701c5c72445495bd161b83a4c,2017-08-16 07:15:09,379.9,15.68
e417011226af2bd3a4a21d51b2818e36,1,d7d5562fce331ad958ca6f57057b3526,7a67c85e85bb2ce8582c35f2203ad736,2017-08-09 18:05:49,59.99,17.67
e425680f760cbc130be3e53a9773c584,1,9ecadb84c81da840dbf3564378b586e9,1025f0e2d44d7041d6cf58b6550e0bfa,2017-09-08 08:30:17,38.4,11.85
e4313fe2f9d83782c9426892dc497ea4,1,d418ddef3e7017381084956220b00b9d,d91fb3b7d041e83b64a00a3edfb37e4f,2017-09-06 19:55:13,11.4,8.27
e43a94e0ef58ee8b2507c9176c7581d1,1,29427de7f8a9ee983d9dbc51cec569b4,7a67c85e85bb2ce8582c35f2203ad736,2017-08-24 02:15:59,99.99,17.95
e43be9f124c722dfb1d98eeb39b69484,1,a50acd33ba7a8da8e9db65094fa990a4,8581055ce74af1daba164fdbd55a40de,2017-08-14 04:04:29,117.3,25.66
e468907336f429e8433655cfcd02aca3,1,83de011a17eb6035fe818aa81832ac94,1da3aeb70d7989d1e6d9b0e887f97c23,2017-08-24 20:25:22,16.0,14.1
e4b96fef250adf4067371705b2289e3c,1,7dffa5a576c3022da3db58e3b829f886,86ccac0b835037332a596a33b6949ee1,2017-08-24 02:30:15,29.99,16.11
e4b96fef250adf4067371705b2289e3c,2,7dffa5a576c3022da3db58e3b829f886,86ccac0b835037332a596a33b6949ee1,2017-08-24 02:30:15,29.99,16.11
e4d08950321814112909360f9dca2e3d,1,f1c7f353075ce59d8a6f3cf58f419c9c,37be5a7c751166fbc5f8ccba4119e043,2017-08-16 21:45:08,200.0,15.01
e4d70620497883d192090b7a6d48441d,1,7ae8d9b8eca8a6daf066e53ddc7034d3,128639473a139ac0f3e5f5ade55873a5,2017-08-17 04:24:59,14.9,42.38
e4e87503e23bd920473b4bbe54e015b5,1,47b8c79d616369fd222f0bb68ea0293b,b2ac621f0d0322434d04a12b078b9369,2017-08-28 11:10:16,205.0,18.0
e5106297a2ffc7dc6e1156fdd748d382,1,b5e2d4b3fa2f9ecad4c1df951afcc8ce,432c37c9dfba871172ec162e20118b8c,2017-08-24 15:25:15,149.0,18.32
e5246a33b7ee0e4b0be573c4406b5ee9,1,d1c427060a0f73f6b889a5c7c61f2ac4,a1043bafd471dff536d0c462352beb48,2017-08-10 17:55:14,139.99,57.21
e5283432176f988a5d35d8f6b0711030,1,e36f2ca8d28257f884c9a4cf523e6d70,4a3ca9315b744ce9f8e9374361493884,2017-08-31 02:10:17,293.0,13.9
e5283432176f988a5d35d8f6b0711030,2,c3adcd846a294794059da678fb939220,4a3ca9315b744ce9f8e9374361493884,2017-08-31 02:10:17,93.9,18.53
e5283432176f988a5d35d8f6b0711030,3,7340a3839a1de1e99d149b8cf052a2ec,4a3ca9315b744ce9f8e9374361493884,2017-08-31 02:10:17,69.9,18.53
e543b020936a3e9d38da0839c47bc358,1,f71f42e2381752836563b70beb542f80,85d9eb9ddc5d00ca9336a2219c97bb13,2017-09-19 22:35:21,31.9,34.15
e546da8f5a68e30c67e5cdbb75a3447f,1,ebfe7a4ca40dd34375e373405a114c32,a2e874074c877c5a05abae80ad6e488f,2017-08-10 16:25:16,48.89,15.1
e5529743a1c280328cb7fa14a08b69dc,1,e8b54d5aeae0ec3077cd89301a9c6023,50c9975695009e5e6473912e83a6d1da,2017-08-28 12:26:31,22.5,20.26
e5529743a1c280328cb7fa14a08b69dc,2,e8b54d5aeae0ec3077cd89301a9c6023,50c9975695009e5e6473912e83a6d1da,2017-08-28 12:26:31,22.5,20.26
e558bf8bb8fddae947c5ab3a53b8ff64,1,ac6d5ee8041a6228a27fcf80a063b7f8,86ccac0b835037332a596a33b6949ee1,2017-08-30 22:50:17,352.9,18.23
e55d0223c37b4e75982efffd10fcdd39,1,6c3effec7c8ddba466d4f03f982c7aa3,37515688008a7a40ac93e3b2e4ab203f,2017-08-23 02:45:15,19.9,15.1
e55d5c08b9e26113f2f0b5b9ee191b65,1,c556dfe03a2efef617497a3de58cb44d,7e93a43ef30c4f03f38b393420bc753a,2017-08-31 11:45:39,185.99,19.84
e56d6e36145ccad4895538d379ac3552,1,130482add9fd75ccb6c57ba007694a2d,87142160b41353c4e5fca2360caf6f92,2017-08-24 20:44:27,105.0,28.11
e573367a96703bbbe12a217e5b8b507a,1,1a428b685ede76217c9efb550c4aaa59,d2374cbcbb3ca4ab1086534108cc3ab7,2017-08-21 22:15:18,22.9,11.85
e583169435fd3724212034fc16805ee0,1,f177b434709ecb652dbee4f4b19aef2f,d98eec89afa3380e14463da2aabaea72,2017-08-15 21:05:18,29.99,15.1
e588764e20ea16aa323300b4b52de660,1,abe236a52dbc43e90bad00fe6d794582,6426d21aca402a131fc0a5d0960a3c90,2017-08-13 22:45:17,59.9,17.99
e5890882225102403ce999fe5db85f83,1,0968920dc8f4359a307bae3d69169e12,4a3ca9315b744ce9f8e9374361493884,2017-08-21 20:45:07,109.9,26.05
e5abf89c50ab4087ce3b700ae5dac49a,1,e2b02dadb01104e3f9f588311b3f2612,3bb548e3cb7f70f28e3f11ee9dce0e59,2017-08-18 14:35:17,109.9,17.21
e5b1297afacdaf34c9b32c69a37bfa59,1,df480c7d3f979093ac4c2d1109e78289,7e93a43ef30c4f03f38b393420bc753a,2017-08-31 14:24:23,669.99,27.01
e5c7ffa799e1c5ba20007aae8e48a824,1,abc441040d9aaf2e1ad52c2309873c04,bbad7e518d7af88a0897397ffdca1979,2017-08-28 10:32:39,19.9,7.78
e5cba854ed90614d4334d4c5fa4fcbcf,1,742778ff0ce574b84b7ed2fb0788cfd2,638cba8be1fb599bbb76fd6948351eb3,2017-08-22 16:25:18,29.9,11.85
e5ceeb853f293840691322fbb8f532e0,1,eb66cf8eb505819c951a23b4714fcd39,ececbfcff9804a2d6b40f589df8eef2b,2017-08-15 17:25:16,34.99,11.85
e5ef5de6da3c56ad874373fb7c10c53c,1,8d404ec088b339aa069d726152e21cc3,c8417879a15366a17c30af34c798c332,2017-08-30 18:33:39,16.0,8.72
e63bc1942e2cd8ad08839b0032149b58,1,4c1bbc12438daec98a77243c2bf7a3ba,7c67e1448b00f6e969d365cea6b010ab,2017-08-25 19:24:40,146.99,56.31
e646693de81fdeb786896ccf5518d750,1,7402c8cf69df715729b26da0ac2cc721,2fb25ab44bdbeae6a4d816e0d0c9d500,2017-09-04 02:56:03,69.0,9.27
e647bf617de735448a4ba54f8910393c,1,f03859e4cc21018569f5ae7a03897ff4,7299e27ed73d2ad986de7f7c77d919fa,2017-09-04 13:50:21,49.99,15.1
e6645cd574bfc71b276a102797036491,1,eaa26a34984cbfedc19b1e45f09f3c9a,18a349e75d307f4b4cc646a691ed4216,2017-09-01 18:30:20,86.8,14.36
e6672c091e9d18df1e70a72b3edcf422,1,be5353e2c543ba4f67831f95d3775420,8b28d096634035667e8263d57ba3368c,2017-08-17 00:45:14,18.99,15.1
e670e635e13b902d8de6bdb5026d9a88,1,c6336fa91fbd87c359e44f5dca5a90ed,4c2b230173bb36f9b240f2b8ac11786e,2017-08-31 02:50:20,45.9,14.1
e674cdda4bf52dbd8a4a8c474660dbbb,1,42c9f35641e6be42fa5a86a7b2ea46e4,3dbbce181edfaa4a597ec858c382d2ec,2017-08-29 02:56:01,89.9,21.03
e67f76501c34f4adb5587ee50a6474c6,1,d3fe643e9d50205d020e32aaf5eea00d,282f23a9769b2690c5dda22e316f9941,2017-08-29 18:06:53,64.6,21.25
e68631ba647225f307d0fa392cc1fa13,1,f8e02d03ec6d8976eb802198aab5b4bd,df560393f3a51e74553ab94004ba5c87,2017-08-08 02:50:16,63.5,16.2
e68631ba647225f307d0fa392cc1fa13,2,f8e02d03ec6d8976eb802198aab5b4bd,df560393f3a51e74553ab94004ba5c87,2017-08-08 02:50:16,63.5,16.2
e6a09c11fa9d7a43d90955406cab553c,1,fb05d01823da2c4e90924c5486134808,4a3ca9315b744ce9f8e9374361493884,2017-08-21 08:05:24,126.0,12.38
e6b8a58ccfa6a2daf8c04bcf0bf2fd5a,1,706982d4d1d9841dfd470b6fe10f8614,5dceca129747e92ff8ef7a997dc4f8ca,2017-08-10 15:50:06,898.0,79.01
e6e4c9655778e65e9552db273eff3852,1,aed75ad669fbebd5a385ac7cc2ae7573,17f51e7198701186712e53a39c564617,2017-08-28 17:15:10,550.0,70.82
e6e52c6218b2df16cbe22de214b16fb0,1,2635c3e7db0ac6cb3e733cac61ce0ba5,f8db351d8c4c4c22c6835c19a46f01b0,2017-08-25 17:06:34,26.9,9.94
e6e5658805bb34a4ba873cb271def02c,1,99a4788cb24856965c36a24e339b6058,4a3ca9315b744ce9f8e9374361493884,2017-08-23 02:50:35,89.9,17.88
e6ed19491b2a8932cadafcf68e2745e3,1,43f25e2d90564285fb5c94866a5a3287,0e44d110fa6a54e121cb2c095a77762f,2017-08-16 21:50:18,11.99,15.1
e6f47b34d1d4104694e01fa73d072d5c,1,5e56d835ab5e03badf5a23368f777341,8b28d096634035667e8263d57ba3368c,2017-08-22 20:35:21,158.9,15.86
e6f4802ce2213981609f7384568b3a1d,1,7614c62b86a81021243e438cfde78ccc,900ba814c251a692506d7834c1218441,2017-08-30 10:24:32,503.34,15.86
e70079a333e4ddca8787daf05873a6dc,1,630e1e89b84dc36567deec47c7e373b1,dc8798cbf453b7e0f98745e396cc5616,2017-08-17 11:23:56,64.9,7.78
e709c7cfc846b9fc5df47d1ed1bdfd17,1,7a7be236d8368315680071df4209dd4e,b14db04aa7881970e83ffa9426897925,2017-08-15 20:45:10,55.0,17.64
e709c7cfc846b9fc5df47d1ed1bdfd17,2,7a7be236d8368315680071df4209dd4e,b14db04aa7881970e83ffa9426897925,2017-08-15 20:45:10,55.0,17.64
e710c7377f2f29b3d369420d354b5abb,1,86f2416d4670e4ea3ca5494d043d9f24,7c67e1448b00f6e969d365cea6b010ab,2017-08-14 16:55:12,159.94,33.51
e7171879cabb5e67b8df36332795315b,1,550dc4417c636abc04c71404342de695,25c5c91f63607446a97b143d2d535d31,2017-08-10 14:03:50,149.9,16.81
e71fb32bec49dd4112bcbcc19126d388,1,725cbfcaff95a4d43742fdf13cf43c75,3504c0cb71d7fa48d967e0e4c94d59d9,2017-08-08 22:25:18,44.99,7.78
e72f2609834d85254ae5c812097a437e,1,b0c025bfe73a24057cb15eeab19ebdf2,01cf7e3d21494c41fb86034f2e714fa1,2017-08-17 09:03:58,149.9,43.08
e7374ec864786dbea6a5478d93332e1b,1,152d8bb1e16d0a4f567c7cece5e92b6a,004c9cd9d87a3c30c522c48c4fc07416,2017-08-24 22:30:06,177.99,16.88
e778abcc21ac8c885cf25e865e3ac49b,1,186fe07c8b8005ec6a498587ffbc1352,6560211a19b47992c3666cc44a7e94c0,2017-08-11 13:23:30,29.0,7.78
e78664f2a1feab812e748b0d19162c46,1,bc0d01d2910d7201e558804df7d7f5a4,638cba8be1fb599bbb76fd6948351eb3,2017-08-29 02:46:43,29.9,8.27
e7a399d4c4bdaa4f83d736becb1ceebb,1,edfbb2566914ddd223d3bd6fa1e9693c,8444e55c1f13cd5c179851e5ca5ebd00,2017-08-24 07:45:09,305.28,15.16
e7a8ad4c0e5f135b0e6502878f493e2d,1,9598f6cd8a6b8adbb542aca0635794f9,fa1c13f2614d7b5c4749cbc52fecda94,2017-09-06 18:05:27,339.9,17.13
e7a90091a5751ae67d5c457f53bda1fc,1,083ffd30820b592e294de7ed668ff975,f8db351d8c4c4c22c6835c19a46f01b0,2017-09-01 10:10:11,49.9,8.27
e7bb8b6a68e9a70258374f9993b47de7,1,5a419dbf24a8c9718fe522b81c69f61a,3504c0cb71d7fa48d967e0e4c94d59d9,2017-08-10 16:15:06,44.49,11.85
e7c93d513c10924fe1f15a0838e4ce95,1,83e68070fbf16ac859fc13285a5ba9ba,ef506c96320abeedfb894c34db06f478,2017-08-08 00:35:16,28.99,7.78
e7cc5ff6366f7cc76c9285821a91b5c2,1,a71f212d0b63c6c197437b928234b8bc,4ba52dfeba874da5b9ee7b17c7494f04,2017-08-16 13:30:23,130.0,13.93
e7dd506a63f07f307075dd46a6a5f41b,1,f1c7f353075ce59d8a6f3cf58f419c9c,37be5a7c751166fbc5f8ccba4119e043,2017-08-20 21:45:05,200.0,15.01
e7e735358f151cb9a27b67b559cb1402,1,a2abc65fbaa1761f0c6a88512db4719f,8bd0f31cf0a614c658f6763bd02dea69,2017-09-04 05:32:10,199.99,78.42
e7f7f03bc8d696fdb62476341f1506f4,1,3779f2d78a8cc041bcce56232d83befb,6338ea67c41078a46ad99cc009654956,2017-08-30 11:10:09,69.2,19.72
e7fbf44c317d9ac6b87b0330fed92f1b,1,7d187801885842645486f00fb166f378,d91fb3b7d041e83b64a00a3edfb37e4f,2017-08-28 08:45:24,14.9,25.63
e7ffbd51295367d5f8a78ba036ac2b49,1,f1c7f353075ce59d8a6f3cf58f419c9c,37be5a7c751166fbc5f8ccba4119e043,2017-08-28 17:30:10,200.0,15.01
e80607d735f571309e8438fb2ca4f594,1,5357a190f1759dc5ff9bea83eb195b14,b5e3e38609125694d2ea2417522a60b7,2017-08-24 19:05:13,21.99,9.27
e80bb64fc4adf8e66ad79b258eb329da,1,154384dc7ddd772829294c13674dc719,4d6d651bd7684af3fffabd5f08d12e5a,2017-08-07 22:10:21,129.8,15.66
e81f9367113fbd126f1b01da8b50f0f3,1,ed2c05310cf23e947151d937c2571831,77530e9772f57a62c906e1c21538ab82,2017-08-10 17:04:08,49.0,15.79
e81f9367113fbd126f1b01da8b50f0f3,2,ed2c05310cf23e947151d937c2571831,77530e9772f57a62c906e1c21538ab82,2017-08-10 17:04:08,49.0,15.79
e87cef857d6e092b7352e1fb48a82de1,1,5370b82a213393979691c98074265584,834f8533b2ecb6598dd004ff3de7203a,2017-08-21 03:25:22,103.37,13.28
e87d63870bcff2f72abfc64454bfff05,1,10f2fea49b203930a1f4c0a3a892d960,638cba8be1fb599bbb76fd6948351eb3,2017-08-15 13:44:08,12.5,11.85
e884a5f13002803a9e393c21d0c1b257,1,e15cee02291017f6f12b4115ffb417e6,391fc6631aebcf3004804e51b40bcf1e,2017-08-22 13:30:18,24.75,17.92
e884a5f13002803a9e393c21d0c1b257,2,e15cee02291017f6f12b4115ffb417e6,391fc6631aebcf3004804e51b40bcf1e,2017-08-22 13:30:18,24.75,17.92
e884a5f13002803a9e393c21d0c1b257,3,e15cee02291017f6f12b4115ffb417e6,391fc6631aebcf3004804e51b40bcf1e,2017-08-22 13:30:18,24.75,17.92
e88c197e0c1617f8ea8f354d95258d79,1,982565327a800a467fffeac070672ea6,87142160b41353c4e5fca2360caf6f92,2017-08-16 00:30:17,79.0,18.79
e88f2d374afb179c85305c2e855f9d04,1,8338cef8355d238f43711dcb9c0657b2,cca3071e3e9bb7d12640c9fbe2301306,2017-08-28 16:08:44,45.9,10.75
e88f2d374afb179c85305c2e855f9d04,2,ace5d86cf1ac63cdb76f49e5cd23d2f8,cca3071e3e9bb7d12640c9fbe2301306,2017-08-28 16:08:44,50.9,14.64
e89b13d12a0a1f7d9e4c432de0363654,1,90ba8b896e0237e45804c8da0f058dc9,f4db9b37944bcb8873e6b456ee190bbf,2017-08-23 23:10:09,129.99,12.11
e8d3219c027c07fb152bc267d5e437fc,1,c4a4f6326493ee449e618f0143d290fd,1da366cade6d8276e7d8beea7af5d4bf,2017-08-18 17:45:09,424.0,104.41
e8df3922b27283e487dfe7c7c0eb149b,1,cdef49b7bb863e9db298e7868ddf93e3,6560211a19b47992c3666cc44a7e94c0,2017-08-24 02:26:25,56.0,14.14
e8e6d889f4d8a89fdcae9bdd473117d7,1,d9f29c5e92ade1d2ed40235c56445b58,2b1a40c1daabc6ca280c4b815c101841,2017-08-16 19:50:26,698.98,127.88
e8e6d889f4d8a89fdcae9bdd473117d7,2,d9f29c5e92ade1d2ed40235c56445b58,2b1a40c1daabc6ca280c4b815c101841,2017-08-16 19:50:26,698.98,127.88
e8e6d889f4d8a89fdcae9bdd473117d7,3,d9f29c5e92ade1d2ed40235c56445b58,2b1a40c1daabc6ca280c4b815c101841,2017-08-16 19:50:26,698.98,127.88
e8fd20068b9f7e6ec07068bb7537f781,1,0df37da38a30a713453b03053d60d3f7,218d46b86c1881d022bce9c68a7d4b15,2017-08-17 21:35:26,356.0,18.12
e8fd20068b9f7e6ec07068bb7537f781,2,0df37da38a30a713453b03053d60d3f7,218d46b86c1881d022bce9c68a7d4b15,2017-08-17 21:35:26,356.0,18.12
e919a8a3ee2a37858e8b5136a6ac5fd4,1,b7733895fca54f6ce4af8c29a3056680,bd0389da23d89b726abf911cccc54596,2017-08-24 02:35:19,69.9,15.93
e92495a2d1ba8587502a3cb99e5325e7,1,a6f2ba5bb6d6d36ac92ed1faf4d123f2,b90e891671cffd9557f33a97dc523645,2017-08-28 17:35:28,256.0,15.54
e93d4bbea9f3bfbce59cc83e6a663437,1,aea5937ba2b757b9fc5017f2d11f288f,888faa8bfb0b159c37de6d898b961c31,2017-09-05 02:05:28,46.99,17.6
e9435c6647559b99f3fd1fb54fb566eb,1,ef0e165d773ec293c5aeb5470a08b183,7ddcbb64b5bc1ef36ca8c151f6ec77df,2017-08-15 19:43:40,134.99,19.48
e95356181d857128f9a0eb779ad36381,1,0aabfb375647d9738ad0f7b4ea3653b1,37515688008a7a40ac93e3b2e4ab203f,2017-08-24 02:30:43,19.9,11.85
e972859dd2d7d7681b40ecd41a465361,1,389d119b48cf3043d311335e499d9c6b,1f50f920176fa81dab994f9023523100,2017-09-07 23:15:18,59.9,17.67
e97c5b2fbc059aff15280edf4ff75dab,1,0c5aa7be5dfd5c67689eef12b537a466,bd0389da23d89b726abf911cccc54596,2017-08-22 03:30:23,49.9,8.11
e99d985e66dc0f62859946b86b5beaff,1,381f27465b52fd5f9fe3b668e53c1eb7,9674754b5a0cb32b638cec001178f799,2017-08-10 18:03:28,38.0,9.34
e9bf6a3daf9c2966192eaa98b5afb617,1,9aedf557945e816d48539ee56293f860,53243585a1d6dc2643021fd1853d8905,2017-09-01 18:44:58,1100.0,37.11
e9cab75516e866c8b7aba5ab87a7024b,1,e282624d8c82e04983f125e167eb4521,ea8482cd71df3c1969d7b9473ff13abc,2017-08-31 11:05:36,17.99,14.1
e9e55b29d529e773405084277bdf7659,1,f102842fbe436027eeeb7fc76d3063aa,87142160b41353c4e5fca2360caf6f92,2017-08-18 13:55:16,34.9,33.24
e9e856785fb0793e8ebc749b65858a89,1,f48b7a74ac33f4a15d4dcf0b549ec7a8,7142540dd4c91e2237acb7e911c4eba2,2017-08-25 18:06:40,59.9,13.44
e9f01d29281098ee776a7954eae03dda,1,3a4c258c71b027dfe480fdb608e2d9a1,7142540dd4c91e2237acb7e911c4eba2,2017-08-28 15:55:18,84.9,17.84
ea1e1ffc5007718537ed671406b8538d,1,d26580768894ea0cdc9f19dc672956c2,d50d79cb34e38265a8649c383dcffd48,2017-08-16 03:15:36,169.99,27.51
ea2246b752ee2b7a1880cc4855171a1b,1,316f27506e0f2a39700f801e859576eb,8f2ce03f928b567e3d56181ae20ae952,2017-08-24 02:31:09,99.9,21.19
ea2a61e3a57414402f9c6dae7b04cddd,1,5994a2fdff4b0f9ca4376c4226adb442,33a17d60c64393351ebf1ef860f4e0f2,2017-08-17 02:55:38,129.0,19.76
ea39d327906c9e8540a9b0f5004dcf46,1,fe6e5de30335f28d5c71820661ce4019,48fb026ed7455a42f5d3e9390ed5088e,2017-08-15 00:43:27,34.99,16.79
ea3e22446f2bda3a8433d3147b5486fc,1,22f49044bc3eaead7cadfb045391582f,4a3ca9315b744ce9f8e9374361493884,2017-08-30 17:35:20,89.9,12.97
ea43bc65126ad69392a37907bd400c49,1,a3f986f6c4400aa6545d224be435f812,01cf7e3d21494c41fb86034f2e714fa1,2017-08-14 21:55:12,125.9,20.12
ea512642f80b37ce170a8d385d424e3e,1,27a8b41684f77dd86572fa185bc143ba,44073f8b7e41514de3b7815dd0237f4f,2017-08-22 10:04:42,35.7,17.63
ea6151036572e7eb2ba1a80c5741ebd4,1,53759a2ecddad2bb87a079a1f1519f73,1f50f920176fa81dab994f9023523100,2017-08-10 10:10:16,59.9,37.97
ea6180f0dae5d1e801939463789f2c3a,1,15c6285354cb4294fba984d48fd19805,65a7c0788e4d632ccb5e1b594b87f0bb,2017-08-23 23:24:40,109.9,17.02
ea73df32b183eafce925fe41bad50bdc,1,a5ae8400fc9fcacd4af585a57bbf264a,66922902710d126a0e7d26b0e3805106,2017-08-30 22:30:07,120.0,23.71
ea764419097374269907e79452553f51,1,f4be3cfe721d891dab8f4025132fe7c5,41b39e28db005d9731d9d485a83b4c38,2017-08-24 17:50:20,34.9,9.34
ea7aebe35fe8b4aa33f2ab7ed531eebd,1,2c1559e64bc92171b52fdaea272cbf39,48162d548f5b1b11b9d29d1e01f75a61,2017-08-22 21:25:24,124.8,16.63
ea88f68397901f59ed9456a77f861c72,1,e3d56b75987accb32f776ba6c710913e,bd4889b5e9133b35b66e42a8665cea5c,2017-08-21 23:05:17,100.0,17.95
eaa0211ae0667cb758713505ee149479,1,eaecac42c42a65691bc3662b123e884d,916748bc99315c2d202898ae58b1617e,2017-08-25 12:45:40,15.0,8.27
eaa4712e8612ed4b8989c08e09fee1f7,1,718fd998840023f0abc77f4ea97e6018,3df020b72d3d44b3af9d110fa3940b65,2017-08-10 13:40:09,49.9,16.11
eaa4712e8612ed4b8989c08e09fee1f7,2,718fd998840023f0abc77f4ea97e6018,3df020b72d3d44b3af9d110fa3940b65,2017-08-10 13:40:09,49.9,16.11
eaa6e85721460c83524a1269a2113037,1,fa4e8255202fd921350a6fc716710dae,2b3e4a2a3ea8e01938cabda2a3e5cc79,2017-08-30 02:46:54,267.99,15.63
eac07a0dbd3a43600f76d084fb472e63,1,d79868fbfc500d54ebab71dca6ebe5b2,0b18d63d0cd1d723567903fd34a07df2,2017-09-01 16:44:31,189.9,18.58
eac1fde2c419db91e5e85525ff33fbc9,1,49d89239eb92d383e390b38b9bb792c6,3d621842b2ed28e2b474132480edac3c,2017-08-07 22:35:14,14.99,25.63
eadd7dba4c87a895126c2cc2f33b30aa,1,9372674c33091b1a6cbcb8ddb9c6f073,cca3071e3e9bb7d12640c9fbe2301306,2017-08-30 13:30:20,72.9,18.1
eadd7dba4c87a895126c2cc2f33b30aa,2,5920a5f8a50972ae043bc4fdff2c7173,cca3071e3e9bb7d12640c9fbe2301306,2017-08-30 13:30:20,72.9,18.04
eadd7dba4c87a895126c2cc2f33b30aa,3,5e6839a9bdfcd4d454d5f48b4f681f30,cca3071e3e9bb7d12640c9fbe2301306,2017-08-30 13:30:20,72.9,18.1
eadf1db71815b513cf62a49e9c6416fe,1,27535386be7362e36d9e78c2afb8c0e5,94144541854e298c2d976cb893b81343,2017-08-09 16:25:20,1199.9,41.29
eaeda5b9e869c82e60f0a3281c38fa58,1,dc881ef926ca402063ea142afc83874c,7aa4334be125fcdd2ba64b3180029f14,2017-08-24 09:45:19,87.99,13.64
eaf073079dbf6ebac22213d250816e2b,1,d86a0708a75b7ba0080d94dc632fbc23,f0e103c63864d5405b958d984b6e94c9,2017-08-18 12:24:08,19.9,7.78
eaf654ecfd0270019b5a997aad141e80,1,8be155e42d9bde2616787ea27963ca71,25e6ffe976bd75618accfe16cefcbd0d,2017-08-17 19:15:16,15.0,14.1
eaf77fff2564e301d10b2a335babf44b,1,9c7dc7b21d811c74d038e40a5c13fce4,75fbb52eda0cbc24f479d3b2fbfa8d3e,2017-08-11 15:31:53,19.9,21.15
eb0a128259780bab9b612db54eaa8eca,1,eaa26a34984cbfedc19b1e45f09f3c9a,18a349e75d307f4b4cc646a691ed4216,2017-09-01 18:30:17,86.8,15.36
eb1d0d94d6bc790ec20faa649d68f58e,1,f71f42e2381752836563b70beb542f80,85d9eb9ddc5d00ca9336a2219c97bb13,2017-08-14 03:55:47,31.9,12.48
eb3380fa24705b5a44ac256335e66f9f,1,184f6e7e403fe477af4b1a02b9d432e4,23613d49c3ac2bd302259e55c06c050c,2017-08-28 10:50:32,89.9,25.47
eb5172e93de57cf8ef81ec265d86bcb9,1,65ce839c7967ed73e05471cbd4cb2ec1,2009a095de2a2a41626f6c6d7722678d,2017-08-18 15:16:06,36.9,12.69
eb5201600668a3cd864c0b28f54c212a,1,9cb3c4a5a0a1c8536b2651af5f73e403,da8622b14eb17ae2831f4ac5b9dab84a,2017-08-17 02:55:24,84.9,10.38
eb5201600668a3cd864c0b28f54c212a,2,283dc451ad3918badb976d56ff887289,da8622b14eb17ae2831f4ac5b9dab84a,2017-08-17 02:55:24,89.9,22.83
eb57972c6cfa3067ea9b140a6d16a985,1,d6d88b596b8166f1094d9fcef020a074,a23266650e7c84bb93fbbba502137478,2017-08-10 14:05:26,70.9,12.63
eb663148871943b62e1729add83f8051,1,c896aa5b12fcfbb05d648eab1240f407,b4ffb71f0cb1b1c3d63fad021ecf93e1,2017-08-21 15:55:17,34.0,15.11
eb795a5667832abcb7d022144fff72eb,1,f1c7f353075ce59d8a6f3cf58f419c9c,37be5a7c751166fbc5f8ccba4119e043,2017-08-22 22:35:12,200.0,22.24
eb871e7c2357db8ff47fae46e9bee63d,1,1b06c90f0a31f14d0f505323b5723a80,f8db351d8c4c4c22c6835c19a46f01b0,2017-08-11 09:15:10,55.9,16.15
eb8f4a89b1e0d647cd917487b06bed58,1,e2e426d1332240070b0a836a854d057b,cce6ab8d1682639fe45ab70234f1665f,2017-08-23 07:05:14,40.0,16.6
eb95318c123e12f8213e02bd24fe4118,1,d00f6c52d2730de05fb409f09ab6e732,d9442042130b7fe579d1295f9f4a248f,2017-08-16 07:26:45,46.9,19.84
eb95a4c291f6bc5ae2db8d266d20058b,1,25bf7c5e5f9d008845212122805014e5,d2374cbcbb3ca4ab1086534108cc3ab7,2017-08-22 16:10:12,18.9,15.1
eb994ff501ea0ee354f36776225f3fb5,1,a02d0123079f4ae96001ba2010d1a2df,1025f0e2d44d7041d6cf58b6550e0bfa,2017-08-11 13:04:21,360.0,41.45
ebb616297d99bc328a845d4eee057027,1,b142d7aed19ed6df9da4eafdc297afde,70a12e78e608ac31179aea7f8422044b,2017-09-04 21:24:26,59.0,15.16
ebb764cf2623a3a2d00b4d06978f16bf,1,e6527bcfddf9f66f0b073cdb2e0df89b,75fbb52eda0cbc24f479d3b2fbfa8d3e,2017-08-17 07:10:13,19.9,25.63
ebc613372bc147f1df63ad340e4b9bf5,1,461f43be3bdf8844e65b62d9ac2c7a5a,4869f7a5dfa277a7dca6462dcf3b52b2,2017-09-11 17:05:38,169.9,26.47
ebcb5b268095abb9ff8739f83b939864,1,43e6aab5f2602eb0af739f270de920d5,3be634553519fb6536a03e1358e9fdc7,2017-08-11 15:31:22,15.9,11.85
ebe70675ae793b444779a82a58b30e91,1,0bb7cb61f1957f79dac582ab66ccdc1f,e26901d5ab434ce92fd9b5c256820a4e,2017-08-15 04:24:34,23.9,16.11
ec00dde786ff2f5a34dda004de0b76cd,1,7e6efb6234ccd3b54843b5413d78165e,5a8e7d5003a1f221f9e1d6e411de7c23,2017-09-04 03:04:09,89.9,9.44
ec1b5ec39466f6bb902936532ae76e6a,1,db51982bc43b26164c29605b8ed140d6,2138ccb85b11a4ec1e37afbd1c8eda1f,2017-08-07 15:12:00,32.99,16.79
ec341c54a5ebf8ee0a67a8632aa7579b,1,22f5b63060a1185e5ec7721efd622321,4c8b8048e33af2bf94f2eb547746a916,2017-08-31 17:04:12,14.82,15.1
ec4015e0b9b735844b7b6c8066835378,1,0ef32bf6866d39b5b0ae604798ecdae4,f789d2c4f2c2eb38fc4373e7a4b35264,2017-08-09 10:05:22,74.99,16.96
ec4e8ed85c9970f388bee1ee69bb2ebd,1,059fb7d4b3383690a65610a1d6320e7e,70a12e78e608ac31179aea7f8422044b,2017-08-31 00:10:23,15.0,15.1
ec60b0d63f32dc9f14da8503a72af821,1,d6ed08469f23517f07ed6bb451361298,b372ee768ed69e46ca8cdbd267aa7a38,2017-08-22 23:04:32,150.0,15.8
ec62b3973b3cc7a8d4d94daeb883b9d9,1,d0d16f5960bcd2ebeea321a525f44067,7e1fb0a3ebfb01ffb3a7dae98bf3238d,2017-09-05 02:10:19,254.0,13.28
ec7271618387fbc4779b6de5654cfb57,1,6d33559681ad82d2e835b1cb587d2ce3,0bae85eb84b9fb3bd773911e89288d54,2017-08-15 02:56:01,35.12,16.11
ec782ac14bf00e8e5a69b7ac88c330e9,1,9b9d1c4bd979b93c138044e032f99780,7a67c85e85bb2ce8582c35f2203ad736,2017-08-08 13:55:18,99.99,19.94
ec84e555ec0c06ea52e4cd6051f68802,1,d221b0b65668b701135753c952b7a5f5,01cf7e3d21494c41fb86034f2e714fa1,2017-08-17 15:05:18,217.0,78.81
ec85c27a8b665a26a66f773bef603731,1,656e0eca68dcecf6a31b8ececfabe3e8,9c0e69c7bf2619675bbadf47b43f655a,2017-08-09 16:50:16,109.9,8.51
ec9438263957e65a13f13af7e283b7af,1,42c0e34ecbd01632df00dc96670c92a0,fa1c13f2614d7b5c4749cbc52fecda94,2017-08-16 14:35:13,249.9,13.25
ec9e227f8a374794d57840d65e9a8ace,1,64051126507bdb875c1baf5b3b5a9a98,9646c3513289980f17226a2fc4720dbd,2017-08-25 06:25:50,48.0,9.94
eca263405c1efe4ad165ef533868620f,1,601a360bd2a916ecef0e88de72a6531a,7a67c85e85bb2ce8582c35f2203ad736,2017-08-16 21:50:15,118.99,17.08
eca79ed411acb63a03e097fa18411797,1,86f8507285c074360ac0969d4a664895,0ea22c1cfbdc755f86b9b54b39c16043,2017-08-22 03:10:22,39.9,14.1
ecab0ef57dde393108e5c0821c684f70,1,7cda44af27723d9cfaed9a75d4bd2c25,a17f621c590ea0fab3d5d883e1630ec6,2017-08-29 02:56:17,20.33,16.79
ecab0ef57dde393108e5c0821c684f70,2,7cda44af27723d9cfaed9a75d4bd2c25,a17f621c590ea0fab3d5d883e1630ec6,2017-08-29 02:56:17,20.33,16.79
ecd2518a4804d4d780d1347c4852af03,1,237428d1c44f69d9f7eb073c1baf34e5,134a288e7de827ec5ec62e3ec9c3a295,2017-09-04 05:33:09,102.0,8.91
ecd519812fc16942120ac1f9ccdc4105,1,b7edca604f2668c0f41fc7731fe640ba,fa1c13f2614d7b5c4749cbc52fecda94,2017-08-10 22:15:26,279.9,9.21
ecd6c4b673e81e3ba899f65b2135ce70,1,c6336fa91fbd87c359e44f5dca5a90ed,4c2b230173bb36f9b240f2b8ac11786e,2017-08-23 20:25:21,39.9,8.72
ecd8ba33ab5ecfaf1e454c1ff3889b27,1,2e8e86c56790104d65709ca485a26281,6d66611d7c44cc30ce351abc49a68421,2017-08-14 12:10:09,49.9,17.63
ece5a3af75e2c8f290990d36bdf05ef9,1,11671ad86b98844d1d40f79a7f3ba1be,827f8f69dfa529c561901c4f2e0f332f,2017-08-28 13:35:46,27.9,14.1
ecf00baec9a9c525884afca18d5d3cad,1,53b36df67ebb7c41585e8d54d6772e08,4869f7a5dfa277a7dca6462dcf3b52b2,2017-09-05 07:04:03,159.9,15.87
ecf330e2463767d0a37a17786360899b,1,d4566d732d7cd4770e835f275a5aaa64,3f0e48d209018b466fcd3bb4ccfeb520,2017-08-10 20:03:31,599.9,18.96
ed08d32792c528ba9942fd6b9e95cadb,1,a5215a7a9f46c4185b12f38e9ddf2abc,53243585a1d6dc2643021fd1853d8905,2017-09-05 16:45:24,1100.0,40.15
ed0e7f24f9eadad43edce801270a981e,1,387f6bcd327b1e561b822dc4a2b313d6,850f4f8af5ea87287ac68de36e29107f,2017-08-07 18:05:20,789.0,22.77
ed0edd95111e6009c09c7bfc31be1e26,1,c8abdbe349a97073e7aebc795be55bd8,6a0cbc8af2e8abd1bdfb777943d174c6,2017-08-31 11:10:19,111.9,16.41
ed17f0572bc6ccdacbb220b282a6387c,1,6843fcf2daa799e469f08d9ded452d01,75d34ebb1bd0bd7dde40dd507b8169c3,2017-08-10 02:15:17,89.99,21.43
ed1a38eb0ec41e0051d7efc7552388dd,1,26899f5647bfc3a0dfa37e0cf00931e7,febab0275244b9a49a623f0bd613ca2f,2017-09-08 02:50:16,18.5,7.78
ed4a172213a7200e76de6bc76fc586d9,1,7c7588d9c0e7596f400f129e8bfecb03,3d39fbf22a665714baf62fae36029e23,2017-08-22 09:15:13,224.9,10.79
ed514599a6591d1a2df80bef99bbbf59,1,71b3b750619385c825054d16cd9584d0,1554a68530182680ad5c8b042c3ab563,2017-08-10 01:43:13,119.9,14.57
ed6bd5133891ca77ad3ade9726a6af7b,1,167b4b8c4bd0c401bea62f5e050d70a4,25c5c91f63607446a97b143d2d535d31,2017-09-08 02:56:02,149.88,16.81
ed6cb5a169c4568b5d2b4c7beacc52e0,1,7bcf2266b78ccc737b8f26f925d3c5d4,1464afc72f696af775557a821c2e253f,2017-08-24 18:25:08,42.9,25.63
ed75cc8989121918832e0dcd3de3b3a7,1,ad52cb93ae060c9bdd776831a915e94d,2f09f7d37a97956d11cc1a7cadd5262b,2017-08-17 02:45:40,65.0,18.3
ed75cc8989121918832e0dcd3de3b3a7,2,c6aeb159daefcd63e4caed10bf47ef0b,dd533b429f380718b70ad9922c294bae,2017-08-17 02:45:40,179.9,27.45
ed7d20ff07724a8c068aff6e6d621796,1,cf82a4158ba3a1135ca9618d4ad1b204,cca3071e3e9bb7d12640c9fbe2301306,2017-08-09 18:03:07,134.55,13.96
ed90acb4ba03816b2c274cefc7460e69,1,c6f208a57dcc1f0a7bd262cd2e604194,ce27a3cc3c8cc1ea79d11e561e9bebb6,2017-08-18 19:43:38,120.0,21.64
ed970e1789fefbbd3700b0c5e84b45f3,1,7686fe49c98ae1c537b5cc51992f5d20,9d5a9018aee56acb367ba9c3f05d1d6a,2017-08-09 13:50:23,166.33,34.96
edad550f8e089f9f83f9826bd21f1095,1,e3b71b54330e59e2e4ce7f1052813a08,431af27f296bc6519d890aa5a05fdb11,2017-08-14 16:45:13,59.9,16.18
edbb9b1079a61cdf59d13e1c2970ee07,1,a7c46993a48edc4cf7e785417f1dcb48,cb3dd9ce66268c7a3ca7241ac70ab58c,2017-08-22 10:10:12,35.9,13.37
edc3e43c9acea4a673df5f0dec3d7051,1,50f1880f1989251727fbbfe8c0a346a6,7a67c85e85bb2ce8582c35f2203ad736,2017-08-16 12:10:26,129.99,29.31
eddf1b58726e1b53c010f681422195fc,1,76de7235ba0ddd12de1d998e1a5a1722,6c177e38df6d3f34182b1f1d427231bf,2017-08-14 15:30:17,80.0,16.0
ee02295dfa5d0519664c1dcd4a70e87f,1,7eedc4bfd32856b0c2b78657036d203e,4a3ca9315b744ce9f8e9374361493884,2017-08-31 15:45:39,159.0,15.86
ee088b3b71973f18c74eb187567d42aa,1,686f5682d2be7689714c5fae465de396,1127b7f2594683f2510f1c2c834a486b,2017-08-28 20:35:20,18.51,21.07
ee088b3b71973f18c74eb187567d42aa,2,42faf2e98f0486405f5dfac48e5cba7d,1127b7f2594683f2510f1c2c834a486b,2017-08-28 20:35:20,14.46,21.07
ee088b3b71973f18c74eb187567d42aa,3,6fb42788c5ef9affaa2fec30ca8b6053,1127b7f2594683f2510f1c2c834a486b,2017-08-28 20:35:20,16.17,3.15
ee1fd5d090d5f8772860cad42d39c986,1,7fe486a60125c1541517e30944f95066,4917cee8d902e13428c3ec4b1ca6f315,2017-08-29 02:50:14,149.0,27.36
ee2cea01096c661886d068781c9dac9a,1,c35498fbb4358837ae16850f50c3fd22,70a12e78e608ac31179aea7f8422044b,2017-09-08 10:03:27,76.0,15.28
ee3485f5152cb61d512769574a0a1419,1,2f9c2888168b8c2d8e625905f3737057,6c177e38df6d3f34182b1f1d427231bf,2017-08-11 14:25:18,99.0,14.44
ee4a5cfe1eb9e24a2318dc5a3181cd6a,1,6109d0cae3bcb57d579bc0fab6e61814,dbc22125167c298ef99da25668e1011f,2017-09-06 20:10:14,84.9,14.32
ee74c524654f34e41104075eea8a1387,1,6846dfbf7215f5f155de98eed2597736,8b2492b7ff4468839593fafeed55bad9,2017-09-04 13:55:18,51.67,14.11
ee74d6d02ebb3a2ec7b9038dbb0748e8,1,50f5f13adab483598dfb6a40afaf70b6,e21a1e8be4715b0fcfd5385643bc49c4,2017-08-15 12:34:56,19.9,42.38
ee85f19387464b0c9f70dfb6f5005a18,1,2136c70bbe723d338fab53da3c03e6dc,6560211a19b47992c3666cc44a7e94c0,2017-08-18 07:10:33,29.0,7.78
ee85f19387464b0c9f70dfb6f5005a18,2,2295c573e69974c45434ba00300189f4,6560211a19b47992c3666cc44a7e94c0,2017-08-18 07:10:33,29.0,7.78
eec18cec4f5f09fbfb40786402695c0c,1,54fd9c890a61acc4123f21fe92c981b0,76d5af76d0271110f9af36c92573f765,2017-08-17 20:50:11,20.0,11.73
eec4cdb15e74c35073cc163bfd9fa2b2,1,242ec3ff603c92ddc1e59d83b9e40a2d,d98eec89afa3380e14463da2aabaea72,2017-08-24 22:24:43,29.99,8.11
eece85052fc6375fadd08a9369558119,1,078a6c96f58d2261cc4241dc9907b143,70a12e78e608ac31179aea7f8422044b,2017-08-18 20:43:57,69.0,16.24
eed169e888ef45d577ec9d8972a597c6,1,0f3777229e40207d248acfd6e1f716b6,e2aee0892199b1d92530e371abd825bf,2017-08-09 09:05:24,189.9,83.59
eed639faf065efbc912dfe75efef590f,1,6a23c2eb9acc78f8ec403be9c6210dd4,7c67e1448b00f6e969d365cea6b010ab,2017-08-21 16:03:53,129.94,17.64
eed639faf065efbc912dfe75efef590f,2,6a23c2eb9acc78f8ec403be9c6210dd4,7c67e1448b00f6e969d365cea6b010ab,2017-08-21 16:03:53,129.94,17.64
eed639faf065efbc912dfe75efef590f,3,6a23c2eb9acc78f8ec403be9c6210dd4,7c67e1448b00f6e969d365cea6b010ab,2017-08-21 16:03:53,129.94,17.64
eef5a4bd5dd37ec132d383869df85eb1,1,cc2232dbef2c9fca23f4c7f6a19a42e3,198c7ea11960a9844b544d9bcdca860c,2017-08-09 20:03:20,16.99,15.1
ef200b21ae2bbae5122b5c5c75dcbce8,1,368c6c730842d78016ad823897a372db,1f50f920176fa81dab994f9023523100,2017-09-04 04:51:04,59.9,17.67
ef3cef230796c0133556a0a8f013f6fe,1,484619f908431240f47e8c9e96ca00d1,36a968b544695394e4e9d7572688598f,2017-08-25 19:35:18,64.9,15.2
ef464b5c221c372f20ffb3510ba0c771,1,041bf61cdb6e9b519aa70a4eed0bd4ce,2e90cb1677d35cfe24eef47d441b7c87,2017-08-31 15:24:25,21.2,9.34
ef464b5c221c372f20ffb3510ba0c771,2,041bf61cdb6e9b519aa70a4eed0bd4ce,2e90cb1677d35cfe24eef47d441b7c87,2017-08-31 15:24:25,21.2,9.34
ef48fc76d22d439065a0c9589c014162,1,805e46e794f114d8800f55296251f907,7142540dd4c91e2237acb7e911c4eba2,2017-09-01 02:50:32,84.9,17.84
ef65ec5bddd94d2fbadc2b861827ab04,1,969a102d83f0c52f2da59c65bfeb173c,b83cedfb587e7911540e3f576d6917ce,2017-08-21 09:43:48,198.9,29.79
ef88a4803cc4e345dc4aa9634783bba6,1,4a3b0111d9c112251e4732b44d1d118b,3a734b715d333a2588a3d54a0c9b8746,2017-08-30 21:04:54,110.0,16.21
ef88a4803cc4e345dc4aa9634783bba6,2,4a3b0111d9c112251e4732b44d1d118b,3a734b715d333a2588a3d54a0c9b8746,2017-08-30 21:04:54,110.0,16.21
ef8cf6d88de00f6cd773dbe8e7a23c16,1,a0eef953cb25bc9ae40457e1c3c82946,5a8e7d5003a1f221f9e1d6e411de7c23,2017-08-28 16:26:40,69.9,9.34
ef9e99b54f2c9f69f4182e2c5f913061,1,0efc91aa52d1f0669126d3000a94279b,d1c281d3ae149232351cd8c8cc885f0d,2017-08-17 04:25:05,109.99,16.4
efadf4336d9cb2a9d13f4472921bef2a,1,c8e3a7fd4e2565e83122a3c9b17f7a80,87142160b41353c4e5fca2360caf6f92,2017-08-29 07:45:46,89.9,44.48
efd8d1b981913fbc82d5cb85e7e0373f,1,277a12fc4d8cd5dae85d0071015bb745,b83cedfb587e7911540e3f576d6917ce,2017-08-24 16:04:28,109.78,13.32
eff47d9b95b39aebec2e228f59baf2eb,1,9b8bc17a236d09185c2101d0a02f8487,96804ea39d96eb908e7c3afdb671bb9e,2017-08-08 02:50:24,79.95,17.81
f01bca7e8e6bedab1bbcee4ccddca238,1,a96d7b91547c9d381eef6793af2c639e,17e34d8224d27a541263c4c64b11a56b,2017-08-07 09:45:17,154.69,21.57
f03ff8d4dd01b31194926029790475f4,1,626cba3eb1a1ac40b2f6e3ad4fd1038c,95e03ca3d4146e4011985981aeb959b9,2017-08-28 02:25:26,39.9,14.1
f05099a928d90c394963b1f0d8360149,1,effa78286556d5e79cda2b4aba96a534,3d871de0142ce09b7081e2b9d1733cb1,2017-08-22 02:45:10,27.9,13.67
f05099a928d90c394963b1f0d8360149,2,cfb133b7458336455fa60b97ac3aaba9,3d871de0142ce09b7081e2b9d1733cb1,2017-08-22 02:45:10,35.0,16.41
f05099a928d90c394963b1f0d8360149,3,cfb133b7458336455fa60b97ac3aaba9,3d871de0142ce09b7081e2b9d1733cb1,2017-08-22 02:45:10,35.0,16.41
f05099a928d90c394963b1f0d8360149,4,cfb133b7458336455fa60b97ac3aaba9,3d871de0142ce09b7081e2b9d1733cb1,2017-08-22 02:45:10,35.0,16.41
f05a68aaa0d8f89e758c7134d53fa22a,1,169e1fedd1319ca92e90e057e7123005,e9779976487b77c6d4ac45f75ec7afe9,2017-08-28 13:08:00,69.49,16.93
f063fd7dd487e7fbaa3dae8d260b2ec6,1,43c603a90cd6fa3056c5def766f44d23,2a1348e9addc1af5aaa619b1a3679d6b,2017-08-16 23:45:12,32.9,14.1
f0950a8d82cf4cec34b8eab654139dad,1,cc2232dbef2c9fca23f4c7f6a19a42e3,198c7ea11960a9844b544d9bcdca860c,2017-08-16 17:35:30,16.99,12.48
f0a35c83ab3251347b674f0f3e0d01f1,1,c47d256557f7fa30144ecea5722eebc2,3d871de0142ce09b7081e2b9d1733cb1,2017-08-21 11:55:21,89.0,17.84
f0ba86f5acc7cc95af8064b92d726461,1,6af89b97a841482f79c52765bfe0d699,c3cfdc648177fdbbbb35635a37472c53,2017-09-04 23:35:10,279.9,21.59
f0c11cab63a210c8c102b31a8edd69db,1,404a57563d487aecbc2b1a01d9b89aab,4a3ca9315b744ce9f8e9374361493884,2017-08-16 22:44:12,220.0,22.03
f0c5fd649bb8b44540b1dd7385ef4fdb,1,617186c3d97ea56c9c683a8a3974e8c1,cc419e0650a3c5ba77189a1882b7556a,2017-08-28 11:04:38,84.99,21.39
f0c6a0e0bfda2071399b8cf2debeec5e,1,9f39e03276af0a6bbf2459ec383a19e6,6e864f5c4669eff3d98140a07cc50202,2017-09-05 18:30:25,152.19,17.32
f0cd3d160659eabeeb6afba44c0c04f7,1,272f828875d25e7c0a395cb6ce703bf3,f63d8f293af3a6454377546bd9dd19ff,2017-08-24 02:25:38,29.99,34.15
f0de831f6d96e0046743adce5f86c695,1,b395922ca8e9ba82b2a81822968d0cf5,391fc6631aebcf3004804e51b40bcf1e,2017-08-28 04:05:52,24.75,12.69
f0de831f6d96e0046743adce5f86c695,2,b395922ca8e9ba82b2a81822968d0cf5,391fc6631aebcf3004804e51b40bcf1e,2017-08-28 04:05:52,24.75,12.69
f0e979c2286c3db7279cfed49cf8f6f4,1,87cc2aef12eddf0b170234138b0946e0,34d1ca11b242c0fee2c834ae8d788566,2017-08-17 02:45:44,185.81,17.06
f10c009ca3eae0609b1ad632f68dcf67,1,1118c2ea35cd20b94fe2a16c483cd1a4,7813ea3ebd9411dc600b4dd01f7a97b9,2017-08-10 15:30:10,199.0,8.65
f11326b050c436253b8d93c1ce36f6f9,1,c660a57acadc9b699411b907a7b8d1c9,92eb0f42c21942b6552362b9b114707d,2017-08-08 09:25:09,15.0,11.85
f11844e5101079fad91a7d31842b9ca5,1,c80525a7dab2df6000ca88a2e7197323,2a5b78b41cd05baeac8df54c6606b92c,2017-08-20 21:15:12,157.77,15.1
f11fa7d0f434a225ec6d229d5337ced4,1,f7bb503725fb4d7bb55301d5bceba728,55a5b51f93f2b70ea513f5a047b0262a,2017-08-17 02:50:20,99.7,12.83
f13d3d8076b01ae10a38dc2b57e9f17b,1,7e8c9cebda42cbe9ae5ae912f81db940,57e632711dec9ec14ca7546769483e7e,2017-08-10 16:03:16,89.9,15.38
f18f5a3bad7d9b08a5339c46ce64fdf7,1,d1c5f5c04952de3143b1cb8820a73f53,e26901d5ab434ce92fd9b5c256820a4e,2017-08-17 04:25:00,79.9,14.31
f19ed9e82448c0ea39e80dd4e3ac40cc,1,20f6c06bf31cde013ae7f2429468abc9,b4ffb71f0cb1b1c3d63fad021ecf93e1,2017-08-22 08:35:19,10.35,8.72
f19ed9e82448c0ea39e80dd4e3ac40cc,2,20f6c06bf31cde013ae7f2429468abc9,b4ffb71f0cb1b1c3d63fad021ecf93e1,2017-08-22 08:35:19,10.35,8.72
f19ed9e82448c0ea39e80dd4e3ac40cc,3,20f6c06bf31cde013ae7f2429468abc9,b4ffb71f0cb1b1c3d63fad021ecf93e1,2017-08-22 08:35:19,10.35,8.72
f1b7d59f950404a6f520298601daac7f,1,eab67bf937aaadc19f83383a331d2dd9,7c67e1448b00f6e969d365cea6b010ab,2017-08-23 13:05:08,159.99,38.96
f1ba1af891ddd14899ba97155589732f,1,fb34a3bfc66ae09f045f9613fdb7bb5c,166e8f1381e09651983c38b1f6f91c11,2017-08-25 00:44:36,38.9,15.1
f1c1c3cfd14f75b7475d7df0d341d99c,1,f74eb9bc847b5e5e906e5e214bb451b8,cca3071e3e9bb7d12640c9fbe2301306,2017-09-01 02:25:36,45.9,12.69
f1da12bb1c455443de52016c3b68e1cf,1,3e2ad903487fdb0fc1c6c5c27f2fe0c3,e5a3438891c0bfdb9394643f95273d8e,2017-09-06 16:35:11,29.9,15.1
f1dee8f6b8d42d98d0f48b711a6a6d35,1,d1ff1a1223a2739d17005c9f4c4a40b6,3d871de0142ce09b7081e2b9d1733cb1,2017-08-10 12:30:14,100.0,17.95
f1e63d984de289ace77245034ae6cbdb,1,8640f0c0e2d0af93274cad7452f80034,01fdefa7697d26ad920e9e0346d4bd1b,2017-08-28 15:25:16,64.9,19.69
f1f812f73ca332c8951443e6dc2f8d54,1,af026a1d23fa6bede158c62c22ca135c,834f8533b2ecb6598dd004ff3de7203a,2017-09-04 14:50:51,75.0,18.83
f217ef35505a16b5b577f5ba98195332,1,24cdea192c5e345910d4fda8580576bd,87142160b41353c4e5fca2360caf6f92,2017-09-06 13:04:26,119.9,56.73
f222b3fc537088809c0a227ebac8c7ab,1,fe95eb948375116da759c8ef60295001,4a3ca9315b744ce9f8e9374361493884,2017-08-31 16:04:36,65.9,12.8
f232ff4908be69d9a06a746be78f1390,1,368c6c730842d78016ad823897a372db,1f50f920176fa81dab994f9023523100,2017-08-09 15:45:26,59.9,17.67
f232ff4908be69d9a06a746be78f1390,2,368c6c730842d78016ad823897a372db,1f50f920176fa81dab994f9023523100,2017-08-09 15:45:26,59.9,17.67
f245b1d57bf493d0db1e6118927db48f,1,b73fbdb4503c5486939044e48d8d013a,2a1348e9addc1af5aaa619b1a3679d6b,2017-09-01 16:15:19,44.9,21.15
f25e32d51127cbef9f269ecae2c83573,1,7c1bd920dbdf22470b68bde975dd3ccf,cc419e0650a3c5ba77189a1882b7556a,2017-08-29 04:16:11,58.99,11.73
f2664c7a8066f3a82b36c7c8f916eab4,1,3a135477bf41350a0b1d8afdf616d446,48436dade18ac8b2bce089ec2a041202,2017-08-09 21:05:18,144.9,27.55
f280a59cad4cf94ec053b78a58dd0648,1,a4aa7c1427c31344e5f7cc3d839fe562,66922902710d126a0e7d26b0e3805106,2017-08-10 16:35:20,110.0,20.26
f283e9196449811a7967b7c5d2794418,1,724fe07643503d3d092cd5017207c164,004c9cd9d87a3c30c522c48c4fc07416,2017-08-11 03:10:43,63.9,17.7
f29397aa4443ca92f691329620edd2af,1,f1c7f353075ce59d8a6f3cf58f419c9c,37be5a7c751166fbc5f8ccba4119e043,2017-08-23 17:10:13,200.0,15.01
f2a871697115fe3d0619068a8f8eec25,1,8eda2f0e6d437afc08f71ac4b3b380a4,0ea22c1cfbdc755f86b9b54b39c16043,2017-08-11 18:10:18,34.0,14.17
f2a871697115fe3d0619068a8f8eec25,2,6d8d9c9af735eae354cb0b43a9cbebfa,0ea22c1cfbdc755f86b9b54b39c16043,2017-08-11 18:10:18,59.9,14.17
f2a871697115fe3d0619068a8f8eec25,3,d552454cae098a0bce10f658411fead1,0ea22c1cfbdc755f86b9b54b39c16043,2017-08-11 18:10:18,69.9,14.17
f2bb3a124d84782133f5aadabe42adca,1,94f3e00f8ea2e9bd4579796cb9e18e37,b2ba3715d723d245138f291a6fe42594,2017-08-11 14:45:16,109.9,9.58
f2bfe3600bb3d144185db9ec70d8467b,1,8d1cfc0463b545928bfb4e589e017bd4,aae3bfea055532c57fb453ed3ec80b30,2017-09-04 05:33:21,62.8,25.72
f2c0317eedcc292f3a4f356cf92d506d,1,75d6b6963340c6063f7f4cfcccfe6a30,cc419e0650a3c5ba77189a1882b7556a,2017-08-29 03:45:50,56.99,11.9
f2ec8bd7dc2b9af258766fe469a5931e,1,88dd63919fc9ab693803578a04a20209,7ddcbb64b5bc1ef36ca8c151f6ec77df,2017-08-16 03:25:53,34.99,7.78
f312113915f8f85b447cbbb41a3bda73,1,2b1253c7c4fc2b039a4a91b0a5f1cc68,d20b021d3efdf267a402c402a48ea64b,2017-08-17 06:45:09,46.99,12.69
f31821b89453086fb83d13d1ce46a51e,1,b80b61cc25558319e7d8e262786ca7af,8a32e327fe2c1b3511609d81aaf9f042,2017-08-30 02:55:25,12.99,12.69
f31821b89453086fb83d13d1ce46a51e,2,b80b61cc25558319e7d8e262786ca7af,8a32e327fe2c1b3511609d81aaf9f042,2017-08-30 02:55:25,12.99,12.69
f31821b89453086fb83d13d1ce46a51e,3,b80b61cc25558319e7d8e262786ca7af,8a32e327fe2c1b3511609d81aaf9f042,2017-08-30 02:55:25,12.99,12.69
f31821b89453086fb83d13d1ce46a51e,4,b80b61cc25558319e7d8e262786ca7af,8a32e327fe2c1b3511609d81aaf9f042,2017-08-30 02:55:25,12.99,12.69
f31821b89453086fb83d13d1ce46a51e,5,b80b61cc25558319e7d8e262786ca7af,8a32e327fe2c1b3511609d81aaf9f042,2017-08-30 02:55:25,12.99,12.69
f31821b89453086fb83d13d1ce46a51e,6,b80b61cc25558319e7d8e262786ca7af,8a32e327fe2c1b3511609d81aaf9f042,2017-08-30 02:55:25,12.99,12.69
f3239f4f6c8cdfc9043534b20c0b6179,1,3a21e6f5a154a5b03b6edb8fc6b24c5d,bf3c6d2a28b2b5501e6c15448982dcc9,2017-08-14 04:23:53,49.9,14.1
f336c8ae5359af5ad4dc657f0ca2468d,1,ce149636a055d9eded4cde55da9ebd3b,a6fe7de3d16f6149ffe280349a8535a0,2017-08-31 19:24:54,59.9,15.17
f340f140ae72544b6df944a32ccba7c0,1,704e268deb9b8eb20603204783b7a0d2,244c2f1bff6afe1f2eaf9bfe9b2aed38,2017-08-25 16:55:09,99.0,31.0
f34f5fc0699f22c0ff25056c89074d28,1,7b83c11ac78f11bde67542beb12e8163,431af27f296bc6519d890aa5a05fdb11,2017-08-08 20:23:40,53.9,12.72
f36a1eff2af8e26d62b33c28ead8063b,1,2a5806f10d0f00e5ad032dd2e3c8806e,7c67e1448b00f6e969d365cea6b010ab,2017-09-04 14:06:36,179.99,56.78
f36c1228bd06f0ffe6595b5b4bcc4bdd,1,283dc451ad3918badb976d56ff887289,da8622b14eb17ae2831f4ac5b9dab84a,2017-08-18 14:10:23,89.9,13.65
f381b146cd69cbb80f44820235eb06a8,1,a06766fec51c96d4d0bce282906735eb,1900267e848ceeba8fa32d80c1a5f5a8,2017-08-18 13:30:17,38.99,14.22
f381b146cd69cbb80f44820235eb06a8,2,a06766fec51c96d4d0bce282906735eb,1900267e848ceeba8fa32d80c1a5f5a8,2017-08-18 13:30:17,38.99,14.22
f381b146cd69cbb80f44820235eb06a8,3,a06766fec51c96d4d0bce282906735eb,1900267e848ceeba8fa32d80c1a5f5a8,2017-08-18 13:30:17,38.99,14.22
f381b146cd69cbb80f44820235eb06a8,4,8b45810da2ef9860496d56f62435fc40,1900267e848ceeba8fa32d80c1a5f5a8,2017-08-18 13:30:17,49.99,4.74
f391902a7436d24842c938f2e5b1bc34,1,47a3fbd41bb53db64dacc4562ba3aa52,cce6ab8d1682639fe45ab70234f1665f,2017-08-28 02:05:19,40.0,16.6
f399f6c551fd6b54d3be535421eff2b4,1,f1d4ce8c6dd66c47bbaa8c6781c2a923,1f9ab4708f3056ede07124aad39a2554,2017-08-22 15:50:16,174.9,20.1
f3af8efd535804214ce63f6b29386312,1,d37abf50cce5bcd682830a357783622e,6cd68b3ed6d59aaa9fece558ad360c0a,2017-08-15 02:55:17,97.9,25.24
f3b91891fd5a5bfdc24b3c20419a53ec,1,db7e6804f1a8206a7e51c9a741a09d9e,5b581417df4480f632484ba681e53944,2017-09-04 14:25:25,159.0,44.96
f3e4f521d6a68def7f89c8e9c8898829,1,7ac0d3f8ac5b60c13d74b02b8cbb4623,f27e33c6d29b5138fa9967bcd445b6d5,2017-08-15 02:50:26,94.9,13.0
f3f971f57df71e4e3d397faa23779e89,1,5e2ba75ad255ff60b1c76c5bf526ae9b,f84a00e60c73a49e7e851c9bdca3a5bb,2017-08-31 16:45:13,69.9,25.77
f40c9a0dfd3542502b65ecac2fcbe501,1,02032c15ca85744c99aa99583e824a90,aba1721a889e04decc910aa13b768ef4,2017-08-21 18:50:11,36.0,15.1
f40cab00f0f0f6d8f315adcda77fd5cb,1,422879e10f46682990de24d770e7f83d,1f50f920176fa81dab994f9023523100,2017-08-07 16:42:58,59.9,37.97
f422805096570eb55302abeb0c77137d,1,e3425df9bd51be69917273c9dd92ed5e,86ccac0b835037332a596a33b6949ee1,2017-08-29 02:51:13,67.9,19.72
f4261614bd20d817d6bb3b181705d699,1,84a87daa85c8b432d90bc1baa0cb4388,aafe36600ce604f205b86b5084d3d767,2017-08-28 13:35:10,59.9,33.31
f42bfe430d08b71e6057873397dcc741,1,79706e79825f7409ef032653a271fba2,7c67e1448b00f6e969d365cea6b010ab,2017-08-29 10:15:14,189.99,102.77
f42bfe430d08b71e6057873397dcc741,2,79706e79825f7409ef032653a271fba2,7c67e1448b00f6e969d365cea6b010ab,2017-08-29 10:15:14,189.99,102.77
f42bfe430d08b71e6057873397dcc741,3,79706e79825f7409ef032653a271fba2,7c67e1448b00f6e969d365cea6b010ab,2017-08-29 10:15:14,189.99,102.77
f434052bc2203ff466927ada035bbef0,1,cc30e5a54e83c955899121be1223104e,7299e27ed73d2ad986de7f7c77d919fa,2017-08-30 04:10:15,79.99,25.84
f45074ae38f2e01d9b854ec8d40362ff,1,222efa72a47277d611b8b38d71149afd,cd06602b43d8800bd0afad514919d35c,2017-08-24 15:45:18,6.0,7.78
f45db065a65c6f14f0ac1012f36cf250,1,c6dd917a0be2a704582055949915ab32,7a67c85e85bb2ce8582c35f2203ad736,2017-08-23 10:50:09,99.99,16.95
f45fbe1612ac86ee79745d5cdd1ae56f,1,927019d88409196f97d1fd56daaeecc1,5c243662ce92d84573bfaff24c3e3700,2017-09-04 04:44:39,48.0,7.78
f46423982b1927442355a79e98c8bb29,1,45e967683e7292b195609137fadaf2fe,6a8b085f816a1f75f92dbac6eb545f8f,2017-08-29 02:26:50,49.9,11.85
f46e4f5d8a19ca64b1781bf227b9ee19,1,f1c7f353075ce59d8a6f3cf58f419c9c,37be5a7c751166fbc5f8ccba4119e043,2017-08-18 17:04:08,200.0,15.01
f47cb24e99c4ceb74132fb58273bea3d,1,952670bc019a73f0933157ec82ff6e4f,37be5a7c751166fbc5f8ccba4119e043,2017-08-14 10:23:35,205.0,26.27
f4819650bf7464dfe407e28a6596bff7,1,7fb04722aba7a2b632bac8f9819796f3,f3b80352b986ab4d1057a4b724be19d0,2017-09-01 14:10:13,79.0,19.79
f4876f420f5259535a7521bbc6358278,1,c9d1849f97b6fe404378805a105d64ec,7722b1df1b0e383e000397b2c11e3e19,2017-08-15 15:45:06,89.9,8.82
f492581043b9d6d7074632e08a60c07d,1,6c69e1be6be2ab7ad5a9e4fe8a763b7f,7178f9f4dd81dcef02f62acdf8151e01,2017-08-25 01:25:07,339.0,27.65
f495bbbd2a26c02d0518dec2f10251fe,1,67b0d38a61d8e4c1c1df7d56276302aa,0ea22c1cfbdc755f86b9b54b39c16043,2017-08-24 11:55:19,59.9,9.74
f4a8d4d1b8f2020f7bcb532c8175106c,1,f1c7f353075ce59d8a6f3cf58f419c9c,37be5a7c751166fbc5f8ccba4119e043,2017-08-10 20:55:10,205.0,26.27
f4ab3840a4f72a98a950099cfcb83502,1,5d66715cc928aadd0074f61332698593,128639473a139ac0f3e5f5ade55873a5,2017-08-08 02:50:59,18.9,15.1
f4b166c60fee8f28f16c05ad386fdc09,1,1600dcf1cea8c0c83702e07b577ab231,6560211a19b47992c3666cc44a7e94c0,2017-08-15 13:15:13,44.0,14.1
f4b7ccd15f831ff995d4f307b0dc0f0b,1,d6160fb7873f184099d9bc95e30376af,53243585a1d6dc2643021fd1853d8905,2017-09-04 22:50:12,1200.0,25.05
f4b91a4e2130d850b29e9a6cf4fd9eed,1,c2bd03501cf7f4f3a1201e6069155bc0,cca3071e3e9bb7d12640c9fbe2301306,2017-08-14 18:50:23,51.92,12.7
f4b984332e7956371b352bb4edae2cac,1,f1c7f353075ce59d8a6f3cf58f419c9c,37be5a7c751166fbc5f8ccba4119e043,2017-08-15 10:35:22,200.0,15.01
f4d8046ef75f7f0f6cb957b00531b6f6,1,7c1bd920dbdf22470b68bde975dd3ccf,cc419e0650a3c5ba77189a1882b7556a,2017-08-17 20:30:16,58.99,16.66
f4e54cdf400b12ba277e54ad81f0a19f,1,6c25ce13992ffcb21d6f65764e5624f3,dbc22125167c298ef99da25668e1011f,2017-08-15 13:44:11,83.9,13.61
f4f3e2c1d55d36170f4aabf93236eef3,1,b9900407a55cb2b306ae612415c3340e,343e716476e3748b069f980efbaa294e,2017-09-05 18:30:19,39.9,9.09
f4f72cbdd627c62c098af2a02c335f37,1,b9311d581f5f341576a5a2892168355c,ec4608a1f76453166bb312b2968aeaf4,2017-09-12 02:35:20,38.9,44.81
f4f72cbdd627c62c098af2a02c335f37,2,b9311d581f5f341576a5a2892168355c,ec4608a1f76453166bb312b2968aeaf4,2017-09-12 02:35:20,38.9,44.81
f4f72cbdd627c62c098af2a02c335f37,3,b9311d581f5f341576a5a2892168355c,ec4608a1f76453166bb312b2968aeaf4,2017-09-12 02:35:20,38.9,44.81
f4f72cbdd627c62c098af2a02c335f37,4,b9311d581f5f341576a5a2892168355c,ec4608a1f76453166bb312b2968aeaf4,2017-09-12 02:35:20,38.9,44.81
f4f72cbdd627c62c098af2a02c335f37,5,b9311d581f5f341576a5a2892168355c,ec4608a1f76453166bb312b2968aeaf4,2017-09-12 02:35:20,38.9,44.81
f4fa37effe654cb2651b97dbe1e026f5,1,de17feec1983829fec4bc58cadaa43f3,835f0f7810c76831d6c7d24c7a646d4d,2017-08-09 17:15:16,69.9,16.25
f5189c5469aa331b59de00b9af4ce5dd,1,d6fe3b4ddecd4a8393c6a1385de3bfb6,7c67e1448b00f6e969d365cea6b010ab,2017-08-23 02:51:06,219.97,66.35
f51a08065b6699643aef19598fb9c9af,1,a0eef953cb25bc9ae40457e1c3c82946,5a8e7d5003a1f221f9e1d6e411de7c23,2017-09-08 16:04:38,69.9,16.25
f51e24deeba8f9a5f94706e82a2f8ea1,1,363218ba55c610b750224f90bdd34be1,fdb9095204a334cd8872252ffec6f2db,2017-08-25 11:47:13,87.0,11.81
f5209f8e33eb54e373ad757623d2934c,1,36038dae78cc227e4d14b174f0f695d0,4d6d651bd7684af3fffabd5f08d12e5a,2017-09-05 09:15:17,69.9,34.29
f52e3e3393470c823fe723590c5b20ec,1,d3f4f3de0f4576184674937d1e9cecca,3d871de0142ce09b7081e2b9d1733cb1,2017-08-17 20:25:18,21.9,15.1
f5469d54daa9f43486f2d4ab2b154406,1,c349071c40ca2919f27bd3d6a2fb6fea,9596c870880d900012f2e8e6e30d06d7,2017-08-28 04:07:08,489.9,66.85
f54e13b77fb04661973c69d4ff0a8dec,1,9917cf3117ebf28ffa2264443c7c6a55,5b33b527da3c5b969cc99dc435cad09a,2017-08-17 02:51:05,39.89,12.48
f551ed5f4c40a33b4922f6d2bd276941,1,777d2e438a1b645f3aec9bd57e92672c,4a3ca9315b744ce9f8e9374361493884,2017-08-29 16:28:57,69.9,16.25
f55227c04af301a96c2c22eb6973d8e8,1,779559842fc122d55edbd03153f35e81,f8db351d8c4c4c22c6835c19a46f01b0,2017-08-22 13:30:24,27.9,15.1
f5534d6b1d3258a7ffec513deeeade95,1,6abe34a6ed575743a8803dd6dd7ee5cd,5a8e7d5003a1f221f9e1d6e411de7c23,2017-08-31 17:55:12,59.9,9.74
f5566b53a548c260ec13d2399e7f0d53,1,422879e10f46682990de24d770e7f83d,1f50f920176fa81dab994f9023523100,2017-08-17 02:45:15,59.9,17.67
f5566b53a548c260ec13d2399e7f0d53,2,422879e10f46682990de24d770e7f83d,1f50f920176fa81dab994f9023523100,2017-08-17 02:45:15,59.9,17.67
f5566b53a548c260ec13d2399e7f0d53,3,422879e10f46682990de24d770e7f83d,1f50f920176fa81dab994f9023523100,2017-08-17 02:45:15,59.9,17.67
f5566b53a548c260ec13d2399e7f0d53,4,422879e10f46682990de24d770e7f83d,1f50f920176fa81dab994f9023523100,2017-08-17 02:45:15,59.9,17.67
f5566b53a548c260ec13d2399e7f0d53,5,422879e10f46682990de24d770e7f83d,1f50f920176fa81dab994f9023523100,2017-08-17 02:45:15,59.9,17.67
f562fcbc87b8916bfaad4dc4a8db933c,1,8983ab045bb0ef91a6fe60adff5fa7a2,8f2ce03f928b567e3d56181ae20ae952,2017-08-14 04:15:35,179.9,43.67
f56822cb69b5f9cb9f0737b59b0f0f1a,1,386486367c1f9d4f587a8864ccb6902b,cca3071e3e9bb7d12640c9fbe2301306,2017-08-17 15:23:55,113.57,18.04
f578feadcd03837fd6212622ac7040c1,1,dbf3e2f5d46c8f84f8af8825a2cbd8f6,48fb026ed7455a42f5d3e9390ed5088e,2017-09-04 04:30:52,21.99,25.63
f596454780aa1b19597e739fdae8c56c,1,ca5c923962558430573f83661dbe36d6,66922902710d126a0e7d26b0e3805106,2017-08-20 21:15:18,100.0,21.19
f5f23aa3df06d76ce187b4209ea338ea,1,d46fdf0e0cf02b09e384924d6ba77e57,ff4e2d38692ce827b1a4f4b8196e680d,2017-08-24 16:45:17,68.0,8.72
f5ff53df944464937cd950213093621c,1,c857b96593773e940454e76efa8eabb3,cca3071e3e9bb7d12640c9fbe2301306,2017-08-27 23:25:23,51.92,12.7
f6143525a729dbf323eff5f80e6ac979,1,1a863cc45960ea60fa0aaeedce00c28f,1da3aeb70d7989d1e6d9b0e887f97c23,2017-08-16 18:35:16,12.99,11.85
f614b00ec28e93d421101c1a27369277,1,e0d64dcfaa3b6db5c54ca298ae101d05,4869f7a5dfa277a7dca6462dcf3b52b2,2017-08-16 13:35:14,179.9,16.01
f625767e8c7655c497c96abfbc1d7771,1,080a388eb2bd1051b01f6fc4ca659450,2138ccb85b11a4ec1e37afbd1c8eda1f,2017-08-10 18:50:15,29.99,14.1
f62e6208120b502c087a5bbd9b2567e4,1,4c2394abfbac7ff59ec7a420918562fa,cc419e0650a3c5ba77189a1882b7556a,2017-08-23 17:50:11,84.99,14.34
f6670eadd56bce14f9aa4623bb40c7cc,1,91a3dcf83ffdf9fecb0dadfc7f026998,dbc22125167c298ef99da25668e1011f,2017-08-16 17:25:13,46.9,16.11
f6670eadd56bce14f9aa4623bb40c7cc,2,91a3dcf83ffdf9fecb0dadfc7f026998,dbc22125167c298ef99da25668e1011f,2017-08-16 17:25:13,46.9,16.11
f668d0f937d3cc7fb451feb48edba7a7,1,761a7d7da15ca2d6f0aaf29e22bd1479,134a288e7de827ec5ec62e3ec9c3a295,2017-09-06 00:06:02,89.0,14.37
f68b53b6a15fc9a6fd5c86ec6a254a62,1,0fb24ffeb90c073288dd0de0d015cd51,6cd68b3ed6d59aaa9fece558ad360c0a,2017-08-17 20:55:14,109.9,14.52
f695e0534456bafac8cda166dc5fd0e4,1,f45d3b91af1103db9a21dc9d11cb9223,7142540dd4c91e2237acb7e911c4eba2,2017-09-14 22:35:33,84.9,13.61
f6b579d3cdf2be4e94886491e5756f5c,1,a4fdd00347db855f614a18bf51606df5,6d803cb79cc31c41c4c789a75933b3c7,2017-08-14 13:32:17,179.9,18.83
f6b579d3cdf2be4e94886491e5756f5c,2,a4fdd00347db855f614a18bf51606df5,6d803cb79cc31c41c4c789a75933b3c7,2017-08-14 13:32:17,179.9,18.83
f6b9db7ac3bc6be81597b909a90978fd,1,ca38c039b717207dec906f4fa9a21db7,44073f8b7e41514de3b7815dd0237f4f,2017-08-28 20:10:39,187.0,17.75
f6ba2b603300f7bd6e7014a602fae719,1,99bec487c37782c9e5e20d455970f5f2,aaed1309374718fdd995ee4c58c9dfcd,2017-08-23 22:05:16,131.0,27.46
f6bea0bde2ee012e3899233133874ff7,1,b8411dee248601bc460bac8e1fb8a102,1900267e848ceeba8fa32d80c1a5f5a8,2017-09-03 23:50:17,22.99,12.69
f6d0018789810848d254ef989ed2108c,1,a237de12bdf0bfe4fe220bae65a89731,6c7d50c24b3ccd2fd83b44d8bb34e073,2017-08-29 02:46:55,37.5,13.37
f6d1725c71af7ff66f5c4f5be412a82a,1,3879913e3a462abe3be99c14310898b5,fa1c13f2614d7b5c4749cbc52fecda94,2017-08-08 08:25:09,199.9,12.9
f6daca3297f73de20d84ea604e1d68c0,1,2028bf1b01cafb2d2b1901fca4083222,cc419e0650a3c5ba77189a1882b7556a,2017-08-15 14:43:28,56.99,15.15
f6fcca1241916be2fda723a7f452aa6f,1,f98dbc219c0bcd7fb37420dff826912f,2e1c9f22be269ef4643f826c9e650a52,2017-08-09 10:44:06,78.99,11.76
f703e71f874db4fb27d67f9d042f29cc,1,af51d485dc5255ba2e18b21b550156e6,5dceca129747e92ff8ef7a997dc4f8ca,2017-08-10 11:50:18,279.9,155.33
f70a0aff17df5a6cdd9a7196128bd354,1,cafd558df4c3c9d1c338ba6930ea9a62,5dceca129747e92ff8ef7a997dc4f8ca,2017-08-17 02:45:24,279.0,34.19
f714269036f547389a3e426b33e1e787,1,7af541d714ea3db608971a40b8f507cb,05f51e13da97139648b8125c31e5f51b,2017-08-17 04:24:57,359.9,51.05
f72322b96b8a40b181a18018f99d72a4,1,940bcece77e20a1f6a21c1b7d4be75c6,2156f2671501a81034d7d07f217609d0,2017-09-01 20:25:16,72.0,58.9
f72af8df59fdbc3f45aeb2df4e1e9ca1,1,725cbfcaff95a4d43742fdf13cf43c75,3504c0cb71d7fa48d967e0e4c94d59d9,2017-08-24 09:24:56,48.9,11.73
f73eb3272fd7648a3f673c87768d61a3,1,d29e5a0b39b09b0f48f685968cf4f833,dc4a0fc896dc34b0d5bfec8438291c80,2017-08-25 07:45:09,59.9,25.7
f74aecd058269c4087863fbc431e7681,1,9a6fea01f6d5bfc01c9ac539f93da5ac,63b464dbf392c7b80d12d932fa7cafed,2017-08-22 12:23:49,169.0,16.89
f76db3311899c16f22f22a735377c6bf,1,0ab20af8197d84bc8831765be67b4cc6,5dceca129747e92ff8ef7a997dc4f8ca,2017-08-11 09:45:18,388.0,15.27
f76f64ce61b3764c70b30ee618b71fba,1,d189fbf8b5d79a670cebcaaad68d77b2,0d85bbda9889ce1f7e63778d24f346eb,2017-08-16 23:34:36,59.9,27.8
f785cc464b127c6e2ab598f33907437e,1,b52ae0bad7fdf62bcb3ed59fdd259705,3be634553519fb6536a03e1358e9fdc7,2017-09-05 16:50:15,64.96,52.83
f793ec5b86c6086ba463cb389e39594e,1,02475368dfb38934fe55f574024fe1d7,6560211a19b47992c3666cc44a7e94c0,2017-09-06 13:50:11,29.0,11.85
f7989b055ad44545882357110ce31a88,1,5742ee1a5d941486111ab986f6611735,3be634553519fb6536a03e1358e9fdc7,2017-09-01 19:50:18,39.9,11.73
f7ad644f2dc46710f51f1bfbf01f94f2,1,ce2c8e8fb6241fbc08bbed5a8c6e92cc,66dc1b1632bd6a3e508510c5b3492107,2017-08-28 04:05:54,119.8,15.59
f7af06e40b81950760c190f8309f2e48,1,e89428b51b3909340163d4185dae3610,744dac408745240a2c2528fb1b6028f3,2017-08-09 23:50:14,228.0,15.35
f7c35f451e9f3f28c25c4cb36097b2d2,1,e1ef8c2b8bbfe112673cc1ca044f630a,6d803cb79cc31c41c4c789a75933b3c7,2017-08-25 12:44:54,49.9,25.63
f7de5122368e6280d10af21064f7f873,1,e71945f8dffd478e4437a68c5d257763,92eb0f42c21942b6552362b9b114707d,2017-08-24 02:45:31,18.0,15.1
f7f1e7aa2dda713297141d80375e9509,1,418b40c9e83b7e5ac79e4a7ef975ebbe,4917cee8d902e13428c3ec4b1ca6f315,2017-08-23 20:05:21,159.0,55.38
f7f3fabc083edcb99e4be7381a60e660,1,12b8e4db53a57da745e7fd25553ce1d8,3db66a856d18a9cba7c9241fc5221c50,2017-08-22 09:25:15,29.9,13.37
f7fa5cf8386e51037856df1add3e1228,1,4660d9b4ae2a49dc7a5cac39499b204b,7ddcbb64b5bc1ef36ca8c151f6ec77df,2017-08-17 14:04:05,76.99,14.29
f8064d75afcef1bab867ff6ca9b829b7,1,29b18b99ca3c94cea05efa9e11465440,aced59e9b31ef866a94f9e7f29d8d418,2017-09-08 12:44:59,290.0,11.34
f8064d75afcef1bab867ff6ca9b829b7,2,b2775a101dfacb48184ed1c1cb4a278b,aced59e9b31ef866a94f9e7f29d8d418,2017-09-08 12:44:59,390.0,39.68
f8064d75afcef1bab867ff6ca9b829b7,3,29b18b99ca3c94cea05efa9e11465440,aced59e9b31ef866a94f9e7f29d8d418,2017-09-08 12:44:59,290.0,11.34
f80d41039694cf8ab589eb22e0091fdc,1,a84d0660dbffebf352aefbf1a6b18d00,6560211a19b47992c3666cc44a7e94c0,2017-08-18 20:50:15,29.0,14.1
f84142abcd970057a7ed92e21b1fd33b,1,c1d6298abf132c4391d57e81599d415c,7d76b645482be4a332374e8223836592,2017-08-21 18:24:54,29.9,7.78
f8443fdcccdae6a20d6371dd8a9e63b2,1,e1da6ab77f4859eb17950e5df1c0f815,dd7ddc04e1b6c2c614352b383efe2d36,2017-09-05 13:25:13,45.9,11.73
f845f1fe6a0c9e32eb740bdcc4da2aac,1,7a10781637204d8d10485c71a6108a2e,4869f7a5dfa277a7dca6462dcf3b52b2,2017-08-16 20:05:37,229.9,13.11
f84f158d834dafae73fa8da8b11bea6d,1,b9311d581f5f341576a5a2892168355c,ec4608a1f76453166bb312b2968aeaf4,2017-08-22 15:50:23,38.9,44.81
f8501c44660f66acd201a4fbb6c7c997,1,b520b78a494cbd6e36d7a1c64cdffe0b,b3f19518fcec265b2e97af287725f981,2017-08-31 12:55:20,41.99,12.69
f8577a7c62ea6630f36ed31870b83462,1,e5fe79a5ccd19d20b3b095bf73cf9b5d,620c87c171fb2a6dd6e8bb4dec959fc6,2017-09-06 11:24:22,359.9,17.27
f8647aaeab4c6556d59fb6f9a8508e81,1,e0d64dcfaa3b6db5c54ca298ae101d05,4869f7a5dfa277a7dca6462dcf3b52b2,2017-08-08 21:45:09,179.9,16.01
f877f47f62455df158e69f767fe6b9cf,1,4a3b0111d9c112251e4732b44d1d118b,3a734b715d333a2588a3d54a0c9b8746,2017-09-04 21:30:12,110.0,8.96
f882dc69fbc15adb2c82cc8898c3c917,1,b1acb7e8152c90c9619897753a75c973,cc419e0650a3c5ba77189a1882b7556a,2017-08-13 21:05:13,34.99,15.1
f89be12959c54bfc8be493fa13fb2f10,1,1de74e63d630007567726953a4eb2b36,a49928bcdf77c55c6d6e05e09a9b4ca5,2017-08-21 18:15:22,69.9,13.51
f8a010ec857efd266611a51aceafa6f8,1,ef92defde845ab8450f9d70c526ef70f,6426d21aca402a131fc0a5d0960a3c90,2017-09-04 19:50:13,21.9,16.11
f8c830660882d73b51a825170d8ef567,1,eedc20781b2e095ce09617ffc959e188,4a3ca9315b744ce9f8e9374361493884,2017-08-24 15:30:21,259.9,13.32
f8d5d7ba22e58d80d291b95ac9de9f8b,1,8ee57a1f636eb2e009706bbdb0818ecc,431af27f296bc6519d890aa5a05fdb11,2017-09-05 20:04:36,39.9,3.17
f8d5d7ba22e58d80d291b95ac9de9f8b,2,3e7d7087ff8bbc0e9568b56ba3504a34,431af27f296bc6519d890aa5a05fdb11,2017-09-05 20:04:36,39.9,22.2
f8f19f291b784fe1e1bd40de20adf4bd,1,2ddf9184f8aad1f832fdf5ecd1e53a17,0c7533c71df861ec58ad7ff999ed0e8d,2017-09-04 04:50:15,45.9,15.1
f8f19f291b784fe1e1bd40de20adf4bd,2,2ddf9184f8aad1f832fdf5ecd1e53a17,0c7533c71df861ec58ad7ff999ed0e8d,2017-09-04 04:50:15,45.9,15.1
f926a7ccfbe7af773ea940b92a67f2fb,1,2136c70bbe723d338fab53da3c03e6dc,6560211a19b47992c3666cc44a7e94c0,2017-08-21 09:15:23,29.0,7.78
f92ef153ceb4a6db2572cc8f79dff479,1,d8a405c732027a2af3187b031890933d,e21a1e8be4715b0fcfd5385643bc49c4,2017-09-06 09:05:19,29.9,12.6
f93716d1c1c9cb98214592c233bef619,1,75d6b6963340c6063f7f4cfcccfe6a30,cc419e0650a3c5ba77189a1882b7556a,2017-09-01 17:35:39,56.99,11.9
f93c0062e9ba3158ed2b70b395625a3c,1,3b714ee872338c6248d2f51934935f2c,cca3071e3e9bb7d12640c9fbe2301306,2017-08-31 10:15:20,91.4,17.89
f947132461622a725c4661c580ab80da,1,0bc5e6c957486577f11519bf36577b38,1eade46fba20122dc4aefb379f8c636b,2017-08-28 23:50:32,21.99,14.1
f979267a9c0c47a8c7ad427ba7cf3407,1,e0d64dcfaa3b6db5c54ca298ae101d05,4869f7a5dfa277a7dca6462dcf3b52b2,2017-08-10 17:15:16,179.9,12.76
f9845299f54329dbb79e202ff8301543,1,607ef4aa416b93fdeb2a811c2c73ad81,da8622b14eb17ae2831f4ac5b9dab84a,2017-08-17 04:15:33,119.9,13.86
f98a633c73840753516ca92e24128574,1,407bc2771e1ae0911576de1560d3adcc,1ce3ae5a399804d1a87e706f8a813c3e,2017-09-05 21:45:38,69.9,15.24
f98f3e577848e635602f831c276ba700,1,42faf2e98f0486405f5dfac48e5cba7d,1127b7f2594683f2510f1c2c834a486b,2017-08-17 04:24:39,14.46,15.1
f9938fc84bc7f6ce7d868a41dace1777,1,64b99eed898c1b99a94d93cbf5873690,4a3ca9315b744ce9f8e9374361493884,2017-08-17 10:04:25,99.9,12.2
f9bdbd23ce1300c00fbe319f518dcd74,1,762e9c384b4752bbcbea568e3d89856f,3361277dc30b7cccdb0c286b24219756,2017-08-29 03:06:07,56.55,25.69
f9c50aff44ed91808d5b511bd49106ec,1,3a135477bf41350a0b1d8afdf616d446,48436dade18ac8b2bce089ec2a041202,2017-08-23 15:50:16,149.9,10.46
f9d6e4f177c33d17573279292f1473e4,1,f449d5919390268a18a8c424e3a62dea,218d46b86c1881d022bce9c68a7d4b15,2017-09-06 19:10:15,133.0,16.69
f9f682974316f9f27b860858f43ea423,1,35bc6c77029697004675d3a2ce505916,897060da8b9a21f655304d50fd935913,2017-08-31 02:55:43,155.0,12.59
f9f682974316f9f27b860858f43ea423,2,35bc6c77029697004675d3a2ce505916,897060da8b9a21f655304d50fd935913,2017-08-31 02:55:43,155.0,12.59
fa0ee03f451f7e7f2df9fda0a1496bc0,1,6eb6c5cb7df0f863538b61a47fcce962,fe2032dab1a61af8794248c8196565c9,2017-08-22 13:50:06,145.0,9.21
fa2cc48dfd7ce0f97490bb4ab4c98eb2,1,75d6b6963340c6063f7f4cfcccfe6a30,cc419e0650a3c5ba77189a1882b7556a,2017-08-30 00:08:42,56.99,8.72
fa356dd17c7288d555da28bc4c43d269,1,85337022853da10b8f5fd7d1ef180421,fc906263ca5083d09dce42fe02247800,2017-08-31 14:25:16,39.9,6.48
fa356dd17c7288d555da28bc4c43d269,2,0aabfb375647d9738ad0f7b4ea3653b1,37515688008a7a40ac93e3b2e4ab203f,2017-08-31 14:25:16,19.9,19.46
fa4fc1143935747eb90d660a6fd01e72,1,4a211fb7f2b6822d48f63629207a9f7e,9674754b5a0cb32b638cec001178f799,2017-08-30 03:06:30,15.9,9.34
fa4fc1143935747eb90d660a6fd01e72,2,4a211fb7f2b6822d48f63629207a9f7e,9674754b5a0cb32b638cec001178f799,2017-08-30 03:06:30,15.9,9.34
fa643944a0153ff767c0df7baeedb902,1,a9597fde84eb2278c5cc4a53f95dd8f9,c8b0e2b0a7095e5d8219575d5e7e1181,2017-08-23 12:25:10,63.99,7.78
fa70e6eb878dec546f11aba9afcf1f28,1,36ea81e90d1292dcdc3ad8abb09c20fe,a420f60ff1aa9acc80d0e42959f2b313,2017-08-25 09:30:14,74.5,25.07
fa745876d70141acf230265bccfb8666,1,04bbe69bca409d1d1fdd812267c89302,cca3071e3e9bb7d12640c9fbe2301306,2017-09-01 17:25:05,106.72,18.32
fa7b2ac9d0a8b3d20805eb52c416c2fa,1,45df8892a1d74d2e8f960dc06625fdab,3a734b715d333a2588a3d54a0c9b8746,2017-08-16 13:25:14,280.0,13.46
fac596e78a482c65c9ebe4d9f7d8eb67,1,56f096959d0abfbb601eaf570323d766,56642bcb79900e777d68e91915cb4267,2017-09-04 08:15:15,84.0,27.13
fad0960622f8a0b36af2cf3530540c48,1,461f43be3bdf8844e65b62d9ac2c7a5a,4869f7a5dfa277a7dca6462dcf3b52b2,2017-08-11 00:23:48,169.9,12.69
fad1e133ca16d525f3b6e2ae6008840e,1,78f5f8f4547e4be0449bce34eb0557f2,82e0a475a88cc9595229d8029273f045,2017-08-21 11:55:18,99.8,13.04
fad45938bae3bd8a63fbae03cc8ae040,1,eb45e95b37dfceebc7b740688cff3686,8444e55c1f13cd5c179851e5ca5ebd00,2017-08-30 15:45:16,829.0,23.37
fadc814c107804fcba00a30e1879b718,1,23a294bd54227d94b276523d3ebf9c6b,3d871de0142ce09b7081e2b9d1733cb1,2017-09-04 04:26:07,100.0,19.94
faf285370e4895d3358378cedee3f088,1,7d50930301709838d8e90dcac5cfaa84,9616352088dcf83a7c06637f4ebf1c80,2017-09-08 16:45:22,59.9,16.18
fb0a1a5bc897d399e60669acf0063044,1,d41dc2f2979f52d75d78714b378d4068,7299e27ed73d2ad986de7f7c77d919fa,2017-08-15 06:43:33,9.0,12.48
fb0a1a5bc897d399e60669acf0063044,2,d41dc2f2979f52d75d78714b378d4068,7299e27ed73d2ad986de7f7c77d919fa,2017-08-15 06:43:33,9.0,12.48
fb0eb3f76da8e00ae19795115ec51d47,1,391a014a66920fa0ce468319264e0232,ce27a3cc3c8cc1ea79d11e561e9bebb6,2017-09-08 17:50:09,129.9,18.48
fb18685c951665e941f2a327f25a2976,1,b3cf0a98f31b76ed0cec13d9c77102c4,1bb2bdb95f4841f1bba2c0d2cd83d3c9,2017-08-16 03:15:52,27.93,15.1
fb233ad89395150ee1cd3e1e90906dc3,1,1c870a715bb1ded648a71cf510b659a5,d91fb3b7d041e83b64a00a3edfb37e4f,2017-08-14 04:04:22,30.45,15.1
fb37491ec3b44ae85c9911fe79cc0193,1,1491a8ff192d4b5c369b0eaa2fe33ee5,37be5a7c751166fbc5f8ccba4119e043,2017-08-22 16:45:02,205.0,26.27
fb4fa4773ffc0092558abf9097750a3f,1,96e04f182dfc420d17e333f362b56ab2,a3e9a2c700480d9bb01fba070ba80a0e,2017-09-01 11:45:16,109.0,18.01
fb52c1aeadce7c26d4c57e429909eab6,1,f06796447de379a26dde5fcac6a1a2f7,b92e3c8f9738272ff7c59e111e108d7c,2017-09-21 21:35:18,239.9,28.0
fb5903db78c27a8ce31f5840de3c0abd,1,e8df023d98f93f9a2ad749b872641344,99eaacc9e6046db1c82b163c5f84869f,2017-08-23 14:50:14,50.0,11.85
fb6255a1918bd0e1307df9f810b3bfc1,1,422879e10f46682990de24d770e7f83d,1f50f920176fa81dab994f9023523100,2017-08-10 15:10:12,59.9,17.67
fb76ca91d6aa4a18429f91a8991355c9,1,4e7814c736cac58bdcd4423ed76ca68a,7142540dd4c91e2237acb7e911c4eba2,2017-08-30 21:04:25,69.9,28.89
fb797aee19d1e438385938cd482027bb,1,52e9413ed0d3e64b796aac2bc2291d50,7f2617c58d5d06806987308b45654351,2017-08-14 11:03:39,149.9,15.8
fb823d96051d7f90b945ce49c2e4dc8a,1,eb66cf8eb505819c951a23b4714fcd39,ececbfcff9804a2d6b40f589df8eef2b,2017-08-25 12:15:08,34.99,11.85
fb8704a67f800f55f7ae2d4e85e2782b,1,c7eaaf164fd5631e52cd54268c113edd,48162d548f5b1b11b9d29d1e01f75a61,2017-08-25 14:30:20,112.9,16.55
fb8c006ccc9a5c06f63dc31bb472daf6,1,5f504b3a1c75b73d6151be81eb05bdc9,834f3294fba9f932f56edc879193f925,2017-08-30 14:26:14,599.0,64.93
fb8cc84309560b14ab09d560ef375beb,1,746cc58d3872bae3f850565b028b96d0,9b00ed88b7fdb95d6ff76e27c1b52d16,2017-08-30 23:15:19,24.0,7.78
fb973be52c6622812266932dc2152017,1,fb8c11da2e1b1634e879d1c3c6762dc2,53243585a1d6dc2643021fd1853d8905,2017-09-04 16:27:19,850.0,38.4
fba2ee5d3cfe6651522da5384c3af63a,1,5e98b7fecc62c3ebeaa8252269b2d6fe,b1ac6ea7895bc3dd6f0f6f4abbdd2821,2017-08-31 19:04:33,59.0,36.58
fbb3296cbee389d9961a820220eb62a3,1,340ba571a6250a5346180e4fc4f1c7e6,3b15288545f8928d3e65a8f949a28291,2017-09-05 15:45:39,106.99,13.09
fbd089d5e60178e50dfa3b157adc9dd8,1,ab328a14d2698a726fe1ed2695f5f43c,620c87c171fb2a6dd6e8bb4dec959fc6,2017-08-31 16:25:35,69.9,12.48
fbe00a3fcc28965ba29bbe674f7672e6,1,50504a602afeb7a2822ea65f1bed8f36,1127b7f2594683f2510f1c2c834a486b,2017-08-31 11:30:10,6.35,7.78
fbea6a49d91331a6874627ab4aca845f,1,c6336fa91fbd87c359e44f5dca5a90ed,4c2b230173bb36f9b240f2b8ac11786e,2017-08-21 03:31:17,39.9,8.72
fc03cdcda715afc2628625ea2cdaffdf,1,acdb0f19ecde303b46ede05c270ad40d,3bdff180c7e1f6551a643b99c265a120,2017-09-05 12:15:19,16.9,16.79
fc1b9b5cbc32d283b6b7a023d0017d10,1,5f504b3a1c75b73d6151be81eb05bdc9,834f3294fba9f932f56edc879193f925,2017-09-08 02:30:15,610.0,37.54
fc24b77521e400e8290a902026efcc85,1,102977ffbec43473f129d2e77b019475,01cf7e3d21494c41fb86034f2e714fa1,2017-08-07 15:35:30,80.52,17.81
fc24b77521e400e8290a902026efcc85,2,102977ffbec43473f129d2e77b019475,01cf7e3d21494c41fb86034f2e714fa1,2017-08-07 15:35:30,80.52,17.81
fc37fc97974eb26b3d77d89d6c9c5f6a,1,6a2909ac21d16b721e4795e7e8ff3e68,0509040ea3fe50071181bbc359eb7738,2017-09-01 18:04:45,24.8,12.48
fc3aa05d6850a6420531377b15473f98,1,b5c9804aab5c4cfd555ebfbc609de43d,7e93a43ef30c4f03f38b393420bc753a,2017-09-01 19:55:25,219.99,8.79
fc3d163a85c692895711a3f290987152,1,1c636ce22ef8c85c26936781e313be5d,1127b7f2594683f2510f1c2c834a486b,2017-08-24 12:05:15,26.68,15.1
fc44f1ca335ffb4a85d6b111dda4b531,1,170db4e7b448ea0a8261aa05fff39ee5,f4c4daa86e30c7e5a553a8d518ac03a5,2017-08-31 17:45:16,460.7,17.97
fc501e42339fe22bc9c45d38c3cbe4ce,1,2b1253c7c4fc2b039a4a91b0a5f1cc68,d20b021d3efdf267a402c402a48ea64b,2017-08-17 06:45:10,46.99,12.69
fc7c515dffd4c3841716ab3f51ba3bad,1,74e48c5377480b7d048d7b294abc569b,3ea00e1dea2b0659dbaf654735929220,2017-08-25 10:04:39,75.0,8.11
fc7e3c066f67dcf0954cd79e8b52a7df,1,f7bb503725fb4d7bb55301d5bceba728,55a5b51f93f2b70ea513f5a047b0262a,2017-08-22 22:04:41,99.7,17.14
fc7e3c066f67dcf0954cd79e8b52a7df,2,f7bb503725fb4d7bb55301d5bceba728,55a5b51f93f2b70ea513f5a047b0262a,2017-08-22 22:04:41,99.7,17.14
fca312dc89356252ea94431b39df1d4c,1,776ef0ee36e20757c513e64903f1fa8a,70a12e78e608ac31179aea7f8422044b,2017-08-30 03:10:19,98.0,16.45
fca50f0a146861f2baa4c293e99bc14a,1,7c1bd920dbdf22470b68bde975dd3ccf,cc419e0650a3c5ba77189a1882b7556a,2017-08-31 19:24:20,58.99,11.73
fca7deffeedcea19b2401f1e5ab3ec88,1,e9d4cb776e7adcac31397e6e1778e532,86ccac0b835037332a596a33b6949ee1,2017-08-31 11:44:36,30.9,12.6
fcb5ccb37b435c44c57d9c7caf3e7623,1,7ba2e13e168f62391e3f2e9c946bc2be,7ddcbb64b5bc1ef36ca8c151f6ec77df,2017-09-01 13:50:18,144.99,15.76
fcbe557f2bb4cd2409d67dec35a1e6f3,1,0a9c1531aa7c17c8c64157b634fa9ba9,86ccac0b835037332a596a33b6949ee1,2017-08-25 14:30:24,29.99,15.1
fcbe557f2bb4cd2409d67dec35a1e6f3,2,0a9c1531aa7c17c8c64157b634fa9ba9,86ccac0b835037332a596a33b6949ee1,2017-08-25 14:30:24,29.99,15.1
fcbe557f2bb4cd2409d67dec35a1e6f3,3,0a9c1531aa7c17c8c64157b634fa9ba9,86ccac0b835037332a596a33b6949ee1,2017-08-25 14:30:24,29.99,15.1
fcbe557f2bb4cd2409d67dec35a1e6f3,4,0a9c1531aa7c17c8c64157b634fa9ba9,86ccac0b835037332a596a33b6949ee1,2017-08-25 14:30:24,29.99,15.1
fcbe557f2bb4cd2409d67dec35a1e6f3,5,0a9c1531aa7c17c8c64157b634fa9ba9,86ccac0b835037332a596a33b6949ee1,2017-08-25 14:30:24,29.99,15.1
fcbe557f2bb4cd2409d67dec35a1e6f3,6,0a9c1531aa7c17c8c64157b634fa9ba9,86ccac0b835037332a596a33b6949ee1,2017-08-25 14:30:24,29.99,15.1
fcc46438879834c9c223c5fa0eb0ea51,1,5115d8cd6438c0c4d8abdf38d5d41ebd,6560211a19b47992c3666cc44a7e94c0,2017-08-09 22:45:21,69.0,7.78
fcf9b8fad0bf8c9ebbe6ac43a434d0d9,1,a8115d34a4b7b74388da609692162c37,85d9eb9ddc5d00ca9336a2219c97bb13,2017-08-10 11:30:14,31.9,21.15
fcfa8ef8103d78c6f2dd57ec67713360,1,2028bf1b01cafb2d2b1901fca4083222,cc419e0650a3c5ba77189a1882b7556a,2017-08-29 22:05:28,56.99,15.84
fd01a48a7d75383a3623e71a538584c3,1,8d1cfc0463b545928bfb4e589e017bd4,aae3bfea055532c57fb453ed3ec80b30,2017-08-24 14:35:12,62.8,7.78
fd0fb35d5a13ce62b474dfce15334b5f,1,0a4093a4af429dc0a9334300e5c13ae5,da8622b14eb17ae2831f4ac5b9dab84a,2017-08-24 21:15:08,29.9,11.85
fd22d0466cd7c6203111661f9efc93a1,1,e75eb9d7737188be4d7fd8b90b88803e,df560393f3a51e74553ab94004ba5c87,2017-08-11 19:23:28,45.49,16.11
fd287f617bff10632a3d985e4be99f81,1,f1c7f353075ce59d8a6f3cf58f419c9c,37be5a7c751166fbc5f8ccba4119e043,2017-08-28 10:05:04,200.0,15.01
fd28bd7a604fde40a52ee6716b971139,1,f07dfd51b27ae763526ca43745920b7d,3771c85bac139d2344864ede5d9341e3,2017-08-13 21:30:15,14.9,8.27
fd35f76586d33671031d89dc11030a4f,1,9c74c26ab807a4a6a5c1dd3c0a112d76,dd2bdf855a9172734fbc3744021ae9b9,2017-09-15 01:05:12,39.9,17.63
fd571ab12e8d263eaf309774eedfcfeb,1,5b4c8ab4477bb00b57cd5edb1af9aff8,17306570e772e7718c92a562d33f5f1d,2017-08-09 03:05:52,296.9,23.2
fd571ab12e8d263eaf309774eedfcfeb,2,5b4c8ab4477bb00b57cd5edb1af9aff8,17306570e772e7718c92a562d33f5f1d,2017-08-09 03:05:52,296.9,23.2
fd571ab12e8d263eaf309774eedfcfeb,3,6845447c5d4495dcddca6e6b494df3e7,17306570e772e7718c92a562d33f5f1d,2017-08-09 03:05:52,296.9,11.6
fd5c1e8106fe112adf074e53073aa76a,1,a8fe47ad6f852f93cc92c7b408687de3,aaed1309374718fdd995ee4c58c9dfcd,2017-08-17 09:25:07,72.9,18.08
fd6570a375422eb90b25eae62935db7b,1,3ac29f1f25166dcc60b97e65d9a5885c,440dd6ab244315c632130ecfb63827b1,2017-08-31 03:05:42,139.9,27.52
fd6c0796eedfbda82950ee1f3255f0a3,1,284f40734f93fd1e46430a7365d571a3,218d46b86c1881d022bce9c68a7d4b15,2017-08-23 21:30:21,191.0,27.66
fd732412d4727a9a7e0d6231b2ca11ed,1,afa3a51dec198b1d14a0c19849dab3a8,3504c0cb71d7fa48d967e0e4c94d59d9,2017-08-24 19:44:26,29.9,15.79
fd743a30d9c92e9f0b93a8733cd2039c,1,83639e59e789cf2ed557ebf817f1085c,a6fe7de3d16f6149ffe280349a8535a0,2017-08-31 02:05:41,49.9,15.1
fd85717bc49c767347b7b46317392d7d,1,22c5ddc22ea8cae84fc9917def682dc6,cc419e0650a3c5ba77189a1882b7556a,2017-08-24 14:10:11,56.99,8.72
fd910e1bec44f27b8680a01c7a5e377c,1,53759a2ecddad2bb87a079a1f1519f73,1f50f920176fa81dab994f9023523100,2017-08-28 04:32:06,59.9,17.67
fd9bd6fdda953d8dd1092cb53a396059,1,15d8ac236009f0d5e74a5033a53ba460,710e3548e02bc1d2831dfc4f1b5b14d4,2017-09-05 11:30:14,309.99,21.41
fdddc15fc7b9c37476820d6eb722f33b,1,9aedf557945e816d48539ee56293f860,53243585a1d6dc2643021fd1853d8905,2017-09-05 12:35:12,1100.0,29.57
fde1f9f7f42a794aed395c97703ed5b3,1,e0d64dcfaa3b6db5c54ca298ae101d05,4869f7a5dfa277a7dca6462dcf3b52b2,2017-08-07 15:15:23,179.9,16.01
fdec4779c139653010892cec5f7b35e2,1,7fb04722aba7a2b632bac8f9819796f3,f3b80352b986ab4d1057a4b724be19d0,2017-08-16 16:15:12,79.0,18.79
fdf9e48108cf744c38b7e25e1801e6c6,1,38c56c5c5b16958d95bf8254498ad555,fa1c13f2614d7b5c4749cbc52fecda94,2017-08-10 17:04:11,799.0,20.35
fe03e808df6c069fbc70b82be411d07e,1,7b9b39b222adc797a65032aea85e3395,a3a38f4affed601eb87a97788c949667,2017-08-27 22:26:01,129.99,14.06
fe1330694965e065fb84b10ad9d67dc2,1,0ef0a1c6a3c510f3f81bde96f72121d1,e8f6dc8e6a1dcde89d20e3995c8d90b3,2017-09-29 10:50:17,29.98,23.11
fe1330694965e065fb84b10ad9d67dc2,2,0ef0a1c6a3c510f3f81bde96f72121d1,e8f6dc8e6a1dcde89d20e3995c8d90b3,2017-09-29 10:50:17,29.98,23.11
fe492b94021fc809f9fd371ca4162c51,1,a5e253ef6240a13a4d631fd39d2c7444,1354d51653f645349064725ed204e85e,2017-08-31 14:25:11,60.0,14.17
fe68b52db13993f58175fa589125d345,1,f4135cbdece8245560f7be179533797a,3fefda3299e6dfaea3466ef346a3571a,2017-08-17 02:55:27,209.0,16.21
fe7edde8e7e558480c547a75af47bde8,1,dceb3f67aef3484498a7caa4ba50f484,2fdde51ad3e12f297da656d4fbd5d0b5,2017-08-30 23:24:33,469.0,76.13
feb4e69949791cedc24d210212eb73ce,1,4a9bd3957391943f2cf8a75a915c4b8a,7a67c85e85bb2ce8582c35f2203ad736,2017-08-29 18:45:27,229.99,22.01
feb8588347d37764969332accbf3937a,1,d39421ec4cc2bf52e35f8bf00f1ec314,cc419e0650a3c5ba77189a1882b7556a,2017-08-22 14:50:10,49.99,16.6
febe5ed09ac6fa3dd1004b57269adeef,1,c900bb01100f7e72011f57af81326b90,d91fb3b7d041e83b64a00a3edfb37e4f,2017-08-29 20:50:11,35.7,15.1
fee04510f8e4bd36d10789bdbe55eae2,1,75d6b6963340c6063f7f4cfcccfe6a30,cc419e0650a3c5ba77189a1882b7556a,2017-08-31 20:10:15,56.99,11.9
fee19a0dc7358b6962a611cecf6a37b4,1,f1c7f353075ce59d8a6f3cf58f419c9c,37be5a7c751166fbc5f8ccba4119e043,2017-09-07 22:06:31,195.0,0.0
fee5ae4c3023d564892b2010f3bdbb3e,1,1a0e58ba2d1b44924d3d7184ae40e575,59b22a78efb79a4797979612b885db36,2017-09-05 17:55:28,69.0,15.23
fef9630717f341d93127dbf1d27650c9,1,03d4233b9e3382adaed9e5c58626f1dc,1da3aeb70d7989d1e6d9b0e887f97c23,2017-08-30 13:25:21,17.99,7.78
fef9630717f341d93127dbf1d27650c9,2,e0d3e5cf1969f20bd69e052ec6cf8f8f,1da3aeb70d7989d1e6d9b0e887f97c23,2017-08-30 13:25:21,12.99,7.78
fef9630717f341d93127dbf1d27650c9,3,351eb84de99fb5e43d8706bc3f41fbff,1da3aeb70d7989d1e6d9b0e887f97c23,2017-08-30 13:25:21,12.99,7.78
ff027db47fd74b1bcf2dd6c24f0b809e,1,697b581688dd771021a47554cbff8f94,8581055ce74af1daba164fdbd55a40de,2017-08-24 22:25:21,98.0,21.53
ff12a8872c437666ba0b1df5812a956e,1,725cbfcaff95a4d43742fdf13cf43c75,3504c0cb71d7fa48d967e0e4c94d59d9,2017-08-08 14:30:20,44.99,14.1
ff1f8f328e5a59ac754240b6dd31bcb4,1,e7a6f33d382bca6fa19f52ff13e440bd,4a3ca9315b744ce9f8e9374361493884,2017-08-16 16:25:17,74.0,12.02
ff1f8f328e5a59ac754240b6dd31bcb4,2,e7a6f33d382bca6fa19f52ff13e440bd,4a3ca9315b744ce9f8e9374361493884,2017-08-16 16:25:17,74.0,12.02
ff1f8f328e5a59ac754240b6dd31bcb4,3,e7a6f33d382bca6fa19f52ff13e440bd,4a3ca9315b744ce9f8e9374361493884,2017-08-16 16:25:17,74.0,12.02
ff22f062d286cb9f0ac08978e3088b82,1,fb949f35bd1873f846cb7246d9db81b0,6edacfd9f9074789dad6d62ba7950b9c,2017-08-28 11:10:16,51.9,16.12
ff41b585a087aeaab9daae351364e439,1,b9ee7519d0187d2389af62ba6c612963,78c99c6dff4eeae5be99bf635ed21e3f,2017-08-18 18:30:14,69.9,16.25
ff498085978fb1959138f596bd09aaf0,1,a7c73814e6894bc049f7aac7d37f7175,6f892e20a171e98efe17fdb971ff319b,2017-08-16 04:24:43,254.9,18.22
ff4cdf9a24ffba79c88c81aeb858b4c7,1,f8ca22f13e0b58c30e9a8822f20d9ba9,710e3548e02bc1d2831dfc4f1b5b14d4,2017-08-15 23:05:13,259.9,43.96
ff6373dfa00603bd092cb8f6eef3349a,1,3d82497d58f46e57e5fdb6cd68a03a2b,8b28d096634035667e8263d57ba3368c,2017-08-22 01:15:20,59.8,15.17
ff768f0d1c8049b457b59a74104cd1c5,1,880be32f4db1d9f6e2bec38fb6ac23ab,fa40cc5b934574b62717c68f3d678b6d,2017-08-23 19:45:10,44.9,11.85
ff850ba359507b996e8b2fbb26df8d03,1,d2bea3c01e172037caa99b2d138f39d0,9674754b5a0cb32b638cec001178f799,2017-08-10 20:20:07,16.9,16.11
ffabb8ed44ae4f83efd9d206904d88f5,1,c6ea63369936552872ae890c82175b4b,37be5a7c751166fbc5f8ccba4119e043,2017-08-16 20:10:16,205.0,26.27
ffabb8ed44ae4f83efd9d206904d88f5,2,c6ea63369936552872ae890c82175b4b,37be5a7c751166fbc5f8ccba4119e043,2017-08-16 20:10:16,205.0,26.27
ffd5e80bfdaf69504efd7562a3d522dd,1,bd67e67dcfcc53e712a29c215ec26de5,3d39fbf22a665714baf62fae36029e23,2017-08-28 09:46:08,584.9,16.65
ffdc30c0eaeed2e08818c4dad9806292,1,c3f6113d5b61bc95468432072b27e23d,897060da8b9a21f655304d50fd935913,2017-08-17 02:51:01,18.9,15.1
ffe4972089425f7752aad086a7fdce28,1,547b95702aec86f05ac37e61d164891c,001cca7ae9ae17fb1caed9dfb1094831,2017-08-29 14:55:18,129.0,32.23
ffe4b41e99d39f0b837a239110260530,1,e97df839917a6e93404867b1d0319bfc,42bde9fef835393bb8a8849cb6b7f245,2017-09-07 21:25:40,19.0,15.79
ffe4b41e99d39f0b837a239110260530,2,e97df839917a6e93404867b1d0319bfc,42bde9fef835393bb8a8849cb6b7f245,2017-09-07 21:25:40,19.0,15.79
fffe18544ffabc95dfada21779c9644f,1,9c422a519119dcad7575db5af1ba540e,2b3e4a2a3ea8e01938cabda2a3e5cc79,2017-08-21 00:04:32,55.99,8.72
