order_id,order_item_id,product_id,seller_id,shipping_limit_date,price,freight_value
00048cc3ae777c65dbb7d2a0634bc1ea,1,ef92defde845ab8450f9d70c526ef70f,6426d21aca402a131fc0a5d0960a3c90,2017-05-23 03:55:27,21.9,12.69
0014ae671de39511f7575066200733b7,1,23365beed316535b4105bd800c46670e,92eb0f42c21942b6552362b9b114707d,2017-05-29 03:15:24,16.5,14.1
001d8f0e34a38c37f7dba2a37d4eba8b,1,e67307ff0f15ade43fcb6e670be7a74c,f4aba7c0bca51484c30ab7bdc34bcdd1,2017-05-18 17:35:11,18.99,7.78
001d8f0e34a38c37f7dba2a37d4eba8b,2,e67307ff0f15ade43fcb6e670be7a74c,f4aba7c0bca51484c30ab7bdc34bcdd1,2017-05-18 17:35:11,18.99,7.78
001daeb0eddc45b999bad0801ad9d273,1,30c01cc81c9eb80469371743813789cc,f45122a9ab94eb4f3f8953578bc0c560,2017-05-25 02:15:20,38.33,16.79
003324c70b19a16798817b2b3640e721,1,2b939dc9b176d7fa21594d588815d4a4,dbc22125167c298ef99da25668e1011f,2017-05-24 19:22:34,102.9,14.45
003324c70b19a16798817b2b3640e721,2,2b939dc9b176d7fa21594d588815d4a4,dbc22125167c298ef99da25668e1011f,2017-05-24 19:22:34,102.9,14.45
004157daafa0bc8672e01f00e4f0c04f,1,8b5632d7a4f86bd2f1331355305427e6,624f4ece8da4aafb77699233d480f8ef,2017-05-25 13:25:15,189.0,33.91
00571ded73b3c061925584feab0db425,1,8695c431b31927efef5343e675f279e7,fe2032dab1a61af8794248c8196565c9,2017-05-25 21:10:16,179.9,15.01
00571ded73b3c061925584feab0db425,2,8695c431b31927efef5343e675f279e7,fe2032dab1a61af8794248c8196565c9,2017-05-25 21:10:16,179.9,15.01
006e43460a55bc60c0a437521e426529,1,08574b074924071f4e201e151b152b4e,001cca7ae9ae17fb1caed9dfb1094831,2017-05-17 01:30:22,99.0,43.06
00891ba5de66f55000ee358ceea9b345,1,eb8dbe7d2dd22ab3547925e49a78feb3,218d46b86c1881d022bce9c68a7d4b15,2017-05-19 17:35:15,133.0,16.69
00a9536682ecb394a3794c1608200803,1,24a014458ccc6e989b4fcef5fa71da58,4a3ca9315b744ce9f8e9374361493884,2017-05-18 23:50:08,109.9,12.27
00c9f7d4b0e87781465e562dc109f6aa,1,1a0d662b65b5ef08796501b064c853af,2e0dba2da448400b1c11d7b4b22f32a4,2017-05-26 19:25:17,14.99,15.1
00c9f7d4b0e87781465e562dc109f6aa,2,1a0d662b65b5ef08796501b064c853af,2e0dba2da448400b1c11d7b4b22f32a4,2017-05-26 19:25:17,14.99,15.1
00c9f7d4b0e87781465e562dc109f6aa,3,1a0d662b65b5ef08796501b064c853af,2e0dba2da448400b1c11d7b4b22f32a4,2017-05-26 19:25:17,14.99,15.1
00c9f7d4b0e87781465e562dc109f6aa,4,1a0d662b65b5ef08796501b064c853af,2e0dba2da448400b1c11d7b4b22f32a4,2017-05-26 19:25:17,14.99,15.1
00d50baf1bc56a3c59de1810a6b84b0d,1,71a7800a633691de8ecdd17463335e2e,f80edd2c5aaa505cc4b0a3b219abf4b8,2017-05-29 22:10:12,59.9,34.22
00d50baf1bc56a3c59de1810a6b84b0d,2,71a7800a633691de8ecdd17463335e2e,f80edd2c5aaa505cc4b0a3b219abf4b8,2017-05-29 22:10:12,59.9,34.22
00d94e8901b75ee0d6ef1f87f947b666,1,a35a9f46dcee0a67c8c7ad8493eb4135,85d9eb9ddc5d00ca9336a2219c97bb13,2017-05-08 14:25:13,27.9,20.8
00d94e8901b75ee0d6ef1f87f947b666,2,a35a9f46dcee0a67c8c7ad8493eb4135,85d9eb9ddc5d00ca9336a2219c97bb13,2017-05-08 14:25:13,27.9,20.8
00e1bdb3f1388c8ed222597ee4fa01e7,1,c4989935ece6a2e0c0c148ede45f640e,522620dcb18a6b31cd7bdf73665113a9,2017-05-24 04:10:29,419.9,17.69
00e7ee1b050b8499577073aeb2a297a1,1,a9516a079e37a9c9c36b9b78b10169e8,7c67e1448b00f6e969d365cea6b010ab,2017-05-22 15:22:12,124.99,21.88
00ed64bc080d87b4ab7f0c433bc5e98f,1,fbb1cfc2810efabf3235eccf4530f4ae,0c8380b62e38e8a1e6adbeba7eb9688c,2017-06-06 18:22:47,44.9,16.11
00f6dbc6195397197ee147ee45607a2c,1,4e64dbe0b03dc0aba80f28b0b922c6b6,1b4c3a6f53068f0b6944d2d005c9fc89,2017-05-09 11:15:30,49.9,14.52
00fb055886536063afa0dbee07a0944f,1,5d422bd54b54307ff7a5e770f40946e4,e88c9b79e592e370d6bd852eeefbf057,2017-06-02 02:25:13,11.9,16.79
00fb055886536063afa0dbee07a0944f,2,5d422bd54b54307ff7a5e770f40946e4,e88c9b79e592e370d6bd852eeefbf057,2017-06-02 02:25:13,11.9,16.79
011a56023faf5bbb9af634e20a85f7bc,1,913eefa4eb54c8a9bcb9871dfd94a0ca,71dc18fd8cbf5fd77f45dd8b427abb34,2017-05-16 07:05:09,120.0,17.28
011abf147a69ba486bae3a74b6cd1814,1,3cc842aabeddd8ef0d633a10ef8a51aa,46dc3b2cc0980fb8ec44634e21d2718e,2017-05-18 11:30:24,279.99,16.72
0124f01177fc17cf20e1974621fd759a,1,87cc2aef12eddf0b170234138b0946e0,34d1ca11b242c0fee2c834ae8d788566,2017-05-18 14:15:17,185.81,17.06
012f29911fcd2f1209d937741a6bbc6f,1,8c0bd0d6526379599b74a3a006d4c124,d66c305afaec317ebee552073a674429,2017-05-22 15:50:13,27.99,14.08
012f2c4ca09b101a73e18957c3294cd6,1,a9e9edb1bcac585bfbfa381ce40e5d99,06532f10282704ef4c69168b914b77be,2017-05-11 22:35:11,1820.0,81.62
0168a7f186c1f066748d15d8c51f489a,1,521a361808bedd9fffb32181e501e09b,5b179e9e8cc7ab6fd113a46ca584da81,2017-05-22 03:25:21,149.9,8.3
0179a3003c894f1dd3b1ddda5d1f8a12,1,f42892b40225227fe465626ff509a92e,4a3ca9315b744ce9f8e9374361493884,2017-06-01 02:50:20,89.9,15.33
0179a3003c894f1dd3b1ddda5d1f8a12,2,83309bfd8eef19fbfaa8e790b824b572,4a3ca9315b744ce9f8e9374361493884,2017-06-01 02:50:20,76.9,15.34
01835ef41c5ac66dd9ec6084fa1d0533,1,bbaef2eadf31fe3ea6702077398be06c,cc419e0650a3c5ba77189a1882b7556a,2017-05-18 21:45:17,56.99,15.15
019d79b37e56c6d56d6323fed0c54d70,1,f3dadec221142e379d7113915c1d0fa8,e9d99831abad74458942f21e16f33f92,2017-05-25 14:30:17,51.0,15.11
01a4ec962d7589584c11650ca20d728b,1,84bc1370758fa98d08afd0180818217a,a3a38f4affed601eb87a97788c949667,2017-05-25 17:50:20,199.9,13.69
01a4ec962d7589584c11650ca20d728b,2,18692fdc7adb29c885d8cb84eb68a97e,aaed1309374718fdd995ee4c58c9dfcd,2017-05-25 17:50:20,187.2,20.54
01b1a7fdae9ad1837d6ab861705a1fa5,1,3fae92f8d0ebb3317991934a6d717c47,1900267e848ceeba8fa32d80c1a5f5a8,2017-06-02 16:02:58,49.99,16.17
01b1a7fdae9ad1837d6ab861705a1fa5,2,9b02b650be0a39d8590be7d35be443f9,ad273c9eb54ecb4532de4bf75bae9e4e,2017-06-02 16:02:58,59.0,10.68
01bb5b3cb7df4da98ea2214d083784c4,1,476f613bc92f3a20cf80a586fa45a232,da8622b14eb17ae2831f4ac5b9dab84a,2017-06-05 04:50:24,39.9,12.69
01be661b8196707ef60f062632d6d1bd,1,99a4788cb24856965c36a24e339b6058,4a3ca9315b744ce9f8e9374361493884,2017-05-24 10:42:27,89.9,12.13
01be661b8196707ef60f062632d6d1bd,2,99a4788cb24856965c36a24e339b6058,4a3ca9315b744ce9f8e9374361493884,2017-05-24 10:42:27,89.9,12.13
01c79ae32ef95b276907d99e83fe57e5,1,7344630ca6c1a4917e55f35c729baa7d,db4350fd57ae30082dec7acbaacc17f9,2017-05-30 20:22:49,16.9,7.78
01d601c4d70f016f1e32ee8e82d6d4c9,1,d99a9035db5875b38e59f9f55b9548f1,31344c16881c08a8a72c6d2eb29918c1,2017-05-18 01:30:11,229.9,43.98
01d80471e02a3ba49c8e1d0abc2c1a64,1,c19d5ba108c34b8255cf9a524da92bc4,4e922959ae960d389249c378d1c939f5,2017-05-15 09:31:57,75.0,16.23
01dcbb39823b4cda39ddcc6679fb00ac,1,bbf920aa6ac72007a726e6f419156f8f,391fc6631aebcf3004804e51b40bcf1e,2017-06-02 20:15:19,39.9,17.6
01dcbb39823b4cda39ddcc6679fb00ac,2,bbf920aa6ac72007a726e6f419156f8f,391fc6631aebcf3004804e51b40bcf1e,2017-06-02 20:15:19,39.9,17.6
01e6f40a293da5a9dc11e49695c7541d,1,f7ac498363699addc5ff78eadee46977,2138ccb85b11a4ec1e37afbd1c8eda1f,2017-06-05 04:30:25,48.99,15.1
02058d1c3b825765a4ec45968b8a1c97,1,d05d4a7430d1293367ba2ffbedcdef05,54065e9aef7e9e9c2dc23b7594db021a,2017-06-02 02:50:28,1799.0,27.34
02358a9949662b292e80635305dea78b,1,0cf573090c66bb30ac5e53c82bdb0403,99eaacc9e6046db1c82b163c5f84869f,2017-05-23 04:05:19,59.0,25.69
024d56279184e5cb942d9abf28fc14e6,1,5fc3e6a4b52b0c414458104ed4037f1c,229c3efbfb0ea2058de4ccdfbc3d784a,2017-05-25 18:05:16,89.0,8.21
0267556bb9e07f6184470cf755f5b5da,1,2b87ded5c8c2c971d4d5a2e4bd7b85bc,a3a38f4affed601eb87a97788c949667,2017-05-10 23:10:09,74.9,16.96
02680f764ca402aabbb86572ed2731ef,1,af62192c9415dbf2b36c294762acd9ed,63b464dbf392c7b80d12d932fa7cafed,2017-06-08 17:30:17,169.0,16.89
02702047ff5a89b9dd2f5afa7dcff91e,1,cd82271424be9568801391194697361c,062ce95fa2ad4dfaedfc79260130565f,2017-05-17 23:15:09,41.9,16.79
02855eb3e469890c3b741adb0fd64f71,1,ecbe401f10ecd3b822d940d63cc3311e,cd68562d3f44870c08922d380acae552,2017-05-22 03:22:47,89.0,15.37
028ad19261e3ad3406ca689348755456,1,9453bde60c4ee52155c963641736cfc5,5c243662ce92d84573bfaff24c3e3700,2017-05-26 15:30:18,467.0,18.02
028e1ce5e085cc7810f340572c316b35,1,99a4788cb24856965c36a24e339b6058,4a3ca9315b744ce9f8e9374361493884,2017-05-26 09:04:28,89.9,15.38
02b7e7c49710de373ce4bb83fd4bf81d,1,095cb863f2b04911455ad33f5177062e,2059c39f76271d4ca3f15b5ffaccc8b8,2017-05-16 07:35:07,53.9,13.4
02da43e64b38100ea4b0b4a76cc2ba66,1,26dbcaad027ebbead6bb387c7d68abca,46dc3b2cc0980fb8ec44634e21d2718e,2017-05-30 08:42:34,249.99,18.32
02f82a2b0b79e9dbb86c47cef1e92063,1,c234a60a994181f45605566bef8fe3b4,d101c6da914ae3d53f7bee42283f2fe2,2017-05-09 11:22:44,109.9,15.88
02fab07a655ce404330d65b508f32d9e,1,63c4a70e0a12b4bd9475fca9e9937e76,d66c305afaec317ebee552073a674429,2017-05-25 14:55:17,122.99,164.98
030c7ec55b04c23a239cd70bd9750e18,1,b44076f8988fe82b676a754e798ab0f9,3d871de0142ce09b7081e2b9d1733cb1,2017-05-21 21:42:56,69.9,13.51
030e16ae69706dde9e78557f9b501657,1,e38bfda757257dee1985af625f8911fc,46dc3b2cc0980fb8ec44634e21d2718e,2017-06-01 16:22:52,399.99,15.63
030e9e4de3076fb365bf6549b920215a,1,7c1bd920dbdf22470b68bde975dd3ccf,cc419e0650a3c5ba77189a1882b7556a,2017-06-09 20:22:23,64.99,11.95
0312ecf90786def87f98aa19e0e0ce63,1,f908d3bf313a1308bfb2a46ea2685347,25e6ffe976bd75618accfe16cefcbd0d,2017-05-16 22:10:10,35.0,7.78
033729e95819665323119db0291d0f0c,1,331a9e69c95aad991177b0f1ef85a261,70a12e78e608ac31179aea7f8422044b,2017-05-18 05:42:21,98.0,13.03
0345ba423eed2b009e0e407b19c422e4,1,2e7980421ad7946eab8a71b637955704,8e6cc767478edae941d9bd9eb778d77a,2017-05-23 13:10:13,60.08,17.67
0358c6f73774fe4d4ea9b936ce61ab2a,1,f9259c9e7c0f12c70f7a81409680a5ff,3db66a856d18a9cba7c9241fc5221c50,2017-05-09 16:02:59,69.9,19.19
0368dc5a797fb5e3dbca70876ad9c164,1,dea1ae8abcd2a440ab30613558fbfc66,cca3071e3e9bb7d12640c9fbe2301306,2017-06-06 17:05:15,174.9,18.47
0368f4fdb586fe3cde123934d4ab5b5e,1,99a4788cb24856965c36a24e339b6058,4a3ca9315b744ce9f8e9374361493884,2017-06-07 07:02:53,89.9,15.38
036b791897847cdb8e39df7943367474,1,e493b6001e292d2cdb2c6172bac9d0a4,8a32e327fe2c1b3511609d81aaf9f042,2017-05-18 02:50:36,49.99,9.34
036d29511908c7b10872e1e72fd0681b,1,eb0db7338f21fb5467875d41aaebe7b3,11eac105f3f90a9b87b19c89d91e24f3,2017-06-06 21:30:14,138.0,21.46
037556f936da90c5f9504956ff286860,1,53759a2ecddad2bb87a079a1f1519f73,1f50f920176fa81dab994f9023523100,2017-05-09 12:10:24,59.9,13.0
0394e320572c0048e41267320a28270e,1,7c2d0df8e5fbfa71d54a400b33a8502e,7e1fb0a3ebfb01ffb3a7dae98bf3238d,2017-05-10 06:35:24,116.0,25.3
039dffcfcd2b5404d42beff4bbeff110,1,29427de7f8a9ee983d9dbc51cec569b4,7a67c85e85bb2ce8582c35f2203ad736,2017-05-31 08:22:28,99.99,11.9
03a8aa5d0860898d421c46247011c686,1,79ea753b9ec382b3bf6b03d449ac9b3b,6cf476a4ca74498db55cbccdaa9dcfb6,2017-06-06 19:15:20,314.99,18.91
03b5ec589ff32d3dac9dd2f9f06496d6,1,9cb67ae6cec5627ef21cbadcdb357054,542917da124346b47ea1ac79a93ce454,2017-06-01 12:32:51,101.0,42.86
03ba1ceb961947c4c2945964f28cb9ed,1,9fe172fa8e662ca8572cf12abf8bce23,cab85505710c7cb9b720bceb52b01cee,2017-05-24 07:05:10,49.9,14.1
03c968d10d8c63bd2388245d02579fde,1,056193fc88b3f131fae751356896b168,7a241947449cc45dbfda4f9d0798d9d0,2017-05-30 19:03:12,129.99,31.66
03df18ab5ba4464030b07f49dc6d206e,1,dca18a6e2fb6da75092ed874094ed7b6,5656537e588803a555b8eb41f07a944b,2017-06-05 09:25:10,31.89,15.79
03f2794ace8d10c0af8614f6fac2be3e,1,70d01ae15a5d5ee38388b90c0470d9b0,a3a38f4affed601eb87a97788c949667,2017-05-21 21:02:36,89.99,18.2
04211073930bd30b88b8170431a071ed,1,f0aeff7723abbe804226f96c5b1db7ef,f8db351d8c4c4c22c6835c19a46f01b0,2017-05-31 02:55:16,18.9,15.1
0426ac8a5e4a839db34bb45d7e313fa3,1,cc971e0365873137b8bef2ebad633e6f,7a67c85e85bb2ce8582c35f2203ad736,2017-05-09 11:31:13,219.99,19.82
042c384c3edbe39a47895217eb5e90a4,1,b3cd491b3a347c8becc23fa5515440f9,b6d44737c043328708f6749c2dbe50bd,2017-05-09 14:02:33,145.0,28.2
0435404d45d367d6da14e7628c40a041,1,33b67c1594a903b27b5163c0efb15a5d,0ea22c1cfbdc755f86b9b54b39c16043,2017-05-30 21:55:16,69.9,15.24
04398fd8d888a4857774d982da494987,1,d88a953f5d1e00cbfb5785dcb8a9f81f,dd533b429f380718b70ad9922c294bae,2017-05-19 14:25:18,39.9,17.6
04767604594dae9050fbaf22bca08e6e,1,dbd91d7511ed7f4e61be3a191082644e,620c87c171fb2a6dd6e8bb4dec959fc6,2017-05-29 03:22:51,159.9,9.86
048f4f6b6d2d3bc131665b2440c39f70,1,c075b8e131353552218860f1c421e4ef,f80edd2c5aaa505cc4b0a3b219abf4b8,2017-05-31 22:35:20,48.9,37.9
04915529f622f4b069fb4501085fd905,1,880be32f4db1d9f6e2bec38fb6ac23ab,fa40cc5b934574b62717c68f3d678b6d,2017-05-16 15:02:30,42.99,5.52
04915529f622f4b069fb4501085fd905,2,8d98dedc3c19de17f1a090195e85d6b6,fa40cc5b934574b62717c68f3d678b6d,2017-05-16 15:02:30,49.9,10.04
04bd525b12a75a2a6fafd26414588301,1,9a2e821cfc513051382e27606ab3325c,3d871de0142ce09b7081e2b9d1733cb1,2017-05-15 17:10:08,69.9,15.24
04bf4de54cc6a9145f3ca780b9f45d54,1,30b6868bde148b4c71716da3f1cdd9e3,aafe36600ce604f205b86b5084d3d767,2017-05-18 02:55:23,59.9,16.18
04c8fbbbe02b38bd685ad085fcaf29bd,1,d566c6f148d426bff95179d7e2e91d61,4e922959ae960d389249c378d1c939f5,2017-05-17 02:25:27,79.0,11.16
04cb4d9e4f236cd2d6d42de8f1eea4ae,1,db34e1e6f14cc3755d9149fe8a1de9fd,850f4f8af5ea87287ac68de36e29107f,2017-05-29 09:02:41,499.9,17.25
04d0a4d84d5dc9cc343ca4d0e4120a4d,1,06c38a87544301cba8b0fb5a0796383d,dd533b429f380718b70ad9922c294bae,2017-05-25 18:50:14,52.9,20.86
04d551f13024f132b86b2fdb707664ed,1,78a727ba961fe7561d533e153bf04088,5b97c06a046398e7005b2b7c0d707a92,2017-06-01 00:32:45,379.99,51.19
04df14e9618f3ad47f7b1e353b0b9c50,1,5a6e53c3b4e8684b13388d6aa4afdf12,7299e27ed73d2ad986de7f7c77d919fa,2017-05-30 02:55:31,16.99,15.1
04e1ca520a917164808b7fd567f9b57c,1,72172e982e8b92155069e4201c92c0bb,e9779976487b77c6d4ac45f75ec7afe9,2017-05-18 05:10:12,28.0,15.1
04e1ca520a917164808b7fd567f9b57c,2,72172e982e8b92155069e4201c92c0bb,e9779976487b77c6d4ac45f75ec7afe9,2017-05-18 05:10:12,28.0,15.1
04e4230edda7cee2d7656643461d47e7,1,c7b3cf9de7be95b3e09e7a63315685eb,5dceca129747e92ff8ef7a997dc4f8ca,2017-06-06 17:45:13,79.9,21.05
04eb8bac62618bbc56c582cd49493669,1,b8d157185e5abaabd9244275aca22a7f,0ebd97a106433a45a4aebe57c1799778,2017-05-22 09:25:16,69.9,14.24
04f917df18d906d8a147182234788026,1,31a2f42a87890f87d77daebdfabc182e,4c03b9dd4c11ee2cb35c96c49efc9420,2017-05-24 17:05:11,129.9,27.45
04fb47576993a3cb0c12d4b25eab6e4e,1,af51d485dc5255ba2e18b21b550156e6,5dceca129747e92ff8ef7a997dc4f8ca,2017-05-31 13:10:17,259.9,41.77
05252513392111e8721062d8ecd9edb1,1,089cc17c8bf2226d13648392e33dabd7,70a12e78e608ac31179aea7f8422044b,2017-05-25 19:05:16,45.0,11.85
0542a77eb7f00f9ed2f08c1dba22a43c,1,63de2743d05ab59d85caa49e49459ac1,cbd996ad3c1b7dc71fd0e5f5df9087e2,2017-05-19 02:55:22,15.75,11.85
05519ea9a25c6f57bfaa4ce4c372b26c,1,e052d2aebe5b1887f31d80b47c2aa3c0,96493fab2fbb13a14d0c0e8772eef5c3,2017-05-18 14:55:14,339.0,18.13
055e121a8cefa5494be46fea4bd4f3ab,1,0db04bfc9ca0d0dc2c530e7f2d023160,870d0118f7a9d85960f29ad89d5d989a,2017-05-31 13:10:17,34.9,25.19
05b2ebbb3869fd116a0a1c247ba70d00,1,90b86c830114ddc888f6380a223ee285,d2374cbcbb3ca4ab1086534108cc3ab7,2017-06-06 11:22:29,21.9,11.85
05b44fc08ced0af18eba71e859288f3e,1,25b569d22d25020f8a5d52f8ad129b14,d12c926d74ceff0a90a21184466ce161,2017-05-25 15:35:40,29.0,15.1
05c12734a5d14a9b9528b3eb84f30e50,1,ca152649b43c4c6081853d9421c59869,85d9eb9ddc5d00ca9336a2219c97bb13,2017-05-19 18:02:40,38.9,15.79
05e52cc535bf067c2eb8337443ca0fc0,1,1a657b37e6e9a1ad8dfc98c1820a3fef,1336efc61c316ddf92c899eb817f7cae,2017-05-26 17:03:20,119.0,36.15
05efc756dc2f2fdb4e8e914ad1a73f3c,1,17fc8cc736bd5d1f6714f41102d6ff30,8f119a0aee85c0c8fc534629734e94fd,2017-05-31 09:42:58,79.9,14.31
05fcebb08e5f6447834c6593dcec9c81,1,af51d485dc5255ba2e18b21b550156e6,5dceca129747e92ff8ef7a997dc4f8ca,2017-05-29 22:30:08,259.9,48.53
063be5d2e54f57f9673b26b87c8d8bfc,1,0f7b5d8f0464562dd0d3e46054e0bd0e,44073f8b7e41514de3b7815dd0237f4f,2017-05-23 23:05:19,82.0,16.33
0647d9d193d898f2ff46c9e91a3c8c4b,1,d5991653e037ccb7af6ed7d94246b249,25c5c91f63607446a97b143d2d535d31,2017-05-26 03:50:12,188.9,20.56
0647d9d193d898f2ff46c9e91a3c8c4b,2,d5991653e037ccb7af6ed7d94246b249,25c5c91f63607446a97b143d2d535d31,2017-05-26 03:50:12,188.9,20.56
0647d9d193d898f2ff46c9e91a3c8c4b,3,d5991653e037ccb7af6ed7d94246b249,25c5c91f63607446a97b143d2d535d31,2017-05-26 03:50:12,188.9,20.56
0647d9d193d898f2ff46c9e91a3c8c4b,4,d5991653e037ccb7af6ed7d94246b249,25c5c91f63607446a97b143d2d535d31,2017-05-26 03:50:12,188.9,20.56
064c48df7cb281b1f0f0cfcaa2a69662,1,6cdd53843498f92890544667809f1595,ccc4bbb5f32a6ab2b7066a4130f114e3,2017-06-02 19:42:38,349.9,29.3
0652543c9f8586d33500c3d0e4ddc6a6,1,5fda5f5969ed8a446022953a89e1c81a,1b8356dabde1d35e17cef975c3f82730,2017-05-18 13:05:52,52.99,9.34
06691ef50a126916cb2d45040258ee3c,1,4c6da5fa882447ab7e8d0fb767f8aa99,b1aaae6b66ad3c40f54b389d7ea4bee0,2017-05-22 23:22:40,93.5,55.93
066e583c1ef730d7f1685807bc618cf7,1,da1cfaaffa7720fe28f26f18d52f5ad9,0ea22c1cfbdc755f86b9b54b39c16043,2017-06-01 09:20:18,39.9,21.15
067bc1024a45f0e3cf23b724757e55e2,1,9453bde60c4ee52155c963641736cfc5,5c243662ce92d84573bfaff24c3e3700,2017-05-29 01:45:06,467.0,17.02
06c6a92df74580db95364b36aeb8f5b9,1,0354c6a8cb8961e29b70e564b93861fe,a3a38f4affed601eb87a97788c949667,2017-05-24 07:50:15,34.99,12.6
06ed17679c8b0ff15675069ab6217783,1,dd1759836cc99a88be1a42bf6673abe0,fe2032dab1a61af8794248c8196565c9,2017-06-02 09:45:15,169.0,8.44
06eda05597492635e3b91e00aa434332,1,557281eded333607ebffd2e626f96101,7299e27ed73d2ad986de7f7c77d919fa,2017-05-30 03:05:27,199.99,16.15
0716d86faf8bd36dcb5bdaee6777b272,1,4fce0eab61e01d521044c8b071cdfead,0509040ea3fe50071181bbc359eb7738,2017-05-25 11:45:19,32.8,14.1
0756fac8c4aef0446002871923cc6b8f,1,0bb7cb61f1957f79dac582ab66ccdc1f,e26901d5ab434ce92fd9b5c256820a4e,2017-05-15 17:35:12,23.9,14.1
076d71b244e240e104ffe5bf5985faa2,1,9af9fb5e25c1c09f035e01b7936f6c6e,aafe36600ce604f205b86b5084d3d767,2017-06-01 15:25:15,69.9,19.03
077934ed5527f66c12ae98ad498190e1,1,08574b074924071f4e201e151b152b4e,001cca7ae9ae17fb1caed9dfb1094831,2017-05-31 02:50:19,89.0,34.99
078012a290408a687e5802ac7ad6c0aa,1,6c712952b8ef62f8d06a0314917400c8,04aba03279157f6d4e0fe8ccaf21963c,2017-05-23 16:15:16,126.0,15.63
07adb4d17fca01935d0590d775e9569f,1,ed906d6a6b38da71e48a5a0037939bfe,3db66a856d18a9cba7c9241fc5221c50,2017-05-29 03:45:22,69.9,19.73
07c7fa36b89dfaf7267abe05818b2322,1,8a0c7c7b32d023b5c6cefe93d16e4a99,c157bdeedcbc9a8e3c8bf0d87ff24428,2017-06-06 05:02:37,94.99,16.29
07e481567db300783aa22d7cd202f1b8,1,802d4aa654f6b24ca4d5bd2c61c0b079,6288c69c4ce638e59925e59193f98b16,2017-05-31 11:15:20,415.99,11.11
07e4ea9fe9fcc49b673d7d3197b5da23,1,aba86c093ccdbac75b09111d57e50004,7c67e1448b00f6e969d365cea6b010ab,2017-05-23 10:55:17,129.6,14.66
07e4ea9fe9fcc49b673d7d3197b5da23,2,aba86c093ccdbac75b09111d57e50004,7c67e1448b00f6e969d365cea6b010ab,2017-05-23 10:55:17,129.6,14.66
084420ecc28fd09f04b4d0c5fa9929e1,1,5de871daae99423d3fcb04edcb6dd1aa,17e34d8224d27a541263c4c64b11a56b,2017-05-29 14:03:21,219.99,17.98
085c76ec2a854d66417d0dddc622adb0,1,db5d54ce439fae2ae1f34749ab1acebd,897060da8b9a21f655304d50fd935913,2017-05-17 04:22:38,40.99,15.1
086961934db99fd12a25cfeef96ff2cd,1,3a7c9b0413d7b9cc7f4a18318fc5afb3,7a67c85e85bb2ce8582c35f2203ad736,2017-05-22 22:15:12,129.99,15.66
087692f9f84c65ed1560e4a3b97d5c21,1,6bc9ae87edf6ad4063076624b8ad0268,7e93a43ef30c4f03f38b393420bc753a,2017-06-01 02:22:13,1672.0,25.45
089fd8829f0bd7f98a1b98614c835dec,1,74e5e7c0ad09d8fec4d30c75a70a7799,3db66a856d18a9cba7c9241fc5221c50,2017-06-01 02:45:20,69.9,17.74
08b46ab06eaf71cf043929ebf277e280,1,1aa2ed670a95e9f475723707a7c3f386,a3e9a2c700480d9bb01fba070ba80a0e,2017-06-01 15:32:33,40.0,17.6
08b46ab06eaf71cf043929ebf277e280,2,93dd9d8291fad4757cf910f1a80eb0ac,a3e9a2c700480d9bb01fba070ba80a0e,2017-06-01 15:32:33,40.0,17.6
08b57d9de8bb87cfd045a7bc735ba831,1,d2e131d6f19ae0d665fc1a6c420b4f4c,7e93a43ef30c4f03f38b393420bc753a,2017-05-29 20:05:09,779.0,14.27
08b986f813ffdc9e5872992aaabf796f,1,ba55945d930e34e802e5dd2e5cffdcc8,7b0df942f46435babab05d49b744b2c4,2017-05-11 17:30:17,1899.12,45.74
08be29a19a75ae2f62a0f1250c4f67c6,1,f71c0f4ee48321ba6b82205b2fc9e08f,cac4c8e7b1ca6252d8f20b2fc1a2e4af,2017-05-07 23:45:10,99.99,13.28
08c01d43e93f5c485f48758550d41eb9,1,9c6754103e603fdc289f1b1b69c63631,1da3aeb70d7989d1e6d9b0e887f97c23,2017-05-21 22:35:13,12.99,7.78
08c8efb673039f24977bee37cb4ce21f,1,1706d1bb420e7ef2404270b38e937fbc,9646c3513289980f17226a2fc4720dbd,2017-05-17 15:35:29,44.9,12.69
08d55e35f34806d85f4d99b62297e578,1,73bcea88583002fe12b7399af4ae60da,7e93a43ef30c4f03f38b393420bc753a,2017-05-23 13:05:20,211.91,36.8
08dd1de0a5ebe393a3beb05a4cd4894f,1,6002665d65ee348dcd357c7bb2f080bd,f45122a9ab94eb4f3f8953578bc0c560,2017-05-05 19:50:19,59.99,13.0
08dd64e78f26024b266515d5262be17f,1,ab9cf155f8280c3739b09fe341a185e8,92eb0f42c21942b6552362b9b114707d,2017-05-11 22:30:17,13.98,25.63
08ee999a47fad7aab826e8604eff09a1,1,b534af96f1c598768bc7379aca584edd,a3a38f4affed601eb87a97788c949667,2017-06-01 20:22:09,159.9,27.66
08f016204423b6b70f37abfa64ecbc64,1,1d3f55c00acdb29bd959f2760abc8b7d,8581055ce74af1daba164fdbd55a40de,2017-06-01 02:10:15,176.9,19.13
0903715a744e53db0a04d441d50d22cb,1,1ea2fc5b9d57d4a38537bc42da63952f,744dac408745240a2c2528fb1b6028f3,2017-05-12 20:42:26,178.0,15.0
0916594b6973230f69379f83d3bac036,1,b72e2daf4a916d46eb0076071027d05b,e5a3438891c0bfdb9394643f95273d8e,2017-05-25 19:15:26,13.99,15.1
093a45d40a2500243b0a609a2351ac5e,1,891f85176bb33d23b19f1cc30eb2660f,ba6b68b55fe8704377a7d43c8e5c0185,2017-06-05 09:02:50,139.99,20.22
093fb737d1bbfe9d3794b96acf28d546,1,90dda54c56237884d05cd6102eb0ab25,520b493b57809f446cb0a233bb3e25c7,2017-05-12 13:25:25,75.0,17.78
0948bd714f9f0ca68d9e70af5090d3f6,1,8a27fbb311995ff454749a35fc0bd9a9,dc4a0fc896dc34b0d5bfec8438291c80,2017-05-29 01:30:21,59.9,11.92
094960a25bb327dca31de0e2b9a788f9,1,a8949536a84721e346d7814fd81aafbe,729f06993dac8e860d4f02d7088ca48a,2017-06-04 23:15:11,164.9,16.78
096ff3d928fd9b00eed2c839ad0c2223,1,12715d8bb61f9c2c26219377d9737584,8fdca8e349553f99bc738833a62c8802,2017-06-06 20:35:25,94.99,8.89
0978a75c5390506e56614f327e7fa342,1,3344f3ccc35b04b81d8cc2aefabcbcdd,46dc3b2cc0980fb8ec44634e21d2718e,2017-06-01 16:45:16,499.99,18.26
0985a44f5d8e8bf1d6a48717584cec06,1,a7c7a8a5ae0e412843068fb8fcc30a86,8a32e327fe2c1b3511609d81aaf9f042,2017-05-10 19:25:13,42.99,11.74
099b01b8cc6b861aa593247b2f7e0b7b,1,d986e4bd747ca20b348abcd013cd1303,440dd6ab244315c632130ecfb63827b1,2017-06-07 11:10:21,154.9,14.1
099c1abf14984c667bf8026fc23fb0ba,1,568b50dd27d5d76c97dc2f871cb93e9a,1900267e848ceeba8fa32d80c1a5f5a8,2017-05-25 18:15:28,19.9,15.1
09a0d7c2cc6f652acd3537e7a91c7000,1,34d6306314a47fe15c1efdbc23302020,229c3efbfb0ea2058de4ccdfbc3d784a,2017-05-19 14:15:23,69.0,12.61
09a12008dce38051d0f39f922b380e05,1,d2f682fdb39628d58f64ca02d3cb580f,d20b021d3efdf267a402c402a48ea64b,2017-05-18 01:03:30,79.99,17.81
09b70d085a1bfb3b4b2ad8b7c7e43353,1,4e0d588f8e002f2bad9cbe0b8f66f6f6,fc906263ca5083d09dce42fe02247800,2017-05-25 17:22:47,39.9,14.1
09b748b3799286e3df820f2d5528abbc,1,e35f45a92b1a28c527d6e9edfec12af9,87142160b41353c4e5fca2360caf6f92,2017-05-22 02:45:25,249.0,25.12
09df42b3e78625578555d3d48cd57be5,1,0e259b36666420c6032de273ef47cdc7,92eb0f42c21942b6552362b9b114707d,2017-05-18 13:05:22,12.5,7.78
09ebfabd9f6552771f5d90e099fa0738,1,c413fa08b405af6edb9d49e85e241c08,b76dba6c951ab00dc4edf0a1aa88037e,2017-05-14 23:05:17,12.97,14.1
09eedce5add123a462c46a3e0ade2dd9,1,c9c455f9fd8ca66d3ff7f90a249753b4,96804ea39d96eb908e7c3afdb671bb9e,2017-05-05 19:22:18,109.95,18.2
09efb7cd51fbc54c89edb7aff4a3f637,1,c6dd917a0be2a704582055949915ab32,7a67c85e85bb2ce8582c35f2203ad736,2017-05-18 21:31:38,99.99,15.46
09f929ce6d526af69a12f1a54230e396,1,e1ea2e133d4ca99d20c365d4e3173989,4e922959ae960d389249c378d1c939f5,2017-05-16 13:30:15,29.0,11.85
0a02d8b1995030c91c63add1acba1fb2,1,24ad6518fbcba9b028f168019c6c2d67,0432ead42b6c8a0bdf68154add917fdf,2017-06-01 13:55:15,94.9,7.92
0a33a983476b5e9f23c0fc9f95c9682f,1,952670bc019a73f0933157ec82ff6e4f,37be5a7c751166fbc5f8ccba4119e043,2017-05-26 14:05:21,214.99,8.79
0a5a672ddd7b5921439a990ff8efbb1b,1,7811ef9c6eed5bb33c3c6f9de751642f,d98eec89afa3380e14463da2aabaea72,2017-05-15 09:35:35,20.0,29.55
0a87de586a94b42f2294c207845674ab,1,c73628b1c3144b2e0c9c88072f21a213,3f995f07c49d0d55a99d5c54957f7d81,2017-05-30 09:10:11,99.0,14.44
0aa1d9509ae8e0c76c03ad7ba91dc81a,1,7c0a2a31bc479e366fe9fee1f5bc62b3,5c243662ce92d84573bfaff24c3e3700,2017-05-19 08:30:38,136.9,43.37
0ab29b3ae0c49bff1cfb0b0137c20da5,1,06c6e01186af8b98ee1fc9e01f9471e9,fc906263ca5083d09dce42fe02247800,2017-06-06 23:15:17,39.9,16.79
0ab83b3fdbca202530950e8f1896412a,1,3db75f31b76375c502f64d550dcd1166,85d9eb9ddc5d00ca9336a2219c97bb13,2017-05-23 10:45:20,31.9,17.63
0ac51a16347f7a7497b799596ad5fab7,1,1612209b0b37fbe80e1e8e1b7d19ca1d,87142160b41353c4e5fca2360caf6f92,2017-05-15 13:22:10,99.0,16.94
0adaff16f16a26f5570209f0473fd609,1,357a9e8a4b691ffbb0f855b23d490c4e,432c37c9dfba871172ec162e20118b8c,2017-05-11 02:22:32,33.0,8.72
0adea70aa873a352ff8c3646aec71c31,1,7afa8c8eca2a26b599823eed4975a820,835f0f7810c76831d6c7d24c7a646d4d,2017-05-25 08:55:12,169.9,21.68
0ae6247166276150abcb71aaa91b0498,1,554fc36c06624912230e7355ab7be734,1127b7f2594683f2510f1c2c834a486b,2017-06-01 02:30:23,37.55,25.63
0b0bf8f9977e22517521efeefa4b7a27,1,a54f6200fb09c904053b05461c2e91f8,a3e9a2c700480d9bb01fba070ba80a0e,2017-05-15 23:10:18,146.0,21.51
0b405b8ecc88bad4a3f2eee0fba1419f,1,45a15b38cc3c0514717a1de673c6193c,99eaacc9e6046db1c82b163c5f84869f,2017-06-06 06:45:22,139.0,26.25
0b555f0e6493540531a30e6cf25fb030,1,e9b2560544c293e02f2b966041e10f24,c3cfdc648177fdbbbb35635a37472c53,2017-06-02 10:55:17,155.0,17.37
0b65284a1a74114ea029b7676fdc1ba3,1,f7e0fa615b386bc9a8b9eb52bc1fff76,87142160b41353c4e5fca2360caf6f92,2017-05-15 05:02:14,89.9,54.3
0b7808f7d1384e2ef75a3ea25df44bd4,1,8effae0c3be3eab7870860070ca5e51a,7e93a43ef30c4f03f38b393420bc753a,2017-06-01 13:22:14,189.0,15.07
0b913c851b8dd74300045511a8120e8b,1,9ffab56dff7071396d82c4b372e7f033,94e93ce877be27a515118dbfd2c2be41,2017-05-09 14:50:26,24.9,14.52
0ba9cadd4c71572ad9f78e7d3967b323,1,4af813a3e5bc89370ef80fe126542076,46dc3b2cc0980fb8ec44634e21d2718e,2017-05-16 23:02:36,479.99,65.18
0baa34fb7824f076c177df17da43b62b,1,750d224957fab8388b6b2c7432c00e35,4992e76a42cb3aad7a7047e0d3d7e729,2017-05-18 02:55:24,26.9,7.78
0baad26e1a67410a85b2b38558dade2f,1,65e3848513c9ab70bf542e5d694cf072,a416b6a846a11724393025641d4edd5e,2017-05-22 17:45:12,36.85,33.74
0baad26e1a67410a85b2b38558dade2f,2,44f90f085c7a825863cbf867990e1513,a416b6a846a11724393025641d4edd5e,2017-05-22 17:45:12,26.14,0.1
0baf99fae5355ac5c8b31a2d33fd830b,1,154e7e31ebfa092203795c972e5804a6,cc419e0650a3c5ba77189a1882b7556a,2017-06-12 09:05:13,19.99,15.1
0bb961fd58668c43ce2c6f3a77d2a8fb,1,5895eb44dfac8b6062cb7adac3f84fc9,cca3071e3e9bb7d12640c9fbe2301306,2017-05-15 13:15:19,129.9,13.93
0bbed493fd86aa835b13d1ff5ad91928,1,052b8660ee8a9ee18815d9b276694a10,94144541854e298c2d976cb893b81343,2017-05-26 16:55:19,28.9,15.79
0bc71f9d1d261859e298454e14b3775d,1,4ae634441e444ca4bc85903cafe98d73,92eb0f42c21942b6552362b9b114707d,2017-06-06 07:02:38,11.99,15.1
0bc9cc637f074aa7df9fb7f206125066,1,ebee6703e867082f455a058a8bd04092,fc906263ca5083d09dce42fe02247800,2017-05-31 13:33:53,39.0,14.1
0be1de7b2e4f05c1dfa7455be69706db,1,d2806dfb8e3474bcba8b5bcd771ff12c,46dc3b2cc0980fb8ec44634e21d2718e,2017-05-31 18:42:29,168.99,13.18
0be4a277478192493eb95d8a53ec5912,1,39b86f4e3aedf22731990099a660a6f5,6560211a19b47992c3666cc44a7e94c0,2017-06-06 19:10:22,49.0,7.78
0bf01f26ad0f401b182bd0491ee79d34,1,8373c62235f446ffaae956121a992bf0,f00e21b1e91a79653163b7fd8f293ff1,2017-05-16 13:55:23,82.9,15.79
0bfa29f2e2ca95b17ab75e7ecf1f9df8,1,f0ea71b6e2ab4cb3bd8f5ba522a25a56,ea6b12bf9ffe2bac34602ec631d97a47,2017-06-12 22:25:19,124.8,20.11
0c0b20eb744a9c5ec1611dfd81da6165,1,cdba44bccdafa757b44f7f41b70f4e23,8e6cc767478edae941d9bd9eb778d77a,2017-05-24 20:50:16,152.72,17.51
0c21f042461cf5e64d2c087fdcc93fd7,1,72a137b85d5a1d82cde242493f118f43,ce27a3cc3c8cc1ea79d11e561e9bebb6,2017-05-12 11:30:11,32.29,10.96
0c489872e351bedd37f08d3d940806d3,1,e9def91e99c8ecb7c5cef5e31506a056,850f4f8af5ea87287ac68de36e29107f,2017-06-08 21:05:14,59.99,7.78
0c6777b2bcc85ed22352f240d71f3389,1,31a2f42a87890f87d77daebdfabc182e,4c03b9dd4c11ee2cb35c96c49efc9420,2017-06-07 15:10:15,149.0,16.67
0c7df2bc14e31b205f7f8f91f8311ba6,1,6169cdc0468023121be6baa425e3bc6f,7a67c85e85bb2ce8582c35f2203ad736,2017-06-02 10:35:26,119.99,20.08
0c92ac263657a43f18927cc6392e3816,1,f977e786f6d634205ef1564541706011,c8771b1a10bb99bb34d3c459c5cffb53,2017-06-05 16:25:17,64.9,31.2
0cbb4eb8eb55f8386cb8c934ff936358,1,f6eda47c88d786adf6f3e3f016833927,5cf13accae3222c70a9cac40818ae839,2017-05-18 15:50:15,89.5,16.39
0ccb884361ec00003176dab0ea647f59,1,a4f46aac5fc5e88c9701aa860c2a957c,0be8ff43f22e456b4e0371b2245e4d01,2017-06-01 11:25:11,119.9,13.18
0cf2af331f55382bd5698864658e73f0,1,f0f3c686ec837b27ec9da08762d85317,710e3548e02bc1d2831dfc4f1b5b14d4,2017-05-09 11:33:35,49.99,22.28
0d2676e37c740455a4f662cb7a88e6f1,1,660cde3831902f7c7054cda45716d948,7e93a43ef30c4f03f38b393420bc753a,2017-05-11 21:55:07,579.75,21.34
0d6c779c3d8bec09f198a52ff310ae7b,1,1491a8ff192d4b5c369b0eaa2fe33ee5,37be5a7c751166fbc5f8ccba4119e043,2017-05-26 11:45:10,214.99,15.25
0d8c1bd2c188fdd39a427dbdfab75396,1,cb6c1c21ebc9c153a7baf319c515657a,85d9eb9ddc5d00ca9336a2219c97bb13,2017-06-07 04:05:20,31.9,14.1
0d9b3b609f29c14a165ceb95c0ab91fe,1,6002665d65ee348dcd357c7bb2f080bd,f45122a9ab94eb4f3f8953578bc0c560,2017-05-16 19:22:25,59.99,13.44
0dbdc97d32b0efccbdcbdf750aee17b9,1,7c1bd920dbdf22470b68bde975dd3ccf,cc419e0650a3c5ba77189a1882b7556a,2017-05-15 03:02:56,64.99,16.15
0dd8c916a4beb8512a85d15c9ba4c82c,1,cbdcb07438032e11d74bbb913fbcd8a0,b4a476fbd28de64b1e347abf9089366a,2017-05-23 14:22:03,155.5,16.85
0dec53222040e240898573d258dbc4b5,1,aad701f7922484707866c83423e24b56,0db783cfcd3b73998abc6e10e59a102f,2017-05-21 21:25:10,49.9,16.79
0df706c2c6b700754129d98ffef2b669,1,77cc62dc80ebe12a0452d1ce0565acdc,218d46b86c1881d022bce9c68a7d4b15,2017-05-30 20:25:19,113.0,29.19
0dfc5762a0ff5c737811e18023883a86,1,22c5ddc22ea8cae84fc9917def682dc6,cc419e0650a3c5ba77189a1882b7556a,2017-05-15 08:45:23,56.99,20.85
0e052bf9ab53618ac0c5fb8ce3dd61b8,1,1b6e2795daa2ca887a0310b0a79000e4,4a3ca9315b744ce9f8e9374361493884,2017-05-18 03:02:55,67.1,11.97
0e1628ef32043a2e0c0d7152af698bd1,1,199f076c011ea5e8b546bff05d4f2477,0ee4fb99ac55ffbbc98795aa01b7f8fa,2017-05-05 10:42:46,59.9,11.03
0e2f9761d88e4ddeabc283a1f3cfd914,1,09f62215f404dbd29cb4378c9952e1b9,827f8f69dfa529c561901c4f2e0f332f,2017-06-05 23:50:14,29.9,16.79
0e3e9ace0a88a5472a5fa59b8909a8e4,1,99a4788cb24856965c36a24e339b6058,4a3ca9315b744ce9f8e9374361493884,2017-06-07 09:42:59,89.9,17.07
0e3ec3c17b64c6cc7bc01bba21e7afdf,1,c857b96593773e940454e76efa8eabb3,cca3071e3e9bb7d12640c9fbe2301306,2017-05-16 16:30:12,59.9,12.76
0e3ec3c17b64c6cc7bc01bba21e7afdf,2,c857b96593773e940454e76efa8eabb3,cca3071e3e9bb7d12640c9fbe2301306,2017-05-16 16:30:12,59.9,12.76
0e3fb5621c179dff735c7494afef624f,1,a3ceb95649a48c0c54ae4bd1dd66d035,6c177e38df6d3f34182b1f1d427231bf,2017-06-06 02:35:30,130.0,16.35
0e4160cbbf3110c620fe17602e306360,1,4e27772a66624ce9308a0eb8b989ebe7,1336efc61c316ddf92c899eb817f7cae,2017-05-11 10:10:12,29.0,20.8
0e500dffc01c92a23a3a011ce669d039,1,efcb9126521b2cad4902c2346168c65b,ed4acab38528488b65a9a9c603ff024a,2017-05-31 02:45:26,21.52,11.85
0e55af861e63530c56528012f41b7c6d,1,11875b30b49585209e608f40e8082e65,669ae81880e08f269a64487cfb287169,2017-05-26 18:55:18,65.0,15.2
0e69198c87f4da026d7daf96d91b194d,1,2a0c7978182ff664a3bc452b7e5f0b6f,5c853bb56f70f4d14218944bae111d7a,2017-05-17 22:35:13,7.8,5.66
0e69198c87f4da026d7daf96d91b194d,2,734b90405c30810d3c6d8029d503f4eb,1da3aeb70d7989d1e6d9b0e887f97c23,2017-05-17 22:35:13,12.99,10.61
0e69198c87f4da026d7daf96d91b194d,3,c12c1482a995be91e395cb9276661e32,1da3aeb70d7989d1e6d9b0e887f97c23,2017-05-17 22:35:13,12.99,7.07
0e71d62394f9b03218e1138af6b664e9,1,45df8892a1d74d2e8f960dc06625fdab,99eaacc9e6046db1c82b163c5f84869f,2017-05-05 20:15:19,290.0,12.64
0e83ca298ee53c0b92b5d46350262470,1,44afebe5ba695261a126f43a4b29d814,520b493b57809f446cb0a233bb3e25c7,2017-05-22 16:15:18,90.0,12.58
0e87080068e82503382f3c532778fb24,1,466d263ce8b7bd275003ee2104428127,ef506c96320abeedfb894c34db06f478,2017-05-17 11:02:50,25.99,25.63
0e8d721c4684c9d5ea89f2815bafc708,1,c9793dc710a46a74473907034c12567a,a2e874074c877c5a05abae80ad6e488f,2017-06-02 13:50:17,97.95,13.71
0ecbb908b4b062b189e1723ef9a836e2,1,e5cfaed5125bd848f496ca11de0ce00d,b4a476fbd28de64b1e347abf9089366a,2017-05-30 12:03:52,272.25,15.51
0ee10b39b0acad1a8348fe15514a1115,1,3db8ae718c645f8d0de8d1042bd9acd6,d05ae8f7a5bd1d2a690a44cd079e4e27,2017-05-16 19:50:15,143.0,17.44
0ee8a265feb5028eef234263bd7f5c23,1,eebbed5ed3b134eceb717496c47652ba,d1c281d3ae149232351cd8c8cc885f0d,2017-05-09 22:02:30,99.99,20.78
0f0da37d4b99bfd602829ae5992b2d57,1,08574b074924071f4e201e151b152b4e,001cca7ae9ae17fb1caed9dfb1094831,2017-06-01 10:55:09,89.0,30.46
0f238eebf8511e286a8c3fb6330ece54,1,1d16c0509e7011656e03c6a582ff6667,17f51e7198701186712e53a39c564617,2017-06-06 17:55:19,760.0,85.81
0f2b1624ef122caced1b114a3cfd68a6,1,f361fccba568fabe00db466f80626d1e,85d9eb9ddc5d00ca9336a2219c97bb13,2017-05-31 03:10:25,15.9,14.1
0f44bed17f819c79f48b9d260406a445,1,4b7ddf18ef3c5205f6ec288dffcd7c55,c0563dd588b775f2e37747ef6ad6c92c,2017-06-01 20:55:18,139.9,16.74
0f4b5614da144989e2acc5291af24357,1,722dc14e0848efdb771dca6de2929c41,7178f9f4dd81dcef02f62acdf8151e01,2017-05-12 14:02:26,79.0,17.98
0f5a53ae56987191b3c638ed0f784a8d,1,e502a4cfd9526d141774f8f7b3d2f782,bd0389da23d89b726abf911cccc54596,2017-05-22 03:30:15,39.9,15.79
0f7f3eba54c53b72342a72c2a266c9a3,1,a8fb161bb36ded69ca8ea7466b7f09a4,86ccac0b835037332a596a33b6949ee1,2017-05-25 04:25:24,81.8,21.06
0f8532e6a9c1e86b215fda5c13f37fad,1,22594ba8fd9a72ad95d352929c821560,7c67e1448b00f6e969d365cea6b010ab,2017-05-24 02:42:28,112.99,17.53
0f8532e6a9c1e86b215fda5c13f37fad,2,22594ba8fd9a72ad95d352929c821560,7c67e1448b00f6e969d365cea6b010ab,2017-05-24 02:42:28,112.99,17.53
0f8532e6a9c1e86b215fda5c13f37fad,3,22594ba8fd9a72ad95d352929c821560,7c67e1448b00f6e969d365cea6b010ab,2017-05-24 02:42:28,112.99,17.53
0f8532e6a9c1e86b215fda5c13f37fad,4,22594ba8fd9a72ad95d352929c821560,7c67e1448b00f6e969d365cea6b010ab,2017-05-24 02:42:28,112.99,17.53
0f8532e6a9c1e86b215fda5c13f37fad,5,22594ba8fd9a72ad95d352929c821560,7c67e1448b00f6e969d365cea6b010ab,2017-05-24 02:42:28,112.99,17.53
0f8532e6a9c1e86b215fda5c13f37fad,6,22594ba8fd9a72ad95d352929c821560,7c67e1448b00f6e969d365cea6b010ab,2017-05-24 02:42:28,112.99,17.53
0f96e9894259aa8c07c655cabec46c2c,1,59fe488ea6ac9439bc86663f4a564c23,ef506c96320abeedfb894c34db06f478,2017-05-25 16:35:21,17.0,11.85
0fb130991a0a1c824371ba3df52881f3,1,31a2f42a87890f87d77daebdfabc182e,4c03b9dd4c11ee2cb35c96c49efc9420,2017-05-18 14:45:15,129.9,13.25
0fb5c1eed567a130668d5f2797413053,1,eace264775d7cb8c0ec565d7746f661c,dd2bdf855a9172734fbc3744021ae9b9,2017-06-02 17:55:13,39.9,14.1
0fb5c1eed567a130668d5f2797413053,2,eace264775d7cb8c0ec565d7746f661c,dd2bdf855a9172734fbc3744021ae9b9,2017-06-02 17:55:13,39.9,14.1
0fdc6ce12cb319cb9c173af525080d3f,1,0c9ff9d8ed9b9bdd825487b3a66e05f5,8581055ce74af1daba164fdbd55a40de,2017-05-25 11:42:37,238.9,35.03
1018e87031636df2c2dfa4af21df3642,1,be4247cbfa1bf907db555eed70cdca03,cca3071e3e9bb7d12640c9fbe2301306,2017-05-15 21:02:12,174.8,12.1
1018e87031636df2c2dfa4af21df3642,2,b748ca0c5ca9a1def2099de76c53d68d,cca3071e3e9bb7d12640c9fbe2301306,2017-05-15 21:02:12,208.9,16.14
1037296944bfbaf6fd76e82083f7d385,1,dd66beca916c169c2a77e40ae2858623,4a3ca9315b744ce9f8e9374361493884,2017-06-01 14:42:38,220.0,17.98
10428e01b7a60dc58baff4e4cf11a64c,1,163302a9e5ed53e2b3062577e254ce16,06e5eefc71ec47ae763c5c6f8db7064f,2017-05-17 04:05:16,132.01,42.95
105d2c02e20607f6e3bd0a219efed4cd,1,5fc3e6a4b52b0c414458104ed4037f1c,229c3efbfb0ea2058de4ccdfbc3d784a,2017-05-24 20:55:16,89.0,14.37
10606f62d4e20dff10d9499d5bc21a6f,1,99a4788cb24856965c36a24e339b6058,4a3ca9315b744ce9f8e9374361493884,2017-06-07 19:45:20,89.9,34.43
106ba1f32b6a3c0abf4d2845e03b3ab8,1,e79755f8622cb7f42ca6f7b72284a7af,9646c3513289980f17226a2fc4720dbd,2017-06-07 09:55:18,135.0,26.23
106f6c512adbf8efc43791f75692d25c,1,725cbfcaff95a4d43742fdf13cf43c75,e26901d5ab434ce92fd9b5c256820a4e,2017-05-23 13:05:56,39.9,11.85
10b26ae59835a2a63aa53e2da4ebefa9,1,6447947a13b0cd3fa652bd0c4bd4d534,b2ba3715d723d245138f291a6fe42594,2017-05-17 23:50:14,104.9,16.6
10b352cbe8aabe99a33f470405f12ce6,1,4293865e4ead3d446609086b4cfedb4f,da8622b14eb17ae2831f4ac5b9dab84a,2017-05-31 09:10:23,119.9,18.09
10c320f977c6a18f91b2d14be13128c6,1,b3be1f83cef05668c25e134852d44545,3b15288545f8928d3e65a8f949a28291,2017-05-16 21:02:45,110.99,21.27
10c651c81fd0bec26524dab0e94090a5,1,6e59a5107a6102148b438cb33d5a2529,6cd68b3ed6d59aaa9fece558ad360c0a,2017-05-31 01:25:25,109.9,16.21
10cba0be7bc27288b512d87a719b97e5,1,f361fccba568fabe00db466f80626d1e,85d9eb9ddc5d00ca9336a2219c97bb13,2017-05-18 15:10:17,15.9,8.11
10d317f53ec8ebed37283a93bfd100c7,1,d3d10495159bcc41173e3d26a273529a,0bae85eb84b9fb3bd773911e89288d54,2017-06-06 18:02:29,48.65,35.84
10e0435082ce8df9498c8d5fa6d79fad,1,2ac71e1960d313613f4f4cd468c602cb,4d6d651bd7684af3fffabd5f08d12e5a,2017-05-29 10:45:09,69.9,15.24
10ed58c723182bd11f81473b383432de,1,906b864d4d4058844e5187d9fb4109a3,53e4c6e0f4312d4d2107a8c9cddf45cd,2017-05-11 18:55:20,71.0,12.84
1100a32038f8a2194f67f0cf30cb434e,1,b5b5a82ce5f1987b7e670f37629be51b,8b28d096634035667e8263d57ba3368c,2017-05-11 15:10:21,59.9,20.87
1139dcd182662d970264159024ad6384,1,0c3305267c17b542aecbc2385f5f0794,fe2032dab1a61af8794248c8196565c9,2017-05-31 15:05:17,219.9,22.34
113a4f0ccb14984c0e48ae43a43d0214,1,748b719f4cbfdcb99cae90bf4bb16217,0432ead42b6c8a0bdf68154add917fdf,2017-05-29 04:22:36,94.9,7.92
114cc5b2956361cfc8f63709a9e453d7,1,92d68e4fc956bc1c90a3aa37916b212f,bacb1f0ed56ad24198f5810d2b3fe9a5,2017-05-11 12:31:48,181.55,18.6
115cf7c242febcbed832ad6d631db40e,1,ae6b739ab6e9d7991fb2ddd70f9c0b6b,53e4c6e0f4312d4d2107a8c9cddf45cd,2017-05-18 02:45:08,46.2,9.74
1187f5498f05e7604440a54cc0c9aa92,1,c2bd6687fd8abe764233efb9c4a3c27d,850f4f8af5ea87287ac68de36e29107f,2017-06-06 21:05:09,49.99,15.11
1187f5498f05e7604440a54cc0c9aa92,2,c2bd6687fd8abe764233efb9c4a3c27d,850f4f8af5ea87287ac68de36e29107f,2017-06-06 21:05:09,49.99,15.11
11a3d1cb58b21e9cc60a66e71f6e87cc,1,ff4f5b008c32f80c3f952b2b56a28e04,46dc3b2cc0980fb8ec44634e21d2718e,2017-05-30 03:15:19,279.99,18.21
1200b335981f50dadd595fa2d89ea9c8,1,2b5ae8fa7040dc2ecc8483150f36a667,3f8034bfc6b8b4135534975d49f04c63,2017-05-22 17:55:19,168.0,23.5
12126a7699ca7a88dd86dd3f52bc8baa,1,b6ea15ce7ec34fdebd80ef71de3a24bf,70a12e78e608ac31179aea7f8422044b,2017-05-08 13:10:22,27.0,24.84
1217de8bb29e23b3b4ca52c564fb143a,1,b249cf5fcf68f70e13515489f0fcb627,df560393f3a51e74553ab94004ba5c87,2017-05-16 15:22:49,69.9,15.7
121c467b693acd6f359cc3e13c73b27d,1,1a658140e2f572e10461d6f7b4513a89,1127b7f2594683f2510f1c2c834a486b,2017-06-02 13:05:54,60.63,16.18
122d8cc78a762990dba0fd768342a334,1,0ce1e35bdc6af7e582e7ef9363e29b5b,db4350fd57ae30082dec7acbaacc17f9,2017-05-23 10:55:21,15.99,15.1
123a6b2b8763ca40782c8252e63fdbca,1,9616caad30917a469d87d2f95cd603cb,897060da8b9a21f655304d50fd935913,2017-05-23 04:02:30,177.0,17.0
123b4246f6a16b1f17b9807bb7d42fd5,1,c5be1408598054572f31046ba67ee86e,0c8380b62e38e8a1e6adbeba7eb9688c,2017-05-18 00:32:35,99.9,17.95
127db093fee728a76262a027b66556aa,1,a9516a079e37a9c9c36b9b78b10169e8,7c67e1448b00f6e969d365cea6b010ab,2017-05-31 16:42:20,124.99,18.59
1280636cace716854a705e26c5a91798,1,ea0698c943d7a9133e6d36de68654750,c8e135e7b21ecbc36c1153a29d2f5a06,2017-06-01 21:42:30,136.0,12.16
1280f995f41bf95106134b4d116a5f01,1,89f1e78cec2da8a550bc341cfc36c066,baa49d93c8c8841e27400a300f5d74b2,2017-05-09 14:02:29,39.9,14.52
12994c8b16a5e15fbbecf653c20a0a39,1,94db494032587f32dcb342c9a808e8e3,cca3071e3e9bb7d12640c9fbe2301306,2017-06-08 01:30:15,39.9,16.11
12a5b8020b9000268a9f108bfe97cbe0,1,a5c0a72789779d4debc2f72204111cb0,53e4c6e0f4312d4d2107a8c9cddf45cd,2017-05-23 13:45:10,149.0,45.5
12c1f399e821028f6213d8e9d7131282,1,8c5876b1c7768217964f353bc7e64393,0db783cfcd3b73998abc6e10e59a102f,2017-05-05 19:05:21,49.0,10.96
12c404363fece070157a8d13afb76b71,1,e94df75b2e9a8b056be0c144a731f55c,5cf13accae3222c70a9cac40818ae839,2017-05-11 11:55:20,84.5,17.43
12e5dd0c975bc753570697dfc4901596,1,d267d19dabd3e26083fc8529fdc35ea3,e48cc16ab70bfa09e1401740dce0b3d7,2017-06-06 06:50:24,49.99,16.11
1332670d4ec8d872f416f1fda8594f69,1,c7b3cf9de7be95b3e09e7a63315685eb,5dceca129747e92ff8ef7a997dc4f8ca,2017-05-26 00:35:22,79.9,21.05
1338ce707502bad7afcc95dfff8bcaf8,1,99a4788cb24856965c36a24e339b6058,4a3ca9315b744ce9f8e9374361493884,2017-05-19 00:50:07,89.9,15.38
135adf658da97bfb1a171f1cbe3e15c2,1,d73f1e4ad0322d8442fc9591505381aa,ea6b12bf9ffe2bac34602ec631d97a47,2017-06-05 02:15:46,51.5,8.72
135fc78debb3120eb1b780ff815ada9c,1,b77ae16cc8f67cd1c0ec781d5bf4da2b,7a67c85e85bb2ce8582c35f2203ad736,2017-05-18 11:05:14,219.99,16.29
13891a1a55cf023484b8b06a5c08049b,1,5c2ff601f8b9eab50e5d9938b41ff01a,7299e27ed73d2ad986de7f7c77d919fa,2017-05-23 16:55:20,44.99,15.1
139be8870b91e71fd70bb366305c8cde,1,4c1e109ecdf58453de365d217cefa64c,4e922959ae960d389249c378d1c939f5,2017-05-24 14:15:18,120.0,13.18
139d95a2a4ad16a49a4fc3ac7f195172,1,c56cdaacd8e2dca5489236a4875c0b89,2e3be8a987a30d7544dbbda6861cc14e,2017-05-22 15:15:15,99.99,36.02
13b7331f53684efbf758aa353c16ba3b,1,3ff490445b099b53cba94a2dab6f814d,8e6cc767478edae941d9bd9eb778d77a,2017-05-15 09:35:43,51.9,19.6
13b81a1e19dd22ce11a49e06b77a2b28,1,1b0e39ec889889ea1d492603d8512bfb,e26901d5ab434ce92fd9b5c256820a4e,2017-05-08 10:02:31,32.9,14.52
13ba09b4ffd7128425cc35a9c382245f,1,d696750e550fd0f733979dd7e5dff921,9de4643a8dbde634fe55621059d92273,2017-05-24 15:22:51,169.99,27.73
13c0912d87323337b72e40da4eea8e7a,1,42567bcc01d5c14969a24618af7a5f3d,7e93a43ef30c4f03f38b393420bc753a,2017-05-25 02:30:37,775.0,19.18
13c4458bd01775ea4f9050a041c1fd96,1,cd0c6e2f80f5a0ea7e366b01bcb66154,db4350fd57ae30082dec7acbaacc17f9,2017-05-31 16:30:15,16.99,16.79
13d06edeb94fa2372f6ec6fe8a5a5345,1,c4ab5e7b0c00f3b99fc11847a619b88e,f45122a9ab94eb4f3f8953578bc0c560,2017-06-01 02:50:16,12.14,15.1
13ff8a02b63113dd72976dab2e01b171,1,1e9718b1172540cd45abc1cfa8750da6,cab85505710c7cb9b720bceb52b01cee,2017-05-16 13:05:43,69.9,15.24
14056bdb3b58bc2fc12639eff5279f87,1,be5353e2c543ba4f67831f95d3775420,f4aba7c0bca51484c30ab7bdc34bcdd1,2017-06-01 14:45:11,19.9,7.78
14056bdb3b58bc2fc12639eff5279f87,2,be5353e2c543ba4f67831f95d3775420,f4aba7c0bca51484c30ab7bdc34bcdd1,2017-06-01 14:45:11,19.9,7.78
14056d7cad6fbef25503befcd851fc72,1,5e80fe2cee2f6de9a494047ed35a2fe3,e5a38146df062edaf55c38afa99e42dc,2017-05-11 15:25:10,89.18,17.87
1420860371690847f7c995bcc5a44635,1,2532ba0aec0ced81cdc2dd0dbeeb0f72,c3cfdc648177fdbbbb35635a37472c53,2017-05-23 20:10:21,69.9,9.09
1431b547a5eddb3dbc9adaef89b9e5f9,1,b7d2c90f9161dc69fa75d22572003bc4,9c0e69c7bf2619675bbadf47b43f655a,2017-05-24 02:25:42,349.0,18.2
1466219eb36318493e16297ec7a2d87a,1,c10cda5d50f5edd0c8c8dc35f5ea7a84,77530e9772f57a62c906e1c21538ab82,2017-06-05 13:11:15,49.0,15.1
14772df2ec0499946fb20841a70659e4,1,44a34214a57dc373dcd80f54c919d006,7008613ea464bad5cb9b83456e1e6a8f,2017-05-11 19:15:11,29.5,16.79
148988b3acaa4d165fe1b3cfeff74a1f,1,556139e4bcee1fba36586a9c146cbf54,6edacfd9f9074789dad6d62ba7950b9c,2017-05-25 09:31:32,61.9,15.19
148fe9089f2fc40b943388c2cb75c925,1,11bbef4e2a44601d9dd471aa1fb433e6,5c243662ce92d84573bfaff24c3e3700,2017-05-09 11:05:19,339.99,10.75
14f67483eeb4f3204bff15ecab4dbd45,1,942bede3ef6a71e73b5f0ae6ca2f64d9,827f8f69dfa529c561901c4f2e0f332f,2017-05-26 19:30:18,29.9,15.79
150d0b8f9129df81f8190e24c9254477,1,f7e0fa615b386bc9a8b9eb52bc1fff76,87142160b41353c4e5fca2360caf6f92,2017-05-17 11:05:15,89.9,16.07
151458af49738a9727dd61b22cde2acf,1,c6dd917a0be2a704582055949915ab32,7a67c85e85bb2ce8582c35f2203ad736,2017-05-12 10:42:43,99.99,18.27
154b66f3b29e92e4c9fc7f1ad60cb668,1,060b5b8d4937e08d87e86d0bf339aaeb,d1c281d3ae149232351cd8c8cc885f0d,2017-05-23 13:30:23,47.99,15.1
154f07e395b8990c8aa5a60b0f38fc3e,1,70d01ae15a5d5ee38388b90c0470d9b0,a3a38f4affed601eb87a97788c949667,2017-06-06 06:55:24,89.99,27.17
156d7322e097c3a33f3f2c808bcffc61,1,8b703da31bafff192fa02873886b9074,d91fb3b7d041e83b64a00a3edfb37e4f,2017-05-15 09:43:08,159.0,12.61
157de1652c032429a625d034be79eeeb,1,cc696680ea0cefcd5d7d5d928afb8de8,217f005bb37ff3aeef5b2ae1788e75ba,2017-05-16 09:10:18,24.99,14.1
15a167665d926699daaa439f546054a3,1,096e14458100c2b6d10f72d69f80cf34,46dc3b2cc0980fb8ec44634e21d2718e,2017-05-24 22:45:18,279.99,22.45
15abee31fcd5f096e6eb7c555eb3fca3,1,8d98dedc3c19de17f1a090195e85d6b6,fa40cc5b934574b62717c68f3d678b6d,2017-05-15 09:25:41,49.9,7.78
15cc05afae8fa894c83b39ac8d46c9d5,1,4cda9d93b0a846dfdca597f1b1d19c08,520b493b57809f446cb0a233bb3e25c7,2017-05-18 17:15:12,98.0,14.08
15f8a954a337218a8196bae2dc3d801d,1,5c221d7a454aa9da974e1685157d8216,0df3984f9dfb3d49ac6366acbd3bbb85,2017-06-07 20:23:10,132.9,14.68
16199536457f2466f82bcf8caa590657,1,a298a105818dce6878b787e4af6cff7d,e26901d5ab434ce92fd9b5c256820a4e,2017-05-05 09:50:18,79.9,11.17
162c0e804b1b9563dd2c3b244e97c2db,1,8d98dedc3c19de17f1a090195e85d6b6,fa40cc5b934574b62717c68f3d678b6d,2017-05-31 03:02:44,49.9,22.97
162c0e804b1b9563dd2c3b244e97c2db,2,014a8a503291921f7b004a5215bb3c36,fa40cc5b934574b62717c68f3d678b6d,2017-05-31 03:02:44,36.9,8.61
162e41cca84030fa1901010d70ae0bed,1,bf467e0b677a9c83c0c71fc3b8f6f7d6,fa1c13f2614d7b5c4749cbc52fecda94,2017-05-31 16:22:42,125.93,14.63
16378369550d1c3b2b2d3c817db399c9,1,5f7403b0168eeb77bd69d462d1150222,dbb9b48c841a0e39e21f98e1a6b2ec3e,2017-06-01 02:42:43,199.99,8.65
16486a722e7ef2992f499bb582a9f6a6,1,9111d9c5a15a527389c6ba216623b7b4,e9d99831abad74458942f21e16f33f92,2017-06-06 15:10:11,9.99,8.72
16486a722e7ef2992f499bb582a9f6a6,2,9111d9c5a15a527389c6ba216623b7b4,e9d99831abad74458942f21e16f33f92,2017-06-06 15:10:11,9.99,8.72
16486a722e7ef2992f499bb582a9f6a6,3,9111d9c5a15a527389c6ba216623b7b4,e9d99831abad74458942f21e16f33f92,2017-06-06 15:10:11,9.99,8.72
16486a722e7ef2992f499bb582a9f6a6,4,9111d9c5a15a527389c6ba216623b7b4,e9d99831abad74458942f21e16f33f92,2017-06-06 15:10:11,9.99,8.72
164eb359d3649dc1dd4bc6adcb1bb0a8,1,6002665d65ee348dcd357c7bb2f080bd,f45122a9ab94eb4f3f8953578bc0c560,2017-05-18 11:55:11,59.99,13.44
1651e8159581ae560e31bcd322831f89,1,8c5876b1c7768217964f353bc7e64393,0db783cfcd3b73998abc6e10e59a102f,2017-05-24 18:15:21,49.0,9.27
16a0100758e7dc53d0b3f271c63f4906,1,b321301cb912a05624a28cb29c6566a7,8f2ce03f928b567e3d56181ae20ae952,2017-05-18 18:25:18,99.9,20.19
16c24987724018f73b746aacfbb5f8e8,1,f3dbf072e817667fbde052aae313cce1,973f21788dfab357250f69a8dcb7ddee,2017-05-29 03:50:25,135.0,45.45
16d3e6e8282d9f56a862a812e88ff366,1,b8762d562d810c2f8d7ad7e9c12957be,dbb9b48c841a0e39e21f98e1a6b2ec3e,2017-05-18 15:55:17,24.9,11.85
16d3e6e8282d9f56a862a812e88ff366,2,b8762d562d810c2f8d7ad7e9c12957be,dbb9b48c841a0e39e21f98e1a6b2ec3e,2017-05-18 15:55:17,24.9,11.85
16dfc1cb33bb09dbe761bb0d03a792fb,1,23ed7a10a36c6f88a757a9c83df9ea20,a888faf2d1baececa6baf9c3d603ee1f,2017-05-19 11:30:14,449.9,18.91
170080bcc0fb2580b853e32c5c579d5f,1,c1488892604e4ba5cff5b4eb4d595400,1554a68530182680ad5c8b042c3ab563,2017-05-31 14:25:13,38.5,17.92
171f303505168e746c3ba9dc70a1c1f3,1,05019bc35fc2ed878c0c0f55346b91c6,e99e927c81e3f51739c94fcdfca9f10f,2017-05-23 18:02:30,104.98,21.22
1733916305727c04da99e1ceab781c93,1,f014ea8c6c04cc78a9e70319e351dc4b,53e4c6e0f4312d4d2107a8c9cddf45cd,2017-05-18 14:22:33,30.0,9.34
1753e585ae25cd90fd3e8adfeaff0feb,1,11875b30b49585209e608f40e8082e65,669ae81880e08f269a64487cfb287169,2017-05-26 17:35:20,65.0,25.73
1753e585ae25cd90fd3e8adfeaff0feb,2,11875b30b49585209e608f40e8082e65,669ae81880e08f269a64487cfb287169,2017-05-26 17:35:20,65.0,25.73
1758ad531fb74f63e2ce97f1791a1325,1,08574b074924071f4e201e151b152b4e,001cca7ae9ae17fb1caed9dfb1094831,2017-05-31 02:50:14,89.0,54.89
175f78291b6a5157427421c494d402c9,1,29427de7f8a9ee983d9dbc51cec569b4,7a67c85e85bb2ce8582c35f2203ad736,2017-05-23 10:15:16,99.99,16.95
176347e69f455175b5ffbf6f6287e4ab,1,34d6306314a47fe15c1efdbc23302020,229c3efbfb0ea2058de4ccdfbc3d784a,2017-05-11 15:10:18,69.0,15.23
176ab7788ed5343b09c9c5442f613614,1,a50acd33ba7a8da8e9db65094fa990a4,8581055ce74af1daba164fdbd55a40de,2017-06-04 23:30:17,117.3,26.96
177536550949ab384987dfa5e898b1cc,1,63a6131d519d5b4920f93991d2df0551,744dac408745240a2c2528fb1b6028f3,2017-05-18 21:02:47,145.0,26.04
17825f24877a9289214c301ae0c9424b,1,99a4788cb24856965c36a24e339b6058,4a3ca9315b744ce9f8e9374361493884,2017-05-19 11:55:16,89.9,12.13
179011db06442b083d30248ffd5a4861,1,99a4788cb24856965c36a24e339b6058,4a3ca9315b744ce9f8e9374361493884,2017-05-26 14:45:17,89.9,12.13
1799b503cd7c2cbd801e75dd72fe3069,1,1dc7685f4fdb9622d84ae2ec658d5bbf,897060da8b9a21f655304d50fd935913,2017-05-25 16:05:24,199.0,13.72
1799b503cd7c2cbd801e75dd72fe3069,2,f37d4bcbd21078ef36fd59518e99f045,897060da8b9a21f655304d50fd935913,2017-05-25 16:05:24,199.0,13.74
17b2f07a5bf720ce92d905520ff1dd7f,1,f7ac498363699addc5ff78eadee46977,2138ccb85b11a4ec1e37afbd1c8eda1f,2017-06-05 04:30:20,48.99,7.78
17c9362cdf27556b1765d93729c3beb2,1,5681be0ad7f0ceeebac80058e718d34f,557f22c76691849db52d2abccf0015d0,2017-05-22 14:45:15,89.99,16.39
17d3fed0f8f1fadf86cee573104d590a,1,08574b074924071f4e201e151b152b4e,001cca7ae9ae17fb1caed9dfb1094831,2017-05-17 22:25:15,99.0,35.06
17df2cc060680fc1712991499b645cd2,1,a1250bbcaa645885c9165eab1573b5c6,6560211a19b47992c3666cc44a7e94c0,2017-05-05 19:05:17,47.99,8.72
17e6035d2c8a3c133174ada65347a2e4,1,6e8d2a5a16437217f5ad2706ce6550b3,aafe36600ce604f205b86b5084d3d767,2017-05-11 15:15:09,59.9,16.99
17fe101451195e941a90b55aa9cf2e48,1,a0627b01409b61f4076a920265b86665,6e0908ef4d4efadbc3cc2b74ea477cb0,2017-05-11 14:42:02,92.55,17.48
17fe101451195e941a90b55aa9cf2e48,2,0cf1296fa38622de944eb05701b4ff34,6e0908ef4d4efadbc3cc2b74ea477cb0,2017-05-11 14:42:02,46.8,10.93
17fe101451195e941a90b55aa9cf2e48,3,a0627b01409b61f4076a920265b86665,6e0908ef4d4efadbc3cc2b74ea477cb0,2017-05-11 14:42:02,92.55,17.48
1824231549dc0859a6ce9f7b7ada733a,1,dbbada1d22d372b560848616267ef291,ec4608a1f76453166bb312b2968aeaf4,2017-05-30 02:55:30,23.49,24.66
1824231549dc0859a6ce9f7b7ada733a,2,dbbada1d22d372b560848616267ef291,ec4608a1f76453166bb312b2968aeaf4,2017-05-30 02:55:30,23.49,24.66
184f17bb701af22b8e00f5830af704dc,1,de4a736d3f2df1266774822d9a4762a8,827f8f69dfa529c561901c4f2e0f332f,2017-05-11 18:15:15,29.9,14.1
18668c1a8328478efec728fc614c3b55,1,4fcb3d9a5f4871e8362dfedbdb02b064,8581055ce74af1daba164fdbd55a40de,2017-05-10 15:22:30,143.8,18.3
18709a2aef5a66689133dba02a13e5eb,1,c1488892604e4ba5cff5b4eb4d595400,1554a68530182680ad5c8b042c3ab563,2017-05-11 10:30:09,38.5,16.11
1873fcb129d137537b45d35990b5d734,1,99a4788cb24856965c36a24e339b6058,4a3ca9315b744ce9f8e9374361493884,2017-05-08 20:45:08,89.9,11.24
18803fd773602aa97d59a2d49369ee1f,1,8d024e70a7e9e92b8851684d047a7021,c3cfdc648177fdbbbb35635a37472c53,2017-05-16 14:03:02,160.0,21.52
18937b40506fdcbd3016fa5dea59cbd5,1,b95dbc4fd2649678edb475921d43bdc8,dc4a0fc896dc34b0d5bfec8438291c80,2017-05-31 22:10:19,139.9,29.77
18b5c5e3d06b8ffb3935759ce29393f3,1,86271c025e6ff0c1d327388c0b4c811b,d1c281d3ae149232351cd8c8cc885f0d,2017-06-01 20:22:17,167.99,26.02
18b63a7615ed42ad3069b47278bdb298,1,7d854ab97c64ef9df2bbfaf332765786,aac29b1b99776be73c3049939652091d,2017-05-29 18:05:07,59.9,19.66
18bf036204cea32b152a8e2a2f2bab40,1,7239a6e2e573d13f4a62f90868e40264,7c4402417d51474d4d0cda9557340e40,2017-05-15 16:35:23,119.9,27.69
18c997e8b15aae56ff3f0e3594c29170,1,4bb4fb9c85785b75ab4f6559900c7ca1,ef506c96320abeedfb894c34db06f478,2017-05-15 20:50:20,37.99,14.1
18d577e5bde66709509e694e7c6b6b17,1,c4baedd846ed09b85f78a781b522f126,a1043bafd471dff536d0c462352beb48,2017-06-06 19:45:18,109.99,34.13
18f8b3e1a7797e67b49cfda3d02896f3,1,7344630ca6c1a4917e55f35c729baa7d,db4350fd57ae30082dec7acbaacc17f9,2017-05-19 00:46:01,18.9,14.1
18f9fbd712bb1da26f16a74e68f5361d,1,9ee8c8a931dd4d34148aa31f54ee93c1,f8db351d8c4c4c22c6835c19a46f01b0,2017-05-25 20:55:06,129.9,13.93
18fdcbdf78e62bac03cf30b6b9398087,1,f60836d2827709716e30c6f0eae78d67,0ea22c1cfbdc755f86b9b54b39c16043,2017-05-25 20:10:16,24.9,9.02
18fdcbdf78e62bac03cf30b6b9398087,2,ab63f62c916db9ba192225d361b6ec44,0ea22c1cfbdc755f86b9b54b39c16043,2017-05-25 20:10:16,29.9,22.56
190c71c36bb25e9a85f3a53291e475a3,1,c6dd917a0be2a704582055949915ab32,7a67c85e85bb2ce8582c35f2203ad736,2017-05-26 19:45:12,99.99,9.51
1915bc319651dfbfa6563a6d19d558c5,1,525a5744fb5d26e4035d0610446900c5,f41ce2e25237f9092cd8e6e7516c7a2f,2017-05-24 14:30:15,58.0,7.78
191fb3bcee4d4df8099e3f29d9ff8197,1,5a6e53c3b4e8684b13388d6aa4afdf12,7299e27ed73d2ad986de7f7c77d919fa,2017-05-29 04:10:24,16.99,16.79
1930118fbe694636a60c0d5f97c32597,1,6bb50785f82871dde37ed1666da54bf3,4c2b230173bb36f9b240f2b8ac11786e,2017-05-18 22:45:19,39.9,4.66
1930118fbe694636a60c0d5f97c32597,2,6bb50785f82871dde37ed1666da54bf3,4c2b230173bb36f9b240f2b8ac11786e,2017-05-18 22:45:19,39.9,4.66
1930118fbe694636a60c0d5f97c32597,3,337c81a0f9e751b6cbdf56680a33c365,a17f621c590ea0fab3d5d883e1630ec6,2017-05-18 22:45:19,26.33,27.92
1930118fbe694636a60c0d5f97c32597,4,337c81a0f9e751b6cbdf56680a33c365,a17f621c590ea0fab3d5d883e1630ec6,2017-05-18 22:45:19,26.33,27.92
193714aa21ead814cca06d425c299360,1,94ea362da29f43390e967e874c6fa842,7bcd7c5f8631701474db233ccf1c094b,2017-05-22 16:55:16,140.0,13.54
19423f200e948cc672a41ddbb4fb8c2f,1,7f064525eaaa1ce9d22c085f7ff5413a,6560211a19b47992c3666cc44a7e94c0,2017-05-11 16:50:16,49.0,7.78
1968d312d61f3cd40b17ca0846ae3e90,1,c6dd917a0be2a704582055949915ab32,7a67c85e85bb2ce8582c35f2203ad736,2017-05-18 20:35:13,99.99,27.24
19c52b120a24c6403bcd081593a2019c,1,fb694051ae63bbd9793cb8869bd96949,c3867b4666c7d76867627c2f7fb22e21,2017-05-24 13:50:15,50.0,12.69
19d468d1424d2a259a1f3d3fa073f41a,1,9a78fb9862b10749a117f7fc3c31f051,a7f13822ceb966b076af67121f87b063,2017-05-16 15:55:11,169.96,40.07
19f9ab36cda8d833cc1ea61fa046030d,1,b811b7a802d2bc88a918a9b785a6c18a,9c0e69c7bf2619675bbadf47b43f655a,2017-06-01 16:02:51,217.9,17.45
19f9ab36cda8d833cc1ea61fa046030d,2,49d05515656ae5bacab920395f834244,9c0e69c7bf2619675bbadf47b43f655a,2017-06-01 16:02:51,217.9,17.24
19f9ab36cda8d833cc1ea61fa046030d,3,54c9eeb3eec23150e817e2048c9c4c31,9c0e69c7bf2619675bbadf47b43f655a,2017-06-01 16:02:51,217.91,17.23
19f9ab36cda8d833cc1ea61fa046030d,4,21e72a490cbe93ed7aa675d2b1ae105a,9c0e69c7bf2619675bbadf47b43f655a,2017-06-01 16:02:51,217.91,17.24
1a0d8f4b7cdd8a27c1ef92e118931fee,1,516f4c728fa63b7394b4a4d99a010ff6,17306570e772e7718c92a562d33f5f1d,2017-05-10 09:05:17,284.9,22.07
1a0dc245291d541409eb9044ccfe5875,1,90f83991bae254d0fd02bdddaa20b340,cca3071e3e9bb7d12640c9fbe2301306,2017-05-16 09:30:12,139.9,18.23
1a0dc245291d541409eb9044ccfe5875,2,90f83991bae254d0fd02bdddaa20b340,cca3071e3e9bb7d12640c9fbe2301306,2017-05-16 09:30:12,139.9,18.23
1a11672a79fb683c30fea0100e3a1c88,1,31a2f42a87890f87d77daebdfabc182e,4c03b9dd4c11ee2cb35c96c49efc9420,2017-05-11 08:55:08,129.9,12.3
1a1cbbc80d127af8c72708f098494a0e,1,9f5d4ccdd7f86c5c3fdcbd899867a5e9,a2b911e9ad40dc7d61c142a4683e2d85,2017-05-17 18:45:15,85.9,34.4
1a1fc9e9977eb588df5f511a8775fd01,1,dd6a505f83dd3c6326aa9856519e0978,fa40cc5b934574b62717c68f3d678b6d,2017-05-24 15:02:37,49.9,21.15
1a26d081d22cd04e1cbec6f294fa893d,1,9847d08b81ab75c5bdaf6823c7fe00b2,0c8380b62e38e8a1e6adbeba7eb9688c,2017-06-02 11:30:21,44.5,16.11
1a271fc8bb3a9a776ae5c012bf017ac5,1,2a2d22ae30e026f1893083c8405ca522,1a3df491d1c4f1589fc2b934ada68bf2,2017-05-24 16:45:11,134.9,18.19
1a319e1928be683affb1be930220e2a2,1,9a99bb9931fce41bda596488d0653c39,95e03ca3d4146e4011985981aeb959b9,2017-05-25 03:25:36,103.99,18.97
1a398850849e1f3b0532d27dddacf637,1,39a39074c35b5b8a466c85cf1d5b3387,35fb511489d9ee3ee27a76debce9df06,2017-05-22 03:15:41,37.5,16.11
1a494062b68a8ed99ba9171cb9c9aef5,1,4da0329350218978429b287440f4b87a,062ce95fa2ad4dfaedfc79260130565f,2017-05-18 09:25:07,41.9,15.1
1a63c19c8d289d696b2be1e4208eecf5,1,de72026142ffc78ea7a8d6ce739056b1,99eaacc9e6046db1c82b163c5f84869f,2017-05-16 01:25:23,110.0,26.05
1a7eac11fedf646a6ee3c3136458da69,1,fab8297a9d2e7e1e756998675831f7e9,fa1a9dec3a9940c072684a46728bf1fc,2017-05-11 11:45:14,135.9,27.49
1a7ee01992a69255a005e9db8a96d898,1,15f50a93f26d97e9c940e45271e8c177,edf96ef93ed595084bbcbd9224bd2894,2017-06-08 20:05:12,243.0,35.06
1a945a3b76b7ad9955320a6a9000b567,1,266f0c6925e7873790f11b920c701190,128639473a139ac0f3e5f5ade55873a5,2017-05-29 03:22:56,13.9,16.79
1a9979add53335be401feeaca64ee040,1,ce28d6520fdd554a54b818fce6ed0808,dc4a0fc896dc34b0d5bfec8438291c80,2017-05-19 03:42:09,59.9,12.76
1aaa0de1005b5e253fd4805a69715d65,1,68821aa251c8715f0c4199f413511411,50c9975695009e5e6473912e83a6d1da,2017-05-09 11:15:37,45.0,23.63
1ab73bf6573a454e2ea4a88dea0ba430,1,e0104b143b87f5f1e013446c12add851,7e93a43ef30c4f03f38b393420bc753a,2017-05-16 12:31:43,679.0,14.52
1ac347121eefa52ab9ed2cb87693afb0,1,6d6fb3617bb1e64626e29d95ff678d1e,3ca08eeb8d5595949fed424bd3677742,2017-05-31 22:50:13,94.9,19.9
1ade03eb2f7f3a76f964ee98e1a66529,1,ef9ae4fb9a9005e8e463cc2616084276,38e679b9e0064cd94c6f035707344dae,2017-05-29 14:25:25,206.99,34.81
1b00c4d80c81cdbc36487c96c6e92f07,1,b6c3ac7e88727311d75dc5695fb9f18e,2f09f7d37a97956d11cc1a7cadd5262b,2017-05-22 03:22:50,95.0,17.92
1b211e29b1a6d0431f4f9daff2f2e207,1,f76b8eae9da79861cd75f86a1020879e,94e93ce877be27a515118dbfd2c2be41,2017-05-29 19:35:15,237.99,18.92
1b25b7f6d3514c227d59499f63573fde,1,38afdf723b95d455b418a0f57d623c6b,1554a68530182680ad5c8b042c3ab563,2017-05-19 19:02:37,119.9,14.57
1b489d892646547f7e27765f3438d8b6,1,b9dac466133ab3dfd64997876fc8210c,6cd68b3ed6d59aaa9fece558ad360c0a,2017-05-10 20:35:12,31.9,14.52
1b5364692444d3fa21966ab73ae925ab,1,f2e53dd1670f3c376518263b3f71424d,4a3ca9315b744ce9f8e9374361493884,2017-05-16 09:30:54,109.9,15.52
1b546846285271f61f42bf2954352172,1,0f6e2c3bbb97980782ed6cb1506f5d95,1caf283236cd69af44cbc09a0a1e7d32,2017-05-15 09:25:21,19.87,23.54
1b546846285271f61f42bf2954352172,2,08c5c3d471845327e913b52aded0caf3,1caf283236cd69af44cbc09a0a1e7d32,2017-05-15 09:25:21,21.99,7.67
1b6ab77fb1ae705dfd81220651e0d7c1,1,0f18321a5c6483ce8d2b2785f0c8f25d,9558aa23f77a9e0a0eca83540999f43b,2017-05-08 12:35:08,39.0,14.52
1b7475ff7b8c048a93a0b27dad4ea031,1,2b4609f8948be18874494203496bc318,cc419e0650a3c5ba77189a1882b7556a,2017-05-22 14:10:19,89.99,15.38
1b76e3d417b12339d254588a95496581,1,3c078c878d44c18bb8c02acc54ae25e5,0adac9fbd9a2b63cccaac4f8756c1ca8,2017-05-25 09:55:08,37.9,15.1
1b882405b224816e178cb5b5cfef9519,1,9c7ce59c96e74dfdfc51f13a4a6c3869,6560211a19b47992c3666cc44a7e94c0,2017-05-15 11:45:14,29.0,14.1
1b99333d39cf95f48be3864b2e1e88b3,1,0ae10ca52e6cb8745e17c11e7c43907c,520b493b57809f446cb0a233bb3e25c7,2017-05-29 20:35:07,39.9,9.94
1ba88e3e2b2311150e8609fbb731ac99,1,57aae7271c7c24614b0d663c6df83f35,d05ae8f7a5bd1d2a690a44cd079e4e27,2017-05-17 13:55:19,252.0,15.51
1bc1acc1a9efde3aaa00688fc9d33d2a,1,67031f1b5ba68a9997efb630e43ada88,c3cfdc648177fdbbbb35635a37472c53,2017-05-18 19:50:15,119.9,16.6
1bc1acc1a9efde3aaa00688fc9d33d2a,2,67031f1b5ba68a9997efb630e43ada88,c3cfdc648177fdbbbb35635a37472c53,2017-05-18 19:50:15,119.9,16.6
1be51feefcd481bee3118900e6777057,1,f0f25035bed5ba1a75a678c0f9f09190,1554a68530182680ad5c8b042c3ab563,2017-05-23 21:21:58,62.9,14.17
1bf5ad2a94cb784f7e27820ab656c398,1,3b2c3b5eca3b8bd45a556828662ac340,51e0557bc7b86de13e946c60ee91ce39,2017-05-18 01:30:19,45.8,17.6
1c2764ffc47114baa4f45f92b19ec458,1,1b8ee158f59c098470fad33f39660964,1554a68530182680ad5c8b042c3ab563,2017-05-11 17:15:19,139.9,34.18
1c27ca778555f1927ccc2517c6509e1a,1,db6b576f5ccc24add9999afe03841cf3,cd68562d3f44870c08922d380acae552,2017-05-25 11:42:38,199.0,12.89
1c32916fec4ddbdf533e164c2552343f,1,1b0e39ec889889ea1d492603d8512bfb,e26901d5ab434ce92fd9b5c256820a4e,2017-05-21 22:05:21,32.9,8.72
1c3f5d77360bb33e56ac9ab123e07d6d,1,03bb06cda40712fb8473f7962fb7d198,da8622b14eb17ae2831f4ac5b9dab84a,2017-06-06 19:15:21,129.9,16.54
1c45c55e5f8cc9e68b699930b8a4d8dc,1,edae5a83fa229c8a7ec2d4730120bbda,f4aba7c0bca51484c30ab7bdc34bcdd1,2017-06-01 19:42:20,19.9,21.15
1c55aa51edc71bb7071a9a1e32b9caab,1,09061028f7ee991c6f2c294e19d344dd,0ea22c1cfbdc755f86b9b54b39c16043,2017-05-28 23:55:15,59.9,15.14
1c55aa51edc71bb7071a9a1e32b9caab,2,a78ca2f8bd17ee6472a95310f930ec54,0ea22c1cfbdc755f86b9b54b39c16043,2017-05-28 23:55:15,39.9,15.13
1c5ab74a30a7b379ed18bd97d700d84a,1,95c40b993a22463c83beb5c51a03d46c,85d9eb9ddc5d00ca9336a2219c97bb13,2017-05-25 16:45:23,31.9,25.63
1c76327f379b6c9a3ae42f2244e9a1e3,1,d70c831282615555625658baeb52eaa6,0ea22c1cfbdc755f86b9b54b39c16043,2017-05-07 23:03:05,34.9,10.96
1c79b6d729e3237f640dcf981b468fe8,1,3c33294ae18a2298ca94f669347ca935,827f8f69dfa529c561901c4f2e0f332f,2017-05-11 17:35:21,29.9,10.96
1c8320ef825c18190be58cff7d6afb97,1,e19ddcc85537b41f22116c8d5425ef46,8a32e327fe2c1b3511609d81aaf9f042,2017-05-15 09:45:30,29.99,11.85
1ca3ed3e554cd5449cf32d2d7df42d1f,1,e27c4dd075a521097a085bced0631ce7,701938c450705b8ae65fc923b70f35c7,2017-05-11 02:23:03,103.97,24.01
1ca44c5850de39660439deebf65c8fd2,1,154e7e31ebfa092203795c972e5804a6,cc419e0650a3c5ba77189a1882b7556a,2017-06-07 23:22:45,19.99,11.85
1ca9b19a39f0b18a4a1470eba6eb5cda,1,656e0eca68dcecf6a31b8ececfabe3e8,e9bc59e7b60fc3063eb2290deda4cced,2017-05-25 11:15:20,93.9,17.1
1cad5655bb2058c43754fe8e8c98c4ba,1,334995514673fb6bae67885458b52984,53e4c6e0f4312d4d2107a8c9cddf45cd,2017-05-21 22:10:19,13.99,18.89
1cb379c68e302e8623d49d1f3a074e26,1,94f3e00f8ea2e9bd4579796cb9e18e37,b2ba3715d723d245138f291a6fe42594,2017-05-18 17:25:16,109.9,12.27
1cc788ba1c0fa91ed3d7bf5a45a203a4,1,11bbef4e2a44601d9dd471aa1fb433e6,5c243662ce92d84573bfaff24c3e3700,2017-05-30 10:02:38,329.99,10.5
1ccd61f3cd66bdcd294756395581ff87,1,dd60cac04e6bcbc919cb1c7dcc473211,febab0275244b9a49a623f0bd613ca2f,2017-05-22 18:55:18,29.9,11.85
1cd94ec5da3b3b76e199b3d79666bdfc,1,ba9943916136c9959e24f71bdae28faa,8c16d1f32a54d92897cc437244442e1b,2017-05-25 21:35:19,44.9,15.1
1cdeb72a3ac42cd76c1fad6af0b4b317,1,44c015f31e165a805a0c68a2124e2e90,270297ead4c65a6cd2593960d2af6b21,2017-06-02 20:25:17,569.95,44.43
1d0c13af513afa064c2bfc461b7b9c57,1,5a6e53c3b4e8684b13388d6aa4afdf12,7299e27ed73d2ad986de7f7c77d919fa,2017-06-01 17:45:20,16.99,15.1
1d0cb4b170fe0f5f20475c4ec3ec4f06,1,d4a8ab90e626911fa92af68c07228390,cca3071e3e9bb7d12640c9fbe2301306,2017-05-31 18:25:11,45.9,12.69
1d21ce7916bb1ee2a44de0a37a92c8c4,1,77cc62dc80ebe12a0452d1ce0565acdc,218d46b86c1881d022bce9c68a7d4b15,2017-05-23 20:50:14,113.0,20.03
1d21ce7916bb1ee2a44de0a37a92c8c4,2,77cc62dc80ebe12a0452d1ce0565acdc,218d46b86c1881d022bce9c68a7d4b15,2017-05-23 20:50:14,113.0,20.03
1d455a95262f0f58fadece96d61cf0db,1,87b73d2916d30401b87dff20844af6db,17e34d8224d27a541263c4c64b11a56b,2017-05-11 02:25:32,109.5,14.94
1d6632a2caaca23824c538190fe607c9,1,c6e513054b982283c1cbbb2a45d02d83,f8db351d8c4c4c22c6835c19a46f01b0,2017-05-17 13:15:13,31.9,8.27
1d93c24a42872d2410be202e128bf5c3,1,d239ed6ed6dabbcbfd8a3b776e1ca50c,729f06993dac8e860d4f02d7088ca48a,2017-05-31 13:05:32,339.9,63.33
1da9f58fe27dab2ebfd76ca17224cc5a,1,78f3f7fb2c7a8a53bccb6cfc49f34f66,e9779976487b77c6d4ac45f75ec7afe9,2017-05-18 14:10:11,92.99,12.15
1dc23ddb9b0da103fa2b711855d60c76,1,883e57b1f0fab96202d9e39efbe3b671,80e6699fe29150b372a0c8a1ebf7dcc8,2017-05-09 11:10:18,119.9,37.8
1dcb1b82de3a13d219b6c84a8ca45b8c,1,0527af46c46b7a345d2086ea304ae8d7,ad87df7699e83b8a91822a4a0b765c3a,2017-06-02 04:15:27,40.0,15.1
1dd62cec8f15d977f5662ee87d9aae02,1,0176bf7839ab4e611dc01cdc3ef6f4e4,12b9676b00f60f3b700e83af21824c0e,2017-05-18 09:22:13,199.0,21.71
1dd7e8d1a469f3ce26f8c5c93ce9e636,1,db51982bc43b26164c29605b8ed140d6,2138ccb85b11a4ec1e37afbd1c8eda1f,2017-05-11 02:25:26,32.99,10.96
1dda4cf38de17d1b18e9132ed692d064,1,8af2faad4d636a6f4f1d465cda23268f,7e93a43ef30c4f03f38b393420bc753a,2017-05-23 18:55:16,1250.0,16.94
1e08b6a6408c04834b0d96cb9ce194fc,1,ac5e164e2eda939ffa46593f90077f9a,827f8f69dfa529c561901c4f2e0f332f,2017-05-11 02:23:42,32.9,14.11
1e15a13757311a68ea317beef704637f,1,ab2d32e4d6a79780270601c807f391d9,ff4ea69c2a729e83e63c7579e4ef8170,2017-05-29 06:35:23,849.0,22.38
1e43fdb774abdae4d882174e2f08e495,1,5a6e53c3b4e8684b13388d6aa4afdf12,7299e27ed73d2ad986de7f7c77d919fa,2017-06-06 17:42:41,16.99,12.48
1e4d22706831af396dafda3b8e91c30e,1,9cfe1073092d13dbee42c8348924c118,c3867b4666c7d76867627c2f7fb22e21,2017-05-18 15:22:08,109.0,15.51
1e4d22706831af396dafda3b8e91c30e,2,9cfe1073092d13dbee42c8348924c118,c3867b4666c7d76867627c2f7fb22e21,2017-05-18 15:22:08,109.0,15.51
1e6832ed905471e6aaa1c8e6c09186be,1,b155265e4297510af95358ac2018fbd0,941554c5757b73ba0e50aa7732310afc,2017-06-06 17:35:13,29.99,15.1
1e6e729cbdd94df526b317598aaaaf62,1,8d1cfc0463b545928bfb4e589e017bd4,aae3bfea055532c57fb453ed3ec80b30,2017-05-09 12:31:21,62.8,20.89
1e7aff52cdbb2451ace09d0f848c3699,1,8c591ab0ca519558779df02023177f44,a1043bafd471dff536d0c462352beb48,2017-05-25 19:05:17,119.99,34.2
1e80bd664bc120ddf4d789b7b9455e14,1,e4ef515e041ce5062868aacf106df8b3,ca3bd7cd9f149df75950150d010fe4a2,2017-05-25 04:02:44,98.3,42.89
1e80bd664bc120ddf4d789b7b9455e14,2,e4ef515e041ce5062868aacf106df8b3,ca3bd7cd9f149df75950150d010fe4a2,2017-05-25 04:02:44,98.3,42.89
1e8653b2cbcdd39e513300acd653dd60,1,23bcd6822a33df5534f9b290216eec1f,ac3508719a1d8f5b7614b798f70af136,2017-05-31 02:45:28,109.9,36.94
1ea9b7f6873a48576305dc42fae0e3da,1,1f32fa4223c913c075458059fde383bb,1d2732ef8321502ee8488e8bed1ab8cd,2017-05-26 13:10:14,469.0,12.3
1eb552eebf9bfb861ee5b1345cfb9f4e,1,c6dd917a0be2a704582055949915ab32,7a67c85e85bb2ce8582c35f2203ad736,2017-05-18 02:50:44,99.99,9.51
1ec0f6dd4813ff79c33a11b6c372cfb8,1,547b95702aec86f05ac37e61d164891c,001cca7ae9ae17fb1caed9dfb1094831,2017-05-18 10:25:10,135.0,40.28
1ec801f67c9ddedd7232db3f8045adef,1,f8ccd11a8dd63145c9a4ad4424195c77,8f119a0aee85c0c8fc534629734e94fd,2017-06-07 03:55:31,99.9,7.95
1ec810048eb69cc5b35a28f05c86bc8a,1,44afebe5ba695261a126f43a4b29d814,520b493b57809f446cb0a233bb3e25c7,2017-06-01 19:15:13,92.5,17.9
1ecd8552c5fabe586455a849370b4198,1,c73ce46ad401dcf7c05da1cc8a65dea2,3f8034bfc6b8b4135534975d49f04c63,2017-05-30 18:42:44,20.0,15.79
1ecd8552c5fabe586455a849370b4198,2,c73ce46ad401dcf7c05da1cc8a65dea2,3f8034bfc6b8b4135534975d49f04c63,2017-05-30 18:42:44,20.0,15.79
1ed06e2cc13fded79d12250b2de6ceec,1,b28428391b08e61232dcc1ccf6bf71bc,392e0502231ae2f8b29994ef6398cd77,2017-05-09 16:02:47,99.9,22.17
1ed68006f84c01fff1085e2f43ef641c,1,2029248294c186017ecfc48cecd47bbd,d50d79cb34e38265a8649c383dcffd48,2017-05-17 21:02:45,126.99,32.33
1ed8d07471dcc2832eb42d1507847102,1,faec279ddbbce3de75d2adf10f612a5e,e26901d5ab434ce92fd9b5c256820a4e,2017-05-29 04:22:41,119.9,12.34
1f040a56df747205ee9e9a9cd8003877,1,571f10e82bf565790b3fa563cbd6b716,6edacfd9f9074789dad6d62ba7950b9c,2017-05-22 03:35:31,24.9,14.1
1f3035a17d5528bb461a938d381c9d65,1,c234a60a994181f45605566bef8fe3b4,d101c6da914ae3d53f7bee42283f2fe2,2017-05-05 18:05:47,109.9,13.5
1f3c0a87c88ece858b2f766ae1952dc2,1,422879e10f46682990de24d770e7f83d,1f50f920176fa81dab994f9023523100,2017-05-18 06:35:18,59.9,17.67
1f91f6048baab1f573d3657d38e16137,1,872db866d615db59612ac933f43d6b22,701938c450705b8ae65fc923b70f35c7,2017-05-23 16:25:15,103.97,25.04
1f9dfc58c0cc9cd0436629cbcd7fb639,1,d0168e734683113fd73658071715084a,aaed1309374718fdd995ee4c58c9dfcd,2017-05-18 11:30:17,110.9,16.54
1fd6c29ecb9dd8b65359f54c969105d3,1,00210e41887c2a8ef9f791ebc780cc36,e9779976487b77c6d4ac45f75ec7afe9,2017-05-26 13:06:16,32.98,8.27
1fe59b7c4d7a5015c3c73464f4d2e719,1,85df978207ed4024ea16570dbb64fd6e,10076e5788b8ee532724bcd460baf762,2017-05-26 16:45:13,24.0,15.1
1fedda1b294263f50d8f0f78bf5c3e6a,1,7c2d0df8e5fbfa71d54a400b33a8502e,7e1fb0a3ebfb01ffb3a7dae98bf3238d,2017-05-10 21:25:17,116.0,16.51
1fedda1b294263f50d8f0f78bf5c3e6a,2,7c2d0df8e5fbfa71d54a400b33a8502e,7e1fb0a3ebfb01ffb3a7dae98bf3238d,2017-05-10 21:25:17,116.0,16.51
1fedda1b294263f50d8f0f78bf5c3e6a,3,7c2d0df8e5fbfa71d54a400b33a8502e,7e1fb0a3ebfb01ffb3a7dae98bf3238d,2017-05-10 21:25:17,116.0,16.51
1fedda1b294263f50d8f0f78bf5c3e6a,4,7c2d0df8e5fbfa71d54a400b33a8502e,7e1fb0a3ebfb01ffb3a7dae98bf3238d,2017-05-10 21:25:17,116.0,16.51
1ffb9dc91fdfd3d86671c5dc2a94dab1,1,71040c7f50609abf6865f4429f8b1035,ebd2d60905fb58271facef5596b620d3,2017-05-14 22:25:15,169.9,28.57
2026183f154b1d672b4bd513fde144c3,1,9ae64e1163bf254bad20d5155cffb99d,3d871de0142ce09b7081e2b9d1733cb1,2017-05-23 21:45:10,69.9,13.51
204c3a076103a93b98207df2faeb6b4c,1,c8aa3a6754ab1ad362858eca26f58c8b,4a3ca9315b744ce9f8e9374361493884,2017-05-26 09:10:28,210.0,16.22
205d5db88d0a8b3736d1afa2f6a329c5,1,d97cfa719a6198d4a66453e0c6ed596c,e5a3438891c0bfdb9394643f95273d8e,2017-06-05 05:05:12,73.9,15.27
20662ff76e857a011a9f64039d541dab,1,40749a37d68c1827c0ccd1844e9e3c8f,70a12e78e608ac31179aea7f8422044b,2017-05-29 16:03:08,19.95,15.1
2070a6c3c3a8f5c3c8688096d984ce9c,1,cf583a690e5ac989acc4694f35093975,e21a1e8be4715b0fcfd5385643bc49c4,2017-06-01 14:30:23,19.9,25.63
209af0f4be00475004ee6a0b9f37ba66,1,b811b7a802d2bc88a918a9b785a6c18a,9c0e69c7bf2619675bbadf47b43f655a,2017-05-29 15:05:16,217.91,17.29
20a6605d8265ca357d15eaf4f6710f63,1,e6b6e13cf71449a457269f425b89dc74,b2ba3715d723d245138f291a6fe42594,2017-05-18 15:10:13,89.9,15.38
20b6d93cb808407fbfa6438a2582538c,1,c6dd917a0be2a704582055949915ab32,7a67c85e85bb2ce8582c35f2203ad736,2017-05-25 18:05:36,99.99,9.51
214e5fdd8fd6a78e1f37c7803bdc1939,1,aaccb76bf4427c9196a531cb10a79458,ccc4bbb5f32a6ab2b7066a4130f114e3,2017-06-12 03:55:32,1850.0,28.39
2177c383835d2102aaffabf80638aa19,1,1d52a166aed7c327a5040a26342198f1,6288c69c4ce638e59925e59193f98b16,2017-05-22 02:42:49,99.49,21.5
21826e0954bd6550ea7b7a5665bc636f,1,dbb4ce89c8ed5fb6fd901e2e51093179,91f848e9f4be368f4318775aac733370,2017-05-22 13:10:13,89.99,27.3
21826e0954bd6550ea7b7a5665bc636f,2,dbb4ce89c8ed5fb6fd901e2e51093179,91f848e9f4be368f4318775aac733370,2017-05-22 13:10:13,89.99,27.3
219170fb08f8e9140c121645abb11cd0,1,274e7506d72bf55831c52e2609d2d470,cca3071e3e9bb7d12640c9fbe2301306,2017-05-16 09:30:17,29.9,11.85
21986117cfddd42a35f894deadbe2f95,1,99a4788cb24856965c36a24e339b6058,4a3ca9315b744ce9f8e9374361493884,2017-05-11 19:50:10,89.9,21.08
21a8ffca665bc7a1087d31751a7b7cbc,1,59a0529af96d3d459965f044c5cd1296,30a2f535bb48308f991d0b9ad4a8c4bb,2017-06-06 12:31:33,49.9,8.72
21ab5b80c7c152432a699cde9af9a04c,1,3a7553224e54d216c4a65c85f2d04deb,4a3ca9315b744ce9f8e9374361493884,2017-05-29 22:23:23,230.0,16.36
21cdcda0dab99c19306dca0f9ea2f7d4,1,c9bd28e8a4220af0723c7b7f97778681,1b4c3a6f53068f0b6944d2d005c9fc89,2017-05-18 09:22:43,129.9,13.16
21d264a9f2582bccf55b8e9d9435a6e5,1,41f447e263110b954a7e52f6052ab5e1,b76dba6c951ab00dc4edf0a1aa88037e,2017-05-11 13:06:04,11.9,14.52
21e5664155a526068b3547eb011e02dd,1,690eb1f6541f9107b7cdb77fb461fe5f,dc4a0fc896dc34b0d5bfec8438291c80,2017-05-24 03:25:09,44.9,11.85
21e5664155a526068b3547eb011e02dd,2,09a1f8a0ac3f2a9d3eed87339b7fd9d2,dc4a0fc896dc34b0d5bfec8438291c80,2017-05-24 03:25:09,44.9,11.85
21eb677c19b78ef3e185029ea42241cc,1,23365beed316535b4105bd800c46670e,92eb0f42c21942b6552362b9b114707d,2017-06-01 02:25:29,16.5,15.1
21f088502aca17fa9e009f1fefdf6e21,1,c2a1ff8408a1c857c8730e4d12da714e,95e03ca3d4146e4011985981aeb959b9,2017-05-29 14:22:44,69.9,12.49
21f9a8ce5872071fed94d64a8cf0f0e9,1,cce679660c66e6fbd5c8091dfd29e9cd,d2374cbcbb3ca4ab1086534108cc3ab7,2017-05-25 02:15:51,17.9,10.96
21fc87cfedd833f6e6749fd823dc9754,1,88d07a97123a341509effc395bf418c8,f45122a9ab94eb4f3f8953578bc0c560,2017-05-11 03:55:10,29.9,14.52
21fdf6a269bd4c5befb28302d4d00803,1,e7c8819338fc9a87e81ea2d90898f612,eeb6de78f79159600292e314a77cbd18,2017-05-16 14:50:13,449.0,26.01
22107f4fc133c3bfb9784d3e264f61a3,1,b31fe7683526f7b942c8de2796f2e72d,ab9db4cf53b08b828b64dccaafc2d9f0,2017-05-25 04:15:14,25.99,34.15
22170faea0e48a083b8216ce465df183,1,364db9e9154fdb4355992287afa4f774,7c67e1448b00f6e969d365cea6b010ab,2017-05-28 23:12:08,199.99,22.05
222c6bc1698aec767223c052bf66327d,1,a5e66fadbb9b49dffdbf63675436a332,e9779976487b77c6d4ac45f75ec7afe9,2017-05-28 22:03:01,79.99,8.3
222fd80282b4b53ba4affcabaaea6b31,1,ee918a5c4e95f273708c2582a5314325,7e93a43ef30c4f03f38b393420bc753a,2017-05-16 09:10:17,610.0,29.83
222fd80282b4b53ba4affcabaaea6b31,2,8b39be5bbb8a4585ed19cacbf4162c27,9c3c24eca51c52b91c1de727d2a2ae06,2017-05-16 09:10:17,49.9,23.86
2236ffd5989a4b6263176d0359843c83,1,8047a9de3dd280cc068a2cba4586b91f,9853a239ab7b7ebbdc3a21248d5b8e1f,2017-05-28 23:30:10,43.0,16.11
2240d9349c55949c40dbfcc98ece280c,1,9ae64e1163bf254bad20d5155cffb99d,3d871de0142ce09b7081e2b9d1733cb1,2017-05-08 02:02:41,69.9,24.69
22481cdbb6f8a97cee4e2ba46d59c024,1,83a1778b0d5b20c0724c97e35f083082,a3a38f4affed601eb87a97788c949667,2017-05-05 11:02:31,64.9,17.29
22561cc73693742c65f9e31bd0e8df08,1,b200c3a6dbe2a96c1e2f1904361763db,2089a6d640999f9b9141ac719b2af596,2017-06-02 09:10:17,387.49,17.46
22662a013483e2c073232f69182716db,1,eb7172d8a3c64298d2d767f6603c231e,725c32fa80c2faacc4fc88450d27314e,2017-05-18 08:25:12,44.95,14.1
22693e7b9440fce24aa700d0fb64f69f,1,66fb55e3750680af350c489f504762e2,f67efa3f0b6761102a7f8c6b7b571f5d,2017-05-23 03:25:21,335.99,23.19
228ad7bb45b5912a1c70a68be5d4b951,1,12a947baa3e0ab6254ebfec789934fd5,d98eec89afa3380e14463da2aabaea72,2017-05-25 19:45:19,50.0,17.63
22a70dec3f33737fa17ad9ae098b37f8,1,4a69bf67fa5c94b8e301ef9c94950755,c0563dd588b775f2e37747ef6ad6c92c,2017-05-23 11:02:41,139.9,9.79
22cbc77349f8317cd8c241cd2a482887,1,50a64d6b01398039142e3e0be6f2fca4,0d85bbda9889ce1f7e63778d24f346eb,2017-05-30 03:45:32,119.9,28.22
22ee91c7febb94838b3468761b7dd72c,1,827f677ed9cd1e18a5f4e8ecd4eb7489,92eb0f42c21942b6552362b9b114707d,2017-05-07 21:25:11,12.5,10.96
22f469f96aaa1fdd00d0ac66369a950f,1,de29e502ba5174dcddbd4da728616533,86ccac0b835037332a596a33b6949ee1,2017-05-18 22:10:16,52.5,15.12
22fa8082b517d09f9120e84f11fbf3bd,1,b09790edda54333116f9cf1decc580a1,d2374cbcbb3ca4ab1086534108cc3ab7,2017-05-29 17:30:24,27.4,11.85
2306aeccf5b70ab26762993fdf2f37b9,1,9348fe8a0886b99d1c5d33c28fb0aa48,53e4c6e0f4312d4d2107a8c9cddf45cd,2017-05-15 09:30:35,49.2,16.11
2320f88fd7982719055be3476e3e8bf3,1,eb25b740bfb245e32eb540c22c479adb,db4350fd57ae30082dec7acbaacc17f9,2017-05-18 17:55:14,14.99,7.78
232277bc3b7e6ff57e09e19b7ce21bd3,1,45af706a261242e1f74e90aee7b49a5b,0c8380b62e38e8a1e6adbeba7eb9688c,2017-05-11 01:25:10,59.9,17.09
232ea59cdf4f9ff14bad61399d646d7c,1,1ec486885049bbb9b79351d150ed18c4,cab85505710c7cb9b720bceb52b01cee,2017-05-23 22:10:09,49.9,25.63
232ed087a5c59841a1a56af1fe8d797d,1,4d153cd0e49c232e55168aff53489c07,94e93ce877be27a515118dbfd2c2be41,2017-05-09 21:22:28,74.9,35.14
2331f636052d7a25b7a1844dac95a4ac,1,ea44caac707f7f1325182a538007f838,855668e0971d4dfd7bef1b6a4133b41b,2017-05-17 16:35:10,50.0,16.6
233d68955f53ddc70fdd403f7032c093,1,7fe486a60125c1541517e30944f95066,4917cee8d902e13428c3ec4b1ca6f315,2017-05-25 10:45:16,129.0,31.65
23454aa9c9538dcfcd7a90e8a41b3ed6,1,bdf3cfe384f8cd382e163ab1a5569232,db46ca7bce82b11f7e247539271fc390,2017-06-01 02:45:22,31.49,15.1
234e664f4418bb97ea8f387244a9538f,1,b00a32a0b42fd65efb58a5822009f629,e26901d5ab434ce92fd9b5c256820a4e,2017-05-26 13:15:12,79.9,7.81
23558e6c96b846224ae65c90217b9caf,1,99a4788cb24856965c36a24e339b6058,4a3ca9315b744ce9f8e9374361493884,2017-05-19 09:55:07,89.9,12.13
236909a5eec961f916c742c7f991d3e5,1,c180a83edb2d145ec2f9b10cbd61feb5,a3a38f4affed601eb87a97788c949667,2017-05-18 11:05:22,119.9,16.6
236ac812debfa147da2a0e46eb8498f3,1,ae347727b83d554247d6cc36029a8392,458d868c9642f55f18f04e951a3fdde6,2017-06-14 18:42:30,1359.0,52.62
23799ee0d85541263f0637d4b86d5e5b,1,88c09dd121ebe0b119a759773d405cc4,79565f7d5603b24ddf07ade262547f2f,2017-05-05 10:35:20,39.0,10.96
2393507a21cc6be871d9bd669eb0d6d9,1,b3716b1e3576d3f2f246139d80c67d6a,4a3ca9315b744ce9f8e9374361493884,2017-05-18 16:42:25,41.8,11.85
23d80303690482f9b28107267da8dade,1,fc935e2845dacecf29f0555465bed91b,7e93a43ef30c4f03f38b393420bc753a,2017-05-23 16:05:14,629.99,26.73
23dd9b9b8eb4352e2905bf46a41e5ad2,1,68c923fddf7f83316b53252eaf830724,7a67c85e85bb2ce8582c35f2203ad736,2017-05-15 08:35:16,69.99,11.73
24014414a15d7274cad8a2917fe1f040,1,b68cf84ede4fd1e14b1740de5b727d55,e24fc9fcd865784fb25705606fe3dfe7,2017-05-18 13:35:20,636.0,40.6
24014414a15d7274cad8a2917fe1f040,2,77ccda894b672fe1214b0101d108d7f7,e24fc9fcd865784fb25705606fe3dfe7,2017-05-18 13:35:20,672.0,0.07
240c0f6bd7e77f416cff9b55d12d10c1,1,098c8d862a494bb5926e558a87687768,7a67c85e85bb2ce8582c35f2203ad736,2017-05-12 14:50:15,199.99,17.65
242bbe951cccc62e01cb9aa3840bbd14,1,0be487faac01dd57fd7ed17cfbdf2dee,d2374cbcbb3ca4ab1086534108cc3ab7,2017-06-05 03:30:20,22.9,10.37
242bbe951cccc62e01cb9aa3840bbd14,2,4d272fe20c57c64dc74b3db191fc31ef,d2374cbcbb3ca4ab1086534108cc3ab7,2017-06-05 03:30:20,24.9,11.85
242bbe951cccc62e01cb9aa3840bbd14,3,24d7b551f0ea7c3cea080d402b211132,d2374cbcbb3ca4ab1086534108cc3ab7,2017-06-05 03:30:20,27.9,13.33
2438db344bc7b4762af1a87e1fd54cd0,1,7d854ab97c64ef9df2bbfaf332765786,aac29b1b99776be73c3049939652091d,2017-05-24 23:30:16,59.9,17.67
2438db344bc7b4762af1a87e1fd54cd0,2,7d854ab97c64ef9df2bbfaf332765786,aac29b1b99776be73c3049939652091d,2017-05-24 23:30:16,59.9,17.67
2440bc295a6469fa10b79123189bdb31,1,5d0a7cb413c5b59233c57177fe2f20b0,fa40cc5b934574b62717c68f3d678b6d,2017-06-01 15:25:17,49.9,17.63
2443aecfadead9c6df5d80d063925e25,1,3cef8174403f4fdedbf24fa67fa9f132,46dc3b2cc0980fb8ec44634e21d2718e,2017-06-06 06:50:32,799.99,22.52
2443aecfadead9c6df5d80d063925e25,2,773a9c97b7435492ec93014cd43ecf77,46dc3b2cc0980fb8ec44634e21d2718e,2017-06-06 06:50:32,299.99,28.3
246dd6417fa15cba189361fdf6907017,1,1fe8e6e01596885617fa1c90d29c2f81,a416b6a846a11724393025641d4edd5e,2017-05-16 12:32:06,81.56,15.33
24940d1052df86d8e24f16e5adf2868e,1,f39e720d7174b473f81e8a7103e562fb,b2ba3715d723d245138f291a6fe42594,2017-05-12 13:50:16,174.9,12.61
249e497dd267cc393437ed057a09386d,1,5d42919d908b17ec1848699d89e2bace,855668e0971d4dfd7bef1b6a4133b41b,2017-05-16 13:50:21,240.0,15.85
24b08ee14cecb10e34d167467693c3d1,1,cfc37213adcf7bc0a35084f70a312b13,f021c962aaba8ef6eb527a9c2c8394d1,2017-05-25 14:05:18,479.9,12.57
24bb32382ef27d26bd21c0919620c4ff,1,5fc3e6a4b52b0c414458104ed4037f1c,229c3efbfb0ea2058de4ccdfbc3d784a,2017-05-22 20:55:17,89.0,17.06
24bb994d197981b7ea2d6838f535c190,1,dbc7aaf61b2639b1f282509ff1349bec,d91fb3b7d041e83b64a00a3edfb37e4f,2017-05-09 16:05:20,164.0,11.76
24bfe29693d0dbabd5e08b3b3bf1064c,1,235b4ddb049ab79478e058d0d3609bae,744dac408745240a2c2528fb1b6028f3,2017-05-30 10:30:13,199.0,22.19
24d3148ec0762872918b6c2805afac45,1,e87b2200e1df21f624eea3e9bd087dc0,0432ead42b6c8a0bdf68154add917fdf,2017-06-05 16:43:22,89.9,7.88
24d9966e0448b19c57091951a299c0c4,1,424894ddaa2676e63fa0ec704d7132af,b127efdabeffb5d559349c7b172eb75d,2017-05-18 21:25:18,28.0,15.1
24f937ccbe294a3f3d24859938e01915,1,f264c1d9b20b5e4a340254d0405e613b,7a67c85e85bb2ce8582c35f2203ad736,2017-05-17 13:10:40,69.99,17.74
25080237d0a969f93948203985e3b324,1,c3099dfa5bca8734d228152d9c7d894c,0432ead42b6c8a0bdf68154add917fdf,2017-05-18 13:35:18,94.9,14.41
254b6101a615cb031624d5631cabf648,1,7285e977b36a2243203636b240772c5e,91f848e9f4be368f4318775aac733370,2017-05-26 06:35:12,34.99,14.1
254fcbb680005c7c48a119e4a4ac5b98,1,e24f73b7631ee3fbb2ab700a9acaa258,0cbcee27c791afa0cdcb08587a2013a8,2017-05-22 03:35:35,142.0,15.74
255111c7355b48e49add6f5a16c22483,1,ca169d8dceee80e88508bc636a2aac96,da8622b14eb17ae2831f4ac5b9dab84a,2017-06-07 01:25:10,114.9,18.05
256aa0d2a3a5be766036105a251aac9b,1,595199b11447ed4b73d031d3edaa6bdd,0c8380b62e38e8a1e6adbeba7eb9688c,2017-05-05 20:22:21,94.5,27.13
25735b38f376510aa1e9762e25343124,1,491a99b628dd0701b0758ec05b49cafb,20d83f3ef0e6925fd74bfd59170babf7,2017-05-30 10:02:31,59.9,7.78
259ab6d981e68ad563951cdfe524f86c,1,d8737a754ac6dd6d2d255b9bae326388,1b4c3a6f53068f0b6944d2d005c9fc89,2017-05-25 02:26:04,39.9,15.1
259bf446f0b02fe474a518edf7a1862b,1,235458528f907463ec55ebb1e16b69f0,dbc22125167c298ef99da25668e1011f,2017-05-22 10:55:12,54.9,16.14
25a78946026443985bc3bc5cb3593716,1,bed9b7934576c9ba61b6ba6f3babc698,7aa4334be125fcdd2ba64b3180029f14,2017-05-30 09:05:14,28.8,17.6
25dd1f1d02c23e3aeae4950e52dc5c5b,1,6b7739f782cb37f71cc80e8151ebd6ac,dd533b429f380718b70ad9922c294bae,2017-05-22 14:25:16,19.9,13.37
25f22c7921c0a8d9aece054f7daab2b8,1,466d263ce8b7bd275003ee2104428127,ef506c96320abeedfb894c34db06f478,2017-05-22 15:55:18,25.99,17.63
25f6a84bb4462034741cec7bbc139f9c,1,e7f85596b92f92cb501855897696f66b,b1aaae6b66ad3c40f54b389d7ea4bee0,2017-05-29 04:10:16,62.0,17.71
25fcc160aad54c81aad28f9f71cb4cba,1,e6b6e13cf71449a457269f425b89dc74,b2ba3715d723d245138f291a6fe42594,2017-05-25 02:15:15,89.9,7.88
2609fb7696dacdc9451b31ba1bb513eb,1,bc527b3cbbc09017b7153bda2be5fad5,5a8e7d5003a1f221f9e1d6e411de7c23,2017-05-11 02:23:40,59.9,15.63
262509218257310f675994ae58ffbfa9,1,16f7c25c950c1c3f123fdc4a6cc390e0,818d28f936e791926d33bcb6ee94ef79,2017-06-07 03:02:34,27.9,21.15
26270398457731cfcecc0585e20bd45f,1,bb7181410b4e02f93f3697f765db53c7,855668e0971d4dfd7bef1b6a4133b41b,2017-05-26 17:45:12,120.0,31.87
26526add9da95bea7b977eff1d40d11b,1,e282624d8c82e04983f125e167eb4521,2138ccb85b11a4ec1e37afbd1c8eda1f,2017-05-17 23:22:23,18.99,15.1
265e89a62092ab36c7e1852464cdb377,1,5328338cfaa16ba10561cd970c73ca11,12b9676b00f60f3b700e83af21824c0e,2017-05-16 16:03:00,238.0,28.14
2663f91a68c89174d7550cdcdb1d5df3,1,ed5f0d58e27cf65a07283c251747936f,3985a3c45be355a4c57fde108bfabd1c,2017-06-06 21:30:17,54.9,16.82
26747043797cafc1ab5026649fa0ff3e,1,0b8eaa48559710f4dd234b9c7918dd43,53e4c6e0f4312d4d2107a8c9cddf45cd,2017-05-12 09:32:34,47.99,15.56
2699d27682691fa4f6be5cfde364a833,1,7c1bd920dbdf22470b68bde975dd3ccf,cc419e0650a3c5ba77189a1882b7556a,2017-05-30 09:31:47,64.99,15.2
26a887fe1515ba3501b5154e443ca899,1,d64a657e6b0860d638e61086e3a3d372,8bd0e3abda539b9479c4b44a691be1ec,2017-06-08 19:15:14,11.56,12.48
26b334af408dd2df4cebc013f87b9b24,1,30b6868bde148b4c71716da3f1cdd9e3,aafe36600ce604f205b86b5084d3d767,2017-05-09 11:32:59,59.9,17.26
26d50e2b2072855e670311f1aa623f86,1,f83c9874b5b5044ea58fef1be68c1ea8,2e90cb1677d35cfe24eef47d441b7c87,2017-05-16 21:05:10,132.7,25.68
26dbb32053df6d12465fe5eb115e484a,1,71ca28a845714b71b378d81e93f0b183,f00f5b35d0abcacbdd863672f4bb2c1a,2017-06-13 14:25:16,299.0,14.43
27022b76108230492760e5e0a34c159e,1,6e59a5107a6102148b438cb33d5a2529,6cd68b3ed6d59aaa9fece558ad360c0a,2017-05-15 09:35:13,109.9,14.52
2728c4c5805dc2b5f0d4aee36cfde5d1,1,e27c4dd075a521097a085bced0631ce7,701938c450705b8ae65fc923b70f35c7,2017-06-08 04:23:00,103.97,25.04
2728c4c5805dc2b5f0d4aee36cfde5d1,2,e27c4dd075a521097a085bced0631ce7,701938c450705b8ae65fc923b70f35c7,2017-06-08 04:23:00,103.97,25.04
272d40214dcc28e3eea31bcdb4d1f55c,1,30d55419015a4d9c2ca68586923d5a9f,19e0f40a907ec568c34bfac15de4f4a1,2017-06-02 13:05:54,44.5,15.1
272e6f76eb38eeae926978ca915c5758,1,8a0c7c7b32d023b5c6cefe93d16e4a99,c157bdeedcbc9a8e3c8bf0d87ff24428,2017-05-12 16:55:16,94.99,20.74
2739713764165279791b394484947e2d,1,31639956e7fac87ecfd9d608040638bd,aac29b1b99776be73c3049939652091d,2017-05-11 18:05:11,64.9,16.21
2740f9d58dd09ee632344af519b499ac,1,de9305867467640bebc680708d43f27a,87b740daf17b5d1be335a64164ec6842,2017-06-04 22:50:21,1299.99,126.82
2745579b0446d51b9aa8263485dbeb1d,1,49a2fa4ccedbad4f2e7ed4287fce1a6d,cca3071e3e9bb7d12640c9fbe2301306,2017-05-30 15:15:18,89.9,17.88
274c63b06327262e50b1798060d9dea9,1,feb94d995efca232513a7baffff772b8,76d5af76d0271110f9af36c92573f765,2017-05-10 14:02:42,39.9,14.52
274c63b06327262e50b1798060d9dea9,2,feb94d995efca232513a7baffff772b8,76d5af76d0271110f9af36c92573f765,2017-05-10 14:02:42,39.9,14.52
2767b7408c48c599a9a6c170ca651252,1,fcf6d4fd2e97087087d61d228999d662,582d4f8675b945722eda7c0cb61ba4c7,2017-05-11 12:31:41,21.9,14.52
278cc6221989b58d9a1a74134e0accfa,1,044b06b901539ec1ac136565a97d0fec,c3cfdc648177fdbbbb35635a37472c53,2017-05-18 18:45:13,89.9,17.11
278d8871aa19200fc6947eaaeaba473f,1,1fa4ef78e1b8f0afea31e4ae9578affd,8a32e327fe2c1b3511609d81aaf9f042,2017-05-22 21:42:39,59.99,17.67
27a940efdd448db29463b53ea0cfa2f4,1,926a505f318353d8634f3c5102756352,cfb1a033743668a192316f3c6d1d2671,2017-05-10 14:10:15,68.9,18.76
27aeddc0f8afd2314aeacc0d0cbbb5e2,1,0cc13a424dc207f8c4d3b26ea1cd384c,710e3548e02bc1d2831dfc4f1b5b14d4,2017-05-05 16:30:39,349.99,20.73
27cc371fc21005cb23584884e8364a35,1,e67307ff0f15ade43fcb6e670be7a74c,f4aba7c0bca51484c30ab7bdc34bcdd1,2017-05-07 23:30:09,18.99,10.96
27cd2ebe0ab4174836a87975c23fa80f,1,f4f67ccaece962d013a4e1d7dc3a61f7,8581055ce74af1daba164fdbd55a40de,2017-06-01 12:33:21,241.1,20.83
27cd2ebe0ab4174836a87975c23fa80f,2,4fcb3d9a5f4871e8362dfedbdb02b064,8581055ce74af1daba164fdbd55a40de,2017-06-01 12:33:21,143.8,14.33
27d38402a9bf35d21de2f99946b1c1ae,1,8f79800a347de2da5104a414bc791a0b,f7720c4fa8e3aba4546301ab80ea1f1b,2017-05-11 03:10:09,16.9,10.96
27da527c266684c5bfb86fc601060406,1,1612209b0b37fbe80e1e8e1b7d19ca1d,87142160b41353c4e5fca2360caf6f92,2017-05-23 01:02:32,99.0,14.42
28116a9f673362aaa7a4349192ad5e61,1,8cab8abac59158715e0d70a36c807415,530ec6109d11eaaf87999465c6afee01,2017-05-30 12:31:06,99.9,16.7
28116a9f673362aaa7a4349192ad5e61,2,25437c6ccd9cdc28db375f821881224f,530ec6109d11eaaf87999465c6afee01,2017-05-30 12:31:06,99.9,16.7
282798d3d9e90c0c2c02697bdb07b839,1,84412fdf17ffe7f7b52913a82e73b5b2,c3cfdc648177fdbbbb35635a37472c53,2017-06-02 19:02:24,169.9,20.43
2827c188ab72cdf3deba6e5058e9dcb1,1,29427de7f8a9ee983d9dbc51cec569b4,7a67c85e85bb2ce8582c35f2203ad736,2017-05-22 10:50:12,99.99,11.9
282c19328edcd28ae2d11f5aadeacf8b,1,fa126ff62aae83e37857ad495641c878,e9bc59e7b60fc3063eb2290deda4cced,2017-05-11 02:22:23,207.5,15.62
28522593d073f4f1738c608a4326ca7e,1,6002665d65ee348dcd357c7bb2f080bd,f45122a9ab94eb4f3f8953578bc0c560,2017-05-18 12:32:08,59.99,17.67
28583c5f21217c9d51f9578b37a4b224,1,57cc92900f861f0c72fa1df2cfe85577,014c0679dd340a0e338872e7ec85666a,2017-05-31 10:03:00,594.0,43.49
285e35ce9a55db39353f12f48120d8a7,1,272e51f7fc982529466144f8b68ec58e,6039e27294dc75811c0d8a39069f52c0,2017-05-19 00:35:21,179.9,16.01
287e90d08a100fd2ecbfd8a82dddad5b,1,c94d19d021d4a8fbae5a45f904aeea90,701938c450705b8ae65fc923b70f35c7,2017-05-17 14:50:17,103.97,45.19
28a58d10c5ce66e99e4edf25548e1a0f,1,7fda6ff601b1c45aacfd6a24e7f2d45f,7e1fb0a3ebfb01ffb3a7dae98bf3238d,2017-05-10 15:03:25,110.0,25.26
28b9a12b535522a451ecfffda6db4422,1,6e1b14d3cbb5fb3a2c00351007127dfd,7a67c85e85bb2ce8582c35f2203ad736,2017-05-28 21:25:18,229.99,12.81
28c667d6f66b0f0078e9a521d850816d,1,07aa6a21d16be9ac95fbff7ab3ed81e9,c273175f7c6c80fb02f051e2fc6d0d72,2017-06-05 17:45:16,75.0,38.08
28d6266168cfd43a9f7d1f2f2f07f54a,1,bda1c22cb8008940e304b88e5eec3c29,41b39e28db005d9731d9d485a83b4c38,2017-05-16 15:45:11,27.9,11.85
28f12a3e5117f5e70bbdb45be9188639,1,33202a8e7a645388c41ed714203d7131,8d79c8a04e42d722a75097ce5cbcf2ef,2017-05-09 19:45:10,149.9,38.01
28f729f6f9703fdfc79ea4bf54d4f61a,1,3225c54bb2785c33f49f50398fcdb88c,1284de4ae8aa26997e748c851557cf0e,2017-05-17 19:02:07,379.99,27.94
28fc2d3b6b9c5214e2ccdf189ba572af,1,63094ac128b54dd72d511043411df079,b372ee768ed69e46ca8cdbd267aa7a38,2017-05-17 21:42:17,250.0,15.92
290069e93a387bceb35f0106717ab803,1,b667e64d366991432e4c9c45ec4d6d1a,c3cfdc648177fdbbbb35635a37472c53,2017-05-31 11:42:43,54.85,15.14
2901c587ddc2733afdf68e81b98d2c0f,1,e7c8819338fc9a87e81ea2d90898f612,eeb6de78f79159600292e314a77cbd18,2017-05-12 13:10:20,449.0,26.0
2906d3aca5a5b9081616c592a8b9fb2f,1,c180a83edb2d145ec2f9b10cbd61feb5,a3a38f4affed601eb87a97788c949667,2017-05-11 13:10:36,119.9,27.38
290b12fe53ad224d4f2ba8f1eb54a8f1,1,6002665d65ee348dcd357c7bb2f080bd,f45122a9ab94eb4f3f8953578bc0c560,2017-05-22 22:02:37,59.99,17.67
2930e165d2d299f01940b519c86c7ee5,1,a35a9f46dcee0a67c8c7ad8493eb4135,85d9eb9ddc5d00ca9336a2219c97bb13,2017-05-31 02:45:20,31.9,25.63
2932a008b292b9b8eafc415b46f0f3b0,1,4b703444923b5e57bb73ba343f5ebab7,062ce95fa2ad4dfaedfc79260130565f,2017-05-17 02:42:18,39.9,15.1
2934eab588f70ed4ddd8e9f4abf517fb,1,c3b271f47e73d0c9ccf1b43b7606c705,cca3071e3e9bb7d12640c9fbe2301306,2017-06-12 03:30:05,45.9,11.85
293d3c2a058c0395d19e7d1a4aa87f41,1,bbaef2eadf31fe3ea6702077398be06c,cc419e0650a3c5ba77189a1882b7556a,2017-05-26 02:30:31,56.99,8.72
295a37d27898b26b2a3768bcff6f5dac,1,c73628b1c3144b2e0c9c88072f21a213,3f995f07c49d0d55a99d5c54957f7d81,2017-06-07 03:50:16,99.0,15.44
296718c4d86a4e84c6bfd2e1fecfcb60,1,a7c82583dc20dc8caa7b88a98b8f3cd5,b4ffb71f0cb1b1c3d63fad021ecf93e1,2017-05-18 02:45:35,61.9,18.0
29941903985f944b0ffc49c479c1547d,1,3006b8f5b476750a03137c1b2755cea1,06e5eefc71ec47ae763c5c6f8db7064f,2017-06-02 16:25:16,169.99,7.7
29941903985f944b0ffc49c479c1547d,2,6ab41d7f15e7af9d6c7cd912055acc1a,218d46b86c1881d022bce9c68a7d4b15,2017-06-02 16:25:16,119.99,23.11
29bb5aa6d14cbab0801064aa1657b538,1,c4baedd846ed09b85f78a781b522f126,a1043bafd471dff536d0c462352beb48,2017-05-25 16:35:24,109.99,21.82
29ca95187f957e422a8474b950fdfa71,1,dc491f9f25ee589f7daee8c44672b8ee,2138ccb85b11a4ec1e37afbd1c8eda1f,2017-05-30 17:35:12,18.9,14.1
29f542c5b72c85e1983e97cf8ec21bf6,1,357a9e8a4b691ffbb0f855b23d490c4e,432c37c9dfba871172ec162e20118b8c,2017-05-18 19:02:56,33.0,30.0
2a2167222a256c1843f07d9d06fd92e6,1,b77ac7c9a13af7627089df0a46b54211,8132b9bd16876e1b0f8808d43825dd48,2017-05-11 18:30:26,77.9,21.0
2a65dd524a3b3160b9f67476c8ec40c3,1,db5efde3ad0cc579b130d71c4b2db522,7e93a43ef30c4f03f38b393420bc753a,2017-05-11 14:55:11,249.0,16.95
2a706f26985a0ee65dba057a050eac52,1,c7b3cf9de7be95b3e09e7a63315685eb,5dceca129747e92ff8ef7a997dc4f8ca,2017-05-17 04:10:24,79.9,21.05
2a845fcc04905f947eaf328adb74e528,1,d65fd7eff38689490b9831828dac8866,2138ccb85b11a4ec1e37afbd1c8eda1f,2017-05-10 17:24:24,34.9,10.96
2a84eca20d61a342eab0147df08293b6,1,be837f2e0152a208d4386f4126d5bd7c,f8db351d8c4c4c22c6835c19a46f01b0,2017-05-07 22:50:15,32.9,24.84
2a93ce7a0ff5c657ce85f7b75d26408f,1,1b930f20f389f3e3d057b9e3e85ca83d,25e47381a6c510ddeb36084e33b89f0c,2017-05-31 15:55:19,12.0,16.99
2a93ce7a0ff5c657ce85f7b75d26408f,2,c4ceee876c82b8328e9c293fa0e1989b,25e47381a6c510ddeb36084e33b89f0c,2017-05-31 15:55:19,12.0,13.21
2a93ea3d6dc877b7e20d51aa102aae6a,1,d65fd7eff38689490b9831828dac8866,2138ccb85b11a4ec1e37afbd1c8eda1f,2017-05-09 16:35:18,34.9,14.11
2aab3a740da24c9c894d61330645464d,1,5a6e53c3b4e8684b13388d6aa4afdf12,7299e27ed73d2ad986de7f7c77d919fa,2017-05-15 16:42:35,16.99,15.1
2aad3ba5eaa0bcda42cc8fec92d395a3,1,f2577870331ed710015cbfb36ce2e027,1d8dbc4f32378d715c717c1c1fc57bae,2017-05-26 15:30:20,110.0,18.02
2ac8de6b0905ecba2257dd9c59282d0a,1,0776155007ad20447a0b0f91d4aad644,e9779976487b77c6d4ac45f75ec7afe9,2017-05-11 13:30:20,17.0,14.52
2aceefa8498a058bac3f46c6336e744c,1,af322f53ac46d23069c8ce5a98632cd7,827f8f69dfa529c561901c4f2e0f332f,2017-05-18 20:15:13,29.9,14.1
2adae2975261ded781005e7da274f22d,1,2b4609f8948be18874494203496bc318,cc419e0650a3c5ba77189a1882b7556a,2017-05-11 20:30:12,89.99,21.08
2aef043f46add78feb545aa658c06d3d,1,08574b074924071f4e201e151b152b4e,001cca7ae9ae17fb1caed9dfb1094831,2017-06-01 02:35:33,89.0,34.99
2b0451c2565c2a5b746a0871790bb48d,1,99a4788cb24856965c36a24e339b6058,4a3ca9315b744ce9f8e9374361493884,2017-05-08 20:45:09,89.9,11.24
2b0ff3c2ec4265091bba2e1e5d9aa762,1,674d9e3c3964c35239687c920b19a307,2138ccb85b11a4ec1e37afbd1c8eda1f,2017-05-18 19:10:18,29.99,7.78
2b0ff3c2ec4265091bba2e1e5d9aa762,2,674d9e3c3964c35239687c920b19a307,2138ccb85b11a4ec1e37afbd1c8eda1f,2017-05-18 19:10:18,29.99,7.78
2b0ff3c2ec4265091bba2e1e5d9aa762,3,674d9e3c3964c35239687c920b19a307,2138ccb85b11a4ec1e37afbd1c8eda1f,2017-05-18 19:10:18,29.99,7.78
2b20baf94a095e002981091891209751,1,a35c14eaa384acf7aabbbec3bd76fae6,0bae85eb84b9fb3bd773911e89288d54,2017-06-04 21:45:13,43.98,17.6
2b26d4ec0d12960a923e757112cf1f29,1,db1e6fed56643b852af3132d255d9ddc,da8622b14eb17ae2831f4ac5b9dab84a,2017-06-02 14:30:26,244.9,51.37
2b2c36c568fe24e69258fa168462fa00,1,f63623e4b513b69f115a2b34b9667938,128639473a139ac0f3e5f5ade55873a5,2017-06-02 15:22:37,11.9,15.1
2b4c32b76a976360b6260712b8765761,1,00e41fb1706dc56cc3bbdd2c1d6df362,cca3071e3e9bb7d12640c9fbe2301306,2017-05-22 18:35:14,24.9,11.85
2b59656fdff6d982bd2a0a2b257a4562,1,817e1c2d22418c36386406ccacfa53e8,624f4ece8da4aafb77699233d480f8ef,2017-05-18 12:14:53,189.0,17.03
2b669d60912d3d0f9ab639002e8883f0,1,c403e106353e1aa40efe783ecb39ed7a,d2374cbcbb3ca4ab1086534108cc3ab7,2017-06-04 21:35:12,38.9,15.1
2b669d60912d3d0f9ab639002e8883f0,2,9fc98e39f04be8e382d8aa5e259f5489,d2374cbcbb3ca4ab1086534108cc3ab7,2017-06-04 21:35:12,47.9,15.1
2b79deb9a99d3d4dfecbf19beb6d2847,1,24a8def3ef6e6ee8fcaabfa6e0e9f6be,a4b6b9b992b46e9ef863637af96e04bc,2017-06-05 04:25:16,179.0,22.05
2b7c0e3fb7de6dc7f388783e33800777,1,24cdea192c5e345910d4fda8580576bd,2b3e4a2a3ea8e01938cabda2a3e5cc79,2017-06-05 19:50:07,145.99,21.82
2b919216a8b67751994934b49ac9b750,1,bb90206fa281c20f0b4c42a2393b54dd,9c0e69c7bf2619675bbadf47b43f655a,2017-05-15 09:43:09,219.9,13.88
2bd0f8bf1cb2f7cd2197525cc1a0b03b,1,7fb04722aba7a2b632bac8f9819796f3,f3b80352b986ab4d1057a4b724be19d0,2017-05-11 18:45:18,99.0,19.93
2bd50f23991e78268a92afaf29d6e459,1,5411e9269501a870cabf632f05655131,3d871de0142ce09b7081e2b9d1733cb1,2017-05-28 21:15:08,99.0,29.09
2bd6b3624f76c45ee232f01f7fe6fb7f,1,7ace8e994998f636a12d3cdc71c6b942,897060da8b9a21f655304d50fd935913,2017-05-11 11:50:17,29.9,14.52
2c274f7060d339f907c2388d08f166d6,1,1aa2ed670a95e9f475723707a7c3f386,a3e9a2c700480d9bb01fba070ba80a0e,2017-05-31 21:41:57,40.0,11.56
2c274f7060d339f907c2388d08f166d6,2,5bf57bdef224b9486b45ebba37ec6191,a3e9a2c700480d9bb01fba070ba80a0e,2017-05-31 21:41:57,62.0,26.96
2c2aee01af5e98a463c29e726ba3a272,1,31a2f42a87890f87d77daebdfabc182e,4c03b9dd4c11ee2cb35c96c49efc9420,2017-05-18 11:55:23,129.9,16.67
2c5835a7e64d6b55172fcb3d3e6cc811,1,5440e1ed49a1153d573b1543dd10d95e,620c87c171fb2a6dd6e8bb4dec959fc6,2017-05-30 03:03:01,159.9,15.87
2c6d7710827b473b87550d228500098d,1,761a7d7da15ca2d6f0aaf29e22bd1479,134a288e7de827ec5ec62e3ec9c3a295,2017-05-08 13:05:26,88.5,11.23
2c6df2cdea838bd21bc2dc78dac3029b,1,50d77758742285ff49f340ebdf0df5a7,d91fb3b7d041e83b64a00a3edfb37e4f,2017-05-21 22:10:21,26.0,16.11
2c873905af0c5322bd6977727e79d8e2,1,65d1e9d7432a5bdb5456b22f91747ab3,bd0389da23d89b726abf911cccc54596,2017-05-17 08:15:12,79.9,25.84
2c88a17cb7d3d34bc0d68ff242ba2316,1,eb005badd08b68a6361449b18b6e13bb,a36b125ac6d5fdbc7f50de85c9157bdc,2017-06-01 13:45:10,44.99,25.63
2c9dc43931bd73d816deb0582edff245,1,196616257eff8bc851dc4fc041cbbbe9,701938c450705b8ae65fc923b70f35c7,2017-05-24 02:15:34,103.97,45.19
2c9dc43931bd73d816deb0582edff245,2,196616257eff8bc851dc4fc041cbbbe9,701938c450705b8ae65fc923b70f35c7,2017-05-24 02:15:34,103.97,45.19
2cce76800d1714350808d3b4c0a48d58,1,8fd4a0aecf57598dcdc75d1520069acf,fe2032dab1a61af8794248c8196565c9,2017-05-26 16:50:17,179.0,15.0
2ce78bb2c1b4f43ed4cbdb05d6c87907,1,44a34214a57dc373dcd80f54c919d006,7008613ea464bad5cb9b83456e1e6a8f,2017-05-24 15:22:46,29.5,16.79
2ceb6637c42b2ccc41b9949f731f995f,1,ac6c3623068f30de03045865e4e10089,df560393f3a51e74553ab94004ba5c87,2017-06-01 08:02:48,199.9,20.64
2cf8310e7bc2b7b41f5179aab91407cc,1,e256d05115f9eb3766f3ab752132a4e2,9c0e69c7bf2619675bbadf47b43f655a,2017-05-12 17:42:03,349.0,18.2
2d08fef3d5af150cd56996814ad895d1,1,8aa6223e400af9c97b07c75993142721,1f9ab4708f3056ede07124aad39a2554,2017-05-18 02:55:13,219.99,40.53
2d1127e130b6702121a35862a2840d3e,1,7fab1a1472fdd934397068931f63f3ca,3d871de0142ce09b7081e2b9d1733cb1,2017-05-17 04:10:13,68.0,15.23
2d1532a0e5de7237f34903019cf8f3d3,1,6b7739f782cb37f71cc80e8151ebd6ac,dd533b429f380718b70ad9922c294bae,2017-05-11 21:45:16,19.9,17.6
2d5a9031ce30f2732d18bb3722b887a4,1,9048cbd294fe0c1a3ec8c8248bc2cadd,6d66611d7c44cc30ce351abc49a68421,2017-05-26 14:50:07,69.9,17.74
2d5f1dc93c565d00ce25e43b11b48596,1,b667e64d366991432e4c9c45ec4d6d1a,751bdc4d83a466c7206cd42e8f426b03,2017-05-24 11:45:23,79.99,7.81
2d846c03073b1a424c1be1a77f532dad,1,18f0c077dff7331d813fd82f7dd05a6e,b2ba3715d723d245138f291a6fe42594,2017-05-18 02:45:22,19.9,7.78
2d858f451373b04fb5c984a1cc2defaf,1,30b5b5635a79548a48d04162d971848f,f9bbdd976532d50b7816d285a22bd01e,2017-06-04 23:30:16,179.0,15.0
2dad641c35a02f34b17ed17a7e2c1d0b,1,f264c1d9b20b5e4a340254d0405e613b,7a67c85e85bb2ce8582c35f2203ad736,2017-06-07 03:50:23,69.99,17.74
2db1b946263ea358e693eb2aea38f157,1,2ac71e1960d313613f4f4cd468c602cb,4d6d651bd7684af3fffabd5f08d12e5a,2017-05-24 13:10:12,69.9,34.29
2db959b538f9d43d4e42321f2c1bf61d,1,af51d485dc5255ba2e18b21b550156e6,5dceca129747e92ff8ef7a997dc4f8ca,2017-05-25 13:42:26,259.9,86.98
2dbb2d54315778065c399a7e83002a57,1,9549dccca71c7bb806cd4acf82c456b5,70a12e78e608ac31179aea7f8422044b,2017-05-11 22:25:12,52.5,11.87
2de6a60c0b5386778d202e28d688553c,1,a4d8f727f92014da5dd64116af14634c,63ffcb71394dd8ea3872ed9ffda17c74,2017-05-18 10:35:17,25.0,16.6
2def1756e81beef63b300f1bcfef83e2,1,6eb6c5cb7df0f863538b61a47fcce962,fe2032dab1a61af8794248c8196565c9,2017-06-05 10:30:17,139.9,12.48
2dfa3eb9e7a26639147be1d3dd5a26d9,1,7a3bc1b5f3ad201ecd5d03d51d34bedd,7e1fb0a3ebfb01ffb3a7dae98bf3238d,2017-05-15 09:45:31,420.0,17.69
2e0238ae6a7887fa19d5b34a3f932d8d,1,c4d3198d226d8fd420177364aadbe331,82bd0703a4aefd6b599e5bfdaed378fb,2017-05-28 23:02:54,33.9,15.1
2e1071b4baf7fcace9e44057dbc32fbd,1,5a6e53c3b4e8684b13388d6aa4afdf12,7299e27ed73d2ad986de7f7c77d919fa,2017-05-05 18:05:38,16.99,10.96
2e180902a7c09965877711c287097421,1,d97f2d7642b06661e99578b3455f5d58,f8db351d8c4c4c22c6835c19a46f01b0,2017-06-06 13:10:52,25.9,15.1
2e180902a7c09965877711c287097421,2,d97f2d7642b06661e99578b3455f5d58,f8db351d8c4c4c22c6835c19a46f01b0,2017-06-06 13:10:52,25.9,15.1
2e180902a7c09965877711c287097421,3,d97f2d7642b06661e99578b3455f5d58,f8db351d8c4c4c22c6835c19a46f01b0,2017-06-06 13:10:52,25.9,15.1
2e1b074e37ffb5219c44ca05f75ab8a5,1,525ed7c8184ab92cf223f5cf3aa85bf3,515d781150feed28a6ac091bb0e3cb8c,2017-05-22 15:35:13,161.99,23.0
2e59e4db9ac621c946e8451c300f1317,1,100c85a71d709c9f00d0381b88853c35,d20b021d3efdf267a402c402a48ea64b,2017-05-23 11:42:27,79.99,13.58
2e5dd9e8e3633461dfc2c443001e2623,1,09cd1c07b1920158011ed5247fa5a65b,7e93a43ef30c4f03f38b393420bc753a,2017-05-24 09:45:13,665.56,18.41
2e66dd346593941760c467271183f53c,1,b30bd2570ba0ad3ce06e785a7b23d544,4a3ca9315b744ce9f8e9374361493884,2017-05-25 19:03:05,50.4,15.1
2e66dd346593941760c467271183f53c,2,b30bd2570ba0ad3ce06e785a7b23d544,4a3ca9315b744ce9f8e9374361493884,2017-05-25 19:03:05,50.4,15.1
2e6ca1196243627f2157c673a686ba36,1,2f774e2a255ff8cdb3e0f8568c969dc4,d1c281d3ae149232351cd8c8cc885f0d,2017-05-29 01:05:34,114.99,17.51
2e7f50a8fb8e08f64107c829ddf4ba84,1,34d6306314a47fe15c1efdbc23302020,229c3efbfb0ea2058de4ccdfbc3d784a,2017-05-22 09:35:15,69.0,14.23
2e90d155b85776a842b3b1c59aa4b340,1,4cef9b930282f9210124c6b2ee2b945d,85d9eb9ddc5d00ca9336a2219c97bb13,2017-05-11 19:22:04,25.9,21.15
2e9218017514abac32bb20f975e15ecd,1,f7e0fa615b386bc9a8b9eb52bc1fff76,87142160b41353c4e5fca2360caf6f92,2017-05-30 21:25:08,89.9,17.91
2e9247e7cf0c983200999ffee09f6e70,1,8c5876b1c7768217964f353bc7e64393,0db783cfcd3b73998abc6e10e59a102f,2017-05-23 16:35:09,49.0,15.1
2e9a694ad185420c2ac7461d41f35ed7,1,ebee6703e867082f455a058a8bd04092,fc906263ca5083d09dce42fe02247800,2017-05-29 15:50:23,39.0,15.79
2ea8de59b8ab0ffadb485508fae5f608,1,617186c3d97ea56c9c683a8a3974e8c1,cc419e0650a3c5ba77189a1882b7556a,2017-05-29 09:31:36,84.99,7.85
2eb5ba20812f78127f6243fa27fb40e5,1,d88d2f4938825da4771d7972d76c5da7,2f09f7d37a97956d11cc1a7cadd5262b,2017-06-07 07:02:46,180.0,72.61
2ec2bf93089bad17f6951b34c3763928,1,6e1b14d3cbb5fb3a2c00351007127dfd,7a67c85e85bb2ce8582c35f2203ad736,2017-05-11 17:45:18,219.99,12.74
2ec89189369ca4f4e76799f715c1c6d1,1,dd61e943598eec72351633dd6a72d5dc,cc419e0650a3c5ba77189a1882b7556a,2017-06-01 01:25:31,79.99,7.81
2ec97dfd085ac4fe7b1fa12819d9a36c,1,e27c4dd075a521097a085bced0631ce7,701938c450705b8ae65fc923b70f35c7,2017-05-12 13:42:16,103.97,45.19
2ecf490b77cadc218f299cd6678277c8,1,0ef97c3cdccb448931cb0f778af3584c,78c99c6dff4eeae5be99bf635ed21e3f,2017-05-30 19:15:23,129.9,34.27
2ee76a4a1d729880a350fcda807b492b,1,68a058d125ba1544e726898f0b8c0523,7c67e1448b00f6e969d365cea6b010ab,2017-05-19 06:50:08,129.99,11.52
2eeb4bc46c835dd71feabd29e503b3a7,1,7d854ab97c64ef9df2bbfaf332765786,aac29b1b99776be73c3049939652091d,2017-05-11 17:35:08,59.9,19.66
2ef077f0887173cd2d434c424d15fa21,1,8307d6d6781b40a6b3b4c222da56f274,b5e3e38609125694d2ea2417522a60b7,2017-05-05 15:15:18,109.99,16.47
2eff66aa79a98f80268d0632d8b0c6e1,1,40a75445dcf4958b8c9b3dac6898094b,c3cfdc648177fdbbbb35635a37472c53,2017-05-22 17:42:12,65.9,16.22
2f01a66f78b2de411ae9a3ca2eb73c2e,1,517dd1c1cda3892f83d386dcf9a4e9b7,b92e3c8f9738272ff7c59e111e108d7c,2017-06-05 02:25:10,59.9,14.15
2f124d00fd77d40d0847e9c97db27ce0,1,c5a00e7e34e45fe4c79a38d102248b48,70a12e78e608ac31179aea7f8422044b,2017-05-11 13:30:21,98.0,21.14
2f16a08a008440d69c339763a4024226,1,4e5696c21b0c174738e7929b147b7126,d9442042130b7fe579d1295f9f4a248f,2017-05-11 21:10:14,39.9,15.28
2f246ee329fce6932458bc7a10625d2a,1,060109450b2f49e4d5c4fdfd3d8ebc34,f8db351d8c4c4c22c6835c19a46f01b0,2017-06-01 18:45:10,24.9,16.79
2f2515a56e37c1a0693812cc6c009f0a,1,5440e1ed49a1153d573b1543dd10d95e,620c87c171fb2a6dd6e8bb4dec959fc6,2017-05-29 10:30:25,159.9,15.87
2f2515a56e37c1a0693812cc6c009f0a,2,5440e1ed49a1153d573b1543dd10d95e,620c87c171fb2a6dd6e8bb4dec959fc6,2017-05-29 10:30:25,159.9,15.87
2f2ccd40795675eff302804c7cbe24b9,1,dc2cab354de46ca82b8cf4cb24e16614,7c67e1448b00f6e969d365cea6b010ab,2017-05-24 13:10:47,126.99,30.73
2f3eedb1154600a40d3529dd83441775,1,de9305867467640bebc680708d43f27a,87b740daf17b5d1be335a64164ec6842,2017-05-18 20:45:11,1299.99,58.76
2f48ebdc1794aeb862ea825214ef13b4,1,22d371a03788bba3e56df85011a9e392,4e922959ae960d389249c378d1c939f5,2017-05-18 13:10:28,59.95,15.17
2f4f4e713ba94c2880bd26d5adb142e1,1,03e1c946c0ddfc58724ff262aef08dff,98dac6635aee4995d501a3972e047414,2017-06-05 10:05:20,20.7,16.79
2f54d4ac9b0df5774cfa7c1250c4750a,1,ab9cf155f8280c3739b09fe341a185e8,92eb0f42c21942b6552362b9b114707d,2017-05-15 23:22:28,13.98,14.1
2f5e0cdd8a9e16411337f432e62c1d0d,1,0dce093fc7ec4dec214256df878e3c08,6560211a19b47992c3666cc44a7e94c0,2017-05-15 09:42:57,145.0,17.45
2f6e1ce2926b6a1f5f9ea11d94b58cb0,1,f775e44f7a8609df5fc7a00faa8b458e,7142540dd4c91e2237acb7e911c4eba2,2017-06-09 13:10:23,71.82,13.52
2f7427d25f9d7b23677de76f04079e0e,1,ab9cf155f8280c3739b09fe341a185e8,92eb0f42c21942b6552362b9b114707d,2017-05-11 16:45:20,13.98,14.1
2f763c623e85177077b5a4ee2d3cced5,1,530989bc6eff4420c49a84214ab1eb51,eebb3372362aa9a46975164bed19a7e7,2017-05-23 16:02:33,73.99,15.27
2f763c623e85177077b5a4ee2d3cced5,2,530989bc6eff4420c49a84214ab1eb51,eebb3372362aa9a46975164bed19a7e7,2017-05-23 16:02:33,73.99,15.27
2f7b0831a3de1c86dfc528f200d7332e,1,bbaef2eadf31fe3ea6702077398be06c,cc419e0650a3c5ba77189a1882b7556a,2017-05-30 22:42:58,56.99,14.15
2f7b0831a3de1c86dfc528f200d7332e,2,bbaef2eadf31fe3ea6702077398be06c,cc419e0650a3c5ba77189a1882b7556a,2017-05-30 22:42:58,56.99,14.15
2f8efac9068ded7f96cea13ecf271dd7,1,61f1894bca50fa7898bae067ef40bfb7,6560211a19b47992c3666cc44a7e94c0,2017-06-02 20:30:17,65.0,7.78
2fa7634ce48dabd9f75b76ab8c55a9b6,1,bbaef2eadf31fe3ea6702077398be06c,cc419e0650a3c5ba77189a1882b7556a,2017-05-23 20:30:19,56.99,17.68
2fe9c43306d90b933dc4efadb0f852ff,1,cc971e0365873137b8bef2ebad633e6f,7a67c85e85bb2ce8582c35f2203ad736,2017-05-29 17:15:18,229.99,18.86
2ff94b5adbd4735e19153ea5bcaf8ebe,1,f2af004352a06a99dca765596240cbc3,f4aba7c0bca51484c30ab7bdc34bcdd1,2017-05-11 18:50:19,44.9,7.78
300acffc653419f09eea9de45afa0460,1,c47d256557f7fa30144ecea5722eebc2,3d871de0142ce09b7081e2b9d1733cb1,2017-05-10 21:45:15,89.0,24.55
3010634b05f5caa199440db6b0b32da4,1,afbb03a707e22e86468c550a1666def3,a0415d9b25ede3c4b1e477e9916ffc03,2017-05-11 15:50:15,169.9,18.62
3020672893fa4aa5b9a077aef902851e,1,50d77758742285ff49f340ebdf0df5a7,d91fb3b7d041e83b64a00a3edfb37e4f,2017-05-21 22:10:18,26.0,16.11
307593389c72a7dc51e1c7a57565a0b3,1,99a4788cb24856965c36a24e339b6058,4a3ca9315b744ce9f8e9374361493884,2017-05-19 15:35:16,89.9,15.38
3081ddf6e7c6afa4e4124e7882486fcd,1,bb09e8007aff97a9452967b19430cf53,53e4c6e0f4312d4d2107a8c9cddf45cd,2017-06-07 11:45:18,83.0,16.34
3081ddf6e7c6afa4e4124e7882486fcd,2,bb09e8007aff97a9452967b19430cf53,53e4c6e0f4312d4d2107a8c9cddf45cd,2017-06-07 11:45:18,83.0,16.34
308a27c02747a7b997944034c014302d,1,062619359d5f9a664606cb2a6ccb477a,b1fecf4da1fa2689bccffa0121953643,2017-05-09 15:30:11,121.99,17.28
309378cec0942c01685b652408b9aed8,1,cb74508159c5743a4fd58445a3038a95,0eaa7e33d73809f1f925f7d07c506cbd,2017-05-31 17:35:15,139.0,9.79
3099fa1da8ddf6f98c8a917af87540c5,1,5a6e53c3b4e8684b13388d6aa4afdf12,7299e27ed73d2ad986de7f7c77d919fa,2017-05-22 16:10:07,16.99,16.79
30ac8b8782654d77789e93e42462fea2,1,f908d3bf313a1308bfb2a46ea2685347,25e6ffe976bd75618accfe16cefcbd0d,2017-05-05 18:50:17,35.0,14.11
30b7a7da48765c0f01627fe593e88358,1,fd220f6fd5a3f13ef9db07428f9c935d,a3a38f4affed601eb87a97788c949667,2017-05-29 08:22:48,79.9,17.0
30cb9807736cf9827533cf34b10969d8,1,fe59a1e006df3ac42bf0ceb876d70969,25c5c91f63607446a97b143d2d535d31,2017-05-25 20:02:23,809.1,40.18
30cb9807736cf9827533cf34b10969d8,2,fe59a1e006df3ac42bf0ceb876d70969,25c5c91f63607446a97b143d2d535d31,2017-05-25 20:02:23,809.1,40.18
30eefcc39df18702a6f28ff1a98a0a61,1,e7c8819338fc9a87e81ea2d90898f612,eeb6de78f79159600292e314a77cbd18,2017-05-26 15:55:19,449.0,45.55
31069757739ee9a464caa583f8c98fbf,1,75b1325940492d3513fd4f50897b1bf9,cca3071e3e9bb7d12640c9fbe2301306,2017-05-31 04:22:44,59.9,15.17
31282ee0054022835d9fcedb4efaee01,1,f045db2493d42bb131ef8e37c3aef061,dd2bdf855a9172734fbc3744021ae9b9,2017-05-29 14:22:53,259.9,12.43
314232aa66620ef1a3b49d362d3e0866,1,5f47bed9e5b0a01f44ce1ae93da98e70,dc4a0fc896dc34b0d5bfec8438291c80,2017-06-02 03:25:35,44.5,11.85
3163a067949a10a752bec5cca69511b2,1,36174802c8879b643cefc0511e7f06ed,01cf7e3d21494c41fb86034f2e714fa1,2017-05-10 15:55:20,257.19,95.78
3168c019f59ebcfa516b31feb623fc53,1,62d8daeee0db3a60c234c2d1bfd10651,d2374cbcbb3ca4ab1086534108cc3ab7,2017-06-01 12:33:08,24.9,11.85
318034c29181efd4952394fd0892c3dc,1,30a70759c34dd4a29c5596778a0eb116,17e34d8224d27a541263c4c64b11a56b,2017-05-10 09:15:17,308.99,12.77
3186f9e3ece60a4d50fc4dc7ea8ee6e8,1,88de5a4c9a8190df7f9b4a5b4f3f68cd,e067ad2c1c0b48758eb1b5228bcf7a68,2017-06-08 12:10:23,19.5,15.1
3198796f14214053998f8f2eca1c9c59,1,a3ceb95649a48c0c54ae4bd1dd66d035,6c177e38df6d3f34182b1f1d427231bf,2017-06-05 09:22:33,130.0,42.94
3198a007090c3a630beb0fe82d14a0c6,1,cd0c6e2f80f5a0ea7e366b01bcb66154,db4350fd57ae30082dec7acbaacc17f9,2017-05-31 02:50:19,16.99,15.1
319bc0c166b503154f66246b54a1751c,1,3275f9e184aa1d82aa1e2517017bda63,85d9eb9ddc5d00ca9336a2219c97bb13,2017-05-11 02:15:28,27.9,16.05
31afbc557a75e6fa50e0a81391004fb7,1,9f94fe66050fae9e9351d5c83f4667c8,8cbac7e12637ed9cffa18c7875207478,2017-05-19 16:22:42,20.79,16.11
31b422e702720f306ecb8c6d4ec2ee06,1,960a5bc8efefeecedab46b41324591df,8a32e327fe2c1b3511609d81aaf9f042,2017-05-08 19:35:16,69.99,16.74
31d088e504f8c5f70f6b429451511680,1,a50acd33ba7a8da8e9db65094fa990a4,8581055ce74af1daba164fdbd55a40de,2017-05-09 15:22:46,117.3,22.29
31f49b876b40d899bdb6c403b4d2b20b,1,43f88c8353708451babf9bcdd1fda92a,cab85505710c7cb9b720bceb52b01cee,2017-05-15 09:50:18,49.9,7.78
320e6748fc08ae549af6b07874fe6149,1,2d2fbde9939c282238dc0847b04c5018,ce27a3cc3c8cc1ea79d11e561e9bebb6,2017-05-22 14:55:13,52.0,14.1
32227aa032d4d26f76e2d1b47fa3014f,1,afbe1e973aefbf72a330e3bc72d4b476,4a3ca9315b744ce9f8e9374361493884,2017-05-25 15:35:16,68.9,16.24
3237b9aee8b9f159aab615eac7b4038b,1,24a8def3ef6e6ee8fcaabfa6e0e9f6be,a4b6b9b992b46e9ef863637af96e04bc,2017-05-22 03:30:41,179.0,18.53
32386e3cef2cb1882324612240a96cad,1,4ae634441e444ca4bc85903cafe98d73,92eb0f42c21942b6552362b9b114707d,2017-05-31 22:02:13,11.99,17.63
32638fbca8d1a197e649fd5138e12049,1,d487634085fb3d1a632265c1e3de08c1,582d4f8675b945722eda7c0cb61ba4c7,2017-05-30 17:10:16,22.9,8.4
32638fbca8d1a197e649fd5138e12049,2,c261f239575a146a38e4d4c72b58f403,b1aaae6b66ad3c40f54b389d7ea4bee0,2017-05-30 17:10:16,93.5,59.28
32638fbca8d1a197e649fd5138e12049,3,4c6da5fa882447ab7e8d0fb767f8aa99,b1aaae6b66ad3c40f54b389d7ea4bee0,2017-05-30 17:10:16,93.5,59.28
3263ce99ba29ddb2a3a4133210581dce,1,98b22c1129886cbd7fcae69d1c93e442,da8622b14eb17ae2831f4ac5b9dab84a,2017-06-09 15:55:14,89.9,13.58
326c29ec5b89834b17aea7d85302fd70,1,99a4788cb24856965c36a24e339b6058,4a3ca9315b744ce9f8e9374361493884,2017-06-01 02:50:25,89.9,12.13
327cce1fcc02fedef63c30dbde323402,1,c413fa08b405af6edb9d49e85e241c08,b76dba6c951ab00dc4edf0a1aa88037e,2017-05-11 02:23:05,12.97,24.84
329eb66ed3125473bd5c70dc291b2621,1,03c1fa561b6e1d70f9fa22ab1f08c762,cca3071e3e9bb7d12640c9fbe2301306,2017-06-06 20:30:20,284.9,34.44
32d2334fd92758d51bd693badb2bc91a,1,3b9e62775f31381472828246e899ee22,70a12e78e608ac31179aea7f8422044b,2017-05-19 03:05:25,160.0,21.61
32db4da13d5f0ad10781de19e0973e88,1,91b08d34d0ba4db44da2dc382867ba49,b76dba6c951ab00dc4edf0a1aa88037e,2017-05-19 11:15:17,10.99,11.85
32e132ee5e808c1933c32c3c9ec17361,1,466d263ce8b7bd275003ee2104428127,ef506c96320abeedfb894c34db06f478,2017-05-11 07:55:14,25.99,20.4
32ef0e6f75975bbd710fb93a083fd58f,1,689b01074243aeee72049c8da42d2e22,3d871de0142ce09b7081e2b9d1733cb1,2017-06-05 22:50:16,68.0,15.23
330003e600912f03d0036088e5eadf64,1,911cfb37438b7fa9ad54535990178868,f8db351d8c4c4c22c6835c19a46f01b0,2017-05-11 02:15:16,47.9,14.52
3304c0c857a9c77a201a551f5a3cacb8,1,7bbc646134de228a74392d8407d16df8,ddd51ae8cda92f3995a51fc0f0f3eec7,2017-05-10 13:10:46,34.9,9.34
3304c0c857a9c77a201a551f5a3cacb8,2,7bbc646134de228a74392d8407d16df8,ddd51ae8cda92f3995a51fc0f0f3eec7,2017-05-10 13:10:46,34.9,9.34
3304c0c857a9c77a201a551f5a3cacb8,3,7bbc646134de228a74392d8407d16df8,ddd51ae8cda92f3995a51fc0f0f3eec7,2017-05-10 13:10:46,34.9,9.34
3304c0c857a9c77a201a551f5a3cacb8,4,7bbc646134de228a74392d8407d16df8,ddd51ae8cda92f3995a51fc0f0f3eec7,2017-05-10 13:10:46,34.9,9.34
3304c0c857a9c77a201a551f5a3cacb8,5,7bbc646134de228a74392d8407d16df8,ddd51ae8cda92f3995a51fc0f0f3eec7,2017-05-10 13:10:46,34.9,9.34
3304c0c857a9c77a201a551f5a3cacb8,6,7bbc646134de228a74392d8407d16df8,ddd51ae8cda92f3995a51fc0f0f3eec7,2017-05-10 13:10:46,34.9,9.34
331c75dfc5adf446e9a86283adf9462d,1,ec2f95440d5e5376e3a25c8106f5ba76,b2ba3715d723d245138f291a6fe42594,2017-05-31 02:50:15,179.9,8.51
33299417d8206e70805c48ec081eeaf1,1,9847d08b81ab75c5bdaf6823c7fe00b2,0c8380b62e38e8a1e6adbeba7eb9688c,2017-05-19 10:42:57,44.5,16.11
332bbeb5cdd458723fa3565220c997ab,1,870bcc6c58e03ca658cfdd13db4bbe28,5bffbafbb22daf6d3bfc216a46db8708,2017-05-25 10:35:24,144.99,15.76
333e7a046c4e6cc445f3178043b57039,1,c82cf18016c429035d415a45a1546652,75fbb52eda0cbc24f479d3b2fbfa8d3e,2017-05-14 23:35:20,19.9,17.63
334062cc253eacbccdb7825335f7b815,1,edc388b2ba34de112c918ddcd465f5e9,2138ccb85b11a4ec1e37afbd1c8eda1f,2017-05-09 16:02:50,39.99,17.78
334decd7ef04da2ca241d7d049383f5c,1,447540e8fcd91fc4f9b1587aed39882c,0c8380b62e38e8a1e6adbeba7eb9688c,2017-05-29 04:22:35,44.9,16.11
335f7b1126543ca03f8bd08b7f78c5e5,1,eaf3ca98b28c4329251a46380c8473c5,aba1721a889e04decc910aa13b768ef4,2017-06-05 05:02:31,185.0,22.09
336c5ff2dbd044a07a070f20db7f0316,1,777d2e438a1b645f3aec9bd57e92672c,4a3ca9315b744ce9f8e9374361493884,2017-06-08 04:23:18,69.9,16.25
338a7b69743165d5878ec8d45af93f48,1,3bbacbe586e957acbf26c63b3ed532a3,729f06993dac8e860d4f02d7088ca48a,2017-05-05 15:45:12,144.9,21.09
33ab2dc79c51648bd7787cdf4d64f656,1,404a57563d487aecbc2b1a01d9b89aab,4a3ca9315b744ce9f8e9374361493884,2017-05-29 19:30:17,220.0,13.04
33df60e3cdba3ece1009971fb2642792,1,e236a6527b89f3e6dacab326f7a33fd9,c3867b4666c7d76867627c2f7fb22e21,2017-05-24 13:11:25,150.0,13.39
33f54eb5a5aba085c0d70b2664b6926f,1,d26580768894ea0cdc9f19dc672956c2,d50d79cb34e38265a8649c383dcffd48,2017-05-15 09:42:58,169.99,17.64
34080c138f92d6ea70448a0403b25d00,1,0efc91aa52d1f0669126d3000a94279b,d1c281d3ae149232351cd8c8cc885f0d,2017-05-15 21:02:48,109.99,21.26
341448499e2f0a320da3acdac898c218,1,d5991653e037ccb7af6ed7d94246b249,25c5c91f63607446a97b143d2d535d31,2017-06-05 02:23:18,175.9,18.48
341448499e2f0a320da3acdac898c218,2,d5991653e037ccb7af6ed7d94246b249,25c5c91f63607446a97b143d2d535d31,2017-06-05 02:23:18,175.9,18.48
341f18e07d530efb44d8dc6753c10400,1,b8316b6fcbdee6f6e8760865065dc0f5,dc4a0fc896dc34b0d5bfec8438291c80,2017-05-15 11:25:11,34.76,10.96
3445e54ffa2a770d1f93ed19c4bda26d,1,01a184b7d8422cd95e9cf2a8cff32b5e,e5a38146df062edaf55c38afa99e42dc,2017-05-11 17:22:01,119.9,17.09
345a398e91fef84fbffb9c07611c9959,1,4039e5b67d430bc9a4078e814d7fafc9,e4253cef933647000a82ff39c67b7bde,2017-05-11 23:05:13,29.0,25.63
347fd41d0f1089cc83a4fc100a95f3f8,1,b47f7c9903cbd0bed2968a1b4cd21ed6,903037660cf848a717166eb7a06d616e,2017-05-22 03:22:30,109.99,11.97
34898d392f0f57ce2cb451fe7c86f555,1,dceb3f67aef3484498a7caa4ba50f484,2fdde51ad3e12f297da656d4fbd5d0b5,2017-05-16 15:50:31,449.0,57.77
3497aadef2eac5ac0ae7f3a3aec00930,1,ebf19d90623587fde1eff2a222d8b177,bfd27a966d91cfaafdb25d076585f0da,2017-05-16 17:15:18,89.0,12.01
34a0185eb0d4d88d2ad9af1bd62d6a45,1,9ee8c8a931dd4d34148aa31f54ee93c1,f8db351d8c4c4c22c6835c19a46f01b0,2017-05-30 19:10:18,129.9,18.16
34a0185eb0d4d88d2ad9af1bd62d6a45,2,9ee8c8a931dd4d34148aa31f54ee93c1,f8db351d8c4c4c22c6835c19a46f01b0,2017-05-30 19:10:18,129.9,18.16
34a1e7e0bd6987d552a7b050ad68a314,1,3f2146831fb32311f584fd931a0d51ad,725c32fa80c2faacc4fc88450d27314e,2017-05-22 03:15:34,159.99,9.93
34b3d6f518fb789c443e4ec00f9bb0ce,1,3ea32f63a6aaf8d467e543dedf434ee7,f1c1ac3f3efc07e659c035008e615e66,2017-05-31 13:22:31,53.4,17.62
34b3d6f518fb789c443e4ec00f9bb0ce,2,3ea32f63a6aaf8d467e543dedf434ee7,f1c1ac3f3efc07e659c035008e615e66,2017-05-31 13:22:31,53.4,17.62
34b3d6f518fb789c443e4ec00f9bb0ce,3,3ea32f63a6aaf8d467e543dedf434ee7,f1c1ac3f3efc07e659c035008e615e66,2017-05-31 13:22:31,53.4,17.62
34b3d6f518fb789c443e4ec00f9bb0ce,4,3ea32f63a6aaf8d467e543dedf434ee7,f1c1ac3f3efc07e659c035008e615e66,2017-05-31 13:22:31,53.4,17.62
34b3d6f518fb789c443e4ec00f9bb0ce,5,3ea32f63a6aaf8d467e543dedf434ee7,f1c1ac3f3efc07e659c035008e615e66,2017-05-31 13:22:31,53.4,17.62
34c109afdbe68c271dced774877af8f3,1,be837f2e0152a208d4386f4126d5bd7c,f8db351d8c4c4c22c6835c19a46f01b0,2017-06-05 14:45:26,32.9,15.1
34c419515123f11b048d07c0f8e4cf4c,1,fd0731561b291a28f6a3a189e86a1107,6cd68b3ed6d59aaa9fece558ad360c0a,2017-05-11 02:22:52,109.9,14.53
34c419515123f11b048d07c0f8e4cf4c,2,fd0731561b291a28f6a3a189e86a1107,6cd68b3ed6d59aaa9fece558ad360c0a,2017-05-11 02:22:52,109.9,14.53
34cc8cb419e5e8ffe6a5090b551dbf61,1,e034c021254ff4d8da4e936e047967af,6b15924333bd1a741595fe981ea04822,2017-06-01 02:55:08,23.7,7.78
34ce7ddc1fbf9185fc40a6b30fdace6c,1,16aa6553ee2cf0a316e29f8808ab165c,17e34d8224d27a541263c4c64b11a56b,2017-05-17 13:25:38,290.99,17.8
34d2cd72aa12f6daa96cbfc1f57ebc34,1,eb0db7338f21fb5467875d41aaebe7b3,11eac105f3f90a9b87b19c89d91e24f3,2017-06-02 10:25:18,138.0,20.46
34e6b9f685df8e8b6465a715689c749f,1,4254fb9a475231dc0442038cd846a387,e7f3bf1ecd8526eb7f3b18059e6716e5,2017-05-10 10:15:20,97.4,25.17
34fa619907e44766d5119a7ac48c56de,1,c6dd917a0be2a704582055949915ab32,7a67c85e85bb2ce8582c35f2203ad736,2017-05-17 13:15:14,99.99,17.27
3501107f3edcc65b9fa34fea0691ca39,1,4c6da5fa882447ab7e8d0fb767f8aa99,b1aaae6b66ad3c40f54b389d7ea4bee0,2017-05-17 22:50:11,93.5,38.4
350aad4e4bc8240326121102708f0504,1,44a34214a57dc373dcd80f54c919d006,7008613ea464bad5cb9b83456e1e6a8f,2017-05-31 23:50:13,29.5,16.79
350aad4e4bc8240326121102708f0504,2,44a34214a57dc373dcd80f54c919d006,7008613ea464bad5cb9b83456e1e6a8f,2017-05-31 23:50:13,29.5,16.79
350aad4e4bc8240326121102708f0504,3,44a34214a57dc373dcd80f54c919d006,7008613ea464bad5cb9b83456e1e6a8f,2017-05-31 23:50:13,29.5,16.79
350aad4e4bc8240326121102708f0504,4,44a34214a57dc373dcd80f54c919d006,7008613ea464bad5cb9b83456e1e6a8f,2017-05-31 23:50:13,29.5,16.79
350aad4e4bc8240326121102708f0504,5,44a34214a57dc373dcd80f54c919d006,7008613ea464bad5cb9b83456e1e6a8f,2017-05-31 23:50:13,29.5,16.79
3513fc8efdce4afab5abc80cf24981f0,1,5d790355cbeded0cd60e25cbc4c527a2,229c3efbfb0ea2058de4ccdfbc3d784a,2017-05-11 11:30:17,97.0,16.38
354191f7dea5618706f6ca10eddd9d46,1,f20d17c5697e45b09853253384f0c583,e26901d5ab434ce92fd9b5c256820a4e,2017-05-23 18:35:16,34.9,14.1
356ea36ebe22ad07450d83d36a348270,1,6dfe5ffea29ecbbe138a4066b5ebec9b,41b39e28db005d9731d9d485a83b4c38,2017-06-05 04:25:34,79.9,40.55
357773e5b110f8f600e99720f07ac480,1,8509049c56caff468e3f35c4eefb6035,ca3bd7cd9f149df75950150d010fe4a2,2017-06-08 11:10:21,11.5,9.34
357b3e52b16c253a241494d7350a7f3d,1,98b22c1129886cbd7fcae69d1c93e442,da8622b14eb17ae2831f4ac5b9dab84a,2017-06-09 01:30:09,89.9,17.81
358001862da7e31fc81214650e2f134a,1,06c6e01186af8b98ee1fc9e01f9471e9,fc906263ca5083d09dce42fe02247800,2017-05-22 18:05:20,39.9,14.1
3584d2b8b46935e835424180bcc17702,1,bbaef2eadf31fe3ea6702077398be06c,cc419e0650a3c5ba77189a1882b7556a,2017-05-11 17:44:27,56.99,11.01
359352820ef7acbc4def738b048f2d6c,1,a6b4a230f7ca939eb68485292f8b3389,7e93a43ef30c4f03f38b393420bc753a,2017-05-10 10:35:17,1169.44,34.45
35d75af8e37e575e033ae1a48c1236ed,1,0bc26e3e8475d1df57c86c60c3304a27,ec8879960bd2221d5c32f8e12f7da711,2017-05-23 22:45:17,174.9,27.54
35dbb412511cc6e271f4d44dc8195292,1,c7db42c313bd0a455af61d77976dce18,a435b009cd956ea60748b5cfbddf2e24,2017-06-01 08:45:09,49.99,16.79
360b04a1d5ade05ad883270f2d2580de,1,79f9c6ec3a4021fc8af98efb87be2ce2,8c16d1f32a54d92897cc437244442e1b,2017-06-06 07:02:44,23.49,16.79
360d163a85ba5960c9c1f0880fcac099,1,763c99ba797c7d691e58bec3d42843bf,53e4c6e0f4312d4d2107a8c9cddf45cd,2017-05-12 13:05:12,19.99,9.34
36178f6b136947a325e303fc3637f6d0,1,f0aeff7723abbe804226f96c5b1db7ef,f8db351d8c4c4c22c6835c19a46f01b0,2017-05-15 09:45:09,20.9,15.1
362aa88dd1265e7b4ea491b5836fb5f6,1,d7324d4c913e7b424cb61675dafc8c10,6750d71153f00fc58829af2a8ef1bcf1,2017-05-23 02:10:12,2799.0,28.0
364d9bdfd849c1092558945df309c280,1,e282624d8c82e04983f125e167eb4521,2138ccb85b11a4ec1e37afbd1c8eda1f,2017-05-15 20:42:20,18.99,11.32
364d9bdfd849c1092558945df309c280,2,d952c09021388fd5b1e5f914f559fb10,2138ccb85b11a4ec1e37afbd1c8eda1f,2017-05-15 20:42:20,18.99,4.24
36530871a5e80138db53bcfd8a104d90,1,ba4bfbf74dbe7ab37e263b9326da0523,f8db351d8c4c4c22c6835c19a46f01b0,2017-05-17 11:45:14,36.9,26.89
365a8708db2878154916b372f72e17ef,1,1612209b0b37fbe80e1e8e1b7d19ca1d,87142160b41353c4e5fca2360caf6f92,2017-05-12 02:15:56,99.0,24.89
36683f777b9845c20b2721501c1e67dc,1,b2b938c46aafdbf702d73e7edb9cb263,f8db351d8c4c4c22c6835c19a46f01b0,2017-06-04 21:55:18,22.9,15.1
36683f777b9845c20b2721501c1e67dc,2,def59eb2e17b32b980b5341984f6b500,f8db351d8c4c4c22c6835c19a46f01b0,2017-06-04 21:55:18,22.9,15.1
367733070da9a9f5f70e9a9cceb99ea3,1,7932fcce65e2aee84d6feb4a288f9cb9,1e483cc5c76fef08d3ca05f9a8af7d01,2017-05-23 02:15:16,5.9,7.78
369b845bc7aec357372149df304bd341,1,154e7e31ebfa092203795c972e5804a6,cc419e0650a3c5ba77189a1882b7556a,2017-05-10 18:15:06,19.99,14.52
36acd0e7abb8ba0ac7fba360e09c5451,1,f25b4b41194b370120c42e1b19bd2a8a,41b39e28db005d9731d9d485a83b4c38,2017-06-16 17:35:09,144.9,8.27
36c5444b254b4f1810d3ece9523fca71,1,15416967b480fca6c3ceac3335e57c36,53e4c6e0f4312d4d2107a8c9cddf45cd,2017-06-02 20:30:28,47.99,11.85
36c5444b254b4f1810d3ece9523fca71,2,15416967b480fca6c3ceac3335e57c36,53e4c6e0f4312d4d2107a8c9cddf45cd,2017-06-02 20:30:28,47.99,11.85
36d14b81ecf8040d8aba489adf111a94,1,f40ef461e35cca158e568c17293fb5be,2138ccb85b11a4ec1e37afbd1c8eda1f,2017-05-09 16:15:25,18.99,24.35
36fc3a00019db8f893021f9508f695c8,1,d986e4bd747ca20b348abcd013cd1303,440dd6ab244315c632130ecfb63827b1,2017-05-05 16:50:13,154.9,30.01
3716f40c5211dc25902ffd174d8d198b,1,13ce216ee959a22dbaec66c182a1b87f,a416b6a846a11724393025641d4edd5e,2017-05-09 16:05:23,29.32,11.74
3734ef852a0ffc47fd80c97740466f68,1,e256d05115f9eb3766f3ab752132a4e2,9c0e69c7bf2619675bbadf47b43f655a,2017-05-26 16:05:21,349.0,14.78
37478cd0f9c2bb79fe9027f43f6e28c3,1,31a2f42a87890f87d77daebdfabc182e,4c03b9dd4c11ee2cb35c96c49efc9420,2017-06-07 14:22:44,149.0,13.25
3749e1bbc7bc1d318446e7c177727a01,1,1d1183a8de24782a216dc5066d7421bf,c6218512d16fcac0af02fe92691cf274,2017-05-26 15:45:15,135.0,20.44
374fa6a5abe1f7de3edd2add780eb791,1,44afebe5ba695261a126f43a4b29d814,520b493b57809f446cb0a233bb3e25c7,2017-06-05 05:05:21,92.5,17.9
378035ea5017f82d47a885f52fff9be1,1,e168af8b2f0d9319737c6a7a37904f9e,3586b8580d9c917874e053a1bb37b5ff,2017-05-19 09:43:18,18.9,14.52
37956c8c2b061c4a39b146aac4a9077d,1,ab9cf155f8280c3739b09fe341a185e8,92eb0f42c21942b6552362b9b114707d,2017-06-02 17:45:17,13.98,7.78
37a17c5250faaeed1cd077f903e08994,1,b72e2daf4a916d46eb0076071027d05b,e5a3438891c0bfdb9394643f95273d8e,2017-06-02 18:22:49,49.9,16.79
37bfe6c888db02bffd84e1b36447bfcc,1,cb26d15d1b6eabaac7c0803774245884,ccb83a794700270fde70898fe9ff368b,2017-05-11 15:02:20,966.0,67.12
37fef9185066b091254533c2192edd72,1,cf8587a915960e2a8b57c5db574239ad,7e93a43ef30c4f03f38b393420bc753a,2017-05-18 20:05:16,961.6,33.58
3854d919f4a87c320706a32387a53c86,1,eb7172d8a3c64298d2d767f6603c231e,725c32fa80c2faacc4fc88450d27314e,2017-05-23 18:45:13,44.95,14.1
3856ea28b2b7b0bfa3123457ca8fb088,1,36940188c2ad1a212b94931a08cc3c29,2138ccb85b11a4ec1e37afbd1c8eda1f,2017-05-29 14:55:21,49.99,14.1
385949d678cba16e50726d65f1743d7c,1,abe236a52dbc43e90bad00fe6d794582,6426d21aca402a131fc0a5d0960a3c90,2017-05-26 13:35:09,59.9,18.0
385bc274c4cbac59c0bb866c770588dc,1,89f055104adb9365d7f7b5c475f77742,6b15924333bd1a741595fe981ea04822,2017-05-16 12:32:00,26.9,7.78
387c2cbba26c5cfe21c60a8f2208a78d,1,f7e0fa615b386bc9a8b9eb52bc1fff76,87142160b41353c4e5fca2360caf6f92,2017-05-12 09:31:46,89.9,16.33
388a9117213936e0290e6e7d50f9fee0,1,4fcb3d9a5f4871e8362dfedbdb02b064,8581055ce74af1daba164fdbd55a40de,2017-05-10 21:15:15,143.8,17.64
3899f9456e4750aaf09953b728d50fd1,1,cdeefdce9704b2a961a01e89b1f19e7b,34d1ca11b242c0fee2c834ae8d788566,2017-05-23 03:45:34,240.35,37.0
38a467d0cbbbd3f0a4d3d61f79615b9e,1,11bbef4e2a44601d9dd471aa1fb433e6,5c243662ce92d84573bfaff24c3e3700,2017-05-09 23:22:52,339.99,12.99
38de0574ec7f3e1992532ff7b6344a7d,1,e7be44ed7d763eb6ca1fa75279ddcee9,cca3071e3e9bb7d12640c9fbe2301306,2017-05-31 23:42:32,19.9,15.1
38e3895efc70d2d46a3b967b8781368a,1,99a4788cb24856965c36a24e339b6058,4a3ca9315b744ce9f8e9374361493884,2017-05-08 16:02:15,89.9,14.8
3902c863a4cc7b325b57a420f8012a0e,1,2c2b1db11f5ec66bbc6ca9d1ce3f81a4,fa40cc5b934574b62717c68f3d678b6d,2017-05-05 10:10:17,64.9,20.57
3902c863a4cc7b325b57a420f8012a0e,2,aa280035c50ba62c746480a59045eec4,fa40cc5b934574b62717c68f3d678b6d,2017-05-05 10:10:17,39.9,10.83
3908808de1bc14e2592cbdd80fd41729,1,e54464e95c9fb80e4edefa0ba49133c1,8f119a0aee85c0c8fc534629734e94fd,2017-05-15 23:10:23,54.9,15.13
390f7b0eca6e233bfe1584c54f97c39e,1,5de871daae99423d3fcb04edcb6dd1aa,17e34d8224d27a541263c4c64b11a56b,2017-05-25 02:23:44,219.99,16.29
3937b5e90887b4a6c5e4102865c4338f,1,0ef56954a7f2e8c36b83dadad90b9cc9,855668e0971d4dfd7bef1b6a4133b41b,2017-05-26 13:50:15,14.0,7.78
3948c2f40e71b2178b6cec0916332ccd,1,887dba291adc295b57b5778ebc8b4060,98dac6635aee4995d501a3972e047414,2017-05-11 16:35:11,26.4,14.1
394df480397a29f485fe13255593a2ec,1,cf45cea95e6b4d46e80fe098eda10c8f,cc419e0650a3c5ba77189a1882b7556a,2017-05-26 02:35:11,84.99,14.34
39a5aa023bab31f72d48a166a3f5e5b4,1,8ab62f080b5f7845a01942d6a2e28779,bd0389da23d89b726abf911cccc54596,2017-06-01 18:15:17,39.9,15.79
39bffc9b7be332f527a4fcdec744156c,1,42a2c92a0979a949ca4ea89ec5c7b934,813348c996469b40f2e028d5429d3495,2017-05-17 03:55:22,59.9,16.67
39c5fa1323927c658f09038a61cca654,1,88a1223b29fac4c3abef8d1369dbbaea,5abb8ea023c77787f2c15da891c8d384,2017-05-10 02:55:32,59.0,32.71
39d1ca6f8d9875325e5f1491ee9af7e5,1,64e296f9cbda172ddde4c59be4bb1120,4bf658053d453036c70976bccb2c31b2,2017-05-24 13:05:48,899.99,59.97
39d4b3308183021b1e0b95b195b4589b,1,c4cca1d23088d10099f52159878b6686,dc8798cbf453b7e0f98745e396cc5616,2017-05-11 13:10:09,54.9,15.13
39dab0c9ea1c7c66a1a516423f50c97a,1,87283a98b24f9f1ac3a31b631073cf47,cab85505710c7cb9b720bceb52b01cee,2017-05-15 09:45:19,49.9,15.1
39e8d5883eb12c66b1d2bb1799810d05,1,bfdef2976f08b5f72e1cfa276a88f45a,2138ccb85b11a4ec1e37afbd1c8eda1f,2017-05-25 11:05:16,21.9,15.1
39f0fe1c2222cc91a2c126338ffd0a77,1,ae7799f14ab78798325fba1c61aac7d3,cca3071e3e9bb7d12640c9fbe2301306,2017-05-11 20:50:19,139.9,16.19
3a22a67fdde9c599b722069b9725a709,1,eefc762f81da3ef743a44e15590c5718,75fbb52eda0cbc24f479d3b2fbfa8d3e,2017-06-05 04:45:22,29.9,17.63
3a340d73b238bb50736793ddb808d21b,1,a0fe1efb855f3e786f0650268cd77f44,ef506c96320abeedfb894c34db06f478,2017-06-01 23:10:16,59.99,21.22
3a5271b57335b6f18985d213924b3ca0,1,b17808303e15dd50538c011b44295427,4a3ca9315b744ce9f8e9374361493884,2017-06-01 02:25:25,68.9,12.82
3a65edca4808817234bc2f2d84576af3,1,08574b074924071f4e201e151b152b4e,001cca7ae9ae17fb1caed9dfb1094831,2017-05-29 12:32:46,89.0,34.99
3a80aeee2f23cb1e2052c30a451779ee,1,83834e0b46caaf58fbceba67c0ecb843,0ea22c1cfbdc755f86b9b54b39c16043,2017-05-08 13:10:43,29.9,14.52
3a8f4157eb7bafa7d631ed3d9ac9ee0c,1,e6b6e13cf71449a457269f425b89dc74,b2ba3715d723d245138f291a6fe42594,2017-05-25 02:35:17,89.9,34.43
3ab5ea6981f6753595fe00318d111e5e,1,1d6d7be70107889e3193819aca4dc1dc,4a3ca9315b744ce9f8e9374361493884,2017-05-29 21:43:03,48.9,12.69
3ac29c0eeeb73047c1eaf402ee857939,1,d32c445df9d36f1cdfc915ed14ee44cd,b335c59ab742f751a85db9c411a86739,2017-05-23 20:42:25,73.9,19.76
3ad8a7439418603f2b86bbb37e645b93,1,ae410a493a61c3073fae7d006ba0cc8d,1b4c3a6f53068f0b6944d2d005c9fc89,2017-05-10 21:35:24,89.9,18.91
3ae5336eaaf24d7728df78a105ed61af,1,5bfc7506459ae2a7b4b573fe557a58e1,4a3ca9315b744ce9f8e9374361493884,2017-05-25 17:25:13,69.9,16.25
3aeb86934d8159af279e9e6b17c929ab,1,9e3f014cac929951c0297e591fbb234d,4da0e408c99d2fdc2126dc9fce518060,2017-05-22 11:42:39,95.9,21.16
3b0a023614a9b0c9d8f4bdbc98bd7b0c,1,99a4788cb24856965c36a24e339b6058,4a3ca9315b744ce9f8e9374361493884,2017-05-29 15:25:15,89.9,15.38
3b1bf20520476dc7b150dd52f521e525,1,095cb863f2b04911455ad33f5177062e,2059c39f76271d4ca3f15b5ffaccc8b8,2017-06-01 02:25:18,53.9,16.14
3b2b7f4a223b44cc17c481a8fe1a63b7,1,dd6a505f83dd3c6326aa9856519e0978,fa40cc5b934574b62717c68f3d678b6d,2017-05-29 22:25:18,49.9,25.63
3b36585ddf3b6ed361da77583c542a6c,1,23365beed316535b4105bd800c46670e,92eb0f42c21942b6552362b9b114707d,2017-05-18 13:15:27,17.89,14.1
3b477558dd43ca0e069be6c79321aa26,1,9ce4603565c839785b24a7e95e28f4eb,59fb871bf6f4522a87ba567b42dafecf,2017-05-12 13:02:50,119.99,13.18
3b51a2309bc5f73a379b1cd00ba5ad01,1,0cb3a271c0da633b811ac57f0c63d48d,98dac6635aee4995d501a3972e047414,2017-05-25 21:25:14,124.2,8.12
3b51a2309bc5f73a379b1cd00ba5ad01,2,0cb3a271c0da633b811ac57f0c63d48d,98dac6635aee4995d501a3972e047414,2017-05-25 21:25:14,124.2,8.12
3b6ba183ec307f2e980a01e66f596821,1,397192d59d6294262d63b01e93b3d4dd,1336efc61c316ddf92c899eb817f7cae,2017-05-18 02:55:15,119.0,36.15
3b773756d8fc59a7cd1a0c4ac584e397,1,f49f01161658f6dac1132f4dcac4b2b9,f00e21b1e91a79653163b7fd8f293ff1,2017-05-22 14:35:12,140.9,26.27
3b7a97d5bd2789c9087188dbfa105445,1,04a67e69edfb208f784da30294f69c5b,218d46b86c1881d022bce9c68a7d4b15,2017-05-26 16:02:56,182.0,10.43
3b7a97d5bd2789c9087188dbfa105445,2,76da62260c1793eadb05355edc9fd6ee,218d46b86c1881d022bce9c68a7d4b15,2017-05-26 16:02:56,308.0,21.65
3b7dd354f960fec98e64acc6cf68ab51,1,a42d9c825894f96fc6ed02610891454d,4d6d651bd7684af3fffabd5f08d12e5a,2017-05-24 02:25:53,69.9,11.99
3bb01fb597afee976918577ed7697c80,1,1fe7076c53248559454a7e1d6c1037f9,d1c281d3ae149232351cd8c8cc885f0d,2017-06-01 16:02:48,36.99,11.85
3bb01fb597afee976918577ed7697c80,2,ce003d873dc7d3c9482b894f2f2cc3e3,d1c281d3ae149232351cd8c8cc885f0d,2017-06-01 16:02:48,36.99,11.85
3bcae8a1bac5d8f94f4e2f7ae4855348,1,b81399b264f3f525f6645f98369b1868,a3a38f4affed601eb87a97788c949667,2017-06-05 14:55:18,349.0,30.84
3bd3e7a970612f2a863088c909ef42f6,1,eff955ba97941dc6837a770367d66944,1554a68530182680ad5c8b042c3ab563,2017-05-09 11:33:44,43.9,17.09
3befd8331efa9255d2e09585a7042fc3,1,7c1bd920dbdf22470b68bde975dd3ccf,cc419e0650a3c5ba77189a1882b7556a,2017-05-16 02:22:50,64.99,24.94
3bfd703ce884b8a0a65e63f2d4db6393,1,1ff1090afbb3b1a09f61f5e49f0a6cce,7e93a43ef30c4f03f38b393420bc753a,2017-05-16 17:55:19,259.99,10.01
3c060be8256385c5eab23e0f857609d8,1,cf6514025ef5d3a93d69d2a7bfa4036b,d2374cbcbb3ca4ab1086534108cc3ab7,2017-06-07 04:35:12,17.9,16.79
3c224717f735680c865cdb827b6c81bd,1,dca18a6e2fb6da75092ed874094ed7b6,5656537e588803a555b8eb41f07a944b,2017-06-07 14:05:14,31.89,16.79
3c23f03a52f26c926ec48ffa9bdd82f1,1,f422d0d9f8b5f7c27289382b14b61248,1554a68530182680ad5c8b042c3ab563,2017-06-16 03:50:19,66.99,14.2
3c26cf501fd4bd60950753e8e1495ba9,1,562f1e9b58672d3c016b72f43579d118,4a82c4af97ffc0fb2dc26bfdc03b1842,2017-06-05 19:25:17,60.0,34.22
3c35a673012104c0ceb001325c00bff4,1,ea44caac707f7f1325182a538007f838,855668e0971d4dfd7bef1b6a4133b41b,2017-05-31 04:10:20,50.0,16.6
3c3d212226b96bb33fdc655e5b7f29d9,1,abcadf3aeced9a5dd2c23cb61ca09a4c,5bffbafbb22daf6d3bfc216a46db8708,2017-05-29 03:55:24,69.99,15.24
3c4c849af792eb517f0ecda508b8b3da,1,dd1759836cc99a88be1a42bf6673abe0,fe2032dab1a61af8794248c8196565c9,2017-05-19 11:22:26,169.0,15.93
3c52e7be8ba845bcc76da9b51990e6cc,1,18e41d0c2a7cac6a8d53d3fcc13da3c4,2b3e4a2a3ea8e01938cabda2a3e5cc79,2017-05-18 02:50:22,1129.34,19.41
3c7a723fc09b996f715cfddba2377163,1,e41879396cfe504fa2e6951eb7e5a76c,abcd2cb37d46c2c8fb1bf071c859fc5b,2017-06-02 15:35:22,95.84,12.92
3c8fd86bafb15fa121edab25b6f8c096,1,1b9c9c11fdac157197ea45527ffabae2,218d46b86c1881d022bce9c68a7d4b15,2017-05-31 20:02:40,243.68,14.73
3c9009e712f443adfdc5f85fd157d09e,1,5a6e53c3b4e8684b13388d6aa4afdf12,7299e27ed73d2ad986de7f7c77d919fa,2017-05-10 13:35:23,16.99,20.8
3cc14e2cf62e0a0d4d469d77141dfac3,1,cdeefdce9704b2a961a01e89b1f19e7b,34d1ca11b242c0fee2c834ae8d788566,2017-05-24 23:35:15,240.35,19.25
3cedecb4c098aed91d062c54ece4bca4,1,007c63ae4b346920756b5adcad8095de,53e4c6e0f4312d4d2107a8c9cddf45cd,2017-05-09 12:31:10,79.99,19.26
3cedecb4c098aed91d062c54ece4bca4,2,7efd6fed8c0563a28c70b4eef35ba25d,528ce32f560edd11add4169f6a5b65be,2017-05-09 12:31:10,29.9,6.03
3d0c0f6ab268b67176fd58927a08b69b,1,0a783d7ce18a37749c3a059cf829564b,7e1fb0a3ebfb01ffb3a7dae98bf3238d,2017-05-11 11:42:23,212.0,10.96
3d12931b79aac8b5936c7845d6e997ef,1,72aa1e49a803b462fd0a83071c894e7b,4e17c65a516f69d023a2ae78b84f28d6,2017-06-07 03:02:54,165.9,9.98
3d149bdb5aeabeaa605acc0cf58f1157,1,4ebb87ba41ca446326804d0e7f8dcc93,7a67c85e85bb2ce8582c35f2203ad736,2017-06-02 17:55:14,109.99,17.02
3d565e5b4a2b7158e738fb3cb2056499,1,8384a437925520e96cb6acc65235e499,1900267e848ceeba8fa32d80c1a5f5a8,2017-06-01 19:30:17,19.5,11.85
3d5b009657b66f53072a0c50aae31aaa,1,6c0d0bb889a282484443de64903f88ac,febab0275244b9a49a623f0bd613ca2f,2017-05-09 11:33:35,28.5,15.56
3d7f13cbce981bf24fdb6f18dc1f174d,1,bbaef2eadf31fe3ea6702077398be06c,cc419e0650a3c5ba77189a1882b7556a,2017-05-12 18:55:07,56.99,14.15
3d80d12c0beadfcdcf2b4df407112f3f,1,7d08c685504c66533015d5366856da12,1da3aeb70d7989d1e6d9b0e887f97c23,2017-05-11 19:01:54,64.99,14.52
3d899cef0274e49a294ab4ee8bd2f9a1,1,331a9e69c95aad991177b0f1ef85a261,70a12e78e608ac31179aea7f8422044b,2017-05-29 21:32:42,98.0,18.26
3d9ffc9b8fda8e673afb17351d2c0ec4,1,09c3d39641970009c198caed304ccfc4,5a8e7d5003a1f221f9e1d6e411de7c23,2017-05-25 02:25:26,39.9,14.1
3dc511a6a370f41fa09b3fda8cb43185,1,cec09725da5ed01471d9a505e7389d37,4d6d651bd7684af3fffabd5f08d12e5a,2017-05-16 11:02:36,59.9,11.92
3dcb917fc27fe1beee3ddbea0fd4e9b0,1,a4e285285691cfbcc14df9e2d85bd337,45213867cefbf2cd4c6177e10216a951,2017-06-06 22:15:11,257.57,18.51
3dcca0000c916de0c956a7cf2337dfc5,1,1491a8ff192d4b5c369b0eaa2fe33ee5,37be5a7c751166fbc5f8ccba4119e043,2017-05-11 10:05:21,225.0,15.74
3dcd6dc6516ed823141649f1fee54303,1,1b06001e6b541c7e43a5a0339129a3ea,4992e76a42cb3aad7a7047e0d3d7e729,2017-06-06 13:32:07,39.9,15.11
3ddc60b196555a5b9632e7b59f655dc4,1,feba83b90adfde26a6a944dee721e573,2709af9587499e95e803a6498a5a56e9,2017-05-10 21:35:21,8.2,14.11
3de642b372ed772362b5a3df6f583046,1,d0a672bae47ae7c26b8e1e2ec152edcf,94e93ce877be27a515118dbfd2c2be41,2017-05-24 02:30:51,152.9,53.67
3dfab3762e9575a44c3178ceea9823ed,1,7c1bd920dbdf22470b68bde975dd3ccf,cc419e0650a3c5ba77189a1882b7556a,2017-05-30 11:05:22,64.99,14.2
3e0181129c289a075b9cf01aae3ed86d,1,5bfc7506459ae2a7b4b573fe557a58e1,4a3ca9315b744ce9f8e9374361493884,2017-06-01 02:25:19,69.9,12.83
3e05465a5e1bf9c38832ed79a795e04c,1,f1e2a5604f4589523f0c31f15e3fc6cf,c200c73f9d7e5a08ca439d6a0803da7c,2017-05-29 13:10:18,20.0,14.1
3e05465a5e1bf9c38832ed79a795e04c,2,f1e2a5604f4589523f0c31f15e3fc6cf,c200c73f9d7e5a08ca439d6a0803da7c,2017-05-29 13:10:18,20.0,14.1
3e1d096455531309ff1f946ed0f580cc,1,539025c69ca8d9160f0ae5190741ed74,1554a68530182680ad5c8b042c3ab563,2017-05-29 03:45:11,72.9,14.24
3e24f7d95766568a604655166cde923a,1,34b60db9767b87c8234447cebaea994b,e88c9b79e592e370d6bd852eeefbf057,2017-05-31 16:05:25,49.9,15.16
3e32d369b9dbc9c416fd67b85e7c4ba9,1,3215010238fcd9cab6ba7d2b81a6973d,aae3bfea055532c57fb453ed3ec80b30,2017-06-07 04:23:01,28.99,14.1
3e507cc659fafe5c803c770827df1df2,1,d952c09021388fd5b1e5f914f559fb10,2138ccb85b11a4ec1e37afbd1c8eda1f,2017-05-31 07:45:14,18.99,15.1
3e53d7fbc6342fe8c6ac3b64df14d3eb,1,2029248294c186017ecfc48cecd47bbd,d50d79cb34e38265a8649c383dcffd48,2017-05-29 07:55:15,126.99,21.73
3e842a1e166c97b49a05adaf6c7581f2,1,315c6373ff469f7b7f60bbb36c319f7b,d1c281d3ae149232351cd8c8cc885f0d,2017-06-02 16:02:49,36.99,11.85
3e842a1e166c97b49a05adaf6c7581f2,2,20f9d67f27a7593da8c9e8981d4f81c8,d1c281d3ae149232351cd8c8cc885f0d,2017-06-02 16:02:49,36.99,11.85
3ea0f9eb52e24e617df91f59795c8e97,1,e67307ff0f15ade43fcb6e670be7a74c,f4aba7c0bca51484c30ab7bdc34bcdd1,2017-05-25 04:10:24,18.99,17.63
3ea8ef64da06a959e384edb7cb824c02,1,4ac50dbde931c0a5ed8c33d3dc047351,e5a38146df062edaf55c38afa99e42dc,2017-06-02 19:15:14,61.8,17.68
3ebbc94bea59a7fe58bc005380016f89,1,0e87ff05afa3ddd73b7920ff4587e0a4,12b9676b00f60f3b700e83af21824c0e,2017-06-15 04:22:58,199.0,38.94
3ec05d74c91669694d41dcf4d7cdc764,1,e15cee02291017f6f12b4115ffb417e6,391fc6631aebcf3004804e51b40bcf1e,2017-06-06 21:10:15,24.75,16.11
3ec9b11c0ebec3ab928940c1e051f802,1,5bd3ba44eb990450377a2cd863821cca,38e679b9e0064cd94c6f035707344dae,2017-06-06 15:43:02,187.57,35.83
3ed44f394dcafefbeb7377f0450ba269,1,44a34214a57dc373dcd80f54c919d006,7008613ea464bad5cb9b83456e1e6a8f,2017-05-23 04:05:25,29.5,15.1
3ee995f2432d1efdb2369e87acc095d2,1,30b6868bde148b4c71716da3f1cdd9e3,aafe36600ce604f205b86b5084d3d767,2017-05-25 15:10:21,59.9,15.18
3eedc4839b9894c9cf39f1893b3169e9,1,c94d19d021d4a8fbae5a45f904aeea90,701938c450705b8ae65fc923b70f35c7,2017-05-31 11:30:08,103.97,25.04
3ef0650c27761bae1896146d8c4fcb82,1,f497ba62f1d6b4f6a3a3266fa8623ad3,6df688df543f90e9b38f4319e75a9d88,2017-05-25 18:45:28,58.2,12.54
3ef0650c27761bae1896146d8c4fcb82,2,f497ba62f1d6b4f6a3a3266fa8623ad3,6df688df543f90e9b38f4319e75a9d88,2017-05-25 18:45:28,58.2,12.54
3ef5c8159bd4605715d1fd6e20cf8137,1,f22c9d6ce2431ff939aad39e026cc7ef,c847e075301870dd144a116762eaff9a,2017-05-23 13:11:26,1199.9,58.06
3efebcb1a80d41e5a7865605155b8c09,1,4b7ddf18ef3c5205f6ec288dffcd7c55,c0563dd588b775f2e37747ef6ad6c92c,2017-05-08 13:50:20,139.9,16.19
3f0c4716830a238b2b31f0ea8e6abeb4,1,b77ae16cc8f67cd1c0ec781d5bf4da2b,7a67c85e85bb2ce8582c35f2203ad736,2017-05-17 13:22:09,219.99,16.29
3f0f2949423ea4caec394b9d09f075dd,1,e68a5a5626c4b1bfc5ca78202f898300,7a67c85e85bb2ce8582c35f2203ad736,2017-05-11 15:45:18,199.99,17.65
3f1c4123df68ed12bf22445ce4eedb40,1,abe236a52dbc43e90bad00fe6d794582,6426d21aca402a131fc0a5d0960a3c90,2017-06-01 13:42:17,59.9,26.96
3f4e043996f17e6354c1f004c1ea3fe8,1,7f064525eaaa1ce9d22c085f7ff5413a,6560211a19b47992c3666cc44a7e94c0,2017-06-07 03:55:25,49.0,14.1
3f5925197f247805cfb1fd635f1363d3,1,86513cbf63bb505ec42c62b661324672,7a67c85e85bb2ce8582c35f2203ad736,2017-05-25 02:25:28,129.99,18.16
3f5c39e43c1ec1232676e88090d48fe7,1,8100d323ffa1909cfcf9fdf05f20b678,f8db351d8c4c4c22c6835c19a46f01b0,2017-05-09 15:30:19,141.9,19.27
3f67dd72711194df0865dc9b59e4bdeb,1,9ee8c8a931dd4d34148aa31f54ee93c1,f8db351d8c4c4c22c6835c19a46f01b0,2017-06-01 03:10:13,129.9,18.16
3f6a663f694c4e450b66eb8ecbdf73a1,1,662276c22ed1b925786d19da6677e19d,a08692680c77d30a0b4280da5df01c5a,2017-06-05 04:25:18,250.0,10.56
3f741f27f2dd8988d7c287f567a35c52,1,b2572a992f6ea1d1a7eb518d54e64620,6edacfd9f9074789dad6d62ba7950b9c,2017-06-05 18:03:11,111.9,9.6
3f9c762e7f77ba31d50df651c8870d82,1,48b412d7a87b3279a7dda5f00e23ca91,fa1c13f2614d7b5c4749cbc52fecda94,2017-06-06 22:05:13,599.0,18.94
3f9cc3bcb97ba27a265c13ff4f540689,1,33210191b5878f3ffcb98ee93963da63,a3a38f4affed601eb87a97788c949667,2017-06-02 14:35:11,119.9,26.12
3f9e443363932c59458a52c1ffd3655d,1,4ae634441e444ca4bc85903cafe98d73,92eb0f42c21942b6552362b9b114707d,2017-06-02 13:10:20,11.99,15.1
3fc21839ff46deb51ed5e5d0d549923a,1,7d854ab97c64ef9df2bbfaf332765786,aac29b1b99776be73c3049939652091d,2017-05-25 16:05:19,59.9,14.15
3fce76a41d913dedb8f211a38fa0a8b8,1,2c14b8fb1b0888410324f12fc6748772,73a63f72308aa20a46f4b1632018f196,2017-05-09 12:31:25,43.95,18.1
3fce76a41d913dedb8f211a38fa0a8b8,2,2c14b8fb1b0888410324f12fc6748772,73a63f72308aa20a46f4b1632018f196,2017-05-09 12:31:25,43.95,18.1
3fcef6f64992de28b33bffa27537d868,1,29427de7f8a9ee983d9dbc51cec569b4,7a67c85e85bb2ce8582c35f2203ad736,2017-05-30 16:22:43,99.99,16.95
3ffb5839790306f5e88e8319508dae29,1,5d790355cbeded0cd60e25cbc4c527a2,229c3efbfb0ea2058de4ccdfbc3d784a,2017-05-25 15:42:49,97.0,9.55
3ffb5839790306f5e88e8319508dae29,2,5fc3e6a4b52b0c414458104ed4037f1c,229c3efbfb0ea2058de4ccdfbc3d784a,2017-05-25 15:42:49,89.0,18.31
3ffb5839790306f5e88e8319508dae29,3,5fc3e6a4b52b0c414458104ed4037f1c,229c3efbfb0ea2058de4ccdfbc3d784a,2017-05-25 15:42:49,89.0,18.31
401421318e1a3e70530f8c082b9fb8b2,1,29427de7f8a9ee983d9dbc51cec569b4,7a67c85e85bb2ce8582c35f2203ad736,2017-05-18 15:35:13,99.99,11.9
401aaeb144fdc31e60486809bf917ce5,1,ff28477a5bcb2fc34bb86a6c2eea1566,ebd2d60905fb58271facef5596b620d3,2017-05-25 12:15:42,239.9,17.31
404840d41d032edfc533e78d6e6ee416,1,cfd652b39b87b4e06cf4ea106a32db47,7a67c85e85bb2ce8582c35f2203ad736,2017-05-25 16:05:30,119.99,13.86
40542f414acd736bdacaeb85dc7df95a,1,fdd84aefb08c8f8225e0b8c97429d53b,94144541854e298c2d976cb893b81343,2017-05-08 14:22:39,51.9,17.79
40703c6f5fddd57d70b483c063a53c24,1,77cc62dc80ebe12a0452d1ce0565acdc,218d46b86c1881d022bce9c68a7d4b15,2017-05-12 18:31:01,113.0,29.19
409bc4cfbf301b760050e1adec588929,1,72172e982e8b92155069e4201c92c0bb,e9779976487b77c6d4ac45f75ec7afe9,2017-05-17 22:22:34,28.0,11.85
409bc4cfbf301b760050e1adec588929,2,72172e982e8b92155069e4201c92c0bb,e9779976487b77c6d4ac45f75ec7afe9,2017-05-17 22:22:34,28.0,11.85
40a0d420733e7978f30e7a63616bba22,1,7935326a359d2560cdb8a81b1e2e46c8,8444e55c1f13cd5c179851e5ca5ebd00,2017-05-24 17:03:05,79.0,15.76
40a2f98011d4a7be3a934cc6ca8afd9b,1,0ed27993e016d4546e2038bfd75b812c,25e47381a6c510ddeb36084e33b89f0c,2017-05-22 18:35:22,59.9,16.18
40b24dab374c01e18e3e6f269f67c8ad,1,937c825572d26b9e5a723527c6d625c6,391fc6631aebcf3004804e51b40bcf1e,2017-05-17 16:35:18,45.95,15.1
40dae50e569846342aff32ac4117375d,1,e2ba1ff659ac980030fe15554828f2eb,876182d1918783bbe15233febfbd4926,2017-05-24 14:05:17,26.91,14.1
40eca6a07bc5b53e520eb20f2d83997c,1,c9316b04fcac70510dfc554e184e35f8,75fbb52eda0cbc24f479d3b2fbfa8d3e,2017-05-19 13:04:43,19.9,17.63
41223ff2c9f99053ad5379603589764b,1,575c38b4c88fc7b35ef22fc8312bfe1b,48436dade18ac8b2bce089ec2a041202,2017-05-09 14:02:36,138.9,17.71
412e78168592efba1bededb6122b7264,1,c1488892604e4ba5cff5b4eb4d595400,1554a68530182680ad5c8b042c3ab563,2017-05-25 15:45:17,38.5,13.37
413a22d2dbe22795ff56d989a9ad09c8,1,c6dd917a0be2a704582055949915ab32,7a67c85e85bb2ce8582c35f2203ad736,2017-05-22 01:02:31,99.99,13.04
416174619acf1adcf7416d4c8dd376d7,1,8e87f0e6eb7e5a27568309035f4fc854,53e4c6e0f4312d4d2107a8c9cddf45cd,2017-05-11 02:23:02,39.99,12.93
4169c051a7504b1c9cba59f48afaac3b,1,35afc973633aaeb6b877ff57b2793310,4a3ca9315b744ce9f8e9374361493884,2017-05-29 08:02:56,89.9,15.38
417530b1f1b63eccef9e9a975a5c9a45,1,96b8d103618f7027896ce54a576b9f41,dd2bdf855a9172734fbc3744021ae9b9,2017-06-21 04:10:13,59.9,17.99
419c1fa500ceff6a8d5ee78cf19d2a6d,1,14555ba663de8689feacf1d0819cc3b3,dbc22125167c298ef99da25668e1011f,2017-05-15 15:30:24,119.99,18.09
41b39e8a2374f3afc0e36d2bbc2de799,1,0ac4b9dc5e23908abf09e13da3ea1bbb,6560211a19b47992c3666cc44a7e94c0,2017-06-02 06:30:11,49.0,7.78
41ba50bed1e26c9e103322822236a3f2,1,f47aba0548334576be219248646ff695,bacb1f0ed56ad24198f5810d2b3fe9a5,2017-06-01 18:25:08,129.9,18.16
41e4e97a46cf14b6cfef187c00668efd,1,f264c1d9b20b5e4a340254d0405e613b,7a67c85e85bb2ce8582c35f2203ad736,2017-05-11 17:22:01,69.99,16.74
420ea4ffeae87855d2892618fb9f25f7,1,473795a355d29305c3ea6b156833adf5,620c87c171fb2a6dd6e8bb4dec959fc6,2017-05-26 10:05:14,62.9,8.27
4222f02d846191bb656be7a86b9e4d67,1,bbaef2eadf31fe3ea6702077398be06c,cc419e0650a3c5ba77189a1882b7556a,2017-05-29 09:55:20,56.99,8.72
4224f44695338cfa528e9a57d8cbd1e5,1,1c42962612d557f85753b24c2b97070f,6ee85be3693ed79a8e80718743d80655,2017-05-30 20:33:25,34.5,14.1
4242575865a8c4d5919561538ad8c6a7,1,99a4788cb24856965c36a24e339b6058,4a3ca9315b744ce9f8e9374361493884,2017-05-17 02:50:25,89.9,12.13
42718c52ec1850e375a3249237f13b9e,1,071b82cad6de748755bb587ff3feec2e,7a67c85e85bb2ce8582c35f2203ad736,2017-05-25 01:25:17,129.99,9.1
427e94c44e8cd05d6b4958f49f5199ab,1,195a72beccf48da20d71e2d7530b470a,36a968b544695394e4e9d7572688598f,2017-05-22 21:55:10,44.9,8.27
4290ed1773c23fc8355ff8a696662879,1,380b4664ba5bb18cc9db78ee6bac3558,6560211a19b47992c3666cc44a7e94c0,2017-06-01 20:15:18,37.0,14.1
429820950af3ab4d3ce2ea5897c9182f,1,060109450b2f49e4d5c4fdfd3d8ebc34,f8db351d8c4c4c22c6835c19a46f01b0,2017-06-05 01:45:06,24.9,15.1
42aebcf14e4f87531de5beadc2ab8524,1,1a7864db936b730688248bda816f1ce2,7e93a43ef30c4f03f38b393420bc753a,2017-05-17 02:45:11,633.14,18.18
42ba338f99f42e0261e5897c7da157c5,1,2ac71e1960d313613f4f4cd468c602cb,4d6d651bd7684af3fffabd5f08d12e5a,2017-05-29 15:35:16,69.9,11.99
42d8e64b2e4f4669b7bf87f1ba3da8a8,1,090a47567475a8de67cdc10ac38d76bf,725c32fa80c2faacc4fc88450d27314e,2017-05-31 06:42:45,44.9,14.1
42ffa304e7e734f00e981f377dd18640,1,9262b60f16a326c81c74275472fbe0ce,a3a38f4affed601eb87a97788c949667,2017-05-11 14:42:02,73.9,16.96
430545209b9cc4b7ef7ae765a54816a7,1,5825c8e4e13409ac13639e711804cce6,d379f449f2a3b271bc01c0782020f705,2017-05-31 04:10:25,589.0,37.48
4307e89df5cb485b0b67e0f91025703f,1,89427567da9c9b075c9dca131535104d,3d871de0142ce09b7081e2b9d1733cb1,2017-05-24 15:42:35,25.0,15.1
431018542d8303268a574ea80da4cfb5,1,7f2097ece1964900e1f72465c57dcc67,e21a1e8be4715b0fcfd5385643bc49c4,2017-06-01 14:42:33,19.9,25.63
4316f97fcdde6e62ba7b3b1acd09291f,1,d0168e734683113fd73658071715084a,aaed1309374718fdd995ee4c58c9dfcd,2017-05-25 18:50:19,110.9,16.54
431a4888e53cb066a60108014f340221,1,43fe236fd16fba129a5498ba4b1b47fe,232a6014e7b10cba61c6c2b2ea6bb4b0,2017-05-15 22:50:13,249.9,99.97
4327d6afdb4f716533cefc4929796d14,1,eebe3620616be538e26842c73df11e65,2138ccb85b11a4ec1e37afbd1c8eda1f,2017-05-17 04:02:48,18.99,21.15
4327d6afdb4f716533cefc4929796d14,2,2cbd0f06c3123f0bd14c4bffc0498996,2138ccb85b11a4ec1e37afbd1c8eda1f,2017-05-17 04:02:48,39.99,21.15
4347279deb067c6731c1c97237921d18,1,6ae38d49db7fc65ad1779828542aecba,eeb6de78f79159600292e314a77cbd18,2017-05-31 11:43:18,229.0,17.36
434cecee7d1a65fc65358a632b6f725f,1,f7a17d2c51d9df89a4f1711c4ac17f33,f8db351d8c4c4c22c6835c19a46f01b0,2017-06-02 13:30:24,50.9,11.86
4380a7440c4b9d8e47eed3703ea3a6d3,1,f6bd73f359ad6b91076b19cc0b70b44a,557f22c76691849db52d2abccf0015d0,2017-06-08 09:45:14,69.99,27.06
4392f572045f074cbfacbb5757ac5405,1,f4cd1164757f2f82e7f949e9ba129664,520b493b57809f446cb0a233bb3e25c7,2017-06-02 14:35:13,29.0,9.94
439ab8085bdfb0a6b28f93db1b95435f,1,9ee8c8a931dd4d34148aa31f54ee93c1,f8db351d8c4c4c22c6835c19a46f01b0,2017-05-09 15:30:09,129.9,14.68
43a111fcb003d002a300aa191914d51d,1,dc2410804cf782c5d87dbcd201b74e9b,897060da8b9a21f655304d50fd935913,2017-05-18 20:25:11,196.0,16.12
43d3cc829a59f03af73f2a7fc9542ee6,1,0ec5f6f08cf32bc916d0ae089696a44a,218d46b86c1881d022bce9c68a7d4b15,2017-05-10 21:42:23,271.0,21.98
43d782238f80b75ff6b62c0e535ce34a,1,6c81db10f914c4d032b14fa93aa0a818,d98eec89afa3380e14463da2aabaea72,2017-06-06 06:45:25,24.99,16.79
43ed2e201f59c4d2f7778d8e8c526fae,1,e939d1e099a84143323ac0e7e90992de,46dc3b2cc0980fb8ec44634e21d2718e,2017-06-02 18:45:24,169.99,15.95
43ee3ed7fa79e982fb7de9363c7832e3,1,e67307ff0f15ade43fcb6e670be7a74c,f4aba7c0bca51484c30ab7bdc34bcdd1,2017-06-02 17:30:19,18.99,15.1
43f4557e2a514edbbd692027ca5cf280,1,dbb4ce89c8ed5fb6fd901e2e51093179,91f848e9f4be368f4318775aac733370,2017-06-06 06:50:32,89.99,19.87
44069d5290f313c03130f40e31c676ee,1,42a2c92a0979a949ca4ea89ec5c7b934,813348c996469b40f2e028d5429d3495,2017-05-23 10:42:25,59.9,11.73
440b5d8129165b7e04b3c37e3a5e93d7,1,6d01fb6c593d9afd887262570b656f9e,9baf5cb77970f539089d09a38bcec5c3,2017-08-03 09:31:38,189.99,20.82
4413e915d30cf9e317b0c016f76cdcbc,1,29bcbac6eec9fa5e51f01225e8004c93,2528513dd95219a6013d4d05176e391a,2017-05-18 02:45:22,399.0,33.54
44160b4102f24599b8a331c1d606b227,1,dac2eb7c1ddae28171b16e13c80a9730,70a12e78e608ac31179aea7f8422044b,2017-05-18 11:15:13,73.0,12.85
443ea0d00a4dd357d8b2c193cfd8a17c,1,d328fcf582df161878940a0edb77761a,784ba75dd9d20200c4caed3d7a77141a,2017-05-25 17:05:19,52.99,11.87
44558a1547e448b41c48c4087fe32ddd,1,7ac6cda1ec564b21b2daa9dc0973c1df,de23c3b98a88888289c6f5cc1209054a,2017-05-16 20:55:21,199.99,10.21
44653f1f97b2b55f4f96313c3ac8c5c0,1,29427de7f8a9ee983d9dbc51cec569b4,7a67c85e85bb2ce8582c35f2203ad736,2017-06-06 13:10:25,99.99,17.95
446d3eee7dfa0cb1844584b53bc37cab,1,87e6cf7eb3e4996b725323a1d704fb8b,44073f8b7e41514de3b7815dd0237f4f,2017-06-15 20:15:21,228.0,16.36
446e02d86df55998dcede938bc79e2cc,1,cb9d0035d58326e67764402c4379385d,bacb1f0ed56ad24198f5810d2b3fe9a5,2017-05-09 14:15:18,295.9,40.78
4473b8fa106822f223b714af3157b92b,1,335869ee35680c410f30db87ecdc83a3,744dac408745240a2c2528fb1b6028f3,2017-05-11 14:22:19,238.0,16.42
4477f0fa7855f6d43e17f4b8e6612898,1,99a4788cb24856965c36a24e339b6058,4a3ca9315b744ce9f8e9374361493884,2017-05-15 22:50:10,89.9,15.38
44a2fb6a4520b17de57affbab761dfcc,1,da86f3242cb55a55dd9cd7b19d951685,325f3178fb58e2a9778334621eecdbf9,2017-06-05 04:25:29,4.5,7.78
44bdc4b28df8782f4190e4abfcc8cc5e,1,6a0713a63e990052795623e76cc2995e,d2374cbcbb3ca4ab1086534108cc3ab7,2017-05-26 11:50:09,72.9,12.01
44ce4717fa02c8f0fb032b88cf45b8a3,1,1b0e39ec889889ea1d492603d8512bfb,e26901d5ab434ce92fd9b5c256820a4e,2017-05-31 22:50:14,39.9,14.1
44e80ef872fd5884851e68555c2ab020,1,0ce1e35bdc6af7e582e7ef9363e29b5b,db4350fd57ae30082dec7acbaacc17f9,2017-05-09 11:33:34,17.99,24.84
44e9e7a851d64518b40a6887d84b8b60,1,28ac89c113ac960ad954042de30dd52f,adcf50477d6a1f5d91bb9d54c4903cb5,2017-05-19 01:45:22,58.5,14.58
44e9e7a851d64518b40a6887d84b8b60,2,28ac89c113ac960ad954042de30dd52f,adcf50477d6a1f5d91bb9d54c4903cb5,2017-05-19 01:45:22,58.5,14.58
44ee389142c744e5c8e7b6c8343dbdc7,1,9766ad53f42ee034fbc0e29c85fe626c,41b39e28db005d9731d9d485a83b4c38,2017-05-17 11:05:15,124.9,21.36
45234e26d8f4a497d57ba385398874f8,1,c76ce8f19e21cfc8226f0551ed5da750,7a67c85e85bb2ce8582c35f2203ad736,2017-05-17 04:05:22,199.99,29.8
4557160ef501e35446081b5111d79004,1,2b939dc9b176d7fa21594d588815d4a4,dbc22125167c298ef99da25668e1011f,2017-05-30 17:05:28,102.9,17.97
45655002c111b6037f3244f4692bb526,1,9048cbd294fe0c1a3ec8c8248bc2cadd,6d66611d7c44cc30ce351abc49a68421,2017-05-31 03:02:33,69.9,17.74
45a560d32442de061369b53f158fc828,1,1bfe62f326ac7bec0f5a83c10cfff228,3d871de0142ce09b7081e2b9d1733cb1,2017-05-23 04:55:07,48.9,12.69
45a6db7c0c90c420e4659ae681f7e761,1,0c3305267c17b542aecbc2385f5f0794,fe2032dab1a61af8794248c8196565c9,2017-05-16 22:22:48,219.9,13.04
45ab65433b358cdb30d0f2af36c96e7c,1,e81c3966e44d9ffb21a94481be3613d0,3340ef1913fb70d28420f6ceb685c339,2017-05-22 13:10:22,199.9,18.65
45ab6766f52882fd2bdcbcc11cb9a392,1,dc2410804cf782c5d87dbcd201b74e9b,897060da8b9a21f655304d50fd935913,2017-05-29 01:05:36,196.0,16.12
45d63d388e24d8a9b424cf96c8c25f3c,1,fe4afcfae208147e0189eaa4c3f5fb8d,b2ba3715d723d245138f291a6fe42594,2017-06-13 15:30:20,344.9,17.17
45fb34f01dd01f620227b97a2dcb16bc,1,ae6f0a235fafaf39219b83770a3391bf,325f3178fb58e2a9778334621eecdbf9,2017-06-01 14:42:28,12.9,7.78
45fb34f01dd01f620227b97a2dcb16bc,2,ae6f0a235fafaf39219b83770a3391bf,325f3178fb58e2a9778334621eecdbf9,2017-06-01 14:42:28,12.9,7.78
46010c67bec146f0c9db27f42149c5d2,1,4e713bc697d239a8d8e01cb5209cd89b,ab9db4cf53b08b828b64dccaafc2d9f0,2017-06-05 13:08:11,99.89,19.94
460281d0eeab1990c9fd04ac4705d3ed,1,d5766f73a7ac018222201ecba2b79018,7722b1df1b0e383e000397b2c11e3e19,2017-05-25 01:25:16,34.98,15.1
4610355b7b9a4c4d4c176acaf273b7e2,1,a3ceb95649a48c0c54ae4bd1dd66d035,6c177e38df6d3f34182b1f1d427231bf,2017-05-22 10:25:23,130.0,15.66
462e396988fb7c71401846696de2fca7,1,d3a45de279a0bde9b598a181bd2a9815,0432ead42b6c8a0bdf68154add917fdf,2017-05-11 10:05:15,94.9,14.83
464b622b9d163f8703cdfe7e0f24f8fc,1,45cfee87da128a8f939226bedd92a72d,718539d38d07dd351c76db862760e2e2,2017-05-19 09:25:28,32.64,15.1
46539409edc91bbec9b3a7b06b414463,1,99a4788cb24856965c36a24e339b6058,4a3ca9315b744ce9f8e9374361493884,2017-05-30 11:15:24,89.9,15.38
466a9ffb983d3e662816b47c2108a776,1,098d2dad07d012b54e469c5ba2cedbe7,dc4a0fc896dc34b0d5bfec8438291c80,2017-05-26 04:25:33,199.9,19.29
4684c8d4e250ac300b203b44658449a9,1,568b50dd27d5d76c97dc2f871cb93e9a,1900267e848ceeba8fa32d80c1a5f5a8,2017-05-25 11:10:21,19.9,11.85
4684c8d4e250ac300b203b44658449a9,2,568b50dd27d5d76c97dc2f871cb93e9a,1900267e848ceeba8fa32d80c1a5f5a8,2017-05-25 11:10:21,19.9,11.85
468c2f34312a6d270a20c7aef082041c,1,759c85bda80286f647f1f71b847c6457,f8db351d8c4c4c22c6835c19a46f01b0,2017-05-31 01:10:20,35.9,15.1
468c8b5d4cee2be214b52f9602980779,1,584d0486add75aa0f5c0660a7cd8afba,e9d99831abad74458942f21e16f33f92,2017-05-17 04:05:24,29.9,15.1
468c8b5d4cee2be214b52f9602980779,2,584d0486add75aa0f5c0660a7cd8afba,e9d99831abad74458942f21e16f33f92,2017-05-17 04:05:24,29.9,15.1
468c8b5d4cee2be214b52f9602980779,3,584d0486add75aa0f5c0660a7cd8afba,e9d99831abad74458942f21e16f33f92,2017-05-17 04:05:24,29.9,15.1
468c8b5d4cee2be214b52f9602980779,4,584d0486add75aa0f5c0660a7cd8afba,e9d99831abad74458942f21e16f33f92,2017-05-17 04:05:24,29.9,15.1
468c8b5d4cee2be214b52f9602980779,5,584d0486add75aa0f5c0660a7cd8afba,e9d99831abad74458942f21e16f33f92,2017-05-17 04:05:24,29.9,15.1
468c8b5d4cee2be214b52f9602980779,6,584d0486add75aa0f5c0660a7cd8afba,e9d99831abad74458942f21e16f33f92,2017-05-17 04:05:24,29.9,15.1
469047e99377da914f6d4eb996977190,1,98cd3776d33bddd0ebf8ad8b4732d1b4,184a67a8f9f63234d3a92340bbdb727f,2017-05-11 14:25:22,22.37,15.24
469047e99377da914f6d4eb996977190,2,4610f9bc86835033aab4160bcb1c3d27,184a67a8f9f63234d3a92340bbdb727f,2017-05-11 14:25:22,29.9,20.32
4695874459264348f76f20abb7897ec3,1,9453bde60c4ee52155c963641736cfc5,5c243662ce92d84573bfaff24c3e3700,2017-05-30 17:55:14,467.0,20.55
46a09de362c7550f138187deacc9f840,1,7932fcce65e2aee84d6feb4a288f9cb9,1e483cc5c76fef08d3ca05f9a8af7d01,2017-05-11 02:25:23,5.9,14.52
46b4a41ba02248ac63e0d85649595f7e,1,a16485b933e24a0ee5f137fec64c48d2,f00e21b1e91a79653163b7fd8f293ff1,2017-05-25 23:35:21,113.9,13.82
46cede95824dbdc8bd1549dcd43e4850,1,880be32f4db1d9f6e2bec38fb6ac23ab,fa40cc5b934574b62717c68f3d678b6d,2017-05-18 20:10:14,42.99,15.1
46d2741b78a72c2f07bf0f3c34c4ceab,1,5f6906793eb1d554d76c39398ce08693,391fc6631aebcf3004804e51b40bcf1e,2017-05-25 04:03:03,24.75,19.33
46d2741b78a72c2f07bf0f3c34c4ceab,2,5f6906793eb1d554d76c39398ce08693,391fc6631aebcf3004804e51b40bcf1e,2017-05-25 04:03:03,24.75,19.33
46d2741b78a72c2f07bf0f3c34c4ceab,3,d41a23bd2bc3ec10cfffc66c0611a290,391fc6631aebcf3004804e51b40bcf1e,2017-05-25 04:03:03,24.9,9.67
46ee18d54b333b82bf3ade82ec553b5b,1,9ffab56dff7071396d82c4b372e7f033,94e93ce877be27a515118dbfd2c2be41,2017-05-30 19:05:16,24.9,15.1
46ee18d54b333b82bf3ade82ec553b5b,2,9ffab56dff7071396d82c4b372e7f033,94e93ce877be27a515118dbfd2c2be41,2017-05-30 19:05:16,24.9,15.1
46f9b074b58a279343837553cf5160e0,1,ff90ba6020fbb7d7f56613e213e9dc57,8581055ce74af1daba164fdbd55a40de,2017-06-01 21:42:28,92.0,14.25
4705164b1aabb4272d1fa134828dbc1c,1,6e6871e43a893c9ae57beb404ec02067,cd06602b43d8800bd0afad514919d35c,2017-05-29 23:10:12,58.5,9.34
4705164b1aabb4272d1fa134828dbc1c,2,6e6871e43a893c9ae57beb404ec02067,cd06602b43d8800bd0afad514919d35c,2017-05-29 23:10:12,58.5,9.34
4705164b1aabb4272d1fa134828dbc1c,3,6e6871e43a893c9ae57beb404ec02067,cd06602b43d8800bd0afad514919d35c,2017-05-29 23:10:12,58.5,9.34
474a5a5d176b5d84afe62cdfa7d69dd9,1,c46340bc7e4d674d73196dfc202fb2cc,5bffbafbb22daf6d3bfc216a46db8708,2017-05-30 07:42:38,999.0,36.03
475e7154ea6c9ea4f90d281fd3f65069,1,8c38d21062ec6ee492c3500d01150b7a,b4a476fbd28de64b1e347abf9089366a,2017-06-05 19:02:45,16.0,15.1
478e0f644b5e774c5ba7f6196c77fc61,1,167b4b8c4bd0c401bea62f5e050d70a4,25c5c91f63607446a97b143d2d535d31,2017-06-02 08:10:11,220.0,17.3
47b04efea2b87358b63ecb45b93ead7e,1,c8194120cffeb4eea08d08e91ed1d284,52562a9f449c3dc3d53f5f5b9ed74903,2017-05-16 20:45:17,599.9,24.69
47b6cc93a89600d942bc5dec4978e6a3,1,cc3fa983a53e9876a42790033f06a9ad,bacb1f0ed56ad24198f5810d2b3fe9a5,2017-05-10 22:02:50,169.9,21.27
47c1a8c65d33d1a87433294bea40a81b,1,ace1e48f1eaabcd539235e93e361133b,6edacfd9f9074789dad6d62ba7950b9c,2017-06-01 17:15:10,42.9,11.85
47d346b7368958cb0bd17880b2af14e9,1,42a2c92a0979a949ca4ea89ec5c7b934,813348c996469b40f2e028d5429d3495,2017-05-17 22:50:22,59.9,16.67
47dc0ac51de82d69a50b926808fa9720,1,bbaef2eadf31fe3ea6702077398be06c,cc419e0650a3c5ba77189a1882b7556a,2017-05-30 04:10:24,56.99,8.72
47f0a1c1bead9d28898e70cb26300fc2,1,5440e1ed49a1153d573b1543dd10d95e,620c87c171fb2a6dd6e8bb4dec959fc6,2017-05-29 21:50:30,159.9,15.87
48139821eca38783cb43c48d98c0246d,1,5fc3e6a4b52b0c414458104ed4037f1c,229c3efbfb0ea2058de4ccdfbc3d784a,2017-05-09 15:55:28,89.0,18.05
481d2cbce45c1d2281aead91bff6dcae,1,b0961721fd839e9982420e807758a2a6,1f50f920176fa81dab994f9023523100,2017-05-14 23:30:15,59.9,17.67
481d2cbce45c1d2281aead91bff6dcae,2,b0961721fd839e9982420e807758a2a6,1f50f920176fa81dab994f9023523100,2017-05-14 23:30:15,59.9,17.67
483a06928959b498933c3b7efe98a755,1,9fa0c72476690fbc66bcacc498fe7fd6,e2aee0892199b1d92530e371abd825bf,2017-06-08 04:23:12,49.99,12.48
485841420c8cee06025e9a75cd58b45d,1,8733e369905b1de9a955ced731e9717a,f45122a9ab94eb4f3f8953578bc0c560,2017-05-10 23:25:14,59.99,31.22
485841420c8cee06025e9a75cd58b45d,2,1395c0f64373a0771d89b9f16f185dc6,f45122a9ab94eb4f3f8953578bc0c560,2017-05-10 23:25:14,49.24,0.06
48705eed276c3080033e79ac60460f75,1,19d1f95608edf8246e8891c90d9b211a,46dc3b2cc0980fb8ec44634e21d2718e,2017-05-24 23:50:06,199.99,34.32
48842751df68fccf0ab0caa30930f21d,1,56b81eaffe3c2e7e54f3bdf2a935164f,391fc6631aebcf3004804e51b40bcf1e,2017-05-26 18:05:19,44.35,13.37
4886bdc3d38b4558a42cca69e30e0808,1,11bbef4e2a44601d9dd471aa1fb433e6,5c243662ce92d84573bfaff24c3e3700,2017-05-25 18:15:11,299.99,10.29
4886c3effdbdd559f0f727957b9af0bc,1,35afc973633aaeb6b877ff57b2793310,4a3ca9315b744ce9f8e9374361493884,2017-05-31 18:45:11,89.9,12.13
488f659efac45e9067e284ded2bf7daa,1,2555fdb6a9df9fa378f024937c86d07a,25e47381a6c510ddeb36084e33b89f0c,2017-05-31 21:22:05,59.9,9.94
489243ea0f23a5849516cc651afa4325,1,ec87fe7c217a713732b71344bc43274b,1336efc61c316ddf92c899eb817f7cae,2017-06-06 22:50:15,40.55,13.37
4894ab6596d70a7721324f6ecb314e55,1,b944a925e8a27be5de9850445766deb1,7e93a43ef30c4f03f38b393420bc753a,2017-05-18 16:10:16,239.0,16.43
489f4aa5c9356b6e5b7882bd7a6d6379,1,0e8e65e0044a4d888d422517f545ba2e,f00e21b1e91a79653163b7fd8f293ff1,2017-06-05 21:30:15,159.9,14.14
48a36f577fc4102b3e63e0f462684da4,1,466d263ce8b7bd275003ee2104428127,ef506c96320abeedfb894c34db06f478,2017-05-10 13:10:28,25.99,20.4
48c7cdcae897b5c7615110c6dbd6c837,1,cda185193c72c0eb8dde03f20f101230,febab0275244b9a49a623f0bd613ca2f,2017-06-02 15:50:21,69.5,17.74
48c7cdcae897b5c7615110c6dbd6c837,2,cda185193c72c0eb8dde03f20f101230,febab0275244b9a49a623f0bd613ca2f,2017-06-02 15:50:21,69.5,17.74
48d6606d196e08050b39ccc0df9ed44a,1,e15cee02291017f6f12b4115ffb417e6,391fc6631aebcf3004804e51b40bcf1e,2017-05-09 15:02:48,24.75,15.56
48d9d778ca005971949d2ccad7e99d70,1,42a2c92a0979a949ca4ea89ec5c7b934,813348c996469b40f2e028d5429d3495,2017-05-05 15:02:20,59.9,13.0
48e7963f79e6edc66ff1730ab512fce0,1,4b7de4748108b5353b211255e867cf6a,eeb6de78f79159600292e314a77cbd18,2017-05-05 19:35:19,729.0,19.27
49000628096970f7939dc39c2f310121,1,187e7d92b8168c3661824809d0c5dffb,431af27f296bc6519d890aa5a05fdb11,2017-05-18 17:45:12,119.9,13.86
490294e04b1fcabc9f9984ac22820566,1,4e5e41fb7d296a6f776c63fee5cb9fac,7e93a43ef30c4f03f38b393420bc753a,2017-06-01 13:50:14,669.0,19.44
4903cfa5ec9a1789bed68b8931e6503f,1,8232a265a535c1f886b38335667be2a5,f45122a9ab94eb4f3f8953578bc0c560,2017-05-11 21:25:12,59.99,12.76
494df7e03a951e947ea15c177503ef84,1,f71973c922ccaab05514a36a8bc741b8,5dceca129747e92ff8ef7a997dc4f8ca,2017-06-01 14:45:16,89.9,21.28
49693494d8f42b42b80c8241976f8460,1,4bb4fb9c85785b75ab4f6559900c7ca1,ef506c96320abeedfb894c34db06f478,2017-05-10 10:03:02,37.99,20.8
496b982d1f2a1315fcbf81ae2fed02a4,1,170e27ee183ac140aa68a86bacd2a6dc,86ccac0b835037332a596a33b6949ee1,2017-05-30 23:15:17,129.9,26.19
4976a4c9fcf6609b9ed1306e5e105905,1,02fb2d61da1247bf732360ea76b16240,6cd68b3ed6d59aaa9fece558ad360c0a,2017-05-17 04:22:37,109.9,15.52
497f97bb280fe07465c3833fdfc04736,1,bbaef2eadf31fe3ea6702077398be06c,cc419e0650a3c5ba77189a1882b7556a,2017-05-26 09:32:47,56.99,15.15
49865c5eeb869113155c217d234a777e,1,cc47c0863559499f01b4cad750929d10,7a67c85e85bb2ce8582c35f2203ad736,2017-05-11 14:10:17,199.99,18.94
498d5619e926bbb085a837fb42842db6,1,601a360bd2a916ecef0e88de72a6531a,7a67c85e85bb2ce8582c35f2203ad736,2017-06-08 04:25:14,129.99,25.46
4993ec7b7fc38f8d4f61f8c90c1a9510,1,01593b27eef404f592e6a3f1174493bf,7a67c85e85bb2ce8582c35f2203ad736,2017-06-01 16:55:12,219.99,15.29
49b04193feaab16b8eb1d3c438b28bca,1,0d146484c69d613fe015c0229056b065,d20b021d3efdf267a402c402a48ea64b,2017-05-18 20:25:17,10.9,15.1
49b1ad01e0a81bc85a617086103e415d,1,a7d756e8f7c4b7e5b679e248a57d91ec,0ebd97a106433a45a4aebe57c1799778,2017-06-01 02:45:18,109.9,34.57
49c0586d77735f8fdc96c83dd76ac808,1,1b0e39ec889889ea1d492603d8512bfb,e26901d5ab434ce92fd9b5c256820a4e,2017-05-16 00:31:28,32.9,8.72
49c3293b870ffc5fcd1f11ca77eb841f,1,aca11cfc608a458947b3038e5e70312f,dbb9b48c841a0e39e21f98e1a6b2ec3e,2017-05-11 09:42:06,49.9,15.56
49c3293b870ffc5fcd1f11ca77eb841f,2,aca11cfc608a458947b3038e5e70312f,dbb9b48c841a0e39e21f98e1a6b2ec3e,2017-05-11 09:42:06,49.9,15.56
49c8d7acf28d999e86d3cf817d9793e0,1,c6ea63369936552872ae890c82175b4b,37be5a7c751166fbc5f8ccba4119e043,2017-06-01 14:15:20,225.0,8.83
49d37a348d815c6538b55ab71396e8c3,1,c6dd917a0be2a704582055949915ab32,7a67c85e85bb2ce8582c35f2203ad736,2017-06-06 18:10:12,99.99,16.46
49db7943d60b6805c3a41f5474772a09,1,7dcc2e60786a27f4a3115fdf666b81fe,1b8b75e227c9a9c100d0c210fb6176ce,2017-05-19 02:10:09,89.99,35.95
49f6f4d206c26f0d3ac78e343ac619d7,1,1d2b1480b69b37d1d9ea481a4ab88fe3,9d5a9018aee56acb367ba9c3f05d1d6a,2017-05-15 21:30:16,59.33,17.7
49fa1c392707716cd5d12cc1c7c65c15,1,a22f707cfd269773138c3bf3a43f6180,23613d49c3ac2bd302259e55c06c050c,2017-05-26 17:55:20,45.9,41.76
49fa1c392707716cd5d12cc1c7c65c15,2,5730d73af7faffe9b95d69fd03ea51df,23613d49c3ac2bd302259e55c06c050c,2017-05-26 17:55:20,99.9,73.08
4a0aef3a36c8f8f2d9500b15400ff513,1,2ac71e1960d313613f4f4cd468c602cb,4d6d651bd7684af3fffabd5f08d12e5a,2017-05-17 20:22:19,69.9,15.24
4a0f21a285e2769e21ddc01161c7a6bf,1,aa280035c50ba62c746480a59045eec4,fa40cc5b934574b62717c68f3d678b6d,2017-06-02 09:45:14,39.9,7.78
4a14b4a65e7946cfa68ad61507ad3023,1,ed9b924bdbd0fd22c60aba6dddfbb6e5,70a12e78e608ac31179aea7f8422044b,2017-05-26 10:45:08,79.0,16.31
4a2cfbf52ca16ac6eb7855b3a93ca4d9,1,c69dd9ac363d46d6e2ce4b11a0ee164b,8581055ce74af1daba164fdbd55a40de,2017-06-01 10:43:20,69.0,19.72
4a2e9754d61d7f8f0b41fec143e166e4,1,ee3d41c81fc9573f585d13bd61ce58f6,ca3bd7cd9f149df75950150d010fe4a2,2017-06-13 13:08:22,29.75,13.06
4a2e9754d61d7f8f0b41fec143e166e4,2,52913ee46d43e465b2d40c81e7ccac23,ca3bd7cd9f149df75950150d010fe4a2,2017-06-13 13:08:22,65.0,20.24
4a5dd77c42df1a4cf21c142eaacf866f,1,06f18114503e7543d81252fd61a53df8,0adac9fbd9a2b63cccaac4f8756c1ca8,2017-05-25 09:15:08,199.9,17.16
4a6f711cc41643b625414ca5f0d0d111,1,dd6a505f83dd3c6326aa9856519e0978,fa40cc5b934574b62717c68f3d678b6d,2017-05-23 20:10:20,49.9,25.63
4a7ba6325c33a13c0b278d17d8852b60,1,562cc921a8887a6be5832fc2db1c3dc8,9bcdfa7b615b3abb9461d9e3ad9886ae,2017-05-31 18:22:46,179.9,17.02
4a855a494e08248858074dddad7f5b6a,1,37ca4ae4320cdda8a0ef625049f4cb88,0c8380b62e38e8a1e6adbeba7eb9688c,2017-05-10 15:10:20,89.9,18.91
4a8e88b3aeb9aa051f967f7f551213ab,1,27672da99215b426dc0ced05731bccc6,6560211a19b47992c3666cc44a7e94c0,2017-05-16 10:35:23,79.0,15.3
4abc892aa491e88ee079c2fa46cfd508,1,5a6e53c3b4e8684b13388d6aa4afdf12,7299e27ed73d2ad986de7f7c77d919fa,2017-05-09 17:30:14,16.99,14.52
4aea73f4a5803237a93ce646f0f91b16,1,7c1bd920dbdf22470b68bde975dd3ccf,cc419e0650a3c5ba77189a1882b7556a,2017-05-25 19:02:16,64.99,21.39
4aea73f4a5803237a93ce646f0f91b16,2,154e7e31ebfa092203795c972e5804a6,cc419e0650a3c5ba77189a1882b7556a,2017-05-25 19:02:16,19.99,8.91
4afc8ef1eb3b8f88a3b495823546ee02,1,af827351cc8287dd464466e8793046b0,ebd2d60905fb58271facef5596b620d3,2017-05-25 02:24:19,66.9,13.49
4b011623f156eda7b6bf757d1a1cb78a,1,cfd414b4463647f58c7775eaae06893d,f8db351d8c4c4c22c6835c19a46f01b0,2017-05-18 02:45:21,98.9,12.19
4b02687f07f856cac25049dd4406cd52,1,4f921f8c68e266afadbeacb7897b2803,4a3ca9315b744ce9f8e9374361493884,2017-06-01 14:05:14,89.9,17.07
4b16d0a302a6bd19d22825d08d17d973,1,89d845908f978f6a8d8b8779ef177216,04aa0a1c5ce6b222003403a3e11c3cc0,2017-05-18 13:02:58,749.0,70.05
4b65b4aaa4c4e07d50727f0c87c0e9a1,1,6ae38d49db7fc65ad1779828542aecba,eeb6de78f79159600292e314a77cbd18,2017-05-10 11:30:20,219.0,32.85
4b6a69ab5ba578e5193deeffcf9d0f7a,1,7d08c685504c66533015d5366856da12,1da3aeb70d7989d1e6d9b0e887f97c23,2017-05-29 22:22:38,64.99,14.2
4b6bcf7a51da38b9e26ab10ee7186d6d,1,912ab68074130a81d1d94f48b67150a2,d101c6da914ae3d53f7bee42283f2fe2,2017-05-22 14:35:30,63.9,11.73
4b6f330815f08dad6be6165da6699e3b,1,4b7690d7352318e41ae9594241ac4789,44073f8b7e41514de3b7815dd0237f4f,2017-05-31 08:55:15,65.9,14.21
4b87a2c8b410e2e61c12c83790810587,1,19578e02e321cef1252a574bb185a4f0,b56906f7fd1696e043f1bcce164c487b,2017-05-22 03:15:40,49.9,19.59
4b939b269e876343e876d466afcb69d1,1,d5b703c271f43f9c588a6f512a00f77e,fa40cc5b934574b62717c68f3d678b6d,2017-05-15 13:22:20,34.9,14.1
4b9d4dd62814524c9244f8ca0bd377d1,1,c781fcf450227132b560b10bbd2ed26b,827f8f69dfa529c561901c4f2e0f332f,2017-05-25 09:30:14,29.9,15.79
4ba72d2e0a210b56b5635bbc33599cf2,1,b5e20ff50c12113580158883f5a86edc,aba1721a889e04decc910aa13b768ef4,2017-05-26 15:05:20,193.0,16.1
4bb23abf0ff6b2a50e22e54a9021be4b,1,8e436253e3c4eeacc3b2757482517200,f4aba7c0bca51484c30ab7bdc34bcdd1,2017-06-06 11:42:57,19.99,7.78
4bfcba9e084f46c8e3cb49b0fa6e6159,1,b5ebab9fa4b5f2771ec47a5d6139f3ff,7b0df942f46435babab05d49b744b2c4,2017-06-02 14:25:14,723.74,17.02
4c05a3711a90dee7f6336af0f3385142,1,5a6e53c3b4e8684b13388d6aa4afdf12,7299e27ed73d2ad986de7f7c77d919fa,2017-05-18 02:50:20,16.99,25.63
4c0a7f1d22a884bf17e3d17c2861f946,1,469ef39f0ddc59c8913d9d5a62318e40,1bb2bdb95f4841f1bba2c0d2cd83d3c9,2017-05-11 02:23:05,24.9,15.65
4c15be541d4e1dfea4ce3642c51ea7f8,1,2bb3e85f2a403543fdb64e266e70c792,76d64c4aca3a7baf218bf93ef7fa768d,2017-05-31 08:50:11,299.9,126.19
4c1cb7f4baf46ea807d4e65bc0494dba,1,9c33575aa341a769bf00ea6e3cd12e6f,db4350fd57ae30082dec7acbaacc17f9,2017-05-29 17:45:16,15.9,21.15
4c2c7fcf017b1d438e1d6b7898d34a3a,1,75d6b6963340c6063f7f4cfcccfe6a30,cc419e0650a3c5ba77189a1882b7556a,2017-05-16 09:35:15,56.99,8.72
4c470bf188ec558ef3546d643bfa2713,1,bbaef2eadf31fe3ea6702077398be06c,cc419e0650a3c5ba77189a1882b7556a,2017-06-06 21:05:23,56.99,16.84
4c5071751ff07b3f013734d8b4aed882,1,569ffd16f8032478cbeb9800f2e94ba0,20cb7c2fde3e5bf10f0bbe7394e1c6a9,2017-05-21 22:10:20,16.9,12.48
4c5071751ff07b3f013734d8b4aed882,2,569ffd16f8032478cbeb9800f2e94ba0,20cb7c2fde3e5bf10f0bbe7394e1c6a9,2017-05-21 22:10:20,16.9,12.48
4c5277b8c416e92df5b5b5b3882b4d58,1,c3099dfa5bca8734d228152d9c7d894c,0432ead42b6c8a0bdf68154add917fdf,2017-05-16 20:05:14,94.9,14.41
4c53c2b42c60815a6be4e7bc09cb0b59,1,086351823300e0339f6955b27998c186,0c8380b62e38e8a1e6adbeba7eb9688c,2017-05-16 13:35:20,149.9,18.3
4c689245ea93c43c3bd76bda4dca1403,1,e2fcaac49de7a3a90f0dc74d7b1e9f10,2528513dd95219a6013d4d05176e391a,2017-05-11 13:55:17,299.0,21.82
4c69bbdad86856084206eaf2d9349122,1,ba55945d930e34e802e5dd2e5cffdcc8,7b0df942f46435babab05d49b744b2c4,2017-05-29 08:30:21,1899.12,26.69
4c7061e57405537a32f8c9dd0a194d68,1,fa126ff62aae83e37857ad495641c878,e9bc59e7b60fc3063eb2290deda4cced,2017-06-05 18:15:15,195.5,16.12
4c7061e57405537a32f8c9dd0a194d68,2,fa126ff62aae83e37857ad495641c878,e9bc59e7b60fc3063eb2290deda4cced,2017-06-05 18:15:15,195.5,16.12
4c7061e57405537a32f8c9dd0a194d68,3,fa126ff62aae83e37857ad495641c878,e9bc59e7b60fc3063eb2290deda4cced,2017-06-05 18:15:15,195.5,16.12
4c7061e57405537a32f8c9dd0a194d68,4,fa126ff62aae83e37857ad495641c878,e9bc59e7b60fc3063eb2290deda4cced,2017-06-05 18:15:15,195.5,16.12
4c7061e57405537a32f8c9dd0a194d68,5,fa126ff62aae83e37857ad495641c878,e9bc59e7b60fc3063eb2290deda4cced,2017-06-05 18:15:15,195.5,16.12
4c7bd0abf84a8261c6d1af7ebb5819ad,1,b944aabf1fc45c01599ee96c7f4d533e,128639473a139ac0f3e5f5ade55873a5,2017-06-01 16:02:24,14.9,15.1
4c7c07c668cc6ddf5697998d547e6d41,1,2515eea3c60c67ecbb38b2f6b72733a3,aafe36600ce604f205b86b5084d3d767,2017-05-23 11:55:11,110.0,30.3
4c907885e2378d72e669a15367eddd7e,1,39b86f4e3aedf22731990099a660a6f5,6560211a19b47992c3666cc44a7e94c0,2017-05-24 02:22:55,49.0,7.78
4c959cef952d956648c3e32fe04cba51,1,5fda5f5969ed8a446022953a89e1c81a,1b8356dabde1d35e17cef975c3f82730,2017-05-10 14:10:19,52.99,15.13
4ca6a87f196ea892c5abc4e84748fbde,1,585d35af545f17795ce05febd7a474d2,81a1104df0f08b59c68aa5b03cfe398e,2017-05-25 13:15:20,119.9,21.33
4cb28a578a5c7fb238a322631f125883,1,9270f3b77242cf44ed272b9c1c0f8653,8e6cc767478edae941d9bd9eb778d77a,2017-05-15 20:50:17,176.9,20.8
4cb7d866ce5acba93c58383df3081469,1,f75eb66dc82bccecabd706bd441cfd3a,6cd68b3ed6d59aaa9fece558ad360c0a,2017-06-01 02:30:29,109.9,21.57
4ccbe923ee3f46cb221f6efd5a2fce46,1,2a5806f10d0f00e5ad032dd2e3c8806e,7c67e1448b00f6e969d365cea6b010ab,2017-06-07 03:50:20,176.99,36.9
4cde0c37517d3ec794acfea07588f060,1,ba3c7887791624fd8c3fee460dcda417,f8db351d8c4c4c22c6835c19a46f01b0,2017-05-31 21:25:14,75.9,16.29
4cea9fef44b64122adf9656dc4980708,1,8108bd323f83c37e82b2f8ff9263da19,12b9676b00f60f3b700e83af21824c0e,2017-05-26 14:03:03,199.0,29.79
4cfe4c83980f15d36ef83167bb4ef4c2,1,91a3dcf83ffdf9fecb0dadfc7f026998,dbc22125167c298ef99da25668e1011f,2017-06-01 13:22:27,52.9,17.94
4cff7f0b5c2c6d7be3f10d0d202cbc2f,1,90509918fbc0f45016520d833ae25f78,45213867cefbf2cd4c6177e10216a951,2017-05-18 20:45:09,322.75,47.85
4d076eecff1b24fa4d0e85a6a72f3db0,1,574597aaf385996112490308e37399ce,febab0275244b9a49a623f0bd613ca2f,2017-06-05 05:02:38,49.0,16.6
4d178c8435a1d6d81ded1bfde1083628,1,21fb5057dd6a737df6851a7ab7a130da,b14db04aa7881970e83ffa9426897925,2017-05-17 23:08:52,55.0,32.84
4d178c8435a1d6d81ded1bfde1083628,2,21fb5057dd6a737df6851a7ab7a130da,b14db04aa7881970e83ffa9426897925,2017-05-17 23:08:52,55.0,32.84
4d178c8435a1d6d81ded1bfde1083628,3,21fb5057dd6a737df6851a7ab7a130da,b14db04aa7881970e83ffa9426897925,2017-05-17 23:08:52,55.0,32.84
4d1f435f8c84cb13a87a5d79b5813566,1,5bd3ba44eb990450377a2cd863821cca,38e679b9e0064cd94c6f035707344dae,2017-05-24 02:15:46,187.57,32.06
4d25e18ac18c41c5b22edfd17ecf8ae8,1,c6dd917a0be2a704582055949915ab32,7a67c85e85bb2ce8582c35f2203ad736,2017-05-09 21:30:17,99.99,15.91
4d2cdf20fe9f9e0f398d9323ae332b08,1,8232a265a535c1f886b38335667be2a5,f45122a9ab94eb4f3f8953578bc0c560,2017-05-17 17:05:17,59.99,16.18
4d3acbe72723c00c24fdbf452160d13b,1,73026ce2daa69ea29901945b1f915846,b1fecf4da1fa2689bccffa0121953643,2017-05-25 15:22:32,89.9,17.2
4d3c0c9b78aca6355fc67075364b2b05,1,556139e4bcee1fba36586a9c146cbf54,6edacfd9f9074789dad6d62ba7950b9c,2017-05-15 09:30:40,61.9,16.19
4d43556083ebb5d85e8a49e87730add6,1,f849624adffb78b4cd40066ecf73aaeb,ba6b68b55fe8704377a7d43c8e5c0185,2017-05-10 11:42:49,229.9,19.89
4d59685727333d1dbcbbcfd3f0795423,1,4b7758a4177f67648ad233ef07da2b44,d93844a9c55ba7ce353388bcf849ea56,2017-06-02 19:05:08,179.9,39.05
4d65b53f48c951380c38eb2aadc99138,1,8473872cbf0ba205b447e8651bd6e03e,14d7985702e72162bbf13b6beb74ab2b,2017-05-05 18:30:20,79.0,14.72
4d6951fdb1a472a77ce1422ca656c2b8,1,f0ea71b6e2ab4cb3bd8f5ba522a25a56,ea6b12bf9ffe2bac34602ec631d97a47,2017-06-06 17:22:46,124.8,29.27
4d7cba9ac539bd48f7fdde25ccbf3eb2,1,521a361808bedd9fffb32181e501e09b,5b179e9e8cc7ab6fd113a46ca584da81,2017-05-23 04:05:31,149.9,15.8
4d8efbb494637eed83bd4bb6d8bbf9f7,1,bfd40187494874d9bda6626efbff3bd3,3ca08eeb8d5595949fed424bd3677742,2017-05-17 16:35:12,169.9,36.85
4d9a2be7276029d8369fbf0fe73b6c0e,1,ecbe401f10ecd3b822d940d63cc3311e,cd68562d3f44870c08922d380acae552,2017-05-25 01:30:23,89.0,17.06
4dab8f54cf0785f122d751e4c9010e0a,1,d86a6c48f83b045cbba6df84926a1f25,a3a38f4affed601eb87a97788c949667,2017-05-14 21:50:19,39.9,19.59
4dadcd5f9e682c17fdc6dded70c048e0,1,337c81a0f9e751b6cbdf56680a33c365,a17f621c590ea0fab3d5d883e1630ec6,2017-05-11 14:05:12,26.33,15.1
4dc11c34257c9f9048d839d56ee0a7c2,1,35b265fd684b08f6f780239bf05a390b,7722b1df1b0e383e000397b2c11e3e19,2017-05-22 02:50:06,47.49,13.37
4dcd791c3c9b8f462aafe31901e34826,1,960a5bc8efefeecedab46b41324591df,8a32e327fe2c1b3511609d81aaf9f042,2017-05-12 19:01:53,69.99,11.73
4de4b5399589ac552a438c88653fa27b,1,a17923e795430dfd9d8e9d5bf444cee2,784ba75dd9d20200c4caed3d7a77141a,2017-05-19 20:15:18,999.9,56.02
4decb358ab08877ea0febfd7d1112a98,1,8c5876b1c7768217964f353bc7e64393,0db783cfcd3b73998abc6e10e59a102f,2017-05-22 01:02:26,49.0,11.85
4df87ac1ab76b77699ad16fc5635dbeb,1,2d2600c283c0c1af0528fd84c14a2c28,e48b04bf1aa1ef711caebeb7aede6180,2017-05-12 10:55:13,127.9,25.94
4e01c9b57e9b37add580871564686c4b,1,355e78eaf102f03855b48498d1b7e996,bfd27a966d91cfaafdb25d076585f0da,2017-06-06 04:45:21,129.0,65.71
4e096e3777d66a0e5f9df299cb080acb,1,75d6b6963340c6063f7f4cfcccfe6a30,cc419e0650a3c5ba77189a1882b7556a,2017-05-19 11:55:22,56.99,8.72
4e10aee446b5dd3802f8c8e058581d2f,1,d70a73b4d166dd09290e3b484ff14b82,92eb0f42c21942b6552362b9b114707d,2017-05-24 16:15:15,13.98,7.78
4e176003290e383bf0252afedac983ea,1,5727b4e9463bfa0b43bf97397c4b7c44,2199e7fe213c16213bf5d6a7eadc9a5d,2017-06-07 04:15:25,72.5,17.76
4e176003290e383bf0252afedac983ea,2,5727b4e9463bfa0b43bf97397c4b7c44,2199e7fe213c16213bf5d6a7eadc9a5d,2017-06-07 04:15:25,72.5,17.76
4e176003290e383bf0252afedac983ea,3,5727b4e9463bfa0b43bf97397c4b7c44,2199e7fe213c16213bf5d6a7eadc9a5d,2017-06-07 04:15:25,72.5,17.76
4e176003290e383bf0252afedac983ea,4,5727b4e9463bfa0b43bf97397c4b7c44,2199e7fe213c16213bf5d6a7eadc9a5d,2017-06-07 04:15:25,72.5,17.76
4e2684a10a34219d0106d1623609652c,1,c075b8e131353552218860f1c421e4ef,f80edd2c5aaa505cc4b0a3b219abf4b8,2017-05-10 23:42:17,48.9,37.9
4e345c55d847fa86f3500c1abfcbdb8b,1,cc971e0365873137b8bef2ebad633e6f,7a67c85e85bb2ce8582c35f2203ad736,2017-05-11 02:15:27,219.99,19.82
4e53579c0738eca6994241ff0b474dec,1,c92f0e7b9d49a9543558d6532772441b,5dceca129747e92ff8ef7a997dc4f8ca,2017-05-15 14:50:21,139.9,24.54
4e859ec6c134b185e0102517fb986b4d,1,dac2eb7c1ddae28171b16e13c80a9730,70a12e78e608ac31179aea7f8422044b,2017-05-10 02:50:42,73.0,15.72
4e89acaaa6801f3fddbd08b4258b2b6e,1,dca8cbb1c9d8a2db0fbc0c36b8d1a7bc,6560211a19b47992c3666cc44a7e94c0,2017-05-22 03:35:22,79.0,14.3
4ea3508e2de6e58640c0efe3ef758829,1,7ac3d0879c16f4e7e9a6a45d576e0efa,ad738d3fcf42655ed15c4960b7b6c601,2017-05-31 00:35:23,65.0,15.89
4ebf1b3adfeef9910d4580cf4feb91b1,1,0accb86cd9322f97f4d1523781e10fa5,4a3ca9315b744ce9f8e9374361493884,2017-05-25 14:45:16,158.2,18.36
4edaf27ed056e42729b2700dfd0dbccc,1,a298a105818dce6878b787e4af6cff7d,e26901d5ab434ce92fd9b5c256820a4e,2017-05-24 11:05:26,79.9,7.81
4ee8c2344eb547af4169bcee11664bb8,1,7fb04722aba7a2b632bac8f9819796f3,f3b80352b986ab4d1057a4b724be19d0,2017-05-11 19:05:16,99.0,19.93
4ef8f514f95bb0a41f58965ea04e7027,1,96693703af76b26b2d20895a71ea98b4,1336efc61c316ddf92c899eb817f7cae,2017-05-22 15:50:12,34.0,15.1
4f19c6b4e6eec789ace7daa84889dd37,1,3581206bcfdc0f2611c3d1e8edb87719,adcf50477d6a1f5d91bb9d54c4903cb5,2017-06-12 02:05:15,11.7,15.1
4f19c6b4e6eec789ace7daa84889dd37,2,3581206bcfdc0f2611c3d1e8edb87719,adcf50477d6a1f5d91bb9d54c4903cb5,2017-06-12 02:05:15,11.7,15.1
4f19c6b4e6eec789ace7daa84889dd37,3,3581206bcfdc0f2611c3d1e8edb87719,adcf50477d6a1f5d91bb9d54c4903cb5,2017-06-12 02:05:15,11.7,15.1
4f19c6b4e6eec789ace7daa84889dd37,4,3581206bcfdc0f2611c3d1e8edb87719,adcf50477d6a1f5d91bb9d54c4903cb5,2017-06-12 02:05:15,11.7,15.1
4f37cbf1e88e6a573c864f42e1072dd0,1,6405e17a3e8718d5316c5d644320f253,229c3efbfb0ea2058de4ccdfbc3d784a,2017-06-01 20:50:06,79.0,14.3
4f392bdcc6b33f1b56ae0fd844343bbb,1,283dc451ad3918badb976d56ff887289,da8622b14eb17ae2831f4ac5b9dab84a,2017-05-24 07:22:56,79.9,13.58
4f53648717b48854fb9db283e2cf5d27,1,62fde58e97724f8b7519f3789eefa33f,dc8798cbf453b7e0f98745e396cc5616,2017-05-25 20:25:11,49.9,11.85
4f5dbf6461099742aada5e5960f721c4,1,f20d17c5697e45b09853253384f0c583,e26901d5ab434ce92fd9b5c256820a4e,2017-05-29 19:15:14,34.9,8.72
4f61042cd85285c68606c18b44a1b13a,1,2ca9132c1c90ff5060c3ff9047904e5a,c3cfdc648177fdbbbb35635a37472c53,2017-06-07 04:30:36,89.9,20.12
4f78cf9df18b4661ea0096c43db9f402,1,d6ae8069e4a78b1dc1bfafc891a5c164,12b9676b00f60f3b700e83af21824c0e,2017-05-25 02:55:18,199.0,38.94
4f798d08a26169482935550e67126382,1,33dc3dc62db9a9f1b48cc4c3809fadb2,0432ead42b6c8a0bdf68154add917fdf,2017-05-15 21:25:26,94.9,12.16
4f8092f81e74647a7bb441b6577d62b1,1,0bb7cb61f1957f79dac582ab66ccdc1f,e26901d5ab434ce92fd9b5c256820a4e,2017-05-16 09:43:20,23.9,16.05
4f8092f81e74647a7bb441b6577d62b1,2,0bb7cb61f1957f79dac582ab66ccdc1f,e26901d5ab434ce92fd9b5c256820a4e,2017-05-16 09:43:20,23.9,16.05
4f8c0aad507bf7d1561641f3208cb43b,1,b8762d562d810c2f8d7ad7e9c12957be,dbb9b48c841a0e39e21f98e1a6b2ec3e,2017-05-25 21:30:16,29.9,7.78
4fa9d0878410252bb7108bfba1b99ac8,1,5fc3e6a4b52b0c414458104ed4037f1c,229c3efbfb0ea2058de4ccdfbc3d784a,2017-06-05 15:23:10,89.0,15.37
4fc010de2244ff9ee4e5e334699824bf,1,68db47d312d0b87e469762f0481d3b9c,f8db351d8c4c4c22c6835c19a46f01b0,2017-05-24 06:35:16,179.9,70.14
4fc320374afd63a53d0b5607ef49113c,1,1d297ac3d18250759eb36e8b6c18fb5b,37be5a7c751166fbc5f8ccba4119e043,2017-05-29 08:10:09,399.99,17.55
4fde26fa2510c48a5de5fd2fd876745d,1,7d854ab97c64ef9df2bbfaf332765786,aac29b1b99776be73c3049939652091d,2017-05-10 07:42:27,59.9,19.01
4fece39f33bf2496da17ef4392c6288d,1,982565327a800a467fffeac070672ea6,87142160b41353c4e5fca2360caf6f92,2017-06-06 13:22:57,79.0,12.26
4fece39f33bf2496da17ef4392c6288d,2,982565327a800a467fffeac070672ea6,87142160b41353c4e5fca2360caf6f92,2017-06-06 13:22:57,79.0,12.26
4ff146e64dba229dfd00df19d2cbb570,1,d8722b339cfc97d60ea267aaab121c39,7142540dd4c91e2237acb7e911c4eba2,2017-05-23 04:02:30,99.9,38.25
4ff8e28200e5a7a50b448cfaaf1f8ed3,1,951aee2eea1136dd1f2cb63241c90ab7,dd58ee93286b0821565574c570e9e1dc,2017-05-11 19:22:05,2249.0,39.31
500497099772fef25f1c6fe433ce0f8d,1,acde6bd0b5f91190e2a123df389b0b47,36a968b544695394e4e9d7572688598f,2017-05-15 22:35:26,24.9,11.85
5010ab6b12449f4912c2aa83c16bf2bc,1,cf45cea95e6b4d46e80fe098eda10c8f,cc419e0650a3c5ba77189a1882b7556a,2017-05-18 22:15:10,84.99,14.34
501fa503297c10bde871ab325df28a23,1,9ae64e1163bf254bad20d5155cffb99d,3d871de0142ce09b7081e2b9d1733cb1,2017-05-15 16:22:05,69.9,13.51
5038599d301a92796c7e52408dd0aea3,1,ddc81cd8c7351f13c000bd8294c3201b,3361277dc30b7cccdb0c286b24219756,2017-05-11 02:15:25,69.99,16.19
504d3fdb152668257245784f42c6fbc7,1,a24e985fc6dbd5f0e50b2a013fd72ed4,2a1348e9addc1af5aaa619b1a3679d6b,2017-05-11 14:41:56,44.5,12.48
5050bad26c6099dce48e97368a53f149,1,cf06bd732f93e9b3780b28268b740d8c,c273175f7c6c80fb02f051e2fc6d0d72,2017-05-18 15:50:16,69.99,8.72
505d775eb158590af72d04189474e23c,1,77794668e2278bf0045019b0d8a308b2,cca3071e3e9bb7d12640c9fbe2301306,2017-05-24 20:50:13,64.9,16.21
507f674d79323515c23139e1b0efdb4a,1,ebee6703e867082f455a058a8bd04092,fc906263ca5083d09dce42fe02247800,2017-05-11 02:15:50,39.0,20.8
508febacffe1f7bfaf96a76a59677e6d,1,1713e5b60dfb5b779fd077af351624c0,d91fb3b7d041e83b64a00a3edfb37e4f,2017-05-15 13:10:43,100.0,17.14
50a89bcd531ab8c27211eefcd4ae9871,1,ea825f519217acda066b1f5cc7ba06b3,7722b1df1b0e383e000397b2c11e3e19,2017-06-05 08:55:16,23.9,8.72
50a89bcd531ab8c27211eefcd4ae9871,2,ea825f519217acda066b1f5cc7ba06b3,7722b1df1b0e383e000397b2c11e3e19,2017-06-05 08:55:16,23.9,8.72
50accbb9397edc377aea35d7394a1ca7,1,777d2e438a1b645f3aec9bd57e92672c,4a3ca9315b744ce9f8e9374361493884,2017-06-08 04:15:19,69.9,12.83
50b5066885d2ef4b7501586bcfb8d2d0,1,bd6e8cf9fe4122c385da2bcb9f979d5d,4e922959ae960d389249c378d1c939f5,2017-05-25 17:15:10,50.0,8.27
50f3e6d7b9a5fb163548ea2591cb7cd8,1,9baa9ef12ae5a0abd8b741d7ab5bf32d,70a12e78e608ac31179aea7f8422044b,2017-05-22 08:25:11,65.0,11.95
50f578c4c614fa6e0466f3a624487da8,1,b9a248fd2814f6564a158c8f3c2b1db3,6560211a19b47992c3666cc44a7e94c0,2017-05-25 04:05:07,45.0,14.1
50f943da6e59c10475c030a61ff8a31c,1,2b1253c7c4fc2b039a4a91b0a5f1cc68,d20b021d3efdf267a402c402a48ea64b,2017-05-16 23:02:38,46.99,35.67
510c373425eabae593ad4cb8953d60f0,1,dbb4ce89c8ed5fb6fd901e2e51093179,91f848e9f4be368f4318775aac733370,2017-05-29 04:10:29,89.99,16.88
51119a98965b7d1f2fee96f39ad86695,1,d0a672bae47ae7c26b8e1e2ec152edcf,94e93ce877be27a515118dbfd2c2be41,2017-05-09 15:45:25,179.9,43.72
51119a98965b7d1f2fee96f39ad86695,2,d0a672bae47ae7c26b8e1e2ec152edcf,94e93ce877be27a515118dbfd2c2be41,2017-05-09 15:45:25,179.9,43.72
511328761e16e3cabcb23b38f6f22625,1,049469901143a0f4ead566611fda0544,a888faf2d1baececa6baf9c3d603ee1f,2017-05-24 20:22:35,349.9,17.2
51177c088b8f453ffbfbbe60aa8a39f3,1,187e7d92b8168c3661824809d0c5dffb,431af27f296bc6519d890aa5a05fdb11,2017-05-09 22:02:34,119.9,32.44
512f4f80b07d98a492f7e38f1736e1c0,1,202bd859659a841de892b00c341300ff,6560211a19b47992c3666cc44a7e94c0,2017-05-31 22:02:40,35.0,7.78
5189eca8aa65ca525e4929c6f6a758d1,1,9453bde60c4ee52155c963641736cfc5,5c243662ce92d84573bfaff24c3e3700,2017-05-31 03:25:30,467.0,19.3
518e50004c3dded8e8a25b96b47d116a,1,65ce839c7967ed73e05471cbd4cb2ec1,2009a095de2a2a41626f6c6d7722678d,2017-06-06 20:10:17,36.9,11.85
51a8469438e01a912e0e55cf32fc0abb,1,3efe696e322f9139e3d2b894cb1f7a09,062ce95fa2ad4dfaedfc79260130565f,2017-05-05 14:30:17,189.9,18.17
51b0dccc8596ce37a930dff2d63a10a2,1,bace90a7338e9d31371ad47811cf4c7d,1a3df491d1c4f1589fc2b934ada68bf2,2017-05-11 22:45:12,99.9,17.78
51b30435208f155396e7732009443833,1,4e5e41fb7d296a6f776c63fee5cb9fac,7e93a43ef30c4f03f38b393420bc753a,2017-05-22 08:55:12,669.0,19.44
51b3d3b824ebde9c8e8d84d17e98d88b,1,601a360bd2a916ecef0e88de72a6531a,7a67c85e85bb2ce8582c35f2203ad736,2017-05-12 13:05:49,129.99,18.16
51be998db4a4853bbb4aa99da629b94c,1,1878fcfa202ce65b4bfaa9d16250ee86,7c67e1448b00f6e969d365cea6b010ab,2017-06-08 15:30:16,126.99,18.6
51c064ec2d79d398b30db3f8e1de8ec8,1,b6d96e7683a87fc151ea589ce97a330d,2709af9587499e95e803a6498a5a56e9,2017-05-11 02:25:24,20.0,18.63
51c68b0aedaa22a0b426f5635ac439b1,1,9fc063fd34fed29ccc57b7f8e8d03388,ccc4bbb5f32a6ab2b7066a4130f114e3,2017-06-02 03:05:23,370.0,29.44
51e36ac90c090cef9d73b8acb1da94a2,1,656e0eca68dcecf6a31b8ececfabe3e8,e9bc59e7b60fc3063eb2290deda4cced,2017-05-22 13:10:48,93.9,15.41
51efa345a1180ca3879442a31b0a265a,1,17362fcfc13b829500dcd59fc4c02a89,8444e55c1f13cd5c179851e5ca5ebd00,2017-06-22 02:10:15,399.0,20.04
5212d3692378658f5807cd76ed591b13,1,ae7893ab2f9eec6630b5098e6362adc2,41b39e28db005d9731d9d485a83b4c38,2017-05-11 13:21:48,14.7,8.72
5212d3692378658f5807cd76ed591b13,2,ae7893ab2f9eec6630b5098e6362adc2,41b39e28db005d9731d9d485a83b4c38,2017-05-11 13:21:48,14.7,8.72
522cbbbed021f59b773323ed5039ceee,1,d46fd2913d3e97327005905cb5eda90b,4869f7a5dfa277a7dca6462dcf3b52b2,2017-06-08 01:30:17,144.0,15.76
5239a1d5badf5276845d8c71dbeb8fc9,1,c403e106353e1aa40efe783ecb39ed7a,d2374cbcbb3ca4ab1086534108cc3ab7,2017-05-25 02:16:00,38.9,14.52
5246f33ed41cfa5f5b8f64e7bc8cf0c2,1,0581c05e8e3c0d17ea0ef8904419ec00,53e4c6e0f4312d4d2107a8c9cddf45cd,2017-05-11 08:55:17,52.0,17.2
5290e7df554faefd14affce83e43578a,1,29b85c2f1ec5f4d02b03737a8fd3698b,44073f8b7e41514de3b7815dd0237f4f,2017-05-31 13:55:14,186.9,26.59
5295794ed329bd3ffd4581bc4a0627a5,1,6f544a62e85efa4d7a5e135482b31d79,232a6014e7b10cba61c6c2b2ea6bb4b0,2017-05-22 14:05:23,118.9,37.97
529a75fb210fa78371c2b71fa96f8b71,1,eebbed5ed3b134eceb717496c47652ba,d1c281d3ae149232351cd8c8cc885f0d,2017-05-15 09:45:32,99.99,15.46
52b5d7a8d05435a607e602cc6d22af5c,1,e4e81849dd9ccdefe1e7398792a6a4b4,77530e9772f57a62c906e1c21538ab82,2017-05-17 10:25:26,49.0,25.38
52b5d7a8d05435a607e602cc6d22af5c,2,e4e81849dd9ccdefe1e7398792a6a4b4,77530e9772f57a62c906e1c21538ab82,2017-05-17 10:25:26,49.0,25.38
52b5d7a8d05435a607e602cc6d22af5c,3,e4e81849dd9ccdefe1e7398792a6a4b4,77530e9772f57a62c906e1c21538ab82,2017-05-17 10:25:26,49.0,25.38
52d95b0538fecb3014db141985d65d64,1,9453bde60c4ee52155c963641736cfc5,5c243662ce92d84573bfaff24c3e3700,2017-05-30 22:30:21,467.0,20.55
52fbf883cea22e6627c1aa7c49ecd8f8,1,ace5d86cf1ac63cdb76f49e5cd23d2f8,cca3071e3e9bb7d12640c9fbe2301306,2017-05-26 18:22:34,50.9,35.68
5313bda5d2785348137647a4f64236a9,1,2338a290bd0581fde51b770baeddb0a6,0d85bbda9889ce1f7e63778d24f346eb,2017-05-31 16:25:17,69.9,27.87
531694ee49280f6c3d2febd2c0f5334d,1,1fc6e1729d564ec77eeeb9df95fca74f,20d83f3ef0e6925fd74bfd59170babf7,2017-05-10 22:30:16,59.9,11.03
531694ee49280f6c3d2febd2c0f5334d,2,473ecd4c15ecda05e4044ef14f1f4c2e,20d83f3ef0e6925fd74bfd59170babf7,2017-05-10 22:30:16,59.9,11.03
5352e5739f5e5d0fb4d12c4fd4ca8bf5,1,c6745a1ce132f8dc5f38829c6fb67eba,e9d99831abad74458942f21e16f33f92,2017-05-11 19:30:20,35.99,7.78
5371c621f3943c45deabe534a8fd61eb,1,fa126ff62aae83e37857ad495641c878,e9bc59e7b60fc3063eb2290deda4cced,2017-05-18 16:55:24,207.5,16.2
53893bc57fd2d4ff7dc5e76ad4773540,1,a5620dbc470a8e3ec837aaf1bbd48eb8,827f8f69dfa529c561901c4f2e0f332f,2017-05-26 13:10:53,29.9,14.1
538f56b420aef05904848cded0109e02,1,601a360bd2a916ecef0e88de72a6531a,7a67c85e85bb2ce8582c35f2203ad736,2017-06-05 04:15:18,129.99,17.16
53a9376a425911091015328b99a61207,1,827f677ed9cd1e18a5f4e8ecd4eb7489,92eb0f42c21942b6552362b9b114707d,2017-05-30 03:03:08,12.5,7.78
53cbf33b674d602f6746cb90a9d874fd,1,35afc973633aaeb6b877ff57b2793310,4a3ca9315b744ce9f8e9374361493884,2017-05-23 03:25:20,89.9,12.13
53d617fa54db4fccf68f9b09a553c7ca,1,574597aaf385996112490308e37399ce,febab0275244b9a49a623f0bd613ca2f,2017-05-19 14:55:16,49.0,17.6
5403e41a6cd4260f3804c8887b407032,1,b77dd6385638733dd46bf68b093715b7,ef506c96320abeedfb894c34db06f478,2017-05-31 02:45:21,28.99,15.1
540b0c68a4bc555477ee033cfb99b095,1,21a23f7375628a983f0496f2511e62fa,cca3071e3e9bb7d12640c9fbe2301306,2017-06-04 21:25:07,39.9,12.69
5417f73c560c9f52b1a22639681e14ab,1,0efc91aa52d1f0669126d3000a94279b,d1c281d3ae149232351cd8c8cc885f0d,2017-05-22 03:22:31,109.99,16.4
5417f73c560c9f52b1a22639681e14ab,2,0efc91aa52d1f0669126d3000a94279b,d1c281d3ae149232351cd8c8cc885f0d,2017-05-22 03:22:31,109.99,16.4
541c0eac677c2bba8a6417b7e9d8667f,1,ffbe169d395060d7fb975c990581a329,5a8e7d5003a1f221f9e1d6e411de7c23,2017-06-01 03:10:17,39.9,14.1
541c0eac677c2bba8a6417b7e9d8667f,2,ffbe169d395060d7fb975c990581a329,5a8e7d5003a1f221f9e1d6e411de7c23,2017-06-01 03:10:17,39.9,14.1
544238f04f24765a69670a0195dc23c5,1,3e6185f70df5a257fee1631488ba93d5,7722b1df1b0e383e000397b2c11e3e19,2017-05-16 22:55:16,69.9,16.25
5446e615a50f372158d92b957361fecb,1,d5991653e037ccb7af6ed7d94246b249,25c5c91f63607446a97b143d2d535d31,2017-06-05 21:25:15,160.0,14.85
5446e615a50f372158d92b957361fecb,2,d5991653e037ccb7af6ed7d94246b249,25c5c91f63607446a97b143d2d535d31,2017-06-05 21:25:15,160.0,14.85
544d4de462a8ad0d9492999b6708ebcc,1,620b45f968a49556658d15ef8560a30d,9c0e69c7bf2619675bbadf47b43f655a,2017-05-30 17:23:09,329.9,11.72
545b9d98685b98a2203d2ba6e56b8e3a,1,64051126507bdb875c1baf5b3b5a9a98,9646c3513289980f17226a2fc4720dbd,2017-05-10 13:45:19,48.0,11.74
545f259d01f0a271186e324228070de7,1,1c57458e824ca3d974ec1831a1a55e72,2e90cb1677d35cfe24eef47d441b7c87,2017-05-24 02:30:10,99.9,26.84
54ac92ea720b2574ecf18f372f41ea71,1,c681df24c54f79b5eab51e15b603abf8,1127b7f2594683f2510f1c2c834a486b,2017-05-26 20:05:18,28.28,16.11
54b73f808b0ff25da4276773c30ac269,1,99a4788cb24856965c36a24e339b6058,4a3ca9315b744ce9f8e9374361493884,2017-06-02 16:45:17,89.9,15.38
54df475b621101259545a784f1bdfcf8,1,53efd9ce31847b93ddaad249b879b88c,440dd6ab244315c632130ecfb63827b1,2017-05-10 23:30:20,97.5,13.7
54e6829fe81bc86cf88b12e6d07ea298,1,d8342ac8b27a03e8d25280c296dfa830,6d7f8d9d594e28796b6b3205b00f459c,2017-05-25 16:10:12,179.0,20.74
5506c622c9692ec1a2145b8b8f712eba,1,7f8b42a3cbe617b6112e0623f0d32fa2,c878515173c84a492ebe50d6b493230b,2017-05-14 22:25:11,189.0,24.19
5508daa213736c46607364c74e226dfa,1,a298a105818dce6878b787e4af6cff7d,e26901d5ab434ce92fd9b5c256820a4e,2017-05-11 19:55:17,79.9,7.81
55171604d89792c3bb7c4590b9d1612f,1,8695c431b31927efef5343e675f279e7,fe2032dab1a61af8794248c8196565c9,2017-05-25 21:15:19,179.9,15.01
551dc720414dea175fabed81e4ada2c0,1,154e7e31ebfa092203795c972e5804a6,cc419e0650a3c5ba77189a1882b7556a,2017-06-12 04:10:16,19.99,7.78
5520cb02f3be1a666c327b7357e7da18,1,090ab1523d3fe5832c09a55b7195e32b,ef506c96320abeedfb894c34db06f478,2017-05-23 03:50:30,22.99,21.15
55404f7c33f7e16a818555a8aafeadc6,1,fd220f6fd5a3f13ef9db07428f9c935d,a3a38f4affed601eb87a97788c949667,2017-06-05 11:25:27,79.9,17.0
554447ab44775d602bfe7b76e9407b9a,1,bace90a7338e9d31371ad47811cf4c7d,1a3df491d1c4f1589fc2b934ada68bf2,2017-05-30 18:50:21,99.9,42.73
5544b752d8491d6ddeaa9297e18be42b,1,186052b3f166a0f7227e78b2d27652d3,11305281b50fff20ae8bb473f8e11876,2017-06-06 11:50:12,149.99,17.53
55463b6644570a60e7bd7f1c26c3c46d,1,42a2c92a0979a949ca4ea89ec5c7b934,813348c996469b40f2e028d5429d3495,2017-05-24 18:45:10,59.9,17.67
559e9d91731612dbcf09e8103ac2cd60,1,79cb68c2ccd94a4da825b9e33adf0697,efcd8d2104f1a05d028af7bad20d974b,2017-05-25 02:25:40,39.99,15.1
55b7d8a3d0db6bec3060f8434a82a307,1,672bdce161930b1c72890c619224376a,8444e55c1f13cd5c179851e5ca5ebd00,2017-06-14 23:10:17,389.0,40.27
55d74dbd18c5f5e386303d8ec5b70a65,1,601a360bd2a916ecef0e88de72a6531a,7a67c85e85bb2ce8582c35f2203ad736,2017-05-23 19:43:26,129.99,18.16
55de7dd020b106e53605a949012b60cc,1,e7890707ac0e4e190a74aa46c92e2c94,6560211a19b47992c3666cc44a7e94c0,2017-06-01 11:22:51,59.0,11.91
55dfff244bc5d5f81d58d4148062c9b6,1,4094a0149a0f4da09703696fe235617c,cca3071e3e9bb7d12640c9fbe2301306,2017-05-15 08:42:22,50.9,19.06
5602c7ec0703c496d76b3e8d812b150d,1,f90c81e1fa9b03873a387e7919e99b59,6df688df543f90e9b38f4319e75a9d88,2017-06-02 20:10:13,49.0,15.79
560459df3c765b876f92c018e728b978,1,ac6c3623068f30de03045865e4e10089,df560393f3a51e74553ab94004ba5c87,2017-05-31 23:42:36,199.9,18.65
5627e8c82351e621a4f63476e69f3103,1,7932fcce65e2aee84d6feb4a288f9cb9,1e483cc5c76fef08d3ca05f9a8af7d01,2017-05-24 13:10:24,5.9,14.1
5635c4d926a70f077059cfbc66700181,1,5a6e53c3b4e8684b13388d6aa4afdf12,7299e27ed73d2ad986de7f7c77d919fa,2017-05-18 13:06:35,16.99,15.1
565073e67c654be3a7e7fe0e10e36629,1,46ded74d8d8e187dabe94a64dd15a7cd,fc906263ca5083d09dce42fe02247800,2017-05-29 23:10:13,39.9,14.1
56ae029ed8bd31758f66831a64bf5629,1,28b5fef7b6d63771e9784bc68c783793,d91fb3b7d041e83b64a00a3edfb37e4f,2017-05-11 20:22:13,35.0,16.11
56c93a3f93a1e7eb24ed51a6931dc488,1,060965aa6dfa817b80abda0c9413cc77,1c5e4e49b9079480255b49d50aac1aa9,2017-06-01 02:50:20,834.56,99.14
56d1f75d4f625ce5ac6ab30d22cc35fa,1,e6609e94d7b022fd6abf6142401618f9,e5a3438891c0bfdb9394643f95273d8e,2017-05-29 03:42:28,21.99,15.1
56dcbf1c8f148732f46bb1770568aa5d,1,725cbfcaff95a4d43742fdf13cf43c75,e26901d5ab434ce92fd9b5c256820a4e,2017-05-25 16:25:14,39.9,17.63
56de0edb4db33436ad3f4548267afdb7,1,2d063994ae4667cff3d6841e9d441d1d,13d058e4eeac2ce8217660b2f8a05812,2017-05-17 18:35:09,89.99,18.52
56fe40ecc356cf04f67dc6c69f010ddd,1,a84c7b893ea37674ef896fa866793e7d,17306570e772e7718c92a562d33f5f1d,2017-05-18 23:40:52,629.9,29.25
570b4fa8d33a773b9d32bd9a5c9eb077,1,2c930b64f2bd69c30cd3473b82653ae0,1554a68530182680ad5c8b042c3ab563,2017-05-18 10:15:18,62.9,16.2
570b4fa8d33a773b9d32bd9a5c9eb077,2,2c930b64f2bd69c30cd3473b82653ae0,1554a68530182680ad5c8b042c3ab563,2017-05-18 10:15:18,62.9,16.2
57232372e09e40010fd0264135cd2c43,1,b4fc7e84dcaf2fcf3edb234e30362929,c3867b4666c7d76867627c2f7fb22e21,2017-05-19 02:50:37,115.0,16.57
5751393707f2a02613754fb5d13c8925,1,bfb0b1ac4d2c3e1ebae4a01c3fcbfb1e,17e34d8224d27a541263c4c64b11a56b,2017-05-23 22:42:27,122.99,18.43
576882ceaf82e014aa28d9909f9d1636,1,88d07a97123a341509effc395bf418c8,f45122a9ab94eb4f3f8953578bc0c560,2017-05-11 02:25:34,29.9,10.96
577741df3a9a24834a116ed4b278233e,1,9fc98e39f04be8e382d8aa5e259f5489,d2374cbcbb3ca4ab1086534108cc3ab7,2017-06-01 02:55:21,47.9,15.1
5780d10774b33a1128ca4bcb46c055af,1,e5f4167c170ccd8777cbf51841b6f7f3,7722b1df1b0e383e000397b2c11e3e19,2017-05-17 22:55:06,67.9,8.72
57c4f75f9937aa5eb6da206e2848c250,1,6002665d65ee348dcd357c7bb2f080bd,f45122a9ab94eb4f3f8953578bc0c560,2017-05-15 09:50:28,59.99,13.44
57db811a1db1b622111203c37e6f98f1,1,154e7e31ebfa092203795c972e5804a6,cc419e0650a3c5ba77189a1882b7556a,2017-05-15 22:05:15,19.99,14.52
57e06a77c76af39efecf2153bb43ee33,1,23a8c3849cf3f25b1962e056d459deb7,de23c3b98a88888289c6f5cc1209054a,2017-05-11 02:23:04,519.99,19.89
57e1f02c24c1c6c9b445d77373d9f4fa,1,a5f6ba3fe91a2e73f10b612131cb2404,4e922959ae960d389249c378d1c939f5,2017-05-10 17:03:07,39.0,14.52
57e784238be7a617f533ecdc347ece0c,1,def59eb2e17b32b980b5341984f6b500,f8db351d8c4c4c22c6835c19a46f01b0,2017-06-01 15:05:07,22.9,15.1
583dfa864ad33b5056f352e0cff6b713,1,5f1d10ccc8198967ca0278fdfd474a51,054694fa03fe82cec4b7551487331d74,2017-05-22 03:35:18,447.0,19.84
5852550cf22fcb9c36345a0b65992ff5,1,3327aad61d86158ed8bfd97388e37376,c68fb906c8f4b4b946d8386bfa6e5467,2017-05-25 02:30:36,47.25,15.1
5857c4471757f3c88440e2f2f405c7c1,1,bbaef2eadf31fe3ea6702077398be06c,cc419e0650a3c5ba77189a1882b7556a,2017-06-06 04:35:27,56.99,11.9
5859370f19fe47ef87a4b0d110e6cf67,1,f74353ffeaa55836a3cf603a2dcd855e,01cf7e3d21494c41fb86034f2e714fa1,2017-06-05 17:23:15,549.9,30.17
587ed74a3001b5f1083b78c5bb0090c2,1,cedf309ce95b4a69d153dd219dd1cef8,3bdff180c7e1f6551a643b99c265a120,2017-05-11 00:30:26,49.9,14.12
588017c78f6057bfaad9fafa5a05f5d9,1,f2e9bb932d99a4a695ebde162fcefc35,624f4ece8da4aafb77699233d480f8ef,2017-05-09 11:10:19,119.0,33.38
58911a5b99a60d9f2f64485528c69a84,1,e706d603c40437249cea9606699273a7,5f2684dab12e59f83bef73ae57724e45,2017-06-04 21:45:09,119.9,15.6
589795a183cebb8c0023a76a44447747,1,753de82a096285dc21658d87c4933771,16090f2ca825584b5a147ab24aa30c86,2017-05-26 17:25:21,89.99,15.38
58aa4a2e2d2b63972e1c4508ed5f7cd7,1,6feecc05ee0c88b6194450c8a580629b,5f2684dab12e59f83bef73ae57724e45,2017-06-01 14:22:35,139.9,14.0
58af5cb7dd3b38d0e83d7768dade1e0a,1,d267d19dabd3e26083fc8529fdc35ea3,e48cc16ab70bfa09e1401740dce0b3d7,2017-06-01 06:35:16,49.99,16.11
58b7b387d2173cbc99155daa2b3017ce,1,4150111276cd3b62fcaeb7814cca0e08,f45122a9ab94eb4f3f8953578bc0c560,2017-05-10 02:05:11,85.99,14.77
58bdae413815114d8b8efa3df9cdf706,1,45fc964dc03d16147f82dbe844e2cdf1,ec4608a1f76453166bb312b2968aeaf4,2017-05-15 09:50:14,23.49,24.66
58c4df4904044782bb1361c5cb001538,1,cce5fb9f7c1ec276edfcf70741b519bb,dbb9b48c841a0e39e21f98e1a6b2ec3e,2017-05-21 22:02:47,289.9,17.95
58c4df4904044782bb1361c5cb001538,2,6bbe55cf8f85c87b6eebb775a53402f4,0db783cfcd3b73998abc6e10e59a102f,2017-05-21 22:02:47,99.0,1.71
58c590867885881a4b3b8c14bea24125,1,2b4609f8948be18874494203496bc318,cc419e0650a3c5ba77189a1882b7556a,2017-06-01 20:22:48,89.99,25.91
58da121f4b355734661e99087e7e4ffb,1,860ad475cebc2e85e852042dad735be0,b2eecf5ea250510da76590ca79d60e5d,2017-05-11 10:42:19,35.0,14.1
58da121f4b355734661e99087e7e4ffb,2,860ad475cebc2e85e852042dad735be0,b2eecf5ea250510da76590ca79d60e5d,2017-05-11 10:42:19,35.0,14.1
58e005414df700025a261e572c2a9fc1,1,a869ec6209c361ca46dad85a5530e119,c3cfdc648177fdbbbb35635a37472c53,2017-05-22 18:02:34,169.9,21.68
58e507b7d867429e6bd5116ea280588d,1,c4282015d858b8d5c14c1ec6b9000664,38102b031c2a15e54623d711bfc753d3,2017-05-11 13:10:26,39.0,34.15
58e6526f1ade5070dcfbc31f7eacfe50,1,c6dd917a0be2a704582055949915ab32,7a67c85e85bb2ce8582c35f2203ad736,2017-05-10 10:15:27,99.99,15.91
59229a140708a54d8e3a52865dd924eb,1,0ed27993e016d4546e2038bfd75b812c,25e47381a6c510ddeb36084e33b89f0c,2017-06-01 10:55:08,59.9,9.94
5944fb964cf73639af7fcd817b6fd31b,1,72aa1e49a803b462fd0a83071c894e7b,4e17c65a516f69d023a2ae78b84f28d6,2017-06-27 21:05:10,165.9,15.92
594bf20a8f9e5e9cf267b3ee3260679b,1,cc68bcd2a2720e95aef8b6cb71f62ed9,a17f621c590ea0fab3d5d883e1630ec6,2017-05-12 09:31:36,17.33,10.96
594c301ae4607a70c9b289be38f66a4d,1,9331902511470e97acfdbe2c30db3551,7e93a43ef30c4f03f38b393420bc753a,2017-05-30 20:25:15,197.8,16.13
595a12453a3b12e84dbfc0d248331d4c,1,4fcb3d9a5f4871e8362dfedbdb02b064,8581055ce74af1daba164fdbd55a40de,2017-05-15 09:42:50,143.8,15.76
595a99ff17a6ca3ab990cc37da29fd2a,1,834c93d10b7198a51cb3420a91d0146f,7722b1df1b0e383e000397b2c11e3e19,2017-05-29 10:25:23,21.98,15.1
5968eb552ac0dfa3a19e11d2190503d3,1,660c32ce966761f6ed394953aef732b4,cca3071e3e9bb7d12640c9fbe2301306,2017-05-15 16:10:16,149.9,21.54
599647f3b1e2a0c0f0d2471bf9e9e353,1,6eb6618376baf873225738ce4fe760ac,41b39e28db005d9731d9d485a83b4c38,2017-05-25 02:15:18,34.9,26.89
59a819cd06eb0e6209b8eb1ba0df3d6a,1,284d7e2406319d5b3491ee65da648b6e,7b07b3c7487f0ea825fc6df75abd658b,2017-06-06 14:10:15,159.9,17.37
59b16f8ad42d4ca115b579dca32f7e76,1,777d2e438a1b645f3aec9bd57e92672c,4a3ca9315b744ce9f8e9374361493884,2017-06-01 13:55:17,69.9,12.83
59c89c6f877fc8863ea3527950e3ae68,1,bc0bfbb69aec0f46d1058bfeb5b973b3,3078096983cf766a32a06257648502d1,2017-05-25 08:25:07,78.9,12.05
59cd790c5f7a727afff6c7032bf26f90,1,3488d2ce36e718097c1509444289ef7f,a888faf2d1baececa6baf9c3d603ee1f,2017-05-10 11:31:01,199.9,15.57
5a00cce1aa1bcbcfb4b1f88cc126afb2,1,776ef0ee36e20757c513e64903f1fa8a,70a12e78e608ac31179aea7f8422044b,2017-05-10 02:55:40,98.0,26.95
5a0a4c1f366a0fcae698f3de1f03c0fd,1,b8316b6fcbdee6f6e8760865065dc0f5,dc4a0fc896dc34b0d5bfec8438291c80,2017-05-11 14:10:23,34.76,24.84
5a0a4c1f366a0fcae698f3de1f03c0fd,2,b8316b6fcbdee6f6e8760865065dc0f5,dc4a0fc896dc34b0d5bfec8438291c80,2017-05-11 14:10:23,34.76,24.84
5a122a24e535e617fb813c0123ab0783,1,4903460ef3e8a5a22e2b8027f3f63dd6,744dac408745240a2c2528fb1b6028f3,2017-05-31 19:05:15,158.0,15.86
5a130e5571bc83bee3bbf7524d83b831,1,246e1686bfd115c87718db59425dfa1d,a17f621c590ea0fab3d5d883e1630ec6,2017-05-26 13:10:19,14.33,9.27
5af5ca095ad252181b2d59519e3714db,1,e03f4e4044f06ae9349b2f891e614923,dc8798cbf453b7e0f98745e396cc5616,2017-05-22 09:05:17,54.9,7.78
5b2b9ac65739f66309f4ca13b999dc19,1,ab9cf155f8280c3739b09fe341a185e8,92eb0f42c21942b6552362b9b114707d,2017-05-14 21:25:13,13.98,21.15
5b3a827693de8853bedacce89b3cc8cd,1,04c200c7067838a36677c2cb65f90987,0509040ea3fe50071181bbc359eb7738,2017-05-26 15:25:20,28.99,14.1
5b564ae719f89063362d24f1729d7ca2,1,b6af69cb42f5e5e78bcf59f9be1b61a7,36a968b544695394e4e9d7572688598f,2017-06-01 12:14:52,399.0,14.75
5b81d7f0f897982fce8bd000471c973a,1,fdd84aefb08c8f8225e0b8c97429d53b,94144541854e298c2d976cb893b81343,2017-05-09 11:22:51,51.9,16.06
5b8c60dba179499a7eba13bcd9131415,1,35ebf08a93899d44e756809e11b14754,128639473a139ac0f3e5f5ade55873a5,2017-05-18 20:02:31,12.9,16.79
5ba291a4740d9f7973e2f135a6a7f54f,1,cb035acb0af5f79c8ebad476b968574a,70a12e78e608ac31179aea7f8422044b,2017-05-12 11:55:15,39.0,12.69
5bb1e2f9ec792581a2209d429cfc1892,1,17984012f01e836fad7cb9224c211baf,3ea00e1dea2b0659dbaf654735929220,2017-05-29 04:22:33,55.0,42.42
5bb7a11eb58ffba1a56c37d59dc1f1ec,1,8a2c3b7ed6d098de813279ade9a1d0de,3b15288545f8928d3e65a8f949a28291,2017-06-07 04:50:23,169.99,21.68
5bb7f13d8996f3b384e2820e7f7e8659,1,4c6cbc8f097c261f62ae0a8a2660db03,0df3984f9dfb3d49ac6366acbd3bbb85,2017-05-08 12:36:04,92.9,18.08
5bd06bab48e0423fc35d1c236d48a6bb,1,1d16c0509e7011656e03c6a582ff6667,17f51e7198701186712e53a39c564617,2017-05-29 02:55:06,760.0,248.54
5bd06bab48e0423fc35d1c236d48a6bb,2,1d16c0509e7011656e03c6a582ff6667,17f51e7198701186712e53a39c564617,2017-05-29 02:55:06,760.0,248.54
5bd6d7a2a88f8150d8fa5b7e9158ec7e,1,f3c5707e7c539ab6533e3611da02b648,d1c281d3ae149232351cd8c8cc885f0d,2017-05-31 15:25:09,160.99,24.0
5bf1e6094b4bf3d73daa1bf1c22a0eda,1,f72b7888719ff77bf96e14bc97b64430,cfb1a033743668a192316f3c6d1d2671,2017-05-16 19:22:06,124.9,33.32
5c023462e58e2ae6d5d23ee03de1563c,1,c43ab4269cbf91b373263db4c2973cad,48436dade18ac8b2bce089ec2a041202,2017-06-01 02:30:22,45.9,16.11
5c02bd0280dd1e668265d1500d2da8da,1,0b0c716fcf2c2571d2e62271261f2abe,f84a00e60c73a49e7e851c9bdca3a5bb,2017-05-19 15:35:17,56.0,21.63
5c1ae73856bf1d09958ec5ae3a64b73a,1,e6b6e13cf71449a457269f425b89dc74,b2ba3715d723d245138f291a6fe42594,2017-05-17 23:35:16,89.9,14.38
5c2bbf0c34b51eec1e79c0d7ef81f86b,1,08574b074924071f4e201e151b152b4e,001cca7ae9ae17fb1caed9dfb1094831,2017-05-31 02:50:15,89.0,69.33
5c4f206f887c5afc6acb306477d65807,1,6cdd53843498f92890544667809f1595,ccc4bbb5f32a6ab2b7066a4130f114e3,2017-05-26 04:05:21,349.9,29.3
5c56feac31484b306b0612e027378d71,1,674d9e3c3964c35239687c920b19a307,2138ccb85b11a4ec1e37afbd1c8eda1f,2017-05-26 13:05:17,29.99,7.78
5c5bddc85dbccc2797c8fcfc4aeeb3a7,1,601a360bd2a916ecef0e88de72a6531a,7a67c85e85bb2ce8582c35f2203ad736,2017-05-26 00:22:01,129.99,18.16
5c5e8bf7719ca2cdd3e2950cefe0d1dc,1,3ae3ff1822dea42b242b5902e605c1bd,4a3ca9315b744ce9f8e9374361493884,2017-05-26 19:25:22,220.0,16.29
5c87f97c103f08f9cd977b07384a3fd3,1,66e9fb73e349cba44b29951e558a6780,98dac6635aee4995d501a3972e047414,2017-06-02 20:30:27,9.6,16.11
5ca436931d761c22f7015e6ef5fc33a4,1,059fb7d4b3383690a65610a1d6320e7e,70a12e78e608ac31179aea7f8422044b,2017-05-08 08:42:17,15.0,10.96
5ca62592256e82604cb922a22fd3b69b,1,8fd4a0aecf57598dcdc75d1520069acf,fe2032dab1a61af8794248c8196565c9,2017-06-01 22:35:21,179.0,22.05
5caafce59fc6edde8a3ebb211bc3d980,1,7f1a77bec0639e473392e91a504272a5,48436dade18ac8b2bce089ec2a041202,2017-05-18 02:55:51,55.9,17.96
5ccb4a64fc9be1b3a80e261aef938115,1,87b73d2916d30401b87dff20844af6db,17e34d8224d27a541263c4c64b11a56b,2017-05-12 10:35:24,109.5,34.57
5cd692d410145f2f1d7ac869a323707c,1,056fc939c78534a5fb6a762ef17d912e,df560393f3a51e74553ab94004ba5c87,2017-06-05 15:55:22,87.9,17.87
5cddc0e7aa59980c2f6018bbbde4b776,1,d8de812ed5d981fc6a3984f4caa2aa05,54a1852d1b8f10312c55e906355666ee,2017-06-01 07:15:11,59.99,14.17
5cf62f9c757b9bc80a12ffe293efa0ac,1,87cc2aef12eddf0b170234138b0946e0,34d1ca11b242c0fee2c834ae8d788566,2017-05-17 04:22:39,185.81,17.06
5d246b537802d7ec7fbcf84ba7e43199,1,f35927953ed82e19d06ad3aac2f06353,669ae81880e08f269a64487cfb287169,2017-05-07 21:02:39,115.0,16.51
5d322f251f819899cfcc89e316e4f4d2,1,e68a5a5626c4b1bfc5ca78202f898300,7a67c85e85bb2ce8582c35f2203ad736,2017-05-25 01:25:27,199.99,12.6
5d4904af2abec966288d8236c091bbda,1,0f0c4960b05d6145bbb4b348423503ef,edf96ef93ed595084bbcbd9224bd2894,2017-05-18 18:30:12,42.0,16.6
5d80f1568478295e280e48e5d766bb28,1,f83c9874b5b5044ea58fef1be68c1ea8,2e90cb1677d35cfe24eef47d441b7c87,2017-05-26 08:42:41,132.7,31.68
5d848f3d93a493c1c8955e018240e7ca,1,4e1d2ef2974c85d82582edfe594a4f57,1da3aeb70d7989d1e6d9b0e887f97c23,2017-05-21 23:42:34,14.99,7.78
5d84d2af140f3d69293995b16e8f8eeb,1,c10d7c70907ad6d09ada0581ef6bf839,f8db351d8c4c4c22c6835c19a46f01b0,2017-05-25 04:15:12,208.9,14.48
5d84d2af140f3d69293995b16e8f8eeb,2,c10d7c70907ad6d09ada0581ef6bf839,f8db351d8c4c4c22c6835c19a46f01b0,2017-05-25 04:15:12,208.9,14.48
5d84d2af140f3d69293995b16e8f8eeb,3,c10d7c70907ad6d09ada0581ef6bf839,f8db351d8c4c4c22c6835c19a46f01b0,2017-05-25 04:15:12,208.9,14.48
5d84d2af140f3d69293995b16e8f8eeb,4,c10d7c70907ad6d09ada0581ef6bf839,f8db351d8c4c4c22c6835c19a46f01b0,2017-05-25 04:15:12,208.9,14.48
5d897972f7c8ca3878faa6d297a0173e,1,be8aef10cd8c8a52fa98f5f7f71bb373,4a3ca9315b744ce9f8e9374361493884,2017-05-19 15:50:15,139.9,17.42
5d897972f7c8ca3878faa6d297a0173e,2,be8aef10cd8c8a52fa98f5f7f71bb373,4a3ca9315b744ce9f8e9374361493884,2017-05-19 15:50:15,139.9,17.42
5db14e1988a5d3ad8675f9d47b6fdcba,1,6822e9990a24f2d91e680ce5cf1731cd,1da3aeb70d7989d1e6d9b0e887f97c23,2017-05-29 04:10:22,24.99,14.1
5dc24bf5707bbc27e862fb141ac5872d,1,49a968658d070a34b8ace5e4441d1030,6560211a19b47992c3666cc44a7e94c0,2017-05-19 14:05:20,35.0,11.85
5df44528d70dc33f65da33161231b8dc,1,8cb6f92f3b07d35afd093ae66a4dc768,c273175f7c6c80fb02f051e2fc6d0d72,2017-05-11 10:50:25,37.9,14.52
5e15bf5197c40a5c6b4e94cc0ac12360,1,1e5748190b56004a34ec795670bffe4d,d12c926d74ceff0a90a21184466ce161,2017-05-29 01:05:13,119.9,15.59
5e2488af524e8aeb633062a365974141,1,cc971e0365873137b8bef2ebad633e6f,7a67c85e85bb2ce8582c35f2203ad736,2017-05-12 13:35:17,219.99,18.79
5e301cd08b777c3ccd87ec64498e785d,1,e456721fdab66b576664c035ad183965,0ea22c1cfbdc755f86b9b54b39c16043,2017-05-09 17:35:12,29.9,17.78
5e37bd369f48eb8220fb2d3460f74833,1,3db75f31b76375c502f64d550dcd1166,85d9eb9ddc5d00ca9336a2219c97bb13,2017-05-30 23:45:09,31.9,14.1
5e42950b6aa90d698e75af4e41641386,1,d5e157caef73dc3e8b4ab5c7e6b9aa67,cb5df0dcb9e280b1780e9d589889f2c7,2017-05-31 16:33:12,97.99,41.08
5e4c444119f9dde26396d882d2f351d5,1,154e7e31ebfa092203795c972e5804a6,cc419e0650a3c5ba77189a1882b7556a,2017-06-07 17:05:22,19.99,15.1
5e594c0fba46b4a42cc7b766fa0e06fe,1,802d4aa654f6b24ca4d5bd2c61c0b079,6288c69c4ce638e59925e59193f98b16,2017-05-23 19:25:13,415.99,11.11
5e59c927dc00fd6d6f9661fd8736989c,1,7c2d0df8e5fbfa71d54a400b33a8502e,7e1fb0a3ebfb01ffb3a7dae98bf3238d,2017-05-18 03:05:25,116.0,15.56
5e5c29987bbb83ed38c9b25a753f978f,1,2fec8bf6ad4d8e40874fbc3808f419cb,e5a38146df062edaf55c38afa99e42dc,2017-06-02 10:10:18,89.81,16.88
5e5d6b5f5e7801991be4d2299bfa37eb,1,fc1449f3ffc59fd2eb9640505aea0581,9c0e69c7bf2619675bbadf47b43f655a,2017-06-01 13:05:08,200.4,38.95
5e62e50d9a6f7899a6d806fc809d99c8,1,c5db51af7d9a58228bcea932010cf080,f5f2ab9bdb6b30c14c61be68c5ed37da,2017-06-01 17:55:13,158.9,16.74
5e65f0a09d4d7bc8e34dfc8f4144bcdc,1,31a2f42a87890f87d77daebdfabc182e,4c03b9dd4c11ee2cb35c96c49efc9420,2017-06-02 01:22:39,149.0,16.67
5e666f31a774ff904141886e1ef4e3d3,1,0da9ffd92214425d880de3f94e74ce39,001cca7ae9ae17fb1caed9dfb1094831,2017-06-05 18:30:15,99.99,49.41
5e6bf5e993fb83ee6af7a9f8a954e807,1,72348c2ae355b4d8c6680ca93a8e263a,c731d18cea9bf687ffee82a241c25b11,2017-05-31 21:42:00,156.0,21.58
5e70bcf826ffb41fbf68e94ba929635e,1,6cbd4637b69fff7d983bb1a757febf71,2089a6d640999f9b9141ac719b2af596,2017-05-17 17:10:18,356.49,14.0
5e757e6bf8a635c569659cd7288c8039,1,979c36deada6af57d4f1d9b85a60978c,83e197e95a1bbabc8c75e883ed016c47,2017-05-05 18:55:09,99.5,15.91
5e81354e795eec26aec91548a783b116,1,6f657bbc44514ab511c65b891301208d,febab0275244b9a49a623f0bd613ca2f,2017-05-16 02:15:17,76.0,13.55
5e8dbd76385140aefb062d9ed31c7a75,1,aed75ad669fbebd5a385ac7cc2ae7573,17f51e7198701186712e53a39c564617,2017-06-05 17:10:13,550.0,117.99
5e97d2fcdd460c47e3f0c07a39438105,1,7166b2d3c09b93e04279029b28c498e4,5cf13accae3222c70a9cac40818ae839,2017-05-11 16:50:15,89.5,12.02
5eac30a525cd1ec187eecea99a3c4a55,1,4aab09f985ad828b2733c0c0defc7911,1bc2e21de46adfea6b98cc96b00f3b40,2017-05-24 02:30:11,219.99,22.03
5eac30a525cd1ec187eecea99a3c4a55,2,4aab09f985ad828b2733c0c0defc7911,1bc2e21de46adfea6b98cc96b00f3b40,2017-05-24 02:30:11,219.99,22.03
5eac30a525cd1ec187eecea99a3c4a55,3,4aab09f985ad828b2733c0c0defc7911,1bc2e21de46adfea6b98cc96b00f3b40,2017-05-24 02:30:11,219.99,22.03
5edee244fe02fdbeb9a2d97a4e8cf17c,1,d85783d7c896fdb2fadbbc19c6a1c58e,25e47381a6c510ddeb36084e33b89f0c,2017-06-08 04:30:19,30.0,15.1
5ee63c8c9ae2e5c38791b35932cf4c69,1,a9516a079e37a9c9c36b9b78b10169e8,7c67e1448b00f6e969d365cea6b010ab,2017-05-23 11:45:13,124.99,15.62
5ee63c8c9ae2e5c38791b35932cf4c69,2,a9516a079e37a9c9c36b9b78b10169e8,7c67e1448b00f6e969d365cea6b010ab,2017-05-23 11:45:13,124.99,15.62
5ee63c8c9ae2e5c38791b35932cf4c69,3,a9516a079e37a9c9c36b9b78b10169e8,7c67e1448b00f6e969d365cea6b010ab,2017-05-23 11:45:13,124.99,15.62
5ee63c8c9ae2e5c38791b35932cf4c69,4,a9516a079e37a9c9c36b9b78b10169e8,7c67e1448b00f6e969d365cea6b010ab,2017-05-23 11:45:13,124.99,15.62
5ee63c8c9ae2e5c38791b35932cf4c69,5,a9516a079e37a9c9c36b9b78b10169e8,7c67e1448b00f6e969d365cea6b010ab,2017-05-23 11:45:13,124.99,15.62
5ee63c8c9ae2e5c38791b35932cf4c69,6,a9516a079e37a9c9c36b9b78b10169e8,7c67e1448b00f6e969d365cea6b010ab,2017-05-23 11:45:13,124.99,15.62
5ee7b62e53d3ff1201ab0f826ce413db,1,ae083e4a334a4210ae0ef7323f1584c5,0df3984f9dfb3d49ac6366acbd3bbb85,2017-05-30 15:55:10,259.9,18.26
5ef3a01aff74727ebbcf7175c68f51d4,1,42a2c92a0979a949ca4ea89ec5c7b934,813348c996469b40f2e028d5429d3495,2017-05-24 21:02:50,59.9,17.67
5f05bbaff4caf46b6a0f6b4b4db85392,1,7e0dc102074f8285580c9777f79c90cf,e26901d5ab434ce92fd9b5c256820a4e,2017-05-19 09:25:11,34.9,8.72
5f30e7c17d977e49359a52eb6ea0f738,1,d902ca64b614964dc31d6b0372e800ac,391fc6631aebcf3004804e51b40bcf1e,2017-05-10 22:25:16,52.3,19.07
5f37829b2dad2c8bb86da21bf31310fa,1,404a57563d487aecbc2b1a01d9b89aab,4a3ca9315b744ce9f8e9374361493884,2017-05-17 16:50:10,220.0,17.98
5f5009f6c5e45b305e8cab76a5df6a18,1,73db26ba1eb13dd2d0e1991a3ac6943b,5c243662ce92d84573bfaff24c3e3700,2017-06-07 20:45:13,239.9,15.28
5f5e8d13d1088bb941ae3b0ebff0feff,1,802d4aa654f6b24ca4d5bd2c61c0b079,6288c69c4ce638e59925e59193f98b16,2017-05-23 02:50:27,415.99,11.11
5f7363eba95d6b80c0b0d44e53193e0b,1,e0ab3fcfb0c3a63324f2797e03bc4199,38102b031c2a15e54623d711bfc753d3,2017-05-11 21:01:56,35.0,42.38
5f75a0f53851659ccb7688c7ec228d99,1,9d395a6bc9dbad2dfe60c8c92d8df397,77530e9772f57a62c906e1c21538ab82,2017-05-11 11:35:10,148.0,20.28
5f7e868dd546fc8e9e0bd8515efababc,1,cec09725da5ed01471d9a505e7389d37,4d6d651bd7684af3fffabd5f08d12e5a,2017-06-01 16:05:09,69.9,15.24
5f8692d4a41e2be3cf2a61b57cec915b,1,edc388b2ba34de112c918ddcd465f5e9,2138ccb85b11a4ec1e37afbd1c8eda1f,2017-06-06 21:30:24,39.99,15.1
5fb669725665771911c8ecc187870553,1,b363ba4802d9eca552da85a1125747eb,b92e3c8f9738272ff7c59e111e108d7c,2017-05-12 17:45:15,179.9,32.01
5fc2475da462df87150a6013f0879f5b,1,a1e9b0d76a76ff474f4a4374fcfb8c42,7008613ea464bad5cb9b83456e1e6a8f,2017-05-11 12:31:28,42.0,16.11
5fc2475da462df87150a6013f0879f5b,2,a1e9b0d76a76ff474f4a4374fcfb8c42,7008613ea464bad5cb9b83456e1e6a8f,2017-05-11 12:31:28,42.0,16.11
5fd01511f0ac02261addc2116f223d5c,1,ce066f4a83649651549d717c9b566816,4d6d651bd7684af3fffabd5f08d12e5a,2017-05-25 02:35:10,69.9,8.27
5fed29bc3234f8a50dcdafe6754b62ce,1,4bd3f968f30558ee2b17168cd3930fff,f45122a9ab94eb4f3f8953578bc0c560,2017-06-05 17:50:25,159.9,12.62
5ff05cd5557e3cc10ba2ef800f2b8da6,1,f8ec436ec93f73848b48b8e0e5fcd335,cb5df0dcb9e280b1780e9d589889f2c7,2017-06-06 18:55:12,269.99,27.17
5ff4c9b40ca89e41de1f71a26d088921,1,20cfa43a881c16cdedaaab83e139d302,45d33f715e24d15a6ccf5c17b3a23e3c,2017-05-24 22:10:16,26.9,9.27
602cbc1dba09db685a591cda4cb07c56,1,4b6b3a7072d549354c3743dedbf4170a,6560211a19b47992c3666cc44a7e94c0,2017-06-01 20:02:06,55.0,7.78
603486ac402cf457884d615c5bb8971e,1,06c6e01186af8b98ee1fc9e01f9471e9,fc906263ca5083d09dce42fe02247800,2017-06-01 02:45:20,39.9,12.48
6053546de45b3aa8422ee0020b1a2da4,1,fde4e97b75bd817d8c4aef8de39ed4d9,0ea22c1cfbdc755f86b9b54b39c16043,2017-05-17 21:25:18,79.9,15.31
606135eee1f82ed9f028183c267aa8d8,1,81288df52439985f610be64465e53f57,54a1852d1b8f10312c55e906355666ee,2017-05-24 22:15:18,109.99,17.02
607a624a0fb32899edc4e3f9c9b24189,1,40b2a43c74c26b963dd1bd05384663a0,e81e1f9c3e762e620f3fb60a51499e16,2017-06-06 11:33:06,252.0,22.21
607a624a0fb32899edc4e3f9c9b24189,2,40b2a43c74c26b963dd1bd05384663a0,e81e1f9c3e762e620f3fb60a51499e16,2017-06-06 11:33:06,252.0,22.21
608735d6dfa1f136c87b75aa53be1d11,1,0e87ff05afa3ddd73b7920ff4587e0a4,12b9676b00f60f3b700e83af21824c0e,2017-05-17 11:15:33,199.0,21.71
60874d0fd7a75eaf6c27923285596b50,1,ffa4027b0effa4df0d5f5a9ce2788b6d,bacb1f0ed56ad24198f5810d2b3fe9a5,2017-05-24 14:45:14,217.9,16.28
60bb02359df66816035993b8130945e7,1,fe1cef1f560c521e9ed426383ed58ac2,46dc3b2cc0980fb8ec44634e21d2718e,2017-05-17 13:02:55,69.99,14.24
60c04fb9105a3236a696e2d75685daf8,1,95c40b993a22463c83beb5c51a03d46c,85d9eb9ddc5d00ca9336a2219c97bb13,2017-06-01 15:15:19,31.9,14.1
60cea07de0865aeead1984c1c97dee57,1,16ed6a6e3fce23b741650437fe58d65b,e5a38146df062edaf55c38afa99e42dc,2017-06-02 15:22:43,89.18,9.44
60d899100b7d9333a614a610c5b619fc,1,5a6e53c3b4e8684b13388d6aa4afdf12,7299e27ed73d2ad986de7f7c77d919fa,2017-05-08 13:42:19,16.99,14.52
60fb7d6bc05727392e673b4035dfee7e,1,a7c6305655921ed7f446b060ca89e2e7,f45122a9ab94eb4f3f8953578bc0c560,2017-05-18 19:30:11,59.99,26.96
6108ae9acd8ee0ffd527598b9ebc6acc,1,ab9cf155f8280c3739b09fe341a185e8,92eb0f42c21942b6552362b9b114707d,2017-05-29 19:35:11,13.98,7.78
61416eed18f816a60139b0bd59f11e2d,1,7e80d387f36fafdb1fb2a6905060e2af,38e679b9e0064cd94c6f035707344dae,2017-05-15 09:43:05,97.06,16.05
6180176978a92ed9fd65b8a884601955,1,1612209b0b37fbe80e1e8e1b7d19ca1d,87142160b41353c4e5fca2360caf6f92,2017-05-26 17:55:15,99.0,17.94
6183f38e839216bb09839ecf933ac1dc,1,29427de7f8a9ee983d9dbc51cec569b4,7a67c85e85bb2ce8582c35f2203ad736,2017-05-29 06:35:17,99.99,17.95
61966b6a3c4c582bbc36995227175fc6,1,5fc3e6a4b52b0c414458104ed4037f1c,229c3efbfb0ea2058de4ccdfbc3d784a,2017-05-22 03:22:43,89.0,16.06
61a85d9f7f064313ebd87019f7a65903,1,83343727db272f1b63942c26cbdfd92f,7b07b3c7487f0ea825fc6df75abd658b,2017-05-19 16:43:22,159.9,18.0
61b66cce18bec7e3ee5ada29bd17c9f8,1,03a8d0921d804ba08d3da40064a4e281,98dac6635aee4995d501a3972e047414,2017-06-01 23:10:15,27.9,12.69
61ead1968b0009a553a0cfd8043ac41b,1,cbed65dd852bda2f669945e36b28c580,d50d79cb34e38265a8649c383dcffd48,2017-05-18 09:25:14,19.99,11.85
61ece6128fbdf0024d0bc2e6a816b1ff,1,06c6e01186af8b98ee1fc9e01f9471e9,fc906263ca5083d09dce42fe02247800,2017-05-17 14:22:25,39.9,14.1
61ece6128fbdf0024d0bc2e6a816b1ff,2,06c6e01186af8b98ee1fc9e01f9471e9,fc906263ca5083d09dce42fe02247800,2017-05-17 14:22:25,39.9,14.1
61f3f649c1807a50b9bc39838901a844,1,c7bf71951a3b1bb4af307ab6650da6d2,b2ba3715d723d245138f291a6fe42594,2017-05-18 02:25:10,74.9,11.13
61f50b841a813bd9adcd56c13a33c255,1,dd1759836cc99a88be1a42bf6673abe0,fe2032dab1a61af8794248c8196565c9,2017-05-26 19:55:11,169.0,16.08
61f6d3c81710a644622f59cd9dd666bf,1,14081f2d6a3ce46cfa9d852c9b1b92ba,da8622b14eb17ae2831f4ac5b9dab84a,2017-06-07 23:23:05,139.9,14.0
61f92d1f21e1f4687f3f6c88ca36fdec,1,1594082822fb91eb12404f8e79b59e47,4e7c18b98d84e05cbae3ff0ff03846c2,2017-05-24 23:42:43,129.0,57.57
61fc33807aeed929a157ce216496e6d1,1,ef30fdd053284aaffa42dfd5612b66d8,066a6914e1ebf3ea95a216c73a986b91,2017-05-16 14:41:58,379.0,17.4
620f129681ecd1062dff9066aeae1e28,1,fcebf00185e30ec68a53482496656b25,232a6014e7b10cba61c6c2b2ea6bb4b0,2017-05-17 20:35:10,109.9,18.02
62349b58976446f1566cb58228d37715,1,b8b426747049f2d3d6e00b486d47dedb,01fdefa7697d26ad920e9e0346d4bd1b,2017-05-12 11:05:12,104.99,16.49
623716bbf6906482f613440819f26f3d,1,6ae38d49db7fc65ad1779828542aecba,eeb6de78f79159600292e314a77cbd18,2017-05-09 15:42:10,219.0,27.79
62443c2da9793d002ab03c769ccfcc2a,1,d189fbf8b5d79a670cebcaaad68d77b2,0d85bbda9889ce1f7e63778d24f346eb,2017-06-01 14:55:08,59.9,47.93
624c268e0f962ef1cbf0033ad522f675,1,5bcaab71581cabea86192eea9c13467d,d20b021d3efdf267a402c402a48ea64b,2017-05-09 11:50:29,79.99,19.15
6260a1de134b2ed0e97c3763b0c28aee,1,5c0826f946c32406d5baa79544668b4c,f9244d45189d3a3605499abddeade7d5,2017-06-05 20:21:59,99.99,14.45
6261f3240a8778c656bd28aeb2ba9985,1,58b0b0b3e6b7f8ecd3874db9c141250d,a673821011d0cec28146ea42f5ab767f,2017-06-08 13:35:20,198.0,17.83
6275bca17b337da53d3df583024784de,1,284ef4c556d79d838fd1970e26d14173,0bae85eb84b9fb3bd773911e89288d54,2017-06-01 19:15:12,58.71,28.81
628869b4f8a615bc270791a2def79f7c,1,ace5d86cf1ac63cdb76f49e5cd23d2f8,cca3071e3e9bb7d12640c9fbe2301306,2017-06-06 09:55:26,50.9,12.7
62b2ed9f26108431f257836ea0139fd2,1,3ae810052cf18d30232367f0b45e284c,5a93f3ab0ef4c84ed5e1b5dbf23978bc,2017-06-05 18:22:43,22.81,11.85
62c16e40e8cd43ca10fef5eadfc2d11f,1,f6c0bce2838cf1bdab4958c4cb8b946e,7e93a43ef30c4f03f38b393420bc753a,2017-05-10 21:55:18,187.94,12.82
62c66f80f422c25636cc243baaba2568,1,9453bde60c4ee52155c963641736cfc5,5c243662ce92d84573bfaff24c3e3700,2017-05-28 22:42:42,467.0,12.74
62d3014a7e5b4f51c5f2bb713775aada,1,ace4686a281385c082500437e5e73b61,3364a91ec4d56c98e44174de954b94f6,2017-05-25 16:10:12,1199.99,33.43
62dd396ac0abf39a27c18f75a5952fca,1,16ed6a6e3fce23b741650437fe58d65b,e5a38146df062edaf55c38afa99e42dc,2017-05-10 09:10:17,89.18,9.61
62f5759d5657059823d7a8a9e25c13e0,1,159dc4423e5092c3baa443379a458fa9,5c243662ce92d84573bfaff24c3e3700,2017-06-07 22:05:39,458.0,17.97
62fcfe5da58296dface200da2e196fcd,1,ca9b2caa4f7ec65aeda5825e09dcf99c,5a8e7d5003a1f221f9e1d6e411de7c23,2017-05-25 14:25:24,59.9,16.18
6311e2bf4ff2a50d88a27f8178ed0282,1,601a360bd2a916ecef0e88de72a6531a,7a67c85e85bb2ce8582c35f2203ad736,2017-05-30 09:45:23,129.99,12.11
6317c6fb9c91943963e275a6cbe1867b,1,aac7416c2efb28528e5cf18c1f582053,3d871de0142ce09b7081e2b9d1733cb1,2017-06-02 01:10:19,48.9,12.69
6342949969bcfd05fe93e0de9f27494a,1,00f179926ae5965cd6ff548d765d8a61,f8db351d8c4c4c22c6835c19a46f01b0,2017-05-11 18:30:21,15.9,14.52
635d6eda3af27d4cdcee17a82b7aca92,1,967ec52b0c55fe9ccde964df30cef64e,6edacfd9f9074789dad6d62ba7950b9c,2017-05-25 16:50:15,48.9,13.66
635d6eda3af27d4cdcee17a82b7aca92,2,6548c9763cc930450fb8b73c3353812f,6edacfd9f9074789dad6d62ba7950b9c,2017-05-25 16:50:15,41.9,16.56
637a3cd5ee5f1185db82f36c636a68e2,1,156b348a4e7d61007fc06135f8a204b2,6fc26fe110feebd80a433e1f012a84f9,2017-05-25 18:15:10,59.0,16.17
637a3cd5ee5f1185db82f36c636a68e2,2,156b348a4e7d61007fc06135f8a204b2,6fc26fe110feebd80a433e1f012a84f9,2017-05-25 18:15:10,59.0,16.17
638ddef52c626100e00de628f88aab26,1,4ae634441e444ca4bc85903cafe98d73,92eb0f42c21942b6552362b9b114707d,2017-06-06 07:02:47,11.99,15.1
639b603f09b7050c96e56cd03703437b,1,5aad359a63cbb4fc35ead44346a3eeb4,d20b021d3efdf267a402c402a48ea64b,2017-05-05 15:15:16,10.99,10.96
639d641103a2eb32e871e36bf3df366b,1,77255774965600c1ae00627edb86b9d1,2138ccb85b11a4ec1e37afbd1c8eda1f,2017-05-14 22:55:16,26.99,14.1
63a737026bbe83be3d56d70c83923ebd,1,2a2d22ae30e026f1893083c8405ca522,1a3df491d1c4f1589fc2b934ada68bf2,2017-05-31 22:45:11,134.9,14.81
63a7d8b766dfafbbb7d9ed520a62f800,1,7cd29da0653abeb444703cc5a957f479,620c87c171fb2a6dd6e8bb4dec959fc6,2017-06-01 18:35:21,37.9,15.1
63ad650ce1c19577c3eaa386f8752701,1,e68a5a5626c4b1bfc5ca78202f898300,7a67c85e85bb2ce8582c35f2203ad736,2017-05-24 02:31:00,199.99,28.18
63ad650ce1c19577c3eaa386f8752701,2,777d2e438a1b645f3aec9bd57e92672c,4a3ca9315b744ce9f8e9374361493884,2017-05-24 02:31:00,69.9,25.37
63cf2db4fe1c8f21a8a02023cef68212,1,f0973383ec656ea00297313758897094,ca3bd7cd9f149df75950150d010fe4a2,2017-06-07 10:02:25,234.0,18.35
63e2032f511dd7a0ac625d8bda0a07c9,1,786733d317255508bd4d648585977611,3d871de0142ce09b7081e2b9d1733cb1,2017-05-19 11:05:15,69.0,17.73
63eced9d22684a7634b9a451c38d1ee4,1,ddc1d8513943b57455b160acf77e6507,33ac3e28642ab8bda860a2f693000e78,2017-06-01 22:55:10,82.99,34.38
642c72a626543627ab9d2750b2fb8d66,1,3db75f31b76375c502f64d550dcd1166,85d9eb9ddc5d00ca9336a2219c97bb13,2017-06-02 16:30:22,31.9,12.48
643916742191b1ca29968acfeccf30ed,1,8c5876b1c7768217964f353bc7e64393,0db783cfcd3b73998abc6e10e59a102f,2017-05-23 04:05:26,49.0,15.1
6448b940e7bdf635ae69dca1b81077bc,1,17636e3c15333148e25253db631a2d7d,5dceca129747e92ff8ef7a997dc4f8ca,2017-05-12 19:25:18,49.9,15.1
64619901c45fba79638d666058bf6be6,1,06c6e01186af8b98ee1fc9e01f9471e9,fc906263ca5083d09dce42fe02247800,2017-05-25 09:32:36,39.9,12.48
64870069a2ef2e45dfbd920310639dcd,1,65b89f415ce968a584fde133ae3ce3bf,0c8380b62e38e8a1e6adbeba7eb9688c,2017-05-11 17:42:03,74.9,14.25
648dc66e76b48403fbe92b924982a8a7,1,4aaf2a3c07e710f592c5015ce8dc7547,827f8f69dfa529c561901c4f2e0f332f,2017-05-24 10:35:17,29.9,15.1
649fa665ec97c1e0c786685fc3db9ba0,1,d5991653e037ccb7af6ed7d94246b249,25c5c91f63607446a97b143d2d535d31,2017-05-26 04:22:40,188.9,20.56
649fa665ec97c1e0c786685fc3db9ba0,2,d5991653e037ccb7af6ed7d94246b249,25c5c91f63607446a97b143d2d535d31,2017-05-26 04:22:40,188.9,20.56
649fa665ec97c1e0c786685fc3db9ba0,3,d5991653e037ccb7af6ed7d94246b249,25c5c91f63607446a97b143d2d535d31,2017-05-26 04:22:40,188.9,20.56
649fa665ec97c1e0c786685fc3db9ba0,4,d5991653e037ccb7af6ed7d94246b249,25c5c91f63607446a97b143d2d535d31,2017-05-26 04:22:40,188.9,20.56
64a84bc3bb67d3a25cbc2d744eb2968c,1,c43ab4269cbf91b373263db4c2973cad,48436dade18ac8b2bce089ec2a041202,2017-05-22 14:05:23,45.9,13.23
64c3de97be1b0e0518e9083d28fd3d83,1,0112c32bab2fb9a2147b92cdd5f1d3e7,2bd05d410a8fd26dc4184a15f4f2f588,2017-05-29 03:30:25,65.0,18.02
64c61c97b53cc497fd3bf4887d7bbf8c,1,c505337344cd0e2eac331aaf4d348743,7c67e1448b00f6e969d365cea6b010ab,2017-06-16 04:25:39,43.99,17.06
64c7d8f00d1087192f1615e32b1ae862,1,1fa4ef78e1b8f0afea31e4ae9578affd,8a32e327fe2c1b3511609d81aaf9f042,2017-05-31 04:35:11,59.99,19.66
64cbe98d3ef9d927297f7dea3fab17d6,1,f76b8eae9da79861cd75f86a1020879e,94e93ce877be27a515118dbfd2c2be41,2017-05-11 21:45:14,237.99,18.92
64d371a6a389e045ce802658f2bc4281,1,bc0bfbb69aec0f46d1058bfeb5b973b3,3078096983cf766a32a06257648502d1,2017-06-01 12:32:42,78.9,12.05
64d6282bba1a1c015acbdcacca391253,1,bf8df11db5850b8590e3cb397f18a916,1771297ac436903d1dd6b0e9279aa505,2017-05-23 04:10:24,28.18,12.69
64efffeec4731f7a196d327531aa95a3,1,42130cd7a981706499a4d337f2f7f621,2138ccb85b11a4ec1e37afbd1c8eda1f,2017-05-11 16:25:14,29.99,15.1
64f475afc29a44f71955d00897cbeac5,1,e7db7c40ea6647c808d48581f1308d88,1d8dbc4f32378d715c717c1c1fc57bae,2017-05-25 22:05:17,109.9,18.02
64fdcfcc36e4054c0854fc86a7415de5,1,88c09dd121ebe0b119a759773d405cc4,79565f7d5603b24ddf07ade262547f2f,2017-05-15 09:30:29,39.0,15.1
6502a176dd01586d88a9fe09d820b484,1,22bb87b27484c91c055cca7fd6d0793a,391fc6631aebcf3004804e51b40bcf1e,2017-05-25 07:42:45,251.8,14.78
650df820145c92501d76b8a8501b1f9b,1,50b0e47f8219992ae98677122c483fde,bfd27a966d91cfaafdb25d076585f0da,2017-05-11 12:33:35,239.0,64.02
650fcf3e2908208ae23c6c93706c50d3,1,aae9610f8843fbe3931dadce56c0ac94,5bffbafbb22daf6d3bfc216a46db8708,2017-05-11 17:01:50,958.99,31.46
6514b8ad8028c9f2cc2374ded245783f,1,4520766ec412348b8d4caa5e8a18c464,16090f2ca825584b5a147ab24aa30c86,2017-05-22 13:22:11,59.99,15.17
651bd7286b2e17e1e3ea7b644870e429,1,7ab21257ee876b3897bd55046d3d81d3,bfd27a966d91cfaafdb25d076585f0da,2017-05-25 06:35:20,239.0,14.01
651e513b1f4ca21be4f83de4c20285be,1,6782d593f63105318f46bbf7633279bf,325f3178fb58e2a9778334621eecdbf9,2017-05-09 11:15:36,27.9,16.05
651e513b1f4ca21be4f83de4c20285be,2,6782d593f63105318f46bbf7633279bf,325f3178fb58e2a9778334621eecdbf9,2017-05-09 11:15:36,27.9,16.05
6521177c6adb61f7659569227b09b8a9,1,2029248294c186017ecfc48cecd47bbd,d50d79cb34e38265a8649c383dcffd48,2017-06-04 22:50:18,126.99,28.27
652e44f3368f39a67174a6726a187b3c,1,43f88c8353708451babf9bcdd1fda92a,cab85505710c7cb9b720bceb52b01cee,2017-05-22 13:10:25,49.9,7.78
65320cb291f4cacd8b0114a29eafa4c7,1,0bb7cb61f1957f79dac582ab66ccdc1f,e26901d5ab434ce92fd9b5c256820a4e,2017-05-31 18:55:17,23.9,8.72
6536870177386f1b5e859b2a5ccc557e,1,4d272fe20c57c64dc74b3db191fc31ef,d2374cbcbb3ca4ab1086534108cc3ab7,2017-06-09 08:30:14,24.9,11.85
6537332794df2373bdf9142f7e6c33bd,1,c54ed8ea69e24c191fbc23b3234c6b32,c8e135e7b21ecbc36c1153a29d2f5a06,2017-05-23 14:10:11,239.8,17.93
654805da7796bdc6a5d6811537bdb39a,1,ed5783fe4b2194c66043e77b648ff4cb,f84a00e60c73a49e7e851c9bdca3a5bb,2017-06-06 18:42:32,86.5,16.86
65509bf904f3e4f8179f6abdf50fc37e,1,de68fdc66141ead95fd569f01245e523,dc4a0fc896dc34b0d5bfec8438291c80,2017-06-07 07:50:10,199.9,27.72
65784d2ba207f200197a7f5ebb1f35fc,1,de1dab31e5f3737cd024f5fe44743fa9,218d46b86c1881d022bce9c68a7d4b15,2017-05-12 00:35:24,127.48,15.64
658af74ee0876a72f7f31e4ca631b054,1,7f98b8ee9f858f69f6e73715c3fe8ed2,850f4f8af5ea87287ac68de36e29107f,2017-05-29 11:25:13,499.9,14.7
65b8cbd6d0ad97befea844cc40817ccb,1,7c1bd920dbdf22470b68bde975dd3ccf,cc419e0650a3c5ba77189a1882b7556a,2017-05-19 17:02:49,64.99,14.2
65bd383b9f9b0b9de967055e198a8ddc,1,9b968712a8768d8e23318f73476af1a3,7a67c85e85bb2ce8582c35f2203ad736,2017-05-30 13:30:13,9.99,11.73
65d0aca2173738dac355de4ffe63e561,1,7c2d0df8e5fbfa71d54a400b33a8502e,7e1fb0a3ebfb01ffb3a7dae98bf3238d,2017-05-18 16:55:13,116.0,12.31
65d5a0172af3046524552dc879670706,1,af51d485dc5255ba2e18b21b550156e6,5dceca129747e92ff8ef7a997dc4f8ca,2017-06-01 02:45:28,259.9,48.53
65d9b3fd87de7509d12d3cd45c661269,1,e11b7abd9eb82a586a144e97594bc05f,ef9952469137ff190bacafe117f51537,2017-05-24 08:30:14,207.06,17.89
65dd9664feba93680da24da77168ad7b,1,1878fcfa202ce65b4bfaa9d16250ee86,7c67e1448b00f6e969d365cea6b010ab,2017-05-19 17:50:21,126.99,55.16
65eabb940466e3db08bb339bdf5bb283,1,08574b074924071f4e201e151b152b4e,001cca7ae9ae17fb1caed9dfb1094831,2017-05-11 19:01:54,99.0,38.53
65eabb940466e3db08bb339bdf5bb283,2,08574b074924071f4e201e151b152b4e,001cca7ae9ae17fb1caed9dfb1094831,2017-05-11 19:01:54,99.0,38.53
65eeecd3949c21cbcb6671b445db5dcf,1,a10e0fcb1c409869c3c6da4eb13b7612,855668e0971d4dfd7bef1b6a4133b41b,2017-05-24 16:42:56,50.0,28.75
65f6a8dfb1cacec52fa3c48df189b80d,1,378e13082055394b5a1607162398a207,ab3e0c171fe84a7ba7de130f19cfb485,2017-05-05 15:15:21,99.89,14.87
6607ca536882b974ea594bc640b01519,1,3bbfc7ab9b28d67dee1c87ab14c2ec07,cca3071e3e9bb7d12640c9fbe2301306,2017-05-18 21:10:18,139.9,14.0
6618ba440a8c54ff6e7dfcf5c7300265,1,3e224d87f9ed6e9ac1b36889371dfe49,cca3071e3e9bb7d12640c9fbe2301306,2017-06-06 20:02:37,224.9,19.46
6618ba440a8c54ff6e7dfcf5c7300265,2,7353d65237c6a5d28f5781889cc58fee,cca3071e3e9bb7d12640c9fbe2301306,2017-06-06 20:02:37,224.9,19.46
661c0c83032f531b95828bf7a106354e,1,daca0700540caccd14072597536e3632,d9442042130b7fe579d1295f9f4a248f,2017-05-11 10:25:20,19.99,9.34
6639717557f610a34aec7003122f7c33,1,30e77af9e7759bbaa0305d2fbc605dc4,7142540dd4c91e2237acb7e911c4eba2,2017-06-15 06:45:26,349.9,19.7
663f241698c041a1ca4f0b713327f0b0,1,11bbef4e2a44601d9dd471aa1fb433e6,5c243662ce92d84573bfaff24c3e3700,2017-05-22 17:15:20,339.99,10.57
66408ac1fd2db14486fb5d2c432aef51,1,c64490cdfe40f9e25abd222c541a06f0,5a8e7d5003a1f221f9e1d6e411de7c23,2017-05-19 17:05:14,59.9,12.76
66797603772acb9fffb18082921fd797,1,1a57051039dca27521c83e2212042176,827f8f69dfa529c561901c4f2e0f332f,2017-05-16 09:55:17,35.9,15.1
66a7368cc39c6a3e93415aaf9e9b863a,1,f9fde29df32a1dba73a3b1075c9a6f3c,b127efdabeffb5d559349c7b172eb75d,2017-05-23 14:42:23,30.0,13.76
66a7368cc39c6a3e93415aaf9e9b863a,2,4bc35700c98f8213fe67fa61ebf4c811,0ea22c1cfbdc755f86b9b54b39c16043,2017-05-23 14:42:23,79.9,18.34
66a8d9453b15cd3fe5a7322ad363ad7f,1,03bca689857bd64cc5c022221113db7e,e5e33c0d8e7e002f398f5dc4cbbb338f,2017-05-18 18:31:13,101.9,16.34
66a9f793833f66aba55e3b6a54a08acf,1,a50acd33ba7a8da8e9db65094fa990a4,8581055ce74af1daba164fdbd55a40de,2017-05-25 16:02:53,117.3,25.66
66b821651549a29e32bf9459b82288cd,1,5f21301936c11698db6aee5444190da0,fe2032dab1a61af8794248c8196565c9,2017-05-26 13:06:31,149.9,9.24
66bb146968e449c413c58a15e510a6f8,1,a298a105818dce6878b787e4af6cff7d,e26901d5ab434ce92fd9b5c256820a4e,2017-05-14 23:02:40,79.9,15.31
66e5f96d076487a42c974bf90c721b72,1,26a2fb5942decfca6995cab323903413,7e93a43ef30c4f03f38b393420bc753a,2017-05-26 16:50:17,267.76,16.62
6711fee36dd6c08f101b5b21eb439ddb,1,08574b074924071f4e201e151b152b4e,001cca7ae9ae17fb1caed9dfb1094831,2017-05-24 02:22:50,99.0,69.4
6771f603cb0053ec81ea51a2569ffcd5,1,870bcc6c58e03ca658cfdd13db4bbe28,5bffbafbb22daf6d3bfc216a46db8708,2017-05-25 13:03:43,144.99,15.76
6772fa18f983a48d6bee6608ac9191ac,1,70d01ae15a5d5ee38388b90c0470d9b0,a3a38f4affed601eb87a97788c949667,2017-05-19 20:10:21,89.99,18.2
67730eb2f9468b8c6eb20a45dd477bbd,1,247fa5b4e2f524a22b21ef256ffc23e4,3bdff180c7e1f6551a643b99c265a120,2017-05-11 19:25:07,26.9,15.11
677cebcf344bca22b07250e7548bd8bc,1,3ce8dd82296006f1d916291f561c9d36,8e6cc767478edae941d9bd9eb778d77a,2017-05-08 18:25:22,12.02,22.28
6782d250639c09c7c4e49e3cf17828a2,1,92f02eda1a2e9693260a62c8af2f73be,7b07b3c7487f0ea825fc6df75abd658b,2017-05-30 03:10:28,59.9,17.7
678563117c6bcedcb0f9d98e8f3faf23,1,601a360bd2a916ecef0e88de72a6531a,7a67c85e85bb2ce8582c35f2203ad736,2017-05-23 17:25:16,129.99,12.11
67859bd0284e2d4c7c7ae873212a5ff4,1,f3a67aed340d9b5f218c2d177cc720e3,86ccac0b835037332a596a33b6949ee1,2017-05-25 12:15:45,47.9,15.1
67884ec2877808808c25211dce58689b,1,0ac4b9dc5e23908abf09e13da3ea1bbb,6560211a19b47992c3666cc44a7e94c0,2017-05-12 09:32:12,49.0,11.85
678bd15805d851357f116d567cd7407a,1,9baa9ef12ae5a0abd8b741d7ab5bf32d,70a12e78e608ac31179aea7f8422044b,2017-05-09 14:05:08,65.0,16.15
678bd15805d851357f116d567cd7407a,2,9baa9ef12ae5a0abd8b741d7ab5bf32d,70a12e78e608ac31179aea7f8422044b,2017-05-09 14:05:08,65.0,16.15
67a59d439611f207e8a3283540cda71b,1,4b456247c6fd6370f0c01903b0c6d67d,87142160b41353c4e5fca2360caf6f92,2017-05-30 14:03:22,139.9,19.52
67b1dc65d26c33458a65a0dc85c2d682,1,985bf2af90ac31349ca19417e2752410,48162d548f5b1b11b9d29d1e01f75a61,2017-05-08 02:05:12,620.1,16.92
67c41f8c7f43495ef9156232d80a9e0b,1,f9aa001a859b11fd798bb386f3d07eb0,834f8533b2ecb6598dd004ff3de7203a,2017-06-02 16:03:00,89.15,16.87
67c4fb37550e156c42ebafde460fa354,1,06ce9c3e61c7a07f872f8317a7dc534d,2089a6d640999f9b9141ac719b2af596,2017-05-17 18:50:20,98.9,15.44
67d748688b1f3b7e4ecfd613adf5382d,1,d0a672bae47ae7c26b8e1e2ec152edcf,94e93ce877be27a515118dbfd2c2be41,2017-05-25 13:02:30,152.9,29.86
67d748688b1f3b7e4ecfd613adf5382d,2,d0a672bae47ae7c26b8e1e2ec152edcf,94e93ce877be27a515118dbfd2c2be41,2017-05-25 13:02:30,152.9,29.86
67e135f2451846941b4b1af2dc3241bd,1,50b671fa06a05828948cd518088eba27,855668e0971d4dfd7bef1b6a4133b41b,2017-06-05 13:30:12,20.0,9.34
67e2354f0dc001f2851fe42d58085f55,1,cc95f2435cc780a6992154d6a29ff226,6a51fc556dab5f766ced6fbc860bc613,2017-05-10 02:55:18,169.9,17.93
68078862fcfa2002707c665997fee311,1,cbbc2be2dd13b09f354a19a987e05924,7c67e1448b00f6e969d365cea6b010ab,2017-06-01 02:32:05,89.99,20.6
680b0014ca0f8fa0855a12fd91927dcc,1,9ef2ca01151ef53318695e8a1e8053da,d05ae8f7a5bd1d2a690a44cd079e4e27,2017-05-10 02:55:35,110.0,16.47
6813024343da715f4461d785148f298e,1,56d7faef0f7d847eea91b3302698bcc4,da8622b14eb17ae2831f4ac5b9dab84a,2017-06-01 23:23:06,219.9,17.17
681a823a9c2f5898157ae87f7c45c59e,1,190b553d3cccad7ceb5e15a8ec148920,c3cfdc648177fdbbbb35635a37472c53,2017-05-25 20:05:21,142.9,19.24
681dcd4b4304448b7619c295f1048482,1,0de1e69dff6f40f9f71be7034a8bb8d2,620c87c171fb2a6dd6e8bb4dec959fc6,2017-05-24 08:15:17,309.9,16.92
68329ea019781f360d7d04e9edd2825d,1,4981f1410716b81db3808ba1c7d21394,e8f6dc8e6a1dcde89d20e3995c8d90b3,2017-05-19 00:46:01,19.9,15.1
68478192b2b8e0b480a2d3b3d18cce9b,1,cec09725da5ed01471d9a505e7389d37,4d6d651bd7684af3fffabd5f08d12e5a,2017-05-18 02:45:14,69.9,11.99
68478192b2b8e0b480a2d3b3d18cce9b,2,cec09725da5ed01471d9a505e7389d37,4d6d651bd7684af3fffabd5f08d12e5a,2017-05-18 02:45:14,69.9,11.99
6851d4a26dc9bdbce52550f0c68d61ff,1,9b8bc17a236d09185c2101d0a02f8487,96804ea39d96eb908e7c3afdb671bb9e,2017-05-26 10:25:18,79.95,16.32
686c88e6a063eab771785d988188f5c1,1,8ef13bdd5d6da4bc50df1aaa486bf922,46dc3b2cc0980fb8ec44634e21d2718e,2017-05-15 10:30:18,699.99,55.55
686d1d45217e96a6db7f27537db7e4b6,1,66a0a6e02b7f543e5b021ce361f267d4,7a67c85e85bb2ce8582c35f2203ad736,2017-06-05 04:35:17,119.99,16.6
686e2fc048d3d4677583ebad2a721b6a,1,4ebab6a2135a2477b657bda38646b64b,7aa4334be125fcdd2ba64b3180029f14,2017-05-17 13:25:30,26.89,16.11
68931f0c8d94e2097accb925c9d37627,1,373a617610cfa1c7e1998fb1bfcdd51b,36a968b544695394e4e9d7572688598f,2017-06-11 23:45:08,72.9,8.27
68a834a7eb37c000651e94145a7102f4,1,496f6bd86011e5a9ddea8dc96e802340,cca3071e3e9bb7d12640c9fbe2301306,2017-05-31 18:42:20,72.9,12.75
68a834a7eb37c000651e94145a7102f4,2,d4a8ab90e626911fa92af68c07228390,cca3071e3e9bb7d12640c9fbe2301306,2017-05-31 18:42:20,45.9,12.79
68bdebfec71378badc0a09b44e8344cd,1,1891f20b2a27a8b700d7a7ff5a7a0039,d2374cbcbb3ca4ab1086534108cc3ab7,2017-06-15 11:25:19,24.9,11.85
68c3f2fc647e6d809af24b6ccbe84388,1,ca4a58d8a97a4e1c5822292d4cfcb4b6,efcd8d2104f1a05d028af7bad20d974b,2017-05-24 21:02:53,49.99,8.27
68c3f2fc647e6d809af24b6ccbe84388,2,4ee0872b98a6a08ce8c8b65e2502842d,efcd8d2104f1a05d028af7bad20d974b,2017-05-24 21:02:53,69.99,22.07
68d8b4fcc77dcd06eecb59b08dc28d15,1,1fc06ef354abfb79af03e2ac29577b03,3d871de0142ce09b7081e2b9d1733cb1,2017-06-06 23:02:20,69.0,15.23
68f990d7575ee4ce6070c8816664910c,1,060cb19345d90064d1015407193c233d,8581055ce74af1daba164fdbd55a40de,2017-05-30 14:45:15,147.9,27.36
68fa625f02107978e969340da28d0c89,1,9755f955f1fcd2a83ca77997e9de8b83,a0415d9b25ede3c4b1e477e9916ffc03,2017-05-16 22:55:16,299.9,9.51
69013d19f8db4cd7dc9f3b5c2564a96f,1,10d196ec072e2d8382c7ec9c942d7ea8,d12c926d74ceff0a90a21184466ce161,2017-05-22 03:42:44,19.9,7.78
6907ea7150759a085c8ed75a55aeb90d,1,b0b727747746e677a470d0948bb68520,f021c962aaba8ef6eb527a9c2c8394d1,2017-05-23 13:04:02,2109.9,40.91
690a163db7b76c6d6a2b166293f0c87f,1,19629b1460e380638d4b9263bd31547a,b4a476fbd28de64b1e347abf9089366a,2017-05-19 15:43:11,435.55,75.77
6925682cc441a2514cd15f7f17ece7b2,1,4e5e41fb7d296a6f776c63fee5cb9fac,7e93a43ef30c4f03f38b393420bc753a,2017-05-30 14:22:56,669.0,17.02
693baf16595f02138e24e30ba2f1925e,1,0269bdfd3a4f3d384753cbadc1d742be,0adac9fbd9a2b63cccaac4f8756c1ca8,2017-05-25 02:30:29,27.9,11.85
694171d7d81744391df6d1b79dd82695,1,0efc91aa52d1f0669126d3000a94279b,d1c281d3ae149232351cd8c8cc885f0d,2017-05-12 16:50:14,109.99,16.4
694b1193d18ad057554bf13679e6a0b8,1,09c3d39641970009c198caed304ccfc4,5a8e7d5003a1f221f9e1d6e411de7c23,2017-05-25 02:24:21,39.9,11.85
69600803432bcfbc3764354576c52306,1,568b50dd27d5d76c97dc2f871cb93e9a,1900267e848ceeba8fa32d80c1a5f5a8,2017-05-25 11:23:01,19.9,11.85
69600803432bcfbc3764354576c52306,2,568b50dd27d5d76c97dc2f871cb93e9a,1900267e848ceeba8fa32d80c1a5f5a8,2017-05-25 11:23:01,19.9,11.85
698c554458e6b44e6f2f1450583c2547,1,fe59a1e006df3ac42bf0ceb876d70969,25c5c91f63607446a97b143d2d535d31,2017-06-12 02:32:26,790.9,36.29
6990a3eca014dfc85d026ccb49b4a9da,1,2e7c89106453cfffae2446ab3f7c31a5,7a67c85e85bb2ce8582c35f2203ad736,2017-05-30 03:10:25,129.99,18.16
6993bb3a5f6a76572cdcad1aa5b15eb3,1,2e690251b259bda3d61476c67d7b70a3,2528513dd95219a6013d4d05176e391a,2017-06-01 09:32:50,229.0,17.23
69a9472cf248340a42a3801c33f5a0d9,1,7e6850f360e60da72b7d3b1b37f42312,4324dd16853115efb0fd9d0d131ba6f4,2017-06-06 09:02:59,84.99,27.13
69b60c85164df072f63b06bc0bda9804,1,d696750e550fd0f733979dd7e5dff921,9de4643a8dbde634fe55621059d92273,2017-06-07 20:50:15,168.98,27.72
69bd4e4ff1a990052d8ae84b843ee045,1,065bb8f275e61de958ffcaf0eebb1791,827f8f69dfa529c561901c4f2e0f332f,2017-06-01 16:05:07,29.9,14.1
69dd3667f61aa14581938cb3ba3e1058,1,b6af69cb42f5e5e78bcf59f9be1b61a7,36a968b544695394e4e9d7572688598f,2017-06-01 14:55:12,399.0,14.75
6a022aedc6fb8597eddd4b1ed70d14f7,1,060cb19345d90064d1015407193c233d,8581055ce74af1daba164fdbd55a40de,2017-05-24 13:10:25,147.9,14.41
6a022aedc6fb8597eddd4b1ed70d14f7,2,98d61056e0568ba048e5d78038790e77,8581055ce74af1daba164fdbd55a40de,2017-05-24 13:10:25,169.0,17.32
6a105bd695a3bb07a67824cfe3dc263d,1,54c31c4585d30843421c7ea07d80f84e,897060da8b9a21f655304d50fd935913,2017-05-15 16:02:28,28.9,15.1
6a146f011803fde4127315fd933cc48a,1,08574b074924071f4e201e151b152b4e,001cca7ae9ae17fb1caed9dfb1094831,2017-05-22 16:25:21,99.0,30.53
6a2c6de79569cdd1082c827a4684ffa8,1,3a98bcea866c31f53b35a41d3822f908,2138ccb85b11a4ec1e37afbd1c8eda1f,2017-05-18 15:02:47,18.99,14.1
6a3d17234ba4b82167e2b8d9a6ca6602,1,0bb7cb61f1957f79dac582ab66ccdc1f,e26901d5ab434ce92fd9b5c256820a4e,2017-05-15 09:32:36,23.9,10.96
6a4ce4b6c9db497b72fc7446e987ffb7,1,9ead93350fbb3a5f0cc0b48c8c983748,adcf50477d6a1f5d91bb9d54c4903cb5,2017-05-19 10:25:17,43.5,10.96
6a4ce4b6c9db497b72fc7446e987ffb7,2,9ead93350fbb3a5f0cc0b48c8c983748,adcf50477d6a1f5d91bb9d54c4903cb5,2017-05-19 10:25:17,43.5,10.96
6a4d031d68d8f41c14ee7cd194023800,1,5eccc2d95245db3260989916f2646afe,800214c63934acd05d47e84214db8ba8,2017-05-19 09:10:17,69.9,16.93
6a561b1f3b2ed85c05e55494271c7061,1,7340a3839a1de1e99d149b8cf052a2ec,4a3ca9315b744ce9f8e9374361493884,2017-05-17 03:55:16,69.9,12.83
6a5c18ff38627e8e7fd671b499d01426,1,89f1e78cec2da8a550bc341cfc36c066,baa49d93c8c8841e27400a300f5d74b2,2017-05-30 11:30:11,39.9,15.1
6a7a8e304ef95be2494384f8d2557845,1,74308f15a8dd46e8e66e8801b76625b0,96493fab2fbb13a14d0c0e8772eef5c3,2017-05-25 06:42:32,269.0,14.22
6a8456c9e88a7b8905c7fede59f25b5d,1,dee07ca8877390638a4f9b9143352284,fa14641f57b655e933124a9ea49cd7a5,2017-05-25 04:15:21,44.99,8.72
6a93cbb588894c2518200e99a8fc2c2d,1,d0fe4295267f15ccaceac4fb233d8c9a,0db783cfcd3b73998abc6e10e59a102f,2017-05-25 04:03:04,49.9,15.1
6ac885500645362873cc355cb2ae0040,1,1bfb290d7273a442c874dbe74b4abae6,a7f13822ceb966b076af67121f87b063,2017-05-15 02:55:20,89.96,26.13
6ac885500645362873cc355cb2ae0040,2,1bfb290d7273a442c874dbe74b4abae6,a7f13822ceb966b076af67121f87b063,2017-05-15 02:55:20,89.96,26.13
6ac9d94329142fa9ed71e07690e9249c,1,c6dd917a0be2a704582055949915ab32,7a67c85e85bb2ce8582c35f2203ad736,2017-06-01 11:22:45,99.99,13.04
6adb948b069c269ba13ff1c38ad90228,1,2ac71e1960d313613f4f4cd468c602cb,4d6d651bd7684af3fffabd5f08d12e5a,2017-05-28 21:23:02,69.9,11.99
6b0b2d1c9273be37dfc235652a4a3d32,1,8d8109048bbf6f0369b1522029f92a19,85d9eb9ddc5d00ca9336a2219c97bb13,2017-06-02 11:30:17,48.9,14.1
6b13656ef58757ab087064a5a263441d,1,32252579a719da7dd2ee115f07dfd03b,9c0e69c7bf2619675bbadf47b43f655a,2017-05-26 02:15:22,335.9,14.69
6b1f38ed45f18e6053aa0504bd2e9036,1,fa23bf270fb9880690b07d09b9f9ff20,1b8356dabde1d35e17cef975c3f82730,2017-05-18 20:55:14,59.99,16.99
6b325b9f635e80a6be4eaa131ae6141a,1,5d790355cbeded0cd60e25cbc4c527a2,229c3efbfb0ea2058de4ccdfbc3d784a,2017-05-29 01:05:25,97.0,14.7
6b325b9f635e80a6be4eaa131ae6141a,2,5fc3e6a4b52b0c414458104ed4037f1c,229c3efbfb0ea2058de4ccdfbc3d784a,2017-05-29 01:05:25,89.0,14.1
6b33f86e78800877d42365c81cdaf0cf,1,68e6e8fd8c5f5b252b105d00daa9b57b,cb5df0dcb9e280b1780e9d589889f2c7,2017-06-01 17:10:12,109.99,29.56
6b340dba6060720c85c4727917da3603,1,7f0362988b16ac7b5f65dc5fd0fbc77f,5656537e588803a555b8eb41f07a944b,2017-05-30 13:35:15,20.89,15.1
6b36830dcd8e168800764cf5077796bf,1,cd0c6e2f80f5a0ea7e366b01bcb66154,db4350fd57ae30082dec7acbaacc17f9,2017-05-11 10:30:16,17.99,15.1
6b4d058045fa7ac94844f599d975fa73,1,2e910736c31392d46841f315e9511405,7a67c85e85bb2ce8582c35f2203ad736,2017-05-16 11:45:15,59.99,11.92
6b5c69624b2e0a58948ec5cca5449ca0,1,56072aff029067d0dc5d23919af4e407,4aba391bc3b88717ce08eb11e44937b2,2017-05-18 12:35:24,99.9,27.24
6b65889f1f3082cc3bcdffc01cb70a78,1,b2572a992f6ea1d1a7eb518d54e64620,6edacfd9f9074789dad6d62ba7950b9c,2017-06-02 20:02:43,111.9,15.54
6b6cca8d4b526e73b216c9ca31cf0268,1,dbb4ce89c8ed5fb6fd901e2e51093179,91f848e9f4be368f4318775aac733370,2017-05-12 13:03:08,84.99,17.84
6b7c8bd6aa5cfe7f791eb8caa3da1701,1,b8c91645bd166cdc9feb8795a186cef7,4bf2f4ee540798a61f9636d12cd9cc80,2017-05-31 23:05:19,192.0,16.09
6baa74b5e9e0e10bd29d85347ff1c226,1,1891f20b2a27a8b700d7a7ff5a7a0039,d2374cbcbb3ca4ab1086534108cc3ab7,2017-05-25 20:02:07,24.9,15.1
6bc8d0921edbcb67c01832572c2ca25d,1,3e67af30c5e3eae465fbf496aa88fc8b,a3a38f4affed601eb87a97788c949667,2017-05-11 10:35:11,89.9,17.19
6bd54def5e0dfa63509fcdc325d3dc24,1,c858372eb8a0a3a6aa697701ade01698,c273175f7c6c80fb02f051e2fc6d0d72,2017-05-22 23:22:41,59.99,14.17
6be2387f026d43a5aafdf9fd969f5417,1,7594c5fa74bceda1c2540003533a6e02,e83c76265fc54bf41eac728805e4da77,2017-05-07 23:05:18,32.9,10.96
6be4d7e8b8ba138c6ebae6bba4d14fc5,1,246d85d18978e56d249ebaf657bb44bc,7a67c85e85bb2ce8582c35f2203ad736,2017-05-17 10:15:18,129.99,18.16
6bf03fb2e1bfba95e698287241ad732d,1,34d6306314a47fe15c1efdbc23302020,229c3efbfb0ea2058de4ccdfbc3d784a,2017-05-15 23:02:41,69.0,14.23
6bff2212deea719e5035c70aada2a045,1,768c95fff89078aabae036a2bb314d9a,1f1bb1f0859883505541bdd6606193e5,2017-06-05 05:05:19,79.99,7.81
6c11e140918a3b9a02281ef9ca0fa248,1,a298a105818dce6878b787e4af6cff7d,e26901d5ab434ce92fd9b5c256820a4e,2017-06-05 04:22:49,79.9,7.81
6c12feac9a308e1382d9b19cca7f20b2,1,d47821b10559fffaefcf3e57d2b5ff76,0df3984f9dfb3d49ac6366acbd3bbb85,2017-05-11 14:02:30,208.9,12.07
6c2332524797ccf47797e85207250b4a,1,4cb6e86e1328e77e20b5f90771683cbe,c3867b4666c7d76867627c2f7fb22e21,2017-05-22 13:25:15,104.0,16.49
6c2332524797ccf47797e85207250b4a,2,4cb6e86e1328e77e20b5f90771683cbe,c3867b4666c7d76867627c2f7fb22e21,2017-05-22 13:25:15,104.0,16.49
6c2332524797ccf47797e85207250b4a,3,4cb6e86e1328e77e20b5f90771683cbe,c3867b4666c7d76867627c2f7fb22e21,2017-05-22 13:25:15,104.0,16.49
6c2332524797ccf47797e85207250b4a,4,4cb6e86e1328e77e20b5f90771683cbe,c3867b4666c7d76867627c2f7fb22e21,2017-05-22 13:25:15,104.0,16.49
6c269e3a9b9ff5370697cb124cbc63ce,1,870bcc6c58e03ca658cfdd13db4bbe28,5bffbafbb22daf6d3bfc216a46db8708,2017-05-12 13:03:12,144.99,43.04
6c30b488cb5cc67b2731e01894825ed6,1,c94d19d021d4a8fbae5a45f904aeea90,701938c450705b8ae65fc923b70f35c7,2017-05-11 02:15:21,103.97,23.63
6c5727658a49990433c383e058dd39e4,1,d389bacae4eb98af95b782dae3b7f03a,7e93a43ef30c4f03f38b393420bc753a,2017-05-24 23:03:00,759.0,13.51
6ca2f668191c33ed41c967acf4b9841d,1,64c4be74246020cfdc5124eb48c75f10,7e93a43ef30c4f03f38b393420bc753a,2017-05-29 03:30:30,665.54,18.41
6cc4eb51469dec50a6130fe1cd07b7f9,1,d458378a178cd7cae60052319cebf235,aba1721a889e04decc910aa13b768ef4,2017-05-12 13:05:31,131.0,8.17
6cdd447ec5998b49b1846abfc795662a,1,6ba807133a1b2747a01375d7417614e9,7e93a43ef30c4f03f38b393420bc753a,2017-05-22 14:22:32,689.0,25.62
6cf30e050336c50f368c34da13c9e6a2,1,2132979d9b6f64e99b8c9bb4da4e0323,45d33f715e24d15a6ccf5c17b3a23e3c,2017-06-06 15:02:40,98.79,27.23
6d07ebee9c7fa9c4749c7265c987bf0a,1,fc3e972df7e263b301e2bee77ac2a6d3,38e679b9e0064cd94c6f035707344dae,2017-05-26 09:22:28,67.91,19.72
6d0f82a01588821c295aabc53d05a552,1,d3ab527ab0d134eb8a034cab8e52a589,3b15288545f8928d3e65a8f949a28291,2017-05-30 14:22:44,69.99,18.06
6d2902f0339a16700f1e5f8649112ef3,1,f71973c922ccaab05514a36a8bc741b8,5dceca129747e92ff8ef7a997dc4f8ca,2017-05-25 16:55:14,89.9,21.28
6d2902f0339a16700f1e5f8649112ef3,2,f71973c922ccaab05514a36a8bc741b8,5dceca129747e92ff8ef7a997dc4f8ca,2017-05-25 16:55:14,89.9,21.28
6d2902f0339a16700f1e5f8649112ef3,3,f71973c922ccaab05514a36a8bc741b8,5dceca129747e92ff8ef7a997dc4f8ca,2017-05-25 16:55:14,89.9,21.28
6d35086a1e8f72a2bb8add8d93b6aa8a,1,dc1b52066a98303e1b82d19fa6bd33f9,9b522ba7eae9e1d04082f267144583cc,2017-05-24 18:35:13,49.9,7.78
6d35086a1e8f72a2bb8add8d93b6aa8a,2,dc1b52066a98303e1b82d19fa6bd33f9,9b522ba7eae9e1d04082f267144583cc,2017-05-24 18:35:13,49.9,7.78
6d4fbffb6862725cc8485066b8aca192,1,08574b074924071f4e201e151b152b4e,001cca7ae9ae17fb1caed9dfb1094831,2017-05-21 21:42:54,99.0,35.06
6d5b3f7d8dbeecde9db192aab1217ce2,1,777d2e438a1b645f3aec9bd57e92672c,4a3ca9315b744ce9f8e9374361493884,2017-05-11 10:22:14,69.9,11.88
6d953888a914b67350d5bc4d48f2acab,1,f4621f8ad6f54a2e3c408884068be46d,3442f8959a84dea7ee197c632cb2df15,2017-05-11 16:25:11,101.7,15.92
6d968ecddfdc64031edb07f29ab012b7,1,60963bbf9e011d8eec21c515ff623fba,8e6cc767478edae941d9bd9eb778d77a,2017-06-06 22:22:32,23.65,14.08
6d9a301ad93b5c24c6cff8e4f9cbe276,1,0a8b35c2fbc824f7e1015cf330e6cc3c,a17f621c590ea0fab3d5d883e1630ec6,2017-05-11 02:15:14,41.33,14.52
6d9f6e79f1664d6ff8e74dd03f8a5b43,1,cc971e0365873137b8bef2ebad633e6f,7a67c85e85bb2ce8582c35f2203ad736,2017-05-31 22:45:14,229.99,39.16
6db6ea05fce4b5694e9c6e6afaddfe4c,1,0b01d053a0d36c3f3ea27d74f5e5702c,6d7f8d9d594e28796b6b3205b00f459c,2017-05-18 15:50:17,59.9,9.74
6dce05516fc9a1e16b7a70e49ab656c2,1,44f90f085c7a825863cbf867990e1513,a416b6a846a11724393025641d4edd5e,2017-05-18 11:15:13,26.14,9.36
6dce05516fc9a1e16b7a70e49ab656c2,2,1fe8e6e01596885617fa1c90d29c2f81,a416b6a846a11724393025641d4edd5e,2017-05-18 11:15:13,81.56,9.37
6dddec4ff6cf5567af3fe54023e28500,1,3a7c9b0413d7b9cc7f4a18318fc5afb3,7a67c85e85bb2ce8582c35f2203ad736,2017-06-05 23:35:18,129.99,15.66
6ded11f0a307eed2ae0931fe59f4c599,1,a5a0e71a81ae65aa335e71c06261e260,c8417879a15366a17c30af34c798c332,2017-05-26 15:25:11,38.0,16.11
6defcba2f5df4f21c16be676addd3ce7,1,05b9a00b36b50edaea8de91b8c19fc22,79565f7d5603b24ddf07ade262547f2f,2017-05-30 22:55:11,89.0,12.12
6df64cc2e8fbd99d2f72745f1388a760,1,d730058d1bde41dd32e054abe2fe015f,4a3ca9315b744ce9f8e9374361493884,2017-05-17 10:50:13,73.9,15.27
6dfff7cc7906e05c66834b6562dd8e9e,1,cc971e0365873137b8bef2ebad633e6f,7a67c85e85bb2ce8582c35f2203ad736,2017-05-24 22:42:44,229.99,18.86
6e07bd59206483eaf297df6587e1ef06,1,d696750e550fd0f733979dd7e5dff921,9de4643a8dbde634fe55621059d92273,2017-05-29 12:32:14,169.99,18.76
6e0856753dd343c4a360ec7f6b7ebe31,1,8901581464c0fcdb80194ba0fad7e559,218d46b86c1881d022bce9c68a7d4b15,2017-05-08 14:30:25,56.0,14.56
6e09e14cbfbf46215f17805edfb79aae,1,72a137b85d5a1d82cde242493f118f43,ce27a3cc3c8cc1ea79d11e561e9bebb6,2017-05-30 04:05:23,29.99,14.1
6e1ea408fa8ccf55cee9c6707e5584bf,1,9a3a44b7cc16f2592b2110e4205edf97,5a8e7d5003a1f221f9e1d6e411de7c23,2017-05-23 16:10:09,59.9,15.18
6e2916ee4de2e65b95b2429f865374f7,1,cc971e0365873137b8bef2ebad633e6f,7a67c85e85bb2ce8582c35f2203ad736,2017-05-25 09:32:11,229.99,18.86
6e2ad17eed7ed4d65a36f2441c7fbf9a,1,9fc0c73ce4d0eaaead44e81eeefebeb0,c3867b4666c7d76867627c2f7fb22e21,2017-05-25 18:10:19,68.0,15.23
6e3e15bde53821ada4e7c475f2f98dcc,1,3c6be4372f013b15ef6c2d0f89452998,3d871de0142ce09b7081e2b9d1733cb1,2017-06-06 18:10:11,89.0,17.87
6e3ff590b497a3de669506cfaed55b4a,1,7b951373f6045db69ff7a2e4d8c40071,7e93a43ef30c4f03f38b393420bc753a,2017-05-30 14:05:14,299.0,15.84
6e4aa96643864493bb291057da474fbc,1,2a5806f10d0f00e5ad032dd2e3c8806e,7c67e1448b00f6e969d365cea6b010ab,2017-05-11 14:15:20,176.99,45.7
6e4f6fdc70c0d961b8597e98430b8d4f,1,ab9cf155f8280c3739b09fe341a185e8,92eb0f42c21942b6552362b9b114707d,2017-05-11 23:42:04,13.98,15.79
6e82dcfb5eada6283dba34f164e636f5,1,3ce943997ff85cad84ec6770b35d6bcd,9c0e69c7bf2619675bbadf47b43f655a,2017-05-25 19:22:29,175.91,11.4
6e82dcfb5eada6283dba34f164e636f5,2,b7d94dc0640c7025dc8e3b46b52d8239,9c0e69c7bf2619675bbadf47b43f655a,2017-05-25 19:22:29,175.91,22.58
6ea1fb8b83a7703077033993d1bdc5fc,1,edc388b2ba34de112c918ddcd465f5e9,2138ccb85b11a4ec1e37afbd1c8eda1f,2017-05-18 20:55:13,39.99,11.85
6ea9f2cd206705f2638e4d3db4698031,1,5984d199ed3cbe4f2736a4c24559af8c,1554a68530182680ad5c8b042c3ab563,2017-05-11 11:45:12,47.9,18.94
6ea9f2cd206705f2638e4d3db4698031,2,5984d199ed3cbe4f2736a4c24559af8c,1554a68530182680ad5c8b042c3ab563,2017-05-11 11:45:12,47.9,18.94
6eb550fffe44d869e8985452540345ff,1,dbb30c7e02f55cd884ff1b7c3be53d83,d91fb3b7d041e83b64a00a3edfb37e4f,2017-06-01 15:50:19,100.8,25.55
6eb9f3d505ab7a74d384c6b0acf7d57e,1,a298a105818dce6878b787e4af6cff7d,e26901d5ab434ce92fd9b5c256820a4e,2017-05-25 14:55:08,79.9,7.81
6ebaec694d7025e2ad4a05dba887c032,1,e251ebd2858be1aa7d9b2087a6992580,001cca7ae9ae17fb1caed9dfb1094831,2017-05-24 14:05:17,139.0,14.72
6ed97d236b7eb297787b4002f3efee17,1,513721dadfd93bcbce9da4d3bd67c06d,a478c7961d6a992065b24e63b366f90b,2017-05-15 08:22:06,125.0,16.63
6eda86a0f1499199eed71198fbb0e243,1,c4fc1d4489f664ce1c6c55b7089738b2,0ea22c1cfbdc755f86b9b54b39c16043,2017-05-11 20:32:56,39.9,15.1
6edc82aed8285a03faae5a51ed36eb0e,1,2eb9b2ef7c1da3c7b99702452ea4729f,0db783cfcd3b73998abc6e10e59a102f,2017-05-16 01:25:29,99.0,14.86
6ef48857a65c0db78e1cd9e0accbd55b,1,9ae144079d83bd6ffb2d30284c7c518c,44073f8b7e41514de3b7815dd0237f4f,2017-05-31 02:33:13,69.68,16.93
6ef68a30425925354c7d5c7d4f664ab4,1,e67307ff0f15ade43fcb6e670be7a74c,f4aba7c0bca51484c30ab7bdc34bcdd1,2017-05-28 22:30:17,18.99,15.1
6ef68a30425925354c7d5c7d4f664ab4,2,e67307ff0f15ade43fcb6e670be7a74c,f4aba7c0bca51484c30ab7bdc34bcdd1,2017-05-28 22:30:17,18.99,15.1
6f09a390f155a581c268dade6de048e1,1,4a6bed9678fe2fa40d7a84063fde6f89,0ea22c1cfbdc755f86b9b54b39c16043,2017-05-30 21:55:17,24.9,15.1
6f0dec5453c159116c3f8b14133c150d,1,a8366756c95286fc31f1eb653c12ce3a,b2ba3715d723d245138f291a6fe42594,2017-05-23 23:10:11,164.9,14.9
6f2ae8728d4663eecab7315f623ac889,1,5d096ee78b3150e1dcab797e13884824,53e4c6e0f4312d4d2107a8c9cddf45cd,2017-05-25 08:45:19,61.0,15.19
6f2de71049be12a7261059378f59e229,1,b74d57e3377dd78aace6d070fc48cc88,4a3ca9315b744ce9f8e9374361493884,2017-05-26 19:35:10,65.9,18.03
6f3b34d75d61bdd8ef79ba590a88ba5b,1,ecbe401f10ecd3b822d940d63cc3311e,cd68562d3f44870c08922d380acae552,2017-05-18 01:10:24,89.0,16.06
6f3bcb56b24abe9303122deb9ab78295,1,a0eef953cb25bc9ae40457e1c3c82946,5a8e7d5003a1f221f9e1d6e411de7c23,2017-06-04 21:25:09,69.9,15.24
6f6926816d7f45e2ce64ae33c9faf58e,1,547b95702aec86f05ac37e61d164891c,001cca7ae9ae17fb1caed9dfb1094831,2017-05-25 02:43:17,135.0,45.03
6f6948633148ad2811ae8142b39cc59c,1,e11b7abd9eb82a586a144e97594bc05f,ef9952469137ff190bacafe117f51537,2017-06-09 04:23:02,207.06,17.89
6f752180f34073c79120a1f2827a39ed,1,29427de7f8a9ee983d9dbc51cec569b4,7a67c85e85bb2ce8582c35f2203ad736,2017-05-11 02:23:37,99.99,19.29
6f838eed4f03f8be45723049df0a91a3,1,2029248294c186017ecfc48cecd47bbd,d50d79cb34e38265a8649c383dcffd48,2017-05-23 03:45:11,126.99,14.49
6fb94eba66b44dad1973e9109f89136d,1,fb949f35bd1873f846cb7246d9db81b0,6edacfd9f9074789dad6d62ba7950b9c,2017-05-26 20:22:52,43.9,19.91
6fb94eba66b44dad1973e9109f89136d,2,78120320a8a3d2656f159d513fcb83b6,6edacfd9f9074789dad6d62ba7950b9c,2017-05-26 20:22:52,40.9,20.95
6fb94eba66b44dad1973e9109f89136d,3,08d76e49b8206d0cfb7456fe3aa7d3b4,a3a38f4affed601eb87a97788c949667,2017-05-26 20:22:52,109.0,0.03
6fc7f9a5ce44ab38483dcf761802cb7e,1,0ce1e35bdc6af7e582e7ef9363e29b5b,db4350fd57ae30082dec7acbaacc17f9,2017-06-07 04:02:57,15.99,14.1
6fe4c985918734d29a35419f12b76570,1,a8cb589d0aa5e6308a8fcf133ecca711,7bcd7c5f8631701474db233ccf1c094b,2017-05-31 13:45:18,50.0,15.11
7034679df131fe7f52587694f54483f7,1,e7f7fb397625c18bb0f39cfaf88168ed,2e90cb1677d35cfe24eef47d441b7c87,2017-05-25 18:05:17,16.8,15.1
7034679df131fe7f52587694f54483f7,2,e7f7fb397625c18bb0f39cfaf88168ed,2e90cb1677d35cfe24eef47d441b7c87,2017-05-25 18:05:17,16.8,15.1
705de20d99bad1d33f30357181b9e9ad,1,48f27eae43a6ecfccfd61052113cd322,dc4a0fc896dc34b0d5bfec8438291c80,2017-06-05 16:42:19,65.06,16.22
7060f73d08967fd1df06148b7cfb2ffe,1,97e778e5156560324ed3226e6dba3a5e,cab85505710c7cb9b720bceb52b01cee,2017-05-31 07:25:08,69.9,11.99
7062eab93cccc51550b18e1787e7b8b1,1,78f3f7fb2c7a8a53bccb6cfc49f34f66,e9779976487b77c6d4ac45f75ec7afe9,2017-06-07 13:10:24,92.99,0.01
7062eab93cccc51550b18e1787e7b8b1,2,7cd29da0653abeb444703cc5a957f479,620c87c171fb2a6dd6e8bb4dec959fc6,2017-06-07 13:10:24,37.9,30.49
709b861e47ea50e8ac08c7717c84b02b,1,9a3ca83ba9d170d692b42098fff5b7ae,0887a9f087bcd5d9f6642b52f897fc6c,2017-05-30 11:23:05,329.0,31.09
709efe7f1c274357d00b90efa060027c,1,0ddc12518a71c5561e6c1054f3816a3e,dbb9b48c841a0e39e21f98e1a6b2ec3e,2017-05-23 09:55:19,44.9,14.1
70af58ec6113d2f1bb7f6db857208687,1,72172e982e8b92155069e4201c92c0bb,e9779976487b77c6d4ac45f75ec7afe9,2017-05-19 10:45:18,28.0,8.27
70b746f6d25c9df56e8e41bc05da3f1c,1,45986044725e448e85eb0d81251a8892,cfb1a033743668a192316f3c6d1d2671,2017-05-08 10:50:16,189.0,36.31
70e107ed69e098ab3f97556b2b56b47c,1,adf67f81126a8ec9e0968dadbb49083f,8c16d1f32a54d92897cc437244442e1b,2017-05-23 04:02:09,21.8,42.38
70e51d3f5d7998b5e5dc66bf35d31425,1,862f21f0a089e3a09528412f6ec63428,b335c59ab742f751a85db9c411a86739,2017-05-17 10:30:39,59.74,18.7
70ed892da9da5db41406428e9d9ced49,1,63de2743d05ab59d85caa49e49459ac1,cbd996ad3c1b7dc71fd0e5f5df9087e2,2017-05-08 23:22:51,15.75,14.52
70ed892da9da5db41406428e9d9ced49,2,63de2743d05ab59d85caa49e49459ac1,cbd996ad3c1b7dc71fd0e5f5df9087e2,2017-05-08 23:22:51,15.75,14.52
70fdb98b88f9b34c5e8fce09e093c747,1,d986e4bd747ca20b348abcd013cd1303,440dd6ab244315c632130ecfb63827b1,2017-06-04 22:15:18,154.9,14.1
71094b187eea9583286a74a815c5b9ff,1,0e2d52789a024cfd6f9204778320a8e5,f181738b150df1f37cb0bd72e705b193,2017-05-22 19:55:16,219.0,30.56
711093a34ef24a1588096dbf21f605af,1,e251ebd2858be1aa7d9b2087a6992580,001cca7ae9ae17fb1caed9dfb1094831,2017-06-05 04:25:13,112.0,16.22
715d8ed9c706aef12151e802c2bc8962,1,0ce1e35bdc6af7e582e7ef9363e29b5b,db4350fd57ae30082dec7acbaacc17f9,2017-05-18 16:10:18,17.99,15.1
71853944ebfe6bd5f5de0302cba14354,1,3c8403a4f7135ffcb0e050a81764088f,78ba5933c21686d1c2f64669c8c459e7,2017-05-22 11:02:34,105.9,9.56
7195bbe2eb284effff29db46278daad8,1,ea44caac707f7f1325182a538007f838,855668e0971d4dfd7bef1b6a4133b41b,2017-05-29 09:55:18,50.0,16.6
71bd50400074bcb6afdacdccb82a5478,1,3907f392eb7a6ba1d75fb55b28f7a27e,bacb1f0ed56ad24198f5810d2b3fe9a5,2017-05-18 16:22:10,161.9,8.88
71c5d16c2149894838dfbb922947cafd,1,4a8a91cb75042e2b6496f1a6d2d1cdd6,ebd2d60905fb58271facef5596b620d3,2017-05-29 03:31:28,148.9,16.67
71ca30b49c5b34847a66dd05c3a9f8e4,1,b45db6d7f215afe884f987a98d44788c,2a1348e9addc1af5aaa619b1a3679d6b,2017-06-01 10:55:10,37.9,16.79
71cb873fdd4adf163236f26b9dd7cafd,1,48ee9be392f28ae3a64518a070f4d06a,4a3ca9315b744ce9f8e9374361493884,2017-05-17 04:10:17,69.9,16.25
71d33900d3db33c09ceff19ffc7ec460,1,9575c58d6ba5856589c410cef0b3f0e0,f0e103c63864d5405b958d984b6e94c9,2017-05-18 11:55:10,159.8,14.87
71df939ed0ea6fc3549a76728ae598d6,1,6002665d65ee348dcd357c7bb2f080bd,f45122a9ab94eb4f3f8953578bc0c560,2017-05-10 16:03:24,59.99,13.0
71e2f7733505074179563ccd72d93d15,1,9b6ee5c8c553ff804dc0b0c2d06baa49,0df3984f9dfb3d49ac6366acbd3bbb85,2017-05-22 16:50:10,42.9,16.79
71e71375082a5e27ffdb861ad5c1f847,1,42130cd7a981706499a4d337f2f7f621,2138ccb85b11a4ec1e37afbd1c8eda1f,2017-05-22 12:33:12,29.99,7.78
71ea8340051d1eb026b7f104899eafe9,1,56568aac139eb6a4adcbabb5fbbf8e6c,e9bc59e7b60fc3063eb2290deda4cced,2017-05-23 04:10:28,207.3,16.2
71f14ec1996fff780487b71d42dc041d,1,052b8660ee8a9ee18815d9b276694a10,94144541854e298c2d976cb893b81343,2017-06-06 21:50:15,28.9,21.15
7200817edfaf24464cd06cc29bc40827,1,0b035ff3ab8827ae8c56022c16712e9c,86ccac0b835037332a596a33b6949ee1,2017-05-16 02:50:34,218.99,18.78
723db1939d651ba15a49cbd180680b62,1,170e27ee183ac140aa68a86bacd2a6dc,86ccac0b835037332a596a33b6949ee1,2017-05-25 11:00:05,129.9,15.66
723eb8a15a9c1cd6038c3af64f0b0fad,1,57e985ca3ae3b6da2382de45f827017e,5c243662ce92d84573bfaff24c3e3700,2017-06-02 13:22:26,379.9,25.53
7254b66719addb416bd46b5f01fbfa67,1,eac611ce220f095680e35c1c1124bcb3,dbb9b48c841a0e39e21f98e1a6b2ec3e,2017-06-02 08:50:07,82.9,15.33
72864e9930b12da6e7ebc3cae431f226,1,7fab1a1472fdd934397068931f63f3ca,3d871de0142ce09b7081e2b9d1733cb1,2017-05-18 19:25:11,68.0,11.98
730308f506bdb6d00878bc7cce6109f9,1,c6dd917a0be2a704582055949915ab32,7a67c85e85bb2ce8582c35f2203ad736,2017-05-18 17:25:11,99.99,9.51
731d09efba8a2040506f3097b149c979,1,0efc91aa52d1f0669126d3000a94279b,d1c281d3ae149232351cd8c8cc885f0d,2017-05-05 20:15:13,109.99,15.88
73207c3f43cbf7bc33ac5072aca58e46,1,faab97003f349e10524a71ed2c2f2bde,46dc3b2cc0980fb8ec44634e21d2718e,2017-05-30 02:22:28,229.99,26.16
73267bb8b187041d0921ae0d6e56e644,1,7c1bd920dbdf22470b68bde975dd3ccf,cc419e0650a3c5ba77189a1882b7556a,2017-06-06 14:55:24,64.99,14.2
732845be4a6dc4764fbec54f2db497b4,1,bbaef2eadf31fe3ea6702077398be06c,cc419e0650a3c5ba77189a1882b7556a,2017-06-07 16:10:17,56.99,14.15
732ea3eb55f0450b5da6cd76607c4504,1,0f81e9b864727ae5398d12bea4061449,d91fb3b7d041e83b64a00a3edfb37e4f,2017-05-31 09:35:15,39.0,16.11
73612117a85e3e65d7ac69f7e5df1540,1,eac611ce220f095680e35c1c1124bcb3,dbb9b48c841a0e39e21f98e1a6b2ec3e,2017-05-17 11:31:20,82.9,14.33
736401dfe860545394d24b098b2728eb,1,813329d52f377306fa1614ca9a962cd5,2138ccb85b11a4ec1e37afbd1c8eda1f,2017-05-05 19:55:08,29.99,16.05
73689c18cffbd61ae75e2983453b4689,1,5f21301936c11698db6aee5444190da0,fe2032dab1a61af8794248c8196565c9,2017-05-08 09:10:16,149.9,11.66
73696c4354b75af323cf793aa474acfc,1,a4d8f727f92014da5dd64116af14634c,63ffcb71394dd8ea3872ed9ffda17c74,2017-05-12 09:31:43,25.0,12.93
736a8a3d8b9cde5dd9b1f985fc523c0e,1,c56400aa5823575d5a92a8f98077490a,a7f13822ceb966b076af67121f87b063,2017-05-10 13:10:11,139.96,21.29
7374fa43431b3fcc18a164488c164d83,1,af51d485dc5255ba2e18b21b550156e6,5dceca129747e92ff8ef7a997dc4f8ca,2017-06-01 16:22:08,259.9,80.59
737a52582de776db2631a7d53cb29eed,1,635b74f3dd5462e3c133b42cd9299fa2,b2ba3715d723d245138f291a6fe42594,2017-06-06 06:55:34,49.9,11.85
73b12cfaa8f20bc1ff6b36c9ef17f656,1,c49f7bd8ac21b2169dd273bfef92b82a,17e34d8224d27a541263c4c64b11a56b,2017-05-16 13:55:18,308.99,17.92
73c84b13ab9bb715a8e21eb2329177eb,1,1878fcfa202ce65b4bfaa9d16250ee86,7c67e1448b00f6e969d365cea6b010ab,2017-06-01 13:11:02,126.99,30.73
73cfcda5215dcc0c2a5839f4ea320288,1,d4a56b9816c864d22d8b40c16999208b,fe4cd9461203cee790d36792420b310f,2017-05-17 04:22:31,125.55,17.32
73de1db8eb6e493c5a6ed60c856a2076,1,672bdce161930b1c72890c619224376a,8444e55c1f13cd5c179851e5ca5ebd00,2017-06-05 21:02:28,389.0,16.45
73deceb3150fdc9ade84ac49e7bbcb85,1,3377b442347c19fe5f5d740892c180e6,b2ba3715d723d245138f291a6fe42594,2017-05-18 06:35:20,79.9,15.32
73df5d6adbeea12c8ae03df93f346e86,1,7e4453fdebc830f4198332526054960f,63b464dbf392c7b80d12d932fa7cafed,2017-05-26 10:23:03,169.0,17.92
73e025915b8bd2c8856d0d3f85545506,1,6002665d65ee348dcd357c7bb2f080bd,f45122a9ab94eb4f3f8953578bc0c560,2017-05-17 21:30:15,59.99,17.67
73e6a8e83085aff9674ff4cf65247118,1,6002665d65ee348dcd357c7bb2f080bd,f45122a9ab94eb4f3f8953578bc0c560,2017-05-05 17:05:43,59.99,13.0
73eb70779d3a8a4647f8ccf9c43d2623,1,01cf8c7364048b4b6ed0fe400667054d,b2ba3715d723d245138f291a6fe42594,2017-05-16 14:15:23,229.9,27.87
73fd274e38077632092043206020bea1,1,14dffa241a078aeaebaef48a49e807ca,fa40cc5b934574b62717c68f3d678b6d,2017-05-18 17:35:17,64.9,14.2
740b489def00f1dd64ba1d3c169020ba,1,d64a5abc068bfa0e7e1b7ad7f64fe96c,1900267e848ceeba8fa32d80c1a5f5a8,2017-06-05 04:30:38,49.99,16.11
741697f23730a7985de543b58b116227,1,cc971e0365873137b8bef2ebad633e6f,7a67c85e85bb2ce8582c35f2203ad736,2017-05-25 19:15:27,229.99,18.86
741a088353f3774474ff3b2d7da8f0de,1,df10a782c44fcfb00afa5bba65777d74,bacb1f0ed56ad24198f5810d2b3fe9a5,2017-05-12 04:50:16,182.9,18.53
742b2b7009e5c7c5aefce3e328c4866a,1,fe0caf78250528cec991a2462326f574,8e6cc767478edae941d9bd9eb778d77a,2017-05-22 20:50:17,72.69,19.75
742d23b61a40b16eec4c1c5998da1c39,1,16ed6a6e3fce23b741650437fe58d65b,e5a38146df062edaf55c38afa99e42dc,2017-05-25 08:42:30,89.18,9.44
742e73f061eac95007f20afdd72d515b,1,940d38f0ef286bd93612fcdc91dd38ed,53e4c6e0f4312d4d2107a8c9cddf45cd,2017-05-31 02:55:20,84.0,16.84
74307d89ea137d75c1300106f5aec9a9,1,39b5afc4814b4e72b2bfe4f4806aac25,fa1c13f2614d7b5c4749cbc52fecda94,2017-05-31 11:55:24,539.9,15.28
743419ee64432e471c306434e29245b6,1,eebbed5ed3b134eceb717496c47652ba,d1c281d3ae149232351cd8c8cc885f0d,2017-05-22 03:35:27,99.99,16.33
745d2763c76bb75f1267554899ed96da,1,6171e0ffb665e527d521c2435e065644,44073f8b7e41514de3b7815dd0237f4f,2017-05-23 19:42:34,93.5,15.4
745ec59acda70b8a8aa10a28f36b50f2,1,e338f548cda0b52650b9acfd317a74db,cab85505710c7cb9b720bceb52b01cee,2017-06-01 15:01:55,54.9,15.13
7482f12f16a862671e5e3951ef33d2c1,1,466d263ce8b7bd275003ee2104428127,ef506c96320abeedfb894c34db06f478,2017-05-29 04:22:29,25.99,16.79
748517ec82ece7fdd60abdaf413f6beb,1,6856ab01ef22301e08a45d5842ccb247,4a3ca9315b744ce9f8e9374361493884,2017-05-12 16:55:14,129.9,18.34
748959bbfc92b5990235c6b93d114475,1,63de2743d05ab59d85caa49e49459ac1,cbd996ad3c1b7dc71fd0e5f5df9087e2,2017-05-26 09:25:16,19.9,15.1
749eb4902527dc1a8e81681cd9c1b016,1,15182e412b013f40aa860be89720c91f,3dbbce181edfaa4a597ec858c382d2ec,2017-05-15 13:55:31,29.9,16.11
74b2e16139e22b24f192835a3eaf109b,1,9592cd0b739cc57871c3aecffe15436a,f8db351d8c4c4c22c6835c19a46f01b0,2017-06-02 09:30:18,49.9,16.79
74b688473b5a7667bdef6423f7508177,1,99a4788cb24856965c36a24e339b6058,4a3ca9315b744ce9f8e9374361493884,2017-05-12 02:15:37,89.9,11.24
74bd06b5f9e79f8761e2b924e65cdfde,1,b4a5ed82bcc31e97e7f85548d92503bf,7a67c85e85bb2ce8582c35f2203ad736,2017-06-05 21:15:09,109.99,20.01
74c2f1a8063baecde689a28b1704993e,1,2f178dc91b792930e1ff40a77a123506,75d34ebb1bd0bd7dde40dd507b8169c3,2017-06-04 21:50:14,399.99,23.6
74ea3815fca8d03749e89470f099ff98,1,77cc62dc80ebe12a0452d1ce0565acdc,218d46b86c1881d022bce9c68a7d4b15,2017-05-18 17:50:13,113.0,18.04
74f5ef24910641ee05e708ad84525bb7,1,29427de7f8a9ee983d9dbc51cec569b4,7a67c85e85bb2ce8582c35f2203ad736,2017-05-11 20:10:19,99.99,16.95
753c38d9df042e956e8309e532241087,1,154e7e31ebfa092203795c972e5804a6,cc419e0650a3c5ba77189a1882b7556a,2017-05-25 03:42:41,19.99,17.63
754e0ef304d14ac589b026c5442c12bd,1,9fc063fd34fed29ccc57b7f8e8d03388,ccc4bbb5f32a6ab2b7066a4130f114e3,2017-05-15 10:25:12,370.0,28.33
755062e6c08cf5b87a6eb6a094eca92b,1,22c5ddc22ea8cae84fc9917def682dc6,cc419e0650a3c5ba77189a1882b7556a,2017-05-25 18:30:17,56.99,25.68
755a429b14b766d9804739faa9ff4783,1,c10d7c70907ad6d09ada0581ef6bf839,f8db351d8c4c4c22c6835c19a46f01b0,2017-05-18 02:45:05,208.9,18.71
755c4aa4960614ec096601363b0ea48d,1,cbe24747d52ccb72f4fd7190c41aff73,2059c39f76271d4ca3f15b5ffaccc8b8,2017-05-30 09:42:27,16.0,18.89
755eebcb667b0fc5148bdcee47fe9f28,1,38907b29879ddc50f67e714102146e61,dc4a0fc896dc34b0d5bfec8438291c80,2017-05-22 03:02:49,59.9,11.92
75754d7bcffc106c7017989bd4b40873,1,44f90f085c7a825863cbf867990e1513,a416b6a846a11724393025641d4edd5e,2017-05-18 22:55:11,26.14,0.1
75754d7bcffc106c7017989bd4b40873,2,65e3848513c9ab70bf542e5d694cf072,a416b6a846a11724393025641d4edd5e,2017-05-18 22:55:11,36.85,33.74
75769af508ae5e105845b3b4813fa07a,1,5c973b4202aac5c372a483e712306f4f,391fc6631aebcf3004804e51b40bcf1e,2017-05-30 10:05:10,49.95,11.85
757cda7c87b31e672c1f98dc9cfe86ea,1,b166907a5770631b7deedd0891b1b7ab,febab0275244b9a49a623f0bd613ca2f,2017-05-23 14:25:09,74.85,14.27
757cda7c87b31e672c1f98dc9cfe86ea,2,b166907a5770631b7deedd0891b1b7ab,febab0275244b9a49a623f0bd613ca2f,2017-05-23 14:25:09,74.85,14.27
758e852ab6d20c02ec1b0f75a024d83f,1,188d0b148e6d1c86faffe0d73c3f2dad,23613d49c3ac2bd302259e55c06c050c,2017-05-24 23:42:35,45.9,23.22
758fbb6d7ea877ff4005851bb75238c2,1,ab9cf155f8280c3739b09fe341a185e8,92eb0f42c21942b6552362b9b114707d,2017-05-25 13:43:25,13.98,11.85
7593a646a84237ec96579dad6d6d91bb,1,31a2f42a87890f87d77daebdfabc182e,4c03b9dd4c11ee2cb35c96c49efc9420,2017-06-02 19:42:21,149.0,16.8
75b2d5bcaa2ff25faa70a904109d772a,1,48c4ce43e9ae76b92039ed23beaca543,6edacfd9f9074789dad6d62ba7950b9c,2017-06-05 15:55:28,46.9,15.1
75d5d3d16567a27eefc5752aeb063072,1,b90973ce80ba5d1fbc046fd8471acaef,41b39e28db005d9731d9d485a83b4c38,2017-05-25 15:50:07,13.9,14.1
75d5d3d16567a27eefc5752aeb063072,2,b90973ce80ba5d1fbc046fd8471acaef,41b39e28db005d9731d9d485a83b4c38,2017-05-25 15:50:07,13.9,14.1
75e0a6d2e57dd8ad70355c1b44acdde4,1,65841ad29fc48cd40902e03da7511e05,8b8cfc8305aa441e4239358c9f6f2485,2017-05-11 17:30:21,849.0,126.44
76050ac42e05f52668728d3b535629f4,1,870bcc6c58e03ca658cfdd13db4bbe28,5bffbafbb22daf6d3bfc216a46db8708,2017-05-31 10:02:51,144.99,17.45
76050ac42e05f52668728d3b535629f4,2,870bcc6c58e03ca658cfdd13db4bbe28,5bffbafbb22daf6d3bfc216a46db8708,2017-05-31 10:02:51,144.99,17.45
762accd1f919295f51f3b39e314cee12,1,dfb97c88e066dc22165f31648efe1312,8581055ce74af1daba164fdbd55a40de,2017-06-02 20:25:16,139.0,15.73
7634f2019b1d08e44a15dd3214c57182,1,601a360bd2a916ecef0e88de72a6531a,7a67c85e85bb2ce8582c35f2203ad736,2017-05-25 13:06:32,129.99,17.16
767e4a48d385494c5c662f61f9145530,1,3db75f31b76375c502f64d550dcd1166,85d9eb9ddc5d00ca9336a2219c97bb13,2017-05-18 14:35:10,31.9,25.63
767f188a65e841e610f8a69e129fbdea,1,2e6c12b01b91073e4cad9732887edc57,36a968b544695394e4e9d7572688598f,2017-05-15 21:55:21,39.9,15.1
76927b562beef6d31416c21778b2b4e5,1,c689470c5a069795896edc7b896d9251,0c8380b62e38e8a1e6adbeba7eb9688c,2017-05-09 20:15:12,49.9,12.93
76927b562beef6d31416c21778b2b4e5,2,c689470c5a069795896edc7b896d9251,0c8380b62e38e8a1e6adbeba7eb9688c,2017-05-09 20:15:12,49.9,12.93
76aa52a8bd8995742d4da905ed1db5ac,1,7d854ab97c64ef9df2bbfaf332765786,aac29b1b99776be73c3049939652091d,2017-06-06 06:55:43,59.9,19.66
76b02601a5660a4df61f8e6fe9b95b57,1,73852ee3739732147010f2be732d597c,218d46b86c1881d022bce9c68a7d4b15,2017-05-11 14:50:18,119.99,13.42
76b5cf2989344419461ec7b13b23fd3b,1,58a96ae04b90563cde5becdf0ee2e823,ffdd9f82b9a447f6f8d4b91554cc7dd3,2017-05-25 11:42:39,206.0,98.81
76c077c302894d52a9cecbb6bc322b24,1,6bbe55cf8f85c87b6eebb775a53402f4,0db783cfcd3b73998abc6e10e59a102f,2017-05-09 11:50:18,99.0,11.3
76ca90c340d3db00b40ddf08d507b3da,1,d389bacae4eb98af95b782dae3b7f03a,7e93a43ef30c4f03f38b393420bc753a,2017-05-30 17:03:32,759.0,13.51
76cd8bdf29b1ad8f6dad715d6ad8fe90,1,2b28903240e8ae0f0c45a14e769d9431,744dac408745240a2c2528fb1b6028f3,2017-05-16 13:30:16,198.0,16.83
76ee52772850236ff2a3b3a6b32f1cfe,1,5e459bd31247ee46fa95b09556600a6a,827f8f69dfa529c561901c4f2e0f332f,2017-05-18 02:50:17,37.9,15.1
76f8fb142cced489b53c34f1a4a4e23a,1,cc5c55b85ec65541272bea4b9895add4,32fdd5d44ecb43dfd6a24b9369eca144,2017-05-11 02:15:48,59.9,19.12
770be1c6a043c4e99e830bee3f5eb024,1,7fab1a1472fdd934397068931f63f3ca,3d871de0142ce09b7081e2b9d1733cb1,2017-05-08 01:03:02,68.0,14.65
7711031c008fac004ba9f2bfdaff6200,1,8fd4a0aecf57598dcdc75d1520069acf,fe2032dab1a61af8794248c8196565c9,2017-05-21 23:30:10,179.0,9.45
7715ec335869451fe7dda18fddf75da7,1,23365beed316535b4105bd800c46670e,92eb0f42c21942b6552362b9b114707d,2017-05-11 02:15:15,17.89,14.52
7719dd879ae3926cf395d78c4d2e3ac7,1,9453bde60c4ee52155c963641736cfc5,5c243662ce92d84573bfaff24c3e3700,2017-05-30 22:25:17,467.0,11.46
771d515757315655434c93d52615af6d,1,0ce1e35bdc6af7e582e7ef9363e29b5b,db4350fd57ae30082dec7acbaacc17f9,2017-05-30 22:45:18,15.99,14.1
7720e8564b9fee98c22438680fa85cfb,1,a5340098c26b85e9bc7e7fd8e97fc50f,ef506c96320abeedfb894c34db06f478,2017-05-09 12:30:50,39.99,20.8
772b70d3a8f138f49a2d39a138dd7e76,1,586b14a3aadbdec1439e5d7029fbe886,272f092de69afedd4d2969440b37f18f,2017-05-11 15:55:19,49.9,28.76
772b70d3a8f138f49a2d39a138dd7e76,2,a5b15c8b0abb9a1e7eb10546441925d0,272f092de69afedd4d2969440b37f18f,2017-05-11 15:55:19,12.0,1.44
7742297b8ce3c16600efdeca04a70937,1,1bfe62f326ac7bec0f5a83c10cfff228,3d871de0142ce09b7081e2b9d1733cb1,2017-06-06 07:02:39,54.9,12.72
7744b010dedfdb100e51ac9096022331,1,e338f548cda0b52650b9acfd317a74db,cab85505710c7cb9b720bceb52b01cee,2017-05-30 14:02:38,54.9,7.78
776a94d575b86a9b4685f33a764b8d60,1,72172e982e8b92155069e4201c92c0bb,e9779976487b77c6d4ac45f75ec7afe9,2017-05-24 19:02:22,27.55,15.1
7776efd9111e9fc4702936560e4b0a10,1,6d2fde7d12bb6ff367dbda120ba8828e,897060da8b9a21f655304d50fd935913,2017-05-09 17:35:11,22.0,10.96
7776efd9111e9fc4702936560e4b0a10,2,6d2fde7d12bb6ff367dbda120ba8828e,897060da8b9a21f655304d50fd935913,2017-05-09 17:35:11,22.0,10.96
7776efd9111e9fc4702936560e4b0a10,3,6d2fde7d12bb6ff367dbda120ba8828e,897060da8b9a21f655304d50fd935913,2017-05-09 17:35:11,22.0,10.96
7776efd9111e9fc4702936560e4b0a10,4,6d2fde7d12bb6ff367dbda120ba8828e,897060da8b9a21f655304d50fd935913,2017-05-09 17:35:11,22.0,10.96
779f3890fa0528852a6d4c46cd5772cc,1,144fc7abb16b6f6d92d2c9f34d3c3452,e9d99831abad74458942f21e16f33f92,2017-06-02 19:50:16,35.99,15.1
77c65697055f082d537f537f084f9fae,1,a2a91fe6d8762e0371abd964cef88ec6,4992e76a42cb3aad7a7047e0d3d7e729,2017-05-22 17:50:16,25.0,21.15
77c65697055f082d537f537f084f9fae,2,100260bf9206d859dc8db128c8c5afc9,4992e76a42cb3aad7a7047e0d3d7e729,2017-05-22 17:50:16,25.0,21.15
77d2c1762d483a6012d9f32c2a59e5df,1,6d2c812450dd02b2f87495af63f9b709,2138ccb85b11a4ec1e37afbd1c8eda1f,2017-05-22 14:35:24,26.99,7.78
77e925036de689ed484293229bf0f152,1,daca0700540caccd14072597536e3632,d9442042130b7fe579d1295f9f4a248f,2017-05-19 17:30:23,19.99,9.34
77f4d78e39e755553e7b18854b074514,1,dc93254d4d00a9ff3b05490e585e5376,ea6b12bf9ffe2bac34602ec631d97a47,2017-05-18 21:25:13,138.8,11.58
77fe12305bf8924a5cce7caf4bee2c4c,1,12827caf723c4ff8030d64dcffe3cdab,e9779976487b77c6d4ac45f75ec7afe9,2017-05-30 03:03:13,59.0,8.27
782d3bc431fb7dfe50633f53fff4ac62,1,d00f6c52d2730de05fb409f09ab6e732,d9442042130b7fe579d1295f9f4a248f,2017-05-17 11:15:18,34.9,11.73
783ead164482dd5df46e82d73ee73949,1,59fe488ea6ac9439bc86663f4a564c23,ef506c96320abeedfb894c34db06f478,2017-06-06 06:50:16,17.0,14.1
784dc805e40803fed828b9fbf45b4858,1,7c1bd920dbdf22470b68bde975dd3ccf,cc419e0650a3c5ba77189a1882b7556a,2017-05-25 18:02:32,64.99,7.78
784e19dd0615365f6a59789d659b2fe6,1,da893368e67b2e521b3f04da43f4b57a,70a12e78e608ac31179aea7f8422044b,2017-05-30 23:42:46,90.0,15.38
7860e9b8501efdbdc0be993136da3c52,1,4cb6e86e1328e77e20b5f90771683cbe,c3867b4666c7d76867627c2f7fb22e21,2017-05-26 13:55:21,104.0,16.49
786baaa6b659351627edf0bbbee0648a,1,9fc063fd34fed29ccc57b7f8e8d03388,ccc4bbb5f32a6ab2b7066a4130f114e3,2017-06-06 00:32:42,370.0,15.61
7876543fa2ace4e27b82861d1330ecb4,1,090ab1523d3fe5832c09a55b7195e32b,ef506c96320abeedfb894c34db06f478,2017-05-18 03:05:30,22.99,7.78
788e7378d74502a8c60a80b6c66552b9,1,db6612711588e8be758dc6cb66d031d2,70a12e78e608ac31179aea7f8422044b,2017-05-15 23:15:19,120.0,12.34
7892239c80bff3601c4d78e1e57e6a61,1,8c591ab0ca519558779df02023177f44,a1043bafd471dff536d0c462352beb48,2017-05-18 20:05:10,99.99,34.06
78b60b2b56698f828379188688d16396,1,159dc4423e5092c3baa443379a458fa9,5c243662ce92d84573bfaff24c3e3700,2017-06-05 06:35:16,458.0,17.97
78cb812cde46e3e06e94affd5ea47012,1,7b453aa3584d61c1268d77ba6fd5956b,e26901d5ab434ce92fd9b5c256820a4e,2017-05-11 13:22:12,109.9,10.96
78cb812cde46e3e06e94affd5ea47012,2,7b453aa3584d61c1268d77ba6fd5956b,e26901d5ab434ce92fd9b5c256820a4e,2017-05-11 13:22:12,109.9,10.96
78d33c687d79eafa05dcd67958f4b329,1,b191d7bf910b82744bf36a5ee9b041d8,17e34d8224d27a541263c4c64b11a56b,2017-05-08 13:55:14,327.99,13.69
78d7cdfcab0a42ea5428365d6ad0ff34,1,4a69bf67fa5c94b8e301ef9c94950755,c0563dd588b775f2e37747ef6ad6c92c,2017-05-11 13:45:15,139.9,15.56
78ebe5bf2d56685f5b1e6895cfd941e2,1,bbaef2eadf31fe3ea6702077398be06c,cc419e0650a3c5ba77189a1882b7556a,2017-05-29 18:22:46,56.99,8.72
78efa452393fd1c902416648db793ccf,1,154e7e31ebfa092203795c972e5804a6,cc419e0650a3c5ba77189a1882b7556a,2017-06-07 16:35:14,19.99,15.1
78f36af48bdfeb73392e3250be7a9b47,1,99a4788cb24856965c36a24e339b6058,4a3ca9315b744ce9f8e9374361493884,2017-05-12 20:45:12,89.9,16.05
7902f1e4e448f0d59d80e60bc25ec61c,1,6113c803231ccd88d4f0d30cb9b3edec,36a968b544695394e4e9d7572688598f,2017-06-08 00:32:43,134.9,15.69
7905195351d6b5454db9c308ab72288e,1,38add59349dc5b9c3effc6b93925cb97,53e4c6e0f4312d4d2107a8c9cddf45cd,2017-05-18 13:42:55,36.0,17.39
7905195351d6b5454db9c308ab72288e,2,007c63ae4b346920756b5adcad8095de,53e4c6e0f4312d4d2107a8c9cddf45cd,2017-05-18 13:42:55,79.99,20.0
7905d74aefff427d164bf8a4b274fc9c,1,9e164b4afdecc7c67fb9b6f12c104e21,218d46b86c1881d022bce9c68a7d4b15,2017-05-26 09:04:35,81.36,18.14
7905d74aefff427d164bf8a4b274fc9c,2,9e164b4afdecc7c67fb9b6f12c104e21,218d46b86c1881d022bce9c68a7d4b15,2017-05-26 09:04:35,81.36,18.14
7905d74aefff427d164bf8a4b274fc9c,3,9e164b4afdecc7c67fb9b6f12c104e21,218d46b86c1881d022bce9c68a7d4b15,2017-05-26 09:04:35,81.36,18.14
790c018ecba60024d3684643535f0e69,1,999ad46c08ea9b778cefc75048156f30,8ccf3cf69651cc1d8a02c8bfaf3b8568,2017-05-17 18:45:10,125.0,17.31
79347dc228cde031ba95adb6a647ab6b,1,7c1bd920dbdf22470b68bde975dd3ccf,cc419e0650a3c5ba77189a1882b7556a,2017-05-30 11:45:12,64.99,7.78
794651af98ca9412aa91961e14c0a796,1,3d696187f8d3543290f64ba2f7b5db9b,b77a27b1864483e721dc831d5ba4afa0,2017-05-24 02:50:26,20.9,14.1
794c69999774820e22c161f6dc4fef91,1,0e030462875259ec0cb868f7ecf1fd5e,abe021b01ba992245271b9aa422032df,2017-05-30 06:35:23,2740.0,54.5
7955ebc3660bd2a004a4eaa016b3a190,1,f9e5efb845b51d764b06f149eb99fc7f,b92e3c8f9738272ff7c59e111e108d7c,2017-05-29 11:25:12,59.9,17.67
7962c29496311e6f33a972d590b1f966,1,ccdc2cdf7a30f11bbc65d90c630c5e86,b1fecf4da1fa2689bccffa0121953643,2017-06-01 11:32:05,129.99,29.31
79703330f9510623f0ef157d661011c5,1,f6ded594ada4d7ad32d68d6c57dcb417,f35becee938e982bd615edf8ef12bcfb,2017-05-17 00:31:37,19.9,11.85
797fe018b83e5b8aaef674bad19874e9,1,0522015abfd1094949180dee8dacbdf9,cca3071e3e9bb7d12640c9fbe2301306,2017-05-17 15:22:24,24.9,15.1
797fe018b83e5b8aaef674bad19874e9,2,d249f9dc99c68bbd2e4301672e0f97c5,cca3071e3e9bb7d12640c9fbe2301306,2017-05-17 15:22:24,24.9,15.1
797fe018b83e5b8aaef674bad19874e9,3,e478d0bd1efbc9329837d30c174bb850,cca3071e3e9bb7d12640c9fbe2301306,2017-05-17 15:22:24,29.9,15.1
797fe018b83e5b8aaef674bad19874e9,4,a963b6b0ba2dd73f51cb8f84855094fc,cca3071e3e9bb7d12640c9fbe2301306,2017-05-17 15:22:24,29.9,15.1
799964b5666f130721bec3cdeb97270f,1,23365beed316535b4105bd800c46670e,92eb0f42c21942b6552362b9b114707d,2017-06-05 04:55:14,16.5,11.85
79a0ca36f845e0bf7e0e21441e0da0ba,1,6c34d241bbd85d693f1fee6a4b8a8e2b,59417c56835dd8e2e72f91f809cd4092,2017-06-18 22:30:19,845.0,74.06
79ad52e8a08f3b8fb0c5a288a173f3cc,1,87600b5691804854827b5df8c04767b2,218d46b86c1881d022bce9c68a7d4b15,2017-05-30 03:15:25,135.0,18.2
79b64ea5b697b2e014789fe969dd50a0,1,7600ad0c8b6aec897862eb7944ae0856,bfd27a966d91cfaafdb25d076585f0da,2017-05-29 10:35:14,189.0,17.08
79bb1292df7d62fc35c5121cf94216dd,1,b1acb7e8152c90c9619897753a75c973,cc419e0650a3c5ba77189a1882b7556a,2017-05-25 21:22:02,34.99,11.85
79c33d92e11819540d65b8ade04cdcba,1,2d7ec74c6f93ad8234f2e29817b2827b,bf3c6d2a28b2b5501e6c15448982dcc9,2017-06-04 22:55:14,149.9,18.3
79c662b35aff8d9152a0191a830a997b,1,eef398550dd9575d23eb2d8be74bd45a,0c8380b62e38e8a1e6adbeba7eb9688c,2017-05-08 10:15:19,44.9,15.56
79ee77c8f45cf57099cfe54271af1d49,1,d5b703c271f43f9c588a6f512a00f77e,fa40cc5b934574b62717c68f3d678b6d,2017-05-09 11:32:17,34.9,14.11
79f87452881d9d524d6b06c3541f6e2c,1,156b348a4e7d61007fc06135f8a204b2,6fc26fe110feebd80a433e1f012a84f9,2017-05-10 15:30:23,59.0,15.62
7a0b8eefc3f5c1e5d6baee73060caa44,1,dceb3f67aef3484498a7caa4ba50f484,2fdde51ad3e12f297da656d4fbd5d0b5,2017-05-21 22:25:16,449.0,48.44
7a15ddc4006012ed0573d3c3b5b20266,1,94950d6ddd0b24c0d15f7f09d61a8148,cfb1a033743668a192316f3c6d1d2671,2017-05-15 09:55:18,157.0,21.59
7a3073d28930e698b650ba8cf83e741b,1,5bef5f3b8482d8e586db1839a4577b87,cca3071e3e9bb7d12640c9fbe2301306,2017-05-30 01:25:19,81.8,9.99
7a37faa848114c1dfbe6b90f15af98fa,1,d3a735e40a3d006beb83b9b0594d3765,744dac408745240a2c2528fb1b6028f3,2017-05-30 09:10:10,198.0,16.14
7a727e7d4fd27ecc265e8415030811c5,1,422879e10f46682990de24d770e7f83d,1f50f920176fa81dab994f9023523100,2017-06-06 06:55:34,59.9,17.67
7a7e5969f44acc496be638c300cc3591,1,2b4609f8948be18874494203496bc318,cc419e0650a3c5ba77189a1882b7556a,2017-05-25 04:10:26,89.99,7.88
7a962b095b0922e93689020736751c96,1,27b53acb5f37e2d79d49af25312096a5,8f119a0aee85c0c8fc534629734e94fd,2017-06-02 13:55:09,36.0,26.89
7a971cef9d150a941f2dc6a90a2cf904,1,e54c0428a8cf1b79f63823b92e20aacc,cb5df0dcb9e280b1780e9d589889f2c7,2017-06-07 15:55:14,165.99,12.66
7aa1e182024c0f58b54dfc730b58780e,1,c6dd917a0be2a704582055949915ab32,7a67c85e85bb2ce8582c35f2203ad736,2017-05-15 17:35:17,99.99,16.46
7ab64f42a8f9ab290e920eed320d7e60,1,abe236a52dbc43e90bad00fe6d794582,6426d21aca402a131fc0a5d0960a3c90,2017-05-25 02:35:18,59.9,16.18
7ac13b045c748b7eef3f9011bd5683c9,1,46ded74d8d8e187dabe94a64dd15a7cd,fc906263ca5083d09dce42fe02247800,2017-05-23 17:50:21,39.9,14.1
7ac617c6f13e6890a30d029b0bc3e904,1,dd413b2e015e9f610983d1132574f895,8931a84a914b3fe9b1ddaa4d704947ca,2017-05-11 14:15:14,69.9,11.1
7ae9ea7b3699d86d4e21f6b323b72479,1,99a4788cb24856965c36a24e339b6058,4a3ca9315b744ce9f8e9374361493884,2017-06-05 13:10:21,89.9,12.13
7b033cb628034cf26d21edbccd4f1350,1,62509b4a04d6e50559ab943122e6a724,cac4c8e7b1ca6252d8f20b2fc1a2e4af,2017-06-14 03:55:23,59.99,42.83
7b0991b804c1f59ff08aed876cd41c5b,1,42a2c92a0979a949ca4ea89ec5c7b934,813348c996469b40f2e028d5429d3495,2017-05-23 14:25:11,59.9,11.73
7b14b680a9c285d579e2a51495f30173,1,3bfd406881ee395530b18ca51670161e,f45122a9ab94eb4f3f8953578bc0c560,2017-05-10 02:50:45,189.99,12.72
7b1cf9f880b0f7eba111c5342dd2fba9,1,99a4788cb24856965c36a24e339b6058,4a3ca9315b744ce9f8e9374361493884,2017-05-19 01:10:18,89.9,15.38
7b1fa4766801ccecaa2fc8dba3afc30d,1,8bad0b03a701f851b31594eb2eb758b8,7a67c85e85bb2ce8582c35f2203ad736,2017-05-25 12:35:27,20.99,16.6
7b29aa7d6508036d7400781ca593b58f,1,f177b434709ecb652dbee4f4b19aef2f,d98eec89afa3380e14463da2aabaea72,2017-06-01 02:42:34,24.99,15.79
7b3dfd5f6a78e3b430e083bf1a909da0,1,11e70144cff3fcf2bb31adf12b91178c,dc4a0fc896dc34b0d5bfec8438291c80,2017-05-18 22:50:11,77.75,16.3
7b50d6c8484155685a9780c8a85a48fc,1,a298a105818dce6878b787e4af6cff7d,e26901d5ab434ce92fd9b5c256820a4e,2017-05-24 10:22:26,79.9,7.81
7b6c4c1c9a1d498b62e1ff1eb235a153,1,8aeef27d525d6bfa3b48e599a6c15ffd,94c49f20a123aeb9360dbf80ff912bf6,2017-05-30 03:03:03,49.95,25.44
7b95d76914bb5cec919366223c2f3190,1,e43da23e8c063291ca4e887e6ee98107,2528513dd95219a6013d4d05176e391a,2017-05-17 16:43:27,269.0,22.72
7bc50ec93f941b5bdf5da2fa87d04131,1,7aa5da3ccd8f2addeb39eac7ec266e8e,83e197e95a1bbabc8c75e883ed016c47,2017-05-25 21:25:13,129.9,17.16
7bd4e2449b48b17c96f04de5349e06bf,1,a45a0a8751b5e6c64c920b63716fbd24,e627629ba868740e287800f1a9be81c2,2017-05-17 10:45:15,27.9,9.34
7bd62497a7402220bd5006cec2c7b749,1,7c1bd920dbdf22470b68bde975dd3ccf,cc419e0650a3c5ba77189a1882b7556a,2017-05-29 02:22:39,64.99,25.73
7bed52ae04d24f8dd5725a005681fbfc,1,2338a290bd0581fde51b770baeddb0a6,0d85bbda9889ce1f7e63778d24f346eb,2017-05-18 02:23:30,69.9,37.45
7c07f56b7d198e14ff2e6a757644d55c,1,59fe488ea6ac9439bc86663f4a564c23,ef506c96320abeedfb894c34db06f478,2017-05-22 03:15:28,17.0,17.63
7c07f56b7d198e14ff2e6a757644d55c,2,59fe488ea6ac9439bc86663f4a564c23,ef506c96320abeedfb894c34db06f478,2017-05-22 03:15:28,17.0,17.63
7c1e94ae4c4305fa26db7da2d6749b36,1,e67307ff0f15ade43fcb6e670be7a74c,f4aba7c0bca51484c30ab7bdc34bcdd1,2017-05-15 06:35:22,18.99,16.79
7c749191ee3a17f34cbfcf6ddd2009ac,1,f22c9d6ce2431ff939aad39e026cc7ef,c847e075301870dd144a116762eaff9a,2017-05-16 06:35:31,1199.9,34.72
7c7bc574f3f647a6bb4da91c5dd094cb,1,f2169c25db6a579fde210bf8ce7ce9d7,d6b664fa0667064c6d76394e7848d790,2017-05-19 13:30:15,799.0,20.34
7c9ccc685465db762929dc50cff89257,1,c5a00e7e34e45fe4c79a38d102248b48,70a12e78e608ac31179aea7f8422044b,2017-05-22 03:45:40,98.0,34.49
7caf5a3cc5b5e6a117a963be598bbae1,1,4fe53f6c123977ffa0dda91a2962c9e8,7722b1df1b0e383e000397b2c11e3e19,2017-05-19 09:10:16,19.9,8.72
7cbc65f44f89c2a106408220f92ee3c7,1,1bef08f119466a85a83919d5b80facd3,d2374cbcbb3ca4ab1086534108cc3ab7,2017-06-14 23:25:12,15.9,15.1
7cc85185736ea7f2d8bc09af7a47cab7,1,8695c431b31927efef5343e675f279e7,fe2032dab1a61af8794248c8196565c9,2017-05-22 10:02:45,179.9,15.01
7ced17eac048bb56b535174eae0bcb7d,1,7340a3839a1de1e99d149b8cf052a2ec,4a3ca9315b744ce9f8e9374361493884,2017-05-11 17:55:19,69.9,16.25
7d09a3b11e55c5e586d952edc9e12e6b,1,774c67cd53f1586caac72b52fa5a097e,c42fd8e4d47dfb18ce5222f2dd7752f9,2017-05-25 15:10:19,120.0,20.33
7d0a55e8ef248b7bec928b22f0223430,1,ecbe401f10ecd3b822d940d63cc3311e,cd68562d3f44870c08922d380acae552,2017-06-05 04:55:17,79.0,15.3
7d170449ca92e7f9c69431c2e23e35e3,1,4525ba25c6fe12c6c01f869b3226d8e4,4a3ca9315b744ce9f8e9374361493884,2017-05-26 11:05:14,89.9,12.12
7d170449ca92e7f9c69431c2e23e35e3,2,dff2d533131f407db58a34fd3f832821,4a3ca9315b744ce9f8e9374361493884,2017-05-26 11:05:14,87.0,12.12
7d219bd2feeb13ad311a00db33c06a3c,1,2d063994ae4667cff3d6841e9d441d1d,13d058e4eeac2ce8217660b2f8a05812,2017-05-31 14:02:20,89.99,15.38
7d29c8dc7f0169a08554b4309f115a2d,1,689b01074243aeee72049c8da42d2e22,3d871de0142ce09b7081e2b9d1733cb1,2017-06-01 01:22:24,68.0,11.98
7d514be6da81debca0ed96cb31d6ed12,1,9e8aaef7103f42e3834092cc00dbbb71,cc419e0650a3c5ba77189a1882b7556a,2017-05-30 02:05:09,19.99,7.78
7d56ba365c87c8bb457b75761f9a1df3,1,f71973c922ccaab05514a36a8bc741b8,5dceca129747e92ff8ef7a997dc4f8ca,2017-05-11 15:02:21,109.9,24.05
7d5dabfc11c26a559185a38245fafda9,1,06c38a87544301cba8b0fb5a0796383d,dd533b429f380718b70ad9922c294bae,2017-05-22 06:35:18,52.9,23.24
7d88ea8967e298bd75f4872d79973c81,1,8e0aa05a387182c8ef3cd13b6131e60f,cca3071e3e9bb7d12640c9fbe2301306,2017-06-02 02:42:36,249.9,14.77
7daec439cb159736ea49ba99f31b80dd,1,c689470c5a069795896edc7b896d9251,0c8380b62e38e8a1e6adbeba7eb9688c,2017-05-15 18:50:12,49.9,17.6
7db38640b175244483b5c37ac175566e,1,12fd8665371236b5b586ea4e448902c8,4a3ca9315b744ce9f8e9374361493884,2017-05-31 00:33:11,89.9,12.13
7db5f2eb8f5f54db9f9e71ba4296bcbf,1,2a2d22ae30e026f1893083c8405ca522,1a3df491d1c4f1589fc2b934ada68bf2,2017-06-07 11:10:16,134.9,29.34
7dbb5ab142acb99429b243fe157f03a7,1,2feaaa695779a79fee913868e992fe61,8bd0f31cf0a614c658f6763bd02dea69,2017-05-31 19:02:27,119.99,20.33
7dc2cd8c070cb20ae535d75d107741de,1,5b2b72f58d212a6e4733884ef0ece564,dc4a0fc896dc34b0d5bfec8438291c80,2017-06-05 17:45:16,269.9,22.38
7dc8487f60263dbf289600757f5c6f99,1,154e7e31ebfa092203795c972e5804a6,cc419e0650a3c5ba77189a1882b7556a,2017-05-31 22:30:16,19.99,17.63
7dd6305a1d458ac09cd7581092afd396,1,29bcbac6eec9fa5e51f01225e8004c93,2528513dd95219a6013d4d05176e391a,2017-05-05 13:50:13,399.0,28.29
7dda251cd0ccf3b0e0ff56d62b779fdc,1,c73628b1c3144b2e0c9c88072f21a213,3f995f07c49d0d55a99d5c54957f7d81,2017-05-25 09:32:55,99.0,7.95
7df7653547bf44ffc3ac4a10375672cc,1,f81a1edab43cbf08299503316612bacf,8581055ce74af1daba164fdbd55a40de,2017-05-10 12:10:27,238.9,27.17
7dfb222987465be3379d47dd9e98a1a0,1,2ea92fab7565c4fe9f91a5e4e1756258,3d871de0142ce09b7081e2b9d1733cb1,2017-05-10 23:50:15,79.0,17.09
7dfbacd668c23f1d45720c457f2aaa70,1,4ddaadd618ebc681d6730057c360ab8e,aafe36600ce604f205b86b5084d3d767,2017-06-02 11:02:25,110.0,19.01
7e206e82d450357c6d35c6a4f69e0c24,1,eb7172d8a3c64298d2d767f6603c231e,725c32fa80c2faacc4fc88450d27314e,2017-06-02 20:50:11,44.95,7.78
7e3092871b13383e2bf040db363a846b,1,11fd9d7ba552e1d28872e008acf1e050,cb8bcce248bb1fb274ba762d8b971456,2017-05-29 22:25:17,139.9,13.11
7e3f4cf36fc0f5c5b678d1df4acccb8d,1,0cf13ac73dbcf6586ba63b89dd1f780a,b14db04aa7881970e83ffa9426897925,2017-05-25 04:22:48,47.0,16.11
7e428638464d2ac1a885d50644f3d831,1,a35a9f46dcee0a67c8c7ad8493eb4135,85d9eb9ddc5d00ca9336a2219c97bb13,2017-05-29 04:22:34,31.9,14.1
7eaee8b80a41b5daabc50e02d1e45120,1,cb6c1c21ebc9c153a7baf319c515657a,85d9eb9ddc5d00ca9336a2219c97bb13,2017-06-01 10:55:33,31.9,12.48
7eb2a49dead413f2e396efbf089ad780,1,c25174e1e4fd7fe5c3420869d61fe2a6,3d871de0142ce09b7081e2b9d1733cb1,2017-05-24 11:10:16,48.9,12.69
7ebf85bfac2ce83f0e584e02a6f225b4,1,59fe488ea6ac9439bc86663f4a564c23,ef506c96320abeedfb894c34db06f478,2017-05-15 09:50:14,17.0,16.05
7ec371e6b9ff628bcd34eb8bc60730ee,1,4cb6e86e1328e77e20b5f90771683cbe,c3867b4666c7d76867627c2f7fb22e21,2017-05-25 19:45:22,104.0,16.49
7edf26c8a1e67ce26c2d1457302bd03e,1,985fda1ced7e13375bf52220071610e3,41b39e28db005d9731d9d485a83b4c38,2017-05-10 09:30:09,54.9,17.12
7ef3a302148f7eb4741f831caaaab020,1,9b8bc17a236d09185c2101d0a02f8487,96804ea39d96eb908e7c3afdb671bb9e,2017-05-09 15:45:20,79.95,15.77
7f00ebc78d5d9f7e7b53d71d2003eb68,1,3c2e0c7185b8cb4c6172f7ad5e8f3075,44073f8b7e41514de3b7815dd0237f4f,2017-05-22 20:15:13,35.0,34.15
7f8627b25121727150b46207617a168a,1,4fad4b56635e58d6f0534f39b5614512,63272377184e969942f7fff221be858d,2017-05-24 22:55:18,79.8,39.49
7fd6cd7e778c71e9b3721599948c104c,1,096d687ce8c7ae68039cce3f229b1d4c,db46ca7bce82b11f7e247539271fc390,2017-05-09 12:30:50,61.9,15.64
7fd85cb0143de098a4c5ab5a57bfbd91,1,dc0fe1906bacc99199eb46fce442e1de,b1ac6ea7895bc3dd6f0f6f4abbdd2821,2017-05-15 09:32:33,59.0,20.73
7fec483949a1002d3d89fbb067f6cfc2,1,900a1000340c354f62ee5f07f3a080ac,48162d548f5b1b11b9d29d1e01f75a61,2017-05-05 15:25:12,174.8,18.65
7fecf198f9da11744da727bafd6702e9,1,1fe8e6e01596885617fa1c90d29c2f81,a416b6a846a11724393025641d4edd5e,2017-05-22 18:55:18,81.56,16.33
7fee7d4412f1c3a36d5c873789b75a4e,1,5d78060c4b02296fb129822fe0ac9ccd,dd39ad39b5d3df33037e141c72497ba6,2017-05-09 11:25:22,110.9,14.95
7ffe1e4299b921d6cc634a5fe05c03f6,1,5c692818d313aa12864b48ac0c2472c2,6560211a19b47992c3666cc44a7e94c0,2017-05-25 04:10:19,29.0,7.78
800a5a27188c4ceb9f70a42ce8a556bd,1,3be495aa2bea5ca3041d723c2db13209,abc015ebac1d283a323ca9db35ede4b9,2017-05-11 02:23:20,89.0,18.05
800a5a27188c4ceb9f70a42ce8a556bd,2,3be495aa2bea5ca3041d723c2db13209,abc015ebac1d283a323ca9db35ede4b9,2017-05-11 02:23:20,89.0,18.05
800ebc071b1dcbab630e96af15a7a1ef,1,97c2f81082289198f18c18dd5d936971,a3e9a2c700480d9bb01fba070ba80a0e,2017-05-29 04:10:26,210.0,115.12
8026c598dd1215d12c3c326458788d7d,1,e5f4167c170ccd8777cbf51841b6f7f3,7722b1df1b0e383e000397b2c11e3e19,2017-05-25 02:15:22,67.9,8.72
806d19127814e557e910ad0c90891886,1,f422d0d9f8b5f7c27289382b14b61248,1554a68530182680ad5c8b042c3ab563,2017-05-29 15:55:15,66.99,38.02
80748056eb9831627a31af7148fc735b,1,bbaef2eadf31fe3ea6702077398be06c,cc419e0650a3c5ba77189a1882b7556a,2017-05-17 14:30:14,56.99,11.9
808ecdee681597379a39d3697c8b28f1,1,67371c87cd852c73a336fc6ca6c66537,35ef5aa32949680f627efec3c23e705c,2017-05-22 18:35:26,39.9,16.79
8099ad6fc17173a53f09ba11910314ba,1,2291d090b69f60fc0ffd95ae394daa77,c847e075301870dd144a116762eaff9a,2017-05-29 08:05:29,99.9,36.02
8099ad6fc17173a53f09ba11910314ba,2,2291d090b69f60fc0ffd95ae394daa77,c847e075301870dd144a116762eaff9a,2017-05-29 08:05:29,99.9,36.02
809c4ebcc270057a021dc813195717e3,1,22560e21f2b8afbeb6939cab114839f3,876182d1918783bbe15233febfbd4926,2017-05-29 02:30:31,58.38,11.91
80ae48078a8d6d539933ba20be26c8d7,1,320e20e13905991b0d83e8f181fcc196,d20b021d3efdf267a402c402a48ea64b,2017-05-19 08:35:15,39.99,12.69
80aff51ef1baac168aede241f057bafe,1,963022ab2afed8b12ad312739a142b07,e5a38146df062edaf55c38afa99e42dc,2017-06-05 16:43:20,89.18,15.38
80b9515e62b3dcb4da3c324967e6af86,1,61d01171a3784bab50137290350e5332,4992e76a42cb3aad7a7047e0d3d7e729,2017-05-26 16:25:10,29.9,9.34
80b9515e62b3dcb4da3c324967e6af86,2,61d01171a3784bab50137290350e5332,4992e76a42cb3aad7a7047e0d3d7e729,2017-05-26 16:25:10,29.9,9.34
80bbfe23fd50d4ea9762ef70a8ada1be,1,5d42919d908b17ec1848699d89e2bace,855668e0971d4dfd7bef1b6a4133b41b,2017-05-22 11:50:06,240.0,16.43
80d42608ec46066a22bc8261471c7a21,1,ce710fd2f106cf7570a07aa47ee7395b,1f1bb1f0859883505541bdd6606193e5,2017-05-09 14:45:34,899.0,21.59
80def445474889abc909592113f0027a,1,0bb7cb61f1957f79dac582ab66ccdc1f,e26901d5ab434ce92fd9b5c256820a4e,2017-06-01 16:50:14,23.9,14.1
80ee0a82f590558e393bafe1232ae1f9,1,bdae940812284709dd5e300831735f64,22a23e5ac7061fc538cc2a019afaaf16,2017-05-29 11:10:17,95.0,14.42
80f1cd10d65b7d075be1ebc1a7fac86e,1,24d8da2d499efba175b1092826b7e390,d12c926d74ceff0a90a21184466ce161,2017-05-23 22:50:11,19.9,14.1
80f979599cc3bf88a0d1e1e8ed6a809b,1,128f4a77e367e573f494417d3b0bb68a,6df688df543f90e9b38f4319e75a9d88,2017-05-30 00:33:00,16.04,21.15
8134e15d81f56adef78090ac6a366f2c,1,06484143f7046fc1c2ec000aba13e28a,cb3dd9ce66268c7a3ca7241ac70ab58c,2017-06-01 14:03:20,24.99,11.73
814f83a0c457db5d3220e5e7367a944d,1,a298a105818dce6878b787e4af6cff7d,e26901d5ab434ce92fd9b5c256820a4e,2017-05-15 18:10:09,79.9,14.31
816210a15f4fa3b8fbc41acdb76f4733,1,5457c026a643626249213e1e39c31d10,a888faf2d1baececa6baf9c3d603ee1f,2017-05-15 23:42:27,379.9,17.41
816c1aa9dbcfd7482f467ac32d92bf0e,1,c8a3354f3676a68d1d990112ee5f2b5a,f435898e493ba0356019a0b1cb8b55b1,2017-06-01 01:22:38,24.87,25.38
8176ade636d355663673260d5f4faa54,1,29427de7f8a9ee983d9dbc51cec569b4,7a67c85e85bb2ce8582c35f2203ad736,2017-05-25 08:30:12,99.99,13.72
8176c11ca059602f1a7b1615f4cebbd6,1,bbedc8efc6fad7cf1c7f7725b75cd356,28ea411b354f14b1a494be4e79f0ce02,2017-05-24 23:10:16,160.0,9.94
81e729c96d2b8301d0c537f50c00dabb,1,a85fa7ea0b6ca7f780ad3034bf943070,dbc22125167c298ef99da25668e1011f,2017-05-29 22:05:07,102.9,36.04
81fff738e05d97b97be744936e7535a7,1,601a360bd2a916ecef0e88de72a6531a,7a67c85e85bb2ce8582c35f2203ad736,2017-05-09 15:22:54,129.99,29.84
820d5775b6d0316cdebc64673baf4871,1,8d1cfc0463b545928bfb4e589e017bd4,aae3bfea055532c57fb453ed3ec80b30,2017-05-09 21:22:27,62.8,14.61
8223c1c9dfe33eb14644dd34a5213285,1,c6ea63369936552872ae890c82175b4b,37be5a7c751166fbc5f8ccba4119e043,2017-06-05 16:42:21,225.0,15.32
8238c8981751f59176cb33a393282ae4,1,1fe8e6e01596885617fa1c90d29c2f81,a416b6a846a11724393025641d4edd5e,2017-05-15 17:45:18,81.56,18.14
8238c8981751f59176cb33a393282ae4,2,1fe8e6e01596885617fa1c90d29c2f81,a416b6a846a11724393025641d4edd5e,2017-05-15 17:45:18,81.56,18.14
82399e6596439c56390d6e5399e382df,1,2d2fbde9939c282238dc0847b04c5018,ce27a3cc3c8cc1ea79d11e561e9bebb6,2017-05-29 22:35:22,45.0,8.72
823f12d0e5ac14425963e6c920a6790b,1,0352f26fa462bd615275f3e91857926d,7c67e1448b00f6e969d365cea6b010ab,2017-05-25 22:45:14,229.99,54.21
824fecdf5be64398335e151279b7e51a,1,4ae634441e444ca4bc85903cafe98d73,92eb0f42c21942b6552362b9b114707d,2017-06-02 20:45:14,11.99,11.85
826ac984fcfa730ed1f2ef0d212578af,1,136bcac25276c164961c1fea9c7b48ac,d624126b9206f595fb3fbb6ba03b28a8,2017-06-02 03:25:07,739.9,33.58
82735bccec90eb2c009ba6290692df70,1,154e7e31ebfa092203795c972e5804a6,cc419e0650a3c5ba77189a1882b7556a,2017-06-06 23:02:37,19.99,34.15
829d9f111d5d360a3dcdb9d7c9af9a0d,1,99a4788cb24856965c36a24e339b6058,4a3ca9315b744ce9f8e9374361493884,2017-05-19 13:05:35,89.9,25.91
82a2e37eb201961bce71db63453b6b60,1,9ee8c8a931dd4d34148aa31f54ee93c1,f8db351d8c4c4c22c6835c19a46f01b0,2017-06-05 04:42:46,129.9,18.16
82a4587415d59443dce9ac6d0ce8720f,1,c6dd917a0be2a704582055949915ab32,7a67c85e85bb2ce8582c35f2203ad736,2017-05-11 02:25:25,99.99,26.44
8307cd7e144f9c61c639d115ee673bd3,1,bcac2cdcd851929a5caa3e1508d5abc9,0adac9fbd9a2b63cccaac4f8756c1ca8,2017-05-30 16:22:44,109.9,16.53
830d2f9316703d28776bd868412fb961,1,f7f59e6186e10983a061ac7bdb3494d6,729f06993dac8e860d4f02d7088ca48a,2017-05-22 14:50:14,34.9,13.37
831f3205c78da9d0b68f53e483eb3e08,1,2446edad7ab4cfedebb8728497ac4575,ce27a3cc3c8cc1ea79d11e561e9bebb6,2017-06-06 11:10:21,59.49,9.34
832ad6ddb27af590780d3419c9c34624,1,11875b30b49585209e608f40e8082e65,669ae81880e08f269a64487cfb287169,2017-06-05 22:55:12,65.0,16.89
832e0a03685bfc20477ea18436e023a2,1,5d790355cbeded0cd60e25cbc4c527a2,229c3efbfb0ea2058de4ccdfbc3d784a,2017-06-01 16:55:08,97.0,15.43
832e5f3e2e98919a84d3e224bd9c21ed,1,f0ea71b6e2ab4cb3bd8f5ba522a25a56,ea6b12bf9ffe2bac34602ec631d97a47,2017-06-11 22:45:16,124.8,17.12
833d8240f42e55ec0f05be5b78efd6de,1,9ead93350fbb3a5f0cc0b48c8c983748,adcf50477d6a1f5d91bb9d54c4903cb5,2017-06-04 23:42:34,43.5,15.1
833d8240f42e55ec0f05be5b78efd6de,2,9ead93350fbb3a5f0cc0b48c8c983748,adcf50477d6a1f5d91bb9d54c4903cb5,2017-06-04 23:42:34,43.5,15.1
833fbc971cf15276b9fa3a392f73b4e6,1,14555ba663de8689feacf1d0819cc3b3,dbc22125167c298ef99da25668e1011f,2017-05-09 12:31:32,119.99,25.04
8349ea058481bb2cd229288e7e1a9055,1,af51d485dc5255ba2e18b21b550156e6,5dceca129747e92ff8ef7a997dc4f8ca,2017-05-15 20:42:20,259.9,80.59
834f8d3f39f69c08aca04e68ba439517,1,3a7c9b0413d7b9cc7f4a18318fc5afb3,7a67c85e85bb2ce8582c35f2203ad736,2017-05-18 20:15:14,129.99,9.1
8352c315bdec808a129afc14f0e4f5a8,1,ca26080d8f0fa848c329fe732f5e34e8,3faf68a3b0af94b10bac70d86077be49,2017-05-30 11:30:40,188.99,19.6
83935760815a1020837d21238c7b9c10,1,2ac71e1960d313613f4f4cd468c602cb,4d6d651bd7684af3fffabd5f08d12e5a,2017-05-23 22:22:35,69.9,15.24
83a606acc4e6248f7fc570a3887cfdd6,1,340e3e28357bb29f7612c86c13d9729a,cc419e0650a3c5ba77189a1882b7556a,2017-05-16 19:05:21,49.99,7.78
83b0d41b8098a854e66c33ac7d1e8dcf,1,5d6d8d46af864e4241365a5cd4980a53,855668e0971d4dfd7bef1b6a4133b41b,2017-06-12 17:30:20,240.0,22.52
83c7e450050581ef4de4b03199ccc1f1,1,6edaba24cba3dd6d13058f286c80915e,98dac6635aee4995d501a3972e047414,2017-06-01 16:35:16,26.4,15.1
83c7e450050581ef4de4b03199ccc1f1,2,6edaba24cba3dd6d13058f286c80915e,98dac6635aee4995d501a3972e047414,2017-06-01 16:35:16,26.4,15.1
83d67fe6be9a0ed962f9ce12a1accdf3,1,98a8c2fa16d7239c606640f5555768e4,001cca7ae9ae17fb1caed9dfb1094831,2017-05-17 18:05:20,99.0,22.0
83dfca4f7a5fe26a1f1635bea6ad1267,1,d3257d83b50d04301c9d969a0e2ec4ee,6560211a19b47992c3666cc44a7e94c0,2017-05-25 04:15:11,69.0,11.98
83e72081383fc363b9d9b2d509917824,1,c92f0e7b9d49a9543558d6532772441b,5dceca129747e92ff8ef7a997dc4f8ca,2017-05-24 14:15:13,139.9,49.51
83fb50047ae335655fcb980c0a2430b5,1,5d42919d908b17ec1848699d89e2bace,855668e0971d4dfd7bef1b6a4133b41b,2017-06-13 05:02:21,240.0,16.43
8411e6f64e8ba69af35b400712a77a8b,1,177ccb9eb4263c7f82f6c3b98980d26d,3db66a856d18a9cba7c9241fc5221c50,2017-05-26 09:02:26,74.9,27.06
8413ac0b09301d03b78adeca5840866f,1,e67307ff0f15ade43fcb6e670be7a74c,f4aba7c0bca51484c30ab7bdc34bcdd1,2017-05-15 21:55:24,18.99,15.1
8417a2ebc88dc3838a05b78f868aeec4,1,cec09725da5ed01471d9a505e7389d37,4d6d651bd7684af3fffabd5f08d12e5a,2017-05-29 16:55:27,69.9,11.99
841c1d3a2dcd2252ee4f20c3858b2e95,1,62d8daeee0db3a60c234c2d1bfd10651,d2374cbcbb3ca4ab1086534108cc3ab7,2017-06-16 07:35:09,24.9,11.85
841c2a8a7251be9ce05b92ec875a1f7c,1,36c1f365be147f6c1c6d023ef73b17c3,f8db351d8c4c4c22c6835c19a46f01b0,2017-05-08 13:15:07,114.9,13.38
84225c358d07c8f17a45d20e4e126e73,1,b931645cdc2d9868f01544e8db63f5ab,b14db04aa7881970e83ffa9426897925,2017-06-06 22:50:17,69.0,13.5
84225c358d07c8f17a45d20e4e126e73,2,b931645cdc2d9868f01544e8db63f5ab,b14db04aa7881970e83ffa9426897925,2017-06-06 22:50:17,69.0,13.5
84335fd0be72b2dd61ba2f73f389d28a,1,ef92defde845ab8450f9d70c526ef70f,6426d21aca402a131fc0a5d0960a3c90,2017-05-29 04:03:11,21.9,16.11
8470b86bd094925355e05df719031692,1,35afc973633aaeb6b877ff57b2793310,4a3ca9315b744ce9f8e9374361493884,2017-05-23 03:22:49,89.9,15.38
847895ff42365e8959cdf2ef63afb847,1,ef7de0bbb0e0b0110c270e9381719761,2138ccb85b11a4ec1e37afbd1c8eda1f,2017-05-16 00:33:06,18.99,15.1
8478b4434093333a55c3fb43d137e54e,1,3ece1fcd5a64459a4e24143920178f42,77530e9772f57a62c906e1c21538ab82,2017-05-31 03:10:20,49.0,17.63
84898d879641fa3dfb557d681959b311,1,9453bde60c4ee52155c963641736cfc5,5c243662ce92d84573bfaff24c3e3700,2017-05-26 08:10:11,467.0,17.02
848bb02f182d3cd9c820281db86fc743,1,67b0d38a61d8e4c1c1df7d56276302aa,0ea22c1cfbdc755f86b9b54b39c16043,2017-05-25 10:55:26,59.9,16.86
84a050a9a90fcbfcf5d83858c583959a,1,63509853c8fbc63605d354a4ca4f689b,53e4c6e0f4312d4d2107a8c9cddf45cd,2017-06-02 01:10:20,47.99,9.34
84a050a9a90fcbfcf5d83858c583959a,2,63509853c8fbc63605d354a4ca4f689b,53e4c6e0f4312d4d2107a8c9cddf45cd,2017-06-02 01:10:20,47.99,9.34
84a29ed9a83dd55591f24898abc6f1c7,1,be837f2e0152a208d4386f4126d5bd7c,f8db351d8c4c4c22c6835c19a46f01b0,2017-06-04 21:22:43,32.9,8.27
84be7c64b278c1dc955e62970dea11c7,1,dfa3272f8e1bad4867677dfca2d061f3,ff314fa6033cc68ec451c47aee2d6ba4,2017-05-29 16:22:36,258.0,15.56
84dd6cd22bdbdda569398dfc0eb7decd,1,09982590713913e225d3ce5ccb670688,9d5a9018aee56acb367ba9c3f05d1d6a,2017-05-22 10:02:34,59.33,15.86
84df70f03a2be7d8a483d02c5b596fbc,1,28492192565141edad4251d6f32d1fe1,c3cfdc648177fdbbbb35635a37472c53,2017-05-25 04:05:21,169.9,20.43
84f5e6c0a0e3155e38c00f434ba90ce8,1,28b5fef7b6d63771e9784bc68c783793,d91fb3b7d041e83b64a00a3edfb37e4f,2017-05-11 20:22:13,35.0,16.11
84f7db01521f80940a5251ef37175555,1,70d01ae15a5d5ee38388b90c0470d9b0,a3a38f4affed601eb87a97788c949667,2017-06-06 06:35:12,89.99,27.17
8524c844437828e1a8355451ac40a2ac,1,aa07dadb101ca2d652eaaec5c33c37af,391fc6631aebcf3004804e51b40bcf1e,2017-05-05 15:45:12,49.9,11.74
855205a0e3f856f2a88173b8693baec6,1,d5991653e037ccb7af6ed7d94246b249,9c0e69c7bf2619675bbadf47b43f655a,2017-05-31 10:43:24,171.9,13.16
85607d3592af1748d85f39e8f2d2709f,1,dc0fe1906bacc99199eb46fce442e1de,b1ac6ea7895bc3dd6f0f6f4abbdd2821,2017-05-19 17:05:20,59.0,12.23
856f5f8ea98797ecf093d2d8d946d2ae,1,833984d7021e50b11df8113b7794e920,c3cfdc648177fdbbbb35635a37472c53,2017-05-14 21:35:20,65.9,9.45
8576600e6c8cf9ff884eaa76c8089eeb,1,f3c5707e7c539ab6533e3611da02b648,d1c281d3ae149232351cd8c8cc885f0d,2017-05-26 10:42:54,160.99,16.76
858dc2838532d6ec487b622925f25c56,1,fe70b3d3e1523d468ece722d2de06de9,baa49d93c8c8841e27400a300f5d74b2,2017-05-22 03:42:32,39.9,15.1
85a4fbdba48c815924115fb82330071c,1,dbfc3878e8b8a96816236363e132e6e3,2138ccb85b11a4ec1e37afbd1c8eda1f,2017-05-30 19:30:18,19.99,14.1
85bbb7b7b20d622bb504d5e2be1ce4ca,1,7a7be236d8368315680071df4209dd4e,b14db04aa7881970e83ffa9426897925,2017-05-19 17:15:14,49.0,19.59
85ca51954c545536cf77a680afe11969,1,7f8bacbe759179781b50331ea609f7f8,d1b65fc7debc3361ea86b5f14c68d2e2,2017-06-07 11:25:17,329.9,18.07
85d852ed89d35eeedc3136b033287b72,1,d3060c543b1b88a647cc284ed7a9dd4a,f67efa3f0b6761102a7f8c6b7b571f5d,2017-05-25 13:06:33,109.99,20.26
85f03a6957d64b16acc3b422c31875f4,1,963022ab2afed8b12ad312739a142b07,e5a38146df062edaf55c38afa99e42dc,2017-05-09 17:10:23,89.18,9.61
85fdee7959b5045582edb56a5ce523b8,1,11875b30b49585209e608f40e8082e65,669ae81880e08f269a64487cfb287169,2017-06-07 06:45:14,65.0,15.2
860455aa7b45766b3d33b051cebc6e27,1,856af50654f3ba4a223ae9b5b8d243c0,2138ccb85b11a4ec1e37afbd1c8eda1f,2017-05-22 03:30:22,26.9,15.1
861f30de872d5ebf55d9e66a880a5c8e,1,5a6e53c3b4e8684b13388d6aa4afdf12,7299e27ed73d2ad986de7f7c77d919fa,2017-05-09 18:10:11,16.99,14.52
861fa2fc596992bd6ea8bbf16cce85a4,1,1e587ac160dfda2548e3517c33e7faf0,81a1104df0f08b59c68aa5b03cfe398e,2017-05-31 22:30:17,162.9,18.39
863211f4868ae3a9ed08ffcf86768db3,1,9453bde60c4ee52155c963641736cfc5,5c243662ce92d84573bfaff24c3e3700,2017-05-30 19:35:11,467.0,18.02
863e04a33f87d879ee00bf50cf65c5e2,1,2708ea4fc1340081efeffbf11f14d765,f8db351d8c4c4c22c6835c19a46f01b0,2017-05-16 23:02:37,129.9,20.15
863ed82a296435f3a4d1a4b878450a5e,1,701cfdaf6cb0e11a4200ec31fab1997e,6edacfd9f9074789dad6d62ba7950b9c,2017-05-09 14:10:27,84.9,11.98
8644d20fc1d990622fd19bd143ea7abd,1,5ab836116525006a1a417c5c24091e2f,dbc22125167c298ef99da25668e1011f,2017-06-05 18:30:14,75.9,16.29
8688a4903fddd7ff09ac974e258c93d2,1,fb1f078a066428f00c1d71d6b9df3ff8,eebb3372362aa9a46975164bed19a7e7,2017-05-10 10:42:29,73.99,11.13
86c0dd8bf457a10687920d54ee6fb12e,1,627d58d6a24ab3695604a3c4d8fb8e48,0bae85eb84b9fb3bd773911e89288d54,2017-05-25 15:30:12,42.9,17.6
86c1a3ab2128e2448cecac7f29c5d48a,1,aa995bbfcf2da055bed670f7282f90d8,7a67c85e85bb2ce8582c35f2203ad736,2017-05-30 03:05:31,57.99,16.66
86cb9332fe84110d1025f91049fdfede,1,07c055536ebf10dfbb6c6db6dbfc36e5,cca3071e3e9bb7d12640c9fbe2301306,2017-06-01 23:35:12,45.9,15.1
86ddbf551a45045fda65a0b20745a6c4,1,89f1e78cec2da8a550bc341cfc36c066,baa49d93c8c8841e27400a300f5d74b2,2017-06-01 02:25:15,39.9,14.1
86f9158c646801ca3b16b26373ba78da,1,f9259c9e7c0f12c70f7a81409680a5ff,3db66a856d18a9cba7c9241fc5221c50,2017-05-09 14:35:26,69.9,22.42
87064d517041a71950b9f0cf6d34b211,1,47ed9bf58ec9b274dd4effeb9c75f117,0df3984f9dfb3d49ac6366acbd3bbb85,2017-05-11 16:55:17,35.9,14.52
8728d50cf8a703b24a9f7d755d9e40d9,1,095cb863f2b04911455ad33f5177062e,2059c39f76271d4ca3f15b5ffaccc8b8,2017-05-17 22:05:19,53.9,16.14
872e1ceb6beede021e8027145eefa8d2,1,cec09725da5ed01471d9a505e7389d37,4d6d651bd7684af3fffabd5f08d12e5a,2017-05-28 23:05:14,69.9,15.24
8736bdf66d2a95b749c3fb6c3108f819,1,b3b0bce74668bf355cbd94db1e4d17b9,8c16d1f32a54d92897cc437244442e1b,2017-05-29 04:22:32,24.98,8.27
873d039c319333bd488dbf6b66d602c9,1,76ad24d8518857df0f3dc45b2f5faf2d,44073f8b7e41514de3b7815dd0237f4f,2017-05-22 19:55:07,64.0,34.25
87440684f2020256690b3267299053f6,1,6f2a4da2fb20abf7cfb17f4ccdba0fdb,0df3984f9dfb3d49ac6366acbd3bbb85,2017-05-18 11:42:41,278.9,9.54
874904b7cdcd377a298d82e303930223,1,517dd1c1cda3892f83d386dcf9a4e9b7,b92e3c8f9738272ff7c59e111e108d7c,2017-05-05 20:50:14,59.9,17.16
875776703718e362c278092c5504ccc3,1,ffa4027b0effa4df0d5f5a9ce2788b6d,bacb1f0ed56ad24198f5810d2b3fe9a5,2017-05-21 21:35:11,217.9,16.28
87680c5e6ba498472b6478862b55f883,1,5f504b3a1c75b73d6151be81eb05bdc9,834f3294fba9f932f56edc879193f925,2017-05-19 02:50:23,572.0,72.15
8783894e49c4c084d21c71b16a5aa83c,1,1a37e7d1d8e98b3d70e6eb7d5deee99c,bd4889b5e9133b35b66e42a8665cea5c,2017-05-24 03:15:14,140.0,13.54
878a0241d449fe7ea1bec1cf145b9c9b,1,06c6e01186af8b98ee1fc9e01f9471e9,fc906263ca5083d09dce42fe02247800,2017-06-07 03:50:21,39.9,15.1
878c411445b7128a9715f6f06ca14bea,1,a5a7c5c2be6edf0b10ce28ba5c6b4a69,12b9676b00f60f3b700e83af21824c0e,2017-05-24 22:55:13,199.0,18.64
87a3056e3a34f6089763de4cbe685aca,1,bd1fc5db666613cbd3cba3ef38d3c0f2,712e6ed8aa4aa1fa65dab41fed5737e4,2017-05-12 16:05:18,350.0,132.38
87b1b0ac27740690a2f04d333724c05f,1,9bcb9de1c0d270b98bd46b4ff7161808,7c67e1448b00f6e969d365cea6b010ab,2017-05-24 16:15:16,279.99,73.59
87d3f1164e8055f7438ae314fe816cdb,1,cdeefdce9704b2a961a01e89b1f19e7b,34d1ca11b242c0fee2c834ae8d788566,2017-05-31 03:15:22,240.35,17.44
87da169130c3778475f71ef7ed36b4d1,1,f1c7f353075ce59d8a6f3cf58f419c9c,37be5a7c751166fbc5f8ccba4119e043,2017-05-29 17:15:25,215.0,8.76
87e83011a777a162b7aed42805bdd778,1,882ebbd926d1093b09ff76e976866954,0c8380b62e38e8a1e6adbeba7eb9688c,2017-06-06 12:31:41,99.9,17.95
87ec7a9f029ae04e1e43ffc7bba7bfa5,1,99a227ce7657e0627fae79ca776081c3,cfb1a033743668a192316f3c6d1d2671,2017-05-19 13:03:02,157.0,21.59
87fcaa805e96b64e38168bbb1852225b,1,f4b3b257580c1430e51d71dd731273c2,f84a00e60c73a49e7e851c9bdca3a5bb,2017-05-17 15:10:21,109.4,36.43
880da098e6d00eb875b766a0cc533ede,1,2960abe1e5e92f82f98f3358b7fc9a2e,e627629ba868740e287800f1a9be81c2,2017-05-23 03:45:31,27.9,14.1
880fd860edaea5318c35d3b57da842ed,1,45df8892a1d74d2e8f960dc06625fdab,99eaacc9e6046db1c82b163c5f84869f,2017-05-07 21:45:08,290.0,12.64
881e6608d8b7f15fc4133a04c4933e48,1,77b5008f271c9f74447191efb065bc28,7e93a43ef30c4f03f38b393420bc753a,2017-05-17 17:50:15,236.52,13.16
882532a9d3af41e668e0d305aa7bfe2a,1,f264c1d9b20b5e4a340254d0405e613b,7a67c85e85bb2ce8582c35f2203ad736,2017-05-29 01:05:19,69.99,19.73
882dd62cfb645823fd2fe550592fd4fa,1,5fc3e6a4b52b0c414458104ed4037f1c,229c3efbfb0ea2058de4ccdfbc3d784a,2017-05-29 20:55:20,89.0,12.75
889ebd7e736a2888d5157b4a97303bf5,1,0335b2f76fdeed85180abe8c6c444aa4,7c67e1448b00f6e969d365cea6b010ab,2017-06-09 02:42:43,159.99,55.39
88bb95821dcba653c3b6777abfc3565d,1,a35a9f46dcee0a67c8c7ad8493eb4135,85d9eb9ddc5d00ca9336a2219c97bb13,2017-05-12 09:50:09,27.9,15.1
88d83c164444378e37e1805e00984342,1,7c700504b3029faf7052e5f8e2c83b04,dd7ddc04e1b6c2c614352b383efe2d36,2017-06-06 11:05:09,16.9,14.1
88d83c164444378e37e1805e00984342,2,7c700504b3029faf7052e5f8e2c83b04,dd7ddc04e1b6c2c614352b383efe2d36,2017-06-06 11:05:09,16.9,14.1
890fff31c4646aca2e6372ee1b6ac443,1,e7db7c40ea6647c808d48581f1308d88,1d8dbc4f32378d715c717c1c1fc57bae,2017-05-26 02:30:48,109.9,12.72
891f8d8fba3fc7b0584e72f290b22078,1,423b46d7ff817b1cd19ab195c7b76546,6560211a19b47992c3666cc44a7e94c0,2017-05-16 19:30:25,55.0,15.14
893c5d0f1a2fd75917c6b37fcd220601,1,958cf0f5527f413e08d0cde6bfdbdde2,04aa0a1c5ce6b222003403a3e11c3cc0,2017-06-01 06:35:17,259.0,42.25
893c5d0f1a2fd75917c6b37fcd220601,2,958cf0f5527f413e08d0cde6bfdbdde2,04aa0a1c5ce6b222003403a3e11c3cc0,2017-06-01 06:35:17,259.0,42.25
893c5d0f1a2fd75917c6b37fcd220601,3,958cf0f5527f413e08d0cde6bfdbdde2,04aa0a1c5ce6b222003403a3e11c3cc0,2017-06-01 06:35:17,259.0,42.25
893c5d0f1a2fd75917c6b37fcd220601,4,958cf0f5527f413e08d0cde6bfdbdde2,04aa0a1c5ce6b222003403a3e11c3cc0,2017-06-01 06:35:17,259.0,42.25
89459df51caaa029d2494f4b36f1b96a,1,53ecc2857666872f67f44e60b13d2ed2,d9442042130b7fe579d1295f9f4a248f,2017-06-01 02:30:18,24.5,9.34
894e3de9f4244f5113bf5b97627330d8,1,f264c1d9b20b5e4a340254d0405e613b,7a67c85e85bb2ce8582c35f2203ad736,2017-05-05 11:35:19,69.99,17.23
89564bd6a7ea1056554275f223301d84,1,0efc91aa52d1f0669126d3000a94279b,d1c281d3ae149232351cd8c8cc885f0d,2017-05-11 23:32:49,109.99,20.85
897da32e9712dafcf2fb6615aeb3318c,1,e2e426d1332240070b0a836a854d057b,cce6ab8d1682639fe45ab70234f1665f,2017-06-12 17:15:26,34.9,14.08
899eb681966d4b5df1e1c9b21fc113ec,1,f4e74dfba86d9a38ceb930c9d34bbc0d,ebd2d60905fb58271facef5596b620d3,2017-05-11 12:21:08,55.9,17.13
89b97127e91562d3568842d10a400161,1,f2b264b1a4602b87d64eebefc899c1d0,1b8356dabde1d35e17cef975c3f82730,2017-05-11 10:31:29,79.99,15.77
89cc4b3fd3de52a930bc92ab0d876d1c,1,7822d1f226e657d5c98ce5a18bd0ad94,582d4f8675b945722eda7c0cb61ba4c7,2017-05-09 23:10:16,14.99,10.96
89e954a7919e964597b60e9f016df7fd,1,45cfee87da128a8f939226bedd92a72d,718539d38d07dd351c76db862760e2e2,2017-05-24 19:15:11,32.64,15.1
8a01d373ee6ec9c5f0a674fd7d0a2d38,1,5b6df302d191ccd16b319099f66be46e,6edacfd9f9074789dad6d62ba7950b9c,2017-06-04 22:50:09,66.9,12.81
8a1f37725eebf19474556726f014f72d,1,ecf11081ba69df87eeaa46e5c3de564e,8e6cc767478edae941d9bd9eb778d77a,2017-05-16 17:42:41,14.14,17.6
8a5631237c1d8626971f2867b25c076e,1,b29c1749f99da888ea322a01420d5220,403aa86912527d730337ffcb0fb096ab,2017-05-18 15:02:41,889.99,22.8
8a566c8bc5098ea48be7ea4929c5993a,1,42a2c92a0979a949ca4ea89ec5c7b934,813348c996469b40f2e028d5429d3495,2017-05-26 17:30:22,59.9,11.73
8a60714cf263ac64657ccd4c930b4d29,1,1ff1ab7f1fb2e52ac45d89d1b63cbfbf,fb503a924a0b9db19d83dd0ac6dbef8c,2017-05-22 01:02:31,13.9,17.92
8a7b84dec7fc7df583a40c69e47d7774,1,fb949f35bd1873f846cb7246d9db81b0,6edacfd9f9074789dad6d62ba7950b9c,2017-05-30 19:55:16,43.9,16.11
8a91fd6aba27185220ed37dd535b3169,1,aab5e2a4e6a2434fb61e694ed85a9888,d1b65fc7debc3361ea86b5f14c68d2e2,2017-05-31 21:10:20,129.9,15.66
8a9dffcf22392c73f48cc12ad332af30,1,100c85a71d709c9f00d0381b88853c35,d20b021d3efdf267a402c402a48ea64b,2017-05-11 15:55:10,79.99,19.15
8a9e4058bd52b1df24af22b9cd604f87,1,ca6d10d1487b13988e0241beaa7fa089,83e197e95a1bbabc8c75e883ed016c47,2017-05-25 09:31:28,119.5,17.09
8aaa6469d7ef4134e807e6b4da146012,1,f7a17d2c51d9df89a4f1711c4ac17f33,f8db351d8c4c4c22c6835c19a46f01b0,2017-06-05 15:23:07,50.9,9.27
8ac26cb701a7887cc7c458683408c56a,1,4ebb87ba41ca446326804d0e7f8dcc93,7a67c85e85bb2ce8582c35f2203ad736,2017-05-22 16:05:14,109.99,18.02
8acc03c83b14de718a6f275727b3001d,1,88f2c10f7a675e2f7e5a00ec528d973a,b2ba3715d723d245138f291a6fe42594,2017-05-23 18:42:20,129.9,14.66
8ad1b8de29d062bae836bc7d2cedc391,1,af0d0d1521e30e05b1cfc77192c685b6,6e85dc5ecd97a61094b89b046a509d8e,2017-05-19 01:10:24,169.9,12.69
8ad5d435c052c47844228f04d9837ac8,1,601a360bd2a916ecef0e88de72a6531a,7a67c85e85bb2ce8582c35f2203ad736,2017-05-25 19:45:16,129.99,17.16
8aec3a066f732dd927ec8fef1752415b,1,0693bcecfea57f2ad547d1ff56c7d9ea,cfb1a033743668a192316f3c6d1d2671,2017-05-18 09:55:22,15.9,16.11
8afada74ea69f220081870b340ddde98,1,1fa784d8744e3ed625d8651ddb15e33b,afe0067131b73e40875c9b6c10bd2e21,2017-05-18 20:15:09,139.9,21.47
8b0357c1bad60045f29531041ed96942,1,b8dabeb598db5ace52983a669b90238e,53e4c6e0f4312d4d2107a8c9cddf45cd,2017-05-23 22:35:16,85.99,16.04
8b72765c9ae45dda52e1aeb36d56d0e6,1,29f4b939c9bce7b71f366ba0eef2c4d8,c3867b4666c7d76867627c2f7fb22e21,2017-05-23 03:45:15,104.0,13.07
8b7b3969f3c39c57ab6c9d0df5741f39,1,96ed3b4b62790bd962aac0b317109be4,cac4c8e7b1ca6252d8f20b2fc1a2e4af,2017-05-31 16:00:06,34.99,17.6
8b7d20431612adc12a56218cbefaddb1,1,3d36ef6c6d553500f4240920658689e3,46dc3b2cc0980fb8ec44634e21d2718e,2017-05-09 15:22:54,299.99,17.31
8b88af6ab4bcba779184de098d66c9e7,1,e5eadf9be70a4a9fa514019542fc330a,4559697a8f7e637227c2eeaed843baff,2017-06-05 20:24:09,69.9,12.83
8b972989b530858d6513197f41817297,1,341510944cbf67a53d3ab835498921c1,4a3ca9315b744ce9f8e9374361493884,2017-05-31 17:10:12,74.0,12.02
8b9c6ff3e8b2603f52a401024523d642,1,01a184b7d8422cd95e9cf2a8cff32b5e,e5a38146df062edaf55c38afa99e42dc,2017-05-12 01:02:06,119.9,13.86
8b9fde773dec0dfd4be4beaa1ada46bf,1,be5353e2c543ba4f67831f95d3775420,f4aba7c0bca51484c30ab7bdc34bcdd1,2017-05-15 17:25:16,19.9,7.78
8bd234ce8ee3bfc5da0cf859cd80e414,1,9ac3471b9357338ea8054108a00389e3,0afccdb8a34ee5c79f7c06faf2b4d56e,2017-05-16 15:55:15,51.9,12.49
8bd56cbba10cec53a49503a4377ce707,1,334995514673fb6bae67885458b52984,53e4c6e0f4312d4d2107a8c9cddf45cd,2017-05-16 17:25:24,13.99,9.34
8bda067505e4a3f51647bbb470bf481a,1,9ed935bc816076633824e4ea5b66d6df,e8f6dc8e6a1dcde89d20e3995c8d90b3,2017-06-19 06:35:25,39.9,26.67
8be0e6cff38ca7f3d8709433d1f649af,1,0be487faac01dd57fd7ed17cfbdf2dee,d2374cbcbb3ca4ab1086534108cc3ab7,2017-05-31 15:22:01,22.9,11.85
8c21fe1b9ec8e9872ce5c040ee40fd3e,1,a9516a079e37a9c9c36b9b78b10169e8,7c67e1448b00f6e969d365cea6b010ab,2017-05-22 15:05:29,124.99,15.62
8c2ce0a5a34c3f1e1a56aee2283a45d4,1,2029248294c186017ecfc48cecd47bbd,d50d79cb34e38265a8649c383dcffd48,2017-05-25 09:02:31,126.99,21.73
8c2ce23c23c5fb37140ee0a5462e4e53,1,5fc3e6a4b52b0c414458104ed4037f1c,229c3efbfb0ea2058de4ccdfbc3d784a,2017-05-15 15:30:23,89.0,17.06
8c46303a8d94eac65d84d4e8b500b65d,1,cb584c49f570fef84e71a4297652bd48,9d5a9018aee56acb367ba9c3f05d1d6a,2017-05-31 14:22:18,160.99,17.57
8c4f076c43382bd3ae1748c6ee72f993,1,ff7824d83aca56224fa3e3b524748ec5,4aba391bc3b88717ce08eb11e44937b2,2017-05-10 13:10:22,109.0,8.94
8c4f076c43382bd3ae1748c6ee72f993,2,f26157889d4e8ee5b3cbcce8e51c7d2f,e2aee0892199b1d92530e371abd825bf,2017-05-10 13:10:22,169.9,33.54
8c76360cdd0bb9fda017969a3d273dc1,1,447a4fbd4c6995b5779d96127eff23d2,0bae85eb84b9fb3bd773911e89288d54,2017-05-24 02:30:30,39.99,17.6
8c81595257edb72a9b20d995eaae0319,1,c4baedd846ed09b85f78a781b522f126,a1043bafd471dff536d0c462352beb48,2017-06-01 12:02:42,109.99,38.29
8c87396ac0bed9eb7bd138eeef8945c5,1,ba9943916136c9959e24f71bdae28faa,8c16d1f32a54d92897cc437244442e1b,2017-06-01 11:30:15,44.9,15.1
8ca358a9578fb7919efe79785693d479,1,29427de7f8a9ee983d9dbc51cec569b4,7a67c85e85bb2ce8582c35f2203ad736,2017-05-17 06:35:29,99.99,17.95
8cab96495293d1bfed0c4f34ae7fb9e9,1,dc6040ee940ab73a2fdb3b90c6513ed9,5bffbafbb22daf6d3bfc216a46db8708,2017-05-25 15:22:59,139.9,8.39
8cb407154874301be08656a7fb09d9d9,1,22594ba8fd9a72ad95d352929c821560,7c67e1448b00f6e969d365cea6b010ab,2017-05-25 18:43:05,112.99,17.53
8d1156c96377d15036fe5866d7c2b1c9,1,3cebb9158a3aa0b3f78ee0f934c9f032,7008613ea464bad5cb9b83456e1e6a8f,2017-05-11 13:55:23,59.9,19.01
8d3280c1ecf98c7dce004f7c67d67acf,1,7957db057ee41836617b2ad71e367756,6ee85be3693ed79a8e80718743d80655,2017-05-19 02:50:37,60.0,11.92
8d41c947e6def3996090e6d5944bc669,1,c234a60a994181f45605566bef8fe3b4,d101c6da914ae3d53f7bee42283f2fe2,2017-06-02 12:25:44,109.9,16.4
8d44f932616a400f89f21d5449de1daf,1,45448d98662daee2e5ee969475a90826,83e197e95a1bbabc8c75e883ed016c47,2017-05-18 13:22:09,133.9,25.49
8d5af908ce8ffa721a9f665abb660200,1,f9025647e0a95c843a2d85c23df34c6c,3586b8580d9c917874e053a1bb37b5ff,2017-06-07 13:42:19,48.9,15.1
8d642f469cded3eccfec417ffabc7141,1,23bcd6822a33df5534f9b290216eec1f,ac3508719a1d8f5b7614b798f70af136,2017-06-01 01:22:24,109.9,18.02
8d7c8198f92e7e12584cf9048f075417,1,fd220f6fd5a3f13ef9db07428f9c935d,a3a38f4affed601eb87a97788c949667,2017-06-01 16:05:12,79.9,15.31
8d866309dfbf9649da64bd53a80c7b7e,1,ab9cf155f8280c3739b09fe341a185e8,92eb0f42c21942b6552362b9b114707d,2017-05-24 02:15:25,13.98,25.63
8d92a85b0ecdf7d7b3807474390ee2be,1,99a4788cb24856965c36a24e339b6058,4a3ca9315b744ce9f8e9374361493884,2017-05-25 02:25:36,89.9,12.13
8d994f4a7b065361eaddea05bd528909,1,6609d9a71a607da16750629d52615b9e,f80edd2c5aaa505cc4b0a3b219abf4b8,2017-05-10 02:50:13,19.9,22.28
8da91385fe6a54610be44f0bc8da44b2,1,796f3b99d54fc73792f722557dd199d1,a3a38f4affed601eb87a97788c949667,2017-05-05 20:22:21,169.9,27.45
8dc88c2e364c9253fef2d8348a638d82,1,e3c46f9bda3b7060a8d3b9515bffc639,17e34d8224d27a541263c4c64b11a56b,2017-05-19 19:55:17,221.99,13.89
8dd735edc2d172d0d4124014f509258c,1,2b5fddc2b543ee8d6699fb8687fac6bb,7299e27ed73d2ad986de7f7c77d919fa,2017-05-11 15:45:15,89.99,15.38
8e1a937cfce33628e91656ee96f340fa,1,e0352fc1b2c93712f1772fc4b0204db7,7c67e1448b00f6e969d365cea6b010ab,2017-05-24 16:25:18,129.99,17.35
8e337e3b4df76fa95a5e03ba9675cb56,1,99a4788cb24856965c36a24e339b6058,4a3ca9315b744ce9f8e9374361493884,2017-05-18 22:35:14,89.9,12.13
8e337e3b4df76fa95a5e03ba9675cb56,2,99a4788cb24856965c36a24e339b6058,4a3ca9315b744ce9f8e9374361493884,2017-05-18 22:35:14,89.9,12.13
8e350d5e83f49b662f870b48cf3f5b29,1,65841ad29fc48cd40902e03da7511e05,8b8cfc8305aa441e4239358c9f6f2485,2017-05-29 03:45:12,849.0,157.32
8e350e1e4254bd7c68913b98bde7d3a7,1,35afc973633aaeb6b877ff57b2793310,4a3ca9315b744ce9f8e9374361493884,2017-05-26 15:50:07,89.9,15.38
8e350e1e4254bd7c68913b98bde7d3a7,2,99a4788cb24856965c36a24e339b6058,4a3ca9315b744ce9f8e9374361493884,2017-05-26 15:50:07,89.9,15.38
8e4b89ec7102d637fcb7388ddc61d5c7,1,99a4788cb24856965c36a24e339b6058,4a3ca9315b744ce9f8e9374361493884,2017-06-02 09:10:11,89.9,12.13
8e500747ed0fbfd6b89bb11955b3ccbf,1,aad1c338e2a8906e2040a2fb0861acbd,b76dba6c951ab00dc4edf0a1aa88037e,2017-05-23 13:11:12,12.5,7.78
8e5a8b1f6cf7513edaf3bf7c5573ebf4,1,68a61f99e823ef8b90bebd0161b95a0c,48fb026ed7455a42f5d3e9390ed5088e,2017-05-30 13:05:45,85.99,34.4
8e66b37a5e6e28c5a8c59bc36989a673,1,b2717842efa4cfa2f813f3c59f187869,46dc3b2cc0980fb8ec44634e21d2718e,2017-05-31 22:02:39,149.99,9.42
8e6c595509a4fd87ead753eb70ea8c9f,1,22d371a03788bba3e56df85011a9e392,4e922959ae960d389249c378d1c939f5,2017-05-18 14:10:14,59.95,11.92
8e6c595509a4fd87ead753eb70ea8c9f,2,22d371a03788bba3e56df85011a9e392,4e922959ae960d389249c378d1c939f5,2017-05-18 14:10:14,59.95,11.92
8e713b13661ae56a9bac3fdbd4cd2df8,1,3d36ef6c6d553500f4240920658689e3,46dc3b2cc0980fb8ec44634e21d2718e,2017-06-01 19:30:15,279.99,17.72
8e799e5d820ceeffb9b581001cc1521c,1,99a4788cb24856965c36a24e339b6058,4a3ca9315b744ce9f8e9374361493884,2017-06-05 13:15:06,89.9,12.13
8e8f66d7e07a38eded748a76f43cff5f,1,1fa4ef78e1b8f0afea31e4ae9578affd,8a32e327fe2c1b3511609d81aaf9f042,2017-06-01 11:30:29,59.99,11.73
8eb6cb6eb895e7fd9824cb6a22c2a14c,1,592ff96534d1910c18025cee34d5c8de,e9d99831abad74458942f21e16f33f92,2017-06-06 22:10:23,38.99,14.1
8ebc0fccb4f136c5c90587a3257824b7,1,6ae38d49db7fc65ad1779828542aecba,eeb6de78f79159600292e314a77cbd18,2017-05-23 21:10:18,219.0,14.68
8ed9bbf52d875aa480a636c3cc1b6dc5,1,d6fe3b4ddecd4a8393c6a1385de3bfb6,7c67e1448b00f6e969d365cea6b010ab,2017-05-18 22:02:23,229.99,31.91
8ee32c0f656d4816294802830cd9c2cd,1,736b01e650e996639d732e4aa356da84,1900267e848ceeba8fa32d80c1a5f5a8,2017-05-26 09:50:17,18.99,11.85
8f6113583cb848cc612f68992c04190e,1,1d97c41716d9bb1084dd1c1a99b1d5e9,d91fb3b7d041e83b64a00a3edfb37e4f,2017-05-22 16:50:14,80.0,48.0
8f7575919fce15314fd62b9cdea8cba6,1,d5991653e037ccb7af6ed7d94246b249,25c5c91f63607446a97b143d2d535d31,2017-05-29 16:55:14,185.9,18.55
8f7a223cdbc2ea83ac07383d97b46fd6,1,39aa98469aa7460a9764311b3f8efb12,391fc6631aebcf3004804e51b40bcf1e,2017-06-08 02:15:17,45.95,15.1
8f8667e94ac7adf9edca104f92c97bcd,1,521682cf03ee68298c76c63ebd8a2f0f,83e197e95a1bbabc8c75e883ed016c47,2017-05-11 13:05:46,79.9,11.17
8f8667e94ac7adf9edca104f92c97bcd,2,521682cf03ee68298c76c63ebd8a2f0f,83e197e95a1bbabc8c75e883ed016c47,2017-05-11 13:05:46,79.9,11.17
8f90b6b9a8cf2cbf9f41796aed73f8c0,1,c638e232871cb1e760eaa7e724bc3eb2,99eaacc9e6046db1c82b163c5f84869f,2017-06-07 04:10:13,195.0,16.12
8f976c78a870fd3900d7d417e8f28875,1,c25a30113a3cb20b4914a605d8682953,55a5b51f93f2b70ea513f5a047b0262a,2017-05-17 17:45:21,148.75,36.36
8fa458f76ef73aca3834d8092d86dd10,1,89d49f6d10ff422902b2c2cb05da7f1c,9646c3513289980f17226a2fc4720dbd,2017-05-29 11:10:24,49.9,13.37
8fa4922556e8eec12e5679c289fccf51,1,283dc451ad3918badb976d56ff887289,da8622b14eb17ae2831f4ac5b9dab84a,2017-06-01 14:15:09,79.9,13.58
8fa7a057aba83c859446538740219b6f,1,99a4788cb24856965c36a24e339b6058,4a3ca9315b744ce9f8e9374361493884,2017-05-30 22:33:14,89.9,15.38
8fa93f0cffdf9cfa59e4836e8539abac,1,900a1000340c354f62ee5f07f3a080ac,48162d548f5b1b11b9d29d1e01f75a61,2017-05-28 23:05:16,174.8,26.5
8fac4937d08ac74197a48a70c5bc1245,1,fd2168a1a9661512d53cb23d6d23ee02,25e6ffe976bd75618accfe16cefcbd0d,2017-05-09 11:31:07,270.0,17.1
8fc027e2e96d738a4816f043f2c946ba,1,12fd8665371236b5b586ea4e448902c8,4a3ca9315b744ce9f8e9374361493884,2017-05-12 13:25:18,89.9,21.08
8fc3ff1d28b1b197058c88cc2d66a07b,1,550879cea3c81b3cf707362060e4fa0d,8444e55c1f13cd5c179851e5ca5ebd00,2017-05-28 22:35:09,55.9,16.15
8fd361858abba7604b18a32f16483a8d,1,1706d1bb420e7ef2404270b38e937fbc,9646c3513289980f17226a2fc4720dbd,2017-05-29 19:30:19,44.9,35.67
8fe92dd4725e5491f940344206b42fe5,1,c8a3354f3676a68d1d990112ee5f2b5a,f435898e493ba0356019a0b1cb8b55b1,2017-05-09 14:02:34,24.87,20.8
8ff2a1bb6ca93be212d4ecf85de7e14f,1,53df29766d5c60f1baf3fad368bdb751,dc4a0fc896dc34b0d5bfec8438291c80,2017-05-15 21:25:08,104.9,17.47
8ffdb23dc30d4050e387117034445f98,1,6743e2040ded41c39d0df37e1ab6667f,dc4a0fc896dc34b0d5bfec8438291c80,2017-05-12 15:35:25,129.9,20.99
9003cc0e30b2b21adb912a390fe9bb68,1,4845d1421cd53de09a405f5f869add3c,17306570e772e7718c92a562d33f5f1d,2017-05-24 02:30:48,109.9,13.79
9003cc0e30b2b21adb912a390fe9bb68,2,4845d1421cd53de09a405f5f869add3c,17306570e772e7718c92a562d33f5f1d,2017-05-24 02:30:48,109.9,13.79
9049f8ebdd9bef83288e01364bbfed25,1,7167af17015615b513d5b429758969a2,46dc3b2cc0980fb8ec44634e21d2718e,2017-06-04 21:02:50,244.99,40.55
9053095d6a8816107d406e70df00efd0,1,71bd53a5303fc543fd563e913eb586cb,1900267e848ceeba8fa32d80c1a5f5a8,2017-05-26 17:15:09,40.99,16.79
9072e2cde2e421bafb3a41d3f01c7dda,1,1729a1b7ec6947d5c878e70e80172790,dc4a0fc896dc34b0d5bfec8438291c80,2017-05-12 14:10:19,199.9,21.48
907b36ec45e03307bb335fc31304b66d,1,63de2743d05ab59d85caa49e49459ac1,cbd996ad3c1b7dc71fd0e5f5df9087e2,2017-05-26 15:02:34,19.9,15.1
907ed6a0400bc09e3982627921b633ef,1,e672fbe634ad07cce9d85f412becb2c0,7a67c85e85bb2ce8582c35f2203ad736,2017-06-05 13:08:04,129.99,15.66
909818cba8c724b8cf698155d8ea838c,1,827f677ed9cd1e18a5f4e8ecd4eb7489,92eb0f42c21942b6552362b9b114707d,2017-06-01 17:30:20,12.5,7.78
9099f7b4fbc5f14bdeb753e5114872e4,1,c2af5a088a7027f1efe72f4507fd2fbc,ef506c96320abeedfb894c34db06f478,2017-05-29 19:35:10,49.0,11.85
90a0bd8d00c4afbc283188ad3e9448fd,1,03706dca83513062fe74967a71b5fc78,91f848e9f4be368f4318775aac733370,2017-05-11 02:50:31,34.99,24.84
90a0c698629f47fca8164e158d089517,1,4a01cbeb8bae0d662fa07b73e357d864,41b39e28db005d9731d9d485a83b4c38,2017-07-11 04:50:28,64.9,15.2
90ad1e3d82f91914b8daf79afc7d79a9,1,fa23bf270fb9880690b07d09b9f9ff20,1b8356dabde1d35e17cef975c3f82730,2017-05-29 04:22:40,59.99,16.18
90b22de691552b213f33c2a25c74c413,1,2d5bb6fc16b9fb75539ddcd93de86aa4,0432ead42b6c8a0bdf68154add917fdf,2017-05-24 02:23:00,89.9,7.88
90c9aa0e4721db1de14e8528707b21a2,1,29427de7f8a9ee983d9dbc51cec569b4,7a67c85e85bb2ce8582c35f2203ad736,2017-05-25 12:55:28,99.99,11.9
90e7e2115b8dc9871bde5f581fc08313,1,271ce3fc018562e90257af8cd2af06bd,7b07b3c7487f0ea825fc6df75abd658b,2017-05-31 21:55:06,72.62,18.08
90f4238d4a0d8f6371e4fbb18af5df64,1,584d0486add75aa0f5c0660a7cd8afba,e9d99831abad74458942f21e16f33f92,2017-05-12 09:31:40,29.9,10.96
90f5df4b93545613368423eabb62c169,1,b795524e6ddbae40e910d169242dbcd7,b56906f7fd1696e043f1bcce164c487b,2017-05-11 10:15:13,68.8,15.23
910a48f54e6c4306950210893f7cf498,1,d25d3b1359378602e34e19ab2fab5c61,ea6b12bf9ffe2bac34602ec631d97a47,2017-05-19 11:23:06,75.9,14.7
91221cc19d300027fb983ac56b96e133,1,b7d94dc0640c7025dc8e3b46b52d8239,9c0e69c7bf2619675bbadf47b43f655a,2017-06-01 11:05:12,175.91,14.15
91221cc19d300027fb983ac56b96e133,2,3ce943997ff85cad84ec6770b35d6bcd,9c0e69c7bf2619675bbadf47b43f655a,2017-06-01 11:05:12,175.91,7.15
91244521aad278a4f697dfd15d31287b,1,dc751b73cf0f6958dc9c7cabb1a38902,f8db351d8c4c4c22c6835c19a46f01b0,2017-05-11 14:02:32,61.9,17.17
9125faac1b379b7b9ab4665189739e31,1,fe59a1e006df3ac42bf0ceb876d70969,25c5c91f63607446a97b143d2d535d31,2017-05-26 13:15:15,809.1,36.41
91342c574ec0463ab295f7591d0fc8ac,1,c19d5ba108c34b8255cf9a524da92bc4,4e922959ae960d389249c378d1c939f5,2017-05-12 20:42:02,75.0,12.03
91711692ae6735d80d347c000533637f,1,bdb0adfd465b18548a50bafc2a8e8ea6,25e6ffe976bd75618accfe16cefcbd0d,2017-05-08 13:50:19,129.6,26.65
9184724aacd6a7da5bcf4c08c2c674a8,1,a8115d34a4b7b74388da609692162c37,85d9eb9ddc5d00ca9336a2219c97bb13,2017-05-24 20:35:09,31.9,25.63
91894a6bee2407fdec8f29441d75541e,1,15182e412b013f40aa860be89720c91f,3dbbce181edfaa4a597ec858c382d2ec,2017-05-31 23:45:20,29.9,15.11
91994f8dcbbc13dc5c10dec21eb19d6f,1,5ca414808a1673669317d56dd0fd6b1b,82bd0703a4aefd6b599e5bfdaed378fb,2017-05-25 10:55:12,199.9,17.16
91c75b7ba1ec17918b96773bc0f8f443,1,672cd55beec76a54b88a865280fd9e5a,45c20d94d9171b0bcfab3c955e47d67b,2017-05-11 13:50:15,5.99,16.05
91d62a361b8c239a73fa1d50961da3fb,1,3846c262ddb08db0ea2cc1a1685590ff,7bcd7c5f8631701474db233ccf1c094b,2017-05-19 14:25:14,35.0,14.1
91d87f183dde318c03f68e1b1eab1314,1,be837f2e0152a208d4386f4126d5bd7c,f8db351d8c4c4c22c6835c19a46f01b0,2017-05-22 03:35:15,32.9,11.85
920b7ed9f8f073005d0fcea7fe293bd7,1,2a2d22ae30e026f1893083c8405ca522,1a3df491d1c4f1589fc2b934ada68bf2,2017-06-08 15:30:15,134.9,47.47
92307d93688d9465005c2cf0b6aa7480,1,4fce0eab61e01d521044c8b071cdfead,0509040ea3fe50071181bbc359eb7738,2017-05-28 21:55:13,32.8,21.15
923765fdb94682f0fa2229c76ba718fe,1,647b27e5ceb03b588feb44729221f8ed,1e483cc5c76fef08d3ca05f9a8af7d01,2017-05-09 15:25:19,44.99,10.96
928186dcfbb7994142aaebad08b3bd90,1,faec279ddbbce3de75d2adf10f612a5e,e26901d5ab434ce92fd9b5c256820a4e,2017-05-24 11:35:11,119.9,12.34
9282799a57b0de94393be10a4bcf120b,1,42a2c92a0979a949ca4ea89ec5c7b934,813348c996469b40f2e028d5429d3495,2017-06-05 14:50:22,59.9,16.67
9296285ad7fc6a1f332b14294d846de7,1,f264c1d9b20b5e4a340254d0405e613b,7a67c85e85bb2ce8582c35f2203ad736,2017-06-04 23:45:13,69.99,16.74
92a40ff0f53b250065933f8b42431911,1,9f2d380101b20c5fb31454776800c445,440dd6ab244315c632130ecfb63827b1,2017-05-30 21:10:19,174.9,16.98
92b56c79ee136de9db64ceafdf002f72,1,3a98bcea866c31f53b35a41d3822f908,2138ccb85b11a4ec1e37afbd1c8eda1f,2017-05-12 16:10:22,18.99,16.79
93148127b5171218691072991e78bdbc,1,9ef6f9077917003875323be25c28c7c5,23613d49c3ac2bd302259e55c06c050c,2017-06-02 09:50:21,89.9,17.34
931f9e49a6f7ca3626c01012168da10e,1,766b2d2c334df279c3c6c7f138b9a38b,75d34ebb1bd0bd7dde40dd507b8169c3,2017-06-05 18:15:16,149.99,8.63
9320dfc3fd49dc6e3fb9f688c8ea6c37,1,be359e4dfd741cfa415d9965fe0c417f,1336efc61c316ddf92c899eb817f7cae,2017-05-30 11:35:24,154.0,64.66
9327c73b786466a6815c3d5a7785bbe0,1,8b8b4d3f77864f6e8f6b35fc23ff63ca,385799a1cddbd26dfeb9157356a42282,2017-05-31 15:02:26,91.99,14.39
932fbcd8ff83452581f2b710115f094e,1,2708ea4fc1340081efeffbf11f14d765,f8db351d8c4c4c22c6835c19a46f01b0,2017-05-11 12:32:00,129.9,26.82
933152b06031ce4bee7095fea4cd6e32,1,4563d900cd3080ee4854e36ea7d0f156,827f8f69dfa529c561901c4f2e0f332f,2017-05-25 15:15:20,29.9,12.48
93567daac4d60b87eba6258bf1f7708f,1,c73628b1c3144b2e0c9c88072f21a213,3f995f07c49d0d55a99d5c54957f7d81,2017-05-31 03:05:17,99.0,15.44
9365bcfea1b55fac36333fe520a9a53a,1,7c1bd920dbdf22470b68bde975dd3ccf,cc419e0650a3c5ba77189a1882b7556a,2017-05-16 16:02:31,64.99,11.06
938b0c8375c67353f8240990a0e781cc,1,33abaf0c29c14849fa5163226ef1560e,2138ccb85b11a4ec1e37afbd1c8eda1f,2017-05-18 17:35:17,32.9,14.1
93a686fc1054246c9ea31196b531abd7,1,96b8d103618f7027896ce54a576b9f41,dd2bdf855a9172734fbc3744021ae9b9,2017-06-28 07:05:09,59.9,15.18
93b885e8ae6403b9c59c24f1cd30e1ad,1,e4c9d4670d5132aeded7f187fe4de0cc,fe2032dab1a61af8794248c8196565c9,2017-05-18 22:05:17,178.5,9.44
93b894aa172f143569242919b7b319e3,1,1c57458e824ca3d974ec1831a1a55e72,2e90cb1677d35cfe24eef47d441b7c87,2017-05-18 13:11:18,99.9,17.41
93be546e44a3791eed28fb2e62d9c319,1,c69ba46dec8f8fe69ba08a6e8cc6ef05,f00e21b1e91a79653163b7fd8f293ff1,2017-05-30 17:50:29,144.9,13.14
93e0e074b46eb5837fc8056c8e70710f,1,9388fcd19f74f595e79b1a302b930bf7,66e0557ecc2b4dbea057e93f215f68d8,2017-06-06 18:55:18,489.0,18.17
93f6802eddf412ddaece53aba01d1db3,1,e4ad97ce352e46bebac92018f6ed976d,3d871de0142ce09b7081e2b9d1733cb1,2017-05-08 13:55:22,79.0,13.13
94174e78ef007320fed36f2d862f3fcb,1,96bcd2d5266412b1a43593fe5b904536,eeb6de78f79159600292e314a77cbd18,2017-05-25 16:02:58,219.0,18.78
943eaec3487658de2dc5291e9c051e51,1,083ffd30820b592e294de7ed668ff975,f8db351d8c4c4c22c6835c19a46f01b0,2017-05-25 11:55:23,49.9,15.1
9462e7a4367175b2b6f56caf761c6df0,1,6c81db10f914c4d032b14fa93aa0a818,d98eec89afa3380e14463da2aabaea72,2017-05-26 20:15:12,24.99,15.1
946d0f6c2be5f68f7a11380b3b2ad702,1,3db75f31b76375c502f64d550dcd1166,85d9eb9ddc5d00ca9336a2219c97bb13,2017-05-22 03:35:36,31.9,17.63
94794614f3ec5140fca46b21fd72e208,1,d5f4f441812a9a67cf8fa6d6019192c8,b1fecf4da1fa2689bccffa0121953643,2017-05-17 16:35:15,174.9,18.79
94a01dd9a6fd7d30b879bd61b85a1c00,1,dd61e943598eec72351633dd6a72d5dc,cc419e0650a3c5ba77189a1882b7556a,2017-05-26 10:10:17,79.99,14.31
94a4b177f8c0189f23514b5390fb396f,1,249da1970e34871eedb6b6a70e89aec2,dd8a29ce82d5c705ba932d81494600a5,2017-05-31 21:35:17,125.0,18.12
94a71ff8bd4a687bc057ea5d81c81dc9,1,900a1000340c354f62ee5f07f3a080ac,48162d548f5b1b11b9d29d1e01f75a61,2017-05-11 16:35:11,174.8,15.97
94b35c859940ae8a53643992ee1ae7a0,1,777d2e438a1b645f3aec9bd57e92672c,4a3ca9315b744ce9f8e9374361493884,2017-06-01 02:50:17,69.9,16.25
94d1193f2a0ae739f23399b913bd577c,1,6b7739f782cb37f71cc80e8151ebd6ac,dd533b429f380718b70ad9922c294bae,2017-05-11 14:50:18,19.9,13.37
94df3783882793e592e84e1c2430dffc,1,d018f2e6c1571b5b9aa3358c7b2261c9,c3cfdc648177fdbbbb35635a37472c53,2017-05-09 17:05:36,272.9,21.99
94f4c67dcdbd11ebb8bc2485bb362830,1,dca8cbb1c9d8a2db0fbc0c36b8d1a7bc,6560211a19b47992c3666cc44a7e94c0,2017-06-02 19:50:17,89.0,14.37
952634393483fd90dea9be0d3c8ea581,1,d0fac709247e97e9b44a5351891ef9f3,7178f9f4dd81dcef02f62acdf8151e01,2017-05-29 15:25:16,49.9,15.1
952e4f8f61bc655acb5734ca68d878ca,1,77cc62dc80ebe12a0452d1ce0565acdc,218d46b86c1881d022bce9c68a7d4b15,2017-06-05 10:25:09,113.0,13.81
9532b1405815b30b0817164c1da6440e,1,35557c68a22ecebcf066e25ca2ddc144,f8db351d8c4c4c22c6835c19a46f01b0,2017-05-23 04:10:22,16.9,15.1
9532b1405815b30b0817164c1da6440e,2,35557c68a22ecebcf066e25ca2ddc144,f8db351d8c4c4c22c6835c19a46f01b0,2017-05-23 04:10:22,16.9,15.1
9539ef8ecac29b0493590ef16cb8344b,1,70d01ae15a5d5ee38388b90c0470d9b0,a3a38f4affed601eb87a97788c949667,2017-05-25 13:50:18,89.99,16.39
954aedc4f98a5c752b4097b126a60832,1,574597aaf385996112490308e37399ce,febab0275244b9a49a623f0bd613ca2f,2017-05-31 10:05:10,49.0,17.6
955edcef18570af09e702de925422860,1,ec2f95440d5e5376e3a25c8106f5ba76,b2ba3715d723d245138f291a6fe42594,2017-06-01 17:30:19,179.9,8.51
95606e8113c2e8087c09cffe458fbf82,1,c551ffaf36e5c1d8444b44bb7c78123b,bfd27a966d91cfaafdb25d076585f0da,2017-05-23 10:25:16,109.0,18.01
9562a9640c9bea4e43a21cac378d8781,1,28a4dc65b49348e9de7f1aa7bfbabfd8,054694fa03fe82cec4b7551487331d74,2017-05-11 20:10:15,1697.0,60.41
9562b424b05978a493db2a5122ecab1f,1,9f684ef1e31358afd3d4ce991c576e2e,d20b021d3efdf267a402c402a48ea64b,2017-05-15 09:35:45,46.99,12.69
9564498225916371a8670c3b0253ea81,1,a99b67c7e525bb5ca667e1aa284c28e2,adcf50477d6a1f5d91bb9d54c4903cb5,2017-05-24 09:43:14,17.55,26.78
9564498225916371a8670c3b0253ea81,2,a99b67c7e525bb5ca667e1aa284c28e2,adcf50477d6a1f5d91bb9d54c4903cb5,2017-05-24 09:43:14,17.55,26.78
9564498225916371a8670c3b0253ea81,3,a99b67c7e525bb5ca667e1aa284c28e2,adcf50477d6a1f5d91bb9d54c4903cb5,2017-05-24 09:43:14,17.55,26.78
9564498225916371a8670c3b0253ea81,4,a99b67c7e525bb5ca667e1aa284c28e2,adcf50477d6a1f5d91bb9d54c4903cb5,2017-05-24 09:43:14,17.55,26.78
956df0791d1e89e540bca30c351fece1,1,8c5876b1c7768217964f353bc7e64393,0db783cfcd3b73998abc6e10e59a102f,2017-05-09 17:10:18,49.0,14.52
95886fbb27fa9240539af22614117003,1,21d2fdced5c69bfc6539b67908a4ad28,1554a68530182680ad5c8b042c3ab563,2017-06-06 22:15:11,179.99,27.58
95e0f3f5f3e71382baece16f6fa8270a,1,e456721fdab66b576664c035ad183965,0ea22c1cfbdc755f86b9b54b39c16043,2017-05-05 12:31:20,29.9,28.9
95e0f3f5f3e71382baece16f6fa8270a,2,978017df6a79f817ff723f62ccd2c786,b127efdabeffb5d559349c7b172eb75d,2017-05-05 12:31:20,28.0,4.62
95e0f3f5f3e71382baece16f6fa8270a,3,e13f46cf68d356e0ac0f32058af20911,0ea22c1cfbdc755f86b9b54b39c16043,2017-05-05 12:31:20,24.9,11.57
95f552c5bebbb2d3c6ff73da9ff5e2ad,1,f811e4e8228504bcdd34f2fe9f502c92,538caafddff204241cecbf3a02e6b3cf,2017-05-22 11:55:17,15.9,7.78
9638bba289e3b496d7a5d6e30168844f,1,3311083d8969d344413da8ed6f8e0195,119d1aef1b4144adba89163f6cd9f5d4,2017-06-15 20:15:16,299.0,67.14
96391307abf5b25e205b1049789cf2ee,1,cda185193c72c0eb8dde03f20f101230,febab0275244b9a49a623f0bd613ca2f,2017-05-22 21:50:09,69.5,16.74
964c1e8e56d744d63b0087e6f30692e6,1,2f774e2a255ff8cdb3e0f8568c969dc4,d1c281d3ae149232351cd8c8cc885f0d,2017-05-17 09:10:19,114.99,25.64
964c6b3ee27c9fc1f196358f7065e774,1,f78279f3d11f68fffc3121f3295a5871,50c9975695009e5e6473912e83a6d1da,2017-05-18 13:42:53,126.0,128.44
96500f175401baa18ab94e059e3c7ab8,1,98d61056e0568ba048e5d78038790e77,8581055ce74af1daba164fdbd55a40de,2017-05-22 16:35:20,169.0,19.07
967154cf59bc2aeeb0a0e11f41a508af,1,98712b7f46e0fe4f4da2f7df1b9231a7,7299e27ed73d2ad986de7f7c77d919fa,2017-05-28 21:02:54,39.99,15.1
967154cf59bc2aeeb0a0e11f41a508af,2,98712b7f46e0fe4f4da2f7df1b9231a7,7299e27ed73d2ad986de7f7c77d919fa,2017-05-28 21:02:54,39.99,15.1
9680ba40609bc32c996a447ba7564621,1,4a0938478787f49dc07af734b86be96c,6560211a19b47992c3666cc44a7e94c0,2017-05-22 03:42:25,149.0,15.79
9682a979182968d8d0b1a356f8bb330e,1,35b265fd684b08f6f780239bf05a390b,7722b1df1b0e383e000397b2c11e3e19,2017-06-01 10:15:12,47.49,24.9
96855425ac02c08fd0467f1fa9186d4d,1,06c6e01186af8b98ee1fc9e01f9471e9,fc906263ca5083d09dce42fe02247800,2017-06-01 02:35:20,39.9,8.11
969d4417af042f4e8bb879f49e51b447,1,820fa146b7ccfe19c80e999cf4a77668,48162d548f5b1b11b9d29d1e01f75a61,2017-05-24 08:50:14,630.5,17.1
969d4417af042f4e8bb879f49e51b447,2,0a80f03007af9e2c5ac5065d6742e1b2,48162d548f5b1b11b9d29d1e01f75a61,2017-05-24 08:50:14,71.5,11.4
969d4417af042f4e8bb879f49e51b447,3,0a80f03007af9e2c5ac5065d6742e1b2,48162d548f5b1b11b9d29d1e01f75a61,2017-05-24 08:50:14,71.5,11.4
96abd5bcf3e5ccbf3552e0d32ddcf143,1,7fc9ddb575be2fd4783d8a2207f664b0,b2ba3715d723d245138f291a6fe42594,2017-06-01 13:04:19,98.9,16.45
96b2e80dae1e727fd9f346aeb278d1fc,1,7cd77cb177ba74f48a7d7ede2531beb2,dd2bdf855a9172734fbc3744021ae9b9,2017-06-09 02:15:17,89.9,35.95
96c9a85ac467d3065eb7f6d184672511,1,bace90a7338e9d31371ad47811cf4c7d,1a3df491d1c4f1589fc2b934ada68bf2,2017-05-22 22:35:17,99.9,34.5
96e7a3c4942a286dc88f85fffcdfbf50,1,c45f017c36f9112a8bb4f170edfb1870,dbc22125167c298ef99da25668e1011f,2017-05-25 09:05:10,102.9,14.45
9720bd5580d585bdc13b3da5a5197323,1,719209778e234849fba1ae72146ec2f3,3d871de0142ce09b7081e2b9d1733cb1,2017-05-09 20:25:08,69.0,19.07
972f5a89813198a05f8dd4463d82f3fc,1,08574b074924071f4e201e151b152b4e,001cca7ae9ae17fb1caed9dfb1094831,2017-05-18 18:45:18,99.0,38.53
973e2efa6a19ac5083691b9deb4c0a51,1,e19ddcc85537b41f22116c8d5425ef46,8a32e327fe2c1b3511609d81aaf9f042,2017-05-31 03:05:19,29.99,7.78
975762e8331635cb22c551ef99427867,1,dfb97c88e066dc22165f31648efe1312,8581055ce74af1daba164fdbd55a40de,2017-05-24 20:20:04,139.0,27.29
977ca490eb652320089f258d0431c2c4,1,ae9b8e8d0dcd7ca369276380ee8ce659,2138ccb85b11a4ec1e37afbd1c8eda1f,2017-05-23 21:15:18,18.99,7.78
978e16a447af958864561d170165f266,1,d38a6b2305a426ee95a1b270cafc39f1,2e0dba2da448400b1c11d7b4b22f32a4,2017-05-22 03:25:37,24.79,15.1
9794a238ab3d4acf86002d2f0ddb2890,1,583f23b0484747654c01a98021608a89,b2ba3715d723d245138f291a6fe42594,2017-05-18 11:35:36,184.9,19.42
97a7c1a54e3b84c6e2a2208198f48393,1,9ee8c8a931dd4d34148aa31f54ee93c1,f8db351d8c4c4c22c6835c19a46f01b0,2017-05-22 07:42:32,129.9,13.93
97a93af6088a39c8691e3aa4f63bcb2b,1,457953cd3ce26e8f7c9037bfb9e19b14,391fc6631aebcf3004804e51b40bcf1e,2017-05-29 14:15:15,46.5,17.6
97a93af6088a39c8691e3aa4f63bcb2b,2,457953cd3ce26e8f7c9037bfb9e19b14,391fc6631aebcf3004804e51b40bcf1e,2017-05-29 14:15:15,46.5,17.6
97a93af6088a39c8691e3aa4f63bcb2b,3,457953cd3ce26e8f7c9037bfb9e19b14,391fc6631aebcf3004804e51b40bcf1e,2017-05-29 14:15:15,46.5,17.6
97abc984480b7b063adb9e32e8bdbcde,1,4c19782230ac2c3708497b730b02abe7,34aefe746cd81b7f3b23253ea28bef39,2017-05-25 03:10:13,8.0,14.52
97ae613ef7f8ff52041abe61333c26be,1,fd28b464cf1660a67606f7b48c8c38c6,5dceca129747e92ff8ef7a997dc4f8ca,2017-05-25 04:15:11,49.9,8.72
97b6ab675f38dce08fc58f7e5ddfa1a7,1,5d42919d908b17ec1848699d89e2bace,855668e0971d4dfd7bef1b6a4133b41b,2017-06-01 02:15:36,240.0,35.48
97bcc96998b24fe6ee7cec4ae04001df,1,65769f6fabbfd7d399bb5851d9af3fba,a36b125ac6d5fdbc7f50de85c9157bdc,2017-05-22 18:05:21,29.99,15.1
97bfa91db4bea5977d7f4d5802d186b1,1,ccb28ec14bd00f54ea07dcfdeb39e78e,c3867b4666c7d76867627c2f7fb22e21,2017-05-10 23:45:07,295.0,22.15
97d27b60de1ffde7559bfe762230851a,1,05d26098907b7bd26c0f92feefd10eae,e7f3bf1ecd8526eb7f3b18059e6716e5,2017-05-17 22:35:13,94.5,15.43
981eda1c13990d54b1af7d1a73b46f48,1,3f1a741cf5591384428c1cbb0ef07ec0,36a968b544695394e4e9d7572688598f,2017-05-19 09:35:13,14.9,10.96
9839df28efff4e28f25b2cebdda3aaa6,1,232f608487cd2ed6669631eb468f2ed0,25e6ffe976bd75618accfe16cefcbd0d,2017-05-26 19:25:19,260.0,10.02
984cefe3260707e1f6fc38b18b2b276c,1,f6bd73f359ad6b91076b19cc0b70b44a,557f22c76691849db52d2abccf0015d0,2017-05-18 13:30:18,74.99,27.06
987430b7ddb6c5c4a9a83505e40a5f4c,1,97373049bc86f3b3245c07a56795b2d7,4e922959ae960d389249c378d1c939f5,2017-05-22 02:15:09,69.0,15.23
9878cf05ddc72172379e9305a3d1bf46,1,7fab1a1472fdd934397068931f63f3ca,3d871de0142ce09b7081e2b9d1733cb1,2017-05-23 09:45:18,68.0,15.23
987a7513457d44ffc8432ee81ea324a0,1,d9d2b0bf83edf2fe776c707efe5d0b41,d1c281d3ae149232351cd8c8cc885f0d,2017-05-26 16:55:21,193.99,26.2
98826cd8a97e41725b525e492a8d7571,1,880be32f4db1d9f6e2bec38fb6ac23ab,fa40cc5b934574b62717c68f3d678b6d,2017-05-25 15:50:08,42.99,14.1
98a82341c3a895d022fd7ba18f16e7a2,1,92c1eb75a887a500d9689fbad65e27e3,7c67e1448b00f6e969d365cea6b010ab,2017-06-09 14:55:18,249.99,32.05
98aee9cbf5501420f76b8a290491f272,1,6405e17a3e8718d5316c5d644320f253,229c3efbfb0ea2058de4ccdfbc3d784a,2017-05-16 18:45:13,79.0,14.3
98aee9cbf5501420f76b8a290491f272,2,6405e17a3e8718d5316c5d644320f253,229c3efbfb0ea2058de4ccdfbc3d784a,2017-05-16 18:45:13,79.0,14.3
98b59311f54a330a4abb1037b2a1449e,1,eef398550dd9575d23eb2d8be74bd45a,0c8380b62e38e8a1e6adbeba7eb9688c,2017-05-09 17:02:31,44.9,15.56
98ba8f657af33ed841528bcc38869816,1,0d8a610fba87a613abc873be8d164bb7,004c9cd9d87a3c30c522c48c4fc07416,2017-05-19 15:45:10,104.99,19.97
98bef220eda3e37b6ace2f7f891507a0,1,c708ba7c6269161f89ce0683cdd7c432,6560211a19b47992c3666cc44a7e94c0,2017-05-10 03:03:01,49.0,8.72
99246db2c4c533acbf8e8c0bd02933d4,1,0c877471e35049402bca235e06cb8063,dd7ddc04e1b6c2c614352b383efe2d36,2017-06-02 13:30:15,84.9,17.84
993fdd67bb09daf3cfa570484782ae5e,1,45af706a261242e1f74e90aee7b49a5b,0c8380b62e38e8a1e6adbeba7eb9688c,2017-05-11 09:15:16,59.9,17.16
993fdd67bb09daf3cfa570484782ae5e,2,45af706a261242e1f74e90aee7b49a5b,0c8380b62e38e8a1e6adbeba7eb9688c,2017-05-11 09:15:16,59.9,17.16
99486f7a6b9b7e8b96cfbb4e3427bd28,1,c3f6113d5b61bc95468432072b27e23d,897060da8b9a21f655304d50fd935913,2017-06-05 21:25:11,18.9,15.1
996cd9e097ee0f1de35f36b640ef2364,1,4c27931f2ba16e902f287a9f89ed0723,4e17c65a516f69d023a2ae78b84f28d6,2017-05-25 14:10:16,369.9,41.48
996d1a75c8dee7aee3b0cb1d82b266be,1,626a944b34a60ab69c2fcf2827163c84,cc3d14116804f7209f3884f6367f1152,2017-05-09 21:15:12,360.0,13.13
99d3fe2acd0fc85785b2b573a852719f,1,d2b0f9cd5e31ed47dbf92b157c0cda96,70eea00b476a314817cefde4aad4f89a,2017-05-23 21:55:09,190.0,21.82
99dd7eacf34dfd90a3277bdcdfb454ac,1,cc158c284564106f4b668ae02389e2c3,ef506c96320abeedfb894c34db06f478,2017-05-18 03:05:23,21.99,11.85
99ef42315d9b16bae5d87c2564e01d67,1,27f6ada7e1fbb3d1d6e77f685bd04bd1,128639473a139ac0f3e5f5ade55873a5,2017-05-17 23:25:11,118.5,34.63
99f5faa8c29a7443038cef67c91b9258,1,d966205671b5b10dd91ce7a8abde38af,e49c26c3edfa46d227d5121a6b6e4d37,2017-05-25 13:10:17,15.9,34.15
99fe1f54d97630a40c549779ea00e8c9,1,f1d3e7a4605f6cd5f2a3cf9bde5c7845,062ce95fa2ad4dfaedfc79260130565f,2017-05-23 21:45:16,189.9,17.09
99fe839853e734a1e1a1969bf1c230fc,1,4aeb131af29214bc1737bdaef327240d,7142540dd4c91e2237acb7e911c4eba2,2017-06-12 11:30:22,71.82,13.52
9a22a84b533a8c4cbd2f9200d8003b2c,1,05b316ac6e25ef5776b4841f5696bfb8,dbb9b48c841a0e39e21f98e1a6b2ec3e,2017-06-05 05:02:39,59.9,8.72
9a3adeb47e7d9f58c6d32d1cf2fb118a,1,7f44ab248492a301a87d8966739d8796,dc4a0fc896dc34b0d5bfec8438291c80,2017-05-29 20:22:40,69.9,11.99
9a3deccd2b0279aa76825542a6146030,1,f7bb503725fb4d7bb55301d5bceba728,55a5b51f93f2b70ea513f5a047b0262a,2017-05-24 02:15:21,99.7,42.73
9a5d120ae552d50b367cad2bbd87caa0,1,9ce4603565c839785b24a7e95e28f4eb,59fb871bf6f4522a87ba567b42dafecf,2017-05-11 16:30:17,119.99,23.16
9a5d120ae552d50b367cad2bbd87caa0,2,9ce4603565c839785b24a7e95e28f4eb,59fb871bf6f4522a87ba567b42dafecf,2017-05-11 16:30:17,119.99,23.16
9a65fd6f0966e358fbae4d1b54f73ccd,1,f83c9874b5b5044ea58fef1be68c1ea8,2e90cb1677d35cfe24eef47d441b7c87,2017-05-11 02:22:17,132.7,32.39
9a84ad63a942918f330f5009401daed0,1,13e0e6adec3689a4206c6e9385a29003,f8db351d8c4c4c22c6835c19a46f01b0,2017-05-25 09:31:40,72.9,16.27
9a8eefb69c5d2e80ef6ff433bece816d,1,3a98bcea866c31f53b35a41d3822f908,2138ccb85b11a4ec1e37afbd1c8eda1f,2017-05-30 23:15:18,18.99,7.78
9a965cd710da5125076afbd641624600,1,0f66dd888ff5af9eba17aa59be9870d1,1336efc61c316ddf92c899eb817f7cae,2017-05-23 03:55:28,69.99,9.94
9a9b66a3afe31a34ceed0cf919660632,1,06c6e01186af8b98ee1fc9e01f9471e9,fc906263ca5083d09dce42fe02247800,2017-05-22 03:42:43,39.9,15.79
9ab2cf8063bac26a51227f2ebe58a554,1,003962cb74a8b43cf1034fed541a76f0,dbc22125167c298ef99da25668e1011f,2017-05-17 18:15:22,94.9,19.9
9acea951ead4e20b5effbe4c409dfc45,1,6e69b019a5ce263335eacafaa68ffeba,4a3ca9315b744ce9f8e9374361493884,2017-06-05 13:55:31,58.8,25.69
9ad3bdfd0a949c2448fcd57f4a334d17,1,62d8daeee0db3a60c234c2d1bfd10651,d2374cbcbb3ca4ab1086534108cc3ab7,2017-05-29 09:50:29,24.9,14.52
9ad3bdfd0a949c2448fcd57f4a334d17,2,62d8daeee0db3a60c234c2d1bfd10651,d2374cbcbb3ca4ab1086534108cc3ab7,2017-05-29 09:50:29,24.9,14.52
9add7e9338f3b8cac642ce405bb64655,1,f18f40e6344e72cfd537f21d9745e8cc,11305281b50fff20ae8bb473f8e11876,2017-06-06 10:02:25,399.99,193.78
9b04ee502585bbf5ea1c396717eaac34,1,6f33a4a09ae1180a0ee1ff4682b2d21f,725c32fa80c2faacc4fc88450d27314e,2017-06-05 22:50:15,139.99,16.74
9b11f3c4f8e84ce1374d64914b6a00b0,1,8100d323ffa1909cfcf9fdf05f20b678,f8db351d8c4c4c22c6835c19a46f01b0,2017-05-10 21:22:22,141.9,18.63
9b2ebe500ef39b85f806d10abada8bc3,1,b944aabf1fc45c01599ee96c7f4d533e,128639473a139ac0f3e5f5ade55873a5,2017-06-05 04:50:25,14.9,12.48
9b41629ccbc3ae4be489cb815f3653f5,1,5f504b3a1c75b73d6151be81eb05bdc9,834f3294fba9f932f56edc879193f925,2017-06-01 13:10:21,572.0,90.62
9b4e27fffc39dbabdbd712352ff353df,1,7594c5fa74bceda1c2540003533a6e02,e83c76265fc54bf41eac728805e4da77,2017-05-12 09:22:04,32.9,11.85
9b4fffbb9f849f5532c6fa81e6769892,1,c6b0d66ba7993cb94d4a19d1578ba802,8a32e327fe2c1b3511609d81aaf9f042,2017-05-30 17:50:20,69.99,16.74
9b5be2b2b32aab3c2d528cef27f8d6db,1,b667e64d366991432e4c9c45ec4d6d1a,c3cfdc648177fdbbbb35635a37472c53,2017-05-30 16:55:19,54.85,15.14
9b63264625032f8a1814eca453114f33,1,bfc59c5d8a26d129f82fbc5207fcd676,12b9676b00f60f3b700e83af21824c0e,2017-06-01 12:35:23,199.0,19.63
9b6a1b8bf017b64d6ff4d7fe7cd88f1f,1,53465a6b8b3c6d85fd7810aab30b5992,c68fb906c8f4b4b946d8386bfa6e5467,2017-05-19 11:42:50,78.64,16.18
9b7fd5b0ef330dcbbb6397e5971faeec,1,afb83a05bfcf46258f04ce060671d5b4,e2aee0892199b1d92530e371abd825bf,2017-05-23 16:15:16,39.0,15.1
9ba51431194758a07b4d5a2164813d03,1,827f677ed9cd1e18a5f4e8ecd4eb7489,92eb0f42c21942b6552362b9b114707d,2017-05-30 20:35:07,12.5,14.1
9ba78cdb7ebed668566d399629fc74a6,1,46255a421f244cd985f138a63d77d09c,3481aa57cd91f9f9d3fa1fa12d9a3bf7,2017-05-09 14:42:44,80.0,23.55
9bad30acdfaeb94d3ad6ac40d5cdff7b,1,fd40f3ef9c7fb9c550619a88af47a5de,55d3daac7c404d59e51c2aa2f4dc5a23,2017-06-07 04:05:33,214.0,102.94
9bad30acdfaeb94d3ad6ac40d5cdff7b,2,fd40f3ef9c7fb9c550619a88af47a5de,55d3daac7c404d59e51c2aa2f4dc5a23,2017-06-07 04:05:33,214.0,102.94
9bd75a47121bac1956e6b353776128b1,1,9da0bebb7f9168679e748abbfad05edd,d2374cbcbb3ca4ab1086534108cc3ab7,2017-06-02 00:46:01,28.9,11.85
9be011772d473c8a8c87e86029ab511c,1,fd28b464cf1660a67606f7b48c8c38c6,5dceca129747e92ff8ef7a997dc4f8ca,2017-05-21 22:15:12,49.9,7.12
9be011772d473c8a8c87e86029ab511c,2,f264c1d9b20b5e4a340254d0405e613b,7a67c85e85bb2ce8582c35f2203ad736,2017-05-21 22:15:12,69.99,23.72
9bf8dffacdcc34d7b4eb1a398cdcc0f6,1,06c6e01186af8b98ee1fc9e01f9471e9,fc906263ca5083d09dce42fe02247800,2017-05-09 18:15:18,39.9,20.4
9bfcadb1457b8133f4d46be5091f8117,1,11bbef4e2a44601d9dd471aa1fb433e6,5c243662ce92d84573bfaff24c3e3700,2017-05-18 16:15:13,339.99,17.13
9bfd250b031431f5c2da711411912271,1,01593b27eef404f592e6a3f1174493bf,7a67c85e85bb2ce8582c35f2203ad736,2017-05-12 13:35:20,219.99,15.29
9c038e10f14d12a96939a0176c4ecc99,1,87283a98b24f9f1ac3a31b631073cf47,cab85505710c7cb9b720bceb52b01cee,2017-06-14 23:02:47,49.9,15.1
9c214ac970e84273583ab523dfafd09b,1,35afc973633aaeb6b877ff57b2793310,4a3ca9315b744ce9f8e9374361493884,2017-05-15 13:50:15,89.9,12.13
9c365b96e7181fee770fac0adf79d118,1,2644ba2d059f5ddf0520e34db25fb62d,744dac408745240a2c2528fb1b6028f3,2017-05-12 15:22:16,138.0,9.53
9c79cbb5642412b4151353f3dc4d4ee3,1,39a7355be858c501ee022aaf6461bccd,d91fb3b7d041e83b64a00a3edfb37e4f,2017-05-10 10:30:18,389.0,55.13
9c9e682bee9157ebdd3875801b35e626,1,a5340098c26b85e9bc7e7fd8e97fc50f,ef506c96320abeedfb894c34db06f478,2017-05-17 14:55:19,39.99,7.78
9ca8a98b31ed734b2db90fca420cda8e,1,4ae634441e444ca4bc85903cafe98d73,92eb0f42c21942b6552362b9b114707d,2017-05-05 10:05:21,13.98,10.96
9ce8430d551b7b0e371800e7a6ebb991,1,f7a17d2c51d9df89a4f1711c4ac17f33,f8db351d8c4c4c22c6835c19a46f01b0,2017-06-05 18:22:52,50.9,15.11
9cf566da5a3277749dbd61fa060e8110,1,331e79a28ee5afbb321a3146653085f2,7c67e1448b00f6e969d365cea6b010ab,2017-06-08 13:05:34,159.99,45.58
9cfc94a00cf39aa53d8f701fade170b9,1,96cadd6d137bc9726fe1fae279d48631,91f848e9f4be368f4318775aac733370,2017-05-30 03:55:23,64.99,9.34
9cfff951160cff8164e3eb826dd83dd8,1,e6b6e13cf71449a457269f425b89dc74,b2ba3715d723d245138f291a6fe42594,2017-05-11 13:35:12,89.9,9.0
9d2341ec61f7661d4b85708d835034f4,1,1585769f68320ec146a93097b0a1ab18,066a6914e1ebf3ea95a216c73a986b91,2017-05-15 21:45:15,209.9,32.22
9d33c379ff2539cb31da19fefc2c1d23,1,44afebe5ba695261a126f43a4b29d814,520b493b57809f446cb0a233bb3e25c7,2017-05-25 17:30:15,92.0,12.6
9d3c59fdcbaa99d6857084449b8aacd3,1,044b06b901539ec1ac136565a97d0fec,c3cfdc648177fdbbbb35635a37472c53,2017-05-25 03:50:21,89.9,22.5
9d54d8f8b66f65b995f70ab7a098dcb7,1,717ce88f14ebb225f2c395c8c41cde09,ad420dd0c4f92f8af951ac24b86d0cf5,2017-05-23 20:15:10,27.5,15.1
9d6127ca58b32bb6c99618d9a034d216,1,6eb6c5cb7df0f863538b61a47fcce962,fe2032dab1a61af8794248c8196565c9,2017-05-10 15:10:26,139.9,25.47
9d6d24901312270cc156d8e7639267cf,1,56bfaec92c3cbd30ef16904cff16b42f,cca3071e3e9bb7d12640c9fbe2301306,2017-05-29 04:10:08,119.9,13.18
9d75498fdac565fd0088b13e1fb8c504,1,f9be8e0e5acd947d8f49dbc390b9ab20,4a3ca9315b744ce9f8e9374361493884,2017-05-16 16:45:33,143.0,15.75
9d7a96279b14559afb68ea97f4767f33,1,70de7f927d3615d94199abf14387491f,b372ee768ed69e46ca8cdbd267aa7a38,2017-05-24 08:50:09,35.0,9.56
9d7a96279b14559afb68ea97f4767f33,2,a402021e638981087a4952cb77e5c46b,b372ee768ed69e46ca8cdbd267aa7a38,2017-05-24 08:50:09,80.0,14.35
9dad14cb70926812afb5ca62be79f298,1,c73628b1c3144b2e0c9c88072f21a213,3f995f07c49d0d55a99d5c54957f7d81,2017-05-18 19:02:53,99.0,7.95
9db0b5f3481614484592866ec7c902f3,1,dd1759836cc99a88be1a42bf6673abe0,fe2032dab1a61af8794248c8196565c9,2017-05-31 02:50:20,169.0,14.93
9dcf2d215096fef19c7e4a8a7d6fb1c3,1,2a5806f10d0f00e5ad032dd2e3c8806e,7c67e1448b00f6e969d365cea6b010ab,2017-05-21 23:15:16,176.99,25.55
9dd89c2de0b200abf0a3d8119d9e3889,1,235458528f907463ec55ebb1e16b69f0,dbc22125167c298ef99da25668e1011f,2017-05-16 13:05:22,54.9,17.95
9dd9186fa80eff8f1a2c916957e8444b,1,48a78d3787292116ba0de72570514978,e067ad2c1c0b48758eb1b5228bcf7a68,2017-05-16 23:50:08,87.9,11.23
9ddce686be2661872d8a63788bd96cbe,1,0ffd7e5d9372f67eb4346205f0cbcb2a,a7f13822ceb966b076af67121f87b063,2017-05-05 19:30:21,99.96,43.16
9e1eccc08685bb903c6eee8ade67a23b,1,9ea3e671b22bfe796818b4fac0d6b974,d66c305afaec317ebee552073a674429,2017-06-01 02:25:52,239.99,15.43
9e24613b913b312f009ec05b56b339d4,1,edc388b2ba34de112c918ddcd465f5e9,2138ccb85b11a4ec1e37afbd1c8eda1f,2017-05-11 16:30:20,39.99,14.52
9e3a37ffccf4190a8b497c3e563fd95e,1,617186c3d97ea56c9c683a8a3974e8c1,cc419e0650a3c5ba77189a1882b7556a,2017-05-12 13:30:14,84.99,16.29
9e52d9230d988c8181ad2875607939b5,1,11d73cb1179dc43858edd4ab0cea359d,7e93a43ef30c4f03f38b393420bc753a,2017-06-06 13:10:59,1039.48,22.04
9e59025992bd64bc26551391ed44a450,1,9ac3471b9357338ea8054108a00389e3,0afccdb8a34ee5c79f7c06faf2b4d56e,2017-05-18 22:02:43,51.9,15.11
9e90b00b6d923fe64fa53888a5643760,1,3ce943997ff85cad84ec6770b35d6bcd,9c0e69c7bf2619675bbadf47b43f655a,2017-06-06 21:30:27,175.9,14.21
9e90b00b6d923fe64fa53888a5643760,2,b7d94dc0640c7025dc8e3b46b52d8239,9c0e69c7bf2619675bbadf47b43f655a,2017-06-06 21:30:27,175.91,28.13
9e90b00b6d923fe64fa53888a5643760,3,b40ec43bdfc6d6fdd65e882066a5c895,9c0e69c7bf2619675bbadf47b43f655a,2017-06-06 21:30:27,176.9,14.07
9ea29024f36561184f0253cccb1b3fc7,1,af827351cc8287dd464466e8793046b0,ebd2d60905fb58271facef5596b620d3,2017-06-05 14:50:27,66.9,19.71
9ec97afb4b5c962313a6e146711f8334,1,0bcc3eeca39e1064258aa1e932269894,1f50f920176fa81dab994f9023523100,2017-05-29 11:23:04,59.9,13.44
9ed113cc7c82f8871d91b27a7b0d7da2,1,31639956e7fac87ecfd9d608040638bd,aac29b1b99776be73c3049939652091d,2017-06-04 22:22:40,64.9,13.47
9ee8c4e95442d267ec52b5c452928131,1,99a4788cb24856965c36a24e339b6058,4a3ca9315b744ce9f8e9374361493884,2017-05-23 03:42:44,89.9,12.13
9f00b61adc60e20d3af1622decd2820b,1,44afebe5ba695261a126f43a4b29d814,520b493b57809f446cb0a233bb3e25c7,2017-05-22 03:30:14,90.0,38.18
9f076b87261e6c9894139da7d41eb02d,1,7a82832901d5f4cd314a4e102c47bd2b,9de4643a8dbde634fe55621059d92273,2017-05-11 19:45:09,37.99,15.1
9f076b87261e6c9894139da7d41eb02d,2,7a82832901d5f4cd314a4e102c47bd2b,9de4643a8dbde634fe55621059d92273,2017-05-11 19:45:09,37.99,15.1
9f076b87261e6c9894139da7d41eb02d,3,7a82832901d5f4cd314a4e102c47bd2b,9de4643a8dbde634fe55621059d92273,2017-05-11 19:45:09,37.99,15.1
9f076b87261e6c9894139da7d41eb02d,4,7a82832901d5f4cd314a4e102c47bd2b,9de4643a8dbde634fe55621059d92273,2017-05-11 19:45:09,37.99,15.1
9f1c165cccc244ac8d0e3a1f2d3a296b,1,159dc4423e5092c3baa443379a458fa9,5c243662ce92d84573bfaff24c3e3700,2017-05-24 14:15:09,599.99,21.77
9f372562f0d05458a142227656ddfc85,1,6c273bcb49e4c78e0de3043e5efe81f9,dc4a0fc896dc34b0d5bfec8438291c80,2017-05-15 13:10:25,26.9,16.05
9f3c15fb0dfc4d3f2d9f5e8e9323a9e5,1,dd61e943598eec72351633dd6a72d5dc,cc419e0650a3c5ba77189a1882b7556a,2017-05-12 08:30:17,79.99,25.05
9f47e04f95b2bba1442d5bbf0611733e,1,3e0f398b664b26e3224c79dbf435191f,f4aba7c0bca51484c30ab7bdc34bcdd1,2017-05-15 19:42:28,49.9,11.85
9f63ac5c9ccec372d7d7ab7a8ae39243,1,77f374d14bd53f0ed5f29613363973b2,2f9b7ce230a057a98a9f5df5893ee36c,2017-05-25 02:35:06,17.38,16.6
9f6f347729af61a4a18eda64c6609dda,1,e294d8786e16a7a67e98e5fd412e2e2e,14d7985702e72162bbf13b6beb74ab2b,2017-05-24 23:42:38,55.0,7.78
9f6fd425786e354166bb381926773047,1,8b199a0f183f8011403f53356c564d80,4e7c18b98d84e05cbae3ff0ff03846c2,2017-06-01 13:42:04,178.0,74.2
9f738fc8b806bc3d86ccf78855e82eeb,1,900a1000340c354f62ee5f07f3a080ac,48162d548f5b1b11b9d29d1e01f75a61,2017-05-11 19:22:19,174.8,24.84
9f738fc8b806bc3d86ccf78855e82eeb,2,900a1000340c354f62ee5f07f3a080ac,48162d548f5b1b11b9d29d1e01f75a61,2017-05-11 19:22:19,174.8,24.84
9f7b176cfbef1c9773aa351fa964e124,1,d5c6f370cae2b55a234255c110feb95b,d5ba419e26d246a0719437cf37d9b46d,2017-05-11 10:42:31,35.9,15.11
9f7b176cfbef1c9773aa351fa964e124,2,d5c6f370cae2b55a234255c110feb95b,d5ba419e26d246a0719437cf37d9b46d,2017-05-11 10:42:31,35.9,15.11
9f877178dc7e99f524c1b02e99fffd40,1,7cd29da0653abeb444703cc5a957f479,620c87c171fb2a6dd6e8bb4dec959fc6,2017-06-01 13:45:09,35.9,17.65
9fa34daa1767b075c5a2490c9e8b403e,1,b667e64d366991432e4c9c45ec4d6d1a,c3cfdc648177fdbbbb35635a37472c53,2017-05-30 19:55:08,54.85,18.92
9fe314dcda41359566a99413f2b0d577,1,11875b30b49585209e608f40e8082e65,2089a6d640999f9b9141ac719b2af596,2017-05-25 11:55:09,84.9,25.87
9fe3aa695f82b14c91be17f23b17ef31,1,52d163dd9192d5a70afc33cd8c60131e,6560211a19b47992c3666cc44a7e94c0,2017-06-05 13:07:50,65.0,21.25
a08c01d5f51d5678f97d00ad2f228f8f,1,5a3320037d5922a7708647c81ecc1f15,b6d44737c043328708f6749c2dbe50bd,2017-05-26 19:55:07,75.0,13.08
a09a1cd89b42dac119675e8e9daed651,1,cc971e0365873137b8bef2ebad633e6f,7a67c85e85bb2ce8582c35f2203ad736,2017-05-17 16:45:24,219.99,17.79
a0aac3e398c28aa322af7ab1a9b24c85,1,986700c98805af229ab7ad51b95fa356,a0e19590a0923cdd0614ea9427713ced,2017-05-16 21:25:13,36.9,14.08
a0b25b40a41bd77646acd57a2e1744e6,1,78f3f7fb2c7a8a53bccb6cfc49f34f66,e9779976487b77c6d4ac45f75ec7afe9,2017-05-29 05:05:09,92.99,8.4
a0ba767f45d100f0a10b9c7c5ffe077e,1,ae90b5cf5c0d5de5936b9843dfe58e02,6c177e38df6d3f34182b1f1d427231bf,2017-06-05 20:45:17,135.0,17.39
a0cedd10b5dd769809832f5b1cfddeaa,1,dd1759836cc99a88be1a42bf6673abe0,fe2032dab1a61af8794248c8196565c9,2017-05-23 20:05:24,169.0,8.44
a0e6863a821d35dcaeb3eb109f21d443,1,11875b30b49585209e608f40e8082e65,669ae81880e08f269a64487cfb287169,2017-05-30 08:30:20,65.0,15.2
a0fa0b83af43ae62c675850384f13cdc,1,c6147d11c322b6a63f0cdd8722be9477,d91fb3b7d041e83b64a00a3edfb37e4f,2017-06-01 20:02:05,34.0,15.1
a0fd703a1c6a122520246bd8d481e528,1,b7ebdc826d0220dc16c813b9682d63dd,8cbac7e12637ed9cffa18c7875207478,2017-05-22 10:45:07,105.6,21.23
a1056adf3e67acb8ce8f791608b76e05,1,faa69a3ce59a6d1484410df55a93444b,aafe36600ce604f205b86b5084d3d767,2017-05-07 21:25:12,59.9,15.63
a1074f1de8cb7cb5f4ce95be13541ac0,1,dc0fe1906bacc99199eb46fce442e1de,b1ac6ea7895bc3dd6f0f6f4abbdd2821,2017-05-11 02:50:47,59.0,18.69
a1154a5da8429ac3461d448de5bc11c9,1,06c6e01186af8b98ee1fc9e01f9471e9,fc906263ca5083d09dce42fe02247800,2017-05-24 13:10:22,39.9,15.1
a12313a4de4327d266a444688c8e8add,1,06976617d8c5e71de4f3c2d93e788fd5,dbc22125167c298ef99da25668e1011f,2017-05-22 14:02:37,102.9,16.48
a14159f8a3661833c7d9d030e2098861,1,ef59185c3acc6f127418c82873215194,3b15288545f8928d3e65a8f949a28291,2017-06-07 08:10:11,110.99,21.27
a15641400fbcb7ec727c8f5fcd9ae5f4,1,99a4788cb24856965c36a24e339b6058,4a3ca9315b744ce9f8e9374361493884,2017-05-09 15:15:17,89.9,11.24
a16c048c79d11f82c31fb4fbf407e6cf,1,2446edad7ab4cfedebb8728497ac4575,ce27a3cc3c8cc1ea79d11e561e9bebb6,2017-05-22 11:25:27,59.49,15.18
a17cc4f476cd389757e6a9f3369d84d3,1,2454302057bca58015b4674cc2a6d9a4,7e93a43ef30c4f03f38b393420bc753a,2017-05-22 13:30:21,689.99,19.59
a17d59822796f1d50132863fd085f109,1,5a419dbf24a8c9718fe522b81c69f61a,e26901d5ab434ce92fd9b5c256820a4e,2017-05-18 02:45:19,39.9,15.1
a187e99908d89f2f863baf8785025570,1,58662fc2ddcb4853532ee42a1cfc9843,2138ccb85b11a4ec1e37afbd1c8eda1f,2017-06-02 11:42:20,39.9,7.78
a18986d0ee0fd3e2c6fe3fdd23ca31ca,1,5fc3e6a4b52b0c414458104ed4037f1c,229c3efbfb0ea2058de4ccdfbc3d784a,2017-05-10 10:50:06,89.0,15.62
a18986d0ee0fd3e2c6fe3fdd23ca31ca,2,5d790355cbeded0cd60e25cbc4c527a2,229c3efbfb0ea2058de4ccdfbc3d784a,2017-05-10 10:50:06,97.0,16.28
a19b529d70b6aa8addb01c2721350ba3,1,b5f0795bc072a1875f2c0fe85524b207,8f2ce03f928b567e3d56181ae20ae952,2017-05-25 19:15:24,99.9,21.19
a1a1ded06da0d3334312e71f27d11466,1,78b003db341f835b585e8190ccf4e29b,7722b1df1b0e383e000397b2c11e3e19,2017-05-18 23:35:10,44.9,15.11
a1a601783c958327168e1009b0758984,1,18e41d0c2a7cac6a8d53d3fcc13da3c4,2b3e4a2a3ea8e01938cabda2a3e5cc79,2017-05-16 02:50:10,1158.25,22.86
a1d20692c61cea8c06d55f0365307f60,1,57fcacc3434a1f2f2b039c1b4e61f5e1,2138ccb85b11a4ec1e37afbd1c8eda1f,2017-05-24 13:35:17,18.9,7.78
a1d20692c61cea8c06d55f0365307f60,2,cf0d29a0ea1464f4c3e5594d0746c51b,2138ccb85b11a4ec1e37afbd1c8eda1f,2017-05-24 13:35:17,18.9,7.78
a1d50a1883814a31c8629adf354c1013,1,c18ac1d6cc053c0ec7296b994ae6ffeb,86ccac0b835037332a596a33b6949ee1,2017-05-22 13:10:15,27.9,15.1
a1dc31acde1a4fdecc6147fb567ebc1e,1,4e0d588f8e002f2bad9cbe0b8f66f6f6,fc906263ca5083d09dce42fe02247800,2017-05-25 19:15:28,39.9,12.48
a1f5afc5fe7a4ee4bef93aab1e95772f,1,f4f67ccaece962d013a4e1d7dc3a61f7,8581055ce74af1daba164fdbd55a40de,2017-05-12 09:32:07,241.1,20.66
a21d86f981f1cbf2c5f96971c6a6800d,1,ef06c0458c76196646fe25444b793139,6c12e40690c335dbc2f68a4134d30dc1,2017-05-11 21:22:15,25.0,12.48
a231611f82f7625fba490466e2606aa5,1,6de8bea41c968204fa93e4c2016d1bbb,aac29b1b99776be73c3049939652091d,2017-06-05 04:50:20,239.0,16.42
a23c7a7d06f1f8e9f6e45f934c7e106b,1,ec3f8e78677c7e0395b155bc67417158,bc503e244f187939d10c92a5c8e378ce,2017-05-30 03:05:24,28.3,12.69
a23c7a7d06f1f8e9f6e45f934c7e106b,2,ec3f8e78677c7e0395b155bc67417158,bc503e244f187939d10c92a5c8e378ce,2017-05-30 03:05:24,28.3,12.69
a23c7a7d06f1f8e9f6e45f934c7e106b,3,ec3f8e78677c7e0395b155bc67417158,bc503e244f187939d10c92a5c8e378ce,2017-05-30 03:05:24,28.3,12.69
a23c7a7d06f1f8e9f6e45f934c7e106b,4,ec3f8e78677c7e0395b155bc67417158,bc503e244f187939d10c92a5c8e378ce,2017-05-30 03:05:24,28.3,12.69
a23c7a7d06f1f8e9f6e45f934c7e106b,5,ec3f8e78677c7e0395b155bc67417158,bc503e244f187939d10c92a5c8e378ce,2017-05-30 03:05:24,28.3,12.69
a23c7a7d06f1f8e9f6e45f934c7e106b,6,ec3f8e78677c7e0395b155bc67417158,bc503e244f187939d10c92a5c8e378ce,2017-05-30 03:05:24,28.3,12.69
a24474d0a4ebace563a0695a14b5bb0a,1,99a4788cb24856965c36a24e339b6058,4a3ca9315b744ce9f8e9374361493884,2017-05-19 16:50:12,89.9,25.91
a24474d0a4ebace563a0695a14b5bb0a,2,35afc973633aaeb6b877ff57b2793310,4a3ca9315b744ce9f8e9374361493884,2017-05-19 16:50:12,89.9,25.91
a26e448f7fe0273a370e603cd60933e0,1,04c4a4b9c924494fcf82e0fba966f955,86ccac0b835037332a596a33b6949ee1,2017-05-11 14:10:14,26.69,15.1
a27eb404169bf0159dcee550b59b9d5e,1,a0fe1efb855f3e786f0650268cd77f44,ef506c96320abeedfb894c34db06f478,2017-05-11 20:22:17,59.99,7.78
a294b359ceeb6b570206ae9a4e266230,1,ab9cf155f8280c3739b09fe341a185e8,92eb0f42c21942b6552362b9b114707d,2017-05-09 21:35:24,13.98,24.35
a2b641f30be1e5a530738ffe99633544,1,f264c1d9b20b5e4a340254d0405e613b,7a67c85e85bb2ce8582c35f2203ad736,2017-05-29 03:25:29,69.99,16.74
a2c0b2415d93b4f58c27e69c87035638,1,44afebe5ba695261a126f43a4b29d814,520b493b57809f446cb0a233bb3e25c7,2017-06-02 12:22:45,94.0,17.91
a2c2158d6a2596315ca45703207e97c4,1,5440e1ed49a1153d573b1543dd10d95e,620c87c171fb2a6dd6e8bb4dec959fc6,2017-06-07 14:02:40,159.9,15.87
a2c452b1dde13888aa1d67fcba0d2d3e,1,dc404a1496a08f9f5540c8b5d4b92925,46dc3b2cc0980fb8ec44634e21d2718e,2017-05-29 09:02:44,349.99,11.46
a2c583649d96b6b15a0385d0ef630f33,1,4e5bbc386fa77265275c4bb8c0d65be0,8e6cc767478edae941d9bd9eb778d77a,2017-05-11 11:25:51,16.46,14.12
a2d83fe753c66711172a6b99df1bafcd,1,8b92139f9270553dc3fefeac3ef69034,dd7ddc04e1b6c2c614352b383efe2d36,2017-05-09 20:30:14,46.9,23.58
a2ea4752ce11b235a73469d2a849e358,1,4dc3dcf258288cfda345034a4d96fbf9,44073f8b7e41514de3b7815dd0237f4f,2017-05-29 14:42:59,75.0,18.77
a3069ca25adcd219ca2358ca58f46bdc,1,43afa94fdd01b7f2a67f3776a8df0d71,32fdd5d44ecb43dfd6a24b9369eca144,2017-05-19 13:30:14,59.9,17.99
a3115f34be015286911b92beba41be5f,1,ae083e4a334a4210ae0ef7323f1584c5,0df3984f9dfb3d49ac6366acbd3bbb85,2017-05-15 22:42:32,281.9,18.41
a334576cfd7e22f2ff0e0418124bf93e,1,f75eb66dc82bccecabd706bd441cfd3a,6cd68b3ed6d59aaa9fece558ad360c0a,2017-05-31 21:42:00,109.9,28.95
a334576cfd7e22f2ff0e0418124bf93e,2,3cb27db8c8015afcf219721d4fc10148,2138ccb85b11a4ec1e37afbd1c8eda1f,2017-05-31 21:42:00,24.9,1.36
a33491b78e10dbccf1e59fa7d5daf81a,1,3385a47f5a1309eb44c03904a027faf2,7a67c85e85bb2ce8582c35f2203ad736,2017-06-02 13:55:14,219.99,17.79
a3439a449645e880a92b39f3dc8b28f4,1,b142019898949dbc5e1128bfaf66dfef,0432ead42b6c8a0bdf68154add917fdf,2017-05-25 02:42:54,87.9,15.37
a347b0e4fa4bfe76bfe8df0c775a9f2a,1,912ab68074130a81d1d94f48b67150a2,d101c6da914ae3d53f7bee42283f2fe2,2017-05-12 17:50:13,63.9,11.73
a34abd259f5fc0b557998baef5e87646,1,f71973c922ccaab05514a36a8bc741b8,5dceca129747e92ff8ef7a997dc4f8ca,2017-06-05 11:10:15,89.9,36.29
a3595c53ef721a1b9525a8ea6e4400a8,1,c9f62bee5c17494edcb5c3f3f56d75ad,e9779976487b77c6d4ac45f75ec7afe9,2017-05-11 06:35:18,160.0,25.61
a3670896f8c6f70396896223eb4ca8be,1,d01361dc1752562049e33f0456109c7e,3d871de0142ce09b7081e2b9d1733cb1,2017-05-09 11:32:58,59.9,13.0
a37f8312a0547362c60345cc4cb0f8f2,1,832902ab7d497317f2cde8924f05af66,0432ead42b6c8a0bdf68154add917fdf,2017-05-15 02:05:14,89.9,14.38
a3a1b4761bb6da969fa862b89382e855,1,c43ab4269cbf91b373263db4c2973cad,48436dade18ac8b2bce089ec2a041202,2017-06-02 13:10:22,45.9,17.92
a3a5d73f1d5b6acf698fdd0e795d2ec5,1,cb035acb0af5f79c8ebad476b968574a,70a12e78e608ac31179aea7f8422044b,2017-05-10 17:15:29,39.0,15.56
a3aa23c77d6830dd5cb7ad473c8df492,1,19a5dc57b9f69cff2321395f3c36f9d6,c3cfdc648177fdbbbb35635a37472c53,2017-05-15 14:22:19,329.9,24.18
a3b3d9aba2b69c5764cfa5168ac9f58e,1,c55c77207af4d2ce4b0c54740f4ee7f3,6b15924333bd1a741595fe981ea04822,2017-05-18 13:08:08,44.9,14.1
a3de74fbe2db7081a1c0262272cd4283,1,601a360bd2a916ecef0e88de72a6531a,7a67c85e85bb2ce8582c35f2203ad736,2017-05-09 14:22:24,129.99,29.26
a3e114681cc1e328e884a174f375e41e,1,7e97894cc00196a56d6ec315c68b2353,7008613ea464bad5cb9b83456e1e6a8f,2017-05-10 10:22:36,96.0,16.37
a3e47ceb0f0691a07708121b7a1e412c,1,35559c3265789453c74498644a9f8d6b,d66c305afaec317ebee552073a674429,2017-06-02 18:55:20,239.99,15.43
a3fd818adac1f20a4a2abdd98532932a,1,03894c9a40bf32b84a349ef0ddfccc1d,febab0275244b9a49a623f0bd613ca2f,2017-05-23 01:45:13,87.5,18.0
a41753c6a1d8accb89732e36243432d7,1,e3e020af31d4d89d2602272b315c3f6e,94144541854e298c2d976cb893b81343,2017-05-18 11:05:13,29.9,15.79
a434358927e93bb6e639e7f0b9355e8c,1,a54f350cdb1f303fe39221171d003852,23613d49c3ac2bd302259e55c06c050c,2017-05-25 10:02:46,39.9,15.98
a455e8eb199f11350e3bd632e278366e,1,1d6494a42302dba967b0c3a9c655d1a5,53e4c6e0f4312d4d2107a8c9cddf45cd,2017-06-05 17:55:18,84.0,35.68
a45fc977eae1ef0ed4504f346d31a0fb,1,4ae634441e444ca4bc85903cafe98d73,92eb0f42c21942b6552362b9b114707d,2017-05-08 15:25:13,13.98,20.8
a487f3a5b2b3e028ef50c93210a69e71,1,68f2b86d618f20c45d7a0db6db2cc664,a416b6a846a11724393025641d4edd5e,2017-05-10 07:35:17,57.17,9.39
a49bb03badf724e5180699f77387a444,1,213875479a90df7b399cee17003be95c,c458e2045a8aa8964f8879af03fdcce6,2017-05-17 02:15:59,189.99,20.03
a4aa1f375705ffd3e164feb2d98f1a77,1,49dbea290802d8ca27cfebececcaa1a2,7a67c85e85bb2ce8582c35f2203ad736,2017-05-16 23:02:33,129.99,13.93
a4bec521c28b37c92e70dd4d703989bc,1,ebb7ccdb2a728a4188759bfa3cbd1fc0,7a241947449cc45dbfda4f9d0798d9d0,2017-06-01 02:45:24,99.99,16.46
a4d1612b7bfa43ca6f14b27bfda0d1cd,1,23365beed316535b4105bd800c46670e,92eb0f42c21942b6552362b9b114707d,2017-06-05 22:45:19,16.5,15.1
a4e716425319a6fefa5bf8c58eeccfcd,1,c234a60a994181f45605566bef8fe3b4,d101c6da914ae3d53f7bee42283f2fe2,2017-06-05 09:43:04,109.9,21.26
a4e8ed3c6d3f35cd4d7999f34d2a2a9a,1,737c8b027476dde99e8075d3a0bbe28a,2138ccb85b11a4ec1e37afbd1c8eda1f,2017-05-18 14:50:07,34.99,14.1
a4f692247016a0f0394abc54b63f865d,1,bb7181410b4e02f93f3697f765db53c7,855668e0971d4dfd7bef1b6a4133b41b,2017-06-05 01:45:09,120.0,46.31
a50baa42994364594f0a002918035aeb,1,f71973c922ccaab05514a36a8bc741b8,5dceca129747e92ff8ef7a997dc4f8ca,2017-05-16 02:45:11,109.9,36.43
a50d174e10ae3a318551a633cffe8e9b,1,83ee05fd05be4375384ffcdeffcc138f,dd7ddc04e1b6c2c614352b383efe2d36,2017-05-18 02:55:34,89.9,21.28
a518b0e2cc4f320f21cf76b615df9869,1,5a6e53c3b4e8684b13388d6aa4afdf12,7299e27ed73d2ad986de7f7c77d919fa,2017-06-01 23:05:14,16.99,15.1
a535e0a8e571efd2e1a7aff5a7aeffee,1,c19d5ba108c34b8255cf9a524da92bc4,4e922959ae960d389249c378d1c939f5,2017-05-17 23:02:41,75.0,12.03
a53f0870aa46960c914e6e0fd739304b,1,23bd5dc8d3c4cbe16e947b54fc22b3fb,7e93a43ef30c4f03f38b393420bc753a,2017-05-25 09:33:11,179.0,15.0
a5513b009a0b7d07504788dc524a70f5,1,f71f42e2381752836563b70beb542f80,85d9eb9ddc5d00ca9336a2219c97bb13,2017-05-22 20:50:17,31.9,8.11
a5705c0ba22fcdfeeeaf4b2ae485b791,1,d46169ff14ef99286a176b5391a7a1c8,d1b65fc7debc3361ea86b5f14c68d2e2,2017-05-12 13:10:36,1197.9,130.18
a59c3add113d01bce5f53f04fc17d73f,1,2516615ef3ab70913809f9d5fc363740,86ccac0b835037332a596a33b6949ee1,2017-05-17 16:43:33,53.7,34.18
a5c7e6bac2227411fff0d646ffdef74c,1,8232a265a535c1f886b38335667be2a5,f45122a9ab94eb4f3f8953578bc0c560,2017-06-06 13:11:03,59.99,16.18
a5c81bfe0a74d9a415cff0ed027f468d,1,530b2adc666f8f1553e3590543920a72,f7720c4fa8e3aba4546301ab80ea1f1b,2017-06-05 20:55:10,39.7,16.92
a5dfe2f94a7c8cb55a435a6ed9fc2c12,1,7c1bd920dbdf22470b68bde975dd3ccf,cc419e0650a3c5ba77189a1882b7556a,2017-05-12 11:25:53,64.99,11.06
a5e4943ec70814fda473b21faaba42cc,1,ab9cf155f8280c3739b09fe341a185e8,92eb0f42c21942b6552362b9b114707d,2017-05-12 10:15:07,13.98,15.79
a5f8439f1e560659a492608e370ecde2,1,ea9b0b855335919945731f9368f83dc9,c731d18cea9bf687ffee82a241c25b11,2017-06-01 14:15:16,193.0,39.19
a5fb2c24c73613e69c4d3b11d5b67869,1,45e9db074ca64dc81ee6f06185544d6e,431af27f296bc6519d890aa5a05fdb11,2017-05-25 14:25:23,63.9,12.79
a62d1c8ecd8c597d007fc79c5bb5f1c1,1,37d2e3656244fd840ebd0460360455cd,dbc22125167c298ef99da25668e1011f,2017-05-24 14:02:46,45.9,17.92
a62de6fa1ce225032f7220425c941b50,1,c43ab4269cbf91b373263db4c2973cad,48436dade18ac8b2bce089ec2a041202,2017-05-30 12:03:48,45.9,19.33
a62de6fa1ce225032f7220425c941b50,2,c03d44fcdfabbabd5185c8eb60f77aea,48436dade18ac8b2bce089ec2a041202,2017-05-30 12:03:48,44.9,12.89
a63aa46986e22405b645515c2234cfb6,1,837b5c6df9ceb8a9c604e78fde0e60a2,85d9eb9ddc5d00ca9336a2219c97bb13,2017-05-22 20:55:18,27.9,21.15
a6943daaa93816310c2f34c75774e9e2,1,72a137b85d5a1d82cde242493f118f43,ce27a3cc3c8cc1ea79d11e561e9bebb6,2017-05-23 15:15:16,29.99,7.78
a69a3c7d97e8ed05be9f7c750849c481,1,23365beed316535b4105bd800c46670e,92eb0f42c21942b6552362b9b114707d,2017-05-09 12:31:33,17.89,14.52
a69ca27e5ae20da24dd0b144a6bfe2e9,1,e3a23a99f074226ad690393a840c3244,efcd8d2104f1a05d028af7bad20d974b,2017-05-18 12:33:16,69.99,15.24
a6a5d5673d42186a8b8b94ad29b59897,1,3d77287739b6bf1ac163ce2d77570ada,8c3b533c63cca56240f94f1e3a6b18ef,2017-06-05 01:00:34,449.9,173.78
a6a5d5673d42186a8b8b94ad29b59897,2,3d77287739b6bf1ac163ce2d77570ada,8c3b533c63cca56240f94f1e3a6b18ef,2017-06-05 01:00:34,449.9,173.78
a6a62b06c5d37cd28cb1040a710bde38,1,e7db7c40ea6647c808d48581f1308d88,1d8dbc4f32378d715c717c1c1fc57bae,2017-05-22 18:25:08,109.9,20.01
a6c872862f17570fa0c8d8d39bdd2473,1,fcad6e5643f855de4b616a24e6dd25e4,4a3ca9315b744ce9f8e9374361493884,2017-05-30 15:10:17,286.4,58.67
a6ecdcdd328d131fadda339f95ca1705,1,7b453aa3584d61c1268d77ba6fd5956b,e26901d5ab434ce92fd9b5c256820a4e,2017-05-11 16:25:15,109.9,15.52
a6f204a476de5e606ae0188921142f7a,1,d950ce1f38b6772552be4523baf94c7a,ebd2d60905fb58271facef5596b620d3,2017-05-15 09:43:10,74.9,38.07
a7201130e7b241aaacadabec4aa27640,1,5538ed283fd2d0e2a1151507e1cbd59c,4da0e408c99d2fdc2126dc9fce518060,2017-06-01 15:35:17,28.0,15.1
a7236413cd736310eb6cba19e4f4c3d8,1,0d009643171aee696f4733340bc2fdd0,fe2032dab1a61af8794248c8196565c9,2017-06-05 14:55:18,339.0,17.12
a72698cb5818851e1f19815692cf256b,1,99a4788cb24856965c36a24e339b6058,4a3ca9315b744ce9f8e9374361493884,2017-05-17 20:15:14,89.9,12.13
a7547ae74369b19c925d4d0f11047e7c,1,61be4e522756a21071b8a02c2650bd3e,cb5df0dcb9e280b1780e9d589889f2c7,2017-06-12 04:22:37,108.99,21.77
a756ca7873d8dfa6a2954b040f53052a,1,880be32f4db1d9f6e2bec38fb6ac23ab,fa40cc5b934574b62717c68f3d678b6d,2017-05-24 02:15:35,42.99,15.1
a7736098008bf1d6c7f3e9e72ca06081,1,cd32c1a6eb38dcf2a8afba626ed0172f,41b39e28db005d9731d9d485a83b4c38,2017-05-29 19:35:11,79.9,34.72
a7736098008bf1d6c7f3e9e72ca06081,2,7f9475c2e93957f54e9dd045dd7ce6fe,41b39e28db005d9731d9d485a83b4c38,2017-05-29 19:35:11,79.9,34.72
a77c9550c32e540e8798334f832b522a,1,dd6a505f83dd3c6326aa9856519e0978,fa40cc5b934574b62717c68f3d678b6d,2017-06-01 10:15:13,49.9,7.78
a780ef8e1707e488f029e009123767f3,1,59af5c511a76e7fe573446f94cdb83b9,004c9cd9d87a3c30c522c48c4fc07416,2017-05-11 14:05:17,117.99,43.24
a78cdda0b536155a210b115c530b1964,1,44ab978ea1af4ed2f20e7efd5e21ef71,9558aa23f77a9e0a0eca83540999f43b,2017-06-02 13:50:24,86.7,15.36
a795405baf7d9a63ecd5d22978476c08,1,e0f33a3329af6716a0bb47fd7a664439,7e26c750b4cb9f6766f58265ff9ebe95,2017-05-07 21:55:18,49.8,16.05
a797f338da66eefca816db5328d5e5ab,1,00ba6d766f0b1d7b78a5ce3e1e033263,53e4c6e0f4312d4d2107a8c9cddf45cd,2017-05-29 15:23:19,47.99,15.11
a797f338da66eefca816db5328d5e5ab,2,00ba6d766f0b1d7b78a5ce3e1e033263,53e4c6e0f4312d4d2107a8c9cddf45cd,2017-05-29 15:23:19,47.99,15.11
a797f338da66eefca816db5328d5e5ab,3,00ba6d766f0b1d7b78a5ce3e1e033263,53e4c6e0f4312d4d2107a8c9cddf45cd,2017-05-29 15:23:19,47.99,15.11
a7bc4bc04f601abb381b240812701777,1,1168ebbaa08c1f416c8c880dd470171c,7a67c85e85bb2ce8582c35f2203ad736,2017-05-17 21:35:17,69.99,30.02
a7c06c01fe6ddeff25b3c60459b5fcb4,1,62d8daeee0db3a60c234c2d1bfd10651,d2374cbcbb3ca4ab1086534108cc3ab7,2017-06-16 09:42:17,24.9,11.85
a7c06c01fe6ddeff25b3c60459b5fcb4,2,62d8daeee0db3a60c234c2d1bfd10651,d2374cbcbb3ca4ab1086534108cc3ab7,2017-06-16 09:42:17,24.9,11.85
a7ce71faa90255e55a627d8b1065e0c3,1,6739aafc60d0a6e50c6e050d5a987350,46dc3b2cc0980fb8ec44634e21d2718e,2017-05-18 02:45:15,129.99,14.66
a7dbcf5043158d6fa72859eead2f3d10,1,e1d6e56531bd9c3dfad4f905f81072c7,da8622b14eb17ae2831f4ac5b9dab84a,2017-05-26 13:10:13,89.9,17.88
a800ac0385a83264291f978ab075dd68,1,a5cb33fabba1f8cdcd6fdcace71ed02e,b4a476fbd28de64b1e347abf9089366a,2017-05-18 15:15:17,45.0,25.38
a8318f40d6ce7e1367863809d56a63c3,1,a4d8f727f92014da5dd64116af14634c,63ffcb71394dd8ea3872ed9ffda17c74,2017-05-15 09:50:20,25.0,17.09
a837f579a39778e37f946ab3a520a814,1,23365beed316535b4105bd800c46670e,92eb0f42c21942b6552362b9b114707d,2017-05-09 19:02:20,17.89,14.11
a83caeb2e8820ea81aed1583aaecc19f,1,aad1c338e2a8906e2040a2fb0861acbd,b76dba6c951ab00dc4edf0a1aa88037e,2017-05-24 14:10:16,12.5,11.85
a83ec352bf720dbe45b1c76eb9867ce9,1,fd220f6fd5a3f13ef9db07428f9c935d,a3a38f4affed601eb87a97788c949667,2017-06-02 13:55:11,79.9,30.62
a86e33acfb13a59723e2e33ef1aa24e6,1,d919227cdbfeb24430df4170b7367f2b,6edacfd9f9074789dad6d62ba7950b9c,2017-05-08 13:55:15,42.9,10.96
a8858a23008217d160630ef24a83f155,1,e9def91e99c8ecb7c5cef5e31506a056,850f4f8af5ea87287ac68de36e29107f,2017-05-25 10:15:17,59.99,14.17
a89eed32f0011eb66dcf2beb3d0fb255,1,e5a19f25b139394121110bbaab05087c,376a891762bbdecbc02b4b6adec3fdda,2017-05-25 01:25:20,289.5,35.83
a8aa2cd070eeac7e4368cae3d8222e2b,1,0a27be3536127164b11173c57f14a2da,fe2032dab1a61af8794248c8196565c9,2017-05-16 17:55:15,219.9,9.73
a8afb675f678a7b0b1733fa6c8d9c3e0,1,b6bdebb92f595f00c73bd42e0e3a8517,ef506c96320abeedfb894c34db06f478,2017-05-30 10:02:23,25.99,14.1
a8d0bb7e040a27e689f81ab278d3cb89,1,97373049bc86f3b3245c07a56795b2d7,4e922959ae960d389249c378d1c939f5,2017-05-23 03:25:37,69.0,34.28
a8d99215828518af1468d99834d91e9f,1,6004cefa8473b7ccbaf181bbf633541f,7c67e1448b00f6e969d365cea6b010ab,2017-05-23 22:25:10,229.99,54.21
a8e1657f8ba8503d95b3da051b7c7343,1,22594ba8fd9a72ad95d352929c821560,7c67e1448b00f6e969d365cea6b010ab,2017-06-13 14:42:35,112.99,32.31
a8f5a2b22f55e0af45b300929d1fdc7d,1,11b062c710beb867b4897ff2728e828d,ae8bfdbf1c2a2a2dee92d799db0a31c6,2017-05-19 18:10:18,29.99,17.6
a8f8aa4f2a60b06f49e39b10fb1972c5,1,517d4955ffcf9fbd2bb0beb193c81a42,48436dade18ac8b2bce089ec2a041202,2017-06-04 21:05:21,118.9,18.08
a8ff452116db2ff4a2963f490afe5471,1,5da61f03fa61bb3e2d965b98aa102ad7,6560211a19b47992c3666cc44a7e94c0,2017-05-17 03:50:20,89.0,15.37
a91126396e6f35f305397744f23f012e,1,5bd3ba44eb990450377a2cd863821cca,38e679b9e0064cd94c6f035707344dae,2017-06-02 13:10:19,187.57,32.06
a91e7aca25f42ad17ca485b55da90693,1,be5353e2c543ba4f67831f95d3775420,f4aba7c0bca51484c30ab7bdc34bcdd1,2017-06-02 12:25:46,19.9,7.78
a942adcbb3d69d5e7ec1d68a0786b52d,1,23c8673349e70f9408b2d15865532c53,36a968b544695394e4e9d7572688598f,2017-05-25 19:45:18,144.9,13.35
a944939844cbf212ca7f7a3eb4a8d5ed,1,f4be3cfe721d891dab8f4025132fe7c5,41b39e28db005d9731d9d485a83b4c38,2017-06-06 22:50:18,34.9,9.34
a967dc63ea8966470a83bd0cb2d7d749,1,de72026142ffc78ea7a8d6ce739056b1,99eaacc9e6046db1c82b163c5f84869f,2017-05-11 19:42:14,110.0,14.52
a96843a8dacaebe8ab691a745032daf5,1,a3174f2bfbbeca5734474d6046d76434,7e93a43ef30c4f03f38b393420bc753a,2017-05-19 16:05:18,1086.76,29.93
a97278b621a4dd5b9a74995d6f72abfb,1,29427de7f8a9ee983d9dbc51cec569b4,7a67c85e85bb2ce8582c35f2203ad736,2017-05-15 09:35:29,99.99,17.95
a979479c1af57af858b45dfd2d67ee04,1,3a50509ecc44f58f235ec751ad7fe8e3,cca3071e3e9bb7d12640c9fbe2301306,2017-05-15 13:15:18,39.9,12.69
a98b1e22983a801f5fdd3deef0cd4b1c,1,98d61056e0568ba048e5d78038790e77,8581055ce74af1daba164fdbd55a40de,2017-05-18 22:42:27,169.0,34.84
a99a60bc7b0e05731ce390fbc021ef0b,1,601a360bd2a916ecef0e88de72a6531a,7a67c85e85bb2ce8582c35f2203ad736,2017-05-25 09:45:18,129.99,13.93
a9a4989d18319f417053642957c9da22,1,09ebc052c8e265f5ea1e86320c049322,b92e3c8f9738272ff7c59e111e108d7c,2017-05-29 12:48:07,139.9,35.5
a9afb8f30ea1c72dd798b8eeaefcdff5,1,add20623e743c90cefc65db803efa18e,cd68562d3f44870c08922d380acae552,2017-05-18 17:45:13,125.0,12.37
a9c323b00a97a60deb81c33473090eff,1,42a2c92a0979a949ca4ea89ec5c7b934,813348c996469b40f2e028d5429d3495,2017-05-12 06:15:12,59.9,17.67
a9d38693624248a1c9857cdbbb58d709,1,766c20fd8cd7e4184901b87f8b4391c3,4c03b9dd4c11ee2cb35c96c49efc9420,2017-05-26 14:05:33,45.5,11.85
a9d514cec7786e74cf3b22b24b5562f7,1,7b453aa3584d61c1268d77ba6fd5956b,e26901d5ab434ce92fd9b5c256820a4e,2017-05-15 16:15:17,109.9,15.52
a9de753e089dd4dadf7d3efa954e26c5,1,557313563f418e18cc4a19159774cecd,dc4a0fc896dc34b0d5bfec8438291c80,2017-06-05 03:30:07,83.36,16.34
a9e7b797dd41979738e86a33cc9e8520,1,f614b080b510187124d5e964cb35584a,5a8e7d5003a1f221f9e1d6e411de7c23,2017-05-11 20:22:21,59.9,15.56
a9e7b797dd41979738e86a33cc9e8520,2,f614b080b510187124d5e964cb35584a,5a8e7d5003a1f221f9e1d6e411de7c23,2017-05-11 20:22:21,59.9,15.56
aa0fdfac2fac6ad23cfa368f687433cc,1,49d89239eb92d383e390b38b9bb792c6,3d621842b2ed28e2b474132480edac3c,2017-05-10 16:55:23,14.99,20.8
aa1ae480ffdf6aefc191b45ebd4fdedb,1,65607db9823444a6ba5b7a82431e4502,deaadd805612bf94faaa9fa702516e11,2017-05-17 21:55:20,50.0,15.11
aa1b889390528c108e089b5653303727,1,dd61e943598eec72351633dd6a72d5dc,cc419e0650a3c5ba77189a1882b7556a,2017-05-12 14:35:19,79.99,11.17
aa3a8549b44bdf1c12309c0f439f9964,1,63de2743d05ab59d85caa49e49459ac1,cbd996ad3c1b7dc71fd0e5f5df9087e2,2017-05-26 16:50:09,19.9,15.1
aa4abf7d0cd6e030f20d847400ccd459,1,21fd3b391a97c2fedab9d0efdd183a93,9de4643a8dbde634fe55621059d92273,2017-06-05 04:25:31,489.98,23.92
aa50fc2b2c3610cef0e3ddcb6e4dd8d3,1,ffa4027b0effa4df0d5f5a9ce2788b6d,bacb1f0ed56ad24198f5810d2b3fe9a5,2017-05-31 15:02:30,217.9,26.81
aa728e83b25c036cf32893a200faf390,1,c7d5122ecf640a6affc29798267e5924,218d46b86c1881d022bce9c68a7d4b15,2017-05-19 18:45:10,162.0,21.62
aa728e83b25c036cf32893a200faf390,2,c7d5122ecf640a6affc29798267e5924,218d46b86c1881d022bce9c68a7d4b15,2017-05-19 18:45:10,162.0,21.62
aa7c35fd606f4275e267e859c6a84d0f,1,a42d0a44db77a6ed7945bb5c78da1398,f0e103c63864d5405b958d984b6e94c9,2017-05-29 16:40:05,18.9,7.78
aa7de70d0bf642d7221cb9b450e21780,1,060890b1af8cc031e9dde49cf544f884,8581055ce74af1daba164fdbd55a40de,2017-05-29 04:03:11,94.3,13.22
aafd191085488777c9d6b1aa8335ddd7,1,f7bb503725fb4d7bb55301d5bceba728,55a5b51f93f2b70ea513f5a047b0262a,2017-05-10 02:55:44,99.7,14.87
ab02e1347f5a89f4142106cad4f9f7f8,1,159ec57903b1ef5807cc73ebf66d12c6,87142160b41353c4e5fca2360caf6f92,2017-05-24 10:02:59,20.0,15.79
ab1430e26162f925a945d18941057aee,1,d41a23bd2bc3ec10cfffc66c0611a290,391fc6631aebcf3004804e51b40bcf1e,2017-05-24 15:42:34,24.9,12.69
ab5e70933adc821b7fa1ab45759ab54a,1,6c218bf529c9e530688aa90a12f76c92,ea6b12bf9ffe2bac34602ec631d97a47,2017-05-30 21:45:12,69.9,11.99
ab6c966d2edc2a1f9b49337511fdc87c,1,bbaef2eadf31fe3ea6702077398be06c,cc419e0650a3c5ba77189a1882b7556a,2017-06-08 03:55:17,56.99,8.72
ab6c966d2edc2a1f9b49337511fdc87c,2,bbaef2eadf31fe3ea6702077398be06c,cc419e0650a3c5ba77189a1882b7556a,2017-06-08 03:55:17,56.99,8.72
ab8e509b614e380982f71cb0247aa716,1,9ef2ca01151ef53318695e8a1e8053da,d05ae8f7a5bd1d2a690a44cd079e4e27,2017-06-01 02:42:45,110.0,15.52
ab8f1ef255154fa7b14908195c1a0a3e,1,85f0972baa5c063019825fbf04f0d6a9,dbc22125167c298ef99da25668e1011f,2017-06-05 08:10:13,49.9,17.92
ab9a3c29c4b67aaca311cad95058153a,1,f71973c922ccaab05514a36a8bc741b8,5dceca129747e92ff8ef7a997dc4f8ca,2017-05-17 14:10:18,109.9,21.42
abb1ee74da62603cb36ead18afb58322,1,8d024e70a7e9e92b8851684d047a7021,c3cfdc648177fdbbbb35635a37472c53,2017-05-24 09:50:10,155.0,30.62
abb750c460089b92cb46419e7d7964a7,1,5d790355cbeded0cd60e25cbc4c527a2,229c3efbfb0ea2058de4ccdfbc3d784a,2017-05-19 16:35:17,97.0,16.12
abb99f53cc364375e6d5ecb669558595,1,3215010238fcd9cab6ba7d2b81a6973d,aae3bfea055532c57fb453ed3ec80b30,2017-05-17 22:55:07,28.99,7.78
abc5db459823982b227dde437fa0ef34,1,247fa5b4e2f524a22b21ef256ffc23e4,3bdff180c7e1f6551a643b99c265a120,2017-05-25 22:15:20,29.9,9.34
abc7bf320a2a81a63b1567171b3f4482,1,b8762d562d810c2f8d7ad7e9c12957be,dbb9b48c841a0e39e21f98e1a6b2ec3e,2017-05-19 17:30:22,24.9,7.78
abc8ac6610c6497964008b940aa99342,1,e4d1cdc6559e08672c98c73a21305521,d354c38a7182125a748cb10474fe963b,2017-06-02 10:30:24,15.5,15.1
abc8ac6610c6497964008b940aa99342,2,17ebb5f3d26d2db3afcd24d2d68072a0,d354c38a7182125a748cb10474fe963b,2017-06-02 10:30:24,15.5,15.1
ac0bd3bcb4062dc7bfd025109df9e6e4,1,7dffa5a576c3022da3db58e3b829f886,86ccac0b835037332a596a33b6949ee1,2017-05-15 15:10:12,26.69,42.38
ac1bc75d5621c5b8a9ce8d494de07cdf,1,bbaef2eadf31fe3ea6702077398be06c,cc419e0650a3c5ba77189a1882b7556a,2017-06-01 03:02:34,56.99,11.9
ac1f8bc6b3c078bfffea1d665ab682c8,1,0ac4b9dc5e23908abf09e13da3ea1bbb,6560211a19b47992c3666cc44a7e94c0,2017-05-10 02:55:44,49.0,14.11
ac3fcd67437432bd0f3a05aade719e7b,1,08574b074924071f4e201e151b152b4e,001cca7ae9ae17fb1caed9dfb1094831,2017-05-09 15:30:08,135.0,31.69
ac61010b8d348d62726ebfe687b026f6,1,5d42919d908b17ec1848699d89e2bace,855668e0971d4dfd7bef1b6a4133b41b,2017-06-09 15:42:26,240.0,8.94
ac6883abec7c5543bb89d05903f1cf5d,1,c2af5a088a7027f1efe72f4507fd2fbc,ef506c96320abeedfb894c34db06f478,2017-05-25 02:35:17,49.0,7.78
ac727692880897a9669ed0921296db75,1,6cdd53843498f92890544667809f1595,ccc4bbb5f32a6ab2b7066a4130f114e3,2017-05-24 09:10:16,349.9,29.3
ac72d34ecba515d07fd0adc8747e1d94,1,d0a672bae47ae7c26b8e1e2ec152edcf,94e93ce877be27a515118dbfd2c2be41,2017-05-23 15:45:13,152.9,53.67
ac809d1a80a159ae8a440c726f579700,1,bf8df11db5850b8590e3cb397f18a916,1771297ac436903d1dd6b0e9279aa505,2017-05-31 10:35:22,28.18,16.11
acb5e6e3b0509b7c723191b53fb9c949,1,7f55769896fc6596e7251490b8b5e536,8a32e327fe2c1b3511609d81aaf9f042,2017-05-25 15:35:16,39.99,14.1
acc2a63ccf0116a0851f085f5f19b7a0,1,8d98dedc3c19de17f1a090195e85d6b6,fa40cc5b934574b62717c68f3d678b6d,2017-06-07 03:55:20,49.9,15.1
acc6bd8c0916bf4bc44f3a77910eab56,1,dd1759836cc99a88be1a42bf6673abe0,fe2032dab1a61af8794248c8196565c9,2017-05-30 04:03:02,169.0,8.44
ace2f5e557f007a558a5ac18666e2a48,1,9cb67ae6cec5627ef21cbadcdb357054,542917da124346b47ea1ac79a93ce454,2017-05-24 09:55:18,101.0,16.15
ad00d9efa7d8a86cf5722b4f79e9900c,1,c73628b1c3144b2e0c9c88072f21a213,3f995f07c49d0d55a99d5c54957f7d81,2017-06-01 20:10:17,99.0,14.44
ad2bc4bc90fede8f8810766afd32db7a,1,1612209b0b37fbe80e1e8e1b7d19ca1d,87142160b41353c4e5fca2360caf6f92,2017-05-10 15:50:24,99.0,24.89
ad3653ed7fa95d0e6ed3c9748c66e86e,1,35afc973633aaeb6b877ff57b2793310,4a3ca9315b744ce9f8e9374361493884,2017-06-05 23:25:16,89.9,12.13
ad3af4ef16116b6bfc7fefc544fc234b,1,43a24e051b37c8e88accdfdeecddb71b,3340ef1913fb70d28420f6ceb685c339,2017-05-24 13:05:53,199.9,20.64
ad3c2d0868f09cf3bfcf3c5277cb8c95,1,5d5288d3096b9becaa3566f64fe88110,c3cfdc648177fdbbbb35635a37472c53,2017-06-05 11:55:07,46.9,14.1
ad44597ced31488d80422a8f55428c6c,1,61f892cad282d3059bd33ae0eef5b02d,8a32e327fe2c1b3511609d81aaf9f042,2017-06-02 17:02:46,29.99,8.72
ad458fa56412b48d51846cda26a85b2b,1,920bf581fe574693cfaa6ed89a4037be,86ccac0b835037332a596a33b6949ee1,2017-05-30 17:05:25,104.69,38.28
ad48ecb306503a2b1707a029cc13a76c,1,090ab1523d3fe5832c09a55b7195e32b,ef506c96320abeedfb894c34db06f478,2017-05-16 02:42:46,22.99,25.63
ad6e2d7ca4c63441edb8d4ca6d5c2b21,1,35ebf08a93899d44e756809e11b14754,128639473a139ac0f3e5f5ade55873a5,2017-05-25 20:45:12,12.9,15.1
ad7d812f43f6308a7105fecab91fe3c1,1,fe59a1e006df3ac42bf0ceb876d70969,25c5c91f63607446a97b143d2d535d31,2017-05-19 02:51:00,809.1,52.16
ad9e44af42db38670b57f8df1451b739,1,31a2f42a87890f87d77daebdfabc182e,4c03b9dd4c11ee2cb35c96c49efc9420,2017-05-12 15:15:12,129.9,12.3
ada48b7ce9fee2a62cd265bd45a9c97b,1,1b8ee158f59c098470fad33f39660964,1554a68530182680ad5c8b042c3ab563,2017-06-01 23:35:16,139.9,30.02
adb1bc335d8e615c7fb377e515a19d8e,1,d455f7ee2636294c52a691b98c06247f,e21a1e8be4715b0fcfd5385643bc49c4,2017-05-25 10:35:23,49.9,25.63
adb8748f912cfee84bd47f072681ba5e,1,85f1c33512bb37126e995ddf7de34cb9,744dac408745240a2c2528fb1b6028f3,2017-05-11 17:05:14,178.0,16.95
adc288e02bde1d4f1f86ebcee288aa59,1,af51d485dc5255ba2e18b21b550156e6,5dceca129747e92ff8ef7a997dc4f8ca,2017-05-29 12:33:39,259.9,48.53
addc0cc4cec3eb1c8a99e7dcaf7b7528,1,53759a2ecddad2bb87a079a1f1519f73,1f50f920176fa81dab994f9023523100,2017-05-26 00:25:23,59.9,13.44
addc0cc4cec3eb1c8a99e7dcaf7b7528,2,53759a2ecddad2bb87a079a1f1519f73,1f50f920176fa81dab994f9023523100,2017-05-26 00:25:23,59.9,13.44
adde6f841dc05dfe3899ed053001e5bc,1,3f01901509b345951cfe27f5cea17e40,7a67c85e85bb2ce8582c35f2203ad736,2017-05-18 17:15:20,99.99,17.95
adf7aaadebc68680921043015e141781,1,94ea362da29f43390e967e874c6fa842,7bcd7c5f8631701474db233ccf1c094b,2017-05-23 09:15:17,140.0,43.39
ae08a6e1781c8a44dfa832b70594a0d4,1,1a6c4373641dbeaf6f12af2427da7719,f8db351d8c4c4c22c6835c19a46f01b0,2017-05-26 13:25:14,34.9,16.11
ae0ba7f86594601c3dc2744295f47778,1,9bcb9de1c0d270b98bd46b4ff7161808,7c67e1448b00f6e969d365cea6b010ab,2017-05-22 13:35:19,279.99,96.18
ae507059decacd2e46f7cc2966f3d14a,1,5fc3e6a4b52b0c414458104ed4037f1c,229c3efbfb0ea2058de4ccdfbc3d784a,2017-05-15 09:50:46,89.0,14.37
ae64355e3524b8b5b283edd205cddf6b,1,f9e5efb845b51d764b06f149eb99fc7f,b92e3c8f9738272ff7c59e111e108d7c,2017-05-19 14:25:11,59.9,17.67
ae83ac701e482df677985b4dfe2960dc,1,e6609e94d7b022fd6abf6142401618f9,e5a3438891c0bfdb9394643f95273d8e,2017-05-21 21:42:55,21.99,8.27
ae8d2355c75c103cecb78b4b58ed7a9b,1,35557c68a22ecebcf066e25ca2ddc144,f8db351d8c4c4c22c6835c19a46f01b0,2017-06-05 13:23:13,16.9,11.85
aebe4edc785354fcde0254c24c2d8e72,1,5a3320037d5922a7708647c81ecc1f15,b6d44737c043328708f6749c2dbe50bd,2017-05-05 13:10:21,75.0,35.83
aebe4edc785354fcde0254c24c2d8e72,2,567f4f60d4e44c92dd00ecd0920ce6b1,066a6914e1ebf3ea95a216c73a986b91,2017-05-05 13:10:21,10.99,0.83
aecf3e50acb5123797d7beb4d44ffbe5,1,b6911a73311462653bc381da86a3a3c6,f8db351d8c4c4c22c6835c19a46f01b0,2017-05-17 14:42:32,16.9,15.1
aecfda74ec8e7c93765ba62e09a995d2,1,2c9729f1ad01461013c463866b72509a,744dac408745240a2c2528fb1b6028f3,2017-06-02 19:15:12,168.0,16.62
aee8131e9015100163acf980dee10533,1,7edfb4c96d69a75d28b973bdc2dbcfaf,5a93f3ab0ef4c84ed5e1b5dbf23978bc,2017-05-26 02:45:20,12.99,15.1
aef44da6faceeca54a90d604ddca07b7,1,b188dcf56044f0301917cd129630fd14,1f9ab4708f3056ede07124aad39a2554,2017-05-17 14:45:12,219.99,19.43
aef772050dbf72333f86812f5b2b7921,1,ec57a06e82b65a87a440f8b31b987993,53e4c6e0f4312d4d2107a8c9cddf45cd,2017-05-29 03:45:16,69.0,16.73
aef9c99ee1272a501f52167fe0c5631a,1,ec538f9435c2c6da3874121d51c5c556,ebd2d60905fb58271facef5596b620d3,2017-05-10 15:30:17,199.0,22.02
af1c0dc1f2cdfc4a74069019fe837717,1,2f178dc91b792930e1ff40a77a123506,75d34ebb1bd0bd7dde40dd507b8169c3,2017-06-06 17:45:14,399.99,20.08
af26a72d60cab61a090fbb420d4c6954,1,c32788bc915b1ce4316822a1b7c4ec91,53e4c6e0f4312d4d2107a8c9cddf45cd,2017-05-22 17:35:17,47.99,11.73
af3b01e3241714b3e97093047a467db1,1,e2bb00220a167d9e60b6776ac33717bc,6560211a19b47992c3666cc44a7e94c0,2017-05-25 21:10:20,56.0,21.19
af4a3b84719be0c3055f092f687f7142,1,ce11f5eb434bd8e7c26fdfaf25a0b167,75fbb52eda0cbc24f479d3b2fbfa8d3e,2017-05-25 09:35:23,19.9,8.11
af5cffe944c6ccd279106fe319875807,1,9af9fb5e25c1c09f035e01b7936f6c6e,aafe36600ce604f205b86b5084d3d767,2017-06-01 02:42:42,69.9,15.25
af5d84156c440cd192a04d10f43614e5,1,8d7fb99738e3e3abeeb1aa30d3c7f69f,dbb9b48c841a0e39e21f98e1a6b2ec3e,2017-05-08 15:15:16,99.99,21.15
af6d8cf91e8dbe5ee8d65ecbcda49cc0,1,159dc4423e5092c3baa443379a458fa9,5c243662ce92d84573bfaff24c3e3700,2017-06-05 17:25:10,458.0,18.97
af7558c4c999c1d5de328e39a9ff53f3,1,f2da7d1f7a4ce383542342a00f94ff25,d91fb3b7d041e83b64a00a3edfb37e4f,2017-05-23 21:15:17,72.0,18.07
af8a65413a5278f53502a4c24ec7e343,1,737c8b027476dde99e8075d3a0bbe28a,2138ccb85b11a4ec1e37afbd1c8eda1f,2017-05-12 13:05:39,34.99,10.96
af8e7d8a37a728552281a38e79f5e82a,1,422879e10f46682990de24d770e7f83d,1f50f920176fa81dab994f9023523100,2017-05-11 23:32:26,59.9,14.77
af8e7d8a37a728552281a38e79f5e82a,2,389d119b48cf3043d311335e499d9c6b,1f50f920176fa81dab994f9023523100,2017-05-11 23:32:26,59.9,29.54
af8e7d8a37a728552281a38e79f5e82a,3,389d119b48cf3043d311335e499d9c6b,1f50f920176fa81dab994f9023523100,2017-05-11 23:32:26,59.9,29.54
af95d7a4f9643401325ec89b4f7f8afe,1,d017a2151d543a9885604dc62a3d9dcc,6560211a19b47992c3666cc44a7e94c0,2017-06-08 04:30:21,49.0,7.78
afb49153594bd2f7d55889b1c234a59a,1,11bbef4e2a44601d9dd471aa1fb433e6,5c243662ce92d84573bfaff24c3e3700,2017-05-31 17:05:14,329.99,10.5
afcc3e09a357bc8f3c1caba3702d1e33,1,45df8892a1d74d2e8f960dc06625fdab,99eaacc9e6046db1c82b163c5f84869f,2017-05-22 21:22:12,290.0,13.53
afdb52c08c5d497fe471069341921788,1,ccf8c7b526eed63003b48fc7825296fe,f8d5c7085db9a4ad2b8c1ffbeb2798c8,2017-06-01 02:35:30,31.0,16.79
afde4304cb6e11145784b6ea2126bb33,1,44afebe5ba695261a126f43a4b29d814,520b493b57809f446cb0a233bb3e25c7,2017-06-01 07:50:15,92.5,13.67
afdf5d11a1c37549e30f85db6b752347,1,734b90405c30810d3c6d8029d503f4eb,1da3aeb70d7989d1e6d9b0e887f97c23,2017-05-24 21:05:14,12.99,11.85
aff8085aa67afd7180c91552d939a4dd,1,98d61056e0568ba048e5d78038790e77,8581055ce74af1daba164fdbd55a40de,2017-06-05 04:30:30,169.0,24.74
aff8085aa67afd7180c91552d939a4dd,2,29e4631be78811ab993ae12613053b53,8581055ce74af1daba164fdbd55a40de,2017-06-05 04:30:30,138.0,18.48
b00139d06ab8c3d765c3f2af0e181f9a,1,912ab68074130a81d1d94f48b67150a2,d101c6da914ae3d53f7bee42283f2fe2,2017-05-19 14:05:16,63.9,16.7
b02cdf25c3ec98d2a8c9c0906981e3af,1,22f49044bc3eaead7cadfb045391582f,4a3ca9315b744ce9f8e9374361493884,2017-05-18 03:55:13,89.9,15.38
b02e2c6aae2e972475db33cb658c1674,1,63f52009dc3ddb733394e80183aed0f0,8a32e327fe2c1b3511609d81aaf9f042,2017-05-25 03:55:11,43.99,16.11
b040969443a5b34aa13dd9fb64961d02,1,0c94b3b3e297c165f359c7cd62acc3da,659e8466eb3ff1b0e8740d74fb7bbedd,2017-05-24 04:25:10,290.0,27.31
b077097dbd461edeee6d08a444ef1466,1,ab52c2c44ec8bebc9559a03ec12c8eec,3d871de0142ce09b7081e2b9d1733cb1,2017-05-12 19:25:19,69.9,16.25
b082c2268e673ebfc45544f15e42499d,1,c6dd917a0be2a704582055949915ab32,7a67c85e85bb2ce8582c35f2203ad736,2017-05-10 13:10:47,99.99,12.09
b084a8f61aa45461c76604d752a993f8,1,9b9005cfa3747d9fa0d544fc9f994c14,a5bff0f43eb51f0cad7c37fac7244c8a,2017-05-18 02:50:16,89.0,15.37
b08f48a15acd7ea5c565ec963d3d1b73,1,656e0eca68dcecf6a31b8ececfabe3e8,e9bc59e7b60fc3063eb2290deda4cced,2017-05-24 18:05:14,93.9,15.41
b0934c7d9368624b044fc218c11776e9,1,389d119b48cf3043d311335e499d9c6b,1f50f920176fa81dab994f9023523100,2017-05-16 22:55:16,59.9,19.66
b0a8cc8421eab80e4bc4bc3a92cdefad,1,dbc7aaf61b2639b1f282509ff1349bec,d91fb3b7d041e83b64a00a3edfb37e4f,2017-05-10 16:35:30,164.0,16.85
b0aa40cb4d3896dc362952db107dd27a,1,283dc451ad3918badb976d56ff887289,da8622b14eb17ae2831f4ac5b9dab84a,2017-05-23 13:05:43,79.9,13.58
b0d7c6fe6331dbed458f4be7e65240aa,1,c6dd917a0be2a704582055949915ab32,7a67c85e85bb2ce8582c35f2203ad736,2017-05-11 20:22:27,99.99,12.09
b0e2da4433a10c624a9f71b187e93915,1,acdd9eaa79720ca045ce3768250b8e47,a416b6a846a11724393025641d4edd5e,2017-05-11 02:10:12,99.9,9.51
b0e779f901eb8bbbc2e223a783dc46a1,1,e7e0728e9e488b0a67ef4d95e98ee4c8,13d058e4eeac2ce8217660b2f8a05812,2017-05-25 18:25:10,209.99,27.91
b0e9f35ef740c711cb29c8d779388062,1,87dc701592a3d9c9b7b02e6b004f7764,916748bc99315c2d202898ae58b1617e,2017-06-07 04:10:30,9.0,11.85
b0f282feab66596e7100f9baded8b54f,1,63de2743d05ab59d85caa49e49459ac1,cbd996ad3c1b7dc71fd0e5f5df9087e2,2017-05-12 02:15:59,15.75,10.96
b0f282feab66596e7100f9baded8b54f,2,63de2743d05ab59d85caa49e49459ac1,cbd996ad3c1b7dc71fd0e5f5df9087e2,2017-05-12 02:15:59,15.75,10.96
b0f282feab66596e7100f9baded8b54f,3,63de2743d05ab59d85caa49e49459ac1,cbd996ad3c1b7dc71fd0e5f5df9087e2,2017-05-12 02:15:59,15.75,10.96
b0fcac33c0908170958a5ac0d2f5c60f,1,154e7e31ebfa092203795c972e5804a6,cc419e0650a3c5ba77189a1882b7556a,2017-05-24 22:55:06,19.99,34.15
b1148e3ccf84678b917d3f48cb4223b6,1,60e47589d616c8d62f908800260e102c,a35124e2d763d7ca3fbe3b97d143200f,2017-05-14 21:05:16,67.0,11.95
b116018d4629bdd3363848a36c42861e,1,1fc06ef354abfb79af03e2ac29577b03,3d871de0142ce09b7081e2b9d1733cb1,2017-05-17 22:45:35,69.0,15.23
b11885588302a2ee5cae9e5895eed42d,1,99a4788cb24856965c36a24e339b6058,4a3ca9315b744ce9f8e9374361493884,2017-05-19 10:35:19,89.9,15.38
b11ef0887d152f735e9b39864eae2ad3,1,d189fbf8b5d79a670cebcaaad68d77b2,0d85bbda9889ce1f7e63778d24f346eb,2017-05-25 01:22:45,69.9,27.87
b12e5d725658a4566286153c51727af2,1,90d0b33a310abf581b6eb73e4f40d0df,0adac9fbd9a2b63cccaac4f8756c1ca8,2017-05-11 13:15:17,8.9,11.85
b144a6fef45d3b18724be5d033e8d500,1,9453bde60c4ee52155c963641736cfc5,5c243662ce92d84573bfaff24c3e3700,2017-05-29 15:25:12,467.0,18.3
b14a8291157869f3d51b2d24c96d2da7,1,f35927953ed82e19d06ad3aac2f06353,669ae81880e08f269a64487cfb287169,2017-05-30 03:10:27,115.0,15.56
b14dda87372a005b32b75ff027b8272b,1,4ac11ec201c04d40f1e0dbc1be4cfc76,3db66a856d18a9cba7c9241fc5221c50,2017-05-15 00:03:04,119.9,38.39
b1548030276cf66c9a378ca64b264873,1,eb2ef5be3d5deff674149b9465d44738,9646c3513289980f17226a2fc4720dbd,2017-05-23 03:15:39,19.9,8.27
b15c7e972c74684414fb2e659fce916a,1,e272c7b6c21c38e8ee510666a28460d4,2b3e4a2a3ea8e01938cabda2a3e5cc79,2017-05-17 04:10:25,1199.0,23.14
b15c7e972c74684414fb2e659fce916a,2,e272c7b6c21c38e8ee510666a28460d4,2b3e4a2a3ea8e01938cabda2a3e5cc79,2017-05-17 04:10:25,1199.0,23.14
b15c7e972c74684414fb2e659fce916a,3,e272c7b6c21c38e8ee510666a28460d4,2b3e4a2a3ea8e01938cabda2a3e5cc79,2017-05-17 04:10:25,1199.0,23.14
b164dca91a839328a3c8148df8b54628,1,73c32b5af96fecd16fed3efde88ea2c6,6edacfd9f9074789dad6d62ba7950b9c,2017-05-30 10:15:31,42.9,14.1
b16eb7a0c75d99f6818fc68dffa8f11d,1,8163c8c2e8dc7cc8c93d1b30a2e7428b,1b4c3a6f53068f0b6944d2d005c9fc89,2017-05-24 11:30:14,169.9,18.44
b172124e9aab2e37fbc87515ab36ea81,1,928206689f0543a9844ec994c66400fd,f00e21b1e91a79653163b7fd8f293ff1,2017-05-23 11:45:18,82.9,12.71
b194904b5bf02c6fc117d73c33cbb728,1,e0bfab1a66b1f0fb4b1cbf7273121a6a,c3867b4666c7d76867627c2f7fb22e21,2017-05-17 01:25:20,54.0,11.88
b1a5d5365d330d10485e0203d54ab9e8,1,a9516a079e37a9c9c36b9b78b10169e8,7c67e1448b00f6e969d365cea6b010ab,2017-05-22 22:22:56,124.99,15.62
b1a7ade4dba1f211a4eac64d3c619655,1,e5094db34f0aa5153f620cf2f1b22dad,3d871de0142ce09b7081e2b9d1733cb1,2017-05-31 18:25:20,48.9,26.89
b1c47af65ac03344fe07e4e74245c300,1,4ae634441e444ca4bc85903cafe98d73,92eb0f42c21942b6552362b9b114707d,2017-05-09 14:02:44,13.98,14.52
b1d5bcea9a62e23247030b3e1f814ef3,1,f71f42e2381752836563b70beb542f80,85d9eb9ddc5d00ca9336a2219c97bb13,2017-05-18 02:55:16,31.9,8.11
b1e15228dd108a356a074c3a6cf1696d,1,be837f2e0152a208d4386f4126d5bd7c,f8db351d8c4c4c22c6835c19a46f01b0,2017-05-30 06:42:30,32.9,11.85
b1f901eee62050346f7f33fff6e6055d,1,d5b703c271f43f9c588a6f512a00f77e,fa40cc5b934574b62717c68f3d678b6d,2017-05-29 19:25:24,34.9,7.78
b210147ed6159ab19baaff71f7e43491,1,ad2fd650ad6317838e719a158f84a709,7722b1df1b0e383e000397b2c11e3e19,2017-05-30 18:15:21,47.9,9.34
b21e6bcd5267e76e22e29c178d43aff5,1,5c5396ff3a1b3d492a2aa04730b25904,23ca5f678e0b3ea6c630b30fa8bf51ea,2017-05-10 23:25:12,27.0,8.72
b23014161ca1bc596a96e77112ee5360,1,9cbe4a1fd4db99c14512e9b2ff033ec4,d2374cbcbb3ca4ab1086534108cc3ab7,2017-06-20 22:02:16,27.9,15.1
b23878b3e8eb4d25a158f57d96331b18,1,e306ca54c91b21392317d5b4632c9fe3,e49c26c3edfa46d227d5121a6b6e4d37,2017-06-01 19:35:17,135.3,36.27
b25816accd207ba3b12d0f4f5ab66793,1,8d37ee446981d3790967d0268d6cfc81,1900267e848ceeba8fa32d80c1a5f5a8,2017-06-01 02:55:17,49.99,16.11
b26727a63ae58f7a0f901dd4f2653cd0,1,6ec26071510e1cf38d6988f473f8d7a5,cca3071e3e9bb7d12640c9fbe2301306,2017-05-17 14:30:16,69.9,25.77
b27a97d99c7b7966d9860555f748ec70,1,c7858457bc43561ccb96aaa2932cb085,f7496d659ca9fdaf323c0aae84176632,2017-06-12 16:42:56,279.9,54.34
b2965edf94b570cd52b1d61430a3beec,1,3e442d09f9dfef002aadf31960869f65,85d9eb9ddc5d00ca9336a2219c97bb13,2017-05-23 21:10:16,31.9,14.1
b29b045636b2047829feea3fa73a0f10,1,5b7266a9c1cfa2df264b8d703258fc38,cb5df0dcb9e280b1780e9d589889f2c7,2017-06-12 21:10:11,179.99,47.97
b29cb9e8d3d9563d11aba58b276705d1,1,417edf1693aef3f86b922c6a1a52daef,272f092de69afedd4d2969440b37f18f,2017-05-23 20:45:18,49.9,28.76
b29cb9e8d3d9563d11aba58b276705d1,2,a5b15c8b0abb9a1e7eb10546441925d0,272f092de69afedd4d2969440b37f18f,2017-05-23 20:45:18,12.0,1.44
b2a04f1e9c3932855c266b1c8ba7b7c5,1,691f932fd9a1c168cbb5c579432de4fa,77530e9772f57a62c906e1c21538ab82,2017-05-15 08:55:14,119.0,14.56
b2ae55d11609779855c398bc2bd74fd4,1,aee1ce7ad6628e95724fb80c24479c57,8f2ce03f928b567e3d56181ae20ae952,2017-06-01 16:25:09,89.9,23.5
b2b896edca19480850fe442818d0b666,1,e168af8b2f0d9319737c6a7a37904f9e,3586b8580d9c917874e053a1bb37b5ff,2017-05-30 02:26:01,29.9,15.1
b2b896edca19480850fe442818d0b666,2,e168af8b2f0d9319737c6a7a37904f9e,3586b8580d9c917874e053a1bb37b5ff,2017-05-30 02:26:01,29.9,15.1
b2c450c7534eb01ae390b7c5668ac39f,1,08574b074924071f4e201e151b152b4e,001cca7ae9ae17fb1caed9dfb1094831,2017-05-10 22:15:17,99.0,39.79
b2d12a4a4d83760c773b813c1c6b335c,1,4440eee33cc4fe9710fb8b024a128bcd,70a12e78e608ac31179aea7f8422044b,2017-05-21 23:42:52,22.0,25.63
b2d30dfaf7114de8ab3f737d062032fe,1,bdbcda578f0215903f8bcd77ca591e0c,db1f0f7c7e5e87f40b62226f020bb297,2017-05-30 02:50:18,5.95,34.15
b2e54b3ccbc9c423893aa9dbe19dcd73,1,ac6c3623068f30de03045865e4e10089,df560393f3a51e74553ab94004ba5c87,2017-05-17 10:02:53,199.9,19.99
b2e7423926537e79e712ccf08ce1a53f,1,7192b9106c527efa0a6201bfe26ad753,725c32fa80c2faacc4fc88450d27314e,2017-05-10 10:25:21,97.99,15.8
b2f828440883f9c47baa06729d2d9a15,1,8e436253e3c4eeacc3b2757482517200,f4aba7c0bca51484c30ab7bdc34bcdd1,2017-05-12 15:05:28,19.99,15.1
b326b28576ef485c456bb7d2775eeea8,1,61c9ce380f22395eecde18d76d118c47,70a12e78e608ac31179aea7f8422044b,2017-05-18 12:22:21,105.0,17.17
b3271f5ebce80cbecb67c5b88487a44a,1,63de2743d05ab59d85caa49e49459ac1,cbd996ad3c1b7dc71fd0e5f5df9087e2,2017-05-14 22:02:07,15.75,11.85
b330ac45859df51adcd01c1c5257b231,1,32cb082100ed973a2e3a6950214f8629,d1b65fc7debc3361ea86b5f14c68d2e2,2017-05-24 09:50:18,889.9,123.95
b34f46c28be69a2d65c7f3f3c01c3673,1,4b72033d6547d584a65c309c78552e24,cf2384dd2f1dddea3f838efed0945e65,2017-05-25 09:25:17,129.9,27.23
b3550a81cd63b5a2e84279ba8f236b88,1,1ff1090afbb3b1a09f61f5e49f0a6cce,7e93a43ef30c4f03f38b393420bc753a,2017-05-31 17:55:18,259.99,15.57
b365901bc2db4d091bb644506af64afe,1,c85df3adf4b059fd3292eb6530c9a598,fe1bbc5feda5c8979a8a1b3b2512d5a6,2017-05-09 11:33:28,79.99,14.73
b3840eac3cf88799d05e845cf9b8587b,1,5e864d9858dc9a7b55f937ed8998ffe8,48436dade18ac8b2bce089ec2a041202,2017-05-30 15:55:10,269.9,37.21
b3879e737eafcf76e10b3118e9b11f28,1,357a9e8a4b691ffbb0f855b23d490c4e,432c37c9dfba871172ec162e20118b8c,2017-05-12 15:22:19,33.0,16.79
b3c20d53be137128e8ae69ee76a60326,1,bce474cc95b6e77657e10939b0b4248c,fa1c13f2614d7b5c4749cbc52fecda94,2017-05-14 23:02:41,249.9,9.0
b3ce73d980953e0dfe24d815dc1210e9,1,530989bc6eff4420c49a84214ab1eb51,eebb3372362aa9a46975164bed19a7e7,2017-05-29 22:22:40,73.99,21.32
b3d0c1411a53b6f3461327a96bc115f2,1,056193fc88b3f131fae751356896b168,7a241947449cc45dbfda4f9d0798d9d0,2017-05-25 17:25:16,129.99,35.43
b3e7c48746eba08d51acd48ea21e6c07,1,c234a60a994181f45605566bef8fe3b4,d101c6da914ae3d53f7bee42283f2fe2,2017-05-29 15:30:32,109.9,20.26
b3fa7f92cf505c2b50d5e78e7835fb94,1,31dbb0d1815bdc83c93f4b3472fa7c4d,6da1992f915d77be95d7fa48b36904af,2017-05-29 09:25:20,29.0,11.85
b40e6b17c67577727373280e84a1219b,1,ee7cb55a3fb6c3f091ecbfcdc46359c6,6560211a19b47992c3666cc44a7e94c0,2017-05-26 08:02:47,49.0,15.1
b43365cc9528dca6ea3c02fe60822569,1,06edb72f1e0c64b14c5b79353f7abea3,391fc6631aebcf3004804e51b40bcf1e,2017-06-01 23:25:10,45.95,15.1
b436b8e97cf3055b5cddcb972266ac06,1,4ae634441e444ca4bc85903cafe98d73,92eb0f42c21942b6552362b9b114707d,2017-06-07 03:55:27,11.99,7.78
b43e5b62115893759c15e7e9c96cb25b,1,b75bc6d95abd11862892008658b17f49,53e4c6e0f4312d4d2107a8c9cddf45cd,2017-06-01 21:50:27,148.7,21.7
b45e88e636c88f0aa9ba543bf538fa1d,1,7c1bd920dbdf22470b68bde975dd3ccf,cc419e0650a3c5ba77189a1882b7556a,2017-05-25 03:30:18,64.99,15.2
b4678434718dc9db31e1aa674f117169,1,1122726437ec94b92705d85be11b4019,0509040ea3fe50071181bbc359eb7738,2017-05-09 14:35:29,34.5,14.11
b48a3d26eeef8f09cc2bde23ab930234,1,372645c7439f9661fbbacfd129aa92ec,da8622b14eb17ae2831f4ac5b9dab84a,2017-06-09 16:15:14,99.9,13.72
b4a2d8c2d3ee496cb458b05f6d52b538,1,466d263ce8b7bd275003ee2104428127,ef506c96320abeedfb894c34db06f478,2017-05-09 14:30:36,25.99,16.05
b4c035ccb21c24eac46fc9298084e1f7,1,fe02ad514379012c6a31b62741a3a9d4,7e93a43ef30c4f03f38b393420bc753a,2017-05-29 03:42:32,795.0,21.33
b4c254669bc6861dd75db0886ad8bf97,1,47d6209a0b169cc800b0a45a9127d2f2,86ccac0b835037332a596a33b6949ee1,2017-05-15 18:35:16,28.7,15.1
b4d84c94b807c15d5499ce40b6122efd,1,93e71b4d65b8153468c4f210b90342a1,96493fab2fbb13a14d0c0e8772eef5c3,2017-05-17 13:05:35,349.0,11.26
b4f32b99da22c8263a0cf99ddd7cb55f,1,99a4788cb24856965c36a24e339b6058,4a3ca9315b744ce9f8e9374361493884,2017-05-26 13:22:27,89.9,15.38
b519435b8a999cbefb70936aed23af56,1,061c050147b7b9fb6f088593900e8dc6,d98eec89afa3380e14463da2aabaea72,2017-05-31 23:30:14,19.99,12.48
b52297c2962cf13981238d8a35c0f62c,1,22594ba8fd9a72ad95d352929c821560,7c67e1448b00f6e969d365cea6b010ab,2017-06-12 19:35:22,112.99,32.31
b5247833e91b546f44ba90190eaee96f,1,99a4788cb24856965c36a24e339b6058,4a3ca9315b744ce9f8e9374361493884,2017-05-30 16:50:26,89.9,15.38
b52f66917d5dcb9b040622761f939b97,1,656e0eca68dcecf6a31b8ececfabe3e8,e9bc59e7b60fc3063eb2290deda4cced,2017-06-02 20:50:13,97.9,15.44
b53789a8a5e82c833c06eb2c139993a3,1,e56b42f71554ce1f5b7dbd07ec8dca6d,1900267e848ceeba8fa32d80c1a5f5a8,2017-06-06 06:45:12,34.99,11.85
b53789a8a5e82c833c06eb2c139993a3,2,e56b42f71554ce1f5b7dbd07ec8dca6d,1900267e848ceeba8fa32d80c1a5f5a8,2017-06-06 06:45:12,34.99,11.85
b545fbbd1cf26fdd3bbd1dbef6711f5d,1,aa5a88580b8e6e569915aa42f1526dfc,8931a84a914b3fe9b1ddaa4d704947ca,2017-05-29 12:34:00,69.9,14.24
b546aea900486b1d86f57d4da877a984,1,0eda6e310c91549299a2f97d0354f7fb,57e632711dec9ec14ca7546769483e7e,2017-05-15 02:02:32,104.0,25.22
b552e7e48327a9776efb1977f8a49a18,1,35afc973633aaeb6b877ff57b2793310,4a3ca9315b744ce9f8e9374361493884,2017-05-24 09:42:24,89.9,12.13
b5538e02ecb336b5d0a0c11606f34a3d,1,6bd4d02c882f26ee1a4a2d037935382b,a478c7961d6a992065b24e63b366f90b,2017-06-05 04:55:16,27.9,25.63
b56dabf51bf716407925461f90b99f15,1,b6af69cb42f5e5e78bcf59f9be1b61a7,36a968b544695394e4e9d7572688598f,2017-06-01 06:35:26,399.0,20.04
b58a6cafa236091ed83bec2b0ff64ec7,1,d95cb21837d0498ccfa0943b03808f79,b4a476fbd28de64b1e347abf9089366a,2017-05-15 09:35:49,52.5,9.34
b5a801d2465c927e096449f176459916,1,cb6d69daafeddab34122e1de88e1274c,8e6cc767478edae941d9bd9eb778d77a,2017-05-09 18:25:23,15.94,26.82
b5abb8bf256812ff9e3632e72e6e9bc1,1,272e51f7fc982529466144f8b68ec58e,6039e27294dc75811c0d8a39069f52c0,2017-05-10 03:03:04,179.9,24.25
b5caac3d864a0915203a1789e69329b3,1,1b0e39ec889889ea1d492603d8512bfb,e26901d5ab434ce92fd9b5c256820a4e,2017-06-01 03:15:12,32.9,14.1
b601ce5415b4d58823d60e0e8e32ea12,1,ee8b16196604ed47b34b094351ce68e2,1d8dbc4f32378d715c717c1c1fc57bae,2017-05-15 09:15:11,109.9,18.94
b60b53ad0bb7dacacf2989fe27ad567a,1,2b80e83f77008f81ae402882631eba97,aba1721a889e04decc910aa13b768ef4,2017-05-16 14:15:14,292.0,9.3
b611ee40234d33164f41836bfb9d4d79,1,18dacb31f154c3607af782584f59b3c9,fa1c13f2614d7b5c4749cbc52fecda94,2017-06-01 02:30:20,139.9,12.48
b624f24da75ff7f8e6e8d7b10f398426,1,4baf15e171b06455c5cd23453db0cab3,45d33f715e24d15a6ccf5c17b3a23e3c,2017-05-22 16:42:54,59.67,15.17
b6420ae713eeeea2dfa52750bab876b2,1,c6dd917a0be2a704582055949915ab32,7a67c85e85bb2ce8582c35f2203ad736,2017-05-29 03:35:18,99.99,16.46
b64220d7a72e74c6736faa083586c7dd,1,62509b4a04d6e50559ab943122e6a724,cac4c8e7b1ca6252d8f20b2fc1a2e4af,2017-06-07 23:25:14,59.99,20.91
b64b1539563ff515922bd124fd838863,1,16ba44d9231d19fc57e0a4188d0ce1cf,cca3071e3e9bb7d12640c9fbe2301306,2017-05-11 12:33:39,22.9,24.84
b669dbb8187ebd3a27a9d710d9e53194,1,78d7edf3fda961dc8ac6999761ba5b05,fa1a9dec3a9940c072684a46728bf1fc,2017-05-24 01:25:18,135.9,18.52
b6904f25e61fa334007f6d0350ac62d4,1,4d272fe20c57c64dc74b3db191fc31ef,d2374cbcbb3ca4ab1086534108cc3ab7,2017-05-23 11:30:15,24.9,10.96
b693d6c35867fa1937455e04f2547df2,1,d3a45de279a0bde9b598a181bd2a9815,0432ead42b6c8a0bdf68154add917fdf,2017-05-17 09:25:21,94.9,14.41
b69670c19a123626e5734413fa447343,1,7932fcce65e2aee84d6feb4a288f9cb9,1e483cc5c76fef08d3ca05f9a8af7d01,2017-05-15 09:45:11,5.9,7.78
b69670c19a123626e5734413fa447343,2,7932fcce65e2aee84d6feb4a288f9cb9,1e483cc5c76fef08d3ca05f9a8af7d01,2017-05-15 09:45:11,5.9,7.78
b69b9260e79a0da00e15f48de1bd2524,1,30e010e9df8943899f267097d49b5c1a,5c243662ce92d84573bfaff24c3e3700,2017-06-09 04:23:34,264.99,18.35
b6a2d13e218643aa2ad2fb10a8cf567a,1,f2169c25db6a579fde210bf8ce7ce9d7,d6b664fa0667064c6d76394e7848d790,2017-05-16 02:23:34,799.0,30.08
b6adeda1430443497b0126dd0877e7c1,1,521a361808bedd9fffb32181e501e09b,5b179e9e8cc7ab6fd113a46ca584da81,2017-06-01 11:25:13,149.9,9.86
b6b88bb7090445219baad4d67eda6ce6,1,0db04bfc9ca0d0dc2c530e7f2d023160,870d0118f7a9d85960f29ad89d5d989a,2017-05-09 14:22:41,29.9,31.38
b6b88bb7090445219baad4d67eda6ce6,2,0db04bfc9ca0d0dc2c530e7f2d023160,870d0118f7a9d85960f29ad89d5d989a,2017-05-09 14:22:41,29.9,31.38
b6cd84e6c9328ed77a9e0401e661eeb8,1,cec09725da5ed01471d9a505e7389d37,4d6d651bd7684af3fffabd5f08d12e5a,2017-05-17 14:50:18,69.9,15.24
b6cf32bbf714e2bc090814145da801db,1,cdd0b7472213e44df3b48e96f8deee74,86ccac0b835037332a596a33b6949ee1,2017-05-30 11:35:23,54.99,15.13
b6ec749459197dc03576375a5b65f5a4,1,22594ba8fd9a72ad95d352929c821560,7c67e1448b00f6e969d365cea6b010ab,2017-05-31 04:10:16,112.99,34.15
b6f50dae2488438e81d1828b3d45e161,1,c3eb7064c36408a9bfc77a42d6ab993c,17f51e7198701186712e53a39c564617,2017-05-22 06:35:18,990.0,157.5
b706405cf60251b5bc3c338db1418213,1,84d579e4a2b5057819fbc61e92d6d883,c6218512d16fcac0af02fe92691cf274,2017-05-11 10:30:28,52.0,22.91
b74fc8a1ce10dc00688327cdc6a992e8,1,f6bd73f359ad6b91076b19cc0b70b44a,557f22c76691849db52d2abccf0015d0,2017-05-22 19:15:12,74.99,18.09
b77ce1aa2e42c0482b3291e3e269bc10,1,d556492cb91418b6a9d9613592b4367f,2138ccb85b11a4ec1e37afbd1c8eda1f,2017-05-23 03:45:14,18.99,26.86
b77ce1aa2e42c0482b3291e3e269bc10,2,6c2fe5434c020b8dbca31fc36b64a2d1,db4350fd57ae30082dec7acbaacc17f9,2017-05-23 03:45:14,15.99,1.34
b7a4a9ecb1cd3ef6a3e36a48e200e3be,1,41171e11f920c47deb1809edda2bf09d,c42fd8e4d47dfb18ce5222f2dd7752f9,2017-05-30 11:35:41,26.0,15.1
b7a6a74494a5f76ac5f74bc9c1327e5d,1,ea44caac707f7f1325182a538007f838,855668e0971d4dfd7bef1b6a4133b41b,2017-06-06 03:15:17,50.0,13.37
b7b90cbf41450180620d92d36ab7e0c7,1,26f03967104b76d4ebd5e43a1b3c1e18,638cba8be1fb599bbb76fd6948351eb3,2017-06-01 03:42:30,21.5,15.1
b7b90cbf41450180620d92d36ab7e0c7,2,26f03967104b76d4ebd5e43a1b3c1e18,638cba8be1fb599bbb76fd6948351eb3,2017-06-01 03:42:30,21.5,15.1
b7b90cbf41450180620d92d36ab7e0c7,3,26f03967104b76d4ebd5e43a1b3c1e18,638cba8be1fb599bbb76fd6948351eb3,2017-06-01 03:42:30,21.5,15.1
b7d6b37701289908bb8ae3a30fca73bb,1,fef63ef09494166bda2812ff585be979,e9779976487b77c6d4ac45f75ec7afe9,2017-06-01 11:15:11,58.0,8.27
b7d7c101ddd012e7c338fa7d78602a95,1,fe5827d110a9ba59d4ab407e86ccd6eb,1127b7f2594683f2510f1c2c834a486b,2017-06-01 14:42:27,19.94,15.1
b7e27e42f8977f361d7a169003a0bd51,1,700ff1308acc55817d35727a03397c3c,86ccac0b835037332a596a33b6949ee1,2017-05-29 13:43:06,66.98,15.22
b7ff8f6ebc1ce56907f3f34b7b92fee9,1,ee8c064d6aa1ff4a130e616fab03e284,8f78f0903005064036736c7173a5c2ed,2017-05-22 07:30:17,199.9,32.15
b802f0437c5f5c60cda55e03b0a84902,1,5a6e53c3b4e8684b13388d6aa4afdf12,7299e27ed73d2ad986de7f7c77d919fa,2017-05-25 10:05:17,16.99,15.1
b82b1a7017f4c904921dd5c6c6da8804,1,e68e475e0e1fa8744c2aef0f9864d679,b2ba3715d723d245138f291a6fe42594,2017-06-12 22:55:17,214.9,17.75
b83386c51767724444bf697eb4c64b30,1,f71973c922ccaab05514a36a8bc741b8,5dceca129747e92ff8ef7a997dc4f8ca,2017-05-11 14:22:16,109.9,42.76
b83427fcf80fd88d941541011ac876f8,1,0e621085968d9a9585ed3c2c204825e2,94144541854e298c2d976cb893b81343,2017-05-19 16:43:20,459.9,16.97
b83a53aed7b1da149fe5272c3ea0a9da,1,f285eba83f21f018d6cf58aceb1a8285,a7f13822ceb966b076af67121f87b063,2017-05-15 19:42:20,94.96,32.96
b842a958b4bdb5de1b88ff1795c361b3,1,1a300f482e35d7eac74b229be067aefd,e9d99831abad74458942f21e16f33f92,2017-05-18 17:10:13,19.99,15.1
b842a958b4bdb5de1b88ff1795c361b3,2,1a300f482e35d7eac74b229be067aefd,e9d99831abad74458942f21e16f33f92,2017-05-18 17:10:13,19.99,15.1
b84b43e566c6ce70855b9eeae7ac52aa,1,9bebdd5c142f3d0052c0377cc80b9385,3d871de0142ce09b7081e2b9d1733cb1,2017-05-30 15:43:17,69.9,17.74
b84b43e566c6ce70855b9eeae7ac52aa,2,9ae64e1163bf254bad20d5155cffb99d,3d871de0142ce09b7081e2b9d1733cb1,2017-05-30 15:43:17,69.9,17.74
b84fe8a21d1d5e8f5dad9065cd163305,1,8814548104f71bb92ca911ffbe3fcfca,45213867cefbf2cd4c6177e10216a951,2017-05-30 09:30:12,210.82,29.88
b8512e5445d526141e361139d1cbbace,1,601a360bd2a916ecef0e88de72a6531a,7a67c85e85bb2ce8582c35f2203ad736,2017-05-31 02:35:15,129.99,18.16
b87629f535e915b6f1e1853f764750c5,1,a5f6ba3fe91a2e73f10b612131cb2404,4e922959ae960d389249c378d1c939f5,2017-05-23 13:50:13,39.0,8.27
b87f290b049eb668936a0f94149a1e2f,1,9bc7d25a36d620cf449cfdebe3de132f,01fdefa7697d26ad920e9e0346d4bd1b,2017-05-29 04:15:27,57.99,15.16
b8817cf40f8cf861cbe022a3b0c61893,1,9d358fd2a77935cffa32834b50cfb21e,7a67c85e85bb2ce8582c35f2203ad736,2017-05-15 18:45:16,62.99,18.68
b8817cf40f8cf861cbe022a3b0c61893,2,7c21d2794fad14d186b2bcd9b07a8298,7a67c85e85bb2ce8582c35f2203ad736,2017-05-15 18:45:16,62.99,18.68
b890948d89b295933a81032d4d4b9c74,1,70d01ae15a5d5ee38388b90c0470d9b0,a3a38f4affed601eb87a97788c949667,2017-05-30 03:03:04,89.99,18.2
b896461e3ed46fe0c2f27a21c5a895aa,1,32ee3f4e2493045726807808d7abbab6,c53bcd3be457a342a97e39e5a9f0be22,2017-06-06 12:32:46,89.9,38.18
b8adb375ae50156f70a940103fc0f4f9,1,7d50930301709838d8e90dcac5cfaa84,9616352088dcf83a7c06637f4ebf1c80,2017-05-23 18:45:22,59.9,34.22
b8bcd5c4f80a3e88b4d4581527e1d2cb,1,bbc9e653c2f5794542ac3867ab5ab757,0c8380b62e38e8a1e6adbeba7eb9688c,2017-05-11 16:22:03,36.5,26.89
b8bcd5c4f80a3e88b4d4581527e1d2cb,2,bbc9e653c2f5794542ac3867ab5ab757,0c8380b62e38e8a1e6adbeba7eb9688c,2017-05-11 16:22:03,36.5,26.89
b8c3b775f90a4df059eb8bd419bdcf54,1,10853770629fe365086f9522cb540549,4e7c18b98d84e05cbae3ff0ff03846c2,2017-05-17 21:22:53,229.0,47.6
b8c3b775f90a4df059eb8bd419bdcf54,2,24dd446745b812ef3347d7ae00f5541f,4e7c18b98d84e05cbae3ff0ff03846c2,2017-05-17 21:22:53,93.0,9.9
b8cf888c89bf19c6b6483fa79b0b13bd,1,53759a2ecddad2bb87a079a1f1519f73,1f50f920176fa81dab994f9023523100,2017-05-15 14:10:11,59.9,17.67
b8cf888c89bf19c6b6483fa79b0b13bd,2,53759a2ecddad2bb87a079a1f1519f73,1f50f920176fa81dab994f9023523100,2017-05-15 14:10:11,59.9,17.67
b8cf888c89bf19c6b6483fa79b0b13bd,3,53759a2ecddad2bb87a079a1f1519f73,1f50f920176fa81dab994f9023523100,2017-05-15 14:10:11,59.9,17.67
b8f3f5cc5ad4103e17b5d0bd4266d69d,1,ff8f6ec909e03ac8d9f6d82a10031c0c,bf100ecb7997df312b285358fb32f92c,2017-05-11 17:42:09,99.9,16.95
b90e14223088b3ffba011828a64a73ca,1,9b968712a8768d8e23318f73476af1a3,7a67c85e85bb2ce8582c35f2203ad736,2017-05-11 11:30:17,9.99,13.37
b92ef17170294d7b2fc093e20bd305c9,1,0d009643171aee696f4733340bc2fdd0,fe2032dab1a61af8794248c8196565c9,2017-06-05 13:55:10,339.0,17.12
b95764ee8ef0302702f107df59c9c4a2,1,96d6c71675adc35bcf32f970cdffe2d6,2138ccb85b11a4ec1e37afbd1c8eda1f,2017-05-05 19:25:12,18.99,20.8
b95764ee8ef0302702f107df59c9c4a2,2,813329d52f377306fa1614ca9a962cd5,2138ccb85b11a4ec1e37afbd1c8eda1f,2017-05-05 19:25:12,29.99,20.8
b962a071f9bf689775fbdf041a11372e,1,9e3f014cac929951c0297e591fbb234d,4da0e408c99d2fdc2126dc9fce518060,2017-05-11 11:25:14,95.9,22.96
b96cb3fd98ba13f5a573fc64dfe1ee10,1,8a5bdb0edeb5e2664a2f147198a52b9b,eeb6de78f79159600292e314a77cbd18,2017-06-14 22:25:15,209.0,16.21
b9812205fdaef3474416bb7877583e8c,1,ce374bee07166a6ac0a9bb103c8046f0,6c177e38df6d3f34182b1f1d427231bf,2017-05-23 09:45:15,149.0,18.32
b9930364db10972dbd6d278d5d7cef98,1,f9eb3d4735a873ed48d15dea16183664,6338ea67c41078a46ad99cc009654956,2017-05-12 13:50:16,109.9,38.32
b99b9831e4b244971d7fee83d5a69ee0,1,fdd6cd13962a20732851bc7cefd37549,e21a1e8be4715b0fcfd5385643bc49c4,2017-06-01 16:25:18,49.9,15.1
b9be721c953bcf3a003fc4492a3155a1,1,8baa04d18d4b88b620189531e5222f1c,dc4a0fc896dc34b0d5bfec8438291c80,2017-06-05 12:10:24,59.9,12.22
b9be721c953bcf3a003fc4492a3155a1,2,025dd9fac2544d8e7e3451ec87bc6511,dc4a0fc896dc34b0d5bfec8438291c80,2017-06-05 12:10:24,118.58,19.54
b9df3ba1cd5cd93a66fa5f902ab0dbc5,1,0bb7cb61f1957f79dac582ab66ccdc1f,e26901d5ab434ce92fd9b5c256820a4e,2017-05-12 14:25:24,23.9,14.52
b9fa782d4918580e25b6e3b516a55710,1,99a4788cb24856965c36a24e339b6058,4a3ca9315b744ce9f8e9374361493884,2017-05-23 11:05:10,89.9,12.13
b9fc3fbace8f69b00c2f461cd3422459,1,5d790355cbeded0cd60e25cbc4c527a2,229c3efbfb0ea2058de4ccdfbc3d784a,2017-05-16 12:31:41,97.0,14.43
ba0c31bce46860bc1f8929c262bbc0eb,1,ad7c531c2001111873dcfed9d8317439,7a67c85e85bb2ce8582c35f2203ad736,2017-05-18 14:50:09,59.99,11.73
ba117be14faa7ae140a5f8139304e2b6,1,c708ba7c6269161f89ce0683cdd7c432,6560211a19b47992c3666cc44a7e94c0,2017-05-17 20:22:19,49.0,7.78
ba18b031056935e90cd1691ae9e6d065,1,98712b7f46e0fe4f4da2f7df1b9231a7,7299e27ed73d2ad986de7f7c77d919fa,2017-05-22 15:02:13,39.99,15.1
ba32150c10a6a25c26b1695af824c419,1,4074fd19b30333e6cef7f658d672beef,ebd2d60905fb58271facef5596b620d3,2017-05-30 12:03:53,49.99,12.69
ba41a24657e04c46f93a0c763f8a5646,1,6002665d65ee348dcd357c7bb2f080bd,f45122a9ab94eb4f3f8953578bc0c560,2017-05-18 14:05:21,59.99,13.44
ba4fc1372578f794d63fb9eccd7fae96,1,66a0a6e02b7f543e5b021ce361f267d4,7a67c85e85bb2ce8582c35f2203ad736,2017-05-12 09:30:13,119.99,16.6
ba5582297f33dec2e8dae2ac020c1d26,1,f9088946a1127f1713187e8d1e0921c2,ba6b68b55fe8704377a7d43c8e5c0185,2017-05-17 17:15:24,79.99,17.81
ba56a5684dac89a26445f7aca74c556f,1,9048cbd294fe0c1a3ec8c8248bc2cadd,6d66611d7c44cc30ce351abc49a68421,2017-05-18 19:22:23,69.9,11.73
ba5c52c56c0bc95c960451d9ce7205fe,1,dd1759836cc99a88be1a42bf6673abe0,fe2032dab1a61af8794248c8196565c9,2017-05-25 19:55:16,169.0,16.36
ba7da71e493836130bdb223e6e2fd4d4,1,dd3575a8c5e2139f680a9816a15c8f2a,4869f7a5dfa277a7dca6462dcf3b52b2,2017-05-29 17:55:12,230.0,14.63
ba96b94a64df9510bfa7ac064cfd1bae,1,76914818a87f9b6b320e136e17e6ae06,1554a68530182680ad5c8b042c3ab563,2017-06-07 03:55:33,329.9,56.58
bab7eb00c955b769472b2d3c20848026,1,45af706a261242e1f74e90aee7b49a5b,0c8380b62e38e8a1e6adbeba7eb9688c,2017-06-06 06:50:30,59.9,14.15
badb6c692d426c37793abe34977de17e,1,c7b3cf9de7be95b3e09e7a63315685eb,5dceca129747e92ff8ef7a997dc4f8ca,2017-05-29 03:55:21,79.9,16.0
badb6c692d426c37793abe34977de17e,2,f71973c922ccaab05514a36a8bc741b8,5dceca129747e92ff8ef7a997dc4f8ca,2017-05-29 03:55:21,89.9,18.39
badcf619a4531116e06f0f2f6f711215,1,a5a0e71a81ae65aa335e71c06261e260,c8417879a15366a17c30af34c798c332,2017-05-15 09:35:41,38.0,17.09
badcf619a4531116e06f0f2f6f711215,2,da7e1b2f8c91cbf61a22b55e8cd49bcd,98dac6635aee4995d501a3972e047414,2017-05-15 09:35:41,76.1,0.04
badd6d6cf755e89c81ba57457f8aacc9,1,e9c1abcc7126360336d8f56d49041a8c,679769a98cfcc6da877c8486ff1c13f3,2017-05-08 12:36:43,349.0,22.89
badff059f06914594e6477d1273478db,1,a1e9b0d76a76ff474f4a4374fcfb8c42,7008613ea464bad5cb9b83456e1e6a8f,2017-05-11 16:05:09,42.0,17.19
badff059f06914594e6477d1273478db,2,a1e9b0d76a76ff474f4a4374fcfb8c42,7008613ea464bad5cb9b83456e1e6a8f,2017-05-11 16:05:09,42.0,17.19
badff059f06914594e6477d1273478db,3,a1e9b0d76a76ff474f4a4374fcfb8c42,7008613ea464bad5cb9b83456e1e6a8f,2017-05-11 16:05:09,42.0,17.19
badff059f06914594e6477d1273478db,4,a1e9b0d76a76ff474f4a4374fcfb8c42,7008613ea464bad5cb9b83456e1e6a8f,2017-05-11 16:05:09,42.0,17.19
bae8217e6bc5d06c5c5172a3811ae2a9,1,91b08d34d0ba4db44da2dc382867ba49,b76dba6c951ab00dc4edf0a1aa88037e,2017-05-24 02:45:06,10.99,14.1
baeda3433d038ef8e761934c1d710b5e,1,f2317e7dd5b1b4dea36595ff6db6f14b,f4aba7c0bca51484c30ab7bdc34bcdd1,2017-05-19 10:23:03,39.9,14.1
bb07a1c8ba165fbdb4a5387b0489ceec,1,adbcfc3bef885f1c3f1e1335fe32e45f,0432ead42b6c8a0bdf68154add917fdf,2017-05-23 18:10:24,89.9,12.13
bb21a8a9e033eddfd4f1783bcdb5b264,1,8d98dedc3c19de17f1a090195e85d6b6,fa40cc5b934574b62717c68f3d678b6d,2017-05-23 23:45:14,49.9,7.78
bb3e2a4f3e37bb94bb72fbc8a2fc7981,1,ac5e164e2eda939ffa46593f90077f9a,827f8f69dfa529c561901c4f2e0f332f,2017-05-10 06:35:19,32.9,14.11
bb411f818d648fd911d5c0d473ebcf19,1,b84c4c7f1845f068f40e350865b803fa,01fdefa7697d26ad920e9e0346d4bd1b,2017-05-31 13:30:19,118.9,18.4
bb43688a01f21afcf24e7f05ce4e970b,1,209fa5709fd95c3fac1edddca1d6c505,004c9cd9d87a3c30c522c48c4fc07416,2017-05-17 14:22:22,82.99,17.83
bb5a519e352b45b714192a02ffe25681,1,2291d090b69f60fc0ffd95ae394daa77,c847e075301870dd144a116762eaff9a,2017-06-08 11:22:55,99.9,16.46
bb903af0ad020f23de12114a1c74a2aa,1,92503fc18ca14a8f32c182ce3f1b9f05,3586b8580d9c917874e053a1bb37b5ff,2017-05-23 19:35:08,29.9,11.85
bbb1b6d02445bc2786f24be1f048612f,1,d902ca64b614964dc31d6b0372e800ac,391fc6631aebcf3004804e51b40bcf1e,2017-06-05 02:05:08,52.3,12.71
bbdb54ce076f1e0d4e8eb55711b40d4e,1,ac5e164e2eda939ffa46593f90077f9a,827f8f69dfa529c561901c4f2e0f332f,2017-05-16 20:02:23,32.9,15.1
bbf2756e70a99d07183bcd6fb9ef80f4,1,e7c8819338fc9a87e81ea2d90898f612,eeb6de78f79159600292e314a77cbd18,2017-05-26 17:03:23,449.0,23.63
bbf7156ddec0d092f58491b3ffee3acb,1,ad148e862f7210012a3126ff066f56ec,5c243662ce92d84573bfaff24c3e3700,2017-05-22 18:45:20,109.9,21.26
bc14e28998f2436b7a9adbaad226703a,1,b2a276c8b8261ba2c2c46bcfa1f522ee,f8db351d8c4c4c22c6835c19a46f01b0,2017-05-31 03:05:23,85.9,16.36
bc1719cc645341cf9ae61983e31f26bd,1,acde6bd0b5f91190e2a123df389b0b47,36a968b544695394e4e9d7572688598f,2017-06-01 23:30:10,24.9,8.27
bc1a9933d400e03035913b81f0481158,1,1c687f9714b91f95caf2727cf84e5be3,827f8f69dfa529c561901c4f2e0f332f,2017-05-18 13:05:25,35.9,14.1
bc3b36d86572b02655327f69e10504d2,1,525947dbe3304ac32bf51602f9557c12,da8622b14eb17ae2831f4ac5b9dab84a,2017-06-06 17:55:14,99.9,17.95
bc4bfcffb1b6e4942fa9e911883e6c98,1,5a419dbf24a8c9718fe522b81c69f61a,e26901d5ab434ce92fd9b5c256820a4e,2017-05-25 10:55:14,49.9,11.85
bc70e827b5531f116d2254b6696fc290,1,1491a8ff192d4b5c369b0eaa2fe33ee5,37be5a7c751166fbc5f8ccba4119e043,2017-05-19 13:30:15,219.99,15.29
bc7de131c11fe08e0311312624e2d752,1,db5efde3ad0cc579b130d71c4b2db522,7e93a43ef30c4f03f38b393420bc753a,2017-05-09 16:05:12,249.0,13.13
bc8f3e9818eb33025b36bc379eebc6e8,1,29427de7f8a9ee983d9dbc51cec569b4,7a67c85e85bb2ce8582c35f2203ad736,2017-05-24 23:45:12,99.99,16.95
bced6994157f0832d51623583ac46719,1,fdd84aefb08c8f8225e0b8c97429d53b,94144541854e298c2d976cb893b81343,2017-05-09 12:31:27,51.9,14.53
bcf08b2325d8298e5cdc24a38d460836,1,dd61e943598eec72351633dd6a72d5dc,cc419e0650a3c5ba77189a1882b7556a,2017-06-07 22:30:09,79.99,14.31
bd5159bb719385afe3b487906110342c,1,99a4788cb24856965c36a24e339b6058,4a3ca9315b744ce9f8e9374361493884,2017-05-22 17:02:53,89.9,15.38
bd642c6155f02b3fb7eb4a527389fa64,1,c6dd917a0be2a704582055949915ab32,7a67c85e85bb2ce8582c35f2203ad736,2017-05-23 03:45:33,99.99,17.27
bd64d101b15234bb5f46c6b01ec42aa1,1,70c045e016db654c9c8fd04c4ce334c1,53e4c6e0f4312d4d2107a8c9cddf45cd,2017-05-12 11:22:32,39.2,26.89
bd9eab44494104736e6edeb1bbce8e35,1,9fe5201316c8185058e8a4056e53cc78,cd68562d3f44870c08922d380acae552,2017-05-31 13:05:21,65.0,9.27
bda2bdc90adfc917e17c05a6612ddc63,1,52e316d4cfc422b232b280bed1c53236,b1fecf4da1fa2689bccffa0121953643,2017-05-19 02:55:23,258.99,20.05
bdb7914e757d235eaea872b4c9031509,1,b3466bdd3b91a3c8ba3f2dbe7f9e0b4f,8444e55c1f13cd5c179851e5ca5ebd00,2017-05-31 06:42:43,239.0,17.43
bdbc09409e30b5ab9defc74def1e58d3,1,9b65ba680d68ae7e44234b79cb7ca584,86ccac0b835037332a596a33b6949ee1,2017-05-10 21:10:09,28.7,16.79
bdcdfb7b6f9c4287ac7b5d25f874047e,1,cd82271424be9568801391194697361c,062ce95fa2ad4dfaedfc79260130565f,2017-06-01 22:30:13,41.9,16.79
bdd235f0cec5fc3c21249b12446542c7,1,3b68c9e3c1775f3343e6643b793a5b02,fa1c13f2614d7b5c4749cbc52fecda94,2017-05-17 03:50:13,449.9,17.9
bde485bef13be8b3bd38071e027e954f,1,59acb82068f537c60568a06ca341397f,96493fab2fbb13a14d0c0e8772eef5c3,2017-05-17 11:42:35,349.0,28.98
bde4e7e3544abf70e995f2cb0f5fc992,1,76914818a87f9b6b320e136e17e6ae06,1554a68530182680ad5c8b042c3ab563,2017-05-08 15:02:40,329.9,51.61
be1d612da3d925938a4706d808b7ef53,1,af9286fea546444115e891fd9dcce117,4ebdc7e6cd6102a022dadc49156d4ea8,2017-05-25 18:35:11,36.9,8.72
be2cf19c621cf22ac9d84ebf5f29453f,1,a3ceb95649a48c0c54ae4bd1dd66d035,6c177e38df6d3f34182b1f1d427231bf,2017-05-29 14:02:45,130.0,17.35
be6e034d294e425c514e215bf0b7120a,1,0eb5e2c967974b4a88f060ae6610788e,834f8533b2ecb6598dd004ff3de7203a,2017-05-26 16:05:19,78.87,12.89
be82da060fda4b85c7fe6ea6512f67e8,1,68821aa251c8715f0c4199f413511411,50c9975695009e5e6473912e83a6d1da,2017-05-09 14:45:23,45.0,36.75
be82da060fda4b85c7fe6ea6512f67e8,2,68821aa251c8715f0c4199f413511411,50c9975695009e5e6473912e83a6d1da,2017-05-09 14:45:23,45.0,36.75
be879f757debd3b384b540daa6ddd97e,1,52e316d4cfc422b232b280bed1c53236,b1fecf4da1fa2689bccffa0121953643,2017-05-17 02:45:26,258.99,20.05
be97f88cbe71410f91432e2b3cacb89e,1,34d6306314a47fe15c1efdbc23302020,229c3efbfb0ea2058de4ccdfbc3d784a,2017-05-18 18:22:34,69.0,14.23
bea1d77e861b4f44276f02d599d25705,1,5a3320037d5922a7708647c81ecc1f15,b6d44737c043328708f6749c2dbe50bd,2017-05-26 14:30:11,75.0,21.02
beab056c7361472f52bc576a3678c08d,1,041022915a950ec95b761b690ddb6b24,8cbac7e12637ed9cffa18c7875207478,2017-06-01 21:05:14,129.8,18.16
bebd919bf27a323f7af0bf4a0133ca16,1,cd01322dc5017823eaa0744292c193cf,7e93a43ef30c4f03f38b393420bc753a,2017-06-01 21:10:18,179.99,18.54
becf90dbbea6e1a229814dab50912be4,1,5d790355cbeded0cd60e25cbc4c527a2,229c3efbfb0ea2058de4ccdfbc3d784a,2017-05-12 19:05:23,97.0,8.93
becf90dbbea6e1a229814dab50912be4,2,5fc3e6a4b52b0c414458104ed4037f1c,229c3efbfb0ea2058de4ccdfbc3d784a,2017-05-12 19:05:23,89.0,17.12
becf90dbbea6e1a229814dab50912be4,3,5fc3e6a4b52b0c414458104ed4037f1c,229c3efbfb0ea2058de4ccdfbc3d784a,2017-05-12 19:05:23,89.0,17.12
bee9e2345c4d8f186d2aa7d57e1589f3,1,a1b71017a84f92fd8da4aeefba108a24,87142160b41353c4e5fca2360caf6f92,2017-05-31 18:35:17,69.9,19.73
beea8116a9908f0390812fd77d9b1f2e,1,880be32f4db1d9f6e2bec38fb6ac23ab,fa40cc5b934574b62717c68f3d678b6d,2017-05-29 03:55:17,42.99,14.1
befae3252c7f7ffb6abdeb4d3f4eb668,1,9ac3f8f66132539cb797c44296f1fa27,3d871de0142ce09b7081e2b9d1733cb1,2017-05-22 16:55:19,159.0,14.13
bf19fcb92a3fa591bed19dc3c25297f0,1,5605e265607c01c1242a18219d7e396e,3771c85bac139d2344864ede5d9341e3,2017-06-02 16:03:01,59.9,15.17
bf2df7aa2130e882e1e4f43b2dfe1875,1,0296dd002a346e3bbdda4e0bc48a5073,eb3071b9f0b0ddaa2df5ea130f09f26b,2017-05-23 03:45:12,480.0,31.74
bf2df7aa2130e882e1e4f43b2dfe1875,2,0296dd002a346e3bbdda4e0bc48a5073,eb3071b9f0b0ddaa2df5ea130f09f26b,2017-05-23 03:45:12,480.0,31.74
bf2df7aa2130e882e1e4f43b2dfe1875,3,0296dd002a346e3bbdda4e0bc48a5073,eb3071b9f0b0ddaa2df5ea130f09f26b,2017-05-23 03:45:12,480.0,31.74
bf488c4d02bcdb68c278b42d9417f05d,1,19629b1460e380638d4b9263bd31547a,b4a476fbd28de64b1e347abf9089366a,2017-05-10 20:42:43,402.85,54.37
bf5026cff67c23ae27d65510d8ddf30e,1,8bed4c826276d0ffcb0f5eb40861f9ea,87142160b41353c4e5fca2360caf6f92,2017-05-26 18:30:26,89.9,13.65
bf737c2aafd98353171a777c526656df,1,7d8dbe133512b0db946176e1600e506f,0ea22c1cfbdc755f86b9b54b39c16043,2017-05-26 20:55:19,19.9,14.1
bf93a9c9cc2879163c62f43f8fb70cec,1,03ccf3bdaa33497fa04d1e2f746a4555,dd2bdf855a9172734fbc3744021ae9b9,2017-06-07 17:25:18,129.9,10.12
bfb074fa3d43b5b13e7a67203ebdedf5,1,50692766f5927d896a4b516389e92b4a,f80edd2c5aaa505cc4b0a3b219abf4b8,2017-05-18 10:25:08,129.9,43.32
bfb6c9ff90e48e59a7de1a1686fd181d,1,8175f5b59bb3ab62f5cb114699fcc682,7e93a43ef30c4f03f38b393420bc753a,2017-05-31 02:15:15,713.7,13.19
bfea49050a2776e89546f0925b44c4dd,1,7b453aa3584d61c1268d77ba6fd5956b,e26901d5ab434ce92fd9b5c256820a4e,2017-05-10 21:50:16,109.9,10.96
bff58e0e0d9a5f132abe7c2204b156c8,1,2eb9b2ef7c1da3c7b99702452ea4729f,0db783cfcd3b73998abc6e10e59a102f,2017-05-31 22:50:11,99.0,9.44
bffb2f663c0ea51622bccd351e2815d8,1,725cbfcaff95a4d43742fdf13cf43c75,e26901d5ab434ce92fd9b5c256820a4e,2017-05-25 13:22:28,39.9,8.72
c0111339b0262577145b10cc59a10060,1,8640f0c0e2d0af93274cad7452f80034,01fdefa7697d26ad920e9e0346d4bd1b,2017-05-30 13:23:08,64.9,18.02
c0169fe1cf1ff71a7391742a2b03d6a8,1,3522926ae4db640da107ff9102f9c68a,d20b021d3efdf267a402c402a48ea64b,2017-05-11 02:15:15,39.99,11.74
c01a11381559251411c136d6a8b1ee48,1,99a4788cb24856965c36a24e339b6058,4a3ca9315b744ce9f8e9374361493884,2017-05-15 17:35:10,89.9,15.38
c02737a2fbe69425f792820b6a2a0100,1,c94d19d021d4a8fbae5a45f904aeea90,701938c450705b8ae65fc923b70f35c7,2017-05-31 01:25:29,103.97,25.04
c042ea19a75b4c8fb9bc7479832297e6,1,dbb4ce89c8ed5fb6fd901e2e51093179,91f848e9f4be368f4318775aac733370,2017-05-26 06:43:17,89.99,16.88
c042ea19a75b4c8fb9bc7479832297e6,2,dbb4ce89c8ed5fb6fd901e2e51093179,91f848e9f4be368f4318775aac733370,2017-05-26 06:43:17,89.99,16.88
c05002c71f007c6a4056ca538113e991,1,0d5340e7cf010ca42cdf4305101ed005,1554a68530182680ad5c8b042c3ab563,2017-06-01 21:55:09,79.9,28.96
c052b5075e9fd0d83a3d2b183e6e0df1,1,757e03cbdab9161ad95210a779dd2b2a,60ad151920c4f6f3ebbe8cfdf6166779,2017-05-23 20:22:40,65.0,8.72
c05e7a155611cc12aedafb3d0440f105,1,14c60b3a54996d02ff5d0d56d2aab05c,fa1c13f2614d7b5c4749cbc52fecda94,2017-05-30 14:02:43,239.9,18.96
c067fd2a8d499e47d3399202a11d268d,1,88d4861333d5a570ffdfc395e90d929d,96493fab2fbb13a14d0c0e8772eef5c3,2017-05-16 20:50:18,339.0,18.13
c083067a0c4c5dc8446fb1a11b345cb4,1,c2a1ff8408a1c857c8730e4d12da714e,95e03ca3d4146e4011985981aeb959b9,2017-05-26 02:15:30,69.9,7.94
c087855fe6f303205c09558f7f8103c8,1,18f8fed8a737a4399a369ef33b21cb3b,0ea22c1cfbdc755f86b9b54b39c16043,2017-05-24 21:35:16,14.9,14.1
c097ba1708f952d3c081e4dc6b27148a,1,c03d44fcdfabbabd5185c8eb60f77aea,48436dade18ac8b2bce089ec2a041202,2017-05-23 22:05:18,44.9,16.11
c0dc40c9b75544f724446006672844a8,1,4253d0bdfe5de877ffc994926fa6041f,cca3071e3e9bb7d12640c9fbe2301306,2017-06-05 02:45:18,104.9,16.49
c0e9ca196d5699995f7b3987a8931ebf,1,114be868e131c0ec44f054b335118724,78c99c6dff4eeae5be99bf635ed21e3f,2017-05-12 13:10:19,30.0,15.1
c0ed1e5690afee470f14fca47046cffe,1,159dc4423e5092c3baa443379a458fa9,5c243662ce92d84573bfaff24c3e3700,2017-05-30 13:10:30,458.0,19.96
c0fb0c31cc56e7ddc07f5306fdff9e05,1,dd6a505f83dd3c6326aa9856519e0978,fa40cc5b934574b62717c68f3d678b6d,2017-05-11 06:35:25,49.9,20.8
c10c68068674aaf6ca04ad0387969333,1,49366a8fab2e191239a143647474e7fc,e9779976487b77c6d4ac45f75ec7afe9,2017-05-22 21:02:26,33.0,15.1
c11717d999ffc510a6441df946f0a94d,1,cd2c03056720c7de4d6a59c1167bdee0,0ea22c1cfbdc755f86b9b54b39c16043,2017-05-25 09:55:15,79.9,17.0
c12b8710085638bf3b7deee3f4d14db9,1,5a6e53c3b4e8684b13388d6aa4afdf12,7299e27ed73d2ad986de7f7c77d919fa,2017-05-24 02:30:49,16.99,15.1
c145341df96866c0282d832acbda1225,1,f71973c922ccaab05514a36a8bc741b8,5dceca129747e92ff8ef7a997dc4f8ca,2017-05-15 09:50:25,109.9,22.32
c15582dfe92312e48613b9cb37caf0c8,1,2b4609f8948be18874494203496bc318,cc419e0650a3c5ba77189a1882b7556a,2017-05-25 04:05:22,89.99,15.38
c155ef1f20c6a210e6ba29644b4d578c,1,8eaa9bab89d7c3af6b8d4c7156573e79,b7d5b4b87af9d42b601865d3f3810bff,2017-05-12 19:05:09,350.0,20.69
c1674af37cefb68196b330a473e46d7d,1,fe06d596708c590bf178cdb82aa7d48d,6d66611d7c44cc30ce351abc49a68421,2017-05-18 03:05:29,29.9,9.34
c1827c984118c0142ad335addea61924,1,b2572a992f6ea1d1a7eb518d54e64620,6edacfd9f9074789dad6d62ba7950b9c,2017-06-02 17:55:13,111.9,9.6
c1a3f085dae6065e1cdff2df7d95d990,1,9b79fa6654cc0c0440fa9a1f52d2f248,a435b009cd956ea60748b5cfbddf2e24,2017-05-22 13:30:20,156.2,12.59
c1c8d1d83b4a995b98278cf1d99d6cfc,1,e93009b6d983b9f87a984b7fc9e67240,7a67c85e85bb2ce8582c35f2203ad736,2017-05-18 15:55:18,23.99,17.92
c1daaeaf51b3f251a3c6c2b04abec127,1,66a0a6e02b7f543e5b021ce361f267d4,7a67c85e85bb2ce8582c35f2203ad736,2017-05-15 09:35:48,119.99,36.16
c1ec0ee0375e8c46ed793b079d1b31b4,1,80067e2f48621e2fbcc21fced631156e,f8db351d8c4c4c22c6835c19a46f01b0,2017-06-06 06:55:28,25.9,11.85
c1ec0ee0375e8c46ed793b079d1b31b4,2,80067e2f48621e2fbcc21fced631156e,f8db351d8c4c4c22c6835c19a46f01b0,2017-06-06 06:55:28,25.9,11.85
c1efd8321b84f3cfd0a4b41c0fd60026,1,e503a0c255ccb611962015bac936f938,5abb8ea023c77787f2c15da891c8d384,2017-05-18 15:45:14,389.0,69.24
c1f1899f5b553547785b16b311b96867,1,210a8305d79b2f5719cbafb2c026797f,f8db351d8c4c4c22c6835c19a46f01b0,2017-05-26 13:10:31,36.9,12.69
c1fea3ac1f26d7e51e4a78e564291a6a,1,42b3cf00e662d57725bd2425b106563f,820cc752a266cdc6c1a1e61dd4583330,2017-05-24 16:15:21,299.9,15.12
c208438a2896fe887fc1b4718a1849ca,1,54209aa243cdc7067e4a8e75bcef44f8,8f119a0aee85c0c8fc534629734e94fd,2017-05-11 14:30:15,54.9,17.81
c20880befd228c3983ddefda4f2549db,1,c166691d2e429a2e3ed641e29aaeb7f1,1da3aeb70d7989d1e6d9b0e887f97c23,2017-05-25 08:10:40,13.99,7.78
c20880befd228c3983ddefda4f2549db,2,289d248f6a9046a0f0be47cda2b45537,1da3aeb70d7989d1e6d9b0e887f97c23,2017-05-25 08:10:40,13.99,7.78
c20d393462543fa2a0fe511aca2245e7,1,754d489a7a6c5b5f63c6e1ea42f9125f,4e922959ae960d389249c378d1c939f5,2017-05-11 09:02:12,59.0,16.11
c22a588780963010739e299de0a9bf51,1,31639956e7fac87ecfd9d608040638bd,aac29b1b99776be73c3049939652091d,2017-05-24 13:10:57,64.9,16.21
c22b21487688078371d7c2a9ee2d04c3,1,99a4788cb24856965c36a24e339b6058,4a3ca9315b744ce9f8e9374361493884,2017-05-26 11:35:14,89.9,15.38
c239944e346dc1fde937d68eaaf858ac,1,61b5c300f3e56ac6bda4cb54de396f9b,9baf5cb77970f539089d09a38bcec5c3,2017-05-29 12:32:37,49.99,34.15
c2412bd3e8f3094b54d02284ae238108,1,40b2a43c74c26b963dd1bd05384663a0,e81e1f9c3e762e620f3fb60a51499e16,2017-06-25 21:30:22,252.0,35.56
c24a00c414738de9ee6121f179ebba9c,1,dbb4ce89c8ed5fb6fd901e2e51093179,91f848e9f4be368f4318775aac733370,2017-05-30 02:55:28,89.99,17.88
c252ac96b969b3f1f2c4b266a7a98c28,1,72a137b85d5a1d82cde242493f118f43,ce27a3cc3c8cc1ea79d11e561e9bebb6,2017-05-25 13:10:10,29.99,7.78
c252ac96b969b3f1f2c4b266a7a98c28,2,72a137b85d5a1d82cde242493f118f43,ce27a3cc3c8cc1ea79d11e561e9bebb6,2017-05-25 13:10:10,29.99,7.78
c25b60f499ad0bad3d9bd3fd3e82b089,1,4fcb3d9a5f4871e8362dfedbdb02b064,8581055ce74af1daba164fdbd55a40de,2017-05-19 17:02:56,143.8,23.33
c270a9f0fa1ce4470b8313c8adbe20e2,1,be837f2e0152a208d4386f4126d5bd7c,f8db351d8c4c4c22c6835c19a46f01b0,2017-05-15 09:35:47,32.9,10.96
c2783c53d2a4ed4dcbfe014ba257abf8,1,8307d6d6781b40a6b3b4c222da56f274,b5e3e38609125694d2ea2417522a60b7,2017-05-18 22:25:14,109.99,15.52
c28cd8ef1cfe5d9a1529bae6a9cd617e,1,be1d391bd8ff820e431cbb0229d2b92f,2528513dd95219a6013d4d05176e391a,2017-06-02 19:25:20,399.0,18.5
c2bb89b5c1dd978d507284be78a04cb2,1,87b92e06b320e803d334ac23966c80b1,7a241947449cc45dbfda4f9d0798d9d0,2020-04-09 22:35:08,99.99,61.44
c2bb89b5c1dd978d507284be78a04cb2,2,87b92e06b320e803d334ac23966c80b1,7a241947449cc45dbfda4f9d0798d9d0,2020-04-09 22:35:08,99.99,61.44
c2c0ccad6e89d372981d2f5f6a13f7a6,1,c6dd917a0be2a704582055949915ab32,7a67c85e85bb2ce8582c35f2203ad736,2017-05-31 10:10:17,99.99,16.46
c2c1d5e4d5168620dcd230dcc8f4130c,1,d918b3f4aa5272c2c3cd088d087ca069,c3cfdc648177fdbbbb35635a37472c53,2017-05-24 09:10:18,126.9,23.76
c2c2218cf6b63e953f3901f9d838003f,1,59fe488ea6ac9439bc86663f4a564c23,ef506c96320abeedfb894c34db06f478,2017-06-07 21:25:08,17.0,15.1
c2c2218cf6b63e953f3901f9d838003f,2,59fe488ea6ac9439bc86663f4a564c23,ef506c96320abeedfb894c34db06f478,2017-06-07 21:25:08,17.0,15.1
c2cd6ce44609af75d061dfab2f67179c,1,7c5eedf954659c8014c0671ba5e1b99b,d1c281d3ae149232351cd8c8cc885f0d,2017-05-11 02:15:58,46.99,20.43
c2efd7dd7ea9e5bad9dffbb89653491d,1,cd82271424be9568801391194697361c,062ce95fa2ad4dfaedfc79260130565f,2017-05-19 17:55:17,41.9,25.63
c2efe3316fd0545aecf304c9689a33c0,1,fdd84aefb08c8f8225e0b8c97429d53b,94144541854e298c2d976cb893b81343,2017-05-09 14:15:22,51.9,16.06
c3038ab3b07ac682ba60729b1d74b24b,1,99a4788cb24856965c36a24e339b6058,4a3ca9315b744ce9f8e9374361493884,2017-05-14 23:02:12,89.9,25.91
c31af7b37cf89bd6d945fcc664937338,1,5d790355cbeded0cd60e25cbc4c527a2,229c3efbfb0ea2058de4ccdfbc3d784a,2017-05-24 09:35:11,97.0,14.43
c33f6b9840953ad210b51a86f6aa13a9,1,4a96de21ccfb22ebe1c56992acbbd7fc,7a241947449cc45dbfda4f9d0798d9d0,2017-06-06 15:50:22,99.99,15.45
c35484b3b5d9597703a72d8a96839819,1,90b86c830114ddc888f6380a223ee285,d2374cbcbb3ca4ab1086534108cc3ab7,2017-05-25 14:41:52,21.9,15.1
c35f44a2a94147bfcd074dfa5f2f174f,1,118fa7a08a83564776c37433aca3ca71,8f119a0aee85c0c8fc534629734e94fd,2017-05-15 09:25:16,34.9,15.1
c3641f55c10bcfacf7fa7b8f677e1d5c,1,a3ceb95649a48c0c54ae4bd1dd66d035,6c177e38df6d3f34182b1f1d427231bf,2017-06-08 16:05:15,130.0,14.66
c3665b33e58190870d82a79cc835cc30,1,378e13082055394b5a1607162398a207,ab3e0c171fe84a7ba7de130f19cfb485,2017-05-09 11:10:31,99.89,14.87
c36722bf525388104790764a7917ca07,1,381169576b9f3c083a1c3261da161a3b,8c16d1f32a54d92897cc437244442e1b,2017-05-15 14:50:19,46.86,16.79
c37e429ac201c3e07174f542634638b9,1,6eb6c5cb7df0f863538b61a47fcce962,fe2032dab1a61af8794248c8196565c9,2017-05-10 14:42:43,139.9,11.59
c382bc663697a414b9a3faff434cc7ea,1,f80214fd7d681d1dcf12b3acaf4f0da7,7c67e1448b00f6e969d365cea6b010ab,2017-06-08 01:10:21,219.99,66.35
c387679d4cea1d6f624cec1542b9d359,1,44afebe5ba695261a126f43a4b29d814,520b493b57809f446cb0a233bb3e25c7,2017-06-01 03:02:42,92.5,13.67
c387e0e080c2a6ef551d117cb92fe2e5,1,9275e1f75faf1d3d1f54e4cb63d12a36,70a12e78e608ac31179aea7f8422044b,2017-05-31 14:23:03,19.95,11.85
c3a1df55b98cfc24ce8fb94931eb7f7f,1,a10e0fcb1c409869c3c6da4eb13b7612,855668e0971d4dfd7bef1b6a4133b41b,2017-06-08 10:25:13,50.0,16.6
c3a4f2b35690a1938c71e4543dc6cb18,1,235458528f907463ec55ebb1e16b69f0,dbc22125167c298ef99da25668e1011f,2017-05-25 16:55:09,54.9,13.4
c3b6a8b065e2dcb86aba441017c019dd,1,06c38a87544301cba8b0fb5a0796383d,dd533b429f380718b70ad9922c294bae,2017-05-25 06:35:18,52.9,16.0
c3c89975672c8d80882dbd9b7b04efbc,1,e7db7c40ea6647c808d48581f1308d88,1d8dbc4f32378d715c717c1c1fc57bae,2017-06-05 13:04:24,109.9,20.01
c3cb4c7c4b963ab08b07a5dca5baf05d,1,9a5a361f3cd6c280f6bf4ffb6207c51e,aba1721a889e04decc910aa13b768ef4,2017-05-22 03:35:16,119.0,15.58
c3d1e51f7136b5a8d3f075ddacc80b7a,1,693cf0e43d6a106df00fb14bd62d0d3c,dbc22125167c298ef99da25668e1011f,2017-06-01 16:55:12,84.9,16.35
c3d5c6fc77f1986421777d4d61779aca,1,91b08d34d0ba4db44da2dc382867ba49,b76dba6c951ab00dc4edf0a1aa88037e,2017-05-09 11:32:13,10.99,14.52
c3fb3cb084af855d673862998039acc0,1,acde6bd0b5f91190e2a123df389b0b47,36a968b544695394e4e9d7572688598f,2017-06-06 10:55:21,24.9,8.27
c41fcb90e5c4e310d014634135fb1279,1,bb90206fa281c20f0b4c42a2393b54dd,9c0e69c7bf2619675bbadf47b43f655a,2017-05-18 02:45:12,219.9,17.3
c41fcb90e5c4e310d014634135fb1279,2,bb90206fa281c20f0b4c42a2393b54dd,9c0e69c7bf2619675bbadf47b43f655a,2017-05-18 02:45:12,219.9,17.3
c455e8ff84c22c9e3b3e1f5c8c8ef95c,1,0f370babdc8148e1dd9d4bfc3235982a,6560211a19b47992c3666cc44a7e94c0,2017-06-05 08:25:12,49.0,17.63
c47922259d4b3e4ebabff76d8dbf3f31,1,3e315c0ee386121f7723905ea2c2f76e,cca3071e3e9bb7d12640c9fbe2301306,2017-05-30 11:55:10,114.9,13.14
c485c8c1af9c0ead19b156d7a971905d,1,f71973c922ccaab05514a36a8bc741b8,5dceca129747e92ff8ef7a997dc4f8ca,2017-05-25 18:05:15,89.9,24.94
c48e0c0045493baca42f6350289f1470,1,68c923fddf7f83316b53252eaf830724,7a67c85e85bb2ce8582c35f2203ad736,2017-05-15 17:45:19,69.99,17.74
c4980a38f3fc3aaa233e01aad10e6bc8,1,5ca414808a1673669317d56dd0fd6b1b,82bd0703a4aefd6b599e5bfdaed378fb,2017-05-18 02:55:32,199.9,17.16
c4a28e8e313a4ec9ad2af047a0e564f7,1,f849624adffb78b4cd40066ecf73aaeb,ba6b68b55fe8704377a7d43c8e5c0185,2017-05-11 19:25:09,209.9,17.72
c4ca4450ac2974ba5eeb4832b7ec724a,1,a50acd33ba7a8da8e9db65094fa990a4,8581055ce74af1daba164fdbd55a40de,2017-05-18 10:42:45,117.3,22.92
c4ca4450ac2974ba5eeb4832b7ec724a,2,98d61056e0568ba048e5d78038790e77,8581055ce74af1daba164fdbd55a40de,2017-05-18 10:42:45,169.0,30.24
c4f78575643f2f35c117ade8521fc9bf,1,72a137b85d5a1d82cde242493f118f43,ce27a3cc3c8cc1ea79d11e561e9bebb6,2017-05-18 15:22:24,32.29,14.1
c4f78575643f2f35c117ade8521fc9bf,2,72a137b85d5a1d82cde242493f118f43,ce27a3cc3c8cc1ea79d11e561e9bebb6,2017-05-18 15:22:24,32.29,14.1
c518733b452a98377e02153098a0542d,1,805967bd91579942b3caac4ebcc39a54,391fc6631aebcf3004804e51b40bcf1e,2017-05-19 17:15:14,49.95,15.1
c52e9809d37cb1da882dc573f4240878,1,554fc36c06624912230e7355ab7be734,1127b7f2594683f2510f1c2c834a486b,2017-05-15 09:45:16,37.55,16.05
c54a395b5f384f7eb66433d136522b7f,1,776ef0ee36e20757c513e64903f1fa8a,70a12e78e608ac31179aea7f8422044b,2017-05-23 11:05:19,98.0,16.45
c560927c49695a19738493bd782687dc,1,f7f59e6186e10983a061ac7bdb3494d6,729f06993dac8e860d4f02d7088ca48a,2017-06-06 06:55:26,34.9,17.6
c56ae3a36b8942fb185a2c02c46fba20,1,4c1e109ecdf58453de365d217cefa64c,4e922959ae960d389249c378d1c939f5,2017-05-23 22:22:35,120.0,16.6
c56bdcd0ef1249dcc18901b491b1b976,1,2136c70bbe723d338fab53da3c03e6dc,6560211a19b47992c3666cc44a7e94c0,2017-06-01 16:15:17,29.0,14.1
c56e40373799e9fb580a236fd5fc72a9,1,e3425df9bd51be69917273c9dd92ed5e,86ccac0b835037332a596a33b6949ee1,2017-06-06 10:31:31,66.89,16.23
c5931c69b3085bba2cdb9c348ec86719,1,d1793ff6ccc9b6845e09a4f376903274,432c37c9dfba871172ec162e20118b8c,2017-05-26 15:55:22,9.99,14.1
c5a04e8b14a30499f45857da5edfea7e,1,99c3deeef8923c1036a30a5abed9071c,ac137bac82ffa8548e62bd9d01d2a14f,2017-05-26 20:55:16,49.6,9.34
c5a49aa0c426e9c86aeb67a275c1a490,1,167b4b8c4bd0c401bea62f5e050d70a4,25c5c91f63607446a97b143d2d535d31,2017-06-01 18:42:21,220.0,17.3
c5ad7fdd6f4b3a546653f42ca0c64da3,1,617186c3d97ea56c9c683a8a3974e8c1,cc419e0650a3c5ba77189a1882b7556a,2017-05-31 13:32:03,84.99,7.85
c5ca3893d72f5cb80e62ed87fc4700fc,1,c6053fedf40a0bc4b96372c4fe9e14dc,d624126b9206f595fb3fbb6ba03b28a8,2017-05-18 21:55:20,169.9,17.63
c5ea69eb816127590a14c3d848e1679c,1,39aa98469aa7460a9764311b3f8efb12,391fc6631aebcf3004804e51b40bcf1e,2017-05-23 06:10:06,45.95,15.1
c619ac0f9cdcfcebdfb9490451166da4,1,011967a30ceeaa86acb72e79664544ad,e2aee0892199b1d92530e371abd825bf,2017-05-30 15:35:20,99.9,59.14
c61c0270f78b8e83946c5ea769c2cff9,1,1612209b0b37fbe80e1e8e1b7d19ca1d,87142160b41353c4e5fca2360caf6f92,2017-05-25 02:30:45,99.0,18.93
c6269b5410a266a9315ae05d06a3bbca,1,601a360bd2a916ecef0e88de72a6531a,7a67c85e85bb2ce8582c35f2203ad736,2017-05-25 13:50:17,129.99,12.11
c62927ace244ef7506c5f27952c158aa,1,34eb0685663d60e57a9ca086c8e33423,048c2757535328e0d7dac690ad3c0aae,2017-06-05 12:25:23,199.7,14.42
c63031aab37b1beb849bb4856afd4f13,1,83b6f73c0ad25d9b469deacf8da19d80,6560211a19b47992c3666cc44a7e94c0,2017-06-02 02:42:36,39.0,14.1
c6375a52330f2050e91fdca954b2e817,1,4298b7e67dc399c200662b569563a2b2,4b5f66b7adcf57f1ecc0d3c07dd6b177,2017-05-11 19:42:12,169.99,17.63
c63d4cef8337f938b3bfb0b96b7b1242,1,06c38a87544301cba8b0fb5a0796383d,dd533b429f380718b70ad9922c294bae,2017-05-22 03:45:26,52.9,20.86
c644b3f8e84a3426f0a99bbfb04a3e73,1,6eb6c5cb7df0f863538b61a47fcce962,fe2032dab1a61af8794248c8196565c9,2017-05-25 18:35:15,139.9,15.73
c666d3cad8c556562a918f53cfff996d,1,c638e232871cb1e760eaa7e724bc3eb2,99eaacc9e6046db1c82b163c5f84869f,2017-05-09 11:23:07,195.0,18.8
c672b98a0a2c7259aefae3ac12397137,1,b5cd16b170e0359c2b59e10cbc21e791,46dc3b2cc0980fb8ec44634e21d2718e,2017-05-26 13:05:49,229.99,17.86
c689c936050f0c8fa39e46f97d99a633,1,624763d3909ffa36098f91ce1e458ed4,0432ead42b6c8a0bdf68154add917fdf,2017-05-11 10:15:16,94.9,10.96
c68d536a69b345791fac24a064e2648f,1,b3d1d218a4ff07119f546a42c6ee7d7b,4a3ca9315b744ce9f8e9374361493884,2017-05-09 14:22:20,89.9,11.24
c68d536a69b345791fac24a064e2648f,2,b3d1d218a4ff07119f546a42c6ee7d7b,4a3ca9315b744ce9f8e9374361493884,2017-05-09 14:22:20,89.9,11.24
c68e47bd3dab5dd575a6c65848663923,1,7d854ab97c64ef9df2bbfaf332765786,aac29b1b99776be73c3049939652091d,2017-05-17 16:45:25,59.9,17.67
c6948180eccebcf3de3c415cf66c4d31,1,34d6306314a47fe15c1efdbc23302020,229c3efbfb0ea2058de4ccdfbc3d784a,2017-06-06 21:02:46,69.0,16.92
c6a3d2b7b077946b1b0134dd45d28f98,1,ce9b5e2f3503d1142f9c9866db452633,d94ba08b99bedd6a5f6c875ecc4a6fac,2017-05-10 21:10:12,59.9,18.63
c6a3d2b7b077946b1b0134dd45d28f98,2,ce9b5e2f3503d1142f9c9866db452633,d94ba08b99bedd6a5f6c875ecc4a6fac,2017-05-10 21:10:12,59.9,18.63
c6b325de61bc1dce75b9b7f1f1501dcf,1,89f055104adb9365d7f7b5c475f77742,6b15924333bd1a741595fe981ea04822,2017-06-06 09:30:16,26.9,7.78
c6da58c3b564bd7fe69eeef7c5e89593,1,7cd29da0653abeb444703cc5a957f479,620c87c171fb2a6dd6e8bb4dec959fc6,2017-06-04 21:55:23,37.9,9.27
c6da58c3b564bd7fe69eeef7c5e89593,2,7cd29da0653abeb444703cc5a957f479,620c87c171fb2a6dd6e8bb4dec959fc6,2017-06-04 21:55:23,37.9,9.27
c6da58c3b564bd7fe69eeef7c5e89593,3,7cd29da0653abeb444703cc5a957f479,620c87c171fb2a6dd6e8bb4dec959fc6,2017-06-04 21:55:23,37.9,9.27
c6f2bb89d71562fe3ce462309140cb5e,1,d5991653e037ccb7af6ed7d94246b249,9c0e69c7bf2619675bbadf47b43f655a,2017-05-29 23:23:03,174.9,18.47
c6ff8c337541af35aa09c14125a7f875,1,747956d76beb580b5f11373118fd489d,63ffcb71394dd8ea3872ed9ffda17c74,2017-06-01 19:10:12,14.9,15.11
c722520c1663a8a3701cc0a6eb572b16,1,9fe172fa8e662ca8572cf12abf8bce23,cab85505710c7cb9b720bceb52b01cee,2017-05-11 21:45:17,49.9,14.1
c736ef293988efe25be44784ebd348f6,1,ad7c531c2001111873dcfed9d8317439,7a67c85e85bb2ce8582c35f2203ad736,2017-05-24 11:22:43,59.99,20.82
c73a56b991707be0c940896c7b7dd98c,1,870bcc6c58e03ca658cfdd13db4bbe28,5bffbafbb22daf6d3bfc216a46db8708,2017-05-11 02:25:09,144.99,18.44
c76a39319cf13b7f3b9e3bded3315f86,1,5f2924ba89d5561b2b24067e375b212d,70a12e78e608ac31179aea7f8422044b,2017-05-17 01:50:15,69.0,15.23
c791c3d6d6bdfe8c90a3016bc03ec79f,1,f9259c9e7c0f12c70f7a81409680a5ff,3db66a856d18a9cba7c9241fc5221c50,2017-06-01 14:55:17,69.9,16.25
c79bdf061e22288609201ec60deb42fb,1,5304ff3fa35856a156e1170a6022d34d,cf6f6bc4df3999b9c6440f124fb2f687,2017-05-12 19:05:20,3.5,8.72
c7a4d51facd152881353d10029119a40,1,601a360bd2a916ecef0e88de72a6531a,7a67c85e85bb2ce8582c35f2203ad736,2017-05-25 22:45:13,129.99,18.16
c7c6a739a8443d84f8be2528afc84d43,1,ac17046d8fec49dfeaa896fc00e5e848,8444e55c1f13cd5c179851e5ca5ebd00,2017-06-07 03:42:29,329.0,15.32
c7c9aa7dc61f395e914d6946cf62219b,1,601a360bd2a916ecef0e88de72a6531a,7a67c85e85bb2ce8582c35f2203ad736,2017-05-10 15:35:12,129.99,21.54
c7d334c62c1af62c782895cd62d61237,1,f045db2493d42bb131ef8e37c3aef061,dd2bdf855a9172734fbc3744021ae9b9,2017-06-05 23:42:25,259.9,15.57
c7d3893304861d303bb8f6193525bbf0,1,dabbb10b2f36548cf2aff2993f4cf5e2,f5f2ab9bdb6b30c14c61be68c5ed37da,2017-05-22 19:45:19,145.9,18.59
c7d8dac1459971c7bc85e373e9d332fe,1,c1488892604e4ba5cff5b4eb4d595400,1554a68530182680ad5c8b042c3ab563,2017-05-07 22:55:13,38.5,22.28
c7ec0aef506b16f956082d33b51e9aa1,1,87ac7e3e844a79b97f7b98cecfbc69db,aaed1309374718fdd995ee4c58c9dfcd,2017-05-22 03:25:20,140.3,15.73
c7f9d26b8af0469ef75b9f5acd3b31ad,1,e082a9cbbc454309a78654e6699f387c,d1c281d3ae149232351cd8c8cc885f0d,2017-05-25 02:30:47,17.99,12.69
c7ffd8434c98d275690e80f967a3be3a,1,586d2dcb4ad3f344da859b44a01d2080,d354c38a7182125a748cb10474fe963b,2017-05-11 11:50:23,69.99,14.66
c8111f39ce798f7761d4f6e8f0c3a665,1,475e8a9ddbebf13af503d1c7eccadb1a,f8db351d8c4c4c22c6835c19a46f01b0,2017-05-11 02:22:56,149.9,38.01
c8126206d94637a4e63af00f4181a14d,1,4fb3e6ce442ce9c621ea9509e47ac951,c3cfdc648177fdbbbb35635a37472c53,2017-06-06 22:22:33,109.9,29.17
c820d5fbb72e2b0a48074c0f7f08a295,1,76914818a87f9b6b320e136e17e6ae06,1554a68530182680ad5c8b042c3ab563,2017-05-12 08:22:16,329.9,71.02
c825eaa2f80be1f3ff71347c814051b5,1,8ea24524f646a4f1d16caa2ef26bbe6a,0432ead42b6c8a0bdf68154add917fdf,2017-06-01 11:15:13,89.9,15.38
c840f3fb3a4c4c7bc42c8167e355e3eb,1,11875b30b49585209e608f40e8082e65,669ae81880e08f269a64487cfb287169,2017-06-07 11:45:14,65.0,16.89
c84b383da1173fe2b3b8dc1052c66821,1,6cc58e27cae22a37b784841f0e4fb647,1b8b75e227c9a9c100d0c210fb6176ce,2017-05-19 03:10:07,24.99,7.78
c859bbfda403ac31857038177a367e1b,1,68bf40b3abd5ffc25981c25df9ed9087,3d871de0142ce09b7081e2b9d1733cb1,2017-05-09 23:22:36,75.0,13.12
c859bbfda403ac31857038177a367e1b,2,d3b023772520cd1c6ea58f6701679d4b,3d871de0142ce09b7081e2b9d1733cb1,2017-05-09 23:22:36,79.0,13.12
c876d6fb9e48f2d2e622c9e3a716a8d7,1,3d0552899dbe2f89cff6197aab33fe99,bfd27a966d91cfaafdb25d076585f0da,2017-05-24 15:05:16,119.0,13.17
c89fd00e1f223872ff105cd5abf2f659,1,67638c5b9e1d3f0f3c76cd4147eeac2f,0432ead42b6c8a0bdf68154add917fdf,2017-05-18 02:50:45,89.9,12.13
c8a39e88e6ff246e21f6fc93c50a2e88,1,e2a874b1b8340b4038172b1925afd914,784ba75dd9d20200c4caed3d7a77141a,2017-06-01 23:02:27,92.9,16.36
c8c4cee82cc04a8966a13f97e9366b82,1,dfb97c88e066dc22165f31648efe1312,8581055ce74af1daba164fdbd55a40de,2017-05-11 08:35:21,139.0,25.61
c8c4cee82cc04a8966a13f97e9366b82,2,a50acd33ba7a8da8e9db65094fa990a4,8581055ce74af1daba164fdbd55a40de,2017-05-11 08:35:21,117.3,20.64
c8f21ae0d8ea0dc3d6cbd9ef66d4981f,1,2de5cccebd19a4c9731ebf3a29f8da53,ca3bd7cd9f149df75950150d010fe4a2,2017-05-16 11:03:05,78.0,15.66
c913d38589fa350791d4d89dec949c4a,1,179d54e1466a2c4b64be3b7e4ca17e31,d98eec89afa3380e14463da2aabaea72,2017-05-15 23:42:32,34.99,12.48
c91bb9b296c26b316c8acead6501905a,1,69f58c765fe75f61f1b098a6d0b0943e,8931a84a914b3fe9b1ddaa4d704947ca,2017-05-23 03:55:27,69.9,14.24
c9229f668c1028a77a433afa8b93f122,1,a5ae8400fc9fcacd4af585a57bbf264a,66922902710d126a0e7d26b0e3805106,2017-05-18 21:22:28,120.0,22.71
c92d9519d152fad30fdcaa7bcbdbc30c,1,4f0e806431f76599423676fd485109ae,6cd68b3ed6d59aaa9fece558ad360c0a,2017-05-17 13:25:37,109.9,16.21
c94aabd5205ddd8647579a7bdebd6992,1,23ed7a10a36c6f88a757a9c83df9ea20,a888faf2d1baececa6baf9c3d603ee1f,2017-05-26 10:42:55,449.9,18.91
c95bd943761b792191f6966a3691fdd5,1,ab9cf155f8280c3739b09fe341a185e8,92eb0f42c21942b6552362b9b114707d,2017-05-31 21:55:16,13.98,14.1
c95fd0fc2b4b423d8ded594da8d1a398,1,e43311c5b307c31b994c47588c59b168,cca3071e3e9bb7d12640c9fbe2301306,2017-05-29 04:15:25,24.9,15.1
c962c201a85de03ef0e3680ab20d2102,1,f18e94c9042a09a45c22444e432c0fe5,c3867b4666c7d76867627c2f7fb22e21,2017-05-31 12:12:06,136.0,15.7
c9b3d3854f0ed6d4b5a65bcf534de4c8,1,11cf21fc07b965dd7f4bf7a2c3e5f1c4,d91fb3b7d041e83b64a00a3edfb37e4f,2017-05-16 10:30:20,135.0,17.39
c9cb31bb489f9ed567f42b13d15d8d28,1,8580e348f827bc4699d12de9afc2305f,54a1852d1b8f10312c55e906355666ee,2017-05-25 20:25:15,21.99,17.63
c9dbbd1ca9411200390b157cb42ea79a,1,9b00d5e140d71a265c6be7d132b32cd2,e067ad2c1c0b48758eb1b5228bcf7a68,2017-05-12 02:55:20,60.9,14.6
c9dc4e0914920294cf5dc4df353cb641,1,7612378170dc7f2a3f9c0e3f57676e89,f45122a9ab94eb4f3f8953578bc0c560,2017-05-11 02:15:39,79.99,25.05
c9f1330428746f0615d885b863acce6b,1,a6f74de3ddfbdc9b33885b92656f992b,0ea22c1cfbdc755f86b9b54b39c16043,2017-05-23 03:55:09,79.9,14.31
c9fa2e38f94a98ff4035367a0e2ac669,1,77fa3381855b6763c52ca3b72824f508,6560211a19b47992c3666cc44a7e94c0,2017-06-07 14:05:13,49.0,15.1
c9fe382a47de702dfad8f4b2ea3d2b3a,1,1c05e0964302b6cf68ca0d15f326c6ba,7c67e1448b00f6e969d365cea6b010ab,2017-05-26 09:10:15,126.99,24.92
c9fe382a47de702dfad8f4b2ea3d2b3a,2,1878fcfa202ce65b4bfaa9d16250ee86,7c67e1448b00f6e969d365cea6b010ab,2017-05-26 09:10:15,126.99,19.94
ca122923041cbd981088cb1f28cb86cb,1,b72a070441e70976c37e27df8a2a664e,9de4643a8dbde634fe55621059d92273,2017-05-11 19:55:05,199.99,20.64
ca3a52cf84c312258ff4913f1fe15f1e,1,159afb2051a2a69bcd9a594ce5ed6452,6cd68b3ed6d59aaa9fece558ad360c0a,2017-05-18 03:10:19,89.9,21.43
ca51350120ddaa92278a0ded310d5d49,1,31a2f42a87890f87d77daebdfabc182e,4c03b9dd4c11ee2cb35c96c49efc9420,2017-05-26 20:35:14,149.0,16.67
ca559ea53cf10ff35d00de057f02b8d3,1,f7bb503725fb4d7bb55301d5bceba728,55a5b51f93f2b70ea513f5a047b0262a,2017-05-30 21:30:15,99.7,34.5
ca5824dc67bc4de20753f881aede6b1f,1,ffa255211c5d16ec8ebadcb5729c96ce,128639473a139ac0f3e5f5ade55873a5,2017-05-29 03:23:16,11.9,15.1
ca5e507d8621f833ffba625f3303dbf4,1,8c5876b1c7768217964f353bc7e64393,0db783cfcd3b73998abc6e10e59a102f,2017-05-18 11:15:15,49.0,9.27
ca664b8080d78526b0e1f39b46d9ab3c,1,5d422bd54b54307ff7a5e770f40946e4,e88c9b79e592e370d6bd852eeefbf057,2017-05-26 20:05:10,11.9,16.79
ca7a62dce548a9bd31b4fd4f12af30d8,1,2b87ded5c8c2c971d4d5a2e4bd7b85bc,a3a38f4affed601eb87a97788c949667,2017-05-26 15:35:16,64.9,15.2
ca7a8803c5feb9da44e133b9f9626dc3,1,de2ac390da8e5e9cc2c6bc88d5c5357f,7e93a43ef30c4f03f38b393420bc753a,2017-06-07 12:15:21,590.82,15.64
ca823578aa819296a9581dee40fefb60,1,3f98320412a131f7346baa2aa2de7540,e2aee0892199b1d92530e371abd825bf,2017-05-23 09:55:19,119.9,138.91
ca8302550f63d763f285c7465c651803,1,1b06c90f0a31f14d0f505323b5723a80,f8db351d8c4c4c22c6835c19a46f01b0,2017-05-11 16:25:16,61.9,12.77
ca90add006fd5298fa92071a753eeeae,1,6bbe55cf8f85c87b6eebb775a53402f4,0db783cfcd3b73998abc6e10e59a102f,2017-06-01 15:32:24,99.0,17.13
ca91862f94f3eb805b394ae462b669a6,1,674d9e3c3964c35239687c920b19a307,2138ccb85b11a4ec1e37afbd1c8eda1f,2017-05-19 01:10:08,29.99,7.78
ca91862f94f3eb805b394ae462b669a6,2,674d9e3c3964c35239687c920b19a307,2138ccb85b11a4ec1e37afbd1c8eda1f,2017-05-19 01:10:08,29.99,7.78
ca929fa6d3db41b0d698c716875ccd26,1,9fc0c73ce4d0eaaead44e81eeefebeb0,c3867b4666c7d76867627c2f7fb22e21,2017-05-22 21:15:14,68.0,15.23
ca9a1d0ebf8bb6cf2e90199c3a936410,1,6eb6c5cb7df0f863538b61a47fcce962,fe2032dab1a61af8794248c8196565c9,2017-05-10 18:05:15,139.9,25.47
cab041d8d606d6c9d3165da578795340,1,abe135ae574a8969994de86975004972,63ffcb71394dd8ea3872ed9ffda17c74,2017-05-18 13:25:17,16.9,33.24
cac62199ea603b63ffb529a162c596c5,1,6a0713a63e990052795623e76cc2995e,d2374cbcbb3ca4ab1086534108cc3ab7,2017-06-12 14:42:56,72.9,25.79
cac7e309df39d1f200b8ca086c4ab624,1,404a57563d487aecbc2b1a01d9b89aab,4a3ca9315b744ce9f8e9374361493884,2017-05-26 14:05:16,220.0,13.04
cad42b09c7b0a54df0097a65da14d324,1,192f2d6f10ae35f57a57be5fc1ae7d56,25e6ffe976bd75618accfe16cefcbd0d,2017-05-11 19:22:20,78.75,15.11
cae155b8d4bd6e84685e5ca5c0f8ecbb,1,db51982bc43b26164c29605b8ed140d6,2138ccb85b11a4ec1e37afbd1c8eda1f,2017-06-07 22:35:22,32.99,7.78
cb00f9d32f51bf65823f130e9c146173,1,bbaef2eadf31fe3ea6702077398be06c,cc419e0650a3c5ba77189a1882b7556a,2017-05-17 10:02:04,56.99,15.15
cb06895eef8c353edd5828ac4281eb9b,1,130482add9fd75ccb6c57ba007694a2d,87142160b41353c4e5fca2360caf6f92,2017-06-07 17:35:09,105.0,22.6
cb0ee3ab469cd28fb41ecb23abd8e2ba,1,115d882d50c476a481e899b79aca6174,23ca5f678e0b3ea6c630b30fa8bf51ea,2017-05-10 23:25:13,27.0,8.72
cb1ba18d16a7bfa79c87de73dbfc46db,1,aa8fce5e65ab73ab73101ea58d710905,218d46b86c1881d022bce9c68a7d4b15,2017-06-01 01:22:36,127.48,12.39
cb1ba18d16a7bfa79c87de73dbfc46db,2,de1dab31e5f3737cd024f5fe44743fa9,218d46b86c1881d022bce9c68a7d4b15,2017-06-01 01:22:36,127.48,12.39
cb34373a94597d015349cc3712b348ee,1,9dd0e50af05b24eea64afcd011940a6c,c04d70d515d15a7e3db3a73320598566,2017-05-30 22:30:19,38.5,7.94
cb3830baa25a82fb69d5256ffca9b6a2,1,b795524e6ddbae40e910d169242dbcd7,b56906f7fd1696e043f1bcce164c487b,2017-05-21 21:15:14,68.8,15.23
cb505678409e79b0864083b3a24d48f5,1,0dce093fc7ec4dec214256df878e3c08,6560211a19b47992c3666cc44a7e94c0,2017-05-10 11:55:12,125.0,15.04
cb54c9069dc123fa6cfca4b4cf94eb9c,1,fedccbd5e370e8ddb7aae6fb4cb70347,520b493b57809f446cb0a233bb3e25c7,2017-06-06 11:05:10,51.5,17.61
cb54c9069dc123fa6cfca4b4cf94eb9c,2,fedccbd5e370e8ddb7aae6fb4cb70347,520b493b57809f446cb0a233bb3e25c7,2017-06-06 11:05:10,51.5,17.61
cb5c4ea12e93c16a94c2bf3dbafa0fe1,1,f0b23cf62b44c4cbd631ee45ccb8fc60,718539d38d07dd351c76db862760e2e2,2017-05-31 14:15:25,36.8,14.1
cb61f25ed186c04d0a96e8830a3078d2,1,a58add0d4b913cb2fe2542b77bac6dc8,eeb6de78f79159600292e314a77cbd18,2017-05-09 23:30:11,379.0,31.69
cb6e8d89049744886ad04520d5e0b2f6,1,09690382191f134e947200ccfe32f7c0,744dac408745240a2c2528fb1b6028f3,2017-05-30 16:22:42,228.0,35.4
cb76073dcac4855294787c458ec58b68,1,f494b6e2b8bd806b45b117992c959a8a,0bae85eb84b9fb3bd773911e89288d54,2017-05-24 14:30:14,54.16,12.48
cb837ba275cf8ffa9ded7e18f7743b49,1,b94608e1d6f0360030e816bf676af2a1,dd7ddc04e1b6c2c614352b383efe2d36,2017-05-17 04:15:18,38.99,11.73
cb837ba275cf8ffa9ded7e18f7743b49,2,9df852a6c839bc3202227666d70c7cae,dd7ddc04e1b6c2c614352b383efe2d36,2017-05-17 04:15:18,38.99,11.73
cba3ba41fc11892527457b4be8d57308,1,ffd4bf4306745865e5692f69bd237893,d98eec89afa3380e14463da2aabaea72,2017-06-05 04:50:26,24.99,66.13
cba3ba41fc11892527457b4be8d57308,2,efeae7f900647c4d4e71943638b8c2d3,0ea22c1cfbdc755f86b9b54b39c16043,2017-06-05 04:50:26,39.9,22.04
cbaed20b95fa45e7962bcb86140efd33,1,34d6306314a47fe15c1efdbc23302020,229c3efbfb0ea2058de4ccdfbc3d784a,2017-05-22 21:02:25,69.0,14.23
cbd1b65ad17e5be3c2c8dd66d0e581a2,1,35afc973633aaeb6b877ff57b2793310,4a3ca9315b744ce9f8e9374361493884,2017-06-07 10:03:22,89.9,15.38
cbd72cbf159870fc637be9db5374ab3d,1,b667e64d366991432e4c9c45ec4d6d1a,c3cfdc648177fdbbbb35635a37472c53,2017-05-29 09:35:10,55.97,9.74
cbe7720057164f59152cf8d2baab0722,1,4148d4f36653927e8641a9d6afbfc5e2,8b28d096634035667e8263d57ba3368c,2017-05-31 10:22:48,238.9,13.17
cbea63556805f3965ab75f4f56a79508,1,2ad2f5e9d792e5c06603614f2f681c26,94e93ce877be27a515118dbfd2c2be41,2017-05-26 13:05:57,379.9,15.68
cbeaa013552d74983472628c5534d3e8,1,b63b2afaf851b15bdec6e67c553c0ece,6edacfd9f9074789dad6d62ba7950b9c,2017-05-10 06:35:28,21.9,10.96
cbeba463c9f0f56c92b94e656a6b7ccf,1,f7bb503725fb4d7bb55301d5bceba728,55a5b51f93f2b70ea513f5a047b0262a,2017-05-25 02:35:07,99.7,15.45
cbf3df6a869d7cafcbab3096706ec7a7,1,af51d485dc5255ba2e18b21b550156e6,5dceca129747e92ff8ef7a997dc4f8ca,2017-05-25 14:30:19,259.9,48.53
cc0ee746e44b018d18115fbcea7547e2,1,b8c472a596396ccddbade7d6900f8aa1,f021c962aaba8ef6eb527a9c2c8394d1,2017-05-28 23:30:11,578.9,22.59
cc1fe613e2c3dce712d71a852ee6726f,1,9ee8c8a931dd4d34148aa31f54ee93c1,f8db351d8c4c4c22c6835c19a46f01b0,2017-05-29 15:23:06,129.9,18.16
cc72dd3008f4752e05206e1fdd08cc57,1,837f3d09b625825bd84bfccb1f51d8be,6df688df543f90e9b38f4319e75a9d88,2017-05-17 01:42:39,11.63,14.1
cc72dd3008f4752e05206e1fdd08cc57,2,837f3d09b625825bd84bfccb1f51d8be,6df688df543f90e9b38f4319e75a9d88,2017-05-17 01:42:39,11.63,14.1
cc72dd3008f4752e05206e1fdd08cc57,3,837f3d09b625825bd84bfccb1f51d8be,6df688df543f90e9b38f4319e75a9d88,2017-05-17 01:42:39,11.63,14.1
cc7c3c9e0e52b2748d1843228f84c9ad,1,a3ceb95649a48c0c54ae4bd1dd66d035,6c177e38df6d3f34182b1f1d427231bf,2017-05-29 17:25:36,130.0,17.35
ccdccfd1b0d1abbc475ff9940a46aa70,1,abcadf3aeced9a5dd2c23cb61ca09a4c,5bffbafbb22daf6d3bfc216a46db8708,2017-06-06 14:25:16,69.99,14.24
ccdccfd1b0d1abbc475ff9940a46aa70,2,abcadf3aeced9a5dd2c23cb61ca09a4c,5bffbafbb22daf6d3bfc216a46db8708,2017-06-06 14:25:16,69.99,14.24
ccefed81ada949952e76166b19f2b723,1,67810bda0db346d0eee1ac3c6314af35,25e47381a6c510ddeb36084e33b89f0c,2017-06-02 01:10:25,95.9,17.92
ccf1e12f1c435066f481bacfe011cfbd,1,8c5876b1c7768217964f353bc7e64393,0db783cfcd3b73998abc6e10e59a102f,2017-05-17 00:31:43,49.0,11.85
ccfd8f95a0f8afbd89652a2b414fe82f,1,99a4788cb24856965c36a24e339b6058,4a3ca9315b744ce9f8e9374361493884,2017-06-02 19:02:16,89.9,15.38
cd2f659fa071787c2e90002891bbea4b,1,b19f489c6dd8b47c1e9ecd9e3f2d8bb9,1b8356dabde1d35e17cef975c3f82730,2017-06-06 17:10:06,74.99,28.92
cd3bbc3e4e64dc523b4c21512736e22c,1,b865aecbf934fe78d172e5a0f7a73ec0,9d5a9018aee56acb367ba9c3f05d1d6a,2017-05-05 17:55:16,149.9,21.73
cd3bbc3e4e64dc523b4c21512736e22c,2,ac946196783ec18b207ead8a00d3f5c4,9d5a9018aee56acb367ba9c3f05d1d6a,2017-05-05 17:55:16,54.9,11.1
cd3f1c4c9d4aaf1ea8940fbb22adced5,1,4048d207d5f97fb47be6486952d641aa,b4a476fbd28de64b1e347abf9089366a,2017-05-25 11:42:56,430.0,81.18
cd746016263cf0a8ac68de73ee79506d,1,af51d485dc5255ba2e18b21b550156e6,5dceca129747e92ff8ef7a997dc4f8ca,2017-05-25 18:50:15,259.9,86.98
cd9ef363164449df0bf374f87fa1b1de,1,1b0e39ec889889ea1d492603d8512bfb,e26901d5ab434ce92fd9b5c256820a4e,2017-05-26 16:45:17,32.9,9.06
cd9ef363164449df0bf374f87fa1b1de,2,5a6e53c3b4e8684b13388d6aa4afdf12,7299e27ed73d2ad986de7f7c77d919fa,2017-05-26 16:45:17,16.99,6.04
cdb66326ea0bdac7baf24b38a67af09c,1,c689470c5a069795896edc7b896d9251,0c8380b62e38e8a1e6adbeba7eb9688c,2017-05-25 16:05:20,49.9,17.6
cdbd6a9fbdb7302360e7c110ce85381f,1,40cc62bf0cf7aacfd12d865c196baa55,ef506c96320abeedfb894c34db06f478,2017-05-29 14:22:57,49.99,25.63
cdd4fd6abe91d418574b7001b682cf87,1,57aae7271c7c24614b0d663c6df83f35,d05ae8f7a5bd1d2a690a44cd079e4e27,2017-05-31 21:25:15,252.0,15.51
cdd9601c7f7685708434a68d814fb53f,1,b5b5a82ce5f1987b7e670f37629be51b,8b28d096634035667e8263d57ba3368c,2017-06-01 09:30:19,59.9,11.92
ce0102221c8d12a97979c74d09cca282,1,8338cef8355d238f43711dcb9c0657b2,cca3071e3e9bb7d12640c9fbe2301306,2017-06-02 04:03:05,45.9,15.1
ce243573aa83a8e70bb99ca6133a210e,1,d3796e73f7d260e45f5d5b9dc1c5a7a1,41b39e28db005d9731d9d485a83b4c38,2017-05-29 16:23:09,139.9,25.82
ce5cc8db5db3cf165759073512ba3d82,1,592ff96534d1910c18025cee34d5c8de,e9d99831abad74458942f21e16f33f92,2017-05-25 18:10:18,38.99,8.72
ce6f24ccb16af897b7650022beead374,1,196616257eff8bc851dc4fc041cbbbe9,701938c450705b8ae65fc923b70f35c7,2017-05-31 09:02:15,103.97,45.19
ce6f24ccb16af897b7650022beead374,2,196616257eff8bc851dc4fc041cbbbe9,701938c450705b8ae65fc923b70f35c7,2017-05-31 09:02:15,103.97,45.19
ce720cfa1cadab0ab4c19a956254d382,1,a8cb589d0aa5e6308a8fcf133ecca711,7bcd7c5f8631701474db233ccf1c094b,2017-06-04 22:45:08,50.0,27.2
ce89a61d7fb824d1eb7e05915b912a65,1,c1488892604e4ba5cff5b4eb4d595400,1554a68530182680ad5c8b042c3ab563,2017-05-18 22:05:15,38.5,35.67
ce89a61d7fb824d1eb7e05915b912a65,2,c1488892604e4ba5cff5b4eb4d595400,1554a68530182680ad5c8b042c3ab563,2017-05-18 22:05:15,38.5,35.67
ce8f5eddac46e002a057f440c9bde458,1,bd85550f79aa4e7452a75c55921cd5c7,3d871de0142ce09b7081e2b9d1733cb1,2017-05-09 15:02:35,19.9,20.8
ce95c6a5dcd0106c6e367ff72f7e6e8b,1,29427de7f8a9ee983d9dbc51cec569b4,7a67c85e85bb2ce8582c35f2203ad736,2017-05-30 23:30:17,99.99,13.38
ce95c6a5dcd0106c6e367ff72f7e6e8b,2,b77ae16cc8f67cd1c0ec781d5bf4da2b,7a67c85e85bb2ce8582c35f2203ad736,2017-05-30 23:30:17,219.99,13.38
ce9ab4cfbb50936abf90ef14408b41c7,1,888c70e66e6ead36f2269484a6813212,98dac6635aee4995d501a3972e047414,2017-05-05 13:25:11,23.0,8.72
cea0364e8ea12a04f546c4dccc33d293,1,35ebf08a93899d44e756809e11b14754,128639473a139ac0f3e5f5ade55873a5,2017-05-31 10:30:18,12.9,15.1
ceabb3e5878fd35ef9451cb2aeda20b1,1,419538c5c0c21d892928586bee1ea16a,da8622b14eb17ae2831f4ac5b9dab84a,2017-06-06 17:35:10,174.9,16.85
cecc450aed233004e69538a4ce7f7f37,1,65a487289033740a0a896d72a6f2a1e1,3d871de0142ce09b7081e2b9d1733cb1,2017-05-24 10:05:14,48.9,16.11
cece1bcff59bfbd50f678ef597d4f3be,1,01586bfbe1d5449887f1cac4ad1fbd02,b76dba6c951ab00dc4edf0a1aa88037e,2017-05-10 03:03:15,16.5,14.11
cedca39b10d8d496f77547b16e2dbf56,1,ceb9134650bd7cae74affc51800f309a,48985c61529077fa4f1e38bcff0f2ed3,2017-05-29 02:02:31,129.9,33.8
cedce2be74a9e660cec99d6f9c6674f3,1,07c055536ebf10dfbb6c6db6dbfc36e5,cca3071e3e9bb7d12640c9fbe2301306,2017-05-29 19:02:38,45.9,11.85
ceed776cef69730e986a45c5051fad62,1,42a2c92a0979a949ca4ea89ec5c7b934,813348c996469b40f2e028d5429d3495,2017-05-11 20:50:15,59.9,17.16
cef44224a07647470c1afcdbeaa43c92,1,6e1e8b68a310487ba64941be76e630ba,6edacfd9f9074789dad6d62ba7950b9c,2017-05-26 13:25:15,45.9,8.72
cf0e37180a383036ea57e9a1b440c593,1,0afcbdb22d7e003f65d87a77cc7a401a,3b15288545f8928d3e65a8f949a28291,2017-06-02 12:32:53,110.99,16.41
cf37324c9d35fb8f5f9d14cd6d48a3a2,1,e672fbe634ad07cce9d85f412becb2c0,7a67c85e85bb2ce8582c35f2203ad736,2017-05-18 09:25:14,129.99,9.1
cf3ce07f7bf94f6f269b25dbb7658e17,1,7a5bda98ff522182a08c469d2d160ab3,96493fab2fbb13a14d0c0e8772eef5c3,2017-05-22 15:22:11,89.0,27.16
cf6b059f3e677f41c42d6bfd225cc062,1,85f874eb720bb544b42fe257804fec67,c68fb906c8f4b4b946d8386bfa6e5467,2017-05-24 14:30:15,77.63,13.56
cf728450f45f3d3c59784f7539471f1a,1,3db75f31b76375c502f64d550dcd1166,85d9eb9ddc5d00ca9336a2219c97bb13,2017-05-25 22:45:12,31.9,16.79
cf7dd05504fa5d4ddab58fcb69bb18a6,1,fa39c60599eb6573020f07a1b4dd38cf,0bae85eb84b9fb3bd773911e89288d54,2017-05-09 14:45:20,90.9,20.96
cfaf3a6d54da5f266c97d838c661fa4b,1,3128a1273a207ae946c4dd1e23c86fed,2f09f7d37a97956d11cc1a7cadd5262b,2017-05-22 15:15:19,80.0,17.81
cfaf3a6d54da5f266c97d838c661fa4b,2,3128a1273a207ae946c4dd1e23c86fed,2f09f7d37a97956d11cc1a7cadd5262b,2017-05-22 15:15:19,80.0,17.81
cfcb1cc2e9f4ebf0caea1584195f9046,1,6cdd53843498f92890544667809f1595,ccc4bbb5f32a6ab2b7066a4130f114e3,2017-06-09 13:45:18,349.9,19.02
cfea19cacc7328f2fccb914fb0fd5fe2,1,39342c8e5e512bb1757779a3821a450f,4a3ca9315b744ce9f8e9374361493884,2017-06-02 20:02:34,210.0,12.97
cfea19cacc7328f2fccb914fb0fd5fe2,2,39342c8e5e512bb1757779a3821a450f,4a3ca9315b744ce9f8e9374361493884,2017-06-02 20:02:34,210.0,12.97
cfeadbadadd7a16f2f95fc7a556f16fe,1,6c34d241bbd85d693f1fee6a4b8a8e2b,59417c56835dd8e2e72f91f809cd4092,2017-06-08 21:23:12,845.0,66.65
cfed781f36b83cd848a78200091e54d1,1,04fa587378a8e74c3b0acc00efecc93e,c3251e13f1bbda6c74e37c160f991e19,2017-06-01 16:25:22,289.9,60.47
d0040ecb24efd3792cd2f6679895c53a,1,c6dd917a0be2a704582055949915ab32,7a67c85e85bb2ce8582c35f2203ad736,2017-05-16 21:05:11,99.99,13.04
d01bd950611f73e1490c45d87156374c,1,3c2e0c7185b8cb4c6172f7ad5e8f3075,44073f8b7e41514de3b7815dd0237f4f,2017-05-22 01:50:11,35.0,16.05
d01e880670a9a8612c1ad4ce4b56eb26,1,5a6e53c3b4e8684b13388d6aa4afdf12,7299e27ed73d2ad986de7f7c77d919fa,2017-05-11 06:35:18,16.99,17.78
d02832494d9e665c9647bc990b1c24ee,1,d41e71b34a15f8bc2c7ed84561ebb600,522620dcb18a6b31cd7bdf73665113a9,2017-05-25 11:45:20,529.0,47.55
d029aed4c68bfb0519211c6971b4b82b,1,2a2d22ae30e026f1893083c8405ca522,1a3df491d1c4f1589fc2b934ada68bf2,2017-05-19 03:50:19,134.9,18.19
d05cac15bc1000a8d38860c44fc4af09,1,15416967b480fca6c3ceac3335e57c36,53e4c6e0f4312d4d2107a8c9cddf45cd,2017-05-18 01:35:17,47.99,25.63
d0786289d91adc4ed348d7c1d6589013,1,0ec5f6f08cf32bc916d0ae089696a44a,218d46b86c1881d022bce9c68a7d4b15,2017-05-28 23:30:17,271.0,17.53
d0a9dafd211ac9467af0318383ef4da1,1,216414cd4aad908188257071249e0cc3,4a3ca9315b744ce9f8e9374361493884,2017-05-25 09:05:06,227.0,16.34
d0c2b14d5be05ca86f4863c0b0d3a987,1,f3ce47ccf98da2906f6b8b1387618e07,7dc8c42cc750eeafea6c85712ffee9bf,2017-05-25 02:30:38,118.99,21.49
d0d6f28c88378bb68aaed959896a43f5,1,154e7e31ebfa092203795c972e5804a6,cc419e0650a3c5ba77189a1882b7556a,2017-06-05 01:25:27,19.99,7.78
d0e7c11999696d6e68df274547d2bd99,1,c92f0e7b9d49a9543558d6532772441b,5dceca129747e92ff8ef7a997dc4f8ca,2017-05-25 15:40:06,139.9,23.56
d0e8691378e622e52c60c3302d78db21,1,1491a8ff192d4b5c369b0eaa2fe33ee5,37be5a7c751166fbc5f8ccba4119e043,2017-05-18 17:05:17,225.0,16.32
d0f04dee9c829112fe7fa0842b4b0a8a,1,9a98180ffbd0765e89f11cc8dd2385f4,0c8380b62e38e8a1e6adbeba7eb9688c,2017-05-22 18:05:22,74.9,16.38
d0f04dee9c829112fe7fa0842b4b0a8a,2,65b89f415ce968a584fde133ae3ce3bf,0c8380b62e38e8a1e6adbeba7eb9688c,2017-05-22 18:05:22,74.9,20.41
d0f04dee9c829112fe7fa0842b4b0a8a,3,fc04e723b53a7b372e081da67cf6aca2,0c8380b62e38e8a1e6adbeba7eb9688c,2017-05-22 18:05:22,74.9,16.52
d112a6ef5cdb3b9a169fbf4bbd7dcabc,1,612f9101c59a6a365b661f2546fdceda,db46ca7bce82b11f7e247539271fc390,2017-05-18 02:55:49,17.97,8.9
d11d7966d8fcd073e0d78a137e4c96e3,1,06c6e01186af8b98ee1fc9e01f9471e9,fc906263ca5083d09dce42fe02247800,2017-05-25 17:25:11,39.9,25.38
d15e0fd391d14c714d025a4824bf068f,1,9fc98e39f04be8e382d8aa5e259f5489,d2374cbcbb3ca4ab1086534108cc3ab7,2017-05-26 17:30:19,47.9,25.63
d16112398f9c83cdef02abee328caadb,1,23365beed316535b4105bd800c46670e,92eb0f42c21942b6552362b9b114707d,2017-05-31 22:25:09,16.5,17.63
d166f67781b7bd0b6a57efe3bb9c6f37,1,635c8b84adb4d0849874331d19fa25de,f45122a9ab94eb4f3f8953578bc0c560,2017-06-05 22:22:46,68.55,16.24
d168723fbc108ab922a23516046a4b42,1,f045db2493d42bb131ef8e37c3aef061,dd2bdf855a9172734fbc3744021ae9b9,2017-06-21 23:45:19,259.9,35.62
d16f8ec8edbb1c3652f142cc60042a86,1,a1507b98cd821fad51fcfa3e9a95e94e,d1b65fc7debc3361ea86b5f14c68d2e2,2017-06-01 12:10:05,1197.9,75.26
d17dc4a904426827ca80f2ccb3a6be56,1,ba4bfbf74dbe7ab37e263b9326da0523,f8db351d8c4c4c22c6835c19a46f01b0,2017-05-18 20:42:45,36.9,17.92
d17e13cc89dae4a9be616c1a7a68bfea,1,fa0125a234fa85a755371fa0ea37361a,0adac9fbd9a2b63cccaac4f8756c1ca8,2017-06-08 04:25:33,99.9,16.46
d17e13cc89dae4a9be616c1a7a68bfea,2,fa0125a234fa85a755371fa0ea37361a,0adac9fbd9a2b63cccaac4f8756c1ca8,2017-06-08 04:25:33,99.9,16.46
d17f79a0c6b2490418043617c463b463,1,73c5d3186138770b5ae53055adf10ad9,c157bdeedcbc9a8e3c8bf0d87ff24428,2017-05-30 04:10:29,24.9,26.89
d17f79a0c6b2490418043617c463b463,2,73c5d3186138770b5ae53055adf10ad9,c157bdeedcbc9a8e3c8bf0d87ff24428,2017-05-30 04:10:29,24.9,26.89
d17f79a0c6b2490418043617c463b463,3,73c5d3186138770b5ae53055adf10ad9,c157bdeedcbc9a8e3c8bf0d87ff24428,2017-05-30 04:10:29,24.9,26.89
d18d6902fe66909a2e78ded3ad68d633,1,af51d485dc5255ba2e18b21b550156e6,5dceca129747e92ff8ef7a997dc4f8ca,2017-06-02 10:42:22,259.9,86.98
d190a1321e28067fd7f99cb4d115423b,1,a6b56b20f93907299eef6ea711338269,729f06993dac8e860d4f02d7088ca48a,2017-05-10 09:25:19,144.9,23.3
d190a1321e28067fd7f99cb4d115423b,2,a6b56b20f93907299eef6ea711338269,729f06993dac8e860d4f02d7088ca48a,2017-05-10 09:25:19,144.9,23.3
d19f4ab4bd008d9b26f5eb3afc6cc251,1,d556492cb91418b6a9d9613592b4367f,2138ccb85b11a4ec1e37afbd1c8eda1f,2017-06-05 02:42:42,18.99,7.78
d19fb6723049906050963193ff88a628,1,db52f11139e4d3f00cfe4cdb3242a7c2,3bdff180c7e1f6551a643b99c265a120,2017-05-22 03:30:09,59.9,20.91
d1a2f198bf6d06a0c46f0a5cc53f1984,1,75d6b6963340c6063f7f4cfcccfe6a30,cc419e0650a3c5ba77189a1882b7556a,2017-05-26 15:55:18,56.99,34.2
d1bd65aed378a00706c69353b62cfa2b,1,e5220f9798ae3f322484c60a48ec67f9,a3a38f4affed601eb87a97788c949667,2017-06-01 16:45:14,64.9,16.21
d1cc6390ec948b6e8d38ebddd2996d18,1,724079b3201139ea9f397edcf3ec90b9,dc4a0fc896dc34b0d5bfec8438291c80,2017-05-16 01:02:05,77.68,12.88
d1cc6390ec948b6e8d38ebddd2996d18,2,724079b3201139ea9f397edcf3ec90b9,dc4a0fc896dc34b0d5bfec8438291c80,2017-05-16 01:02:05,77.68,12.88
d1d0ec044cc554a29e2e8fcb1c0f1002,1,2ac71e1960d313613f4f4cd468c602cb,4d6d651bd7684af3fffabd5f08d12e5a,2017-05-24 21:42:47,69.9,11.99
d2233ae03525c5a589881557eee7640f,1,b802f976da6557a6c3354618c2056d18,6edacfd9f9074789dad6d62ba7950b9c,2017-05-26 15:55:24,42.9,8.72
d23d2182819dd427049cf791f8b3f622,1,6d2fde7d12bb6ff367dbda120ba8828e,897060da8b9a21f655304d50fd935913,2017-05-17 10:25:26,22.0,15.1
d253964df13ce1e157cebc496a2b9017,1,d0b9d3d449a97f582b325f11b512bfd2,83e197e95a1bbabc8c75e883ed016c47,2017-05-17 22:05:16,124.9,38.42
d258634007adc92b160fdbb262456655,1,99a4788cb24856965c36a24e339b6058,4a3ca9315b744ce9f8e9374361493884,2017-05-22 15:45:16,89.9,15.38
d265c4938775151455ccd396e3261cf3,1,102cdda7fcf3cb71b5f9d6d2a3e56b58,8931a84a914b3fe9b1ddaa4d704947ca,2017-05-25 01:22:47,69.9,17.77
d29212dbe4fbd99ab40e4853c6c09d4b,1,704a6d9f35e39b53c509c886045329ef,79565f7d5603b24ddf07ade262547f2f,2017-05-23 03:45:30,34.0,11.85
d2a1c1e78726b6c25a324476d86f57ed,1,98d61056e0568ba048e5d78038790e77,8581055ce74af1daba164fdbd55a40de,2017-05-11 17:42:08,169.0,27.5
d2aa41358e416312efc398ebd0984d2c,1,f264c1d9b20b5e4a340254d0405e613b,7a67c85e85bb2ce8582c35f2203ad736,2017-05-26 13:06:19,69.99,16.74
d2b819d0452d793d35f2f462a37e3067,1,bf8193d8e1127957f3b82527c6d44c01,a3a38f4affed601eb87a97788c949667,2017-06-01 02:42:31,49.9,42.38
d2c021c9649e328e98f4b09574854cab,1,15b5c55e291cc54d93c46c9a3c9bb9b2,134a288e7de827ec5ec62e3ec9c3a295,2017-05-23 03:22:26,148.6,27.58
d2cb213104a7dd8061659b063f1477bf,1,c5db51af7d9a58228bcea932010cf080,f5f2ab9bdb6b30c14c61be68c5ed37da,2017-05-30 02:50:29,158.9,16.74
d2d558357a6c69ca47cc4eca7571f593,1,5d6d8d46af864e4241365a5cd4980a53,855668e0971d4dfd7bef1b6a4133b41b,2017-06-12 01:10:28,240.0,22.52
d2d6e244e44e7731cbcbcc4d07921c85,1,d88a09e1deacfdf7d5f5a7baa73055ce,53e4c6e0f4312d4d2107a8c9cddf45cd,2017-05-15 11:15:14,36.0,16.11
d2d6e244e44e7731cbcbcc4d07921c85,2,d88a09e1deacfdf7d5f5a7baa73055ce,53e4c6e0f4312d4d2107a8c9cddf45cd,2017-05-15 11:15:14,36.0,16.11
d2d7d1df7a27b9c2249fdbac70ef9fa6,1,3a07f82957867a5eb477dc7f2f60c2aa,6560211a19b47992c3666cc44a7e94c0,2017-06-07 04:10:31,38.0,15.1
d2d7d1df7a27b9c2249fdbac70ef9fa6,2,87cb507e0daa37bbf34956fd59eba832,6560211a19b47992c3666cc44a7e94c0,2017-06-07 04:10:31,29.0,15.1
d2f2458326a050b121e7acd0e3506d8d,1,fd1976772549ed5b4aed965293122ac8,620c87c171fb2a6dd6e8bb4dec959fc6,2017-06-06 11:15:10,279.9,16.71
d3037ef55ee7f4d6c892da7493f4912f,1,2423252b2432f1803e4f29e0974c6cf7,48436dade18ac8b2bce089ec2a041202,2017-05-23 16:22:22,139.9,14.57
d3221f47eb4afb028ea89bf72bdc8bc8,1,211f62173e6bd1cf140c0b05ecf78cbe,83e197e95a1bbabc8c75e883ed016c47,2017-05-09 15:22:47,139.9,13.56
d327d4550c9e554034f23cd77a8924a4,1,757e03cbdab9161ad95210a779dd2b2a,60ad151920c4f6f3ebbe8cfdf6166779,2017-05-18 13:10:39,65.0,11.95
d32cb51bd31a6d467f53c1e4aaeee27f,1,6002665d65ee348dcd357c7bb2f080bd,f45122a9ab94eb4f3f8953578bc0c560,2017-05-18 14:25:08,59.99,17.67
d33a24a5ea67f8f5a06b0a32e53f3acf,1,dcd7a14115098925c83dd54daab99cbd,aba1721a889e04decc910aa13b768ef4,2017-05-23 04:10:25,63.0,15.19
d346370ba346967892986f57438f7765,1,e67307ff0f15ade43fcb6e670be7a74c,f4aba7c0bca51484c30ab7bdc34bcdd1,2017-05-29 03:30:22,18.99,15.1
d35cead7fec778d8d6d84650399972ed,1,c43ab4269cbf91b373263db4c2973cad,48436dade18ac8b2bce089ec2a041202,2017-05-18 19:02:31,45.9,16.11
d35f8048e8ab7b7c8e2080c53fe3cd10,1,a2f7cac38089c44bb364918bd80468d5,ccc4bbb5f32a6ab2b7066a4130f114e3,2017-05-30 09:05:16,740.0,18.93
d367a93b215e8828942054fc3799c834,1,060cb19345d90064d1015407193c233d,8581055ce74af1daba164fdbd55a40de,2017-05-25 19:25:23,147.9,15.79
d379106e33d9ce768889ef816526d215,1,c7b3cf9de7be95b3e09e7a63315685eb,5dceca129747e92ff8ef7a997dc4f8ca,2017-05-09 15:10:17,79.9,20.64
d37b53d1cf94392956ba70a53c758c84,1,205cf43d203186d5eb440a791a5b7404,d98eec89afa3380e14463da2aabaea72,2017-05-19 10:10:19,25.0,12.48
d37b53d1cf94392956ba70a53c758c84,2,62725a92101c725a6430182a7261416f,d98eec89afa3380e14463da2aabaea72,2017-05-19 10:10:19,19.99,12.48
d37c9e8893d10d17fbf866c85f0dde90,1,4cda9d93b0a846dfdca597f1b1d19c08,520b493b57809f446cb0a233bb3e25c7,2017-05-25 16:30:14,98.0,21.18
d37c9e8893d10d17fbf866c85f0dde90,2,4cda9d93b0a846dfdca597f1b1d19c08,520b493b57809f446cb0a233bb3e25c7,2017-05-25 16:30:14,98.0,21.18
d39bab8a9af00bb16a6a2bb759d03bd3,1,dfb68ce52d4975e692909a1bf9d59f1b,827f8f69dfa529c561901c4f2e0f332f,2017-05-17 17:35:17,37.9,8.11
d3af2af4c9e5b37fbf3379cfd6d45b01,1,fb1f078a066428f00c1d71d6b9df3ff8,eebb3372362aa9a46975164bed19a7e7,2017-05-15 21:02:49,73.99,8.72
d3b4696e5703c926ee140816dd2a5e37,1,5877301b00f95e3c6118738b293dfab3,d91fb3b7d041e83b64a00a3edfb37e4f,2017-05-09 11:25:58,39.99,11.74
d3c64cf55752f7821e85e7ea9b9b3f30,1,44414d55ce2808a7b8f3568a92d1484f,d36b07fd3c5088e477a72d1fccfe29d4,2017-05-12 11:30:19,328.9,10.96
d3d5d98dda9bb549d81a9b4b9e404bc2,1,32b2c8b108d24d0729982597ff9aa62c,dbc22125167c298ef99da25668e1011f,2017-06-06 22:02:19,49.9,15.1
d3d77ac289fa018592f73d730cbbdcd4,1,4c1e109ecdf58453de365d217cefa64c,4e922959ae960d389249c378d1c939f5,2017-05-12 13:55:13,120.0,16.05
d3e02de362fc9f3853a322184625c590,1,228f57b1acb5bdce9401c58653c8cc14,7e93a43ef30c4f03f38b393420bc753a,2017-05-16 14:55:09,205.81,16.2
d3ea9c99eac9b669d0d3b94941d57aac,1,862f21f0a089e3a09528412f6ec63428,b335c59ab742f751a85db9c411a86739,2017-05-17 21:15:16,59.74,17.67
d3eb3d3d09637fa9093a25b933eaf1d4,1,ddc46156c31a0339508eecfab975f4f6,7299e27ed73d2ad986de7f7c77d919fa,2017-06-05 05:02:36,8.99,16.79
d3f58dcb7705f30c2257940517740287,1,136b005b69367b661e552c94cd28a37e,b1fecf4da1fa2689bccffa0121953643,2017-05-08 04:02:33,188.9,19.45
d3f61af04f38785c0797842d31273ffc,1,de72026142ffc78ea7a8d6ce739056b1,99eaacc9e6046db1c82b163c5f84869f,2017-05-16 18:02:41,110.0,15.52
d4299c499db7e5259f1116d3c3462683,1,edae5a83fa229c8a7ec2d4730120bbda,f4aba7c0bca51484c30ab7bdc34bcdd1,2017-05-31 10:50:11,19.9,7.78
d43e09377465273d9e75ee7a51a6445a,1,562cc921a8887a6be5832fc2db1c3dc8,9bcdfa7b615b3abb9461d9e3ad9886ae,2017-05-31 16:30:15,179.9,17.02
d451da9b109e1786f303924d04ed72a1,1,f457c5f0c72ba4cae17636c5174add2e,9646c3513289980f17226a2fc4720dbd,2017-05-26 02:30:44,18.0,8.27
d45a607d52fb19d5403aea4da8c702a0,1,23365beed316535b4105bd800c46670e,92eb0f42c21942b6552362b9b114707d,2017-05-10 02:50:39,17.89,14.52
d46324f9f8fe64d3fbd530e2d79573c9,1,322ecdda3eff7439376c27a5114fd114,48162d548f5b1b11b9d29d1e01f75a61,2017-05-15 23:35:19,70.6,34.29
d46993f8bb61402cf53ed368bfca017e,1,c689470c5a069795896edc7b896d9251,0c8380b62e38e8a1e6adbeba7eb9688c,2017-05-30 02:50:22,49.9,17.6
d487835d01a5017cf60bdec36e5e8cff,1,60d0556ba3ec09b00a4656eafb0a2760,1127b7f2594683f2510f1c2c834a486b,2017-06-01 02:15:06,15.86,15.1
d4d59632b48a026cbe13a59ae7af6f9b,1,e9def91e99c8ecb7c5cef5e31506a056,850f4f8af5ea87287ac68de36e29107f,2017-06-01 10:35:22,59.99,7.78
d4d7c1beb2c6dc87bb984a3179558ac4,1,517d4955ffcf9fbd2bb0beb193c81a42,48436dade18ac8b2bce089ec2a041202,2017-05-10 21:10:13,118.9,24.55
d4d7c1beb2c6dc87bb984a3179558ac4,2,517d4955ffcf9fbd2bb0beb193c81a42,48436dade18ac8b2bce089ec2a041202,2017-05-10 21:10:13,118.9,24.55
d4e27dc356ca647fd39f91affa4feb89,1,674d9e3c3964c35239687c920b19a307,2138ccb85b11a4ec1e37afbd1c8eda1f,2017-05-25 17:55:11,29.99,15.1
d4e4ac3c423a38f131a755f777d2f73d,1,4ed86bcb86407328452ac1c5b3b89d67,3f8034bfc6b8b4135534975d49f04c63,2017-05-30 09:15:19,45.0,15.79
d4e4ac3c423a38f131a755f777d2f73d,2,4ed86bcb86407328452ac1c5b3b89d67,3f8034bfc6b8b4135534975d49f04c63,2017-05-30 09:15:19,45.0,15.79
d4e4ac3c423a38f131a755f777d2f73d,3,4ed86bcb86407328452ac1c5b3b89d67,3f8034bfc6b8b4135534975d49f04c63,2017-05-30 09:15:19,45.0,15.79
d4e4ac3c423a38f131a755f777d2f73d,4,4ed86bcb86407328452ac1c5b3b89d67,3f8034bfc6b8b4135534975d49f04c63,2017-05-30 09:15:19,45.0,15.79
d4f0a2e6724782ffec52257b637dc928,1,b206760d97dbc76527bb07029a6179cb,85d9eb9ddc5d00ca9336a2219c97bb13,2017-05-09 11:30:23,34.9,8.72
d52567da8869433ef71cdc3aa0c6e0eb,1,f51dde119b9a90e3c7464f0cc45c0953,128639473a139ac0f3e5f5ade55873a5,2017-05-24 23:15:15,14.9,15.1
d53a5c7f5b9c8a011c50a20c35cf7e9a,1,c234a60a994181f45605566bef8fe3b4,d101c6da914ae3d53f7bee42283f2fe2,2017-05-18 15:10:13,109.9,16.4
d53d7b60c29d9e2fba820bfbe027df12,1,b59fb744c6f3cd1dc23b10f760848d98,916748bc99315c2d202898ae58b1617e,2017-05-31 22:30:18,9.9,11.85
d53d7b60c29d9e2fba820bfbe027df12,2,b59fb744c6f3cd1dc23b10f760848d98,916748bc99315c2d202898ae58b1617e,2017-05-31 22:30:18,9.9,11.85
d53f2f6c0bd9152936601ea9590e1840,1,87283a98b24f9f1ac3a31b631073cf47,cab85505710c7cb9b720bceb52b01cee,2017-05-23 01:25:24,49.9,11.85
d5542d526e0bebb1db25cc2bf472a21e,1,e2fcaac49de7a3a90f0dc74d7b1e9f10,2528513dd95219a6013d4d05176e391a,2017-05-22 14:35:22,299.0,15.7
d55ece0f3afa9b57b5a78038efddbbbc,1,0e2d52789a024cfd6f9204778320a8e5,f181738b150df1f37cb0bd72e705b193,2017-05-31 02:50:18,219.0,17.58
d56d253bb8a09c81d1ab1cfb6a03813a,1,a298a105818dce6878b787e4af6cff7d,e26901d5ab434ce92fd9b5c256820a4e,2017-05-29 03:45:14,79.9,34.36
d591675818376797a7a3b0d42c9241fb,1,0f3777229e40207d248acfd6e1f716b6,e2aee0892199b1d92530e371abd825bf,2017-05-22 03:42:43,189.9,143.47
d59576da0f17d86f09c7bd7dba50cf56,1,c5b6cb0ce3279d64025831b972bf5dee,3d871de0142ce09b7081e2b9d1733cb1,2017-05-31 13:05:25,79.0,17.8
d5a0359c9a84924aa4c85244ff60c1ef,1,42faf2e98f0486405f5dfac48e5cba7d,1127b7f2594683f2510f1c2c834a486b,2017-05-09 11:10:26,14.46,10.96
d5b7cd87c525268736b56f0b22d14ee7,1,3f1a741cf5591384428c1cbb0ef07ec0,36a968b544695394e4e9d7572688598f,2017-05-31 06:35:19,14.9,8.27
d5cae76a3a1157f7947579bf8ae13f18,1,7ae8d9b8eca8a6daf066e53ddc7034d3,128639473a139ac0f3e5f5ade55873a5,2017-05-31 21:05:16,12.9,15.1
d5cdc053cdfd98fad4a2330ff501852e,1,99a4788cb24856965c36a24e339b6058,4a3ca9315b744ce9f8e9374361493884,2017-05-15 09:35:23,89.9,12.13
d5d78aa1e1666a81b03bd8791c865fd3,1,7340a3839a1de1e99d149b8cf052a2ec,4a3ca9315b744ce9f8e9374361493884,2017-06-05 13:07:47,69.9,12.83
d5ea2169e37b50c52923ed4e62482bda,1,7344630ca6c1a4917e55f35c729baa7d,db4350fd57ae30082dec7acbaacc17f9,2017-06-05 04:42:44,16.9,5.98
d5ea2169e37b50c52923ed4e62482bda,2,2cbd0f06c3123f0bd14c4bffc0498996,2138ccb85b11a4ec1e37afbd1c8eda1f,2017-06-05 04:42:44,39.99,9.58
d5f7fa751e79c6327ae63759c262813a,1,f71973c922ccaab05514a36a8bc741b8,5dceca129747e92ff8ef7a997dc4f8ca,2017-05-10 10:05:36,109.9,37.17
d5fbeedc85190ba88580d6f82d1d5ed3,1,04af9f3af5c6afc4eece909c25330934,6560211a19b47992c3666cc44a7e94c0,2017-05-19 12:12:07,129.0,8.16
d62324319b4efb72f855f123f06cb07f,1,06e73ddcb54620a36bfdb2e073c4dc40,0ea22c1cfbdc755f86b9b54b39c16043,2017-05-25 23:05:15,34.9,16.79
d62bab5c91a792f0334cb97ec1e8e6fe,1,c6dd917a0be2a704582055949915ab32,7a67c85e85bb2ce8582c35f2203ad736,2017-05-26 06:43:14,99.99,9.51
d6408f7d8bf528bd4da31835b3b00079,1,5f21301936c11698db6aee5444190da0,fe2032dab1a61af8794248c8196565c9,2017-05-12 10:25:17,149.9,14.52
d65585ccd99c854db1f1ff1618ddaed1,1,574597aaf385996112490308e37399ce,febab0275244b9a49a623f0bd613ca2f,2017-05-24 02:30:21,49.0,11.73
d66019cee9362dc5fb477e354c7cedf2,1,8c38d21062ec6ee492c3500d01150b7a,b4a476fbd28de64b1e347abf9089366a,2017-05-25 09:22:26,16.0,16.79
d66702922aef0a934935edfba929e95a,1,c075b8e131353552218860f1c421e4ef,f80edd2c5aaa505cc4b0a3b219abf4b8,2017-05-24 13:10:17,48.9,46.88
d67a40cc6237a8af06509f350a29b406,1,e57eb018e37376580079825eb29a3419,b1fc4f64df5a0e8b6913ab38803c57a9,2017-05-15 11:02:24,89.99,14.38
d68577040bb03de699bdeebcb80b5d0d,1,2a0cbfbf0006e0d28dee8a5f20e1ebf2,dc4a0fc896dc34b0d5bfec8438291c80,2017-06-02 20:45:16,199.9,19.29
d6955d34f1d9983d21c67f279aadd306,1,154e7e31ebfa092203795c972e5804a6,cc419e0650a3c5ba77189a1882b7556a,2017-05-19 19:55:18,19.99,7.78
d6c877d8995925578fdeb1d186915549,1,d0877f0094337c414d23f5a3c7bad20c,656591be56071d4c9ef4e5fee78a578a,2017-05-11 13:10:37,430.0,27.52
d6fb74265802d3b7f2c16ebb97cbe900,1,6ae38d49db7fc65ad1779828542aecba,eeb6de78f79159600292e314a77cbd18,2017-05-18 09:10:15,219.0,36.85
d704531521342cc30fbd72ab1c5eb9da,1,357a9e8a4b691ffbb0f855b23d490c4e,432c37c9dfba871172ec162e20118b8c,2017-05-31 03:10:18,33.0,15.1
d70b7dce9b527096fbd9e4d0e54ab451,1,f6bd73f359ad6b91076b19cc0b70b44a,557f22c76691849db52d2abccf0015d0,2017-05-22 03:56:10,74.99,35.84
d7108e3ddf254c6b56ec41b3a4e0567e,1,3efe696e322f9139e3d2b894cb1f7a09,062ce95fa2ad4dfaedfc79260130565f,2017-05-25 18:50:15,189.9,36.65
d71ab635f3b4f2f570959c702bafd4b4,1,574597aaf385996112490308e37399ce,febab0275244b9a49a623f0bd613ca2f,2017-05-18 17:22:37,49.0,13.37
d7223bda384121339a1417576984d28e,1,dceb3f67aef3484498a7caa4ba50f484,2fdde51ad3e12f297da656d4fbd5d0b5,2017-05-23 16:30:11,449.0,43.53
d7265f36cbd2814e8be76a4fca48a1d8,1,cb035acb0af5f79c8ebad476b968574a,70a12e78e608ac31179aea7f8422044b,2017-05-24 13:05:21,79.0,16.31
d731191f76c39fe5c7d22edddb6836ba,1,338a394da06eb5deff048f151d13151e,c42fd8e4d47dfb18ce5222f2dd7752f9,2017-05-25 11:35:21,26.0,4.65
d731191f76c39fe5c7d22edddb6836ba,2,2f08de199f389c9b400128b0c7b750e4,c42fd8e4d47dfb18ce5222f2dd7752f9,2017-05-25 11:35:21,26.0,4.65
d731191f76c39fe5c7d22edddb6836ba,3,769106ca9d176076a3f0debb980e64ba,c42fd8e4d47dfb18ce5222f2dd7752f9,2017-05-25 11:35:21,26.0,4.65
d731191f76c39fe5c7d22edddb6836ba,4,1fdac0720456c9b74b0a93aeb821d5a2,c42fd8e4d47dfb18ce5222f2dd7752f9,2017-05-25 11:35:21,26.0,46.45
d738667fa4f31f5d89dd8dfcc07699ec,1,cb035acb0af5f79c8ebad476b968574a,70a12e78e608ac31179aea7f8422044b,2017-05-15 09:30:24,39.0,12.69
d7520dd6301787392e59dddbbc68ea22,1,5a419dbf24a8c9718fe522b81c69f61a,e26901d5ab434ce92fd9b5c256820a4e,2017-05-19 19:25:18,39.9,8.72
d756d977405b47db7635ff6c50a6e6a5,1,5a6e53c3b4e8684b13388d6aa4afdf12,7299e27ed73d2ad986de7f7c77d919fa,2017-05-10 07:15:13,16.99,20.8
d75e311ca4f168e93c59d95f49212320,1,cb9650b0b86415106d480099a14b9d6d,ebd2d60905fb58271facef5596b620d3,2017-05-24 14:15:12,56.99,13.42
d770c2af072ad47e1f38031aac283ee9,1,f9cbe8bae385034b464b9e22491ff68a,c68fb906c8f4b4b946d8386bfa6e5467,2017-05-23 23:45:13,61.88,13.45
d77216a3568824e12f455a229454fe60,1,29427de7f8a9ee983d9dbc51cec569b4,7a67c85e85bb2ce8582c35f2203ad736,2017-05-25 08:10:16,99.99,17.95
d794ed99dd97ec2131fc626c62291b38,1,f264c1d9b20b5e4a340254d0405e613b,7a67c85e85bb2ce8582c35f2203ad736,2017-06-06 14:42:46,69.99,16.74
d799d9179d71dbb119be4733fa817085,1,1b0e39ec889889ea1d492603d8512bfb,e26901d5ab434ce92fd9b5c256820a4e,2017-05-25 14:30:21,32.9,8.72
d799d9179d71dbb119be4733fa817085,2,1b0e39ec889889ea1d492603d8512bfb,e26901d5ab434ce92fd9b5c256820a4e,2017-05-25 14:30:21,32.9,8.72
d7ae32c7a5b1f93a80e672ce4fe7d7f5,1,c8194120cffeb4eea08d08e91ed1d284,52562a9f449c3dc3d53f5f5b9ed74903,2017-05-18 14:10:15,599.9,47.5
d7bd9020e0a2758aef0994ea533ee928,1,9ce4603565c839785b24a7e95e28f4eb,59fb871bf6f4522a87ba567b42dafecf,2017-05-11 10:55:17,119.99,26.09
d7c88efc86371e81d37eb2cff1c61020,1,f2e53dd1670f3c376518263b3f71424d,4a3ca9315b744ce9f8e9374361493884,2017-05-30 09:02:43,109.9,12.27
d7d09bb28b0aaf12389e3109664c1377,1,e112bafe6285b42e5a1d51790dde0a74,ef506c96320abeedfb894c34db06f478,2017-06-01 14:25:10,29.99,16.79
d7d09bb28b0aaf12389e3109664c1377,2,e112bafe6285b42e5a1d51790dde0a74,ef506c96320abeedfb894c34db06f478,2017-06-01 14:25:10,29.99,16.79
d7dea38a19ada84d1329581a16b14f63,1,beefe69ad05b3ad47376e388d3b5ea22,dbc22125167c298ef99da25668e1011f,2017-05-24 08:50:15,102.9,29.12
d7ebe26f7b9c7600c40edd2b0edc7afc,1,0ce1e35bdc6af7e582e7ef9363e29b5b,db4350fd57ae30082dec7acbaacc17f9,2017-05-29 03:22:53,15.99,34.15
d82845f8b7ebd4d9b7ebae995e0ff08b,1,2020db9c389956e879dd05e6250413d8,d1b65fc7debc3361ea86b5f14c68d2e2,2017-05-30 23:42:44,229.9,13.11
d82845f8b7ebd4d9b7ebae995e0ff08b,2,d3d5a1d52abe9a7d234908d873fc377b,d1b65fc7debc3361ea86b5f14c68d2e2,2017-05-30 23:42:44,229.9,13.11
d855859634047e01721b79b19351224f,1,63509853c8fbc63605d354a4ca4f689b,53e4c6e0f4312d4d2107a8c9cddf45cd,2017-05-05 14:15:09,47.99,15.56
d85a98bb9881eb52e0efa5e9ddece3eb,1,7b07e5afce1bb1e6fa3ffcdc718d7e69,70a12e78e608ac31179aea7f8422044b,2017-05-26 13:05:59,45.0,16.79
d868b96ed53089f3a6e9b202ee041dbf,1,bbe4dfe43d77a5d150ed30618b20db25,04aba03279157f6d4e0fe8ccaf21963c,2017-05-17 11:55:22,160.0,15.87
d884aeded7a463f237549f42945b729c,1,0b9d32c4f39a77eca7f39c5b69ebc690,827f8f69dfa529c561901c4f2e0f332f,2017-05-22 08:42:18,35.9,15.1
d88817e778e1757d6b7ea060be13a7f3,1,9cd2db58a42140c6e5dbb6ddd5c367d7,0ea22c1cfbdc755f86b9b54b39c16043,2017-05-31 06:42:42,14.9,15.1
d88817e778e1757d6b7ea060be13a7f3,2,ca8900ebdc7a2b907753dd3bf2672e19,0ea22c1cfbdc755f86b9b54b39c16043,2017-05-31 06:42:42,19.9,15.1
d894c56b9292fab569a34d58c6051772,1,6c273bcb49e4c78e0de3043e5efe81f9,dc4a0fc896dc34b0d5bfec8438291c80,2017-05-31 02:15:18,26.9,11.85
d8a3a8c458243721ca285392ac882c78,1,93342929379a306b944935867076da28,b4a476fbd28de64b1e347abf9089366a,2017-05-18 22:50:21,385.0,40.24
d8bd004470081a1d36e3fc745cd96951,1,1d9c9e0532fb481c0f89c3b20cec62e6,82bd0703a4aefd6b599e5bfdaed378fb,2017-06-05 11:10:14,298.0,14.43
d8c15550aee132ffe4ed54c7da238e35,1,bddc1407637849d18d139b4012e4406a,48162d548f5b1b11b9d29d1e01f75a61,2017-05-24 13:10:54,74.0,12.02
d8c65cae037f8f9a93e2a53c54357a21,1,59fe488ea6ac9439bc86663f4a564c23,ef506c96320abeedfb894c34db06f478,2017-05-26 16:45:12,17.0,25.63
d8c67af252d6fb9d0627101531bd3833,1,d1180aba69fb6030500e0f31034779e3,0be8ff43f22e456b4e0371b2245e4d01,2017-05-17 04:05:17,49.9,17.63
d8d0471bb378cd618edd30efbc110325,1,cb584c49f570fef84e71a4297652bd48,9d5a9018aee56acb367ba9c3f05d1d6a,2017-06-06 18:05:16,160.33,17.56
d8eeab46fdc56c1066b44166186c2465,1,02d48451331287e2bf12560d032d57a6,70a12e78e608ac31179aea7f8422044b,2017-05-11 22:42:01,79.0,15.3
d8f367dd5e7df2171c1f718170dbee73,1,feba83b90adfde26a6a944dee721e573,2709af9587499e95e803a6498a5a56e9,2017-05-18 02:50:22,8.6,14.1
d904c8fc4955920c3cdb9a2681648f3d,1,9695cc1865970dfe9b66a5a83e59cfac,128639473a139ac0f3e5f5ade55873a5,2017-06-02 12:22:48,94.9,17.91
d907dae45d8ccfff636cf4369e496bad,1,75d6b6963340c6063f7f4cfcccfe6a30,cc419e0650a3c5ba77189a1882b7556a,2017-05-10 15:10:23,56.99,14.57
d90c74ac81e1df6eb8fa862f94aeb132,1,0cf573090c66bb30ac5e53c82bdb0403,99eaacc9e6046db1c82b163c5f84869f,2017-05-09 11:32:26,59.0,14.58
d90c74ac81e1df6eb8fa862f94aeb132,2,0cf573090c66bb30ac5e53c82bdb0403,99eaacc9e6046db1c82b163c5f84869f,2017-05-09 11:32:26,59.0,14.58
d92888ccf9b2ae4399868e099fadf925,1,466d263ce8b7bd275003ee2104428127,ef506c96320abeedfb894c34db06f478,2017-05-17 03:50:20,25.99,15.1
d9547df3c08b9a1d75ac31317de05c25,1,d4d1de9db08cae166ea1a506ea87769b,70a12e78e608ac31179aea7f8422044b,2017-05-17 02:22:55,21.0,15.1
d955112528af770639e476af3ad63f45,1,f3a67aed340d9b5f218c2d177cc720e3,86ccac0b835037332a596a33b6949ee1,2017-06-02 10:50:13,47.9,15.1
d955112528af770639e476af3ad63f45,2,f3a67aed340d9b5f218c2d177cc720e3,86ccac0b835037332a596a33b6949ee1,2017-06-02 10:50:13,47.9,15.1
d9644b981a4d023c5392dd06bfc8cdc0,1,de26d4014234181730a1143f75dad0e7,36a968b544695394e4e9d7572688598f,2017-06-14 04:30:27,12.9,42.38
d973ffbdc6785dd43a4bc006e69ae3e3,1,99a4788cb24856965c36a24e339b6058,4a3ca9315b744ce9f8e9374361493884,2017-05-10 14:02:34,89.9,14.8
d9877e15acab7084c36ddb2cdc47cbc5,1,dd7c7650c31d56afe11234bfd0a1e1ea,77530e9772f57a62c906e1c21538ab82,2017-05-23 17:05:13,49.0,14.1
d98c5ae5ced12b3d997f7b614a8f1bb7,1,1c42962612d557f85753b24c2b97070f,6ee85be3693ed79a8e80718743d80655,2017-06-01 17:25:20,34.5,7.78
d98c5ae5ced12b3d997f7b614a8f1bb7,2,1c42962612d557f85753b24c2b97070f,6ee85be3693ed79a8e80718743d80655,2017-06-01 17:25:20,34.5,7.78
d98c5ae5ced12b3d997f7b614a8f1bb7,3,1c42962612d557f85753b24c2b97070f,6ee85be3693ed79a8e80718743d80655,2017-06-01 17:25:20,34.5,7.78
d98c5ae5ced12b3d997f7b614a8f1bb7,4,1c42962612d557f85753b24c2b97070f,6ee85be3693ed79a8e80718743d80655,2017-06-01 17:25:20,34.5,7.78
d98c5ae5ced12b3d997f7b614a8f1bb7,5,1c42962612d557f85753b24c2b97070f,6ee85be3693ed79a8e80718743d80655,2017-06-01 17:25:20,34.5,7.78
d995e10d1dabcfe4dba1fbd2d796df1b,1,59fe488ea6ac9439bc86663f4a564c23,ef506c96320abeedfb894c34db06f478,2017-06-06 18:50:20,17.0,15.1
d9aa5509422ca53597e0806067d52f05,1,29427de7f8a9ee983d9dbc51cec569b4,7a67c85e85bb2ce8582c35f2203ad736,2017-05-30 12:03:54,99.99,16.95
d9c7d6586555e3adb3709a7047e36c11,1,ab9cf155f8280c3739b09fe341a185e8,92eb0f42c21942b6552362b9b114707d,2017-05-18 17:02:36,13.98,15.1
d9ce395d10fd1a877b78763718f29b5a,1,e02468b92277cf781a87051ff6d80e1c,c286ec035ee04ba81c97508f0b5df544,2017-05-17 22:45:15,294.0,50.67
d9e44c3fd2ce16086619f299e92e12d8,1,28b5fef7b6d63771e9784bc68c783793,d91fb3b7d041e83b64a00a3edfb37e4f,2017-05-11 20:22:14,35.0,16.11
d9fc4886cbdda945f7974e3857807bff,1,5ae7943d5ce738386050e944a06f9603,c273175f7c6c80fb02f051e2fc6d0d72,2017-05-25 19:55:08,29.7,17.63
da00834d06065856c172220d3aeff76a,1,2ae40c35ef6620f730a55329d0cd3301,6b9b80d53ba3676eafe60268a810b5a1,2017-05-08 12:35:44,99.0,19.39
da0831d4484d6bb80afb9ddc8c12068c,1,2a1e3c9dcf961bc044d917e9358041e4,ef506c96320abeedfb894c34db06f478,2017-05-18 13:10:11,49.99,7.78
da10ccdda2c75ef56689e000a5ef9e1f,1,769cc5a32d4e6c7710013f35a73d45e9,c0e6839516f5398edc34adf5f1d53d1a,2017-05-15 09:50:19,34.92,14.12
da1630ace2e5b7e69a1bbe87059a4286,1,3cebb9158a3aa0b3f78ee0f934c9f032,7008613ea464bad5cb9b83456e1e6a8f,2017-05-17 04:02:50,59.9,46.95
da1e438a39bc8b47403207e4c043594d,1,30caacf4dfc199dc577a9627395a881d,f80edd2c5aaa505cc4b0a3b219abf4b8,2017-05-14 23:30:14,53.9,15.13
da1e438a39bc8b47403207e4c043594d,2,30caacf4dfc199dc577a9627395a881d,f80edd2c5aaa505cc4b0a3b219abf4b8,2017-05-14 23:30:14,53.9,15.13
da33789924d00b4f90906b4b94e70fe4,1,af51d485dc5255ba2e18b21b550156e6,5dceca129747e92ff8ef7a997dc4f8ca,2017-05-17 22:10:20,259.9,41.77
da4653db2042d5314de6a1d9b398b8ea,1,50bec4f732b87a71331108e85464f5e0,ef506c96320abeedfb894c34db06f478,2017-05-24 19:10:17,39.99,7.78
da76e3c8bc4ce67a5b382cfdeb67edde,1,54f8f27ac6543c074ae5c4e7759b054a,e067ad2c1c0b48758eb1b5228bcf7a68,2017-06-13 06:55:39,28.9,11.85
da7e814c079cfdd00249b4127a6581e9,1,3adf46dbf0aa2bcca9d6fc85e4e7c339,897060da8b9a21f655304d50fd935913,2017-06-01 19:30:19,29.9,15.1
da8b28740e0c2eab5292d17c3cbb853b,1,ccf4d6714c4e1c7ea8cf2783aa0373b5,e9d99831abad74458942f21e16f33f92,2017-05-10 10:22:31,49.99,20.8
daa13cb5f8efbd2ee69043963b0f233c,1,a5260e6fb64e23948b99be5aa3ecc996,fa1c13f2614d7b5c4749cbc52fecda94,2017-05-09 15:15:22,139.9,15.15
dadb8dd1ec0c5e2a6e53a6e4121d7938,1,b1acb7e8152c90c9619897753a75c973,cc419e0650a3c5ba77189a1882b7556a,2017-05-19 06:35:28,34.99,14.1
dadbe5c0d37a042483c113e0cbbe2208,1,0cc13a424dc207f8c4d3b26ea1cd384c,710e3548e02bc1d2831dfc4f1b5b14d4,2017-05-05 10:55:16,349.99,20.73
dae83470e95e9cf80cf6bcb0fa345777,1,422879e10f46682990de24d770e7f83d,1f50f920176fa81dab994f9023523100,2017-05-22 06:35:24,59.9,28.82
daf525cd8a634a1b49dc7b09d332d85d,1,993dda4a23beb110830cd8d181abe310,5a8e7d5003a1f221f9e1d6e411de7c23,2017-05-11 20:55:20,39.9,14.52
db18c3a700202016c801626db03e7131,1,ace4686a281385c082500437e5e73b61,3364a91ec4d56c98e44174de954b94f6,2017-06-05 23:15:13,1199.99,50.43
db582aca3fc2d44e76fa63eb576032c5,1,23365beed316535b4105bd800c46670e,92eb0f42c21942b6552362b9b114707d,2017-05-10 13:42:29,17.89,8.72
db6c6df011e1bcc8e03e81b23982a1dc,1,b17808303e15dd50538c011b44295427,4a3ca9315b744ce9f8e9374361493884,2017-05-17 13:05:31,68.9,17.49
db6c6df011e1bcc8e03e81b23982a1dc,2,bf5cd6b613d9b11ecd53a9410e7c1f11,391fc6631aebcf3004804e51b40bcf1e,2017-05-17 13:05:31,24.75,14.86
db79668a5504403f129b4cf78d3b03c0,1,50f5f13adab483598dfb6a40afaf70b6,e21a1e8be4715b0fcfd5385643bc49c4,2017-05-15 13:35:09,19.9,42.38
db840ba7f7a60faf5eff58723492dfe1,1,e1300b5f677ce8eba14ab147080d6a68,3481aa57cd91f9f9d3fa1fa12d9a3bf7,2017-06-02 13:45:12,64.99,47.97
db840ba7f7a60faf5eff58723492dfe1,2,c18ac1d6cc053c0ec7296b994ae6ffeb,86ccac0b835037332a596a33b6949ee1,2017-06-02 13:45:12,32.3,5.33
db8551232150d37b0f71902146aba978,1,ca6d10d1487b13988e0241beaa7fa089,83e197e95a1bbabc8c75e883ed016c47,2017-06-04 22:50:15,135.0,19.19
db8551232150d37b0f71902146aba978,2,ca6d10d1487b13988e0241beaa7fa089,83e197e95a1bbabc8c75e883ed016c47,2017-06-04 22:50:15,135.0,19.19
db88396cf9aab6635eb909ed423d6662,1,8f40f0b0018b8f6fd449c4c0713e3118,9de4643a8dbde634fe55621059d92273,2017-06-01 14:50:14,538.9,24.26
dbb182f0099f1b6b9172a1f1fe4a62b3,1,58e5c5c2d7966172afc6d5e125773d2d,5566627eab3fe93fd6ee08798226101a,2017-05-17 04:22:38,13.9,42.38
dbb763c04b5beadac2bbd9d8560f8728,1,3758055ab2434bd36ac78e00b15b5cf6,59fb871bf6f4522a87ba567b42dafecf,2017-06-07 20:23:11,219.99,18.82
dbc2de3f4c0498619c085f68a7e38fc5,1,66f7f8d449192024900375fad770d864,7e93a43ef30c4f03f38b393420bc753a,2017-05-24 16:30:08,1000.0,23.44
dbc476d2e6faedcc009ae94aa8c2f8f7,1,734cb1ee54f5d7e96c0c9d9732a21721,11305281b50fff20ae8bb473f8e11876,2017-05-31 15:25:08,44.9,19.59
dbc59da30205f3f5f7b3b0259e89b622,1,01b864cf36d60d972e2e29d8c5084d64,004c9cd9d87a3c30c522c48c4fc07416,2017-05-23 15:22:18,139.99,21.47
dbdd61ba78716573541e1374b79ff741,1,fde0eff565370716f3400d2bdf4e148a,dc4a0fc896dc34b0d5bfec8438291c80,2017-05-23 10:35:15,118.58,13.17
dbe715996d171c4b2877daa01c0d6aca,1,1b0e39ec889889ea1d492603d8512bfb,e26901d5ab434ce92fd9b5c256820a4e,2017-05-22 03:25:26,32.9,15.1
dbec54e46dc0fa4809af85a952a4b4d6,1,3a9fd03ce8ae5650c7a83cf3b481ba8f,c6218512d16fcac0af02fe92691cf274,2017-05-22 20:15:17,55.0,19.88
dbf0ef2523a1685c333401eca1edac76,1,902ef94ec6b84c1abdc30ac2877a0e95,a4bd6e9adf39b63f43dc545d3ca1f53d,2017-05-11 20:55:21,249.9,17.51
dc0090d613d9e71c981ca40fdf835f84,1,2d063994ae4667cff3d6841e9d441d1d,13d058e4eeac2ce8217660b2f8a05812,2017-05-19 13:30:15,89.99,39.62
dc258f93f65625347073b8e56ad0fab1,1,ee8c064d6aa1ff4a130e616fab03e284,8f78f0903005064036736c7173a5c2ed,2017-05-12 01:35:16,199.9,32.15
dc29f6e951801aef32e47bfb534d0c39,1,89f1e78cec2da8a550bc341cfc36c066,baa49d93c8c8841e27400a300f5d74b2,2017-05-17 13:05:49,39.9,15.1
dc349abe3608895a65a1881fa4b27649,1,a5f6ba3fe91a2e73f10b612131cb2404,4e922959ae960d389249c378d1c939f5,2017-05-22 14:02:38,39.0,15.1
dc349abe3608895a65a1881fa4b27649,2,a5f6ba3fe91a2e73f10b612131cb2404,4e922959ae960d389249c378d1c939f5,2017-05-22 14:02:38,39.0,15.1
dc43adc8cf44306503fd3db002d5db5f,1,4cce2fad3d2dec6f82510d2521aebdd3,0adac9fbd9a2b63cccaac4f8756c1ca8,2017-05-25 11:05:30,123.9,13.21
dc43adc8cf44306503fd3db002d5db5f,2,4cce2fad3d2dec6f82510d2521aebdd3,0adac9fbd9a2b63cccaac4f8756c1ca8,2017-05-25 11:05:30,123.9,13.21
dc43adc8cf44306503fd3db002d5db5f,3,4cce2fad3d2dec6f82510d2521aebdd3,0adac9fbd9a2b63cccaac4f8756c1ca8,2017-05-25 11:05:30,123.9,13.21
dc43adc8cf44306503fd3db002d5db5f,4,4cce2fad3d2dec6f82510d2521aebdd3,0adac9fbd9a2b63cccaac4f8756c1ca8,2017-05-25 11:05:30,123.9,13.21
dc43adc8cf44306503fd3db002d5db5f,5,4cce2fad3d2dec6f82510d2521aebdd3,0adac9fbd9a2b63cccaac4f8756c1ca8,2017-05-25 11:05:30,123.9,13.21
dc43adc8cf44306503fd3db002d5db5f,6,4cce2fad3d2dec6f82510d2521aebdd3,0adac9fbd9a2b63cccaac4f8756c1ca8,2017-05-25 11:05:30,123.9,13.21
dc43adc8cf44306503fd3db002d5db5f,7,4cce2fad3d2dec6f82510d2521aebdd3,0adac9fbd9a2b63cccaac4f8756c1ca8,2017-05-25 11:05:30,123.9,13.21
dc46190997992f32077f47f637ea4878,1,e107fefc8820ce1d438d2d6543464955,7a9c12e235c36247c3c81f50d6ea9cea,2017-05-12 19:25:14,64.98,24.94
dc6200aa38e0aedcfc581a09bba8c170,1,7b35ccd93a2184646c03b70326626923,d05ae8f7a5bd1d2a690a44cd079e4e27,2017-05-17 04:02:54,179.0,15.0
dc6a29077e547f5fe4377f251fd1c5d0,1,fcf6ad274391aea29f5d6e5ef9da5050,5cf13accae3222c70a9cac40818ae839,2017-05-29 03:30:31,79.7,15.31
dc6eee28a658fd5850d3f88a9c0abbc2,1,7aa5da3ccd8f2addeb39eac7ec266e8e,83e197e95a1bbabc8c75e883ed016c47,2017-05-16 17:05:20,129.9,18.16
dc7b9b702c0effb86fee8579bff12f3c,1,eb7172d8a3c64298d2d767f6603c231e,725c32fa80c2faacc4fc88450d27314e,2017-06-05 13:45:42,44.95,11.85
dca240cc5f341c09ac34712505d7a4dd,1,5a6e53c3b4e8684b13388d6aa4afdf12,7299e27ed73d2ad986de7f7c77d919fa,2017-06-07 04:02:56,16.99,15.1
dcb8f406a37e7da18d02d9a19cdfe8eb,1,4f9a85a01a3a49b2760aed83cf3d78e1,1554a68530182680ad5c8b042c3ab563,2017-06-01 20:42:25,179.99,20.12
dcc15ae978fb3fdf4dbe24079e768652,1,c857b96593773e940454e76efa8eabb3,cca3071e3e9bb7d12640c9fbe2301306,2017-05-11 07:25:07,59.9,15.56
dcd871487b636752499b411f1a5eca31,1,02aa16706915b09bedf8409296478283,7b07b3c7487f0ea825fc6df75abd658b,2017-06-05 04:22:39,44.9,7.78
dcddaf0d2359e8b282ad24f1d84857bc,1,7d854ab97c64ef9df2bbfaf332765786,aac29b1b99776be73c3049939652091d,2017-05-11 02:23:00,59.9,24.55
dced94fca9ee52e79241961c0e5a3d0d,1,d5ad1429503cdb3871407ed2e8fbf859,6edacfd9f9074789dad6d62ba7950b9c,2017-05-24 14:02:42,140.9,12.19
dcef8d5b70aaacd6bd89d0b649a95e8f,1,59c1840441f4df065f52760bf51a8442,cab85505710c7cb9b720bceb52b01cee,2017-05-29 22:15:14,49.9,14.1
dcfd7c52a6963113ae9c4e12ceebde69,1,b4183f86c9a0c7a13138ff4575114f76,4c03b9dd4c11ee2cb35c96c49efc9420,2017-05-22 19:02:38,59.9,17.99
dd00823b8101c67e44520dd1ecead431,1,aa8d767a6316127a012fc3d16b84dc7f,35ef5aa32949680f627efec3c23e705c,2017-05-11 18:05:10,28.9,17.92
dd0488bddbf592ba7d9855279f65af62,1,fd1e94b07608d8b4a74b0c81dd4fe10e,46dc3b2cc0980fb8ec44634e21d2718e,2017-05-11 22:02:34,379.99,21.25
dd36773263ff4067f6b50d5a7ad9d8b8,1,601a360bd2a916ecef0e88de72a6531a,7a67c85e85bb2ce8582c35f2203ad736,2017-05-17 15:10:21,129.99,12.11
dd5e372b1df85452baaadbf338672c6e,1,bbaef2eadf31fe3ea6702077398be06c,cc419e0650a3c5ba77189a1882b7556a,2017-05-30 06:35:14,56.99,21.2
dd9934c610c4363619b6b0f850365725,1,4fce0eab61e01d521044c8b071cdfead,0509040ea3fe50071181bbc359eb7738,2017-06-05 09:50:14,32.8,14.1
ddcd959778bf4fcb56c41d1656f1e0a8,1,0a2baff646a591a97387bbe599a7565d,9b1ab052f5fca308ba743ac789ebb2e1,2017-05-15 14:15:20,139.9,16.74
de2d0036fb45333e82bb658ced9a4fd0,1,99a4788cb24856965c36a24e339b6058,4a3ca9315b744ce9f8e9374361493884,2017-05-21 22:45:17,89.9,15.38
de9330ec1dd0af0751b5c24b612917d0,1,67bea89008edcb996cfe4e3d062b62a8,8e6cc767478edae941d9bd9eb778d77a,2017-06-09 04:05:23,46.99,17.6
dea87e82c0c86203867522c013b7743b,1,efaeb3361423a3cb388b7bf8741ca075,da8622b14eb17ae2831f4ac5b9dab84a,2017-06-01 13:15:08,119.9,18.09
debf5eca5bc6420c20d46ad2ea4b5652,1,9d8a0e115e802d845b4ce1eb794d1260,d05ae8f7a5bd1d2a690a44cd079e4e27,2017-05-25 02:25:10,120.0,15.59
dec898799672bf9d3c4930eac5026453,1,7c4625a299889fb920765a0cac740045,c3cfdc648177fdbbbb35635a37472c53,2017-05-11 15:30:15,139.9,19.11
decda04552d09fe71067557257928aaa,1,f47aba0548334576be219248646ff695,bacb1f0ed56ad24198f5810d2b3fe9a5,2017-05-15 21:22:29,129.9,13.93
defc6ae6af0b116d0e57f31da990ef70,1,be837f2e0152a208d4386f4126d5bd7c,f8db351d8c4c4c22c6835c19a46f01b0,2017-06-05 20:45:15,32.9,15.1
df2fc7ba1ed5d8b9defb1d67ded57fb5,1,c6bf8cc852eee5c4ab264e792a9c23a1,5dceca129747e92ff8ef7a997dc4f8ca,2017-05-25 02:35:14,14.0,8.72
df31c03f22f15e6460a9eeb4de4968ac,1,1bc01b1481a6f018de8711ef213d7bb9,46dc3b2cc0980fb8ec44634e21d2718e,2017-05-28 23:25:13,119.99,14.59
df413c16994c6a7c1b17e28a775b3eb4,1,fbe581b34ee461c334f769e1422eb1de,12b9676b00f60f3b700e83af21824c0e,2017-05-18 02:15:52,199.0,28.14
df77e62df88949a20bf8bb2c2d9cb2ed,1,924260f2993f33c639e6226173f07e8f,638cba8be1fb599bbb76fd6948351eb3,2017-05-18 09:50:24,18.9,11.85
df77e62df88949a20bf8bb2c2d9cb2ed,2,5eae236b07a8c5db6299c7f9c3ba2e6e,638cba8be1fb599bbb76fd6948351eb3,2017-05-18 09:50:24,12.5,11.85
df77e62df88949a20bf8bb2c2d9cb2ed,3,5eae236b07a8c5db6299c7f9c3ba2e6e,638cba8be1fb599bbb76fd6948351eb3,2017-05-18 09:50:24,12.5,11.85
df77e62df88949a20bf8bb2c2d9cb2ed,4,924260f2993f33c639e6226173f07e8f,638cba8be1fb599bbb76fd6948351eb3,2017-05-18 09:50:24,18.9,11.85
dfa28d8e8d39258262ca8e4fe6293a78,1,f9be8e0e5acd947d8f49dbc390b9ab20,4a3ca9315b744ce9f8e9374361493884,2017-05-10 15:42:18,143.0,15.17
dfa28d8e8d39258262ca8e4fe6293a78,2,f9be8e0e5acd947d8f49dbc390b9ab20,4a3ca9315b744ce9f8e9374361493884,2017-05-10 15:42:18,143.0,15.17
dfdbb5222ccb0db3a64c6a09ba0995b1,1,42bb409da80c21a2ab7f65ec0c4f04d8,01cf7e3d21494c41fb86034f2e714fa1,2017-05-09 12:30:58,439.9,52.56
dfee867c0e46410af48a712d2a4fa179,1,0df08d9f73f6c9aece41672e5f3c9cda,e4253cef933647000a82ff39c67b7bde,2017-05-25 08:02:49,39.0,15.1
dff6ed771cf60abd35926e39beb502ef,1,2056c9497992c9032fdd92346baab6c3,eeb6de78f79159600292e314a77cbd18,2017-05-15 09:30:31,126.0,18.13
e003d94282e5f1e45760dde794a8a173,1,eebbed5ed3b134eceb717496c47652ba,d1c281d3ae149232351cd8c8cc885f0d,2017-05-16 21:22:27,99.99,16.33
e035b961b5292eb21034e4462013fa66,1,9319e2f1f22df2c8e4a74f8b8f392e24,2138ccb85b11a4ec1e37afbd1c8eda1f,2017-05-11 02:15:59,22.99,16.05
e08e2426828f29c00c09b91a4fd816cd,1,45fc964dc03d16147f82dbe844e2cdf1,ec4608a1f76453166bb312b2968aeaf4,2017-05-22 03:25:18,23.49,44.81
e0942435c7d11eaa9417d35a47694b1d,1,da1cfaaffa7720fe28f26f18d52f5ad9,0ea22c1cfbdc755f86b9b54b39c16043,2017-05-25 02:35:08,39.9,16.79
e098ec5f9db73a0719805f75d086a56a,1,c154ff1c4c87fe2e76bf46db6cd29d59,7299e27ed73d2ad986de7f7c77d919fa,2017-05-23 03:55:26,189.99,17.77
e09eb3a9e9596fe3ed67886f080e43a4,1,a8b35b03653cbd1f85f6a9487fba6eac,d379f449f2a3b271bc01c0782020f705,2017-05-11 11:45:12,87.9,23.49
e0a341e9f5a2c4c054ef1f49f6836414,1,bba2c8c0d830b5d1eb20f4a343676de5,ef506c96320abeedfb894c34db06f478,2017-05-15 17:30:24,15.99,14.1
e0b26f14d2bcc710bb02f77a4628763b,1,a9516a079e37a9c9c36b9b78b10169e8,7c67e1448b00f6e969d365cea6b010ab,2017-05-23 03:45:27,124.99,30.71
e0cffe000300808a979b9f9eb9f6f60b,1,c6e513054b982283c1cbbb2a45d02d83,f8db351d8c4c4c22c6835c19a46f01b0,2017-05-24 23:05:17,31.9,11.85
e0dfe8c4850a7ad0b8e41d3a4290ce49,1,36940188c2ad1a212b94931a08cc3c29,2138ccb85b11a4ec1e37afbd1c8eda1f,2017-05-09 14:50:19,49.99,16.05
e0f96cc1ba052fe2de161845c9f24ab0,1,30bb6ba21f546713a3c72e22461c1a3b,0ea22c1cfbdc755f86b9b54b39c16043,2017-05-09 11:32:47,19.9,18.18
e0f96cc1ba052fe2de161845c9f24ab0,2,09061028f7ee991c6f2c294e19d344dd,0ea22c1cfbdc755f86b9b54b39c16043,2017-05-09 11:32:47,59.9,7.27
e0f96cc1ba052fe2de161845c9f24ab0,3,6ccbeb9656e37cb5fd5086f838762471,0ea22c1cfbdc755f86b9b54b39c16043,2017-05-09 11:32:47,24.9,18.18
e0f9722525043b60edddacd46709fea1,1,e5f4167c170ccd8777cbf51841b6f7f3,7722b1df1b0e383e000397b2c11e3e19,2017-05-17 22:50:21,67.9,15.23
e104196e46cab854b8dc6f0beaa84d13,1,73258e01fadbaf7648577beb152e1320,87142160b41353c4e5fca2360caf6f92,2017-05-22 09:10:15,30.0,35.67
e10d948a9f7322cbeaa0d54d56af5ca9,1,9c7ce59c96e74dfdfc51f13a4a6c3869,6560211a19b47992c3666cc44a7e94c0,2017-05-18 08:10:17,29.0,15.79
e10d948a9f7322cbeaa0d54d56af5ca9,2,c708ba7c6269161f89ce0683cdd7c432,6560211a19b47992c3666cc44a7e94c0,2017-05-18 08:10:17,49.0,15.79
e147052b9ecc00bf938f9e8581944207,1,615cdd12d2db03b570f68c5ac19ab026,4e922959ae960d389249c378d1c939f5,2017-05-19 11:33:24,220.0,43.95
e147ca8da0685dd93cd1c619d1b776ac,1,f497ba62f1d6b4f6a3a3266fa8623ad3,6df688df543f90e9b38f4319e75a9d88,2017-05-05 14:05:15,58.2,14.58
e153f584d70397c494b74b0dab983728,1,35afc973633aaeb6b877ff57b2793310,4a3ca9315b744ce9f8e9374361493884,2017-05-31 18:55:14,89.9,15.38
e1567351759b0e1ba43830da0349dd1d,1,aee9cd26256b232251c668f81a66a52e,ef506c96320abeedfb894c34db06f478,2017-06-01 13:42:05,21.99,15.1
e167837b2967616b88c23b061b9d32b6,1,5de871daae99423d3fcb04edcb6dd1aa,17e34d8224d27a541263c4c64b11a56b,2017-05-10 14:05:19,286.99,16.18
e167e5fec8b22247c94da22647f1d19c,1,b3e16658e1e1fbe944594fd267c488d8,92eb0f42c21942b6552362b9b114707d,2017-06-01 19:22:11,8.5,21.15
e18b4a84f64ce180b70885a19068e6fa,1,99a4788cb24856965c36a24e339b6058,4a3ca9315b744ce9f8e9374361493884,2017-06-02 16:02:33,89.9,12.13
e19cd34df6e55d39ab0bf8412fcda86a,1,14555ba663de8689feacf1d0819cc3b3,dbc22125167c298ef99da25668e1011f,2017-05-11 13:10:37,119.99,14.57
e19d1a3f0ecd42e0ae3c3f37c6823270,1,5176d8670222d50ebbe4d4c5dfba2b49,128639473a139ac0f3e5f5ade55873a5,2017-05-18 18:45:16,14.9,16.79
e1b535bf997fc6ff4e8ef4de0b0f3f6c,1,dd61e943598eec72351633dd6a72d5dc,cc419e0650a3c5ba77189a1882b7556a,2017-06-07 13:50:27,79.99,7.81
e1bc33c09440b7c1e0189f4653fb6bd0,1,ffdde3d63e889c9a9f9ec30d82a4c815,25e6ffe976bd75618accfe16cefcbd0d,2017-06-06 08:45:17,1449.0,55.61
e1bf461767c45a8f0abf0a641e6bd449,1,f353779abb6114db5f8f79fbad12e375,d379f449f2a3b271bc01c0782020f705,2017-05-23 16:10:17,82.5,25.42
e1cb06b1ce820a025fed0669adf9a7f9,1,d5b703c271f43f9c588a6f512a00f77e,fa40cc5b934574b62717c68f3d678b6d,2017-05-18 23:45:10,34.9,7.78
e1d4d1e4e8f00e0b9ac69e656d7f2db0,1,02ce467092b184e71d3967d29110adc1,a7f13822ceb966b076af67121f87b063,2017-05-15 11:30:17,179.96,22.17
e1e7c43f425909256a366901f953256a,1,568b50dd27d5d76c97dc2f871cb93e9a,1900267e848ceeba8fa32d80c1a5f5a8,2017-05-25 11:05:17,19.9,15.1
e1e7c43f425909256a366901f953256a,2,568b50dd27d5d76c97dc2f871cb93e9a,1900267e848ceeba8fa32d80c1a5f5a8,2017-05-25 11:05:17,19.9,15.1
e1f693a7777b9f6ff730a9d2b45a56cb,1,2362291929f77eccf5f5cb26029dcf90,8581055ce74af1daba164fdbd55a40de,2017-05-19 10:42:46,78.0,21.04
e2007b2e0b236f254ac322260a2dcb1d,1,6405e17a3e8718d5316c5d644320f253,229c3efbfb0ea2058de4ccdfbc3d784a,2017-05-24 15:55:19,79.0,15.3
e20e297c2b95d890b7a5eaa278c82ce2,1,2481a472d98c582b46bc2dfeae6f539f,391fc6631aebcf3004804e51b40bcf1e,2017-05-18 11:22:25,59.55,16.18
e20f1823b7c3cea563148b3d9864132f,1,2804f6c4f96a5c917461534b63faf357,fa18c782a4866d313cadab567097f8f1,2017-05-23 22:25:13,58.99,19.65
e2172f6d6406600e974895aa52e47b45,1,dd61e943598eec72351633dd6a72d5dc,cc419e0650a3c5ba77189a1882b7556a,2017-05-11 21:22:16,79.99,12.06
e2366f83c01269762e71b77254a6859c,1,462b89aad33e9b762cff8fd20db1fdcb,e9bc59e7b60fc3063eb2290deda4cced,2017-05-29 04:05:14,199.9,17.16
e257ae8610fb4fb68a1f459c3a4b1f51,1,a50acd33ba7a8da8e9db65094fa990a4,8581055ce74af1daba164fdbd55a40de,2017-05-18 08:02:19,117.3,14.43
e25f6eca6acb03e66f46143b18fa6829,1,3efe696e322f9139e3d2b894cb1f7a09,062ce95fa2ad4dfaedfc79260130565f,2017-05-22 03:22:30,189.9,18.9
e2638c5bf9a25fab6628686b0ed83f9f,1,6405e17a3e8718d5316c5d644320f253,229c3efbfb0ea2058de4ccdfbc3d784a,2017-06-01 02:35:28,79.0,14.3
e2638c5bf9a25fab6628686b0ed83f9f,2,6405e17a3e8718d5316c5d644320f253,229c3efbfb0ea2058de4ccdfbc3d784a,2017-06-01 02:35:28,79.0,14.3
e26f5772e3067b6d8d3cbc95ce3df51b,1,0fe09f32709c79ba4bf19d43c4e49515,0ea22c1cfbdc755f86b9b54b39c16043,2017-05-15 02:15:50,24.9,20.8
e275f303e1879be6ec887af2fb5d0e3c,1,130482add9fd75ccb6c57ba007694a2d,87142160b41353c4e5fca2360caf6f92,2017-05-26 04:10:22,105.0,23.6
e27f1bbffdd3f7fbcfe975311e0212df,1,c9f62bee5c17494edcb5c3f3f56d75ad,e9779976487b77c6d4ac45f75ec7afe9,2017-05-18 11:55:18,160.0,12.62
e288eff5f9db507c90e43976f4e83a5d,1,05eabe04aa341d8960d07f9b398d7a3f,63272377184e969942f7fff221be858d,2017-05-24 11:30:11,69.9,27.04
e28a4c66f1484567d1e42b3fab64d923,1,b71a757e0cab8f85c0adc579067944b8,0ea22c1cfbdc755f86b9b54b39c16043,2017-05-24 21:42:44,24.9,14.1
e292b3a258a40c3489d65a60b9cad848,1,6b7739f782cb37f71cc80e8151ebd6ac,dd533b429f380718b70ad9922c294bae,2017-05-22 01:05:13,19.9,17.6
e29d6e9ee9068425cc712d11435411b5,1,78d7edf3fda961dc8ac6999761ba5b05,fa1a9dec3a9940c072684a46728bf1fc,2017-05-19 11:30:10,135.9,16.71
e2c4cc7267755f2cbec6faa646f80a0d,1,781145cd898909ed4389dc1a21192426,dc8798cbf453b7e0f98745e396cc5616,2017-05-25 11:55:19,22.4,7.78
e2d0923acc7f5586db9f45b5adaa91c8,1,c114a4721cfa58d98265d2074e53de44,d91fb3b7d041e83b64a00a3edfb37e4f,2017-05-09 20:30:13,199.0,18.82
e2d9b6b72021d68424666cb969d6f56a,1,7340a3839a1de1e99d149b8cf052a2ec,4a3ca9315b744ce9f8e9374361493884,2017-06-02 10:25:13,69.9,12.83
e2ec4ae060b3e2662724575b47ac605c,1,044b06b901539ec1ac136565a97d0fec,c3cfdc648177fdbbbb35635a37472c53,2017-06-05 18:10:15,89.9,21.12
e302764b4fa6c74b926997b8b171f5d7,1,5b394e3d290882de22e0207c7027fdb5,e627629ba868740e287800f1a9be81c2,2017-06-05 04:55:16,25.9,7.78
e32475f70e357bf610f864d2674aaf46,1,130482add9fd75ccb6c57ba007694a2d,87142160b41353c4e5fca2360caf6f92,2017-05-11 02:42:42,105.0,25.47
e346cd9299371b18c0b28e8e29a5e376,1,f9a7825fa51f487b8a48f67e9efced8c,76d5af76d0271110f9af36c92573f765,2017-05-23 08:45:09,29.9,12.69
e348340be1b89ce72632697b8fb283ea,1,f71973c922ccaab05514a36a8bc741b8,5dceca129747e92ff8ef7a997dc4f8ca,2017-06-06 06:50:51,89.9,21.28
e349cfe864fffc00009b4cdbdd3a95ec,1,0a783d7ce18a37749c3a059cf829564b,7e1fb0a3ebfb01ffb3a7dae98bf3238d,2017-05-22 14:15:16,212.0,12.98
e34e69d5e393453223b95ec263c04b25,1,0663a33c86fed5322e603ef430775b7b,3d871de0142ce09b7081e2b9d1733cb1,2017-05-11 20:33:35,48.9,15.56
e359fd78a62541c3045c115073678c7b,1,ecc7e6fab3b3398b08af2baf86214af6,1b4c3a6f53068f0b6944d2d005c9fc89,2017-05-22 03:30:51,99.0,15.44
e37a0ddb7818d37e517904371d679c74,1,ab9cf155f8280c3739b09fe341a185e8,92eb0f42c21942b6552362b9b114707d,2017-05-09 11:25:55,13.98,10.96
e3852ebb9e79c3422a17692da2c89ee5,1,d87815e398ce1204e5981c427c03291f,10076e5788b8ee532724bcd460baf762,2017-05-17 17:25:27,51.2,15.11
e39f6d647b130bfdb91a5804be15c88a,1,60495adb1f1a49c8aea75e5e56a47a48,0df3984f9dfb3d49ac6366acbd3bbb85,2017-06-01 19:15:10,92.9,21.45
e3aa3b61037e281dedb26da2882983ae,1,3e31fd1419cc4cd6adad1925e72e3a03,48436dade18ac8b2bce089ec2a041202,2017-05-31 01:22:31,54.9,15.13
e3b176280b21cc3e797c3956845422fa,1,6859a88437bf429e4e50768ca79a2e9c,aced59e9b31ef866a94f9e7f29d8d418,2017-06-01 18:05:12,90.0,22.95
e3d211011fde3f5b8aaf8ecd42c4eed0,1,86f8507285c074360ac0969d4a664895,0ea22c1cfbdc755f86b9b54b39c16043,2017-05-05 18:35:13,39.9,10.96
e3e1b813f658feb4bc2c345bc2d399f5,1,301b4cdcb73666033d7c96fcb1fc758d,ce27a3cc3c8cc1ea79d11e561e9bebb6,2017-05-30 01:02:24,129.99,14.8
e3f593928ae2e5fc7463fe3603dd3e85,1,22c5ddc22ea8cae84fc9917def682dc6,cc419e0650a3c5ba77189a1882b7556a,2017-06-02 13:05:38,56.99,15.15
e406b65a510b2724b055573a680435b2,1,8232a265a535c1f886b38335667be2a5,f45122a9ab94eb4f3f8953578bc0c560,2017-06-02 09:55:14,59.99,12.76
e418ef83856cd1b69aa83b6992142361,1,ce066f4a83649651549d717c9b566816,4d6d651bd7684af3fffabd5f08d12e5a,2017-05-25 20:35:15,69.9,25.77
e43c3a1ff03aa2c3ca0ccee512f62371,1,ee47f3323aacfeba9e122400e5200fe5,b6e1504972665f739dec4facb9943775,2017-05-28 21:25:16,129.9,15.41
e44dadf7087dc1b6f41e614db2362e05,1,ef2af887de5e84d6de178a621eb954e8,4dbd95a08b31ede5c82d3f861cb1ce1a,2017-05-25 12:15:39,34.99,27.2
e44f8bcf1ae28a8f29c2ef7d87466da1,1,6d8e78c479334cba03552e61a97eca2e,1e47d8b6546eb3a77b1acddcc9406242,2017-06-09 09:10:15,149.9,16.81
e4612c20fad84db70d164d5278c01d4d,1,dfb97c88e066dc22165f31648efe1312,8581055ce74af1daba164fdbd55a40de,2017-05-12 09:42:20,139.0,30.01
e4629b63b30cf97fb793509e92dbe84f,1,dee88ebd74f8109d7dab6d12d77a7a64,f00e21b1e91a79653163b7fd8f293ff1,2017-06-06 13:30:23,131.9,18.49
e4798e36e5f3fb9c75a695fdb0a2936a,1,7fa9cd17cea7ecbac9778cc86b7f9033,520b493b57809f446cb0a233bb3e25c7,2017-05-16 02:45:33,22.9,8.27
e47c4c77d188f893a6534dbca93d1ef0,1,a50acd33ba7a8da8e9db65094fa990a4,8581055ce74af1daba164fdbd55a40de,2017-05-15 09:35:20,117.3,48.26
e48050e10ceca27e33d705b4f1adf5c3,1,38dbc385d6da7b0e6bd58a90e069653b,b127efdabeffb5d559349c7b172eb75d,2017-05-23 19:22:07,30.0,9.19
e48050e10ceca27e33d705b4f1adf5c3,2,e13f46cf68d356e0ac0f32058af20911,0ea22c1cfbdc755f86b9b54b39c16043,2017-05-23 19:22:07,24.9,18.39
e481de0886580ccf9ce6552dbdd61a88,1,06c6e01186af8b98ee1fc9e01f9471e9,fc906263ca5083d09dce42fe02247800,2017-05-21 21:15:14,39.9,12.48
e48f28e15158bd10b02972eae44c8e7e,1,a9516a079e37a9c9c36b9b78b10169e8,7c67e1448b00f6e969d365cea6b010ab,2017-05-23 13:10:16,124.99,18.59
e48f28e15158bd10b02972eae44c8e7e,2,a9516a079e37a9c9c36b9b78b10169e8,7c67e1448b00f6e969d365cea6b010ab,2017-05-23 13:10:16,124.99,18.59
e492e10592b04a630079ea69df092a82,1,9ab61676eb915c81c3c893adca21364c,dc4a0fc896dc34b0d5bfec8438291c80,2017-05-31 11:30:23,83.36,16.34
e4976703cb59f3424cc6f2058d0dc7fe,1,eaf2df1ba085ead0c130576b6ad37b2c,0c8380b62e38e8a1e6adbeba7eb9688c,2017-05-19 18:45:19,79.9,14.29
e4aac63ea6f6b75b6d91ead05207fb43,1,0105b5323d24fc655f73052694dbbb3a,2138ccb85b11a4ec1e37afbd1c8eda1f,2017-05-31 13:05:42,129.99,8.16
e5008df106f13cd85c17c69d0f6bd176,1,f4f67ccaece962d013a4e1d7dc3a61f7,8581055ce74af1daba164fdbd55a40de,2017-05-23 13:06:20,241.1,43.91
e5008df106f13cd85c17c69d0f6bd176,2,4fcb3d9a5f4871e8362dfedbdb02b064,8581055ce74af1daba164fdbd55a40de,2017-05-23 13:06:20,143.8,30.2
e50d7ddc8da687eef58e56ea9444d302,1,a38b238734207eeb0388676235cf56ec,86ccac0b835037332a596a33b6949ee1,2017-05-15 09:35:22,129.9,14.78
e51c3cf4bfd09ebd8f6d0174af3ed628,1,32b2c8b108d24d0729982597ff9aa62c,dbc22125167c298ef99da25668e1011f,2017-05-10 03:02:53,49.9,10.96
e529c3dca69fcce22a39a059514c4ae7,1,52067b6ad15670cbf03133bb13d2a0a9,6b15924333bd1a741595fe981ea04822,2017-05-17 21:42:35,63.92,9.34
e53c0c4f98222c1309a9903077858166,1,73b4a12b226263790a8726fac9f30b34,d20b021d3efdf267a402c402a48ea64b,2017-05-17 04:22:33,46.99,16.11
e556806e85b03aa8192bc54ebdb15009,1,5fc3e6a4b52b0c414458104ed4037f1c,229c3efbfb0ea2058de4ccdfbc3d784a,2017-06-01 02:45:30,89.0,15.37
e556806e85b03aa8192bc54ebdb15009,2,5fc3e6a4b52b0c414458104ed4037f1c,229c3efbfb0ea2058de4ccdfbc3d784a,2017-06-01 02:45:30,89.0,15.37
e556806e85b03aa8192bc54ebdb15009,3,5fc3e6a4b52b0c414458104ed4037f1c,229c3efbfb0ea2058de4ccdfbc3d784a,2017-06-01 02:45:30,89.0,15.37
e5719cfaa683987b3ac4bdcc0c5c6a46,1,479c131b7a9955b2e137e8d8d2187c63,004c9cd9d87a3c30c522c48c4fc07416,2017-05-11 15:25:20,82.99,13.16
e571dfc21abcbe1ae8795d4a8a6b057a,1,1ec486885049bbb9b79351d150ed18c4,cab85505710c7cb9b720bceb52b01cee,2017-05-24 10:05:16,49.9,15.1
e57d3ed114cc6c8892c6ad047ecb7c99,1,29427de7f8a9ee983d9dbc51cec569b4,7a67c85e85bb2ce8582c35f2203ad736,2017-05-23 21:42:01,99.99,11.9
e5896b4982934748a02e2d3d889fd1e1,1,3d0552899dbe2f89cff6197aab33fe99,bfd27a966d91cfaafdb25d076585f0da,2017-05-26 06:35:17,119.0,13.17
e58f710ed41fb682576f68826c0589b9,1,55aa465efc1629771ef1f96d3b9784ab,8f2b51a30523cdecddc2f179f351c7d6,2017-06-04 21:05:20,69.9,14.24
e5ac3ed8cb50fb70e917345ac5e9f195,1,dd1759836cc99a88be1a42bf6673abe0,fe2032dab1a61af8794248c8196565c9,2017-05-25 02:26:05,169.0,34.98
e5b57b95d37521ae98578f0d22af3a2b,1,f8dc3e347e9b954a84d1d5e42b500e4c,4e7c18b98d84e05cbae3ff0ff03846c2,2017-05-19 20:35:15,12.0,11.85
e5c0d192e1f883b21e7673f73cb644b9,1,b17808303e15dd50538c011b44295427,4a3ca9315b744ce9f8e9374361493884,2017-05-11 18:31:53,68.9,12.82
e5cb8cec63271f7ad2569b86e2eae45e,1,cec09725da5ed01471d9a505e7389d37,4d6d651bd7684af3fffabd5f08d12e5a,2017-05-29 15:43:27,69.9,11.99
e5f79074dd3c736ad9dd29283f649012,1,08574b074924071f4e201e151b152b4e,001cca7ae9ae17fb1caed9dfb1094831,2017-05-12 16:10:24,99.0,38.53
e5f79074dd3c736ad9dd29283f649012,2,08574b074924071f4e201e151b152b4e,001cca7ae9ae17fb1caed9dfb1094831,2017-05-12 16:10:24,99.0,38.53
e6107900a1bad60fc4b97a83014643fd,1,99a4788cb24856965c36a24e339b6058,4a3ca9315b744ce9f8e9374361493884,2017-06-06 04:42:48,89.9,15.38
e62274be42947be4c32c94897e0114ff,1,2083a6feb4bbb31f6abc92fc24e468c0,cc419e0650a3c5ba77189a1882b7556a,2017-05-26 15:10:19,7.0,7.78
e627df2790ff5b0e7b40e85f8b0d9d32,1,d2f5484cbffe4ca766301b21ab9246dd,36a968b544695394e4e9d7572688598f,2017-05-23 20:32:49,12.88,15.1
e6293b688f0d1387e634ae8841feca17,1,1b11571a0535a643bb18db34b84b7334,48436dade18ac8b2bce089ec2a041202,2017-05-22 11:35:21,69.9,10.9
e6293b688f0d1387e634ae8841feca17,2,db12039c7ff4e850d48e0312fa9b3473,46dc3b2cc0980fb8ec44634e21d2718e,2017-05-22 11:35:21,50.99,19.45
e634ef64a41599a3ddcd8bcef955e364,1,872db866d615db59612ac933f43d6b22,701938c450705b8ae65fc923b70f35c7,2017-05-10 13:35:22,103.97,24.01
e65ed79c46c63118f16efacfca85f06f,1,c2a1ff8408a1c857c8730e4d12da714e,95e03ca3d4146e4011985981aeb959b9,2017-05-25 17:55:11,69.9,14.24
e67084522c92fecab73ff064333c4d62,1,d952c09021388fd5b1e5f914f559fb10,2138ccb85b11a4ec1e37afbd1c8eda1f,2017-05-22 03:42:35,18.99,25.63
e6802927f05b68de2a6b3c2079fcd830,1,271f1932e906a6f5e59ffbf12cf04e93,cfb1a033743668a192316f3c6d1d2671,2017-05-23 03:35:21,124.9,16.5
e69c09a33d9b7edf03204eb2f7e828b1,1,17fc8cc736bd5d1f6714f41102d6ff30,8f119a0aee85c0c8fc534629734e94fd,2017-05-19 13:10:15,79.9,8.75
e6a667b8b4e8787c667b00724e884177,1,e870001ffe8a98a3318c48957bd271ca,b3e2faf2c1004d674f16a3aa3197f0e1,2017-05-17 04:05:23,24.49,11.85
e6b85212f850856b7617804765770a0b,1,9ae64e1163bf254bad20d5155cffb99d,3d871de0142ce09b7081e2b9d1733cb1,2017-05-17 09:35:20,69.9,17.74
e6c26291ecafd46c4c94b0fa0904b589,1,3ce7358fb633d033a700464c6a82e0bb,edf96ef93ed595084bbcbd9224bd2894,2017-05-30 16:15:16,199.0,17.1
e6c31d156f3b4cbe1942da11b01e386f,1,8f4325bbe83f7ee057479e45ba62a5a4,d03698c2efd04a549382afa6623e27fb,2017-05-25 09:55:13,347.42,30.83
e6ce16cb79ec1d90b1da9085a6118aeb,1,08574b074924071f4e201e151b152b4e,001cca7ae9ae17fb1caed9dfb1094831,2017-05-22 19:50:18,99.0,30.53
e6ce16cb79ec1d90b1da9085a6118aeb,2,08574b074924071f4e201e151b152b4e,001cca7ae9ae17fb1caed9dfb1094831,2017-05-22 19:50:18,99.0,30.53
e6f2821ad70219f86c8215095b10408d,1,4cf46fe8e4eb3de47d0b04d7ee87e7f2,054694fa03fe82cec4b7551487331d74,2017-05-08 13:45:14,379.0,24.94
e6fab5eab715bc4786f1f555aac7b32b,1,9979e4194cc6ffdd0638449218eda062,903037660cf848a717166eb7a06d616e,2017-05-23 03:45:08,89.15,15.38
e702f5931c11055ff25ed94d619f35b4,1,63de2743d05ab59d85caa49e49459ac1,cbd996ad3c1b7dc71fd0e5f5df9087e2,2017-05-23 03:22:53,19.9,11.85
e706765d0ab55ce790c7713ddc4e1ecf,1,c3f6113d5b61bc95468432072b27e23d,897060da8b9a21f655304d50fd935913,2017-05-05 10:30:14,18.9,14.52
e706765d0ab55ce790c7713ddc4e1ecf,2,c3f6113d5b61bc95468432072b27e23d,897060da8b9a21f655304d50fd935913,2017-05-05 10:30:14,18.9,14.52
e717c793c0726c4597d4bcb54916fa9e,1,211f62173e6bd1cf140c0b05ecf78cbe,83e197e95a1bbabc8c75e883ed016c47,2017-05-18 15:10:14,139.9,12.43
e71fd63fd2738764b93f408f39c67ce1,1,7c21d2794fad14d186b2bcd9b07a8298,7a67c85e85bb2ce8582c35f2203ad736,2017-05-18 02:50:26,62.99,11.73
e72da0a92e7a0a236b5a2e8fabf5ceba,1,c8d90cfcce13c0471dc483876a080e87,db4350fd57ae30082dec7acbaacc17f9,2017-05-11 23:05:16,17.99,7.78
e73eff9d5a06990f389e11a7f731af85,1,98a8c2fa16d7239c606640f5555768e4,001cca7ae9ae17fb1caed9dfb1094831,2017-05-16 16:02:20,99.0,23.06
e74c3bd7b23859cb5dcd7ba8e70dde74,1,be837f2e0152a208d4386f4126d5bd7c,f8db351d8c4c4c22c6835c19a46f01b0,2017-05-17 23:08:52,32.9,11.85
e74c8d6962373b0c0e984e97fe2fa674,1,1b4dee3e58cb87cb5a0acc54ea53db9d,7142540dd4c91e2237acb7e911c4eba2,2017-06-02 13:06:09,99.9,29.1
e7502198c4c3631116855ae6a8df1725,1,20082386a501cbd8c41765656a115a2f,6a51fc556dab5f766ced6fbc860bc613,2017-05-12 13:02:59,249.9,26.06
e768f86beb709ac3477b8c5ef5d265e0,1,c92f0e7b9d49a9543558d6532772441b,5dceca129747e92ff8ef7a997dc4f8ca,2017-05-16 02:45:50,139.9,27.53
e782b3ed8e69a2cc4eff66e965c1e8bd,1,59fe488ea6ac9439bc86663f4a564c23,ef506c96320abeedfb894c34db06f478,2017-05-18 16:15:10,17.0,34.15
e782b3ed8e69a2cc4eff66e965c1e8bd,2,59fe488ea6ac9439bc86663f4a564c23,ef506c96320abeedfb894c34db06f478,2017-05-18 16:15:10,17.0,34.15
e7834b339f0ee60fd64151e9ca2c6376,1,4ae634441e444ca4bc85903cafe98d73,92eb0f42c21942b6552362b9b114707d,2017-06-06 06:50:31,11.99,14.1
e7834b339f0ee60fd64151e9ca2c6376,2,4ae634441e444ca4bc85903cafe98d73,92eb0f42c21942b6552362b9b114707d,2017-06-06 06:50:31,11.99,14.1
e7867b5ca3daf3a407198e08f3755781,1,7edfb4c96d69a75d28b973bdc2dbcfaf,5a93f3ab0ef4c84ed5e1b5dbf23978bc,2017-05-25 04:15:17,12.99,11.85
e79251fae4e104ec51b1ba71a53bed1a,1,c82e581a3ec7e992cd06723b0caae96f,718539d38d07dd351c76db862760e2e2,2017-05-18 16:22:43,13.99,15.11
e7bf6c078fcd0eac3b977d498537e2b3,1,1ac8f5283525f67f04345f07c167ba80,3340ef1913fb70d28420f6ceb685c339,2017-05-11 02:25:24,299.9,17.31
e7d84e43b5d477e3b4a6fd6d90db1cac,1,40a0ec6af64daa96b5e1203550354f89,d12c926d74ceff0a90a21184466ce161,2017-05-17 08:45:13,54.9,14.13
e7d94ab6c93320816f9b59df54012a32,1,210a8305d79b2f5719cbafb2c026797f,f8db351d8c4c4c22c6835c19a46f01b0,2017-05-08 02:25:06,36.9,15.56
e7fc47a9bd5fd8c1d1b566d1553be0f4,1,2bee6706184be07ea6ee4221c1660e85,2a1348e9addc1af5aaa619b1a3679d6b,2017-05-31 10:10:14,89.9,8.21
e809e9009327e4a97a5ec915477b240a,1,5377c9bcdd1b59acf85881d95184f57e,a0415d9b25ede3c4b1e477e9916ffc03,2017-05-15 13:30:23,169.9,26.22
e85e15e26534991f32622474410df797,1,1750753e77dc38c4afe6fc90f02c39bc,f8db351d8c4c4c22c6835c19a46f01b0,2017-05-22 01:02:33,36.9,15.1
e85ffcc0e310087de07b84dbd43fe3c1,1,5fc3e6a4b52b0c414458104ed4037f1c,229c3efbfb0ea2058de4ccdfbc3d784a,2017-05-08 15:22:44,89.0,16.32
e889c2950b88a166b9da5f7e995872b7,1,8a0c7c7b32d023b5c6cefe93d16e4a99,c157bdeedcbc9a8e3c8bf0d87ff24428,2017-05-15 21:10:21,94.99,21.15
e8910c9e1de2c3b04e8ff423159d895a,1,8d1cfc0463b545928bfb4e589e017bd4,aae3bfea055532c57fb453ed3ec80b30,2017-05-25 04:22:48,62.8,17.72
e897d96adf4da16805cd6faf2913ce48,1,24619f43ab25b60db576926fd78edd39,f25e239052084705e17a982bc600ab2a,2017-05-11 13:02:28,798.0,56.89
e8a1a86a8e4605d1b538931af504d864,1,c4baedd846ed09b85f78a781b522f126,a1043bafd471dff536d0c462352beb48,2017-05-24 13:05:57,109.99,34.13
e8be4ed828717563c5a78ad96ba1bc7b,1,5e3e2d54c975cf95b62c112c4d1d935d,7722b1df1b0e383e000397b2c11e3e19,2017-06-12 15:55:21,16.9,11.85
e8be4ed828717563c5a78ad96ba1bc7b,2,5e3e2d54c975cf95b62c112c4d1d935d,7722b1df1b0e383e000397b2c11e3e19,2017-06-12 15:55:21,16.9,11.85
e8d058928dd8b2837ef82db983c5f1d7,1,c354569eefd558bf201d0aedf35608ed,822166ed1e47908f7cfb49946d03c726,2017-06-05 14:43:30,49.9,13.23
e8ede6a466c4c9bb0a9db9a3d87f7a63,1,187e7d92b8168c3661824809d0c5dffb,431af27f296bc6519d890aa5a05fdb11,2017-05-25 21:35:22,119.9,18.09
e8fe4d0ad665d8d3978e9a8e1bfcf686,1,48ee9be392f28ae3a64518a070f4d06a,4a3ca9315b744ce9f8e9374361493884,2017-05-11 20:15:17,69.9,20.05
e8fe4d0ad665d8d3978e9a8e1bfcf686,2,29fd9022374ff3fef2e8f82c39b4133e,4a3ca9315b744ce9f8e9374361493884,2017-05-11 20:15:17,69.9,10.03
e911951b98ae5dba91085dd2bfc69ccb,1,5f21301936c11698db6aee5444190da0,fe2032dab1a61af8794248c8196565c9,2017-05-31 03:10:11,149.9,9.24
e91b503ac4c35874db3e157605036ab7,1,dd61e943598eec72351633dd6a72d5dc,cc419e0650a3c5ba77189a1882b7556a,2017-05-26 18:45:25,79.99,14.31
e928f5fbefb30f228db4678d9222b231,1,9cbe4a1fd4db99c14512e9b2ff033ec4,d2374cbcbb3ca4ab1086534108cc3ab7,2017-06-01 18:15:18,27.9,15.1
e9320080aa3ee01f2ddb759c9660e140,1,757b6da408dc043a090dd89a90e8d4b9,f4aba7c0bca51484c30ab7bdc34bcdd1,2017-05-31 23:50:14,18.99,7.78
e939c92235a2317f8222c7e4585a6255,1,33a07ea8a7b3dbab277c180e9f1233ea,8f2b51a30523cdecddc2f179f351c7d6,2017-06-04 22:45:18,37.0,14.1
e93a08b4b8bec070a829d321c8172c49,1,aa5a88580b8e6e569915aa42f1526dfc,8931a84a914b3fe9b1ddaa4d704947ca,2017-06-06 12:32:35,69.9,17.77
e9b6aa9b251ee17581f54bb5ac731e9e,1,777d2e438a1b645f3aec9bd57e92672c,4a3ca9315b744ce9f8e9374361493884,2017-05-10 12:32:12,69.9,11.88
ea012d24e4317506128e0c9e78719e64,1,35e2ccd07a55da4eaf8c613e6d8c92c4,dbb9b48c841a0e39e21f98e1a6b2ec3e,2017-05-18 18:30:12,39.99,11.85
ea1857c97012fbeb3b4babd5892ebc7a,1,bf7a3359eeb43b9944c70293e4be896a,e4fc40017a6d22c46a14ac2e17f87c3e,2017-06-05 16:05:14,129.0,41.29
ea200c2f72468756bdc5cd200dbc7a8a,1,a35c14eaa384acf7aabbbec3bd76fae6,0bae85eb84b9fb3bd773911e89288d54,2017-05-30 11:35:22,43.98,17.6
ea25b59c25bc728231bbd0e8b6134ef1,1,601a360bd2a916ecef0e88de72a6531a,7a67c85e85bb2ce8582c35f2203ad736,2017-05-25 10:35:16,129.99,18.16
ea272a0dfeb78b446aa525554dc50a70,1,42155695adbe665066ad812855fe523a,e9d99831abad74458942f21e16f33f92,2017-05-11 11:10:10,48.99,14.52
ea2c68bf46dab82dfe8e5f2b09df0aae,1,8473872cbf0ba205b447e8651bd6e03e,14d7985702e72162bbf13b6beb74ab2b,2017-05-29 04:05:31,79.0,7.81
ea37cd94a6d10959260b311f58cc5e0f,1,5094a8f7ab33cba35acfd43d100b3298,d91fb3b7d041e83b64a00a3edfb37e4f,2017-06-05 23:15:17,161.7,8.88
ea38dbbe2044b5c96bf31ff508ba1aad,1,45986044725e448e85eb0d81251a8892,cfb1a033743668a192316f3c6d1d2671,2017-05-15 11:05:12,189.0,39.07
ea4e52779bff23beea7f77532659a30b,1,0dc7e2749b6f2da894167fc88c86a2cc,0432ead42b6c8a0bdf68154add917fdf,2017-05-17 00:31:02,87.9,7.87
ea596ac84581cc15c1d4d3fbf69acf04,1,880be32f4db1d9f6e2bec38fb6ac23ab,fa40cc5b934574b62717c68f3d678b6d,2017-06-06 21:35:07,42.99,11.85
ea71c8751c47c442f142dc340867918b,1,b61d1388a17e3f547d2bc218df02335b,07017df32dc5f2f1d2801e579548d620,2017-05-11 18:15:14,139.0,24.35
ea8a923ae9fcd23e6fa17eea177c3cc1,1,6eb6618376baf873225738ce4fe760ac,41b39e28db005d9731d9d485a83b4c38,2017-05-17 17:22:14,34.9,9.34
ea8f9e7a24a256a3a8873cd07a35659c,1,2b9496ed8ff2f7b2003258b94a58772b,7a67c85e85bb2ce8582c35f2203ad736,2017-05-16 02:50:17,119.99,16.6
ea9fa4f97dba6807fd178a433ed17032,1,35ebf08a93899d44e756809e11b14754,128639473a139ac0f3e5f5ade55873a5,2017-06-01 23:35:15,12.9,16.79
eaaee645b1c3232e02feea76ef993a9e,1,aa5a88580b8e6e569915aa42f1526dfc,8931a84a914b3fe9b1ddaa4d704947ca,2017-05-18 02:50:30,69.9,15.24
eabcc26c288f8e0b366520f24014f8b0,1,9565229244e9341fb8c8069879cf73cd,da8622b14eb17ae2831f4ac5b9dab84a,2017-06-02 15:55:23,139.9,14.0
eafe112a93e3cab02e7227e619bb73fc,1,5abfadaca53239a9193e09288bcd7db6,835f0f7810c76831d6c7d24c7a646d4d,2017-05-31 20:45:09,159.9,18.37
eb013841f776a6661fe5fe8f799b8866,1,f908d3bf313a1308bfb2a46ea2685347,25e6ffe976bd75618accfe16cefcbd0d,2017-05-22 03:30:22,35.0,7.78
eb16f27e232c80b012a9b0f0d95a9f67,1,86c43103446290e7efacad3701cd654d,6560211a19b47992c3666cc44a7e94c0,2017-05-10 01:55:21,35.0,10.96
eb3e609122ff22d02d5a59b00537e936,1,01ea47d0dff23faa8d07ba3f353d2af0,2a1348e9addc1af5aaa619b1a3679d6b,2017-05-08 13:22:47,44.5,8.72
eb92ca9ec0ad2f752061eeae4cff2f6e,1,4e424a1cee1626e101d211bd604b10e0,7178f9f4dd81dcef02f62acdf8151e01,2017-05-15 02:50:28,29.9,20.8
eb94ceabe643cd28e6fb58503790a2e1,1,d2e131d6f19ae0d665fc1a6c420b4f4c,7e93a43ef30c4f03f38b393420bc753a,2017-05-25 08:02:43,789.99,14.34
eba24b2dcc75d6fb248e917715a425d5,1,ff92322b0148cca0038e11e0d34f6f62,2e90cb1677d35cfe24eef47d441b7c87,2017-05-10 21:25:16,21.5,9.34
ebb8082fe1a85f69ce8b2f708d07a910,1,725cbfcaff95a4d43742fdf13cf43c75,e26901d5ab434ce92fd9b5c256820a4e,2017-05-26 13:05:43,39.9,14.1
ebbc16c6955354160e1dfd2cd3b4430f,1,2516615ef3ab70913809f9d5fc363740,86ccac0b835037332a596a33b6949ee1,2017-05-31 23:22:16,47.9,42.38
ebc00d28934c1edd775b307bf5cff160,1,d357105bd504c78d8470ffd247747eab,b88e7c57cb2d8b973b7dd4a2bfa14b36,2017-05-29 03:35:19,15.0,15.1
ec002084195fcce7185eab399b71ee73,1,aab4ed0a026e2f1d486ff1556e12b7e7,c447f8dd3ed213f291d65ef074a268eb,2017-05-17 15:30:18,155.0,16.3
ec11881853e796528bad66eedd44c7b3,1,f4f67ccaece962d013a4e1d7dc3a61f7,8581055ce74af1daba164fdbd55a40de,2017-05-30 02:50:24,241.1,19.4
ec14fe27cdd56da769c9bdd391d045bb,1,d88a953f5d1e00cbfb5785dcb8a9f81f,dd533b429f380718b70ad9922c294bae,2017-05-09 14:30:18,39.9,20.67
ec26e3896015c5472a0693f7b2b3895f,1,cfd414b4463647f58c7775eaae06893d,f8db351d8c4c4c22c6835c19a46f01b0,2017-05-29 16:35:14,98.9,12.19
ec4a8b6f050a71bbd34bea77493b7232,1,cdba44bccdafa757b44f7f41b70f4e23,8e6cc767478edae941d9bd9eb778d77a,2017-05-23 21:02:37,152.72,15.82
ec4dff0b0f8bbfa9e39d5e176f4e5a35,1,ab9cf155f8280c3739b09fe341a185e8,92eb0f42c21942b6552362b9b114707d,2017-05-23 16:45:18,13.98,15.1
ec65d7b245ccca0fccce3759b3642d3e,1,bad9cd5ad615c0b5ba87448e03ec954c,17f51e7198701186712e53a39c564617,2017-06-15 06:55:39,890.0,186.45
ec7fe8ab2dc8752a229cd9a28a91bc57,1,131701f2c91073ddf0ca954ced4f55ea,cca3071e3e9bb7d12640c9fbe2301306,2017-05-17 16:45:15,19.9,15.1
ec7fe8ab2dc8752a229cd9a28a91bc57,2,131701f2c91073ddf0ca954ced4f55ea,cca3071e3e9bb7d12640c9fbe2301306,2017-05-17 16:45:15,19.9,15.1
ec8dc4f5713960055446535c7102fde9,1,870bcc6c58e03ca658cfdd13db4bbe28,5bffbafbb22daf6d3bfc216a46db8708,2017-05-05 11:30:22,144.99,15.18
ec8e9a10b613682c45e614fd392bb666,1,76ad24d8518857df0f3dc45b2f5faf2d,44073f8b7e41514de3b7815dd0237f4f,2017-05-19 11:10:18,64.0,20.9
eccf3572dd199488a18da264de60e1b0,1,749b3d3d1502db86961a08db43c6b57b,fe1bbc5feda5c8979a8a1b3b2512d5a6,2017-05-22 15:55:22,79.99,12.69
ecdc847ed73d804147eb009dec3a0a0c,1,25d6edcd216a9ee579f19f92d694f7d5,b76dba6c951ab00dc4edf0a1aa88037e,2017-05-18 08:02:32,12.97,7.78
ecf0550514f842e08751a017c78fc02a,1,622bad99b4296aade0783ebecdd3fa15,376a891762bbdecbc02b4b6adec3fdda,2017-06-01 14:45:20,73.9,15.96
ed10c6b029547356822a9f7fca15ffde,1,cd70dc78e373501fa925b1b3195404f2,6cd68b3ed6d59aaa9fece558ad360c0a,2017-05-11 14:41:57,30.9,9.11
ed10c6b029547356822a9f7fca15ffde,2,b7b6040b62676dcd6d4ddd81088a70dc,6cd68b3ed6d59aaa9fece558ad360c0a,2017-05-11 14:41:57,47.9,19.09
ed286021929210cd8973f975041a275a,1,23365beed316535b4105bd800c46670e,92eb0f42c21942b6552362b9b114707d,2017-05-25 19:42:39,16.5,14.1
ed35e61f1ad9eb350bf81839d6bbda23,1,31639956e7fac87ecfd9d608040638bd,aac29b1b99776be73c3049939652091d,2017-05-29 18:55:11,64.9,16.21
ed5c580433cad6ca57016a2c8a3f4d60,1,53c2dce98e95822ca42cb5cac7352d8c,aac29b1b99776be73c3049939652091d,2017-05-11 02:23:07,69.0,26.95
edbb1c3fa6db2f898b18c037eaf3aeda,1,a66505d5bdac1f7263e98e4eaaf996ea,cca3071e3e9bb7d12640c9fbe2301306,2017-05-09 11:55:21,69.9,11.1
edc6d3b93ee7050db4013694b93176ae,1,24d8da2d499efba175b1092826b7e390,d12c926d74ceff0a90a21184466ce161,2017-05-15 09:32:37,19.9,10.96
edc75396403e226e7ac4e42085860602,1,7686fe49c98ae1c537b5cc51992f5d20,9d5a9018aee56acb367ba9c3f05d1d6a,2017-05-05 10:25:12,164.33,21.6
edffd79fe16d90ba3f6a8919eb3d7b3f,1,bd6e8cf9fe4122c385da2bcb9f979d5d,4e922959ae960d389249c378d1c939f5,2017-05-16 01:25:23,39.0,15.1
ee0a25ec12376692fee5a7d0613f466e,1,3846c262ddb08db0ea2cc1a1685590ff,7bcd7c5f8631701474db233ccf1c094b,2017-05-31 22:33:13,35.0,15.1
ee0bc21fad473e058d1c514663bf0a74,1,7f55769896fc6596e7251490b8b5e536,8a32e327fe2c1b3511609d81aaf9f042,2017-05-09 15:15:17,39.99,14.52
ee263786b14ba18ebbaf5ea65f7e7669,1,d13816a79f03bf978283d80fbeae06f8,2d378dbb39815785238c0139c7647fb7,2017-05-29 11:35:19,655.0,187.43
ee3322ff7174b7401b95b18fb8ea1e6c,1,1fe8e6e01596885617fa1c90d29c2f81,a416b6a846a11724393025641d4edd5e,2017-05-18 19:30:09,81.56,27.42
ee3322ff7174b7401b95b18fb8ea1e6c,2,1fe8e6e01596885617fa1c90d29c2f81,a416b6a846a11724393025641d4edd5e,2017-05-18 19:30:09,81.56,27.42
ee5dbc8989dbc768ce58b68213bfc285,1,dbb4ce89c8ed5fb6fd901e2e51093179,91f848e9f4be368f4318775aac733370,2017-05-25 13:35:24,89.99,13.65
ee5eb378ff9c7070eec20d9ac9a06688,1,4a6bed9678fe2fa40d7a84063fde6f89,0ea22c1cfbdc755f86b9b54b39c16043,2017-05-16 02:50:37,24.9,15.1
ee65c3f0ce51f3d58b772cbc2e662e66,1,154e7e31ebfa092203795c972e5804a6,cc419e0650a3c5ba77189a1882b7556a,2017-06-05 19:55:20,19.99,7.78
ee814067b8f3badaf5625948bc89076d,1,155a2d804e1562dedf47f5a300115c7c,b335c59ab742f751a85db9c411a86739,2017-05-11 02:25:22,44.9,12.93
ee86b68eb9222b0cad7da50f4f758a35,1,0ab3ab3b2869073aa9afe795fe9151aa,28ea411b354f14b1a494be4e79f0ce02,2017-05-24 17:55:12,110.0,14.52
ee9ca989fc93ba09a6eddc250ce01742,1,777d2e438a1b645f3aec9bd57e92672c,4a3ca9315b744ce9f8e9374361493884,2017-05-18 16:35:21,69.9,12.83
eea0b9f20011d9a23aedc845a26b40a0,1,fc84057c7ba16fe04a3c66cf104e02a6,b92e3c8f9738272ff7c59e111e108d7c,2017-06-01 00:23:50,179.9,23.4
eeb91f346c409cf3a3f4049e626c67cb,1,9ee8c8a931dd4d34148aa31f54ee93c1,f8db351d8c4c4c22c6835c19a46f01b0,2017-05-12 15:30:09,129.9,18.16
eec1b2584ccac529785cee8454007b86,1,f2af004352a06a99dca765596240cbc3,f4aba7c0bca51484c30ab7bdc34bcdd1,2017-06-06 13:33:01,44.9,15.1
eecde1205c668fec3e2b7643c4f805cc,1,ac43429cfe2a3933709b85dc2acacca8,744dac408745240a2c2528fb1b6028f3,2017-05-10 21:30:14,298.0,14.52
eee22e7ae5b24692de4cd3c784db660a,1,31d22f91c17551712034a105e70ab838,8c3b533c63cca56240f94f1e3a6b18ef,2017-06-28 13:23:18,432.9,52.25
eeea6d8b7be9d2940ad03da32772f073,1,827f677ed9cd1e18a5f4e8ecd4eb7489,92eb0f42c21942b6552362b9b114707d,2017-05-24 10:42:23,12.5,34.15
ef1fd60487d3a1c1bb971b4e46ca6271,1,acde6bd0b5f91190e2a123df389b0b47,36a968b544695394e4e9d7572688598f,2017-06-06 18:02:28,24.9,8.27
ef2926195d9d46ab02a86647edb201ee,1,6a8745913f4b7d91d9c9bffc4e592025,522620dcb18a6b31cd7bdf73665113a9,2017-06-06 15:45:31,399.0,17.54
ef2a479a9f30595348e50c5d1eb52bd2,1,652ab2a1bee7f7f0ab475b06cd290865,a2fa0bdc798ee84cdb08281337cf4fb6,2017-05-09 11:32:14,45.0,15.56
ef3308b4c2a242ab54303e2965646069,1,4c7d44dccef81ce2476b4bd0716d34e9,744dac408745240a2c2528fb1b6028f3,2017-05-12 10:50:19,239.0,15.42
ef340fd20274f4bc0181f8d9b8ae9748,1,06c6e01186af8b98ee1fc9e01f9471e9,fc906263ca5083d09dce42fe02247800,2017-05-17 04:10:15,39.9,15.1
ef3cb4aad45c5799a70caabb84e7b62a,1,3ebec228f65dffbc25c2ee1b8a84d176,c8e135e7b21ecbc36c1153a29d2f5a06,2017-05-24 18:10:18,64.0,11.73
ef4bc8427056ff783a9f404b902a26c5,1,99a4788cb24856965c36a24e339b6058,4a3ca9315b744ce9f8e9374361493884,2017-05-23 09:42:14,89.9,12.13
ef4d2d9564c616f5525660a63febb1b2,1,367f4a5ae70f2e8de8d9eb1c13f280b1,50c9975695009e5e6473912e83a6d1da,2017-06-01 16:02:50,9.0,16.83
ef4d2d9564c616f5525660a63febb1b2,2,367f4a5ae70f2e8de8d9eb1c13f280b1,50c9975695009e5e6473912e83a6d1da,2017-06-01 16:02:50,9.0,16.83
ef53ed0382d7f4a3ce54b8e4a0ba7143,1,64090c2cdb0259629a3584edeb23181e,c3867b4666c7d76867627c2f7fb22e21,2017-05-26 02:24:20,115.0,13.15
ef71d3927bb2fecd198389f0c4b8044e,1,dc491f9f25ee589f7daee8c44672b8ee,2138ccb85b11a4ec1e37afbd1c8eda1f,2017-05-30 04:41:05,18.9,7.78
ef813fad9b922ac63fe19839a24d9aa0,1,146eb6d2e5e311d926d672b5b25d3f4a,392e0502231ae2f8b29994ef6398cd77,2017-05-09 14:25:58,119.0,15.94
ef8aeb4a580c6270f2cae213db86a979,1,72172e982e8b92155069e4201c92c0bb,e9779976487b77c6d4ac45f75ec7afe9,2017-05-11 08:50:10,28.0,15.1
ef8fadadf0fa0193e9b455abf08484ce,1,d37abf50cce5bcd682830a357783622e,6cd68b3ed6d59aaa9fece558ad360c0a,2017-05-09 15:35:19,97.9,14.86
ef93be4e062f4f0f65f6d5251fe0ea40,1,5ec1f2abfcd415baea5b1729d4cc5f83,6a0cbc8af2e8abd1bdfb777943d174c6,2017-05-15 19:02:18,82.4,17.29
efba3b32a6d0502f262fc6eaa01b34b1,1,0a74b9407eaec9d6c760a1e92c10d96c,f41ce2e25237f9092cd8e6e7516c7a2f,2017-05-16 11:45:20,119.0,9.65
efc4bbb3d32651353b42356e387c5760,1,dca18a6e2fb6da75092ed874094ed7b6,5656537e588803a555b8eb41f07a944b,2017-06-06 02:55:14,31.89,16.79
efc4bbb3d32651353b42356e387c5760,2,dca18a6e2fb6da75092ed874094ed7b6,5656537e588803a555b8eb41f07a944b,2017-06-06 02:55:14,31.89,16.79
efc4bbb3d32651353b42356e387c5760,3,dca18a6e2fb6da75092ed874094ed7b6,5656537e588803a555b8eb41f07a944b,2017-06-06 02:55:14,31.89,16.79
efcd8852328a37fca811747c09c6fb69,1,cf8c83ef74f69705d1bec196473b1b45,520b493b57809f446cb0a233bb3e25c7,2017-05-25 09:31:35,20.0,9.94
efcd8852328a37fca811747c09c6fb69,2,cf8c83ef74f69705d1bec196473b1b45,520b493b57809f446cb0a233bb3e25c7,2017-05-25 09:31:35,20.0,9.94
efd17d7b355035d21f96ab368400ee5e,1,0a27be3536127164b11173c57f14a2da,fe2032dab1a61af8794248c8196565c9,2017-06-02 18:02:09,219.9,15.42
efd17d7b355035d21f96ab368400ee5e,2,e4c9d4670d5132aeded7f187fe4de0cc,fe2032dab1a61af8794248c8196565c9,2017-06-02 18:02:09,178.5,13.48
efe8d9c4bde87976dbaa45c77bdd5489,1,c76ce8f19e21cfc8226f0551ed5da750,7a67c85e85bb2ce8582c35f2203ad736,2017-06-07 04:15:28,199.99,18.65
effd028fe36981328de3b4be7d6c7eb4,1,4ae634441e444ca4bc85903cafe98d73,92eb0f42c21942b6552362b9b114707d,2017-05-08 13:10:58,13.98,10.96
f00e76913de005d1e688bde18d970dff,1,880be32f4db1d9f6e2bec38fb6ac23ab,fa40cc5b934574b62717c68f3d678b6d,2017-05-16 06:35:29,42.99,14.1
f014dfdae1ca2bda29bd1c98870ccd49,1,99a4788cb24856965c36a24e339b6058,4a3ca9315b744ce9f8e9374361493884,2017-05-10 14:35:26,89.9,14.8
f02e9da25eaf6d8b85952d339283e40e,1,ae7d8348fbef50928a680454fffbca00,a3a38f4affed601eb87a97788c949667,2017-05-12 15:05:25,69.9,15.24
f03261655a392f45397fe9e28e7f7d9f,1,ddad89d4353753d93ac500b1caa5bf09,391fc6631aebcf3004804e51b40bcf1e,2017-05-15 22:25:12,118.75,43.24
f03655b5447cf5005767f4a65cd0afbd,1,ff5f8606556b625613f069a5a9a48966,8cbac7e12637ed9cffa18c7875207478,2017-05-29 05:50:06,35.0,20.84
f05c4e37bf7ce04b9cfe8e310d08eaf7,1,3b7929cc079c14493fb6fb3373dbc1e1,4e922959ae960d389249c378d1c939f5,2017-05-23 09:10:14,98.0,19.93
f0670859ef34f8878debeb534fdcd855,1,6c4d1dce076249f2314ac8f3fc3cc7d1,6560211a19b47992c3666cc44a7e94c0,2017-05-25 11:42:44,85.0,25.87
f0685863a01cc11a10508d43e2131155,1,056b837251897cfc6f46d3643bad614f,1127b7f2594683f2510f1c2c834a486b,2017-06-01 15:45:12,85.9,16.36
f08f463d66cc5bfe30cd30cbe9177ad0,1,367dae93cb327a921daba5eddd2dc401,59fb871bf6f4522a87ba567b42dafecf,2017-05-18 02:50:40,149.99,9.24
f0aa9abb1f803c96d41927c0fb3da588,1,49fe3838a85fc221f84269f59f6b8ce4,ac3508719a1d8f5b7614b798f70af136,2017-06-01 19:10:21,109.9,19.01
f0c82a051af6be8d8bc640ac7ed53065,1,27da598c46f42cc744ead106a289e677,b2ba3715d723d245138f291a6fe42594,2017-05-10 06:35:27,29.9,11.74
f0da18535563cff323fabde1c9316f85,1,7b35ccd93a2184646c03b70326626923,d05ae8f7a5bd1d2a690a44cd079e4e27,2017-05-25 01:25:18,179.0,9.63
f103be8682f589d58ea25909ad7d74f9,1,89d49f6d10ff422902b2c2cb05da7f1c,9646c3513289980f17226a2fc4720dbd,2017-05-23 12:18:51,49.9,12.48
f124bd0275e05b559aee8d1271442d1b,1,02fb2d61da1247bf732360ea76b16240,6cd68b3ed6d59aaa9fece558ad360c0a,2017-05-25 22:55:17,109.9,14.52
f1282227fa785dd8dfdcdb22f99be533,1,5a6e53c3b4e8684b13388d6aa4afdf12,7299e27ed73d2ad986de7f7c77d919fa,2017-05-25 02:30:33,16.99,12.48
f15a9d9b458aa040e6c47b6bb2311fb4,1,cf1d8e226162a1d0ad61f29b7ed72d82,7d456afc660226829370f3173d14520c,2017-05-22 22:05:13,26.0,5.52
f15a9d9b458aa040e6c47b6bb2311fb4,2,1d1183a8de24782a216dc5066d7421bf,c6218512d16fcac0af02fe92691cf274,2017-05-22 22:05:13,135.0,37.61
f15a9d9b458aa040e6c47b6bb2311fb4,3,cf1d8e226162a1d0ad61f29b7ed72d82,7d456afc660226829370f3173d14520c,2017-05-22 22:05:13,26.0,5.52
f1611d684a8f4867ad7416a958150643,1,337be49673e511e2bd38d390cf57d7c4,fa1c13f2614d7b5c4749cbc52fecda94,2017-05-18 02:42:26,239.9,18.96
f17b658bf3d3cad2412d2747ce5ae816,1,7b35ccd93a2184646c03b70326626923,d05ae8f7a5bd1d2a690a44cd079e4e27,2017-05-23 04:15:08,179.0,16.0
f180dba4614531e3f5a7cb56b99072e4,1,acde6bd0b5f91190e2a123df389b0b47,36a968b544695394e4e9d7572688598f,2017-06-05 04:35:22,24.9,8.27
f186d03d544280e8b47474d4ca836ac5,1,7a6aebc4c1205818e64f9275475a73e9,8bd0f31cf0a614c658f6763bd02dea69,2017-05-18 15:45:41,199.99,37.49
f186d03d544280e8b47474d4ca836ac5,2,7a6aebc4c1205818e64f9275475a73e9,8bd0f31cf0a614c658f6763bd02dea69,2017-05-18 15:45:41,199.99,37.49
f199cd14cb3f15b4b30dd5b94dcb7cc1,1,3385a47f5a1309eb44c03904a027faf2,7a67c85e85bb2ce8582c35f2203ad736,2017-05-18 13:11:02,219.99,21.94
f19fff48230be5d17b1e9f75b268ebce,1,0e54696a1223698bef52eeff59a10098,ebd2d60905fb58271facef5596b620d3,2017-05-29 16:55:28,169.9,18.44
f1b7981b1f973562b7093fef02351b64,1,3879913e3a462abe3be99c14310898b5,fa1c13f2614d7b5c4749cbc52fecda94,2017-06-05 19:55:17,199.9,15.15
f1dd11aa9f95d84fd072504f9e6e2f11,1,cec09725da5ed01471d9a505e7389d37,4d6d651bd7684af3fffabd5f08d12e5a,2017-05-12 02:22:46,59.9,11.03
f1e294ff3cef22b5bf945d1720dceb9e,1,7f8b42a3cbe617b6112e0623f0d32fa2,c878515173c84a492ebe50d6b493230b,2017-05-12 08:45:11,189.0,25.09
f1f4bec57caa5671e6bbd650b5872beb,1,777d44411c685bf4d03294fc52d263b5,dd2bdf855a9172734fbc3744021ae9b9,2017-06-06 19:30:19,49.9,14.1
f203ff896860dd89c812c809102145ba,1,240ab905c5d99c074894c0fb5a27979f,5cf1ec37aea089f45110c70653a166ab,2017-05-11 01:25:13,15.0,14.52
f21047183b971c406e3fb28df8e9d5a8,1,d3abd6fb1e0f4add4d6f466dc32accc8,cd68562d3f44870c08922d380acae552,2017-05-19 13:15:12,199.0,8.65
f23bef5ff346873476747ab073a43877,1,47ed478ee7b2696c2c49229fcad56e98,afe0067131b73e40875c9b6c10bd2e21,2017-05-15 09:45:12,129.9,25.09
f23cbffef931c76fb5231f8b292d457d,1,fa23bf270fb9880690b07d09b9f9ff20,1b8356dabde1d35e17cef975c3f82730,2017-05-15 23:30:20,59.99,16.99
f25ef046203c850005cd4200f7f8c190,1,5a6e53c3b4e8684b13388d6aa4afdf12,7299e27ed73d2ad986de7f7c77d919fa,2017-05-09 15:30:17,16.99,14.52
f26ba1ada1565890a3a7a1529858e952,1,880be32f4db1d9f6e2bec38fb6ac23ab,fa40cc5b934574b62717c68f3d678b6d,2017-05-15 08:35:13,42.99,7.78
f27a56f2112f2928b4fe1e1d6d406131,1,738121d1a5b54545080cef01275446d8,3fadb4cba4c35bce6a7eaf9872d5623a,2017-06-06 22:22:28,41.9,12.48
f27a56f2112f2928b4fe1e1d6d406131,2,738121d1a5b54545080cef01275446d8,3fadb4cba4c35bce6a7eaf9872d5623a,2017-06-06 22:22:28,41.9,12.48
f29b2ca058a4371e9c8baaae26e7e1a3,1,c82e581a3ec7e992cd06723b0caae96f,718539d38d07dd351c76db862760e2e2,2017-05-29 13:15:22,13.99,9.34
f29b2ca058a4371e9c8baaae26e7e1a3,2,c82e581a3ec7e992cd06723b0caae96f,718539d38d07dd351c76db862760e2e2,2017-05-29 13:15:22,13.99,9.34
f2c7b7b22424073513e3324e8b78771f,1,fedccbd5e370e8ddb7aae6fb4cb70347,520b493b57809f446cb0a233bb3e25c7,2017-06-01 14:45:19,49.9,17.6
f2ce3b8d9c16e475c92d3c2d51809cfe,1,aafa97a9b1e2b3eff1702a24f1d058e9,cca3071e3e9bb7d12640c9fbe2301306,2017-06-06 03:50:18,7.9,15.1
f2d33e37a6cec5fb4786a589d91c7cc1,1,2d063994ae4667cff3d6841e9d441d1d,13d058e4eeac2ce8217660b2f8a05812,2017-05-18 00:22:53,89.99,18.52
f2f276797fe0c5bb220e8fceefd0220b,1,202bd859659a841de892b00c341300ff,6560211a19b47992c3666cc44a7e94c0,2017-05-31 10:22:56,35.0,15.1
f2f276797fe0c5bb220e8fceefd0220b,2,2c71438371b35f7ce3c2511d6b0927e7,6560211a19b47992c3666cc44a7e94c0,2017-05-31 10:22:56,29.0,15.1
f31cf521d461f5b8b5b1456a0448495e,1,060cb19345d90064d1015407193c233d,8581055ce74af1daba164fdbd55a40de,2017-06-04 21:45:10,147.9,21.27
f31cf521d461f5b8b5b1456a0448495e,2,98d61056e0568ba048e5d78038790e77,8581055ce74af1daba164fdbd55a40de,2017-06-04 21:45:10,169.0,25.59
f31dd475a9e762d3b7b023b77d03a8e1,1,2b4609f8948be18874494203496bc318,cc419e0650a3c5ba77189a1882b7556a,2017-05-15 19:10:06,89.99,10.96
f333088bba31372a0764adb36fd357b9,1,130482add9fd75ccb6c57ba007694a2d,87142160b41353c4e5fca2360caf6f92,2017-05-24 10:30:35,105.0,67.03
f334fd16605daff29477b725df9162cb,1,d2f5484cbffe4ca766301b21ab9246dd,36a968b544695394e4e9d7572688598f,2017-05-25 09:15:13,12.88,15.1
f33aa647f08ec9623c76b6212be92333,1,aa5d6a9bd4be367ae1a3a29c323c7c11,e9779976487b77c6d4ac45f75ec7afe9,2017-05-30 02:55:37,85.0,15.34
f340419066ac8df79150310b1bcc7858,1,9cb67ae6cec5627ef21cbadcdb357054,542917da124346b47ea1ac79a93ce454,2017-05-25 15:50:20,101.0,15.46
f354a10235b5d253194c5285396abad1,1,ed7090839f8e749840a20f1c1cc78717,e9bc59e7b60fc3063eb2290deda4cced,2017-05-22 03:35:38,199.9,17.16
f356e882e8a1f34693474109d16de902,1,99a4788cb24856965c36a24e339b6058,4a3ca9315b744ce9f8e9374361493884,2017-06-07 06:55:29,89.9,15.38
f369bf4e7c4a7d5fe6d4efb3d7ea24da,1,e9def91e99c8ecb7c5cef5e31506a056,850f4f8af5ea87287ac68de36e29107f,2017-05-22 03:02:36,59.99,7.78
f36aa133ca7706c333252a46fc0b36e1,1,d696750e550fd0f733979dd7e5dff921,9de4643a8dbde634fe55621059d92273,2017-05-11 10:22:21,169.99,16.95
f37d724af2a6e8663e5de52bc2f7acc3,1,99a4788cb24856965c36a24e339b6058,4a3ca9315b744ce9f8e9374361493884,2017-06-02 15:15:16,89.9,15.38
f37d724af2a6e8663e5de52bc2f7acc3,2,99a4788cb24856965c36a24e339b6058,4a3ca9315b744ce9f8e9374361493884,2017-06-02 15:15:16,89.9,15.38
f38baece3d405c61575ec8886dcf4cfe,1,2132979d9b6f64e99b8c9bb4da4e0323,45d33f715e24d15a6ccf5c17b3a23e3c,2017-05-29 09:35:16,98.79,13.03
f3c7f31502a61f206c30c674a4ada401,1,aa5a88580b8e6e569915aa42f1526dfc,8931a84a914b3fe9b1ddaa4d704947ca,2017-06-01 01:05:14,69.9,7.78
f3c7f31502a61f206c30c674a4ada401,2,aa5a88580b8e6e569915aa42f1526dfc,8931a84a914b3fe9b1ddaa4d704947ca,2017-06-01 01:05:14,69.9,7.78
f3c7f31502a61f206c30c674a4ada401,3,aa5a88580b8e6e569915aa42f1526dfc,8931a84a914b3fe9b1ddaa4d704947ca,2017-06-01 01:05:14,69.9,7.78
f3e6d2423031a399bbfc48b496eb12e7,1,9ce62e73b4ea1a6c74b68ba57aa1333b,3771c85bac139d2344864ede5d9341e3,2017-05-31 16:50:18,99.9,15.45
f3edc8c0a39fd1b01507928af2a47448,1,11fd9d7ba552e1d28872e008acf1e050,cb8bcce248bb1fb274ba762d8b971456,2017-05-23 23:50:16,139.9,17.42
f3edeb6abd99f61bd94454f9e7687b67,1,a767d41b71a909a1dd1e969f4b50732c,582d4f8675b945722eda7c0cb61ba4c7,2017-05-10 19:35:22,269.9,13.28
f3f907158aca4357b0f245b5aeb00a9a,1,9fe172fa8e662ca8572cf12abf8bce23,cab85505710c7cb9b720bceb52b01cee,2017-05-25 09:42:26,49.9,7.78
f4038334bfbc2eaa6d1f3bfece21aa4b,1,8cec92449a671f49ee9ef23dfecfb1c2,897060da8b9a21f655304d50fd935913,2017-05-17 23:02:34,58.8,15.16
f4189fb0552533573aafaecb8f254dcd,1,68bf2e76db1d8e846042e54da87399ca,1a3df491d1c4f1589fc2b934ada68bf2,2017-06-06 20:15:11,69.9,18.06
f443ec3003e193944b796356e1d62f8f,1,0c3305267c17b542aecbc2385f5f0794,fe2032dab1a61af8794248c8196565c9,2017-06-02 13:50:16,219.9,15.29
f443ec3003e193944b796356e1d62f8f,2,0c3305267c17b542aecbc2385f5f0794,fe2032dab1a61af8794248c8196565c9,2017-06-02 13:50:16,219.9,15.29
f464bdc3b17c2085e54b66d8e5ae1695,1,2acce4db469045e8f9a863028abce19d,92eb0f42c21942b6552362b9b114707d,2017-05-31 11:22:46,17.99,7.78
f4776a61a23801c349ab69bd0fd774e2,1,5a6e53c3b4e8684b13388d6aa4afdf12,7299e27ed73d2ad986de7f7c77d919fa,2017-05-23 04:02:17,16.99,15.1
f47a19bfce7086d0e3ddfa0633d20035,1,35e2ccd07a55da4eaf8c613e6d8c92c4,dbb9b48c841a0e39e21f98e1a6b2ec3e,2017-05-31 22:25:13,39.99,14.1
f4836c9fdf304c98f625b549ea6bbc39,1,4c1bbc12438daec98a77243c2bf7a3ba,7c67e1448b00f6e969d365cea6b010ab,2017-05-26 02:50:49,146.99,32.06
f488ec10381a645d100c8e7ad0c6eab4,1,3b041207e72de52b24fc37d412d6f02a,49e7217cfe4e427191c378ec626d8737,2017-05-29 04:22:39,149.9,21.54
f4a954736e0e556f4caaf426f1028ce6,1,808190a48d18d09af357796e2b30d932,bacb1f0ed56ad24198f5810d2b3fe9a5,2017-05-19 17:35:15,164.9,21.64
f4d3a6f8b3c011cb012b39fdfb4817e8,1,7c1bd920dbdf22470b68bde975dd3ccf,cc419e0650a3c5ba77189a1882b7556a,2017-06-08 11:10:17,64.99,11.95
f4d71a4da431f1650c221ad918e22290,1,05d7b955682862c7ee7db5c1a7d728ce,cd68562d3f44870c08922d380acae552,2017-05-25 04:25:22,89.0,12.12
f4d812e53e87755d0f4210f23caef13c,1,c75a6578b6475cf760d40cb340b3971c,31ae0774c17fabd06ff707cc5bde005f,2017-05-15 06:35:24,589.99,67.62
f4fd0ed2cc0f9629efac77ea04bbe4b1,1,60a82b9f55ecd2035ad8d9c61e2afe18,cfb1a033743668a192316f3c6d1d2671,2017-05-15 01:45:13,25.5,15.1
f5021290eb1a1105d7b9a7445f120c3d,1,c857b96593773e940454e76efa8eabb3,cca3071e3e9bb7d12640c9fbe2301306,2017-05-11 07:30:12,59.9,15.56
f5136e38d1a14a4dbd87dff67da82701,1,1bdf5e6731585cf01aa8169c7028d6ad,ee27a8f15b1dded4d213a468ba4eb391,2017-06-15 02:45:17,6499.0,227.66
f5245f2d90f66a49a3eb0b86380ef720,1,0663a33c86fed5322e603ef430775b7b,3d871de0142ce09b7081e2b9d1733cb1,2017-05-31 02:45:24,48.9,12.69
f52849f04dabb7e33d5ac651293386e9,1,fd28b464cf1660a67606f7b48c8c38c6,5dceca129747e92ff8ef7a997dc4f8ca,2017-05-11 18:45:17,49.9,16.79
f52dfe42e170d582737b05865250358a,1,89dacd5290cff31247fa3e2412c08e02,9baf5cb77970f539089d09a38bcec5c3,2017-05-28 21:15:12,349.99,17.21
f535aa868b3671ad61668d0f6cd3a5dc,1,1a7cffdce32ea72085aa94c27b19d01a,17e34d8224d27a541263c4c64b11a56b,2017-05-29 17:35:09,151.99,33.64
f561e528dd0491e6fd42ba9b07958979,1,e09b95d6c02bf2a7831c8edc25c57843,59fb871bf6f4522a87ba567b42dafecf,2017-05-31 02:50:16,127.99,9.71
f58a410869583fc8b7c47aca74ef43c5,1,56568aac139eb6a4adcbabb5fbbf8e6c,e9bc59e7b60fc3063eb2290deda4cced,2017-05-29 16:45:28,195.3,17.81
f5dbaf6c0097869f39c165f8677540a2,1,083ffd30820b592e294de7ed668ff975,f8db351d8c4c4c22c6835c19a46f01b0,2017-05-29 23:10:12,49.9,11.85
f5e5bce7921ab21b3f8b99aad9667d53,1,2a1e3c9dcf961bc044d917e9358041e4,ef506c96320abeedfb894c34db06f478,2017-05-31 03:02:47,49.99,15.1
f5eff661c2631c9cd86938bef47aa2d4,1,9d8a0e115e802d845b4ce1eb794d1260,d05ae8f7a5bd1d2a690a44cd079e4e27,2017-05-11 16:35:23,120.0,14.59
f5f9b2298eb1b5126208f40190004bff,1,0cc13a424dc207f8c4d3b26ea1cd384c,710e3548e02bc1d2831dfc4f1b5b14d4,2017-05-11 10:30:12,349.99,19.7
f6352f413ce4e20f67354a9c6f5460e5,1,91b07eeacd06edb343a31d2d9a5c2954,cb5df0dcb9e280b1780e9d589889f2c7,2017-05-26 14:22:37,126.99,41.28
f6352f413ce4e20f67354a9c6f5460e5,2,91b07eeacd06edb343a31d2d9a5c2954,cb5df0dcb9e280b1780e9d589889f2c7,2017-05-26 14:22:37,126.99,41.28
f645a340daf39e04d6d8ae3e04f99b5c,1,c7b3cf9de7be95b3e09e7a63315685eb,5dceca129747e92ff8ef7a997dc4f8ca,2017-06-01 02:55:10,79.9,21.05
f64d7b26f80457f4d5de8ab2c5e6ecf5,1,97c1215186cdbed36fc3bc4bb0ba938c,6c9875b2f94ba781186f0c1aed8d1687,2017-05-25 19:05:09,5.5,15.1
f6586a410980be02b8a408eb2d0a5c21,1,70ecfc40193a5327e6921986e6484fab,96493fab2fbb13a14d0c0e8772eef5c3,2017-05-26 02:15:42,269.0,28.42
f67a6c7e93104eaaf03516fbccffc711,1,c6bf8cc852eee5c4ab264e792a9c23a1,5dceca129747e92ff8ef7a997dc4f8ca,2017-05-29 18:43:01,14.0,8.72
f67fabe20644d465a18a73680bc9b341,1,880be32f4db1d9f6e2bec38fb6ac23ab,fa40cc5b934574b62717c68f3d678b6d,2017-06-01 06:35:22,42.99,11.85
f6895b0153f18f01777a2eeed02145a2,1,42a2c92a0979a949ca4ea89ec5c7b934,813348c996469b40f2e028d5429d3495,2017-06-06 16:35:31,59.9,17.67
f68cab86ff2a610cff4a1c13fca1cdd2,1,35afc973633aaeb6b877ff57b2793310,4a3ca9315b744ce9f8e9374361493884,2017-05-26 17:35:14,89.9,12.13
f69b9065ac4851c28a7317a0529a08a4,1,2001ae82f374f0f76db97ad0b37231da,59fb871bf6f4522a87ba567b42dafecf,2017-05-25 17:22:40,189.99,8.58
f6a3c840a4982c53155907a2fb3b8318,1,e456721fdab66b576664c035ad183965,0ea22c1cfbdc755f86b9b54b39c16043,2017-05-25 20:10:18,29.9,15.79
f6aed65c2ae30760c5c950f95d1c124f,1,531caee8b7069e4b692eddf59ff98eac,c273175f7c6c80fb02f051e2fc6d0d72,2017-05-19 13:04:43,139.99,38.53
f6b066fe810a20c879b7a4aa8ffd30af,1,7344630ca6c1a4917e55f35c729baa7d,db4350fd57ae30082dec7acbaacc17f9,2017-05-25 20:10:20,16.9,7.78
f6bfc9902c58791929c6ba9af3953696,1,3d92b609f553af0ae89982e4fae15b1f,a17f621c590ea0fab3d5d883e1630ec6,2017-05-11 14:02:15,40.33,15.1
f6bfc9902c58791929c6ba9af3953696,2,3d92b609f553af0ae89982e4fae15b1f,a17f621c590ea0fab3d5d883e1630ec6,2017-05-11 14:02:15,40.33,15.1
f6c8100c191425ac666f9ec50fa55a12,1,1a428b685ede76217c9efb550c4aaa59,d2374cbcbb3ca4ab1086534108cc3ab7,2017-05-25 12:33:38,22.9,10.96
f6c8100c191425ac666f9ec50fa55a12,2,1a428b685ede76217c9efb550c4aaa59,d2374cbcbb3ca4ab1086534108cc3ab7,2017-05-25 12:33:38,22.9,10.96
f6cf807a05566571a2781deb6a223094,1,f7ac498363699addc5ff78eadee46977,2138ccb85b11a4ec1e37afbd1c8eda1f,2017-05-25 01:25:14,48.99,12.59
f6cf807a05566571a2781deb6a223094,2,cd0c6e2f80f5a0ea7e366b01bcb66154,db4350fd57ae30082dec7acbaacc17f9,2017-05-25 01:25:14,16.99,20.99
f6d370f76988ab29f282356a31b6af7c,1,5ad2c4859aad6ecebd816a300d34f326,12b9676b00f60f3b700e83af21824c0e,2017-05-29 14:02:37,199.0,37.56
f6f0b0676bef546699a839d4e32078be,1,58efb9b638561ce132216a9a612513e2,701938c450705b8ae65fc923b70f35c7,2017-05-10 10:03:00,103.97,24.01
f6f0b0676bef546699a839d4e32078be,2,58efb9b638561ce132216a9a612513e2,701938c450705b8ae65fc923b70f35c7,2017-05-10 10:03:00,103.97,24.01
f6f9344efc918f1e00ab84c014aa21d7,1,af87aa3f5f2c05c8c4db6bee2088672b,11305281b50fff20ae8bb473f8e11876,2017-06-01 11:55:16,399.99,82.7
f6ff33b9c2ab6068f4b071c53f1c318b,1,569ffd16f8032478cbeb9800f2e94ba0,20cb7c2fde3e5bf10f0bbe7394e1c6a9,2017-05-23 16:42:35,16.9,15.1
f706c0fff2fd0328697401c325dbd429,1,fd4a96848f84ddaabcdc5bdbf831a194,229c3efbfb0ea2058de4ccdfbc3d784a,2017-06-06 21:35:10,93.0,14.4
f70e496275be271e81c7b475ae260e97,1,2fec8bf6ad4d8e40874fbc3808f419cb,e5a38146df062edaf55c38afa99e42dc,2017-06-06 20:10:15,89.81,11.83
f7170cc8836bcba4bd4022ce5a009524,1,f40ef461e35cca158e568c17293fb5be,2138ccb85b11a4ec1e37afbd1c8eda1f,2017-05-26 20:25:09,18.99,9.62
f7170cc8836bcba4bd4022ce5a009524,2,edc388b2ba34de112c918ddcd465f5e9,2138ccb85b11a4ec1e37afbd1c8eda1f,2017-05-26 20:25:09,39.99,25.64
f731b243c311f0d8e1dc406d1d5eb1e4,1,386486367c1f9d4f587a8864ccb6902b,cca3071e3e9bb7d12640c9fbe2301306,2017-05-18 02:50:35,109.9,13.35
f733e2c200f38406f8a21125a05a5670,1,bd8c43f5716739d47046ab8591aab1bd,aba1721a889e04decc910aa13b768ef4,2017-05-12 16:55:16,69.0,14.23
f7361cf43f37fb3e52d766023b2a2205,1,86c43103446290e7efacad3701cd654d,6560211a19b47992c3666cc44a7e94c0,2017-05-31 09:10:18,35.0,7.78
f740a7d1b9dc7f4a02d2c008c913206f,1,f71973c922ccaab05514a36a8bc741b8,5dceca129747e92ff8ef7a997dc4f8ca,2017-06-02 09:22:30,89.9,21.28
f741187cef9b5cd08353d3a8fecc5fc5,1,6c81db10f914c4d032b14fa93aa0a818,d98eec89afa3380e14463da2aabaea72,2017-05-25 06:35:16,24.99,16.79
f7530604856bf59bca16e5110e476c59,1,5328338cfaa16ba10561cd970c73ca11,12b9676b00f60f3b700e83af21824c0e,2017-05-28 23:02:52,199.0,17.64
f76e427ba2c3d8fe380eb87339750bb8,1,562cc921a8887a6be5832fc2db1c3dc8,9bcdfa7b615b3abb9461d9e3ad9886ae,2017-05-19 12:16:07,179.9,17.02
f77b693181aabb75ad5c54b4f158cf87,1,08567cdf24fd261914bbb7a2b1b9a2f2,a2fa0bdc798ee84cdb08281337cf4fb6,2017-06-01 02:45:26,22.68,9.27
f77e126a18d3f6d78bab9e393cf25a73,1,6a73bd4563b3f205e24c101f9a3c0d14,d2374cbcbb3ca4ab1086534108cc3ab7,2017-05-30 06:35:25,25.9,11.85
f79a35da168301ae56922475da21117b,1,bbaef2eadf31fe3ea6702077398be06c,cc419e0650a3c5ba77189a1882b7556a,2017-05-10 15:15:13,56.99,14.57
f7b3c2de1c7a37fd769278e67f5477d8,1,43ee88561093499d9e571d4db5f20b79,23613d49c3ac2bd302259e55c06c050c,2017-05-22 03:22:46,10.9,15.1
f7c60481e9597efaf926c7fd126b2483,1,04d7da0499dd7cdfba6ef58c85e70324,7722b1df1b0e383e000397b2c11e3e19,2017-05-28 23:05:17,12.9,8.72
f7e0a0ee22f80001cc0e9e7f0b906890,1,3e3f442db862cb6fe99389a41b7acb84,31ae0774c17fabd06ff707cc5bde005f,2017-05-25 01:15:12,869.97,87.18
f7e4c800bc4e2657a17f2928328fb74d,1,3bfd406881ee395530b18ca51670161e,f45122a9ab94eb4f3f8953578bc0c560,2017-06-06 06:55:30,189.99,17.09
f833a0260cb98fa615a517d4e4a8cdf3,1,f7e0fa615b386bc9a8b9eb52bc1fff76,87142160b41353c4e5fca2360caf6f92,2017-05-09 14:42:38,89.9,21.08
f85c3dc1fcb73177a8b063582d72e630,1,5a419dbf24a8c9718fe522b81c69f61a,e26901d5ab434ce92fd9b5c256820a4e,2017-05-23 03:55:27,39.9,11.85
f861cd4fdb01ef5140e9a260279f0a26,1,6eb6618376baf873225738ce4fe760ac,41b39e28db005d9731d9d485a83b4c38,2017-06-02 10:05:12,34.9,15.11
f861cd4fdb01ef5140e9a260279f0a26,2,6eb6618376baf873225738ce4fe760ac,41b39e28db005d9731d9d485a83b4c38,2017-06-02 10:05:12,34.9,15.11
f861cd4fdb01ef5140e9a260279f0a26,3,6eb6618376baf873225738ce4fe760ac,41b39e28db005d9731d9d485a83b4c38,2017-06-02 10:05:12,34.9,15.11
f8634a6cebe582fe768ba126c4efb871,1,8695c431b31927efef5343e675f279e7,fe2032dab1a61af8794248c8196565c9,2017-05-19 11:45:08,179.9,15.01
f8634a6cebe582fe768ba126c4efb871,2,8695c431b31927efef5343e675f279e7,fe2032dab1a61af8794248c8196565c9,2017-05-19 11:45:08,179.9,15.01
f8654b57d28e6089ebf05d171c1997e3,1,c3f6113d5b61bc95468432072b27e23d,897060da8b9a21f655304d50fd935913,2017-05-18 01:30:19,18.9,11.85
f8aa20752115b536eacee3d561989f35,1,8c38d21062ec6ee492c3500d01150b7a,b4a476fbd28de64b1e347abf9089366a,2017-05-19 17:03:01,14.0,14.1
f8aa20752115b536eacee3d561989f35,2,8c38d21062ec6ee492c3500d01150b7a,b4a476fbd28de64b1e347abf9089366a,2017-05-19 17:03:01,14.0,14.1
f8aa20752115b536eacee3d561989f35,3,8c38d21062ec6ee492c3500d01150b7a,b4a476fbd28de64b1e347abf9089366a,2017-05-19 17:03:01,14.0,14.1
f8aa20752115b536eacee3d561989f35,4,8c38d21062ec6ee492c3500d01150b7a,b4a476fbd28de64b1e347abf9089366a,2017-05-19 17:03:01,14.0,14.1
f8b187febb8635055dee874a1d99aa0c,1,154e7e31ebfa092203795c972e5804a6,cc419e0650a3c5ba77189a1882b7556a,2017-05-16 13:10:28,19.99,7.78
f8db134d4ac3747d627adb962ec08f73,1,c1c27de6591a9eaeb865eed7b905b046,dbb9b48c841a0e39e21f98e1a6b2ec3e,2017-05-22 19:15:11,79.99,8.75
f8dc82b0d1ce6633002e0e0d2d17282f,1,09e40d66cfc38cddf812d8a495376722,822166ed1e47908f7cfb49946d03c726,2017-05-31 01:25:22,27.9,16.79
f8dc82b0d1ce6633002e0e0d2d17282f,2,09e40d66cfc38cddf812d8a495376722,822166ed1e47908f7cfb49946d03c726,2017-05-31 01:25:22,27.9,16.79
f8e721184f691c61dc23e54beaeff557,1,4bb4fb9c85785b75ab4f6559900c7ca1,ef506c96320abeedfb894c34db06f478,2017-05-16 16:05:24,37.99,25.63
f8ed90ec4272c80d2855a01e827d1a31,1,2291d090b69f60fc0ffd95ae394daa77,c847e075301870dd144a116762eaff9a,2017-05-15 13:05:35,99.9,15.91
f92c763c0b65518cb642202c62761040,1,6030758c474a231c434e17cfa97f951b,2b1a40c1daabc6ca280c4b815c101841,2017-05-30 13:50:23,219.0,20.39
f96c95462f9bc5192f6ce1985d4a29be,1,11875b30b49585209e608f40e8082e65,2089a6d640999f9b9141ac719b2af596,2017-05-26 03:15:38,84.9,12.09
f979343ab80aa950517b9a9950e516ef,1,9ae64e1163bf254bad20d5155cffb99d,3d871de0142ce09b7081e2b9d1733cb1,2017-05-31 23:05:19,69.9,17.74
f993d127ffb4f4a6ad0cd89f48dc0b4f,1,827abcada2c9f7862ef735fd765b87b1,827f8f69dfa529c561901c4f2e0f332f,2017-05-21 21:05:16,29.9,15.1
f9d71ca22c3574cb50bd404950d12ff3,1,a49969155f3a64afc931fd281444b2b6,f63d8f293af3a6454377546bd9dd19ff,2017-05-18 15:10:15,43.99,16.11
f9d71ca22c3574cb50bd404950d12ff3,2,a49969155f3a64afc931fd281444b2b6,f63d8f293af3a6454377546bd9dd19ff,2017-05-18 15:10:15,43.99,16.11
f9e61c9f8bc46b085a411f4b83a3f657,1,56a2556592a309ac9f087be6ca82fbf0,b2ba3715d723d245138f291a6fe42594,2017-06-07 02:35:14,639.9,21.73
fa086b521df2d133df67f2883eadad21,1,fcffe8b68efdfe24c139e44753dc505e,7a67c85e85bb2ce8582c35f2203ad736,2017-05-09 23:02:44,219.99,15.31
fa28a275f7cbd6cae66e0344f2445595,1,32252579a719da7dd2ee115f07dfd03b,9c0e69c7bf2619675bbadf47b43f655a,2017-05-25 02:23:03,335.9,18.11
fa42a34be61fe1ded5df8a8079ce8a52,1,72dd1eeff415bc31b58e99cca0a83e23,50c9975695009e5e6473912e83a6d1da,2017-05-11 10:42:29,61.25,21.82
fa4a86f6961b73c40db2f5f3199705ad,1,3f1a741cf5591384428c1cbb0ef07ec0,36a968b544695394e4e9d7572688598f,2017-05-29 02:55:10,14.9,11.85
fa4ab8250c20f75f121f9ebbfd0a915a,1,55742882e846f5896e72892678652057,1da3aeb70d7989d1e6d9b0e887f97c23,2017-05-30 18:30:12,9.99,15.1
fa638db0d045b2d04da362622e1f48c9,1,69ae89e3948c9332822d27357a23b014,1b8b75e227c9a9c100d0c210fb6176ce,2017-05-19 02:55:06,24.99,7.78
fa6d6d6a627b660b3cfc54477126473f,1,4bb4fb9c85785b75ab4f6559900c7ca1,ef506c96320abeedfb894c34db06f478,2017-05-25 09:33:10,37.99,11.85
fa8161b19b784110a75dfd84c5c63b1a,1,ff922797a6771cab4e0c51d482285ec3,062ce95fa2ad4dfaedfc79260130565f,2017-05-11 12:31:39,289.9,21.27
fa83e155dfa5da681c4754559e6d1043,1,b01d34f6d2545269d348181768eca049,6560211a19b47992c3666cc44a7e94c0,2017-05-25 08:03:19,55.0,15.14
fa8c5007932982d517e2d488553a624e,1,71fa3ded050dac9c89b71383bbe4df76,827f8f69dfa529c561901c4f2e0f332f,2017-05-23 13:06:27,35.9,14.1
fa9b3f5a0eef7954729a194715780e1b,1,6fcabf3ae89dbc8a1c2b13d3d311bc35,8e6cc767478edae941d9bd9eb778d77a,2017-05-23 10:30:28,7.9,16.11
fab9efbbc1e2ef88f16f448cff240426,1,1a428b685ede76217c9efb550c4aaa59,d2374cbcbb3ca4ab1086534108cc3ab7,2017-06-01 03:10:21,22.9,11.85
facc1205a81ecb0105f0a0c14bd11899,1,d986e4bd747ca20b348abcd013cd1303,440dd6ab244315c632130ecfb63827b1,2017-05-31 21:01:54,154.9,18.33
faf87806481a087a5380b61974971f90,1,880be32f4db1d9f6e2bec38fb6ac23ab,fa40cc5b934574b62717c68f3d678b6d,2017-05-10 23:15:09,42.99,14.1
fb114a7255e9d0f59416a80b564638d4,1,6ae38d49db7fc65ad1779828542aecba,eeb6de78f79159600292e314a77cbd18,2017-05-12 09:32:35,219.0,16.74
fb19bf53808ab2fab7f30f09cded534c,1,c075b8e131353552218860f1c421e4ef,f80edd2c5aaa505cc4b0a3b219abf4b8,2017-05-24 18:25:09,48.9,46.88
fb1e54ec77d42cc140f67895fd2c8d8a,1,f2af004352a06a99dca765596240cbc3,f4aba7c0bca51484c30ab7bdc34bcdd1,2017-06-01 11:25:20,44.9,7.78
fb1ed0a411ea8819f0de26fd7736873d,1,4fcb3d9a5f4871e8362dfedbdb02b064,8581055ce74af1daba164fdbd55a40de,2017-05-25 07:42:45,143.8,15.76
fb2423f82ab5e03b37ccadb268d6f445,1,7c1bd920dbdf22470b68bde975dd3ccf,cc419e0650a3c5ba77189a1882b7556a,2017-05-16 19:30:19,64.99,14.2
fb283edffd658a4805cb0e8bd4642bd8,1,ca86b9fe16e12de698c955aedff0aea2,96493fab2fbb13a14d0c0e8772eef5c3,2017-06-06 13:15:24,349.0,18.2
fb30f702a40235635b55552094ce6f88,1,9bc56dc1c13a3dd110faa962cabf1531,2528513dd95219a6013d4d05176e391a,2017-05-15 09:25:16,179.0,20.49
fb5e71b90bc82484e81d1c9d076a4ec3,1,3d92b609f553af0ae89982e4fae15b1f,a17f621c590ea0fab3d5d883e1630ec6,2017-05-25 16:02:53,40.33,14.92
fb5e71b90bc82484e81d1c9d076a4ec3,2,236c8998f9a6e6150cdfb75fed83c15d,d05ae8f7a5bd1d2a690a44cd079e4e27,2017-05-25 16:02:53,252.0,12.44
fb60f4b1a57af4307122b7997fc52243,1,93ca601fb17b9bc29a7fcaa4e40f015b,1d8dbc4f32378d715c717c1c1fc57bae,2017-05-14 23:05:19,110.0,19.36
fb66baf2c1d8942a11844c52f37baedc,1,78a727ba961fe7561d533e153bf04088,5b97c06a046398e7005b2b7c0d707a92,2017-06-06 21:35:08,379.99,90.15
fb80ffaa3b13d7c09f9e91f5d8337d26,1,64b488de448a5324c4134ea39c28a34b,3d871de0142ce09b7081e2b9d1733cb1,2017-06-01 09:45:18,69.0,17.73
fb86c32ba3e47fe560bf6d7e16ab2909,1,4b703444923b5e57bb73ba343f5ebab7,062ce95fa2ad4dfaedfc79260130565f,2017-05-25 11:02:46,39.9,25.63
fb892328bc44b33ea7c52b5aad09416e,1,21191f1db2fabc46b8ae34857a3b130a,218d46b86c1881d022bce9c68a7d4b15,2017-05-30 04:15:24,121.0,12.35
fb892328bc44b33ea7c52b5aad09416e,2,21191f1db2fabc46b8ae34857a3b130a,218d46b86c1881d022bce9c68a7d4b15,2017-05-30 04:15:24,121.0,12.35
fb9489db9eb0031c0f793fb3af5887c2,1,0de11423be68ad641c9be1135450074c,0307f7565ff85b299b6e5ef162b1b1a9,2017-05-31 08:02:46,599.0,51.63
fba1d12a47dc097a456f2aeff9191f87,1,af4d2eba32e1b183e1934671e7683d20,0adac9fbd9a2b63cccaac4f8756c1ca8,2017-05-22 20:25:09,8.9,11.85
fbb2bfa257d524df5df1aeedf331535a,1,06f0e85c7892d5df893f332706340af1,3d871de0142ce09b7081e2b9d1733cb1,2017-05-17 20:45:22,169.0,18.43
fbe1661023a94e53d4ec2c938e38c8f2,1,ab9cf155f8280c3739b09fe341a185e8,92eb0f42c21942b6552362b9b114707d,2017-05-05 09:50:11,13.98,14.52
fbfc97df1457d7d38a31cb4ffd994f6f,1,3cc8beafc2e30054e0af2e8439561303,4a3ca9315b744ce9f8e9374361493884,2017-05-09 11:45:50,141.5,11.6
fc0ab8cdbc2f9a64c50264d217e47114,1,aa995bbfcf2da055bed670f7282f90d8,7a67c85e85bb2ce8582c35f2203ad736,2017-05-16 02:42:25,57.99,17.66
fc0cf3fd5d9e2c6647933462acbb3f6f,1,6eb6c5cb7df0f863538b61a47fcce962,fe2032dab1a61af8794248c8196565c9,2017-05-29 13:10:26,139.9,12.48
fc2e6761bfacdd06ef4b5e8c8d9ae9ec,1,d0a672bae47ae7c26b8e1e2ec152edcf,94e93ce877be27a515118dbfd2c2be41,2017-05-30 12:30:24,152.9,29.86
fc3d33c41b8d6238db849297f3e51555,1,7b22327a8222cb724f17c3a0aa392517,218d46b86c1881d022bce9c68a7d4b15,2017-05-23 15:30:21,104.0,13.75
fc3d33c41b8d6238db849297f3e51555,2,7b22327a8222cb724f17c3a0aa392517,218d46b86c1881d022bce9c68a7d4b15,2017-05-23 15:30:21,104.0,13.75
fc849f5748eaa28001b2d222c598e8d0,1,7aa0cae255d70952492eb4b58b4815e7,0d85bbda9889ce1f7e63778d24f346eb,2017-06-08 19:55:14,119.9,18.46
fc8a4fcbc1b484046b9ff15de7c73577,1,86133a7d6682fcb51debce06e6514f93,101921376b577a4540dc30e9009133ca,2017-06-26 03:55:21,373.0,21.49
fc94ca74e236e7bad0e7a33cd62dc474,1,cddf971ea646c184a153eb3899113d5e,aaed1309374718fdd995ee4c58c9dfcd,2017-05-12 13:25:23,20.7,15.1
fc94ca74e236e7bad0e7a33cd62dc474,2,cddf971ea646c184a153eb3899113d5e,aaed1309374718fdd995ee4c58c9dfcd,2017-05-12 13:25:23,20.7,15.1
fc9bc4bac939adaa600ad59dee9a106f,1,42a2c92a0979a949ca4ea89ec5c7b934,813348c996469b40f2e028d5429d3495,2017-05-22 19:15:10,59.9,11.73
fcad30a9bb90bebcdd23bb5e3aba00e6,1,07c055536ebf10dfbb6c6db6dbfc36e5,cca3071e3e9bb7d12640c9fbe2301306,2017-05-19 15:05:13,45.9,10.96
fcb5deccd553af305b15fb061d320647,1,b65921838adc0239b7313971a9cb18de,128639473a139ac0f3e5f5ade55873a5,2017-05-25 19:05:16,18.9,25.63
fcc99cd0e2e395ebfbc21ba1e33a178a,1,e7597059b9e4eca21a96eed55693b31b,2528513dd95219a6013d4d05176e391a,2017-05-25 09:31:54,229.0,17.23
fcde2f7449493b4f207a23fae117b0fb,1,0d8c64a12c0e49b2515674c031b965a1,c6218512d16fcac0af02fe92691cf274,2017-06-01 00:33:09,55.0,17.64
fceb38f42fbf13b53a6253648c8d47cf,1,42a2c92a0979a949ca4ea89ec5c7b934,813348c996469b40f2e028d5429d3495,2017-05-25 09:04:31,59.9,17.67
fcfafe875071744d2798813304dd6076,1,c10d7c70907ad6d09ada0581ef6bf839,f8db351d8c4c4c22c6835c19a46f01b0,2017-05-22 03:15:18,208.9,18.71
fcfafe875071744d2798813304dd6076,2,c10d7c70907ad6d09ada0581ef6bf839,f8db351d8c4c4c22c6835c19a46f01b0,2017-05-22 03:15:18,208.9,18.71
fcfafe875071744d2798813304dd6076,3,c10d7c70907ad6d09ada0581ef6bf839,f8db351d8c4c4c22c6835c19a46f01b0,2017-05-22 03:15:18,208.9,18.71
fd10deeb9842f5c285152824f810fc08,1,bbaef2eadf31fe3ea6702077398be06c,cc419e0650a3c5ba77189a1882b7556a,2017-05-15 20:10:17,56.99,14.15
fd180ff2363b236f823a4fa8a2a729f1,1,63de2743d05ab59d85caa49e49459ac1,cbd996ad3c1b7dc71fd0e5f5df9087e2,2017-05-25 09:45:14,19.9,11.85
fd1dfb6b7188b47e56f2ab4063d08e58,1,80fb011fd54fa5e1911a2f80c0fc878d,25e6ffe976bd75618accfe16cefcbd0d,2017-05-23 19:05:11,51.4,8.72
fd2b4179de3cceb73bc884f6c19d85d0,1,4bebf188c775f30a151f05ab7501e290,6338ea67c41078a46ad99cc009654956,2017-05-19 18:45:15,31.99,34.15
fd4479a5be5a0b3caad350328c719cc1,1,1567a054fc1af5ea367b0740ef9bc684,25e6ffe976bd75618accfe16cefcbd0d,2017-05-30 13:10:10,120.0,12.05
fd52368d8373ad4158396078bf5ad004,1,99a4788cb24856965c36a24e339b6058,4a3ca9315b744ce9f8e9374361493884,2017-06-06 04:45:24,89.9,15.38
fd65881e4d025c30be898ab8dd8bb736,1,98712b7f46e0fe4f4da2f7df1b9231a7,7299e27ed73d2ad986de7f7c77d919fa,2017-05-22 22:35:20,39.99,15.1
fd7303a4968ffb3832a0bc5fca2d2b6a,1,387f1559343d513c4383bdb99672e431,4a3ca9315b744ce9f8e9374361493884,2017-05-25 09:43:07,99.9,12.2
fd74039ed4424830f2dad3b11c6eec1e,1,440f5b159d6123c0f65eb1abb5373b99,3d871de0142ce09b7081e2b9d1733cb1,2017-06-01 01:22:33,169.9,18.44
fd9486ae13f513ac59c3f6c23bb003c7,1,acdd9eaa79720ca045ce3768250b8e47,a416b6a846a11724393025641d4edd5e,2017-05-09 11:33:39,99.9,12.09
fdab24bf4e3d761c7072e39c69308da3,1,e3b4b906fc11fd64318e4923a3d4594f,17306570e772e7718c92a562d33f5f1d,2017-05-05 19:22:21,629.9,43.3
fdc16f82eae13ca294b737e810effbfc,1,ea44caac707f7f1325182a538007f838,855668e0971d4dfd7bef1b6a4133b41b,2017-06-12 13:42:22,50.0,17.6
fde34cec546a38cb083843964bfe83a8,1,66a0a6e02b7f543e5b021ce361f267d4,7a67c85e85bb2ce8582c35f2203ad736,2017-05-18 16:42:55,119.99,15.6
fe12e676fd493885d417a34bc3917411,1,1d16c0509e7011656e03c6a582ff6667,17f51e7198701186712e53a39c564617,2017-06-06 18:35:15,760.0,312.41
fe400e74c1744f744f187225eb8d417e,1,67523567791b73064e78d6a5731f379c,4e922959ae960d389249c378d1c939f5,2017-05-12 11:34:51,37.0,14.52
fe47c42447b8cdec3dd299e95dc7fbc9,1,56d45b2c27871322801134f57d1b9dfb,d1c281d3ae149232351cd8c8cc885f0d,2017-05-26 11:55:15,163.99,16.78
fe579bd413f722e51bc98182441e135c,1,4aa52adb5489aa151e17023d4e153297,f45122a9ab94eb4f3f8953578bc0c560,2017-05-17 17:10:13,1878.33,102.38
fe5fa7ea8b31c2ea3bf07597ea194225,1,ab9cf155f8280c3739b09fe341a185e8,92eb0f42c21942b6552362b9b114707d,2017-05-25 11:30:11,13.98,15.1
fea313ef8be419d678a5eb321aa4dd24,1,af51d485dc5255ba2e18b21b550156e6,5dceca129747e92ff8ef7a997dc4f8ca,2017-05-24 02:22:49,259.9,41.77
fec19bf476e77a007cf78400a667ad64,1,9453bde60c4ee52155c963641736cfc5,5c243662ce92d84573bfaff24c3e3700,2017-06-05 20:35:10,419.99,14.44
fecd2391540ed4dd35db71f1af87f03e,1,c9d1849f97b6fe404378805a105d64ec,7722b1df1b0e383e000397b2c11e3e19,2017-05-19 20:15:17,89.9,8.82
fed2c6b5a6f5bbf776e52240101359fe,1,dca8cbb1c9d8a2db0fbc0c36b8d1a7bc,6560211a19b47992c3666cc44a7e94c0,2017-05-23 22:10:10,79.0,15.3
fed8de9095f81f4e708bfef1ea529424,1,2708ea4fc1340081efeffbf11f14d765,f8db351d8c4c4c22c6835c19a46f01b0,2017-05-09 20:42:26,129.9,23.46
feded510efe2a76dd134d8533af626f9,1,cd0c6e2f80f5a0ea7e366b01bcb66154,db4350fd57ae30082dec7acbaacc17f9,2017-05-23 01:25:14,16.99,17.09
feded510efe2a76dd134d8533af626f9,2,2a1e3c9dcf961bc044d917e9358041e4,ef506c96320abeedfb894c34db06f478,2017-05-23 01:25:14,49.99,34.17
fee8776149b7a035c6cd262ac33d4bd6,1,d00f6c52d2730de05fb409f09ab6e732,d9442042130b7fe579d1295f9f4a248f,2017-05-25 14:10:21,34.9,17.6
feea1134dca132388da564d8f026a2ca,1,a60473775ca8f0337ed9af1b1f55ede1,391fc6631aebcf3004804e51b40bcf1e,2017-05-15 09:35:38,139.9,18.2
feea1134dca132388da564d8f026a2ca,2,64b99eed898c1b99a94d93cbf5873690,4a3ca9315b744ce9f8e9374361493884,2017-05-15 09:35:38,89.9,11.38
ff04bc23fe11c6cb9ed71568895a5328,1,748b719f4cbfdcb99cae90bf4bb16217,0432ead42b6c8a0bdf68154add917fdf,2017-05-25 03:55:09,94.9,12.16
ff04bc23fe11c6cb9ed71568895a5328,2,8b2eea9258754b47d5e4a9937f113a77,0432ead42b6c8a0bdf68154add917fdf,2017-05-25 03:55:09,94.9,12.16
ff1ea7be87e1ca3d2ae5b77eaa6dab69,1,fe220782f267bca8c056308cba6c8807,7722b1df1b0e383e000397b2c11e3e19,2017-05-18 17:35:16,89.9,11.83
ff28c0612d31703caeb619081868bd35,1,40cb7bb3d30559b9b6c4fb62bc837962,cca3071e3e9bb7d12640c9fbe2301306,2017-05-29 03:30:18,59.9,25.7
ff2a14d39dcd0b0368cb8ab4629329f0,1,5d790355cbeded0cd60e25cbc4c527a2,229c3efbfb0ea2058de4ccdfbc3d784a,2017-05-17 10:23:05,97.0,15.43
ff2debba53c9c8185f517f7b3a936aed,1,cc971e0365873137b8bef2ebad633e6f,7a67c85e85bb2ce8582c35f2203ad736,2017-05-14 21:35:14,219.99,20.78
ff2fd424f5c50867458c35dc9a2daa69,1,fadc89c2a60ff96b18827644074dfd70,53e4c6e0f4312d4d2107a8c9cddf45cd,2017-05-18 06:35:26,79.99,38.11
ff354f13d748eb3a9af6e99698f60fc2,1,02d48451331287e2bf12560d032d57a6,70a12e78e608ac31179aea7f8422044b,2017-05-12 18:10:24,79.0,15.3
ff365c0a4e998d21ccc46a829e68052b,1,53759a2ecddad2bb87a079a1f1519f73,1f50f920176fa81dab994f9023523100,2017-05-11 13:30:14,59.9,17.67
ff3753fe031ab5314a80e05249ecc275,1,cc03fe412a0cde1ba3de9ebbce01adde,0df3984f9dfb3d49ac6366acbd3bbb85,2017-05-15 10:22:26,136.9,17.4
ff3a45ee744a7c1f8096d2e72c1a23e4,1,b61d1388a17e3f547d2bc218df02335b,07017df32dc5f2f1d2801e579548d620,2017-05-10 10:15:19,139.0,21.42
ff71192864ceab61b9a0c677ba7f409b,1,1cac2c9aee1db62c108da2205880e09c,8e6cc767478edae941d9bd9eb778d77a,2017-06-05 22:50:07,21.74,17.6
ff7140ba310a4717112d39c0cd0b4062,1,4228bf901c8db392cbffcbc1f14a13e2,6ee85be3693ed79a8e80718743d80655,2017-05-30 18:30:27,70.0,16.93
ff7afc3a494e5d28aab8559a5e1bb1b4,1,3ec743336067ca17a9d2b1599d8a7cae,84c945f15571830c1a91a33978e94009,2017-05-19 08:50:12,25.99,15.1
ff7cbd73d6ce84294d3d40ec1a7e12f3,1,4d272fe20c57c64dc74b3db191fc31ef,d2374cbcbb3ca4ab1086534108cc3ab7,2017-06-08 20:45:20,24.9,15.1
ff89535e175e759e9e3c5795c7e6e7be,1,e168af8b2f0d9319737c6a7a37904f9e,3586b8580d9c917874e053a1bb37b5ff,2017-06-09 04:30:33,29.9,15.1
ff8bd473e4aaf9218bdcffd1a5b92a77,1,7c2d0df8e5fbfa71d54a400b33a8502e,7e1fb0a3ebfb01ffb3a7dae98bf3238d,2017-05-25 22:30:14,96.0,15.42
ffa1dd97810de91a03abd7bd76d2fed1,1,2f178dc91b792930e1ff40a77a123506,75d34ebb1bd0bd7dde40dd507b8169c3,2017-06-06 22:42:56,434.99,20.32
ffaed28dc2c916f896616e904036ffd0,1,2291d090b69f60fc0ffd95ae394daa77,c847e075301870dd144a116762eaff9a,2017-06-08 06:35:21,99.9,16.46
ffc1fd8337b12fe96a4c39a0c2991296,1,3f1a741cf5591384428c1cbb0ef07ec0,36a968b544695394e4e9d7572688598f,2017-05-18 17:05:10,14.9,10.96
ffdab5e1596138d37793566aa1424d0c,1,f0fad8c5dfa2549bff0ca38e82823cf5,7b0df942f46435babab05d49b744b2c4,2017-05-09 11:31:10,399.85,18.5
fff2e9e3aa8644e19710216b4ef53ab2,1,7340a3839a1de1e99d149b8cf052a2ec,4a3ca9315b744ce9f8e9374361493884,2017-06-01 02:42:42,69.9,16.25
