order_id,payment_sequential,payment_type,payment_installments,payment_value
4214cda550ece8ee66441f459dc33a8c,1,credit_card,2,170.57
f51e3c7f79d1e2c076acbb6af1588b95,1,credit_card,1,130.22
487c1451b8fd7347d0e80e5aca887e91,2,voucher,1,30.0
9d8065ae4c6f5725ee052d02ab00f64e,1,boleto,1,82.06
02951078a21a2d9341ea16089a4d5031,1,credit_card,12,257.1
9062b998bfc2521b3978b34034ba6e1e,1,credit_card,1,125.41
f6ed483455295c6e7544f141244cd981,1,credit_card,2,151.51
7250e10eca3d7f71a091ac5752d3228f,1,credit_card,1,221.96
24abd231b3f48073eb9bc660b3eea5fd,1,credit_card,2,38.06
d4c46523b1239f182b74fb0ea1c27f32,1,credit_card,1,396.97
acd76a8508680cbb5d4c04707be03f87,1,debit_card,1,145.01
a144da15ca9cb1ebccf012a14736c54d,1,credit_card,8,256.37
7246a71d326111872bfdfd34f495dc4f,1,credit_card,5,117.53
bedae8df4e37a65ccbec319872296b89,1,credit_card,3,433.07
2b49d60af10ea7e2443376987ec8a184,1,credit_card,1,35.7
cc80504e2db2b7b744e2bfe2450c95d3,1,credit_card,5,59.51
61792c6272346d7f4b7c5b1747df7b1a,1,credit_card,4,49.34
238bcd7a2027e5f32fd185c264d73786,1,credit_card,2,84.56
33c011fdacf02b14181fcd81f4b5ece0,1,credit_card,2,162.1
6eab6f37ff2d390d23be84642739b500,1,credit_card,5,279.4
20c75d31d2151bf4e0b8b398e64fb163,1,credit_card,4,48.74
b790fce1eff8be3c9ff35c97cde2afaa,1,credit_card,10,305.19
81bee7ecbeae8e9b41bef6d41b146b12,1,boleto,1,202.26
b0cc2434ee3727e682222a0f745a5948,1,credit_card,3,145.01
0132158c30672a8c52997a2492613ec2,1,credit_card,8,413.31
56430e0b9968b381942760e433583b27,1,debit_card,1,33.1
99e34b586d1fa26ea713021ff647d18d,1,credit_card,1,39.42
5718fc130d653929872f0481438d3f66,1,boleto,1,39.42
4fb76fa13b108a0d0478483421b0992c,6,voucher,1,10.04
d35551f33906e01d035a5f40e1bd1732,1,credit_card,1,576.2
497bb8ade48b55b142982e508307a14d,1,credit_card,2,103.2
0a1a904fb2f51218c9c7ce314190de36,1,credit_card,2,115.9
370e2e6c1a9fd451eb7f0852daa3b006,7,voucher,1,6.82
0b843b79b45dddbd796c0a7e51b2c6ca,1,boleto,1,481.07
3cab5c70f370e7fa810658c551f8e2ce,1,credit_card,6,153.8
a2612baf139a2d944224cb87c81d83b1,1,credit_card,4,214.69
5db54d41d5ebd6d76cb69223355601f5,1,credit_card,2,136.26
58300b00ad189113ddb608765a954301,1,credit_card,2,135.0
6a4b27f33e33875ed99945d3e271698e,1,credit_card,7,372.27
be178aef757640fe4721501249ae18d8,1,credit_card,1,38.86
d01c5b46e00bd214519fe9f64bbb2649,1,boleto,1,93.72
d17168fed59b987a3b0f2b7d2be18ca4,1,credit_card,2,80.77
6a1dff28da32815c94da401e19d2a7f8,1,credit_card,1,40.96
5958326b12eca1c2a2b4627dc4676a2c,1,credit_card,10,153.69
0d560bf6bbc1b2e3637cdc56cf7e9639,1,credit_card,10,111.3
f20142c58be62ba5f9175df74670dcb5,1,boleto,1,79.46
c6492b842ac190db807c15aff21a7dd6,1,credit_card,3,81.77
42179e8f527c0f76eec0b2a37a284f4d,1,boleto,1,101.92
38b80ac02e3ce34b306483fc57a33bc5,1,boleto,1,35.86
6120dca54b9adfd072f8fd9574161063,1,boleto,1,137.57
38636a6a86131fe2c507943a16833350,1,credit_card,8,151.18
46e8348ff73e64f24843a7d2fad9fcfd,1,credit_card,10,840.26
5a77e4bc8ac96edc52bed4bc00eaab7c,1,boleto,1,45.95
1a2442f225e9147e717dfaa6a93058d4,1,credit_card,4,80.77
f964ec281f9f4098870fff22b6b74fec,1,credit_card,4,47.51
a082f140d70dd20b4e2d7538557b5946,1,credit_card,8,127.9
1590f37cad06b14cb123f6a45b2bdf4c,2,credit_card,5,53.65
a427db09dd194740f13a3a2c7bcf38bc,2,credit_card,1,69.0
39c85a598770e3810eb97fd7bc6232d3,1,credit_card,3,72.9
f872170fde91c3b0006f1e57ce27b835,1,credit_card,1,101.28
af3fae91bafed6357991c4a3be0125d4,1,credit_card,2,163.46
84cee5c1b66cfc2dcb7c7834e7169246,1,boleto,1,202.12
eca4633566cacdae57271f51ebe79131,1,credit_card,4,352.98
b094b88a36a6a907eb40730b9382cbb8,1,credit_card,1,48.29
283182f68c047a2b61aee07baeb819f0,1,credit_card,1,96.1
eb0fec00c8cee7edcc91a031d939ac1a,1,voucher,1,29.86
29cb59b155735e49bf9d85d37f7ecd79,1,credit_card,2,77.75
87a99c9be1a72ccd14a90ce72e2544c3,1,credit_card,2,116.75
dbb0da1abcce904dc52dd60ae31d5c12,6,voucher,1,5.52
18cdeae7a1be6702546e3d83e5186748,1,credit_card,3,117.53
f2a634fd6829278af09d901f172f769f,1,credit_card,1,131.17
bfea0767c18bf1f63b7f334b42309ecb,1,credit_card,1,547.98
fc0e7c52306f65220d5eca076e70c610,1,boleto,1,78.26
dc1d41f0e6212d99f654cf8177510110,1,voucher,1,36.05
cdfc8d98469b5469527223fa4d487882,1,credit_card,1,2.4
e303201d86cda5183986a56d5ae1b084,1,boleto,1,24.86
07261a56ea5f8537a7bc47d5155d2f40,1,boleto,1,75.11
510d53ecef0e951a4c0cf058f579b626,1,credit_card,6,603.03
8785e55bb98c01696f3773d9ed2fb851,1,boleto,1,115.9
769246167cd690b84b951cbef38d3d7c,1,credit_card,5,204.08
30ff43d8703d375269c1675af737bda7,1,credit_card,1,95.98
370e2e6c1a9fd451eb7f0852daa3b006,11,voucher,1,6.49
b2119fc1abe3ce8896e2e0e951ec8d9e,1,credit_card,5,114.79
28781e0706467b15858facab8a22ba5b,1,credit_card,1,84.2
1722c7033df589c35fdf704cd5a8779d,1,boleto,1,49.42
257d1faedcbe9d328080c6ec04c8f819,1,boleto,1,75.53
6982e573fae66449ecdcb3381c5c75f9,1,credit_card,5,329.47
426ad73f31e7c52e6eb4b173459340c2,1,credit_card,1,652.7
e26feee700e28b2867a3e8d6f2b644b3,1,credit_card,1,670.85
370e2e6c1a9fd451eb7f0852daa3b006,1,credit_card,1,38.58
b0f445cca9b6a54ff47e8834c16ba6c1,2,voucher,1,30.0
898ded7ecb1e4d92997856bd8b7a8aa1,2,voucher,1,5.18
5d62a96c11871f278906a1123555fb9a,1,credit_card,5,119.76
e96f4349b4def654f003437cb0666374,1,credit_card,1,64.42
9797a3f116ca3ac106a9ecbc8807d2fa,1,credit_card,2,167.48
fb81538ad88f59a4eb26ec0627825830,1,credit_card,6,62.8
c290cb2817cca2e8d2656617d17acfad,1,credit_card,1,33.62
b8226aa72dca6aad3bd514885b7b02e8,2,voucher,1,70.95
7f00712c268844b83fbb7db60193e5eb,1,boleto,1,156.4
4a1ea52e0dfcd2d974464a1cb86cfbf2,1,credit_card,3,123.03
2668da32aacf500cc535a4915f6efd91,1,credit_card,2,49.42
0a499296998c5b2e877297984bdf657c,1,credit_card,1,30.27
298ee4d77c0352fc41f432254afdf1d3,1,boleto,1,45.7
899dd9d7844ca79134ec8e611f7b4ed1,1,boleto,1,131.51
4517d10652306c01990d40b0d6f76511,1,credit_card,2,211.91
65f72c812ba4ca1ebb3c3558c69d5693,1,credit_card,1,14.65
3d914e4ae3cf881174ce6e0d85d64e94,1,credit_card,6,60.95
ea3a35b74d6cd2751271c60d423563f1,1,credit_card,6,574.0
de55aaef46848b1f0c47093ba2430a27,1,credit_card,4,77.98
ed4d57b2d881e813cf0b801ab17987a0,1,boleto,1,141.51
9a769002f689e9dd972f6008d7312ead,1,credit_card,4,53.95
fd2501379f4567dee6308aa8484f1a5a,1,boleto,1,50.7
2e39f907d4dd92ec91f6a98ea094e68f,1,credit_card,1,107.36
891aa648b48d27ce10d74e86d312d411,1,credit_card,2,101.24
982922a8af746de85725f937892b8a89,1,credit_card,1,406.87
09722e140e3e1e92b67fd75e2b14b6fb,1,credit_card,3,501.72
a739570c1cd11112aa1fc229a15155ac,1,credit_card,10,204.24
304707f4c9c69f690f53f62b26f3e28e,1,credit_card,7,221.42
674e6f9346c417bc4de022b215ba282b,1,boleto,1,65.77
e7a55313688a902f5ae012231d686f37,1,credit_card,2,75.43
be580c71d638ce682e9792c27c7aacb2,1,credit_card,1,46.39
39045a22da5b2bdb795d2c53325bcd48,1,credit_card,1,29.42
5471d26176ed00eac0441e43fe12ce01,1,credit_card,1,46.1
de86df6ab3b291975266e6ebf8da2bf3,1,credit_card,1,78.91
21ed2fe3b38bb559c88f45cf6179f2cd,1,boleto,1,70.84
f0c338c38177fc15c0b078b324cc03d0,1,credit_card,2,64.47
1e0efbb6f899f5f08e26951b1e170387,1,boleto,1,448.2
0b3aeaf1fb363edeaf5062df39515084,1,boleto,1,754.56
fd1dfd657df57a8183a8bd5ad5725538,1,credit_card,1,79.09
c788aeedf593229d4ee84e790c2e5483,1,credit_card,2,117.0
b62be88e52e1a504211a9b93f83cfa78,1,credit_card,8,668.47
d3f9ddd38c360abccd5a079173772acc,1,credit_card,1,36.1
3c860daefaca397a28e5f1909a3d6813,1,credit_card,1,70.53
9bc7a53b5ab2e7a8e227e321292e5b61,1,boleto,1,359.97
7a72862f08ad9a6b9debda8e2a65d762,1,boleto,1,59.74
a10025dad19bcbddfb29902513f39ca3,1,boleto,1,114.9
6f118d78773e39ac1e5efcc4622bfe18,1,boleto,1,162.62
dc2c8a5df17efe1186987eb0433abfdc,1,credit_card,1,610.56
528e6fd7c03c379de286d97ec507a6f7,1,credit_card,2,86.18
6bc36770d620721000e91c6115924837,1,boleto,1,117.93
a4de95599a7ceea15c118d8a59c8d574,1,boleto,1,64.01
af3ac636ad9bd84b524effaba1214126,1,credit_card,1,34.51
b64b31be08d0151c4115537cbef3dc06,1,credit_card,1,74.39
8b0f121dbcd7a605911362fdc4df8e76,1,boleto,1,120.04
b1bb317f7d7fdeefca25499d3e62cb48,1,credit_card,3,39.4
c8f6f16968064fb152e6eef1952c2f09,1,credit_card,3,162.71
55ea12225a84c0269c9ae6604e6f9141,1,credit_card,4,99.35
fde5931c072d09a2a89da86b20ab0451,1,credit_card,4,40.56
0cb617c8bf1a34cf77947ac7d8b393f0,1,credit_card,6,60.86
186f042cdce95c754951633686eb1dc5,1,boleto,1,50.95
2318f7d3046fc9a035c165169b54d4b8,1,credit_card,1,118.91
631634972c0899ddea4c90cc4d0f186d,1,credit_card,4,94.63
34243752a921e87a8dae2ee748b71088,1,credit_card,3,79.61
d630523e4ead4d29e7dd497f1a47b90e,1,credit_card,2,38.68
6648a06c491fb09866fe9080f43894c3,1,credit_card,10,336.9
2dafb4132a26189c56b5443762cba44e,1,credit_card,1,152.06
2973501c740d29c4ad13c14b660e2472,1,credit_card,1,53.42
57683137f254d82a617e934ec6cd5472,1,boleto,1,273.62
636d45d43d34423e6089d87a1869a4c3,1,credit_card,1,108.81
9010d348aa74847c4c49baf5e87c15ce,1,credit_card,4,76.11
059a13b49c0fb6d21e423fad48ad1c44,1,credit_card,6,166.46
a3afc054794626fa838bdf3de6073232,1,boleto,1,208.05
6d5c5ba52487a739a0406bcb654d91af,1,credit_card,5,210.9
22d62716773a7a0f7e8f98b15087ae22,1,boleto,1,56.84
61907d45fa46a27c04a0061d10b5c816,1,credit_card,2,247.31
702e61d4bba44a63b2a6efcddcc8e78c,1,credit_card,1,35.71
ad0cbc6e9cc5bce4165e35ad4a42d8a5,1,credit_card,2,29.62
caa0b1f68d02953d97d190e4e4e7191e,1,credit_card,3,153.8
2dc3f680b2788d38f7162482b575e41a,1,credit_card,8,413.04
94824ef603c1020f90aeabafd81bd704,1,credit_card,7,232.15
990cdf0bc1fc7417e5b2a77f7ae81d2b,1,credit_card,4,108.81
c58baaf50e63ac84717a1bc9c0a9c991,1,boleto,1,74.74
67b464eee8fa44d78ac019e09dcc25ee,1,boleto,1,129.82
e3adb1c6d76fb05369fbbc2b8b9f6c3f,1,credit_card,1,34.01
7a29d9cef76355b4b32321cc4c9e58fa,1,credit_card,1,57.24
cc33143e956d12c68737d2ea49910386,1,credit_card,1,25.31
5a0e15ad1f0c5749b22a528d77d1c993,1,boleto,1,85.6
68d1c970d581919895404c1e68e0bf3b,1,boleto,1,66.94
0cabda713646db439e030172e3feea6d,1,credit_card,10,349.1
1e5116c850ec5a9a3a83ff73bd06aef6,1,boleto,1,81.15
8d785027a8353d2f17d76f05b73f86ef,1,credit_card,3,107.01
88b90300d5ba09ea058e45b94c98b808,1,credit_card,6,492.96
acf6090782590f9b51160416c47f4259,1,credit_card,4,182.49
d40dd8018a5302969efb31bd21744cab,1,credit_card,4,49.12
788634b6e1564dce8d0833139af74c07,1,credit_card,9,91.66
f69e374b5692141d4343de7c1025a875,1,debit_card,1,35.18
19e985f2f060675c813b7c9d094cbe07,1,credit_card,6,307.43
b765555cab4620de41a7714fe7359249,1,credit_card,2,114.79
758f87ed332796046d9312299cdf1e5d,1,credit_card,2,35.86
9843b547a4604774985b674a0876c87b,1,credit_card,1,144.36
2c52a5a630ca9e849ec5fad8932bab44,1,credit_card,4,244.0
6854558dc4979ad704ccd9ff6a90e628,1,credit_card,3,113.86
4fd4634c3c8d7f2b7788e9c3902565ab,1,credit_card,1,71.03
77f8ac5734b5b2f8c1572102f854d329,1,credit_card,2,134.27
e45adf5c3dac199c3e6db68dc225d2cd,1,credit_card,3,37.72
39c16eab44c2a583e8015a4505fc1dd1,1,credit_card,2,56.29
bf6861804f97bcf7644f603c5bcf7784,1,boleto,1,245.68
ca67b029ed798e97aaf9397c40fef499,1,credit_card,3,73.6
275a683f9d935da3b306ef3b0260f965,1,credit_card,1,33.92
75a75d6f39a5e6639e107bdf8760ac50,1,boleto,1,19.71
a7b3d11d05a59e62a799d50ad789abe7,1,voucher,1,68.55
c1a86ab051ab4567d31bd8ffc3feec55,1,credit_card,6,183.83
c556be66c245e4bfc475064dbe859d61,1,credit_card,5,150.58
b98263fb4d7c2c5ecd1acc6ab0a659ff,1,credit_card,1,48.74
721384cf1e817313c1e0403bb08235ec,1,credit_card,4,185.26
9fb5f1c3d876e2a9360c12be18be8f85,1,credit_card,2,105.79
6bce4e879e07d52ce8463ff404506751,1,credit_card,1,58.74
a827a4bb4b7d1623fb232641e491bf02,1,credit_card,4,85.32
5bf4b0c6624c03f4a531a60082fab3b5,1,boleto,1,131.51
c63e118d1a3111cb82af1fdb95b68646,1,credit_card,15,155.66
40c8d67fd240c45c8d7b082a8ab8d9bf,1,credit_card,5,248.26
db64a5b6724f1501323cc11154cbaf39,1,credit_card,1,69.9
7beb96c2b44515d5794d02d8a0626656,1,credit_card,3,38.42
e5cbc7a4083ecd89bb5fbe04c2fb5eaf,1,credit_card,4,179.7
2ae6e5a2da4078c84661d1289e22742b,1,boleto,1,45.86
c98c07a025d81c2340fa5495602c2312,1,credit_card,2,51.71
cf3c9d37ec74339e66e6fe4daa089fe4,1,boleto,1,57.42
bdb029fd9aad9c2b487eff2b448346c5,1,credit_card,3,54.42
489b43fc6f7840318ee5d83ee35b86c1,1,credit_card,7,70.16
077c116b10b1c482b78d24fad9fa14a3,1,credit_card,2,56.45
a73ee012d205568e720cf2c801ccb0a6,1,boleto,1,185.74
bf45b8917f0c4bba2d29256fdbac3d04,1,boleto,1,49.51
e605cb87d9eccec27579c6d269f47ad1,1,credit_card,3,33.51
be18b8aecc40c580699c87905e6578dc,1,credit_card,4,47.95
81236114e6a522a78df40930e2592d98,1,credit_card,1,130.53
0a178d660889f4e9ef1087483fd6ce9d,1,credit_card,1,40.95
2ff205d5135b1c7763c6561d2643df51,1,boleto,1,380.66
6ac7c4ffe3878ed0702e5650d8dd6c26,1,credit_card,1,153.5
7fc9c416ca9144971f5486875181bdcb,1,credit_card,2,22.39
8a7679380ddbbbe7495aa2d1cafd515b,1,credit_card,5,188.85
b643582fcd5b151f498b5383a0195f33,1,boleto,1,80.87
b1754d9afe2ab71961cf95f27257ab55,1,credit_card,10,115.66
b8834035b657b559585c6c1243e82f9b,1,credit_card,1,36.49
443aabd96751d0f91e92d34dae9f473a,1,credit_card,1,30.27
d15a203ea25983a3a17ec382a8a9122e,1,credit_card,1,105.22
99e4724c6accb3d63bd87535d713b856,1,credit_card,3,151.06
394f7579c871c612634cfb93294745b0,1,credit_card,1,75.53
dad3d731936eb6c4a605b457dec8a0d7,1,credit_card,2,128.88
a1211febecce5b1f8faf9f5e533bd627,1,boleto,1,99.35
8774d6fb5a8c64bbb720a8271eb207c0,1,credit_card,10,117.03
949280c70c6d62ec9c06fffc5ecf1fe4,1,credit_card,4,49.42
4d483bf690ca21bdc005df9b623673c7,1,credit_card,8,433.05
fbecebecbe32df9dc3411b1e35b5484c,1,credit_card,2,36.52
9da7320835e438e015d139c344164285,1,boleto,1,333.85
afc1e4183307b101e5e2dbdd876a213f,1,boleto,1,267.79
578c61a097978687b2c5109f39efe918,1,credit_card,2,79.61
a5da284831a584245b8ab3cbce6eea11,1,credit_card,2,128.88
f2d872bfea08d627b7910014e94c7e3c,1,credit_card,4,49.42
618638a7bdca22bf57e7404dacd947e0,1,boleto,1,120.32
c27815f7e3dd0b926b58552628481575,1,credit_card,1,535.9
b33ec3b699337181488304f362a6b734,1,credit_card,8,86.22
67384b4952e4e9da609ba03e96b87394,1,boleto,1,89.19
b66836a7408ecc382cdd4be702060220,5,voucher,1,59.99
303c1a4cb953c69bf9ad12194dc3d44d,1,credit_card,1,47.96
22849055311b7748c424a30367967406,1,voucher,1,104.38
c7be34133b7857a83dec6494df176713,1,boleto,1,256.0
4fb76fa13b108a0d0478483421b0992c,4,voucher,1,9.18
ef8e8348ba291917542268f900fac505,1,credit_card,1,0.33
bd9e8d4cec0e721d5ffebe153035eeea,1,credit_card,1,157.38
b8226aa72dca6aad3bd514885b7b02e8,1,credit_card,1,4.16
08158c9f50214fc5872aba47814160e7,1,credit_card,6,309.77
940c5c8cc3ea86ca75804a5c8c350533,1,boleto,1,64.32
7c367f3036caf4d2000a4d80bc9d341b,1,credit_card,4,220.6
cc4dc2d6667cba8c386c69eb4f76f0c3,1,credit_card,3,331.02
bdc979bc2bbd601781c4d37fc8a8eeb6,1,credit_card,4,163.16
a709ecb248c71e8b541f253c40ee8be3,1,credit_card,4,41.51
4c03716ec6e1d9291c862446c7d03fcc,1,credit_card,5,157.7
0dbd118355590880ca13ec4ce58e64b0,1,credit_card,1,85.6
e1846d3c84aff4227b6955ee288df284,1,credit_card,3,214.09
af79884abd4a25e4ed96f94bc7db48b3,1,credit_card,4,142.12
9abcdeded6b253b59272fb76b83b1f6a,2,voucher,1,10.86
3f66951bb45f5371d8127bb5147f6aba,1,credit_card,6,60.49
88b3b4d2f2d10a6dafd468832fc6962f,1,credit_card,4,47.42
756575f4894e97980e45d0e8710ee27d,1,credit_card,1,91.23
87a424bbf023a4cde87182d182480280,1,credit_card,5,88.42
c72add79a1bef8c55628b377b01eb02d,1,boleto,1,58.95
acecf0b4a17e9d413f602a2345fcfe16,1,credit_card,6,65.15
f303983d1d0592df48b9dc1cea9bb871,1,credit_card,1,6.15
9ae2615288bae316687074b5dfadaf46,1,credit_card,3,54.86
44a69f8dbbaad732136d9575edb10295,1,credit_card,5,227.98
e5733d3b62d5801dc002212d48f5cd89,1,credit_card,1,140.34
8cca30720d5165714d3c1d64cf85e34b,1,boleto,1,99.75
b4a4c9808ae2aa7c8811e9666d5f9058,1,credit_card,1,69.04
bb5849f8ba21da43ffa31ea52ba81b37,1,credit_card,1,99.75
fc4e4569c5ee84762423c8111fdea8c7,1,credit_card,6,744.66
9b4ca0b8323b1def628d45867d69ba54,1,credit_card,1,55.46
766556fe96de427faf3964fadfb68458,1,boleto,1,115.12
4d2e2634819452adb3313ccb5abd344f,2,voucher,1,29.28
fafb40d4bbf282fe7b9bbafcc2eef58a,1,credit_card,3,32.42
fb04716648402d4fd6f8158e51779fa8,1,credit_card,3,272.61
0d12f20556892f2a5aca4f39fb613a07,1,boleto,1,42.51
3a0b9e5f9d86c3edbceb2a6a8f637dc0,1,credit_card,3,233.45
045e9ebd4d41affc66333d58c3d107c1,1,credit_card,2,210.48
f4d751641e56be2627108a93641f82f3,1,credit_card,8,149.96
99beb0ca1e257ea579db2f8e68d0165c,1,credit_card,2,69.67
a61122f2a4bb6c7479310694e0657167,1,boleto,1,21.71
326a77a98aee180ac470bed8a09b406e,1,credit_card,2,58.52
0ff7b37419d20c634e7bea8716821899,1,boleto,1,74.08
8f3530f8fd2a677f9f081442a10d1ca9,1,credit_card,10,271.33
25efa6c863eee6b4b658233ee3b463a3,1,credit_card,1,110.04
486c57abefde2c75d496af33eade014c,1,credit_card,3,200.93
a8403ba76270af7f5fa223be10aa3a93,1,credit_card,2,125.88
8b0bf3b8f82ddc03f25fced51cf9398f,1,credit_card,1,38.01
cec8f5f7a13e5ab934a486ec9eb713c8,1,boleto,1,94.84
fd22bd0610424ec9e62c1d98288b51e9,1,credit_card,4,45.86
a7384426d477fd16a093284ebc51ba0b,1,credit_card,1,80.4
9bb921bc5d1c9767f034a13f923532c6,1,boleto,1,242.12
dd0e00343af091774fc1399707418777,1,boleto,1,105.74
a4bd0ba6a11d3e4dda50d5d4c23952d8,1,boleto,1,50.42
74eb09c234059210020478373826f860,1,credit_card,3,54.34
a17fec30c4ce5a766edee3f4c7701c0f,1,credit_card,1,64.42
264c045399fb02e9f309f715c2e5f3d5,1,boleto,1,102.12
6c0b82a9a69f551e8bc3df69007d71ad,1,credit_card,10,269.87
c07db2ecf8530bd60659764d866467cf,5,voucher,1,7.41
6b8fb85c27e8d90db257311f74b7c6e7,1,credit_card,2,199.41
2d582ca9251cf300ff17929c5151438a,1,credit_card,1,335.47
623782c0605b507c31691b1fff4dc299,1,boleto,1,32.53
cdc82761e2ff29724926335586ac1f8c,1,credit_card,5,81.78
d9fee6ee13066c1eaaa95f24bcc8a4d8,1,credit_card,1,209.12
fd766da8b074a9d9399eee9b28525f83,1,credit_card,1,98.83
3366be2b7b4862b8defdcd2409db58ff,1,credit_card,2,92.86
9934e7ff8eaacba82131dd85b7a0e156,1,credit_card,4,720.98
f8fa646064b580d92a30a5db627a817a,1,credit_card,6,319.51
a1226839947001dfb15c46e812c68325,1,credit_card,7,78.69
84bcfcb83c1d9ce6012fd51befddab4a,1,credit_card,8,101.23
52d39ff4d1bec82c2e57105ce078804d,1,credit_card,5,277.46
5dc8e20ffe7089524efc98d33aa37b1c,1,credit_card,10,281.0
44fe2f7e994f6df61f74b01b2f440169,1,credit_card,4,133.98
0b19db7ca9db8caff754ff63f59f67df,1,credit_card,2,125.88
66cb680674721f9816e366a15a93633f,1,credit_card,2,211.91
8ca67a00cb1a96ff0c0fee5dae267e99,1,boleto,1,54.52
d2feffdc8a5c6772992aafeff8b9bdef,1,credit_card,2,101.19
28c80a03a80d512daa77b7b944cf069c,1,boleto,1,193.39
bd5c9d506fee7419ee3c669d0123a067,1,credit_card,2,27.71
2b233b3b91f2164ae046d169a3d975ee,1,credit_card,2,96.65
880835c91a5227560bdb8d0f45c60579,1,boleto,1,96.98
ee1099f5139597ef759566fd91767968,1,credit_card,10,202.72
5d17efea0be94cdb2964031a1eab75dc,1,credit_card,4,150.89
b93e5b2672754c089dae937a51136864,1,boleto,1,389.43
b1290930402d6e29a52dbd6efcab1c3e,2,voucher,1,50.0
35096a0e4744902c11de408b85c43fa4,1,credit_card,3,191.82
4d176bbefbf167c712ff9ea39cd6f233,1,credit_card,3,71.56
fd23556a7c693dc9341a263d6b9010cf,1,credit_card,3,39.42
662157b4251f62efae6f4ff7525c4961,1,debit_card,1,70.02
b094b88a36a6a907eb40730b9382cbb8,2,voucher,1,194.65
c6492b842ac190db807c15aff21a7dd6,12,voucher,1,38.37
7f095ef5086869ac49b20d6cc5484418,1,boleto,1,67.83
e9e56ab7d8e993bda2988ed430524126,1,credit_card,3,124.73
108ba0b0521d3a6629dc825044217a57,1,credit_card,9,99.66
5bc9327cbcfa76ec35110bc7c73c9fe6,1,credit_card,1,115.45
27e2a7e5ef6ee74e734f296c3a0e33f8,1,credit_card,2,24.95
e3daea0200104991cb979c2fcc509ae7,1,credit_card,3,39.96
84fb4cece2ca6c0f9d40c92a25e95a8a,1,credit_card,1,40.95
bbfbe3c62a4a810fb97d10267acb5f10,1,credit_card,1,52.77
3e36c841d95ee611719b42ff49a54792,1,credit_card,2,55.46
8e481ac12e05d41b6bcda081f132789c,1,credit_card,10,336.31
cdfb5ee8cbd9cea7cf9cb8db9bf94eff,1,boleto,1,34.86
4ff030f2bf3f8741d3843193abca39fa,1,credit_card,1,158.28
cd05a1fc2781f43f5e459c285751e26a,1,credit_card,2,29.62
aaae80f5b6239bd9e1b22e9aa542c3e8,1,credit_card,1,77.16
cbd73a65c5edc13fbcde523d1ed2090f,1,credit_card,1,70.46
bff8a4fd45acacd3f3390aed67ed8e91,1,credit_card,1,28.86
c5419fa3198a4e2caeb715ce9fe9a6e2,1,boleto,1,115.45
c1b86a370f491b37cc3adb8ef0a21fe5,1,boleto,1,146.85
71c71007c0e6e119fd24da2a057a4cdc,1,credit_card,10,1192.48
de5552f927693bffe3b9ffc69e75000b,1,credit_card,3,84.15
aad53ab538dea5e7315dca5fc140ec84,1,credit_card,2,229.65
adff485b76b194780db2e4ad4c5eb9b2,1,boleto,1,65.95
b1290930402d6e29a52dbd6efcab1c3e,1,credit_card,1,2.86
c9b2447b34e74d4e83900fb91dec3e56,1,credit_card,2,359.67
83be28237d62524f82d47b7e4e8759ec,1,credit_card,2,129.05
5ef2b9c9a5e997664dcaacc5fa769e07,1,boleto,1,181.26
8f1891d25496da49ea3156de28e8b417,1,boleto,1,106.78
de969b697705a8e3239d2f760c644c8a,1,credit_card,1,65.7
707b67c6036569d9eba912e2c8609ee4,1,credit_card,8,103.02
f006810a786871fd371a14d0370e88b1,1,boleto,1,126.37
b1069dbe8202837514af3badecb431ab,1,credit_card,2,34.86
12246bc7c8c246d8294f4f6a04efc60e,1,boleto,1,68.62
63c9a278e2db31d8f1c92babe1b0ae5d,1,credit_card,2,29.51
08e4b9181951f803229ff26c157f5045,1,credit_card,2,89.7
fb441bffe443e71cb16477c4743591e8,1,credit_card,10,2626.07
2c75c33f103e365438cc19a05d444b7f,1,boleto,1,27.95
6081e66cc1fc92a9f303a8f878f5be36,1,voucher,1,25.46
79411a632fc76728b437951f4c052826,1,credit_card,5,53.64
e2e223aa7d0f409950eb995e6c759475,1,credit_card,10,169.28
682c57bc2cd98a0a198ef4e82e7c806d,1,credit_card,5,105.73
7bcde8d5d9a48f795c1219a5eded63a5,1,credit_card,3,86.15
523edc667ecf141c2018ec8c1e6c0211,1,credit_card,3,232.86
4a385052190a8e86f56e617e88b824e5,1,credit_card,8,603.03
45ceefe79e1b3b2757d1d3853fdeaa68,1,boleto,1,53.02
d3814caaf7587391515f5ec329ecda07,1,credit_card,1,446.3
b85004b6486df47906bcc088f0be3092,1,credit_card,1,60.64
c0800c1006480bed22d5ec0b593c2cd0,1,boleto,1,28.62
408d3b25332b720d54aeb8503549722e,1,credit_card,6,360.81
653f05432280006916452a2fbb55b136,1,boleto,1,60.92
f160c3778d5bd8e90d2ca1e3ea6ad197,1,credit_card,3,65.9
a11cd01ac67beef7e8bf09740d8a35c1,1,credit_card,2,103.28
4f9f24f1dd52ecdf0684a63eaf36c51b,1,boleto,1,55.96
08b04eb82fbd41d6a4a779d822d57a08,1,credit_card,1,120.68
4fb76fa13b108a0d0478483421b0992c,1,voucher,1,8.4
f8dc2e2efd79f135f2ae7b04e0d95985,1,credit_card,1,54.24
0b838846dd20161681d3072fbc6765ff,1,boleto,1,56.34
370e2e6c1a9fd451eb7f0852daa3b006,5,voucher,1,3.41
33b0ee1d4d2eb8a3d134a25b7d73bc9d,1,credit_card,4,115.9
53f5a7f622d498ff3eeb334b8efa7ae7,2,voucher,1,2.36
9c94a4ea2f7876660fa6f1b59b69c8e6,1,boleto,1,90.69
14293b00f541856ef515e415e6a5a2f4,1,credit_card,4,187.47
85f8ffb0071e850ecba540ba938f32a9,1,credit_card,2,306.1
48bc52c2b508d82a24686b9dceddf414,1,credit_card,1,76.63
4a884f5dad6f1f7948b09930904b6f19,1,credit_card,4,85.6
98e3407bdcc7155e2c7a5bc47d670de7,1,credit_card,5,316.17
fe586a853555fc16df58af7c72fc30dc,1,boleto,1,50.95
1996c282f4c9a331bf94a8fb2e080120,1,credit_card,4,83.63
6ee3801dff06972f74e0b9a290699475,1,credit_card,3,34.64
a8b4dfc1843395b826a9d9a5cf0a5bc8,1,boleto,1,304.06
e77d85bec584c36b9558adc732947c76,1,boleto,1,124.22
3ce16e50c1842ad30631811796a31afc,1,credit_card,10,129.9
bf5142abe115b2f2d88f9d7bb0da6703,1,credit_card,5,252.06
5b298cf66c6dc0f681cb4b104a799c5d,1,voucher,1,54.44
4b59288fdfd1ef916c5bdb63ee33d987,1,credit_card,1,152.36
56a48a43efddc6a4b83370214985d366,1,credit_card,8,149.56
4fb76fa13b108a0d0478483421b0992c,13,voucher,1,0.13
b0874cef1bc851d609f25d264fce7b4b,1,credit_card,1,28.62
df56e27fb87ba6d4beb70719ffdd707b,2,voucher,1,71.8
384cb810297edfa8442e7b06f4d4850f,1,credit_card,1,36.79
1095806f851129963474b5f20d6520fd,1,credit_card,5,97.17
b9e44ee22f3a341743c10307b601b363,1,credit_card,5,119.76
78445aad6ec7d2d58ab2c71c98f99957,1,credit_card,5,52.51
a0de51cbad4f3e14a380e07a0b88ee7a,1,boleto,1,59.25
11d2a4111b0de56991e1ccbeaf4eb0e8,1,credit_card,1,215.86
f2ef8ad9ee61aaa6334cf0967193a602,1,credit_card,3,35.86
d252e32f481bed5bbbbc4c0c76261939,1,credit_card,1,889.8
fa69e8d77e6f9d310a77c7dd43261ce7,1,credit_card,6,72.98
967ed7a1aa1d6b190c903a3daa815f02,1,credit_card,6,212.46
71e6174ecee5b2562945b98c5fa17cd4,1,credit_card,2,61.46
b7be5a34ce10bf066ff8013867a3f004,1,credit_card,1,30.7
d54005052afdbf06d7a1d39cc9e45f92,1,credit_card,8,1648.64
baa236e595125eae9865b38b2f1b7240,1,credit_card,1,34.42
5cd8566a3991a377011c78d27191853c,1,credit_card,1,74.59
ecc5a7a6cd9df305db7d2781708d6599,1,credit_card,10,212.61
1ba17bb34e802d7e243558ee086ff754,1,credit_card,1,61.26
4c66c3496efdc2ec571277fff303a631,1,credit_card,2,192.55
3cf422cc081dcaf5ba0068fa5ef709bf,1,credit_card,2,193.39
3151632a0a68e4f69a7f29961a091904,1,credit_card,4,264.26
b191545cfb775e72c067683831bf4b0f,2,voucher,1,121.59
671c1562854f03c1d68f6d48e1fa4c7d,1,credit_card,2,76.66
536e26cd7924f6c5785423b49b0fa7f5,1,boleto,1,119.99
23229014c0c3d71b5a013fc36f1de367,1,credit_card,1,56.39
ad430bc59db52b1f7522b6f19e669bc6,1,credit_card,3,206.44
95866ba7444df70e11f040995d30f40d,1,boleto,1,328.42
5f4fb6276021ebd35972ce9dcccfed59,1,credit_card,1,70.49
fae3b1a8d40ef353a1dbc1846bd5cbc2,1,credit_card,3,32.02
604cf9b703209b8e0f87284d5aa05313,1,credit_card,10,113.61
4fb76fa13b108a0d0478483421b0992c,3,voucher,1,16.19
b02f16483f20ca4c7d1d5b147eca4c79,1,credit_card,1,29.51
7d0a7957897551b77224fc297e8f6046,1,credit_card,1,52.18
71a911a3509a408b60846ed2e5f91e70,1,credit_card,4,185.83
4d2e2634819452adb3313ccb5abd344f,3,voucher,1,20.64
ae76bef74b97bcb0b3e355e60d9a6f9c,1,credit_card,3,150.12
116d9a3f0291e98b5dc5a0e568124662,1,boleto,1,34.51
9984214090d1d769bc272b874c88ce4a,1,credit_card,4,46.64
81a7125e95ebd20c40de58599400fa57,1,credit_card,1,51.71
44d753e5f4e21111096e0d54ba3a5b0d,1,credit_card,1,28.95
e912fe377f77944ec68b3650ead100bf,1,boleto,1,278.07
893d40b53f61002a75eff0c92b557219,1,credit_card,8,197.85
17c059796a89b5b4c53113de933500c1,1,boleto,1,124.18
ae2d7541c0bf40bcdf14b7fe20c00eb1,1,boleto,1,134.91
7580acfb8ff8ddb8e8db732d87a5e5cb,1,credit_card,3,64.42
507a4eb733d930ed7dfc37c2dbe4e264,1,credit_card,3,30.95
0e2fe4a9435f66fade2904a904a0adaa,1,credit_card,2,58.46
542e088b96769f96492ae0f46597d3d3,1,credit_card,5,55.64
0180ebc47853bfc5997af28f5a7e8849,1,credit_card,6,173.74
d72e8cc4d5efd1b5149f68dffc423772,1,boleto,1,31.77
b1e68c1ac52a1a5cb5051d07ae91ff06,1,credit_card,2,28.42
b80365a0dc9dd62c6818aad6d9047dc0,1,credit_card,3,45.17
0615cb58aaa538ad222e5ce52b5cc2bf,1,credit_card,2,24.86
32c9679b14183d04c1ffea3f6e5ae12e,1,boleto,1,127.5
97c9845a8e4bfe01540ef64fe2bd53d5,1,boleto,1,220.35
699d09b1aa108d97e430e3b6062f554a,1,credit_card,8,217.59
8db43b1e3642a3227063d2517b63ecbe,1,credit_card,1,74.96
93bb367e257c000bd449a46fd0e75e56,1,credit_card,1,35.26
7977e307a9ea263c2cef8cdc9ccbbe26,1,credit_card,1,311.7
2c5f8c98e00740a16ca31cb18a7c8723,1,boleto,1,262.82
959815491185d6d44b4adfb9caaf3b9f,1,boleto,1,171.49
f323bb8ea0778da8d42a6de6499edb87,1,boleto,1,141.94
a2a7169e4204a769d0c0f85581e7f139,1,credit_card,3,121.85
8429c84330a72186ef73cee90cd9a9c1,1,credit_card,1,122.06
b89abfd3664f6d278d90b13536d52364,1,credit_card,8,447.18
85031edc7b58dbec75ff2e24d7365e13,1,credit_card,1,30.86
aa9f47b4e7c06b6c495bf26fff85bb17,1,credit_card,2,72.9
e30c50d1f4deaae389eb54201acb8d28,1,credit_card,7,348.89
e06ff711ddcab05c3651a9b1bb003950,1,credit_card,12,138.28
ec0bc44edd6eff22baea2a84bf6c0404,1,credit_card,6,342.88
bf5a44a0843a026ecf32a63d882550f5,1,credit_card,2,178.18
a9957adf297a6be5e8625b3e93329c6d,1,credit_card,10,1438.23
57036fa92425953d26c370e6fd4b3943,1,credit_card,1,161.05
ba6d7557cefd2d4e8fe232a2f9cddd8c,1,boleto,1,163.76
ccb47af9fe6426dd806a65340e7c6661,1,credit_card,8,164.18
1ea11b975aea60ca92fa0559184d3d34,1,credit_card,1,0.98
a53ebffcfdb8c4e47308374591571f96,1,credit_card,1,54.74
86788916a1e9d8582d4ebd46320c7fb5,1,credit_card,1,18.83
6be0accbc7586ba7eb6b9d35bb2023f4,1,credit_card,1,50.95
9611397da79fc7abde6547d329ba3f33,1,boleto,1,53.84
91199340efe15554e4533e5ffe47a31b,1,credit_card,3,30.86
3eae45e1345a16673017c7c36f18ee34,1,credit_card,1,178.97
c1e00da044e0d7297a2f8cdd0a048fc9,1,credit_card,1,114.86
66b12481cc96a1cd3433f135e812ce3a,1,credit_card,5,104.7
758667794d07a65477e26043b6b75986,1,boleto,1,27.51
d9a03aaa586760cdcfb4aaddbcfd0767,1,credit_card,4,93.04
270c203303119d8cee340c3b736a8ea1,1,credit_card,2,138.98
6732c97d4cbdac9ed23b4c7148f61590,1,boleto,1,82.19
b8a644dc49239c37a1db391a709f39c7,1,credit_card,1,82.09
a389f1f731daee05d63fe992c0f689eb,1,credit_card,4,61.63
e90f4f7e0953d4031b08ade067de9e67,1,credit_card,1,142.48
86e2444fc896c9fa2eb5bc9d8a15e111,1,credit_card,4,82.97
6d5e1e480d92f1bde5e9eb187fa388d5,2,voucher,1,50.0
e4e9fa1ceb459e9dfebba5e0b09849f3,1,credit_card,3,82.39
c6492b842ac190db807c15aff21a7dd6,3,voucher,1,30.59
9dc7211819545928779f926c67f9031f,1,credit_card,3,212.0
ce8502b200546c12a54e51a65f313f34,1,credit_card,4,45.55
953e5c1feb295e2fc31bcc8ee7a9f58e,1,credit_card,2,67.08
f29332f473a6254f4ff3916edf221675,1,credit_card,2,33.51
f77fe87685972d2d1a7ff6600f590d59,1,credit_card,8,241.45
bd321a43c9e3e0ce286bc76d7bc18e53,1,credit_card,5,222.07
8298521946fcd8c9f8b984aad6176694,1,credit_card,4,124.73
9a33a8e80401e0190e9299a6547b5723,1,credit_card,1,294.54
9c0bb2c7680b4f084fc874b19722fc88,1,credit_card,2,45.86
567320164aa96555310f5c8ed6e8c5d7,1,credit_card,5,54.01
dbe68b74bd4b3b7e0b5151c19263237d,1,boleto,1,166.23
5d4823ead7848e3fcf42c8fe91cd697e,1,credit_card,8,637.81
8ed355f30b1d3d5b82be51adbccdf067,1,boleto,1,237.68
0673ea591e7c9108ba7dc1a5246111a5,1,credit_card,2,89.26
5d008946b4867d5a4cbfb2b94d9e1496,1,credit_card,1,41.64
830e68f85c573a0b3ad78cc4915e0fcd,1,boleto,1,25.55
4fa0555af785b01d6fd80634b8c3a87a,1,credit_card,3,600.75
3a1c434d917a8b25f7862cfa17972aae,1,credit_card,3,36.6
02ea54f5cf3a07904182167e104f97ff,1,credit_card,2,143.48
0231382a78f19752dabca6a86b618152,1,credit_card,3,86.02
4495f509457db82fbd44608ebbcddca8,1,boleto,1,58.73
bdd02ebba4a073b670384d9ddb2a8b50,1,credit_card,4,49.51
0307d42d9c781d32f86cdf1fa5c8670b,1,boleto,1,152.47
4fb76fa13b108a0d0478483421b0992c,11,voucher,1,8.65
cdaededb679c58a0e7de44a196b55750,1,credit_card,8,114.12
b835a702f116e758be4f80ae292bca2e,1,boleto,1,71.55
eb64ebb7904dcdeb9220cd737245f099,1,credit_card,6,318.44
27d0167780910831455af6f6bfc7179e,1,boleto,1,121.14
7227b55a59343b63b3b4520725996301,1,credit_card,1,52.42
2ee2631a54a882833dda5690c0889eb1,1,credit_card,8,262.82
941019ce2dd2c6e0283d3dd469b1c5a0,1,credit_card,4,232.32
376354084f6f8ee744a474abfb826ea2,1,voucher,1,67.0
82d62e8dbebf85af5c2873e07fe0721e,1,credit_card,3,297.64
c33a8aa2dd5053d9fc89793f94229ab4,1,boleto,1,202.46
4338a4463f7f9193d2a03a83a4b68ba0,1,credit_card,5,85.6
2311ac56316c28e8f8f0b729ed8979ab,1,credit_card,1,75.62
0a66244c735378791bf14412b6c97df0,1,credit_card,8,276.11
b9886766c7d03ad40eb4f341af209a88,1,credit_card,6,60.42
139f77f83936e3fed4788e6675c1a64a,1,credit_card,12,671.39
17a7c61884c9f0021e21a4f8fb2724e7,1,credit_card,5,59.74
f29ddf8225b83634a61798046455ce8a,1,credit_card,2,68.53
cedac928ba1f320f1f61e79b3801b5c5,1,credit_card,1,28.62
c4de2c9027b739331dbfaebac612e662,1,boleto,1,66.78
d7defcb8f59419ce565959f595bbb988,1,credit_card,3,95.67
31c6c41e2949f1a20c6f8e60ac17d4fe,1,credit_card,10,1520.77
c224a880841d56f37bdae6fe71fb8540,1,credit_card,2,110.7
6179ca3aca88a0e2e379fbf3742a04ac,1,credit_card,6,504.56
b3a8fd762c98dce0277b24a7dd8cdfbb,1,credit_card,10,413.31
7cc694b62dcc67d5cf680cb035f217c9,1,credit_card,10,119.19
b0f445cca9b6a54ff47e8834c16ba6c1,3,voucher,1,20.24
bac11e328f49d36222401aa2252fa12e,1,credit_card,4,47.18
bd6a5598892338bf9e6ad1f5ba2d1f4c,1,credit_card,3,106.23
1f3d431152e91775a11e3354e8f055a7,1,credit_card,7,82.68
6440d5acbce24626e6224f58a6759905,1,boleto,1,123.09
334366f2e22dfcecc6821c15209f0175,1,credit_card,8,204.49
9abe82df39e950e1e0c1a5969e22571e,1,credit_card,4,74.49
5aa551497a6e4522899b4a89a3eeff5f,1,credit_card,1,136.26
e95221b086979e4c09eff4fef472ef04,1,credit_card,1,34.42
20c2a60238ac437bd325af95c7148e06,1,credit_card,2,244.0
0689012a897b2ac50b37994d77898bc8,1,credit_card,1,1097.31
1a3875a70aed30f04c73624a486bceb7,1,credit_card,6,128.95
de09bc4ff6a9de96b6895cd565f80e69,1,boleto,1,716.65
e3c131bbe953a1cdb1dbaf261715c368,1,credit_card,1,27.71
54d37ec8a7b9c92bdca59ec16141bc4f,1,boleto,1,50.01
8fccc7922426ac1c14efd13857e57bff,1,credit_card,8,271.9
e33d8345fd55476c9fc022be9809a8e4,1,boleto,1,147.07
fad263c690ebcbd7b6655a2d7e0d0df6,1,credit_card,1,43.95
1514b8d46abaac77919d48ac0f757fe0,1,credit_card,4,41.52
9f1d14a57c14b6fff699b45a39d60bc5,1,boleto,1,46.39
aeb970f75d1a1aa41b4fd895c60fcdeb,1,credit_card,6,119.99
3566eabb132f8d64741ae7b921bbd10e,1,boleto,1,115.02
c29935f9146cc4781bc5855fd2c1d880,1,credit_card,7,70.93
2982a4a9b9ff0bf9a4f5b88a45a6fa67,1,credit_card,6,163.52
fe10aebacf088c1a719b7818f2e2523e,1,credit_card,6,470.73
267db43542633efa0839c965b2ad2f31,1,credit_card,7,73.92
48d230e6c8bd3de6e2c702e6869fea67,1,credit_card,1,213.56
79f6a9bb3d0d92e29f2c0fdc60940e41,1,credit_card,1,72.99
78b17b8479b96dcbe179a2c64bce00c2,1,boleto,1,36.64
58f06cdcc39850d51ec8677cdff108be,1,credit_card,10,250.46
1cd6899e0a2e42420d74de5c4371fa83,1,credit_card,3,57.09
197e823afa23ea796ca722cc9465c923,1,credit_card,10,136.05
b22d306e18b3b665d49f2ce7d060742e,1,credit_card,1,36.79
d1142640ffde00a5ea942d37238ec5f8,1,credit_card,2,95.57
97dcaf1261b71f6b774088bdd79c7890,1,credit_card,1,60.01
b9c9ae9ec1ae133cb9d76c6a4d38c316,2,voucher,1,40.9
789e059c493926a46f2365bebb807dc9,2,voucher,1,49.05
4849762eab16354ac93fa3f76324ae57,1,credit_card,4,185.51
db64746e7060aada6cbe3d0ff34f0cdc,1,credit_card,1,101.89
817bf80f198fe79311b13572332cc969,1,boleto,1,173.74
b4757419a0d328d1c3c848d9957cb20c,1,credit_card,7,368.05
3bc59ba58cb8e8524859be6a6f4159ad,1,boleto,1,60.65
4d2e2634819452adb3313ccb5abd344f,4,voucher,1,28.75
109f014817afa47ae23b8b77939cad98,1,credit_card,5,72.9
f6605c7ac6582925cf6ccd0456d96600,1,credit_card,1,70.93
28b33b3ff1e1ef5e83ff16ade701d262,1,credit_card,4,106.28
b53c76841e4d019129a1304df6739fe1,1,credit_card,8,213.56
29d0a45c5f4c8f6d17e390ab762df890,1,credit_card,1,134.3
adadbd25a12e0e924896b366cdf22f70,1,credit_card,1,75.72
896ebe72d716ef0ff2bf8f7a74c94870,1,credit_card,3,135.36
fe9178012c726b1780a3553d7972a9b8,1,credit_card,8,167.62
77f769edc06f5c320e6ee92b14400f30,1,credit_card,3,107.27
12cd98b885d11fa8260badce51a54ba0,1,credit_card,3,36.49
54c2d9b070b38364a06b2b3066032112,1,boleto,1,130.91
1801c6babedcb89ced12ae5f6352f787,1,boleto,1,364.75
e239f429ea5c15f21824633bf737793b,1,boleto,1,175.75
39278e2718c6f2a7b23e42f955318fcc,1,credit_card,1,45.46
a72128c306bd3fde78eb4f32b6360d86,1,credit_card,1,22.97
04a964d023c9a995e1dea573959fad67,1,credit_card,1,143.2
679d507dacd35ecf587d994177d06871,1,credit_card,3,37.71
b29403efd8bacde6cfde49d511ada5fc,1,credit_card,2,35.04
7af7e9221757663bb19abb52d6acebf9,1,credit_card,1,485.72
4f69e61a03c8f8e1fb342ca5aca13de5,1,credit_card,2,28.42
8a47ac4a1254acdb71d857d9d71e4086,1,credit_card,3,279.39
1ff554f292eca293a405beea2511f6de,1,boleto,1,84.2
f811812f4598bc238e5006ba2acf8b4b,1,credit_card,1,58.61
f4366d9980e6fb925d2ed9a63d8a6e2c,1,credit_card,2,274.88
644d53f0bf14fc2b7b89008c00ef5f45,1,credit_card,2,24.86
519e5b17180d3ebefad6f7b8c1a6c7c6,1,boleto,1,149.64
f885037230ad5460192a6a2c609af8d9,1,credit_card,3,60.42
bfef81581affa2b4c59018ed748cd663,1,credit_card,1,73.58
321d9198cb35a37dd55176b905614311,1,credit_card,1,117.12
e928cc82f61f2dcab3ad58d6e7200224,1,credit_card,10,184.8
03a479456d2571485ebce285eef65f61,1,boleto,1,129.87
190e8611451cfad038f032f548f44c12,1,boleto,1,109.69
103355b1bc5b63508c20e2b7eeb58961,1,credit_card,3,139.81
b3f7e36f7ae979c02959004e9d800387,1,credit_card,5,70.04
95d825d3c9ac0db6ca8f1e567cec7586,1,boleto,1,139.02
b374364a416f6bd7a376e466e60415a5,1,credit_card,2,131.51
9a5463c5be32caedf26ee1c5af6b5459,1,credit_card,1,63.62
bb299ee4fb79d4056dad3e6bc0aa8a46,1,boleto,1,57.9
c80905206d43c8d2105bc9c7fee90ae5,1,credit_card,6,139.33
ea337f88a8c5cab4e99da87460f1b99e,1,credit_card,8,213.56
ee042330f80b0d87dd274c9f9b29a46b,1,credit_card,1,80.56
69c7a1e070c1759e15f7a5fd24c36e5b,1,credit_card,5,134.76
7a8fd05a340c38948f7581e765cecb09,1,credit_card,3,85.6
b02fefc3800702d58c988da39c132902,1,credit_card,10,761.82
b0edc0b20a380c879d0775721c5b5b20,1,boleto,1,52.1
5384eba8f22866695801e33c6dc25745,1,credit_card,1,60.8
518d8ea442ea12acede1c064a54cae32,1,credit_card,5,226.36
9ee894e843daa29faa726a8b6a85df35,1,boleto,1,273.62
c2509daf9e1312fea710fc46902c9da8,1,credit_card,1,76.3
623d69e2357f35887d522d68a5775d69,1,credit_card,5,132.34
6224824670743fa15fe90e0b3a1ce5e1,1,boleto,1,71.56
8e6489f6465abb18e5b17cedfcdb66f4,1,boleto,1,66.48
58faef88b9fbcce2db4d1b68bdb0c2a3,1,credit_card,10,529.92
24ae0d766df69840feedaece7acfc653,1,credit_card,8,1355.73
9aee4ebad2ec4e0ac243cfd62de682e7,1,credit_card,10,103.86
3d2478c1c4d6e772d9221bbacac64cd1,1,credit_card,1,100.54
3b35dfd8bf0ca772d83708ba283e1143,1,credit_card,8,101.14
336e923c0b5e6d95d3d0644bf4c516c4,1,credit_card,4,204.52
1ea11b975aea60ca92fa0559184d3d34,4,voucher,1,12.69
eb829be78140383da9cba1b8fc2c6c6f,1,credit_card,1,25.95
772e38d3917d94f38c6484dde513877f,1,debit_card,1,74.17
06a77bcbebf5a85ba493f627e03980d6,1,credit_card,5,323.38
4ed8ff23c5c750ac1bd49b98d15f7bb8,1,credit_card,10,169.39
c3adfb7dccc4a164923c5813219dc39f,1,credit_card,1,81.15
8dc1f8d01bc05e44097bac9d9b2f0361,1,credit_card,2,142.2
8ccca2b704c41f41ce4d2f2602031691,1,boleto,1,24.86
72da473ce9c065b6b7120da52ad4ac02,1,credit_card,3,147.45
3032a5e32d822f211491303769755b87,1,credit_card,1,84.62
e0bf284ffb712aa8780b96e701b6ff6d,1,credit_card,1,134.55
c7b627d407eee2ec488c07e03e2b8c16,1,debit_card,1,155.67
b2c1c7db95834595977330e8c8dd7766,1,credit_card,1,118.67
9e5e54c4be8f6625005c76b7f8801ee8,1,credit_card,3,87.13
eb460891256759f5187cb3edc7a73c25,1,credit_card,6,68.57
c1da287bcf49e04d36093b8296d121bf,1,credit_card,3,135.53
0493cfcda1fbe4c59f584aeffa96c098,1,credit_card,1,106.36
b11277967c91e971b81a787a51849320,1,boleto,1,280.44
c28f3a01d4cfee461234c86a41f52e37,1,credit_card,10,2574.38
82fbc12799bc20f75c107e8e3fd55f38,1,credit_card,2,778.47
ef5d47c9d6d0ee9bff4c67fdf4c8356c,1,credit_card,5,192.56
bd2b7745e4aba6100b89a52d7e6dc9e5,1,boleto,1,179.41
f56ef9a15044d3fcd12867e68415ee5c,1,credit_card,3,130.46
d95ca1fcb72812383e41e2eb7ca65dc2,1,credit_card,3,645.68
cd49c5c6f772ac87200f116a7a5499e5,1,boleto,1,116.43
554bfd99dcbd9ac3d81b0c7e135f58b2,1,credit_card,2,200.92
265f4e28ef8cf69f8445e2951bbe7343,1,credit_card,1,64.74
4ea66e940d723646064604059b99f32a,1,credit_card,1,238.76
153e41d2dbed0732e8c41f472d912453,1,credit_card,1,92.68
ddfbaf4d75ab8f1a0db775cb0dad0e6e,1,credit_card,6,60.3
dfb95a7031f9abf6495bc955837c3125,1,credit_card,1,84.2
4b9a2fcf7058ab9f5609fc6556941297,1,credit_card,1,104.38
85f56614259f06af1f2d8233109511b4,1,credit_card,1,93.31
e9a1f1bac2a48afae0dbe612a3aa684b,1,credit_card,6,68.1
140b263288af3fc4f4b00c207639b37b,1,credit_card,10,171.26
5a81cdb2dca863c852fc8e4f82f38f2e,1,credit_card,10,213.5
299ce7925408d58052afc1317198584a,1,credit_card,2,74.49
2f58cd82a10607b002725193afe913f5,1,credit_card,3,104.79
5f0fe7d686b2878d9aa1a72dbd9b72ce,1,credit_card,5,336.08
fcadcc442807c2370f7d45ae2bcce264,1,credit_card,1,137.26
6c962649b9d8c1ca7914e9be3f039d2f,1,boleto,1,339.45
97e24377140a4eccdc29f62c6a965df7,1,credit_card,1,82.86
a958c924f6b23ca49ded10f6f5aa862a,1,credit_card,8,664.15
616766a13421c758b45c1912e9e4fedf,1,credit_card,1,134.96
26bb01f8da89d1db61bdb339788731b8,1,credit_card,1,146.09
e80309cd64fb6ece56e9b31e8af773db,1,credit_card,10,118.26
643fa404d2dac7349a17416c2d2abf42,1,boleto,1,202.28
8219ae90c37589227838ee62848266ca,1,credit_card,1,76.02
5b7d2a6611386be3d67fd8d48be91f28,1,credit_card,1,73.18
c1fa448f27f0921ae5417350e500490d,1,credit_card,1,54.62
b390b5413f28fdc1c5cd1164ee0a7cad,1,credit_card,3,114.29
6c8e518ac12b63752ec2f566bab61b79,1,credit_card,1,101.19
50f9fe32edde21b508c0916cae106e13,1,boleto,1,25.86
a09cf5dc57c606eab71f84bffde01a52,1,credit_card,1,107.79
36cde427894b4797db8316e92b8e58f2,1,credit_card,9,2116.01
0468a84e6df93886189d80fce46bbfee,1,boleto,1,224.78
263ab9a25494623c1dff19c7cb1e3fa4,1,boleto,1,71.02
3aae1e931f771197ec742671ee429dc9,1,credit_card,1,60.01
a2aae14e6eb568f6c2f82c7cc1d5e0f2,1,credit_card,2,29.02
3810ddb734405f64afc7638fd96c9cb5,1,boleto,1,79.92
3c440cd6b051f95b4189123e5266ca02,1,credit_card,1,271.12
17ade9a25d129b033c406e6d31b31a85,1,boleto,1,54.52
575a549c5e6d74c77f8c59a2622bb590,1,credit_card,2,26.71
a1f23fda3d0d3b220ff9fa6472233fdf,1,credit_card,6,128.64
eea58982d534991bfd7f844e9ff0e28f,1,credit_card,2,157.4
a917fd220ca94e02920dba0ceb656a74,1,credit_card,9,99.87
a190028f649b28fd7a98cee4d7e947c8,1,credit_card,4,678.17
107280d6c872d2faa258ccce4d2e8798,1,credit_card,1,37.86
c7a41978e3a504f1f6281e82e05c07f7,1,credit_card,1,95.11
e96a6b60ad34bbbfe8817cd0e6f79374,1,credit_card,1,31.9
0a0185b8b72cbf2290c3e4218300a61c,1,voucher,1,25.0
5921c611401f52ff910cf826ea169367,1,credit_card,3,140.34
9e5416019158fcec718c7aa6dd877d8b,1,credit_card,1,80.77
79c4bd6c466a226de3a2b9ee556a0116,1,credit_card,6,470.42
fe9f3a971bb08a9eea14c93de1a42034,1,boleto,1,95.72
1a839aaf6aae24eb10a1a4e0bc238de7,1,credit_card,8,98.84
6267698d4c51c2ba30ffcea3adb00e95,1,credit_card,2,39.42
7712472a07a10232dd2e57a0c2532cd3,1,credit_card,7,318.44
7553daebc4e13baf328211dddc66a648,1,boleto,1,81.88
c03e2d7edc52d3ef8683b7f2e34a55cf,1,boleto,1,1534.58
236d21060f892e44cfdfb2846ea93133,1,boleto,1,271.42
3830e6067665c6a4bf2cc393fae31996,1,credit_card,4,47.95
6b57eaabaf784f10ac01cb4426c604bc,1,credit_card,2,81.09
fea3c9e9bdea46b747e70684aa891531,1,credit_card,1,31.93
7f8f6e7d331e83effb58aa14f32cad44,2,voucher,1,181.88
ac1436b9efc2d8508c1abf9e4dca5709,1,credit_card,1,139.29
c07db2ecf8530bd60659764d866467cf,3,voucher,1,7.73
bca2c019b40c204248a56707eabb2a2c,1,credit_card,6,73.58
c2b3d03191d2e4327d41e4bb365a4328,1,credit_card,2,255.88
d0735172d1bc5aae5bd8abb3675e6556,1,debit_card,1,82.87
699d4a05ee53f6603330b248226c6fdc,1,credit_card,10,120.97
4cc275a83d9eace28626f30559570ba0,2,voucher,1,98.52
afa4f45747006532ff507b1a527f6642,1,credit_card,3,205.99
dad0fb5cfff80802c2917a9bdef21bd4,1,boleto,1,24.86
900275f91d7995048467ce817caf670e,1,boleto,1,116.12
d3cc9985b382ccfd773563453d506359,1,credit_card,10,136.52
d681e67cbf0c8f6d2b67a6b6871d7f50,1,credit_card,4,133.95
640ca05ba049e9ed749671747bf9de74,1,credit_card,1,215.82
7508033c7fba2328d96c7760f62318f9,1,boleto,1,166.78
5f787bb3e0a01a4f347192157c036791,1,credit_card,4,82.55
dbb0da1abcce904dc52dd60ae31d5c12,1,credit_card,1,0.89
a427db09dd194740f13a3a2c7bcf38bc,1,credit_card,1,70.04
9cd76a738c425b55aa860a6c5e469857,1,credit_card,3,151.06
7a47100118f6775bec039a3b87ddedf5,1,boleto,1,99.32
cf838b10d965c765a75c4f6f17bf645e,1,boleto,1,143.73
fd867bdd8258af11c6d8d6ff8c6c82db,2,voucher,1,15.52
77e356fe102e0bcabbd2bd066328f801,1,boleto,1,246.91
a471d7920ba6d0cf639d0d0cf7fff25f,1,credit_card,4,86.22
81220f667163d5eebb4357899f42a737,1,credit_card,1,55.96
c92758b82c8796f0f576a9653e981689,1,credit_card,7,343.59
ffca67b9419980488c476f7f7f7bc070,1,boleto,1,90.2
e39190d1881f0e85df9c678ad44e2512,1,credit_card,2,43.71
a30cba7093267abeb0f8489d5c16c7af,1,credit_card,1,129.0
fd0926fd1e8031a9cf228b88589a085b,1,credit_card,1,39.39
64583bb15e275ccf8b87e050391f2c17,1,credit_card,1,91.23
90a98aa71f20333f9e9f1f20474fdb5c,1,credit_card,3,40.86
45fdccdd0ebed851dbf707b98ba5fef0,1,credit_card,4,387.8
d4ce059dcf44b359b2c44a8fcc8d678c,1,credit_card,1,115.81
b2577a85da095de811cdab2a22a983ad,1,credit_card,3,39.96
b5106eeb869b64ba86ab9d880e31c0bb,1,credit_card,9,97.2
3522a71840bea6bd1cd78ae529622ff4,1,credit_card,10,150.89
ec2a8c52ab5037c04553f10bcaccd971,1,boleto,1,77.29
99ed5bfea4c7e7191a2412698fc7abbb,1,boleto,1,29.95
ec3a75fb0ac595e461765d2d854b1d08,2,voucher,1,40.53
cd2c2d1c98e51894f2266c5140d14c29,1,credit_card,4,48.31
7e033da6e10e6a9866ae65fb7e9bc379,1,credit_card,10,414.06
b2987cdfb6847c50318e4c268aa8d7c8,1,boleto,1,420.38
c0ebe7b377d69896b580f578b99cfc98,1,credit_card,3,32.86
b2345f8f3b34a4c0c28296057f032fb9,1,credit_card,1,81.88
4fe6e6eee2e643359d66860e9954cb84,1,credit_card,10,2190.4
17524778aa49be21fc28936461d0c5ff,1,credit_card,6,94.23
b997ce40f469fbcd2e163e6a2df04de8,1,credit_card,3,32.1
2f80f814bc64931dfec546e11216cbef,1,boleto,1,120.68
2545a371c2d78cb0967db6cea045029f,1,boleto,1,78.52
86f0bcd9b426a2c1022ae317c7f27be6,1,credit_card,5,177.59
7144e3464cff785210679dc9bf9b30ef,1,credit_card,12,136.38
4c5fb984844ad48dc34f8acf42eb0eda,1,credit_card,4,237.81
fd63edd3e877295ad1dbe1d2b76b640c,1,credit_card,1,35.86
1cbcd6f5fd482df88073ad0e5a411b39,1,credit_card,1,39.42
5a528ee290cb0fa6e22acf467ea33c09,1,credit_card,6,63.52
8c88168ecddc30a5a4a4b899720a9d66,1,credit_card,6,224.09
48f30fbf8d879b0216be9be4a1fca6e4,1,credit_card,6,65.89
d475063859317702a25c3f60c5cfd824,1,credit_card,1,142.77
4324f32177ce15c52c8e1c570c259dc0,1,credit_card,12,138.31
860c765342eaa4f946dfc210c1898072,1,credit_card,3,39.1
81fd4d3b4acc4fcaee13b2e9bc62bfd5,1,credit_card,10,149.09
06caf4b0e55d9bc015a91fa77432a1cb,1,voucher,1,40.65
84efa035e6e5705e9a028f381e668b62,1,credit_card,6,346.6
30e0a586733725ef792f50d33720b961,1,credit_card,1,68.01
33c2860be7125d5f79547239ef5a8721,1,credit_card,1,39.1
ef8e8348ba291917542268f900fac505,3,voucher,1,9.45
8185a97f66edcfa0f558a3c6623fd8a0,1,credit_card,4,370.29
c6492b842ac190db807c15aff21a7dd6,4,voucher,1,23.15
ba3260d70e1adafdc761bc92754d55aa,1,credit_card,1,45.86
821e765f0bcdbdc5e6769985ddc5875b,1,credit_card,4,41.42
3d9b5cf13225583103d0ce6b29cad9c4,1,boleto,1,78.91
503a416fb4261893e74138567c7138a5,1,credit_card,4,177.21
ed7020a10eed1ef7a4895ad933baa211,1,credit_card,8,115.39
16547d000ee8f177f45827613e2a17f3,1,credit_card,7,70.08
d5f00152185286db9711864486393e32,1,credit_card,1,118.9
056349f85a73d794119c4286c95a52de,1,credit_card,2,27.04
424e1ceb3de9ad0df2ae67ce62d75bce,1,credit_card,1,209.11
5f5b21953fb3ca7d0ecdb72d5625d59b,1,credit_card,3,30.17
4d3d516722fec1acb74876f71b18eaea,1,credit_card,7,214.54
e6a1e246119f970eea939974b1ea7651,1,boleto,1,44.42
7845d9a1a3d511b756a5c2c2352ba770,1,credit_card,3,35.84
dbb0da1abcce904dc52dd60ae31d5c12,8,voucher,1,5.51
200adc2205bc2cf8f4cdfc575012b2d0,1,credit_card,5,226.86
396513d397289140cf00910157e8a715,1,credit_card,12,174.88
2c3a7da8d1c6190209fd4c1a9e3d79c7,1,boleto,1,167.8
7686c8e556ad063dbfec8224d665c37d,1,credit_card,5,114.36
05c44e3898cc7d836584bfaaa36d0017,1,credit_card,1,79.73
d3595dfd1c2d8bdbfd8d2f3bb98a5cc5,1,boleto,1,121.92
0a8f35ef46160ef897c27ba8c423d823,1,boleto,1,59.42
08bdbdeaf1626720051193300f93806e,2,voucher,1,199.44
35f4c21fc613b36a1a2e893f424280bc,1,boleto,1,106.68
3186a30019c9df27f9af586386ac5734,1,boleto,1,14.62
d02a27af33a8164ec42eeddf27c5ad59,1,credit_card,1,127.5
4f465645306f7ff736f2b87d32ed65a3,1,credit_card,1,45.86
3700f4a21c1a400182d57c40e110ab2a,1,credit_card,4,45.86
d6c897633f14d2c71e22c530ae9f0a11,1,credit_card,1,53.95
1cda18d2a64c5cbb986e64a2d8030dec,1,debit_card,1,217.72
e57b0e7770a5b0018b9825dd05fd48c7,1,credit_card,4,49.42
7f7459900662af489ef7c24c730e4dde,1,credit_card,1,54.52
9a910d6ba29d7c6a50b791a7819ad3bf,1,credit_card,10,226.79
e1d052f0519179744d19f35c1d848ff5,1,credit_card,1,65.1
e80e2664d9e641d53ecead2bda1c5879,1,credit_card,3,34.01
2c82f906ef852620997996a6e3d66be0,1,boleto,1,124.84
cd05a1fc2781f43f5e459c285751e26a,2,voucher,1,50.0
4bfa32127f9cbdeb864796d1132b1c0c,1,boleto,1,81.05
72bee274b97b852ee7741bfa0b924105,1,credit_card,2,132.6
5c738a35c11d2bc6e99d39e84dd7102a,1,credit_card,1,163.68
7540eaa703ba0f9ab8cfb6ce7291a83b,1,voucher,1,194.42
b6d9ea292226815b57dc2034dcc70a91,2,voucher,1,49.22
29a2fc94d071b51922d95462458c6c7f,1,credit_card,2,69.43
ace7896e72991cf2be628e8e4c451b17,1,credit_card,6,135.59
22c930d93c85657de22b7cf482ed42bc,1,credit_card,1,93.48
c131acb8c30ee5b5d6063dac2470d95d,2,voucher,1,3.41
20ffa1dd114d05854717ad7de094930c,1,credit_card,5,155.57
7ebd7a655bddf4875b34b13845a779af,1,credit_card,3,53.42
1a48457d74e555ecee7280368ee20123,1,credit_card,6,167.48
d24b287420a2c9f6fcbe91cc11d788c3,1,credit_card,8,770.24
c9fec30469cd7bb3784574c3200b828f,1,credit_card,10,1068.5
fe6fc04c1126046e3f641fee9303d4cf,1,credit_card,10,141.99
f3a1afc2437c5eb6c3ef3d974cf47d08,1,credit_card,8,186.39
e744792a1abc89d92d36e086697eaf97,1,boleto,1,465.88
3e84398caa2b0be876731343bab75b06,1,credit_card,1,39.96
3b397f64a95c43a2f51b2b75b1f0ad53,1,credit_card,2,100.31
9a69279cb759e9f04faa0813fdc145ba,1,credit_card,10,216.29
6f4eebb5dd7d532cd45474ce133dc60a,2,voucher,1,73.86
eca3ad869826b027ef93cf88ec6c0e44,1,credit_card,5,322.55
365a29772a912d0662071fa7572fdebe,1,credit_card,9,91.66
32e1c00df175ddbee2fff12f3bb01eed,1,credit_card,8,214.46
7743f1958c77de9ebc175860fd1773a6,1,credit_card,1,143.39
eb5ec5c3f7af64b7651a774a219a899c,1,credit_card,2,86.12
a7172161f4280142285eebbe70b8c8fa,1,boleto,1,65.95
49bce2844ff52cac06a8478eb58e7159,1,credit_card,6,510.69
4fb76fa13b108a0d0478483421b0992c,12,voucher,1,8.23
236dc705223e6458673e808d1024d671,1,credit_card,4,43.83
ad1a49519124023cdc78cbbc0461de96,1,credit_card,2,45.68
0bf0591471117549d48c64d47aa33e60,1,credit_card,1,48.71
506537a590a8f111389ca1f2a4963847,1,credit_card,6,200.92
0b4526b3cce3a48ec0506b923481cdfc,1,boleto,1,35.04
04d93c61c57f9d6d4886adce5a64a9b0,1,credit_card,1,147.06
996936689b68af80b51ef3c429a4f386,1,boleto,1,36.95
d2f67144a4e6d027140260ae9ed6b648,1,credit_card,9,624.24
d710a78f61cc62d2aeb7ebde38ee7738,1,credit_card,4,256.16
0e1bac945331ee7ac2676eaec01b8fc4,1,credit_card,1,220.74
944b3e66113a84e8e19010f5bf2701c4,1,credit_card,3,108.81
f77a966a5b4d9d5e7bbf4f70d3d57a65,1,boleto,1,363.05
bc8446f693e6c406e28d5cee739dc4cd,1,boleto,1,51.64
5039c86e0392fa512d40a377555e64c3,1,boleto,1,49.86
8f677798a3e80c02adf52911bf8d145d,1,credit_card,2,63.52
a367cb36e03523fd763a8782ad9ba177,1,credit_card,2,101.14
698856ebb1ed71af56a153fffb47b0a7,1,credit_card,5,83.73
8a6bf1083cc2efc062e037e474622de6,1,credit_card,4,164.4
7c2442a9fcc83aece6cfdc4665bba387,1,credit_card,1,428.02
9b95554e4a79777fcb0168932c4a9522,1,boleto,1,1641.51
c3547ff2a0fb9751d7b6aa7f7346695f,1,credit_card,1,29.51
9fc1a6e2f46820824fa91641b996bba0,1,credit_card,2,90.23
7b6b4f3f9ceec2248dad997d2f53650e,1,credit_card,4,360.03
40235388677ff26c877371597c5fd116,1,credit_card,1,19.86
c6492b842ac190db807c15aff21a7dd6,10,voucher,1,73.76
d8a7de021e5dfac3c36636fc6ef861c9,1,credit_card,3,101.14
4998304ddcd450f9750a4de8f7933296,1,credit_card,1,82.61
16bd7305ef0477841c92abb93ddf72c4,1,credit_card,3,112.49
d974773494a37afcdf96ac5a0e86b557,1,credit_card,1,42.35
b5b362ec945720b946181f08eb7bdd04,1,credit_card,4,56.86
dd13617f642718bd4cdc450d197960f9,1,credit_card,8,98.08
49123f75e5d9507cec9455b2ed989913,1,credit_card,6,67.16
0803296b40e2392a6d35771832ca1d7a,1,debit_card,1,56.52
a1dadce0e5cbb1b1205017166f6ce7ce,1,credit_card,2,44.1
eb855beb3ac99461f7a076b4c3652472,1,credit_card,4,43.52
5468ed226abcf74527e93b11988e4a3e,1,credit_card,6,253.34
1c2dcebc8729b58ef305048ff12b1540,1,credit_card,2,66.12
c4abf2eb2ea936ee6fc6e630b152fb77,1,credit_card,2,127.41
b1b25c32832c6654e6cd3f949355a561,1,boleto,1,94.63
a190e742e89ce74773221a6d4cba6f10,1,debit_card,1,82.48
b6dd40db8e1ba8bce1971d81598330e8,1,credit_card,1,274.98
b0d58ac3e50ea081a58d56cc538f15cd,1,credit_card,1,106.68
c3ca08e9565423d33c78e028dbb1ab65,1,credit_card,3,38.48
a651dd7999c6a879cc25638f0cc36c54,1,credit_card,3,39.25
5ab13e692a7cbeb7e036c8d11e0d7e33,1,credit_card,5,891.34
8c10a70852b8d854532e8f283062d56b,1,boleto,1,53.95
507f91afedbd57681c60c5d8c447716f,1,credit_card,5,53.73
e06ff711ddcab05c3651a9b1bb003950,2,voucher,1,46.04
a913ec1db6048950ba773ec6b408eeba,1,boleto,1,114.79
7e0b49133404be992e9cca3788b195c7,1,credit_card,1,103.8
53fbedbd16ccffa3a54c400edbb3fecb,1,boleto,1,52.1
cb459c6af32347f6dd511553117bd080,1,credit_card,7,96.14
4a46aca9ae0f89326ddb4bd7dfd041a1,1,credit_card,8,194.17
7748ff99ce730984ae58e28b2573feb3,1,credit_card,3,71.56
57963763b600cf44a5b4c9da5fb4c3f7,1,credit_card,8,541.23
cd2c2d1c98e51894f2266c5140d14c29,2,voucher,1,20.53
7e52365eb2fa03f8f4ed8a69da1e7fc4,1,credit_card,3,462.26
8ac2728285fd4228f35d907768b5288a,2,credit_card,6,495.78
efb6d19e3c56fa371d59421e45e53a49,1,credit_card,3,110.08
c2acb9513a47b95007e5cd45e3516765,1,boleto,1,119.76
a0b5b18e1a88382e88da5352bb3dcc3d,1,credit_card,8,136.83
8d6793a90c7ed801dbea86d6271e3bfe,1,boleto,1,212.97
126b56e36148dafa96b5705c766ab2c0,1,credit_card,10,1284.25
70be4f36c3ba5f5c95734da20d4c34a7,1,credit_card,2,230.04
f778c08595fa3873bb689febdda2c509,1,credit_card,10,108.84
b49c3cb97e24ce87687679ced9c9134a,1,boleto,1,32.42
40037fd9de94c4d8a594844dd35b52c2,1,boleto,1,32.15
285ab9426d6982034523a855f55a885e,1,credit_card,10,457.65
32c9341f8db9bec4c2ff5bbb038c0656,1,credit_card,2,86.81
e04f952af9764d87d5a0ac5e7cf48cca,1,credit_card,15,312.7
2dd5bcfb8c66b22a80ffe45078eb2a99,1,credit_card,1,43.94
ed9b8c42cfb80e03b2218426b8ba0cab,1,credit_card,3,108.21
489c4ff5e823eea8d6652bfc3dc1b544,1,boleto,1,49.51
f1d9bf2ed3273bf0d6bc69ed89d67701,1,credit_card,10,117.24
aa98da01257ceee830845e76cd9ef683,1,credit_card,8,128.88
dfaba9e54da21d5c9ca002e103b5496a,1,credit_card,2,185.61
6d5e1e480d92f1bde5e9eb187fa388d5,1,credit_card,2,86.44
066772e2164fd7dbdff9ded585851352,1,credit_card,1,95.1
9e0129e16582f12822d2b9bd92c8d6d9,1,credit_card,1,30.95
9d9f7fce2886a9587f0a42a1366a1392,1,voucher,1,33.77
4d387befd269a77ed5ebf7274fac2751,1,credit_card,2,28.42
30125d2cf4cec0bf9e4840def6c4e7b1,1,credit_card,8,373.22
c7b090b5048ef4f18fe02ef328421afd,1,credit_card,10,200.06
2e92b6acae58342ffb8861708b8c8270,1,boleto,1,29.02
e3f9bc8fd9bd8878c7c112e6dfa97db8,1,credit_card,1,56.2
0d6bfb2c384abf1053a600d79eb2dcfd,1,credit_card,10,157.72
a0f9594b2c2253769e88d55a77a469c6,1,credit_card,4,58.95
c27c10569c789ec6293df7ef9f4caaa1,1,credit_card,7,116.09
801ce4e79b26aa1738dc18b0d1edef5d,1,credit_card,10,337.18
340f19321c9eaa5865ffcd8f90e7530d,1,credit_card,1,75.53
b8aaeda740b17cf925d3f2a13dcd1d7f,1,credit_card,1,98.2
61a029ab4f9a513d4ed1c5b3a5d4f125,1,credit_card,1,51.83
a29bd6557706ccbbd2ef759fd491a67e,1,credit_card,1,153.8
78b0df67ddee0b34012114100c7a549d,1,credit_card,1,31.86
ffea406a848c8afe4dec22bf6290ba00,1,boleto,1,162.1
68db1e9c4b7bb26ce60fc4749d8b904d,1,credit_card,3,156.09
0ed2b1a137a41fc9a7cba420e71a0a9e,1,credit_card,3,179.72
fde57015e8a551f04dac99621c01678b,1,credit_card,8,398.26
c92a9fd680f588dcff7ff22fce0abbcc,1,credit_card,4,152.27
1d047c7ee1b2d2bdb743f1abdcd4ffaf,1,credit_card,5,148.03
d8f560d2563965001d1f853e74c82b0c,1,boleto,1,91.07
29a2fc94d071b51922d95462458c6c7f,2,voucher,1,34.69
eaee2825724ee0ccf396e0d0e61321df,1,boleto,1,33.51
54e18621b0dcda1233f2d5bda4effa58,1,boleto,1,119.84
4d9f516707478b41c5932a3a3fcfb733,1,boleto,1,81.14
186e07e37d4253c4aaab5f2aa0cf4136,1,credit_card,5,65.27
220f16b082fb12df459a193b4bbf9dbf,1,credit_card,6,135.94
a52afc640f675ddcbf056eb1e7967bc0,1,credit_card,8,179.51
7983542b1539fd0eb5c18d062ee04e34,1,credit_card,10,122.34
08a8e10798c6955302701d17eb84fdc0,1,credit_card,1,164.45
8a6927284335d25c41814675321cf9f4,1,credit_card,2,114.77
7daacf43d9593e9a2959cc753578ce09,1,credit_card,3,67.03
ab532e8d49a6cd8848ec641843b39b93,1,boleto,1,45.64
fa42976ec498a7a192277e10b1706a5f,1,boleto,1,34.09
c0341f028a07cb3196e3bf4e850066bb,1,credit_card,8,88.09
6992111da90e1d0b60209bcfe296f214,1,credit_card,2,155.59
244e91c4c416908e17829094e3eb7aa6,1,boleto,1,42.46
70f2dbf6303969f4c5f6764ab2e778fc,1,credit_card,2,210.9
70a25f8b804c7e220927839f1b869626,1,credit_card,2,150.36
20793c7d8b2f96312e51e2aa27204159,1,credit_card,1,21.86
be51420a71e667d8e3f3268ad81e3033,1,boleto,1,60.47
a56e54593f2c7f2b10f69216a7265aa5,1,boleto,1,222.13
8ef664ca9ba580dbcca88364ae0f2dca,1,credit_card,1,54.95
b1a4a414356b54aba115cf84a9536752,1,voucher,1,32.51
58e801ec0ca7a3f8f17a61342bf09e88,1,boleto,1,84.16
dbb0da1abcce904dc52dd60ae31d5c12,2,voucher,1,5.52
c74781be12a00f1e31f7160673c27190,1,credit_card,1,70.02
460ef4237e6579e9b59b6b313f96b825,1,boleto,1,121.15
966dc9fffe616512b8c5ec00294c21a7,1,credit_card,2,125.8
a811f33c743a891f34de752bba733292,1,credit_card,4,193.39
4c01326cb869a9ad39093aced5dc4e3b,1,credit_card,2,43.04
f4e8ad5799c4158d5a46252237570e68,1,credit_card,10,363.06
56c898abec8a6fd5e84ffc42904c4f65,1,credit_card,10,478.33
13ff6e8d3b4edc9c04197d2945488442,1,credit_card,1,59.96
69d7a6c47dc11a476f79514694809c60,1,credit_card,4,291.84
d9a17ac96892f32022fa3b979bfa7929,1,credit_card,3,115.42
67ac8397ab2a26915fadd6e3ed4250ee,1,credit_card,2,254.82
37a8e5d9b2e5863960037179b26da448,1,credit_card,5,463.15
8bca89b4311c48e6e6a22acd5cebd242,1,credit_card,1,92.84
371c8cf0e8b96be301f7c2648b9846e3,1,credit_card,8,119.76
e9ccb8277ecd5374b5a0532b5ee47f7c,1,credit_card,9,159.94
c1dc2aa07165a0844cc6a68cebfeae67,1,boleto,1,90.3
8b2fb881ec8d04ffa5bc7a27833ad984,1,credit_card,7,182.62
cfd355e6233b9854f7decc72472f9c3e,1,boleto,1,36.77
295d49e8efc4fcc47de84a52d74d37a3,1,credit_card,7,349.69
49ecc452cab118ed8cea1ef76a3b3f95,1,credit_card,4,44.02
7ce492282af12e4b6c41c28e7b377e87,1,credit_card,3,159.68
ecc890b8d57a4f9904953c000fd7ebe5,1,boleto,1,127.41
f25cd2e8e004f00c140fe6a5da9e336a,1,credit_card,4,138.06
4b81496f1e0fd587a7394ba1e1b8aebb,1,boleto,1,18.76
632ec9368030a0679acafa0d23b7be2c,1,credit_card,2,139.6
7a44c4fe71c5ad785748804827f628b8,1,credit_card,1,189.81
a9d3bdf62f359d999692b94986633e85,1,boleto,1,47.05
76d449452dff60240f1b694b46d44bdb,1,credit_card,1,101.14
091bd68043b7a721b0d82b5ff36304fa,1,credit_card,9,104.7
c91097c936cb64d71ceee3f0d99927ea,1,boleto,1,281.32
30813fea6f93412555f8f359701fc7e1,1,debit_card,1,176.26
f18c6aa6a5d583e8ec36beaabb81d9a0,1,boleto,1,363.64
fbff77db5421bb7e1da292db45d07e75,1,credit_card,1,8.25
3c4eb32cdaf179f4dcd0afa93bb88783,1,boleto,1,139.02
09a02e80ddcc4cb25f8ca5e46c1020ce,1,credit_card,3,39.52
7bac1076797839872168be8c0e2b0f88,1,credit_card,1,5.89
3e6c7e23b1813f6c33ef1a6c0f943eb2,1,credit_card,3,184.06
1a076ebf5225e2c21de6fad7c324ddec,1,boleto,1,227.24
fba464e2b8022e40e3a5e5fdb8e7f2b1,1,credit_card,1,29.01
cd98f2d08f3ae54d290fa99c0c242388,1,credit_card,2,150.89
c6492b842ac190db807c15aff21a7dd6,11,voucher,1,34.73
b9301fa4912e6d5f755e12b4986c5f84,1,credit_card,2,128.88
b9c81c6e3a026f6e424398767c51e4c2,1,credit_card,2,71.56
53f5a7f622d498ff3eeb334b8efa7ae7,6,voucher,1,6.12
44b4829b58167b697a69c8aa8eb64733,1,credit_card,1,103.93
3c314f50bc654f3c4e317b055681dff9,1,credit_card,2,296.89
ebe2d3846c34a8a3acd056896bf32b17,1,credit_card,10,147.64
4651d5acd5a3f7afd4619aef8d845d32,1,credit_card,1,120.32
bb12d601d6de7f1b41c4d45dfea601f2,1,voucher,1,58.62
efe5bb701ff507ffa4736a7c07be50d2,1,credit_card,10,212.28
ca98afe572ee9754ef0cd28c6b97758a,1,credit_card,10,220.74
3c01e6d17f8090499836aa8841c2c587,1,credit_card,6,64.42
6a40b826639898f295c28154b2adf921,1,credit_card,1,44.96
f85b51024ff548e07b08c7cedcd1a0e1,1,credit_card,3,294.54
c881f8c42d20430b008bf5ea6abe4405,1,credit_card,1,365.2
58f5801ecbeec83b70c32e4afdc5582b,1,credit_card,1,167.79
d776bd888cec910433d34b5501ebf2d6,1,credit_card,1,233.63
2f2f32084f6b6ffff53044b351790b7f,1,credit_card,8,357.58
3dec8b48a2ca7a9568f4c63cc3fab4f1,1,credit_card,1,32.51
f6dbdcbe96b4cd2904cf75bbda5c6ac1,1,credit_card,6,87.92
7f8f6e7d331e83effb58aa14f32cad44,1,credit_card,2,29.12
b7664cfd894b776f4c7743e5e2fb917b,1,credit_card,3,195.95
c1bffb64e9e46207fa132a9a4f4e1307,1,credit_card,4,92.32
2816b0ec050fb4a136c32a6bda007a91,1,credit_card,1,130.85
6dc5773abc829c019c8912d3993bc2c9,1,credit_card,10,165.71
ae22782cf445d844e7347f15faf491bf,1,credit_card,1,94.72
5d70582531ed37f284797ba1354e0c50,1,credit_card,2,101.13
18987e54897a1baddde716aa4a01639c,1,credit_card,2,126.69
ce363f57a8d2e65231452918eebd5391,1,credit_card,3,122.88
67c98ded9839fea6b6482d1341517e40,1,boleto,1,77.51
175dce49b5ee048156291ea4dadd9f57,1,boleto,1,27.64
80bb8e6802ed134ab01c6c5ac52f0647,1,credit_card,1,159.85
666a7787fe64880d1ad7dad0e4988ab3,1,boleto,1,80.09
abc2ac9a5bf7f1a1c88d6f243d7ec3fa,1,credit_card,4,217.59
84115cf79df5dc6736a1c4ce08daf081,1,credit_card,1,38.42
e58277dbef9d3b789a28903baa9c1a8e,1,credit_card,5,77.06
fc3078fa5d882e59237a658341f57738,1,credit_card,1,282.14
994d36ec7dcfa4437a4560fd76447263,1,boleto,1,93.7
b1235029ff825a6ee63ea5c87797cd82,1,boleto,1,93.81
184cc3e09f63ccf3f0de8067b3badfb3,1,credit_card,6,156.18
f1ec76883496424477c5c8162558a911,1,boleto,1,68.62
a23469fd5d775d0200de4f5aaf5421e9,1,credit_card,1,59.42
2c88b5879d666444b90643a3817f9b97,2,voucher,1,64.18
e638e0d967678a6c085133337514b57a,1,credit_card,1,70.93
33cb48a8f9d0e5bf683cda9881aae15e,1,credit_card,2,20.83
19421091ea8830b487a1aa4c43e074b6,1,credit_card,3,154.29
9f4f60c24b20845efd8d6b863b571d20,1,credit_card,8,1818.23
c811a0a169f6226a82aa3cc2c6229897,1,boleto,1,1239.94
c39c97c1d22e4a4486ce849afb668211,1,boleto,1,148.97
574fe1739f65af76badd0999db300b4f,1,credit_card,5,142.05
78a0b04da4d744a06c4843f76ac5ce8d,1,credit_card,4,265.95
094303c767dff093564257cc4d0e2c29,1,credit_card,3,187.91
e588678a890ca4670d41a53647394505,1,boleto,1,81.72
9316147043211eeedaabc94074a8d9ca,1,boleto,1,93.13
0cd93455c51655ebb590c07a06d584a1,2,credit_card,10,169.51
35b63215663d34dc972adc12d2cfe9bf,1,credit_card,2,49.42
542ff6bc27af2bc961c692ce0197fbbe,1,credit_card,1,129.8
ec3a75fb0ac595e461765d2d854b1d08,1,voucher,1,43.79
c07db2ecf8530bd60659764d866467cf,2,voucher,1,7.73
59e50342da3b55417e121c01aa5aa6ea,1,credit_card,1,161.06
6d7a867946b6ea936e0f9bff037d10a2,1,credit_card,5,259.87
f81d082e88c93adee5b45ea41c711d67,1,credit_card,3,145.99
c147383caa0d8a6b1d8c213e60851483,1,credit_card,4,45.86
6bfc71c2f11f45fc225b1e1476d0b6cd,1,credit_card,1,150.89
b65d2760746d1872f57f872c7c881c4c,1,credit_card,1,92.32
89a9df2136d41c99322bcfe6f0c1c7cd,1,credit_card,10,120.32
37d69379ae52462d505e0711aed2c296,1,credit_card,3,33.71
f0fc39347a86802c8df13bde9111b01a,1,credit_card,6,74.93
3b75fec4f1f6f22c7fd68becfadf57f9,1,credit_card,2,113.18
1613193aa6cbc8820d6b5c12536722a0,1,credit_card,4,231.99
07e59229a9b5b12c82297cc571bd8281,1,credit_card,1,42.78
fd867bdd8258af11c6d8d6ff8c6c82db,1,voucher,1,20.0
af2099df7b489e3bd2759c1daf111594,1,credit_card,4,91.86
81ee72663ec8c48b97ba61fa03f3f7a0,1,boleto,1,33.51
5fd251a8f350fdd3985d81dcd0c2674b,1,credit_card,3,192.56
5038c933890c38bc50053e46b4abff17,1,credit_card,1,64.52
86f17666da93e1222e06113554a58969,1,credit_card,8,285.26
1c17925c49f9d7785ecc1febf7f30363,1,credit_card,1,78.6
925e0efae10a47529fb9c78338b66d8c,1,boleto,1,63.11
3dbf60040199f502ec5dd67f86b804ab,1,credit_card,8,343.71
b38c1ea8a0202a0c367fa61b498b1749,1,credit_card,1,362.96
5e1efbce448f504da54b954d24342d74,1,credit_card,5,64.42
2ad5b7ca9c86553e0804ec604fdbc462,1,credit_card,2,103.86
a5b635e01301f7cc3ab309cafadf812b,1,boleto,1,51.42
af8eabc10c9907fe66df1310db525200,1,credit_card,3,165.71
b07abc8b9acaf00e79b4657419f469f3,1,credit_card,1,23.72
961e74f5989501c3f4e58b175753ff4b,1,credit_card,5,140.51
928c14eb3a12d1f6f3bcf8e92c5da97d,1,voucher,1,19.86
96a3e667da37fbf1a734e7ac4cfb566b,1,boleto,1,45.64
7e2a281f24e01c2b6eb30c545bebb7ac,1,credit_card,3,33.52
ffb9a9cd00c74c11c24aa30b3d78e03b,1,credit_card,6,606.95
7764b1137f1449a900532727d4a58763,1,credit_card,3,36.95
53f5a7f622d498ff3eeb334b8efa7ae7,3,voucher,1,7.49
8f3530f8fd2a677f9f081442a10d1ca9,2,voucher,1,18.74
3241db830366645e6a88f6384ee36cc7,1,credit_card,3,148.47
b66836a7408ecc382cdd4be702060220,3,voucher,1,90.68
8dac680ab124621709e55d51a9a59cd2,1,credit_card,6,142.05
d385135903a04968ff911a2a1c7c9188,1,credit_card,2,34.65
547c0db33c070cc0ddc35ad17750c6f3,1,credit_card,1,40.42
ef5cbfafea632f181983df020dee5199,1,credit_card,10,114.77
5268c3dc8d619070c0a2e5d9403a9945,1,credit_card,3,149.09
2ea2e9d43eeeec020af7c136c91858cc,1,credit_card,1,134.51
bd44e878bbfdde29ea540a99068c888c,1,credit_card,4,233.7
c111a2ee4155c4150716cf0e50311d06,1,credit_card,2,96.96
fa80f02ebe2844509c609c9f2b923f72,1,credit_card,1,114.9
12b9b63b911cf0a24b137a184c48e4ee,1,credit_card,1,279.79
5401b21170f8bcf7136ecd5cda29009c,1,credit_card,1,101.14
0f63ff1c10a2177f98f649312e587b9a,1,credit_card,4,94.32
3514fd00653caace61ea8ad6cd20c017,1,credit_card,1,55.72
437222e3fd1b07396f1d9ba8c15fba59,1,credit_card,4,255.04
40fea2b67e4cad47bcdfea4cef5035ad,1,credit_card,4,45.52
2894a7132c45ea461bc47c5a3bb1c6e0,1,credit_card,3,159.13
d7a2d4a7a03831ac687a53e339593570,1,credit_card,1,143.14
16aaefde5d48ac55cb13be6353f9d415,1,credit_card,1,47.52
332a6f392ac92a529c0b2a059b959913,1,boleto,1,197.52
de1368ef7490f21023cbcdfa8eb6728a,1,credit_card,4,226.86
db0d6bd65ccfca6371985ebcc2227efe,1,credit_card,2,111.21
964937fd838e5fb7488cf417d7b60747,1,credit_card,4,72.9
c10dd8d24a91d2ecbf09c578a5876125,1,credit_card,1,72.5
5ea0678e7b34c19e5ecbcdf8a3eacea2,2,voucher,1,13.15
c6d1de0a9015ea666f5291f62ffb15db,1,credit_card,2,64.46
0efd493233dcc9266a7423754db0079c,1,boleto,1,41.21
67937bb4e0c9a4156fe47c89382d33e7,4,voucher,1,5.01
4068a5daf06244e4aa1a85a67983cc62,1,credit_card,4,94.32
543a7736e8c75c0b22aac2fa7b157e1c,1,boleto,1,52.18
dbb0da1abcce904dc52dd60ae31d5c12,5,voucher,1,5.52
8861169e1fdf588ae812507b0cd3e2fb,1,credit_card,2,164.84
d4b7cee184f5ec6e5819759fd4178b90,1,credit_card,1,85.88
14e80781ddd70466c4f4250a2e905a6c,1,credit_card,1,82.25
6beea62ed3699dc09cd676bbd693abe9,1,boleto,1,33.51
91415c7eb3a9313812484623efc7ee27,1,credit_card,3,34.1
95fc4c1eda4eb09aff114067af28e084,1,credit_card,1,25.62
8238b78624cf7cdf4fdb1a5e9906aada,1,credit_card,10,721.63
fedff8c18cd833ff96c2fb39874fb591,1,credit_card,4,513.51
304d007435759582067e51e9f3c44cc1,1,credit_card,1,214.16
cf8a303d6edcce23699d7797c71ca28d,1,credit_card,2,259.15
06215d34c1ec4e1106eb12ae5fd0370f,1,credit_card,1,88.2
0e530f6be154c9d7e7b12f34153b0fc9,1,credit_card,10,848.93
25fbf27ebf14d822b62827aeb77d9d10,1,voucher,1,89.53
bf73f313ea64d4593da0084e25f67044,1,boleto,1,63.11
2ec030d65d7742d4afb8df93dd86ba76,1,credit_card,1,105.04
26f48bf7cbe8a240db0273cdcfaba9b2,1,credit_card,9,90.67
3ee62ebf18aabbf553dfaa8dc35264f0,1,credit_card,2,131.12
186e07e37d4253c4aaab5f2aa0cf4136,2,voucher,1,13.84
a917fd220ca94e02920dba0ceb656a74,2,voucher,1,14.49
f309544e0fa881330c466bff31564da2,1,credit_card,7,357.58
56a5ec0d1965b1640462b08e95f028d7,1,credit_card,1,95.67
25bcb5644535c6bacdc1b64cd1a9dab0,1,credit_card,3,325.58
c6b6299c09e64ae50abb6de38ab93a51,1,credit_card,3,45.86
d97670cc7c039da62e3bf444647fb307,1,credit_card,2,98.83
fe61e92ff4a1b045c69b89b72e42643c,1,credit_card,10,208.07
6beaeac28bfa1ae5265ecfe29c71ccdf,1,credit_card,3,39.79
149e467b7d8c16156fa0810e8b4e1e8a,1,credit_card,3,127.42
53f5a7f622d498ff3eeb334b8efa7ae7,7,voucher,1,3.12
bd210405118a95688f5e0314f24255f5,1,credit_card,5,194.91
ab1969d313f329f430baa04696d322f3,1,boleto,1,101.28
c6492b842ac190db807c15aff21a7dd6,7,voucher,1,36.38
ba6db6908932a9ed2a611c82ef295d37,1,credit_card,2,139.27
4ef8fef15b3a1986d266d349b21ab021,1,credit_card,1,86.98
c1e01caa64164c2b4c54633ef42d032b,1,boleto,1,192.56
9774344f0f459e094eca1d2cec55d41c,1,boleto,1,232.18
35660aec0cc42b6257e24281ee0e6255,1,credit_card,3,155.0
0e1bd6280d543519379a15614783b9fe,1,credit_card,1,194.22
898ded7ecb1e4d92997856bd8b7a8aa1,3,voucher,1,46.98
a88edef387e2a7e457695664bf0ddfc0,1,boleto,1,52.52
fe5d946bb1d5891792a436f46f3618a3,1,credit_card,1,108.21
dab37f5992b4ece308cb13f6141743b4,1,credit_card,1,184.35
1b760c8f4093bfc9fe9df789a58c5554,1,credit_card,3,72.6
0b52749edbf531f1eedb8226ae141b9b,1,credit_card,1,69.77
a3c7d28de01c698e2ce11cd0d2b63714,1,credit_card,3,162.1
c448299f4076c96eb0849f981cf29a2f,1,credit_card,1,43.72
a840a7a89e3d9137358eb7b9408681fe,1,credit_card,5,305.7
55d76e2bc7b3498fe523bbde2656fbb5,1,credit_card,1,42.42
2db8bb66bd5b7b1777d5b5729843ff03,1,boleto,1,30.95
a1237d295641cb8fec0be746ab923b79,1,credit_card,5,112.87
b94927b61d86b53506f3e6bc8644eb77,1,credit_card,10,2324.99
85314e23a8d6ca48d54dd3a235b2a25d,1,credit_card,4,272.61
3b618bc550d4cdea4c9737ee75b61287,1,credit_card,1,115.43
b662aa8d6c39f00e854cd5142e2b1174,1,boleto,1,189.37
249e512a5776328abbff6e280d2f3199,1,credit_card,8,89.07
b59cf01a46ed2ffd1319e181d3ac2217,1,credit_card,1,82.88
efd5f6d335841ef212ce657580faf95d,1,credit_card,1,610.59
845f4b93a5d0c16feb325ed52d31799b,1,credit_card,15,262.03
b9b6258fd7df83978bd49c201c288953,1,boleto,1,66.99
6b956b34f99a7e528a43837f49924e51,1,credit_card,3,378.57
7daacf43d9593e9a2959cc753578ce09,2,voucher,1,50.0
e7535e2fc78c71f46b16b5331afae90f,1,boleto,1,82.43
1d48ff4287c2ff4e757091486fa7c6d6,1,credit_card,1,152.09
e1d102f12364768054a07dfa10fc43cc,1,credit_card,1,30.68
43126a662685b18c4248ff1c8c58ca94,1,credit_card,6,71.38
761a14c58cb2df04ac97a42b0edf05ad,1,boleto,1,84.56
53f5a7f622d498ff3eeb334b8efa7ae7,1,voucher,1,4.92
14f0a731b7bacd25973e4b5edc708af7,1,credit_card,4,329.5
05cb67bde9e73ef4ed72519d1497e006,1,credit_card,2,308.45
a0c3da7d3585f46a33508178a1c205c8,1,credit_card,8,229.22
0d68c551465186fc0cc6b48f617e0f3a,1,boleto,1,42.95
1b9fa622cb692f6e9d803d4a346bf021,1,boleto,1,29.51
51c07a9a553558eb945063c1a7961098,1,boleto,1,67.74
df32e509e806944de5c4b9141d1565c3,1,credit_card,1,35.42
e8ad0b1713c8caae74f6da945c60d9e8,1,credit_card,1,95.34
c131acb8c30ee5b5d6063dac2470d95d,1,credit_card,1,18.28
57b1df96c26b2169f7fd925e5c3dc724,1,boleto,1,159.25
4461758febf28f20a599646b502ddbec,1,voucher,1,72.18
24197cf765af52797f30b528ab2af7ea,1,credit_card,4,312.61
a526b3be214b1d691e5400d86689e83e,1,credit_card,1,218.67
768351bcdb7630b77da379eb5a54e9b3,1,credit_card,1,32.79
4d6de9e9aa5820e340e8438ed218931e,1,credit_card,3,35.04
1590f37cad06b14cb123f6a45b2bdf4c,1,credit_card,4,45.7
6814e5323f3559890d60955f42d2c8d7,1,credit_card,1,52.1
fb11e3f2905ee0f75ef24f40def76252,1,credit_card,6,128.88
34b26ad88bd9eea1ef3628bbbc624e8b,1,credit_card,3,89.94
1b01d7d89cee1fbbd040078c1cd83cd7,1,boleto,1,60.64
090967205f5215e5d3053cefdbce5aac,1,credit_card,10,893.62
90c086a01b85684eb03d4f7b99d95501,1,credit_card,3,60.95
42a06602c542e66dd5a4377a0270320a,1,credit_card,3,97.2
60cb9171ec9aac65b572bf0486ff8751,1,credit_card,12,430.67
e33408facb2edeacee1b12d13b100fcc,1,credit_card,8,114.77
6b21d4143acd1caff8e127e69aba3881,1,boleto,1,39.96
78902e5dd1f843cd182f10992137777b,1,boleto,1,41.43
4fe85ba34d52bb088ed6dc9a821d84fb,1,credit_card,8,330.27
e0c51c7d23c16c36c365b7ae8bbe6782,1,credit_card,5,206.34
41202affb3415784c71821ffb3f95a40,1,credit_card,1,58.71
513d0aea6e84d49ab30dda9ab70053b1,1,credit_card,1,45.93
b2556987198a8d2bf699d306c19a9962,1,credit_card,1,64.52
7e9af7be40e0983f0c497782cb6435bd,1,credit_card,6,396.73
09ba762d7b29d3771a788d7d039159fa,1,credit_card,1,307.63
4e91282187f8ed281081528372cee70a,1,credit_card,10,829.74
8b50f9105fdc81f8430bdd9da8c3d6e0,1,credit_card,2,279.38
b2a9f52374e167c4c512d27dcefe1d72,1,credit_card,8,89.6
dea4092d49f4c8bf9decabdbf029322f,1,credit_card,1,30.96
65f72c812ba4ca1ebb3c3558c69d5693,2,voucher,1,50.0
613642e8ff12626da63befddef26efa4,1,boleto,1,38.71
18248821ee955752db5292194e4b6970,1,credit_card,2,128.1
1ec8ab9b7dc304ec05a9e96f6a25217c,1,boleto,1,166.15
9740d42a9b2382330f2b00d90f34def0,1,credit_card,3,247.26
a853b6bff6aa5aa6ab496c76492858b8,1,credit_card,1,29.42
7729bd24067381622a58a0231d77fe2d,1,credit_card,5,314.41
94e459b09b747f2d80ddefe0e438d4cd,1,credit_card,2,101.13
10e080f0e43ef41f43b9ff6da4451835,1,credit_card,3,37.51
4615c7d39bd730eaba5a1437d22ae212,1,credit_card,1,183.94
979440acde78c7c04e8c8a92f2bc8ada,1,voucher,1,54.42
e582dcf977363d169153a6bd4a7957cf,1,credit_card,1,116.24
b88d53a015d4f2c2ca019f846a7f523c,1,credit_card,2,128.84
ae0be4e1cb2ae75b372e2f055876ff07,1,boleto,1,70.33
b4dc09cbd4cc735632779c738cda842b,1,credit_card,1,55.86
f744a90daf064199b23ec905bcd31a97,1,credit_card,1,104.7
3fa397654fcf223b8d6f73a428c75041,1,credit_card,3,90.05
79656dfc69daa9e78835e99ea7d54c83,1,voucher,1,131.44
2701d162dabcb83a27f19ae30e8fea47,1,credit_card,2,141.29
867b142c274783a46707af07874ac568,1,boleto,1,276.52
9a815b63a6443f94d67d6c8bf970aaaf,1,credit_card,4,49.25
c40c8f44fadbd73ec33576de59af7037,1,boleto,1,110.77
23169ab372b70385fcc9668d29aad84a,1,credit_card,6,66.99
10bf9305aa4d5fb3382720adad789a40,1,credit_card,1,33.51
6ee77fd090a49ec9c4e15bd1a94e100e,1,boleto,1,143.58
278ce3d59dd06d461a1a4d6703790ae9,1,credit_card,10,189.9
91866c79939321e63218d7b71b2b26f8,1,credit_card,1,185.05
be4f77184693f359b47e0d555b7d584b,1,credit_card,8,308.77
2da878ecf6888b9ef86f601d9a8b9492,1,credit_card,2,115.45
16859c16cad5082b592ab0ecc7234a71,1,credit_card,1,49.42
b6af840e6199db586de5da4e646cce76,1,credit_card,8,514.16
3d4cd303bd9e47adb955bbf18db26623,1,credit_card,10,102.59
1bcc9dd1dbb385cedfcf4d96da5af4ff,1,credit_card,1,486.59
d7898ccadc85889e683ff908985b3a2e,1,credit_card,6,133.96
b02983703060845dbc7fe979ceaf2c3b,1,credit_card,3,34.01
86c4eab1571921a6a6e248ed312f5a5a,1,credit_card,8,4016.91
dbb0da1abcce904dc52dd60ae31d5c12,7,voucher,1,5.52
ead4bdb20456cba846bb4d83e5a870a0,1,credit_card,1,109.83
b36a230278dc6eacfc8ac950d38e9a2b,1,boleto,1,700.55
43dc7ea19a987e4cdafa291aebe38eab,1,boleto,1,43.86
2edc2a8fcbfceea30b10f1a27c5e4b10,1,credit_card,1,39.45
0a075803f6a9f73007c86d42003cc231,1,credit_card,1,40.52
ec0a836329e091712f3a4979b6dcfb41,1,credit_card,3,71.72
d899e9de06c12640420a628524e4c092,1,boleto,1,114.86
59a547acd221c8cbc2db1baf4d53ebac,1,credit_card,8,266.76
8c006b6688741e47144a6f79f96e225d,1,credit_card,1,82.14
e66b89fb2a3155a193afedecce0e193f,1,credit_card,1,65.05
6b9c0a9a69de06aa2f51edb25dd196de,1,credit_card,1,217.59
31c421113f181dadede6afbef5d48075,1,credit_card,1,89.21
ea48f52bfae7e6ed254f9e8d052875b9,1,credit_card,2,24.42
f973d0ce8c26b450f3c57eae24f60f17,1,boleto,1,134.91
b9c9ae9ec1ae133cb9d76c6a4d38c316,1,credit_card,1,5.06
413366226243365b3aa9f054059269be,1,credit_card,4,45.95
543a9bf05657bd3c5099de23d13139a1,1,credit_card,6,321.69
550e1d4daa21983f7bac6b2f83c40365,1,credit_card,4,45.46
bcfd112593a122ae1272e80681e2ac72,1,credit_card,2,85.15
99b504380657b5d582c36a7748f77842,1,credit_card,4,53.72
0dc2734aeb43fcd6b5c4a6d6296f50c5,1,boleto,1,177.38
77161b77ce9e78961c94e6910f7b272a,1,credit_card,3,45.86
51f24b9ca5365e89f2dd96de60ee083f,1,boleto,1,439.77
0c3f17e10268e00c6716de19889e2cf0,1,boleto,1,38.68
ab8b1138bd32dba20890d59a736b53d2,1,credit_card,1,58.72
7b73271902e2ee3bd37ac75732256a62,1,boleto,1,66.9
1960bcbcb43dbc59b615f82547e10203,1,credit_card,10,133.98
00125cb692d04887809806618a2a145f,1,credit_card,1,135.41
015183dcb37f19e0456905fa5aac0b69,1,credit_card,6,353.7
7524b4a4e4f4bc62cbc028b40f1e7445,1,credit_card,4,40.42
e02d907b159bf0b0f6efaf1e5ce7258f,1,credit_card,1,121.9
cee0d3db23e58081262faf1ee22ded6d,1,credit_card,7,101.23
eaae5e87592113d14ab25a25bf5105e6,1,credit_card,5,84.56
c3d7d16efecadd7d1ef3ffb285dd8657,1,credit_card,1,114.77
2d7561026d542c8dbd8f0daeadf67a43,1,boleto,1,53.7
205214f7f27b2cea7e82fb18e87a9369,1,credit_card,2,28.62
d3d1c3c4a40be344bd7092fa770cddb9,1,credit_card,6,104.79
d2e3c8badd7edcc85e6a4fe780954dfd,1,credit_card,4,45.86
55ed1e9c3febd5e186d5124a92690ae0,1,credit_card,2,355.95
84f72613dabd8b11141ae6e2710c413c,1,credit_card,1,41.71
3343a4f8db82a46ea07e9655077496b0,1,voucher,1,189.88
83d5a4507ca3b740b2e4642220ebd8d2,1,boleto,1,45.95
f8ff4b3861d957e056ce454bffbb4ff0,1,credit_card,1,100.91
370e2e6c1a9fd451eb7f0852daa3b006,10,voucher,1,13.79
f1b0d64e31c26320c0447cd14d66f4bf,1,credit_card,2,142.57
e92dbc16b2df28e1edb1d957392cca07,1,credit_card,1,5.02
3762a969c4bee6842259e756e28a7467,1,boleto,1,76.02
9580960c270d4525b7224af7ef41235a,1,credit_card,2,47.42
81cb17fa8652482186e8184e2a418057,1,credit_card,3,278.56
81c684bc700b0e67cd0461f8f1216b0b,1,boleto,1,85.89
987d15d9243956e5c58e1f2bfeeea98c,1,credit_card,5,189.68
65e58aacdb27163c49aeb7382b07efb3,1,boleto,1,41.64
9b4b9dac4727545d6a2a43633e62faf9,1,boleto,1,116.3
4ea0ef9a772da79c6afd8ebc69ee008c,1,credit_card,4,84.69
a7a059568a1148582144bcc98773cb10,1,credit_card,1,317.8
c4474cfbad07cea75b27b984b1c687be,1,boleto,1,40.65
4efe78f6ef58eecff2dee027fca3a31f,1,credit_card,8,666.71
e55e4860fd8e46e38f351f994f9e06cb,1,credit_card,2,139.27
642b39405abba96bc0e134680e8ceb02,1,boleto,1,214.1
79ff3f0a53335a2e8424d3f3c4afccea,1,credit_card,1,222.42
aff878fbdcc993da8042d0c8edb781f6,1,credit_card,8,112.58
3ca3064a730b878a04e074e0f1c9f93b,1,credit_card,8,340.59
0acff4874d0f6558ab78a80bb4c8a3ff,1,credit_card,1,30.86
c6eff5304f4a38da67159a731ae50674,1,credit_card,7,73.58
3fe0539e577c4fbfd80fe4cefb8abc0d,1,credit_card,1,327.56
a2456e7f02197951664897a94c87242d,1,credit_card,1,53.84
3c71011c33cf4ba95d18787bdc0e94d3,1,credit_card,10,3042.36
95149635630909a5bd996fb8c424f8b0,1,voucher,1,60.42
de0ebf283e8fdeeb755023c5db9aa59c,1,voucher,1,157.43
b3f3422c26d12dcb097fb8e9ed35118b,1,credit_card,1,147.64
4b0a33a52d3bdc952ebd0a2c5df9775b,2,voucher,1,179.89
f692b6bd0ae87642d9c7656e6199ed03,1,boleto,1,101.14
625f2a06b46e5cbf695ba96293f76721,1,credit_card,3,192.22
a6684913599fe52e243ed5d52a2ab57b,1,credit_card,3,170.36
e414d2bbb8c0c4fe5e9d51888c14c192,1,boleto,1,46.55
dc939566a9c408333e76222972bcc0a3,1,boleto,1,114.79
0f4519c5f1c541ddec9f21b3bddd533a,1,credit_card,4,259.15
768828d19a7b67c4c5aa1e38def296dc,1,credit_card,1,71.02
b8b7561e1191a899ece8259bc042117c,1,credit_card,9,99.16
b22d306e18b3b665d49f2ce7d060742e,2,voucher,1,60.41
9a5463c5be32caedf26ee1c5af6b5459,2,voucher,1,102.44
d7c2a15ddc9a397ac817ceb0c981e198,1,credit_card,5,54.85
0cfb04a3e59f3ce319891d208135885b,1,credit_card,2,215.86
8b23e4dbf00e11a4567e547b27a06715,1,boleto,1,315.26
bd9e9bfde9faa1df98f0d708c83a076f,1,credit_card,1,147.37
ee6398e4b964637992cf88b70044438a,1,credit_card,1,68.79
5622ad01924109b081d3f0f7fdd45f71,1,boleto,1,81.09
9c5dedf39a927c1b2549525ed64a053c,1,credit_card,3,85.08
66a5c9d33ec9b0db1d894e4812a0f941,1,boleto,1,48.3
dbb0da1abcce904dc52dd60ae31d5c12,3,voucher,1,5.52
1112bad3c4cd355a36c9d51e7e8e57d1,1,credit_card,3,87.13
fba896b434960b7968da1f24e5fd1d01,1,credit_card,4,247.61
c6492b842ac190db807c15aff21a7dd6,6,voucher,1,11.57
62f4f5e7e824ac2fd8df825f4492ab5b,1,boleto,1,42.96
d8d8abd9a4aa1b36575678bdf5e9d23e,1,credit_card,10,331.8
6e8bc07b95e2bb07cf9c1fcd3684e34c,1,credit_card,4,63.35
3aeb5dc8a6c964b163a87ad39263bf0f,1,credit_card,1,159.32
0d9132dcd087abbb6771db9371e1f951,1,boleto,1,166.25
45d6ca6a1aced4acda59dbae2035c8b0,1,credit_card,5,213.52
4cdbc55a42adf395b1997dae797c948e,1,credit_card,1,75.1
0476f6eca64ad7ce1bef51f7308871bd,1,credit_card,8,116.43
1f21b692c9d8f0368278413ecd0878f3,1,credit_card,3,54.52
0c2989120592c0873f156da4204fbfb6,1,credit_card,5,478.33
370e2e6c1a9fd451eb7f0852daa3b006,3,voucher,1,5.71
9771eaad8e60f7b28d57d554cc2bc62c,1,voucher,1,35.86
9e2d5a5568e945a766c01200f5f3cdc8,1,credit_card,2,141.86
c4f3b6a5e1b0cd332ac54136c94c5053,1,credit_card,3,156.58
4ee4f0e0b56bda44d48cac579f3c5908,1,boleto,1,146.02
29997a1fcb8c5884c6718f399ed6b7db,1,credit_card,4,48.71
897eeb6af4bb0e9611c898a81a87ed34,1,credit_card,8,154.61
e9be21541bd47fe15f1bdfd5f952471f,1,credit_card,5,247.68
d0deccc9a14a13ecbca790453d394bf6,1,credit_card,7,188.04
e37feadc571ee63dee76cb4421db723b,1,credit_card,3,173.74
bc4ab4df5ac77edfd72c1832a24e72d8,1,boleto,1,58.8
9d4c054c383e63f85862599e8e3216d4,1,boleto,1,75.53
839c39b7b79ea017a465dd95ba970a42,2,voucher,1,108.09
4babf11400453218f9ec503eb43d60cb,1,credit_card,2,162.5
45ece9d703e8c043b9e825c88a00c561,1,boleto,1,154.26
910801da909d448f4d5751766b14ceda,1,boleto,1,75.62
030e234a82944425a6f46d5b2552b848,1,boleto,1,65.7
d591a97fad2791ee9d973b748fd1c4d9,1,credit_card,1,5.86
8c22d7e0d7c5b5642258a6da3a5458c5,1,credit_card,1,46.11
7d21fbcf5adce98ed57bc3ce5b30b754,1,credit_card,2,20.86
eb49a7916a6668a17d85eac9a7b73a18,1,credit_card,5,527.8
7a597d514c0c2d8a5c87e7ba10da41a4,1,credit_card,5,79.62
b66836a7408ecc382cdd4be702060220,1,voucher,1,209.15
1560a63a0c01388598eac8e14a503f2d,1,credit_card,1,79.02
8e1bed14a7b4e9df47fe79f4abac1bc0,1,credit_card,5,227.57
771c4f1f521f462e4b95619e648aaeab,1,credit_card,2,114.07
3a1c434d917a8b25f7862cfa17972aae,2,voucher,1,9.35
92caa5283abcb12faf71683ba259debd,1,credit_card,1,74.49
cce2ceb2a8ee779a15975a90e6063cab,2,voucher,1,23.9
a4d541965fdf41f59fcbdd53630627b9,1,boleto,1,71.01
b8c26c45a4adb8e4dbc205f147659a71,1,credit_card,8,105.74
c26d364add43c6e2d99740f5a8b0b559,1,credit_card,1,32.51
9d116cdcb1a5c14a35e00b7ad54914ee,1,credit_card,6,74.49
05e7f330b0c9d2769d5aa193ee88baa7,1,credit_card,3,49.42
db999a5bcd3e9db87cafe71501d3a653,1,credit_card,6,124.8
6b3b2c21c6f15b7203c8bb1283c74569,1,debit_card,1,109.04
2fa29503f2ebd9f53deba187160f3202,1,credit_card,5,266.85
2592a2d249009fdfd066161c0c2a726c,1,credit_card,8,196.9
d43470a53ea038b249664f2b6b7e48d1,1,credit_card,3,165.74
f12cefe9433959386542247656221808,1,credit_card,1,80.95
d2dd28b2a74faaeb77da8d3e53a9bd75,1,boleto,1,84.65
93abdbce647cddc77973a6d8c25643b8,1,credit_card,1,102.92
1cbcc355e275e5143ab1dbf260ca14f1,1,credit_card,1,14.72
a19f578b12bca98c69170dff3d7b9599,1,credit_card,3,186.2
438dce50633e79eeeb14507e05d4a4d9,1,credit_card,1,140.58
7a44fb632a6b31230876daf264061442,1,boleto,1,159.12
574106974d37a1691293b7342fa3d799,1,boleto,1,118.26
f343624eab419250ad81f1ce6be22c93,1,credit_card,1,85.6
dbd3b0f899c87897a6a56a86423fbcbd,1,credit_card,2,149.49
f68d2c7cf192e85e39bd08dc995dca5c,1,credit_card,7,222.68
ea9330e05ddad6813a35320d4d659368,1,boleto,1,27.51
b7a194de2e14ca9f41580f8c6eb13660,1,credit_card,1,62.63
8c142529d4d34ba46cc7fe400ab6b2d1,1,credit_card,1,74.64
b1baac8300bff141b743794ace31ffcc,1,credit_card,2,144.58
187530cc7669030a3535f758f769165d,1,credit_card,3,40.86
f33804414861bfaca84228b749e3085b,1,boleto,1,47.01
8c6dfc3056be4a27212a845d5f2bddc5,1,boleto,1,71.71
f891a5652a32da88979c1328c7cb73db,1,credit_card,8,873.28
aafb39df40ca7d13b0bfce23d7b83032,1,credit_card,4,45.86
a9b151f0c0471d9b2534fa73c9c0e123,1,credit_card,3,206.51
51f1a03bb8aae115ea6387a8e7edc7e7,1,credit_card,1,64.65
8dcdc3f032fcbc54ae56d5a0f0c2f18c,1,credit_card,5,192.12
4e15214b61d5e952ea58075636fc6e99,1,boleto,1,85.77
1182df110fbf0a14dfb08dd06c560836,1,credit_card,1,49.84
dfe5a841c2bc48efa0553f264e4d3190,1,credit_card,1,34.04
1f50915cd289eb7e0a0da3f4300b92bc,1,boleto,1,78.84
0c91c4102d1858f4ced29970f55e54a0,1,credit_card,2,56.86
0ee0bf166bf18f991a111ecfe817c951,1,credit_card,6,761.82
d5a2a83ddd838aa8ea9297e7d3c773fb,1,credit_card,1,31.22
1782944168d9dc2fcfd025bc44d898c8,1,debit_card,1,40.86
abc28055285d422fe7fd990935433cd9,1,credit_card,5,104.7
b80658b0fe989d9699344386255ed40b,1,credit_card,1,94.88
6dd32235fbbc3ec781f875dcfd801a1a,1,credit_card,3,47.68
554ecc3c2cd2aa5e836523bcf915260a,1,credit_card,3,36.89
0df136a9938704f2ee4f14c0661ec032,1,credit_card,1,114.45
45029aac398517a7869c2f22ba01affd,1,credit_card,1,127.41
10857948637314508e05a14dfd8328b9,1,credit_card,6,93.72
b4dd0ccee7deaeb2dc42f799b683c9e4,1,boleto,1,50.95
adb9f95e79004a7d308e825ec6bbd7a2,1,credit_card,4,44.65
20f837a22a0326636f941c343fa912ed,1,credit_card,1,8.95
5ee987cdf0ab5a1b320bbfae52b39661,1,boleto,1,72.56
c02bcd4d35c9e36597256b02d86d33cd,1,credit_card,1,104.79
83f31b617b8a38b6bad530eb8ea3591a,1,credit_card,1,30.04
ce3756a051e619f9a749a8795aee498f,1,boleto,1,171.3
52fe284b8a7ca9585835524dbd80515b,1,credit_card,3,34.64
c07db2ecf8530bd60659764d866467cf,4,voucher,1,7.73
2c4f41fd30cdd44de346e77247380dd2,1,credit_card,1,316.73
cdfc8d98469b5469527223fa4d487882,2,voucher,1,35.02
1ce397b1df28355ed4f928b2b322db98,1,boleto,1,127.42
674d4392ff644f0fba9c04e010843951,1,boleto,1,63.12
5df0b9dca1031d0b4abdf7b6f1f6e118,1,credit_card,4,137.14
7581c7decedb7d7f4310ef8313f935a7,1,credit_card,2,49.42
dbc9ee70287772e4f094f39843a6b99e,1,credit_card,2,117.53
98c012340047030b894d118bb56be94f,1,credit_card,1,29.51
7701acffdc4a67fac70f9ba0d45cdf41,1,credit_card,1,94.58
72bc9911258ab2d985943cde67ce4883,1,credit_card,4,213.5
6b36a70905c0109222b7b3185a1aaa4e,1,credit_card,1,79.61
0ee0c320d2ceda401e28f8bc01e2fde2,1,credit_card,6,329.65
27dd7a0387216be808ff97f5d2cf5862,1,credit_card,1,55.96
93c4655e5be1df1a5fad75de93847cd4,1,credit_card,3,145.71
f84ed066131e26a100371eb314bfa094,1,boleto,1,49.42
904da7bf9d2b7b563a9aa28683a19455,1,credit_card,1,94.63
ba22840a24058d908b366cc202de7b7e,1,credit_card,2,177.37
d6b16c30481ca56fec3cc6919a37c1c1,1,boleto,1,124.39
0fd56515a590720800123e3d872a1a51,1,credit_card,7,73.92
55aea3ae93b247a771d01bc39ae5ec45,1,boleto,1,179.41
52619537cf1e982e097feae63cd2e083,1,credit_card,1,137.64
dbf9ee18eee818b5030fddb6302c4f37,1,credit_card,1,48.06
cd3f1eb3138c86331f1d27332acdae59,1,boleto,1,81.05
c356aac7fabcd3bab9aaf9ce1f36b945,1,credit_card,8,510.69
65b89d1e2082d73e4d6a75335726a26f,1,credit_card,3,54.06
5925c7ecb7ba1b4c276101af9718cdb3,1,credit_card,5,60.68
3129f1c46cd423a817ca16f066a80fb1,1,credit_card,7,177.6
9d6119da4c658e82b5320a9b05dc7004,1,credit_card,1,222.09
42bcfd11cc83efc775637358296f6b48,1,boleto,1,44.34
df428478aa9a594cfd597ef214e67b16,1,credit_card,2,55.46
b75531d67f9616e9012cea103a187c8c,1,credit_card,5,266.14
d3a20ccc02c906dea8bd172dbfa1d31d,1,debit_card,1,323.47
d97cacbc87a70c0a938044518f7c31c2,1,boleto,1,173.48
b8f907da9cac0beecc557cc50b6b02ef,1,credit_card,1,95.67
accde1ef3208fde380a66c1706494ba4,1,boleto,1,237.68
5fb801bbd0a3376799e6d3a508f845db,1,credit_card,2,206.44
87a12102217bbaab0f4184b345e9177a,1,credit_card,10,659.52
82ff294d1970490323910cdd6c463977,1,credit_card,2,106.23
84a2460003ca41e7f2aff73677cef2b9,1,credit_card,2,147.65
4e5e560075bde8260400f40135c0375b,1,credit_card,6,68.62
f7959f8385f34c4f645327465a1c9fc4,2,voucher,1,22.03
b0b5cb8bc442bc5599f4bf65dfc67cf8,1,credit_card,1,47.71
a72128c306bd3fde78eb4f32b6360d86,2,voucher,1,75.02
341cce59fc24a0f0cd59c5f25282b1ca,1,credit_card,4,113.08
1907abda7b8d9460f40f04928a4f1721,1,credit_card,2,114.21
818b0cfed13b2b6712926e620e37ec60,1,credit_card,10,106.58
8a4398f9b38e8023cd570362226cabb9,1,credit_card,1,64.74
48e624e6a92ba57c07b642f214c5bb81,1,credit_card,3,54.34
f7959f8385f34c4f645327465a1c9fc4,1,credit_card,1,6.83
c5739db7f3e9978c46904140ccbb6fb5,1,credit_card,5,70.23
4f7e7115e9774e0a45e016fa2cbe4b75,1,credit_card,8,301.77
6182f426bfaf3fcacda874e7da0a7561,2,voucher,1,28.83
ad9c97f9a8dbad1ffcc7f261da6574a0,1,credit_card,3,102.69
ea6ffb995c7f69175be7e15ed631b15d,1,credit_card,5,101.14
f4501c0e013275ff49c4a0c3d16c50ee,1,boleto,1,32.74
a39d3db795a5cf4c8b6c9dd050f0d326,1,credit_card,4,146.01
26b4d5acef7d1ea2ca51d3836df08d78,1,boleto,1,103.75
ed0bd11dccfe74e31019ba133badf088,1,credit_card,8,412.4
7eebf0a4be5859d04ca7da2ce039c044,1,credit_card,1,136.52
9c03283b70dffe64bd49cdb4254e33ca,1,credit_card,1,51.46
785d9cc9690385fee964390cf2038b17,1,credit_card,5,745.35
a1238d801729f0d9e4e905696a213eb8,1,credit_card,2,119.39
a7db8c5327329206a779bb63dca4a2f2,1,credit_card,3,65.55
b4fc77bdadd28d0ee631208831bc0d49,1,credit_card,1,20.68
d815bd2c2bdd79e4c0e0263caa986d66,1,boleto,1,69.61
fbbfacf696d50761d1947ab6fb641764,1,credit_card,2,94.88
2694d5d93827eee9e3b4c2d4287c605d,1,boleto,1,87.23
370e2e6c1a9fd451eb7f0852daa3b006,8,voucher,1,3.78
48ad3f692af89318f508cd0b50f68b41,1,credit_card,1,77.98
6b63433212c602eeba6a683bdc5e6b4b,1,credit_card,6,492.36
85543b91926dbde9debccfbeb3136483,1,credit_card,1,83.9
9df4de8d3f1b15175f64dcfce276ee9b,1,credit_card,10,577.94
17bc0acf9f5ac57fc41fb222543c3c46,1,credit_card,1,62.58
33cb48a8f9d0e5bf683cda9881aae15e,2,voucher,1,64.57
40d702a17a6d8b52548cb922505283a9,1,credit_card,3,273.07
0977997b1c07196d7d76a0d79c50117d,1,credit_card,3,30.95
228f12f010b1363cba76e442bd378e53,1,boleto,1,35.42
0cd93455c51655ebb590c07a06d584a1,3,voucher,1,17.54
96e46ea85cec2195f5ba671b9b319c81,1,credit_card,1,124.53
171d4e3d9d9ef65b03328734b287170b,1,credit_card,1,119.3
c1e492840f4fcc3995f6464acd94661f,1,credit_card,7,129.35
f4427355eae41ccd3245fcdea1bef5dc,1,voucher,1,69.02
29b56ecd8b55b6089065dad2fe85a0b8,1,credit_card,7,79.61
45b8bb0bfeacbf5aebe4c3f5cbcd2b06,1,credit_card,1,73.58
1c6455382944f30b6a7128f9747cef97,1,credit_card,1,77.16
459fd897f6e31b9302fffd9ded1c760a,1,credit_card,1,42.78
450c49623c365a4edcf0c5a2c93aa7c9,1,voucher,1,49.52
82ef901bddb0b3a57a8f2639cba398c2,1,credit_card,9,91.1
cc33143e956d12c68737d2ea49910386,2,voucher,1,31.78
f7e13134cbda2f29f8690ed0dcb2e480,1,credit_card,1,373.55
26de0ad903879b7f28b74d5f60426198,1,voucher,1,16.65
666ecb70d41cfad51e40ba2aa0b60f1e,1,boleto,1,148.1
9ad384830a3bad800634d385f5f4d435,1,credit_card,1,93.81
87a838f48767365e2b786c485ef2e8b0,1,credit_card,1,56.42
81e54776f3bdf237512b1ceb5337a066,1,credit_card,1,29.51
b9f2b2423c61aa201a499e191534af79,1,credit_card,4,123.25
8ac915a1f508baa87e8fc8d596aa6fc1,1,credit_card,1,41.01
2660e4e0c99dc944d9935e3b8781d81b,1,credit_card,2,45.86
1ea11b975aea60ca92fa0559184d3d34,6,voucher,1,12.68
137e9582e80ce34b3205c7cc8466ec29,1,boleto,1,46.04
c583699ad331158897d9bf20f1a60004,1,credit_card,1,36.71
4f78e12d1c6bf7ab77ecfdb4226a9c82,1,credit_card,1,32.1
661d0bde7291e9a8761e0769cf4d954c,1,boleto,1,164.84
aeb12b49be31428bee39c92e36968325,1,boleto,1,37.86
cf2ae7f823490d9b4ec3d33f889609e4,1,credit_card,6,121.28
20ce857482318a94142a0276fc72b4ad,1,credit_card,5,103.86
96f182413ae321e91ee91f3e422c6416,1,credit_card,1,91.79
6d8e4a82843cea684d20aa10f91fe33a,1,boleto,1,45.86
78072efdb0265b1a3f43b4881fe9bfc2,1,credit_card,5,417.19
284d05f958811fe43d952eb2245b3f91,1,boleto,1,60.96
5667af66694cc07bce46f7af2ed32ed6,1,credit_card,1,69.75
01c139e11e826da7bf9782cf1ee904bf,1,credit_card,10,352.98
343a5573915ce27b1a6200e1656b5049,1,credit_card,3,98.07
276e586682c7afb8f69a92fb276dc884,1,credit_card,4,199.58
c06778fe7190305b40c98b8cab8c2686,1,credit_card,3,35.51
9db84495f43c7c241929f3c0380dc27b,1,credit_card,10,504.56
f1693d9efbf6b7da21de720cbc7d6d54,1,boleto,1,57.51
933a4d6f0739efd8aa68decea5b411c6,1,boleto,1,168.1
636fac4217a01ca1f468baf22a52e945,2,voucher,1,199.98
ea228f2b91b909f4aada1453dbbe27be,1,boleto,1,60.86
9fa20203d1957233d3ed303707a1b597,1,boleto,1,139.91
8c9e1d21a726356a014631e7339ac1c8,1,credit_card,1,89.7
f17af50f27c9a60c151065658aa58edc,1,credit_card,6,69.72
4fb76fa13b108a0d0478483421b0992c,5,voucher,1,9.48
094fe1a1311bdcff558e373c756412d7,1,credit_card,8,664.63
35761fa89b5d047af6632b23b0cecf01,1,credit_card,1,199.7
ca8eaa7367f04ef547edaa942ad53386,1,credit_card,1,93.72
62b86d4e40eb55d675e2ff8be00dd5e9,1,boleto,1,913.16
dced1a592703185c71beaca0730a3fd5,1,boleto,1,33.86
05709f85ee94e226753ae0ed0886b69b,1,boleto,1,187.45
c1884aecda51600a6dcb16b487464fdd,1,boleto,1,20.95
b12beb9e03bfacd9b42cf189c5decc85,1,credit_card,3,137.67
389b5ea850fb0283bb94a04dca7750ec,1,credit_card,1,75.53
4fb76fa13b108a0d0478483421b0992c,7,voucher,1,8.23
0c892a79e462e31570b88739be67f32d,1,credit_card,10,761.82
c6492b842ac190db807c15aff21a7dd6,9,voucher,1,36.88
a994e6b51de39d9a263918e2b37c859e,1,credit_card,6,216.51
bd2fef198085db0b586b9c71aa2d35da,1,boleto,1,3024.08
46e986bd2d3cdddfbc642749d67b4777,1,credit_card,1,100.02
273177c9b2d2eb2a68a77ee39e726b52,1,credit_card,4,114.73
c3514d46a6cc5789769fd473b39ba599,1,debit_card,1,242.12
6002f1429927599498f346578f57af4b,1,credit_card,1,66.47
4b1104831c2d0c40dc17dc5c9d5cfb35,1,credit_card,1,118.9
a52aee7a6ea186be5b8217b9f7f93536,1,credit_card,2,27.59
8b2f6212e3a5681805601bad0a43905c,1,credit_card,2,35.01
39f9559c0533f3ea56143c01bfdd7d9c,1,boleto,1,450.42
b4fc77bdadd28d0ee631208831bc0d49,2,voucher,1,21.0
d6418b6fa2a27ebf8c1e2d4ca0d14492,1,credit_card,1,60.86
6768c474e9019cdd1b5f11bb7a126f8f,1,credit_card,2,76.05
3e160e93900d5da52f6a8e6fc88d737c,1,credit_card,8,327.8
adf99ffa5e0b3a09795387b766316853,1,boleto,1,35.86
0bea7c54ed17281e684c8bc1191e0272,1,credit_card,2,105.83
b7bea96258b9caf5e97816fe944b2971,1,boleto,1,194.47
1535ffdb181e70ff560cfced342c4f40,1,credit_card,1,63.52
a85e1b0e72e3d941ebc9cbdeb31b728a,1,credit_card,10,299.34
e63653cd4d968d901b64c18410a9b548,1,credit_card,14,147.07
276566d4177aa73785edbf9d6364925e,1,credit_card,10,177.76
010c995323bc17d8156fbe2c37fed63e,1,credit_card,1,56.12
dde5f036dff77c8687173aee04967268,1,credit_card,1,35.42
75351e48296ef42211a0b80c427aae57,1,boleto,1,98.16
64430a4baf15618795b4b390b9d2a288,1,credit_card,6,230.41
74d17f79f897a6ed435142094b225a89,1,credit_card,2,49.24
dbd4cbb492a12b99c5224014930acc18,1,debit_card,1,140.9
c7cecd72d8b7b272d7373802da9b302e,1,credit_card,1,59.96
08b47d41b0e91577b2d62e070628b2dc,1,credit_card,1,54.52
896701a2a04dda03c6d3d7b31f0a827c,1,boleto,1,62.84
8a26e866542681e7f7b1aaa7a396e8d0,1,credit_card,2,26.64
1be578faaacbe5ff9885364c415d4763,1,credit_card,3,113.45
2ca70b2f655793dd6a6d502a0cd0dd9a,1,credit_card,4,214.56
808bf4092870d798031105528ece9e37,1,boleto,1,112.27
7529a27c3db5807043903076a53133dd,1,boleto,1,85.04
76b3916173a86a399841b62399174b10,1,credit_card,2,146.17
4fb76fa13b108a0d0478483421b0992c,2,voucher,1,10.91
b159d0ce7cd881052da94fa165617b05,1,credit_card,1,30.66
d437ec1ece70f3e35d2695adfeb8a272,1,credit_card,2,71.46
0707e2f91c707859b79e711d852150c8,1,boleto,1,52.95
744dddb0362cbcb141adaed27f19cb3a,1,credit_card,2,96.2
f30fa14e2b0495b15843f4fa7e1287b1,1,credit_card,1,63.72
f6a88b9bb4c26463d70208b8ad03eb28,1,credit_card,1,33.1
418aaa61ff9515614340e03422fed9c9,1,credit_card,1,85.6
d71eba34205e5f3291c2360f8c64f5f8,1,credit_card,10,200.59
a1ac1b3f6c83ff04fe882ec7f8bf8a1f,1,credit_card,10,162.1
ba0a3547cd2efb300852cd0ce3241296,1,credit_card,2,47.05
d7b749382b06fe2551235b118a962dfa,1,boleto,1,107.27
aeef7d3d012337cf78f2deec426bb46c,1,credit_card,2,28.62
7e6539e0940d836317038bdfe085f18f,1,boleto,1,70.3
76efb2fbb5b0e732ba6c77c63d263b59,1,credit_card,9,443.17
fdaf0fd938efa36f6b32471ef6b7e63f,1,boleto,1,34.1
e943e3e10c10f28b98d9f5737793c267,1,credit_card,5,54.51
ffe49171e120186dcc4c444b55691810,1,credit_card,7,76.85
443bc8cc2feef50a6b416a0645dbf7b5,1,credit_card,1,41.96
789e059c493926a46f2365bebb807dc9,1,credit_card,1,2.37
e39540a5cc5d31832456faa0dab449c1,1,credit_card,2,29.62
197fdb2270597913a3ba471f251d01c5,1,credit_card,4,84.16
b9555bd71c90a01a953792e5f2af95c5,1,boleto,1,20.52
f776c57636792f1caf6b4611aa890464,1,boleto,1,113.97
5de9e77c89bb6f31552993baf408f3a3,1,credit_card,10,167.3
b7e1da759d7b362340fef94519f33500,1,credit_card,4,816.17
3d09c01f56c367a5c7e576aa1fe45b0a,1,credit_card,3,80.4
c2ed06437a123b8c578ce63581930191,1,credit_card,10,366.52
11920e11fe97283e241e22b84dc6a89d,1,credit_card,1,52.18
2d7312746088a0bd8d60f8db6c6fcb46,1,credit_card,1,89.29
65e64bd96d206ac3c402d7af655ada63,1,credit_card,1,55.86
4a8a7a258a9aea5f2d644c863f0c1450,1,credit_card,4,41.68
b4de3b7a1fd0c8b6481454b3e3c02a52,1,boleto,1,89.93
7a0eb0a897a19d67575a24798ba26fc5,1,credit_card,1,84.02
dfbae856658ed0da74731056554e1b77,1,credit_card,7,73.72
5f73bbecd9ccefd0b80eae3c8b114736,1,credit_card,10,795.47
e28e3a2634cfaa83736d5dfd494f3640,1,credit_card,5,107.37
121dd40b10fc0795e5f649ceedab30f9,1,credit_card,1,74.74
c58a30614b49ec54fce768c0df52ba8c,1,credit_card,2,74.49
7dbe7b520d00d04a3f695cd91e904980,1,credit_card,1,63.51
eac9fa296664c0f38ee19863c7346e32,2,credit_card,1,40.06
6b38e49992a77d12586e9cc2cc5b94a2,1,credit_card,3,51.87
2445a82ec841c77c3fa6573bc3e00dcb,1,boleto,1,156.58
fa11f70667bca67510305f9ce43e7b25,1,credit_card,8,667.03
272cb4760cf5b97f2b4bddd15520e10a,1,credit_card,1,39.23
d84351a9ee5a7c7b237e3a1480d252d9,1,credit_card,5,283.15
4ad2ebd3c62db5a8509e3f25fb8b81ca,1,credit_card,3,128.88
f0fc39347a86802c8df13bde9111b01a,2,voucher,1,8.13
92a0ba3943ad83671830b1091c606671,1,credit_card,1,50.21
686c0ba20be3837a5041edbc39d3f9ae,1,credit_card,1,135.25
6ae15bd9804be2bd1217f4583325802f,1,credit_card,2,114.79
aaa09ae14c8853145592cb8b452714f2,1,credit_card,8,121.07
6d54b2636a61d610eb2adc5784fbe99e,1,credit_card,8,192.56
2490acacc509d48df78fe4d3a44f45df,1,credit_card,1,58.73
aa2e81559d88cca16ac122e7627078c8,1,credit_card,10,125.43
8cee8f805208584195daeb66539c0cb8,1,credit_card,1,53.95
9177059e7749a43b26a44a14a313811b,1,boleto,1,52.52
ddec1931aa991251d2540e8d5cd9020c,1,boleto,1,54.01
5317d6f0c0b5822201596d8f4aabdc6e,1,boleto,1,188.18
31628e1ec1ce71d13a6d7b2b0c5db88a,1,credit_card,4,49.42
3104bcaa250792a77ce1651711291eaf,1,boleto,1,98.84
8882b69ff0006727224cd56da4932e89,1,credit_card,1,48.52
49cafbbff42233d698ba0e203810e394,1,credit_card,7,74.2
400c4796a3dc000011d0e63543c8ddf1,1,credit_card,1,80.56
98d62868252c18a0fde796ab89c6e08d,1,credit_card,1,92.6
fce0844e8548aed6d329fd798f4937a9,1,boleto,1,47.78
f5ac3d2cc1cd3fa1eaab79b898066777,1,credit_card,9,307.3
b88684db7b8ebb92f476c54dbdf76913,1,credit_card,1,134.5
0d74a4953206657c77bf6952c432809b,1,credit_card,3,38.51
d73056e2f26b5d40f0b94c8a4ab36f37,1,credit_card,10,111.21
4fba4b6ba715a2a3c0c0d0f9cd561640,1,boleto,1,44.65
8b9ba2ff8ffd0a83f05139ed2a1a458a,1,credit_card,8,1793.23
b208ce08b2c5eea655bee887eace0cfe,1,credit_card,1,100.89
bc41a96f4cf87290c5447020f6ac56ba,1,credit_card,10,1155.56
82fa967d1d3bc56f31565b771fe79181,1,credit_card,10,189.62
c98ff3e97a8d66fbea39ae151011b528,1,credit_card,2,232.76
6468b5ffa2abf8b82f3c5ff91c6fe9eb,1,credit_card,4,155.36
ca1533a4041a98501d0c3250c7dff345,1,credit_card,1,114.88
81ae37f8ac6c04f48ac5a71303729abe,1,credit_card,1,54.64
9ae55f703836fe363393a3873c1b42b4,1,boleto,1,111.58
8f4d9ae2f2a9008353f4295f2985ad76,1,credit_card,8,101.93
9d1b185de3dfcc3ef01836acfbd1f7bf,1,credit_card,10,298.55
5f394a518be2ad94a231713d3a84ab39,1,credit_card,1,19.86
27943171ad2f4d49d8ad2df967b6c8be,1,credit_card,1,105.74
f3d59321333272553ea18350bf41946e,1,credit_card,3,126.22
70a2df2328c71d41c84c2ff23597df7b,1,credit_card,8,1409.12
f8a32dccc15ddefd099b9c9f3e943595,1,boleto,1,91.56
14cd301a36b07ef8fef16986bc807aac,1,credit_card,3,37.86
8d994041d6127d2acc8d13aad557e75f,1,credit_card,6,65.84
d2c2a40d9d3d9479b0784a08930ebc75,1,credit_card,2,136.52
65a97703da34703e54cac329ad6a41b0,1,credit_card,1,141.42
0630ba8015b69f03e65dbe4be3aceb4f,1,credit_card,2,139.59
2c51c4240b040878ccc14a715bd52b0c,1,boleto,1,44.83
380bf78bcf690a6955b8f1de575e26ba,1,boleto,1,254.84
c93a5ee8b79d80e391eba8a575bd4d1d,1,credit_card,2,213.93
013037c3f1773cc8fdbaf8ff54d8013b,1,credit_card,1,7.58
f9c6801b9c045eee2a9c41dbf6fcb67d,1,credit_card,1,93.04
405377f3183b98eb11163cfb9d9f619e,1,credit_card,3,149.09
20f837a22a0326636f941c343fa912ed,3,voucher,1,5.54
6fb1d503fbeaca8539b2682dfe04d56b,1,voucher,1,147.55
09868b0eb512bfbbe98900f16d79d055,1,boleto,1,129.98
79de12ad0d6a9e82e8f7bd4cb879a1a7,1,credit_card,6,214.87
9c990d5aff064d220ea8962a5d97f4a9,1,credit_card,1,62.52
36c63c436db70954885798ade7b2e30f,1,credit_card,1,64.56
05608987284e4c496bec56c52fdb0a6c,1,boleto,1,225.14
c01386219d1d09bb78eab2fc5347a149,1,credit_card,6,159.74
9de93c000ca70a1ffac63cefe715bdf2,1,credit_card,1,52.77
be6ead609261c3b92ba37751219cdb45,1,boleto,1,137.16
c2abf9bb9aed7fde704bd9b34802c52a,1,credit_card,1,52.77
49d644145fd8c0e627171467006e7c5c,1,boleto,1,121.28
7c5c8b715064d5bf2ee6a1cef59f2853,1,credit_card,7,71.56
0a0185b8b72cbf2290c3e4218300a61c,3,voucher,1,16.84
3c7d5206607a15b5eb46f553865a5599,1,boleto,1,34.51
ed03eb86a3fefd1113fbaece583c1e76,1,credit_card,1,30.27
e9a82a82b91f0f1cb3703a5b6fb3c505,1,credit_card,1,28.95
0ea5190efe3edc73c0420f49af34383b,1,credit_card,1,126.54
22479f588dbf140ab4e8f3a6688c31b1,1,credit_card,1,99.52
9ecc63b839c404ca47e48f1af1f54702,1,boleto,1,128.88
0d13e311818a800d01cd46fb35dd3c27,1,credit_card,7,166.7
b51be3456fb3c1af43bdfbba6f80269b,1,boleto,1,150.89
912fac153319e5a8524a1a9646dcc707,1,boleto,1,248.1
2b1b3e27032562816a63a8472681a344,1,credit_card,5,55.79
f11a42c865e929c2b7709f3390d1bc7f,1,credit_card,2,35.46
18cc8479fa2db4a1166ab0d28ff2f54b,1,credit_card,1,63.09
93dbcae5a986d0f7103a0bc2929e7f18,1,credit_card,10,188.85
db91650415685ed0ea57e9d3e47bf887,1,credit_card,3,54.51
1bed03d048b494e693abd504e67328d1,1,credit_card,2,120.44
60751e744ac01225d93eb8bd65592ff0,1,boleto,1,220.71
6014de3ed0a310e59ac664e276af54eb,1,boleto,1,44.1
502d7a6ef832644f5208f0af59e4c5bb,1,credit_card,6,80.92
b0f445cca9b6a54ff47e8834c16ba6c1,1,voucher,1,30.0
9d8f8e29ae80be83c9a161e3d08bb9a4,1,credit_card,1,95.25
354f62589ab0a15eb57e820d6fcbe9b5,1,credit_card,3,101.9
0664199560952a51d76e1ccdadbd2cb7,1,credit_card,5,101.14
1310586c8caa5a7d84ef95db79b1e054,1,boleto,1,186.61
fb6f9beaf3a466694906162da16202d9,1,credit_card,10,214.56
381821a2142de8e51f3d104559f1bfea,1,credit_card,1,117.12
ad9808903b2bcf5408a3de11489ceadd,1,credit_card,1,45.86
cb2fbc8c6e48dc4954fc8cb1034900f0,1,boleto,1,62.83
dee008fbad3f3868874dd10ab5977b88,1,credit_card,3,34.51
01ea9d9ce4b86204f82b79184897371c,1,credit_card,1,64.93
a7369745f22345ef2b1cbfc57e4e0a73,1,credit_card,8,128.95
f6bc8c7b31f02638a377f399f2bd201f,1,credit_card,10,130.84
e18d0e097ef9cdd7894ed1b82a2b7479,1,credit_card,3,36.96
a76ada6fa5bcfc4b6225ec88c219ab99,1,credit_card,1,15.22
f376081d7c5f1767fbc7fae2d19ca32e,1,credit_card,1,309.72
2e8f1950a235848ca7b570eab9e7f34f,1,credit_card,5,245.45
01a0013ddc7cd129e350e8671b56a263,1,credit_card,10,1810.5
64a6930359fc275c86dcadea2086895c,1,credit_card,3,106.78
9f6b54f3efb6dae90f5520ba74191a28,1,credit_card,5,217.72
dff1e9a517d39b940f6424c3fdfdbdea,1,credit_card,1,11.74
68a3b05ab76c36cbd4a9d398686b79f8,1,credit_card,1,325.33
42aaabf39b810fa0a3390fe791dbb880,1,credit_card,3,310.1
a434cfda13115168ed9fbb287031eff1,1,credit_card,2,115.9
af32211fd3ca6faa65dcf8f3bd3f53bb,1,boleto,1,30.96
c14f5bd7031c66dd87c105d99a362601,1,credit_card,1,202.48
bb27db571451a22cce47832d688ae49b,1,credit_card,10,798.27
14c32105022b0afaa60c1cae1c516e8a,1,credit_card,1,87.22
1a9b9f5f7c4ed24f0e1e7c19cc9510a5,1,credit_card,4,242.97
50cd705ea531362cb179d7fbf877344c,1,boleto,1,89.02
a48666b91822bf899e34f73323d5dc37,1,credit_card,1,4.28
a3c03356178c199a84eae0d6356d815c,1,credit_card,4,94.88
32c0650191d60417a072ec2387f78954,1,credit_card,2,95.72
9eb146a54fbc603233dfeee6842ebae6,1,boleto,1,129.36
dc423fd5dad84d30d887debb5323e413,1,boleto,1,225.19
644da50308e4b34f47ea4a9c82557863,1,credit_card,2,134.27
9abcdeded6b253b59272fb76b83b1f6a,1,voucher,1,20.0
e9e2effacedebc11741ec26027686fe9,1,credit_card,4,40.95
dd100f66e45f6ae03f5c78d8edc86f28,1,credit_card,3,66.64
f2187ad0889a7f43d3b4b341f0124d84,1,credit_card,2,126.86
603ed359003f9966416e844105537b03,1,credit_card,10,317.19
67937bb4e0c9a4156fe47c89382d33e7,2,voucher,1,10.21
dcce4dc9b3288010ed361a5fc33471b7,1,boleto,1,151.53
ef8e8348ba291917542268f900fac505,2,voucher,1,14.7
87e1feb622e373e4f0d2cceb1f610886,1,boleto,1,60.96
95d7f1d6526fe255c28b15b749634392,1,credit_card,1,59.86
d85dd7b0f1c5839ad5b3cde77f196e53,1,credit_card,2,68.0
ba1edaa5e640ca7da4c97fe92382eaaa,1,credit_card,2,166.78
bf3dfe9c6770896602562c35b08e3419,1,debit_card,1,38.71
dd1195b0c8bec457f3682d13dae7ac55,1,credit_card,9,113.7
2d5058747a7287ed0678a7d65af01329,1,credit_card,7,318.44
e9f0c4fe73c293e664edaa5e8a9b04eb,1,credit_card,3,211.37
1a102760523f4d9dfac2d4fab47dbeea,1,credit_card,10,1481.03
4b460251c3d2ba44dd61b0b6c3410ac6,1,credit_card,9,1400.0
48ad3f692af89318f508cd0b50f68b41,2,voucher,1,50.0
098dd2a0dabd8878380b344370974efa,1,boleto,1,75.44
5c9657078bbc1c0b67c071d651331b9d,1,credit_card,8,219.36
0c00bf3feaaced2a198154419c788fc5,1,credit_card,3,260.08
8b2fb881ec8d04ffa5bc7a27833ad984,2,credit_card,7,187.12
7fc14928697eee65dc635592072afaa8,1,boleto,1,46.11
e32f30334d29fb3811f44538904a8517,1,credit_card,10,183.67
4897e89eeabd9f378a6c3fb314f441f2,1,credit_card,10,128.11
af7ae6bafcf0885e40e8c5fd1ef4c745,1,credit_card,6,336.31
4224d3207aa1acffc28e6b36c7c2c8af,1,voucher,1,50.43
8f3c9dee0b510175b90cce425174b78e,1,credit_card,3,68.8
59f4e4ce854640a74dcae6d0c3fa1ea6,1,credit_card,3,39.96
b0ba32a79f83ef1ae43216095e1c9ab8,1,credit_card,4,40.52
f7b6b85f6fd2cf9aac15731dca998844,1,credit_card,1,27.02
ef2d13d781a97ea071e0ad0236e35f49,1,boleto,1,56.45
e6fd05b126cb5c89f360d14068a14e78,1,boleto,1,236.2
59c1736899bb709593b369f89fbf2574,1,boleto,1,75.11
67937bb4e0c9a4156fe47c89382d33e7,1,credit_card,1,1.71
5471298c2cafa3ef73e2eee59a5a9f4b,1,credit_card,1,153.64
d5bcb8f80071a67b57f191f45f7faf88,1,debit_card,1,51.42
353d55a2666dcbdf3f003513deacf875,1,credit_card,1,77.75
9c42ac16775e4ac28e09a13003f10eda,1,credit_card,5,57.83
7280e73216120ebb4358a41b3d947e5e,1,credit_card,6,96.05
9d5d3058706c16d0557d9b43c95ed70e,1,credit_card,5,246.03
d028a64c05f08a92c571f7c90337dd1b,1,credit_card,1,20.86
531e665dc22a8076daa802634cebfea1,1,credit_card,1,87.82
504779028c4065be89d73e2b2aac60e2,1,credit_card,8,595.94
f53eae1ce47dc68e8da117dd0d7feef1,1,boleto,1,85.6
14066026f08d98c3316b5b8637282529,1,credit_card,2,23.02
3e01278f6cf7cd9f094f320a1d2a8e5f,1,credit_card,5,58.73
e3c4b2d7022588a02583a79b3f405632,1,credit_card,8,89.25
d385135903a04968ff911a2a1c7c9188,2,voucher,1,50.0
4de6fae240d7acb7e1a830665d941ae2,1,credit_card,1,49.42
785d9cc9690385fee964390cf2038b17,2,voucher,1,50.0
08bdbdeaf1626720051193300f93806e,1,credit_card,3,273.68
0c94cc21548a77ceded09a70fdecc700,1,boleto,1,77.75
c518f5624cc7261df143c155e642a8cd,1,credit_card,3,82.79
74bbd58cddb2228b26c9c73ea8b4d9e7,1,boleto,1,31.42
d20a75098caf1adc63a3792b3b3e4e89,1,credit_card,4,80.08
d3cc6a0be5a659e6c515010d99e9c335,1,credit_card,6,245.68
b5685de8123bd5d22f75055f38b6cf7e,1,credit_card,3,47.68
063a0b076f63cb908176d8c1cc6ec049,1,credit_card,1,128.88
6fe2b9f9ac8f2962d9278c7ab24d08c9,1,credit_card,8,180.02
370e2e6c1a9fd451eb7f0852daa3b006,6,voucher,1,2.16
cc295a32e72e4ebe54030c6ae3f75066,1,credit_card,2,160.8
7dd1b130c9150c4343cfead610733da0,1,credit_card,8,218.04
69d126e78947276280838ee9361f5505,1,credit_card,2,141.52
179643231d5131dc81e54ce16437972f,1,credit_card,2,164.15
c40ef1f09f4ba772a63865df0274f6b8,1,debit_card,1,375.82
f9a14504eda279e33148ab16f0b231e8,1,credit_card,5,50.7
35ed502e9353c59c2e4b347c901e2b25,1,boleto,1,27.02
c8efed385881ed6ba56357b0d20a1e46,1,credit_card,2,187.91
c7b067d8096220dcce7d81962a34f8ea,1,credit_card,10,166.61
94bc8ddcff97b273c27ce96992e0425d,1,boleto,1,352.98
5ea864dc83713a8c9909dcd573d411fc,1,boleto,1,95.57
5239b7862883513b9ddc014d83eeec42,1,voucher,1,102.92
9630f4af52c269bea30409c275052f6e,1,boleto,1,62.51
31b639279dcb50e0d972f6543481e2e0,1,credit_card,3,145.48
b66836a7408ecc382cdd4be702060220,4,voucher,1,486.55
3273805a17a78c15811a6feb489662fd,1,credit_card,3,737.04
474565221e00d78e3862cac801247772,1,credit_card,8,188.38
ccfed22516d5e4520d1df318959b309f,1,credit_card,3,245.68
4f55eae15690f1956ad981d54a08a22c,1,credit_card,3,83.65
95e7bfc2e335e44766ce4eb5f5771e30,1,credit_card,6,79.02
b5218d83b7c9bd571babdb7edffe6e02,1,credit_card,6,62.37
9903b060ffcaca9244088e1f834fde2e,1,credit_card,1,65.36
d496c7682d606e5b5e371b47849d8ad6,1,boleto,1,127.42
332ca38a4294471ec2b7ebbff5275d23,1,credit_card,4,40.7
c28ccf873b952bc98490e627a34c60f0,1,credit_card,8,136.52
26ba6dc5d33b55a3107a56f4e8d77395,1,credit_card,8,146.51
ef08f51be577a5bafb5749e93f102591,1,voucher,1,125.8
496c7edde87a9059e9887b3f1fc62523,1,credit_card,10,814.3
40bb654f08a089c46353cea13d590ac9,1,credit_card,1,39.42
8c4cdabda1d5bb51b03c8f034de4cd32,1,boleto,1,69.56
f5790c25979b0fd6a9125cfd745689a7,1,credit_card,10,219.84
83f6cb8aeb5110d722e025c724011f06,1,credit_card,1,461.51
281962853c1f4b3b4ea3bed6e4647759,1,boleto,1,146.22
b41e372c4fbebabe98c8f611039981f3,1,debit_card,1,35.86
cce2ceb2a8ee779a15975a90e6063cab,1,credit_card,3,127.84
4c0516313f88337aef0820e61740d726,1,credit_card,10,187.52
93801c56104b64db4270541adeb26697,1,credit_card,2,160.18
3dcf2c01583e72e6d43ea642b44274b5,1,boleto,1,66.04
b2728d138cc3cebb796105eedbb4784a,1,credit_card,1,49.42
1abe41acd810d11da1a7ba7776728453,1,credit_card,3,55.85
64494f7ab58005aa3e0a940357fed9dc,1,credit_card,1,138.5
4b8f98e50ffa9c1b021c197d39c58bb2,1,credit_card,3,205.81
962acb5668d26068e35cc8c6f7f65e73,1,boleto,1,114.47
3e555879d29880ec5bc189b44a6d77fa,1,voucher,1,50.96
2a3007ed051b02a0e0dd0709c0ec9cd6,1,credit_card,3,129.47
5000591796ae43a6d7638ee69e51ac6e,1,boleto,1,39.72
ae16a4774354e48d2a9a8c43c685b30d,1,credit_card,10,353.53
50a980068f11953231ad1d03fb1769b4,1,boleto,1,35.79
c812c0f1cdbb156865e2d5e0ee09ee5f,1,boleto,1,60.95
32e4850514b64259da5068c747ace2c2,1,credit_card,1,42.42
82f1ef1e66fd6c8297a78ba0ed3a570a,1,credit_card,3,81.78
6cbad422849c13ec8f4517ee01a6c02b,1,credit_card,3,50.24
4aa759af4b1d00704872c9858f500702,1,credit_card,2,60.86
4a3c3165d36ab4ae894bebc33c199af9,1,boleto,1,45.86
3faee37f445b155df1e106ec29732510,1,boleto,1,35.01
013037c3f1773cc8fdbaf8ff54d8013b,2,voucher,1,22.93
d61b915b69851aec8a8865f36cfd793e,1,boleto,1,81.78
435776d6cb482a197e1300c0d7ec2312,1,credit_card,5,385.61
7b76996a441de2788a09b987c34e477e,1,credit_card,1,30.86
ea758df7f35b0c9481727b5430b21f85,1,credit_card,3,117.24
19b458c5801e5fc6d67e6cf0d61b98c4,1,boleto,1,101.92
64307ceb91666760cf3ff463618302fd,1,boleto,1,44.42
2518a3eb047912b58514fc2f405ea73a,1,boleto,1,84.65
ffba9bdc3f52eb0c4e3bac55391f706d,1,credit_card,2,164.1
b6e796ad8c9c44fcd24f94d0068f4868,1,boleto,1,30.04
4cc5e60f36ca3bdbb07ab8a3c490e15d,1,credit_card,1,69.31
3629454fe243df9fe9b49babc52d98e6,1,boleto,1,714.91
86c0e519ffee48220503670fac236e1b,1,boleto,1,74.07
4688d8a3d2db532497201af1f0f69376,1,credit_card,10,433.07
a12361dc52836f98226e3a57cf3569bf,1,credit_card,2,62.65
6abc9d4c7489e1be689ad1f068af8c31,1,credit_card,1,32.62
8347204e1ae41b2ad30899fa41a0a889,1,credit_card,1,92.43
b200a7390795d73d9b7afed1d6dce327,1,credit_card,1,35.34
16c94c833d565079bc2b35b78a99b3e7,1,credit_card,2,166.74
abddcf171f361ed313e1f191d71d046a,1,credit_card,8,483.56
2cfe487abef71e655486b036f6c89636,1,credit_card,1,44.1
9bed4ab223c0c29b12941aa6a1e524af,1,voucher,1,128.62
dffe3c3fdb38dd7ca56eb98408730378,1,boleto,1,329.43
e5f16a228606870d0afa65439fa90be1,1,credit_card,8,170.3
f1cd0985b47da7ca656177c7899c101d,1,boleto,1,57.9
4e4bb6dacb3e7da91a40dfc6efcf7ccf,1,credit_card,1,121.33
95a08547138ca5fa14fae54639939af6,1,credit_card,6,142.21
cf2025217f63100bdc2328402c3e2b1c,1,voucher,1,44.98
f1f920036ae5e94e294eeb5bf898b9d6,1,credit_card,1,49.51
ff9150d22b184f4491b6732e1ca8d81e,1,credit_card,3,55.46
3f3f818c758f0f9ed76a1d49d8d7e6f3,1,credit_card,3,38.79
d4a3bd4ef8590f7923183b70e32326d8,1,boleto,1,85.25
a0d990f7f9be3dd72d97e7660edaad52,1,boleto,1,363.74
b66836a7408ecc382cdd4be702060220,2,voucher,1,195.38
a304822264c42e355a3235fa2395b018,2,voucher,1,100.0
315b9425e90b7a5012b6da9d68641e1b,1,credit_card,1,60.33
df8282afe61008dc26c6c31011474d02,1,boleto,1,139.96
0cbd2aa629e9ecbbcf518a10e247414f,1,debit_card,1,365.1
bc7401d98fe2814849de2404e3ebd9ad,1,credit_card,2,116.0
38173930252d680d26301b01fbc43de4,1,credit_card,1,57.9
a67f2f8a8a684916bd58ae4f6f2a4507,1,boleto,1,123.28
129538e4bc7308e9ab041540283813f2,1,credit_card,1,29.95
e70ea1b2475bd2acbff5e2f7f8968ca8,1,boleto,1,223.66
3e6ebaae08b8e1811e855277cdd27f23,1,boleto,1,30.55
0b8dbb26699a171be239666299d2174f,1,credit_card,5,68.7
ec5c62e3694f59fb2e2694eeea5efd99,1,credit_card,4,140.98
c1084cac215df4bae739b489d0b95a3e,1,credit_card,5,246.5
7f5dfed48e701a5377de885c64a99aff,1,boleto,1,20.52
c8350e245c8ca4aa481b246c4afeb1ce,1,boleto,1,147.64
1299a512fc464f808332d44a0e73f367,1,credit_card,2,120.97
b79b99c7a06889c62cd4ba110e536b12,1,credit_card,6,132.41
6b6d54d84ae9ab17605da7cd9c335394,1,credit_card,2,423.06
f4a291980c5b03cc5d41ced6b0407be3,1,credit_card,3,36.64
302b396fb7309dff006052b6e42d6257,1,credit_card,1,48.68
513d0aea6e84d49ab30dda9ab70053b1,2,voucher,1,32.67
79a7213058b523bb31b7c6c53add8159,1,credit_card,8,564.4
6f4a1ccdb6d8b5f5249737581a50b1ea,1,credit_card,8,190.54
72d962900f248fa642ba065e45756455,1,boleto,1,333.63
e907255f506a65069535f14d89a5caaf,1,boleto,1,33.51
031cf625cad56f5761e51c2675f0c0ae,1,credit_card,6,81.88
ac7204e1893dcaef40c01c2616987fb0,1,boleto,1,26.71
0d6adc89d2a26a9691f972daeb40f165,1,credit_card,1,68.55
08662c478bed0444d0515925af759547,1,credit_card,5,102.92
d29d63928559ca53630a4e064a42381a,1,boleto,1,124.18
c3f522e0d16a23140f0fd5a49f89a4cc,1,boleto,1,45.86
b85b06d0ae4436e17303286ce75dd4b4,1,credit_card,1,54.52
b8ed3984a255598afb99a0ee70c3d45d,1,credit_card,1,78.2
1924766ffdd4d4a99d7a138edd875e38,1,credit_card,5,464.78
31bfcb30bb17876d402e178810ac042f,1,debit_card,1,95.22
b80d00e60a179d02f242e3f420023c78,1,boleto,1,118.03
74fd22110fce99b893b31cada7e2c3e8,1,credit_card,1,47.3
9f495a88e6454713d2963970d7a119ed,1,credit_card,1,67.53
a4fcc7fbe8b6b02b25175965c44780ef,1,credit_card,1,49.51
c628feb26c9b967296fcee33fbdf2fd1,1,credit_card,8,479.96
2d870e500a9ffcb5c5f0723f198a7e21,1,credit_card,4,363.75
b4fc77bdadd28d0ee631208831bc0d49,3,voucher,1,21.0
983e16bfbe23e60f23a6fcb9c4792204,1,credit_card,10,184.76
88ec527e87c2fbf8327c97669112d15f,1,credit_card,3,216.51
5ea0678e7b34c19e5ecbcdf8a3eacea2,1,credit_card,1,10.71
4fb76fa13b108a0d0478483421b0992c,10,voucher,1,1.3
50afe29220be2f02604b5cbb9e641f86,1,credit_card,1,55.05
d83706c29baf36eedf5e8adfb0da304e,1,boleto,1,43.95
0b888bf3da7f8e0586d742ecbff15fd0,1,credit_card,4,99.16
0f97133226253ab3a950e71d636a957f,1,boleto,1,41.51
bc52c0e67c00cdbba3a7b62d70979075,1,boleto,1,75.62
67937bb4e0c9a4156fe47c89382d33e7,5,voucher,1,0.27
82afe7cfa91318f49e01765796e93377,1,credit_card,1,59.73
283a28089024b597c5b18cfa50e0a701,1,credit_card,4,208.17
19ee33bc4d781b94196719ab012adc42,1,boleto,1,334.95
e2dc8a03b3380b3a3fa8c7e175e97688,1,credit_card,1,81.78
1863ea0df317ace17a6b6021020c2fd8,1,credit_card,2,50.86
ef69d6f02be07ca6809eb8262e293157,1,credit_card,4,269.22
b096dc568c99f644a9b4450068053521,1,credit_card,12,123.44
920681fdec081e8ec3281225dd17487c,1,credit_card,6,134.27
90b00232483dfa5795a3275e522555b7,1,credit_card,5,412.4
97a046d5a9aba90849e4279fdd014fb9,1,boleto,1,56.91
71affa9afa826434e902e5b89e32271d,1,boleto,1,197.31
854d9f86041d38857c38795f8c133494,1,credit_card,9,720.98
c208db5638f7f1cd04d185856852f864,1,boleto,1,58.95
b6d9ea292226815b57dc2034dcc70a91,1,credit_card,1,61.08
5b771e035096a0cb850e90ee9f28f8b5,1,boleto,1,79.17
76f365ea86277e79c94d5fd3dbc1db80,1,boleto,1,317.16
0260b4ed1d24feacffa9d9783016a467,1,credit_card,1,75.53
0e0d0113e6a6e1dee034ffae4c3fd225,1,credit_card,15,154.14
0276bd1aea24c642af813980281af144,1,boleto,1,179.48
6182f426bfaf3fcacda874e7da0a7561,1,voucher,1,48.92
d66cc5131251a9a5e42c649631dfbdaf,1,credit_card,5,128.62
bb25059436e00953081ab3e7429fc03a,1,credit_card,1,26.71
707641763cb64b52140f74e1389d0f10,1,credit_card,7,367.76
e14f99f488bd5610101ea33be3ce33d1,1,boleto,1,79.52
ed7cabc96de8c36774b894e98aa73dc2,1,credit_card,1,23.42
8ed4ed298924cd3a04016d50a5751e88,1,credit_card,1,32.68
e985dab0862fa067f40e4c0d54a7405f,1,credit_card,1,48.32
7c7b50bf10378ca615ca44f0413bc73b,1,credit_card,3,214.46
ecb3c47121629f6c378f25a3185b9283,1,credit_card,1,519.4
52586b1b9916f51d8bf0d76295da9f6a,1,credit_card,1,61.46
f7851f9eb3d5ff0bee53bae976c77c8c,1,boleto,1,38.64
8810a5e7c83bd0f3fd59dec5491fbb2f,1,credit_card,3,169.14
18d4a70e332d1cba03d4bc1530aa3df3,1,boleto,1,123.34
4d86c229336b1039a22133f90763cea2,1,boleto,1,87.51
85aa425106ebd563ef29f08d6cb0f4d0,1,credit_card,2,101.99
ca59a12c00e1e5fd88c42789115fb8d3,1,credit_card,1,157.3
f726f658e548a5e6e7f2c8f4ee47d73f,1,credit_card,2,338.83
2bafcaecb60350e62797b7bfd0fa1e54,1,credit_card,1,143.06
4d3144d146f15c73378b715f90be85b9,1,boleto,1,147.64
fe8f4055f38e22b71472cea8d0d2ecbf,1,credit_card,8,689.63
a7014e8529a3c8fb841862e33476d9fe,1,credit_card,3,127.5
b68feda578fe41870ba7a14082ce03fa,1,credit_card,1,82.02
d8873f1bbe5dcb703bdb0aee14aa0948,1,credit_card,2,105.74
cfa77ac0694c1a3fca0789c087b84411,1,credit_card,1,63.52
c86abff82c66f9db0bbd012aba219921,1,credit_card,6,66.47
12e5a909c18964acada1ce9a760d9afe,1,credit_card,10,1620.77
10889542f25363f8b12b679fb7bba35c,1,credit_card,8,670.7
c5119bb429cf05b928aca27cd9e62cf4,1,boleto,1,89.19
9372445ddc10678e804717702a911665,1,credit_card,2,53.42
cdac2dd3643b01d8c79cb8bb30998c6a,1,credit_card,5,54.74
cb2ad554e5c2af7151fa9b324750df29,1,credit_card,3,34.42
c050bbcc027f638bdea34842450ed4eb,1,credit_card,6,81.31
2f0bf599e06ae4fcb639c0acaac2f0ee,1,credit_card,3,38.32
7bd694d5531f148d22a89b11343e1d0d,1,credit_card,1,67.46
ff7f5fd520c590ecb28347614bf26ae2,1,credit_card,3,173.24
0dafd5ada8ca38b3cdd30cb12a6eb18b,1,credit_card,1,79.03
345d632f9fe362bd4f152e75f5b95128,1,credit_card,6,126.34
dbb0da1abcce904dc52dd60ae31d5c12,4,voucher,1,5.52
f9a8f148429cc3e0ebfc426bf5f7299e,1,boleto,1,125.79
c19b500110bd90179ac1676ebc7c3ed0,1,credit_card,3,42.46
06544096bb7077c0f701d0d6f660e11f,1,credit_card,9,95.33
d2176b03a3d39c462bb88f935ea12fb5,1,credit_card,4,42.68
3da82f366802e4512789763543d67ee2,1,credit_card,12,283.93
22b7dd604ff5725df72b4245777f87f7,1,boleto,1,113.76
0691840826e5dce3ddfb305ab26bcfab,1,credit_card,4,101.19
410ca45d84f47d06fba1e4476a10b392,1,credit_card,8,907.8
ab37ec75cad1f09d8ec5c5a4228eaf50,1,credit_card,1,39.42
21b97cd3f3ef1ede9e0f4e56103a476c,1,boleto,1,114.79
2622673a1a0575cbc8ad8900214a7c4c,1,credit_card,5,259.96
2573400a7beba401684ca3eca5e38936,1,credit_card,5,154.14
250feacc914cfbf84cd0779fdbbb785e,1,credit_card,7,131.12
ed399d00352208424bcb1d007f75038e,1,credit_card,8,417.0
eac9fa296664c0f38ee19863c7346e32,1,credit_card,1,43.0
e934b2954c4889c8f00365ddf0ca9256,1,credit_card,1,54.06
e32f175b8e3e4f572ffbbf921f49f2db,1,credit_card,1,27.71
1e8ff8bb172260d3d1b60936246867e0,1,credit_card,1,28.11
4b4a6837149161d336cba6c3816f376e,1,credit_card,10,123.25
a48666b91822bf899e34f73323d5dc37,2,voucher,1,35.0
a6cb31bb597a9d756e3ee474b89ae272,1,credit_card,5,54.93
f09b179b5803265142d7de8614234125,1,credit_card,3,30.95
58527ee4726911bee84a0f42cdd797c1,1,boleto,1,179.9
3e902e82bfbe40d0e2299bdbbf8af8ca,1,credit_card,3,147.52
c7ab73e7c26ff800c76b703fae63c467,1,boleto,1,111.37
e21965e5414f7e165a71649e68030100,1,credit_card,1,40.42
8cca0783e72515e0e98435af620e38cb,1,credit_card,3,187.47
1c0ab2d3364599a25ffdc198391784a7,1,credit_card,3,62.7
8990fa8dd3adad058811525395f09bc5,1,credit_card,2,158.56
8d7e1e66103b85e9ab12cb65dafdf0e3,1,credit_card,6,187.47
7d3d0586319a920f50ceec0a5a9eaf55,1,credit_card,2,211.56
134dd47f025f4b13cd82ce9e771800bb,1,credit_card,3,133.03
315ab79b5d15b5e9304d729579d36a42,1,credit_card,3,34.86
a17c7cad1ce274604db62cc3d2def2c9,1,debit_card,1,161.05
02b63408e665194f2794a94576001e56,1,credit_card,1,239.75
9d9e1b9930eafd4cf6f0cda424888864,1,credit_card,1,91.72
b0220dd81253d8ca2c9dd8be8caf49b5,1,boleto,1,28.95
8d91588bf6ce83db4198f80c56776af6,1,credit_card,3,550.26
f22aed5c774f9d70037e26c5a4b691bd,1,credit_card,3,34.42
73435a60acd2fe1260eb7bb6587465ed,1,credit_card,2,111.96
28c1a3d568f61625f9e85245db020568,1,credit_card,3,189.04
9074c0d9543d2c8d13c3c99b15ddfd55,1,boleto,1,140.51
0679f01b97036fd74d1ee72a23c45426,1,credit_card,2,128.88
330ef8edb124bf5c3b94880749245bc9,1,credit_card,6,129.15
b89c3dccabd368d8a4b6778c1094df6b,1,credit_card,2,106.43
317ae4dbfc62c822d3176c9579b6fcf7,1,credit_card,2,36.64
2fb597c2f772eca01b1f5c561bf6cc7b,1,credit_card,4,345.15
dff1e9a517d39b940f6424c3fdfdbdea,2,voucher,1,45.98
ab99e730d7d27b4d197f5cae9303170f,1,credit_card,4,46.95
b924118c3a34d6bc9287362a7dc8fbc6,1,credit_card,1,75.53
39fdb37dae517d0d4185d590337aff82,1,credit_card,7,171.63
2576b4cacdd8011f190642f9c42d1522,1,credit_card,1,48.95
d42c3af33e0f04b3d5f012b6559e70c9,1,credit_card,4,104.7
debb380bff081efeb2ff173f8920ed04,1,credit_card,5,51.64
cd302f435cdd4b5fa4775e9f6243c74f,1,credit_card,3,150.89
26de0ad903879b7f28b74d5f60426198,2,voucher,1,33.15
f74be888995a543e2047e942e08a9960,1,credit_card,1,48.79
1617449e333a6b58fd912b6a4f25330c,1,credit_card,2,68.45
00fb278a99144cc1004b3ed1452ff5e1,1,credit_card,3,30.95
ea2d31e30ceb1d603ab8db32ab4404dc,1,credit_card,5,97.99
a96417d157bd97f6b47643a7ffbcd8dc,1,credit_card,1,163.87
4692a9af537563c6a43b14abe7bd951d,1,boleto,1,81.78
31a606477f15f8ff5f8417bb46f83a5e,1,boleto,1,49.96
a85429530fd3281381e34d128b357d91,1,credit_card,3,222.86
34e2c492f1b85dc6866994a37cf69ecd,1,credit_card,8,159.7
2567c0e99db4aabbc90fedb36d8de1c2,1,credit_card,3,83.9
e56df93227f8b483792fc4571550b4a8,1,credit_card,2,167.85
b10bb212c9f36af4c11fae51593de14d,1,boleto,1,97.11
9af8448f626289733ce1337988c420f1,1,credit_card,6,101.78
950743f43fe08f99ad01903a8cf538fa,1,boleto,1,75.53
fbe14dbea1cdcc16f5709ee80b0fab7a,1,boleto,1,52.1
5207664bb97d53e5e9cdfd0163380e2f,1,credit_card,3,266.96
055d54b48c1c7292933cb2e27f73ee81,1,credit_card,4,41.64
9ea31bc786d569fb961d6aca5b8ac618,1,credit_card,5,140.91
370e2e6c1a9fd451eb7f0852daa3b006,9,voucher,1,6.88
44cdca8bf38481139be54d6defa74a02,1,credit_card,6,180.31
b0818558532a035f032bf55d07371d16,1,credit_card,1,143.48
36e6b99ba54c4963136edbf31f33d781,1,credit_card,3,57.08
a07b30a459f83015fb2927d732e20943,1,credit_card,1,118.02
6e4851de3a0a02ee3f21958e7a3a9fb5,1,boleto,1,150.72
27d100303d20caf196f550e504ba6240,1,credit_card,1,83.24
c6492b842ac190db807c15aff21a7dd6,2,voucher,1,19.84
9a9f1de01133b96fbf25026c036473ef,1,credit_card,8,89.07
8bbcf79aa902bcc50716a1d94ea9434a,1,credit_card,3,427.16
2d3246c68cbe85d64b652f4ff3848de2,1,credit_card,2,229.22
8f909d2a25c1618219801a24a48871de,1,credit_card,4,362.96
57a959471d822333138826c2694ea6b6,1,credit_card,10,192.56
c55c37eaba6a4d19a6465b0c467010a8,1,boleto,1,322.56
7aaffbd34cee1970afc42ae26489ca31,1,boleto,1,104.7
f3586031611f21667ec4fdcd6a42c175,1,credit_card,1,54.42
d0ad497b0a295331204a39fc13a6f70d,1,credit_card,1,80.05
1afd8ff2dd513d0b66ac931347fd264d,1,boleto,1,25.51
1d03ab3055cbeb857235ddc26b6fc88a,1,debit_card,1,95.22
f287fe40c60961ff917acd403b4f19ed,1,credit_card,3,196.57
df03ec17d2389e8420325c36d385dd90,1,credit_card,4,84.9
0ed61f5ab3280ff43b157a6e91942538,1,credit_card,6,403.69
5e444d1399cf9f3de87152edcb0ff8d6,1,boleto,1,90.84
9d7a3ee5e3aeb43589c049d8940e9ba9,1,credit_card,5,74.49
41827e4e8d543efd8589dd2b2578c1d5,1,credit_card,2,117.12
953a453190f96f0f32ea10b03af65a08,1,boleto,1,97.9
707109d106f57a298c6d726ff59fa324,1,credit_card,10,463.75
ada32a7778f9bfa7e805008da5f02d50,1,credit_card,3,658.3
370e2e6c1a9fd451eb7f0852daa3b006,2,voucher,1,3.72
4b42f2dc682eee98b86ceee2fd9876d9,1,boleto,1,43.83
c565668594ff62ffd95ef9f06d90742f,1,credit_card,3,64.42
6de19838b042f2da59ed21bf294b91d0,1,credit_card,8,166.78
8e36e939fc7a7d7c54d2dfec4e37190c,1,boleto,1,247.02
29e40e2efb1493c943466c5e401d08ab,1,boleto,1,71.71
710b77f06bbd6da0be12265c7d1d5911,1,credit_card,1,82.7
b7f97dd69a3cbc5d267392f48834d602,1,credit_card,2,28.02
1f308a202c015c950d2a8562bcad7903,1,credit_card,6,97.2
674e1f5ca0441058cc7fa110cb4f49eb,1,boleto,1,65.98
3975795375144bc36a85de24cd441b21,1,boleto,1,184.84
440dd5b80f076b3133c25e668e4df168,1,credit_card,6,206.76
8b5a08df8e19cb41fe82bc319d30e0c6,1,credit_card,3,300.25
9557c06b25706a833b8edf4783ea5661,1,credit_card,3,144.58
ef118656ef537afb61840ff77a86a067,1,credit_card,1,176.75
c6492b842ac190db807c15aff21a7dd6,8,voucher,1,20.17
6889c740bbcca162beee27a55cbc56f4,1,credit_card,8,198.45
dc7a419b3cd13b51c38ff9442dfd4009,1,credit_card,1,76.11
c94afbac001c0b424f8ae04023a476b9,1,credit_card,5,478.33
843a1e7a744e7d107ee80b65be5394d2,1,boleto,1,39.39
df639e770aa7ec752ab42c21b22ec3f1,1,boleto,1,41.3
f4ebe4ce4e9765df6954a4fbc44ed37f,1,credit_card,1,98.74
14bc69ea319de2d00a2d781ecf29df42,1,credit_card,1,39.52
189a789106a7456d348ba7ebf920586c,1,credit_card,4,205.49
17fd242bc5402e221bb59a6efec0f397,1,credit_card,1,81.78
7dadec0b94237bf94991c9e9af701f5e,1,credit_card,3,141.1
d5e91ef44fecb8ae4e1ce8e51cb17818,1,boleto,1,100.7
b23eb2ef586c84a977eb1bf118ddc81b,1,credit_card,2,66.78
b88bf712c7aa1192376b4dc5bfadb916,1,credit_card,1,27.71
911cd0cf037580ad6a00dfd5690bda12,1,credit_card,4,425.2
0f9d568730bf125dbbfed4fc655ff91a,1,credit_card,10,284.71
f3cd6fd2bd9ec528bdd3a45d423636b9,1,credit_card,7,78.91
1479096c26c6fa5150e7b39fde03d5d4,1,credit_card,1,50.86
3f63ce07f0fd566885c47bda7ad3c3a6,1,boleto,1,82.06
ef8e8348ba291917542268f900fac505,4,voucher,1,76.66
ed290fabcd8f57622249dcd888cb4ba5,1,credit_card,1,319.53
59a1c1915aa1c7382762e3adae5f0877,1,credit_card,4,222.77
8024bee268e76b6cff9da86da00f1490,1,credit_card,1,28.7
4282e2353bd8baa7836ea3395663404b,1,credit_card,1,123.25
541e38b8cb17dc622161e1e475b308bd,1,credit_card,3,118.9
217bb07ca5be930bc84e050acb4817c2,1,credit_card,2,29.51
42e8893e9d0399ef8df568bc6bc24f21,1,credit_card,3,110.3
cd7d5eba4ca59e359249279469aa4f7a,1,boleto,1,165.21
20f837a22a0326636f941c343fa912ed,2,voucher,1,29.07
f9651b358b6d207c7bd6c83078948f27,1,credit_card,3,315.79
e92dbc16b2df28e1edb1d957392cca07,2,voucher,1,33.49
0e66c646ef5d6364215ef15b3826c4c7,1,credit_card,10,410.56
63ca01852c1563d1f998648d8d9a67aa,1,credit_card,5,149.02
a376f17ec68dd516869482e28ba976b4,1,boleto,1,80.75
1ca238d5d47be7f4da4d8d22f33ed7ca,1,credit_card,8,703.29
545c329642c609a7e1e3ab759eed9dc5,1,voucher,1,132.13
37291588c0c8db280d64f1921165d811,1,credit_card,1,29.51
4420cbe16c262f724b648cd1294c88b6,1,boleto,1,407.04
e32eb573740a87c938b90b290605b617,1,credit_card,3,75.63
5bb65b26f2c6eb5d049658b9aa4b72d3,1,boleto,1,80.95
56c26c7e1d2d600fc5e6a4a6b0be3aa8,1,credit_card,4,75.86
18323bf515bec81ec824b51f618d2429,1,credit_card,2,113.08
ab275e2c1b924e6f63d5edc630a56262,1,credit_card,2,126.42
6e68e16808c71dd5b138917fee48bce0,1,boleto,1,175.39
9a0a3c8bb7bb3ddebdf16f8df87d7e18,1,credit_card,3,86.61
0c65b54ed2c147ffd0092eb2308ee63d,1,credit_card,4,61.1
b65a9099b9f6617410e0f5fb0b9e1fdc,1,credit_card,1,45.86
3e8a0bcdd82e7d0370f54bc991291d82,1,credit_card,5,305.69
64c62ba0c1c347994fbc56da00ce2dae,1,credit_card,8,176.88
f92d165e697238dfb823e7ad27b9ba52,1,credit_card,2,61.64
ee11405a850edd187af2fb6e1771bcdb,1,credit_card,4,157.94
e13177c5e11c2a87dcfd3e87529664cc,1,credit_card,2,23.86
bd80efb9eb7bbd9c465bd5205d6a43b8,1,boleto,1,68.74
c717b33977b903c18d81f8ee220ca736,1,credit_card,1,66.47
9a7a3e7bd7a7715213f58e05dd999824,1,credit_card,1,37.86
f7667bdd9bdb0953511db7d56f25865c,1,credit_card,8,101.14
2717f4c53530f00ede208ee51da3c3ee,1,credit_card,1,34.71
52cfb42088bb202a56a77b48a3051baa,1,credit_card,2,81.0
1c7cb97df72bc6c604e6019104e2b2b0,1,credit_card,6,78.47
4b0a33a52d3bdc952ebd0a2c5df9775b,1,credit_card,1,2.09
d9a5a59c426cd6aea06022b9965d5e49,1,voucher,1,45.52
923452229b8bb09c9011ced5f73a0893,1,credit_card,1,30.51
17ff863d51f7f8ee2c9dc76413c43b54,1,credit_card,1,139.02
38c529a4eb301fab3df50bd0e3c0ecdf,1,credit_card,8,570.88
c33c6f0573546babb3f2ec2f6c1a7825,1,credit_card,2,129.73
a1cbe609c42dfd019719610eab787873,1,credit_card,1,285.11
b66836a7408ecc382cdd4be702060220,6,voucher,1,43.55
3decae904e0d1597367e65995c3f20b2,1,boleto,1,47.72
5bbf247f8a09d52540eac6e2cddd62a7,1,credit_card,1,64.42
eb72f50f943d8b05355b3e50cda1892c,1,credit_card,1,194.0
2147876cd801aed5f273ba360d0960ac,1,boleto,1,33.51
71269bfaff77cbd93b48e1dc0f548f69,1,credit_card,1,38.11
ac11d10a9d24794506b10133391eaf2f,1,credit_card,9,93.04
0f9ea2184ab597f17a8705fc0bb1c9e4,1,credit_card,4,117.34
9ea0a40497073e1fb4b7e78c1df24073,1,credit_card,1,126.37
6ed584543833dc37e292f333c63778f9,1,credit_card,2,206.53
2f7b0d36ffcaf0277583329ded34c97d,1,credit_card,1,72.58
5fa652d6a0d79befbb256a3a2883469a,1,credit_card,10,181.98
6a6aab31a11f630e4907ec3bb0ac8958,1,boleto,1,139.42
0cd93455c51655ebb590c07a06d584a1,1,credit_card,10,191.56
bfca565035711cdb02880c530c383872,1,credit_card,1,60.92
484e00a4ba79a175cd91af90f5656055,1,boleto,1,75.53
65dfa8121b10dd8bbb055a2afeafc9ee,1,boleto,1,64.52
6794ab5374144f767116f479c562f7b4,1,credit_card,1,43.86
f09f067e8ad2f131f31e6394a71b48c3,1,credit_card,8,137.48
ace8653b9b01a6d0347aa993f8e9b0a5,1,credit_card,8,88.27
49647412596db97b7d3b1b7140d380dd,1,credit_card,4,196.99
5b9680f27b5067afded00b23f9cb4d61,1,boleto,1,29.42
b3311a70844e97acd4e111dac452a341,1,credit_card,2,130.25
7a76691d8f0fed490e0d88bfb803b8f0,1,credit_card,1,115.9
66c6a58505e03067481f59a56fd5b362,1,credit_card,4,92.12
b07725548a706259d0cbc2aeaa780e18,1,credit_card,5,57.68
8be7e186574461ab90c1674973c58b12,1,credit_card,1,20.62
e7da0ff2cbf2eeb09296e1df48925afe,1,boleto,1,131.05
f63534bddbd95cda0a1f281a1994a1ef,1,boleto,1,39.42
a99bed70b800227cc293174945a645e0,1,credit_card,10,192.41
598ec4891be0ab0e8c107105b43e2944,1,credit_card,1,115.42
0eb43791d78d71f1098d5cb2b46e4c7b,1,credit_card,3,263.1
2425bfa4b884a961d340ba2616f3be4e,1,boleto,1,148.76
d4de6d0debe2df72c4ccf399d9a7acaf,1,boleto,1,130.46
d712c9d57be3d48a79c033437994908b,1,boleto,1,204.62
c07546f624fbc5344647263c545f8af8,1,credit_card,1,163.27
28f0558838bcded1adf9bd48f1bdc457,1,boleto,1,229.9
8827d3e138a6edf9b81dbde93443d285,1,credit_card,1,34.52
3c415210065a46fd831a05ef3fec9639,1,credit_card,3,176.23
690fcac48556995b83b79610b6732288,1,credit_card,4,295.12
c350d0389112a86be9f3802b560764fc,1,voucher,1,44.42
29a2291d6d805fb5ed5585585715b98f,1,credit_card,8,746.65
4b7e81be5da17ae60c44ba5992fac95d,1,credit_card,10,1225.59
0f463923e58ae2578bc70e3083b98e93,1,credit_card,2,217.72
e24373f05b66f5a4b1e9baf8ce94baad,1,credit_card,7,284.68
650983d239f9c314e6b170ad1d41c9d3,1,credit_card,1,78.46
26ef05ca1105e34d67dfaccab65e1100,1,credit_card,5,60.64
30336ab6f4ebb61a88d9e3188b36739c,1,credit_card,3,1298.1
8782135cf0f7ffe6fb80bf501a37ecd2,1,boleto,1,34.42
799be3792f7db4e84ead1a2eefccd1b2,1,credit_card,1,48.71
ddcf5361d96d9fccf2ad351bfb96a58f,1,credit_card,5,52.09
839c39b7b79ea017a465dd95ba970a42,1,credit_card,1,17.69
e316d17cafee5024c175ba56fc437d56,1,credit_card,3,74.49
e20301223addaf02a0ffb7025259e21d,1,credit_card,1,1325.32
5fb2e82d4258afcb90c79e2e6f0ac185,1,credit_card,10,187.9
32b699ecc034c52511737f616e721bc0,1,credit_card,6,296.38
4fb76fa13b108a0d0478483421b0992c,8,voucher,1,10.04
f67dfbaeb6d5c6188f0aa52aa1634a7e,1,credit_card,10,2168.6
3f3410465f157511bd8a870e53348d17,1,credit_card,3,167.69
7bac1076797839872168be8c0e2b0f88,2,voucher,1,69.94
636fac4217a01ca1f468baf22a52e945,1,credit_card,1,62.12
ad63b1036f777673118b46ace8ac9a27,1,credit_card,2,443.86
e9bc1fcc21b86cf4cb36691f99e96366,1,credit_card,2,31.42
70238f8ef874a547e18e58572c2c9a72,1,credit_card,1,69.45
0d7183df2ed05cf8f239c29d295b0d34,1,credit_card,5,280.68
9c15c036c4f16b07067be66809ad0a9b,1,boleto,1,71.56
989b7ba45085e6ea528e597dafb40f99,1,boleto,1,1350.5
a1910c13f7264ec8e1b32221debcee26,1,debit_card,1,29.51
dad4cbac8f3bc660ef43f4b4d75260c8,1,credit_card,3,103.11
0cb3c0cb279f04b99a10ac141fa8586f,1,credit_card,8,245.27
ac497fa7b396844289feb8bf6c8ac608,1,credit_card,1,98.84
0a0185b8b72cbf2290c3e4218300a61c,2,voucher,1,25.0
340e1daf0ffd056453544ca71b501098,1,credit_card,2,193.4
a68f7b681559723c84a5a758d62be473,1,credit_card,3,39.54
1c3ad9cd29b642c9eca00186785aa309,1,credit_card,1,34.51
c82c811a142105c1a90a09d4fb30da62,1,credit_card,1,136.02
afc0f1669d9ecf0661e3f32efbd2aa5e,1,boleto,1,1284.25
9461cf76c19c4a544a3e384ba1e4fef4,1,credit_card,1,88.92
a245546c993a6f40b013cf1935965656,1,credit_card,1,250.82
f3fc3c963c2854345aac9d080936f879,1,credit_card,3,73.18
a73decd86173a2da359011bebf8e4ac4,1,credit_card,4,106.78
491b3517aceaf23456a3a9cb1d95feab,1,boleto,1,159.13
d529d4dc2eeac6ba7abe986a604d7deb,1,credit_card,1,38.96
f3b7a74389c875b24dbbdbf6aefaca3d,1,boleto,1,139.59
949042a6b24b4ba4b1376ee35f46e56c,1,credit_card,2,85.6
faee84a4283f8d770ea390010415ad05,1,credit_card,6,99.75
c9f32c5ccea32c0fa95474e83d8f321e,1,boleto,1,154.14
925f43c2d4991e4360c5a7435c5431a3,1,credit_card,7,87.83
440dd5b80f076b3133c25e668e4df168,2,voucher,1,100.0
ad7bbcbf26e12680c3f6a5f273235f11,1,credit_card,3,179.72
284b3707cd4351c728d8d59db0ce2c45,1,credit_card,2,88.14
bc4a35f20466a9b911b3b0847021e30f,1,credit_card,2,91.16
034733b9cacb3d55bce1e49c422ae3e7,1,credit_card,2,119.99
6060aa9779c52c46a9a791c79dcc4423,1,boleto,1,69.45
bfa7102f2f9eb8afc761f1eedb37c744,1,credit_card,1,230.78
5fa537c43d686925db746d574cbc2e0e,1,boleto,1,375.13
f7a6a012fe2322e9fae5ad8b10385f15,1,credit_card,2,143.39
4d2e2634819452adb3313ccb5abd344f,1,voucher,1,6.93
5503b14ddf7853393e5acf02e0128442,1,credit_card,5,50.83
f6a08a1ed99bb5b7aac1460a4eb56521,1,boleto,1,75.62
b3fecd6def645344f844fc19117ffcd8,1,credit_card,2,98.79
a0e645abd6eb15b02cdf8a5af28ba8f0,1,boleto,1,41.42
c7b0be5584c50efa8a9d95d3eecbece3,1,boleto,1,1826.07
6b38e49992a77d12586e9cc2cc5b94a2,2,voucher,1,39.31
fe2893f4e6b71e79a7aec9c777744a16,1,boleto,1,50.72
ee43d4bf4491386fa4837c502b9c3f4e,1,credit_card,4,139.69
291db84768080eac60e76d9a3ef9d1de,1,credit_card,4,48.86
64fee01b4774a493de37aafa79a3d434,1,credit_card,1,25.25
783f0149c8c49e2539f7a09dc2237b5b,1,credit_card,3,169.92
9f6183228aa32e890cd753d3efab7178,1,debit_card,1,38.95
1768e7971ac449abce2917f608c8a69f,1,credit_card,7,148.98
0922de4af18de92fdca6fed66b34b66f,1,credit_card,8,192.56
6dff5f464df4049f98419b19d120c5f2,1,credit_card,1,108.86
aeef968fdf13e92d3b80306d114ed681,1,credit_card,5,123.27
d8b7feebc9066935b2a7f7002abb4e43,1,boleto,1,42.71
b3158056db07efa2b7f1a0642d5dd1c4,1,boleto,1,265.92
5361ae7742cca11bdce02eba111d345a,1,credit_card,1,70.02
3f97741c29250239ff213d393949f2e3,1,credit_card,1,119.3
acc9d9fa3a265bbc6b3411d5e8c5083d,1,credit_card,1,63.81
da48dc4b67c6a225cba172618417ac34,1,boleto,1,29.84
8aff7f05f86bbd5811e5cbbc9d8002e5,1,credit_card,1,50.95
4165597d98e009aafd51a406a9c38562,1,credit_card,5,101.23
d6d47a77da8f82d0d6d55be296afce73,1,boleto,1,365.98
18ed62e249d4b637b186e91f0374a476,2,voucher,1,50.0
d0d85933667e8a90939ca37947942b62,1,credit_card,1,48.95
141ce9b3c6022301d7fbb3d545e2d2fe,1,credit_card,1,30.95
1ea11b975aea60ca92fa0559184d3d34,2,voucher,1,12.69
7a502e545ea55a7ff2a035abd83c6d84,1,credit_card,8,159.03
5b5ca75222f3aeb5ae3b27547d4d8792,1,credit_card,4,41.64
55adc5cef9556477770f0b858669f8fc,1,credit_card,8,800.0
dd3a0b9a7c4426e4eeb129a68d66b22c,1,credit_card,1,33.42
22543ab72b10fb061808feb20d9e7531,1,credit_card,1,105.38
2e48496fcd4e08d2b2c66ce170c428ba,1,credit_card,10,759.25
36d72a17237aaecbc83158d0270b622c,1,boleto,1,107.27
5037eb441ab49c481fe12cdc8e600dde,1,boleto,1,48.95
001e7ba991be1b19605ca0316e7130f9,1,credit_card,10,213.21
be015610d499d9af10466780adca3472,1,credit_card,6,63.91
deef94d95b5cf9c23e10621ad71a96b2,1,credit_card,2,110.08
598e0b2b828aee119bc59b9fdb2fc1c0,1,credit_card,2,79.99
e869ee66bd99ad6dd1798055c4fe4830,1,credit_card,6,64.74
bfb04781e6dc96f737795a633dfd1b80,1,credit_card,1,79.62
ed95597d2fd96ad370b62bbfc4b6127b,1,credit_card,2,48.04
1bc3ce28b0a3f83481e648fb1881e44b,1,credit_card,1,49.42
e271e657e4d6b7cd8627e5ba90ad3929,1,credit_card,3,222.68
b191545cfb775e72c067683831bf4b0f,1,credit_card,1,24.43
440d0d17af552815d15a9e41abe49359,1,credit_card,2,185.02
5571222bcd19928723500fbf1d62c819,1,credit_card,1,108.06
7bb14a2a67cb178e16ef288143ea56b1,1,credit_card,1,318.44
360f4f2ab1b5411602a11788571c950b,1,credit_card,3,137.58
166456efeff39afc75c0ae8580db1318,1,credit_card,5,73.84
a5b275ada51fc66b482047f159e215a4,1,credit_card,1,60.02
19421ea168a928851f0b465bfbcea60d,1,credit_card,4,237.62
0673ea591e7c9108ba7dc1a5246111a5,2,voucher,1,69.02
92cac3c69ca34e5fa1b54e0fd64de09e,1,credit_card,4,198.0
b8fc541ddf448e0a01b133c5f34947dd,1,boleto,1,50.86
7543a6fd664cf3ced4e8d01d48207a80,1,boleto,1,103.86
44701fee78d50ad4307eff3c630a4f24,1,credit_card,8,367.65
fbff77db5421bb7e1da292db45d07e75,2,voucher,1,47.71
e06698baea08bc0dd2705f763e7d1c89,1,credit_card,10,165.78
d4d98e2a9fbc5e5cf70e61031b858115,1,credit_card,2,136.04
3ffe9f020ed3983733cae2d4b581c27d,1,credit_card,1,82.55
1e2e0bd44283a412e965e041198550c2,1,credit_card,3,179.48
c505a1999c5ad6aacc8339242d824073,1,credit_card,10,945.78
026d2c7c84b97eb8854ca3fbdc6ab840,1,credit_card,8,201.3
6409da66534414b64138b8202ac53bc7,1,credit_card,5,59.11
a4baf825ed3f84d3dd4b6b97ea951fa1,1,boleto,1,741.75
13bdf405f961a6deec817d817f5c6624,1,boleto,1,84.65
949c2f6937345ac501a7eab23b97bf06,1,credit_card,5,56.04
88138c1ad58f2e3eb654cfc1ba222742,1,boleto,1,267.78
64d493ad39cf733d3cc70821e69208a2,1,credit_card,2,194.81
55aa287c6ca17e8c3262b9ef1e12fac6,1,credit_card,10,759.25
c100c80e0f97369fe40a0e99db6f638e,1,credit_card,6,121.28
ace5866349278761370529383b3c0057,1,boleto,1,24.86
4cc275a83d9eace28626f30559570ba0,1,credit_card,1,0.27
cf2025217f63100bdc2328402c3e2b1c,2,voucher,1,42.78
70e6329357c33a4f1c54d27e53a38231,1,boleto,1,64.4
39cb3c161fca712dbe881de9eccfe19a,1,credit_card,6,65.81
57c77ac6b334c14aef111922d59f7177,1,credit_card,8,602.11
78c82a5b34fde0f0dc8d9d0670b231d6,1,credit_card,6,111.08
3cccbe8b35dc583d2b80fc60c72f2b0f,1,boleto,1,146.21
afc1b46f2cb4b3f0d3432cae0af0ea75,1,credit_card,7,81.15
143c703ed417ebaa64077dcdc2c820a9,1,credit_card,2,43.71
1ad2e5e9d162ef3b6c99d6e19f589212,1,credit_card,12,126.18
8f001d0a1562d2929ed759bc04b58fd4,1,credit_card,4,202.13
604cf9b703209b8e0f87284d5aa05313,2,voucher,1,12.76
e9781329bbd9648bc8c210acc30c130c,1,boleto,1,170.67
4b460251c3d2ba44dd61b0b6c3410ac6,2,credit_card,1,231.94
a34ee4377977a9fb56e0f98a503f0dda,1,credit_card,3,149.51
a0b6cb4f5458fd8d26744db7530b6de1,1,credit_card,1,109.02
acb4c1925f0ff9c7cd6467f5606048d3,1,boleto,1,218.94
47b0e0983b9239a0ac87843ffc19d0a5,1,credit_card,1,122.77
bdd9b76103b5ce16eb842f7ef68cdc4e,1,credit_card,1,107.27
dc3d2c21652c9d91fa3b1f74a3a68ae3,1,credit_card,10,1966.91
837cfe6109d725950d55450c2121f7ee,1,credit_card,1,41.52
53f5a7f622d498ff3eeb334b8efa7ae7,4,voucher,1,18.23
c1631d116303f21075fc2d55b4c6e7b0,1,credit_card,1,54.52
d0714b92348bdff5af0cabf84ae6c2c0,1,credit_card,4,187.24
2abaeadd36049815bac47f33e2ad3789,1,credit_card,4,49.42
bab8a3c77d39678185f390e2317418dd,1,credit_card,1,89.11
26433be071eb28b998536367c0b2a6a8,1,boleto,1,136.52
d7c6f55ff58694d44ec72b8d807a0269,1,credit_card,7,145.11
24ee049b7819170224ee7e5eca0494e9,1,credit_card,3,35.86
4eaf389d62c4c959f4657e40550fb531,1,credit_card,2,94.32
93d46ea758b312e44cd1611c3ac69f72,1,credit_card,4,71.74
46f36d95da75ced0462d57df904d36d0,1,credit_card,3,34.51
f386ab31f2ffcafd65304e199111d3c2,1,credit_card,1,30.86
8f1a41d5bbeb94665f4ada45facb4cf5,1,credit_card,1,43.83
cf0dded3953c720dae956498ff3b0376,1,credit_card,4,119.76
ac322840b831b1a94396f7adc2a56d4d,1,credit_card,6,63.56
104cba315a10ebccef0e851792083040,1,credit_card,3,99.67
09ae0443d05fc72908daed24036acb22,1,boleto,1,97.99
ea27276ae0fbab49a3e542b3f44f6fd4,1,boleto,1,61.55
bf43328103299ae529116e4521e82191,1,credit_card,4,199.49
9a32ca8df0a427cfa29f5d87fb0e95c4,1,credit_card,1,118.88
da28ac567f1bbe704eb39c1d21c53a0d,1,boleto,1,176.45
452bc83e1374a9bcd2592f008c2a441a,1,credit_card,2,103.68
1bb808438d953f0b816a43fca01390af,1,credit_card,10,410.59
9d1f30c30b178f88dc63a40f36298ee3,1,credit_card,1,191.23
068b0c2c80a022b71db91e7f44f5917a,1,credit_card,1,227.81
ca67b029ed798e97aaf9397c40fef499,2,voucher,1,100.0
ea4ef5a01e67f61cba450e6294f0c92d,1,credit_card,8,247.21
328978d6ed70a17301a26ffa09b7f1a8,1,boleto,1,25.86
456e7a4c88845260b92d8da7b5551acc,1,boleto,1,113.82
af006979017f225d80e49985aed847b3,1,boleto,1,133.46
370e2e6c1a9fd451eb7f0852daa3b006,4,voucher,1,4.33
a7013426d43f0cb36c5dbe09b84c9f96,1,boleto,1,160.24
ab114f47094abcacaf5888844db683ff,1,credit_card,1,34.01
7e131886d59cb8a02c847ed61228fd8c,1,credit_card,1,61.64
8024bee268e76b6cff9da86da00f1490,2,voucher,1,125.95
d591a97fad2791ee9d973b748fd1c4d9,2,voucher,1,30.0
70b8fcabbd42bd4e6bb39052dac647d6,1,credit_card,7,75.32
5608ac7a2d4918bf9d1d1ee11fd5dab3,1,credit_card,1,80.56
7198e283e4a0c1146dcc3f5bedd276c2,1,credit_card,1,35.45
ac09156639c3a0b85f197bda6a3f42d2,1,voucher,1,195.33
abf95d8f93963d70ab53ff935297c315,1,credit_card,1,321.54
dd94f2867bcd2be2229f44d7a0df4e5b,1,boleto,1,56.92
0f5feae20ee62fe5f7320dea993a841c,1,credit_card,1,31.86
67acbda15487a0495068196ebdfbbcf7,1,credit_card,3,91.23
2e5b6a33990392a9c796ee57da31a651,1,credit_card,1,45.95
17dc275426dc4430d983cdd5280e9414,1,credit_card,1,201.62
aca5ef1d6df08d476703f538ba867594,1,credit_card,3,759.25
dd9943ad7ea7581875ddc0f452c13545,1,credit_card,1,59.11
5444e454a2f7460db710141b6ee93990,1,credit_card,1,61.46
c2832e2c3cb08be3037288b19cc7a6fc,1,credit_card,10,919.46
11ff1ded4bf64d8d20ee9717984a0f4f,1,voucher,1,33.51
02ea547b6d2ee25305588fd50df58b46,1,credit_card,1,39.64
0094dc9ea7e3cd54d95aea42685673ff,1,credit_card,1,104.79
2fe324febf907e3ea3f2aa9650869fa5,1,boleto,1,55.95
fc3e5cddf41dc7757252c2fc0a6c947b,1,credit_card,2,115.71
638c9cf27361e5d5ebfd404b72248390,1,credit_card,2,108.02
47864ed19d3fc241f11b3d0bc59257e3,1,credit_card,4,49.42
cebe1a22714a4536f852866377c9bcbd,1,boleto,1,187.44
d733617b9855b9e43121c84fa731e3b5,1,boleto,1,161.56
bcadceb3349706d0baa8857a30fe542d,1,credit_card,8,166.11
7144fcbeada7426f9bb134795620511c,1,boleto,1,58.62
89ee991b2ae330d7b2d7b4d81006765e,1,boleto,1,49.42
3d6831b9ec6285ad1cd3b7a8f1cdf23e,1,voucher,1,124.08
3a17fd4120bf394dc3968c52f703fe07,1,boleto,1,142.08
f303983d1d0592df48b9dc1cea9bb871,2,voucher,1,69.47
482c052df6392e43296eba90754938fc,1,boleto,1,242.22
f86b24a45dc34d1b7fcdeb817bf503da,1,credit_card,10,226.14
6c2387fc5fc6d5e9a192766eb6e75da5,1,credit_card,3,309.12
b465dc60a138cc55216607ef27065acc,1,credit_card,4,245.68
8cd6746056efc30726855e09ce26a776,1,credit_card,8,923.63
40bf8d4d61d22711253ecc21d0a2e442,1,credit_card,10,133.98
9941d06b921ac8e77cfbbf8f1f283ae7,1,credit_card,1,43.86
bb52ab55caf36f6ee5cdb4edacd82dcc,1,credit_card,10,569.14
e1b358b636a10cd4b06cc54a7960656b,1,credit_card,3,35.71
862d51a2b8b8a73b22b22b1502c6335b,1,credit_card,1,89.56
e7c528a2df211045020684c3db8bddc4,1,voucher,1,48.95
2e454cf4f81bec04aa0e7192f8252790,1,credit_card,4,50.95
1c8757886a51b1d2a57ef26e7004ee37,1,credit_card,2,250.82
908e9be16fe93027637f6ffadae3bd15,1,credit_card,1,166.5
d526a4d7c1f50bfd80246d7524f8553e,1,credit_card,2,94.63
259ec9586950682cf8417030d1b4a6ac,1,credit_card,3,82.84
3e87ada006372f78ebf4bfee1cb020a5,1,credit_card,7,82.87
d04eab35da4dc8a5fbab6771c0a8b517,1,credit_card,6,64.65
df63ae0d0b2e5965b6c56834f1ed3ec0,1,credit_card,1,39.9
9ba82750c563828973f933ffcd80febd,1,credit_card,5,61.64
80268610ed03b9b64fd7c84e4970b248,1,credit_card,3,36.95
2c88b5879d666444b90643a3817f9b97,1,credit_card,1,70.43
10ed5499d1623638ee810eff1deccded,1,boleto,1,136.8
2a61a7cf365db56cbf9fb72e2a422653,1,boleto,1,67.04
f992a59bd269c4eb0ae5ca2d403474b6,1,credit_card,1,34.42
61b4fb3e9dff469a5a1d25847d6b9385,1,credit_card,2,115.45
4256e4eb92bdf0eda17c3bcee4c0771c,1,credit_card,1,40.62
5b1c6bad461d722c0e428b2ad4e5cafe,1,boleto,1,91.85
ff36f4d6d98c0b2a7e70acb7d1b3f139,1,credit_card,4,166.3
d4e42f9170131eed76bf87f17541bc48,1,credit_card,1,1.48
f38176af08190044aef2fe48eb38365b,1,credit_card,3,315.26
527b28dd1cc06cd5f5d361c544909a40,1,boleto,1,170.49
19b6a2b67dc4c2f7cd5bad41395c42cb,1,debit_card,1,128.15
b5451d0eb008a4475aeab937ab5f4e0a,1,credit_card,1,74.28
01bbf0fb0773cef52b4d6501e83162f3,1,credit_card,6,121.4
e734700453d78cc2958b64b3b5613bcd,1,credit_card,3,91.15
a0489f813262544cff043d56396759b3,1,credit_card,1,76.68
6c592894a10d4bab518bf4aad80515d8,1,boleto,1,23.42
c8780b46119fa8bb9fec37804082187a,1,boleto,1,37.86
225ab782cbf978534e852f511cc46fd0,1,credit_card,1,45.95
6a346767428dbe844fc5dc660510bc45,1,credit_card,3,106.96
0a80da8a2e86f5f401c7514602bc1105,1,boleto,1,63.96
bb85e4e4097ee2b3d34c22fbed913c42,1,credit_card,4,808.91
e8474158736fcaca4c7f83b6f610aba1,1,credit_card,3,181.56
a685d016c8a26f71a0bb67821070e398,1,boleto,1,99.26
1ea11b975aea60ca92fa0559184d3d34,5,voucher,1,12.69
c6492b842ac190db807c15aff21a7dd6,5,voucher,1,18.19
71ec05487f7ec2171471b9dd16a1e013,1,boleto,1,71.56
988a21449c85e5aab93c446596246149,1,boleto,1,264.2
aaa265fdfcd9930f13edd14cdacd47ef,1,credit_card,5,57.8
86730759997ebded9a8c14a211244a4f,1,credit_card,1,192.56
4790bc3402a232e073d643e12035d859,1,debit_card,1,36.49
d47c3e59ac03430c6e743c61f7e6bb6c,1,debit_card,1,65.89
f21c3e20a2847217ba55f353fd228a37,1,boleto,1,64.65
c2d3596a04c210110354bc6e84240658,1,boleto,1,84.56
575b1b9f37a11b59ac98672fa8c487b2,1,credit_card,5,88.0
a3bb66c7c27c79c21aeb788254e52626,1,credit_card,1,80.82
025c72e88fbf2358be05c594d4ad5091,1,credit_card,2,81.4
f736c451b8bfbfbbf8164a476b28bf98,1,credit_card,10,140.91
65a7c3111cd734466eb706d544e6fae4,1,credit_card,4,227.88
c7c2965767573b9685e46d49a456945b,1,boleto,1,41.02
ca91c1dd2e25ae6e5f339efbfcd507ef,1,credit_card,1,81.78
502d64f8c5d21236249b9696338751f9,1,credit_card,6,103.11
138d22c05c5e456f19bdc7dcf09b89aa,1,credit_card,1,70.02
42a60584c802a173573c19e570e896d6,1,credit_card,1,78.2
c73f8cc3ea18990249df87fd4af96899,1,boleto,1,212.0
4b2574ecd0e648e5360a7030c0ace020,1,boleto,1,275.89
4d6e0de22cf1c48f915941d25e043a1a,1,boleto,1,149.92
68993f27a34bd02e3b2c2ebb5c41b9ec,1,credit_card,4,117.82
dc28a299ebc4b33090b37f7419c9b99d,1,credit_card,2,111.21
ce322da078046d3b1e267b888d563fbe,1,credit_card,8,178.42
8b1c9998d2a9e4a2776b425f90619374,1,credit_card,4,141.08
4cd78b110e3729b0dbfbf21df03ec1eb,1,credit_card,2,117.12
3c1ceafa085d9c28c784b0ad99895a6e,1,boleto,1,87.66
102e0d3cfdd667c3bdc41494ecbf6db5,1,boleto,1,303.42
bbe02deb41e96f666660dede6c816276,1,credit_card,1,126.86
34041ba8694b6808060aafda57f6075e,1,credit_card,1,51.64
69ab22fd4d1d7d39481c76b4da5b9621,1,credit_card,2,173.6
a87561bddec57c56c96d99cf74797013,1,credit_card,1,64.52
a7881f54a20f4f7547971f089438b078,1,boleto,1,49.55
3d76cc1cc5ebdd45a03c0b51f79d43b1,1,boleto,1,139.14
cfcd1b446010715bb44c1babfe225e6e,1,credit_card,2,130.11
6f4eebb5dd7d532cd45474ce133dc60a,1,credit_card,2,27.27
3981758e39dcdca8ccad652405af0974,1,credit_card,1,95.17
4eb3a441cbc81bd1c7d4449e569ae605,1,credit_card,1,133.95
0c894d8f095e6bb51a9f22123a149507,1,boleto,1,115.9
c8203bb57639618630affac9e8e923dd,1,credit_card,1,30.95
b8e5479aa8fa4ce67ffdd5bdd92c2303,1,credit_card,2,473.12
18ed62e249d4b637b186e91f0374a476,1,credit_card,1,10.86
8e1424bf1830e231bfb035b447af7a93,1,credit_card,4,200.31
0a84fbd88ba3278bbb66308e79b2f416,1,credit_card,4,414.18
5b3367de06e5c2955a98de36a52fbe1a,1,credit_card,9,247.26
64214eee33528e79cda8311c1a40d259,1,credit_card,6,61.76
487c1451b8fd7347d0e80e5aca887e91,1,credit_card,1,3.51
a7f40c756eea5c4a37cc8f459df6b8ad,1,boleto,1,104.7
0a6312b2e86fe734ebbddaae7fabd14d,1,credit_card,8,164.21
1221c36a98cc5135bd2a4933f8512c47,1,credit_card,1,73.56
a95612c7311ad95c69b272aaa4daa6e5,1,boleto,1,68.1
7cd12f82d867bf5cda813ec60b7c4db8,1,credit_card,3,158.56
f216085102c6b913fcbf7f5bcadcb454,1,boleto,1,30.95
9ce0c6d8c2be703af5c2a180b715fc8f,1,credit_card,1,61.64
0ef67bb260101172d979ae466918b301,1,boleto,1,49.55
4fb76fa13b108a0d0478483421b0992c,9,voucher,1,6.49
bed08d809ce385e99da63ae043f7e786,1,credit_card,8,198.7
797537628c3c851dcbc329039f6a37f3,1,credit_card,1,185.48
bdbb8c171bf0fe78ba7607be04099506,1,credit_card,4,104.7
2e93767495538de2e1c896a700ec7a6d,1,boleto,1,321.74
8ab0025e639ebf540367464e1c8c8d9b,1,credit_card,9,91.6
1a6a61fc8a3caaa9599b17984f3f35bc,1,credit_card,1,140.82
fac7a12d71d1e7acb587f748a51d9ccf,1,credit_card,1,108.81
8ac2728285fd4228f35d907768b5288a,1,credit_card,4,156.56
baa5545eb30192ce3b92bcf1b8e19437,1,boleto,1,64.51
6f8de3779a7d0b86f8fc43a262e81b65,1,boleto,1,254.74
dfa1e5a290276c05629e2d4180ce6aff,1,credit_card,1,71.56
2636c69e57fce1b3a556b70f1acd1192,1,credit_card,6,224.42
333c80174d4ab24df54210511f4ecbd0,1,credit_card,8,327.8
6c0c4ed997d520a3b737650e43c8e042,1,credit_card,1,43.94
45f1ccbf2f111134d9763586f13b76d9,1,credit_card,3,63.86
8a5a0a35111f447f72a0854ef30c576c,1,credit_card,6,66.09
16b1ede10202dd1e72ae0f96b35d08fb,1,boleto,1,150.89
5f41eeeb79cbf03f89da17dd1bedccdc,1,boleto,1,29.95
65efd756608003e865eb8d80f66a3ebb,1,credit_card,1,185.48
d4e42f9170131eed76bf87f17541bc48,2,voucher,1,33.38
ed9a73914b6e0fca8d1b8939f2c41879,1,credit_card,8,194.91
6484880197398c11ca3f6a7709f60aad,1,credit_card,5,51.04
e7ff3e04ea51ac8a43db1fc220c76ce2,1,credit_card,1,136.26
a304822264c42e355a3235fa2395b018,1,credit_card,2,50.86
d36acfa4bc85e54fc27dd9d1cbc8208b,1,credit_card,2,128.88
dac9fc94a81081df3d4748c438111b9d,1,credit_card,1,71.8
d7fff2e689eef0b359f58c2dbc4084e6,1,credit_card,3,186.84
42c1fb96d0ddaa4cd3e00d607bf2cfe7,1,credit_card,10,215.22
e1041ca455e08b097d279568b13b22a1,1,credit_card,1,27.51
f3a11dab21352ec16a6d038ce9958381,1,credit_card,9,114.18
875465832a4acaeac638683b74ba9886,1,boleto,1,79.52
31ccabaa81946cc788f8ee01c7fc5525,1,credit_card,5,132.99
840a77e5812e6cb838f4957339f5aa2c,1,credit_card,1,81.78
ead37570583efe55df28edc4f2470bd2,1,boleto,1,155.79
4f902f639aad5f00c8e814b248e3b4b3,1,debit_card,1,57.51
c05dde0f88afdb953c533a239f6b29f4,1,credit_card,1,89.7
9f78c08ae4928d0b51b8ec8da9585714,1,credit_card,1,45.86
514290e30cb76393d6623ca6d7d79ee0,1,credit_card,1,115.9
22ca2c0914d6a325764b5d09f54c1c00,1,credit_card,3,151.49
278373e52db807377698eb36337a8246,1,boleto,1,92.11
ba5aba1c68c4ba890bf8700e5536eadb,1,credit_card,8,84.98
2685303a30b9133248bb610af20a7811,1,credit_card,1,50.86
ff8ac98b246381dba3eb9d51e77faf6c,1,credit_card,3,50.86
53f5a7f622d498ff3eeb334b8efa7ae7,5,voucher,1,18.75
2e66e99189df5b39d5d4820731fc0723,1,credit_card,6,62.84
f0cefee84b19e4a0f9a56b147e89eb2c,1,boleto,1,194.91
f9b07dd1e93ce7446339491bcbccd1c9,1,credit_card,3,167.25
0928b1d58fe76f5a1e63be5a47ea6253,1,credit_card,6,64.52
2b8c8846f8e82bd4956159a513ca01ad,1,boleto,1,42.1
7f13a20e25350f4a55fb2a7c9a2e8d88,1,boleto,1,163.43
6e3aff29a0578d221332c4feecde19b2,1,credit_card,4,40.79
7e05645577366863a93350aac5cc7de5,1,credit_card,6,148.76
9475f5241a5ee6260ce4aee70f4e7ca5,1,credit_card,4,68.0
29124c072d8e7d7681a0bebfe267c67a,1,boleto,1,458.72
1daadb218e1c16168ce3c3888ade376c,1,credit_card,1,100.91
9762ce369c139815a59772bd1efe4496,1,boleto,1,50.86
f6015e259b552af1df4a7d889a5da8c4,1,boleto,1,75.53
a76643614c2542c0a773b03b5b61b2c0,1,credit_card,1,201.73
744ce2fe884a45093b4a3df391cb16c5,1,credit_card,1,57.78
deefc8712615b2422c59328bbcba7211,1,credit_card,5,225.84
6fcbf1246440ef1de682fcab6ad5757d,1,credit_card,2,114.26
a89e0347b6138ab8ed766aeb2f79c157,1,credit_card,1,125.97
07161bfb5748163ca6d0478bda1b0a5a,1,debit_card,1,32.51
758d844e553488d2af66539369ed624a,1,credit_card,9,1021.07
898ded7ecb1e4d92997856bd8b7a8aa1,1,credit_card,1,1.76
0b3b5e521f3ad8a57d4c4bcdc034446c,1,credit_card,10,299.24
9bad44921c98e1f220a667504bcffb9e,1,credit_card,10,448.3
1ec2e1de3e116559a59ec5166697d334,1,credit_card,3,177.77
788bca2425763e7cb77699ab9a1b135e,1,credit_card,9,96.92
c9b1334232f321d2f0a4525120eae634,1,boleto,1,41.62
c6cc60f8aad17b2809b83bd02a1ccd48,1,credit_card,4,217.54
c68ab0a4c51b32f6b71496f4daac4e16,1,credit_card,6,208.81
c07db2ecf8530bd60659764d866467cf,1,voucher,1,7.73
427be8c69327b86f12e65fb5fedfde5c,1,credit_card,1,114.84
b28f617a18326c00271c43c29364b00a,1,boleto,1,258.44
3ef3c976c86d9ea7e4758728a87732f0,1,credit_card,8,217.45
5d5158a88e86989b64a41c1c2aff9125,1,credit_card,1,30.86
9e988375e80989b9914b695cd57654cb,1,credit_card,3,59.83
ac5505acc449a5a79dce26cfa549dc5b,1,credit_card,10,151.13
e4a95c672918cd518a26dd7426ddd817,1,credit_card,4,273.32
01e9feecd7fba975c1869a8fbbb38b65,1,credit_card,2,303.11
d57eab70175d8611d6a811d6c2af63ae,1,voucher,1,98.94
75f041ff00fa67ba7b8b9521ea8d3a2f,1,credit_card,1,29.95
3391ddfa9aaeae39f22439c4cf614d28,1,credit_card,2,142.3
dfe5f68118c2576143240b8d78e5940a,1,credit_card,6,136.14
f6f837b4bdc91f8c4306f0819916a11c,1,credit_card,10,109.23
4af33d0a8ce1bbababe13c9480c10ea5,1,credit_card,10,111.43
432d80d2aab5e167192912051828b7fc,1,credit_card,2,114.21
c216922ad3d667fb17d7c7b6843efaab,1,credit_card,1,63.11
a2f8f44bc77354a5f4e5bc4a14573d58,1,credit_card,1,79.39
714baa6be84305523afe9e663c1b8f48,1,boleto,1,76.02
5d6a1a156fc92ced06a12c6d92e2c213,1,credit_card,1,75.53
330c4c1c971ff97dc8128ca0f61f21c6,1,credit_card,8,900.36
05c1808ab7242e387b4947245e0c0649,1,credit_card,6,63.52
23c7702588b2b08f1bf4fbdd15f19343,1,boleto,1,65.53
7aa50aad959e4345b45b9732bc346a6e,1,boleto,1,43.05
d04aa7a56c20579debaf2cd69ce4dd73,1,credit_card,4,258.52
df56e27fb87ba6d4beb70719ffdd707b,1,credit_card,2,23.17
8fa32d2fb129f27c9ba8eb9d8340d5a7,1,credit_card,6,65.55
e9bde689f1c05f781a5601e6a9fe7e9f,1,boleto,1,109.68
9c1b3da77c4477dc54252547b9f93312,1,credit_card,1,45.86
6e27f04e8947d6be930769e3ce557bdf,1,credit_card,3,35.96
2e5f5fa378d4e95d6db046bb596c4ae9,1,credit_card,5,85.38
23fdd0e16ad79ceab4e5f407772d64fa,1,credit_card,5,201.61
4ddf6c937ee248504c71104627543a23,1,credit_card,6,361.78
2105771f19af1ff52afe2a18c984c412,1,credit_card,3,232.24
2c2ce5e6f838b293b3297370a80598f7,1,credit_card,8,114.85
9874f00b86dad32c32a0017e80cfcdb4,1,credit_card,1,85.6
e33ed9bacaf02833f0c4dff6e8e20bff,1,credit_card,1,99.6
ce457974a91b6bddfebdf60b46c71b45,1,credit_card,1,68.78
f52830b0ca8b8b633b4c270c33603cbb,1,boleto,1,106.96
8b8c17015e5e5bea026c24e0f03c9dcf,1,credit_card,10,104.36
1cbd71feda5da8baea7160be1168fbc5,1,credit_card,2,75.53
3ffd3e41fbb901f25a82fa96e9460a0f,1,voucher,1,44.42
60b8f5496f3fa2d3dbe08692dc63b4b3,1,credit_card,2,45.7
bc491210c65d22f6572a4370f8e60248,1,credit_card,1,51.64
a1ecf6ff2702a73805ca6ffa3771ab05,1,credit_card,6,79.39
1affc4ad6b0957720114bf91c2f39879,1,credit_card,1,27.75
eac9691979b0aac3f3061abaff2f4f8a,1,boleto,1,91.72
473f6fac1db5ed68ee9f1ad1e7c14aae,1,boleto,1,28.46
367cead10022c703e2a1529c52699ac4,1,credit_card,4,113.76
e302325f2e375cbc308a2e09a091879a,1,credit_card,1,119.76
8f815207602f16cdf25a3fb1858ca6be,1,boleto,1,86.14
fa1d2f55776a28be054d1b1b3c12bb51,1,boleto,1,210.0
3f79906e1eae95209df3fb74edbdce8c,1,credit_card,3,156.4
580a7a884de79afc29f68de2c148240a,1,boleto,1,117.44
4702ae46293731bcf1d0be7233d6e56f,1,credit_card,10,199.03
3a43013148c91141e56e105f93fb3792,1,credit_card,2,24.86
a4aab7a5eefb01fefbe85126bf8acb94,1,credit_card,2,119.47
ead0bec6842006b655fed967de837883,1,boleto,1,27.49
c88921a6cbda2e9973f9cfbd4e771d20,1,credit_card,4,43.42
d079556268ebfb6ee516faac531c2f78,1,boleto,1,139.27
eb9afe3c048ef7be0e99305193ee4ded,1,credit_card,3,221.7
6c92e3a213b3733918bcc93dd2224399,1,credit_card,10,758.24
12c66c45d332a69f08f11ceecf3dd8d4,1,boleto,1,39.04
2abac84637c5e0ddd2923f22ba61a96a,1,credit_card,1,41.05
11e7f6565677c76d397e92859292a496,1,boleto,1,42.42
c32dd42a4b8a42c008777be9de862c10,1,boleto,1,42.64
e36c97cb9a540d3d118ab4bf988868c6,1,boleto,1,35.01
a216d63457e3501eeab4375752f0fbbe,1,credit_card,5,138.25
ae97799b02696e7937ea854ed542d015,1,credit_card,4,242.1
82e0be51b738da8e7e60e27649068de4,1,credit_card,2,63.55
f4f92c0415cf3360dbf1209032bba08d,1,credit_card,3,34.42
2df094c40051a8f5ed95344421039ced,1,credit_card,2,47.55
78441b03179176f2ef199bdbb9287f51,1,credit_card,3,38.68
eadb5d6bcbc31439d1d6706a39dba007,1,credit_card,8,88.83
516ddf29a9e99c8997f914e6b389cd19,1,voucher,1,49.42
67cfcef68eea9ea1ea9423cf240ed340,1,credit_card,6,66.58
cc94498194148d51cfb085f11338b383,1,credit_card,4,121.14
247775a3bf20c748cd22b1521899ffa7,1,boleto,1,155.05
4a110536f892fd4dd11c3c74dada0d1a,1,credit_card,5,258.87
d225bda2584ada7ef0895192338c3dd4,1,credit_card,8,81.04
058350ebe1e9c9b426d1331b4b6063d1,1,credit_card,4,58.64
0d43ce52df043a3cdf371f10d03764d6,1,credit_card,8,107.27
8ed4296590754b5d2eea172a5fdb7046,1,boleto,1,128.88
aa171699ddfdc0a2db68be25bd08ea2d,1,boleto,1,88.84
abd23f048bf60025ad66f8cf56c85379,1,credit_card,5,213.5
55adc5cef9556477770f0b858669f8fc,2,credit_card,2,65.55
c0221d9a3d1707e52d0a75170f33e622,1,credit_card,1,42.42
c76b8b4f31097feb8351e62691177012,1,boleto,1,143.48
1e9bf802b8192eb97af61fd92b586471,1,credit_card,1,38.68
9c4dfa7a4f01d5042e9363edd0c7c7b9,1,credit_card,2,128.88
21fffc2b5c2da5c102a2faec84d352b8,1,credit_card,2,38.96
9e4490f14f9c72dc40d107d497fa7573,1,boleto,1,70.02
737b63f784a8e20dbc2a9abd527f3923,1,credit_card,1,65.69
43e4d5ff99bd1ca2d1cecbbf81067f4d,1,credit_card,10,639.9
2c115ba9e25f2b8932ec710356d9eca9,1,boleto,1,32.96
c29f77479a4983291796c220560a9646,1,credit_card,2,126.42
8791bf41384da9d1984f98c71a007e85,1,credit_card,8,385.3
67937bb4e0c9a4156fe47c89382d33e7,3,voucher,1,90.07
0562a20526fecdaa1eb5019bc3920cd9,1,boleto,1,73.72
6ea54477ac162f4f343694737cf53f82,1,credit_card,10,182.45
1ea11b975aea60ca92fa0559184d3d34,3,voucher,1,12.69
c4e9cf40a9cece6172750e47ddc74b20,1,boleto,1,44.52
eaae5bd20fb15d85aa673d9b7c0e8ca5,1,credit_card,2,148.33
a229f8f10db36361d958831698ea6e68,1,credit_card,10,132.45
d78f157135db9ba4f043330c2b62dfb4,1,boleto,1,359.11
b0b0d3285e59abf2f6c9d7e1bf761323,1,credit_card,10,3044.12
2df2cf698fc8633cca4e90baa85fdf0b,1,boleto,1,48.95
91bcd07862432971bbbe7b27698fe59d,1,boleto,1,139.69
3bdb9c65ca79d76edc98ae76864b3d00,1,credit_card,10,156.08
fc20b8e282da6f3fbcdd3a3cedecb723,1,credit_card,10,3782.19
4fbc2bd17fd14bf9e9b4f28f96351edf,1,voucher,1,27.86
976967517bb3199cd529dd524e39e82a,1,credit_card,2,64.42
b17fd4c033b06e8d888de8ea6105ef9d,1,credit_card,5,103.1
