order_id,order_item_id,product_id,seller_id,shipping_limit_date,price,freight_value
00125cb692d04887809806618a2a145f,1,1c0c0093a48f13ba70d0c6b0a9157cb7,41b39e28db005d9731d9d485a83b4c38,2017-03-29 13:05:42,109.9,25.51
001e7ba991be1b19605ca0316e7130f9,1,884fa3cd42986ba480ea2f8ae4e25ff7,3340ef1913fb70d28420f6ceb685c339,2017-03-23 11:47:37,195.0,18.21
0094dc9ea7e3cd54d95aea42685673ff,1,464383c22e65860826cf78650fe0f4e4,16090f2ca825584b5a147ab24aa30c86,2017-03-15 21:55:31,89.99,14.8
00fb278a99144cc1004b3ed1452ff5e1,1,eb551aa4ed7eb5e2839d5b7d2896bece,2138ccb85b11a4ec1e37afbd1c8eda1f,2017-03-10 09:35:22,19.99,10.96
010c995323bc17d8156fbe2c37fed63e,1,0f0c4960b05d6145bbb4b348423503ef,edf96ef93ed595084bbcbd9224bd2894,2017-03-30 19:25:22,42.0,14.12
013037c3f1773cc8fdbaf8ff54d8013b,1,5a6e53c3b4e8684b13388d6aa4afdf12,7299e27ed73d2ad986de7f7c77d919fa,2017-04-03 15:25:21,15.99,14.52
0132158c30672a8c52997a2492613ec2,1,e9eebb8e8ba0fadb9020f8ba1c003b48,620c87c171fb2a6dd6e8bb4dec959fc6,2017-03-19 23:23:23,399.9,13.41
015183dcb37f19e0456905fa5aac0b69,1,98d61056e0568ba048e5d78038790e77,8581055ce74af1daba164fdbd55a40de,2017-03-10 09:35:21,169.0,20.09
015183dcb37f19e0456905fa5aac0b69,2,060cb19345d90064d1015407193c233d,8581055ce74af1daba164fdbd55a40de,2017-03-10 09:35:21,147.9,16.71
0180ebc47853bfc5997af28f5a7e8849,1,861857117917aaa99611defcc0d514cd,e9779976487b77c6d4ac45f75ec7afe9,2017-03-22 16:29:32,162.0,11.74
01a0013ddc7cd129e350e8671b56a263,1,152397b614be35e54106663bd5671f7d,a4b6b9b992b46e9ef863637af96e04bc,2017-03-29 20:02:41,579.0,24.5
01a0013ddc7cd129e350e8671b56a263,2,152397b614be35e54106663bd5671f7d,a4b6b9b992b46e9ef863637af96e04bc,2017-03-29 20:02:41,579.0,24.5
01a0013ddc7cd129e350e8671b56a263,3,152397b614be35e54106663bd5671f7d,a4b6b9b992b46e9ef863637af96e04bc,2017-03-29 20:02:41,579.0,24.5
01bbf0fb0773cef52b4d6501e83162f3,1,9ddc4249779322828f89d2a9c04f7ee1,9d5a9018aee56acb367ba9c3f05d1d6a,2017-03-28 22:04:02,101.99,19.41
01c139e11e826da7bf9782cf1ee904bf,1,11bbef4e2a44601d9dd471aa1fb433e6,5c243662ce92d84573bfaff24c3e3700,2017-03-13 19:35:12,339.99,12.99
01e9feecd7fba975c1869a8fbbb38b65,1,1eb85357e22bf0c8c2a6f10eafad8423,522620dcb18a6b31cd7bdf73665113a9,2017-04-03 20:55:15,285.9,17.21
01ea9d9ce4b86204f82b79184897371c,1,4c99d6df98c5f4960cae6fd9f8603bd3,1127b7f2594683f2510f1c2c834a486b,2017-03-29 17:50:23,46.3,18.63
0231382a78f19752dabca6a86b618152,1,4e0d01d5e5e4bd454e71e7cd1491c052,a416b6a846a11724393025641d4edd5e,2017-03-15 21:17:43,76.49,9.53
025c72e88fbf2358be05c594d4ad5091,1,bef21943bc2335188429e1638ef99b81,e49c26c3edfa46d227d5121a6b6e4d37,2017-03-21 21:24:27,19.9,20.8
025c72e88fbf2358be05c594d4ad5091,2,bef21943bc2335188429e1638ef99b81,e49c26c3edfa46d227d5121a6b6e4d37,2017-03-21 21:24:27,19.9,20.8
0260b4ed1d24feacffa9d9783016a467,1,98e91d0f32954dcd8505875bb2b42cdb,01cf7e3d21494c41fb86034f2e714fa1,2017-03-27 17:14:02,59.9,15.63
026d2c7c84b97eb8854ca3fbdc6ab840,1,7c4bc321009f51cefbb3877de6b98bae,da8622b14eb17ae2831f4ac5b9dab84a,2017-03-22 11:54:28,184.9,16.4
0276bd1aea24c642af813980281af144,1,dfb97c88e066dc22165f31648efe1312,8581055ce74af1daba164fdbd55a40de,2017-04-05 02:15:54,139.0,40.48
02951078a21a2d9341ea16089a4d5031,1,dd3575a8c5e2139f680a9816a15c8f2a,4869f7a5dfa277a7dca6462dcf3b52b2,2017-03-31 16:10:18,235.0,22.1
02b63408e665194f2794a94576001e56,1,0f3777229e40207d248acfd6e1f716b6,e2aee0892199b1d92530e371abd825bf,2017-03-22 08:53:48,189.9,49.85
02ea547b6d2ee25305588fd50df58b46,1,b000447e24e31a4d7e628ca4d0622131,92eb0f42c21942b6552362b9b114707d,2017-03-29 22:10:24,23.99,15.65
02ea54f5cf3a07904182167e104f97ff,1,601a360bd2a916ecef0e88de72a6531a,7a67c85e85bb2ce8582c35f2203ad736,2017-03-23 19:30:39,129.99,13.49
0307d42d9c781d32f86cdf1fa5c8670b,1,fb00f51d564e36645bf7eab56ce5fd43,373ee4a3a775a733770ca3f790b8b9ac,2017-03-22 10:03:18,80.0,9.57
0307d42d9c781d32f86cdf1fa5c8670b,2,810cb3c5af006624fa32d362077af85f,373ee4a3a775a733770ca3f790b8b9ac,2017-03-22 10:03:18,50.0,12.9
030e234a82944425a6f46d5b2552b848,1,8d7654102992872ef4342f91f9997e64,392e0502231ae2f8b29994ef6398cd77,2017-03-16 02:43:13,44.9,20.8
031cf625cad56f5761e51c2675f0c0ae,1,bf35317e81a1e1477a2256328bce9e9f,cc419e0650a3c5ba77189a1882b7556a,2017-03-28 06:52:28,56.99,24.89
034733b9cacb3d55bce1e49c422ae3e7,1,22594ba8fd9a72ad95d352929c821560,7c67e1448b00f6e969d365cea6b010ab,2017-03-30 12:41:44,99.99,20.0
03a479456d2571485ebce285eef65f61,1,06ead9c0b05b368667d858c09148af03,b2ba3715d723d245138f291a6fe42594,2017-03-20 04:23:24,114.9,14.97
045e9ebd4d41affc66333d58c3d107c1,1,143bc7fcaf6929ef5979e58abf39d4ed,a7f13822ceb966b076af67121f87b063,2017-03-10 19:42:17,176.96,33.52
0468a84e6df93886189d80fce46bbfee,1,eba7488e1c67729f045ab43fac426f2e,620c87c171fb2a6dd6e8bb4dec959fc6,2017-03-24 20:21:14,198.9,25.88
0476f6eca64ad7ce1bef51f7308871bd,1,1612209b0b37fbe80e1e8e1b7d19ca1d,87142160b41353c4e5fca2360caf6f92,2017-04-03 11:02:17,99.0,17.43
0493cfcda1fbe4c59f584aeffa96c098,1,9e18e70b32c00d98cc4cb4314dfef5dd,bfd27a966d91cfaafdb25d076585f0da,2017-03-10 14:35:08,89.0,17.36
04a964d023c9a995e1dea573959fad67,1,325c397d5d1eebe97422d6bc1ed8709d,656591be56071d4c9ef4e5fee78a578a,2017-03-10 14:05:18,85.0,58.2
04d93c61c57f9d6d4886adce5a64a9b0,1,fad4c004f68304a86535ea71c79cfaa4,5fd924b4836098a5be0ecf81ba054ce0,2017-03-07 16:35:18,69.0,6.09
04d93c61c57f9d6d4886adce5a64a9b0,2,4374f5c6e8ab35133a8dbc5517ec0388,5fd924b4836098a5be0ecf81ba054ce0,2017-03-07 16:35:18,59.8,12.17
055d54b48c1c7292933cb2e27f73ee81,1,ce5a5a85a0704113bd7fd75b3fbaed71,cfb1a033743668a192316f3c6d1d2671,2017-04-07 20:30:17,29.9,11.74
05608987284e4c496bec56c52fdb0a6c,1,fa126ff62aae83e37857ad495641c878,e9bc59e7b60fc3063eb2290deda4cced,2017-03-21 20:21:03,209.5,15.64
0562a20526fecdaa1eb5019bc3920cd9,1,3d92028223ae14160bf1938a522de2b8,7aa4334be125fcdd2ba64b3180029f14,2017-03-30 23:32:32,61.9,11.82
056349f85a73d794119c4286c95a52de,1,af35be35db4ad0dc288b571453337376,d20b021d3efdf267a402c402a48ea64b,2017-03-09 14:35:09,10.99,16.05
05709f85ee94e226753ae0ed0886b69b,1,b19e331e05bee8900ed6e582b4c8dab6,41b39e28db005d9731d9d485a83b4c38,2017-03-09 02:35:37,159.9,27.55
058350ebe1e9c9b426d1331b4b6063d1,1,880be32f4db1d9f6e2bec38fb6ac23ab,fa40cc5b934574b62717c68f3d678b6d,2017-03-21 05:44:17,42.99,15.65
059a13b49c0fb6d21e423fad48ad1c44,1,5b8423dc7f23089c9c59c5d140eb5a1c,a3a38f4affed601eb87a97788c949667,2017-03-09 12:10:44,139.99,26.47
05c1808ab7242e387b4947245e0c0649,1,d017a2151d543a9885604dc62a3d9dcc,6560211a19b47992c3666cc44a7e94c0,2017-03-15 16:49:01,49.0,14.52
05c44e3898cc7d836584bfaaa36d0017,1,dc0fe1906bacc99199eb46fce442e1de,b1ac6ea7895bc3dd6f0f6f4abbdd2821,2017-04-07 01:45:13,59.0,20.73
05cb67bde9e73ef4ed72519d1497e006,1,e0a36dd15c245dbe1a52080fd6d048b2,4aba391bc3b88717ce08eb11e44937b2,2017-03-24 09:54:19,289.0,19.45
05e7f330b0c9d2769d5aa193ee88baa7,1,fdad129d8e902058f98862f23dcf6978,85d9eb9ddc5d00ca9336a2219c97bb13,2017-04-03 16:55:12,34.9,14.52
0615cb58aaa538ad222e5ce52b5cc2bf,1,0152f69b6cf919bcdaf117aa8c43e5a2,d2374cbcbb3ca4ab1086534108cc3ab7,2017-04-05 21:08:16,13.9,10.96
06215d34c1ec4e1106eb12ae5fd0370f,1,42130cd7a981706499a4d337f2f7f621,2138ccb85b11a4ec1e37afbd1c8eda1f,2017-03-10 14:25:16,29.99,14.11
06215d34c1ec4e1106eb12ae5fd0370f,2,42130cd7a981706499a4d337f2f7f621,2138ccb85b11a4ec1e37afbd1c8eda1f,2017-03-10 14:25:16,29.99,14.11
0630ba8015b69f03e65dbe4be3aceb4f,1,a50acd33ba7a8da8e9db65094fa990a4,8581055ce74af1daba164fdbd55a40de,2017-03-20 17:21:42,117.3,22.29
063a0b076f63cb908176d8c1cc6ec049,1,8c591ab0ca519558779df02023177f44,a1043bafd471dff536d0c462352beb48,2017-03-17 16:29:58,99.99,28.89
06544096bb7077c0f701d0d6f660e11f,1,0afdab080dc525494d5a0adc4c1c0854,cca3071e3e9bb7d12640c9fbe2301306,2017-04-07 17:15:23,83.36,11.97
0664199560952a51d76e1ccdadbd2cb7,1,99a4788cb24856965c36a24e339b6058,4a3ca9315b744ce9f8e9374361493884,2017-03-27 17:52:09,89.9,11.24
066772e2164fd7dbdff9ded585851352,1,5d84f18aa629a66a4e7e0919e414c724,1554a68530182680ad5c8b042c3ab563,2017-04-02 22:45:16,31.99,15.56
066772e2164fd7dbdff9ded585851352,2,5d84f18aa629a66a4e7e0919e414c724,1554a68530182680ad5c8b042c3ab563,2017-04-02 22:45:16,31.99,15.56
0673ea591e7c9108ba7dc1a5246111a5,1,6b80b94c131c21e8a80f8139fa458329,4e7c18b98d84e05cbae3ff0ff03846c2,2017-03-31 19:23:01,109.0,49.28
0679f01b97036fd74d1ee72a23c45426,1,8c591ab0ca519558779df02023177f44,a1043bafd471dff536d0c462352beb48,2017-03-09 15:30:22,99.99,28.89
0689012a897b2ac50b37994d77898bc8,1,a0265e3673ba47db572b54978126f6ae,17adeba047385fb0c67d8e90b4296d21,2017-03-21 10:55:21,269.9,95.87
0689012a897b2ac50b37994d77898bc8,2,a0265e3673ba47db572b54978126f6ae,17adeba047385fb0c67d8e90b4296d21,2017-03-21 10:55:21,269.9,95.87
0689012a897b2ac50b37994d77898bc8,3,a0265e3673ba47db572b54978126f6ae,17adeba047385fb0c67d8e90b4296d21,2017-03-21 10:55:21,269.9,95.87
068b0c2c80a022b71db91e7f44f5917a,1,783dae38feb9e3a364e24e25168cfa8a,53e4c6e0f4312d4d2107a8c9cddf45cd,2017-03-09 19:23:11,159.99,67.82
0691840826e5dce3ddfb305ab26bcfab,1,64d0feb1bcf9c7fe7b5dad3271c10910,e5a38146df062edaf55c38afa99e42dc,2017-03-30 17:55:31,89.18,12.01
06a77bcbebf5a85ba493f627e03980d6,1,fd6d9e3d204e6e693f4edd48ac33487e,77530e9772f57a62c906e1c21538ab82,2017-03-31 20:05:39,299.0,24.38
06caf4b0e55d9bc015a91fa77432a1cb,1,125d26eac85cf57783e2b545149ad38c,92eb0f42c21942b6552362b9b114707d,2017-03-17 11:42:16,25.0,15.65
0707e2f91c707859b79e711d852150c8,1,888bc229e8f4a4bb412bdea51c650a49,0db783cfcd3b73998abc6e10e59a102f,2017-04-03 03:55:23,36.9,16.05
07161bfb5748163ca6d0478bda1b0a5a,1,e07cf6c8c490ceac43740740459d87ff,92eb0f42c21942b6552362b9b114707d,2017-04-07 10:02:32,17.99,14.52
07261a56ea5f8537a7bc47d5155d2f40,1,d103baa8d35783ff2772704ed17ddd45,6560211a19b47992c3666cc44a7e94c0,2017-04-03 03:50:47,59.0,16.11
077c116b10b1c482b78d24fad9fa14a3,1,cb43c6e1c451902b51f4f4ff512302df,582d4f8675b945722eda7c0cb61ba4c7,2017-03-27 19:42:03,45.49,10.96
07e59229a9b5b12c82297cc571bd8281,1,242ec3ff603c92ddc1e59d83b9e40a2d,d98eec89afa3380e14463da2aabaea72,2017-03-09 19:43:10,25.0,17.78
0803296b40e2392a6d35771832ca1d7a,1,96f6baf4d6a2f7c90932573600903489,f35becee938e982bd615edf8ef12bcfb,2017-03-16 10:36:58,42.0,14.52
08158c9f50214fc5872aba47814160e7,1,c3f8ee7e05c01c61ab863e336b0f2e5e,6039e27294dc75811c0d8a39069f52c0,2017-03-21 14:37:37,219.9,89.87
08a8e10798c6955302701d17eb84fdc0,1,972373c479cecb6ce4715c729b27ec9c,4ddeb3e828550cddc8d45c8bc36ab2d1,2017-03-21 12:19:23,152.0,12.45
08b04eb82fbd41d6a4a779d822d57a08,1,54f45413afc0d5480c59f5dfeed2d19f,5ab05b6d86d417796c69ffd6774ec832,2017-03-17 14:20:10,99.9,20.78
08b47d41b0e91577b2d62e070628b2dc,1,a695ab8413ea83619cde9b18292d6aa1,1da366cade6d8276e7d8beea7af5d4bf,2017-03-09 20:15:08,40.0,14.52
08bdbdeaf1626720051193300f93806e,1,ecbe1ef7e2903ff8b1d704ba78fa264d,c3cfdc648177fdbbbb35635a37472c53,2017-03-15 16:43:40,99.0,19.28
08bdbdeaf1626720051193300f93806e,2,ecbe1ef7e2903ff8b1d704ba78fa264d,c3cfdc648177fdbbbb35635a37472c53,2017-03-15 16:43:40,99.0,19.28
08bdbdeaf1626720051193300f93806e,3,ecbe1ef7e2903ff8b1d704ba78fa264d,c3cfdc648177fdbbbb35635a37472c53,2017-03-15 16:43:40,99.0,19.28
08bdbdeaf1626720051193300f93806e,4,ecbe1ef7e2903ff8b1d704ba78fa264d,c3cfdc648177fdbbbb35635a37472c53,2017-03-15 16:43:40,99.0,19.28
08e4b9181951f803229ff26c157f5045,1,81f3957aedf469500e43f81e25519600,44073f8b7e41514de3b7815dd0237f4f,2017-03-22 14:22:52,68.9,20.8
090967205f5215e5d3053cefdbce5aac,1,6b54c329383ae411a34c9791f7a51145,2b1a40c1daabc6ca280c4b815c101841,2017-04-03 09:02:49,359.0,87.81
090967205f5215e5d3053cefdbce5aac,2,6b54c329383ae411a34c9791f7a51145,2b1a40c1daabc6ca280c4b815c101841,2017-04-03 09:02:49,359.0,87.81
091bd68043b7a721b0d82b5ff36304fa,1,c9d1849f97b6fe404378805a105d64ec,7722b1df1b0e383e000397b2c11e3e19,2017-03-09 18:15:13,89.9,14.8
0922de4af18de92fdca6fed66b34b66f,1,e9a69340883a438c3f91739d14d3a56d,1b4c3a6f53068f0b6944d2d005c9fc89,2017-03-24 15:58:31,169.9,22.66
0928b1d58fe76f5a1e63be5a47ea6253,1,e28fdc5f658be194523b68dfbeb186cb,7e26c750b4cb9f6766f58265ff9ebe95,2017-03-21 21:52:58,50.0,14.52
094303c767dff093564257cc4d0e2c29,1,33202a8e7a645388c41ed714203d7131,8d79c8a04e42d722a75097ce5cbcf2ef,2017-03-23 16:55:53,149.9,38.01
094fe1a1311bdcff558e373c756412d7,1,56a2556592a309ac9f087be6ca82fbf0,b2ba3715d723d245138f291a6fe42594,2017-03-13 19:43:21,649.9,14.73
09722e140e3e1e92b67fd75e2b14b6fb,1,a9490f0e069790ddb7d8e7935ea3584a,82e0a475a88cc9595229d8029273f045,2017-03-09 14:42:57,99.0,26.43
09722e140e3e1e92b67fd75e2b14b6fb,2,a9490f0e069790ddb7d8e7935ea3584a,82e0a475a88cc9595229d8029273f045,2017-03-09 14:42:57,99.0,26.43
09722e140e3e1e92b67fd75e2b14b6fb,3,378f61e89b6c50bd26a0a74c6ca046f0,82e0a475a88cc9595229d8029273f045,2017-03-09 14:42:57,99.0,26.43
09722e140e3e1e92b67fd75e2b14b6fb,4,378f61e89b6c50bd26a0a74c6ca046f0,82e0a475a88cc9595229d8029273f045,2017-03-09 14:42:57,99.0,26.43
0977997b1c07196d7d76a0d79c50117d,1,17e7128a33dae59e32be411b7b4921b5,e7f3bf1ecd8526eb7f3b18059e6716e5,2017-03-28 18:42:09,19.99,10.96
09868b0eb512bfbbe98900f16d79d055,1,f35927953ed82e19d06ad3aac2f06353,669ae81880e08f269a64487cfb287169,2017-03-27 16:04:32,115.0,14.98
098dd2a0dabd8878380b344370974efa,1,f845bd3077894700e688b1944854e28a,aaed1309374718fdd995ee4c58c9dfcd,2017-03-20 22:06:27,23.2,14.52
098dd2a0dabd8878380b344370974efa,2,f845bd3077894700e688b1944854e28a,aaed1309374718fdd995ee4c58c9dfcd,2017-03-20 22:06:27,23.2,14.52
09a02e80ddcc4cb25f8ca5e46c1020ce,1,125d26eac85cf57783e2b545149ad38c,92eb0f42c21942b6552362b9b114707d,2017-03-10 20:50:15,25.0,14.52
09ae0443d05fc72908daed24036acb22,1,15fdd6032f35d4add5066fb90be28630,6560211a19b47992c3666cc44a7e94c0,2017-03-23 22:24:21,89.0,8.99
09ba762d7b29d3771a788d7d039159fa,1,a7566c5565bf286a5c8fb48387d97bb8,620c87c171fb2a6dd6e8bb4dec959fc6,2017-03-07 13:05:14,289.9,17.73
0a0185b8b72cbf2290c3e4218300a61c,1,9b1c7bc7cad0519369a5ea04afe303f7,8a32e327fe2c1b3511609d81aaf9f042,2017-03-20 22:08:50,44.99,21.85
0a075803f6a9f73007c86d42003cc231,1,01bacce2c74317ed2524bcaabae2e9d4,0725b8c0f3f906e58f70cbe76b7c748c,2017-04-06 00:32:35,28.78,11.74
0a178d660889f4e9ef1087483fd6ce9d,1,937d4dbe97dc4cda39683025976f91ae,8a32e327fe2c1b3511609d81aaf9f042,2017-03-29 16:43:35,29.99,10.96
0a1a904fb2f51218c9c7ce314190de36,1,bd7cd34fc6d02e730221b11edc354aae,46dc3b2cc0980fb8ec44634e21d2718e,2017-03-17 12:03:04,99.99,15.91
0a499296998c5b2e877297984bdf657c,1,63de2743d05ab59d85caa49e49459ac1,cbd996ad3c1b7dc71fd0e5f5df9087e2,2017-03-23 10:03:53,15.75,14.52
0a6312b2e86fe734ebbddaae7fabd14d,1,a367f823feb49954fedb4f4a43ad9db2,6560211a19b47992c3666cc44a7e94c0,2017-03-30 22:05:09,149.0,15.21
0a66244c735378791bf14412b6c97df0,1,67c4868694e75a87d7d0417c14fc26a3,365e445f796710c3431557e85caa25db,2017-03-28 18:48:07,259.0,17.11
0a80da8a2e86f5f401c7514602bc1105,1,d7d1cdd61c66570cac78c88a0cae784b,2138ccb85b11a4ec1e37afbd1c8eda1f,2017-04-03 04:03:14,34.99,28.97
0a84fbd88ba3278bbb66308e79b2f416,1,914bbf1d7b288975a3a7ad2d004f7c3d,46dc3b2cc0980fb8ec44634e21d2718e,2017-03-13 18:03:26,399.99,14.19
0a8f35ef46160ef897c27ba8c423d823,1,3a002b488f85e2b30838e413c9241f18,dbb9b48c841a0e39e21f98e1a6b2ec3e,2017-03-22 14:12:58,44.9,14.52
0acff4874d0f6558ab78a80bb4c8a3ff,1,6fd226a10216de446ea64b67ebc6d8cc,9646c3513289980f17226a2fc4720dbd,2017-03-16 23:32:41,19.9,10.96
0b19db7ca9db8caff754ff63f59f67df,1,0aa63972ae4967bb6874df796163549d,fa1a9dec3a9940c072684a46728bf1fc,2017-03-29 20:39:03,109.9,15.98
0b3aeaf1fb363edeaf5062df39515084,1,e34c56a36fdb6854b10410b776c39442,ff4ea69c2a729e83e63c7579e4ef8170,2017-03-30 06:35:32,725.0,29.56
0b3b5e521f3ad8a57d4c4bcdc034446c,1,08a02dac474e64a14808f8078407eff2,3b15288545f8928d3e65a8f949a28291,2017-03-30 22:47:42,279.99,19.25
0b4526b3cce3a48ec0506b923481cdfc,1,a00a22560435cc439faf6163eabc1ef8,2138ccb85b11a4ec1e37afbd1c8eda1f,2017-03-27 13:29:54,18.99,16.05
0b52749edbf531f1eedb8226ae141b9b,1,60e47589d616c8d62f908800260e102c,a35124e2d763d7ca3fbe3b97d143200f,2017-03-30 22:10:23,58.75,11.02
0b838846dd20161681d3072fbc6765ff,1,4d3e81b2dfb45a73759982d63e532e94,25e6ffe976bd75618accfe16cefcbd0d,2017-03-20 08:28:35,38.99,17.35
0b843b79b45dddbd796c0a7e51b2c6ca,1,79896466715d0179d8e5c8a84e5f0a18,05ff92fedb5be47920fea08e501238b9,2017-03-15 20:08:39,449.0,32.07
0b888bf3da7f8e0586d742ecbff15fd0,1,05d80513da078badb81a5f232e489376,dd2bdf855a9172734fbc3744021ae9b9,2017-04-02 22:55:11,79.9,19.26
0b8dbb26699a171be239666299d2174f,1,0ba59273939ff2679f761fcdb05cd74c,0adac9fbd9a2b63cccaac4f8756c1ca8,2017-03-15 20:48:23,47.9,20.8
0bea7c54ed17281e684c8bc1191e0272,1,6502573d0b5c3aa798a3131984966b52,59fb871bf6f4522a87ba567b42dafecf,2017-03-16 15:04:29,89.99,15.84
0bf0591471117549d48c64d47aa33e60,1,7f55769896fc6596e7251490b8b5e536,8a32e327fe2c1b3511609d81aaf9f042,2017-03-27 21:46:48,39.99,8.72
0c00bf3feaaced2a198154419c788fc5,1,80ad583034527f821e579d479f82fae9,7c67e1448b00f6e969d365cea6b010ab,2017-03-31 17:15:11,176.99,83.09
0c2989120592c0873f156da4204fbfb6,1,23ed7a10a36c6f88a757a9c83df9ea20,a888faf2d1baececa6baf9c3d603ee1f,2017-03-24 18:15:27,459.9,18.43
0c3f17e10268e00c6716de19889e2cf0,1,95c40b993a22463c83beb5c51a03d46c,85d9eb9ddc5d00ca9336a2219c97bb13,2017-03-16 12:54:41,20.9,17.78
0c65b54ed2c147ffd0092eb2308ee63d,1,ab40c45cb88545d5efa2679b30cec4c3,5075aaa8404020ae6aa8bf4792099b41,2017-03-29 11:07:12,14.99,15.56
0c65b54ed2c147ffd0092eb2308ee63d,2,ab40c45cb88545d5efa2679b30cec4c3,5075aaa8404020ae6aa8bf4792099b41,2017-03-29 11:07:12,14.99,15.56
0c892a79e462e31570b88739be67f32d,1,229c012e97328ba74fd0f4a1c29f8e51,8cc6a0e5738e61a87b03c78b2ba9db4b,2017-03-30 15:15:11,739.9,21.92
0c894d8f095e6bb51a9f22123a149507,1,c6dd917a0be2a704582055949915ab32,7a67c85e85bb2ce8582c35f2203ad736,2017-04-04 02:10:55,99.99,15.91
0c91c4102d1858f4ced29970f55e54a0,1,07c055536ebf10dfbb6c6db6dbfc36e5,cca3071e3e9bb7d12640c9fbe2301306,2017-03-15 11:01:46,45.9,10.96
0c94cc21548a77ceded09a70fdecc700,1,473795a355d29305c3ea6b156833adf5,620c87c171fb2a6dd6e8bb4dec959fc6,2017-04-10 06:05:31,59.9,17.85
0cabda713646db439e030172e3feea6d,1,96537ba8cc2b7b2d74ef574b5e78d458,0c8380b62e38e8a1e6adbeba7eb9688c,2017-03-09 13:30:20,144.5,30.05
0cabda713646db439e030172e3feea6d,2,96537ba8cc2b7b2d74ef574b5e78d458,0c8380b62e38e8a1e6adbeba7eb9688c,2017-03-09 13:30:20,144.5,30.05
0cb617c8bf1a34cf77947ac7d8b393f0,1,47a67549d9b00310453dec1c3902e391,7722b1df1b0e383e000397b2c11e3e19,2017-03-10 01:05:48,49.9,10.96
0cbd2aa629e9ecbbcf518a10e247414f,1,98d61056e0568ba048e5d78038790e77,8581055ce74af1daba164fdbd55a40de,2017-04-02 22:15:18,169.0,26.32
0cbd2aa629e9ecbbcf518a10e247414f,2,060cb19345d90064d1015407193c233d,8581055ce74af1daba164fdbd55a40de,2017-04-02 22:15:18,147.9,21.88
0cd93455c51655ebb590c07a06d584a1,1,6cdd53843498f92890544667809f1595,ccc4bbb5f32a6ab2b7066a4130f114e3,2017-03-22 22:55:26,349.9,28.71
0cfb04a3e59f3ce319891d208135885b,1,99b89f140f651db441848081814dd1a1,3340ef1913fb70d28420f6ceb685c339,2017-03-09 12:10:25,195.9,19.96
0d12f20556892f2a5aca4f39fb613a07,1,614a7083f3c1a64a1829fee6bc60d90d,2138ccb85b11a4ec1e37afbd1c8eda1f,2017-03-13 04:15:30,27.99,14.52
0d13e311818a800d01cd46fb35dd3c27,1,33e77eecc23c25a65d10f627e5053617,a7f13822ceb966b076af67121f87b063,2017-04-09 23:25:13,129.96,36.74
0d43ce52df043a3cdf371f10d03764d6,1,bf7db234b1df51fc5383311019d63fae,da8622b14eb17ae2831f4ac5b9dab84a,2017-03-24 16:05:36,89.9,17.37
0d560bf6bbc1b2e3637cdc56cf7e9639,1,b02a3f9824b29932f36a74d811f1b14c,b3f19518fcec265b2e97af287725f981,2017-03-24 20:01:39,99.99,11.31
0d68c551465186fc0cc6b48f617e0f3a,1,2635c3e7db0ac6cb3e733cac61ce0ba5,f8db351d8c4c4c22c6835c19a46f01b0,2017-03-23 21:29:07,26.9,16.05
0d6adc89d2a26a9691f972daeb40f165,1,1b37b3107916db24fcb0ea0f9c024bd3,720e6cf846ea7572cbb66b743fb91e6c,2017-03-23 12:23:46,54.0,14.55
0d6bfb2c384abf1053a600d79eb2dcfd,1,4b456247c6fd6370f0c01903b0c6d67d,87142160b41353c4e5fca2360caf6f92,2017-03-30 21:55:12,139.9,17.82
0d7183df2ed05cf8f239c29d295b0d34,1,84ec0a02f8de1e53710c6ef4a40134cb,dd533b429f380718b70ad9922c294bae,2017-04-06 13:35:22,169.9,110.78
0d74a4953206657c77bf6952c432809b,1,4e2e67ecbe3c5465a6c3c76db8acba86,cbd996ad3c1b7dc71fd0e5f5df9087e2,2017-03-29 16:21:18,23.99,14.52
0d9132dcd087abbb6771db9371e1f951,1,c656d2d3950c3165ec6574f3f6b9353e,46dc3b2cc0980fb8ec44634e21d2718e,2017-03-20 09:45:14,149.99,16.26
0dafd5ada8ca38b3cdd30cb12a6eb18b,1,7c21d2794fad14d186b2bcd9b07a8298,7a67c85e85bb2ce8582c35f2203ad736,2017-03-26 23:30:06,65.99,13.04
0dbd118355590880ca13ec4ce58e64b0,1,777d2e438a1b645f3aec9bd57e92672c,4a3ca9315b744ce9f8e9374361493884,2017-03-13 15:15:18,69.9,15.7
0dc2734aeb43fcd6b5c4a6d6296f50c5,1,33202a8e7a645388c41ed714203d7131,8d79c8a04e42d722a75097ce5cbcf2ef,2017-03-09 02:25:17,149.9,27.48
0df136a9938704f2ee4f14c0661ec032,1,076e4ce53c8914382e7ff3732511b17e,59fb871bf6f4522a87ba567b42dafecf,2017-03-31 09:57:53,99.99,14.46
0e0d0113e6a6e1dee034ffae4c3fd225,1,081088b5ca67de215fa103434690cedc,d66c305afaec317ebee552073a674429,2017-03-30 21:35:18,139.0,15.14
0e1bac945331ee7ac2676eaec01b8fc4,1,eba7488e1c67729f045ab43fac426f2e,620c87c171fb2a6dd6e8bb4dec959fc6,2017-03-28 17:26:40,198.9,21.84
0e1bd6280d543519379a15614783b9fe,1,1cf0c9095608952cb1c65c4789946375,b2ba3715d723d245138f291a6fe42594,2017-04-03 16:02:37,39.9,24.84
0e1bd6280d543519379a15614783b9fe,2,1cf0c9095608952cb1c65c4789946375,b2ba3715d723d245138f291a6fe42594,2017-04-03 16:02:37,39.9,24.84
0e1bd6280d543519379a15614783b9fe,3,1cf0c9095608952cb1c65c4789946375,b2ba3715d723d245138f291a6fe42594,2017-04-03 16:02:37,39.9,24.84
0e2fe4a9435f66fade2904a904a0adaa,1,3a58b2c6aa002adafb77ac772f768975,a3a38f4affed601eb87a97788c949667,2017-03-07 21:02:17,42.9,15.56
0e530f6be154c9d7e7b12f34153b0fc9,1,94b8c08d077273b9896ca6461d4e6e1e,76d5af76d0271110f9af36c92573f765,2017-03-21 22:36:29,819.0,29.93
0e66c646ef5d6364215ef15b3826c4c7,1,6d0663c395a253a37880561557f660e1,7a9c12e235c36247c3c81f50d6ea9cea,2017-04-10 01:05:20,378.98,31.58
0ea5190efe3edc73c0420f49af34383b,1,b5e87f53476b0084bd9ff8ae015fe05b,835f0f7810c76831d6c7d24c7a646d4d,2017-03-22 22:52:49,99.9,26.64
0eb43791d78d71f1098d5cb2b46e4c7b,1,f4f67ccaece962d013a4e1d7dc3a61f7,8581055ce74af1daba164fdbd55a40de,2017-03-30 15:10:16,241.1,22.0
0ed2b1a137a41fc9a7cba420e71a0a9e,1,0e8e65e0044a4d888d422517f545ba2e,f00e21b1e91a79653163b7fd8f293ff1,2017-04-05 09:55:13,159.9,19.82
0ed61f5ab3280ff43b157a6e91942538,1,1b34988d6060d833cbe3bf2bdeeb67ab,ffff564a4f9085cd26170f4732393726,2017-04-12 20:10:17,366.5,37.19
0ee0bf166bf18f991a111ecfe817c951,1,229c012e97328ba74fd0f4a1c29f8e51,8cc6a0e5738e61a87b03c78b2ba9db4b,2017-03-16 07:26:17,739.9,21.92
0ee0c320d2ceda401e28f8bc01e2fde2,1,5f24849289916bf82378a061a131fde9,be9a160a9011f627c3e121d076c1ec7b,2017-03-31 11:45:13,289.0,40.65
0ef67bb260101172d979ae466918b301,1,159ec57903b1ef5807cc73ebf66d12c6,87142160b41353c4e5fca2360caf6f92,2017-04-03 03:42:59,20.0,29.55
0efd493233dcc9266a7423754db0079c,1,207cdca64408b55cde28bfa9e62bced9,86ccac0b835037332a596a33b6949ee1,2017-04-03 03:42:56,26.69,14.52
0f4519c5f1c541ddec9f21b3bddd533a,1,e0d64dcfaa3b6db5c54ca298ae101d05,7e93a43ef30c4f03f38b393420bc753a,2017-03-15 13:26:57,231.27,27.88
0f463923e58ae2578bc70e3083b98e93,1,eba7488e1c67729f045ab43fac426f2e,620c87c171fb2a6dd6e8bb4dec959fc6,2017-03-28 11:05:06,198.9,18.82
0f5feae20ee62fe5f7320dea993a841c,1,fcb0e3bd6245e82cb0203dca6c126e43,36a968b544695394e4e9d7572688598f,2017-03-29 16:01:10,20.9,10.96
0f63ff1c10a2177f98f649312e587b9a,1,dbb4ce89c8ed5fb6fd901e2e51093179,91f848e9f4be368f4318775aac733370,2017-03-20 06:11:59,79.99,14.33
0f97133226253ab3a950e71d636a957f,1,94e6f132095f2a1ee6a6ba8330a9f9c0,2138ccb85b11a4ec1e37afbd1c8eda1f,2017-03-30 01:42:58,26.99,14.52
0f9d568730bf125dbbfed4fc655ff91a,1,ef69b63fe95d8d9ff6ac136f213db1bc,dd2bdf855a9172734fbc3744021ae9b9,2017-04-18 09:56:29,259.9,24.81
0f9ea2184ab597f17a8705fc0bb1c9e4,1,3548e75fd407073147486bbc50226ac4,dc4a0fc896dc34b0d5bfec8438291c80,2017-04-04 08:15:57,99.9,17.44
0fd56515a590720800123e3d872a1a51,1,cee96128d25ffe3429e69452233838dd,cfb1a033743668a192316f3c6d1d2671,2017-04-07 17:45:10,26.0,10.96
0fd56515a590720800123e3d872a1a51,2,8e312c483d79e02dbc1d68cce77e26c8,cfb1a033743668a192316f3c6d1d2671,2017-04-07 17:45:10,26.0,10.96
0ff7b37419d20c634e7bea8716821899,1,c8007a57fbe4d741758491f140fbbc74,d4e4b5192cba4e0e66eb12a9d347239d,2017-03-24 10:46:56,59.9,14.18
102e0d3cfdd667c3bdc41494ecbf6db5,1,453b0d78c257bdb2b47099a6a1c22040,f5a590cf36251cf1162ea35bef76fe84,2017-04-05 02:10:17,290.0,13.42
103355b1bc5b63508c20e2b7eeb58961,1,3a05a947f28cf46d789adedc107d7595,87142160b41353c4e5fca2360caf6f92,2017-03-09 18:41:59,110.0,29.81
104cba315a10ebccef0e851792083040,1,982565327a800a467fffeac070672ea6,87142160b41353c4e5fca2360caf6f92,2017-03-30 20:42:28,79.0,20.67
107280d6c872d2faa258ccce4d2e8798,1,2635c3e7db0ac6cb3e733cac61ce0ba5,f8db351d8c4c4c22c6835c19a46f01b0,2017-03-22 10:02:57,26.9,10.96
10857948637314508e05a14dfd8328b9,1,5bb73292c4b9cd1145fbb03e66d59d84,f1ce5fdecd64935c28b9ff932751d0dc,2017-03-29 21:55:15,79.0,14.72
10889542f25363f8b12b679fb7bba35c,1,56a2556592a309ac9f087be6ca82fbf0,b2ba3715d723d245138f291a6fe42594,2017-03-20 19:19:23,649.9,20.8
108ba0b0521d3a6629dc825044217a57,1,2431772a8c7ddb73d24a2ed6d0913f73,232a6014e7b10cba61c6c2b2ea6bb4b0,2017-03-09 11:35:14,84.9,14.76
1095806f851129963474b5f20d6520fd,1,d07c0177e489e871713b83a518446ac7,53e4c6e0f4312d4d2107a8c9cddf45cd,2017-03-09 19:55:14,84.0,13.17
109f014817afa47ae23b8b77939cad98,1,7868a64aa111bbb4f41f8e1146c0becb,cca3071e3e9bb7d12640c9fbe2301306,2017-04-09 23:50:17,59.9,13.0
10bf9305aa4d5fb3382720adad789a40,1,209c968305b3c2ab858608fc0b21e7e0,2138ccb85b11a4ec1e37afbd1c8eda1f,2017-03-24 19:25:50,18.99,14.52
10ed5499d1623638ee810eff1deccded,1,49ab5384de586d3e4efd9072c43d50be,a2e874074c877c5a05abae80ad6e488f,2017-04-17 13:38:25,109.6,27.2
1112bad3c4cd355a36c9d51e7e8e57d1,1,2ea92fab7565c4fe9f91a5e4e1756258,3d871de0142ce09b7081e2b9d1733cb1,2017-03-17 19:07:07,69.9,17.23
116d9a3f0291e98b5dc5a0e568124662,1,154e7e31ebfa092203795c972e5804a6,cc419e0650a3c5ba77189a1882b7556a,2017-03-30 19:05:59,19.99,14.52
1182df110fbf0a14dfb08dd06c560836,1,125d26eac85cf57783e2b545149ad38c,92eb0f42c21942b6552362b9b114707d,2017-03-16 21:26:56,25.0,24.84
11920e11fe97283e241e22b84dc6a89d,1,9e2d3a8d8ffad53e2e35282a2020221c,1da366cade6d8276e7d8beea7af5d4bf,2017-03-09 08:45:16,29.9,22.28
11d2a4111b0de56991e1ccbeaf4eb0e8,1,99b89f140f651db441848081814dd1a1,3340ef1913fb70d28420f6ceb685c339,2017-03-14 17:14:18,195.9,19.96
11e7f6565677c76d397e92859292a496,1,09472f584cfc3f5c6aa0cc9fd52a6f34,818d28f936e791926d33bcb6ee94ef79,2017-04-11 02:22:31,27.9,14.52
11ff1ded4bf64d8d20ee9717984a0f4f,1,951cb45d30e716a846d8cf5874034e56,2138ccb85b11a4ec1e37afbd1c8eda1f,2017-03-28 08:23:28,18.99,14.52
121dd40b10fc0795e5f649ceedab30f9,1,dd6a505f83dd3c6326aa9856519e0978,fa40cc5b934574b62717c68f3d678b6d,2017-04-06 18:45:14,49.9,24.84
1221c36a98cc5135bd2a4933f8512c47,1,6fba9843ddfdebe33d2625afc8001eb7,7008613ea464bad5cb9b83456e1e6a8f,2017-03-15 16:02:27,54.9,18.66
12246bc7c8c246d8294f4f6a04efc60e,1,555ac2c0671fd791fae84d6eeec2c1fc,ae8bfdbf1c2a2a2dee92d799db0a31c6,2017-03-14 23:55:39,49.99,18.63
126b56e36148dafa96b5705c766ab2c0,1,38dcb9ae53c258cfba73583f9454d721,6c12e40690c335dbc2f68a4134d30dc1,2017-03-10 13:06:05,1250.0,34.25
129538e4bc7308e9ab041540283813f2,1,e282624d8c82e04983f125e167eb4521,2138ccb85b11a4ec1e37afbd1c8eda1f,2017-03-21 21:50:14,18.99,10.96
1299a512fc464f808332d44a0e73f367,1,c4e8d6b4c4915e1e596379c68c4391dd,a7f13822ceb966b076af67121f87b063,2017-03-28 15:21:25,99.96,21.01
12b9b63b911cf0a24b137a184c48e4ee,1,05c723fd782f0208b09b7c86f5220a5b,391fc6631aebcf3004804e51b40bcf1e,2017-03-15 14:44:36,99.85,17.16
12b9b63b911cf0a24b137a184c48e4ee,2,ea73128566d1b082e5101ce46f8107c7,391fc6631aebcf3004804e51b40bcf1e,2017-03-15 14:44:36,139.9,22.88
12c66c45d332a69f08f11ceecf3dd8d4,1,2180541a551b218f67e8bd22614688d1,cd06602b43d8800bd0afad514919d35c,2017-04-05 02:05:11,5.0,14.52
12c66c45d332a69f08f11ceecf3dd8d4,2,2180541a551b218f67e8bd22614688d1,cd06602b43d8800bd0afad514919d35c,2017-04-05 02:05:11,5.0,14.52
12cd98b885d11fa8260badce51a54ba0,1,5f6906793eb1d554d76c39398ce08693,391fc6631aebcf3004804e51b40bcf1e,2017-03-23 15:23:31,24.75,11.74
1310586c8caa5a7d84ef95db79b1e054,1,953db9f56394a544b5659c4246eb37c9,d1c281d3ae149232351cd8c8cc885f0d,2017-03-17 08:13:06,163.99,22.62
134dd47f025f4b13cd82ce9e771800bb,1,675eadffd43ac06d1bead694fb553d35,41b39e28db005d9731d9d485a83b4c38,2017-03-08 23:25:15,109.9,23.13
137e9582e80ce34b3205c7cc8466ec29,1,83b7e1ec294af41b21657b105834c836,a36b125ac6d5fdbc7f50de85c9157bdc,2017-03-08 22:33:20,29.99,16.05
138d22c05c5e456f19bdc7dcf09b89aa,1,0cf573090c66bb30ac5e53c82bdb0403,99eaacc9e6046db1c82b163c5f84869f,2017-03-28 06:13:55,59.0,11.02
139f77f83936e3fed4788e6675c1a64a,1,2c6bcc88c0f2f55d3c085cb9fa67b4cf,54065e9aef7e9e9c2dc23b7594db021a,2017-03-14 17:50:24,650.0,21.39
13bdf405f961a6deec817d817f5c6624,1,96ea060e41bdecc64e2de00b97068975,7a241947449cc45dbfda4f9d0798d9d0,2020-02-05 03:30:51,69.99,14.66
13ff6e8d3b4edc9c04197d2945488442,1,8c5876b1c7768217964f353bc7e64393,0db783cfcd3b73998abc6e10e59a102f,2017-03-23 10:13:18,49.0,10.96
14066026f08d98c3316b5b8637282529,1,3fd371205bcc8fd75d0711e30ee46ebf,440dd6ab244315c632130ecfb63827b1,2017-03-30 18:15:09,8.5,14.52
140b263288af3fc4f4b00c207639b37b,1,ff2b293ae4b3c204113bdec91e27a584,e24fc9fcd865784fb25705606fe3dfe7,2017-03-27 13:40:15,156.0,15.26
141ce9b3c6022301d7fbb3d545e2d2fe,1,154e7e31ebfa092203795c972e5804a6,cc419e0650a3c5ba77189a1882b7556a,2017-03-14 01:05:18,19.99,10.96
14293b00f541856ef515e415e6a5a2f4,1,98d61056e0568ba048e5d78038790e77,8581055ce74af1daba164fdbd55a40de,2017-03-16 18:59:25,169.0,18.47
143c703ed417ebaa64077dcdc2c820a9,1,8dff5399c7a5552ee041c8bb465e5288,db4350fd57ae30082dec7acbaacc17f9,2017-03-31 17:25:14,34.99,8.72
1479096c26c6fa5150e7b39fde03d5d4,1,84259efff65083245b85e488d3a30d4c,a7b7354cc588f7566a848bcbb1ce3d96,2017-03-19 22:11:59,39.9,10.96
149e467b7d8c16156fa0810e8b4e1e8a,1,7c2d0df8e5fbfa71d54a400b33a8502e,7e1fb0a3ebfb01ffb3a7dae98bf3238d,2017-04-05 23:31:59,116.0,11.42
14bc69ea319de2d00a2d781ecf29df42,1,6d6b0f6705c1acf1128ecf19d57d5444,891071be6ba827b591264c90c2ae8a63,2017-03-09 08:30:18,25.0,14.52
14c32105022b0afaa60c1cae1c516e8a,1,68c923fddf7f83316b53252eaf830724,7a67c85e85bb2ce8582c35f2203ad736,2017-03-31 18:43:05,69.99,17.23
14cd301a36b07ef8fef16986bc807aac,1,d97f2d7642b06661e99578b3455f5d58,f8db351d8c4c4c22c6835c19a46f01b0,2017-03-16 15:48:11,26.9,10.96
14e80781ddd70466c4f4250a2e905a6c,1,98e91d0f32954dcd8505875bb2b42cdb,01cf7e3d21494c41fb86034f2e714fa1,2017-03-15 20:06:37,59.9,22.35
14f0a731b7bacd25973e4b5edc708af7,1,0de1e69dff6f40f9f71be7034a8bb8d2,620c87c171fb2a6dd6e8bb4dec959fc6,2017-04-06 16:55:19,309.9,19.6
1514b8d46abaac77919d48ac0f757fe0,1,608b018a4443a457a5cd1e58de213cb2,93b9a99027bd8bd6af682aff18dd19bf,2017-03-28 16:02:27,27.0,14.52
1535ffdb181e70ff560cfced342c4f40,1,d249623077b8906276b8d77ced95f8c4,6560211a19b47992c3666cc44a7e94c0,2017-03-20 17:50:37,49.0,14.52
153e41d2dbed0732e8c41f472d912453,1,c7b3cf9de7be95b3e09e7a63315685eb,5dceca129747e92ff8ef7a997dc4f8ca,2017-03-20 22:22:06,69.9,22.78
1560a63a0c01388598eac8e14a503f2d,1,f42b6d7b1de09b0216895a6dd9621c79,800214c63934acd05d47e84214db8ba8,2017-04-06 13:05:18,59.9,19.12
1590f37cad06b14cb123f6a45b2bdf4c,1,dbb4ce89c8ed5fb6fd901e2e51093179,91f848e9f4be368f4318775aac733370,2017-04-03 14:35:22,84.99,14.36
1613193aa6cbc8820d6b5c12536722a0,1,0db608cb372db7e5f00b9f8c572b6ff6,12b9676b00f60f3b700e83af21824c0e,2017-03-28 16:00:40,199.0,32.99
1617449e333a6b58fd912b6a4f25330c,1,c1066831f90626b7fd73ed871a49f158,bf100ecb7997df312b285358fb32f92c,2017-03-17 18:13:52,53.9,14.55
16547d000ee8f177f45827613e2a17f3,1,a00a22560435cc439faf6163eabc1ef8,2138ccb85b11a4ec1e37afbd1c8eda1f,2017-03-27 21:16:22,18.99,16.05
16547d000ee8f177f45827613e2a17f3,2,ae9b8e8d0dcd7ca369276380ee8ce659,2138ccb85b11a4ec1e37afbd1c8eda1f,2017-03-27 21:16:22,18.99,16.05
166456efeff39afc75c0ae8580db1318,1,8c5876b1c7768217964f353bc7e64393,0db783cfcd3b73998abc6e10e59a102f,2017-03-30 20:22:54,49.0,24.84
16859c16cad5082b592ab0ecc7234a71,1,f3dfe1ebf34697e381de433829e7439b,7722b1df1b0e383e000397b2c11e3e19,2017-03-26 22:03:40,34.9,14.52
16aaefde5d48ac55cb13be6353f9d415,1,39a93ffccb8197be32c57f39ff8d826c,aba1721a889e04decc910aa13b768ef4,2017-04-06 19:25:07,33.0,14.52
16b1ede10202dd1e72ae0f96b35d08fb,1,47ed478ee7b2696c2c49229fcad56e98,afe0067131b73e40875c9b6c10bd2e21,2017-03-21 19:57:50,129.9,20.99
16bd7305ef0477841c92abb93ddf72c4,1,c31e1b9e61e5cdcc727c10d01581d2bb,aafe36600ce604f205b86b5084d3d767,2017-03-09 13:35:10,89.9,22.59
16c94c833d565079bc2b35b78a99b3e7,1,4298b7e67dc399c200662b569563a2b2,4b5f66b7adcf57f1ecc0d3c07dd6b177,2017-03-27 16:03:34,149.99,16.75
171d4e3d9d9ef65b03328734b287170b,1,e12569a1ad365c9f77fb1ae6d5de26e8,aaed1309374718fdd995ee4c58c9dfcd,2017-03-31 20:35:24,99.9,19.4
1722c7033df589c35fdf704cd5a8779d,1,7e0dc102074f8285580c9777f79c90cf,e26901d5ab434ce92fd9b5c256820a4e,2017-03-28 18:04:36,34.9,14.52
17524778aa49be21fc28936461d0c5ff,1,216d7596db68f81bfea69726dd1e5545,5cf13accae3222c70a9cac40818ae839,2017-03-23 20:49:05,79.5,14.73
175dce49b5ee048156291ea4dadd9f57,1,30b74394f33d50a2af1047ee1cfd5705,debe6615cd90cc0c2eac2b8988e1f628,2017-03-10 02:15:49,15.9,11.74
1782944168d9dc2fcfd025bc44d898c8,1,dbaeb92cf0908499e8a6f00a9964a6a6,f8db351d8c4c4c22c6835c19a46f01b0,2017-03-21 01:34:41,29.9,10.96
179643231d5131dc81e54ce16437972f,1,552a2a10932c4abaff715fe6a4d61280,4b1eaadf791bdbbad8c4a35b65236d52,2017-03-22 21:10:16,147.9,16.25
17a7c61884c9f0021e21a4f8fb2724e7,1,7e0dc102074f8285580c9777f79c90cf,e26901d5ab434ce92fd9b5c256820a4e,2017-03-27 10:14:09,34.9,24.84
17ade9a25d129b033c406e6d31b31a85,1,a695ab8413ea83619cde9b18292d6aa1,1da366cade6d8276e7d8beea7af5d4bf,2017-03-09 02:24:05,40.0,14.52
17bc0acf9f5ac57fc41fb222543c3c46,1,b59fb744c6f3cd1dc23b10f760848d98,916748bc99315c2d202898ae58b1617e,2017-03-23 11:55:04,9.9,10.96
17bc0acf9f5ac57fc41fb222543c3c46,2,b59fb744c6f3cd1dc23b10f760848d98,916748bc99315c2d202898ae58b1617e,2017-03-23 11:55:04,9.9,10.96
17bc0acf9f5ac57fc41fb222543c3c46,3,b59fb744c6f3cd1dc23b10f760848d98,916748bc99315c2d202898ae58b1617e,2017-03-23 11:55:04,9.9,10.96
17c059796a89b5b4c53113de933500c1,1,6bbe55cf8f85c87b6eebb775a53402f4,0db783cfcd3b73998abc6e10e59a102f,2017-03-22 22:02:18,99.0,25.18
17dc275426dc4430d983cdd5280e9414,1,5b706747080dcd34b3ebd803c25ccd65,fa1c13f2614d7b5c4749cbc52fecda94,2017-03-24 19:52:56,186.15,15.47
17fd242bc5402e221bb59a6efec0f397,1,867860cb9f8724722b424497dfe1d491,dd2bdf855a9172734fbc3744021ae9b9,2017-03-10 13:05:24,69.9,11.88
17ff863d51f7f8ee2c9dc76413c43b54,1,29353bc591cb0f1a7cfa75382a0c6170,0c8380b62e38e8a1e6adbeba7eb9688c,2017-03-27 22:07:40,119.9,19.12
1801c6babedcb89ced12ae5f6352f787,1,66484d3ad6c8fcd55265bfdb060fc8cc,05ff92fedb5be47920fea08e501238b9,2017-03-09 06:45:13,328.0,36.75
18248821ee955752db5292194e4b6970,1,162e010af9fe224d35fd8496a273fb02,3c3017960b2dbd72711a61f0400aab8f,2017-03-30 11:25:11,89.9,38.2
18323bf515bec81ec824b51f618d2429,1,162e010af9fe224d35fd8496a273fb02,3c3017960b2dbd72711a61f0400aab8f,2017-03-16 19:32:27,89.9,23.18
184cc3e09f63ccf3f0de8067b3badfb3,1,6f33a4a09ae1180a0ee1ff4682b2d21f,725c32fa80c2faacc4fc88450d27314e,2017-03-29 21:10:12,139.99,16.19
1863ea0df317ace17a6b6021020c2fd8,1,7e0dc102074f8285580c9777f79c90cf,e26901d5ab434ce92fd9b5c256820a4e,2017-03-16 09:45:16,39.9,10.96
186e07e37d4253c4aaab5f2aa0cf4136,1,14dffa241a078aeaebaef48a49e807ca,fa40cc5b934574b62717c68f3d678b6d,2017-03-09 10:50:24,64.9,14.21
186f042cdce95c754951633686eb1dc5,1,7e0dc102074f8285580c9777f79c90cf,e26901d5ab434ce92fd9b5c256820a4e,2017-03-29 22:56:13,34.9,16.05
187530cc7669030a3535f758f769165d,1,4633dfeb3a2588bdb52af32d504b44eb,b76dba6c951ab00dc4edf0a1aa88037e,2017-03-10 15:45:13,29.9,10.96
18987e54897a1baddde716aa4a01639c,1,fa2de9e6a52f697fbd74ddbc2c15b16c,ffff564a4f9085cd26170f4732393726,2017-03-28 09:27:08,114.5,12.19
189a789106a7456d348ba7ebf920586c,1,ca38c039b717207dec906f4fa9a21db7,59fb871bf6f4522a87ba567b42dafecf,2017-03-15 21:31:32,189.99,15.5
18cc8479fa2db4a1166ab0d28ff2f54b,1,d4a8ab90e626911fa92af68c07228390,cca3071e3e9bb7d12640c9fbe2301306,2017-03-31 16:25:24,45.9,17.19
18cdeae7a1be6702546e3d83e5186748,1,50147c350ddbaff0646aeac455c7473e,a673821011d0cec28146ea42f5ab767f,2017-03-16 11:33:13,99.99,17.54
18d4a70e332d1cba03d4bc1530aa3df3,1,81288df52439985f610be64465e53f57,54a1852d1b8f10312c55e906355666ee,2017-03-09 02:25:21,109.99,13.35
18ed62e249d4b637b186e91f0374a476,1,fd28b464cf1660a67606f7b48c8c38c6,5dceca129747e92ff8ef7a997dc4f8ca,2017-04-04 01:15:44,49.9,10.96
1907abda7b8d9460f40f04928a4f1721,1,568e52d4c670b4d5130bae2dbf211c40,8581055ce74af1daba164fdbd55a40de,2017-03-15 20:18:24,92.1,22.11
190e8611451cfad038f032f548f44c12,1,d8722b339cfc97d60ea267aaab121c39,7142540dd4c91e2237acb7e911c4eba2,2017-03-20 16:12:29,84.9,24.79
1924766ffdd4d4a99d7a138edd875e38,1,c98b240226f68cdb71a1b4b24d5f3843,54065e9aef7e9e9c2dc23b7594db021a,2017-04-10 01:01:52,450.0,14.78
19421091ea8830b487a1aa4c43e074b6,1,2d2600c283c0c1af0528fd84c14a2c28,e48b04bf1aa1ef711caebeb7aede6180,2017-03-29 22:50:19,127.9,26.39
19421ea168a928851f0b465bfbcea60d,1,6685d4ea9111ef423f76ea2ecf350180,7c67e1448b00f6e969d365cea6b010ab,2017-03-20 21:55:27,89.99,28.82
19421ea168a928851f0b465bfbcea60d,2,6685d4ea9111ef423f76ea2ecf350180,7c67e1448b00f6e969d365cea6b010ab,2017-03-20 21:55:27,89.99,28.82
1960bcbcb43dbc59b615f82547e10203,1,ca169d8dceee80e88508bc636a2aac96,da8622b14eb17ae2831f4ac5b9dab84a,2017-04-03 16:16:19,114.9,19.08
197e823afa23ea796ca722cc9465c923,1,e275b12a1775bcc17af5524af5ba80b4,3f8034bfc6b8b4135534975d49f04c63,2017-03-09 10:17:51,120.0,16.05
197fdb2270597913a3ba471f251d01c5,1,9a98180ffbd0765e89f11cc8dd2385f4,0c8380b62e38e8a1e6adbeba7eb9688c,2017-03-30 08:30:16,69.9,14.26
1996c282f4c9a331bf94a8fb2e080120,1,77d1f94d7eeaaeb36736fd1049e79eb3,8e6cc767478edae941d9bd9eb778d77a,2017-03-16 09:56:17,64.9,18.73
19b458c5801e5fc6d67e6cf0d61b98c4,1,a695ab8413ea83619cde9b18292d6aa1,1da366cade6d8276e7d8beea7af5d4bf,2017-03-13 04:15:17,40.0,10.96
19b458c5801e5fc6d67e6cf0d61b98c4,2,a695ab8413ea83619cde9b18292d6aa1,1da366cade6d8276e7d8beea7af5d4bf,2017-03-13 04:15:17,40.0,10.96
19b6a2b67dc4c2f7cd5bad41395c42cb,1,c9c455f9fd8ca66d3ff7f90a249753b4,96804ea39d96eb908e7c3afdb671bb9e,2017-03-17 11:42:53,109.95,18.2
19e985f2f060675c813b7c9d094cbe07,1,ea4802c51ff32d5122f8a282f1ebc730,17e34d8224d27a541263c4c64b11a56b,2017-03-22 09:44:10,284.99,22.44
19ee33bc4d781b94196719ab012adc42,1,8f03c5b78e41d6cecdfb6f6bbe4de8da,48162d548f5b1b11b9d29d1e01f75a61,2017-04-03 03:46:00,307.3,27.65
1a076ebf5225e2c21de6fad7c324ddec,1,2e34ed2b95d40201c3ca372ec80db75a,a5bff0f43eb51f0cad7c37fac7244c8a,2017-03-14 19:20:28,89.0,24.62
1a076ebf5225e2c21de6fad7c324ddec,2,2e34ed2b95d40201c3ca372ec80db75a,a5bff0f43eb51f0cad7c37fac7244c8a,2017-03-14 19:20:28,89.0,24.62
1a102760523f4d9dfac2d4fab47dbeea,1,c1fe1d0cdc60f0908dd825d2a096f85a,06532f10282704ef4c69168b914b77be,2017-03-27 18:38:06,1380.0,101.03
1a2442f225e9147e717dfaa6a93058d4,1,b17808303e15dd50538c011b44295427,4a3ca9315b744ce9f8e9374361493884,2017-03-26 22:21:57,68.9,11.87
1a3875a70aed30f04c73624a486bceb7,1,194163a8a65a48a8c95623c399a9d4a7,0c8380b62e38e8a1e6adbeba7eb9688c,2017-03-08 02:25:09,109.9,19.05
1a48457d74e555ecee7280368ee20123,1,aab4ed0a026e2f1d486ff1556e12b7e7,c447f8dd3ed213f291d65ef074a268eb,2017-03-22 15:19:12,155.0,12.48
1a6a61fc8a3caaa9599b17984f3f35bc,1,8e7d8117454aa017a9800633a0b0a05a,41b39e28db005d9731d9d485a83b4c38,2017-04-03 18:42:35,119.9,20.92
1a839aaf6aae24eb10a1a4e0bc238de7,1,7e0dc102074f8285580c9777f79c90cf,e26901d5ab434ce92fd9b5c256820a4e,2017-04-03 15:43:45,34.9,14.52
1a839aaf6aae24eb10a1a4e0bc238de7,2,7e0dc102074f8285580c9777f79c90cf,e26901d5ab434ce92fd9b5c256820a4e,2017-04-03 15:43:45,34.9,14.52
1a9b9f5f7c4ed24f0e1e7c19cc9510a5,1,6f6c5da6ce68f0b7150daee08677ca79,cca3071e3e9bb7d12640c9fbe2301306,2017-03-16 21:11:42,209.9,33.07
1abe41acd810d11da1a7ba7776728453,1,21ff08c8ad08521e34ac18dcc59be52c,a17f621c590ea0fab3d5d883e1630ec6,2017-03-29 22:25:18,41.33,14.52
1ad2e5e9d162ef3b6c99d6e19f589212,1,430d215740da7fdda91cc938f8fd92f6,0887a9f087bcd5d9f6642b52f897fc6c,2017-03-29 22:30:18,105.0,21.18
1afd8ff2dd513d0b66ac931347fd264d,1,383390bacab031887058eccc2e994879,784ba75dd9d20200c4caed3d7a77141a,2017-04-06 02:15:14,10.99,14.52
1affc4ad6b0957720114bf91c2f39879,1,4cbe01e6e8b6d49ce7880528c00b6c31,2e0dba2da448400b1c11d7b4b22f32a4,2017-03-21 19:34:30,16.79,10.96
1b01d7d89cee1fbbd040078c1cd83cd7,1,0663a33c86fed5322e603ef430775b7b,3d871de0142ce09b7081e2b9d1733cb1,2017-03-30 01:30:41,48.9,11.74
1b760c8f4093bfc9fe9df789a58c5554,1,5991d036c20c6afec567cb3b852e616d,53e4c6e0f4312d4d2107a8c9cddf45cd,2017-03-10 16:35:16,45.99,26.61
1b9fa622cb692f6e9d803d4a346bf021,1,5a6e53c3b4e8684b13388d6aa4afdf12,7299e27ed73d2ad986de7f7c77d919fa,2017-03-23 16:47:13,14.99,14.52
1ba17bb34e802d7e243558ee086ff754,1,c8d415e06ebd7a37c7a5b4a18641ca11,cbd996ad3c1b7dc71fd0e5f5df9087e2,2017-03-29 15:22:48,43.48,17.78
1bb808438d953f0b816a43fca01390af,1,164a001b8c3c3be1c4c04f158bfafaca,1771297ac436903d1dd6b0e9279aa505,2017-03-21 19:35:17,385.6,24.99
1bc3ce28b0a3f83481e648fb1881e44b,1,7e0dc102074f8285580c9777f79c90cf,e26901d5ab434ce92fd9b5c256820a4e,2017-04-03 22:10:09,34.9,14.52
1bcc9dd1dbb385cedfcf4d96da5af4ff,1,79896466715d0179d8e5c8a84e5f0a18,05ff92fedb5be47920fea08e501238b9,2017-03-09 19:10:11,449.0,37.59
1be578faaacbe5ff9885364c415d4763,1,2f9c2888168b8c2d8e625905f3737057,6c177e38df6d3f34182b1f1d427231bf,2017-03-13 09:30:09,99.0,14.45
1bed03d048b494e693abd504e67328d1,1,42c9f35641e6be42fa5a86a7b2ea46e4,83e197e95a1bbabc8c75e883ed016c47,2017-03-28 16:32:56,104.5,15.94
1c0ab2d3364599a25ffdc198391784a7,1,cd82271424be9568801391194697361c,062ce95fa2ad4dfaedfc79260130565f,2017-04-06 09:30:16,41.9,20.8
1c17925c49f9d7785ecc1febf7f30363,1,a4bc24bcb44abb54f2f6214991dcdab0,8e6cc767478edae941d9bd9eb778d77a,2017-03-21 15:06:40,59.9,18.7
1c2dcebc8729b58ef305048ff12b1540,1,7e34dea6bf1b26c294d48bfc3fa41d9e,b1aaae6b66ad3c40f54b389d7ea4bee0,2017-03-16 14:05:07,52.0,14.12
1c3ad9cd29b642c9eca00186785aa309,1,154e7e31ebfa092203795c972e5804a6,cc419e0650a3c5ba77189a1882b7556a,2017-03-14 01:32:28,19.99,14.52
1c6455382944f30b6a7128f9747cef97,1,c857b96593773e940454e76efa8eabb3,cca3071e3e9bb7d12640c9fbe2301306,2017-03-17 01:30:35,59.9,17.26
1c7cb97df72bc6c604e6019104e2b2b0,1,33fac76e7f17367dedaef7954bbb33b4,56642bcb79900e777d68e91915cb4267,2017-03-20 17:35:44,69.0,9.47
1c8757886a51b1d2a57ef26e7004ee37,1,dd3575a8c5e2139f680a9816a15c8f2a,4869f7a5dfa277a7dca6462dcf3b52b2,2017-03-23 19:26:44,235.0,15.82
1ca238d5d47be7f4da4d8d22f33ed7ca,1,d6fe3b4ddecd4a8393c6a1385de3bfb6,7c67e1448b00f6e969d365cea6b010ab,2017-03-22 23:42:58,199.99,34.44
1ca238d5d47be7f4da4d8d22f33ed7ca,2,d6fe3b4ddecd4a8393c6a1385de3bfb6,7c67e1448b00f6e969d365cea6b010ab,2017-03-22 23:42:58,199.99,34.44
1ca238d5d47be7f4da4d8d22f33ed7ca,3,d6fe3b4ddecd4a8393c6a1385de3bfb6,7c67e1448b00f6e969d365cea6b010ab,2017-03-22 23:42:58,199.99,34.44
1cbcc355e275e5143ab1dbf260ca14f1,1,222efa72a47277d611b8b38d71149afd,cd06602b43d8800bd0afad514919d35c,2017-03-16 19:04:41,6.0,8.72
1cbcd6f5fd482df88073ad0e5a411b39,1,d425f8ccf937bdc4c55eb96ef872d812,42fb44130ac3134cde8e35cf8ec7df25,2017-03-28 11:40:21,24.9,14.52
1cbd71feda5da8baea7160be1168fbc5,1,acb4b5ecf253ffb4b641801c37d33899,cca3071e3e9bb7d12640c9fbe2301306,2017-03-13 15:35:12,59.9,15.63
1cd6899e0a2e42420d74de5c4371fa83,1,b84ee1832bd494a163f0a8315efde95c,87142160b41353c4e5fca2360caf6f92,2017-03-31 01:23:25,39.9,17.19
1cda18d2a64c5cbb986e64a2d8030dec,1,eba7488e1c67729f045ab43fac426f2e,620c87c171fb2a6dd6e8bb4dec959fc6,2017-03-28 01:09:40,198.9,18.82
1ce397b1df28355ed4f928b2b322db98,1,7c2d0df8e5fbfa71d54a400b33a8502e,7e1fb0a3ebfb01ffb3a7dae98bf3238d,2017-03-24 10:44:52,116.0,11.42
1d03ab3055cbeb857235ddc26b6fc88a,1,d4fe034cde911805af12724d73fde7e0,dd2bdf855a9172734fbc3744021ae9b9,2017-03-30 13:07:25,79.9,15.32
1d047c7ee1b2d2bdb743f1abdcd4ffaf,1,315affd5901833621c947264eb9f2588,fa1c13f2614d7b5c4749cbc52fecda94,2017-03-31 01:23:13,132.93,15.1
1d48ff4287c2ff4e757091486fa7c6d6,1,9b2db9ec16a8a51549f32462bf973523,a3a38f4affed601eb87a97788c949667,2017-03-17 10:40:07,128.9,23.19
1daadb218e1c16168ce3c3888ade376c,1,89b94b15a3c25df736daa9e61539ada9,e49c26c3edfa46d227d5121a6b6e4d37,2017-03-20 18:21:21,79.9,21.01
1e0efbb6f899f5f08e26951b1e170387,1,dbb4ce89c8ed5fb6fd901e2e51093179,91f848e9f4be368f4318775aac733370,2017-03-21 17:30:14,84.99,27.06
1e0efbb6f899f5f08e26951b1e170387,2,dbb4ce89c8ed5fb6fd901e2e51093179,91f848e9f4be368f4318775aac733370,2017-03-21 17:30:14,84.99,27.06
1e0efbb6f899f5f08e26951b1e170387,3,dbb4ce89c8ed5fb6fd901e2e51093179,91f848e9f4be368f4318775aac733370,2017-03-21 17:30:14,84.99,27.06
1e0efbb6f899f5f08e26951b1e170387,4,dbb4ce89c8ed5fb6fd901e2e51093179,91f848e9f4be368f4318775aac733370,2017-03-21 17:30:14,84.99,27.06
1e2e0bd44283a412e965e041198550c2,1,dfb97c88e066dc22165f31648efe1312,8581055ce74af1daba164fdbd55a40de,2017-03-16 14:02:50,139.0,40.48
1e5116c850ec5a9a3a83ff73bd06aef6,1,32a5dd316c0a5ff63e2bdbb820bc1506,c8660dcf9ba70575f45d80fe28c27713,2017-03-24 20:31:35,65.0,16.15
1e8ff8bb172260d3d1b60936246867e0,1,755d50f7034720815db9431dc2f1cb27,999f6d9a1c7c81f43be44c6b7d076210,2017-03-09 21:35:15,14.0,14.11
1e9bf802b8192eb97af61fd92b586471,1,3e442d09f9dfef002aadf31960869f65,85d9eb9ddc5d00ca9336a2219c97bb13,2017-03-16 21:44:39,20.9,17.78
1ea11b975aea60ca92fa0559184d3d34,1,7514a3aab09ede7053ace487b3c89873,41b39e28db005d9731d9d485a83b4c38,2017-05-15 23:22:38,49.9,14.52
1ec2e1de3e116559a59ec5166697d334,1,32371620a54fa76bdc3575748f8b8ce9,aba1721a889e04decc910aa13b768ef4,2017-03-13 14:25:12,166.0,11.77
1ec8ab9b7dc304ec05a9e96f6a25217c,1,0f3c8906e5b08127d539956bc587074c,f67efa3f0b6761102a7f8c6b7b571f5d,2017-03-23 11:29:14,149.99,16.16
1f21b692c9d8f0368278413ecd0878f3,1,a695ab8413ea83619cde9b18292d6aa1,1da366cade6d8276e7d8beea7af5d4bf,2017-03-09 17:05:13,40.0,14.52
1f308a202c015c950d2a8562bcad7903,1,73ae8d8ca7df19a982c92fc1265d9e46,da8622b14eb17ae2831f4ac5b9dab84a,2017-03-22 16:51:40,79.9,17.3
1f3d431152e91775a11e3354e8f055a7,1,49c934af2be4194ac63262d60745fcb0,4da0e408c99d2fdc2126dc9fce518060,2017-04-04 14:15:20,67.0,15.68
1f50915cd289eb7e0a0da3f4300b92bc,1,f130542b9dab05d4540ba00f35f0880f,dc8798cbf453b7e0f98745e396cc5616,2017-04-03 03:55:13,24.9,14.52
1f50915cd289eb7e0a0da3f4300b92bc,2,8e87b57f5bc7661130ee7803017f3f32,dc8798cbf453b7e0f98745e396cc5616,2017-04-03 03:55:13,24.9,14.52
1ff554f292eca293a405beea2511f6de,1,f422d0d9f8b5f7c27289382b14b61248,1554a68530182680ad5c8b042c3ab563,2017-03-27 08:35:10,66.99,17.21
200adc2205bc2cf8f4cdfc575012b2d0,1,7220c6a818067f0a916279b9a207f299,12b9676b00f60f3b700e83af21824c0e,2017-03-22 22:12:24,199.0,27.86
205214f7f27b2cea7e82fb18e87a9369,1,1efd84ba20d23186f576a37baf64ae9d,b2ba3715d723d245138f291a6fe42594,2017-03-09 19:55:13,19.9,8.72
20793c7d8b2f96312e51e2aa27204159,1,07faa4b332434d6455398852452e2783,eec3469d83e142f9a104886655338c37,2017-04-03 09:02:48,10.9,10.96
20c2a60238ac437bd325af95c7148e06,1,4a028badeceba3a65a3316aa0c0e0c4b,82e0a475a88cc9595229d8029273f045,2017-03-27 11:39:45,99.8,22.2
20c2a60238ac437bd325af95c7148e06,2,4a028badeceba3a65a3316aa0c0e0c4b,82e0a475a88cc9595229d8029273f045,2017-03-27 11:39:45,99.8,22.2
20c75d31d2151bf4e0b8b398e64fb163,1,05d0a8e2bd6c40610cf28932d9a796ff,93b9a99027bd8bd6af682aff18dd19bf,2017-03-23 09:26:54,37.0,11.74
20ce857482318a94142a0276fc72b4ad,1,dbb4ce89c8ed5fb6fd901e2e51093179,91f848e9f4be368f4318775aac733370,2017-03-22 16:41:46,84.99,18.87
20f837a22a0326636f941c343fa912ed,1,d62ed986672bfab13938e62e6badec55,2a6fbeaa7ab9e5d59a35841a8da71ce4,2017-03-30 13:03:50,28.0,15.56
20ffa1dd114d05854717ad7de094930c,1,4ba501db540524d84cc382bb041ac508,44073f8b7e41514de3b7815dd0237f4f,2017-03-20 11:33:55,138.9,16.67
2105771f19af1ff52afe2a18c984c412,1,a8d2c5e8f29550a539f377d977f10a52,7e1fb0a3ebfb01ffb3a7dae98bf3238d,2017-03-16 02:59:42,95.0,21.12
2105771f19af1ff52afe2a18c984c412,2,a8d2c5e8f29550a539f377d977f10a52,7e1fb0a3ebfb01ffb3a7dae98bf3238d,2017-03-16 02:59:42,95.0,21.12
2147876cd801aed5f273ba360d0960ac,1,e282624d8c82e04983f125e167eb4521,2138ccb85b11a4ec1e37afbd1c8eda1f,2017-03-09 02:10:41,18.99,14.52
217bb07ca5be930bc84e050acb4817c2,1,5a6e53c3b4e8684b13388d6aa4afdf12,7299e27ed73d2ad986de7f7c77d919fa,2017-03-30 14:30:16,14.99,14.52
21b97cd3f3ef1ede9e0f4e56103a476c,1,0efc91aa52d1f0669126d3000a94279b,d1c281d3ae149232351cd8c8cc885f0d,2017-03-08 04:03:05,98.99,15.8
21ed2fe3b38bb559c88f45cf6179f2cd,1,c57d1d566402540eb9be608112ced702,522620dcb18a6b31cd7bdf73665113a9,2017-03-09 06:45:13,46.0,24.84
21fffc2b5c2da5c102a2faec84d352b8,1,72172e982e8b92155069e4201c92c0bb,e9779976487b77c6d4ac45f75ec7afe9,2017-03-22 19:40:13,28.0,10.96
220f16b082fb12df459a193b4bbf9dbf,1,bd5b04e67f3659248acfb0c61c08a9c1,3b15288545f8928d3e65a8f949a28291,2017-03-30 14:09:46,119.99,15.95
22479f588dbf140ab4e8f3a6688c31b1,1,19ac68e14d04f4207dda95e2fd44a960,5f2684dab12e59f83bef73ae57724e45,2017-03-08 01:02:17,89.9,9.62
22543ab72b10fb061808feb20d9e7531,1,53394e15d1c663729450eb4a49c4ff7e,6d1b9c9579132c87d2703ec38c30f2c5,2017-03-08 22:30:19,89.99,15.39
225ab782cbf978534e852f511cc46fd0,1,9d374944ce89ce9afd8c8f79fb7f3bc9,9646c3513289980f17226a2fc4720dbd,2017-03-24 16:04:23,29.9,16.05
22849055311b7748c424a30367967406,1,933c087730a6c93d94f4faa02ac3e37c,96493fab2fbb13a14d0c0e8772eef5c3,2017-03-27 14:28:53,89.0,15.38
228f12f010b1363cba76e442bd378e53,1,95c40b993a22463c83beb5c51a03d46c,85d9eb9ddc5d00ca9336a2219c97bb13,2017-03-16 15:37:50,20.9,14.52
22b7dd604ff5725df72b4245777f87f7,1,cfd414b4463647f58c7775eaae06893d,f8db351d8c4c4c22c6835c19a46f01b0,2017-03-30 02:46:09,98.9,14.86
22c930d93c85657de22b7cf482ed42bc,1,9cb854ba582f5a6b7832b86553c0b8ab,013900e863eace745d3ec7614cab5b1a,2017-03-09 10:02:28,69.0,24.48
22ca2c0914d6a325764b5d09f54c1c00,1,be8aef10cd8c8a52fa98f5f7f71bb373,4a3ca9315b744ce9f8e9374361493884,2017-03-17 09:44:32,139.9,11.59
22d62716773a7a0f7e8f98b15087ae22,1,0152f69b6cf919bcdaf117aa8c43e5a2,d2374cbcbb3ca4ab1086534108cc3ab7,2017-04-12 16:28:26,13.9,14.52
22d62716773a7a0f7e8f98b15087ae22,2,0152f69b6cf919bcdaf117aa8c43e5a2,d2374cbcbb3ca4ab1086534108cc3ab7,2017-04-12 16:28:26,13.9,14.52
2311ac56316c28e8f8f0b729ed8979ab,1,8232a265a535c1f886b38335667be2a5,f45122a9ab94eb4f3f8953578bc0c560,2017-04-05 16:45:13,59.99,15.63
23169ab372b70385fcc9668d29aad84a,1,c689470c5a069795896edc7b896d9251,0c8380b62e38e8a1e6adbeba7eb9688c,2017-04-03 17:50:10,49.9,17.09
2318f7d3046fc9a035c165169b54d4b8,1,39b86f4e3aedf22731990099a660a6f5,6560211a19b47992c3666cc44a7e94c0,2017-03-31 20:43:08,49.0,10.96
2318f7d3046fc9a035c165169b54d4b8,2,a1250bbcaa645885c9165eab1573b5c6,6560211a19b47992c3666cc44a7e94c0,2017-03-31 20:43:08,47.99,10.96
23229014c0c3d71b5a013fc36f1de367,1,cfa9c98a148ace270ebd4a856316c227,ef506c96320abeedfb894c34db06f478,2017-03-28 18:49:39,35.99,20.4
236d21060f892e44cfdfb2846ea93133,1,5abf8ac7fdb8291904445c4bd64ac917,bfd27a966d91cfaafdb25d076585f0da,2017-03-21 09:33:40,259.0,12.42
236dc705223e6458673e808d1024d671,1,a00a22560435cc439faf6163eabc1ef8,2138ccb85b11a4ec1e37afbd1c8eda1f,2017-03-31 09:55:14,18.99,24.84
238bcd7a2027e5f32fd185c264d73786,1,26eed370f5b5e551ed3a9854d522a65d,272f092de69afedd4d2969440b37f18f,2017-03-27 20:38:03,69.9,14.66
23c7702588b2b08f1bf4fbdd15f19343,1,0c03a930e654a5f1ea08f95a5c67d076,b17b679f4f5ce2e03ce6968c62648246,2017-04-05 19:10:20,49.97,15.56
24197cf765af52797f30b528ab2af7ea,1,c4c273fc9291c33a56ad3f006fe567e4,620c87c171fb2a6dd6e8bb4dec959fc6,2017-04-06 16:30:16,299.9,12.71
2425bfa4b884a961d340ba2616f3be4e,1,bdfe450775bde583b7abb5698f1bd6e2,56642bcb79900e777d68e91915cb4267,2017-03-22 10:48:27,131.0,17.76
2445a82ec841c77c3fa6573bc3e00dcb,1,11fd9d7ba552e1d28872e008acf1e050,cb8bcce248bb1fb274ba762d8b971456,2017-03-27 15:16:57,139.9,16.68
244e91c4c416908e17829094e3eb7aa6,1,247fa5b4e2f524a22b21ef256ffc23e4,3bdff180c7e1f6551a643b99c265a120,2017-04-04 02:10:54,26.9,15.56
247775a3bf20c748cd22b1521899ffa7,1,e251ebd2858be1aa7d9b2087a6992580,001cca7ae9ae17fb1caed9dfb1094831,2017-03-30 02:45:30,139.9,15.15
2490acacc509d48df78fe4d3a44f45df,1,7bdf179ad010100a0ee238b988147fd1,d20b021d3efdf267a402c402a48ea64b,2017-03-15 12:57:30,46.99,11.74
249e512a5776328abbff6e280d2f3199,1,71a033537c0b1b79fc26e6d0bb3bb1a2,391fc6631aebcf3004804e51b40bcf1e,2017-03-16 20:44:31,73.35,15.72
24abd231b3f48073eb9bc660b3eea5fd,1,0705b33fb285827a578fce4899f1b921,318f287a62ab7ac10b703ac37435a231,2017-03-07 10:42:55,22.5,15.56
24ae0d766df69840feedaece7acfc653,1,e8bf29c4bfb2d46faeba76ed3db7f44f,f9244d45189d3a3605499abddeade7d5,2017-04-14 07:54:19,1309.99,45.74
24ee049b7819170224ee7e5eca0494e9,1,b8762d562d810c2f8d7ad7e9c12957be,dbb9b48c841a0e39e21f98e1a6b2ec3e,2017-03-30 13:15:15,24.9,10.96
250feacc914cfbf84cd0779fdbbb785e,1,aba86c093ccdbac75b09111d57e50004,7c67e1448b00f6e969d365cea6b010ab,2017-04-05 21:25:20,119.6,11.52
2518a3eb047912b58514fc2f405ea73a,1,abcadf3aeced9a5dd2c23cb61ca09a4c,5bffbafbb22daf6d3bfc216a46db8708,2017-03-16 21:17:57,69.99,14.66
2545a371c2d78cb0967db6cea045029f,1,7d0e0214a0852cf0c90032c7992cf27f,2a6fbeaa7ab9e5d59a35841a8da71ce4,2017-03-14 15:46:42,63.9,14.62
2567c0e99db4aabbc90fedb36d8de1c2,1,aa0816cf69c9faa95e573541be5c0c32,6560211a19b47992c3666cc44a7e94c0,2017-03-30 14:10:10,59.0,24.9
2573400a7beba401684ca3eca5e38936,1,55ebae49cf4c0963d5738a39e1e79750,2be17df1c49978426251562096c3cc09,2017-03-21 21:25:00,139.0,15.14
2576b4cacdd8011f190642f9c42d1522,1,4bb4fb9c85785b75ab4f6559900c7ca1,ef506c96320abeedfb894c34db06f478,2017-03-23 12:16:58,37.99,10.96
257d1faedcbe9d328080c6ec04c8f819,1,98e91d0f32954dcd8505875bb2b42cdb,01cf7e3d21494c41fb86034f2e714fa1,2017-04-10 05:45:27,59.9,15.63
2592a2d249009fdfd066161c0c2a726c,1,b3fa89053a8298a2d3265e6ea6c79588,01cf7e3d21494c41fb86034f2e714fa1,2017-03-23 18:43:55,149.9,47.0
259ec9586950682cf8417030d1b4a6ac,1,2635c3e7db0ac6cb3e733cac61ce0ba5,f8db351d8c4c4c22c6835c19a46f01b0,2017-03-30 19:32:53,26.9,14.52
259ec9586950682cf8417030d1b4a6ac,2,2635c3e7db0ac6cb3e733cac61ce0ba5,f8db351d8c4c4c22c6835c19a46f01b0,2017-03-30 19:32:53,26.9,14.52
25bcb5644535c6bacdc1b64cd1a9dab0,1,45df8892a1d74d2e8f960dc06625fdab,99eaacc9e6046db1c82b163c5f84869f,2017-03-30 20:22:29,299.0,26.58
25efa6c863eee6b4b658233ee3b463a3,1,4cbe2c068a0dedc1d12e126a2e7a15e3,50c9975695009e5e6473912e83a6d1da,2017-04-04 20:15:07,40.5,14.52
25efa6c863eee6b4b658233ee3b463a3,2,4cbe2c068a0dedc1d12e126a2e7a15e3,50c9975695009e5e6473912e83a6d1da,2017-04-04 20:15:07,40.5,14.52
25fbf27ebf14d822b62827aeb77d9d10,1,189863ada55d223aa579c28edd1e2353,54065e9aef7e9e9c2dc23b7594db021a,2017-03-23 12:50:27,69.0,20.53
2622673a1a0575cbc8ad8900214a7c4c,1,f35927953ed82e19d06ad3aac2f06353,669ae81880e08f269a64487cfb287169,2017-03-20 09:35:56,115.0,14.98
2622673a1a0575cbc8ad8900214a7c4c,2,f35927953ed82e19d06ad3aac2f06353,669ae81880e08f269a64487cfb287169,2017-03-20 09:35:56,115.0,14.98
263ab9a25494623c1dff19c7cb1e3fa4,1,a710be5818329b097a82bb26b480f5fa,54a1852d1b8f10312c55e906355666ee,2017-03-30 23:32:31,59.99,11.03
26433be071eb28b998536367c0b2a6a8,1,c4baedd846ed09b85f78a781b522f126,a1043bafd471dff536d0c462352beb48,2017-03-21 14:52:55,99.99,36.53
264c045399fb02e9f309f715c2e5f3d5,1,3871b7939245ed35ab97c7d3924c6862,66fd84ee7528c0c0de85d0f44a73d5ab,2017-03-30 01:30:53,17.99,16.05
264c045399fb02e9f309f715c2e5f3d5,2,3871b7939245ed35ab97c7d3924c6862,66fd84ee7528c0c0de85d0f44a73d5ab,2017-03-30 01:30:53,17.99,16.05
264c045399fb02e9f309f715c2e5f3d5,3,3871b7939245ed35ab97c7d3924c6862,66fd84ee7528c0c0de85d0f44a73d5ab,2017-03-30 01:30:53,17.99,16.05
265f4e28ef8cf69f8445e2951bbe7343,1,7e0dc102074f8285580c9777f79c90cf,e26901d5ab434ce92fd9b5c256820a4e,2017-03-15 00:33:11,39.9,24.84
2660e4e0c99dc944d9935e3b8781d81b,1,7e0dc102074f8285580c9777f79c90cf,e26901d5ab434ce92fd9b5c256820a4e,2017-04-04 16:15:14,34.9,10.96
2668da32aacf500cc535a4915f6efd91,1,7e0dc102074f8285580c9777f79c90cf,e26901d5ab434ce92fd9b5c256820a4e,2017-03-28 18:00:19,34.9,14.52
267db43542633efa0839c965b2ad2f31,1,60cfed7bb114878f269131d2857b226d,c42fd8e4d47dfb18ce5222f2dd7752f9,2017-03-15 10:38:32,26.0,1.99
267db43542633efa0839c965b2ad2f31,2,1fdac0720456c9b74b0a93aeb821d5a2,c42fd8e4d47dfb18ce5222f2dd7752f9,2017-03-15 10:38:32,26.0,19.93
2685303a30b9133248bb610af20a7811,1,56e6dd2e26d45f414905e276ac1dbe9a,0ea22c1cfbdc755f86b9b54b39c16043,2017-03-28 08:42:45,39.9,10.96
2694d5d93827eee9e3b4c2d4287c605d,1,777d2e438a1b645f3aec9bd57e92672c,4a3ca9315b744ce9f8e9374361493884,2017-03-23 11:49:25,69.9,17.33
26b4d5acef7d1ea2ca51d3836df08d78,1,982565327a800a467fffeac070672ea6,87142160b41353c4e5fca2360caf6f92,2017-03-16 09:35:17,79.0,24.75
26ba6dc5d33b55a3107a56f4e8d77395,1,6856ab01ef22301e08a45d5842ccb247,4a3ca9315b744ce9f8e9374361493884,2017-03-22 16:38:56,129.9,16.61
26bb01f8da89d1db61bdb339788731b8,1,30469bb5ea377eae7121981e2f0778e4,80e6699fe29150b372a0c8a1ebf7dcc8,2017-03-15 10:49:48,113.0,33.09
26de0ad903879b7f28b74d5f60426198,1,12bc892d6fff0dc42c8177f3665ef00e,e9779976487b77c6d4ac45f75ec7afe9,2017-03-07 09:35:20,29.0,20.8
26ef05ca1105e34d67dfaccab65e1100,1,52b3af7304d611855714d9b3d1724ea7,4a3ca9315b744ce9f8e9374361493884,2017-03-27 20:55:05,48.9,11.74
26f48bf7cbe8a240db0273cdcfaba9b2,1,b27ff4b438c93e0dbc08bf543dbe31ed,5cf13accae3222c70a9cac40818ae839,2017-03-09 17:15:11,79.5,11.17
2701d162dabcb83a27f19ae30e8fea47,1,4f969a12cc8cb60a5cce67cc3fc305cd,6c1b6d0c604b776f844125f911eb7377,2017-03-20 21:28:55,115.99,25.3
270c203303119d8cee340c3b736a8ea1,1,aa8fce5e65ab73ab73101ea58d710905,218d46b86c1881d022bce9c68a7d4b15,2017-04-02 23:35:18,127.48,11.5
2717f4c53530f00ede208ee51da3c3ee,1,b57a4072f1286a401272930c85221f91,ef506c96320abeedfb894c34db06f478,2017-03-07 13:30:20,25.99,8.72
272cb4760cf5b97f2b4bddd15520e10a,1,c752f2bc46ad4b389290cf5828a1db62,a416b6a846a11724393025641d4edd5e,2017-03-30 01:23:25,29.89,9.34
273177c9b2d2eb2a68a77ee39e726b52,1,e66b4ebb16777b24037fe7eda706add9,0c8380b62e38e8a1e6adbeba7eb9688c,2017-03-08 15:10:24,89.9,24.83
275a683f9d935da3b306ef3b0260f965,1,222efa72a47277d611b8b38d71149afd,cd06602b43d8800bd0afad514919d35c,2017-03-21 20:09:19,6.0,10.96
275a683f9d935da3b306ef3b0260f965,2,222efa72a47277d611b8b38d71149afd,cd06602b43d8800bd0afad514919d35c,2017-03-21 20:09:19,6.0,10.96
276566d4177aa73785edbf9d6364925e,1,ff7fccf8513f360157f0660fe51d1d88,440dd6ab244315c632130ecfb63827b1,2017-03-22 19:05:03,159.9,17.86
276e586682c7afb8f69a92fb276dc884,1,29b85c2f1ec5f4d02b03737a8fd3698b,44073f8b7e41514de3b7815dd0237f4f,2017-03-26 21:55:02,183.0,16.58
278373e52db807377698eb36337a8246,1,9372674c33091b1a6cbcb8ddb9c6f073,cca3071e3e9bb7d12640c9fbe2301306,2017-03-17 02:05:32,72.9,19.21
278ce3d59dd06d461a1a4d6703790ae9,1,ffbbf6b9097237a1122f17e7341a3fb2,9bcdfa7b615b3abb9461d9e3ad9886ae,2017-03-17 17:38:51,80.22,14.73
278ce3d59dd06d461a1a4d6703790ae9,2,ffbbf6b9097237a1122f17e7341a3fb2,9bcdfa7b615b3abb9461d9e3ad9886ae,2017-03-17 17:38:51,80.22,14.73
27943171ad2f4d49d8ad2df967b6c8be,1,9af9fb5e25c1c09f035e01b7936f6c6e,aafe36600ce604f205b86b5084d3d767,2017-03-29 15:43:45,89.9,15.84
27d0167780910831455af6f6bfc7179e,1,19b273d8fd4a02daae6db415447b4a4a,75d34ebb1bd0bd7dde40dd507b8169c3,2017-04-12 02:10:21,99.99,21.15
27d100303d20caf196f550e504ba6240,1,34d6306314a47fe15c1efdbc23302020,229c3efbfb0ea2058de4ccdfbc3d784a,2017-03-23 00:23:02,69.0,14.24
27dd7a0387216be808ff97f5d2cf5862,1,6fd82d8f842424334fedf31190e54d24,6560211a19b47992c3666cc44a7e94c0,2017-03-14 19:25:22,45.0,10.96
27e2a7e5ef6ee74e734f296c3a0e33f8,1,a00cd7752fb98e0a8382def60ecc0b17,db4350fd57ae30082dec7acbaacc17f9,2017-03-10 19:55:13,13.99,10.96
2816b0ec050fb4a136c32a6bda007a91,1,32267de030005084d4b6af64f22143b8,9dda5bbacd45e18d6485fee649205d09,2017-04-03 16:35:19,110.0,20.85
281962853c1f4b3b4ea3bed6e4647759,1,8381ea12b1b0b93589326894a9b3a00d,fa1c13f2614d7b5c4749cbc52fecda94,2017-03-10 02:10:38,124.9,21.32
283182f68c047a2b61aee07baeb819f0,1,e6b6e13cf71449a457269f425b89dc74,b2ba3715d723d245138f291a6fe42594,2017-04-05 00:32:15,84.9,11.2
283a28089024b597c5b18cfa50e0a701,1,b4b50667a9874708d4e3ac962ebb21fa,1967a9e2ad6f51802b093147d861df58,2017-03-20 21:10:13,190.0,18.17
284b3707cd4351c728d8d59db0ce2c45,1,37e4c14527273be66b84b8836bba463b,a154d7316f158bb42e6fa18bbe3afd3a,2017-03-21 19:32:26,69.9,18.24
284d05f958811fe43d952eb2245b3f91,1,4abef02c9dfc89006cb3d501d1f291c1,d98eec89afa3380e14463da2aabaea72,2017-03-23 13:25:34,50.0,10.96
285ab9426d6982034523a855f55a885e,1,0c6fc9b9317a68d1cda098c063914b72,c847e075301870dd144a116762eaff9a,2017-03-16 22:47:40,429.9,27.75
28781e0706467b15858facab8a22ba5b,1,f422d0d9f8b5f7c27289382b14b61248,1554a68530182680ad5c8b042c3ab563,2017-03-23 21:48:05,66.99,17.21
2894a7132c45ea461bc47c5a3bb1c6e0,1,f83c9874b5b5044ea58fef1be68c1ea8,2e90cb1677d35cfe24eef47d441b7c87,2017-03-21 19:42:03,132.7,26.43
28b33b3ff1e1ef5e83ff16ade701d262,1,c3ba4e8d3cb30049213b682e751e9d00,6560211a19b47992c3666cc44a7e94c0,2017-03-22 20:31:34,95.0,11.28
28c1a3d568f61625f9e85245db020568,1,abcfceb4d3a690bb6b3887235e2854bd,729f06993dac8e860d4f02d7088ca48a,2017-03-30 11:05:27,164.9,24.14
28c80a03a80d512daa77b7b944cf069c,1,d1c427060a0f73f6b889a5c7c61f2ac4,a1043bafd471dff536d0c462352beb48,2017-04-04 02:31:20,159.99,33.4
28f0558838bcded1adf9bd48f1bdc457,1,f7c7bd3105bd26ce0de4072af7159f84,d66c305afaec317ebee552073a674429,2017-04-05 02:10:23,97.99,25.84
28f0558838bcded1adf9bd48f1bdc457,2,aa8d767a6316127a012fc3d16b84dc7f,35ef5aa32949680f627efec3c23e705c,2017-04-05 02:10:23,26.9,26.14
28f0558838bcded1adf9bd48f1bdc457,3,aa8d767a6316127a012fc3d16b84dc7f,35ef5aa32949680f627efec3c23e705c,2017-04-05 02:10:23,26.9,26.14
29124c072d8e7d7681a0bebfe267c67a,1,86b4986bc313d65b0b5e46f5be8d11ce,4869f7a5dfa277a7dca6462dcf3b52b2,2017-03-27 12:00:57,445.0,13.72
291db84768080eac60e76d9a3ef9d1de,1,3c078c878d44c18bb8c02acc54ae25e5,0adac9fbd9a2b63cccaac4f8756c1ca8,2017-03-24 17:20:30,37.9,10.96
295d49e8efc4fcc47de84a52d74d37a3,1,d070415dddac66bcbc0a2e4f253c0f81,712e6ed8aa4aa1fa65dab41fed5737e4,2017-04-04 18:05:29,275.0,74.69
2973501c740d29c4ad13c14b660e2472,1,ed00a8453145186b3f071f1e3edef33d,5b664594895aefb418afaee6d40a9a23,2017-03-08 12:15:21,38.9,14.52
298ee4d77c0352fc41f432254afdf1d3,1,693a4eef562b75a833c7ffbc3ddb61dc,0ea22c1cfbdc755f86b9b54b39c16043,2017-04-04 02:16:00,24.9,20.8
29997a1fcb8c5884c6718f399ed6b7db,1,7f55769896fc6596e7251490b8b5e536,8a32e327fe2c1b3511609d81aaf9f042,2017-03-21 20:53:54,39.99,8.72
299ce7925408d58052afc1317198584a,1,67b0d38a61d8e4c1c1df7d56276302aa,0ea22c1cfbdc755f86b9b54b39c16043,2017-03-12 23:35:14,59.9,14.59
29a2291d6d805fb5ed5585585715b98f,1,7b35be468d9795a7529f65c50ec87668,7e93a43ef30c4f03f38b393420bc753a,2017-04-06 11:05:18,726.36,20.29
29a2fc94d071b51922d95462458c6c7f,1,bbc9e653c2f5794542ac3867ab5ab757,0c8380b62e38e8a1e6adbeba7eb9688c,2017-03-23 08:08:05,36.5,15.56
29a2fc94d071b51922d95462458c6c7f,2,bbc9e653c2f5794542ac3867ab5ab757,0c8380b62e38e8a1e6adbeba7eb9688c,2017-03-23 08:08:05,36.5,15.56
29b56ecd8b55b6089065dad2fe85a0b8,1,7c1bd920dbdf22470b68bde975dd3ccf,cc419e0650a3c5ba77189a1882b7556a,2017-03-16 15:42:59,64.99,14.62
29cb59b155735e49bf9d85d37f7ecd79,1,fdd84aefb08c8f8225e0b8c97429d53b,94144541854e298c2d976cb893b81343,2017-03-30 16:30:16,59.9,17.85
29d0a45c5f4c8f6d17e390ab762df890,1,0efc91aa52d1f0669126d3000a94279b,d1c281d3ae149232351cd8c8cc885f0d,2017-03-30 18:50:25,98.99,35.31
29e40e2efb1493c943466c5e401d08ab,1,cc5c55b85ec65541272bea4b9895add4,32fdd5d44ecb43dfd6a24b9369eca144,2017-03-30 01:43:19,59.9,11.81
2a3007ed051b02a0e0dd0709c0ec9cd6,1,9e572ff4654f7064419d97a891a8b0fc,da8622b14eb17ae2831f4ac5b9dab84a,2017-03-29 11:32:27,114.9,14.57
2a61a7cf365db56cbf9fb72e2a422653,1,694e58e56c74114ee0628c25f3f26f8c,7008613ea464bad5cb9b83456e1e6a8f,2017-03-24 00:36:36,52.5,14.54
2abac84637c5e0ddd2923f22ba61a96a,1,4ae634441e444ca4bc85903cafe98d73,92eb0f42c21942b6552362b9b114707d,2017-04-05 01:22:35,25.0,16.05
2abaeadd36049815bac47f33e2ad3789,1,5e8f674eea4267b3de326c3e2ee2c5e7,a90a5da8b09e44264a177c0374a5ac87,2017-03-16 20:17:07,34.9,14.52
2ad5b7ca9c86553e0804ec604fdbc462,1,dbb4ce89c8ed5fb6fd901e2e51093179,91f848e9f4be368f4318775aac733370,2017-03-29 22:15:10,84.99,18.87
2ae6e5a2da4078c84661d1289e22742b,1,7e0dc102074f8285580c9777f79c90cf,e26901d5ab434ce92fd9b5c256820a4e,2017-04-13 05:45:23,34.9,10.96
2b1b3e27032562816a63a8472681a344,1,624b5655a9d76b5a0e7d780dc4733887,ef506c96320abeedfb894c34db06f478,2017-03-28 15:56:54,34.99,20.8
2b233b3b91f2164ae046d169a3d975ee,1,b35ce9c1e37f5b0f4134da0fe4c93b84,dd2bdf855a9172734fbc3744021ae9b9,2017-03-09 01:32:48,69.9,26.75
2b49d60af10ea7e2443376987ec8a184,1,0b43cf5c79d088cfca305c4ac3ce50b0,db4350fd57ae30082dec7acbaacc17f9,2017-04-03 09:15:09,14.9,20.8
2b8c8846f8e82bd4956159a513ca01ad,1,133eefb3fc03b13ebded258788747304,2138ccb85b11a4ec1e37afbd1c8eda1f,2017-03-23 18:21:51,27.99,14.11
2bafcaecb60350e62797b7bfd0fa1e54,1,5ea13888505d00f6a33b996f70a06e13,17e34d8224d27a541263c4c64b11a56b,2017-03-24 16:10:49,127.99,15.07
2c115ba9e25f2b8932ec710356d9eca9,1,da86f2cc2faf840b7b86390726b88905,0747d5bb69f0586cc869d8af4c50f93e,2017-04-04 02:22:38,22.0,10.96
2c2ce5e6f838b293b3297370a80598f7,1,b15b0f14796af4af048f9d043465a255,4e7c18b98d84e05cbae3ff0ff03846c2,2017-04-04 21:22:35,89.0,25.85
2c3a7da8d1c6190209fd4c1a9e3d79c7,1,4fcb3d9a5f4871e8362dfedbdb02b064,8581055ce74af1daba164fdbd55a40de,2017-03-09 02:15:23,143.8,24.0
2c4f41fd30cdd44de346e77247380dd2,1,cd072553fd098e618264cdfff5980360,17e34d8224d27a541263c4c64b11a56b,2017-04-05 16:43:40,303.99,12.74
2c51c4240b040878ccc14a715bd52b0c,1,154e7e31ebfa092203795c972e5804a6,cc419e0650a3c5ba77189a1882b7556a,2017-03-30 09:40:36,19.99,24.84
2c52a5a630ca9e849ec5fad8932bab44,1,7703b8cb5b77fbb36518ea91e2ca734f,6560211a19b47992c3666cc44a7e94c0,2017-03-23 14:41:46,39.0,10.0
2c52a5a630ca9e849ec5fad8932bab44,2,186fe07c8b8005ec6a498587ffbc1352,6560211a19b47992c3666cc44a7e94c0,2017-03-23 14:41:46,29.0,10.0
2c52a5a630ca9e849ec5fad8932bab44,3,6c55ba2343f9df32c7f88a468352ff22,6560211a19b47992c3666cc44a7e94c0,2017-03-23 14:41:46,29.0,5.0
2c52a5a630ca9e849ec5fad8932bab44,4,7dac8901a50cf3317d5372cbd3186ecd,6560211a19b47992c3666cc44a7e94c0,2017-03-23 14:41:46,29.0,5.0
2c52a5a630ca9e849ec5fad8932bab44,5,7703b8cb5b77fbb36518ea91e2ca734f,6560211a19b47992c3666cc44a7e94c0,2017-03-23 14:41:46,39.0,10.0
2c52a5a630ca9e849ec5fad8932bab44,6,186fe07c8b8005ec6a498587ffbc1352,6560211a19b47992c3666cc44a7e94c0,2017-03-23 14:41:46,29.0,10.0
2c5f8c98e00740a16ca31cb18a7c8723,1,529deff9c151e0db37c88a43952868bb,f45122a9ab94eb4f3f8953578bc0c560,2017-04-03 03:50:48,245.99,16.83
2c75c33f103e365438cc19a05d444b7f,1,9ccf0137597c7461ba6c1d306a13f7ac,2a1348e9addc1af5aaa619b1a3679d6b,2017-03-13 04:05:27,11.9,16.05
2c82f906ef852620997996a6e3d66be0,1,9d703ce870d13f6fca072b0fca977fc1,820cc752a266cdc6c1a1e61dd4583330,2017-03-23 10:36:33,109.9,14.94
2c88b5879d666444b90643a3817f9b97,1,aba86c093ccdbac75b09111d57e50004,7c67e1448b00f6e969d365cea6b010ab,2017-03-29 21:27:37,119.6,15.01
2ca70b2f655793dd6a6d502a0cd0dd9a,1,fc49395ccfb1f65ab0d1352684772112,99eaacc9e6046db1c82b163c5f84869f,2017-03-09 13:42:54,199.0,15.56
2cfe487abef71e655486b036f6c89636,1,42130cd7a981706499a4d337f2f7f621,2138ccb85b11a4ec1e37afbd1c8eda1f,2017-03-20 09:46:48,29.99,14.11
2d3246c68cbe85d64b652f4ff3848de2,1,5bd3ba44eb990450377a2cd863821cca,38e679b9e0064cd94c6f035707344dae,2017-03-14 10:07:04,198.95,30.27
2d5058747a7287ed0678a7d65af01329,1,af51d485dc5255ba2e18b21b550156e6,5dceca129747e92ff8ef7a997dc4f8ca,2017-03-20 17:16:20,249.99,68.45
2d582ca9251cf300ff17929c5151438a,1,c3e4f757b86c42e1a598380332bc9e88,25e6ffe976bd75618accfe16cefcbd0d,2017-03-23 09:59:57,311.0,24.47
2d7312746088a0bd8d60f8db6c6fcb46,1,d0349534ab9b46b98d13a53051310f24,229c3efbfb0ea2058de4ccdfbc3d784a,2017-04-06 17:10:16,75.0,14.29
2d7561026d542c8dbd8f0daeadf67a43,1,7594c5fa74bceda1c2540003533a6e02,e83c76265fc54bf41eac728805e4da77,2017-03-21 11:24:27,32.9,20.8
2d870e500a9ffcb5c5f0723f198a7e21,1,812f1a638bcd733dd09a574e2424dff0,c3cfdc648177fdbbbb35635a37472c53,2017-04-07 15:45:23,339.9,23.85
2da878ecf6888b9ef86f601d9a8b9492,1,c6dd917a0be2a704582055949915ab32,7a67c85e85bb2ce8582c35f2203ad736,2017-03-23 11:19:12,99.99,15.46
2dafb4132a26189c56b5443762cba44e,1,fab8297a9d2e7e1e756998675831f7e9,fa1a9dec3a9940c072684a46728bf1fc,2017-03-23 23:57:08,135.9,16.16
2db8bb66bd5b7b1777d5b5729843ff03,1,154e7e31ebfa092203795c972e5804a6,cc419e0650a3c5ba77189a1882b7556a,2017-03-30 10:00:52,19.99,10.96
2dc3f680b2788d38f7162482b575e41a,1,164a001b8c3c3be1c4c04f158bfafaca,1771297ac436903d1dd6b0e9279aa505,2017-03-21 23:37:32,385.6,27.44
2df094c40051a8f5ed95344421039ced,1,1c2862e8f831c73dd953c24b3fd5b9e2,df560393f3a51e74553ab94004ba5c87,2017-03-17 18:44:18,31.5,16.05
2df2cf698fc8633cca4e90baa85fdf0b,1,4bb4fb9c85785b75ab4f6559900c7ca1,ef506c96320abeedfb894c34db06f478,2017-04-05 18:45:08,37.99,10.96
2e39f907d4dd92ec91f6a98ea094e68f,1,8607de65564eb8365dff1cd491ba80d4,004c9cd9d87a3c30c522c48c4fc07416,2017-03-28 22:34:04,89.99,17.37
2e454cf4f81bec04aa0e7192f8252790,1,7e0dc102074f8285580c9777f79c90cf,e26901d5ab434ce92fd9b5c256820a4e,2017-03-22 08:27:01,34.9,16.05
2e48496fcd4e08d2b2c66ce170c428ba,1,58327c5dd67068015c5a9c5eeb51d848,8cc6a0e5738e61a87b03c78b2ba9db4b,2017-03-30 19:10:17,739.9,19.35
2e5b6a33990392a9c796ee57da31a651,1,4b13aefdb8d42b55a96d9985fa5da023,f45122a9ab94eb4f3f8953578bc0c560,2017-03-22 22:49:47,34.99,10.96
2e5f5fa378d4e95d6db046bb596c4ae9,1,027bb42a4ef22da4c7a80ecf9c60ba0c,07017df32dc5f2f1d2801e579548d620,2017-04-06 13:05:22,67.9,17.48
2e66e99189df5b39d5d4820731fc0723,1,569ffd16f8032478cbeb9800f2e94ba0,20cb7c2fde3e5bf10f0bbe7394e1c6a9,2017-04-02 21:55:19,16.9,14.52
2e66e99189df5b39d5d4820731fc0723,2,569ffd16f8032478cbeb9800f2e94ba0,20cb7c2fde3e5bf10f0bbe7394e1c6a9,2017-04-02 21:55:19,16.9,14.52
2e8f1950a235848ca7b570eab9e7f34f,1,143bc7fcaf6929ef5979e58abf39d4ed,a7f13822ceb966b076af67121f87b063,2017-03-23 15:30:13,179.96,65.49
2e92b6acae58342ffb8861708b8c8270,1,74437e600638a59559c5238c84805b76,9bcdfa7b615b3abb9461d9e3ad9886ae,2017-04-03 03:43:49,14.5,14.52
2e93767495538de2e1c896a700ec7a6d,1,a50acd33ba7a8da8e9db65094fa990a4,8581055ce74af1daba164fdbd55a40de,2017-03-09 02:22:39,117.3,15.28
2e93767495538de2e1c896a700ec7a6d,2,98d61056e0568ba048e5d78038790e77,8581055ce74af1daba164fdbd55a40de,2017-03-09 02:22:39,169.0,20.16
2ea2e9d43eeeec020af7c136c91858cc,1,3ec2984cb2de1675a0306bfc60dbe5a5,0c8380b62e38e8a1e6adbeba7eb9688c,2017-03-19 21:59:50,119.9,14.61
2edc2a8fcbfceea30b10f1a27c5e4b10,1,dc5fd9c9989813f354c865854be80178,45d33f715e24d15a6ccf5c17b3a23e3c,2017-03-27 21:14:13,28.49,10.96
2ee2631a54a882833dda5690c0889eb1,1,529deff9c151e0db37c88a43952868bb,f45122a9ab94eb4f3f8953578bc0c560,2017-03-30 19:22:41,245.99,16.83
2f0bf599e06ae4fcb639c0acaac2f0ee,1,1b7384e0f9f5e4cb914cd3f5535a4cab,325f3178fb58e2a9778334621eecdbf9,2017-03-20 10:24:00,23.8,14.52
2f2f32084f6b6ffff53044b351790b7f,1,aef8207c2e91f4fcdbc0824737abf358,5c243662ce92d84573bfaff24c3e3700,2017-03-15 11:03:28,339.99,17.59
2f58cd82a10607b002725193afe913f5,1,2b4609f8948be18874494203496bc318,cc419e0650a3c5ba77189a1882b7556a,2017-03-22 09:53:26,89.99,14.8
2f7b0d36ffcaf0277583329ded34c97d,1,642a40d4d73b4b2604968937de13634a,d2374cbcbb3ca4ab1086534108cc3ab7,2017-03-29 11:44:39,12.9,12.18
2f7b0d36ffcaf0277583329ded34c97d,2,0152f69b6cf919bcdaf117aa8c43e5a2,d2374cbcbb3ca4ab1086534108cc3ab7,2017-03-29 11:44:39,13.9,8.52
2f7b0d36ffcaf0277583329ded34c97d,3,642a40d4d73b4b2604968937de13634a,d2374cbcbb3ca4ab1086534108cc3ab7,2017-03-29 11:44:39,12.9,12.18
2f80f814bc64931dfec546e11216cbef,1,9a29b754b7fc0aa8eeb990103fcea4fc,0bf0150d5b9d60d9cd2906003332f085,2017-03-09 02:15:46,99.9,20.78
2fa29503f2ebd9f53deba187160f3202,1,bf8f8dcc8811756c8dccbeea08223f96,1782ce2db72c3dda627d5e7c898104e1,2017-04-06 15:15:23,236.0,30.85
2fb597c2f772eca01b1f5c561bf6cc7b,1,8ed094bfe076c568f6bb10feada3f75d,a7f13822ceb966b076af67121f87b063,2017-03-20 18:09:02,239.96,105.19
2fe324febf907e3ea3f2aa9650869fa5,1,b75683e29689c1a989ae97883e8cad56,df683dfda87bf71ac3fc63063fba369d,2017-03-17 20:17:10,39.9,16.05
30125d2cf4cec0bf9e4840def6c4e7b1,1,89e8ae28657101d78ae7be99d7230390,d1c281d3ae149232351cd8c8cc885f0d,2017-03-09 23:32:55,163.99,22.62
30125d2cf4cec0bf9e4840def6c4e7b1,2,78d6410e644f39c0dd2909eb6cf550f5,d1c281d3ae149232351cd8c8cc885f0d,2017-03-09 23:32:55,163.99,22.62
302b396fb7309dff006052b6e42d6257,1,e9d4cb776e7adcac31397e6e1778e532,86ccac0b835037332a596a33b6949ee1,2017-03-28 17:23:19,30.9,17.78
3032a5e32d822f211491303769755b87,1,3a3fb4bcc28c99c4b0dc6af206e2744d,41b86b552e54e3a7009596125aa8b167,2017-03-24 18:47:14,73.5,11.12
30336ab6f4ebb61a88d9e3188b36739c,1,dec4cd5561ffdae063f94385555a5683,7e93a43ef30c4f03f38b393420bc753a,2017-03-17 10:18:25,1275.0,23.1
303c1a4cb953c69bf9ad12194dc3d44d,1,380b4664ba5bb18cc9db78ee6bac3558,6560211a19b47992c3666cc44a7e94c0,2017-03-30 23:44:32,37.0,10.96
304707f4c9c69f690f53f62b26f3e28e,1,988b2a648a563f61225c02b494487eab,048c2757535328e0d7dac690ad3c0aae,2017-04-03 15:15:10,199.7,21.72
304d007435759582067e51e9f3c44cc1,1,13e64813e400c6b383297c388eb38688,12b9676b00f60f3b700e83af21824c0e,2017-03-23 18:58:04,199.0,15.16
30813fea6f93412555f8f359701fc7e1,1,61472ba502ffe30e46fd1b0565087f95,392e0502231ae2f8b29994ef6398cd77,2017-03-23 19:46:43,159.0,17.26
30ff43d8703d375269c1675af737bda7,1,a92930c327948861c015c919a0bcb4a8,6560211a19b47992c3666cc44a7e94c0,2017-03-10 11:05:07,78.0,17.98
3104bcaa250792a77ce1651711291eaf,1,7e0dc102074f8285580c9777f79c90cf,e26901d5ab434ce92fd9b5c256820a4e,2017-03-21 10:22:09,34.9,14.52
3104bcaa250792a77ce1651711291eaf,2,7e0dc102074f8285580c9777f79c90cf,e26901d5ab434ce92fd9b5c256820a4e,2017-03-21 10:22:09,34.9,14.52
3129f1c46cd423a817ca16f066a80fb1,1,a2c75a23c2f838881dd4275c0cec519f,048c2757535328e0d7dac690ad3c0aae,2017-03-13 15:35:12,157.9,19.7
3151632a0a68e4f69a7f29961a091904,1,e6b6e72a0e6be244a69261788f086429,a673821011d0cec28146ea42f5ab767f,2017-03-24 09:28:58,119.9,14.86
3151632a0a68e4f69a7f29961a091904,2,50147c350ddbaff0646aeac455c7473e,a673821011d0cec28146ea42f5ab767f,2017-03-24 09:28:58,119.9,9.6
315ab79b5d15b5e9304d729579d36a42,1,e3e8e08714c40e0101bd225f06bf4fef,f8db351d8c4c4c22c6835c19a46f01b0,2017-03-16 11:45:28,23.9,10.96
315b9425e90b7a5012b6da9d68641e1b,1,a54f350cdb1f303fe39221171d003852,23613d49c3ac2bd302259e55c06c050c,2017-03-28 11:58:38,39.9,20.43
31628e1ec1ce71d13a6d7b2b0c5db88a,1,68d5c8f49bad9f5b366b4f40db6c7fdf,8f119a0aee85c0c8fc534629734e94fd,2017-03-10 17:05:20,34.9,14.52
317ae4dbfc62c822d3176c9579b6fcf7,1,7cb2ff3193293db892fd5697aa99a19b,391fc6631aebcf3004804e51b40bcf1e,2017-03-29 14:05:10,24.9,11.74
3186a30019c9df27f9af586386ac5734,1,7932fcce65e2aee84d6feb4a288f9cb9,1e483cc5c76fef08d3ca05f9a8af7d01,2017-03-23 00:36:10,5.9,8.72
31a606477f15f8ff5f8417bb46f83a5e,1,078cec63541a67851b9057468288f722,4ebdc7e6cd6102a022dadc49156d4ea8,2017-03-08 03:42:00,39.0,10.96
31b639279dcb50e0d972f6543481e2e0,1,afd34b33969fc993e14ae949c140d527,f45122a9ab94eb4f3f8953578bc0c560,2017-03-17 11:06:50,125.9,19.58
31bfcb30bb17876d402e178810ac042f,1,9e104e498448eaafc576278446e9bdd5,b1aaae6b66ad3c40f54b389d7ea4bee0,2017-03-10 15:43:00,86.25,8.97
31c421113f181dadede6afbef5d48075,1,98b60cfeeb9f910672c471ffc94541c2,8e6cc767478edae941d9bd9eb778d77a,2017-03-20 14:32:22,62.3,26.91
31ccabaa81946cc788f8ee01c7fc5525,1,8c591ab0ca519558779df02023177f44,a1043bafd471dff536d0c462352beb48,2017-03-23 19:53:42,99.99,33.0
321d9198cb35a37dd55176b905614311,1,c6dd917a0be2a704582055949915ab32,7a67c85e85bb2ce8582c35f2203ad736,2017-03-27 12:02:33,99.99,17.13
3241db830366645e6a88f6384ee36cc7,1,2330fe9b304af24209631c7197203c61,ca3bd7cd9f149df75950150d010fe4a2,2017-03-17 16:15:23,98.3,50.17
326a77a98aee180ac470bed8a09b406e,1,e0f33a3329af6716a0bb47fd7a664439,7e26c750b4cb9f6766f58265ff9ebe95,2017-03-10 16:55:14,49.8,8.72
3273805a17a78c15811a6feb489662fd,1,63a8fa4ae2d10ffc0daa5db78ad4ea4f,e9bc59e7b60fc3063eb2290deda4cced,2017-03-14 16:15:20,229.9,15.78
3273805a17a78c15811a6feb489662fd,2,63a8fa4ae2d10ffc0daa5db78ad4ea4f,e9bc59e7b60fc3063eb2290deda4cced,2017-03-14 16:15:20,229.9,15.78
3273805a17a78c15811a6feb489662fd,3,63a8fa4ae2d10ffc0daa5db78ad4ea4f,e9bc59e7b60fc3063eb2290deda4cced,2017-03-14 16:15:20,229.9,15.78
328978d6ed70a17301a26ffa09b7f1a8,1,3f1a741cf5591384428c1cbb0ef07ec0,36a968b544695394e4e9d7572688598f,2017-03-29 14:29:00,14.9,10.96
32b699ecc034c52511737f616e721bc0,1,1878fcfa202ce65b4bfaa9d16250ee86,7c67e1448b00f6e969d365cea6b010ab,2017-04-03 09:20:40,126.99,21.2
32b699ecc034c52511737f616e721bc0,2,1878fcfa202ce65b4bfaa9d16250ee86,7c67e1448b00f6e969d365cea6b010ab,2017-04-03 09:20:40,126.99,21.2
32c0650191d60417a072ec2387f78954,1,9b8bc17a236d09185c2101d0a02f8487,96804ea39d96eb908e7c3afdb671bb9e,2017-03-30 09:25:29,79.95,15.77
32c9341f8db9bec4c2ff5bbb038c0656,1,610c3b58469571bff2cbdc50c0393ee0,b2ba3715d723d245138f291a6fe42594,2017-04-10 14:42:56,74.9,11.91
32c9679b14183d04c1ffea3f6e5ae12e,1,81288df52439985f610be64465e53f57,54a1852d1b8f10312c55e906355666ee,2017-03-30 23:32:33,109.99,17.51
32e1c00df175ddbee2fff12f3bb01eed,1,eba7488e1c67729f045ab43fac426f2e,620c87c171fb2a6dd6e8bb4dec959fc6,2017-03-24 18:48:12,198.9,15.56
32e4850514b64259da5068c747ace2c2,1,93379aae3263d95b317cf987e99d9d0a,b6dc74ed30f124f95227bed4e43a3bed,2017-03-17 11:55:15,27.9,14.52
330c4c1c971ff97dc8128ca0f61f21c6,1,1a613b1a2e7f278c6343b763fd880186,7e93a43ef30c4f03f38b393420bc753a,2017-04-06 19:50:13,883.57,16.79
330ef8edb124bf5c3b94880749245bc9,1,e891d4a9622cae3b9fc2ec558bda155b,e603cf3fec55f8697c9059638d6c8eb5,2017-03-29 22:18:57,27.0,16.05
330ef8edb124bf5c3b94880749245bc9,2,e891d4a9622cae3b9fc2ec558bda155b,e603cf3fec55f8697c9059638d6c8eb5,2017-03-29 22:18:57,27.0,16.05
330ef8edb124bf5c3b94880749245bc9,3,e891d4a9622cae3b9fc2ec558bda155b,e603cf3fec55f8697c9059638d6c8eb5,2017-03-29 22:18:57,27.0,16.05
332a6f392ac92a529c0b2a059b959913,1,e9a69340883a438c3f91739d14d3a56d,1b4c3a6f53068f0b6944d2d005c9fc89,2017-03-20 20:28:58,169.9,27.62
332ca38a4294471ec2b7ebbff5275d23,1,4c82c8d31845d751d797debc3d03697f,ce27a3cc3c8cc1ea79d11e561e9bebb6,2017-03-31 20:10:23,29.74,10.96
333c80174d4ab24df54210511f4ecbd0,1,5fbfa85126d6e59188d7da79f21e9687,17e34d8224d27a541263c4c64b11a56b,2017-03-23 17:51:25,314.99,12.81
334366f2e22dfcecc6821c15209f0175,1,425a12d4dd8e5e7ba3be5c4157f1fafc,fa1c13f2614d7b5c4749cbc52fecda94,2017-03-08 23:30:19,189.0,15.49
3343a4f8db82a46ea07e9655077496b0,1,d696750e550fd0f733979dd7e5dff921,9de4643a8dbde634fe55621059d92273,2017-03-30 13:06:35,169.99,19.89
3366be2b7b4862b8defdcd2409db58ff,1,eac611ce220f095680e35c1c1124bcb3,dbb9b48c841a0e39e21f98e1a6b2ec3e,2017-03-16 17:42:59,83.9,8.96
336e923c0b5e6d95d3d0644bf4c516c4,1,9a78fb9862b10749a117f7fc3c31f051,a7f13822ceb966b076af67121f87b063,2017-03-28 17:06:25,169.96,34.56
3391ddfa9aaeae39f22439c4cf614d28,1,1cb19e405562e1d623ff6401565de70c,8a32e327fe2c1b3511609d81aaf9f042,2017-03-26 21:16:15,119.99,22.31
33b0ee1d4d2eb8a3d134a25b7d73bc9d,1,bd7cd34fc6d02e730221b11edc354aae,46dc3b2cc0980fb8ec44634e21d2718e,2017-03-16 14:56:09,99.99,15.91
33c011fdacf02b14181fcd81f4b5ece0,1,4fcb3d9a5f4871e8362dfedbdb02b064,8581055ce74af1daba164fdbd55a40de,2017-03-28 21:08:57,143.8,18.3
33c2860be7125d5f79547239ef5a8721,1,540a6b4600d6620f58aaff20eba82574,6cf476a4ca74498db55cbccdaa9dcfb6,2017-03-23 12:03:40,24.99,14.11
33cb48a8f9d0e5bf683cda9881aae15e,1,07b90e3c7e287977b2e8cd54a98ddb89,48162d548f5b1b11b9d29d1e01f75a61,2017-03-20 08:43:09,21.9,20.8
33cb48a8f9d0e5bf683cda9881aae15e,2,07b90e3c7e287977b2e8cd54a98ddb89,48162d548f5b1b11b9d29d1e01f75a61,2017-03-20 08:43:09,21.9,20.8
34041ba8694b6808060aafda57f6075e,1,1ce0e963805e3c170485768e8b09fe65,7722b1df1b0e383e000397b2c11e3e19,2017-03-24 18:33:07,39.9,11.74
340e1daf0ffd056453544ca71b501098,1,e8b54d5aeae0ec3077cd89301a9c6023,50c9975695009e5e6473912e83a6d1da,2017-03-30 20:50:17,22.5,25.85
340e1daf0ffd056453544ca71b501098,2,e8b54d5aeae0ec3077cd89301a9c6023,50c9975695009e5e6473912e83a6d1da,2017-03-30 20:50:17,22.5,25.85
340e1daf0ffd056453544ca71b501098,3,e8b54d5aeae0ec3077cd89301a9c6023,50c9975695009e5e6473912e83a6d1da,2017-03-30 20:50:17,22.5,25.85
340e1daf0ffd056453544ca71b501098,4,e8b54d5aeae0ec3077cd89301a9c6023,50c9975695009e5e6473912e83a6d1da,2017-03-30 20:50:17,22.5,25.85
340f19321c9eaa5865ffcd8f90e7530d,1,41ae9f1ae64408cbe2b980a3227f04b3,32fdd5d44ecb43dfd6a24b9369eca144,2017-04-03 21:23:02,59.9,15.63
341cce59fc24a0f0cd59c5f25282b1ca,1,162e010af9fe224d35fd8496a273fb02,3c3017960b2dbd72711a61f0400aab8f,2017-03-31 14:30:13,89.9,23.18
34243752a921e87a8dae2ee748b71088,1,7c1bd920dbdf22470b68bde975dd3ccf,cc419e0650a3c5ba77189a1882b7556a,2017-03-27 14:41:04,64.99,14.62
343a5573915ce27b1a6200e1656b5049,1,955ef07f4e61b2033c9d6af6a6b61783,da8622b14eb17ae2831f4ac5b9dab84a,2017-04-05 19:50:16,84.9,13.17
345d632f9fe362bd4f152e75f5b95128,1,8fe6b4466c75060534fb161548531a7c,80cfd480be3eb6d6267139f5cb793555,2017-03-16 10:34:16,99.9,26.44
34b26ad88bd9eea1ef3628bbbc624e8b,1,7c36efeb84ad73bad896d3b2c7a21e3d,6560211a19b47992c3666cc44a7e94c0,2017-03-31 10:35:19,65.0,24.94
34e2c492f1b85dc6866994a37cf69ecd,1,f9be8e0e5acd947d8f49dbc390b9ab20,4a3ca9315b744ce9f8e9374361493884,2017-04-05 22:22:30,143.0,16.7
35096a0e4744902c11de408b85c43fa4,1,cb584c49f570fef84e71a4297652bd48,9d5a9018aee56acb367ba9c3f05d1d6a,2017-03-16 19:59:25,174.9,16.92
3514fd00653caace61ea8ad6cd20c017,1,07145f317bd27c212bbc49377b3940dd,baf15155e37ef5492731459bdc05be8a,2017-04-12 11:18:01,47.0,8.72
3522a71840bea6bd1cd78ae529622ff4,1,4cde3ff89f4a66c712c088e5542ee7a6,cca3071e3e9bb7d12640c9fbe2301306,2017-03-20 19:34:45,129.9,20.99
353d55a2666dcbdf3f003513deacf875,1,b74d57e3377dd78aace6d070fc48cc88,4a3ca9315b744ce9f8e9374361493884,2017-03-23 19:53:01,65.9,11.85
354f62589ab0a15eb57e820d6fcbe9b5,1,7e0dc102074f8285580c9777f79c90cf,e26901d5ab434ce92fd9b5c256820a4e,2017-04-03 21:25:19,34.9,16.05
354f62589ab0a15eb57e820d6fcbe9b5,2,7e0dc102074f8285580c9777f79c90cf,e26901d5ab434ce92fd9b5c256820a4e,2017-04-03 21:25:19,34.9,16.05
35660aec0cc42b6257e24281ee0e6255,1,aba86c093ccdbac75b09111d57e50004,7c67e1448b00f6e969d365cea6b010ab,2017-04-12 14:55:17,129.6,25.4
3566eabb132f8d64741ae7b921bbd10e,1,35afc973633aaeb6b877ff57b2793310,4a3ca9315b744ce9f8e9374361493884,2017-04-06 02:10:20,89.9,25.12
35761fa89b5d047af6632b23b0cecf01,1,84fa04b89f708a4fdfa1d828a277a150,7b07b3c7487f0ea825fc6df75abd658b,2017-03-28 10:01:56,190.0,9.7
35b63215663d34dc972adc12d2cfe9bf,1,7e0dc102074f8285580c9777f79c90cf,e26901d5ab434ce92fd9b5c256820a4e,2017-03-24 15:52:54,34.9,14.52
35ed502e9353c59c2e4b347c901e2b25,1,dac245c10d9ccd0f3dd3b14f4b7c4b7f,3361277dc30b7cccdb0c286b24219756,2017-04-04 02:22:47,12.5,14.52
35f4c21fc613b36a1a2e893f424280bc,1,e316e2909614743a28695b701bca9d39,973f21788dfab357250f69a8dcb7ddee,2017-03-20 11:20:16,30.0,23.34
35f4c21fc613b36a1a2e893f424280bc,2,e316e2909614743a28695b701bca9d39,973f21788dfab357250f69a8dcb7ddee,2017-03-20 11:20:16,30.0,23.34
360f4f2ab1b5411602a11788571c950b,1,18344238d9024a2e2f3f549d5ab1fadc,d73cbd89533ce8b041a9190241453ac8,2017-03-29 13:06:34,119.9,17.68
3629454fe243df9fe9b49babc52d98e6,1,ffa4ff381e25872b5bf85353ff7ab0c9,5d043cd5512d4bd2f88e5ccdd5736c38,2017-03-16 19:12:49,650.0,64.91
365a29772a912d0662071fa7572fdebe,1,f422d0d9f8b5f7c27289382b14b61248,1554a68530182680ad5c8b042c3ab563,2017-04-13 15:55:24,66.99,24.67
367cead10022c703e2a1529c52699ac4,1,cfd414b4463647f58c7775eaae06893d,f8db351d8c4c4c22c6835c19a46f01b0,2017-04-04 13:05:46,98.9,14.86
36c63c436db70954885798ade7b2e30f,1,5a5d7d4e7f23de210890506c818d2b8a,c42fd8e4d47dfb18ce5222f2dd7752f9,2017-04-06 22:36:26,49.0,15.56
36d72a17237aaecbc83158d0270b622c,1,372645c7439f9661fbbacfd129aa92ec,da8622b14eb17ae2831f4ac5b9dab84a,2017-03-29 19:10:13,89.9,17.37
36e6b99ba54c4963136edbf31f33d781,1,d41d8cd98f00b204e9800998ecf8427e,0725b8c0f3f906e58f70cbe76b7c748c,2017-03-19 23:02:30,39.99,17.09
3700f4a21c1a400182d57c40e110ab2a,1,d5b703c271f43f9c588a6f512a00f77e,fa40cc5b934574b62717c68f3d678b6d,2017-03-14 22:51:01,34.9,10.96
370e2e6c1a9fd451eb7f0852daa3b006,1,5dddb31154cbd968caa4706ef0f4e0f0,df560393f3a51e74553ab94004ba5c87,2017-03-23 18:34:44,79.9,15.77
371c8cf0e8b96be301f7c2648b9846e3,1,0efc91aa52d1f0669126d3000a94279b,d1c281d3ae149232351cd8c8cc885f0d,2017-03-17 17:11:30,98.99,20.77
37291588c0c8db280d64f1921165d811,1,5a6e53c3b4e8684b13388d6aa4afdf12,7299e27ed73d2ad986de7f7c77d919fa,2017-03-23 13:48:43,14.99,14.52
3762a969c4bee6842259e756e28a7467,1,fdd84aefb08c8f8225e0b8c97429d53b,94144541854e298c2d976cb893b81343,2017-03-30 06:35:21,59.9,16.12
376354084f6f8ee744a474abfb826ea2,1,12827caf723c4ff8030d64dcffe3cdab,e9779976487b77c6d4ac45f75ec7afe9,2017-03-17 20:27:59,56.0,11.0
37a8e5d9b2e5863960037179b26da448,1,101103127867af6d2af98dfb2da6c78f,11305281b50fff20ae8bb473f8e11876,2017-03-17 16:22:52,399.99,63.16
37d69379ae52462d505e0711aed2c296,1,6fc7ab933ccdd144b8fa4db0e99205d2,d50d79cb34e38265a8649c383dcffd48,2017-03-30 18:05:15,24.99,8.72
380bf78bcf690a6955b8f1de575e26ba,1,025249b91a565601dc1b8f47ee7a230e,fa1c13f2614d7b5c4749cbc52fecda94,2017-03-16 16:49:30,239.0,15.84
3810ddb734405f64afc7638fd96c9cb5,1,12bc892d6fff0dc42c8177f3665ef00e,e9779976487b77c6d4ac45f75ec7afe9,2017-04-06 02:15:19,29.0,10.96
3810ddb734405f64afc7638fd96c9cb5,2,12bc892d6fff0dc42c8177f3665ef00e,e9779976487b77c6d4ac45f75ec7afe9,2017-04-06 02:15:19,29.0,10.96
38173930252d680d26301b01fbc43de4,1,3871b7939245ed35ab97c7d3924c6862,66fd84ee7528c0c0de85d0f44a73d5ab,2017-04-03 16:15:12,17.99,10.96
38173930252d680d26301b01fbc43de4,2,3871b7939245ed35ab97c7d3924c6862,66fd84ee7528c0c0de85d0f44a73d5ab,2017-04-03 16:15:12,17.99,10.96
381821a2142de8e51f3d104559f1bfea,1,c6dd917a0be2a704582055949915ab32,7a67c85e85bb2ce8582c35f2203ad736,2017-03-20 16:03:19,99.99,17.13
3830e6067665c6a4bf2cc393fae31996,1,3ea9fe739cd6a9bd2be0ba05c290498a,db4350fd57ae30082dec7acbaacc17f9,2017-03-31 13:25:10,31.9,16.05
384cb810297edfa8442e7b06f4d4850f,1,5a6e53c3b4e8684b13388d6aa4afdf12,7299e27ed73d2ad986de7f7c77d919fa,2017-04-04 09:05:23,15.99,20.8
38636a6a86131fe2c507943a16833350,1,84c14b1bdd1a86dad802e0863ef5385e,d1c281d3ae149232351cd8c8cc885f0d,2017-03-21 16:38:57,127.99,23.19
389b5ea850fb0283bb94a04dca7750ec,1,ca9f737e072e224e365c503a128293cd,5a8e7d5003a1f221f9e1d6e411de7c23,2017-03-08 22:23:34,59.9,15.63
38b80ac02e3ce34b306483fc57a33bc5,1,b09790edda54333116f9cf1decc580a1,d2374cbcbb3ca4ab1086534108cc3ab7,2017-03-30 15:34:47,24.9,10.96
38c529a4eb301fab3df50bd0e3c0ecdf,1,ba2c575c1739bce3944c1480d5ca934b,391fc6631aebcf3004804e51b40bcf1e,2017-03-30 18:33:30,520.2,50.68
39045a22da5b2bdb795d2c53325bcd48,1,a00cd7752fb98e0a8382def60ecc0b17,db4350fd57ae30082dec7acbaacc17f9,2017-03-15 22:43:47,14.9,14.52
39278e2718c6f2a7b23e42f955318fcc,1,9e2d3a8d8ffad53e2e35282a2020221c,1da366cade6d8276e7d8beea7af5d4bf,2017-03-09 09:10:11,29.9,15.56
394f7579c871c612634cfb93294745b0,1,98e91d0f32954dcd8505875bb2b42cdb,01cf7e3d21494c41fb86034f2e714fa1,2017-03-29 18:03:20,59.9,15.63
396513d397289140cf00910157e8a715,1,039e946aff78252a2e83b8fa1adf837d,1bc2e21de46adfea6b98cc96b00f3b40,2017-03-16 12:12:11,159.99,14.89
3975795375144bc36a85de24cd441b21,1,e03071a2d2410c9ef2be47b508cac95f,8e6cc767478edae941d9bd9eb778d77a,2017-03-21 10:26:02,165.4,19.44
3981758e39dcdca8ccad652405af0974,1,a5341e3f8155dbb3e62323d3ea289729,ff063b022a9a0aab91bad2c9088760b7,2017-03-08 22:22:15,79.5,15.67
39c16eab44c2a583e8015a4505fc1dd1,1,2ffb8b836bb62d53a77a69a67814fffa,391fc6631aebcf3004804e51b40bcf1e,2017-04-04 23:25:11,44.55,11.74
39c85a598770e3810eb97fd7bc6232d3,1,f9e5efb845b51d764b06f149eb99fc7f,b92e3c8f9738272ff7c59e111e108d7c,2017-03-23 13:26:19,59.9,13.0
39cb3c161fca712dbe881de9eccfe19a,1,7effe7b3745b7b2fd86e9a844807421e,7c67e1448b00f6e969d365cea6b010ab,2017-03-28 21:19:51,43.99,21.82
39f9559c0533f3ea56143c01bfdd7d9c,1,ed1d57799b8b974641a1acb3fd994016,acf974e4d5950ad143a247471b831eb9,2017-03-15 02:55:26,40.1,34.97
39f9559c0533f3ea56143c01bfdd7d9c,2,ed1d57799b8b974641a1acb3fd994016,acf974e4d5950ad143a247471b831eb9,2017-03-15 02:55:26,40.1,34.97
39f9559c0533f3ea56143c01bfdd7d9c,3,ed1d57799b8b974641a1acb3fd994016,acf974e4d5950ad143a247471b831eb9,2017-03-15 02:55:26,40.1,34.97
39f9559c0533f3ea56143c01bfdd7d9c,4,ed1d57799b8b974641a1acb3fd994016,acf974e4d5950ad143a247471b831eb9,2017-03-15 02:55:26,40.1,34.97
39f9559c0533f3ea56143c01bfdd7d9c,5,ed1d57799b8b974641a1acb3fd994016,acf974e4d5950ad143a247471b831eb9,2017-03-15 02:55:26,40.1,34.97
39f9559c0533f3ea56143c01bfdd7d9c,6,ed1d57799b8b974641a1acb3fd994016,acf974e4d5950ad143a247471b831eb9,2017-03-15 02:55:26,40.1,34.97
39fdb37dae517d0d4185d590337aff82,1,5320227c4bd28373213316b78f0f0b44,fa1c13f2614d7b5c4749cbc52fecda94,2017-03-16 12:39:28,159.9,11.73
3a0b9e5f9d86c3edbceb2a6a8f637dc0,1,351358ab05b8025c4314bcf20f851701,066a6914e1ebf3ea95a216c73a986b91,2017-03-09 17:30:15,209.0,24.45
3a17fd4120bf394dc3968c52f703fe07,1,e69d971f8bf365efb842b0d56f960682,aaed1309374718fdd995ee4c58c9dfcd,2017-03-24 11:01:19,69.9,14.59
3a17fd4120bf394dc3968c52f703fe07,2,b4ea7aecf6304f60fe63221697a8e33b,aaed1309374718fdd995ee4c58c9dfcd,2017-03-24 11:01:19,43.0,14.59
3a1c434d917a8b25f7862cfa17972aae,1,bf1ce2996ddec3052749c74b73b02b86,91f848e9f4be368f4318775aac733370,2017-03-16 11:41:42,34.99,10.96
3a43013148c91141e56e105f93fb3792,1,0152f69b6cf919bcdaf117aa8c43e5a2,d2374cbcbb3ca4ab1086534108cc3ab7,2017-03-24 11:30:14,13.9,10.96
3aae1e931f771197ec742671ee429dc9,1,cb43c6e1c451902b51f4f4ff512302df,582d4f8675b945722eda7c0cb61ba4c7,2017-03-24 16:14:51,45.49,14.52
3aeb5dc8a6c964b163a87ad39263bf0f,1,55ebae49cf4c0963d5738a39e1e79750,2be17df1c49978426251562096c3cc09,2017-04-03 11:35:24,137.9,21.42
3b35dfd8bf0ca772d83708ba283e1143,1,99a4788cb24856965c36a24e339b6058,4a3ca9315b744ce9f8e9374361493884,2017-03-09 22:50:19,89.9,11.24
3b397f64a95c43a2f51b2b75b1f0ad53,1,6814dd9a0fcc3213534377d08d8a24fa,004c9cd9d87a3c30c522c48c4fc07416,2017-03-28 22:57:53,82.99,17.32
3b618bc550d4cdea4c9737ee75b61287,1,a9b3c1c9a790da6695b60d0b0070578f,9646c3513289980f17226a2fc4720dbd,2017-03-23 14:05:59,98.0,17.43
3b75fec4f1f6f22c7fd68becfadf57f9,1,2d857ab2a090c784ad9de4c8dedac0e8,afe0067131b73e40875c9b6c10bd2e21,2017-03-27 23:46:01,99.9,13.28
3bc59ba58cb8e8524859be6a6f4159ad,1,f302b45f5aa089951788558a689713de,d12c926d74ceff0a90a21184466ce161,2017-03-17 17:47:09,45.0,15.65
3bdb9c65ca79d76edc98ae76864b3d00,1,46f739c1cd676603026c0af4d29ef7a5,198c7ea11960a9844b544d9bcdca860c,2017-03-13 10:55:20,139.99,16.09
3c01e6d17f8090499836aa8841c2c587,1,87283a98b24f9f1ac3a31b631073cf47,cab85505710c7cb9b720bceb52b01cee,2017-04-04 11:22:31,49.9,14.52
3c1ceafa085d9c28c784b0ad99895a6e,1,7da9810448a8f92f73339d58b1dd73a9,2138ccb85b11a4ec1e37afbd1c8eda1f,2017-04-04 02:22:33,18.99,24.84
3c1ceafa085d9c28c784b0ad99895a6e,2,ef7de0bbb0e0b0110c270e9381719761,2138ccb85b11a4ec1e37afbd1c8eda1f,2017-04-04 02:22:33,18.99,24.84
3c314f50bc654f3c4e317b055681dff9,1,56b83ac081e4e6ea5f87323b4e46e85c,318f287a62ab7ac10b703ac37435a231,2017-03-22 14:36:05,59.0,31.7
3c314f50bc654f3c4e317b055681dff9,2,a87567bdce60de6f901e3d7c6d8df820,318f287a62ab7ac10b703ac37435a231,2017-03-22 14:36:05,85.0,30.48
3c314f50bc654f3c4e317b055681dff9,3,56b83ac081e4e6ea5f87323b4e46e85c,318f287a62ab7ac10b703ac37435a231,2017-03-22 14:36:05,59.0,31.7
3c415210065a46fd831a05ef3fec9639,1,2009f9265306f26803dd5a243416707f,a3a38f4affed601eb87a97788c949667,2017-03-22 21:39:46,159.9,16.33
3c440cd6b051f95b4189123e5266ca02,1,60e47589d616c8d62f908800260e102c,a35124e2d763d7ca3fbe3b97d143200f,2017-03-21 10:37:21,59.0,8.78
3c440cd6b051f95b4189123e5266ca02,2,60e47589d616c8d62f908800260e102c,a35124e2d763d7ca3fbe3b97d143200f,2017-03-21 10:37:21,59.0,8.78
3c440cd6b051f95b4189123e5266ca02,3,60e47589d616c8d62f908800260e102c,a35124e2d763d7ca3fbe3b97d143200f,2017-03-21 10:37:21,59.0,8.78
3c440cd6b051f95b4189123e5266ca02,4,60e47589d616c8d62f908800260e102c,a35124e2d763d7ca3fbe3b97d143200f,2017-03-21 10:37:21,59.0,8.78
3c4eb32cdaf179f4dcd0afa93bb88783,1,a009f7437fb17cbfa796d4f55a13c14c,6edacfd9f9074789dad6d62ba7950b9c,2017-04-05 02:15:41,119.9,19.12
3c71011c33cf4ba95d18787bdc0e94d3,1,470433f95ba906e17efac3fce39e9ffd,e2a1ac9bf33e5549a2a4f834e70df2f8,2017-03-24 19:11:14,2999.89,42.47
3c7d5206607a15b5eb46f553865a5599,1,154e7e31ebfa092203795c972e5804a6,cc419e0650a3c5ba77189a1882b7556a,2017-03-27 21:57:42,19.99,14.52
3c860daefaca397a28e5f1909a3d6813,1,a7aa202585393c58cb1351de084b4dbc,70a12e78e608ac31179aea7f8422044b,2017-03-14 22:05:10,45.0,25.53
3ca3064a730b878a04e074e0f1c9f93b,1,bfebe3af6798e21f14c80263db86b7a0,a888faf2d1baececa6baf9c3d603ee1f,2017-03-24 15:52:41,313.9,26.69
3cab5c70f370e7fa810658c551f8e2ce,1,f3dc2177cd7a26726dd80204c34dbb48,cf2384dd2f1dddea3f838efed0945e65,2017-03-30 18:32:29,129.9,23.9
3cccbe8b35dc583d2b80fc60c72f2b0f,1,a3ceb95649a48c0c54ae4bd1dd66d035,6c177e38df6d3f34182b1f1d427231bf,2017-03-22 14:00:38,130.0,16.21
3ce16e50c1842ad30631811796a31afc,1,0fdfe56a4dfd7aab5a321fe89f7fc63d,d1c281d3ae149232351cd8c8cc885f0d,2017-04-05 16:22:59,113.99,15.91
3cf422cc081dcaf5ba0068fa5ef709bf,1,d1c427060a0f73f6b889a5c7c61f2ac4,a1043bafd471dff536d0c462352beb48,2017-03-23 12:39:45,159.99,33.4
3d09c01f56c367a5c7e576aa1fe45b0a,1,c7b3cf9de7be95b3e09e7a63315685eb,5dceca129747e92ff8ef7a997dc4f8ca,2017-03-14 07:25:07,59.9,20.5
3d2478c1c4d6e772d9221bbacac64cd1,1,c7b3cf9de7be95b3e09e7a63315685eb,5dceca129747e92ff8ef7a997dc4f8ca,2017-04-03 14:02:33,79.9,20.64
3d4cd303bd9e47adb955bbf18db26623,1,f7e0fa615b386bc9a8b9eb52bc1fff76,87142160b41353c4e5fca2360caf6f92,2017-03-30 20:50:18,85.0,17.59
3d6831b9ec6285ad1cd3b7a8f1cdf23e,1,cfd414b4463647f58c7775eaae06893d,f8db351d8c4c4c22c6835c19a46f01b0,2017-03-20 00:57:37,98.9,25.18
3d76cc1cc5ebdd45a03c0b51f79d43b1,1,0d9f729c5dea994b9072004fd2656cc3,6560211a19b47992c3666cc44a7e94c0,2017-03-14 04:03:29,65.0,14.57
3d76cc1cc5ebdd45a03c0b51f79d43b1,2,6fd82d8f842424334fedf31190e54d24,6560211a19b47992c3666cc44a7e94c0,2017-03-14 04:03:29,45.0,14.57
3d914e4ae3cf881174ce6e0d85d64e94,1,61b5c300f3e56ac6bda4cb54de396f9b,9baf5cb77970f539089d09a38bcec5c3,2017-03-23 08:29:05,49.99,10.96
3d9b5cf13225583103d0ce6b29cad9c4,1,d01361dc1752562049e33f0456109c7e,3d871de0142ce09b7081e2b9d1733cb1,2017-03-24 02:06:43,59.9,19.01
3da82f366802e4512789763543d67ee2,1,fca62108387e25005784da2f551466a1,31344c16881c08a8a72c6d2eb29918c1,2017-03-30 20:22:29,249.9,34.03
3dbf60040199f502ec5dd67f86b804ab,1,3d22445510fe5a03299a8d2a5da7abf4,a416b6a846a11724393025641d4edd5e,2017-03-08 11:30:20,326.66,17.05
3dcf2c01583e72e6d43ea642b44274b5,1,340e3e28357bb29f7612c86c13d9729a,cc419e0650a3c5ba77189a1882b7556a,2017-04-03 02:10:35,49.99,16.05
3dec8b48a2ca7a9568f4c63cc3fab4f1,1,e07cf6c8c490ceac43740740459d87ff,92eb0f42c21942b6552362b9b114707d,2017-04-06 16:05:09,17.99,14.52
3decae904e0d1597367e65995c3f20b2,1,7703b8cb5b77fbb36518ea91e2ca734f,6560211a19b47992c3666cc44a7e94c0,2017-03-16 16:43:17,39.0,8.72
3e01278f6cf7cd9f094f320a1d2a8e5f,1,8adde8ed66e628e94f29b9832156ab08,d20b021d3efdf267a402c402a48ea64b,2017-03-15 23:52:59,46.99,11.74
3e160e93900d5da52f6a8e6fc88d737c,1,30a70759c34dd4a29c5596778a0eb116,17e34d8224d27a541263c4c64b11a56b,2017-03-16 20:05:11,314.99,12.81
3e36c841d95ee611719b42ff49a54792,1,9e2d3a8d8ffad53e2e35282a2020221c,1da366cade6d8276e7d8beea7af5d4bf,2017-03-15 08:56:30,39.9,15.56
3e555879d29880ec5bc189b44a6d77fa,1,0b77c056067fc19c57c6518c8bdeed0e,b2eecf5ea250510da76590ca79d60e5d,2017-03-10 04:25:10,40.0,10.96
3e6c7e23b1813f6c33ef1a6c0f943eb2,1,b931645cdc2d9868f01544e8db63f5ab,b14db04aa7881970e83ffa9426897925,2017-03-10 19:25:19,69.0,23.03
3e6c7e23b1813f6c33ef1a6c0f943eb2,2,b931645cdc2d9868f01544e8db63f5ab,b14db04aa7881970e83ffa9426897925,2017-03-10 19:25:19,69.0,23.03
3e6ebaae08b8e1811e855277cdd27f23,1,0b43cf5c79d088cfca305c4ac3ce50b0,db4350fd57ae30082dec7acbaacc17f9,2017-03-20 16:45:11,14.9,15.65
3e84398caa2b0be876731343bab75b06,1,5c692818d313aa12864b48ac0c2472c2,6560211a19b47992c3666cc44a7e94c0,2017-03-20 18:14:02,29.0,10.96
3e87ada006372f78ebf4bfee1cb020a5,1,7c1bd920dbdf22470b68bde975dd3ccf,cc419e0650a3c5ba77189a1882b7556a,2017-03-10 11:35:15,64.99,17.88
3e8a0bcdd82e7d0370f54bc991291d82,1,245269defe4105aea93d92bc62fb983d,d2572f31e9023e9850ef986a636ff9bf,2017-03-30 13:05:49,279.0,26.69
3e902e82bfbe40d0e2299bdbbf8af8ca,1,1b90de90abbc056f24e0fe3c721a88ee,ca3bd7cd9f149df75950150d010fe4a2,2017-03-31 20:32:49,134.0,13.52
3eae45e1345a16673017c7c36f18ee34,1,06f0e85c7892d5df893f332706340af1,3d871de0142ce09b7081e2b9d1733cb1,2017-03-17 16:49:06,149.0,29.97
3ee62ebf18aabbf553dfaa8dc35264f0,1,9d703ce870d13f6fca072b0fca977fc1,820cc752a266cdc6c1a1e61dd4583330,2017-03-13 00:32:46,109.9,21.22
3ef3c976c86d9ea7e4758728a87732f0,1,9f0599e0b0d3f41749a3288e0043f21e,da8622b14eb17ae2831f4ac5b9dab84a,2017-03-29 15:13:04,199.9,17.55
3f3410465f157511bd8a870e53348d17,1,086351823300e0339f6955b27998c186,0c8380b62e38e8a1e6adbeba7eb9688c,2017-04-02 23:23:37,149.9,17.79
3f3f818c758f0f9ed76a1d49d8d7e6f3,1,ec8514b52ebb78103c68fddbb2d9f0a8,f45122a9ab94eb4f3f8953578bc0c560,2017-03-20 18:29:23,17.99,20.8
3f63ce07f0fd566885c47bda7ad3c3a6,1,ef5c31aee1d5074121a478b14d3eb50e,3d871de0142ce09b7081e2b9d1733cb1,2017-03-15 19:05:16,69.0,13.06
3f66951bb45f5371d8127bb5147f6aba,1,ab9456d1c4cb5ef44bdecc0aa8021f39,7c67e1448b00f6e969d365cea6b010ab,2017-03-23 18:57:31,43.99,16.5
3f79906e1eae95209df3fb74edbdce8c,1,056193fc88b3f131fae751356896b168,7a241947449cc45dbfda4f9d0798d9d0,2017-03-16 10:24:46,129.99,26.41
3f97741c29250239ff213d393949f2e3,1,2291d090b69f60fc0ffd95ae394daa77,c847e075301870dd144a116762eaff9a,2017-03-28 19:36:51,99.9,19.4
3fa397654fcf223b8d6f73a428c75041,1,7128387d10541a345331eb7bfb9afbcc,debe6615cd90cc0c2eac2b8988e1f628,2017-03-22 09:28:12,69.9,16.19
3faee37f445b155df1e106ec29732510,1,3e442d09f9dfef002aadf31960869f65,85d9eb9ddc5d00ca9336a2219c97bb13,2017-03-17 11:06:40,20.9,14.11
3fe0539e577c4fbfd80fe4cefb8abc0d,1,f7285f0b3043d966ede4c21886b49a38,12b9676b00f60f3b700e83af21824c0e,2017-03-22 13:10:48,299.0,28.56
3ffd3e41fbb901f25a82fa96e9460a0f,1,c1f92ce1be9e7475e7c8eae32d9e165b,0ea22c1cfbdc755f86b9b54b39c16043,2017-03-16 09:00:27,29.9,14.52
3ffe9f020ed3983733cae2d4b581c27d,1,e5f4167c170ccd8777cbf51841b6f7f3,7722b1df1b0e383e000397b2c11e3e19,2017-03-08 10:50:08,67.9,14.65
40037fd9de94c4d8a594844dd35b52c2,1,8ab5f8c45e722c22351580a4b0fcc8ad,db46ca7bce82b11f7e247539271fc390,2017-03-30 02:43:59,17.63,14.52
400c4796a3dc000011d0e63543c8ddf1,1,6bd4c564d1f96b0db5d02d376b4daed6,b6d44737c043328708f6749c2dbe50bd,2017-03-27 17:34:37,65.0,15.56
40235388677ff26c877371597c5fd116,1,ddc01db3147c02cb8f547ac87da1718f,0747d5bb69f0586cc869d8af4c50f93e,2017-03-15 23:18:02,8.9,10.96
405377f3183b98eb11163cfb9d9f619e,1,2708ea4fc1340081efeffbf11f14d765,f8db351d8c4c4c22c6835c19a46f01b0,2017-03-13 22:55:13,129.9,19.19
4068a5daf06244e4aa1a85a67983cc62,1,dbb4ce89c8ed5fb6fd901e2e51093179,91f848e9f4be368f4318775aac733370,2017-03-14 21:05:01,79.99,14.33
408d3b25332b720d54aeb8503549722e,1,af51d485dc5255ba2e18b21b550156e6,5dceca129747e92ff8ef7a997dc4f8ca,2017-03-24 20:44:04,249.99,110.82
40bb654f08a089c46353cea13d590ac9,1,b09790edda54333116f9cf1decc580a1,d2374cbcbb3ca4ab1086534108cc3ab7,2017-03-27 09:45:17,24.9,14.52
40bf8d4d61d22711253ecc21d0a2e442,1,89d49f6d10ff422902b2c2cb05da7f1c,9646c3513289980f17226a2fc4720dbd,2017-03-14 13:15:14,49.9,17.09
40bf8d4d61d22711253ecc21d0a2e442,2,89d49f6d10ff422902b2c2cb05da7f1c,9646c3513289980f17226a2fc4720dbd,2017-03-14 13:15:14,49.9,17.09
40c8d67fd240c45c8d7b082a8ab8d9bf,1,bd160228a5f454ada5a6b0354c96a0d2,4a3ca9315b744ce9f8e9374361493884,2017-03-14 10:42:44,236.0,12.26
40d702a17a6d8b52548cb922505283a9,1,92c1eb75a887a500d9689fbad65e27e3,7c67e1448b00f6e969d365cea6b010ab,2017-03-23 23:41:19,219.98,53.09
40fea2b67e4cad47bcdfea4cef5035ad,1,49366a8fab2e191239a143647474e7fc,e9779976487b77c6d4ac45f75ec7afe9,2017-03-22 23:43:26,31.0,14.52
410ca45d84f47d06fba1e4476a10b392,1,06cd420a1b028388e0bf1f78daf20411,eeb6de78f79159600292e314a77cbd18,2017-04-20 13:15:19,889.0,18.8
41202affb3415784c71821ffb3f95a40,1,3bf5c74c4cd6c31533bd6abf7c3d5a13,92eb0f42c21942b6552362b9b114707d,2017-03-31 20:43:08,49.99,8.72
413366226243365b3aa9f054059269be,1,e456721fdab66b576664c035ad183965,0ea22c1cfbdc755f86b9b54b39c16043,2017-03-30 14:35:18,29.9,16.05
4165597d98e009aafd51a406a9c38562,1,2b4609f8948be18874494203496bc318,cc419e0650a3c5ba77189a1882b7556a,2017-03-22 12:57:50,89.99,11.24
41827e4e8d543efd8589dd2b2578c1d5,1,c6dd917a0be2a704582055949915ab32,7a67c85e85bb2ce8582c35f2203ad736,2017-03-23 20:50:31,99.99,17.13
418aaa61ff9515614340e03422fed9c9,1,5bfc7506459ae2a7b4b573fe557a58e1,4a3ca9315b744ce9f8e9374361493884,2017-03-16 14:02:57,69.9,15.7
4214cda550ece8ee66441f459dc33a8c,1,6afddd846da3dd77e807fb9af5930aae,01cf7e3d21494c41fb86034f2e714fa1,2017-03-27 17:39:19,132.68,37.89
42179e8f527c0f76eec0b2a37a284f4d,1,64b99eed898c1b99a94d93cbf5873690,4a3ca9315b744ce9f8e9374361493884,2017-03-09 02:23:33,89.9,12.02
4224d3207aa1acffc28e6b36c7c2c8af,1,f70dd37d94cc7026ca198b9d7574c7bc,bbaff50f3b708fda865918715276cd87,2017-03-21 11:20:40,37.5,12.93
424e1ceb3de9ad0df2ae67ce62d75bce,1,f1a7551730e920950fb0346630971099,440dd6ab244315c632130ecfb63827b1,2017-03-17 09:40:32,189.5,19.61
4256e4eb92bdf0eda17c3bcee4c0771c,1,f5830370acf2d2669604d24406c2c6b8,db4350fd57ae30082dec7acbaacc17f9,2017-04-04 19:22:35,31.9,8.72
426ad73f31e7c52e6eb4b173459340c2,1,bc2d6310e5cbd60facb2f9c8d9471597,dc317f341ab0e22f39acbd9dbf9b4a1f,2017-03-14 18:56:22,629.0,23.7
427be8c69327b86f12e65fb5fedfde5c,1,ad5f871bf1f82cf7aed349162ab802e6,4e8dacf3d38f281ae26c3e0321d92d88,2017-03-23 21:20:04,42.9,14.52
427be8c69327b86f12e65fb5fedfde5c,2,ad5f871bf1f82cf7aed349162ab802e6,4e8dacf3d38f281ae26c3e0321d92d88,2017-03-23 21:20:04,42.9,14.52
4282e2353bd8baa7836ea3395663404b,1,ecbe1ef7e2903ff8b1d704ba78fa264d,c3cfdc648177fdbbbb35635a37472c53,2017-04-03 22:15:21,109.9,13.35
42a06602c542e66dd5a4377a0270320a,1,39eef1b4d9ab7a5a121d3436b03ce7d3,f1ed6bd0a9b11b581f16c851c6a5a527,2017-03-14 21:23:13,79.9,17.3
42a60584c802a173573c19e570e896d6,1,6adc261becb6dfbd0fec7c705521f76b,f45122a9ab94eb4f3f8953578bc0c560,2017-04-05 17:32:21,67.12,11.08
42aaabf39b810fa0a3390fe791dbb880,1,e251ebd2858be1aa7d9b2087a6992580,001cca7ae9ae17fb1caed9dfb1094831,2017-03-23 14:22:50,139.9,15.15
42aaabf39b810fa0a3390fe791dbb880,2,e251ebd2858be1aa7d9b2087a6992580,001cca7ae9ae17fb1caed9dfb1094831,2017-03-23 14:22:50,139.9,15.15
42bcfd11cc83efc775637358296f6b48,1,94e6f132095f2a1ee6a6ba8330a9f9c0,2138ccb85b11a4ec1e37afbd1c8eda1f,2017-03-13 04:03:33,26.99,17.35
42c1fb96d0ddaa4cd3e00d607bf2cfe7,1,45fc964dc03d16147f82dbe844e2cdf1,ec4608a1f76453166bb312b2968aeaf4,2017-03-28 00:02:59,34.99,36.75
42c1fb96d0ddaa4cd3e00d607bf2cfe7,2,45fc964dc03d16147f82dbe844e2cdf1,ec4608a1f76453166bb312b2968aeaf4,2017-03-28 00:02:59,34.99,36.75
42c1fb96d0ddaa4cd3e00d607bf2cfe7,3,45fc964dc03d16147f82dbe844e2cdf1,ec4608a1f76453166bb312b2968aeaf4,2017-03-28 00:02:59,34.99,36.75
42e8893e9d0399ef8df568bc6bc24f21,1,34dabb8af33b3756cf72df05fb327011,0db783cfcd3b73998abc6e10e59a102f,2017-03-14 09:15:16,99.0,11.3
43126a662685b18c4248ff1c8c58ca94,1,7c5eedf954659c8014c0671ba5e1b99b,d1c281d3ae149232351cd8c8cc885f0d,2017-03-29 23:10:29,41.99,29.39
4324f32177ce15c52c8e1c570c259dc0,1,ba3f298a122a95c4928e8b8628e8520e,d1c281d3ae149232351cd8c8cc885f0d,2017-03-16 15:37:58,98.99,20.77
432d80d2aab5e167192912051828b7fc,1,568e52d4c670b4d5130bae2dbf211c40,8581055ce74af1daba164fdbd55a40de,2017-04-03 15:50:16,92.1,22.11
4338a4463f7f9193d2a03a83a4b68ba0,1,1b9fd1e2ba8bf3e4249ee0c838893e4e,0c8380b62e38e8a1e6adbeba7eb9688c,2017-03-15 18:51:49,69.9,15.7
435776d6cb482a197e1300c0d7ec2312,1,af51d485dc5255ba2e18b21b550156e6,5dceca129747e92ff8ef7a997dc4f8ca,2017-03-30 14:02:16,249.99,135.62
437222e3fd1b07396f1d9ba8c15fba59,1,f82a4b08cf7b2bf375fb77e519231f9a,cca3071e3e9bb7d12640c9fbe2301306,2017-03-27 11:36:00,97.9,29.62
437222e3fd1b07396f1d9ba8c15fba59,2,5215eef690e61a0c178ed552e6e2d06a,cca3071e3e9bb7d12640c9fbe2301306,2017-03-27 11:36:00,97.9,29.62
438dce50633e79eeeb14507e05d4a4d9,1,ec6bda3514b2616da08c5139893b14d2,6562efe88ce0826a4ca4f189f03b4b84,2017-03-24 08:47:46,35.9,10.96
438dce50633e79eeeb14507e05d4a4d9,2,ec6bda3514b2616da08c5139893b14d2,6562efe88ce0826a4ca4f189f03b4b84,2017-03-24 08:47:46,35.9,10.96
438dce50633e79eeeb14507e05d4a4d9,3,ec6bda3514b2616da08c5139893b14d2,6562efe88ce0826a4ca4f189f03b4b84,2017-03-24 08:47:46,35.9,10.96
43dc7ea19a987e4cdafa291aebe38eab,1,be837f2e0152a208d4386f4126d5bd7c,f8db351d8c4c4c22c6835c19a46f01b0,2017-03-22 09:53:06,32.9,10.96
43e4d5ff99bd1ca2d1cecbbf81067f4d,1,591c08a1d9290193bd96d8c9e6e607ac,701938c450705b8ae65fc923b70f35c7,2017-03-24 19:49:13,103.97,24.01
43e4d5ff99bd1ca2d1cecbbf81067f4d,2,591c08a1d9290193bd96d8c9e6e607ac,701938c450705b8ae65fc923b70f35c7,2017-03-24 19:49:13,103.97,24.01
43e4d5ff99bd1ca2d1cecbbf81067f4d,3,591c08a1d9290193bd96d8c9e6e607ac,701938c450705b8ae65fc923b70f35c7,2017-03-24 19:49:13,103.97,24.01
43e4d5ff99bd1ca2d1cecbbf81067f4d,4,591c08a1d9290193bd96d8c9e6e607ac,701938c450705b8ae65fc923b70f35c7,2017-03-24 19:49:13,103.97,24.01
43e4d5ff99bd1ca2d1cecbbf81067f4d,5,591c08a1d9290193bd96d8c9e6e607ac,701938c450705b8ae65fc923b70f35c7,2017-03-24 19:49:13,103.97,24.01
440d0d17af552815d15a9e41abe49359,1,3bec03860f3782ef8993056e01b8229a,2a1348e9addc1af5aaa619b1a3679d6b,2017-03-15 01:11:33,159.9,25.12
440dd5b80f076b3133c25e668e4df168,1,fa812218786a729a847c4e1869c4ca48,0cbcee27c791afa0cdcb08587a2013a8,2017-03-10 07:35:15,135.0,18.38
440dd5b80f076b3133c25e668e4df168,2,e24f73b7631ee3fbb2ab700a9acaa258,0cbcee27c791afa0cdcb08587a2013a8,2017-03-10 07:35:15,135.0,18.38
4420cbe16c262f724b648cd1294c88b6,1,202d7062d09aa564dfd5aaa1aac775b6,82e0a475a88cc9595229d8029273f045,2017-04-03 03:51:24,295.0,29.2
4420cbe16c262f724b648cd1294c88b6,2,527b0d563a8729f44d5ffb437100931f,82bd0703a4aefd6b599e5bfdaed378fb,2017-04-03 03:51:24,79.0,3.84
443aabd96751d0f91e92d34dae9f473a,1,63de2743d05ab59d85caa49e49459ac1,cbd996ad3c1b7dc71fd0e5f5df9087e2,2017-03-10 08:21:57,15.75,14.52
443bc8cc2feef50a6b416a0645dbf7b5,1,49366a8fab2e191239a143647474e7fc,e9779976487b77c6d4ac45f75ec7afe9,2017-03-27 14:46:40,31.0,10.96
4461758febf28f20a599646b502ddbec,1,50b2ddbf47bd0b8eecabb404613e2a45,259f7b5e6e482c230e5bfaa670b6bb8f,2017-04-04 10:30:21,49.9,22.28
44701fee78d50ad4307eff3c630a4f24,1,ef9ac8a095abb122d1f1314abc153e2c,46dc3b2cc0980fb8ec44634e21d2718e,2017-03-17 14:31:08,349.99,17.66
4495f509457db82fbd44608ebbcddca8,1,06435c7fcaee30b55bdd89feb2ec9be7,d20b021d3efdf267a402c402a48ea64b,2017-03-14 03:02:59,46.99,11.74
44a69f8dbbaad732136d9575edb10295,1,189c49b159a847050e52afe5ec8d42c5,0c8380b62e38e8a1e6adbeba7eb9688c,2017-03-07 14:25:09,213.9,14.08
44cdca8bf38481139be54d6defa74a02,1,c92f0e7b9d49a9543558d6532772441b,5dceca129747e92ff8ef7a997dc4f8ca,2017-03-22 19:03:56,139.9,40.41
44d753e5f4e21111096e0d54ba3a5b0d,1,e07cf6c8c490ceac43740740459d87ff,92eb0f42c21942b6552362b9b114707d,2017-03-30 23:32:12,17.99,10.96
44fe2f7e994f6df61f74b01b2f440169,1,a0544c3d3aafc14f88c638fb74f72833,dc4a0fc896dc34b0d5bfec8438291c80,2017-03-31 15:14:25,49.9,17.09
44fe2f7e994f6df61f74b01b2f440169,2,a0544c3d3aafc14f88c638fb74f72833,dc4a0fc896dc34b0d5bfec8438291c80,2017-03-31 15:14:25,49.9,17.09
45029aac398517a7869c2f22ba01affd,1,386486367c1f9d4f587a8864ccb6902b,cca3071e3e9bb7d12640c9fbe2301306,2017-03-20 14:02:57,109.9,17.51
450c49623c365a4edcf0c5a2c93aa7c9,1,f3ead0dbcae5b065731b183396c1da2f,d12c926d74ceff0a90a21184466ce161,2017-03-08 15:32:28,35.0,14.52
4517d10652306c01990d40b0d6f76511,1,eba7488e1c67729f045ab43fac426f2e,620c87c171fb2a6dd6e8bb4dec959fc6,2017-03-31 16:30:19,199.9,12.01
452bc83e1374a9bcd2592f008c2a441a,1,e891d4a9622cae3b9fc2ec558bda155b,e603cf3fec55f8697c9059638d6c8eb5,2017-04-04 14:02:41,27.0,24.84
452bc83e1374a9bcd2592f008c2a441a,2,e891d4a9622cae3b9fc2ec558bda155b,e603cf3fec55f8697c9059638d6c8eb5,2017-04-04 14:02:41,27.0,24.84
456e7a4c88845260b92d8da7b5551acc,1,336cfb12a5468070795ae4c964f4ce47,7008613ea464bad5cb9b83456e1e6a8f,2017-03-30 02:11:05,89.0,24.82
459fd897f6e31b9302fffd9ded1c760a,1,4ae634441e444ca4bc85903cafe98d73,92eb0f42c21942b6552362b9b114707d,2017-04-04 18:42:35,25.0,17.78
45b8bb0bfeacbf5aebe4c3f5cbcd2b06,1,c0c5899d3df29722ba3f12be79dfeb10,4e17c65a516f69d023a2ae78b84f28d6,2017-03-19 23:46:04,59.0,14.58
45ceefe79e1b3b2757d1d3853fdeaa68,1,6cf8c57dbb76538b6edc7f914cf3c07b,aaed1309374718fdd995ee4c58c9dfcd,2017-03-30 16:14:02,38.5,14.52
45d6ca6a1aced4acda59dbae2035c8b0,1,cd1615dec63f54ce1d2f0b4ad00d741b,33cbda8716511e27e556dff9d8418bf2,2017-04-05 14:55:18,189.9,23.62
45ece9d703e8c043b9e825c88a00c561,1,64143bc1c8b26719d98b7b0ab8027ad9,373ee4a3a775a733770ca3f790b8b9ac,2017-03-15 02:35:33,15.18,10.53
45ece9d703e8c043b9e825c88a00c561,2,64143bc1c8b26719d98b7b0ab8027ad9,373ee4a3a775a733770ca3f790b8b9ac,2017-03-15 02:35:33,15.18,10.53
45ece9d703e8c043b9e825c88a00c561,3,64143bc1c8b26719d98b7b0ab8027ad9,373ee4a3a775a733770ca3f790b8b9ac,2017-03-15 02:35:33,15.18,10.53
45ece9d703e8c043b9e825c88a00c561,4,64143bc1c8b26719d98b7b0ab8027ad9,373ee4a3a775a733770ca3f790b8b9ac,2017-03-15 02:35:33,15.18,10.53
45ece9d703e8c043b9e825c88a00c561,5,64143bc1c8b26719d98b7b0ab8027ad9,373ee4a3a775a733770ca3f790b8b9ac,2017-03-15 02:35:33,15.18,10.53
45ece9d703e8c043b9e825c88a00c561,6,64143bc1c8b26719d98b7b0ab8027ad9,373ee4a3a775a733770ca3f790b8b9ac,2017-03-15 02:35:33,15.18,10.53
45f1ccbf2f111134d9763586f13b76d9,1,f40e67d9fbad11e25f958cc8b534af73,6df688df543f90e9b38f4319e75a9d88,2017-03-26 22:39:58,17.82,14.11
45f1ccbf2f111134d9763586f13b76d9,2,f40e67d9fbad11e25f958cc8b534af73,6df688df543f90e9b38f4319e75a9d88,2017-03-26 22:39:58,17.82,14.11
45fdccdd0ebed851dbf707b98ba5fef0,1,9fc063fd34fed29ccc57b7f8e8d03388,ccc4bbb5f32a6ab2b7066a4130f114e3,2017-03-27 21:48:51,370.0,17.8
460ef4237e6579e9b59b6b313f96b825,1,0e8850427b0f558b79bc35c9800b6e73,f45122a9ab94eb4f3f8953578bc0c560,2017-03-23 22:22:35,95.99,25.16
4615c7d39bd730eaba5a1437d22ae212,1,2b5ae8fa7040dc2ecc8483150f36a667,3f8034bfc6b8b4135534975d49f04c63,2017-03-22 15:40:51,168.0,15.94
4651d5acd5a3f7afd4619aef8d845d32,1,ecbe1ef7e2903ff8b1d704ba78fa264d,c3cfdc648177fdbbbb35635a37472c53,2017-03-15 22:18:24,99.0,21.32
4688d8a3d2db532497201af1f0f69376,1,802d4aa654f6b24ca4d5bd2c61c0b079,6288c69c4ce638e59925e59193f98b16,2017-04-11 01:15:10,415.99,17.08
4692a9af537563c6a43b14abe7bd951d,1,777d2e438a1b645f3aec9bd57e92672c,4a3ca9315b744ce9f8e9374361493884,2017-03-15 19:38:22,69.9,11.88
46e8348ff73e64f24843a7d2fad9fcfd,1,fe59a1e006df3ac42bf0ceb876d70969,25c5c91f63607446a97b143d2d535d31,2017-03-23 09:10:18,809.1,31.16
46e986bd2d3cdddfbc642749d67b4777,1,df3a82b424a1bb351c314547f6644066,4e922959ae960d389249c378d1c939f5,2017-03-29 07:34:21,75.0,25.02
4702ae46293731bcf1d0be7233d6e56f,1,fa723c2295c02577738691a61d56a94e,1771297ac436903d1dd6b0e9279aa505,2017-03-17 07:28:40,180.48,18.55
473f6fac1db5ed68ee9f1ad1e7c14aae,1,6b61c9889ff5ea54a786b54fff36251f,8fdca8e349553f99bc738833a62c8802,2017-04-04 02:22:50,17.5,10.96
474565221e00d78e3862cac801247772,1,c725d1884dc9fac3d9a4fb790c25da21,51702dc2a3e106c76dbff722b5bf0726,2017-03-21 10:00:51,169.9,18.48
47864ed19d3fc241f11b3d0bc59257e3,1,7e0dc102074f8285580c9777f79c90cf,e26901d5ab434ce92fd9b5c256820a4e,2017-03-24 12:42:58,34.9,14.52
4790bc3402a232e073d643e12035d859,1,e15cee02291017f6f12b4115ffb417e6,391fc6631aebcf3004804e51b40bcf1e,2017-03-31 16:35:07,24.75,11.74
47b0e0983b9239a0ac87843ffc19d0a5,1,6c32e1f7898b6a905ee6ccf087461abd,62c50c1af4dfdc4149d25c5222043d39,2017-03-21 13:31:52,112.99,9.78
482c052df6392e43296eba90754938fc,1,62953ad36e6c894ce69fc72d9a5246f3,4a3ca9315b744ce9f8e9374361493884,2017-03-31 02:16:00,230.0,12.22
4849762eab16354ac93fa3f76324ae57,1,5320227c4bd28373213316b78f0f0b44,fa1c13f2614d7b5c4749cbc52fecda94,2017-03-17 00:40:20,159.9,25.61
484e00a4ba79a175cd91af90f5656055,1,2356ba945ec07ec8fab8223d9e98906b,dd2bdf855a9172734fbc3744021ae9b9,2017-04-03 03:45:25,59.9,15.63
486c57abefde2c75d496af33eade014c,1,425a12d4dd8e5e7ba3be5c4157f1fafc,fa1c13f2614d7b5c4749cbc52fecda94,2017-03-23 20:28:56,189.0,11.93
487c1451b8fd7347d0e80e5aca887e91,1,d952c09021388fd5b1e5f914f559fb10,2138ccb85b11a4ec1e37afbd1c8eda1f,2017-03-27 08:50:00,18.99,14.52
4897e89eeabd9f378a6c3fb314f441f2,1,3c0c5eee30aef7a844410f1d1397b620,701938c450705b8ae65fc923b70f35c7,2017-03-13 15:25:15,103.99,24.12
489c4ff5e823eea8d6652bfc3dc1b544,1,624b5655a9d76b5a0e7d780dc4733887,ef506c96320abeedfb894c34db06f478,2017-04-05 18:45:13,34.99,14.52
48ad3f692af89318f508cd0b50f68b41,1,c94d19d021d4a8fbae5a45f904aeea90,701938c450705b8ae65fc923b70f35c7,2017-03-30 17:15:15,103.97,24.01
48bc52c2b508d82a24686b9dceddf414,1,9d358fd2a77935cffa32834b50cfb21e,7a67c85e85bb2ce8582c35f2203ad736,2017-03-15 17:30:52,65.99,10.64
48d230e6c8bd3de6e2c702e6869fea67,1,eba7488e1c67729f045ab43fac426f2e,620c87c171fb2a6dd6e8bb4dec959fc6,2017-03-23 22:22:24,198.0,15.56
48e624e6a92ba57c07b642f214c5bb81,1,44a34214a57dc373dcd80f54c919d006,7008613ea464bad5cb9b83456e1e6a8f,2017-03-24 10:03:12,29.5,24.84
48f30fbf8d879b0216be9be4a1fca6e4,1,e54464e95c9fb80e4edefa0ba49133c1,8f119a0aee85c0c8fc534629734e94fd,2017-03-31 09:01:54,54.9,10.99
49123f75e5d9507cec9455b2ed989913,1,bd82259f983e75ce84126405bf32205c,0adac9fbd9a2b63cccaac4f8756c1ca8,2017-04-06 09:02:08,44.9,14.52
491b3517aceaf23456a3a9cb1d95feab,1,f83c9874b5b5044ea58fef1be68c1ea8,2e90cb1677d35cfe24eef47d441b7c87,2017-03-14 21:55:07,132.7,26.43
49647412596db97b7d3b1b7140d380dd,1,0ee362737f0fade7293e5a4f375f2446,2528513dd95219a6013d4d05176e391a,2017-03-29 14:20:09,179.0,17.99
496c7edde87a9059e9887b3f1fc62523,1,12485f9cdebb6ca179826ede539554ad,7901646fdd36a55f564ffaf2dbccaaf7,2017-03-13 13:04:09,794.98,19.32
497bb8ade48b55b142982e508307a14d,1,a599c9fe3eab8ac297b1bab1e3b60f88,817f85dbb65aa3e70831d90fe75cdf89,2017-03-15 14:24:57,89.99,13.21
4998304ddcd450f9750a4de8f7933296,1,c7b3cf9de7be95b3e09e7a63315685eb,5dceca129747e92ff8ef7a997dc4f8ca,2017-03-08 15:45:17,59.9,22.71
49bce2844ff52cac06a8478eb58e7159,1,cca44f5c2c4c50a416b7ee155a58b2ba,7e93a43ef30c4f03f38b393420bc753a,2017-03-29 21:50:28,492.04,18.65
49cafbbff42233d698ba0e203810e394,1,3a98bcea866c31f53b35a41d3822f908,2138ccb85b11a4ec1e37afbd1c8eda1f,2017-03-15 10:32:31,18.99,7.7
49cafbbff42233d698ba0e203810e394,2,16fdfb4f828bedbe3ad9a00162bd5339,2138ccb85b11a4ec1e37afbd1c8eda1f,2017-03-15 10:32:31,26.99,20.52
49d644145fd8c0e627171467006e7c5c,1,f2e53dd1670f3c376518263b3f71424d,4a3ca9315b744ce9f8e9374361493884,2017-03-23 22:34:25,109.9,11.38
49ecc452cab118ed8cea1ef76a3b3f95,1,44a34214a57dc373dcd80f54c919d006,7008613ea464bad5cb9b83456e1e6a8f,2017-03-28 21:42:50,29.5,14.52
4a110536f892fd4dd11c3c74dada0d1a,1,cdeefdce9704b2a961a01e89b1f19e7b,34d1ca11b242c0fee2c834ae8d788566,2017-03-07 16:35:22,240.35,18.52
4a1ea52e0dfcd2d974464a1cb86cfbf2,1,bb5142bfd51f0ca814eb6d8c78fa9842,45d33f715e24d15a6ccf5c17b3a23e3c,2017-03-22 23:16:57,104.87,18.16
4a385052190a8e86f56e617e88b824e5,1,78819ab10b4a44927c832a21c06849e0,34d1ca11b242c0fee2c834ae8d788566,2017-03-31 01:01:35,580.27,22.76
4a3c3165d36ab4ae894bebc33c199af9,1,d5b703c271f43f9c588a6f512a00f77e,fa40cc5b934574b62717c68f3d678b6d,2017-03-29 21:35:25,34.9,10.96
4a46aca9ae0f89326ddb4bd7dfd041a1,1,d26580768894ea0cdc9f19dc672956c2,d50d79cb34e38265a8649c383dcffd48,2017-03-30 15:21:54,169.99,24.18
4a884f5dad6f1f7948b09930904b6f19,1,d4fe034cde911805af12724d73fde7e0,dd2bdf855a9172734fbc3744021ae9b9,2017-03-09 08:30:08,69.9,15.7
4a8a7a258a9aea5f2d644c863f0c1450,1,a1bf559ac1eab015ba992bd76d9d76c7,85d9eb9ddc5d00ca9336a2219c97bb13,2017-04-06 08:45:16,23.9,17.78
4aa759af4b1d00704872c9858f500702,1,8d7654102992872ef4342f91f9997e64,392e0502231ae2f8b29994ef6398cd77,2017-03-28 21:02:55,49.9,10.96
4ad2ebd3c62db5a8509e3f25fb8b81ca,1,22594ba8fd9a72ad95d352929c821560,7c67e1448b00f6e969d365cea6b010ab,2017-03-21 11:15:16,99.99,28.89
4af33d0a8ce1bbababe13c9480c10ea5,1,a8344987570f9549914755223d975375,25e6ffe976bd75618accfe16cefcbd0d,2017-03-15 16:30:19,96.0,15.43
4b0a33a52d3bdc952ebd0a2c5df9775b,1,33202a8e7a645388c41ed714203d7131,8d79c8a04e42d722a75097ce5cbcf2ef,2017-04-04 02:10:56,149.9,32.08
4b1104831c2d0c40dc17dc5c9d5cfb35,1,0eda6e310c91549299a2f97d0354f7fb,57e632711dec9ec14ca7546769483e7e,2017-04-04 18:43:10,104.0,14.9
4b2574ecd0e648e5360a7030c0ace020,1,f045db2493d42bb131ef8e37c3aef061,dd2bdf855a9172734fbc3744021ae9b9,2017-04-20 02:44:21,259.9,15.99
4b42f2dc682eee98b86ceee2fd9876d9,1,410d5b211dce5611e7a6412bf0cc30fa,2138ccb85b11a4ec1e37afbd1c8eda1f,2017-03-16 02:51:12,18.99,24.84
4b4a6837149161d336cba6c3816f376e,1,386486367c1f9d4f587a8864ccb6902b,cca3071e3e9bb7d12640c9fbe2301306,2017-03-10 10:30:12,109.9,13.35
4b59288fdfd1ef916c5bdb63ee33d987,1,6f33a4a09ae1180a0ee1ff4682b2d21f,725c32fa80c2faacc4fc88450d27314e,2017-04-05 22:42:44,139.99,12.37
4b7e81be5da17ae60c44ba5992fac95d,1,f22c9d6ce2431ff939aad39e026cc7ef,c847e075301870dd144a116762eaff9a,2017-03-27 16:54:22,1199.9,25.69
4b81496f1e0fd587a7394ba1e1b8aebb,1,5ac3db3f4250d6add6afca7518ea7ed9,5c853bb56f70f4d14218944bae111d7a,2017-03-13 04:05:14,7.8,10.96
4b8f98e50ffa9c1b021c197d39c58bb2,1,87cc2aef12eddf0b170234138b0946e0,34d1ca11b242c0fee2c834ae8d788566,2017-03-14 15:05:05,185.81,20.0
4b9a2fcf7058ab9f5609fc6556941297,1,0e6e319f54e663147c771705ab5dec67,96493fab2fbb13a14d0c0e8772eef5c3,2017-03-23 16:43:06,89.0,15.38
4babf11400453218f9ec503eb43d60cb,1,a92044ede94468b593b5e4d92498f6c1,cca3071e3e9bb7d12640c9fbe2301306,2017-03-22 18:49:14,147.7,14.8
4bfa32127f9cbdeb864796d1132b1c0c,1,619d72a5e53d41d7646274a3fa20c2c4,3bb548e3cb7f70f28e3f11ee9dce0e59,2017-03-15 02:51:04,64.9,16.15
4c01326cb869a9ad39093aced5dc4e3b,1,9b968712a8768d8e23318f73476af1a3,7a67c85e85bb2ce8582c35f2203ad736,2017-03-09 18:50:05,10.99,10.53
4c01326cb869a9ad39093aced5dc4e3b,2,9b968712a8768d8e23318f73476af1a3,7a67c85e85bb2ce8582c35f2203ad736,2017-03-09 18:50:05,10.99,10.53
4c03716ec6e1d9291c862446c7d03fcc,1,883e57b1f0fab96202d9e39efbe3b671,80e6699fe29150b372a0c8a1ebf7dcc8,2017-03-31 16:05:18,119.9,37.8
4c0516313f88337aef0820e61740d726,1,f38ded084a0a2da8b32fda4789f494a3,75745ef7bc7d4f3ea3380f6f5303f514,2017-03-08 16:55:10,169.9,17.62
4c5fb984844ad48dc34f8acf42eb0eda,1,331e79a28ee5afbb321a3146653085f2,7c67e1448b00f6e969d365cea6b010ab,2017-04-06 17:02:14,176.99,60.82
4c66c3496efdc2ec571277fff303a631,1,d5f4f441812a9a67cf8fa6d6019192c8,b1fecf4da1fa2689bccffa0121953643,2017-03-08 01:37:13,174.9,17.65
4cc275a83d9eace28626f30559570ba0,1,64d0feb1bcf9c7fe7b5dad3271c10910,e5a38146df062edaf55c38afa99e42dc,2017-03-28 13:10:47,89.18,9.61
4cc5e60f36ca3bdbb07ab8a3c490e15d,1,53d090c54ee11e8f6ea8cedfcce57519,0bf0150d5b9d60d9cd2906003332f085,2017-03-20 14:56:03,59.9,9.41
4cd78b110e3729b0dbfbf21df03ec1eb,1,c6dd917a0be2a704582055949915ab32,7a67c85e85bb2ce8582c35f2203ad736,2017-03-27 10:56:04,99.99,17.13
4cdbc55a42adf395b1997dae797c948e,1,efdd9c83779dc22fdcbfdce64ffef671,9d5a9018aee56acb367ba9c3f05d1d6a,2017-04-04 19:55:21,58.99,16.11
4d176bbefbf167c712ff9ea39cd6f233,1,bbaef2eadf31fe3ea6702077398be06c,cc419e0650a3c5ba77189a1882b7556a,2017-03-21 18:00:11,56.99,14.57
4d2e2634819452adb3313ccb5abd344f,1,777d2e438a1b645f3aec9bd57e92672c,4a3ca9315b744ce9f8e9374361493884,2017-03-31 18:25:09,69.9,15.7
4d3144d146f15c73378b715f90be85b9,1,601a360bd2a916ecef0e88de72a6531a,7a67c85e85bb2ce8582c35f2203ad736,2017-03-24 11:52:44,129.99,17.65
4d387befd269a77ed5ebf7274fac2751,1,0152f69b6cf919bcdaf117aa8c43e5a2,d2374cbcbb3ca4ab1086534108cc3ab7,2017-03-23 18:35:16,13.9,14.52
4d3d516722fec1acb74876f71b18eaea,1,a4fa3b8fa5953b0bd18bf4e0b4de499d,da8622b14eb17ae2831f4ac5b9dab84a,2017-04-04 15:30:10,89.9,17.37
4d3d516722fec1acb74876f71b18eaea,2,0fa81e7123fd0ebe03adbbe99d912827,da8622b14eb17ae2831f4ac5b9dab84a,2017-04-04 15:30:10,89.9,17.37
4d483bf690ca21bdc005df9b623673c7,1,18d307d967bbf1300aa00b34f34c374c,e24fc9fcd865784fb25705606fe3dfe7,2017-03-22 21:16:46,414.0,19.05
4d6de9e9aa5820e340e8438ed218931e,1,96d6c71675adc35bcf32f970cdffe2d6,2138ccb85b11a4ec1e37afbd1c8eda1f,2017-03-24 16:15:32,18.99,16.05
4d6e0de22cf1c48f915941d25e043a1a,1,619d72a5e53d41d7646274a3fa20c2c4,3bb548e3cb7f70f28e3f11ee9dce0e59,2017-03-15 15:32:21,63.9,11.06
4d6e0de22cf1c48f915941d25e043a1a,2,619d72a5e53d41d7646274a3fa20c2c4,3bb548e3cb7f70f28e3f11ee9dce0e59,2017-03-15 15:32:21,63.9,11.06
4d86c229336b1039a22133f90763cea2,1,afad7a4420a4348d41da23ed8d0902dd,3481aa57cd91f9f9d3fa1fa12d9a3bf7,2017-03-08 03:50:37,59.9,27.61
4d9f516707478b41c5932a3a3fcfb733,1,7c1bd920dbdf22470b68bde975dd3ccf,cc419e0650a3c5ba77189a1882b7556a,2017-03-23 11:05:20,64.99,16.15
4ddf6c937ee248504c71104627543a23,1,915ff35b0555b98fe64bc60674da4c43,8a87611c08849ffeeccab52aa798b6c7,2017-03-07 20:01:58,310.0,51.78
4de6fae240d7acb7e1a830665d941ae2,1,7e0dc102074f8285580c9777f79c90cf,e26901d5ab434ce92fd9b5c256820a4e,2017-03-22 19:11:34,34.9,14.52
4e15214b61d5e952ea58075636fc6e99,1,546acf50e60127aacaed5190d95bf52b,c447f8dd3ed213f291d65ef074a268eb,2017-03-17 02:43:15,65.0,20.77
4e4bb6dacb3e7da91a40dfc6efcf7ccf,1,e9f5285945cb79bc9dd00821fff79138,33ac3e28642ab8bda860a2f693000e78,2017-03-30 11:42:17,104.9,16.43
4e5e560075bde8260400f40135c0375b,1,555ac2c0671fd791fae84d6eeec2c1fc,ae8bfdbf1c2a2a2dee92d799db0a31c6,2017-03-22 20:10:03,49.99,18.63
4e91282187f8ed281081528372cee70a,1,607e65dd8675090ad3f4b936fe6866f6,f45122a9ab94eb4f3f8953578bc0c560,2017-03-30 17:27:01,809.9,19.84
4ea0ef9a772da79c6afd8ebc69ee008c,1,6875b883a18364bf04f16698a335df55,3d871de0142ce09b7081e2b9d1733cb1,2017-03-16 15:24:51,69.0,15.69
4ea66e940d723646064604059b99f32a,1,167b4b8c4bd0c401bea62f5e050d70a4,25c5c91f63607446a97b143d2d535d31,2017-04-14 15:55:19,222.0,16.76
4eaf389d62c4c959f4657e40550fb531,1,dbb4ce89c8ed5fb6fd901e2e51093179,91f848e9f4be368f4318775aac733370,2017-03-10 19:23:09,79.99,14.33
4eb3a441cbc81bd1c7d4449e569ae605,1,f71973c922ccaab05514a36a8bc741b8,5dceca129747e92ff8ef7a997dc4f8ca,2017-03-09 23:10:20,109.9,24.05
4ed8ff23c5c750ac1bd49b98d15f7bb8,1,123701dcac36412cf1b594f5aafc2eaf,fe4cd9461203cee790d36792420b310f,2017-03-17 08:11:00,147.9,21.49
4ee4f0e0b56bda44d48cac579f3c5908,1,ceb9134650bd7cae74affc51800f309a,48985c61529077fa4f1e38bcff0f2ed3,2017-03-24 14:18:36,129.9,16.12
4ef8fef15b3a1986d266d349b21ab021,1,fc3e972df7e263b301e2bee77ac2a6d3,38e679b9e0064cd94c6f035707344dae,2017-03-15 20:16:03,67.91,19.07
4efe78f6ef58eecff2dee027fca3a31f,1,b68cf84ede4fd1e14b1740de5b727d55,e24fc9fcd865784fb25705606fe3dfe7,2017-03-28 09:32:13,636.0,30.71
4f465645306f7ff736f2b87d32ed65a3,1,7e0dc102074f8285580c9777f79c90cf,e26901d5ab434ce92fd9b5c256820a4e,2017-03-20 10:15:25,34.9,10.96
4f55eae15690f1956ad981d54a08a22c,1,1fc06ef354abfb79af03e2ac29577b03,3d871de0142ce09b7081e2b9d1733cb1,2017-03-10 02:05:14,69.0,14.65
4f69e61a03c8f8e1fb342ca5aca13de5,1,0152f69b6cf919bcdaf117aa8c43e5a2,d2374cbcbb3ca4ab1086534108cc3ab7,2017-04-12 14:55:07,13.9,14.52
4f78e12d1c6bf7ab77ecfdb4226a9c82,1,e07cf6c8c490ceac43740740459d87ff,92eb0f42c21942b6552362b9b114707d,2017-03-31 13:15:15,17.99,14.11
4f7e7115e9774e0a45e016fa2cbe4b75,1,f034637ce06bb3a527488a37a59e522d,7e93a43ef30c4f03f38b393420bc753a,2017-03-24 10:51:33,285.6,16.17
4f902f639aad5f00c8e814b248e3b4b3,1,880be32f4db1d9f6e2bec38fb6ac23ab,fa40cc5b934574b62717c68f3d678b6d,2017-03-29 20:25:06,42.99,14.52
4f9f24f1dd52ecdf0684a63eaf36c51b,1,089cc17c8bf2226d13648392e33dabd7,70a12e78e608ac31179aea7f8422044b,2017-04-05 02:22:50,45.0,10.96
4fa0555af785b01d6fd80634b8c3a87a,1,79fb349afbae7595d2bc47368a7e4558,4d600e08ecbe08258c79e536c5a42fee,2017-03-21 19:08:27,582.5,18.25
4fb76fa13b108a0d0478483421b0992c,1,102977ffbec43473f129d2e77b019475,01cf7e3d21494c41fb86034f2e714fa1,2017-03-21 11:23:38,89.9,17.37
4fba4b6ba715a2a3c0c0d0f9cd561640,1,186fe07c8b8005ec6a498587ffbc1352,6560211a19b47992c3666cc44a7e94c0,2017-03-23 00:22:04,29.0,15.65
4fbc2bd17fd14bf9e9b4f28f96351edf,1,569ffd16f8032478cbeb9800f2e94ba0,20cb7c2fde3e5bf10f0bbe7394e1c6a9,2017-03-20 19:26:29,16.9,10.96
4fd4634c3c8d7f2b7788e9c3902565ab,1,9f8aa40ada6e2b65a3bb5643754bf262,92eb0f42c21942b6552362b9b114707d,2017-04-06 17:55:11,60.0,11.03
4fe6e6eee2e643359d66860e9954cb84,1,1d7099ae41da8738fa29e4c51a5a492b,6c12e40690c335dbc2f68a4134d30dc1,2017-03-19 21:30:52,2130.0,60.4
4fe85ba34d52bb088ed6dc9a821d84fb,1,bfebe3af6798e21f14c80263db86b7a0,a888faf2d1baececa6baf9c3d603ee1f,2017-03-20 23:37:05,313.9,16.37
4ff030f2bf3f8741d3843193abca39fa,1,24f5af2b789d02450459312d48fc840f,cbd996ad3c1b7dc71fd0e5f5df9087e2,2017-04-05 23:02:59,63.49,15.65
4ff030f2bf3f8741d3843193abca39fa,2,24f5af2b789d02450459312d48fc840f,cbd996ad3c1b7dc71fd0e5f5df9087e2,2017-04-05 23:02:59,63.49,15.65
5000591796ae43a6d7638ee69e51ac6e,1,357a9e8a4b691ffbb0f855b23d490c4e,432c37c9dfba871172ec162e20118b8c,2017-03-14 09:15:19,31.0,8.72
502d64f8c5d21236249b9696338751f9,1,fe220782f267bca8c056308cba6c8807,7722b1df1b0e383e000397b2c11e3e19,2017-04-03 16:07:36,89.9,13.21
502d7a6ef832644f5208f0af59e4c5bb,1,d41a23bd2bc3ec10cfffc66c0611a290,391fc6631aebcf3004804e51b40bcf1e,2017-03-30 19:42:06,24.9,15.56
502d7a6ef832644f5208f0af59e4c5bb,2,d41a23bd2bc3ec10cfffc66c0611a290,391fc6631aebcf3004804e51b40bcf1e,2017-03-30 19:42:06,24.9,15.56
5037eb441ab49c481fe12cdc8e600dde,1,9e2d3a8d8ffad53e2e35282a2020221c,1da366cade6d8276e7d8beea7af5d4bf,2017-03-09 06:45:23,29.9,19.05
5038c933890c38bc50053e46b4abff17,1,a695ab8413ea83619cde9b18292d6aa1,1da366cade6d8276e7d8beea7af5d4bf,2017-03-27 20:16:36,50.0,14.52
5039c86e0392fa512d40a377555e64c3,1,be5f0f785e9495b018017045cc207457,6edacfd9f9074789dad6d62ba7950b9c,2017-03-13 04:15:31,38.9,10.96
503a416fb4261893e74138567c7138a5,1,64c8a86009dbb2a079c083b315733c49,83645b1645cdee8953ee54c29ceed564,2017-03-16 12:24:51,149.9,27.31
504779028c4065be89d73e2b2aac60e2,1,14ed7526330bb083481b32c7ab26f179,f4c4daa86e30c7e5a553a8d518ac03a5,2017-03-31 14:37:07,576.21,19.73
506537a590a8f111389ca1f2a4963847,1,1a7cffdce32ea72085aa94c27b19d01a,17e34d8224d27a541263c4c64b11a56b,2017-03-21 15:42:23,188.99,11.93
507a4eb733d930ed7dfc37c2dbe4e264,1,4633dfeb3a2588bdb52af32d504b44eb,b76dba6c951ab00dc4edf0a1aa88037e,2017-04-06 09:33:07,19.99,10.96
507f91afedbd57681c60c5d8c447716f,1,0f0c4960b05d6145bbb4b348423503ef,edf96ef93ed595084bbcbd9224bd2894,2017-03-21 14:12:00,42.0,11.73
50a980068f11953231ad1d03fb1769b4,1,5a6e53c3b4e8684b13388d6aa4afdf12,7299e27ed73d2ad986de7f7c77d919fa,2017-03-22 20:38:37,14.99,20.8
50afe29220be2f02604b5cbb9e641f86,1,7703b8cb5b77fbb36518ea91e2ca734f,6560211a19b47992c3666cc44a7e94c0,2017-03-15 20:41:04,39.0,16.05
50cd705ea531362cb179d7fbf877344c,1,937d4dbe97dc4cda39683025976f91ae,8a32e327fe2c1b3511609d81aaf9f042,2017-03-30 01:30:39,29.99,14.52
50cd705ea531362cb179d7fbf877344c,2,937d4dbe97dc4cda39683025976f91ae,8a32e327fe2c1b3511609d81aaf9f042,2017-03-30 01:30:39,29.99,14.52
50f9fe32edde21b508c0916cae106e13,1,5f52559f184d17058ef24e705a0b4ed2,36a968b544695394e4e9d7572688598f,2017-04-19 06:05:21,14.9,10.96
510d53ecef0e951a4c0cf058f579b626,1,78819ab10b4a44927c832a21c06849e0,34d1ca11b242c0fee2c834ae8d788566,2017-03-31 20:30:19,580.27,22.76
513d0aea6e84d49ab30dda9ab70053b1,1,a4bc24bcb44abb54f2f6214991dcdab0,8e6cc767478edae941d9bd9eb778d77a,2017-03-21 08:08:39,59.9,18.7
514290e30cb76393d6623ca6d7d79ee0,1,c6dd917a0be2a704582055949915ab32,7a67c85e85bb2ce8582c35f2203ad736,2017-03-16 19:33:03,99.99,15.91
516ddf29a9e99c8997f914e6b389cd19,1,4cb4ef491872bfc6e910b343d46c6325,0ea22c1cfbdc755f86b9b54b39c16043,2017-03-29 23:50:18,34.9,14.52
518d8ea442ea12acede1c064a54cae32,1,c0d133f59b1b9482e5b66b398ea60a69,da8622b14eb17ae2831f4ac5b9dab84a,2017-03-13 14:15:17,119.9,17.4
518d8ea442ea12acede1c064a54cae32,2,e71979722971f0e661a45658746f8af7,da8622b14eb17ae2831f4ac5b9dab84a,2017-03-13 14:15:17,79.9,9.16
519e5b17180d3ebefad6f7b8c1a6c7c6,1,bf35317e81a1e1477a2256328bce9e9f,cc419e0650a3c5ba77189a1882b7556a,2017-03-20 18:59:23,56.99,17.83
519e5b17180d3ebefad6f7b8c1a6c7c6,2,bf35317e81a1e1477a2256328bce9e9f,cc419e0650a3c5ba77189a1882b7556a,2017-03-20 18:59:23,56.99,17.83
51c07a9a553558eb945063c1a7961098,1,b0075cdedc8e455d734e6b1875336ca1,0ea22c1cfbdc755f86b9b54b39c16043,2017-04-04 02:22:36,29.9,37.84
51f1a03bb8aae115ea6387a8e7edc7e7,1,63ee501f72520d5ec54cef5fd3a21a20,acb6c2ca5c82411c1fdb88d5fd5eb95e,2017-03-20 15:53:07,52.9,11.75
51f24b9ca5365e89f2dd96de60ee083f,1,c5038055690911ed8e218cceb07acdf8,f8db351d8c4c4c22c6835c19a46f01b0,2017-03-23 20:49:04,405.9,33.87
5207664bb97d53e5e9cdfd0163380e2f,1,234df98e1a567a28c8ff2079fd55198b,4559697a8f7e637227c2eeaed843baff,2017-04-07 07:10:09,250.0,16.96
5239b7862883513b9ddc014d83eeec42,1,ea012826f2cb04c6fd08522ca179302f,8cc6a0e5738e61a87b03c78b2ba9db4b,2017-03-21 22:59:23,84.9,18.02
523edc667ecf141c2018ec8c1e6c0211,1,ecbe1ef7e2903ff8b1d704ba78fa264d,c3cfdc648177fdbbbb35635a37472c53,2017-03-07 16:55:12,99.0,13.33
523edc667ecf141c2018ec8c1e6c0211,2,72a30483855e2eafc67aee5dc2560482,c3cfdc648177fdbbbb35635a37472c53,2017-03-07 16:55:12,99.0,21.53
52586b1b9916f51d8bf0d76295da9f6a,1,d4a8ab90e626911fa92af68c07228390,cca3071e3e9bb7d12640c9fbe2301306,2017-03-16 20:55:13,45.9,15.56
52619537cf1e982e097feae63cd2e083,1,a357f84a03304a2b4e051596920249eb,a416b6a846a11724393025641d4edd5e,2017-03-31 10:05:21,59.41,9.41
52619537cf1e982e097feae63cd2e083,2,a357f84a03304a2b4e051596920249eb,a416b6a846a11724393025641d4edd5e,2017-03-31 10:05:21,59.41,9.41
5268c3dc8d619070c0a2e5d9403a9945,1,f81d6d7097c75414e1b030de345ed740,cca3071e3e9bb7d12640c9fbe2301306,2017-03-23 00:26:29,129.9,19.19
527b28dd1cc06cd5f5d361c544909a40,1,010c988805cc0a13b9ba455ffc6c8510,aba1721a889e04decc910aa13b768ef4,2017-03-20 20:26:14,149.0,21.49
528e6fd7c03c379de286d97ec507a6f7,1,a3648c962d60ced36f589f0500cdcb60,bd697db56ff8e7c9cd1abeb7f72029b2,2017-03-23 08:52:44,69.99,16.19
52cfb42088bb202a56a77b48a3051baa,1,f109f04ad95889f2f041a91afe3d894e,620c87c171fb2a6dd6e8bb4dec959fc6,2017-03-08 20:05:14,69.9,11.1
52d39ff4d1bec82c2e57105ce078804d,1,b1c791ce2fd764b4aaea6b9064b224ac,fe2032dab1a61af8794248c8196565c9,2017-03-15 12:32:49,265.0,12.46
52fe284b8a7ca9585835524dbd80515b,1,96d6c71675adc35bcf32f970cdffe2d6,2138ccb85b11a4ec1e37afbd1c8eda1f,2017-03-15 19:10:31,18.99,15.65
5317d6f0c0b5822201596d8f4aabdc6e,1,242e1933d9cb1c789d3c6a3f2d083ba0,e48b04bf1aa1ef711caebeb7aede6180,2017-03-09 06:45:15,158.9,29.28
531e665dc22a8076daa802634cebfea1,1,1529199a7d88ac40cef5b4a508f18f2c,9a84ba99f5367fdbd4598363496f1ea2,2017-03-23 19:59:42,69.9,17.92
5361ae7742cca11bdce02eba111d345a,1,0cf573090c66bb30ac5e53c82bdb0403,99eaacc9e6046db1c82b163c5f84869f,2017-03-28 08:40:31,59.0,11.02
536e26cd7924f6c5785423b49b0fa7f5,1,8c591ab0ca519558779df02023177f44,a1043bafd471dff536d0c462352beb48,2017-03-23 20:47:39,99.99,20.0
5384eba8f22866695801e33c6dc25745,1,a695ab8413ea83619cde9b18292d6aa1,1da366cade6d8276e7d8beea7af5d4bf,2017-03-09 15:50:22,40.0,20.8
53f5a7f622d498ff3eeb334b8efa7ae7,1,eff955ba97941dc6837a770367d66944,1554a68530182680ad5c8b042c3ab563,2017-03-09 20:32:22,43.9,17.09
53fbedbd16ccffa3a54c400edbb3fecb,1,4bb4fb9c85785b75ab4f6559900c7ca1,ef506c96320abeedfb894c34db06f478,2017-03-15 22:01:34,37.99,14.11
5401b21170f8bcf7136ecd5cda29009c,1,99a4788cb24856965c36a24e339b6058,4a3ca9315b744ce9f8e9374361493884,2017-03-20 07:26:25,89.9,11.24
541e38b8cb17dc622161e1e475b308bd,1,cd87373ff7bdd923cfdff3893c9dea64,4e922959ae960d389249c378d1c939f5,2017-03-19 21:19:38,104.0,14.9
542e088b96769f96492ae0f46597d3d3,1,fb949f35bd1873f846cb7246d9db81b0,6edacfd9f9074789dad6d62ba7950b9c,2017-03-16 15:17:33,43.9,11.74
542ff6bc27af2bc961c692ce0197fbbe,1,af4c95f42ca8c56f8b0557650c11eb44,a3a38f4affed601eb87a97788c949667,2017-03-30 13:06:21,99.9,29.9
543a7736e8c75c0b22aac2fa7b157e1c,1,9e2d3a8d8ffad53e2e35282a2020221c,1da366cade6d8276e7d8beea7af5d4bf,2017-03-13 04:03:29,29.9,22.28
543a9bf05657bd3c5099de23d13139a1,1,97b91c8032defad1460e5225a0049161,d93844a9c55ba7ce353388bcf849ea56,2017-03-21 08:19:58,179.9,38.68
543a9bf05657bd3c5099de23d13139a1,2,6af944d65385c537dd7fb26787c7dae3,d93844a9c55ba7ce353388bcf849ea56,2017-03-21 08:19:58,79.9,23.21
5444e454a2f7460db710141b6ee93990,1,dca96fdb8b183f1ea4e5eeb9d3e6163b,6edacfd9f9074789dad6d62ba7950b9c,2017-03-08 22:02:29,45.9,15.56
545c329642c609a7e1e3ab759eed9dc5,1,50147c350ddbaff0646aeac455c7473e,a673821011d0cec28146ea42f5ab767f,2017-03-31 18:02:53,119.9,12.23
5468ed226abcf74527e93b11988e4a3e,1,f0fd2799d9eb02ccb6efa890519a6c4d,cca3071e3e9bb7d12640c9fbe2301306,2017-03-27 14:40:20,214.9,38.44
5471298c2cafa3ef73e2eee59a5a9f4b,1,af3da1cd239d042efbbf8100b9ef2156,c8e135e7b21ecbc36c1153a29d2f5a06,2017-03-22 14:20:09,138.9,14.74
5471d26176ed00eac0441e43fe12ce01,1,2345a354a6f2033609bbf62bf5be9ef6,ef506c96320abeedfb894c34db06f478,2017-04-06 11:42:47,31.99,14.11
547c0db33c070cc0ddc35ad17750c6f3,1,95ffcc544c6a973ef0885c2017b54318,941554c5757b73ba0e50aa7732310afc,2017-03-09 20:30:20,25.9,14.52
54c2d9b070b38364a06b2b3066032112,1,3e81762914e082ccca5a002144534a21,36a968b544695394e4e9d7572688598f,2017-04-10 23:32:46,114.9,16.01
54d37ec8a7b9c92bdca59ec16141bc4f,1,e1bf73a530f7e6ea9df12e1238ab7600,827f8f69dfa529c561901c4f2e0f332f,2017-03-30 02:15:38,35.9,14.11
54e18621b0dcda1233f2d5bda4effa58,1,8e49e2b4aaa2a78f82c80d2e488084f6,3c3017960b2dbd72711a61f0400aab8f,2017-03-13 04:30:19,84.8,35.04
5503b14ddf7853393e5acf02e0128442,1,b57a4072f1286a401272930c85221f91,ef506c96320abeedfb894c34db06f478,2017-03-17 17:39:56,25.99,24.84
550e1d4daa21983f7bac6b2f83c40365,1,9e2d3a8d8ffad53e2e35282a2020221c,1da366cade6d8276e7d8beea7af5d4bf,2017-03-09 21:02:47,29.9,15.56
554bfd99dcbd9ac3d81b0c7e135f58b2,1,1a7cffdce32ea72085aa94c27b19d01a,17e34d8224d27a541263c4c64b11a56b,2017-03-23 16:26:06,188.99,11.93
554ecc3c2cd2aa5e836523bcf915260a,1,98cd3776d33bddd0ebf8ad8b4732d1b4,184a67a8f9f63234d3a92340bbdb727f,2017-03-16 10:01:13,22.37,14.52
5571222bcd19928723500fbf1d62c819,1,10c406279c428b45c54cc17645cca63d,6560211a19b47992c3666cc44a7e94c0,2017-04-03 16:35:15,99.0,9.06
55adc5cef9556477770f0b858669f8fc,1,b6f7a80ce020adcd7918fca6246bf96a,ff4ea69c2a729e83e63c7579e4ef8170,2017-03-23 11:15:39,849.0,16.55
55aea3ae93b247a771d01bc39ae5ec45,1,093be8c4566a25d70e577faa3539d7d3,63b464dbf392c7b80d12d932fa7cafed,2017-03-31 20:20:15,159.0,20.41
55d76e2bc7b3498fe523bbde2656fbb5,1,a35a9f46dcee0a67c8c7ad8493eb4135,85d9eb9ddc5d00ca9336a2219c97bb13,2017-04-04 22:55:18,27.9,14.52
55ea12225a84c0269c9ae6604e6f9141,1,dbb4ce89c8ed5fb6fd901e2e51093179,91f848e9f4be368f4318775aac733370,2017-03-22 19:38:01,84.99,14.36
55ed1e9c3febd5e186d5124a92690ae0,1,8f03c5b78e41d6cecdfb6f6bbe4de8da,48162d548f5b1b11b9d29d1e01f75a61,2017-03-17 15:21:21,307.3,48.65
5608ac7a2d4918bf9d1d1ee11fd5dab3,1,b476607319330ff5e387b50aa3ee909f,b2ba3715d723d245138f291a6fe42594,2017-03-23 14:59:50,64.9,15.66
5622ad01924109b081d3f0f7fdd45f71,1,753de82a096285dc21658d87c4933771,16090f2ca825584b5a147ab24aa30c86,2017-04-10 06:05:09,69.99,11.1
56430e0b9968b381942760e433583b27,1,e282624d8c82e04983f125e167eb4521,2138ccb85b11a4ec1e37afbd1c8eda1f,2017-03-08 07:35:17,18.99,14.11
5667af66694cc07bce46f7af2ed32ed6,1,f5c47e637a96fcf0de8c1c6baa75d856,70a12e78e608ac31179aea7f8422044b,2017-03-13 15:43:25,55.0,14.75
567320164aa96555310f5c8ed6e8c5d7,1,f750e77aeeecafcb47516be7f8f278b8,b7e1750c1157341d2abd0251e07c186b,2017-03-13 14:03:59,39.9,14.11
56a48a43efddc6a4b83370214985d366,1,b1f51d216c9062dcc12ab42462293ec1,cca3071e3e9bb7d12640c9fbe2301306,2017-04-11 09:30:15,131.9,17.66
56a5ec0d1965b1640462b08e95f028d7,1,15dde66eab29d86c576343ead646ccd2,57c764b4a836300be881e2ff86e449f9,2017-04-05 09:55:26,79.9,15.77
56c26c7e1d2d600fc5e6a4a6b0be3aa8,1,b72b1952fed0f11ff9621862f1272e50,7b07b3c7487f0ea825fc6df75abd658b,2017-03-17 14:49:49,64.8,11.06
56c898abec8a6fd5e84ffc42904c4f65,1,23ed7a10a36c6f88a757a9c83df9ea20,a888faf2d1baececa6baf9c3d603ee1f,2017-03-14 09:10:17,459.9,18.43
57036fa92425953d26c370e6fd4b3943,1,46f739c1cd676603026c0af4d29ef7a5,198c7ea11960a9844b544d9bcdca860c,2017-03-10 01:10:15,139.99,21.06
5718fc130d653929872f0481438d3f66,1,e034c021254ff4d8da4e936e047967af,6b15924333bd1a741595fe981ea04822,2017-03-14 22:49:56,24.9,14.52
574106974d37a1691293b7342fa3d799,1,c211ff3068fcd2f8898192976d8b3a32,da8622b14eb17ae2831f4ac5b9dab84a,2017-04-07 02:10:07,24.9,14.52
574106974d37a1691293b7342fa3d799,2,c211ff3068fcd2f8898192976d8b3a32,da8622b14eb17ae2831f4ac5b9dab84a,2017-04-07 02:10:07,24.9,14.52
574106974d37a1691293b7342fa3d799,3,c211ff3068fcd2f8898192976d8b3a32,da8622b14eb17ae2831f4ac5b9dab84a,2017-04-07 02:10:07,24.9,14.52
574fe1739f65af76badd0999db300b4f,1,a9516a079e37a9c9c36b9b78b10169e8,7c67e1448b00f6e969d365cea6b010ab,2017-04-05 15:25:11,126.99,15.06
575a549c5e6d74c77f8c59a2622bb590,1,63de2743d05ab59d85caa49e49459ac1,cbd996ad3c1b7dc71fd0e5f5df9087e2,2017-03-30 19:55:15,15.75,10.96
575b1b9f37a11b59ac98672fa8c487b2,1,671ac7a60d975bd4ca2d7f7c77070210,7142540dd4c91e2237acb7e911c4eba2,2017-04-05 15:41:28,74.9,13.1
57683137f254d82a617e934ec6cd5472,1,0d3847e4cbb1d79d2e28b2156f1e11f2,7c67e1448b00f6e969d365cea6b010ab,2017-03-23 16:59:14,176.99,96.63
578c61a097978687b2c5109f39efe918,1,7c1bd920dbdf22470b68bde975dd3ccf,cc419e0650a3c5ba77189a1882b7556a,2017-03-21 14:56:00,64.99,14.62
57963763b600cf44a5b4c9da5fb4c3f7,1,c80124276571cd4bef53cf35d9b36c5c,2528513dd95219a6013d4d05176e391a,2017-03-29 21:25:08,299.0,29.1
57963763b600cf44a5b4c9da5fb4c3f7,2,d399dfc93e30e60fce539861202763af,2528513dd95219a6013d4d05176e391a,2017-03-29 21:25:08,199.0,14.13
57a959471d822333138826c2694ea6b6,1,e9a69340883a438c3f91739d14d3a56d,1b4c3a6f53068f0b6944d2d005c9fc89,2017-03-13 19:15:17,169.9,22.66
57b1df96c26b2169f7fd925e5c3dc724,1,601a360bd2a916ecef0e88de72a6531a,7a67c85e85bb2ce8582c35f2203ad736,2017-03-23 14:54:19,129.99,29.26
57c77ac6b334c14aef111922d59f7177,1,e7fcfe86cd2bfcfc88de49f995ee91f1,96493fab2fbb13a14d0c0e8772eef5c3,2017-03-30 10:17:37,589.0,13.11
580a7a884de79afc29f68de2c148240a,1,2291d090b69f60fc0ffd95ae394daa77,c847e075301870dd144a116762eaff9a,2017-03-17 02:50:31,99.9,17.54
58300b00ad189113ddb608765a954301,1,68a058d125ba1544e726898f0b8c0523,7c67e1448b00f6e969d365cea6b010ab,2017-03-27 21:56:07,119.99,15.01
58527ee4726911bee84a0f42cdd797c1,1,2b284ca976943311c427da3bba8f47ff,a3a38f4affed601eb87a97788c949667,2017-03-24 11:01:17,129.9,50.0
58e801ec0ca7a3f8f17a61342bf09e88,1,fcf6ad274391aea29f5d6e5ef9da5050,5cf13accae3222c70a9cac40818ae839,2017-03-17 15:34:51,69.5,14.66
58f06cdcc39850d51ec8677cdff108be,1,9cfb95272c4cd1e98619d3bdea888a7c,7a67c85e85bb2ce8582c35f2203ad736,2017-03-16 08:10:58,219.99,30.47
58f5801ecbeec83b70c32e4afdc5582b,1,f538ab9eecaa662135da8cb772bc8236,0c7f30ae9b147eca07affbef92832a6a,2017-04-04 19:45:12,149.9,17.89
58faef88b9fbcce2db4d1b68bdb0c2a3,1,547b95702aec86f05ac37e61d164891c,001cca7ae9ae17fb1caed9dfb1094831,2017-03-29 21:22:42,99.5,32.98
58faef88b9fbcce2db4d1b68bdb0c2a3,2,547b95702aec86f05ac37e61d164891c,001cca7ae9ae17fb1caed9dfb1094831,2017-03-29 21:22:42,99.5,32.98
58faef88b9fbcce2db4d1b68bdb0c2a3,3,547b95702aec86f05ac37e61d164891c,001cca7ae9ae17fb1caed9dfb1094831,2017-03-29 21:22:42,99.5,32.98
58faef88b9fbcce2db4d1b68bdb0c2a3,4,547b95702aec86f05ac37e61d164891c,001cca7ae9ae17fb1caed9dfb1094831,2017-03-29 21:22:42,99.5,32.98
5921c611401f52ff910cf826ea169367,1,3ba2b0de14984ce8f072c58be8d701dd,a3a38f4affed601eb87a97788c949667,2017-03-10 01:05:46,104.99,35.35
5925c7ecb7ba1b4c276101af9718cdb3,1,9fc98e39f04be8e382d8aa5e259f5489,d2374cbcbb3ca4ab1086534108cc3ab7,2017-04-20 14:55:06,42.9,17.78
5958326b12eca1c2a2b4627dc4676a2c,1,e579c56ed22a86edeb6e142d180972c0,fa1a9dec3a9940c072684a46728bf1fc,2017-03-30 16:15:21,135.9,17.79
598e0b2b828aee119bc59b9fdb2fc1c0,1,a5b4f317244eebd07c3e881cf54abc1c,4a3ca9315b744ce9f8e9374361493884,2017-03-16 08:41:20,68.9,11.09
598ec4891be0ab0e8c107105b43e2944,1,f7c7bd3105bd26ce0de4072af7159f84,d66c305afaec317ebee552073a674429,2017-04-03 10:32:45,97.99,17.43
59a1c1915aa1c7382762e3adae5f0877,1,2bc21a82809d1558515e2962e53cc4bb,21e83881401b92b49fb09a16d3852291,2017-03-23 12:12:41,199.9,22.87
59a547acd221c8cbc2db1baf4d53ebac,1,bbb63f6deac726c088568b3f871bb4c4,82bd0703a4aefd6b599e5bfdaed378fb,2017-03-13 23:45:10,249.9,16.86
59c1736899bb709593b369f89fbf2574,1,754d489a7a6c5b5f63c6e1ea42f9125f,4e922959ae960d389249c378d1c939f5,2017-03-24 09:33:12,59.0,16.11
59e50342da3b55417e121c01aa5aa6ea,1,7be864c6decdcc486fdcd720b1a721c0,cb8bcce248bb1fb274ba762d8b971456,2017-03-10 19:30:20,65.9,14.63
59e50342da3b55417e121c01aa5aa6ea,2,7be864c6decdcc486fdcd720b1a721c0,cb8bcce248bb1fb274ba762d8b971456,2017-03-10 19:30:20,65.9,14.63
59f4e4ce854640a74dcae6d0c3fa1ea6,1,6c55ba2343f9df32c7f88a468352ff22,6560211a19b47992c3666cc44a7e94c0,2017-03-23 11:12:22,29.0,10.96
5a0e15ad1f0c5749b22a528d77d1c993,1,777d2e438a1b645f3aec9bd57e92672c,4a3ca9315b744ce9f8e9374361493884,2017-03-15 18:02:21,69.9,15.7
5a528ee290cb0fa6e22acf467ea33c09,1,151f6da73d1f11e1a75553f0281d19dd,6560211a19b47992c3666cc44a7e94c0,2017-03-20 16:15:38,49.0,14.52
5a77e4bc8ac96edc52bed4bc00eaab7c,1,8dff5399c7a5552ee041c8bb465e5288,db4350fd57ae30082dec7acbaacc17f9,2017-03-30 23:32:34,34.99,10.96
5a81cdb2dca863c852fc8e4f82f38f2e,1,143bc7fcaf6929ef5979e58abf39d4ed,a7f13822ceb966b076af67121f87b063,2017-04-04 20:10:17,179.96,33.54
5aa551497a6e4522899b4a89a3eeff5f,1,f35927953ed82e19d06ad3aac2f06353,669ae81880e08f269a64487cfb287169,2017-03-15 22:49:47,115.0,21.26
5ab13e692a7cbeb7e036c8d11e0d7e33,1,a34838639f948d8f0727b695c2895cac,0307f7565ff85b299b6e5ef162b1b1a9,2017-03-24 08:48:55,849.0,42.34
5b1c6bad461d722c0e428b2ad4e5cafe,1,03aad9707028422f38b0563410912177,5dceca129747e92ff8ef7a997dc4f8ca,2017-04-03 03:51:19,79.9,11.95
5b298cf66c6dc0f681cb4b104a799c5d,1,c8d415e06ebd7a37c7a5b4a18641ca11,cbd996ad3c1b7dc71fd0e5f5df9087e2,2017-04-05 22:15:18,43.48,10.96
5b3367de06e5c2955a98de36a52fbe1a,1,dd3575a8c5e2139f680a9816a15c8f2a,4869f7a5dfa277a7dca6462dcf3b52b2,2017-03-15 13:04:43,235.0,12.26
5b5ca75222f3aeb5ae3b27547d4d8792,1,ce5a5a85a0704113bd7fd75b3fbaed71,cfb1a033743668a192316f3c6d1d2671,2017-03-31 07:14:31,29.9,11.74
5b771e035096a0cb850e90ee9f28f8b5,1,1b06c90f0a31f14d0f505323b5723a80,f8db351d8c4c4c22c6835c19a46f01b0,2017-03-14 03:35:12,61.9,17.27
5b7d2a6611386be3d67fd8d48be91f28,1,dc0fe1906bacc99199eb46fce442e1de,b1ac6ea7895bc3dd6f0f6f4abbdd2821,2017-04-06 17:15:22,59.0,14.18
5bb65b26f2c6eb5d049658b9aa4b72d3,1,3cebb9158a3aa0b3f78ee0f934c9f032,7008613ea464bad5cb9b83456e1e6a8f,2017-03-14 03:05:17,59.9,21.05
5bbf247f8a09d52540eac6e2cddd62a7,1,dd6a505f83dd3c6326aa9856519e0978,fa40cc5b934574b62717c68f3d678b6d,2017-04-05 00:32:04,49.9,14.52
5bc9327cbcfa76ec35110bc7c73c9fe6,1,c6dd917a0be2a704582055949915ab32,7a67c85e85bb2ce8582c35f2203ad736,2017-04-05 14:35:19,99.99,15.46
5bf4b0c6624c03f4a531a60082fab3b5,1,f35927953ed82e19d06ad3aac2f06353,669ae81880e08f269a64487cfb287169,2017-03-17 14:31:07,115.0,16.51
5c738a35c11d2bc6e99d39e84dd7102a,1,0a45c6bb3a03e8c13228d4200cb964c2,575df70bde3f9f2b30bf8d2e9910d725,2017-03-27 18:25:08,149.9,13.78
5c9657078bbc1c0b67c071d651331b9d,1,e6b6e72a0e6be244a69261788f086429,a673821011d0cec28146ea42f5ab767f,2017-03-16 12:50:20,99.99,9.69
5c9657078bbc1c0b67c071d651331b9d,2,e6b6e72a0e6be244a69261788f086429,a673821011d0cec28146ea42f5ab767f,2017-03-16 12:50:20,99.99,9.69
5cd8566a3991a377011c78d27191853c,1,b4f9530c931398e215242293c2c8ba4c,4e922959ae960d389249c378d1c939f5,2017-03-22 21:59:42,60.0,14.59
5d008946b4867d5a4cbfb2b94d9e1496,1,9e2d3a8d8ffad53e2e35282a2020221c,1da366cade6d8276e7d8beea7af5d4bf,2017-03-09 09:22:00,29.9,11.74
5d17efea0be94cdb2964031a1eab75dc,1,a1efe4a86746c22541813e22e1d23e33,da8622b14eb17ae2831f4ac5b9dab84a,2017-03-23 10:57:14,129.9,20.99
5d4823ead7848e3fcf42c8fe91cd697e,1,06abf4be826ed1d548e8a22a3d75d912,bbf9ad41dca6603e614efcdad7aab8c4,2017-03-28 06:54:29,599.0,38.81
5d5158a88e86989b64a41c1c2aff9125,1,d7e07e9115cc56616d76a46cbc3e7c60,0b46f784306be7200ca1700aa55d819f,2017-03-23 08:36:36,19.9,10.96
5d62a96c11871f278906a1123555fb9a,1,ba3f298a122a95c4928e8b8628e8520e,d1c281d3ae149232351cd8c8cc885f0d,2017-03-16 21:20:57,98.99,20.77
5d6a1a156fc92ced06a12c6d92e2c213,1,c64490cdfe40f9e25abd222c541a06f0,5a8e7d5003a1f221f9e1d6e411de7c23,2017-03-22 13:12:20,59.9,15.63
5d70582531ed37f284797ba1354e0c50,1,08574b074924071f4e201e151b152b4e,001cca7ae9ae17fb1caed9dfb1094831,2017-03-30 13:10:09,69.9,31.23
5db54d41d5ebd6d76cb69223355601f5,1,f35927953ed82e19d06ad3aac2f06353,669ae81880e08f269a64487cfb287169,2017-03-09 18:55:23,115.0,21.26
5dc8e20ffe7089524efc98d33aa37b1c,1,f07ef9dd6e2d9a366ff30a25e210be70,62c50c1af4dfdc4149d25c5222043d39,2017-03-07 22:55:09,128.99,11.51
5dc8e20ffe7089524efc98d33aa37b1c,2,f07ef9dd6e2d9a366ff30a25e210be70,62c50c1af4dfdc4149d25c5222043d39,2017-03-07 22:55:09,128.99,11.51
5de9e77c89bb6f31552993baf408f3a3,1,34d6306314a47fe15c1efdbc23302020,229c3efbfb0ea2058de4ccdfbc3d784a,2017-03-15 23:04:59,69.0,14.65
5de9e77c89bb6f31552993baf408f3a3,2,34d6306314a47fe15c1efdbc23302020,229c3efbfb0ea2058de4ccdfbc3d784a,2017-03-15 23:04:59,69.0,14.65
5df0b9dca1031d0b4abdf7b6f1f6e118,1,3ec2984cb2de1675a0306bfc60dbe5a5,0c8380b62e38e8a1e6adbeba7eb9688c,2017-03-07 15:10:22,109.9,27.24
5e1efbce448f504da54b954d24342d74,1,8d29622ad4b816113fa721f21af4f667,392e0502231ae2f8b29994ef6398cd77,2017-03-20 09:56:32,49.9,14.52
5e444d1399cf9f3de87152edcb0ff8d6,1,f109f04ad95889f2f041a91afe3d894e,620c87c171fb2a6dd6e8bb4dec959fc6,2017-04-10 05:55:22,69.9,20.94
5ea0678e7b34c19e5ecbcdf8a3eacea2,1,ec5b3c8bb77ad22278f6e9d719a83de3,4a3ca9315b744ce9f8e9374361493884,2017-03-19 21:13:46,12.9,10.96
5ea864dc83713a8c9909dcd573d411fc,1,f6e4d73b54219f7078a6a6cf139d87cd,da8622b14eb17ae2831f4ac5b9dab84a,2017-03-21 17:45:48,79.9,15.67
5ee987cdf0ab5a1b320bbfae52b39661,1,fdeb34a9f03fea7c3937dd62d1d0287e,d66c305afaec317ebee552073a674429,2017-03-14 19:29:16,53.9,18.66
5ef2b9c9a5e997664dcaacc5fa769e07,1,61e10f3719455e41bd5956ef8dc29092,a416b6a846a11724393025641d4edd5e,2017-03-30 02:10:41,164.9,16.36
5f0fe7d686b2878d9aa1a72dbd9b72ce,1,5e9a6c707458f23644bb74a8b9c53222,817f85dbb65aa3e70831d90fe75cdf89,2017-03-21 12:25:24,299.0,37.08
5f394a518be2ad94a231713d3a84ab39,1,ddc01db3147c02cb8f547ac87da1718f,0747d5bb69f0586cc869d8af4c50f93e,2017-03-22 21:46:51,8.9,10.96
5f41eeeb79cbf03f89da17dd1bedccdc,1,0152f69b6cf919bcdaf117aa8c43e5a2,d2374cbcbb3ca4ab1086534108cc3ab7,2017-04-13 02:16:10,13.9,16.05
5f4fb6276021ebd35972ce9dcccfed59,1,583916a5dae918f5e89baec139141c54,3481aa57cd91f9f9d3fa1fa12d9a3bf7,2017-03-08 22:15:16,49.99,20.5
5f5b21953fb3ca7d0ecdb72d5625d59b,1,c7d75b3bafed2b1d9475c4876b1c46b8,ffff564a4f9085cd26170f4732393726,2017-04-07 15:02:37,15.65,14.52
5f73bbecd9ccefd0b80eae3c8b114736,1,338925450cde31710e3fd65b8bac0b1f,17f51e7198701186712e53a39c564617,2017-04-17 10:42:27,730.0,65.47
5f787bb3e0a01a4f347192157c036791,1,afdca9f0ccd47943dcb8dcec1518da63,b17b679f4f5ce2e03ce6968c62648246,2017-03-17 06:03:37,67.9,14.65
5fa537c43d686925db746d574cbc2e0e,1,731509faf04a1b5119c24cc34f0d790e,17e34d8224d27a541263c4c64b11a56b,2017-03-27 15:19:58,361.99,13.14
5fa652d6a0d79befbb256a3a2883469a,1,33202a8e7a645388c41ed714203d7131,8d79c8a04e42d722a75097ce5cbcf2ef,2017-03-22 07:51:46,149.9,32.08
5fb2e82d4258afcb90c79e2e6f0ac185,1,dbc624bf17ad3fdf6f8e5737ad9bf1cc,e24fc9fcd865784fb25705606fe3dfe7,2017-04-05 11:50:11,171.0,16.9
5fb801bbd0a3376799e6d3a508f845db,1,f1d3e7a4605f6cd5f2a3cf9bde5c7845,062ce95fa2ad4dfaedfc79260130565f,2017-03-31 15:42:24,189.9,16.54
5fd251a8f350fdd3985d81dcd0c2674b,1,e9a69340883a438c3f91739d14d3a56d,1b4c3a6f53068f0b6944d2d005c9fc89,2017-03-27 10:27:22,169.9,22.66
6002f1429927599498f346578f57af4b,1,9328c3a5c42ae7b32d53e419f9b93d66,cca3071e3e9bb7d12640c9fbe2301306,2017-03-21 18:05:17,50.9,15.57
6014de3ed0a310e59ac664e276af54eb,1,f1e297029531521190bb2312a90df567,8a32e327fe2c1b3511609d81aaf9f042,2017-03-13 03:43:17,29.99,14.11
603ed359003f9966416e844105537b03,1,eebbed5ed3b134eceb717496c47652ba,d1c281d3ae149232351cd8c8cc885f0d,2017-03-09 16:25:14,89.99,15.74
603ed359003f9966416e844105537b03,2,eebbed5ed3b134eceb717496c47652ba,d1c281d3ae149232351cd8c8cc885f0d,2017-03-09 16:25:14,89.99,15.74
603ed359003f9966416e844105537b03,3,eebbed5ed3b134eceb717496c47652ba,d1c281d3ae149232351cd8c8cc885f0d,2017-03-09 16:25:14,89.99,15.74
604cf9b703209b8e0f87284d5aa05313,1,77cc62dc80ebe12a0452d1ce0565acdc,218d46b86c1881d022bce9c68a7d4b15,2017-03-30 19:50:19,113.0,13.37
6060aa9779c52c46a9a791c79dcc4423,1,e54464e95c9fb80e4edefa0ba49133c1,8f119a0aee85c0c8fc534629734e94fd,2017-03-23 11:52:16,54.9,14.55
60751e744ac01225d93eb8bd65592ff0,1,5ad2c4859aad6ecebd816a300d34f326,12b9676b00f60f3b700e83af21824c0e,2017-03-29 14:59:52,199.0,21.71
6081e66cc1fc92a9f303a8f878f5be36,1,19290ebcf78e385cd9fcd48ce5e1393d,6576fd3e23c88f0e5d4d23f39bba0542,2017-03-09 01:42:03,14.5,10.96
60b8f5496f3fa2d3dbe08692dc63b4b3,1,cf9255e77d3ca4b5d560e28b2b5185c6,57c764b4a836300be881e2ff86e449f9,2017-03-23 09:39:29,24.9,20.8
60cb9171ec9aac65b572bf0486ff8751,1,b03e4fe0eee3e4b3cfa75f8f66507e22,2528513dd95219a6013d4d05176e391a,2017-04-04 10:35:13,399.0,31.67
6120dca54b9adfd072f8fd9574161063,1,b5e6b27f639ae171cc308c3d8207f85a,54a1852d1b8f10312c55e906355666ee,2017-03-13 04:10:25,119.99,17.58
613642e8ff12626da63befddef26efa4,1,42130cd7a981706499a4d337f2f7f621,2138ccb85b11a4ec1e37afbd1c8eda1f,2017-03-09 02:15:47,29.99,8.72
616766a13421c758b45c1912e9e4fedf,1,81288df52439985f610be64465e53f57,54a1852d1b8f10312c55e906355666ee,2017-03-14 23:21:32,109.99,24.97
61792c6272346d7f4b7c5b1747df7b1a,1,2ec4063419591b373f7990da94fb2c6c,02a2272692e13558373c66db98f05e2e,2017-03-14 12:33:15,24.99,24.35
6179ca3aca88a0e2e379fbf3742a04ac,1,fe31b2791161c24e921f90788d443e1c,8444e55c1f13cd5c179851e5ca5ebd00,2017-04-05 13:05:48,482.9,21.66
6182f426bfaf3fcacda874e7da0a7561,1,22c5e15506cbdfe5acd1b6a89e607868,a3a38f4affed601eb87a97788c949667,2017-03-16 07:58:13,59.9,17.85
618638a7bdca22bf57e7404dacd947e0,1,1612209b0b37fbe80e1e8e1b7d19ca1d,87142160b41353c4e5fca2360caf6f92,2017-03-16 17:08:32,99.0,21.32
61907d45fa46a27c04a0061d10b5c816,1,418aafa8794c4c22bacfa453f98bbf26,44073f8b7e41514de3b7815dd0237f4f,2017-04-04 09:28:05,230.0,17.31
61a029ab4f9a513d4ed1c5b3a5d4f125,1,de907886b218bfa2e0097c1fdff81785,582d4f8675b945722eda7c0cb61ba4c7,2017-03-21 14:36:25,26.99,24.84
61b4fb3e9dff469a5a1d25847d6b9385,1,9b9d1c4bd979b93c138044e032f99780,7a67c85e85bb2ce8582c35f2203ad736,2017-03-20 11:30:01,99.99,15.46
6224824670743fa15fe90e0b3a1ce5e1,1,bbaef2eadf31fe3ea6702077398be06c,cc419e0650a3c5ba77189a1882b7556a,2017-03-24 15:59:08,56.99,14.57
623782c0605b507c31691b1fff4dc299,1,fd3449bd706d46a7196d18bbd38b32f4,d66c305afaec317ebee552073a674429,2017-03-10 02:10:42,13.9,18.63
623d69e2357f35887d522d68a5775d69,1,c4e71b64511b959455e2107fe7859020,aced59e9b31ef866a94f9e7f29d8d418,2017-03-20 07:28:21,24.0,2.62
623d69e2357f35887d522d68a5775d69,2,6859a88437bf429e4e50768ca79a2e9c,aced59e9b31ef866a94f9e7f29d8d418,2017-03-20 07:28:21,90.0,15.72
625f2a06b46e5cbf695ba96293f76721,1,95380c355d1a589a9f3e7bfe9e5920d3,004c9cd9d87a3c30c522c48c4fc07416,2017-03-08 18:10:20,175.99,16.23
6267698d4c51c2ba30ffcea3adb00e95,1,31c1d1dfbb4b2730140b8bd9248bcd58,da8622b14eb17ae2831f4ac5b9dab84a,2017-04-06 16:15:12,24.9,14.52
62b86d4e40eb55d675e2ff8be00dd5e9,1,060965aa6dfa817b80abda0c9413cc77,1c5e4e49b9079480255b49d50aac1aa9,2017-03-20 18:15:38,834.56,78.6
62f4f5e7e824ac2fd8df825f4492ab5b,1,4b2042bfdcfa4cf33625cad29a15e107,b127efdabeffb5d559349c7b172eb75d,2017-04-03 03:51:16,32.0,10.96
631634972c0899ddea4c90cc4d0f186d,1,d1b8f5983d9573c8e523b8c56a59497d,0ea22c1cfbdc755f86b9b54b39c16043,2017-03-30 21:42:18,79.9,14.73
632ec9368030a0679acafa0d23b7be2c,1,386486367c1f9d4f587a8864ccb6902b,cca3071e3e9bb7d12640c9fbe2301306,2017-03-27 11:10:54,109.9,29.7
636d45d43d34423e6089d87a1869a4c3,1,ae410a493a61c3073fae7d006ba0cc8d,1b4c3a6f53068f0b6944d2d005c9fc89,2017-03-10 19:05:15,89.9,18.91
636fac4217a01ca1f468baf22a52e945,1,aba86c093ccdbac75b09111d57e50004,7c67e1448b00f6e969d365cea6b010ab,2017-03-23 09:26:18,119.6,11.45
636fac4217a01ca1f468baf22a52e945,2,aba86c093ccdbac75b09111d57e50004,7c67e1448b00f6e969d365cea6b010ab,2017-03-23 09:26:18,119.6,11.45
638c9cf27361e5d5ebfd404b72248390,1,5b9d4c71cc2d0a2417c2635818b654d7,ffff564a4f9085cd26170f4732393726,2017-03-28 22:01:28,82.95,25.07
63c9a278e2db31d8f1c92babe1b0ae5d,1,5a6e53c3b4e8684b13388d6aa4afdf12,7299e27ed73d2ad986de7f7c77d919fa,2017-03-21 18:08:19,14.99,14.52
63ca01852c1563d1f998648d8d9a67aa,1,1c5bd6a742367ec4d654a0859523e880,1f9ab4708f3056ede07124aad39a2554,2017-04-04 09:55:10,119.9,29.12
6409da66534414b64138b8202ac53bc7,1,b8e1b1d7c85f0f3530d09dc4c52fa0ab,9c351405b754cc5ce3e2ecf277bb034a,2017-04-04 02:05:15,45.0,14.11
640ca05ba049e9ed749671747bf9de74,1,817e1c2d22418c36386406ccacfa53e8,624f4ece8da4aafb77699233d480f8ef,2017-04-04 13:05:56,189.0,26.82
64214eee33528e79cda8311c1a40d259,1,ae6b739ab6e9d7991fb2ddd70f9c0b6b,53e4c6e0f4312d4d2107a8c9cddf45cd,2017-04-06 10:33:19,46.2,15.56
64307ceb91666760cf3ff463618302fd,1,60d49071f68566b7254c39a7d4ea5c1c,d66c305afaec317ebee552073a674429,2017-03-27 19:25:22,29.9,14.52
643fa404d2dac7349a17416c2d2abf42,1,99a4788cb24856965c36a24e339b6058,4a3ca9315b744ce9f8e9374361493884,2017-03-31 02:43:51,89.9,11.24
643fa404d2dac7349a17416c2d2abf42,2,99a4788cb24856965c36a24e339b6058,4a3ca9315b744ce9f8e9374361493884,2017-03-31 02:43:51,89.9,11.24
6440d5acbce24626e6224f58a6759905,1,e4ef515e041ce5062868aacf106df8b3,ca3bd7cd9f149df75950150d010fe4a2,2017-04-18 05:55:41,98.3,24.79
64430a4baf15618795b4b390b9d2a288,1,37d0fe92df113ffff0dd68d39a6e05b7,8e6cc767478edae941d9bd9eb778d77a,2017-04-03 14:04:14,210.66,19.75
64494f7ab58005aa3e0a940357fed9dc,1,de72026142ffc78ea7a8d6ce739056b1,99eaacc9e6046db1c82b163c5f84869f,2017-04-02 22:15:17,127.0,11.5
644d53f0bf14fc2b7b89008c00ef5f45,1,0152f69b6cf919bcdaf117aa8c43e5a2,d2374cbcbb3ca4ab1086534108cc3ab7,2017-04-04 12:21:55,13.9,10.96
644da50308e4b34f47ea4a9c82557863,1,a50acd33ba7a8da8e9db65094fa990a4,8581055ce74af1daba164fdbd55a40de,2017-03-08 23:25:11,117.3,16.97
64583bb15e275ccf8b87e050391f2c17,1,c19d5ba108c34b8255cf9a524da92bc4,4e922959ae960d389249c378d1c939f5,2017-03-30 14:55:09,75.0,16.23
6468b5ffa2abf8b82f3c5ff91c6fe9eb,1,e7af40def3d91115bb8006a1c7525ea0,cca3071e3e9bb7d12640c9fbe2301306,2017-04-10 10:35:06,119.9,35.46
6484880197398c11ca3f6a7709f60aad,1,b1acb7e8152c90c9619897753a75c973,cc419e0650a3c5ba77189a1882b7556a,2017-03-30 10:57:31,34.99,16.05
64a6930359fc275c86dcadea2086895c,1,81db76f3ab0fae3c8cbd73d201fde481,41b86b552e54e3a7009596125aa8b167,2017-03-31 19:35:23,89.9,16.88
64c62ba0c1c347994fbc56da00ce2dae,1,777d2e438a1b645f3aec9bd57e92672c,4a3ca9315b744ce9f8e9374361493884,2017-03-22 11:41:41,69.9,15.98
64c62ba0c1c347994fbc56da00ce2dae,2,0efe972876d70927f5099b77f387c6c7,4a3ca9315b744ce9f8e9374361493884,2017-03-22 11:41:41,83.9,7.1
64d493ad39cf733d3cc70821e69208a2,1,84412fdf17ffe7f7b52913a82e73b5b2,c3cfdc648177fdbbbb35635a37472c53,2017-03-10 10:45:09,169.9,24.91
64fee01b4774a493de37aafa79a3d434,1,1a06a6a66ab23d70e02b8f92650e268f,2a1348e9addc1af5aaa619b1a3679d6b,2017-03-12 23:05:20,7.9,17.35
650983d239f9c314e6b170ad1d41c9d3,1,377c6ec197b02c784f237bd41ce84d16,59fb871bf6f4522a87ba567b42dafecf,2017-03-28 16:56:22,68.99,9.47
653f05432280006916452a2fbb55b136,1,5af8f974918d5e68bc22ea894296adb6,0bb738e4d789e63e2267697c42d35a2d,2017-03-24 15:56:47,14.9,15.56
653f05432280006916452a2fbb55b136,2,5af8f974918d5e68bc22ea894296adb6,0bb738e4d789e63e2267697c42d35a2d,2017-03-24 15:56:47,14.9,15.56
65a7c3111cd734466eb706d544e6fae4,1,fb98e86cfbfbff699907f0a84784d474,41b39e28db005d9731d9d485a83b4c38,2017-05-05 17:45:13,64.9,11.06
65a7c3111cd734466eb706d544e6fae4,2,95d4404184aa5ce72e590362cc471d62,41b39e28db005d9731d9d485a83b4c38,2017-05-05 17:45:13,64.9,11.06
65a7c3111cd734466eb706d544e6fae4,3,ecfb5255f55715e1faec3e6a316da6c3,41b39e28db005d9731d9d485a83b4c38,2017-05-05 17:45:13,64.9,11.06
65a97703da34703e54cac329ad6a41b0,1,9b8fae0d687fadb80a75aef40ea60fc2,e5def42655b7490edac5a56fe8e9e603,2017-04-03 22:05:23,129.9,11.52
65b89d1e2082d73e4d6a75335726a26f,1,c1488892604e4ba5cff5b4eb4d595400,1554a68530182680ad5c8b042c3ab563,2017-04-03 16:45:16,38.5,15.56
65dfa8121b10dd8bbb055a2afeafc9ee,1,e28fdc5f658be194523b68dfbeb186cb,7e26c750b4cb9f6766f58265ff9ebe95,2017-03-24 08:32:54,50.0,14.52
65e58aacdb27163c49aeb7382b07efb3,1,ce5a5a85a0704113bd7fd75b3fbaed71,cfb1a033743668a192316f3c6d1d2671,2017-03-13 03:41:45,29.9,11.74
65e64bd96d206ac3c402d7af655ada63,1,f2af004352a06a99dca765596240cbc3,f4aba7c0bca51484c30ab7bdc34bcdd1,2017-03-21 15:41:19,44.9,10.96
65efd756608003e865eb8d80f66a3ebb,1,2afd040779d1ce6295b76d092b048066,6c177e38df6d3f34182b1f1d427231bf,2017-03-13 23:34:02,169.0,16.48
65f72c812ba4ca1ebb3c3558c69d5693,1,63ee501f72520d5ec54cef5fd3a21a20,acb6c2ca5c82411c1fdb88d5fd5eb95e,2017-03-15 08:10:16,52.9,11.75
661d0bde7291e9a8761e0769cf4d954c,1,2029248294c186017ecfc48cecd47bbd,d50d79cb34e38265a8649c383dcffd48,2017-03-15 22:11:37,126.99,37.85
662157b4251f62efae6f4ff7525c4961,1,0cf573090c66bb30ac5e53c82bdb0403,99eaacc9e6046db1c82b163c5f84869f,2017-03-31 14:42:33,59.0,11.02
6648a06c491fb09866fe9080f43894c3,1,5a11bc271d03e7a31cdd33d1d8580456,ccc4bbb5f32a6ab2b7066a4130f114e3,2017-03-27 21:15:14,309.0,27.9
666a7787fe64880d1ad7dad0e4988ab3,1,34d6306314a47fe15c1efdbc23302020,229c3efbfb0ea2058de4ccdfbc3d784a,2017-03-14 03:45:18,69.0,11.09
666ecb70d41cfad51e40ba2aa0b60f1e,1,c42a54d639771f80d5ea22dd39a0d845,cf2384dd2f1dddea3f838efed0945e65,2017-04-10 05:55:21,129.9,18.2
66a5c9d33ec9b0db1d894e4812a0f941,1,3e442d09f9dfef002aadf31960869f65,85d9eb9ddc5d00ca9336a2219c97bb13,2017-03-31 02:43:47,27.9,20.4
66b12481cc96a1cd3433f135e812ce3a,1,99a4788cb24856965c36a24e339b6058,4a3ca9315b744ce9f8e9374361493884,2017-04-07 12:30:50,89.9,14.8
66c6a58505e03067481f59a56fd5b362,1,5ece3fdf078107e1fccade3738044135,d1c281d3ae149232351cd8c8cc885f0d,2017-03-31 14:55:12,78.99,13.13
671c1562854f03c1d68f6d48e1fa4c7d,1,0ed343b480193b11dbe4dfa81ac98ff1,0c8380b62e38e8a1e6adbeba7eb9688c,2017-03-09 08:45:14,59.5,17.16
6732c97d4cbdac9ed23b4c7148f61590,1,1f06d9b36ed20e13e3d95072487e4cb3,a3a38f4affed601eb87a97788c949667,2017-03-09 02:30:24,64.9,17.29
67384b4952e4e9da609ba03e96b87394,1,9a98180ffbd0765e89f11cc8dd2385f4,0c8380b62e38e8a1e6adbeba7eb9688c,2017-03-15 10:42:24,74.9,14.29
674d4392ff644f0fba9c04e010843951,1,574597aaf385996112490308e37399ce,febab0275244b9a49a623f0bd613ca2f,2017-03-30 01:35:58,49.0,14.12
674e1f5ca0441058cc7fa110cb4f49eb,1,00250175f79f584c14ab5cecd80553cd,b499c00f28f4b7069ff6550af8c1348a,2017-03-13 04:23:16,54.99,10.99
674e6f9346c417bc4de022b215ba282b,1,1d38e85c3c89665e3c1d5cc5e6a829d6,bfd27a966d91cfaafdb25d076585f0da,2017-03-20 02:05:23,54.0,11.77
6768c474e9019cdd1b5f11bb7a126f8f,1,7c1bd920dbdf22470b68bde975dd3ccf,cc419e0650a3c5ba77189a1882b7556a,2017-03-15 13:10:52,64.99,11.06
67937bb4e0c9a4156fe47c89382d33e7,1,7b3b38b62de0edfa802192d5c18d5489,da8622b14eb17ae2831f4ac5b9dab84a,2017-04-03 13:49:12,89.9,17.37
6794ab5374144f767116f479c562f7b4,1,be837f2e0152a208d4386f4126d5bd7c,f8db351d8c4c4c22c6835c19a46f01b0,2017-03-23 16:18:45,32.9,10.96
679d507dacd35ecf587d994177d06871,1,69e4611a0bf0f672e3a83b719cdb76ab,ef506c96320abeedfb894c34db06f478,2017-03-07 21:05:22,28.99,8.72
67ac8397ab2a26915fadd6e3ed4250ee,1,386486367c1f9d4f587a8864ccb6902b,cca3071e3e9bb7d12640c9fbe2301306,2017-03-30 21:33:58,109.9,17.51
67ac8397ab2a26915fadd6e3ed4250ee,2,386486367c1f9d4f587a8864ccb6902b,cca3071e3e9bb7d12640c9fbe2301306,2017-03-30 21:33:58,109.9,17.51
67acbda15487a0495068196ebdfbbcf7,1,e6a516eb66cb5fa9e8854ed738bea934,4e922959ae960d389249c378d1c939f5,2017-04-05 19:42:56,75.0,16.23
67b464eee8fa44d78ac019e09dcc25ee,1,beda52fd19ab7f39cadee87a7f3f472f,903037660cf848a717166eb7a06d616e,2017-03-23 20:06:36,119.99,9.83
67c98ded9839fea6b6482d1341517e40,1,8d1cfc0463b545928bfb4e589e017bd4,aae3bfea055532c57fb453ed3ec80b30,2017-03-14 03:15:17,62.9,14.61
67cfcef68eea9ea1ea9423cf240ed340,1,75cd6bf033fa32fbdb357d28b65798b1,ca3bd7cd9f149df75950150d010fe4a2,2017-04-05 10:34:47,49.8,16.78
6814e5323f3559890d60955f42d2c8d7,1,4bb4fb9c85785b75ab4f6559900c7ca1,ef506c96320abeedfb894c34db06f478,2017-03-28 06:33:39,37.99,14.11
682c57bc2cd98a0a198ef4e82e7c806d,1,69ddd03e946aeb806f29e21da4518329,d1c281d3ae149232351cd8c8cc885f0d,2017-03-14 09:50:19,89.99,15.74
6854558dc4979ad704ccd9ff6a90e628,1,6bbe55cf8f85c87b6eebb775a53402f4,0db783cfcd3b73998abc6e10e59a102f,2017-03-29 22:25:20,99.0,14.86
686c0ba20be3837a5041edbc39d3f9ae,1,19ae78d7ee992692ef1ef05578b1f156,327b89b872c14d1c0be7235ef4871685,2017-03-16 20:54:08,114.0,21.25
6889c740bbcca162beee27a55cbc56f4,1,272e51f7fc982529466144f8b68ec58e,6039e27294dc75811c0d8a39069f52c0,2017-03-09 20:43:28,179.9,18.55
68993f27a34bd02e3b2c2ebb5c41b9ec,1,1612209b0b37fbe80e1e8e1b7d19ca1d,87142160b41353c4e5fca2360caf6f92,2017-03-17 18:17:36,99.0,18.82
68a3b05ab76c36cbd4a9d398686b79f8,1,d5f1e6bf4f37a9e1eb16ee83df2137fa,ebd1417732defaf66c50b5a800eb293e,2017-04-06 09:55:14,309.0,16.33
68d1c970d581919895404c1e68e0bf3b,1,167a34ebcfa0fb05f642dcc65619d85a,07bf9669d84d1f11be443a9dd938f698,2017-03-15 16:34:25,48.0,18.94
68db1e9c4b7bb26ce60fc4749d8b904d,1,3411fcf3ea2ecbf29a0b5ccb867c44ce,48436dade18ac8b2bce089ec2a041202,2017-03-23 16:42:47,139.9,16.19
690fcac48556995b83b79610b6732288,1,25d1ff5db102bfeb95fe4fcefdaca422,066a6914e1ebf3ea95a216c73a986b91,2017-03-28 13:18:46,279.0,16.12
6982e573fae66449ecdcb3381c5c75f9,1,af51d485dc5255ba2e18b21b550156e6,5dceca129747e92ff8ef7a997dc4f8ca,2017-03-27 21:40:41,249.99,79.48
698856ebb1ed71af56a153fffb47b0a7,1,fe0caf78250528cec991a2462326f574,8e6cc767478edae941d9bd9eb778d77a,2017-03-31 11:55:14,65.0,18.73
6992111da90e1d0b60209bcfe296f214,1,016becd5c493d3b3872aaa7294accf52,41b86b552e54e3a7009596125aa8b167,2017-03-31 15:02:14,136.5,19.09
699d09b1aa108d97e430e3b6062f554a,1,b4b50667a9874708d4e3ac962ebb21fa,1967a9e2ad6f51802b093147d861df58,2017-03-28 21:29:20,190.0,27.59
699d4a05ee53f6603330b248226c6fdc,1,c4e8d6b4c4915e1e596379c68c4391dd,a7f13822ceb966b076af67121f87b063,2017-04-06 13:25:18,99.96,21.01
69ab22fd4d1d7d39481c76b4da5b9621,1,0e54696a1223698bef52eeff59a10098,ebd2d60905fb58271facef5596b620d3,2017-03-09 19:43:10,159.9,13.7
69c7a1e070c1759e15f7a5fd24c36e5b,1,3ba2b0de14984ce8f072c58be8d701dd,a3a38f4affed601eb87a97788c949667,2017-03-10 18:45:08,104.99,29.77
69d126e78947276280838ee9361f5505,1,984a3b9f9bb4c8feb319da951212696e,88af55b4a7ca402b27df16f7c7c9b5d2,2017-08-25 15:32:11,130.0,11.52
69d7a6c47dc11a476f79514694809c60,1,e8cbef97b4aa646fb8fa170f0da01b5b,dc4a0fc896dc34b0d5bfec8438291c80,2017-03-31 12:29:08,129.9,16.02
69d7a6c47dc11a476f79514694809c60,2,e8cbef97b4aa646fb8fa170f0da01b5b,dc4a0fc896dc34b0d5bfec8438291c80,2017-03-31 12:29:08,129.9,16.02
6a1dff28da32815c94da401e19d2a7f8,1,cb2047bfd317b05f62cf761708397641,ad87df7699e83b8a91822a4a0b765c3a,2017-03-31 11:33:31,30.0,10.96
6a346767428dbe844fc5dc660510bc45,1,8b1ec5ddcb342e32a8d83936c3583b45,c3cfdc648177fdbbbb35635a37472c53,2017-03-21 15:43:36,89.9,17.06
6a40b826639898f295c28154b2adf921,1,1600dcf1cea8c0c83702e07b577ab231,6560211a19b47992c3666cc44a7e94c0,2017-03-29 18:39:20,34.0,10.96
6a4b27f33e33875ed99945d3e271698e,1,fa4e84908e2dca7e8d5c267baa88cfbb,3ef37b7ca6dd2b80bd8af81a62504996,2017-03-08 19:05:10,350.0,22.27
6a6aab31a11f630e4907ec3bb0ac8958,1,4ebb87ba41ca446326804d0e7f8dcc93,7a67c85e85bb2ce8582c35f2203ad736,2017-04-03 03:45:10,119.99,19.43
6abc9d4c7489e1be689ad1f068af8c31,1,fa335dcd3999105b8bfb1ce9300de4d1,85d9eb9ddc5d00ca9336a2219c97bb13,2017-03-28 19:24:14,23.9,8.72
6ac7c4ffe3878ed0702e5650d8dd6c26,1,d3013b06b7a68f7ea7f29d55377d9bd2,f8db351d8c4c4c22c6835c19a46f01b0,2017-03-29 17:03:27,141.9,11.6
6ae15bd9804be2bd1217f4583325802f,1,ba3f298a122a95c4928e8b8628e8520e,d1c281d3ae149232351cd8c8cc885f0d,2017-03-21 23:09:18,98.99,15.8
6b21d4143acd1caff8e127e69aba3881,1,a76b3bee03ec4c212cb5f07050c8277d,6560211a19b47992c3666cc44a7e94c0,2017-03-14 04:10:34,29.0,10.96
6b36a70905c0109222b7b3185a1aaa4e,1,be0dbdc3d67d55727a65d4cd696ca73c,3340ef1913fb70d28420f6ceb685c339,2017-03-31 09:05:17,64.99,14.62
6b38e49992a77d12586e9cc2cc5b94a2,1,22321b01eaba7d5cbf0978523f20fa06,4b1eaadf791bdbbad8c4a35b65236d52,2017-03-23 13:05:35,79.9,11.28
6b3b2c21c6f15b7203c8bb1283c74569,1,a695ab8413ea83619cde9b18292d6aa1,1da366cade6d8276e7d8beea7af5d4bf,2017-03-13 13:43:18,40.0,14.52
6b3b2c21c6f15b7203c8bb1283c74569,2,a695ab8413ea83619cde9b18292d6aa1,1da366cade6d8276e7d8beea7af5d4bf,2017-03-13 13:43:18,40.0,14.52
6b57eaabaf784f10ac01cb4426c604bc,1,753de82a096285dc21658d87c4933771,16090f2ca825584b5a147ab24aa30c86,2017-04-03 21:30:09,69.99,11.1
6b63433212c602eeba6a683bdc5e6b4b,1,5d030df086e7b38e143350d4c99db48d,1da366cade6d8276e7d8beea7af5d4bf,2017-03-22 18:39:54,429.0,63.36
6b6d54d84ae9ab17605da7cd9c335394,1,5a49f099263e18cab64382c04cb76883,7e93a43ef30c4f03f38b393420bc753a,2017-03-27 14:34:02,406.05,17.01
6b8fb85c27e8d90db257311f74b7c6e7,1,187408f6a6f2681f13fe6337c3c5d1ac,3340ef1913fb70d28420f6ceb685c339,2017-03-24 16:00:23,183.99,15.42
6b956b34f99a7e528a43837f49924e51,1,616e6167ea0f56aab9c99b6a4ccde743,218d46b86c1881d022bce9c68a7d4b15,2017-03-30 23:05:21,356.0,22.57
6b9c0a9a69de06aa2f51edb25dd196de,1,613a1da144b1ad65ab2cba8d417ad350,4e922959ae960d389249c378d1c939f5,2017-03-27 11:08:23,190.0,27.59
6bc36770d620721000e91c6115924837,1,9ddc4249779322828f89d2a9c04f7ee1,9d5a9018aee56acb367ba9c3f05d1d6a,2017-03-23 20:00:53,95.33,22.6
6bce4e879e07d52ce8463ff404506751,1,0cf13ac73dbcf6586ba63b89dd1f780a,b14db04aa7881970e83ffa9426897925,2017-03-09 13:30:21,47.0,11.74
6be0accbc7586ba7eb6b9d35bb2023f4,1,5ab02ca028398131a5ae91401eb49788,80e6699fe29150b372a0c8a1ebf7dcc8,2017-03-13 18:03:25,39.99,10.96
6beaeac28bfa1ae5265ecfe29c71ccdf,1,ae9b8e8d0dcd7ca369276380ee8ce659,2138ccb85b11a4ec1e37afbd1c8eda1f,2017-03-30 22:50:23,18.99,20.8
6beea62ed3699dc09cd676bbd693abe9,1,410d5b211dce5611e7a6412bf0cc30fa,2138ccb85b11a4ec1e37afbd1c8eda1f,2017-03-27 10:39:24,18.99,14.52
6bfc71c2f11f45fc225b1e1476d0b6cd,1,47ed478ee7b2696c2c49229fcad56e98,afe0067131b73e40875c9b6c10bd2e21,2017-03-20 23:07:45,129.9,20.99
6c0b82a9a69f551e8bc3df69007d71ad,1,b29ca3d3127057c43ef4b364bbe360ea,5c243662ce92d84573bfaff24c3e3700,2017-03-28 11:38:33,249.99,19.88
6c2387fc5fc6d5e9a192766eb6e75da5,1,78b7b1ff2d3f06a589354ddf2f4f9db3,620c87c171fb2a6dd6e8bb4dec959fc6,2017-04-05 21:25:17,292.9,16.22
6c592894a10d4bab518bf4aad80515d8,1,ddc01db3147c02cb8f547ac87da1718f,0747d5bb69f0586cc869d8af4c50f93e,2017-03-13 03:50:15,8.9,14.52
6c8e518ac12b63752ec2f566bab61b79,1,16ed6a6e3fce23b741650437fe58d65b,e5a38146df062edaf55c38afa99e42dc,2017-03-30 09:15:16,89.18,12.01
6c92e3a213b3733918bcc93dd2224399,1,6004f0ea115c80b51e2f0e434233c0ca,8cc6a0e5738e61a87b03c78b2ba9db4b,2017-03-31 09:15:13,738.9,19.34
6c962649b9d8c1ca7914e9be3f039d2f,1,af51d485dc5255ba2e18b21b550156e6,5dceca129747e92ff8ef7a997dc4f8ca,2017-04-05 02:15:22,259.9,79.55
6cbad422849c13ec8f4517ee01a6c02b,1,c1488892604e4ba5cff5b4eb4d595400,1554a68530182680ad5c8b042c3ab563,2017-03-24 10:49:36,38.5,11.74
6d54b2636a61d610eb2adc5784fbe99e,1,e9a69340883a438c3f91739d14d3a56d,1b4c3a6f53068f0b6944d2d005c9fc89,2017-03-23 19:05:15,169.9,22.66
6d5c5ba52487a739a0406bcb654d91af,1,eba7488e1c67729f045ab43fac426f2e,620c87c171fb2a6dd6e8bb4dec959fc6,2017-03-24 18:00:56,198.9,12.0
6d5e1e480d92f1bde5e9eb187fa388d5,1,12587360502d12268a9841080015d52a,fa1c13f2614d7b5c4749cbc52fecda94,2017-03-10 09:01:53,119.9,16.54
6d7a867946b6ea936e0f9bff037d10a2,1,0c9ff9d8ed9b9bdd825487b3a66e05f5,8581055ce74af1daba164fdbd55a40de,2017-03-21 14:38:38,238.9,20.97
6d8e4a82843cea684d20aa10f91fe33a,1,7e0dc102074f8285580c9777f79c90cf,e26901d5ab434ce92fd9b5c256820a4e,2017-03-28 11:40:36,34.9,10.96
6dc5773abc829c019c8912d3993bc2c9,1,46f739c1cd676603026c0af4d29ef7a5,198c7ea11960a9844b544d9bcdca860c,2017-03-09 18:05:10,139.99,25.72
6dd32235fbbc3ec781f875dcfd801a1a,1,e456721fdab66b576664c035ad183965,0ea22c1cfbdc755f86b9b54b39c16043,2017-03-21 12:34:11,29.9,17.78
6de19838b042f2da59ed21bf294b91d0,1,06f0e85c7892d5df893f332706340af1,3d871de0142ce09b7081e2b9d1733cb1,2017-03-23 09:43:19,149.0,17.78
6dff5f464df4049f98419b19d120c5f2,1,a94bae2ca6c0f6530af830bda6dae563,4a3ca9315b744ce9f8e9374361493884,2017-04-05 18:02:16,93.0,15.86
6e27f04e8947d6be930769e3ce557bdf,1,69f0f3b1c89b4e731e0b691e00bfbded,3820c6537b3853be1a0687d5a60807ec,2017-03-15 01:15:09,25.0,10.96
6e3aff29a0578d221332c4feecde19b2,1,090ab1523d3fe5832c09a55b7195e32b,ef506c96320abeedfb894c34db06f478,2017-04-05 21:45:33,19.99,20.8
6e4851de3a0a02ee3f21958e7a3a9fb5,1,ea0698c943d7a9133e6d36de68654750,c8e135e7b21ecbc36c1153a29d2f5a06,2017-03-22 20:54:44,136.0,14.72
6e68e16808c71dd5b138917fee48bce0,1,fc5043902812d122c4e80113ff924c1b,3d871de0142ce09b7081e2b9d1733cb1,2017-04-04 06:35:27,129.0,46.39
6e8bc07b95e2bb07cf9c1fcd3684e34c,1,39581a590c262629c9854596173834bd,6560211a19b47992c3666cc44a7e94c0,2017-03-24 16:19:49,39.0,24.35
6ea54477ac162f4f343694737cf53f82,1,95df8ca600dda9824d93795c9066eb6c,dc4a0fc896dc34b0d5bfec8438291c80,2017-04-07 10:15:24,149.8,32.65
6eab6f37ff2d390d23be84642739b500,1,52e316d4cfc422b232b280bed1c53236,b1fecf4da1fa2689bccffa0121953643,2017-03-10 16:25:13,259.0,20.4
6ed584543833dc37e292f333c63778f9,1,c7084bc72369a57c93c6edaf0b60b235,59fb871bf6f4522a87ba567b42dafecf,2017-03-26 21:53:34,189.99,16.54
6ee3801dff06972f74e0b9a290699475,1,951cb45d30e716a846d8cf5874034e56,2138ccb85b11a4ec1e37afbd1c8eda1f,2017-04-02 22:30:16,18.99,15.65
6ee77fd090a49ec9c4e15bd1a94e100e,1,a9516a079e37a9c9c36b9b78b10169e8,7c67e1448b00f6e969d365cea6b010ab,2017-04-06 02:15:36,126.99,16.59
6f118d78773e39ac1e5efcc4622bfe18,1,06f0e85c7892d5df893f332706340af1,3d871de0142ce09b7081e2b9d1733cb1,2017-04-10 06:05:24,149.0,13.62
6f4a1ccdb6d8b5f5249737581a50b1ea,1,1a986b4015f20a3c26d8573a46dcf65e,4cf490a58259286ada5ba8525ba9e84a,2017-03-30 13:06:10,164.9,25.64
6f4eebb5dd7d532cd45474ce133dc60a,1,08574b074924071f4e201e151b152b4e,001cca7ae9ae17fb1caed9dfb1094831,2017-04-06 15:55:19,69.9,31.23
6f8de3779a7d0b86f8fc43a262e81b65,1,4148d4f36653927e8641a9d6afbfc5e2,8b28d096634035667e8263d57ba3368c,2017-03-10 02:30:15,238.9,15.84
6fb1d503fbeaca8539b2682dfe04d56b,1,45448d98662daee2e5ee969475a90826,83e197e95a1bbabc8c75e883ed016c47,2017-03-15 23:18:42,129.9,17.65
6fcbf1246440ef1de682fcab6ad5757d,1,c31e1b9e61e5cdcc727c10d01581d2bb,aafe36600ce604f205b86b5084d3d767,2017-03-09 17:15:12,94.9,19.36
6fe2b9f9ac8f2962d9278c7ab24d08c9,1,985c412b0ac92ed9d8a76bbeab6d44eb,1554a68530182680ad5c8b042c3ab563,2017-03-09 13:25:15,68.9,21.11
6fe2b9f9ac8f2962d9278c7ab24d08c9,2,985c412b0ac92ed9d8a76bbeab6d44eb,1554a68530182680ad5c8b042c3ab563,2017-03-09 13:25:15,68.9,21.11
70238f8ef874a547e18e58572c2c9a72,1,e54464e95c9fb80e4edefa0ba49133c1,8f119a0aee85c0c8fc534629734e94fd,2017-03-13 20:25:21,54.9,14.55
702e61d4bba44a63b2a6efcddcc8e78c,1,6d2c812450dd02b2f87495af63f9b709,2138ccb85b11a4ec1e37afbd1c8eda1f,2017-03-30 12:02:50,26.99,8.72
707109d106f57a298c6d726ff59fa324,1,a14aea6067b93158e956612c50b74cfa,4e8dacf3d38f281ae26c3e0321d92d88,2017-03-16 17:50:23,449.99,13.76
707641763cb64b52140f74e1389d0f10,1,579beb8c0b718599ffc6f1479c836353,1554a68530182680ad5c8b042c3ab563,2017-03-30 10:25:19,329.9,37.86
707b67c6036569d9eba912e2c8609ee4,1,f7e0fa615b386bc9a8b9eb52bc1fff76,87142160b41353c4e5fca2360caf6f92,2017-03-30 08:32:29,85.0,18.02
70a25f8b804c7e220927839f1b869626,1,d392a00a8d96150a649853d20d63e8ba,c3867b4666c7d76867627c2f7fb22e21,2017-04-05 13:42:17,138.0,12.36
70a2df2328c71d41c84c2ff23597df7b,1,2c7619bcea25989e443487d30e0aa25f,7e93a43ef30c4f03f38b393420bc753a,2017-03-14 13:10:12,1375.0,34.12
70b8fcabbd42bd4e6bb39052dac647d6,1,24f5af2b789d02450459312d48fc840f,cbd996ad3c1b7dc71fd0e5f5df9087e2,2017-03-20 11:31:36,63.49,11.83
70be4f36c3ba5f5c95734da20d4c34a7,1,99a4788cb24856965c36a24e339b6058,4a3ca9315b744ce9f8e9374361493884,2017-03-16 21:27:28,89.9,25.12
70be4f36c3ba5f5c95734da20d4c34a7,2,35afc973633aaeb6b877ff57b2793310,4a3ca9315b744ce9f8e9374361493884,2017-03-16 21:27:28,89.9,25.12
70e6329357c33a4f1c54d27e53a38231,1,1600dcf1cea8c0c83702e07b577ab231,6560211a19b47992c3666cc44a7e94c0,2017-04-03 03:50:31,44.0,20.4
70f2dbf6303969f4c5f6764ab2e778fc,1,eba7488e1c67729f045ab43fac426f2e,620c87c171fb2a6dd6e8bb4dec959fc6,2017-03-24 09:33:47,198.9,12.0
710b77f06bbd6da0be12265c7d1d5911,1,2576da05088cd972479bd9072e0e84a2,7a67c85e85bb2ce8582c35f2203ad736,2017-03-14 19:56:12,65.99,16.71
71269bfaff77cbd93b48e1dc0f548f69,1,c4e71b64511b959455e2107fe7859020,aced59e9b31ef866a94f9e7f29d8d418,2017-03-10 11:35:20,24.0,14.11
7144e3464cff785210679dc9bf9b30ef,1,ce5a5a85a0704113bd7fd75b3fbaed71,cfb1a033743668a192316f3c6d1d2671,2017-03-29 22:24:07,29.9,15.56
7144e3464cff785210679dc9bf9b30ef,2,ce5a5a85a0704113bd7fd75b3fbaed71,cfb1a033743668a192316f3c6d1d2671,2017-03-29 22:24:07,29.9,15.56
7144e3464cff785210679dc9bf9b30ef,3,ce5a5a85a0704113bd7fd75b3fbaed71,cfb1a033743668a192316f3c6d1d2671,2017-03-29 22:24:07,29.9,15.56
7144fcbeada7426f9bb134795620511c,1,dd6a505f83dd3c6326aa9856519e0978,fa40cc5b934574b62717c68f3d678b6d,2017-04-03 06:42:33,49.9,8.72
714baa6be84305523afe9e663c1b8f48,1,fdd84aefb08c8f8225e0b8c97429d53b,94144541854e298c2d976cb893b81343,2017-04-03 03:45:10,59.9,16.12
7198e283e4a0c1146dcc3f5bedd276c2,1,8b79df7bdd69663fb86eec7b7bdaa927,b3e2faf2c1004d674f16a3aa3197f0e1,2017-03-09 16:22:19,24.49,10.96
71a911a3509a408b60846ed2e5f91e70,1,6dc1e760dde478aea03467d92737a0a6,4bf2f4ee540798a61f9636d12cd9cc80,2017-04-04 10:45:15,174.0,11.83
71affa9afa826434e902e5b89e32271d,1,70c88258b8fd97e776fb7f57022427bc,41b39e28db005d9731d9d485a83b4c38,2017-04-04 02:15:48,179.9,17.41
71c71007c0e6e119fd24da2a057a4cdc,1,683cfdf77dfc3c305e4769968a854e10,52ac6f920b7280e4c6d30dd94de6259b,2017-03-20 14:45:51,1099.9,92.58
71e6174ecee5b2562945b98c5fa17cd4,1,c43ab4269cbf91b373263db4c2973cad,48436dade18ac8b2bce089ec2a041202,2017-03-28 14:57:30,45.9,15.56
71ec05487f7ec2171471b9dd16a1e013,1,bbaef2eadf31fe3ea6702077398be06c,cc419e0650a3c5ba77189a1882b7556a,2017-03-17 20:01:10,56.99,14.57
721384cf1e817313c1e0403bb08235ec,1,05b1d0c869d183ecb8459207a33066f5,fa1c13f2614d7b5c4749cbc52fecda94,2017-03-29 01:01:01,169.9,15.36
7227b55a59343b63b3b4520725996301,1,12b86b2eab3b8c2bbf01adc381aa96e2,827f8f69dfa529c561901c4f2e0f332f,2017-03-26 21:35:37,37.9,14.52
7246a71d326111872bfdfd34f495dc4f,1,c6dd917a0be2a704582055949915ab32,7a67c85e85bb2ce8582c35f2203ad736,2017-03-07 12:10:25,99.99,17.54
7250e10eca3d7f71a091ac5752d3228f,1,c9d1849f97b6fe404378805a105d64ec,7722b1df1b0e383e000397b2c11e3e19,2017-03-16 08:14:00,89.9,21.08
7250e10eca3d7f71a091ac5752d3228f,2,c9d1849f97b6fe404378805a105d64ec,7722b1df1b0e383e000397b2c11e3e19,2017-03-16 08:14:00,89.9,21.08
7280e73216120ebb4358a41b3d947e5e,1,007c63ae4b346920756b5adcad8095de,53e4c6e0f4312d4d2107a8c9cddf45cd,2017-03-09 22:10:19,72.99,23.06
72bc9911258ab2d985943cde67ce4883,1,02ce467092b184e71d3967d29110adc1,a7f13822ceb966b076af67121f87b063,2017-04-11 23:50:16,179.96,33.54
72bee274b97b852ee7741bfa0b924105,1,24d95adbf4d5909e2353d0256eb3ab4f,dbb9b48c841a0e39e21f98e1a6b2ec3e,2017-03-13 14:10:09,109.9,22.7
72d962900f248fa642ba065e45756455,1,f3efd1d829b025dddc72baba33e17c19,08d2d642cf72b622b14dde1d2f5eb2f5,2017-04-07 06:42:11,320.0,13.63
72da473ce9c065b6b7120da52ad4ac02,1,f08c59bc335a381d2b015c4efdc6dae3,cca3071e3e9bb7d12640c9fbe2301306,2017-03-16 19:22:06,50.9,10.47
72da473ce9c065b6b7120da52ad4ac02,2,496f6bd86011e5a9ddea8dc96e802340,cca3071e3e9bb7d12640c9fbe2301306,2017-03-16 19:22:06,72.9,13.18
73435a60acd2fe1260eb7bb6587465ed,1,16b089babc44efe9db1fde71b35d1252,bfd27a966d91cfaafdb25d076585f0da,2017-03-08 22:22:03,89.0,22.96
737b63f784a8e20dbc2a9abd527f3923,1,4a8388d725082add032c3a248d515142,7b07b3c7487f0ea825fc6df75abd658b,2017-03-28 12:58:27,56.9,8.79
744ce2fe884a45093b4a3df391cb16c5,1,a695ab8413ea83619cde9b18292d6aa1,1da366cade6d8276e7d8beea7af5d4bf,2017-03-10 08:55:14,40.0,17.78
744dddb0362cbcb141adaed27f19cb3a,1,b35ce9c1e37f5b0f4134da0fe4c93b84,dd2bdf855a9172734fbc3744021ae9b9,2017-03-14 19:30:26,69.9,26.3
74bbd58cddb2228b26c9c73ea8b4d9e7,1,6789e81c62b672bf413759d22ecacaf7,ddd51ae8cda92f3995a51fc0f0f3eec7,2017-03-27 22:50:11,16.9,14.52
74d17f79f897a6ed435142094b225a89,1,54d798aec2c073d2d403f66ee33ddbe4,dbb9b48c841a0e39e21f98e1a6b2ec3e,2017-03-15 08:42:31,39.9,9.34
74eb09c234059210020478373826f860,1,3c2f792f1041177a81913a977431a99e,6ee85be3693ed79a8e80718743d80655,2017-04-06 17:15:07,29.5,24.84
74fd22110fce99b893b31cada7e2c3e8,1,80df62ce491a20d390c9f69402310f0a,85d9eb9ddc5d00ca9336a2219c97bb13,2017-03-13 11:23:20,26.9,20.4
7508033c7fba2328d96c7760f62318f9,1,06f0e85c7892d5df893f332706340af1,3d871de0142ce09b7081e2b9d1733cb1,2017-03-15 06:35:20,149.0,17.78
7524b4a4e4f4bc62cbc028b40f1e7445,1,9da0bebb7f9168679e748abbfad05edd,d2374cbcbb3ca4ab1086534108cc3ab7,2017-03-21 20:01:57,25.9,14.52
7529a27c3db5807043903076a53133dd,1,7c21d2794fad14d186b2bcd9b07a8298,7a67c85e85bb2ce8582c35f2203ad736,2017-03-15 02:51:12,65.99,19.05
75351e48296ef42211a0b80c427aae57,1,28f2e74ecd7f12eab02ca9b3c2bd9c5f,ca3bd7cd9f149df75950150d010fe4a2,2017-03-28 16:25:43,87.37,10.79
7540eaa703ba0f9ab8cfb6ce7291a83b,1,6cf22bb1523c34ad8da500d1084155a5,fa1c13f2614d7b5c4749cbc52fecda94,2017-03-23 11:59:46,179.0,15.42
7543a6fd664cf3ced4e8d01d48207a80,1,dbb4ce89c8ed5fb6fd901e2e51093179,91f848e9f4be368f4318775aac733370,2017-04-03 03:45:24,84.99,18.87
7553daebc4e13baf328211dddc66a648,1,22c5ddc22ea8cae84fc9917def682dc6,cc419e0650a3c5ba77189a1882b7556a,2017-03-20 10:13:49,56.99,24.89
756575f4894e97980e45d0e8710ee27d,1,74e48c5377480b7d048d7b294abc569b,3ea00e1dea2b0659dbaf654735929220,2017-04-03 20:45:13,75.0,16.23
7580acfb8ff8ddb8e8db732d87a5e5cb,1,20987b1deed06bb23b0d711f72a1370d,392e0502231ae2f8b29994ef6398cd77,2017-03-19 21:46:27,49.9,14.52
7581c7decedb7d7f4310ef8313f935a7,1,06e73ddcb54620a36bfdb2e073c4dc40,0ea22c1cfbdc755f86b9b54b39c16043,2017-03-16 17:50:16,34.9,14.52
758667794d07a65477e26043b6b75986,1,5a6e53c3b4e8684b13388d6aa4afdf12,7299e27ed73d2ad986de7f7c77d919fa,2017-03-15 21:19:05,12.99,14.52
758d844e553488d2af66539369ed624a,1,3e6092cf0f56b9c78bcbd539157b9f70,8cc6a0e5738e61a87b03c78b2ba9db4b,2017-04-06 09:32:44,999.9,21.17
758f87ed332796046d9312299cdf1e5d,1,08ac23cd333352eff43b210f6ebaaff4,cca3071e3e9bb7d12640c9fbe2301306,2017-03-13 16:55:20,24.9,10.96
75a75d6f39a5e6639e107bdf8760ac50,1,91b08d34d0ba4db44da2dc382867ba49,b76dba6c951ab00dc4edf0a1aa88037e,2017-03-15 21:04:58,10.99,8.72
75f041ff00fa67ba7b8b9521ea8d3a2f,1,0152f69b6cf919bcdaf117aa8c43e5a2,d2374cbcbb3ca4ab1086534108cc3ab7,2017-03-30 10:02:30,13.9,16.05
761a14c58cb2df04ac97a42b0edf05ad,1,7128387d10541a345331eb7bfb9afbcc,debe6615cd90cc0c2eac2b8988e1f628,2017-03-24 19:58:27,69.9,14.66
766556fe96de427faf3964fadfb68458,1,7e97894cc00196a56d6ec315c68b2353,7008613ea464bad5cb9b83456e1e6a8f,2017-04-03 03:56:11,90.0,25.12
768351bcdb7630b77da379eb5a54e9b3,1,c37e775cc9f2dd910db751444447fa3d,8fdca8e349553f99bc738833a62c8802,2017-03-16 15:19:53,11.99,20.8
7686c8e556ad063dbfec8224d665c37d,1,50c903691960bdd77acb82418a4445ec,2cb4700db635baa1c0d4f90ed27b6669,2017-04-13 01:58:41,99.9,14.46
768828d19a7b67c4c5aa1e38def296dc,1,63ee501f72520d5ec54cef5fd3a21a20,acb6c2ca5c82411c1fdb88d5fd5eb95e,2017-03-14 18:45:16,52.9,18.12
769246167cd690b84b951cbef38d3d7c,1,ca26080d8f0fa848c329fe732f5e34e8,3faf68a3b0af94b10bac70d86077be49,2017-04-02 23:25:17,188.99,15.09
76b3916173a86a399841b62399174b10,1,037a23831f142c505b119215d92eaf7e,7c67e1448b00f6e969d365cea6b010ab,2017-04-04 20:22:21,125.99,20.18
76d449452dff60240f1b694b46d44bdb,1,c9d1849f97b6fe404378805a105d64ec,7722b1df1b0e383e000397b2c11e3e19,2017-03-23 01:23:29,89.9,11.24
76efb2fbb5b0e732ba6c77c63d263b59,1,4fcb3d9a5f4871e8362dfedbdb02b064,8581055ce74af1daba164fdbd55a40de,2017-03-29 16:50:17,143.8,25.77
76efb2fbb5b0e732ba6c77c63d263b59,2,0c9ff9d8ed9b9bdd825487b3a66e05f5,8581055ce74af1daba164fdbd55a40de,2017-03-29 16:50:17,238.9,34.7
76f365ea86277e79c94d5fd3dbc1db80,1,1a41f6016e828ff1d37f2ecc2f2a0dfd,d1b65fc7debc3361ea86b5f14c68d2e2,2017-04-05 02:10:34,289.9,27.26
7701acffdc4a67fac70f9ba0d45cdf41,1,c3040abf937069c3552391d63d89ece1,a416b6a846a11724393025641d4edd5e,2017-04-03 21:55:20,80.25,14.33
7712472a07a10232dd2e57a0c2532cd3,1,af51d485dc5255ba2e18b21b550156e6,5dceca129747e92ff8ef7a997dc4f8ca,2017-03-29 22:05:35,249.99,68.45
77161b77ce9e78961c94e6910f7b272a,1,7e0dc102074f8285580c9777f79c90cf,e26901d5ab434ce92fd9b5c256820a4e,2017-03-27 17:11:49,34.9,10.96
771c4f1f521f462e4b95619e648aaeab,1,a695ab8413ea83619cde9b18292d6aa1,1da366cade6d8276e7d8beea7af5d4bf,2017-03-28 20:15:15,50.0,15.04
771c4f1f521f462e4b95619e648aaeab,2,dd8c2302e75b8c69bfde7a67d2500a3a,6e0908ef4d4efadbc3cc2b74ea477cb0,2017-03-28 20:15:15,39.0,10.03
7729bd24067381622a58a0231d77fe2d,1,f87341d0a32c1998e212c1c9ec6d3362,48162d548f5b1b11b9d29d1e01f75a61,2017-04-03 11:35:23,286.9,27.51
772e38d3917d94f38c6484dde513877f,1,a0fe1efb855f3e786f0650268cd77f44,ef506c96320abeedfb894c34db06f478,2017-03-23 15:57:36,59.99,14.18
7743f1958c77de9ebc175860fd1773a6,1,fc1d8637c0268af3db482c14b7ef8e75,da8622b14eb17ae2831f4ac5b9dab84a,2017-03-21 17:35:46,129.9,13.49
7748ff99ce730984ae58e28b2573feb3,1,bbaef2eadf31fe3ea6702077398be06c,cc419e0650a3c5ba77189a1882b7556a,2017-03-28 11:59:10,56.99,14.57
7764b1137f1449a900532727d4a58763,1,f7186d0740a850c2f73f4b67959336fa,ef506c96320abeedfb894c34db06f478,2017-03-07 17:10:16,25.99,10.96
77e356fe102e0bcabbd2bd066328f801,1,418aafa8794c4c22bacfa453f98bbf26,44073f8b7e41514de3b7815dd0237f4f,2017-03-30 18:49:46,230.0,16.91
77f769edc06f5c320e6ee92b14400f30,1,b28c74943399164661bb5350e482ae98,0c8380b62e38e8a1e6adbeba7eb9688c,2017-03-09 13:42:56,89.9,17.37
77f8ac5734b5b2f8c1572102f854d329,1,a50acd33ba7a8da8e9db65094fa990a4,8581055ce74af1daba164fdbd55a40de,2017-03-14 15:37:38,117.3,16.97
78072efdb0265b1a3f43b4881fe9bfc2,1,e9eebb8e8ba0fadb9020f8ba1c003b48,620c87c171fb2a6dd6e8bb4dec959fc6,2017-03-13 11:03:27,389.9,27.29
783f0149c8c49e2539f7a09dc2237b5b,1,1fa784d8744e3ed625d8651ddb15e33b,afe0067131b73e40875c9b6c10bd2e21,2017-03-28 15:35:53,139.9,30.02
78441b03179176f2ef199bdbb9287f51,1,95c40b993a22463c83beb5c51a03d46c,85d9eb9ddc5d00ca9336a2219c97bb13,2017-03-10 17:35:19,20.9,17.78
78445aad6ec7d2d58ab2c71c98f99957,1,d638526eedf894404e66103a19943771,ef506c96320abeedfb894c34db06f478,2017-03-14 15:03:16,37.99,14.52
7845d9a1a3d511b756a5c2c2352ba770,1,aa96d291abe7cd0000c25e34bc8ed316,8b28d096634035667e8263d57ba3368c,2017-03-27 18:34:36,24.88,10.96
785d9cc9690385fee964390cf2038b17,1,ddebc97ddf43a9787d1ee7012e394ccc,05ff92fedb5be47920fea08e501238b9,2017-03-07 15:30:21,598.4,30.41
785d9cc9690385fee964390cf2038b17,2,ca87480e3217597bea91c94423cb30b7,05ff92fedb5be47920fea08e501238b9,2017-03-07 15:30:21,159.2,7.34
788634b6e1564dce8d0833139af74c07,1,f422d0d9f8b5f7c27289382b14b61248,1554a68530182680ad5c8b042c3ab563,2017-04-11 16:25:19,66.99,24.67
788bca2425763e7cb77699ab9a1b135e,1,62224b433a431310bf27129938ad9f64,7b07b3c7487f0ea825fc6df75abd658b,2017-03-29 11:09:40,84.94,11.98
78902e5dd1f843cd182f10992137777b,1,6acb159c74b0fa813fb68bf88655c7ab,c8417879a15366a17c30af34c798c332,2017-03-17 02:45:59,30.9,10.53
789e059c493926a46f2365bebb807dc9,1,1750753e77dc38c4afe6fc90f02c39bc,f8db351d8c4c4c22c6835c19a46f01b0,2017-03-27 14:06:41,36.9,14.52
78a0b04da4d744a06c4843f76ac5ce8d,1,57212b61ec373df1504d050a17e139ad,4a3ca9315b744ce9f8e9374361493884,2017-04-03 19:45:08,249.0,16.95
78b0df67ddee0b34012114100c7a549d,1,fcb0e3bd6245e82cb0203dca6c126e43,36a968b544695394e4e9d7572688598f,2017-03-20 17:30:07,20.9,10.96
78b17b8479b96dcbe179a2c64bce00c2,1,e0ce26ae52c9ab0b8c8e42129d6c1996,391fc6631aebcf3004804e51b40bcf1e,2017-03-13 03:55:22,24.9,11.74
78c82a5b34fde0f0dc8d9d0670b231d6,1,b497d0032ea073dd58bbd2d7809d25b3,4e922959ae960d389249c378d1c939f5,2017-03-24 11:23:37,99.0,12.08
79411a632fc76728b437951f4c052826,1,4bb4fb9c85785b75ab4f6559900c7ca1,ef506c96320abeedfb894c34db06f478,2017-03-22 22:45:06,37.99,15.65
79656dfc69daa9e78835e99ea7d54c83,1,ab8fdcf79c35337a19dd9e94fa2965ce,ed4acab38528488b65a9a9c603ff024a,2017-03-31 14:52:53,119.99,11.45
797537628c3c851dcbc329039f6a37f3,1,2afd040779d1ce6295b76d092b048066,6c177e38df6d3f34182b1f1d427231bf,2017-03-08 22:15:16,169.0,16.48
7977e307a9ea263c2cef8cdc9ccbbe26,1,45df8892a1d74d2e8f960dc06625fdab,99eaacc9e6046db1c82b163c5f84869f,2017-03-30 16:45:11,299.0,12.7
7983542b1539fd0eb5c18d062ee04e34,1,e0bb3159111d86828b5caef8725ff055,cd06602b43d8800bd0afad514919d35c,2017-03-14 11:10:16,101.0,21.34
799be3792f7db4e84ead1a2eefccd1b2,1,46d35d41fbeb3693160ab97bdfa11cd4,ef506c96320abeedfb894c34db06f478,2017-03-13 23:33:21,39.99,8.72
79a7213058b523bb31b7c6c53add8159,1,c94d19d021d4a8fbae5a45f904aeea90,701938c450705b8ae65fc923b70f35c7,2017-04-04 15:50:19,103.97,37.13
79a7213058b523bb31b7c6c53add8159,2,c94d19d021d4a8fbae5a45f904aeea90,701938c450705b8ae65fc923b70f35c7,2017-04-04 15:50:19,103.97,37.13
79a7213058b523bb31b7c6c53add8159,3,c94d19d021d4a8fbae5a45f904aeea90,701938c450705b8ae65fc923b70f35c7,2017-04-04 15:50:19,103.97,37.13
79a7213058b523bb31b7c6c53add8159,4,c94d19d021d4a8fbae5a45f904aeea90,701938c450705b8ae65fc923b70f35c7,2017-04-04 15:50:19,103.97,37.13
79c4bd6c466a226de3a2b9ee556a0116,1,fa126ff62aae83e37857ad495641c878,e9bc59e7b60fc3063eb2290deda4cced,2017-03-17 16:38:40,219.5,15.71
79c4bd6c466a226de3a2b9ee556a0116,2,fa126ff62aae83e37857ad495641c878,e9bc59e7b60fc3063eb2290deda4cced,2017-03-17 16:38:40,219.5,15.71
79de12ad0d6a9e82e8f7bd4cb879a1a7,1,6fa96cbd1d917acb1ef4bc8040116105,048c2757535328e0d7dac690ad3c0aae,2017-03-26 22:26:33,199.7,15.17
79f6a9bb3d0d92e29f2c0fdc60940e41,1,aa995bbfcf2da055bed670f7282f90d8,7a67c85e85bb2ce8582c35f2203ad736,2017-03-30 20:32:45,59.99,13.0
79ff3f0a53335a2e8424d3f3c4afccea,1,d558b2cfa18448af883b91439fb908ad,b2ba3715d723d245138f291a6fe42594,2017-03-15 23:31:18,99.9,11.31
79ff3f0a53335a2e8424d3f3c4afccea,2,d558b2cfa18448af883b91439fb908ad,b2ba3715d723d245138f291a6fe42594,2017-03-15 23:31:18,99.9,11.31
7a0eb0a897a19d67575a24798ba26fc5,1,05d3d52aea100aa2f887fd940991f040,2a1348e9addc1af5aaa619b1a3679d6b,2017-03-09 10:45:14,72.9,11.12
7a29d9cef76355b4b32321cc4c9e58fa,1,1efd84ba20d23186f576a37baf64ae9d,b2ba3715d723d245138f291a6fe42594,2017-03-24 12:19:19,19.9,8.72
7a29d9cef76355b4b32321cc4c9e58fa,2,1efd84ba20d23186f576a37baf64ae9d,b2ba3715d723d245138f291a6fe42594,2017-03-24 12:19:19,19.9,8.72
7a44c4fe71c5ad785748804827f628b8,1,a6b0f0c9b63f3b47169188d31f9f67bc,ef9952469137ff190bacafe117f51537,2017-03-20 11:27:09,174.42,15.39
7a44fb632a6b31230876daf264061442,1,50fe86b557f5fa0dd5d24d5d105e4ec7,0c8380b62e38e8a1e6adbeba7eb9688c,2017-03-15 22:42:12,63.9,15.66
7a44fb632a6b31230876daf264061442,2,50fe86b557f5fa0dd5d24d5d105e4ec7,0c8380b62e38e8a1e6adbeba7eb9688c,2017-03-15 22:42:12,63.9,15.66
7a47100118f6775bec039a3b87ddedf5,1,2ea92fab7565c4fe9f91a5e4e1756258,3d871de0142ce09b7081e2b9d1733cb1,2017-04-10 05:55:29,69.9,29.42
7a502e545ea55a7ff2a035abd83c6d84,1,2bb11ef7e7d20cb8a80932979464e7ce,0725b8c0f3f906e58f70cbe76b7c748c,2017-03-28 10:34:48,34.07,18.94
7a502e545ea55a7ff2a035abd83c6d84,2,2bb11ef7e7d20cb8a80932979464e7ce,0725b8c0f3f906e58f70cbe76b7c748c,2017-03-28 10:34:48,34.07,18.94
7a502e545ea55a7ff2a035abd83c6d84,3,2bb11ef7e7d20cb8a80932979464e7ce,0725b8c0f3f906e58f70cbe76b7c748c,2017-03-28 10:34:48,34.07,18.94
7a597d514c0c2d8a5c87e7ba10da41a4,1,11875b30b49585209e608f40e8082e65,669ae81880e08f269a64487cfb287169,2017-04-03 10:05:16,65.0,14.62
7a72862f08ad9a6b9debda8e2a65d762,1,7e0dc102074f8285580c9777f79c90cf,e26901d5ab434ce92fd9b5c256820a4e,2017-03-21 19:47:34,34.9,24.84
7a76691d8f0fed490e0d88bfb803b8f0,1,9b9d1c4bd979b93c138044e032f99780,7a67c85e85bb2ce8582c35f2203ad736,2017-03-29 20:35:15,99.99,15.91
7a8fd05a340c38948f7581e765cecb09,1,7402c8cf69df715729b26da0ac2cc721,d66c305afaec317ebee552073a674429,2017-03-16 23:31:55,69.9,15.7
7aa50aad959e4345b45b9732bc346a6e,1,e891d4a9622cae3b9fc2ec558bda155b,e603cf3fec55f8697c9059638d6c8eb5,2017-03-10 04:03:43,27.0,16.05
7aaffbd34cee1970afc42ae26489ca31,1,12fd8665371236b5b586ea4e448902c8,4a3ca9315b744ce9f8e9374361493884,2017-03-27 14:45:56,89.9,14.8
7af7e9221757663bb19abb52d6acebf9,1,f0737b524fe6b57f2ad4f174ce23a62c,76d5af76d0271110f9af36c92573f765,2017-03-27 09:21:54,209.0,33.86
7af7e9221757663bb19abb52d6acebf9,2,f0737b524fe6b57f2ad4f174ce23a62c,76d5af76d0271110f9af36c92573f765,2017-03-27 09:21:54,209.0,33.86
7b6b4f3f9ceec2248dad997d2f53650e,1,bdcdac3808387127799361ff2ce69f06,17e34d8224d27a541263c4c64b11a56b,2017-03-23 10:04:34,346.99,13.04
7b73271902e2ee3bd37ac75732256a62,1,82183967d9fde935fc0b0189bb68ccec,6cd68b3ed6d59aaa9fece558ad360c0a,2017-04-06 02:10:20,55.9,11.0
7b76996a441de2788a09b987c34e477e,1,e726b00d6143d630f1635740d8a265c2,dc8798cbf453b7e0f98745e396cc5616,2017-03-20 12:56:50,19.9,10.96
7bac1076797839872168be8c0e2b0f88,1,efdd9c83779dc22fdcbfdce64ffef671,9d5a9018aee56acb367ba9c3f05d1d6a,2017-04-03 20:45:12,57.99,17.84
7bb14a2a67cb178e16ef288143ea56b1,1,af51d485dc5255ba2e18b21b550156e6,5dceca129747e92ff8ef7a997dc4f8ca,2017-03-16 19:54:15,249.99,68.45
7bcde8d5d9a48f795c1219a5eded63a5,1,fa23bf270fb9880690b07d09b9f9ff20,1b8356dabde1d35e17cef975c3f82730,2017-03-20 11:26:21,59.99,26.16
7bd694d5531f148d22a89b11343e1d0d,1,80fb011fd54fa5e1911a2f80c0fc878d,25e6ffe976bd75618accfe16cefcbd0d,2017-03-16 17:43:05,51.4,16.06
7beb96c2b44515d5794d02d8a0626656,1,acdb0f19ecde303b46ede05c270ad40d,3bdff180c7e1f6551a643b99c265a120,2017-03-29 23:05:22,23.9,14.52
7c2442a9fcc83aece6cfdc4665bba387,1,99b89f140f651db441848081814dd1a1,3340ef1913fb70d28420f6ceb685c339,2017-03-09 13:30:24,195.9,18.11
7c2442a9fcc83aece6cfdc4665bba387,2,99b89f140f651db441848081814dd1a1,3340ef1913fb70d28420f6ceb685c339,2017-03-09 13:30:24,195.9,18.11
7c367f3036caf4d2000a4d80bc9d341b,1,fc84057c7ba16fe04a3c66cf104e02a6,b92e3c8f9738272ff7c59e111e108d7c,2017-03-30 10:50:13,179.9,40.7
7c5c8b715064d5bf2ee6a1cef59f2853,1,d5dceef582538ae853072860d4bff29e,a3a38f4affed601eb87a97788c949667,2017-03-22 15:43:51,56.99,14.57
7c7b50bf10378ca615ca44f0413bc73b,1,eba7488e1c67729f045ab43fac426f2e,620c87c171fb2a6dd6e8bb4dec959fc6,2017-03-24 09:35:47,198.9,15.56
7cc694b62dcc67d5cf680cb035f217c9,1,2d857ab2a090c784ad9de4c8dedac0e8,afe0067131b73e40875c9b6c10bd2e21,2017-03-16 10:36:26,99.9,19.29
7cd12f82d867bf5cda813ec60b7c4db8,1,4e0f5e97804431100c5bded078a48df9,bfd27a966d91cfaafdb25d076585f0da,2017-03-23 16:16:44,139.0,19.56
7ce492282af12e4b6c41c28e7b377e87,1,93496c0926637f2fe3bae9caf7058e6e,391fc6631aebcf3004804e51b40bcf1e,2017-04-04 21:30:17,144.9,14.78
7d0a7957897551b77224fc297e8f6046,1,abe6b1e401ce596ad0c493aeedb488a4,c847e075301870dd144a116762eaff9a,2017-03-09 00:50:26,29.9,22.28
7d21fbcf5adce98ed57bc3ce5b30b754,1,b59fb744c6f3cd1dc23b10f760848d98,916748bc99315c2d202898ae58b1617e,2017-03-28 13:49:34,9.9,10.96
7d3d0586319a920f50ceec0a5a9eaf55,1,94fb2ab4419d523ecce8e5d56676788d,522620dcb18a6b31cd7bdf73665113a9,2017-03-07 16:15:23,194.5,17.06
7daacf43d9593e9a2959cc753578ce09,1,acdd9eaa79720ca045ce3768250b8e47,a416b6a846a11724393025641d4edd5e,2017-03-31 11:35:16,99.9,17.13
7dadec0b94237bf94991c9e9af701f5e,1,c94d19d021d4a8fbae5a45f904aeea90,701938c450705b8ae65fc923b70f35c7,2017-03-16 13:45:44,103.97,37.13
7dbe7b520d00d04a3f695cd91e904980,1,b1d65e37e2b1ef62b43aca5b3c3f8342,ef506c96320abeedfb894c34db06f478,2017-03-17 20:31:32,48.99,14.52
7dd1b130c9150c4343cfead610733da0,1,daef14e7336419f51236c2765332b13f,5c243662ce92d84573bfaff24c3e3700,2017-03-16 08:47:24,199.9,18.14
7e033da6e10e6a9866ae65fb7e9bc379,1,833b7baca432a26ccfc3e3eaa8271519,b372ee768ed69e46ca8cdbd267aa7a38,2017-03-30 11:24:06,190.0,17.03
7e033da6e10e6a9866ae65fb7e9bc379,2,833b7baca432a26ccfc3e3eaa8271519,b372ee768ed69e46ca8cdbd267aa7a38,2017-03-30 11:24:06,190.0,17.03
7e05645577366863a93350aac5cc7de5,1,fd55ab8af788f6bba621cd37a8701889,062ce95fa2ad4dfaedfc79260130565f,2017-03-29 17:25:28,68.9,79.86
7e0b49133404be992e9cca3788b195c7,1,187b442eb4df48574faa31381921991f,2e0dba2da448400b1c11d7b4b22f32a4,2017-03-27 16:44:25,14.99,10.96
7e0b49133404be992e9cca3788b195c7,2,187b442eb4df48574faa31381921991f,2e0dba2da448400b1c11d7b4b22f32a4,2017-03-27 16:44:25,14.99,10.96
7e0b49133404be992e9cca3788b195c7,3,187b442eb4df48574faa31381921991f,2e0dba2da448400b1c11d7b4b22f32a4,2017-03-27 16:44:25,14.99,10.96
7e0b49133404be992e9cca3788b195c7,4,187b442eb4df48574faa31381921991f,2e0dba2da448400b1c11d7b4b22f32a4,2017-03-27 16:44:25,14.99,10.96
7e131886d59cb8a02c847ed61228fd8c,1,fd9222f5293048868b832e5179fa3ec5,a3a38f4affed601eb87a97788c949667,2017-03-24 18:25:04,49.9,11.74
7e2a281f24e01c2b6eb30c545bebb7ac,1,580af1ebaa84e22ae14e08f073d091b5,ef506c96320abeedfb894c34db06f478,2017-03-10 19:50:18,19.0,14.52
7e52365eb2fa03f8f4ed8a69da1e7fc4,1,54d7ad85b648d3cb2b7069ed446d7f35,25c5c91f63607446a97b143d2d535d31,2017-04-14 11:32:52,215.45,15.68
7e52365eb2fa03f8f4ed8a69da1e7fc4,2,54d7ad85b648d3cb2b7069ed446d7f35,25c5c91f63607446a97b143d2d535d31,2017-04-14 11:32:52,215.45,15.68
7e6539e0940d836317038bdfe085f18f,1,dd6a505f83dd3c6326aa9856519e0978,fa40cc5b934574b62717c68f3d678b6d,2017-03-22 21:56:12,49.9,20.4
7e9af7be40e0983f0c497782cb6435bd,1,5457c026a643626249213e1e39c31d10,a888faf2d1baececa6baf9c3d603ee1f,2017-03-17 17:31:42,379.9,16.83
7ebd7a655bddf4875b34b13845a779af,1,63de2743d05ab59d85caa49e49459ac1,cbd996ad3c1b7dc71fd0e5f5df9087e2,2017-03-29 20:32:29,15.75,10.96
7ebd7a655bddf4875b34b13845a779af,2,63de2743d05ab59d85caa49e49459ac1,cbd996ad3c1b7dc71fd0e5f5df9087e2,2017-03-29 20:32:29,15.75,10.96
7eebf0a4be5859d04ca7da2ce039c044,1,c4baedd846ed09b85f78a781b522f126,a1043bafd471dff536d0c462352beb48,2017-03-14 16:52:50,99.99,36.53
7f00712c268844b83fbb7db60193e5eb,1,056193fc88b3f131fae751356896b168,7a241947449cc45dbfda4f9d0798d9d0,2017-03-30 23:33:00,129.99,26.41
7f095ef5086869ac49b20d6cc5484418,1,880be32f4db1d9f6e2bec38fb6ac23ab,fa40cc5b934574b62717c68f3d678b6d,2017-03-16 11:37:57,42.99,24.84
7f13a20e25350f4a55fb2a7c9a2e8d88,1,cae2e38942c8489d9d7a87a3f525c06b,cca3071e3e9bb7d12640c9fbe2301306,2017-03-22 18:14:37,149.8,13.63
7f5dfed48e701a5377de885c64a99aff,1,222efa72a47277d611b8b38d71149afd,cd06602b43d8800bd0afad514919d35c,2017-03-15 02:51:04,6.0,14.52
7f7459900662af489ef7c24c730e4dde,1,a695ab8413ea83619cde9b18292d6aa1,1da366cade6d8276e7d8beea7af5d4bf,2017-03-13 17:25:19,40.0,14.52
7f8f6e7d331e83effb58aa14f32cad44,1,fc49395ccfb1f65ab0d1352684772112,99eaacc9e6046db1c82b163c5f84869f,2017-03-30 10:32:14,199.0,12.0
7fc14928697eee65dc635592072afaa8,1,2ac7c9339ff85fff3e1aee3eaf7bb315,ad273c9eb54ecb4532de4bf75bae9e4e,2017-04-04 02:10:36,32.0,14.11
7fc9c416ca9144971f5486875181bdcb,1,3b123ae5d71b7b0d1b2a3f47c00eec8b,6df688df543f90e9b38f4319e75a9d88,2017-03-08 20:35:19,7.87,14.52
801ce4e79b26aa1738dc18b0d1edef5d,1,741158fada4f10d804c017c381d6925e,cca3071e3e9bb7d12640c9fbe2301306,2017-03-23 14:08:29,274.9,62.28
8024bee268e76b6cff9da86da00f1490,1,17619e7c2727f3ee8c7877eea79ce30a,7142540dd4c91e2237acb7e911c4eba2,2017-03-20 09:22:56,139.9,14.75
80268610ed03b9b64fd7c84e4970b248,1,3ec743336067ca17a9d2b1599d8a7cae,84c945f15571830c1a91a33978e94009,2017-03-27 23:42:55,25.99,10.96
808bf4092870d798031105528ece9e37,1,1612209b0b37fbe80e1e8e1b7d19ca1d,87142160b41353c4e5fca2360caf6f92,2017-04-04 06:42:26,99.0,13.27
80bb8e6802ed134ab01c6c5ac52f0647,1,47ed478ee7b2696c2c49229fcad56e98,afe0067131b73e40875c9b6c10bd2e21,2017-03-09 17:15:15,129.9,29.95
81220f667163d5eebb4357899f42a737,1,b07701d2414b447f7bf1b9b6a2c76b5d,85d9eb9ddc5d00ca9336a2219c97bb13,2017-03-15 21:51:49,45.0,10.96
81236114e6a522a78df40930e2592d98,1,77cc62dc80ebe12a0452d1ce0565acdc,218d46b86c1881d022bce9c68a7d4b15,2017-03-29 21:11:27,113.0,17.53
817bf80f198fe79311b13572332cc969,1,861857117917aaa99611defcc0d514cd,e9779976487b77c6d4ac45f75ec7afe9,2017-03-16 02:43:00,162.0,11.74
8185a97f66edcfa0f558a3c6623fd8a0,1,04dc26a02c448f6f2b914f01c2902ebd,522620dcb18a6b31cd7bdf73665113a9,2017-03-09 10:45:14,343.4,26.89
818b0cfed13b2b6712926e620e37ec60,1,e840aad8112818661548fda5d12653f2,dc4a0fc896dc34b0d5bfec8438291c80,2017-04-10 21:55:20,85.9,20.68
81a7125e95ebd20c40de58599400fa57,1,880be32f4db1d9f6e2bec38fb6ac23ab,fa40cc5b934574b62717c68f3d678b6d,2017-03-16 17:00:35,42.99,8.72
81ae37f8ac6c04f48ac5a71303729abe,1,9c8a36f4987914487728d62b2ba087b9,f8db351d8c4c4c22c6835c19a46f01b0,2017-03-30 10:45:08,42.9,11.74
81bee7ecbeae8e9b41bef6d41b146b12,1,08574b074924071f4e201e151b152b4e,001cca7ae9ae17fb1caed9dfb1094831,2017-03-21 22:26:48,69.9,31.23
81bee7ecbeae8e9b41bef6d41b146b12,2,08574b074924071f4e201e151b152b4e,001cca7ae9ae17fb1caed9dfb1094831,2017-03-21 22:26:48,69.9,31.23
81c684bc700b0e67cd0461f8f1216b0b,1,7c1bd920dbdf22470b68bde975dd3ccf,cc419e0650a3c5ba77189a1882b7556a,2017-04-04 02:10:42,64.99,20.9
81cb17fa8652482186e8184e2a418057,1,45af837344fa95e1fb3a840e9ffd8bf4,4aba391bc3b88717ce08eb11e44937b2,2017-03-07 21:55:18,118.0,21.28
81cb17fa8652482186e8184e2a418057,2,45af837344fa95e1fb3a840e9ffd8bf4,4aba391bc3b88717ce08eb11e44937b2,2017-03-07 21:55:18,118.0,21.28
81e54776f3bdf237512b1ceb5337a066,1,5a6e53c3b4e8684b13388d6aa4afdf12,7299e27ed73d2ad986de7f7c77d919fa,2017-03-30 01:23:39,14.99,14.52
81ee72663ec8c48b97ba61fa03f3f7a0,1,e282624d8c82e04983f125e167eb4521,2138ccb85b11a4ec1e37afbd1c8eda1f,2017-03-13 03:50:28,18.99,14.52
81fd4d3b4acc4fcaee13b2e9bc62bfd5,1,2708ea4fc1340081efeffbf11f14d765,f8db351d8c4c4c22c6835c19a46f01b0,2017-03-26 22:22:43,129.9,19.19
8219ae90c37589227838ee62848266ca,1,fdd84aefb08c8f8225e0b8c97429d53b,94144541854e298c2d976cb893b81343,2017-03-30 16:42:37,59.9,16.12
821e765f0bcdbdc5e6769985ddc5875b,1,8ae1fefcfdc30ea49de246665b6d2713,f8db351d8c4c4c22c6835c19a46f01b0,2017-03-16 11:52:07,26.9,14.52
8238b78624cf7cdf4fdb1a5e9906aada,1,f71b4fadb8b8e7564f1e8b8aba66c106,46dc3b2cc0980fb8ec44634e21d2718e,2017-03-13 17:03:28,699.99,21.64
82afe7cfa91318f49e01765796e93377,1,844f0dc5dc6484304c769ce90e7a2c48,b1aaae6b66ad3c40f54b389d7ea4bee0,2017-03-19 22:45:00,51.0,8.73
82d62e8dbebf85af5c2873e07fe0721e,1,9680867d27bf4f20ac82adbe4dbae9ec,44073f8b7e41514de3b7815dd0237f4f,2017-04-05 21:45:48,277.0,20.64
82e0be51b738da8e7e60e27649068de4,1,aa7cf4b09293dffac3b67cf2fb9730a2,8e6cc767478edae941d9bd9eb778d77a,2017-03-30 18:59:50,44.92,18.63
82ef901bddb0b3a57a8f2639cba398c2,1,4796d7d7634cb23b1870940964bc4468,7c67e1448b00f6e969d365cea6b010ab,2017-03-30 00:30:35,29.99,15.56
82ef901bddb0b3a57a8f2639cba398c2,2,4796d7d7634cb23b1870940964bc4468,7c67e1448b00f6e969d365cea6b010ab,2017-03-30 00:30:35,29.99,15.56
82f1ef1e66fd6c8297a78ba0ed3a570a,1,407bf6c28bfa032a610efe55a12fefb6,82bd0703a4aefd6b599e5bfdaed378fb,2017-03-21 19:41:03,69.9,11.88
82fa967d1d3bc56f31565b771fe79181,1,b61d1388a17e3f547d2bc218df02335b,07017df32dc5f2f1d2801e579548d620,2017-03-14 15:00:44,179.99,9.63
82fbc12799bc20f75c107e8e3fd55f38,1,25da7af0ae86de644e6410fec1d599d1,712e6ed8aa4aa1fa65dab41fed5737e4,2017-03-17 12:35:02,650.0,128.47
82ff294d1970490323910cdd6c463977,1,99a4788cb24856965c36a24e339b6058,4a3ca9315b744ce9f8e9374361493884,2017-03-17 08:18:51,89.9,16.33
830e68f85c573a0b3ad78cc4915e0fcd,1,2f2242912bd9f5bde4a86e128e8905d7,d4e4b5192cba4e0e66eb12a9d347239d,2017-03-28 11:45:54,9.9,15.65
837cfe6109d725950d55450c2121f7ee,1,115d882d50c476a481e899b79aca6174,23ca5f678e0b3ea6c630b30fa8bf51ea,2017-03-15 13:50:26,27.0,14.52
839c39b7b79ea017a465dd95ba970a42,1,ecbe1ef7e2903ff8b1d704ba78fa264d,c3cfdc648177fdbbbb35635a37472c53,2017-03-24 14:37:32,106.9,18.88
83be28237d62524f82d47b7e4e8759ec,1,b15b0f14796af4af048f9d043465a255,4e7c18b98d84e05cbae3ff0ff03846c2,2017-03-20 19:26:41,89.0,40.05
83d5a4507ca3b740b2e4642220ebd8d2,1,109fd3a5e5fd6faa5a8cf99470cab84f,cca3071e3e9bb7d12640c9fbe2301306,2017-03-10 03:41:43,29.9,16.05
83f31b617b8a38b6bad530eb8ea3591a,1,5a6e53c3b4e8684b13388d6aa4afdf12,7299e27ed73d2ad986de7f7c77d919fa,2017-03-16 21:17:14,13.99,16.05
83f6cb8aeb5110d722e025c724011f06,1,a14aea6067b93158e956612c50b74cfa,4e8dacf3d38f281ae26c3e0321d92d88,2017-03-14 15:34:05,449.99,11.52
840a77e5812e6cb838f4957339f5aa2c,1,8dc068efed6312b226cb8f74127314c9,6edacfd9f9074789dad6d62ba7950b9c,2017-03-10 13:25:12,60.9,20.88
84115cf79df5dc6736a1c4ce08daf081,1,a3e18f7e8c86e3971fad2ff11d38d2a9,2138ccb85b11a4ec1e37afbd1c8eda1f,2017-03-16 15:57:43,23.9,14.52
8429c84330a72186ef73cee90cd9a9c1,1,b04c2b78a0d75eebc2fdcdf4cda4acdb,725c32fa80c2faacc4fc88450d27314e,2017-03-07 11:25:10,109.9,12.16
843a1e7a744e7d107ee80b65be5394d2,1,e67307ff0f15ade43fcb6e670be7a74c,f4aba7c0bca51484c30ab7bdc34bcdd1,2017-03-24 19:57:40,18.99,20.4
845f4b93a5d0c16feb325ed52d31799b,1,8470bac0f1a7439fe183013eab283534,4a3ca9315b744ce9f8e9374361493884,2017-04-05 03:02:36,239.9,22.13
84a2460003ca41e7f2aff73677cef2b9,1,ceb9134650bd7cae74affc51800f309a,48985c61529077fa4f1e38bcff0f2ed3,2017-03-24 09:38:06,129.9,17.75
84bcfcb83c1d9ce6012fd51befddab4a,1,2b4609f8948be18874494203496bc318,cc419e0650a3c5ba77189a1882b7556a,2017-03-22 08:21:33,89.99,11.24
84cee5c1b66cfc2dcb7c7834e7169246,1,e9a69340883a438c3f91739d14d3a56d,1b4c3a6f53068f0b6944d2d005c9fc89,2017-03-14 17:42:59,169.9,32.22
84efa035e6e5705e9a028f381e668b62,1,cb03e4f0503f45854e87afe535e0681d,73a63f72308aa20a46f4b1632018f196,2017-03-28 21:02:08,329.0,17.6
84f72613dabd8b11141ae6e2710c413c,1,d87a746a8c32da19aabdddac8b632877,2138ccb85b11a4ec1e37afbd1c8eda1f,2017-03-10 07:50:10,32.99,8.72
84fb4cece2ca6c0f9d40c92a25e95a8a,1,6a5e355f2f60aef81d6d2339bb53a47d,e9d99831abad74458942f21e16f33f92,2017-04-06 19:25:06,29.99,10.96
85031edc7b58dbec75ff2e24d7365e13,1,c2e3277619aa6604c0d6e288ef059ede,3985a3c45be355a4c57fde108bfabd1c,2017-03-15 23:56:22,19.9,10.96
85314e23a8d6ca48d54dd3a235b2a25d,1,e0d64dcfaa3b6db5c54ca298ae101d05,7e93a43ef30c4f03f38b393420bc753a,2017-03-16 10:29:46,255.61,17.0
854d9f86041d38857c38795f8c133494,1,fb01a5fc09b9b9563c2ee41a22f07d54,522620dcb18a6b31cd7bdf73665113a9,2017-03-14 21:57:09,689.89,31.09
85543b91926dbde9debccfbeb3136483,1,f9a508234fed38c95437c5a16b847774,522620dcb18a6b31cd7bdf73665113a9,2017-03-08 23:15:08,59.0,24.9
85aa425106ebd563ef29f08d6cb0f4d0,1,37e4c14527273be66b84b8836bba463b,a154d7316f158bb42e6fa18bbe3afd3a,2017-03-15 16:55:13,69.9,32.09
85f56614259f06af1f2d8233109511b4,1,954ed36fcf28237749ef5616ab0eff87,6560211a19b47992c3666cc44a7e94c0,2017-03-22 17:15:12,79.0,14.31
85f8ffb0071e850ecba540ba938f32a9,1,a7566c5565bf286a5c8fb48387d97bb8,620c87c171fb2a6dd6e8bb4dec959fc6,2017-03-22 20:04:07,289.9,16.2
860c765342eaa4f946dfc210c1898072,1,62d2cada321a3e5d770d62425a82a6e0,a2fa0bdc798ee84cdb08281337cf4fb6,2017-03-14 10:45:18,21.32,17.78
862d51a2b8b8a73b22b22b1502c6335b,1,21fb5057dd6a737df6851a7ab7a130da,b14db04aa7881970e83ffa9426897925,2017-03-09 20:43:09,69.0,20.56
86730759997ebded9a8c14a211244a4f,1,e9a69340883a438c3f91739d14d3a56d,1b4c3a6f53068f0b6944d2d005c9fc89,2017-03-24 11:44:58,169.9,22.66
86788916a1e9d8582d4ebd46320c7fb5,1,3b123ae5d71b7b0d1b2a3f47c00eec8b,6df688df543f90e9b38f4319e75a9d88,2017-03-13 18:23:29,7.87,10.96
867b142c274783a46707af07874ac568,1,bf128711128b70eaa9e07df69e9a75e2,75d34ebb1bd0bd7dde40dd507b8169c3,2017-04-07 03:43:51,119.99,18.27
867b142c274783a46707af07874ac568,2,bf128711128b70eaa9e07df69e9a75e2,75d34ebb1bd0bd7dde40dd507b8169c3,2017-04-07 03:43:51,119.99,18.27
86c0e519ffee48220503670fac236e1b,1,d189fbf8b5d79a670cebcaaad68d77b2,0d85bbda9889ce1f7e63778d24f346eb,2017-04-06 02:44:09,49.9,24.17
86c4eab1571921a6a6e248ed312f5a5a,1,6902c1962dd19d540807d0ab8fade5c6,fa1c13f2614d7b5c4749cbc52fecda94,2017-03-23 20:08:04,3999.9,17.01
86e2444fc896c9fa2eb5bc9d8a15e111,1,9ae64e1163bf254bad20d5155cffb99d,3d871de0142ce09b7081e2b9d1733cb1,2017-03-26 21:53:24,69.9,13.07
86f17666da93e1222e06113554a58969,1,46292acbc08d49b95138891146f7287b,3361277dc30b7cccdb0c286b24219756,2017-03-28 23:53:49,269.0,16.26
875465832a4acaeac638683b74ba9886,1,2c2b1db11f5ec66bbc6ca9d1ce3f81a4,fa40cc5b934574b62717c68f3d678b6d,2017-03-15 14:21:58,64.9,14.62
8774d6fb5a8c64bbb720a8271eb207c0,1,b17110b2eaee2f703cc79fca95fd624e,ffdd9f82b9a447f6f8d4b91554cc7dd3,2017-03-09 16:30:20,99.9,17.13
8782135cf0f7ffe6fb80bf501a37ecd2,1,30b52585b47939123faddcc27cda1cae,85d9eb9ddc5d00ca9336a2219c97bb13,2017-03-17 19:22:42,19.9,14.52
8785e55bb98c01696f3773d9ed2fb851,1,c6dd917a0be2a704582055949915ab32,7a67c85e85bb2ce8582c35f2203ad736,2017-03-09 02:15:31,99.99,15.91
8791bf41384da9d1984f98c71a007e85,1,44f90f085c7a825863cbf867990e1513,a416b6a846a11724393025641d4edd5e,2017-03-22 11:11:09,26.14,16.08
8791bf41384da9d1984f98c71a007e85,2,f0fe4af158ebc28426b794c0b54d3df1,a416b6a846a11724393025641d4edd5e,2017-03-22 11:11:09,327.0,16.08
87a12102217bbaab0f4184b345e9177a,1,fb909933914c1f945839287e7c253687,7c67e1448b00f6e969d365cea6b010ab,2017-03-29 13:58:03,89.99,19.93
87a12102217bbaab0f4184b345e9177a,2,fb909933914c1f945839287e7c253687,7c67e1448b00f6e969d365cea6b010ab,2017-03-29 13:58:03,89.99,19.93
87a12102217bbaab0f4184b345e9177a,3,fb909933914c1f945839287e7c253687,7c67e1448b00f6e969d365cea6b010ab,2017-03-29 13:58:03,89.99,19.93
87a12102217bbaab0f4184b345e9177a,4,fb909933914c1f945839287e7c253687,7c67e1448b00f6e969d365cea6b010ab,2017-03-29 13:58:03,89.99,19.93
87a12102217bbaab0f4184b345e9177a,5,fb909933914c1f945839287e7c253687,7c67e1448b00f6e969d365cea6b010ab,2017-03-29 13:58:03,89.99,19.93
87a12102217bbaab0f4184b345e9177a,6,fb909933914c1f945839287e7c253687,7c67e1448b00f6e969d365cea6b010ab,2017-03-29 13:58:03,89.99,19.93
87a424bbf023a4cde87182d182480280,1,4e0d01d5e5e4bd454e71e7cd1491c052,a416b6a846a11724393025641d4edd5e,2017-03-29 23:35:14,76.49,11.93
87a838f48767365e2b786c485ef2e8b0,1,cd82271424be9568801391194697361c,062ce95fa2ad4dfaedfc79260130565f,2017-03-22 16:16:02,41.9,14.52
87a99c9be1a72ccd14a90ce72e2544c3,1,1c57458e824ca3d974ec1831a1a55e72,2e90cb1677d35cfe24eef47d441b7c87,2017-03-28 16:32:14,99.9,16.85
87e1feb622e373e4f0d2cceb1f610886,1,a695ab8413ea83619cde9b18292d6aa1,1da366cade6d8276e7d8beea7af5d4bf,2017-03-22 15:07:42,50.0,10.96
880835c91a5227560bdb8d0f45c60579,1,96aca2f53bcaed6f466449f7fb18ae75,ffff564a4f9085cd26170f4732393726,2017-03-15 03:33:21,79.0,17.98
8810a5e7c83bd0f3fd59dec5491fbb2f,1,e41a6ac2f57a273eb0d214c7cbab5db9,a7f13822ceb966b076af67121f87b063,2017-03-24 14:42:18,139.97,29.17
88138c1ad58f2e3eb654cfc1ba222742,1,8318a2808212aaad26bcb506a505d45d,44073f8b7e41514de3b7815dd0237f4f,2017-03-30 18:35:23,249.6,18.18
8827d3e138a6edf9b81dbde93443d285,1,159ec57903b1ef5807cc73ebf66d12c6,87142160b41353c4e5fca2360caf6f92,2017-04-04 13:50:13,20.0,14.52
8861169e1fdf588ae812507b0cd3e2fb,1,2029248294c186017ecfc48cecd47bbd,d50d79cb34e38265a8649c383dcffd48,2017-03-26 21:02:06,126.99,37.85
8882b69ff0006727224cd56da4932e89,1,d68b7771d853f126569c7e64658e3162,6560211a19b47992c3666cc44a7e94c0,2017-03-23 12:03:27,34.0,14.52
88b3b4d2f2d10a6dafd468832fc6962f,1,ace77a1ab97b16e1947ee74c5f2d8c64,827f8f69dfa529c561901c4f2e0f332f,2017-03-15 11:43:07,32.9,14.52
88b90300d5ba09ea058e45b94c98b808,1,22dfa7d077d1088aba3095c67ee10a9a,2e3be8a987a30d7544dbbda6861cc14e,2017-04-05 14:05:18,479.0,13.96
88ec527e87c2fbf8327c97669112d15f,1,8c70c4455a59267e8e2ddf800792d77b,e9bc59e7b60fc3063eb2290deda4cced,2017-03-23 13:33:35,199.9,16.61
891aa648b48d27ce10d74e86d312d411,1,f320ef0dbc98273d30835e696974e719,4e922959ae960d389249c378d1c939f5,2017-04-10 19:50:18,90.0,11.24
893d40b53f61002a75eff0c92b557219,1,a530b23a71594d0d986a30359e207762,6562efe88ce0826a4ca4f189f03b4b84,2017-03-29 17:48:50,49.9,16.05
893d40b53f61002a75eff0c92b557219,2,a530b23a71594d0d986a30359e207762,6562efe88ce0826a4ca4f189f03b4b84,2017-03-29 17:48:50,49.9,16.05
893d40b53f61002a75eff0c92b557219,3,a530b23a71594d0d986a30359e207762,6562efe88ce0826a4ca4f189f03b4b84,2017-03-29 17:48:50,49.9,16.05
896701a2a04dda03c6d3d7b31f0a827c,1,35557c68a22ecebcf066e25ca2ddc144,f8db351d8c4c4c22c6835c19a46f01b0,2017-03-21 17:10:49,16.9,14.52
896701a2a04dda03c6d3d7b31f0a827c,2,35557c68a22ecebcf066e25ca2ddc144,f8db351d8c4c4c22c6835c19a46f01b0,2017-03-21 17:10:49,16.9,14.52
896ebe72d716ef0ff2bf8f7a74c94870,1,24c855c83d506d85c7386ff94d6c8db1,cb3dd9ce66268c7a3ca7241ac70ab58c,2017-03-24 13:57:41,117.8,17.56
897eeb6af4bb0e9611c898a81a87ed34,1,f9be8e0e5acd947d8f49dbc390b9ab20,4a3ca9315b744ce9f8e9374361493884,2017-03-10 15:42:08,143.0,11.61
898ded7ecb1e4d92997856bd8b7a8aa1,1,b250756c5f34998033b1811801686a0c,2199e7fe213c16213bf5d6a7eadc9a5d,2017-03-27 20:03:16,39.8,14.12
8990fa8dd3adad058811525395f09bc5,1,4e0f5e97804431100c5bded078a48df9,bfd27a966d91cfaafdb25d076585f0da,2017-03-23 19:16:27,139.0,19.56
899dd9d7844ca79134ec8e611f7b4ed1,1,f35927953ed82e19d06ad3aac2f06353,669ae81880e08f269a64487cfb287169,2017-03-19 22:17:31,115.0,16.51
89a9df2136d41c99322bcfe6f0c1c7cd,1,1612209b0b37fbe80e1e8e1b7d19ca1d,87142160b41353c4e5fca2360caf6f92,2017-04-04 21:30:11,99.0,21.32
89ee991b2ae330d7b2d7b4d81006765e,1,7e0dc102074f8285580c9777f79c90cf,e26901d5ab434ce92fd9b5c256820a4e,2017-03-20 19:15:34,34.9,14.52
8a26e866542681e7f7b1aaa7a396e8d0,1,5af8f974918d5e68bc22ea894296adb6,0bb738e4d789e63e2267697c42d35a2d,2017-03-17 10:43:05,14.9,11.74
8a4398f9b38e8023cd570362226cabb9,1,7e0dc102074f8285580c9777f79c90cf,e26901d5ab434ce92fd9b5c256820a4e,2017-03-16 06:02:57,39.9,24.84
8a47ac4a1254acdb71d857d9d71e4086,1,52e316d4cfc422b232b280bed1c53236,b1fecf4da1fa2689bccffa0121953643,2017-03-27 11:51:51,258.99,20.4
8a5a0a35111f447f72a0854ef30c576c,1,00be617b58175bf207fd35910d5097a4,4a3ca9315b744ce9f8e9374361493884,2017-03-15 14:58:08,48.9,17.19
8a6927284335d25c41814675321cf9f4,1,e251ebd2858be1aa7d9b2087a6992580,001cca7ae9ae17fb1caed9dfb1094831,2017-03-10 15:55:11,99.9,14.87
8a6bf1083cc2efc062e037e474622de6,1,cdba44bccdafa757b44f7f41b70f4e23,8e6cc767478edae941d9bd9eb778d77a,2017-03-28 21:54:34,152.72,11.68
8a7679380ddbbbe7495aa2d1cafd515b,1,861857117917aaa99611defcc0d514cd,e9779976487b77c6d4ac45f75ec7afe9,2017-03-23 13:58:43,177.0,11.85
8ab0025e639ebf540367464e1c8c8d9b,1,4ae634441e444ca4bc85903cafe98d73,92eb0f42c21942b6552362b9b114707d,2017-04-03 22:02:56,25.0,20.8
8ab0025e639ebf540367464e1c8c8d9b,2,4ae634441e444ca4bc85903cafe98d73,92eb0f42c21942b6552362b9b114707d,2017-04-03 22:02:56,25.0,20.8
8ac2728285fd4228f35d907768b5288a,1,8b90be4893a4277a9f33c5b2348cf9c6,004c9cd9d87a3c30c522c48c4fc07416,2017-03-15 14:09:17,109.99,8.27
8ac2728285fd4228f35d907768b5288a,2,fa94f25a73969e3a25d52706e246dfcc,004c9cd9d87a3c30c522c48c4fc07416,2017-03-15 14:09:17,109.99,16.55
8ac2728285fd4228f35d907768b5288a,3,b01cedfa96d891427058852f0625e9ee,004c9cd9d87a3c30c522c48c4fc07416,2017-03-15 14:09:17,259.99,21.01
8ac2728285fd4228f35d907768b5288a,4,fa94f25a73969e3a25d52706e246dfcc,004c9cd9d87a3c30c522c48c4fc07416,2017-03-15 14:09:17,109.99,16.55
8ac915a1f508baa87e8fc8d596aa6fc1,1,80df62ce491a20d390c9f69402310f0a,85d9eb9ddc5d00ca9336a2219c97bb13,2017-03-20 16:32:40,26.9,14.11
8aff7f05f86bbd5811e5cbbc9d8002e5,1,bf1ce2996ddec3052749c74b73b02b86,91f848e9f4be368f4318775aac733370,2017-03-23 14:10:47,39.99,10.96
8b0bf3b8f82ddc03f25fced51cf9398f,1,a2fcd6a1cb3f947073525d217a5f82f8,85d9eb9ddc5d00ca9336a2219c97bb13,2017-03-17 07:53:57,23.9,14.11
8b0f121dbcd7a605911362fdc4df8e76,1,cfd414b4463647f58c7775eaae06893d,f8db351d8c4c4c22c6835c19a46f01b0,2017-03-15 14:39:28,98.9,21.14
8b1c9998d2a9e4a2776b425f90619374,1,cfd652b39b87b4e06cf4ea106a32db47,7a67c85e85bb2ce8582c35f2203ad736,2017-04-03 19:35:14,129.99,11.09
8b23e4dbf00e11a4567e547b27a06715,1,45df8892a1d74d2e8f960dc06625fdab,99eaacc9e6046db1c82b163c5f84869f,2017-04-03 03:45:21,299.0,16.26
8b2f6212e3a5681805601bad0a43905c,1,3e442d09f9dfef002aadf31960869f65,85d9eb9ddc5d00ca9336a2219c97bb13,2017-03-15 13:30:09,20.9,14.11
8b2fb881ec8d04ffa5bc7a27833ad984,1,bbc7e843b8e76cabfe107ad624cb2e7a,10089e9f2fd0c668a8fd4e52e1698888,2017-03-20 12:58:42,350.0,19.74
8b50f9105fdc81f8430bdd9da8c3d6e0,1,dcf0f4c00270e4e71c868cbfedff1e9d,54a1852d1b8f10312c55e906355666ee,2017-03-08 14:50:10,109.99,29.7
8b50f9105fdc81f8430bdd9da8c3d6e0,2,dcf0f4c00270e4e71c868cbfedff1e9d,54a1852d1b8f10312c55e906355666ee,2017-03-08 14:50:10,109.99,29.7
8b5a08df8e19cb41fe82bc319d30e0c6,1,354a74f657f4d957f2a0e5b9ee1eeb7f,c3cfdc648177fdbbbb35635a37472c53,2017-03-13 11:55:19,269.9,30.35
8b8c17015e5e5bea026c24e0f03c9dcf,1,9e2d3a8d8ffad53e2e35282a2020221c,1da366cade6d8276e7d8beea7af5d4bf,2017-03-10 02:30:17,29.9,22.28
8b8c17015e5e5bea026c24e0f03c9dcf,2,9e2d3a8d8ffad53e2e35282a2020221c,1da366cade6d8276e7d8beea7af5d4bf,2017-03-10 02:30:17,29.9,22.28
8b9ba2ff8ffd0a83f05139ed2a1a458a,1,1c756cc8c5e3b4a2fcf83d1690f8084d,7e93a43ef30c4f03f38b393420bc753a,2017-04-11 20:05:11,1775.0,18.23
8bbcf79aa902bcc50716a1d94ea9434a,1,99de5bb76bad02d0f39306af0436bcfd,6c177e38df6d3f34182b1f1d427231bf,2017-03-31 10:55:13,409.0,18.16
8bca89b4311c48e6e6a22acd5cebd242,1,055019def765ce08da9fac0585e927c3,013900e863eace745d3ec7614cab5b1a,2017-03-31 18:55:14,77.0,15.84
8be7e186574461ab90c1674973c58b12,1,41f447e263110b954a7e52f6052ab5e1,b76dba6c951ab00dc4edf0a1aa88037e,2017-03-08 17:45:17,11.9,8.72
8c006b6688741e47144a6f79f96e225d,1,027bb42a4ef22da4c7a80ecf9c60ba0c,07017df32dc5f2f1d2801e579548d620,2017-03-24 10:40:52,67.9,14.24
8c10a70852b8d854532e8f283062d56b,1,7926af7d3e25dce27c3eee0279afb530,f45122a9ab94eb4f3f8953578bc0c560,2017-03-21 13:15:43,42.99,10.96
8c142529d4d34ba46cc7fe400ab6b2d1,1,b7f5de8962f94f1504be9f58b40a502a,7008613ea464bad5cb9b83456e1e6a8f,2017-03-23 19:09:39,57.5,17.14
8c22d7e0d7c5b5642258a6da3a5458c5,1,2ac7c9339ff85fff3e1aee3eaf7bb315,ad273c9eb54ecb4532de4bf75bae9e4e,2017-03-07 11:42:26,32.0,14.11
8c4cdabda1d5bb51b03c8f034de4cd32,1,f1cf1f7cd5a15a0805ed75df40b002a0,f8d5c7085db9a4ad2b8c1ffbeb2798c8,2017-04-06 02:10:38,55.0,14.56
8c6dfc3056be4a27212a845d5f2bddc5,1,c2bd03501cf7f4f3a1201e6069155bc0,cca3071e3e9bb7d12640c9fbe2301306,2017-04-13 05:45:22,59.9,11.81
8c88168ecddc30a5a4a4b899720a9d66,1,228f57b1acb5bdce9401c58653c8cc14,7e93a43ef30c4f03f38b393420bc753a,2017-03-31 14:02:39,205.81,18.28
8c9e1d21a726356a014631e7339ac1c8,1,c19d5ba108c34b8255cf9a524da92bc4,4e922959ae960d389249c378d1c939f5,2017-03-28 21:35:11,75.0,14.7
8ca67a00cb1a96ff0c0fee5dae267e99,1,a695ab8413ea83619cde9b18292d6aa1,1da366cade6d8276e7d8beea7af5d4bf,2017-03-13 03:45:25,40.0,14.52
8cca0783e72515e0e98435af620e38cb,1,98d61056e0568ba048e5d78038790e77,8581055ce74af1daba164fdbd55a40de,2017-03-07 10:15:21,169.0,18.47
8cca30720d5165714d3c1d64cf85e34b,1,c8f7df520102efbaf9927f5acf21b928,a3a38f4affed601eb87a97788c949667,2017-03-15 02:51:05,84.99,14.76
8ccca2b704c41f41ce4d2f2602031691,1,0152f69b6cf919bcdaf117aa8c43e5a2,d2374cbcbb3ca4ab1086534108cc3ab7,2017-04-05 11:53:10,13.9,10.96
8cd6746056efc30726855e09ce26a776,1,338925450cde31710e3fd65b8bac0b1f,17f51e7198701186712e53a39c564617,2017-03-26 23:40:38,730.0,193.63
8cee8f805208584195daeb66539c0cb8,1,880be32f4db1d9f6e2bec38fb6ac23ab,fa40cc5b934574b62717c68f3d678b6d,2017-03-12 23:50:19,42.99,10.96
8d6793a90c7ed801dbea86d6271e3bfe,1,deb523ac578bc09b1b3ef13e66dc295f,a888faf2d1baececa6baf9c3d603ee1f,2017-03-21 14:41:27,195.9,17.07
8d785027a8353d2f17d76f05b73f86ef,1,1ea8d02d9ad9f5e5987010de353fa800,6624bc09786f0e41ae48dfc5eeb1a9e2,2017-04-02 22:50:17,89.54,17.47
8d91588bf6ce83db4198f80c56776af6,1,32f48d8080ba3d1d0cf00475f68cdb07,cb5df0dcb9e280b1780e9d589889f2c7,2017-03-09 11:15:18,209.99,65.14
8d91588bf6ce83db4198f80c56776af6,2,32f48d8080ba3d1d0cf00475f68cdb07,cb5df0dcb9e280b1780e9d589889f2c7,2017-03-09 11:15:18,209.99,65.14
8d994041d6127d2acc8d13aad557e75f,1,d3d10495159bcc41173e3d26a273529a,0bae85eb84b9fb3bd773911e89288d54,2017-03-29 22:02:26,48.65,17.19
8dac680ab124621709e55d51a9a59cd2,1,805fb04b1eee16776d3ff45a40a30044,7c67e1448b00f6e969d365cea6b010ab,2017-04-02 22:34:44,126.99,15.06
8dc1f8d01bc05e44097bac9d9b2f0361,1,2fb02cd08d14624e7ed0d6c6e3c093c8,fa1a9dec3a9940c072684a46728bf1fc,2017-04-04 13:06:21,129.9,12.3
8dcdc3f032fcbc54ae56d5a0f0c2f18c,1,e0eb83f5cf9560ca3b976eea5dcfdfde,903037660cf848a717166eb7a06d616e,2017-03-30 15:55:29,31.9,15.36
8dcdc3f032fcbc54ae56d5a0f0c2f18c,2,628d0ba951ebb8fd1edc5ab3934468e0,903037660cf848a717166eb7a06d616e,2017-03-30 15:55:29,79.9,17.71
8dcdc3f032fcbc54ae56d5a0f0c2f18c,3,e0eb83f5cf9560ca3b976eea5dcfdfde,903037660cf848a717166eb7a06d616e,2017-03-30 15:55:29,31.9,15.36
8e1424bf1830e231bfb035b447af7a93,1,c7084bc72369a57c93c6edaf0b60b235,59fb871bf6f4522a87ba567b42dafecf,2017-03-24 10:10:12,189.99,10.32
8e1bed14a7b4e9df47fe79f4abac1bc0,1,6fa96cbd1d917acb1ef4bc8040116105,048c2757535328e0d7dac690ad3c0aae,2017-04-03 12:32:08,199.7,27.87
8e36e939fc7a7d7c54d2dfec4e37190c,1,8aa6223e400af9c97b07c75993142721,1f9ab4708f3056ede07124aad39a2554,2017-03-08 03:55:23,219.99,27.03
8e481ac12e05d41b6bcda081f132789c,1,04c48a5fe31aedc4ef3896c005fd483c,620c87c171fb2a6dd6e8bb4dec959fc6,2017-03-24 17:54:15,319.9,16.41
8e6489f6465abb18e5b17cedfcdb66f4,1,587a77412dc2fc06488034be2a56f10c,2e90cb1677d35cfe24eef47d441b7c87,2017-03-22 12:22:33,21.5,11.74
8e6489f6465abb18e5b17cedfcdb66f4,2,587a77412dc2fc06488034be2a56f10c,2e90cb1677d35cfe24eef47d441b7c87,2017-03-22 12:22:33,21.5,11.74
8ed355f30b1d3d5b82be51adbccdf067,1,19de58ea609a59ce31f93672af50c09a,3b15288545f8928d3e65a8f949a28291,2017-04-10 02:10:35,219.99,17.69
8ed4296590754b5d2eea172a5fdb7046,1,22594ba8fd9a72ad95d352929c821560,7c67e1448b00f6e969d365cea6b010ab,2017-03-24 17:37:05,99.99,28.89
8ed4ed298924cd3a04016d50a5751e88,1,0b898ec6fedc70029a044c72475aeed4,75fbb52eda0cbc24f479d3b2fbfa8d3e,2017-03-30 11:05:11,14.9,17.78
8ef664ca9ba580dbcca88364ae0f2dca,1,2de20a6b025cc5339c07c88aacbbfffa,7c67e1448b00f6e969d365cea6b010ab,2017-03-30 17:45:15,43.99,10.96
8f001d0a1562d2929ed759bc04b58fd4,1,02ce467092b184e71d3967d29110adc1,a7f13822ceb966b076af67121f87b063,2017-04-11 20:15:13,179.96,22.17
8f1891d25496da49ea3156de28e8b417,1,a0cf997ca06fc964e6c1f03d9a5e7752,f7496d659ca9fdaf323c0aae84176632,2017-03-31 09:59:59,89.9,16.88
8f1a41d5bbeb94665f4ada45facb4cf5,1,e67307ff0f15ade43fcb6e670be7a74c,f4aba7c0bca51484c30ab7bdc34bcdd1,2017-03-28 15:30:29,18.99,24.84
8f3530f8fd2a677f9f081442a10d1ca9,1,893a6dd696a6d0d57792987e0df04371,aafe36600ce604f205b86b5084d3d767,2017-03-14 23:35:17,269.9,20.17
8f3c9dee0b510175b90cce425174b78e,1,6baa004ae73ded1fcdf0e1f153bddf20,6560211a19b47992c3666cc44a7e94c0,2017-04-05 23:15:08,48.0,20.8
8f4d9ae2f2a9008353f4295f2985ad76,1,47d85e3e35a3e29f93fdc12b295d520c,adcf50477d6a1f5d91bb9d54c4903cb5,2017-03-30 09:05:18,42.0,59.93
8f677798a3e80c02adf52911bf8d145d,1,d017a2151d543a9885604dc62a3d9dcc,6560211a19b47992c3666cc44a7e94c0,2017-03-27 17:01:26,49.0,14.52
8f815207602f16cdf25a3fb1858ca6be,1,c19d5ba108c34b8255cf9a524da92bc4,4e922959ae960d389249c378d1c939f5,2017-04-11 05:55:28,75.0,11.14
8f909d2a25c1618219801a24a48871de,1,6e6752783a53e4832b969f1417ca34cf,4b1eaadf791bdbbad8c4a35b65236d52,2017-04-05 15:12:12,349.9,13.06
8fa32d2fb129f27c9ba8eb9d8340d5a7,1,4074fd19b30333e6cef7f658d672beef,ebd2d60905fb58271facef5596b620d3,2017-03-28 14:44:14,49.99,15.56
8fccc7922426ac1c14efd13857e57bff,1,e6b6e72a0e6be244a69261788f086429,a673821011d0cec28146ea42f5ab767f,2017-03-23 17:02:45,119.9,16.05
8fccc7922426ac1c14efd13857e57bff,2,e6b6e72a0e6be244a69261788f086429,a673821011d0cec28146ea42f5ab767f,2017-03-23 17:02:45,119.9,16.05
900275f91d7995048467ce817caf670e,1,b150110bc5afad8ff2cce5cd50c8e2a2,e5a38146df062edaf55c38afa99e42dc,2017-03-14 03:10:10,99.0,17.12
9010d348aa74847c4c49baf5e87c15ce,1,cc30e5a54e83c955899121be1223104e,7299e27ed73d2ad986de7f7c77d919fa,2017-03-30 18:23:09,59.99,16.12
904da7bf9d2b7b563a9aa28683a19455,1,a298a105818dce6878b787e4af6cff7d,e26901d5ab434ce92fd9b5c256820a4e,2017-04-03 17:35:18,79.9,14.73
9062b998bfc2521b3978b34034ba6e1e,1,e0d89abf7cf8de31e5e7fa03ddba5e2d,99eaacc9e6046db1c82b163c5f84869f,2017-03-16 13:46:22,114.0,11.41
9074c0d9543d2c8d13c3c99b15ddfd55,1,dca7c7ab531682b89beb8ea79571cf0d,fa1c13f2614d7b5c4749cbc52fecda94,2017-03-14 19:13:39,129.0,11.51
908e9be16fe93027637f6ffadae3bd15,1,b931645cdc2d9868f01544e8db63f5ab,b14db04aa7881970e83ffa9426897925,2017-03-17 13:33:07,69.0,14.25
908e9be16fe93027637f6ffadae3bd15,2,b931645cdc2d9868f01544e8db63f5ab,b14db04aa7881970e83ffa9426897925,2017-03-17 13:33:07,69.0,14.25
90a98aa71f20333f9e9f1f20474fdb5c,1,ce206508ba2f59e6c84d2c85ea6c8af6,cca3071e3e9bb7d12640c9fbe2301306,2017-03-23 15:05:09,29.9,10.96
90b00232483dfa5795a3275e522555b7,1,f39a8b27ce90ac582103bf36f09690dd,16090f2ca825584b5a147ab24aa30c86,2017-03-29 08:05:35,399.0,13.4
90c086a01b85684eb03d4f7b99d95501,1,869a3f72ac569dae87e9ea2755d561ef,a3a38f4affed601eb87a97788c949667,2017-03-31 01:22:04,44.9,16.05
910801da909d448f4d5751766b14ceda,1,4a0c2a56e65c941a0bb9874c47dd66d8,a673821011d0cec28146ea42f5ab767f,2017-03-21 10:52:36,59.99,15.63
91199340efe15554e4533e5ffe47a31b,1,2b6c38dc34f7d28ba93d469431bb6c88,87142160b41353c4e5fca2360caf6f92,2017-04-06 08:05:14,19.9,10.96
911cd0cf037580ad6a00dfd5690bda12,1,4fcb3d9a5f4871e8362dfedbdb02b064,8581055ce74af1daba164fdbd55a40de,2017-04-06 14:15:22,143.8,16.42
911cd0cf037580ad6a00dfd5690bda12,2,f4f67ccaece962d013a4e1d7dc3a61f7,8581055ce74af1daba164fdbd55a40de,2017-04-06 14:15:22,241.1,23.88
912fac153319e5a8524a1a9646dcc707,1,e0d64dcfaa3b6db5c54ca298ae101d05,7e93a43ef30c4f03f38b393420bc753a,2017-03-15 02:55:13,231.27,16.83
91415c7eb3a9313812484623efc7ee27,1,eb551aa4ed7eb5e2839d5b7d2896bece,2138ccb85b11a4ec1e37afbd1c8eda1f,2017-03-09 15:35:18,19.99,14.11
9177059e7749a43b26a44a14a313811b,1,bf84efc59aa20236fc3cb0d7a9e7ca44,9646c3513289980f17226a2fc4720dbd,2017-03-23 11:12:46,38.0,14.52
91866c79939321e63218d7b71b2b26f8,1,cf321a247972430ae872ea605fb4628a,bb135baca94c82fcb731335ad5b04a03,2017-03-10 15:02:57,22.9,14.11
91866c79939321e63218d7b71b2b26f8,2,cf321a247972430ae872ea605fb4628a,bb135baca94c82fcb731335ad5b04a03,2017-03-10 15:02:57,22.9,14.11
91866c79939321e63218d7b71b2b26f8,3,cf321a247972430ae872ea605fb4628a,bb135baca94c82fcb731335ad5b04a03,2017-03-10 15:02:57,22.9,14.11
91866c79939321e63218d7b71b2b26f8,4,cf321a247972430ae872ea605fb4628a,bb135baca94c82fcb731335ad5b04a03,2017-03-10 15:02:57,22.9,14.11
91866c79939321e63218d7b71b2b26f8,5,cf321a247972430ae872ea605fb4628a,bb135baca94c82fcb731335ad5b04a03,2017-03-10 15:02:57,22.9,14.11
91bcd07862432971bbbe7b27698fe59d,1,81288df52439985f610be64465e53f57,54a1852d1b8f10312c55e906355666ee,2017-03-16 09:06:09,109.99,29.7
920681fdec081e8ec3281225dd17487c,1,a50acd33ba7a8da8e9db65094fa990a4,8581055ce74af1daba164fdbd55a40de,2017-03-15 22:54:26,117.3,16.97
923452229b8bb09c9011ced5f73a0893,1,5a6e53c3b4e8684b13388d6aa4afdf12,7299e27ed73d2ad986de7f7c77d919fa,2017-03-31 13:25:06,15.99,14.52
925e0efae10a47529fb9c78338b66d8c,1,d4a3a15f99c94c6741d16d3375b928e6,6560211a19b47992c3666cc44a7e94c0,2017-03-23 14:59:36,49.0,14.11
925f43c2d4991e4360c5a7435c5431a3,1,ab616e3e77440ec426347964a3489108,9add47bf45ce8e8c7db6b9cf670b1e09,2017-04-05 22:50:19,65.9,21.93
928c14eb3a12d1f6f3bcf8e92c5da97d,1,d9829478d893607ea2b8d26c7f546a3f,0747d5bb69f0586cc869d8af4c50f93e,2017-03-30 01:05:34,8.9,10.96
92a0ba3943ad83671830b1091c606671,1,c5897f6f2d995196dbb40542439da9b9,ffff564a4f9085cd26170f4732393726,2017-04-07 01:23:01,34.65,15.56
92caa5283abcb12faf71683ba259debd,1,5e5b473b781f720cd8c1bcecbdc881ce,6c12e40690c335dbc2f68a4134d30dc1,2017-03-22 10:43:37,59.9,14.59
92cac3c69ca34e5fa1b54e0fd64de09e,1,4f9d35e798dff81bc71b11b28d9adf7a,5b179e9e8cc7ab6fd113a46ca584da81,2017-03-08 09:25:16,179.9,18.1
9316147043211eeedaabc94074a8d9ca,1,9f98cbe573253ebd8cc1c0f5f061451d,004c9cd9d87a3c30c522c48c4fc07416,2017-03-17 17:52:04,79.99,13.14
933a4d6f0739efd8aa68decea5b411c6,1,d86963242e7dda7eed04f57e492ed655,a3a38f4affed601eb87a97788c949667,2017-03-09 02:22:34,64.9,19.15
933a4d6f0739efd8aa68decea5b411c6,2,d86963242e7dda7eed04f57e492ed655,a3a38f4affed601eb87a97788c949667,2017-03-09 02:22:34,64.9,19.15
9372445ddc10678e804717702a911665,1,63de2743d05ab59d85caa49e49459ac1,cbd996ad3c1b7dc71fd0e5f5df9087e2,2017-03-20 15:49:14,15.75,10.96
9372445ddc10678e804717702a911665,2,63de2743d05ab59d85caa49e49459ac1,cbd996ad3c1b7dc71fd0e5f5df9087e2,2017-03-20 15:49:14,15.75,10.96
93801c56104b64db4270541adeb26697,1,063d853b6d570a9a5d06e8e044658c21,0cbcee27c791afa0cdcb08587a2013a8,2017-03-30 11:42:17,145.0,15.18
93abdbce647cddc77973a6d8c25643b8,1,e5063ce7fff1cf7cd528dc4c1e7dcba8,78c99c6dff4eeae5be99bf635ed21e3f,2017-03-09 19:45:19,35.9,15.56
93abdbce647cddc77973a6d8c25643b8,2,e5063ce7fff1cf7cd528dc4c1e7dcba8,78c99c6dff4eeae5be99bf635ed21e3f,2017-03-09 19:45:19,35.9,15.56
93bb367e257c000bd449a46fd0e75e56,1,d088332df74647f2fa0a24d226b5d784,cd06602b43d8800bd0afad514919d35c,2017-03-24 17:56:16,24.3,10.96
93c4655e5be1df1a5fad75de93847cd4,1,e558ed9db130cd52586bb4fcb1090132,6cd68b3ed6d59aaa9fece558ad360c0a,2017-03-15 20:19:12,129.5,16.21
93d46ea758b312e44cd1611c3ac69f72,1,3c5ba90e09547db90868e803d139de30,ec4608a1f76453166bb312b2968aeaf4,2017-03-28 13:14:24,34.99,36.75
93dbcae5a986d0f7103a0bc2929e7f18,1,861857117917aaa99611defcc0d514cd,e9779976487b77c6d4ac45f75ec7afe9,2017-03-23 18:44:50,177.0,11.85
940c5c8cc3ea86ca75804a5c8c350533,1,e0f33a3329af6716a0bb47fd7a664439,7e26c750b4cb9f6766f58265ff9ebe95,2017-03-26 21:21:37,49.8,14.52
941019ce2dd2c6e0283d3dd469b1c5a0,1,516ccdc0667fe7e260156d1998ef9546,a7f13822ceb966b076af67121f87b063,2017-04-07 14:30:15,139.97,92.35
944b3e66113a84e8e19010f5bf2701c4,1,afcb7e4c28a7bd94e28dc126c3968c6f,0c8380b62e38e8a1e6adbeba7eb9688c,2017-04-04 11:25:14,89.9,18.91
9461cf76c19c4a544a3e384ba1e4fef4,1,22776ebd2bfdf5f55499fd324862a673,a45765f8afb1e594b22bf9e974b46765,2017-03-15 14:27:38,79.99,8.93
9475f5241a5ee6260ce4aee70f4e7ca5,1,bbaef2eadf31fe3ea6702077398be06c,cc419e0650a3c5ba77189a1882b7556a,2017-03-23 21:08:13,56.99,11.01
94824ef603c1020f90aeabafd81bd704,1,404a57563d487aecbc2b1a01d9b89aab,4a3ca9315b744ce9f8e9374361493884,2017-03-14 17:23:09,220.0,12.15
949042a6b24b4ba4b1376ee35f46e56c,1,777d2e438a1b645f3aec9bd57e92672c,4a3ca9315b744ce9f8e9374361493884,2017-03-22 12:39:35,69.9,15.7
949280c70c6d62ec9c06fffc5ecf1fe4,1,7e0dc102074f8285580c9777f79c90cf,e26901d5ab434ce92fd9b5c256820a4e,2017-03-24 09:41:22,34.9,14.52
949c2f6937345ac501a7eab23b97bf06,1,193d170dd2f6849cf0cb92791a6a623b,b4a476fbd28de64b1e347abf9089366a,2017-04-04 19:22:34,39.99,16.05
94bc8ddcff97b273c27ce96992e0425d,1,11bbef4e2a44601d9dd471aa1fb433e6,5c243662ce92d84573bfaff24c3e3700,2017-03-20 09:50:27,339.99,12.99
94e459b09b747f2d80ddefe0e438d4cd,1,08574b074924071f4e201e151b152b4e,001cca7ae9ae17fb1caed9dfb1094831,2017-03-31 20:25:17,69.9,31.23
950743f43fe08f99ad01903a8cf538fa,1,98e91d0f32954dcd8505875bb2b42cdb,01cf7e3d21494c41fb86034f2e714fa1,2017-03-30 01:42:42,59.9,15.63
95149635630909a5bd996fb8c424f8b0,1,07c055536ebf10dfbb6c6db6dbfc36e5,cca3071e3e9bb7d12640c9fbe2301306,2017-04-06 23:55:09,45.9,14.52
953a453190f96f0f32ea10b03af65a08,1,34239894e175b17d8c84edc6c73b4dad,827f8f69dfa529c561901c4f2e0f332f,2017-04-06 02:15:28,32.9,16.05
953a453190f96f0f32ea10b03af65a08,2,cfe99a31516679fb9515881d25891570,827f8f69dfa529c561901c4f2e0f332f,2017-04-06 02:15:28,32.9,16.05
953e5c1feb295e2fc31bcc8ee7a9f58e,1,e17f694e7de7c845aebedc0de790ac6c,066a6914e1ebf3ea95a216c73a986b91,2017-03-10 20:25:20,49.99,17.09
9557c06b25706a833b8edf4783ea5661,1,2708ea4fc1340081efeffbf11f14d765,f8db351d8c4c4c22c6835c19a46f01b0,2017-03-22 16:20:49,129.9,14.68
9580960c270d4525b7224af7ef41235a,1,be837f2e0152a208d4386f4126d5bd7c,f8db351d8c4c4c22c6835c19a46f01b0,2017-03-20 22:04:24,32.9,14.52
95866ba7444df70e11f040995d30f40d,1,af51d485dc5255ba2e18b21b550156e6,5dceca129747e92ff8ef7a997dc4f8ca,2017-04-04 02:15:57,259.9,68.52
959815491185d6d44b4adfb9caaf3b9f,1,8ce0b48cdcc4b753ae4de64497998338,75d34ebb1bd0bd7dde40dd507b8169c3,2017-03-22 11:12:01,149.99,21.5
95a08547138ca5fa14fae54639939af6,1,3d97f0e9cc1e412e5d125b3d24af8707,d379f449f2a3b271bc01c0782020f705,2017-03-27 13:41:44,119.9,22.31
95d7f1d6526fe255c28b15b749634392,1,8d8109048bbf6f0369b1522029f92a19,85d9eb9ddc5d00ca9336a2219c97bb13,2017-03-27 20:34:03,48.9,10.96
95d825d3c9ac0db6ca8f1e567cec7586,1,3ec2984cb2de1675a0306bfc60dbe5a5,0c8380b62e38e8a1e6adbeba7eb9688c,2017-03-20 16:47:29,119.9,19.12
95e7bfc2e335e44766ce4eb5f5771e30,1,83a1778b0d5b20c0724c97e35f083082,a3a38f4affed601eb87a97788c949667,2017-03-28 15:36:16,59.9,19.12
95fc4c1eda4eb09aff114067af28e084,1,34d94359772f0bc123b585b23014e311,bee36b4f9a2b9fdcaff6ec05df202ed0,2017-03-09 21:10:20,16.9,8.72
9611397da79fc7abde6547d329ba3f33,1,186fe07c8b8005ec6a498587ffbc1352,6560211a19b47992c3666cc44a7e94c0,2017-03-21 16:21:55,29.0,24.84
961e74f5989501c3f4e58b175753ff4b,1,04af9f3af5c6afc4eece909c25330934,6560211a19b47992c3666cc44a7e94c0,2017-03-22 16:25:29,129.0,11.51
962acb5668d26068e35cc8c6f7f65e73,1,00ab8a8b9fe219511dc3f178c6d79698,1b8356dabde1d35e17cef975c3f82730,2017-03-31 02:16:12,99.99,14.48
9630f4af52c269bea30409c275052f6e,1,ffbe3df3856b1fef3fee8f1264105a89,cbd996ad3c1b7dc71fd0e5f5df9087e2,2017-03-15 16:13:41,47.99,14.52
964937fd838e5fb7488cf417d7b60747,1,7868a64aa111bbb4f41f8e1146c0becb,cca3071e3e9bb7d12640c9fbe2301306,2017-03-24 17:55:34,59.9,13.0
966dc9fffe616512b8c5ec00294c21a7,1,3ba2b0de14984ce8f072c58be8d701dd,a3a38f4affed601eb87a97788c949667,2017-03-17 13:15:10,104.99,20.81
967ed7a1aa1d6b190c903a3daa815f02,1,99a4788cb24856965c36a24e339b6058,4a3ca9315b744ce9f8e9374361493884,2017-03-10 16:05:12,89.9,16.33
967ed7a1aa1d6b190c903a3daa815f02,2,99a4788cb24856965c36a24e339b6058,4a3ca9315b744ce9f8e9374361493884,2017-03-10 16:05:12,89.9,16.33
96a3e667da37fbf1a734e7ac4cfb566b,1,e19ddcc85537b41f22116c8d5425ef46,8a32e327fe2c1b3511609d81aaf9f042,2017-03-14 15:05:18,29.99,15.65
96e46ea85cec2195f5ba671b9b319c81,1,dc6f5d71f6ed6ad53834d131b19e0693,7a2d2949aea47fab95fd98d6c9f618b1,2017-03-07 10:15:23,110.0,14.53
96f182413ae321e91ee91f3e422c6416,1,4e0d01d5e5e4bd454e71e7cd1491c052,a416b6a846a11724393025641d4edd5e,2017-03-21 15:54:53,76.49,15.3
9740d42a9b2382330f2b00d90f34def0,1,dd3575a8c5e2139f680a9816a15c8f2a,4869f7a5dfa277a7dca6462dcf3b52b2,2017-03-22 10:20:54,235.0,12.26
9762ce369c139815a59772bd1efe4496,1,0d04a8284bd80aba2723d62bdb330b4d,e5e33c0d8e7e002f398f5dc4cbbb338f,2017-03-14 04:23:22,39.9,10.96
976967517bb3199cd529dd524e39e82a,1,d0fac709247e97e9b44a5351891ef9f3,7178f9f4dd81dcef02f62acdf8151e01,2017-04-03 22:01:26,49.9,14.52
9771eaad8e60f7b28d57d554cc2bc62c,1,d249f9dc99c68bbd2e4301672e0f97c5,cca3071e3e9bb7d12640c9fbe2301306,2017-03-21 16:55:24,24.9,10.96
9774344f0f459e094eca1d2cec55d41c,1,508d5e8ce8e79bb506f9f0c096b295c4,a7f13822ceb966b076af67121f87b063,2017-04-06 03:51:12,89.96,26.13
9774344f0f459e094eca1d2cec55d41c,2,508d5e8ce8e79bb506f9f0c096b295c4,a7f13822ceb966b076af67121f87b063,2017-04-06 03:51:12,89.96,26.13
979440acde78c7c04e8c8a92f2bc8ada,1,da1cfaaffa7720fe28f26f18d52f5ad9,0ea22c1cfbdc755f86b9b54b39c16043,2017-03-29 23:10:11,39.9,14.52
9797a3f116ca3ac106a9ecbc8807d2fa,1,3d39adab5a0c6d3a6124f1a556589aff,4a3ca9315b744ce9f8e9374361493884,2017-03-08 05:21:35,155.0,12.48
97a046d5a9aba90849e4279fdd014fb9,1,39aa98469aa7460a9764311b3f8efb12,391fc6631aebcf3004804e51b40bcf1e,2017-03-21 18:39:33,45.95,10.96
97c9845a8e4bfe01540ef64fe2bd53d5,1,94fb2ab4419d523ecce8e5d56676788d,522620dcb18a6b31cd7bdf73665113a9,2017-03-08 06:50:06,194.5,25.85
97dcaf1261b71f6b774088bdd79c7890,1,cb43c6e1c451902b51f4f4ff512302df,582d4f8675b945722eda7c0cb61ba4c7,2017-03-30 13:05:40,45.49,14.52
97e24377140a4eccdc29f62c6a965df7,1,7480c9c9deb4613f5a7a4efe0aa1d42d,25e6ffe976bd75618accfe16cefcbd0d,2017-03-09 19:10:13,65.97,16.89
982922a8af746de85725f937892b8a89,1,e9eebb8e8ba0fadb9020f8ba1c003b48,620c87c171fb2a6dd6e8bb4dec959fc6,2017-03-10 13:10:38,389.9,16.97
9843b547a4604774985b674a0876c87b,1,50b2ddbf47bd0b8eecabb404613e2a45,259f7b5e6e482c230e5bfaa670b6bb8f,2017-03-29 14:28:37,49.9,22.28
9843b547a4604774985b674a0876c87b,2,ff7c7524d5f9a8386ab27088ec03c1fb,259f7b5e6e482c230e5bfaa670b6bb8f,2017-03-29 14:28:37,49.9,22.28
9874f00b86dad32c32a0017e80cfcdb4,1,33b0f8037510c23d243bb510d7d6e07d,dd2bdf855a9172734fbc3744021ae9b9,2017-03-15 01:36:39,69.9,15.7
987d15d9243956e5c58e1f2bfeeea98c,1,84412fdf17ffe7f7b52913a82e73b5b2,c3cfdc648177fdbbbb35635a37472c53,2017-03-23 13:31:01,169.9,19.78
988a21449c85e5aab93c446596246149,1,c23381297fa734ea441a15d723199fb5,9646c3513289980f17226a2fc4720dbd,2017-03-16 12:52:31,28.0,24.84
988a21449c85e5aab93c446596246149,2,c23381297fa734ea441a15d723199fb5,9646c3513289980f17226a2fc4720dbd,2017-03-16 12:52:31,28.0,24.84
988a21449c85e5aab93c446596246149,3,c23381297fa734ea441a15d723199fb5,9646c3513289980f17226a2fc4720dbd,2017-03-16 12:52:31,28.0,24.84
988a21449c85e5aab93c446596246149,4,c23381297fa734ea441a15d723199fb5,9646c3513289980f17226a2fc4720dbd,2017-03-16 12:52:31,28.0,24.84
988a21449c85e5aab93c446596246149,5,c23381297fa734ea441a15d723199fb5,9646c3513289980f17226a2fc4720dbd,2017-03-16 12:52:31,28.0,24.84
989b7ba45085e6ea528e597dafb40f99,1,966b5d9192f75a085e72b4861e25b5df,c88f62b4c386a59281014d677864d016,2017-03-15 06:42:50,1099.0,251.5
98c012340047030b894d118bb56be94f,1,5a6e53c3b4e8684b13388d6aa4afdf12,7299e27ed73d2ad986de7f7c77d919fa,2017-03-21 17:08:18,14.99,14.52
98d62868252c18a0fde796ab89c6e08d,1,9e2d3a8d8ffad53e2e35282a2020221c,1da366cade6d8276e7d8beea7af5d4bf,2017-03-13 15:55:32,29.9,13.62
98d62868252c18a0fde796ab89c6e08d,2,a695ab8413ea83619cde9b18292d6aa1,1da366cade6d8276e7d8beea7af5d4bf,2017-03-13 15:55:32,40.0,9.08
98e3407bdcc7155e2c7a5bc47d670de7,1,c4c273fc9291c33a56ad3f006fe567e4,620c87c171fb2a6dd6e8bb4dec959fc6,2017-04-07 06:50:08,299.9,16.27
9903b060ffcaca9244088e1f834fde2e,1,f3bc8b0c346a5171a82585b880ba6f29,75fbb52eda0cbc24f479d3b2fbfa8d3e,2017-03-16 13:45:19,14.9,17.78
9903b060ffcaca9244088e1f834fde2e,2,37d6f8bf938208f8a2268dd49c2e7c45,75fbb52eda0cbc24f479d3b2fbfa8d3e,2017-03-16 13:45:19,14.9,17.78
990cdf0bc1fc7417e5b2a77f7ae81d2b,1,afcb7e4c28a7bd94e28dc126c3968c6f,0c8380b62e38e8a1e6adbeba7eb9688c,2017-04-04 20:55:25,89.9,18.91
9934e7ff8eaacba82131dd85b7a0e156,1,fb01a5fc09b9b9563c2ee41a22f07d54,522620dcb18a6b31cd7bdf73665113a9,2017-03-21 10:48:52,689.89,31.09
9941d06b921ac8e77cfbbf8f1f283ae7,1,a8557b8cc2880e245f6e7b7dbb0cfb04,0adac9fbd9a2b63cccaac4f8756c1ca8,2017-04-04 13:15:17,32.9,10.96
994d36ec7dcfa4437a4560fd76447263,1,c4556419c189a626f2b0808c0e6d310c,0c8380b62e38e8a1e6adbeba7eb9688c,2017-03-15 00:40:53,74.9,18.8
996936689b68af80b51ef3c429a4f386,1,a35a9f46dcee0a67c8c7ad8493eb4135,85d9eb9ddc5d00ca9336a2219c97bb13,2017-03-10 02:15:17,20.9,16.05
9984214090d1d769bc272b874c88ce4a,1,d73a7e3009d1b8f498a0ffd3e8ae6565,da8622b14eb17ae2831f4ac5b9dab84a,2017-04-06 09:42:20,34.9,11.74
99b504380657b5d582c36a7748f77842,1,f302b45f5aa089951788558a689713de,d12c926d74ceff0a90a21184466ce161,2017-03-24 13:10:20,45.0,8.72
99beb0ca1e257ea579db2f8e68d0165c,1,574597aaf385996112490308e37399ce,febab0275244b9a49a623f0bd613ca2f,2017-03-20 11:32:40,49.0,20.67
99e34b586d1fa26ea713021ff647d18d,1,e034c021254ff4d8da4e936e047967af,6b15924333bd1a741595fe981ea04822,2017-03-16 08:20:56,24.9,14.52
99e4724c6accb3d63bd87535d713b856,1,e9b9ae098d62d59c20cfbfb265403323,5a8e7d5003a1f221f9e1d6e411de7c23,2017-04-05 21:45:11,59.9,15.63
99e4724c6accb3d63bd87535d713b856,2,e9b9ae098d62d59c20cfbfb265403323,5a8e7d5003a1f221f9e1d6e411de7c23,2017-04-05 21:45:11,59.9,15.63
99ed5bfea4c7e7191a2412698fc7abbb,1,7ca5f56188492e30c50ba64de188aae7,d2374cbcbb3ca4ab1086534108cc3ab7,2017-03-27 04:23:25,13.9,16.05
9a0a3c8bb7bb3ddebdf16f8df87d7e18,1,67ebdecdb06cd28ca8839e419aac1413,d1c281d3ae149232351cd8c8cc885f0d,2017-03-10 14:23:05,65.99,20.62
9a32ca8df0a427cfa29f5d87fb0e95c4,1,6b42b1f7dfb74bb23a01605fbedd5b85,bf100ecb7997df312b285358fb32f92c,2017-03-31 13:55:19,99.9,18.98
9a33a8e80401e0190e9299a6547b5723,1,af51d485dc5255ba2e18b21b550156e6,5dceca129747e92ff8ef7a997dc4f8ca,2017-03-09 16:05:15,249.99,44.55
9a5463c5be32caedf26ee1c5af6b5459,1,0a45c6bb3a03e8c13228d4200cb964c2,575df70bde3f9f2b30bf8d2e9910d725,2017-03-09 23:35:18,149.9,16.16
9a69279cb759e9f04faa0813fdc145ba,1,d9cb2ed0c6d5ccdd1da7ae9e8cad120c,b6d44737c043328708f6749c2dbe50bd,2017-03-21 12:56:04,95.0,22.84
9a69279cb759e9f04faa0813fdc145ba,2,83bfae859f4a37b048a3abcecb17c506,b6d44737c043328708f6749c2dbe50bd,2017-03-21 12:56:04,79.9,18.55
9a769002f689e9dd972f6008d7312ead,1,3c078c878d44c18bb8c02acc54ae25e5,0adac9fbd9a2b63cccaac4f8756c1ca8,2017-03-09 20:23:16,37.9,16.05
9a7a3e7bd7a7715213f58e05dd999824,1,2a71535169f1f7a56b266e6877bb8cf9,2138ccb85b11a4ec1e37afbd1c8eda1f,2017-03-20 13:48:36,26.9,10.96
9a815b63a6443f94d67d6c8bf970aaaf,1,b8762d562d810c2f8d7ad7e9c12957be,dbb9b48c841a0e39e21f98e1a6b2ec3e,2017-03-31 16:02:38,24.9,24.35
9a910d6ba29d7c6a50b791a7819ad3bf,1,eee02ac99af9217137a2ef5eaad20376,36a968b544695394e4e9d7572688598f,2017-04-10 17:45:16,207.9,18.89
9a9f1de01133b96fbf25026c036473ef,1,71a033537c0b1b79fc26e6d0bb3bb1a2,391fc6631aebcf3004804e51b40bcf1e,2017-03-23 15:26:19,73.35,15.72
9abcdeded6b253b59272fb76b83b1f6a,1,e7a1555b071186b8184e2fe0e647181a,cd06602b43d8800bd0afad514919d35c,2017-04-05 22:25:13,19.9,10.96
9ad384830a3bad800634d385f5f4d435,1,4dc3dcf258288cfda345034a4d96fbf9,44073f8b7e41514de3b7815dd0237f4f,2017-03-21 10:30:18,75.0,18.81
9ae2615288bae316687074b5dfadaf46,1,0a72af236c73afbd2e2a52dfdb14c667,41b39e28db005d9731d9d485a83b4c38,2017-05-05 18:05:08,43.9,10.96
9ae55f703836fe363393a3873c1b42b4,1,89feadc2b7a8f393fa1eb9311e88e13a,c458e2045a8aa8964f8879af03fdcce6,2017-03-15 02:15:13,34.99,20.8
9ae55f703836fe363393a3873c1b42b4,2,89feadc2b7a8f393fa1eb9311e88e13a,c458e2045a8aa8964f8879af03fdcce6,2017-03-15 02:15:13,34.99,20.8
9aee4ebad2ec4e0ac243cfd62de682e7,1,dbb4ce89c8ed5fb6fd901e2e51093179,91f848e9f4be368f4318775aac733370,2017-03-23 08:00:10,84.99,18.87
9af8448f626289733ce1337988c420f1,1,8a6187b2665118d5095f99a25fd7ba7a,4a3ca9315b744ce9f8e9374361493884,2017-03-31 13:10:19,87.0,14.78
9b4b9dac4727545d6a2a43633e62faf9,1,027cdd14a677a5834bc67a9789db5021,620c87c171fb2a6dd6e8bb4dec959fc6,2017-03-08 03:41:48,99.9,16.4
9b4ca0b8323b1def628d45867d69ba54,1,9847d08b81ab75c5bdaf6823c7fe00b2,0c8380b62e38e8a1e6adbeba7eb9688c,2017-04-03 22:15:17,39.9,15.56
9ba82750c563828973f933ffcd80febd,1,5432f2acb9813a9ab96418423f923eb9,9646c3513289980f17226a2fc4720dbd,2017-03-31 13:10:35,49.9,11.74
9bad44921c98e1f220a667504bcffb9e,1,3dacb3ae011b40803a508b23392e15a0,41c9d3997dd3c072c31139dc5bb5761f,2017-03-10 14:35:20,399.0,49.3
9bb921bc5d1c9767f034a13f923532c6,1,ab8ba49579d5b0173f85517ce22968c6,620c87c171fb2a6dd6e8bb4dec959fc6,2017-03-24 19:28:04,229.9,12.22
9bc7a53b5ab2e7a8e227e321292e5b61,1,04dc26a02c448f6f2b914f01c2902ebd,522620dcb18a6b31cd7bdf73665113a9,2017-03-09 02:24:10,343.4,16.57
9bed4ab223c0c29b12941aa6a1e524af,1,11dc4053871ff53ff79fb1fc7e6b160f,b1ac6ea7895bc3dd6f0f6f4abbdd2821,2017-03-17 17:05:35,99.0,29.62
9c03283b70dffe64bd49cdb4254e33ca,1,52a6f1209208ec0513d69482286f21db,066a6914e1ebf3ea95a216c73a986b91,2017-03-22 08:36:21,35.9,15.56
9c0bb2c7680b4f084fc874b19722fc88,1,7e0dc102074f8285580c9777f79c90cf,e26901d5ab434ce92fd9b5c256820a4e,2017-03-21 11:27:21,34.9,10.96
9c15c036c4f16b07067be66809ad0a9b,1,d5dceef582538ae853072860d4bff29e,a3a38f4affed601eb87a97788c949667,2017-04-06 02:15:34,56.99,14.57
9c1b3da77c4477dc54252547b9f93312,1,7e0dc102074f8285580c9777f79c90cf,e26901d5ab434ce92fd9b5c256820a4e,2017-03-27 00:01:12,34.9,10.96
9c42ac16775e4ac28e09a13003f10eda,1,6536314c94d43b787fc1c622941da14b,2138ccb85b11a4ec1e37afbd1c8eda1f,2017-03-28 10:40:00,32.99,24.84
9c4dfa7a4f01d5042e9363edd0c7c7b9,1,22594ba8fd9a72ad95d352929c821560,7c67e1448b00f6e969d365cea6b010ab,2017-03-24 14:00:28,99.99,28.89
9c5dedf39a927c1b2549525ed64a053c,1,ac35486adb7b02598c182c2ff2e05254,e24fc9fcd865784fb25705606fe3dfe7,2017-03-15 09:54:05,72.0,13.08
9c94a4ea2f7876660fa6f1b59b69c8e6,1,282b126b2354516c5f400154398f616d,7a241947449cc45dbfda4f9d0798d9d0,2020-02-03 20:23:22,75.99,14.7
9c990d5aff064d220ea8962a5d97f4a9,1,4bc67f0e0c4badffd66ddb6641122a33,6560211a19b47992c3666cc44a7e94c0,2017-03-20 02:22:34,48.0,14.52
9cd76a738c425b55aa860a6c5e469857,1,98e91d0f32954dcd8505875bb2b42cdb,01cf7e3d21494c41fb86034f2e714fa1,2017-03-21 12:02:38,59.9,15.63
9cd76a738c425b55aa860a6c5e469857,2,98e91d0f32954dcd8505875bb2b42cdb,01cf7e3d21494c41fb86034f2e714fa1,2017-03-21 12:02:38,59.9,15.63
9ce0c6d8c2be703af5c2a180b715fc8f,1,73efecdfe04fa13599a99282cebf99ff,391fc6631aebcf3004804e51b40bcf1e,2017-03-30 19:10:18,49.9,11.74
9d116cdcb1a5c14a35e00b7ad54914ee,1,86433c674add159827ed4728e65c9121,20d83f3ef0e6925fd74bfd59170babf7,2017-04-03 22:15:16,59.9,14.59
9d1b185de3dfcc3ef01836acfbd1f7bf,1,62874f62bbdeec35f7cd827b1716c47e,cca3071e3e9bb7d12640c9fbe2301306,2017-03-09 15:02:03,45.9,14.41
9d1b185de3dfcc3ef01836acfbd1f7bf,2,fbf19c12a50f1467bcae50364475ca26,cca3071e3e9bb7d12640c9fbe2301306,2017-03-09 15:02:03,129.9,48.03
9d1b185de3dfcc3ef01836acfbd1f7bf,3,a4e61cf10d2c48246eb1f9cb56af1e79,cca3071e3e9bb7d12640c9fbe2301306,2017-03-09 15:02:03,45.9,14.41
9d1f30c30b178f88dc63a40f36298ee3,1,419538c5c0c21d892928586bee1ea16a,da8622b14eb17ae2831f4ac5b9dab84a,2017-03-27 14:43:22,174.9,16.33
9d4c054c383e63f85862599e8e3216d4,1,98e91d0f32954dcd8505875bb2b42cdb,01cf7e3d21494c41fb86034f2e714fa1,2017-04-05 02:15:49,59.9,15.63
9d5d3058706c16d0557d9b43c95ed70e,1,404a57563d487aecbc2b1a01d9b89aab,4a3ca9315b744ce9f8e9374361493884,2017-03-15 22:03:39,220.0,26.03
9d6119da4c658e82b5320a9b05dc7004,1,d596ce99ed43dd6fd753b1f6c078417f,066a6914e1ebf3ea95a216c73a986b91,2017-03-07 20:25:12,179.99,42.1
9d7a3ee5e3aeb43589c049d8940e9ba9,1,b5b5a82ce5f1987b7e670f37629be51b,8b28d096634035667e8263d57ba3368c,2017-03-31 19:35:09,59.9,14.59
9d8065ae4c6f5725ee052d02ab00f64e,1,a247560ddd8592a3eed82b43f60d9f27,3d871de0142ce09b7081e2b9d1733cb1,2017-04-10 05:50:26,69.0,13.06
9d8f8e29ae80be83c9a161e3d08bb9a4,1,dca8cbb1c9d8a2db0fbc0c36b8d1a7bc,6560211a19b47992c3666cc44a7e94c0,2017-03-17 12:10:44,79.0,16.25
9d9e1b9930eafd4cf6f0cda424888864,1,7e0dc102074f8285580c9777f79c90cf,e26901d5ab434ce92fd9b5c256820a4e,2017-04-10 09:22:27,34.9,10.96
9d9e1b9930eafd4cf6f0cda424888864,2,7e0dc102074f8285580c9777f79c90cf,e26901d5ab434ce92fd9b5c256820a4e,2017-04-10 09:22:27,34.9,10.96
9d9f7fce2886a9587f0a42a1366a1392,1,5a6e53c3b4e8684b13388d6aa4afdf12,7299e27ed73d2ad986de7f7c77d919fa,2017-04-05 20:50:16,15.99,17.78
9da7320835e438e015d139c344164285,1,9aa7ddfe6525f9fa77ace664d52ee791,17e34d8224d27a541263c4c64b11a56b,2017-03-28 20:21:39,320.99,12.86
9db84495f43c7c241929f3c0380dc27b,1,fe31b2791161c24e921f90788d443e1c,8444e55c1f13cd5c179851e5ca5ebd00,2017-04-10 14:05:31,482.9,21.66
9dc7211819545928779f926c67f9031f,1,6ca11e79ed1acb748ccbb8e6b821967d,17e34d8224d27a541263c4c64b11a56b,2017-03-16 12:02:36,199.99,12.01
9de93c000ca70a1ffac63cefe715bdf2,1,001b72dfd63e9833e8c02742adf472e3,8a32e327fe2c1b3511609d81aaf9f042,2017-03-07 17:25:18,34.99,17.78
9df4de8d3f1b15175f64dcfce276ee9b,1,0a10747b677a2f5efd58f827f072f27f,54065e9aef7e9e9c2dc23b7594db021a,2017-03-23 15:16:42,565.0,12.94
9e0129e16582f12822d2b9bd92c8d6d9,1,154e7e31ebfa092203795c972e5804a6,cc419e0650a3c5ba77189a1882b7556a,2017-03-21 14:26:01,19.99,10.96
9e2d5a5568e945a766c01200f5f3cdc8,1,ea20f928ceaa7f146fe62a0cc8413ee5,5a8e7d5003a1f221f9e1d6e411de7c23,2017-03-27 11:03:03,59.9,11.03
9e2d5a5568e945a766c01200f5f3cdc8,2,ea20f928ceaa7f146fe62a0cc8413ee5,5a8e7d5003a1f221f9e1d6e411de7c23,2017-03-27 11:03:03,59.9,11.03
9e4490f14f9c72dc40d107d497fa7573,1,0cf573090c66bb30ac5e53c82bdb0403,99eaacc9e6046db1c82b163c5f84869f,2017-03-30 01:42:51,59.0,11.02
9e5416019158fcec718c7aa6dd877d8b,1,fdd84aefb08c8f8225e0b8c97429d53b,94144541854e298c2d976cb893b81343,2017-03-29 21:05:10,59.9,20.87
9e5e54c4be8f6625005c76b7f8801ee8,1,2ea92fab7565c4fe9f91a5e4e1756258,3d871de0142ce09b7081e2b9d1733cb1,2017-04-06 11:42:29,69.9,17.23
9e988375e80989b9914b695cd57654cb,1,ca80683f1a9622d90278db41328f8d3c,d98eec89afa3380e14463da2aabaea72,2017-03-20 21:38:45,34.99,24.84
9ea0a40497073e1fb4b7e78c1df24073,1,84e3161e8dd15fb8ae229e8d507c9736,94144541854e298c2d976cb893b81343,2017-04-04 07:55:20,109.9,16.47
9ea31bc786d569fb961d6aca5b8ac618,1,bdfe450775bde583b7abb5698f1bd6e2,56642bcb79900e777d68e91915cb4267,2017-03-23 09:32:47,131.0,9.91
9eb146a54fbc603233dfeee6842ebae6,1,235e0d56841710b62daf088840a96ba8,1d8dbc4f32378d715c717c1c1fc57bae,2017-03-28 16:41:25,110.0,19.36
9ecc63b839c404ca47e48f1af1f54702,1,c4baedd846ed09b85f78a781b522f126,a1043bafd471dff536d0c462352beb48,2017-03-13 16:55:13,99.99,28.89
9ee894e843daa29faa726a8b6a85df35,1,9df0e8a7eef2a38b74e6d5c0e224b11f,7c67e1448b00f6e969d365cea6b010ab,2017-03-27 22:44:44,176.99,96.63
9f1d14a57c14b6fff699b45a39d60bc5,1,b57a4072f1286a401272930c85221f91,ef506c96320abeedfb894c34db06f478,2017-03-30 23:32:42,25.99,20.4
9f495a88e6454713d2963970d7a119ed,1,eba9ae37524dc8fdba2161862c6f8aaf,8e6cc767478edae941d9bd9eb778d77a,2017-04-02 22:55:17,53.39,14.14
9f4f60c24b20845efd8d6b863b571d20,1,ba3fea9ec13fb882dda6c9e4295d9130,7e93a43ef30c4f03f38b393420bc753a,2017-03-09 16:35:13,1800.0,18.23
9f6183228aa32e890cd753d3efab7178,1,133eefb3fc03b13ebded258788747304,2138ccb85b11a4ec1e37afbd1c8eda1f,2017-03-22 13:46:58,27.99,10.96
9f6b54f3efb6dae90f5520ba74191a28,1,eba7488e1c67729f045ab43fac426f2e,620c87c171fb2a6dd6e8bb4dec959fc6,2017-03-24 10:48:46,198.9,18.82
9f78c08ae4928d0b51b8ec8da9585714,1,7e0dc102074f8285580c9777f79c90cf,e26901d5ab434ce92fd9b5c256820a4e,2017-04-03 22:22:46,34.9,10.96
9fa20203d1957233d3ed303707a1b597,1,cc02ea01817f1cb21e6708bc19f1ee20,eeb6de78f79159600292e314a77cbd18,2017-03-22 04:03:39,119.0,20.91
9fb5f1c3d876e2a9360c12be18be8f85,1,0519a542f6238651af817ddc6fcbbcf4,db46ca7bce82b11f7e247539271fc390,2017-03-27 10:42:25,90.98,14.81
9fc1a6e2f46820824fa91641b996bba0,1,e94df75b2e9a8b056be0c144a731f55c,5cf13accae3222c70a9cac40818ae839,2017-03-10 15:55:21,74.5,15.73
a0489f813262544cff043d56396759b3,1,d189fbf8b5d79a670cebcaaad68d77b2,0d85bbda9889ce1f7e63778d24f346eb,2017-04-07 19:42:50,49.9,26.78
a07b30a459f83015fb2927d732e20943,1,f2af004352a06a99dca765596240cbc3,f4aba7c0bca51484c30ab7bdc34bcdd1,2017-03-15 15:51:21,44.9,14.11
a07b30a459f83015fb2927d732e20943,2,f2af004352a06a99dca765596240cbc3,f4aba7c0bca51484c30ab7bdc34bcdd1,2017-03-15 15:51:21,44.9,14.11
a082f140d70dd20b4e2d7538557b5946,1,288dbc06591742c5d7fe90fbfb08943e,9add47bf45ce8e8c7db6b9cf670b1e09,2017-04-05 22:35:17,109.7,18.2
a09cf5dc57c606eab71f84bffde01a52,1,87f036fae647b20a56364ad53e66896e,3340ef1913fb70d28420f6ceb685c339,2017-03-22 15:46:58,92.99,14.8
a0b5b18e1a88382e88da5352bb3dcc3d,1,9cb67ae6cec5627ef21cbadcdb357054,542917da124346b47ea1ac79a93ce454,2017-03-09 16:43:13,119.0,17.83
a0b6cb4f5458fd8d26744db7530b6de1,1,5be25cbe1b150d16b7809060ffe1ce0b,ef506c96320abeedfb894c34db06f478,2017-03-15 22:10:14,39.99,14.52
a0b6cb4f5458fd8d26744db7530b6de1,2,5be25cbe1b150d16b7809060ffe1ce0b,ef506c96320abeedfb894c34db06f478,2017-03-15 22:10:14,39.99,14.52
a0c3da7d3585f46a33508178a1c205c8,1,5bd3ba44eb990450377a2cd863821cca,38e679b9e0064cd94c6f035707344dae,2017-03-15 21:05:58,198.95,30.27
a0d990f7f9be3dd72d97e7660edaad52,1,6cdd53843498f92890544667809f1595,ccc4bbb5f32a6ab2b7066a4130f114e3,2017-04-04 02:35:13,349.9,13.84
a0de51cbad4f3e14a380e07a0b88ee7a,1,d5b703c271f43f9c588a6f512a00f77e,fa40cc5b934574b62717c68f3d678b6d,2017-03-13 04:03:13,34.9,24.35
a0e645abd6eb15b02cdf8a5af28ba8f0,1,ca152649b43c4c6081853d9421c59869,85d9eb9ddc5d00ca9336a2219c97bb13,2017-03-20 09:54:44,26.9,14.52
a0f9594b2c2253769e88d55a77a469c6,1,6e513315a63d66f74752d341f410109d,9646c3513289980f17226a2fc4720dbd,2017-03-31 20:22:31,42.9,16.05
a10025dad19bcbddfb29902513f39ca3,1,b796b4b960421bb50cfeb4fef8c793f7,6750d71153f00fc58829af2a8ef1bcf1,2017-04-04 02:10:34,99.0,15.9
a11cd01ac67beef7e8bf09740d8a35c1,1,ee92961b88199a0d4329a6beca8f63da,78c99c6dff4eeae5be99bf635ed21e3f,2017-03-16 18:29:46,39.9,11.74
a11cd01ac67beef7e8bf09740d8a35c1,2,ee92961b88199a0d4329a6beca8f63da,78c99c6dff4eeae5be99bf635ed21e3f,2017-03-16 18:29:46,39.9,11.74
a1211febecce5b1f8faf9f5e533bd627,1,dbb4ce89c8ed5fb6fd901e2e51093179,91f848e9f4be368f4318775aac733370,2017-03-30 02:44:18,84.99,14.36
a1226839947001dfb15c46e812c68325,1,d4fa4ad0e82fea0c12d7cf3f773a03b1,8a32e327fe2c1b3511609d81aaf9f042,2017-03-16 13:35:08,59.99,18.7
a12361dc52836f98226e3a57cf3569bf,1,9328c3a5c42ae7b32d53e419f9b93d66,cca3071e3e9bb7d12640c9fbe2301306,2017-03-27 10:30:25,50.9,11.75
a1237d295641cb8fec0be746ab923b79,1,7fb04722aba7a2b632bac8f9819796f3,f3b80352b986ab4d1057a4b724be19d0,2017-03-08 09:35:18,89.0,23.87
a1238d801729f0d9e4e905696a213eb8,1,c6dd917a0be2a704582055949915ab32,7a67c85e85bb2ce8582c35f2203ad736,2017-03-29 18:42:50,99.99,19.4
a144da15ca9cb1ebccf012a14736c54d,1,6de8bea41c968204fa93e4c2016d1bbb,aac29b1b99776be73c3049939652091d,2017-03-31 15:57:27,239.0,17.37
a17c7cad1ce274604db62cc3d2def2c9,1,46f739c1cd676603026c0af4d29ef7a5,198c7ea11960a9844b544d9bcdca860c,2017-03-14 19:29:04,139.99,21.06
a17fec30c4ce5a766edee3f4c7701c0f,1,8d29622ad4b816113fa721f21af4f667,392e0502231ae2f8b29994ef6398cd77,2017-04-03 19:25:18,49.9,14.52
a190028f649b28fd7a98cee4d7e947c8,1,c8d4b2652543be14a917376a17f426c2,d66c305afaec317ebee552073a674429,2017-03-23 10:44:10,520.9,157.27
a190e742e89ce74773221a6d4cba6f10,1,1529199a7d88ac40cef5b4a508f18f2c,9a84ba99f5367fdbd4598363496f1ea2,2017-03-30 06:25:10,61.6,20.88
a1910c13f7264ec8e1b32221debcee26,1,5a6e53c3b4e8684b13388d6aa4afdf12,7299e27ed73d2ad986de7f7c77d919fa,2017-03-30 16:35:24,14.99,14.52
a19f578b12bca98c69170dff3d7b9599,1,12a8571feabc765bfe057c37217daf75,cca3071e3e9bb7d12640c9fbe2301306,2017-03-26 21:23:47,169.9,16.3
a1ac1b3f6c83ff04fe882ec7f8bf8a1f,1,4fcb3d9a5f4871e8362dfedbdb02b064,8581055ce74af1daba164fdbd55a40de,2017-04-06 13:42:18,143.8,18.3
a1cbe609c42dfd019719610eab787873,1,ce795d93828b601d26e3188a77eeaf0e,cb5df0dcb9e280b1780e9d589889f2c7,2017-03-30 17:35:15,219.9,65.21
a1dadce0e5cbb1b1205017166f6ce7ce,1,e19ddcc85537b41f22116c8d5425ef46,8a32e327fe2c1b3511609d81aaf9f042,2017-03-20 00:01:26,29.99,14.11
a1ecf6ff2702a73805ca6ffa3771ab05,1,17ad136b7421ea8690fded631b651158,6560211a19b47992c3666cc44a7e94c0,2017-03-31 14:05:22,55.0,24.39
a1f23fda3d0d3b220ff9fa6472233fdf,1,e0f33a3329af6716a0bb47fd7a664439,7e26c750b4cb9f6766f58265ff9ebe95,2017-03-29 17:05:29,49.8,14.52
a1f23fda3d0d3b220ff9fa6472233fdf,2,e0f33a3329af6716a0bb47fd7a664439,7e26c750b4cb9f6766f58265ff9ebe95,2017-03-29 17:05:29,49.8,14.52
a216d63457e3501eeab4375752f0fbbe,1,f0ea71b6e2ab4cb3bd8f5ba522a25a56,ea6b12bf9ffe2bac34602ec631d97a47,2017-03-23 12:48:03,124.8,13.45
a229f8f10db36361d958831698ea6e68,1,fb8d71b8750a9bb47e7f71434deb437d,7e1fb0a3ebfb01ffb3a7dae98bf3238d,2017-03-30 14:05:31,120.99,11.46
a23469fd5d775d0200de4f5aaf5421e9,1,8d7654102992872ef4342f91f9997e64,392e0502231ae2f8b29994ef6398cd77,2017-03-14 22:45:10,44.9,14.52
a245546c993a6f40b013cf1935965656,1,dd3575a8c5e2139f680a9816a15c8f2a,4869f7a5dfa277a7dca6462dcf3b52b2,2017-03-24 19:42:36,235.0,15.82
a2456e7f02197951664897a94c87242d,1,5eb564652db742ff8f28759cd8d2652a,4e922959ae960d389249c378d1c939f5,2017-04-06 11:50:09,29.0,24.84
a2612baf139a2d944224cb87c81d83b1,1,58b0b0b3e6b7f8ecd3874db9c141250d,a673821011d0cec28146ea42f5ab767f,2017-03-28 10:26:28,198.0,16.69
a29bd6557706ccbbd2ef759fd491a67e,1,a5a96bde429831b98e34353c0645a103,3bdff180c7e1f6551a643b99c265a120,2017-03-16 11:55:08,129.9,23.9
a2a7169e4204a769d0c0f85581e7f139,1,bf00630db939d773babccfe2449e9075,6edacfd9f9074789dad6d62ba7950b9c,2017-03-16 00:06:45,105.9,15.95
a2aae14e6eb568f6c2f82c7cc1d5e0f2,1,c413fa08b405af6edb9d49e85e241c08,b76dba6c951ab00dc4edf0a1aa88037e,2017-03-22 21:58:15,12.97,16.05
a2f8f44bc77354a5f4e5bc4a14573d58,1,f0eb84297f83516be56cbbd76c50988b,cb3dd9ce66268c7a3ca7241ac70ab58c,2017-04-10 09:15:17,58.99,20.4
a304822264c42e355a3235fa2395b018,1,c7b3cf9de7be95b3e09e7a63315685eb,5dceca129747e92ff8ef7a997dc4f8ca,2017-03-13 12:32:23,59.9,15.53
a304822264c42e355a3235fa2395b018,2,c7b3cf9de7be95b3e09e7a63315685eb,5dceca129747e92ff8ef7a997dc4f8ca,2017-03-13 12:32:23,59.9,15.53
a30cba7093267abeb0f8489d5c16c7af,1,be62f0c24387eae79f18265ad2a5d8cc,76d5af76d0271110f9af36c92573f765,2017-03-27 09:21:54,24.9,18.1
a30cba7093267abeb0f8489d5c16c7af,2,be62f0c24387eae79f18265ad2a5d8cc,76d5af76d0271110f9af36c92573f765,2017-03-27 09:21:54,24.9,18.1
a30cba7093267abeb0f8489d5c16c7af,3,be62f0c24387eae79f18265ad2a5d8cc,76d5af76d0271110f9af36c92573f765,2017-03-27 09:21:54,24.9,18.1
a34ee4377977a9fb56e0f98a503f0dda,1,d938bcfd149a626da38febbe8a669a9e,b17b679f4f5ce2e03ce6968c62648246,2017-03-16 00:05:55,123.9,25.61
a367cb36e03523fd763a8782ad9ba177,1,99a4788cb24856965c36a24e339b6058,4a3ca9315b744ce9f8e9374361493884,2017-03-13 11:23:08,89.9,11.24
a376f17ec68dd516869482e28ba976b4,1,7c36efeb84ad73bad896d3b2c7a21e3d,6560211a19b47992c3666cc44a7e94c0,2017-03-13 18:25:02,65.0,15.75
a389f1f731daee05d63fe992c0f689eb,1,e091f07566a9a2c067bfca02620ced15,3d871de0142ce09b7081e2b9d1733cb1,2017-03-14 23:43:19,38.0,23.63
a39d3db795a5cf4c8b6c9dd050f0d326,1,baeb8e1a680cf9e1f13557d74b6cec3d,a36ac007a4d18f865c8d32c3b2402c2d,2017-03-17 16:12:24,129.99,16.02
a3afc054794626fa838bdf3de6073232,1,e9a69340883a438c3f91739d14d3a56d,1b4c3a6f53068f0b6944d2d005c9fc89,2017-03-22 08:27:37,169.9,38.15
a3bb66c7c27c79c21aeb788254e52626,1,d699f2079ed493d4c96bc4ce92838723,fd312b6bf05efac6c3772d5b52205d8a,2017-04-04 17:55:20,29.0,11.3
a3bb66c7c27c79c21aeb788254e52626,2,7f601afbca26d221fc2d957b6e211e72,fd312b6bf05efac6c3772d5b52205d8a,2017-04-04 17:55:20,29.9,10.62
a3c03356178c199a84eae0d6356d815c,1,6fe0dd040139d694869acedf3d074a08,f8db351d8c4c4c22c6835c19a46f01b0,2017-03-16 20:24:32,69.9,24.98
a3c7d28de01c698e2ce11cd0d2b63714,1,4fcb3d9a5f4871e8362dfedbdb02b064,8581055ce74af1daba164fdbd55a40de,2017-03-29 09:05:01,143.8,18.3
a427db09dd194740f13a3a2c7bcf38bc,1,f2343d71cb5ff4e6ff456dd9b544b84a,99eaacc9e6046db1c82b163c5f84869f,2017-03-16 16:33:35,124.0,15.04
a434cfda13115168ed9fbb287031eff1,1,c6dd917a0be2a704582055949915ab32,7a67c85e85bb2ce8582c35f2203ad736,2017-04-03 07:42:31,99.99,15.91
a471d7920ba6d0cf639d0d0cf7fff25f,1,fb55982be901439613a95940feefd9ee,3d871de0142ce09b7081e2b9d1733cb1,2017-03-16 19:00:13,69.0,17.22
a48666b91822bf899e34f73323d5dc37,1,0705b33fb285827a578fce4899f1b921,318f287a62ab7ac10b703ac37435a231,2017-04-05 14:42:01,22.5,16.78
a4aab7a5eefb01fefbe85126bf8acb94,1,62ae6a8f5789aec14529a277c7516def,391fc6631aebcf3004804e51b40bcf1e,2017-03-09 13:05:41,98.7,20.77
a4baf825ed3f84d3dd4b6b97ea951fa1,1,1978f38f6cbdcaf326ecbb4732f9f748,25c5c91f63607446a97b143d2d535d31,2017-04-06 02:45:45,228.91,18.34
a4baf825ed3f84d3dd4b6b97ea951fa1,2,1978f38f6cbdcaf326ecbb4732f9f748,25c5c91f63607446a97b143d2d535d31,2017-04-06 02:45:45,228.91,18.34
a4baf825ed3f84d3dd4b6b97ea951fa1,3,1978f38f6cbdcaf326ecbb4732f9f748,25c5c91f63607446a97b143d2d535d31,2017-04-06 02:45:45,228.91,18.34
a4bd0ba6a11d3e4dda50d5d4c23952d8,1,5ffd443a2b6ec639a1e28bc11936455a,827f8f69dfa529c561901c4f2e0f332f,2017-03-24 13:45:06,35.9,14.52
a4d541965fdf41f59fcbdd53630627b9,1,41587317a0dfddc726a29e86b9527f48,70a12e78e608ac31179aea7f8422044b,2017-03-14 04:10:16,59.0,12.01
a4de95599a7ceea15c118d8a59c8d574,1,8d98dedc3c19de17f1a090195e85d6b6,fa40cc5b934574b62717c68f3d678b6d,2017-04-03 03:45:48,49.9,14.11
a4fcc7fbe8b6b02b25175965c44780ef,1,14449f70527389068db24e234b28a37d,94144541854e298c2d976cb893b81343,2017-03-29 15:30:13,34.99,14.52
a526b3be214b1d691e5400d86689e83e,1,0e56431285bc62af798b89f6650d23f9,679769a98cfcc6da877c8486ff1c13f3,2017-03-30 07:30:13,199.0,19.67
a52aee7a6ea186be5b8217b9f7f93536,1,4b90d2bd65c83d4ad8a370c2cd3f277c,0f94588695d71662beec8d883ffacf09,2017-03-07 11:05:25,9.0,18.59
a52afc640f675ddcbf056eb1e7967bc0,1,f0c30886d15edcfa2589922d944f4816,87142160b41353c4e5fca2360caf6f92,2017-03-19 21:55:28,150.0,29.51
a53ebffcfdb8c4e47308374591571f96,1,be29c68650ca8ac7209aeb238df7f05f,522620dcb18a6b31cd7bdf73665113a9,2017-03-20 20:05:50,29.9,24.84
a56e54593f2c7f2b10f69216a7265aa5,1,54e423e4e4f906d5ec17e9449dda489d,52f6f9f13ba19504c02781132a049e75,2017-04-04 03:51:23,199.0,23.13
a5b275ada51fc66b482047f159e215a4,1,ffadc6f8aa93aadfea73b1348a058358,bb135baca94c82fcb731335ad5b04a03,2017-03-29 21:55:16,15.9,14.11
a5b275ada51fc66b482047f159e215a4,2,ffadc6f8aa93aadfea73b1348a058358,bb135baca94c82fcb731335ad5b04a03,2017-03-29 21:55:16,15.9,14.11
a5b635e01301f7cc3ab309cafadf812b,1,c44f0d673c45ce6da7e7ace44ce5d14e,9200e6ce317b67196b6b0bad4d4bd567,2017-04-03 03:45:21,36.9,14.52
a5da284831a584245b8ab3cbce6eea11,1,8c591ab0ca519558779df02023177f44,a1043bafd471dff536d0c462352beb48,2017-03-10 10:02:51,99.99,28.89
a61122f2a4bb6c7479310694e0657167,1,70c325280f670aee445babb3400cf804,1da3aeb70d7989d1e6d9b0e887f97c23,2017-03-15 04:05:15,12.99,8.72
a651dd7999c6a879cc25638f0cc36c54,1,ca0ee6f66727726ab8ffefd5ded60390,aaed1309374718fdd995ee4c58c9dfcd,2017-03-27 21:34:15,23.2,16.05
a6684913599fe52e243ed5d52a2ab57b,1,9fb9a39f2e393018aaeb432394aff48f,c03121937e54a93fcc1825c3098bbb6e,2017-04-03 17:15:37,149.0,21.36
a67f2f8a8a684916bd58ae4f6f2a4507,1,5cb1a29179d1883d7ab5424629fe67aa,0bf0150d5b9d60d9cd2906003332f085,2017-03-30 02:45:46,49.9,11.74
a67f2f8a8a684916bd58ae4f6f2a4507,2,5cb1a29179d1883d7ab5424629fe67aa,0bf0150d5b9d60d9cd2906003332f085,2017-03-30 02:45:46,49.9,11.74
a685d016c8a26f71a0bb67821070e398,1,ebd7c847c1e1cb69ec374ae0ebee1f4c,391fc6631aebcf3004804e51b40bcf1e,2017-03-17 18:14:36,84.9,14.36
a68f7b681559723c84a5a758d62be473,1,0c30a560a3dea926f6ceaa1f36dcc213,2009a095de2a2a41626f6c6d7722678d,2017-04-05 14:50:15,16.9,22.64
a6cb31bb597a9d756e3ee474b89ae272,1,729a3a9189a4303bd9b7e441aa0ae043,ae8bfdbf1c2a2a2dee92d799db0a31c6,2017-03-29 22:42:27,35.99,18.94
a7013426d43f0cb36c5dbe09b84c9f96,1,b47865eeb745bcbfca95513b46bd977d,a7f13822ceb966b076af67121f87b063,2017-03-23 21:45:11,139.96,20.28
a7014e8529a3c8fb841862e33476d9fe,1,dcf0f4c00270e4e71c868cbfedff1e9d,54a1852d1b8f10312c55e906355666ee,2017-03-16 16:26:20,109.99,17.51
a709ecb248c71e8b541f253c40ee8be3,1,e7dc0d1ff0ef8f441666bdc5210f4e87,2138ccb85b11a4ec1e37afbd1c8eda1f,2017-03-16 18:02:41,26.99,14.52
a7172161f4280142285eebbe70b8c8fa,1,d3d090c53e5d9ce8cc671f26eec8e2e8,0adac9fbd9a2b63cccaac4f8756c1ca8,2017-03-13 03:55:30,49.9,16.05
a72128c306bd3fde78eb4f32b6360d86,1,69b1e7f2c5c9a2e61ed7d9dd4d269188,d12c926d74ceff0a90a21184466ce161,2017-03-10 13:25:14,89.0,8.99
a7369745f22345ef2b1cbfc57e4e0a73,1,9da6fbcdb4cc9d08de3c70331ea19a5f,0c8380b62e38e8a1e6adbeba7eb9688c,2017-03-10 20:23:02,109.9,19.05
a7384426d477fd16a093284ebc51ba0b,1,c7b3cf9de7be95b3e09e7a63315685eb,5dceca129747e92ff8ef7a997dc4f8ca,2017-03-07 20:30:16,59.9,20.5
a739570c1cd11112aa1fc229a15155ac,1,21d2fdced5c69bfc6539b67908a4ad28,1554a68530182680ad5c8b042c3ab563,2017-03-22 20:25:10,179.99,24.25
a73decd86173a2da359011bebf8e4ac4,1,0e643adf6c6b66f31c00e354a06ee0ab,41b86b552e54e3a7009596125aa8b167,2017-04-05 13:05:11,89.9,16.88
a73ee012d205568e720cf2c801ccb0a6,1,027bb42a4ef22da4c7a80ecf9c60ba0c,07017df32dc5f2f1d2801e579548d620,2017-03-30 02:45:43,67.9,24.97
a73ee012d205568e720cf2c801ccb0a6,2,027bb42a4ef22da4c7a80ecf9c60ba0c,07017df32dc5f2f1d2801e579548d620,2017-03-30 02:45:43,67.9,24.97
a76643614c2542c0a773b03b5b61b2c0,1,eea1d0033f3735c72d0501fdc2be0437,7c67e1448b00f6e969d365cea6b010ab,2017-03-19 21:35:17,129.99,71.74
a76ada6fa5bcfc4b6225ec88c219ab99,1,639a641dfdddb9367d030768148076b1,77128dec4bec4878c37ab7d6169d6f26,2017-03-21 20:14:39,6.5,8.72
a7881f54a20f4f7547971f089438b078,1,00c744ca2f3b0e76ce227b146095d3f9,75745ef7bc7d4f3ea3380f6f5303f514,2017-03-31 01:30:40,33.9,15.65
a7a059568a1148582144bcc98773cb10,1,e494f26669f3b5feca72555de4733bed,54065e9aef7e9e9c2dc23b7594db021a,2017-03-26 21:38:46,300.0,17.8
a7b3d11d05a59e62a799d50ad789abe7,1,2a88b20e4ce366edc5efac1c5764d808,abc015ebac1d283a323ca9db35ede4b9,2017-03-30 20:42:30,54.0,14.55
a7db8c5327329206a779bb63dca4a2f2,1,aab15a1fbfab4f54efd93c8d3d47c0a1,e99e927c81e3f51739c94fcdfca9f10f,2017-04-07 17:45:17,49.99,15.56
a7f40c756eea5c4a37cc8f459df6b8ad,1,35afc973633aaeb6b877ff57b2793310,4a3ca9315b744ce9f8e9374361493884,2017-04-05 02:10:55,89.9,14.8
a811f33c743a891f34de752bba733292,1,d1c427060a0f73f6b889a5c7c61f2ac4,a1043bafd471dff536d0c462352beb48,2017-03-16 18:34:44,159.99,33.4
a827a4bb4b7d1623fb232641e491bf02,1,c9af29e8a0c52866bb2c9f5f6344d9b2,77530e9772f57a62c906e1c21538ab82,2017-03-23 23:46:28,68.0,17.32
a8403ba76270af7f5fa223be10aa3a93,1,3c169334e3cd4e710ef729a014d38b2a,5f2684dab12e59f83bef73ae57724e45,2017-03-09 13:10:28,109.9,15.98
a840a7a89e3d9137358eb7b9408681fe,1,ff922797a6771cab4e0c51d482285ec3,062ce95fa2ad4dfaedfc79260130565f,2017-03-15 22:17:49,289.9,15.8
a853b6bff6aa5aa6ab496c76492858b8,1,70faa98e995f58b0160bb8320b653e29,cca3071e3e9bb7d12640c9fbe2301306,2017-03-24 09:52:21,14.9,14.52
a85429530fd3281381e34d128b357d91,1,a87972100f1fa4091a86d6801620656d,725c32fa80c2faacc4fc88450d27314e,2017-03-15 21:50:49,31.8,12.12
a85429530fd3281381e34d128b357d91,2,6f33a4a09ae1180a0ee1ff4682b2d21f,725c32fa80c2faacc4fc88450d27314e,2017-03-15 21:50:49,139.99,38.95
a85e1b0e72e3d941ebc9cbdeb31b728a,1,e71bbaefe62c59ffa58c1c4864b7e283,73a63f72308aa20a46f4b1632018f196,2017-03-26 22:33:43,123.95,25.72
a85e1b0e72e3d941ebc9cbdeb31b728a,2,e71bbaefe62c59ffa58c1c4864b7e283,73a63f72308aa20a46f4b1632018f196,2017-03-26 22:33:43,123.95,25.72
a87561bddec57c56c96d99cf74797013,1,e28fdc5f658be194523b68dfbeb186cb,7e26c750b4cb9f6766f58265ff9ebe95,2017-03-15 23:36:28,50.0,14.52
a88edef387e2a7e457695664bf0ddfc0,1,bf84efc59aa20236fc3cb0d7a9e7ca44,9646c3513289980f17226a2fc4720dbd,2017-03-30 01:31:50,38.0,14.52
a89e0347b6138ab8ed766aeb2f79c157,1,78ef94419ed5381e09adab75259d3f19,2e3be8a987a30d7544dbbda6861cc14e,2017-04-04 13:30:19,109.99,15.98
a8b4dfc1843395b826a9d9a5cf0a5bc8,1,fca62108387e25005784da2f551466a1,31344c16881c08a8a72c6d2eb29918c1,2017-03-09 02:15:37,249.9,54.16
a913ec1db6048950ba773ec6b408eeba,1,f7e0fa615b386bc9a8b9eb52bc1fff76,87142160b41353c4e5fca2360caf6f92,2017-04-03 03:51:14,85.0,29.79
a917fd220ca94e02920dba0ceb656a74,1,153ad88dad29825663dfb8588c45a1a2,2cb4700db635baa1c0d4f90ed27b6669,2017-04-11 23:15:28,99.9,14.46
a95612c7311ad95c69b272aaa4daa6e5,1,9328c3a5c42ae7b32d53e419f9b93d66,cca3071e3e9bb7d12640c9fbe2301306,2017-03-21 04:10:20,50.9,17.2
a958c924f6b23ca49ded10f6f5aa862a,1,e34c56a36fdb6854b10410b776c39442,ff4ea69c2a729e83e63c7579e4ef8170,2017-03-09 16:45:10,649.0,15.15
a96417d157bd97f6b47643a7ffbcd8dc,1,1b8ee158f59c098470fad33f39660964,1554a68530182680ad5c8b042c3ab563,2017-03-30 15:50:18,139.9,23.97
a994e6b51de39d9a263918e2b37c859e,1,3fbd1a96fca26cfab52984da93349a4b,a3a38f4affed601eb87a97788c949667,2017-03-23 15:15:05,199.9,16.61
a9957adf297a6be5e8625b3e93329c6d,1,47d52bb24ef8a3aa09724f00604be3ba,491a5ada3aa1678414e990262c4bbdc1,2017-03-14 21:03:03,1420.0,18.23
a99bed70b800227cc293174945a645e0,1,861857117917aaa99611defcc0d514cd,e9779976487b77c6d4ac45f75ec7afe9,2017-03-27 10:29:01,177.0,15.41
a9b151f0c0471d9b2534fa73c9c0e123,1,fc5043902812d122c4e80113ff924c1b,3d871de0142ce09b7081e2b9d1733cb1,2017-03-15 16:18:47,159.9,46.61
a9d3bdf62f359d999692b94986633e85,1,357a9e8a4b691ffbb0f855b23d490c4e,432c37c9dfba871172ec162e20118b8c,2017-03-30 06:42:46,31.0,16.05
aa171699ddfdc0a2db68be25bd08ea2d,1,591afedd45ae097827bf674a8491ea21,debe6615cd90cc0c2eac2b8988e1f628,2017-03-21 23:39:12,62.9,25.94
aa2e81559d88cca16ac122e7627078c8,1,035a4019c8009b57768aa3c1e1ad63a3,82e0a475a88cc9595229d8029273f045,2017-03-31 14:15:21,99.0,26.43
aa98da01257ceee830845e76cd9ef683,1,8c591ab0ca519558779df02023177f44,a1043bafd471dff536d0c462352beb48,2017-03-27 19:01:06,99.99,28.89
aa9f47b4e7c06b6c495bf26fff85bb17,1,7e6bbdc9a339f86e15eb6091c994a1a1,cca3071e3e9bb7d12640c9fbe2301306,2017-03-17 08:45:13,59.9,13.0
aaa09ae14c8853145592cb8b452714f2,1,253412fae9b77af02cb40b30a829bcfe,dc4a0fc896dc34b0d5bfec8438291c80,2017-03-30 19:08:08,96.2,24.87
aaa265fdfcd9930f13edd14cdacd47ef,1,380b4664ba5bb18cc9db78ee6bac3558,6560211a19b47992c3666cc44a7e94c0,2017-03-29 13:54:58,37.0,20.8
aaae80f5b6239bd9e1b22e9aa542c3e8,1,c857b96593773e940454e76efa8eabb3,cca3071e3e9bb7d12640c9fbe2301306,2017-03-17 09:50:19,59.9,17.26
aad53ab538dea5e7315dca5fc140ec84,1,fdcd8c17805ad801a924cf11272a2834,80e6699fe29150b372a0c8a1ebf7dcc8,2017-03-30 13:06:03,209.9,19.75
aafb39df40ca7d13b0bfce23d7b83032,1,7e0dc102074f8285580c9777f79c90cf,e26901d5ab434ce92fd9b5c256820a4e,2017-03-21 11:44:45,34.9,10.96
ab114f47094abcacaf5888844db683ff,1,1efd84ba20d23186f576a37baf64ae9d,b2ba3715d723d245138f291a6fe42594,2017-03-09 10:55:16,19.9,14.11
ab1969d313f329f430baa04696d322f3,1,c8f7df520102efbaf9927f5acf21b928,a3a38f4affed601eb87a97788c949667,2017-03-30 12:59:22,84.99,16.29
ab275e2c1b924e6f63d5edc630a56262,1,f35927953ed82e19d06ad3aac2f06353,669ae81880e08f269a64487cfb287169,2017-04-06 15:42:25,115.0,11.42
ab37ec75cad1f09d8ec5c5a4228eaf50,1,21caff3913095987c249438138d0ef23,2138ccb85b11a4ec1e37afbd1c8eda1f,2017-04-05 23:45:16,24.9,14.52
ab532e8d49a6cd8848ec641843b39b93,1,4494cc0c66d02e91c0475a9610c2749f,9646c3513289980f17226a2fc4720dbd,2017-03-21 23:25:10,33.9,11.74
ab8b1138bd32dba20890d59a736b53d2,1,4abef02c9dfc89006cb3d501d1f291c1,d98eec89afa3380e14463da2aabaea72,2017-03-23 12:33:22,50.0,8.72
ab99e730d7d27b4d197f5cae9303170f,1,0036bb031e69d915cd384d1b3838b5d3,270297ead4c65a6cd2593960d2af6b21,2017-03-21 19:48:58,35.99,10.96
abc28055285d422fe7fd990935433cd9,1,99a4788cb24856965c36a24e339b6058,4a3ca9315b744ce9f8e9374361493884,2017-04-03 10:10:26,89.9,14.8
abc2ac9a5bf7f1a1c88d6f243d7ec3fa,1,613a1da144b1ad65ab2cba8d417ad350,4e922959ae960d389249c378d1c939f5,2017-03-20 09:50:27,190.0,27.59
abd23f048bf60025ad66f8cf56c85379,1,02ce467092b184e71d3967d29110adc1,a7f13822ceb966b076af67121f87b063,2017-03-22 13:37:51,179.96,33.54
abddcf171f361ed313e1f191d71d046a,1,37167b49712cb4ce822d51958a4ec0c3,a416b6a846a11724393025641d4edd5e,2017-03-20 12:19:57,458.85,24.71
abf95d8f93963d70ab53ff935297c315,1,45df8892a1d74d2e8f960dc06625fdab,99eaacc9e6046db1c82b163c5f84869f,2017-03-27 15:07:48,299.0,22.54
ac09156639c3a0b85f197bda6a3f42d2,1,c31d2c7898c24ea73ab60e0660fd693f,fe1bbc5feda5c8979a8a1b3b2512d5a6,2017-03-09 16:15:21,179.9,15.43
ac11d10a9d24794506b10133391eaf2f,1,af0a917aec9cea3b353ece61a8825326,da8622b14eb17ae2831f4ac5b9dab84a,2017-04-05 21:50:22,79.9,13.14
ac1436b9efc2d8508c1abf9e4dca5709,1,994dfe832d5ef3a6f8cee4273f91c1e3,327b89b872c14d1c0be7235ef4871685,2017-03-21 14:28:24,114.0,25.29
ac322840b831b1a94396f7adc2a56d4d,1,25a1c5b2e0ccbf703cb7b69ffebfaf38,56642bcb79900e777d68e91915cb4267,2017-03-16 11:23:09,48.0,15.56
ac497fa7b396844289feb8bf6c8ac608,1,7e0dc102074f8285580c9777f79c90cf,e26901d5ab434ce92fd9b5c256820a4e,2017-04-03 22:25:12,34.9,14.52
ac497fa7b396844289feb8bf6c8ac608,2,7e0dc102074f8285580c9777f79c90cf,e26901d5ab434ce92fd9b5c256820a4e,2017-04-03 22:25:12,34.9,14.52
ac5505acc449a5a79dce26cfa549dc5b,1,9ee8c8a931dd4d34148aa31f54ee93c1,f8db351d8c4c4c22c6835c19a46f01b0,2017-03-27 09:29:30,129.9,21.23
ac7204e1893dcaef40c01c2616987fb0,1,63de2743d05ab59d85caa49e49459ac1,cbd996ad3c1b7dc71fd0e5f5df9087e2,2017-04-05 02:15:21,15.75,10.96
aca5ef1d6df08d476703f538ba867594,1,58327c5dd67068015c5a9c5eeb51d848,8cc6a0e5738e61a87b03c78b2ba9db4b,2017-04-04 01:15:46,739.9,19.35
acb4c1925f0ff9c7cd6467f5606048d3,1,ef928092a3fdfd856fe65902aff46e46,c68fb906c8f4b4b946d8386bfa6e5467,2017-03-23 17:09:49,201.38,17.56
acc9d9fa3a265bbc6b3411d5e8c5083d,1,c0ea555ff29c50e43c608958cf40880f,725c32fa80c2faacc4fc88450d27314e,2017-03-23 15:17:54,49.7,14.11
accde1ef3208fde380a66c1706494ba4,1,fd91e23b4465803725f329b39afe018a,ed9eef5be0992d413d251fadba1a410d,2017-03-23 10:30:06,44.9,18.99
accde1ef3208fde380a66c1706494ba4,2,a2a1a65832c02f8a82d82c12aa0dbea9,ed9eef5be0992d413d251fadba1a410d,2017-03-23 10:30:06,44.9,10.05
accde1ef3208fde380a66c1706494ba4,3,bcda9424eac9dd4c6f2d739e92c0a2ab,ed9eef5be0992d413d251fadba1a410d,2017-03-23 10:30:06,44.9,10.05
accde1ef3208fde380a66c1706494ba4,4,fd91e23b4465803725f329b39afe018a,ed9eef5be0992d413d251fadba1a410d,2017-03-23 10:30:06,44.9,18.99
acd76a8508680cbb5d4c04707be03f87,1,af9418dfcdd7f19b51906a2f32cd6bc0,da8622b14eb17ae2831f4ac5b9dab84a,2017-03-29 15:48:42,129.0,16.01
ace5866349278761370529383b3c0057,1,0152f69b6cf919bcdaf117aa8c43e5a2,d2374cbcbb3ca4ab1086534108cc3ab7,2017-04-07 20:52:28,13.9,10.96
ace7896e72991cf2be628e8e4c451b17,1,66a0a6e02b7f543e5b021ce361f267d4,7a67c85e85bb2ce8582c35f2203ad736,2017-03-15 23:10:42,119.99,15.6
ace8653b9b01a6d0347aa993f8e9b0a5,1,530989bc6eff4420c49a84214ab1eb51,eebb3372362aa9a46975164bed19a7e7,2017-04-03 11:42:59,73.99,14.28
acecf0b4a17e9d413f602a2345fcfe16,1,49e1eb2294c024ad435adb2b1de09336,c68fb906c8f4b4b946d8386bfa6e5467,2017-04-04 15:45:19,50.63,14.52
acf6090782590f9b51160416c47f4259,1,b19e331e05bee8900ed6e582b4c8dab6,41b39e28db005d9731d9d485a83b4c38,2017-03-23 20:16:13,159.9,22.59
ad0cbc6e9cc5bce4165e35ad4a42d8a5,1,a35a9f46dcee0a67c8c7ad8493eb4135,85d9eb9ddc5d00ca9336a2219c97bb13,2017-03-13 20:55:13,20.9,8.72
ad1a49519124023cdc78cbbc0461de96,1,30001d6521e7d5826eb1881050cea7e7,85d9eb9ddc5d00ca9336a2219c97bb13,2017-03-30 13:03:40,27.9,17.78
ad430bc59db52b1f7522b6f19e669bc6,1,1860b96949f9ff0adcd5e2c340d32e12,d65f31d2413268e671989503f6cf9993,2017-03-09 19:50:09,189.9,16.54
ad63b1036f777673118b46ace8ac9a27,1,469d5c6b5dfef236029c4bfec6b4fe0f,4aba391bc3b88717ce08eb11e44937b2,2017-03-09 13:05:56,419.0,24.86
ad7bbcbf26e12680c3f6a5f273235f11,1,dad033afaf01ca7098672af45bdd3400,a3a38f4affed601eb87a97788c949667,2017-04-06 16:35:17,159.9,19.82
ad9808903b2bcf5408a3de11489ceadd,1,7e0dc102074f8285580c9777f79c90cf,e26901d5ab434ce92fd9b5c256820a4e,2017-04-04 08:02:28,34.9,10.96
ad9c97f9a8dbad1ffcc7f261da6574a0,1,8a87ff3419a80067bd8c101012f37e55,b17b679f4f5ce2e03ce6968c62648246,2017-03-17 13:12:44,75.9,26.79
ada32a7778f9bfa7e805008da5f02d50,1,9faadcbfeed012c5a26f8cda328af7f7,54065e9aef7e9e9c2dc23b7594db021a,2017-04-10 10:42:18,637.0,21.3
adadbd25a12e0e924896b366cdf22f70,1,93ad397044e27dfead96813e2f895acd,86ccac0b835037332a596a33b6949ee1,2017-03-31 19:35:20,59.6,16.12
adb9f95e79004a7d308e825ec6bbd7a2,1,ce098d2a36ef6a9b6658f0ffd3e37ae4,6560211a19b47992c3666cc44a7e94c0,2017-03-19 23:24:55,29.0,15.65
adf99ffa5e0b3a09795387b766316853,1,6c0eabd1040cec18d5de037e3534780d,0ea22c1cfbdc755f86b9b54b39c16043,2017-03-17 13:03:57,24.9,10.96
adff485b76b194780db2e4ad4c5eb9b2,1,79be3804af052f5d6a473dfdeaa38f06,bd0389da23d89b726abf911cccc54596,2017-03-17 19:41:54,49.9,16.05
ae0be4e1cb2ae75b372e2f055876ff07,1,cb43c6e1c451902b51f4f4ff512302df,582d4f8675b945722eda7c0cb61ba4c7,2017-04-04 02:10:40,45.49,24.84
ae16a4774354e48d2a9a8c43c685b30d,1,915ff35b0555b98fe64bc60674da4c43,8a87611c08849ffeeccab52aa798b6c7,2017-03-09 20:15:21,310.0,43.53
ae22782cf445d844e7347f15faf491bf,1,04b2173a311a1fe1a8c90a59c0a0f474,f45122a9ab94eb4f3f8953578bc0c560,2017-03-24 14:54:17,79.99,14.73
ae2d7541c0bf40bcdf14b7fe20c00eb1,1,d4eb057c3dd5e4c9513bb461e9bb8ae1,aaed1309374718fdd995ee4c58c9dfcd,2017-04-10 06:05:28,119.9,15.01
ae76bef74b97bcb0b3e355e60d9a6f9c,1,e24f73b7631ee3fbb2ab700a9acaa258,0cbcee27c791afa0cdcb08587a2013a8,2017-03-09 23:43:26,135.0,15.12
ae97799b02696e7937ea854ed542d015,1,e251ebd2858be1aa7d9b2087a6992580,001cca7ae9ae17fb1caed9dfb1094831,2017-03-09 16:25:10,99.9,21.15
ae97799b02696e7937ea854ed542d015,2,e251ebd2858be1aa7d9b2087a6992580,001cca7ae9ae17fb1caed9dfb1094831,2017-03-09 16:25:10,99.9,21.15
aeb12b49be31428bee39c92e36968325,1,89f055104adb9365d7f7b5c475f77742,6b15924333bd1a741595fe981ea04822,2017-04-03 03:50:38,26.9,10.96
aeb970f75d1a1aa41b4fd895c60fcdeb,1,22594ba8fd9a72ad95d352929c821560,7c67e1448b00f6e969d365cea6b010ab,2017-04-04 19:47:12,99.99,20.0
aeef7d3d012337cf78f2deec426bb46c,1,e7a1555b071186b8184e2fe0e647181a,cd06602b43d8800bd0afad514919d35c,2017-04-10 06:42:35,19.9,8.72
af006979017f225d80e49985aed847b3,1,1612209b0b37fbe80e1e8e1b7d19ca1d,87142160b41353c4e5fca2360caf6f92,2017-04-06 02:11:01,99.0,34.46
af2099df7b489e3bd2759c1daf111594,1,78e780df15a8af21016b07b8f03b8904,dc317f341ab0e22f39acbd9dbf9b4a1f,2017-03-22 22:45:18,66.9,24.96
af32211fd3ca6faa65dcf8f3bd3f53bb,1,23384f296aa1bf6461d22912093a9847,891071be6ba827b591264c90c2ae8a63,2017-03-09 02:35:33,20.0,10.96
af3ac636ad9bd84b524effaba1214126,1,beacc1d0f7d99888c87c040bf62e928a,ef506c96320abeedfb894c34db06f478,2017-03-10 19:50:20,19.99,14.52
af3fae91bafed6357991c4a3be0125d4,1,b79361867edbe85462b548334d136a8a,e24fc9fcd865784fb25705606fe3dfe7,2017-04-03 11:30:17,138.0,25.46
af79884abd4a25e4ed96f94bc7db48b3,1,cc02ea01817f1cb21e6708bc19f1ee20,eeb6de78f79159600292e314a77cbd18,2017-03-23 18:23:57,119.0,23.12
af7ae6bafcf0885e40e8c5fd1ef4c745,1,04c48a5fe31aedc4ef3896c005fd483c,620c87c171fb2a6dd6e8bb4dec959fc6,2017-03-23 15:20:25,319.9,16.41
af8eabc10c9907fe66df1310db525200,1,46f739c1cd676603026c0af4d29ef7a5,198c7ea11960a9844b544d9bcdca860c,2017-03-08 22:35:17,139.99,25.72
afa4f45747006532ff507b1a527f6642,1,57de1d67d6badffc863b651c74e59dd0,b2ba3715d723d245138f291a6fe42594,2017-03-30 08:20:43,189.9,16.09
afc0f1669d9ecf0661e3f32efbd2aa5e,1,e7bca943d8e86d7b45c6d24634c55850,6c12e40690c335dbc2f68a4134d30dc1,2017-03-20 16:13:30,1250.0,34.25
afc1b46f2cb4b3f0d3432cae0af0ea75,1,11875b30b49585209e608f40e8082e65,669ae81880e08f269a64487cfb287169,2017-03-16 15:35:03,65.0,16.15
afc1e4183307b101e5e2dbdd876a213f,1,529deff9c151e0db37c88a43952868bb,f45122a9ab94eb4f3f8953578bc0c560,2017-04-03 03:43:41,245.99,21.8
aff878fbdcc993da8042d0c8edb781f6,1,2ffb8b836bb62d53a77a69a67814fffa,391fc6631aebcf3004804e51b40bcf1e,2017-03-09 08:15:14,44.55,11.74
aff878fbdcc993da8042d0c8edb781f6,2,2ffb8b836bb62d53a77a69a67814fffa,391fc6631aebcf3004804e51b40bcf1e,2017-03-09 08:15:14,44.55,11.74
b0220dd81253d8ca2c9dd8be8caf49b5,1,642a40d4d73b4b2604968937de13634a,d2374cbcbb3ca4ab1086534108cc3ab7,2017-04-13 02:16:14,12.9,16.05
b02983703060845dbc7fe979ceaf2c3b,1,e7a1555b071186b8184e2fe0e647181a,cd06602b43d8800bd0afad514919d35c,2017-04-05 21:55:16,19.9,14.11
b02f16483f20ca4c7d1d5b147eca4c79,1,5a6e53c3b4e8684b13388d6aa4afdf12,7299e27ed73d2ad986de7f7c77d919fa,2017-03-30 11:45:16,14.99,14.52
b02fefc3800702d58c988da39c132902,1,144266e1585320d057797a369596bb8b,8cc6a0e5738e61a87b03c78b2ba9db4b,2017-03-28 10:44:34,739.9,21.92
b07725548a706259d0cbc2aeaa780e18,1,da1cfaaffa7720fe28f26f18d52f5ad9,0ea22c1cfbdc755f86b9b54b39c16043,2017-03-08 16:15:15,39.9,17.78
b0818558532a035f032bf55d07371d16,1,cfd652b39b87b4e06cf4ea106a32db47,7a67c85e85bb2ce8582c35f2203ad736,2017-03-10 16:05:38,129.99,13.49
b0874cef1bc851d609f25d264fce7b4b,1,d54b8b3e6a22392ddd16ba363069e778,2138ccb85b11a4ec1e37afbd1c8eda1f,2017-03-09 15:42:48,19.9,8.72
b094b88a36a6a907eb40730b9382cbb8,1,ef9ae4fb9a9005e8e463cc2616084276,38e679b9e0064cd94c6f035707344dae,2017-03-16 08:49:56,213.26,29.68
b096dc568c99f644a9b4450068053521,1,8f970464c3f5665083cda167398fcf57,5b179e9e8cc7ab6fd113a46ca584da81,2017-03-09 22:30:16,112.0,11.44
b0b0d3285e59abf2f6c9d7e1bf761323,1,470433f95ba906e17efac3fce39e9ffd,e2a1ac9bf33e5549a2a4f834e70df2f8,2017-03-14 18:51:06,2999.89,44.23
b0b5cb8bc442bc5599f4bf65dfc67cf8,1,4d3e81b2dfb45a73759982d63e532e94,25e6ffe976bd75618accfe16cefcbd0d,2017-03-29 13:05:17,38.99,8.72
b0ba32a79f83ef1ae43216095e1c9ab8,1,c0400a62c5019cdc69bfc76d39b1cfb4,cfb1a033743668a192316f3c6d1d2671,2017-03-12 22:25:08,26.0,14.52
b0cc2434ee3727e682222a0f745a5948,1,af9418dfcdd7f19b51906a2f32cd6bc0,da8622b14eb17ae2831f4ac5b9dab84a,2017-04-06 11:30:09,129.0,16.01
b0d58ac3e50ea081a58d56cc538f15cd,1,0a96387463e89f518bec31ed12378aea,23613d49c3ac2bd302259e55c06c050c,2017-03-17 17:03:55,89.9,16.78
b0edc0b20a380c879d0775721c5b5b20,1,72a137b85d5a1d82cde242493f118f43,ce27a3cc3c8cc1ea79d11e561e9bebb6,2017-03-23 17:21:08,37.99,14.11
b0f445cca9b6a54ff47e8834c16ba6c1,1,f39288f58793ce5e6985b3f7832af88c,827f8f69dfa529c561901c4f2e0f332f,2017-03-13 16:50:18,34.9,10.1
b0f445cca9b6a54ff47e8834c16ba6c1,2,ac5e164e2eda939ffa46593f90077f9a,827f8f69dfa529c561901c4f2e0f332f,2017-03-13 16:50:18,27.9,7.34
b1069dbe8202837514af3badecb431ab,1,6548eac355c750d7bc97d2d220609f1b,ebef8d8c92b4fd3226e5d407bbff21ac,2017-03-19 22:19:52,23.9,10.96
b10bb212c9f36af4c11fae51593de14d,1,eb2dc4f9478b65dc24f0f770d6bf3eb6,78ba5933c21686d1c2f64669c8c459e7,2017-03-24 13:55:36,85.9,11.21
b11277967c91e971b81a787a51849320,1,e4ef515e041ce5062868aacf106df8b3,ca3bd7cd9f149df75950150d010fe4a2,2017-03-17 02:23:28,98.3,41.92
b11277967c91e971b81a787a51849320,2,e4ef515e041ce5062868aacf106df8b3,ca3bd7cd9f149df75950150d010fe4a2,2017-03-17 02:23:28,98.3,41.92
b1235029ff825a6ee63ea5c87797cd82,1,79fc4c7da6812091c88d89e02e02887c,44073f8b7e41514de3b7815dd0237f4f,2017-03-23 15:22:19,75.0,18.81
b1290930402d6e29a52dbd6efcab1c3e,1,4da0329350218978429b287440f4b87a,062ce95fa2ad4dfaedfc79260130565f,2017-03-30 11:42:16,41.9,10.96
b12beb9e03bfacd9b42cf189c5decc85,1,66a0a6e02b7f543e5b021ce361f267d4,7a67c85e85bb2ce8582c35f2203ad736,2017-03-14 13:30:09,119.99,17.68
b159d0ce7cd881052da94fa165617b05,1,241a1ffc9cf969b27de6e72301020268,8501d82f68d23148b6d78bb7c4a42037,2017-03-16 19:51:36,19.7,10.96
b1754d9afe2ab71961cf95f27257ab55,1,e91955df14147b502c6737d45dd0bdcc,e5a38146df062edaf55c38afa99e42dc,2017-03-12 21:30:11,98.72,16.94
b191545cfb775e72c067683831bf4b0f,1,dd7a209a646c04c176d7e9e9c855eeac,a3a38f4affed601eb87a97788c949667,2017-03-15 18:30:20,129.9,16.12
b1a4a414356b54aba115cf84a9536752,1,e07cf6c8c490ceac43740740459d87ff,92eb0f42c21942b6552362b9b114707d,2017-04-07 17:25:08,17.99,14.52
b1b25c32832c6654e6cd3f949355a561,1,a6f74de3ddfbdc9b33885b92656f992b,0ea22c1cfbdc755f86b9b54b39c16043,2017-03-26 23:51:25,79.9,14.73
b1baac8300bff141b743794ace31ffcc,1,b476230a04eae3e3bfdb0be6b6d61556,dc4a0fc896dc34b0d5bfec8438291c80,2017-04-10 23:25:12,129.9,14.68
b1bb317f7d7fdeefca25499d3e62cb48,1,aa96d291abe7cd0000c25e34bc8ed316,8b28d096634035667e8263d57ba3368c,2017-04-03 18:15:08,24.88,14.52
b1e68c1ac52a1a5cb5051d07ae91ff06,1,0152f69b6cf919bcdaf117aa8c43e5a2,d2374cbcbb3ca4ab1086534108cc3ab7,2017-04-06 11:36:04,13.9,14.52
b200a7390795d73d9b7afed1d6dce327,1,218c9d6d7c61785529b97cf822756207,55c96925041a14097b6a7825554f4ad5,2017-03-29 19:25:13,26.0,9.34
b208ce08b2c5eea655bee887eace0cfe,1,f7e0fa615b386bc9a8b9eb52bc1fff76,87142160b41353c4e5fca2360caf6f92,2017-03-09 19:45:25,85.0,15.89
b2119fc1abe3ce8896e2e0e951ec8d9e,1,ba3f298a122a95c4928e8b8628e8520e,d1c281d3ae149232351cd8c8cc885f0d,2017-03-29 14:05:08,98.99,15.8
b22d306e18b3b665d49f2ce7d060742e,1,283dc451ad3918badb976d56ff887289,da8622b14eb17ae2831f4ac5b9dab84a,2017-04-03 17:33:15,79.9,17.3
b2345f8f3b34a4c0c28296057f032fb9,1,22c5ddc22ea8cae84fc9917def682dc6,cc419e0650a3c5ba77189a1882b7556a,2017-03-13 01:50:16,56.99,24.89
b23eb2ef586c84a977eb1bf118ddc81b,1,d017a2151d543a9885604dc62a3d9dcc,6560211a19b47992c3666cc44a7e94c0,2017-03-29 22:00:20,49.0,17.78
b2556987198a8d2bf699d306c19a9962,1,eebcc3eb19bc7e1f39fbc982e864f919,78c99c6dff4eeae5be99bf635ed21e3f,2017-03-08 09:50:16,50.0,14.52
b2577a85da095de811cdab2a22a983ad,1,87cb507e0daa37bbf34956fd59eba832,6560211a19b47992c3666cc44a7e94c0,2017-03-10 15:43:24,29.0,10.96
b2728d138cc3cebb796105eedbb4784a,1,7e0dc102074f8285580c9777f79c90cf,e26901d5ab434ce92fd9b5c256820a4e,2017-03-29 19:12:46,34.9,14.52
b28f617a18326c00271c43c29364b00a,1,1bfb290d7273a442c874dbe74b4abae6,a7f13822ceb966b076af67121f87b063,2017-03-27 19:20:56,89.96,39.26
b28f617a18326c00271c43c29364b00a,2,1bfb290d7273a442c874dbe74b4abae6,a7f13822ceb966b076af67121f87b063,2017-03-27 19:20:56,89.96,39.26
b29403efd8bacde6cfde49d511ada5fc,1,5739177f0e1a8c060da43932f5a447a8,5bffbafbb22daf6d3bfc216a46db8708,2017-03-13 22:25:18,18.99,16.05
b2987cdfb6847c50318e4c268aa8d7c8,1,8c75343253053a2400e289f5192cd5c1,5bffbafbb22daf6d3bfc216a46db8708,2017-03-22 21:37:55,399.0,21.38
b2a9f52374e167c4c512d27dcefe1d72,1,7dddebba704470d81c5bbfe89a9a1550,23ca5f678e0b3ea6c630b30fa8bf51ea,2017-03-13 12:03:18,24.0,20.8
b2a9f52374e167c4c512d27dcefe1d72,2,7dddebba704470d81c5bbfe89a9a1550,23ca5f678e0b3ea6c630b30fa8bf51ea,2017-03-13 12:03:18,24.0,20.8
b2c1c7db95834595977330e8c8dd7766,1,101c0247b2686b1ec77fbd9b7bc7cb17,ebd2d60905fb58271facef5596b620d3,2017-03-14 23:08:21,97.9,20.77
b3158056db07efa2b7f1a0642d5dd1c4,1,63094ac128b54dd72d511043411df079,b372ee768ed69e46ca8cdbd267aa7a38,2017-03-30 22:53:47,250.0,15.92
b3311a70844e97acd4e111dac452a341,1,d3060c543b1b88a647cc284ed7a9dd4a,f67efa3f0b6761102a7f8c6b7b571f5d,2017-03-28 15:13:20,109.99,20.26
b33ec3b699337181488304f362a6b734,1,64b488de448a5324c4134ea39c28a34b,3d871de0142ce09b7081e2b9d1733cb1,2017-03-15 21:05:03,69.0,17.22
b36a230278dc6eacfc8ac950d38e9a2b,1,ee473bd1ca4e671eafbcb7453d7d7c5f,76d5af76d0271110f9af36c92573f765,2017-03-27 18:44:58,659.0,41.55
b374364a416f6bd7a376e466e60415a5,1,f35927953ed82e19d06ad3aac2f06353,669ae81880e08f269a64487cfb287169,2017-03-09 11:22:27,115.0,16.51
b38c1ea8a0202a0c367fa61b498b1749,1,6e6752783a53e4832b969f1417ca34cf,4b1eaadf791bdbbad8c4a35b65236d52,2017-03-29 19:35:08,349.9,13.06
b390b5413f28fdc1c5cd1164ee0a7cad,1,d37abf50cce5bcd682830a357783622e,6cd68b3ed6d59aaa9fece558ad360c0a,2017-03-17 14:09:11,97.9,16.39
b3a8fd762c98dce0277b24a7dd8cdfbb,1,186667995393fd686a25866399b41e68,fa1c13f2614d7b5c4749cbc52fecda94,2017-03-22 08:58:14,399.9,13.41
b3f3422c26d12dcb097fb8e9ed35118b,1,601a360bd2a916ecef0e88de72a6531a,7a67c85e85bb2ce8582c35f2203ad736,2017-03-16 18:39:34,129.99,17.65
b3f7e36f7ae979c02959004e9d800387,1,1ee079ac734051dc6b17c085dc203b0c,d66c305afaec317ebee552073a674429,2017-03-23 16:50:43,49.9,15.56
b3fecd6def645344f844fc19117ffcd8,1,c900eec3fdb80817c7bd189a548650b5,e5a38146df062edaf55c38afa99e42dc,2017-03-10 08:42:47,89.18,9.61
b41e372c4fbebabe98c8f611039981f3,1,b8762d562d810c2f8d7ad7e9c12957be,dbb9b48c841a0e39e21f98e1a6b2ec3e,2017-03-28 07:58:24,24.9,10.96
b465dc60a138cc55216607ef27065acc,1,4579e87cfe02f4b4eaabb298a254a5b9,fa1c13f2614d7b5c4749cbc52fecda94,2017-03-24 10:24:23,229.9,15.78
b4757419a0d328d1c3c848d9957cb20c,1,6e6752783a53e4832b969f1417ca34cf,4b1eaadf791bdbbad8c4a35b65236d52,2017-03-28 09:55:20,349.9,18.15
b49c3cb97e24ce87687679ced9c9134a,1,cf6514025ef5d3a93d69d2a7bfa4036b,d2374cbcbb3ca4ab1086534108cc3ab7,2017-04-07 14:45:57,17.9,14.52
b4a4c9808ae2aa7c8811e9666d5f9058,1,095cb863f2b04911455ad33f5177062e,2059c39f76271d4ca3f15b5ffaccc8b8,2017-03-16 14:18:03,53.9,15.14
b4dc09cbd4cc735632779c738cda842b,1,f2af004352a06a99dca765596240cbc3,f4aba7c0bca51484c30ab7bdc34bcdd1,2017-03-24 14:10:45,44.9,10.96
b4dd0ccee7deaeb2dc42f799b683c9e4,1,eef3286d1162cb7eb46becab2a5aa884,8f119a0aee85c0c8fc534629734e94fd,2017-03-30 23:32:54,34.9,16.05
b4de3b7a1fd0c8b6481454b3e3c02a52,1,7c1bd920dbdf22470b68bde975dd3ccf,cc419e0650a3c5ba77189a1882b7556a,2017-03-27 11:14:28,64.99,24.94
b4fc77bdadd28d0ee631208831bc0d49,1,f495f61bdd34742ab23c7fabab99323a,3985a3c45be355a4c57fde108bfabd1c,2017-03-17 00:26:12,44.9,17.78
b5106eeb869b64ba86ab9d880e31c0bb,1,5ab7d10303d38da7a0ed5c1a534490f0,cca3071e3e9bb7d12640c9fbe2301306,2017-03-27 09:33:43,79.9,17.3
b51be3456fb3c1af43bdfbba6f80269b,1,a1efe4a86746c22541813e22e1d23e33,da8622b14eb17ae2831f4ac5b9dab84a,2017-03-29 14:36:49,129.9,20.99
b5218d83b7c9bd571babdb7edffe6e02,1,0786b87f44a44896ee0a59373edfcc50,8e6cc767478edae941d9bd9eb778d77a,2017-04-07 13:25:12,43.74,18.63
b53c76841e4d019129a1304df6739fe1,1,eba7488e1c67729f045ab43fac426f2e,620c87c171fb2a6dd6e8bb4dec959fc6,2017-03-23 20:05:19,198.0,15.56
b5451d0eb008a4475aeab937ab5f4e0a,1,d400b62525c30cb8ec0786613bb0d93f,4e7c18b98d84e05cbae3ff0ff03846c2,2017-03-20 15:05:20,45.0,29.28
b5685de8123bd5d22f75055f38b6cf7e,1,9d374944ce89ce9afd8c8f79fb7f3bc9,9646c3513289980f17226a2fc4720dbd,2017-03-24 14:39:09,29.9,17.78
b59cf01a46ed2ffd1319e181d3ac2217,1,11875b30b49585209e608f40e8082e65,669ae81880e08f269a64487cfb287169,2017-03-10 15:45:15,65.0,17.88
b5b362ec945720b946181f08eb7bdd04,1,8ebd584f33b5fdca6428a5130d6e17d2,7722b1df1b0e383e000397b2c11e3e19,2017-03-21 00:17:58,45.9,10.96
b62be88e52e1a504211a9b93f83cfa78,1,efef7693f29ade58f93ae5af15e7fa18,7e93a43ef30c4f03f38b393420bc753a,2017-03-21 04:25:48,649.75,18.72
b643582fcd5b151f498b5383a0195f33,1,6875b883a18364bf04f16698a335df55,3d871de0142ce09b7081e2b9d1733cb1,2017-03-23 18:17:53,69.0,11.87
b64b31be08d0151c4115537cbef3dc06,1,cc1cb33bcc814aeaa4631761a34bd23e,1976a05ecf2996d6ffb7b5430e635fe7,2017-03-17 16:31:00,59.8,14.59
b65a9099b9f6617410e0f5fb0b9e1fdc,1,7e0dc102074f8285580c9777f79c90cf,e26901d5ab434ce92fd9b5c256820a4e,2017-03-20 19:12:19,34.9,10.96
b65d2760746d1872f57f872c7c881c4c,1,d4fe034cde911805af12724d73fde7e0,dd2bdf855a9172734fbc3744021ae9b9,2017-03-09 23:30:17,69.9,22.42
b662aa8d6c39f00e854cd5142e2b1174,1,e2f8ac7485aeb713af570cb9e117c6e6,cfb1a033743668a192316f3c6d1d2671,2017-04-06 03:56:18,169.9,19.47
b66836a7408ecc382cdd4be702060220,1,cb26d15d1b6eabaac7c0803774245884,ccb83a794700270fde70898fe9ff368b,2017-03-23 14:28:34,969.0,116.3
b68feda578fe41870ba7a14082ce03fa,1,72a137b85d5a1d82cde242493f118f43,ce27a3cc3c8cc1ea79d11e561e9bebb6,2017-04-11 07:30:07,32.29,8.72
b68feda578fe41870ba7a14082ce03fa,2,72a137b85d5a1d82cde242493f118f43,ce27a3cc3c8cc1ea79d11e561e9bebb6,2017-04-11 07:30:07,32.29,8.72
b6af840e6199db586de5da4e646cce76,1,e5e8d1321d9ce88718c1ab0c7308931b,7e93a43ef30c4f03f38b393420bc753a,2017-03-16 13:20:31,492.02,22.14
b6d9ea292226815b57dc2034dcc70a91,1,7124ca1f9c1598c0ad3166988e93d5c1,a7c53f6b3b61adbdaa99dda97e8cbd56,2017-03-10 20:45:14,99.0,11.3
b6dd40db8e1ba8bce1971d81598330e8,1,5abf8ac7fdb8291904445c4bd64ac917,bfd27a966d91cfaafdb25d076585f0da,2017-03-30 10:10:20,259.0,15.98
b6e796ad8c9c44fcd24f94d0068f4868,1,334995514673fb6bae67885458b52984,53e4c6e0f4312d4d2107a8c9cddf45cd,2017-04-10 05:50:29,13.99,16.05
b75531d67f9616e9012cea103a187c8c,1,0e87ff05afa3ddd73b7920ff4587e0a4,12b9676b00f60f3b700e83af21824c0e,2017-03-20 22:23:29,238.0,28.14
b765555cab4620de41a7714fe7359249,1,ba3f298a122a95c4928e8b8628e8520e,d1c281d3ae149232351cd8c8cc885f0d,2017-03-30 11:02:42,98.99,15.8
b7664cfd894b776f4c7743e5e2fb917b,1,6cf22bb1523c34ad8da500d1084155a5,fa1c13f2614d7b5c4749cbc52fecda94,2017-03-19 22:07:04,179.0,16.95
b790fce1eff8be3c9ff35c97cde2afaa,1,60f98d8f55a602509885faf42c0095a2,a7c88262832dfc683781d6a421edefae,2017-04-03 21:45:11,289.0,16.19
b79b99c7a06889c62cd4ba110e536b12,1,ed724a28107bfd2a1aebcb6dcd2055f4,bfd27a966d91cfaafdb25d076585f0da,2017-03-24 19:53:34,119.0,13.41
b7a194de2e14ca9f41580f8c6eb13660,1,67cee25aae565b8f1182ea8c37440103,391fc6631aebcf3004804e51b40bcf1e,2017-03-23 14:31:01,49.7,12.93
b7be5a34ce10bf066ff8013867a3f004,1,9aac694a7dea5e7fe19c5c65ecd0058e,36a968b544695394e4e9d7572688598f,2017-04-17 00:31:59,9.9,20.8
b7bea96258b9caf5e97816fe944b2971,1,b47865eeb745bcbfca95513b46bd977d,a7f13822ceb966b076af67121f87b063,2017-03-22 14:56:15,139.96,54.51
b7e1da759d7b362340fef94519f33500,1,bf937a731d01528bc2c8b11863de7586,e24fc9fcd865784fb25705606fe3dfe7,2017-03-08 21:45:13,798.0,18.17
b7f97dd69a3cbc5d267392f48834d602,1,bbc218887dbdfc5ff05ffc02831a906e,50c9975695009e5e6473912e83a6d1da,2017-04-06 15:55:19,13.5,14.52
b80365a0dc9dd62c6818aad6d9047dc0,1,e8b3e1130c20d55ebe3466a7a7e2c1e6,9cea4682e16655f7da87f406902e989e,2017-04-02 23:39:13,30.65,14.52
b80658b0fe989d9699344386255ed40b,1,a8df513e8be2c303a357f71e5f62d1e0,3d871de0142ce09b7081e2b9d1733cb1,2017-03-16 22:23:52,69.9,24.98
b80d00e60a179d02f242e3f420023c78,1,027cdd14a677a5834bc67a9789db5021,620c87c171fb2a6dd6e8bb4dec959fc6,2017-03-08 03:50:28,99.9,18.13
b8226aa72dca6aad3bd514885b7b02e8,1,f9a508234fed38c95437c5a16b847774,522620dcb18a6b31cd7bdf73665113a9,2017-04-03 20:43:07,59.0,16.11
b835a702f116e758be4f80ae292bca2e,1,63ee501f72520d5ec54cef5fd3a21a20,acb6c2ca5c82411c1fdb88d5fd5eb95e,2017-03-21 17:33:50,52.9,18.65
b85004b6486df47906bcc088f0be3092,1,1d6d7be70107889e3193819aca4dc1dc,4a3ca9315b744ce9f8e9374361493884,2017-03-30 21:05:19,48.9,11.74
b85b06d0ae4436e17303286ce75dd4b4,1,a695ab8413ea83619cde9b18292d6aa1,1da366cade6d8276e7d8beea7af5d4bf,2017-03-12 22:30:17,40.0,14.52
b8834035b657b559585c6c1243e82f9b,1,b395922ca8e9ba82b2a81822968d0cf5,391fc6631aebcf3004804e51b40bcf1e,2017-03-13 14:25:10,24.75,11.74
b88684db7b8ebb92f476c54dbdf76913,1,1e5748190b56004a34ec795670bffe4d,d12c926d74ceff0a90a21184466ce161,2017-04-04 11:55:16,119.9,14.6
b88bf712c7aa1192376b4dc5bfadb916,1,ef7de0bbb0e0b0110c270e9381719761,2138ccb85b11a4ec1e37afbd1c8eda1f,2017-04-02 22:03:31,18.99,8.72
b88d53a015d4f2c2ca019f846a7f523c,1,b1fa0cf0885504d458c2a48e376ea087,6562efe88ce0826a4ca4f189f03b4b84,2017-04-04 17:43:56,49.9,14.52
b88d53a015d4f2c2ca019f846a7f523c,2,b1fa0cf0885504d458c2a48e376ea087,6562efe88ce0826a4ca4f189f03b4b84,2017-04-04 17:43:56,49.9,14.52
b89abfd3664f6d278d90b13536d52364,1,1fad46b84ac1748ff47bf2d703565a7a,10089e9f2fd0c668a8fd4e52e1698888,2017-03-16 17:35:58,430.0,17.18
b89c3dccabd368d8a4b6778c1094df6b,1,e717e613d0bde7828d469455c8058172,e627629ba868740e287800f1a9be81c2,2017-03-24 14:44:16,90.5,15.93
b8a644dc49239c37a1db391a709f39c7,1,a8e6cef13c111ed8fffb4205d20fe8c6,a3a38f4affed601eb87a97788c949667,2017-04-05 13:06:25,64.9,17.19
b8aaeda740b17cf925d3f2a13dcd1d7f,1,624b5655a9d76b5a0e7d780dc4733887,ef506c96320abeedfb894c34db06f478,2017-03-28 13:04:35,34.99,14.11
b8aaeda740b17cf925d3f2a13dcd1d7f,2,624b5655a9d76b5a0e7d780dc4733887,ef506c96320abeedfb894c34db06f478,2017-03-28 13:04:35,34.99,14.11
b8b7561e1191a899ece8259bc042117c,1,205eda573c0d52a57b83bc9332947b8e,6b9b80d53ba3676eafe60268a810b5a1,2017-03-24 14:20:30,79.9,19.26
b8c26c45a4adb8e4dbc205f147659a71,1,64b99eed898c1b99a94d93cbf5873690,4a3ca9315b744ce9f8e9374361493884,2017-03-21 07:34:38,89.9,15.84
b8e5479aa8fa4ce67ffdd5bdd92c2303,1,79896466715d0179d8e5c8a84e5f0a18,05ff92fedb5be47920fea08e501238b9,2017-03-29 18:55:15,449.0,24.12
b8ed3984a255598afb99a0ee70c3d45d,1,6adc261becb6dfbd0fec7c705521f76b,f45122a9ab94eb4f3f8953578bc0c560,2017-03-20 13:51:39,67.12,11.08
b8f907da9cac0beecc557cc50b6b02ef,1,ad183bca8419cc4a34c0ed87d44b07c7,0c7f30ae9b147eca07affbef92832a6a,2017-03-16 11:15:14,79.9,15.77
b8fc541ddf448e0a01b133c5f34947dd,1,363447257ff5d59bda202c8fd1e2c53e,7722b1df1b0e383e000397b2c11e3e19,2017-03-22 02:45:36,39.9,10.96
b924118c3a34d6bc9287362a7dc8fbc6,1,98e91d0f32954dcd8505875bb2b42cdb,01cf7e3d21494c41fb86034f2e714fa1,2017-03-23 17:48:30,59.9,15.63
b9301fa4912e6d5f755e12b4986c5f84,1,c4baedd846ed09b85f78a781b522f126,a1043bafd471dff536d0c462352beb48,2017-03-23 22:22:20,99.99,28.89
b93e5b2672754c089dae937a51136864,1,9fc063fd34fed29ccc57b7f8e8d03388,ccc4bbb5f32a6ab2b7066a4130f114e3,2017-03-20 09:56:36,370.0,19.43
b94927b61d86b53506f3e6bc8644eb77,1,14e9b59d37c1571b980c02e237a5d395,06532f10282704ef4c69168b914b77be,2017-04-05 21:45:16,2200.0,124.99
b9555bd71c90a01a953792e5f2af95c5,1,222efa72a47277d611b8b38d71149afd,cd06602b43d8800bd0afad514919d35c,2017-04-13 10:35:25,6.0,14.52
b98263fb4d7c2c5ecd1acc6ab0a659ff,1,75d3f426c010ad14f95a59aaf2e24548,e83c76265fc54bf41eac728805e4da77,2017-04-05 20:42:20,37.0,11.74
b9886766c7d03ad40eb4f341af209a88,1,8338cef8355d238f43711dcb9c0657b2,cca3071e3e9bb7d12640c9fbe2301306,2017-04-07 09:55:19,45.9,14.52
b997ce40f469fbcd2e163e6a2df04de8,1,e07cf6c8c490ceac43740740459d87ff,92eb0f42c21942b6552362b9b114707d,2017-03-31 14:45:11,17.99,14.11
b9b6258fd7df83978bd49c201c288953,1,89d49f6d10ff422902b2c2cb05da7f1c,9646c3513289980f17226a2fc4720dbd,2017-03-13 02:30:32,49.9,17.09
b9c81c6e3a026f6e424398767c51e4c2,1,bbaef2eadf31fe3ea6702077398be06c,cc419e0650a3c5ba77189a1882b7556a,2017-04-03 09:42:16,56.99,14.57
b9c9ae9ec1ae133cb9d76c6a4d38c316,1,a2d0e33d71561d8116565565a6f68578,4ebdc7e6cd6102a022dadc49156d4ea8,2017-03-07 22:10:13,35.0,10.96
b9e44ee22f3a341743c10307b601b363,1,0efc91aa52d1f0669126d3000a94279b,d1c281d3ae149232351cd8c8cc885f0d,2017-03-13 17:55:18,98.99,20.77
b9f2b2423c61aa201a499e191534af79,1,386486367c1f9d4f587a8864ccb6902b,cca3071e3e9bb7d12640c9fbe2301306,2017-03-14 23:05:19,109.9,13.35
ba0a3547cd2efb300852cd0ce3241296,1,d62ed986672bfab13938e62e6badec55,2a6fbeaa7ab9e5d59a35841a8da71ce4,2017-03-23 14:11:59,28.0,19.05
ba1edaa5e640ca7da4c97fe92382eaaa,1,06f0e85c7892d5df893f332706340af1,3d871de0142ce09b7081e2b9d1733cb1,2017-03-30 10:30:14,149.0,17.78
ba22840a24058d908b366cc202de7b7e,1,8d024e70a7e9e92b8851684d047a7021,c3cfdc648177fdbbbb35635a37472c53,2017-03-13 15:30:14,160.0,17.37
ba3260d70e1adafdc761bc92754d55aa,1,7e0dc102074f8285580c9777f79c90cf,e26901d5ab434ce92fd9b5c256820a4e,2017-04-04 19:50:15,34.9,10.96
ba5aba1c68c4ba890bf8700e5536eadb,1,b795524e6ddbae40e910d169242dbcd7,b56906f7fd1696e043f1bcce164c487b,2017-03-23 01:39:40,68.8,16.18
ba6d7557cefd2d4e8fe232a2f9cddd8c,1,bbaef2eadf31fe3ea6702077398be06c,cc419e0650a3c5ba77189a1882b7556a,2017-03-31 02:15:38,56.99,24.89
ba6d7557cefd2d4e8fe232a2f9cddd8c,2,bbaef2eadf31fe3ea6702077398be06c,cc419e0650a3c5ba77189a1882b7556a,2017-03-31 02:15:38,56.99,24.89
ba6db6908932a9ed2a611c82ef295d37,1,062619359d5f9a664606cb2a6ccb477a,b1fecf4da1fa2689bccffa0121953643,2017-03-24 00:54:38,121.99,17.28
baa236e595125eae9865b38b2f1b7240,1,ade881d3a9e73b511c630460c74dd92f,85d9eb9ddc5d00ca9336a2219c97bb13,2017-03-10 18:05:15,19.9,14.52
baa5545eb30192ce3b92bcf1b8e19437,1,fec76cdd2170ca10b02e2f0d81ff4123,fe1bbc5feda5c8979a8a1b3b2512d5a6,2017-03-14 03:15:10,49.99,14.52
bab8a3c77d39678185f390e2317418dd,1,1529199a7d88ac40cef5b4a508f18f2c,9a84ba99f5367fdbd4598363496f1ea2,2017-03-27 16:13:29,72.9,16.21
bac11e328f49d36222401aa2252fa12e,1,11b062c710beb867b4897ff2728e828d,ae8bfdbf1c2a2a2dee92d799db0a31c6,2017-03-30 20:10:16,29.99,17.19
bb12d601d6de7f1b41c4d45dfea601f2,1,5d0a7cb413c5b59233c57177fe2f20b0,fa40cc5b934574b62717c68f3d678b6d,2017-03-09 12:15:25,49.9,8.72
bb25059436e00953081ab3e7429fc03a,1,63de2743d05ab59d85caa49e49459ac1,cbd996ad3c1b7dc71fd0e5f5df9087e2,2017-03-08 15:15:23,15.75,10.96
bb27db571451a22cce47832d688ae49b,1,fa80471d26662bb653b2286e4b735a5a,712e6ed8aa4aa1fa65dab41fed5737e4,2017-03-17 12:45:00,650.0,148.27
bb299ee4fb79d4056dad3e6bc0aa8a46,1,b000447e24e31a4d7e628ca4d0622131,92eb0f42c21942b6552362b9b114707d,2017-04-05 02:15:58,23.99,9.74
bb299ee4fb79d4056dad3e6bc0aa8a46,2,c4aa0ceec0529a29290c24f2bb490b3d,92eb0f42c21942b6552362b9b114707d,2017-04-05 02:15:58,11.99,12.18
bb52ab55caf36f6ee5cdb4edacd82dcc,1,9453bde60c4ee52155c963641736cfc5,5c243662ce92d84573bfaff24c3e3700,2017-03-23 22:46:20,549.99,19.15
bb5849f8ba21da43ffa31ea52ba81b37,1,c8f7df520102efbaf9927f5acf21b928,a3a38f4affed601eb87a97788c949667,2017-03-20 13:40:28,84.99,14.76
bb85e4e4097ee2b3d34c22fbed913c42,1,12485f9cdebb6ca179826ede539554ad,7901646fdd36a55f564ffaf2dbccaaf7,2017-03-08 20:05:15,794.98,13.93
bbe02deb41e96f666660dede6c816276,1,2291d090b69f60fc0ffd95ae394daa77,c847e075301870dd144a116762eaff9a,2017-04-03 16:45:10,99.9,26.96
bbfbe3c62a4a810fb97d10267acb5f10,1,624b5655a9d76b5a0e7d780dc4733887,ef506c96320abeedfb894c34db06f478,2017-03-30 10:35:35,34.99,17.78
bc41a96f4cf87290c5447020f6ac56ba,1,3d2e66b60f9f7e21c0dd52fced636d22,2bd05d410a8fd26dc4184a15f4f2f588,2017-03-09 18:53:17,1041.0,114.56
bc491210c65d22f6572a4370f8e60248,1,66a4ac0f9c73e92afc9cb7566977ef83,f8db351d8c4c4c22c6835c19a46f01b0,2017-03-16 23:59:42,39.9,11.74
bc4a35f20466a9b911b3b0847021e30f,1,49cd6408393770922f19ca2925832dcd,b17b679f4f5ce2e03ce6968c62648246,2017-03-10 14:45:10,73.9,17.26
bc4ab4df5ac77edfd72c1832a24e72d8,1,bf84efc59aa20236fc3cb0d7a9e7ca44,9646c3513289980f17226a2fc4720dbd,2017-03-30 02:15:57,38.0,20.8
bc52c0e67c00cdbba3a7b62d70979075,1,2fb51d5cb775a68676826ebe06a17dc5,004c9cd9d87a3c30c522c48c4fc07416,2017-03-20 12:18:22,59.99,15.63
bc7401d98fe2814849de2404e3ebd9ad,1,c8d415e06ebd7a37c7a5b4a18641ca11,cbd996ad3c1b7dc71fd0e5f5df9087e2,2017-04-10 13:25:11,43.48,14.52
bc7401d98fe2814849de2404e3ebd9ad,2,c8d415e06ebd7a37c7a5b4a18641ca11,cbd996ad3c1b7dc71fd0e5f5df9087e2,2017-04-10 13:25:11,43.48,14.52
bc8446f693e6c406e28d5cee739dc4cd,1,170b033abb14ccc92a21b95dba58fa90,aced59e9b31ef866a94f9e7f29d8d418,2017-03-09 02:10:29,26.4,8.72
bc8446f693e6c406e28d5cee739dc4cd,2,bf4aa8e63457632377b86424e38fb071,aced59e9b31ef866a94f9e7f29d8d418,2017-03-09 02:10:29,7.8,8.72
bca2c019b40c204248a56707eabb2a2c,1,0cf573090c66bb30ac5e53c82bdb0403,99eaacc9e6046db1c82b163c5f84869f,2017-04-05 10:22:37,59.0,14.58
bcadceb3349706d0baa8857a30fe542d,1,c92f0e7b9d49a9543558d6532772441b,5dceca129747e92ff8ef7a997dc4f8ca,2017-03-23 20:10:54,139.9,26.21
bcfd112593a122ae1272e80681e2ac72,1,d4fe034cde911805af12724d73fde7e0,dd2bdf855a9172734fbc3744021ae9b9,2017-03-13 13:03:57,69.9,15.25
bd210405118a95688f5e0314f24255f5,1,e9a69340883a438c3f91739d14d3a56d,1b4c3a6f53068f0b6944d2d005c9fc89,2017-03-20 15:25:39,169.9,25.01
bd2b7745e4aba6100b89a52d7e6dc9e5,1,0a45c6bb3a03e8c13228d4200cb964c2,575df70bde3f9f2b30bf8d2e9910d725,2017-03-16 22:14:20,149.9,29.51
bd2fef198085db0b586b9c71aa2d35da,1,470433f95ba906e17efac3fce39e9ffd,e2a1ac9bf33e5549a2a4f834e70df2f8,2017-04-04 02:15:16,2999.89,24.19
bd321a43c9e3e0ce286bc76d7bc18e53,1,cbb702235ad267cca951499fa8475606,59fb871bf6f4522a87ba567b42dafecf,2017-03-23 21:27:14,209.99,12.08
bd44e878bbfdde29ea540a99068c888c,1,0bcea5a4f4ff3bac5da77d1563e846d0,9485a23c0430ba1d58d359391606fce6,2017-04-02 22:10:26,218.0,15.7
bd5c9d506fee7419ee3c669d0123a067,1,951cb45d30e716a846d8cf5874034e56,2138ccb85b11a4ec1e37afbd1c8eda1f,2017-03-30 01:05:12,18.99,8.72
bd6a5598892338bf9e6ad1f5ba2d1f4c,1,99a4788cb24856965c36a24e339b6058,4a3ca9315b744ce9f8e9374361493884,2017-04-03 10:02:18,89.9,16.33
bd80efb9eb7bbd9c465bd5205d6a43b8,1,70cc46ccdfff951dd7829395bce256ca,f7720c4fa8e3aba4546301ab80ea1f1b,2017-04-05 02:10:52,43.9,24.84
bd9e8d4cec0e721d5ffebe153035eeea,1,1fa4ef78e1b8f0afea31e4ae9578affd,8a32e327fe2c1b3511609d81aaf9f042,2017-03-20 20:45:14,59.99,21.37
bd9e8d4cec0e721d5ffebe153035eeea,2,d4fa4ad0e82fea0c12d7cf3f773a03b1,8a32e327fe2c1b3511609d81aaf9f042,2017-03-20 20:45:14,59.99,16.03
bd9e9bfde9faa1df98f0d708c83a076f,1,2d4086091519b04cd687a38e33dc276c,87142160b41353c4e5fca2360caf6f92,2017-03-16 14:43:51,125.0,22.37
bdb029fd9aad9c2b487eff2b448346c5,1,add1fea8b7d998995db3a2ecbf410a54,7722b1df1b0e383e000397b2c11e3e19,2017-03-20 11:50:20,39.9,14.52
bdbb8c171bf0fe78ba7607be04099506,1,99a4788cb24856965c36a24e339b6058,4a3ca9315b744ce9f8e9374361493884,2017-03-09 22:22:14,89.9,14.8
bdc979bc2bbd601781c4d37fc8a8eeb6,1,344f1e18ffb703f6f105b705fc63a2d9,d1c281d3ae149232351cd8c8cc885f0d,2017-03-08 11:35:12,145.99,17.17
bdd02ebba4a073b670384d9ddb2a8b50,1,b1acb7e8152c90c9619897753a75c973,cc419e0650a3c5ba77189a1882b7556a,2017-03-29 22:58:46,34.99,14.52
bdd9b76103b5ce16eb842f7ef68cdc4e,1,86ae34138b66d08c1d885736ba39e6df,0c8380b62e38e8a1e6adbeba7eb9688c,2017-03-07 17:10:18,89.9,17.37
be015610d499d9af10466780adca3472,1,e0f33a3329af6716a0bb47fd7a664439,7e26c750b4cb9f6766f58265ff9ebe95,2017-03-28 10:06:05,49.8,14.11
be178aef757640fe4721501249ae18d8,1,a35a9f46dcee0a67c8c7ad8493eb4135,85d9eb9ddc5d00ca9336a2219c97bb13,2017-03-29 19:57:13,27.9,10.96
be18b8aecc40c580699c87905e6578dc,1,680ca98a72aa9722523fa2006f858f77,d73cbd89533ce8b041a9190241453ac8,2017-04-03 07:35:13,28.9,19.05
be4f77184693f359b47e0d555b7d584b,1,210286fe46a9f587b63ead8d065ad3cd,a888faf2d1baececa6baf9c3d603ee1f,2017-03-29 10:49:27,289.9,18.87
be51420a71e667d8e3f3268ad81e3033,1,b250756c5f34998033b1811801686a0c,2199e7fe213c16213bf5d6a7eadc9a5d,2017-03-24 10:42:45,39.8,20.67
be580c71d638ce682e9792c27c7aacb2,1,c5897f6f2d995196dbb40542439da9b9,ffff564a4f9085cd26170f4732393726,2017-03-28 20:12:18,34.65,11.74
be6ead609261c3b92ba37751219cdb45,1,1abcb3cdf79a4b094862b63c4e085a45,45d33f715e24d15a6ccf5c17b3a23e3c,2017-03-23 15:42:48,114.89,22.27
bed08d809ce385e99da63ae043f7e786,1,dbb4ce89c8ed5fb6fd901e2e51093179,91f848e9f4be368f4318775aac733370,2017-03-29 21:42:59,84.99,14.36
bed08d809ce385e99da63ae043f7e786,2,dbb4ce89c8ed5fb6fd901e2e51093179,91f848e9f4be368f4318775aac733370,2017-03-29 21:42:59,84.99,14.36
bedae8df4e37a65ccbec319872296b89,1,802d4aa654f6b24ca4d5bd2c61c0b079,6288c69c4ce638e59925e59193f98b16,2017-03-27 13:08:11,415.99,17.08
bf3dfe9c6770896602562c35b08e3419,1,42130cd7a981706499a4d337f2f7f621,2138ccb85b11a4ec1e37afbd1c8eda1f,2017-03-21 17:57:01,29.99,8.72
bf43328103299ae529116e4521e82191,1,b781cf30a200b5eff2787c2074d67045,7c67e1448b00f6e969d365cea6b010ab,2017-04-12 16:42:32,174.99,24.5
bf45b8917f0c4bba2d29256fdbac3d04,1,995f41643437250fce96885e56dd05d3,a36b125ac6d5fdbc7f50de85c9157bdc,2017-04-03 04:03:07,34.99,14.52
bf5142abe115b2f2d88f9d7bb0da6703,1,418aafa8794c4c22bacfa453f98bbf26,44073f8b7e41514de3b7815dd0237f4f,2017-04-09 21:10:12,230.0,22.06
bf5a44a0843a026ecf32a63d882550f5,1,94950d6ddd0b24c0d15f7f09d61a8148,cfb1a033743668a192316f3c6d1d2671,2017-03-10 09:25:10,157.0,21.18
bf6861804f97bcf7644f603c5bcf7784,1,ab8ba49579d5b0173f85517ce22968c6,620c87c171fb2a6dd6e8bb4dec959fc6,2017-03-30 02:46:12,229.9,15.78
bf73f313ea64d4593da0084e25f67044,1,d017a2151d543a9885604dc62a3d9dcc,6560211a19b47992c3666cc44a7e94c0,2017-03-31 02:16:14,49.0,14.11
bfa7102f2f9eb8afc761f1eedb37c744,1,59707268b54920d0814697573f63c818,7c67e1448b00f6e969d365cea6b010ab,2017-03-29 11:15:22,176.99,53.79
bfb04781e6dc96f737795a633dfd1b80,1,11875b30b49585209e608f40e8082e65,669ae81880e08f269a64487cfb287169,2017-03-10 13:05:27,65.0,14.62
bfca565035711cdb02880c530c383872,1,88de5a4c9a8190df7f9b4a5b4f3f68cd,e067ad2c1c0b48758eb1b5228bcf7a68,2017-04-05 21:22:48,19.5,10.96
bfca565035711cdb02880c530c383872,2,88de5a4c9a8190df7f9b4a5b4f3f68cd,e067ad2c1c0b48758eb1b5228bcf7a68,2017-04-05 21:22:48,19.5,10.96
bfea0767c18bf1f63b7f334b42309ecb,1,b096d990c6b4017851564c895ffa9e44,5b33b527da3c5b969cc99dc435cad09a,2017-03-27 10:35:30,499.0,48.98
bfef81581affa2b4c59018ed748cd663,1,0cf573090c66bb30ac5e53c82bdb0403,99eaacc9e6046db1c82b163c5f84869f,2017-04-03 14:02:29,59.0,14.58
bff8a4fd45acacd3f3390aed67ed8e91,1,cce679660c66e6fbd5c8091dfd29e9cd,d2374cbcbb3ca4ab1086534108cc3ab7,2017-04-17 22:55:16,17.9,10.96
c01386219d1d09bb78eab2fc5347a149,1,3f40e0e434d939f380a29f5e863cfb9f,729f06993dac8e860d4f02d7088ca48a,2017-04-06 15:05:10,129.9,29.84
c0221d9a3d1707e52d0a75170f33e622,1,ac5e164e2eda939ffa46593f90077f9a,827f8f69dfa529c561901c4f2e0f332f,2017-03-08 23:32:16,27.9,14.52
c02bcd4d35c9e36597256b02d86d33cd,1,2b4609f8948be18874494203496bc318,cc419e0650a3c5ba77189a1882b7556a,2017-03-19 23:55:22,89.99,14.8
c0341f028a07cb3196e3bf4e850066bb,1,8c05118c323922e25502c7bc39d1978e,61b893c57e33626afb104d4112b1be76,2017-03-29 18:23:19,74.99,13.1
c03e2d7edc52d3ef8683b7f2e34a55cf,1,c1fe1d0cdc60f0908dd825d2a096f85a,06532f10282704ef4c69168b914b77be,2017-03-13 06:45:15,1450.0,84.58
c050bbcc027f638bdea34842450ed4eb,1,7b66dd141e94feae8c845e69fa60ac9f,1b8356dabde1d35e17cef975c3f82730,2017-03-21 17:48:32,49.99,31.32
c05dde0f88afdb953c533a239f6b29f4,1,c19d5ba108c34b8255cf9a524da92bc4,4e922959ae960d389249c378d1c939f5,2017-03-31 11:45:12,75.0,14.7
c06778fe7190305b40c98b8cab8c2686,1,5739177f0e1a8c060da43932f5a447a8,5bffbafbb22daf6d3bfc216a46db8708,2017-04-06 12:23:51,20.99,14.52
c07546f624fbc5344647263c545f8af8,1,3487b8d662448326a09da14416640170,d20b021d3efdf267a402c402a48ea64b,2017-03-15 17:57:56,29.9,12.35
c07546f624fbc5344647263c545f8af8,2,a65c82cfb533f379a9d1ff76b78ce9ee,4a3ca9315b744ce9f8e9374361493884,2017-03-15 17:57:56,68.9,9.88
c07546f624fbc5344647263c545f8af8,3,8ffc89162cccaef5a98a4c0bcd241a0e,d20b021d3efdf267a402c402a48ea64b,2017-03-15 17:57:56,29.9,12.34
c07db2ecf8530bd60659764d866467cf,1,f1384e935826c44865aa6b0483711048,2009a095de2a2a41626f6c6d7722678d,2017-03-16 12:10:11,17.9,20.43
c0800c1006480bed22d5ec0b593c2cd0,1,12760bcacfaaf1457bc36e601e26dc79,aced59e9b31ef866a94f9e7f29d8d418,2017-03-15 18:40:16,19.9,8.72
c0ebe7b377d69896b580f578b99cfc98,1,7643f9ef2cbf1bd4202b0b7dcc500cad,e627629ba868740e287800f1a9be81c2,2017-03-30 18:50:26,21.9,10.96
c100c80e0f97369fe40a0e99db6f638e,1,7094fadc9773845c7d453e51b04289a8,d2374cbcbb3ca4ab1086534108cc3ab7,2017-04-18 13:30:17,109.9,11.38
c1084cac215df4bae739b489d0b95a3e,1,5f2d2e225329430182f0d167faa3779b,cca3071e3e9bb7d12640c9fbe2301306,2017-03-22 12:30:59,109.9,13.35
c1084cac215df4bae739b489d0b95a3e,2,386486367c1f9d4f587a8864ccb6902b,cca3071e3e9bb7d12640c9fbe2301306,2017-03-22 12:30:59,109.9,13.35
c10dd8d24a91d2ecbf09c578a5876125,1,7721582bb750762d81850267d19881c1,0c8380b62e38e8a1e6adbeba7eb9688c,2017-03-21 23:08:15,59.5,13.0
c111a2ee4155c4150716cf0e50311d06,1,dbb4ce89c8ed5fb6fd901e2e51093179,91f848e9f4be368f4318775aac733370,2017-04-05 13:45:15,84.99,11.97
c131acb8c30ee5b5d6063dac2470d95d,1,c413fa08b405af6edb9d49e85e241c08,b76dba6c951ab00dc4edf0a1aa88037e,2017-03-16 10:11:52,12.97,8.72
c147383caa0d8a6b1d8c213e60851483,1,7e0dc102074f8285580c9777f79c90cf,e26901d5ab434ce92fd9b5c256820a4e,2017-04-05 17:25:09,34.9,10.96
c14f5bd7031c66dd87c105d99a362601,1,7e97894cc00196a56d6ec315c68b2353,7008613ea464bad5cb9b83456e1e6a8f,2017-04-05 13:35:18,90.0,11.24
c14f5bd7031c66dd87c105d99a362601,2,7e97894cc00196a56d6ec315c68b2353,7008613ea464bad5cb9b83456e1e6a8f,2017-04-05 13:35:18,90.0,11.24
c1631d116303f21075fc2d55b4c6e7b0,1,a695ab8413ea83619cde9b18292d6aa1,1da366cade6d8276e7d8beea7af5d4bf,2017-03-08 21:29:01,40.0,14.52
c1884aecda51600a6dcb16b487464fdd,1,e7be84ea9462aac5e2b0b08eb35ba7f1,36a968b544695394e4e9d7572688598f,2017-03-26 21:01:24,4.9,16.05
c19b500110bd90179ac1676ebc7c3ed0,1,247fa5b4e2f524a22b21ef256ffc23e4,3bdff180c7e1f6551a643b99c265a120,2017-03-13 01:03:45,26.9,15.56
c1a86ab051ab4567d31bd8ffc3feec55,1,4c8541293fb2d3359cf52485b4d59b8e,a416b6a846a11724393025641d4edd5e,2017-03-24 14:39:19,63.36,0.09
c1a86ab051ab4567d31bd8ffc3feec55,2,4e0d01d5e5e4bd454e71e7cd1491c052,a416b6a846a11724393025641d4edd5e,2017-03-24 14:39:19,76.49,43.89
c1b86a370f491b37cc3adb8ef0a21fe5,1,130482add9fd75ccb6c57ba007694a2d,87142160b41353c4e5fca2360caf6f92,2017-04-02 23:32:51,105.0,41.85
c1bffb64e9e46207fa132a9a4f4e1307,1,867860cb9f8724722b424497dfe1d491,dd2bdf855a9172734fbc3744021ae9b9,2017-03-09 16:50:17,69.9,22.42
c1da287bcf49e04d36093b8296d121bf,1,b9fc59d07b4a88505e53e11d17097cef,14d7985702e72162bbf13b6beb74ab2b,2017-04-06 14:55:11,119.0,16.53
c1dc2aa07165a0844cc6a68cebfeae67,1,6f657bbc44514ab511c65b891301208d,febab0275244b9a49a623f0bd613ca2f,2017-03-13 04:25:17,76.0,14.3
c1e00da044e0d7297a2f8cdd0a048fc9,1,4520766ec412348b8d4caa5e8a18c464,16090f2ca825584b5a147ab24aa30c86,2017-04-03 15:25:20,99.99,14.87
c1e01caa64164c2b4c54633ef42d032b,1,e9a69340883a438c3f91739d14d3a56d,1b4c3a6f53068f0b6944d2d005c9fc89,2017-03-30 02:15:16,169.9,22.66
c1e492840f4fcc3995f6464acd94661f,1,2072d4792ab7893ddbfc178948e0eb86,3b15288545f8928d3e65a8f949a28291,2017-04-07 17:45:13,109.99,19.36
c1fa448f27f0921ae5417350e500490d,1,0fa49c14fe89e1b01414391d78f7c1a8,c8417879a15366a17c30af34c798c332,2017-04-04 21:23:02,13.2,14.11
c1fa448f27f0921ae5417350e500490d,2,0fa49c14fe89e1b01414391d78f7c1a8,c8417879a15366a17c30af34c798c332,2017-04-04 21:23:02,13.2,14.11
c208db5638f7f1cd04d185856852f864,1,ffbe3df3856b1fef3fee8f1264105a89,cbd996ad3c1b7dc71fd0e5f5df9087e2,2017-03-22 23:44:09,47.99,10.96
c216922ad3d667fb17d7c7b6843efaab,1,25a1c5b2e0ccbf703cb7b69ffebfaf38,56642bcb79900e777d68e91915cb4267,2017-03-09 20:03:00,48.0,15.11
c224a880841d56f37bdae6fe71fb8540,1,eebbed5ed3b134eceb717496c47652ba,d1c281d3ae149232351cd8c8cc885f0d,2017-03-09 21:35:10,89.99,20.71
c2509daf9e1312fea710fc46902c9da8,1,47dbce97622eb7520b80d26ab613414e,ffff564a4f9085cd26170f4732393726,2017-03-30 14:15:16,51.45,24.85
c26d364add43c6e2d99740f5a8b0b559,1,6e893462529821f68777de295cd56d70,f45122a9ab94eb4f3f8953578bc0c560,2017-03-27 18:36:37,17.99,14.52
c27815f7e3dd0b926b58552628481575,1,05e8eca656b87428a0e8453a2f335cdf,054694fa03fe82cec4b7551487331d74,2017-03-26 23:23:17,487.0,48.9
c27c10569c789ec6293df7ef9f4caaa1,1,1bfb290d7273a442c874dbe74b4abae6,a7f13822ceb966b076af67121f87b063,2017-04-11 15:55:20,89.96,26.13
c2832e2c3cb08be3037288b19cc7a6fc,1,b6f7a80ce020adcd7918fca6246bf96a,ff4ea69c2a729e83e63c7579e4ef8170,2017-04-03 09:42:53,899.0,20.46
c28ccf873b952bc98490e627a34c60f0,1,8c591ab0ca519558779df02023177f44,a1043bafd471dff536d0c462352beb48,2017-03-16 15:29:09,99.99,36.53
c28f3a01d4cfee461234c86a41f52e37,1,2b9de6c892dd8bfb80322b1650d9904e,f25e239052084705e17a982bc600ab2a,2017-03-23 17:56:04,2498.0,76.38
c290cb2817cca2e8d2656617d17acfad,1,dfc767a34d7f9f8ee72a3e9b5ed55f89,85d9eb9ddc5d00ca9336a2219c97bb13,2017-03-23 10:38:02,24.9,8.72
c29935f9146cc4781bc5855fd2c1d880,1,ea20f928ceaa7f146fe62a0cc8413ee5,5a8e7d5003a1f221f9e1d6e411de7c23,2017-03-27 00:04:33,59.9,11.03
c29f77479a4983291796c220560a9646,1,f35927953ed82e19d06ad3aac2f06353,669ae81880e08f269a64487cfb287169,2017-03-10 13:11:08,115.0,11.42
c2abf9bb9aed7fde704bd9b34802c52a,1,8dff5399c7a5552ee041c8bb465e5288,db4350fd57ae30082dec7acbaacc17f9,2017-03-22 13:30:46,34.99,17.78
c2acb9513a47b95007e5cd45e3516765,1,ba3f298a122a95c4928e8b8628e8520e,d1c281d3ae149232351cd8c8cc885f0d,2017-03-30 16:57:56,98.99,20.77
c2b3d03191d2e4327d41e4bb365a4328,1,b944a925e8a27be5de9850445766deb1,7e93a43ef30c4f03f38b393420bc753a,2017-03-13 14:25:10,239.0,16.88
c2d3596a04c210110354bc6e84240658,1,df6a5d0fac12bbc9f8655908abb5711f,2a1348e9addc1af5aaa619b1a3679d6b,2017-03-09 02:15:30,69.9,14.66
c2ed06437a123b8c578ce63581930191,1,6e6752783a53e4832b969f1417ca34cf,4b1eaadf791bdbbad8c4a35b65236d52,2017-04-06 16:32:13,349.9,16.62
c32dd42a4b8a42c008777be9de862c10,1,6d2c812450dd02b2f87495af63f9b709,2138ccb85b11a4ec1e37afbd1c8eda1f,2017-04-10 05:45:50,26.99,15.65
c33a8aa2dd5053d9fc89793f94229ab4,1,e888edddeb449bde570d695c62b27b26,3340ef1913fb70d28420f6ceb685c339,2017-04-06 02:10:27,89.99,11.24
c33a8aa2dd5053d9fc89793f94229ab4,2,e888edddeb449bde570d695c62b27b26,3340ef1913fb70d28420f6ceb685c339,2017-04-06 02:10:27,89.99,11.24
c33c6f0573546babb3f2ec2f6c1a7825,1,e6b6e72a0e6be244a69261788f086429,a673821011d0cec28146ea42f5ab767f,2017-04-04 15:55:19,119.9,9.83
c350d0389112a86be9f3802b560764fc,1,f32af0a8b0bcb05b60f05e8907ad8866,2a1348e9addc1af5aaa619b1a3679d6b,2017-03-08 13:55:22,29.9,14.52
c3514d46a6cc5789769fd473b39ba599,1,b7a2d0cb90ba252129d34d7c8d079d2b,620c87c171fb2a6dd6e8bb4dec959fc6,2017-04-05 21:55:19,229.9,12.22
c3547ff2a0fb9751d7b6aa7f7346695f,1,5a6e53c3b4e8684b13388d6aa4afdf12,7299e27ed73d2ad986de7f7c77d919fa,2017-03-30 13:30:10,14.99,14.52
c356aac7fabcd3bab9aaf9ce1f36b945,1,cca44f5c2c4c50a416b7ee155a58b2ba,7e93a43ef30c4f03f38b393420bc753a,2017-03-16 12:24:28,492.04,18.65
c39c97c1d22e4a4486ce849afb668211,1,3bcf64d8d26d6e06bd568d27fe31d8e8,d1c281d3ae149232351cd8c8cc885f0d,2017-03-09 02:25:34,127.99,20.98
c3adfb7dccc4a164923c5813219dc39f,1,11875b30b49585209e608f40e8082e65,669ae81880e08f269a64487cfb287169,2017-03-10 14:35:11,65.0,16.15
c3ca08e9565423d33c78e028dbb1ab65,1,cddf971ea646c184a153eb3899113d5e,aaed1309374718fdd995ee4c58c9dfcd,2017-03-29 16:03:47,20.7,17.78
c3d7d16efecadd7d1ef3ffb285dd8657,1,027cdd14a677a5834bc67a9789db5021,620c87c171fb2a6dd6e8bb4dec959fc6,2017-03-22 09:47:59,99.9,14.87
c3f522e0d16a23140f0fd5a49f89a4cc,1,d5b703c271f43f9c588a6f512a00f77e,fa40cc5b934574b62717c68f3d678b6d,2017-03-14 03:23:03,34.9,10.96
c40c8f44fadbd73ec33576de59af7037,1,403f76f6cb6bac59fe7dcb462ec42ac3,6edacfd9f9074789dad6d62ba7950b9c,2017-03-08 03:45:21,94.9,15.87
c40ef1f09f4ba772a63865df0274f6b8,1,33202a8e7a645388c41ed714203d7131,8d79c8a04e42d722a75097ce5cbcf2ef,2017-03-14 16:06:00,149.9,38.01
c40ef1f09f4ba772a63865df0274f6b8,2,33202a8e7a645388c41ed714203d7131,8d79c8a04e42d722a75097ce5cbcf2ef,2017-03-14 16:06:00,149.9,38.01
c4474cfbad07cea75b27b984b1c687be,1,125d26eac85cf57783e2b545149ad38c,92eb0f42c21942b6552362b9b114707d,2017-03-23 16:45:13,25.0,15.65
c448299f4076c96eb0849f981cf29a2f,1,86c43103446290e7efacad3701cd654d,6560211a19b47992c3666cc44a7e94c0,2017-03-08 20:42:26,35.0,8.72
c4abf2eb2ea936ee6fc6e630b152fb77,1,386486367c1f9d4f587a8864ccb6902b,cca3071e3e9bb7d12640c9fbe2301306,2017-03-17 20:50:46,109.9,17.51
c4de2c9027b739331dbfaebac612e662,1,8c5876b1c7768217964f353bc7e64393,0db783cfcd3b73998abc6e10e59a102f,2017-03-30 02:44:04,49.0,17.78
c4e9cf40a9cece6172750e47ddc74b20,1,b5dfd307658435bd981ff29e6da7e77a,3f8034bfc6b8b4135534975d49f04c63,2017-03-15 21:01:06,30.0,14.52
c4f3b6a5e1b0cd332ac54136c94c5053,1,e251ebd2858be1aa7d9b2087a6992580,001cca7ae9ae17fb1caed9dfb1094831,2017-04-03 23:22:42,139.9,16.68
c505a1999c5ad6aacc8339242d824073,1,46292acbc08d49b95138891146f7287b,3361277dc30b7cccdb0c286b24219756,2017-03-29 21:31:41,299.0,16.26
c505a1999c5ad6aacc8339242d824073,2,46292acbc08d49b95138891146f7287b,3361277dc30b7cccdb0c286b24219756,2017-03-29 21:31:41,299.0,16.26
c505a1999c5ad6aacc8339242d824073,3,46292acbc08d49b95138891146f7287b,3361277dc30b7cccdb0c286b24219756,2017-03-29 21:31:41,299.0,16.26
c5119bb429cf05b928aca27cd9e62cf4,1,192b332c511e484ea4f3f8b0526ee59d,41b86b552e54e3a7009596125aa8b167,2017-04-04 02:15:19,74.5,14.69
c518f5624cc7261df143c155e642a8cd,1,cf75cf76758e0ff7115fa0fcb486a732,c3cfdc648177fdbbbb35635a37472c53,2017-03-21 16:26:20,65.9,16.89
c5419fa3198a4e2caeb715ce9fe9a6e2,1,c6dd917a0be2a704582055949915ab32,7a67c85e85bb2ce8582c35f2203ad736,2017-03-17 12:58:57,99.99,15.46
c556be66c245e4bfc475064dbe859d61,1,081088b5ca67de215fa103434690cedc,d66c305afaec317ebee552073a674429,2017-03-31 15:10:20,139.0,11.58
c55c37eaba6a4d19a6465b0c467010a8,1,c80124276571cd4bef53cf35d9b36c5c,2528513dd95219a6013d4d05176e391a,2017-04-03 03:50:37,299.0,23.56
c565668594ff62ffd95ef9f06d90742f,1,47a67549d9b00310453dec1c3902e391,7722b1df1b0e383e000397b2c11e3e19,2017-03-30 19:42:07,49.9,14.52
c5739db7f3e9978c46904140ccbb6fb5,1,4a60d3216a54406b278c835697a068f4,70a12e78e608ac31179aea7f8422044b,2017-03-15 12:33:46,59.0,11.23
c583699ad331158897d9bf20f1a60004,1,243bb58796ed2164b831fb75e1241888,2138ccb85b11a4ec1e37afbd1c8eda1f,2017-04-03 11:10:23,27.99,8.72
c58a30614b49ec54fce768c0df52ba8c,1,67b0d38a61d8e4c1c1df7d56276302aa,0ea22c1cfbdc755f86b9b54b39c16043,2017-04-05 20:10:17,59.9,14.59
c58baaf50e63ac84717a1bc9c0a9c991,1,dd6a505f83dd3c6326aa9856519e0978,fa40cc5b934574b62717c68f3d678b6d,2017-03-26 23:16:55,49.9,24.84
c628feb26c9b967296fcee33fbdf2fd1,1,23ed7a10a36c6f88a757a9c83df9ea20,a888faf2d1baececa6baf9c3d603ee1f,2017-03-24 14:12:21,459.9,20.06
c63e118d1a3111cb82af1fdb95b68646,1,d5ad1429503cdb3871407ed2e8fbf859,6edacfd9f9074789dad6d62ba7950b9c,2017-04-04 20:50:09,140.9,14.76
c6492b842ac190db807c15aff21a7dd6,1,0449db5eede617c5fd413071d582f038,21e83881401b92b49fb09a16d3852291,2017-03-15 23:39:26,189.9,22.8
c6492b842ac190db807c15aff21a7dd6,2,0449db5eede617c5fd413071d582f038,21e83881401b92b49fb09a16d3852291,2017-03-15 23:39:26,189.9,22.8
c68ab0a4c51b32f6b71496f4daac4e16,1,136b005b69367b661e552c94cd28a37e,b1fecf4da1fa2689bccffa0121953643,2017-03-22 08:08:52,188.9,19.91
c6b6299c09e64ae50abb6de38ab93a51,1,50ac60f74b28ed25e7812fadbd8e71e9,8f119a0aee85c0c8fc534629734e94fd,2017-03-22 16:53:04,34.9,10.96
c6cc60f8aad17b2809b83bd02a1ccd48,1,0da904b76a8131e90eb8af2e4826ea59,33ac3e28642ab8bda860a2f693000e78,2017-03-22 21:34:46,104.9,16.17
c6cc60f8aad17b2809b83bd02a1ccd48,2,c384e8f1f1c380ef1dbafaf080ba25fc,33ac3e28642ab8bda860a2f693000e78,2017-03-22 21:34:46,82.99,13.48
c6d1de0a9015ea666f5291f62ffb15db,1,00be617b58175bf207fd35910d5097a4,4a3ca9315b744ce9f8e9374361493884,2017-03-08 11:30:42,48.9,15.56
c6eff5304f4a38da67159a731ae50674,1,f9a508234fed38c95437c5a16b847774,522620dcb18a6b31cd7bdf73665113a9,2017-03-16 04:23:41,59.0,14.58
c717b33977b903c18d81f8ee220ca736,1,f08c59bc335a381d2b015c4efdc6dae3,cca3071e3e9bb7d12640c9fbe2301306,2017-04-10 22:45:15,50.9,15.57
c72add79a1bef8c55628b377b01eb02d,1,a0ad09530f4066778a9cdb54f4f70c3f,bd0389da23d89b726abf911cccc54596,2017-03-30 02:10:22,42.9,16.05
c73f8cc3ea18990249df87fd4af96899,1,6ca11e79ed1acb748ccbb8e6b821967d,17e34d8224d27a541263c4c64b11a56b,2017-03-20 04:10:35,199.99,12.01
c74781be12a00f1e31f7160673c27190,1,c5a00e7e34e45fe4c79a38d102248b48,70a12e78e608ac31179aea7f8422044b,2017-04-05 11:25:15,59.0,11.02
c76b8b4f31097feb8351e62691177012,1,601a360bd2a916ecef0e88de72a6531a,7a67c85e85bb2ce8582c35f2203ad736,2017-03-17 12:23:20,129.99,13.49
c788aeedf593229d4ee84e790c2e5483,1,162e010af9fe224d35fd8496a273fb02,3c3017960b2dbd72711a61f0400aab8f,2017-03-09 22:55:40,89.9,27.1
c7a41978e3a504f1f6281e82e05c07f7,1,aadd486ebe3c20e6e07fa2a40d557a00,7a67c85e85bb2ce8582c35f2203ad736,2017-03-09 11:30:18,75.99,19.12
c7ab73e7c26ff800c76b703fae63c467,1,3be495aa2bea5ca3041d723c2db13209,abc015ebac1d283a323ca9db35ede4b9,2017-03-09 02:22:23,95.0,16.37
c7b067d8096220dcce7d81962a34f8ea,1,694e58e56c74114ee0628c25f3f26f8c,7008613ea464bad5cb9b83456e1e6a8f,2017-03-22 21:50:50,52.5,5.61
c7b067d8096220dcce7d81962a34f8ea,2,3cebb9158a3aa0b3f78ee0f934c9f032,7008613ea464bad5cb9b83456e1e6a8f,2017-03-22 21:50:50,59.9,48.6
c7b090b5048ef4f18fe02ef328421afd,1,2ff9737e49040a4de6435620ee96885f,d1c281d3ae149232351cd8c8cc885f0d,2017-04-03 09:22:44,119.99,80.07
c7b0be5584c50efa8a9d95d3eecbece3,1,e48f857c5498e6408410be1fda8e0fe4,70eea00b476a314817cefde4aad4f89a,2017-03-23 02:35:40,1800.0,26.07
c7b627d407eee2ec488c07e03e2b8c16,1,081088b5ca67de215fa103434690cedc,d66c305afaec317ebee552073a674429,2017-03-28 09:07:17,139.0,16.67
c7be34133b7857a83dec6494df176713,1,ab8ba49579d5b0173f85517ce22968c6,620c87c171fb2a6dd6e8bb4dec959fc6,2017-04-03 03:50:55,229.9,26.1
c7c2965767573b9685e46d49a456945b,1,5c0b5ea8a3b6a1ac9d0e5c58e97ba24c,669ae81880e08f269a64487cfb287169,2017-03-24 08:49:51,26.5,14.52
c7cecd72d8b7b272d7373802da9b302e,1,8c5876b1c7768217964f353bc7e64393,0db783cfcd3b73998abc6e10e59a102f,2017-03-30 18:33:08,49.0,10.96
c80905206d43c8d2105bc9c7fee90ae5,1,607ef4aa416b93fdeb2a811c2c73ad81,da8622b14eb17ae2831f4ac5b9dab84a,2017-04-03 20:23:47,119.9,19.43
c811a0a169f6226a82aa3cc2c6229897,1,90375e3ead4149e7ce79f04c8f6c0545,1d0997ff06b524ce9289ffd75114ecd3,2017-03-23 16:55:28,1199.0,40.94
c812c0f1cdbb156865e2d5e0ee09ee5f,1,8d8109048bbf6f0369b1522029f92a19,85d9eb9ddc5d00ca9336a2219c97bb13,2017-03-14 03:55:27,44.9,16.05
c8203bb57639618630affac9e8e923dd,1,aea06073397f809424f946979354c9f0,f45122a9ab94eb4f3f8953578bc0c560,2017-04-02 23:23:38,19.99,10.96
c82c811a142105c1a90a09d4fb30da62,1,9e572ff4654f7064419d97a891a8b0fc,da8622b14eb17ae2831f4ac5b9dab84a,2017-04-03 17:29:47,114.9,21.12
c8350e245c8ca4aa481b246c4afeb1ce,1,601a360bd2a916ecef0e88de72a6531a,7a67c85e85bb2ce8582c35f2203ad736,2017-03-30 23:32:14,129.99,17.65
c86abff82c66f9db0bbd012aba219921,1,9328c3a5c42ae7b32d53e419f9b93d66,cca3071e3e9bb7d12640c9fbe2301306,2017-03-27 10:14:48,50.9,15.57
c8780b46119fa8bb9fec37804082187a,1,d8b8d1f52d47dbbb51aa6990c3942402,2138ccb85b11a4ec1e37afbd1c8eda1f,2017-03-24 18:15:20,26.9,10.96
c881f8c42d20430b008bf5ea6abe4405,1,e9c1abcc7126360336d8f56d49041a8c,679769a98cfcc6da877c8486ff1c13f3,2017-03-07 12:55:23,349.0,16.2
c88921a6cbda2e9973f9cfbd4e771d20,1,663672ba9d02ab854b20231eb7e0b827,1da3aeb70d7989d1e6d9b0e887f97c23,2017-03-30 15:15:12,12.99,8.72
c88921a6cbda2e9973f9cfbd4e771d20,2,5f3f5c80596311932d5e05800909f37c,1da3aeb70d7989d1e6d9b0e887f97c23,2017-03-30 15:15:12,12.99,8.72
c8efed385881ed6ba56357b0d20a1e46,1,33202a8e7a645388c41ed714203d7131,8d79c8a04e42d722a75097ce5cbcf2ef,2017-03-12 23:30:19,149.9,38.01
c8f6f16968064fb152e6eef1952c2f09,1,791ca2a1ab6775e9c7e950de10febc1e,c3251e13f1bbda6c74e37c160f991e19,2017-04-20 18:18:22,147.9,14.81
c91097c936cb64d71ceee3f0d99927ea,1,3b2171e2d0d589efd2eb579ced25dc80,83e197e95a1bbabc8c75e883ed016c47,2017-03-13 04:15:17,119.5,21.16
c91097c936cb64d71ceee3f0d99927ea,2,3b2171e2d0d589efd2eb579ced25dc80,83e197e95a1bbabc8c75e883ed016c47,2017-03-13 04:15:17,119.5,21.16
c92758b82c8796f0f576a9653e981689,1,67d3f6027e457def88e26057b5a92836,31344c16881c08a8a72c6d2eb29918c1,2017-03-21 16:47:53,299.9,43.69
c92a9fd680f588dcff7ff22fce0abbcc,1,052516c377ebbc53a39f053af1db08b4,c0563dd588b775f2e37747ef6ad6c92c,2017-03-15 13:23:19,139.9,12.37
c93a5ee8b79d80e391eba8a575bd4d1d,1,0cf13ac73dbcf6586ba63b89dd1f780a,b14db04aa7881970e83ffa9426897925,2017-03-23 14:07:59,47.0,11.74
c93a5ee8b79d80e391eba8a575bd4d1d,2,93e0df39afbe96d9194642c0b9330c60,d20b021d3efdf267a402c402a48ea64b,2017-03-23 14:07:59,39.99,11.74
c93a5ee8b79d80e391eba8a575bd4d1d,3,d27144c40fa89d288b74adfd0e20db91,d20b021d3efdf267a402c402a48ea64b,2017-03-23 14:07:59,39.99,11.74
c93a5ee8b79d80e391eba8a575bd4d1d,4,68486b30d9aa029461c1906bdcbf09df,d20b021d3efdf267a402c402a48ea64b,2017-03-23 14:07:59,39.99,11.74
c94afbac001c0b424f8ae04023a476b9,1,23ed7a10a36c6f88a757a9c83df9ea20,a888faf2d1baececa6baf9c3d603ee1f,2017-03-27 09:19:40,459.9,18.43
c98c07a025d81c2340fa5495602c2312,1,880be32f4db1d9f6e2bec38fb6ac23ab,fa40cc5b934574b62717c68f3d678b6d,2017-04-06 01:15:19,42.99,8.72
c98ff3e97a8d66fbea39ae151011b528,1,773ea88f7b9332e4531d0295279f5f34,7008613ea464bad5cb9b83456e1e6a8f,2017-03-27 21:41:57,198.0,34.76
c9b1334232f321d2f0a4525120eae634,1,34239894e175b17d8c84edc6c73b4dad,827f8f69dfa529c561901c4f2e0f332f,2017-03-16 11:38:13,32.9,8.72
c9b2447b34e74d4e83900fb91dec3e56,1,b6a1a729d84991c54d232ed0fb0b8deb,04aa0a1c5ce6b222003403a3e11c3cc0,2017-03-29 13:10:43,338.0,21.67
c9f32c5ccea32c0fa95474e83d8f321e,1,081088b5ca67de215fa103434690cedc,d66c305afaec317ebee552073a674429,2017-03-16 13:33:44,139.0,15.14
c9fec30469cd7bb3784574c3200b828f,1,d06a11f0dc564e8f89ca5593252679b7,0307f7565ff85b299b6e5ef162b1b1a9,2017-03-15 17:28:19,1029.0,39.5
ca1533a4041a98501d0c3250c7dff345,1,6bda3bc4a9032dc7f18b635e051d0c72,acf974e4d5950ad143a247471b831eb9,2017-03-16 16:38:43,32.6,24.84
ca1533a4041a98501d0c3250c7dff345,2,6bda3bc4a9032dc7f18b635e051d0c72,acf974e4d5950ad143a247471b831eb9,2017-03-16 16:38:43,32.6,24.84
ca59a12c00e1e5fd88c42789115fb8d3,1,4cce2fad3d2dec6f82510d2521aebdd3,0adac9fbd9a2b63cccaac4f8756c1ca8,2017-03-09 20:32:47,144.9,12.4
ca67b029ed798e97aaf9397c40fef499,1,ff7fccf8513f360157f0660fe51d1d88,440dd6ab244315c632130ecfb63827b1,2017-03-27 10:04:46,159.9,13.7
ca8eaa7367f04ef547edaa942ad53386,1,b2b7267fcaf435c1d6ff0fe43b6716d4,6560211a19b47992c3666cc44a7e94c0,2017-03-10 14:35:08,79.0,14.72
ca91c1dd2e25ae6e5f339efbfcd507ef,1,7340a3839a1de1e99d149b8cf052a2ec,4a3ca9315b744ce9f8e9374361493884,2017-03-19 21:53:51,69.9,11.88
ca98afe572ee9754ef0cd28c6b97758a,1,eba7488e1c67729f045ab43fac426f2e,620c87c171fb2a6dd6e8bb4dec959fc6,2017-03-27 01:35:08,198.9,21.84
caa0b1f68d02953d97d190e4e4e7191e,1,62ca5c25d64eb6e83232fdb4203df305,cf2384dd2f1dddea3f838efed0945e65,2017-03-15 20:28:23,129.9,23.9
cb2ad554e5c2af7151fa9b324750df29,1,c8078bb7927143cdb008e3563230ca61,5a8e7d5003a1f221f9e1d6e411de7c23,2017-03-16 19:44:33,19.9,14.52
cb2fbc8c6e48dc4954fc8cb1034900f0,1,89d49f6d10ff422902b2c2cb05da7f1c,9646c3513289980f17226a2fc4720dbd,2017-03-16 19:27:48,49.9,12.93
cb459c6af32347f6dd511553117bd080,1,da549e6a420b6f352a9d7d9b50d7b575,25e6ffe976bd75618accfe16cefcbd0d,2017-03-07 10:05:20,78.75,17.39
cbd73a65c5edc13fbcde523d1ed2090f,1,1c63d0a4d75df524d4605a43285925d7,45d33f715e24d15a6ccf5c17b3a23e3c,2017-03-10 11:03:08,54.87,15.59
cc295a32e72e4ebe54030c6ae3f75066,1,c7b3cf9de7be95b3e09e7a63315685eb,5dceca129747e92ff8ef7a997dc4f8ca,2017-03-16 11:15:29,59.9,20.5
cc295a32e72e4ebe54030c6ae3f75066,2,c7b3cf9de7be95b3e09e7a63315685eb,5dceca129747e92ff8ef7a997dc4f8ca,2017-03-16 11:15:29,59.9,20.5
cc33143e956d12c68737d2ea49910386,1,74e47bd907dc11882c23f4c4ce14031f,87142160b41353c4e5fca2360caf6f92,2017-03-29 16:03:46,39.9,17.19
cc4dc2d6667cba8c386c69eb4f76f0c3,1,7642ddbf174d9a97119510f56be6c201,46dc3b2cc0980fb8ec44634e21d2718e,2017-03-22 13:08:05,299.99,31.03
cc80504e2db2b7b744e2bfe2450c95d3,1,0fc6914383c2bea767a9562c9d8b43a1,8c16d1f32a54d92897cc437244442e1b,2017-03-14 02:05:08,44.99,14.52
cc94498194148d51cfb085f11338b383,1,076e4ce53c8914382e7ff3732511b17e,59fb871bf6f4522a87ba567b42dafecf,2017-04-06 23:50:23,99.99,21.15
ccb47af9fe6426dd806a65340e7c6661,1,1860189a4eaca04ccb8324bf0ea4384c,b17b679f4f5ce2e03ce6968c62648246,2017-03-16 18:46:06,148.97,15.21
cce2ceb2a8ee779a15975a90e6063cab,1,58efb9b638561ce132216a9a612513e2,701938c450705b8ae65fc923b70f35c7,2017-03-23 10:58:02,103.97,47.77
ccfed22516d5e4520d1df318959b309f,1,3ef588bfd98e3e3a65ab2478b5b32824,fa1c13f2614d7b5c4749cbc52fecda94,2017-03-27 21:37:15,229.9,15.78
cd05a1fc2781f43f5e459c285751e26a,1,7c36efeb84ad73bad896d3b2c7a21e3d,6560211a19b47992c3666cc44a7e94c0,2017-03-15 11:30:08,65.0,14.62
cd2c2d1c98e51894f2266c5140d14c29,1,4bec65b5ca713b764fe4cd47d9b5368c,da8622b14eb17ae2831f4ac5b9dab84a,2017-04-04 20:10:19,49.9,18.94
cd302f435cdd4b5fa4775e9f6243c74f,1,47ed478ee7b2696c2c49229fcad56e98,afe0067131b73e40875c9b6c10bd2e21,2017-03-22 10:26:45,129.9,20.99
cd3f1eb3138c86331f1d27332acdae59,1,1b11571a0535a643bb18db34b84b7334,48436dade18ac8b2bce089ec2a041202,2017-03-21 09:19:06,64.9,16.15
cd49c5c6f772ac87200f116a7a5499e5,1,72a30483855e2eafc67aee5dc2560482,c3cfdc648177fdbbbb35635a37472c53,2017-03-15 02:51:06,99.0,17.43
cd7d5eba4ca59e359249279469aa4f7a,1,4298b7e67dc399c200662b569563a2b2,4b5f66b7adcf57f1ecc0d3c07dd6b177,2017-04-04 02:10:41,149.99,15.22
cd98f2d08f3ae54d290fa99c0c242388,1,d25939c0074d27039e0e544878f12372,da8622b14eb17ae2831f4ac5b9dab84a,2017-03-29 14:01:34,129.9,20.99
cdac2dd3643b01d8c79cb8bb30998c6a,1,fb14dbd8b5d4195d70df81f35b593889,5b33b527da3c5b969cc99dc435cad09a,2017-03-24 20:19:09,29.9,24.84
cdaededb679c58a0e7de44a196b55750,1,154e7e31ebfa092203795c972e5804a6,cc419e0650a3c5ba77189a1882b7556a,2017-03-21 09:39:00,19.99,8.57
cdaededb679c58a0e7de44a196b55750,2,7c1bd920dbdf22470b68bde975dd3ccf,cc419e0650a3c5ba77189a1882b7556a,2017-03-21 09:39:00,64.99,20.57
cdc82761e2ff29724926335586ac1f8c,1,5bfc7506459ae2a7b4b573fe557a58e1,4a3ca9315b744ce9f8e9374361493884,2017-03-13 15:03:08,69.9,11.88
cdfb5ee8cbd9cea7cf9cb8db9bf94eff,1,a1bf559ac1eab015ba992bd76d9d76c7,85d9eb9ddc5d00ca9336a2219c97bb13,2017-03-23 21:48:40,23.9,10.96
cdfc8d98469b5469527223fa4d487882,1,be4f6fe1a36e3a7abc3c966be0925070,d20b021d3efdf267a402c402a48ea64b,2017-03-20 12:25:25,22.9,14.52
ce322da078046d3b1e267b888d563fbe,1,6b80b94c131c21e8a80f8139fa458329,4e7c18b98d84e05cbae3ff0ff03846c2,2017-03-08 20:50:17,129.0,49.42
ce363f57a8d2e65231452918eebd5391,1,f7c7bd3105bd26ce0de4072af7159f84,d66c305afaec317ebee552073a674429,2017-03-26 23:00:42,97.99,24.89
ce3756a051e619f9a749a8795aee498f,1,c2c989ac5100e59a6c3d12b2c31a2c72,8a32e327fe2c1b3511609d81aaf9f042,2017-03-08 06:45:14,12.99,15.56
ce3756a051e619f9a749a8795aee498f,2,c2c989ac5100e59a6c3d12b2c31a2c72,8a32e327fe2c1b3511609d81aaf9f042,2017-03-08 06:45:14,12.99,15.56
ce3756a051e619f9a749a8795aee498f,3,c2c989ac5100e59a6c3d12b2c31a2c72,8a32e327fe2c1b3511609d81aaf9f042,2017-03-08 06:45:14,12.99,15.56
ce3756a051e619f9a749a8795aee498f,4,c2c989ac5100e59a6c3d12b2c31a2c72,8a32e327fe2c1b3511609d81aaf9f042,2017-03-08 06:45:14,12.99,15.56
ce3756a051e619f9a749a8795aee498f,5,c2c989ac5100e59a6c3d12b2c31a2c72,8a32e327fe2c1b3511609d81aaf9f042,2017-03-08 06:45:14,12.99,15.56
ce3756a051e619f9a749a8795aee498f,6,c2c989ac5100e59a6c3d12b2c31a2c72,8a32e327fe2c1b3511609d81aaf9f042,2017-03-08 06:45:14,12.99,15.56
ce457974a91b6bddfebdf60b46c71b45,1,81d7eb906ca211cac7d603e93fa5eece,92eb0f42c21942b6552362b9b114707d,2017-03-28 21:23:44,59.99,8.79
ce8502b200546c12a54e51a65f313f34,1,3c2f792f1041177a81913a977431a99e,6ee85be3693ed79a8e80718743d80655,2017-04-03 14:55:08,29.5,16.05
cebe1a22714a4536f852866377c9bcbd,1,dca8cbb1c9d8a2db0fbc0c36b8d1a7bc,6560211a19b47992c3666cc44a7e94c0,2017-03-17 10:05:43,79.0,14.72
cebe1a22714a4536f852866377c9bcbd,2,dca8cbb1c9d8a2db0fbc0c36b8d1a7bc,6560211a19b47992c3666cc44a7e94c0,2017-03-17 10:05:43,79.0,14.72
cec8f5f7a13e5ab934a486ec9eb713c8,1,474f95f49724d468f7835af438b6fde5,41b39e28db005d9731d9d485a83b4c38,2017-04-28 15:56:47,32.9,14.52
cec8f5f7a13e5ab934a486ec9eb713c8,2,474f95f49724d468f7835af438b6fde5,41b39e28db005d9731d9d485a83b4c38,2017-04-28 15:56:47,32.9,14.52
cedac928ba1f320f1f61e79b3801b5c5,1,c2aedc6c0521b9c1fd928f2b2375d5d6,c13fb473e7cb8b83ccd543c094df0608,2017-03-24 10:48:56,19.9,8.72
cee0d3db23e58081262faf1ee22ded6d,1,2b4609f8948be18874494203496bc318,cc419e0650a3c5ba77189a1882b7556a,2017-03-27 20:34:53,89.99,11.24
cf0dded3953c720dae956498ff3b0376,1,0efc91aa52d1f0669126d3000a94279b,d1c281d3ae149232351cd8c8cc885f0d,2017-03-27 12:15:51,98.99,20.77
cf2025217f63100bdc2328402c3e2b1c,1,b931645cdc2d9868f01544e8db63f5ab,b14db04aa7881970e83ffa9426897925,2017-03-20 23:01:01,69.0,18.76
cf2ae7f823490d9b4ec3d33f889609e4,1,9d703ce870d13f6fca072b0fca977fc1,820cc752a266cdc6c1a1e61dd4583330,2017-03-15 21:18:57,109.9,11.38
cf3c9d37ec74339e66e6fe4daa089fe4,1,ae81ec7bba7a30b0b609ecc9513699d4,6edacfd9f9074789dad6d62ba7950b9c,2017-03-17 14:39:34,42.9,14.52
cf838b10d965c765a75c4f6f17bf645e,1,872e6a0048c42c52c5bf50c2780a706f,b92e3c8f9738272ff7c59e111e108d7c,2017-04-03 06:42:27,119.9,23.83
cf8a303d6edcce23699d7797c71ca28d,1,e0d64dcfaa3b6db5c54ca298ae101d05,7e93a43ef30c4f03f38b393420bc753a,2017-03-13 16:15:11,231.27,27.88
cfa77ac0694c1a3fca0789c087b84411,1,2f70195374f6c3d3c6542edf5bd17c8c,6560211a19b47992c3666cc44a7e94c0,2017-03-13 19:50:20,49.0,14.52
cfcd1b446010715bb44c1babfe225e6e,1,b687f7d54b34a215172bf55f9584584a,76d5af76d0271110f9af36c92573f765,2017-03-23 07:07:43,108.9,21.21
cfd355e6233b9854f7decc72472f9c3e,1,d952c09021388fd5b1e5f914f559fb10,2138ccb85b11a4ec1e37afbd1c8eda1f,2017-03-30 02:16:17,18.99,17.78
d01c5b46e00bd214519fe9f64bbb2649,1,96aca2f53bcaed6f466449f7fb18ae75,ffff564a4f9085cd26170f4732393726,2017-03-17 20:30:13,79.0,14.72
d028a64c05f08a92c571f7c90337dd1b,1,b59fb744c6f3cd1dc23b10f760848d98,916748bc99315c2d202898ae58b1617e,2017-04-05 09:10:14,9.9,10.96
d02a27af33a8164ec42eeddf27c5ad59,1,81288df52439985f610be64465e53f57,54a1852d1b8f10312c55e906355666ee,2017-03-28 09:57:27,109.99,17.51
d04aa7a56c20579debaf2cd69ce4dd73,1,386486367c1f9d4f587a8864ccb6902b,cca3071e3e9bb7d12640c9fbe2301306,2017-03-13 21:02:48,109.9,19.36
d04aa7a56c20579debaf2cd69ce4dd73,2,386486367c1f9d4f587a8864ccb6902b,cca3071e3e9bb7d12640c9fbe2301306,2017-03-13 21:02:48,109.9,19.36
d04eab35da4dc8a5fbab6771c0a8b517,1,c708ba7c6269161f89ce0683cdd7c432,6560211a19b47992c3666cc44a7e94c0,2017-03-24 19:08:57,49.0,15.65
d0714b92348bdff5af0cabf84ae6c2c0,1,1490307eb0bc9c499936ad716b79ca45,01cf7e3d21494c41fb86034f2e714fa1,2017-03-16 13:16:12,169.9,17.34
d0735172d1bc5aae5bd8abb3675e6556,1,a4bc24bcb44abb54f2f6214991dcdab0,8e6cc767478edae941d9bd9eb778d77a,2017-03-09 09:23:01,59.9,22.97
d079556268ebfb6ee516faac531c2f78,1,3a7c9b0413d7b9cc7f4a18318fc5afb3,7a67c85e85bb2ce8582c35f2203ad736,2017-03-21 01:20:06,129.99,9.28
d0ad497b0a295331204a39fc13a6f70d,1,619d72a5e53d41d7646274a3fa20c2c4,3bb548e3cb7f70f28e3f11ee9dce0e59,2017-03-15 17:30:36,63.9,16.15
d0d85933667e8a90939ca37947942b62,1,4bb4fb9c85785b75ab4f6559900c7ca1,ef506c96320abeedfb894c34db06f478,2017-03-14 19:55:23,37.99,10.96
d0deccc9a14a13ecbca790453d394bf6,1,d84895a804248d73a16480c0b2e18604,218d46b86c1881d022bce9c68a7d4b15,2017-03-27 14:27:40,158.0,30.04
d1142640ffde00a5ea942d37238ec5f8,1,942328ba3a2546856b7361547edf6eb2,0df3984f9dfb3d49ac6366acbd3bbb85,2017-03-16 09:25:41,74.6,20.97
d15a203ea25983a3a17ec382a8a9122e,1,20eec5e935bad5e35e6fd4a6af9b1a63,1fddcb7b326905d3ad5efe82187db347,2017-04-03 07:35:12,92.0,13.22
d17168fed59b987a3b0f2b7d2be18ca4,1,6818237fc018fd5890c9095624a12182,bb5bd94c8f59cc050072d2930c869cac,2017-03-23 04:13:12,59.9,20.87
d20a75098caf1adc63a3792b3b3e4e89,1,a35a59bff183b90417bbc511e1d82115,dbb9b48c841a0e39e21f98e1a6b2ec3e,2017-04-03 09:50:16,68.99,11.09
d2176b03a3d39c462bb88f935ea12fb5,1,625a5d3dc87b556165f33a639f24bd4a,57fe6232e67823593374a2281d7a8af8,2017-03-13 22:15:12,27.12,15.56
d225bda2584ada7ef0895192338c3dd4,1,cee96128d25ffe3429e69452233838dd,cfb1a033743668a192316f3c6d1d2671,2017-03-27 14:06:02,26.0,14.52
d225bda2584ada7ef0895192338c3dd4,2,cee96128d25ffe3429e69452233838dd,cfb1a033743668a192316f3c6d1d2671,2017-03-27 14:06:02,26.0,14.52
d24b287420a2c9f6fcbe91cc11d788c3,1,e9a69340883a438c3f91739d14d3a56d,1b4c3a6f53068f0b6944d2d005c9fc89,2017-03-20 17:33:28,169.9,22.66
d24b287420a2c9f6fcbe91cc11d788c3,2,e9a69340883a438c3f91739d14d3a56d,1b4c3a6f53068f0b6944d2d005c9fc89,2017-03-20 17:33:28,169.9,22.66
d24b287420a2c9f6fcbe91cc11d788c3,3,e9a69340883a438c3f91739d14d3a56d,1b4c3a6f53068f0b6944d2d005c9fc89,2017-03-20 17:33:28,169.9,22.66
d24b287420a2c9f6fcbe91cc11d788c3,4,e9a69340883a438c3f91739d14d3a56d,1b4c3a6f53068f0b6944d2d005c9fc89,2017-03-20 17:33:28,169.9,22.66
d252e32f481bed5bbbbc4c0c76261939,1,83ca77d87b187321faaee535adbce26c,7901646fdd36a55f564ffaf2dbccaaf7,2017-03-15 22:57:05,869.95,19.85
d29d63928559ca53630a4e064a42381a,1,2eb9b2ef7c1da3c7b99702452ea4729f,0db783cfcd3b73998abc6e10e59a102f,2017-04-06 06:42:28,99.0,25.18
d2c2a40d9d3d9479b0784a08930ebc75,1,8c591ab0ca519558779df02023177f44,a1043bafd471dff536d0c462352beb48,2017-03-19 23:05:19,99.99,36.53
d2dd28b2a74faaeb77da8d3e53a9bd75,1,abcadf3aeced9a5dd2c23cb61ca09a4c,5bffbafbb22daf6d3bfc216a46db8708,2017-03-16 11:26:08,69.99,14.66
d2e3c8badd7edcc85e6a4fe780954dfd,1,50ac60f74b28ed25e7812fadbd8e71e9,8f119a0aee85c0c8fc534629734e94fd,2017-03-23 07:15:31,34.9,10.96
d2f67144a4e6d027140260ae9ed6b648,1,010951987d78f9d52fbf50a43b690ba1,3340ef1913fb70d28420f6ceb685c339,2017-03-16 09:07:24,177.9,30.18
d2f67144a4e6d027140260ae9ed6b648,2,010951987d78f9d52fbf50a43b690ba1,3340ef1913fb70d28420f6ceb685c339,2017-03-16 09:07:24,177.9,30.18
d2f67144a4e6d027140260ae9ed6b648,3,010951987d78f9d52fbf50a43b690ba1,3340ef1913fb70d28420f6ceb685c339,2017-03-16 09:07:24,177.9,30.18
d2feffdc8a5c6772992aafeff8b9bdef,1,ea012826f2cb04c6fd08522ca179302f,8cc6a0e5738e61a87b03c78b2ba9db4b,2017-03-14 15:02:43,84.9,16.29
d35551f33906e01d035a5f40e1bd1732,1,d0b9d3d449a97f582b325f11b512bfd2,83e197e95a1bbabc8c75e883ed016c47,2017-03-20 12:30:17,124.9,19.15
d35551f33906e01d035a5f40e1bd1732,2,d0b9d3d449a97f582b325f11b512bfd2,83e197e95a1bbabc8c75e883ed016c47,2017-03-20 12:30:17,124.9,19.15
d35551f33906e01d035a5f40e1bd1732,3,d0b9d3d449a97f582b325f11b512bfd2,83e197e95a1bbabc8c75e883ed016c47,2017-03-20 12:30:17,124.9,19.15
d35551f33906e01d035a5f40e1bd1732,4,d0b9d3d449a97f582b325f11b512bfd2,83e197e95a1bbabc8c75e883ed016c47,2017-03-20 12:30:17,124.9,19.15
d3595dfd1c2d8bdbfd8d2f3bb98a5cc5,1,516d614a5a8bd8983bf46eaa51fab8eb,f8db351d8c4c4c22c6835c19a46f01b0,2017-03-19 21:07:39,28.9,11.74
d3595dfd1c2d8bdbfd8d2f3bb98a5cc5,2,516d614a5a8bd8983bf46eaa51fab8eb,f8db351d8c4c4c22c6835c19a46f01b0,2017-03-19 21:07:39,28.9,11.74
d3595dfd1c2d8bdbfd8d2f3bb98a5cc5,3,516d614a5a8bd8983bf46eaa51fab8eb,f8db351d8c4c4c22c6835c19a46f01b0,2017-03-19 21:07:39,28.9,11.74
d36acfa4bc85e54fc27dd9d1cbc8208b,1,c4baedd846ed09b85f78a781b522f126,a1043bafd471dff536d0c462352beb48,2017-03-24 19:18:20,99.99,28.89
d3814caaf7587391515f5ec329ecda07,1,cb1b037c120d9dad45d63a2723e46f18,6989574bd97d9773f10d232b6c07da59,2017-03-28 23:17:07,389.0,57.3
d385135903a04968ff911a2a1c7c9188,1,753de82a096285dc21658d87c4933771,16090f2ca825584b5a147ab24aa30c86,2017-04-05 17:45:15,69.99,14.66
d3a20ccc02c906dea8bd172dbfa1d31d,1,9ebb48bdfe9f9c51c6c9f8a32a18d67f,c3cfdc648177fdbbbb35635a37472c53,2017-04-04 20:43:07,299.9,23.57
d3cc6a0be5a659e6c515010d99e9c335,1,ab8ba49579d5b0173f85517ce22968c6,620c87c171fb2a6dd6e8bb4dec959fc6,2017-03-28 16:58:07,229.9,15.78
d3cc9985b382ccfd773563453d506359,1,8c591ab0ca519558779df02023177f44,a1043bafd471dff536d0c462352beb48,2017-04-05 18:02:16,99.99,36.53
d3d1c3c4a40be344bd7092fa770cddb9,1,2b4609f8948be18874494203496bc318,cc419e0650a3c5ba77189a1882b7556a,2017-03-21 21:17:16,89.99,14.8
d3f9ddd38c360abccd5a079173772acc,1,aee9cd26256b232251c668f81a66a52e,ef506c96320abeedfb894c34db06f478,2017-03-08 22:05:20,21.99,14.11
d40dd8018a5302969efb31bd21744cab,1,2284b28ca179d66957a67ef01a5b7d6c,8e6cc767478edae941d9bd9eb778d77a,2017-04-02 23:10:30,35.0,14.12
d42c3af33e0f04b3d5f012b6559e70c9,1,99a4788cb24856965c36a24e339b6058,4a3ca9315b744ce9f8e9374361493884,2017-03-20 15:43:08,89.9,14.8
d43470a53ea038b249664f2b6b7e48d1,1,010c988805cc0a13b9ba455ffc6c8510,aba1721a889e04decc910aa13b768ef4,2017-03-13 21:25:16,149.0,16.74
d437ec1ece70f3e35d2695adfeb8a272,1,8f7a3322e1abfed89ac080b0f7364779,ffff564a4f9085cd26170f4732393726,2017-03-27 13:32:46,52.5,18.96
d475063859317702a25c3f60c5cfd824,1,e275b12a1775bcc17af5524af5ba80b4,3f8034bfc6b8b4135534975d49f04c63,2017-03-08 12:47:52,120.0,22.77
d47c3e59ac03430c6e743c61f7e6bb6c,1,e7d26dd6742baca292020c158e6720c3,6cd68b3ed6d59aaa9fece558ad360c0a,2017-03-23 20:31:09,54.9,10.99
d496c7682d606e5b5e371b47849d8ad6,1,7c2d0df8e5fbfa71d54a400b33a8502e,7e1fb0a3ebfb01ffb3a7dae98bf3238d,2017-03-16 02:43:35,116.0,11.42
d4a3bd4ef8590f7923183b70e32326d8,1,71a033537c0b1b79fc26e6d0bb3bb1a2,391fc6631aebcf3004804e51b40bcf1e,2017-04-05 02:05:11,73.35,11.9
d4b7cee184f5ec6e5819759fd4178b90,1,dc0fe1906bacc99199eb46fce442e1de,b1ac6ea7895bc3dd6f0f6f4abbdd2821,2017-03-27 13:32:15,59.0,26.88
d4c46523b1239f182b74fb0ea1c27f32,1,d070415dddac66bcbc0a2e4f253c0f81,712e6ed8aa4aa1fa65dab41fed5737e4,2017-03-14 18:50:21,310.0,86.97
d4ce059dcf44b359b2c44a8fcc8d678c,1,2291d090b69f60fc0ffd95ae394daa77,c847e075301870dd144a116762eaff9a,2017-03-17 13:32:01,99.9,15.91
d4d98e2a9fbc5e5cf70e61031b858115,1,66a0a6e02b7f543e5b021ce361f267d4,7a67c85e85bb2ce8582c35f2203ad736,2017-03-23 19:01:14,119.99,16.05
d4de6d0debe2df72c4ccf399d9a7acaf,1,3ba2b0de14984ce8f072c58be8d701dd,a3a38f4affed601eb87a97788c949667,2017-03-13 03:35:12,104.99,25.47
d4e42f9170131eed76bf87f17541bc48,1,e3e8e08714c40e0101bd225f06bf4fef,f8db351d8c4c4c22c6835c19a46f01b0,2017-03-16 14:21:09,23.9,10.96
d526a4d7c1f50bfd80246d7524f8553e,1,fde4e97b75bd817d8c4aef8de39ed4d9,0ea22c1cfbdc755f86b9b54b39c16043,2017-03-09 13:05:29,79.9,14.73
d529d4dc2eeac6ba7abe986a604d7deb,1,526e24e5c44ede53f4d3a7c10cf8bddb,1336efc61c316ddf92c899eb817f7cae,2017-03-30 20:15:19,28.0,10.96
d54005052afdbf06d7a1d39cc9e45f92,1,ddb6b29657e50476a9698d4606bb6471,59417c56835dd8e2e72f91f809cd4092,2017-03-30 22:44:28,1589.0,59.64
d57eab70175d8611d6a811d6c2af63ae,1,3ea7e516d573a0445abc7cab48949be0,272f092de69afedd4d2969440b37f18f,2017-03-14 01:30:25,34.95,14.52
d57eab70175d8611d6a811d6c2af63ae,2,57a2ee969286488b5437acce27b74259,272f092de69afedd4d2969440b37f18f,2017-03-14 01:30:25,34.95,14.52
d591a97fad2791ee9d973b748fd1c4d9,1,b09790edda54333116f9cf1decc580a1,d2374cbcbb3ca4ab1086534108cc3ab7,2017-04-13 15:45:21,24.9,10.96
d5a2a83ddd838aa8ea9297e7d3c773fb,1,eebab579293fbe7c5bf6b18e1744a0b1,725c32fa80c2faacc4fc88450d27314e,2017-03-13 16:10:16,21.88,9.34
d5bcb8f80071a67b57f191f45f7faf88,1,1750753e77dc38c4afe6fc90f02c39bc,f8db351d8c4c4c22c6835c19a46f01b0,2017-03-17 11:03:49,36.9,14.52
d5e91ef44fecb8ae4e1ce8e51cb17818,1,4e796a1ab2449866e7885bfa9a6d6944,cca3071e3e9bb7d12640c9fbe2301306,2017-03-20 15:20:16,84.9,15.8
d5f00152185286db9711864486393e32,1,0eda6e310c91549299a2f97d0354f7fb,57e632711dec9ec14ca7546769483e7e,2017-03-27 08:26:42,104.0,14.9
d61b915b69851aec8a8865f36cfd793e,1,48ee9be392f28ae3a64518a070f4d06a,4a3ca9315b744ce9f8e9374361493884,2017-03-27 19:25:23,69.9,11.88
d630523e4ead4d29e7dd497f1a47b90e,1,fcb0e3bd6245e82cb0203dca6c126e43,36a968b544695394e4e9d7572688598f,2017-03-21 13:15:25,20.9,17.78
d6418b6fa2a27ebf8c1e2d4ca0d14492,1,1720f85e4a07f5701170d6c4e0acdb02,6edacfd9f9074789dad6d62ba7950b9c,2017-03-30 12:10:47,49.9,10.96
d66cc5131251a9a5e42c649631dfbdaf,1,1e7f9d795f9e15f1df670649367d27d8,3d871de0142ce09b7081e2b9d1733cb1,2017-04-04 01:15:23,99.0,29.62
d681e67cbf0c8f6d2b67a6b6871d7f50,1,f71973c922ccaab05514a36a8bc741b8,5dceca129747e92ff8ef7a997dc4f8ca,2017-04-03 09:10:25,109.9,24.05
d6b16c30481ca56fec3cc6919a37c1c1,1,ecbe1ef7e2903ff8b1d704ba78fa264d,c3cfdc648177fdbbbb35635a37472c53,2017-03-27 10:21:51,106.9,17.49
d6c897633f14d2c71e22c530ae9f0a11,1,880be32f4db1d9f6e2bec38fb6ac23ab,fa40cc5b934574b62717c68f3d678b6d,2017-04-05 22:30:10,42.99,10.96
d6d47a77da8f82d0d6d55be296afce73,1,ba091f760e02c4b603a0a6a52c2d31d8,712e6ed8aa4aa1fa65dab41fed5737e4,2017-04-06 03:55:56,135.0,47.99
d6d47a77da8f82d0d6d55be296afce73,2,ba091f760e02c4b603a0a6a52c2d31d8,712e6ed8aa4aa1fa65dab41fed5737e4,2017-04-06 03:55:56,135.0,47.99
d710a78f61cc62d2aeb7ebde38ee7738,1,74d7448191f6e492834de7fe6dd952c2,620c87c171fb2a6dd6e8bb4dec959fc6,2017-03-17 16:40:57,199.9,56.26
d712c9d57be3d48a79c033437994908b,1,29b85c2f1ec5f4d02b03737a8fd3698b,44073f8b7e41514de3b7815dd0237f4f,2017-03-14 02:45:19,188.0,16.62
d71eba34205e5f3291c2360f8c64f5f8,1,91237381e41ca4a1a25d28cc10e72204,aba1721a889e04decc910aa13b768ef4,2017-04-03 19:45:09,184.0,16.59
d72e8cc4d5efd1b5149f68dffc423772,1,5a6e53c3b4e8684b13388d6aa4afdf12,7299e27ed73d2ad986de7f7c77d919fa,2017-03-16 10:24:33,13.99,17.78
d73056e2f26b5d40f0b94c8a4ab36f37,1,236f3599e6d57eeb5eb9535b2c88b231,8f119a0aee85c0c8fc534629734e94fd,2017-03-23 16:52:12,99.9,11.31
d733617b9855b9e43121c84fa731e3b5,1,8934769521d632e65c27992662f05673,cb8bcce248bb1fb274ba762d8b971456,2017-03-30 02:44:17,149.9,11.66
d776bd888cec910433d34b5501ebf2d6,1,02ce467092b184e71d3967d29110adc1,a7f13822ceb966b076af67121f87b063,2017-03-22 10:19:05,179.96,53.67
d7898ccadc85889e683ff908985b3a2e,1,f497ba62f1d6b4f6a3a3266fa8623ad3,6df688df543f90e9b38f4319e75a9d88,2017-04-03 14:50:16,58.2,8.78
d7898ccadc85889e683ff908985b3a2e,2,f497ba62f1d6b4f6a3a3266fa8623ad3,6df688df543f90e9b38f4319e75a9d88,2017-04-03 14:50:16,58.2,8.78
d78f157135db9ba4f043330c2b62dfb4,1,de845f191115e91fadc9624c144488c7,87142160b41353c4e5fca2360caf6f92,2017-03-28 09:13:51,279.0,80.11
d7b749382b06fe2551235b118a962dfa,1,372645c7439f9661fbbacfd129aa92ec,da8622b14eb17ae2831f4ac5b9dab84a,2017-03-28 18:46:30,89.9,17.37
d7c2a15ddc9a397ac817ceb0c981e198,1,787a1badb775a6b23cb25c99ba3d4b24,2f4b9d112bfa44a214bc6cef085d17c8,2017-03-31 13:35:18,39.29,15.56
d7c6f55ff58694d44ec72b8d807a0269,1,c9b6f0f5e861adc800edb233fc1da1c4,77530e9772f57a62c906e1c21538ab82,2017-03-30 08:32:08,129.0,16.11
d7defcb8f59419ce565959f595bbb988,1,ad183bca8419cc4a34c0ed87d44b07c7,0c7f30ae9b147eca07affbef92832a6a,2017-03-15 23:35:49,79.9,15.77
d7fff2e689eef0b359f58c2dbc4084e6,1,13d88cddab2ce6955315e1b8d3334505,2063dd1b9f568df1c16741ea7d3e6adb,2017-03-23 20:43:11,165.05,21.79
d815bd2c2bdd79e4c0e0263caa986d66,1,8f7a3322e1abfed89ac080b0f7364779,ffff564a4f9085cd26170f4732393726,2017-03-29 10:30:17,52.5,17.11
d83706c29baf36eedf5e8adfb0da304e,1,0bed2811f66d80c67e51d3d9a5127233,818d28f936e791926d33bcb6ee94ef79,2017-03-24 11:36:11,27.9,16.05
d84351a9ee5a7c7b237e3a1480d252d9,1,07f381c65e8e66460c07781b9b1b8834,7c67e1448b00f6e969d365cea6b010ab,2017-03-30 18:39:46,229.99,53.16
d85dd7b0f1c5839ad5b3cde77f196e53,1,bf35317e81a1e1477a2256328bce9e9f,cc419e0650a3c5ba77189a1882b7556a,2017-04-04 10:23:19,56.99,11.01
d8873f1bbe5dcb703bdb0aee14aa0948,1,3303c5bebf8d9dd9394a38501c4033f6,391fc6631aebcf3004804e51b40bcf1e,2017-03-31 17:43:28,89.9,15.84
d899e9de06c12640420a628524e4c092,1,076e4ce53c8914382e7ff3732511b17e,59fb871bf6f4522a87ba567b42dafecf,2017-04-10 10:25:22,99.99,14.87
d8a7de021e5dfac3c36636fc6ef861c9,1,99a4788cb24856965c36a24e339b6058,4a3ca9315b744ce9f8e9374361493884,2017-03-13 09:55:10,89.9,11.24
d8b7feebc9066935b2a7f7002abb4e43,1,50b3e51a19f3784534cbaf9c275dfea5,92eb0f42c21942b6552362b9b114707d,2017-04-04 02:10:46,33.99,8.72
d8d8abd9a4aa1b36575678bdf5e9d23e,1,bfebe3af6798e21f14c80263db86b7a0,a888faf2d1baececa6baf9c3d603ee1f,2017-03-19 22:47:16,313.9,17.9
d8f560d2563965001d1f853e74c82b0c,1,e6b6e13cf71449a457269f425b89dc74,b2ba3715d723d245138f291a6fe42594,2017-03-14 03:35:12,79.9,11.17
d95ca1fcb72812383e41e2eb7ca65dc2,1,f07ef9dd6e2d9a366ff30a25e210be70,62c50c1af4dfdc4149d25c5222043d39,2017-04-05 20:42:21,139.99,21.43
d95ca1fcb72812383e41e2eb7ca65dc2,2,f07ef9dd6e2d9a366ff30a25e210be70,62c50c1af4dfdc4149d25c5222043d39,2017-04-05 20:42:21,139.99,21.43
d95ca1fcb72812383e41e2eb7ca65dc2,3,f07ef9dd6e2d9a366ff30a25e210be70,62c50c1af4dfdc4149d25c5222043d39,2017-04-05 20:42:21,139.99,21.43
d95ca1fcb72812383e41e2eb7ca65dc2,4,f07ef9dd6e2d9a366ff30a25e210be70,62c50c1af4dfdc4149d25c5222043d39,2017-04-05 20:42:21,139.99,21.43
d974773494a37afcdf96ac5a0e86b557,1,205cf43d203186d5eb440a791a5b7404,d98eec89afa3380e14463da2aabaea72,2017-03-27 18:43:02,25.0,17.35
d97670cc7c039da62e3bf444647fb307,1,0980718a7bdcf89f5848b202b6394965,82bd0703a4aefd6b599e5bfdaed378fb,2017-04-05 19:10:13,79.99,18.84
d97cacbc87a70c0a938044518f7c31c2,1,ba4a91633739ceceb2b73b627e2cfbc3,7c67e1448b00f6e969d365cea6b010ab,2017-03-27 19:30:51,136.97,36.51
d9a03aaa586760cdcfb4aaddbcfd0767,1,73ae8d8ca7df19a982c92fc1265d9e46,da8622b14eb17ae2831f4ac5b9dab84a,2017-03-22 19:06:15,79.9,13.14
d9a17ac96892f32022fa3b979bfa7929,1,f7c7bd3105bd26ce0de4072af7159f84,d66c305afaec317ebee552073a674429,2017-03-27 16:14:01,97.99,17.43
d9a5a59c426cd6aea06022b9965d5e49,1,357a9e8a4b691ffbb0f855b23d490c4e,432c37c9dfba871172ec162e20118b8c,2017-03-29 19:05:09,31.0,14.52
d9fee6ee13066c1eaaa95f24bcc8a4d8,1,64d0feb1bcf9c7fe7b5dad3271c10910,e5a38146df062edaf55c38afa99e42dc,2017-03-09 13:05:31,89.18,15.38
d9fee6ee13066c1eaaa95f24bcc8a4d8,2,64d0feb1bcf9c7fe7b5dad3271c10910,e5a38146df062edaf55c38afa99e42dc,2017-03-09 13:05:31,89.18,15.38
da28ac567f1bbe704eb39c1d21c53a0d,1,82106c53e35330a18505af7659371206,6039e27294dc75811c0d8a39069f52c0,2017-03-13 03:50:29,149.9,26.55
da48dc4b67c6a225cba172618417ac34,1,cd59f488cef311feb633141ad1e8563d,8d79c8a04e42d722a75097ce5cbcf2ef,2017-03-21 16:34:04,15.32,14.52
dab37f5992b4ece308cb13f6141743b4,1,2afd040779d1ce6295b76d092b048066,6c177e38df6d3f34182b1f1d427231bf,2017-03-13 14:15:16,169.0,15.35
dac9fc94a81081df3d4748c438111b9d,1,4d99afa935cbb06b8e8659cc98ddebc4,8a32e327fe2c1b3511609d81aaf9f042,2017-03-09 18:35:16,59.99,11.81
dad0fb5cfff80802c2917a9bdef21bd4,1,0152f69b6cf919bcdaf117aa8c43e5a2,d2374cbcbb3ca4ab1086534108cc3ab7,2017-04-06 08:17:01,13.9,10.96
dad3d731936eb6c4a605b457dec8a0d7,1,8c591ab0ca519558779df02023177f44,a1043bafd471dff536d0c462352beb48,2017-03-23 09:31:17,99.99,28.89
dad4cbac8f3bc660ef43f4b4d75260c8,1,7b3b38b62de0edfa802192d5c18d5489,da8622b14eb17ae2831f4ac5b9dab84a,2017-04-03 14:59:15,89.9,13.21
db0d6bd65ccfca6371985ebcc2227efe,1,027cdd14a677a5834bc67a9789db5021,620c87c171fb2a6dd6e8bb4dec959fc6,2017-03-21 08:17:32,99.9,11.31
db64746e7060aada6cbe3d0ff34f0cdc,1,24dd446745b812ef3347d7ae00f5541f,4e7c18b98d84e05cbae3ff0ff03846c2,2017-03-07 21:55:16,81.0,20.89
db64a5b6724f1501323cc11154cbaf39,1,9cb42a0117f7a4098d69936a6e772481,2138ccb85b11a4ec1e37afbd1c8eda1f,2017-03-29 19:05:14,18.9,16.05
db64a5b6724f1501323cc11154cbaf39,2,23178b11e22e9265d208346b0607974b,2138ccb85b11a4ec1e37afbd1c8eda1f,2017-03-29 19:05:14,18.9,16.05
db91650415685ed0ea57e9d3e47bf887,1,7f55769896fc6596e7251490b8b5e536,8a32e327fe2c1b3511609d81aaf9f042,2017-03-24 19:08:46,39.99,14.52
db999a5bcd3e9db87cafe71501d3a653,1,5f0968068096bd1129c543f3fb59604b,835f0f7810c76831d6c7d24c7a646d4d,2017-03-29 13:25:32,99.9,24.9
dbb0da1abcce904dc52dd60ae31d5c12,1,6d6b0f6705c1acf1128ecf19d57d5444,891071be6ba827b591264c90c2ae8a63,2017-03-09 19:30:17,25.0,14.52
dbc9ee70287772e4f094f39843a6b99e,1,c6dd917a0be2a704582055949915ab32,7a67c85e85bb2ce8582c35f2203ad736,2017-03-10 13:10:52,99.99,17.54
dbd3b0f899c87897a6a56a86423fbcbd,1,601a360bd2a916ecef0e88de72a6531a,7a67c85e85bb2ce8582c35f2203ad736,2017-03-17 19:44:15,129.99,19.5
dbd4cbb492a12b99c5224014930acc18,1,161ccc972b7b25a5e2d43376b8b333c5,febab0275244b9a49a623f0bd613ca2f,2017-03-30 14:42:15,28.5,5.01
dbd4cbb492a12b99c5224014930acc18,2,d34efb58e1930773fcde9b951892b1b1,febab0275244b9a49a623f0bd613ca2f,2017-03-30 14:42:15,37.4,16.3
dbd4cbb492a12b99c5224014930acc18,3,d34efb58e1930773fcde9b951892b1b1,febab0275244b9a49a623f0bd613ca2f,2017-03-30 14:42:15,37.4,16.3
dbe68b74bd4b3b7e0b5151c19263237d,1,060cb19345d90064d1015407193c233d,8581055ce74af1daba164fdbd55a40de,2017-03-20 13:35:25,147.9,18.33
dbf9ee18eee818b5030fddb6302c4f37,1,d75ce98cba882d2c4ae2f46fbdbcb4f4,1554a68530182680ad5c8b042c3ab563,2017-03-17 20:48:35,32.5,15.56
dc1d41f0e6212d99f654cf8177510110,1,23384f296aa1bf6461d22912093a9847,891071be6ba827b591264c90c2ae8a63,2017-03-14 17:49:50,20.0,16.05
dc28a299ebc4b33090b37f7419c9b99d,1,96cc6d39d2114a36f318d641c3cae43d,e7f3bf1ecd8526eb7f3b18059e6716e5,2017-03-27 07:48:30,99.9,11.31
dc2c8a5df17efe1186987eb0433abfdc,1,f3378729b1a09fa8f2c42e2457d6b1da,aba1721a889e04decc910aa13b768ef4,2017-03-20 09:15:31,598.0,12.56
dc3d2c21652c9d91fa3b1f74a3a68ae3,1,35f2f253dd0f52362515bb0394741a84,fa1c13f2614d7b5c4749cbc52fecda94,2017-03-28 09:55:14,1949.9,17.01
dc423fd5dad84d30d887debb5323e413,1,d920f22cf9a7dbb8e09ce4a2f5391b25,b2ba3715d723d245138f291a6fe42594,2017-03-15 04:10:29,194.9,30.29
dc939566a9c408333e76222972bcc0a3,1,ba3f298a122a95c4928e8b8628e8520e,d1c281d3ae149232351cd8c8cc885f0d,2017-03-20 11:14:06,98.99,15.8
dcce4dc9b3288010ed361a5fc33471b7,1,601a360bd2a916ecef0e88de72a6531a,7a67c85e85bb2ce8582c35f2203ad736,2017-03-24 10:54:26,129.99,21.54
dced1a592703185c71beaca0730a3fd5,1,87c622f009c352a3c10cb90169b2a21b,d2374cbcbb3ca4ab1086534108cc3ab7,2017-04-03 00:31:44,22.9,10.96
dd0e00343af091774fc1399707418777,1,6a944207f516a3e570fb1205489438bf,83d458c0d6d4f94295d63f091460bd60,2017-03-15 04:25:28,89.9,15.84
dd100f66e45f6ae03f5c78d8edc86f28,1,1c63d0a4d75df524d4605a43285925d7,45d33f715e24d15a6ccf5c17b3a23e3c,2017-03-10 11:03:10,54.87,11.77
dd1195b0c8bec457f3682d13dae7ac55,1,101c0247b2686b1ec77fbd9b7bc7cb17,ebd2d60905fb58271facef5596b620d3,2017-03-22 22:44:23,97.9,15.8
dd13617f642718bd4cdc450d197960f9,1,4dc3dcf258288cfda345034a4d96fbf9,44073f8b7e41514de3b7815dd0237f4f,2017-04-03 20:28:33,75.0,23.08
dd3a0b9a7c4426e4eeb129a68d66b22c,1,8fe1065427012c8b98629be50f60c193,2138ccb85b11a4ec1e37afbd1c8eda1f,2017-03-30 20:56:37,18.9,14.52
dd94f2867bcd2be2229f44d7a0df4e5b,1,4acecc563402664291309d5f9d5cafc7,7a67c85e85bb2ce8582c35f2203ad736,2017-04-04 02:10:56,43.99,12.93
dd9943ad7ea7581875ddc0f452c13545,1,edf219cab1d0e435e3e499287dca9a03,c8660dcf9ba70575f45d80fe28c27713,2017-03-23 08:28:10,45.0,14.11
ddcf5361d96d9fccf2ad351bfb96a58f,1,d73a7e3009d1b8f498a0ffd3e8ae6565,da8622b14eb17ae2831f4ac5b9dab84a,2017-03-29 17:41:58,34.9,17.19
dde5f036dff77c8687173aee04967268,1,3e442d09f9dfef002aadf31960869f65,85d9eb9ddc5d00ca9336a2219c97bb13,2017-03-10 18:15:16,20.9,14.52
ddec1931aa991251d2540e8d5cd9020c,1,84259efff65083245b85e488d3a30d4c,a7b7354cc588f7566a848bcbb1ce3d96,2017-03-30 02:43:48,39.9,14.11
ddfbaf4d75ab8f1a0db775cb0dad0e6e,1,eed813e00d01572cb589f87199d081ad,66fd84ee7528c0c0de85d0f44a73d5ab,2017-04-03 15:35:20,39.5,20.8
de09bc4ff6a9de96b6895cd565f80e69,1,fb01a5fc09b9b9563c2ee41a22f07d54,522620dcb18a6b31cd7bdf73665113a9,2017-03-16 19:23:25,689.89,26.76
de0ebf283e8fdeeb755023c5db9aa59c,1,6afddd846da3dd77e807fb9af5930aae,01cf7e3d21494c41fb86034f2e714fa1,2017-03-23 12:57:56,132.68,24.75
de1368ef7490f21023cbcdfa8eb6728a,1,7220c6a818067f0a916279b9a207f299,12b9676b00f60f3b700e83af21824c0e,2017-03-22 14:00:57,199.0,27.86
de5552f927693bffe3b9ffc69e75000b,1,2532ba0aec0ced81cdc2dd0dbeeb0f72,c3cfdc648177fdbbbb35635a37472c53,2017-03-20 17:26:10,69.9,14.25
de55aaef46848b1f0c47093ba2430a27,1,b2a11c072dedfc137aa2393bb4a2c8ea,6edacfd9f9074789dad6d62ba7950b9c,2017-03-31 12:14:50,66.9,11.08
de86df6ab3b291975266e6ebf8da2bf3,1,7d854ab97c64ef9df2bbfaf332765786,aac29b1b99776be73c3049939652091d,2017-03-09 10:05:19,59.9,19.01
de969b697705a8e3239d2f760c644c8a,1,8d29622ad4b816113fa721f21af4f667,392e0502231ae2f8b29994ef6398cd77,2017-03-13 16:25:11,44.9,20.8
dea4092d49f4c8bf9decabdbf029322f,1,b6d96e7683a87fc151ea589ce97a330d,2709af9587499e95e803a6498a5a56e9,2017-04-04 22:55:15,20.0,10.96
debb380bff081efeb2ff173f8920ed04,1,9f529f63306c538c5d2bb19103100a55,6edacfd9f9074789dad6d62ba7950b9c,2017-03-16 16:00:03,39.9,11.74
dee008fbad3f3868874dd10ab5977b88,1,154e7e31ebfa092203795c972e5804a6,cc419e0650a3c5ba77189a1882b7556a,2017-03-15 20:25:20,19.99,14.52
deef94d95b5cf9c23e10621ad71a96b2,1,362db8a45afd47d3f54c0f34f7c828bc,00ab3eff1b5192e5f1a63bcecfee11c8,2017-03-23 11:40:26,98.0,12.08
deefc8712615b2422c59328bbcba7211,1,5bd3ba44eb990450377a2cd863821cca,38e679b9e0064cd94c6f035707344dae,2017-03-22 21:18:04,198.95,26.89
df03ec17d2389e8420325c36d385dd90,1,76ad24d8518857df0f3dc45b2f5faf2d,44073f8b7e41514de3b7815dd0237f4f,2017-04-11 10:42:26,64.0,20.9
df32e509e806944de5c4b9141d1565c3,1,eaecab4f1bb8bf56071cf32a8d561d61,b77a27b1864483e721dc831d5ba4afa0,2017-04-11 06:50:08,20.9,14.52
df428478aa9a594cfd597ef214e67b16,1,9847d08b81ab75c5bdaf6823c7fe00b2,0c8380b62e38e8a1e6adbeba7eb9688c,2017-03-28 16:26:23,39.9,15.56
df56e27fb87ba6d4beb70719ffdd707b,1,bddc1407637849d18d139b4012e4406a,48162d548f5b1b11b9d29d1e01f75a61,2017-03-17 08:43:10,74.0,20.97
df639e770aa7ec752ab42c21b22ec3f1,1,a35a9f46dcee0a67c8c7ad8493eb4135,85d9eb9ddc5d00ca9336a2219c97bb13,2017-03-23 12:12:42,20.9,20.4
df63ae0d0b2e5965b6c56834f1ed3ec0,1,ddc46156c31a0339508eecfab975f4f6,7299e27ed73d2ad986de7f7c77d919fa,2017-04-04 18:10:12,8.99,12.74
df63ae0d0b2e5965b6c56834f1ed3ec0,2,46ae1c0789fb281be43fdb50797c9f2e,7299e27ed73d2ad986de7f7c77d919fa,2017-04-04 18:10:12,8.99,9.18
dfa1e5a290276c05629e2d4180ce6aff,1,bf35317e81a1e1477a2256328bce9e9f,cc419e0650a3c5ba77189a1882b7556a,2017-03-22 14:17:40,56.99,14.57
dfaba9e54da21d5c9ca002e103b5496a,1,82cfbad6a3bb123bb807f51078765a0f,80e6699fe29150b372a0c8a1ebf7dcc8,2017-03-20 15:11:14,159.0,26.61
dfb95a7031f9abf6495bc955837c3125,1,f422d0d9f8b5f7c27289382b14b61248,1554a68530182680ad5c8b042c3ab563,2017-03-16 23:25:14,66.99,17.21
dfbae856658ed0da74731056554e1b77,1,096d687ce8c7ae68039cce3f229b1d4c,db46ca7bce82b11f7e247539271fc390,2017-03-30 13:25:09,61.9,11.82
dfe5a841c2bc48efa0553f264e4d3190,1,d2eb4e94aeb255a953cbd8b97361a848,66fd84ee7528c0c0de85d0f44a73d5ab,2017-03-29 13:06:13,17.99,16.05
dfe5f68118c2576143240b8d78e5940a,1,aba86c093ccdbac75b09111d57e50004,7c67e1448b00f6e969d365cea6b010ab,2017-03-30 12:32:22,119.6,16.54
dff1e9a517d39b940f6424c3fdfdbdea,1,77fa3381855b6763c52ca3b72824f508,6560211a19b47992c3666cc44a7e94c0,2017-03-22 23:25:09,49.0,8.72
dffe3c3fdb38dd7ca56eb98408730378,1,e2ad69c2a7ddfff443751c7b57a9c23e,365e445f796710c3431557e85caa25db,2017-03-20 14:48:57,85.0,8.18
dffe3c3fdb38dd7ca56eb98408730378,2,59617a7c706291d0b7df5b380aa3e583,365e445f796710c3431557e85caa25db,2017-03-20 14:48:57,214.0,22.25
e02d907b159bf0b0f6efaf1e5ce7258f,1,61b5c300f3e56ac6bda4cb54de396f9b,9baf5cb77970f539089d09a38bcec5c3,2017-03-29 21:30:16,49.99,10.96
e02d907b159bf0b0f6efaf1e5ce7258f,2,61b5c300f3e56ac6bda4cb54de396f9b,9baf5cb77970f539089d09a38bcec5c3,2017-03-29 21:30:16,49.99,10.96
e04f952af9764d87d5a0ac5e7cf48cca,1,17c4bd4269902c84acc14c497f282ddb,75d34ebb1bd0bd7dde40dd507b8169c3,2017-04-12 11:42:27,299.99,12.71
e06698baea08bc0dd2705f763e7d1c89,1,6c706bd66d6df5b9eaa716699943efd0,77530e9772f57a62c906e1c21538ab82,2017-03-24 09:40:22,148.0,17.78
e06ff711ddcab05c3651a9b1bb003950,1,56b81eaffe3c2e7e54f3bdf2a935164f,391fc6631aebcf3004804e51b40bcf1e,2017-03-08 12:05:49,44.35,17.09
e06ff711ddcab05c3651a9b1bb003950,2,56b81eaffe3c2e7e54f3bdf2a935164f,391fc6631aebcf3004804e51b40bcf1e,2017-03-08 12:05:49,44.35,17.09
e06ff711ddcab05c3651a9b1bb003950,3,56b81eaffe3c2e7e54f3bdf2a935164f,391fc6631aebcf3004804e51b40bcf1e,2017-03-08 12:05:49,44.35,17.09
e0bf284ffb712aa8780b96e701b6ff6d,1,62962adb9db1eeb96d0dd8fd2eb87875,66fd84ee7528c0c0de85d0f44a73d5ab,2017-04-07 14:30:22,116.89,17.66
e0c51c7d23c16c36c365b7ae8bbe6782,1,bff67489d3a21dba020609ae1cbd65c7,cca3071e3e9bb7d12640c9fbe2301306,2017-03-16 10:42:45,189.9,16.44
e1041ca455e08b097d279568b13b22a1,1,5a6e53c3b4e8684b13388d6aa4afdf12,7299e27ed73d2ad986de7f7c77d919fa,2017-03-15 11:09:46,12.99,14.52
e13177c5e11c2a87dcfd3e87529664cc,1,642a40d4d73b4b2604968937de13634a,d2374cbcbb3ca4ab1086534108cc3ab7,2017-04-12 22:55:16,12.9,10.96
e14f99f488bd5610101ea33be3ce33d1,1,619d72a5e53d41d7646274a3fa20c2c4,3bb548e3cb7f70f28e3f11ee9dce0e59,2017-03-13 03:45:19,64.9,14.62
e1846d3c84aff4227b6955ee288df284,1,bb2c7ce7e17161503be275fd36747626,5075aaa8404020ae6aa8bf4792099b41,2017-03-22 10:22:52,173.99,40.1
e18d0e097ef9cdd7894ed1b82a2b7479,1,41171e11f920c47deb1809edda2bf09d,c42fd8e4d47dfb18ce5222f2dd7752f9,2017-03-20 10:38:32,26.0,10.96
e1b358b636a10cd4b06cc54a7960656b,1,6d2c812450dd02b2f87495af63f9b709,2138ccb85b11a4ec1e37afbd1c8eda1f,2017-03-28 01:47:48,26.99,8.72
e1d052f0519179744d19f35c1d848ff5,1,f6ce2f79a280fa3c1ddc114d34ab273d,4e7c18b98d84e05cbae3ff0ff03846c2,2017-03-15 17:26:26,52.0,13.1
e1d102f12364768054a07dfa10fc43cc,1,6f94d1ea7222b24539f27b23dc84c64d,57fe6232e67823593374a2281d7a8af8,2017-03-09 22:25:16,15.12,15.56
e20301223addaf02a0ffb7025259e21d,1,66e0e2eae7c7ea6eae5a004c80a22bc2,7e93a43ef30c4f03f38b393420bc753a,2017-03-23 13:12:05,1300.52,24.8
e21965e5414f7e165a71649e68030100,1,9da0bebb7f9168679e748abbfad05edd,d2374cbcbb3ca4ab1086534108cc3ab7,2017-04-05 21:58:38,25.9,14.52
e239f429ea5c15f21824633bf737793b,1,a2c75a23c2f838881dd4275c0cec519f,048c2757535328e0d7dac690ad3c0aae,2017-04-10 02:15:30,157.9,17.85
e24373f05b66f5a4b1e9baf8ce94baad,1,6dde44b4172999f35f08654d06bad633,a7f13822ceb966b076af67121f87b063,2017-03-28 09:19:40,249.89,34.79
e26feee700e28b2867a3e8d6f2b644b3,1,a3807506fd9df35137f1b81a4e0d429a,054694fa03fe82cec4b7551487331d74,2017-03-15 17:55:22,589.0,81.85
e271e657e4d6b7cd8627e5ba90ad3929,1,e11b7abd9eb82a586a144e97594bc05f,ef9952469137ff190bacafe117f51537,2017-03-20 12:46:23,207.06,15.62
e28e3a2634cfaa83736d5dfd494f3640,1,817a68e75e8fc94fa28915d8169d67bf,3f8034bfc6b8b4135534975d49f04c63,2017-04-05 15:55:19,89.9,17.47
e2dc8a03b3380b3a3fa8c7e175e97688,1,777d2e438a1b645f3aec9bd57e92672c,4a3ca9315b744ce9f8e9374361493884,2017-03-08 13:10:31,69.9,11.88
e2e223aa7d0f409950eb995e6c759475,1,657aa59c6c58816ddc4f86c51a2759c9,46dc3b2cc0980fb8ec44634e21d2718e,2017-03-23 12:44:01,149.99,19.29
e302325f2e375cbc308a2e09a091879a,1,ba3f298a122a95c4928e8b8628e8520e,d1c281d3ae149232351cd8c8cc885f0d,2017-03-16 17:25:34,98.99,20.77
e303201d86cda5183986a56d5ae1b084,1,0152f69b6cf919bcdaf117aa8c43e5a2,d2374cbcbb3ca4ab1086534108cc3ab7,2017-04-20 02:15:32,13.9,10.96
e30c50d1f4deaae389eb54201acb8d28,1,66484d3ad6c8fcd55265bfdb060fc8cc,05ff92fedb5be47920fea08e501238b9,2017-03-23 15:24:12,328.0,20.89
e316d17cafee5024c175ba56fc437d56,1,b5b5a82ce5f1987b7e670f37629be51b,8b28d096634035667e8263d57ba3368c,2017-04-03 11:42:36,59.9,14.59
e32eb573740a87c938b90b290605b617,1,ebf7d9b8166c02eb72e573eebd630458,cca3071e3e9bb7d12640c9fbe2301306,2017-04-05 12:08:07,60.0,15.63
e32f175b8e3e4f572ffbbf921f49f2db,1,413fa9f96b1e08ca73401f596e63dae4,2138ccb85b11a4ec1e37afbd1c8eda1f,2017-03-29 22:02:28,18.99,8.72
e32f30334d29fb3811f44538904a8517,1,79cdc73931bb8e30077784ebbd2a16fc,b2ba3715d723d245138f291a6fe42594,2017-03-28 18:31:57,169.9,13.77
e33408facb2edeacee1b12d13b100fcc,1,027cdd14a677a5834bc67a9789db5021,620c87c171fb2a6dd6e8bb4dec959fc6,2017-03-20 13:41:31,99.9,14.87
e33d8345fd55476c9fc022be9809a8e4,1,f71973c922ccaab05514a36a8bc741b8,5dceca129747e92ff8ef7a997dc4f8ca,2017-04-10 06:02:47,109.9,37.17
e33ed9bacaf02833f0c4dff6e8e20bff,1,dca8cbb1c9d8a2db0fbc0c36b8d1a7bc,6560211a19b47992c3666cc44a7e94c0,2017-04-05 10:15:19,79.0,20.6
e36c97cb9a540d3d118ab4bf988868c6,1,a35a9f46dcee0a67c8c7ad8493eb4135,85d9eb9ddc5d00ca9336a2219c97bb13,2017-03-22 19:36:12,20.9,14.11
e37feadc571ee63dee76cb4421db723b,1,861857117917aaa99611defcc0d514cd,e9779976487b77c6d4ac45f75ec7afe9,2017-03-21 23:17:08,162.0,11.74
e39190d1881f0e85df9c678ad44e2512,1,bf1ce2996ddec3052749c74b73b02b86,91f848e9f4be368f4318775aac733370,2017-03-16 07:47:11,34.99,8.72
e39540a5cc5d31832456faa0dab449c1,1,3e442d09f9dfef002aadf31960869f65,85d9eb9ddc5d00ca9336a2219c97bb13,2017-03-21 22:26:56,20.9,8.72
e3adb1c6d76fb05369fbbc2b8b9f6c3f,1,a1bf559ac1eab015ba992bd76d9d76c7,85d9eb9ddc5d00ca9336a2219c97bb13,2017-03-20 13:50:42,19.9,14.11
e3c131bbe953a1cdb1dbaf261715c368,1,207bb2d8180c2c7654872f6fab96e40e,2138ccb85b11a4ec1e37afbd1c8eda1f,2017-03-22 16:41:44,18.99,8.72
e3c4b2d7022588a02583a79b3f405632,1,3cebb9158a3aa0b3f78ee0f934c9f032,7008613ea464bad5cb9b83456e1e6a8f,2017-03-22 21:14:36,59.9,29.35
e3daea0200104991cb979c2fcc509ae7,1,5eb564652db742ff8f28759cd8d2652a,4e922959ae960d389249c378d1c939f5,2017-04-06 14:22:36,29.0,10.96
e3f9bc8fd9bd8878c7c112e6dfa97db8,1,bedcc6c8695cffc75ebe3e5b49f20d8a,8a32e327fe2c1b3511609d81aaf9f042,2017-03-14 15:17:51,12.99,15.11
e3f9bc8fd9bd8878c7c112e6dfa97db8,2,bedcc6c8695cffc75ebe3e5b49f20d8a,8a32e327fe2c1b3511609d81aaf9f042,2017-03-14 15:17:51,12.99,15.11
e414d2bbb8c0c4fe5e9d51888c14c192,1,378bb6601c068c842ca65be6c5e45ccd,8d79c8a04e42d722a75097ce5cbcf2ef,2017-03-21 09:03:38,27.5,19.05
e45adf5c3dac199c3e6db68dc225d2cd,1,51f96ebc4399af670b9f43623b6c7ce5,aaed1309374718fdd995ee4c58c9dfcd,2017-03-22 14:53:18,23.2,14.52
e4a95c672918cd518a26dd7426ddd817,1,868969d3a93aeeab7bfcd4fc3d3d65de,92eb0f42c21942b6552362b9b114707d,2017-04-03 07:30:11,250.0,23.32
e4e9fa1ceb459e9dfebba5e0b09849f3,1,3a04684bdbb06427b4adc0acc1236def,7b07b3c7487f0ea825fc6df75abd658b,2017-03-14 15:55:56,69.9,8.86
e55e4860fd8e46e38f351f994f9e06cb,1,3a7c9b0413d7b9cc7f4a18318fc5afb3,7a67c85e85bb2ce8582c35f2203ad736,2017-03-16 01:19:21,129.99,9.28
e56df93227f8b483792fc4571550b4a8,1,b16cbe318e5c99bf0c0ffde3a92a5ff2,87142160b41353c4e5fca2360caf6f92,2017-03-07 15:42:05,39.9,16.05
e56df93227f8b483792fc4571550b4a8,2,b16cbe318e5c99bf0c0ffde3a92a5ff2,87142160b41353c4e5fca2360caf6f92,2017-03-07 15:42:05,39.9,16.05
e56df93227f8b483792fc4571550b4a8,3,b16cbe318e5c99bf0c0ffde3a92a5ff2,87142160b41353c4e5fca2360caf6f92,2017-03-07 15:42:05,39.9,16.05
e5733d3b62d5801dc002212d48f5cd89,1,3ba2b0de14984ce8f072c58be8d701dd,a3a38f4affed601eb87a97788c949667,2017-03-09 16:15:22,104.99,35.35
e57b0e7770a5b0018b9825dd05fd48c7,1,7e0dc102074f8285580c9777f79c90cf,e26901d5ab434ce92fd9b5c256820a4e,2017-03-29 10:16:28,34.9,14.52
e58277dbef9d3b789a28903baa9c1a8e,1,3cebb9158a3aa0b3f78ee0f934c9f032,7008613ea464bad5cb9b83456e1e6a8f,2017-03-31 20:30:18,59.9,17.16
e582dcf977363d169153a6bd4a7957cf,1,5fe01122e6fa55994d5d842511a5a9ab,33ac3e28642ab8bda860a2f693000e78,2017-03-09 10:02:23,104.9,11.34
e588678a890ca4670d41a53647394505,1,88d07a97123a341509effc395bf418c8,f45122a9ab94eb4f3f8953578bc0c560,2017-03-13 04:30:09,29.9,10.96
e588678a890ca4670d41a53647394505,2,88d07a97123a341509effc395bf418c8,f45122a9ab94eb4f3f8953578bc0c560,2017-03-13 04:30:09,29.9,10.96
e5cbc7a4083ecd89bb5fbe04c2fb5eaf,1,649397f4b92e94607361df83b1adbe8e,54a1852d1b8f10312c55e906355666ee,2017-03-22 15:44:19,159.99,19.71
e5f16a228606870d0afa65439fa90be1,1,4fcb3d9a5f4871e8362dfedbdb02b064,8581055ce74af1daba164fdbd55a40de,2017-03-23 16:35:53,143.8,26.5
e605cb87d9eccec27579c6d269f47ad1,1,d952c09021388fd5b1e5f914f559fb10,2138ccb85b11a4ec1e37afbd1c8eda1f,2017-03-16 13:35:38,18.99,14.52
e63653cd4d968d901b64c18410a9b548,1,f71973c922ccaab05514a36a8bc741b8,5dceca129747e92ff8ef7a997dc4f8ca,2017-04-06 16:55:19,109.9,37.17
e638e0d967678a6c085133337514b57a,1,2ccb88cb2c4943230baf9a184b76b76d,620c87c171fb2a6dd6e8bb4dec959fc6,2017-03-22 13:51:19,59.9,11.03
e66b89fb2a3155a193afedecce0e193f,1,75d29df6618d4aed0c7860c0be80ebe5,77530e9772f57a62c906e1c21538ab82,2017-03-22 15:32:19,49.0,16.05
e6a1e246119f970eea939974b1ea7651,1,a07d0595ac61dcdd44214f0426431c9b,0ea22c1cfbdc755f86b9b54b39c16043,2017-03-16 09:42:57,29.9,14.52
e6fd05b126cb5c89f360d14068a14e78,1,b95ce147ff20af1909bd69a2901e39b2,5c243662ce92d84573bfaff24c3e3700,2017-03-19 22:32:20,219.9,16.3
e70ea1b2475bd2acbff5e2f7f8968ca8,1,0fbe487106cf1d260fa38c000eaa0dbd,7c67e1448b00f6e969d365cea6b010ab,2017-03-31 12:26:01,179.99,43.67
e734700453d78cc2958b64b3b5613bcd,1,1e303cde4e3a92980a46ccb221a22e11,adcf50477d6a1f5d91bb9d54c4903cb5,2017-04-05 15:10:18,75.51,15.64
e7535e2fc78c71f46b16b5331afae90f,1,57fd9b6a2704d7c8c9c82380c2e60f83,53e4c6e0f4312d4d2107a8c9cddf45cd,2017-04-05 02:10:21,69.36,13.07
e77d85bec584c36b9558adc732947c76,1,11b9c6d7a3eee514887db2204eb97ec5,cca3071e3e9bb7d12640c9fbe2301306,2017-03-13 02:25:22,104.9,19.32
e7a55313688a902f5ae012231d686f37,1,c7b3cf9de7be95b3e09e7a63315685eb,5dceca129747e92ff8ef7a997dc4f8ca,2017-03-15 18:56:53,59.9,15.53
e7c528a2df211045020684c3db8bddc4,1,4e77e23d6c2215228d4ab312c0b8d405,0747d5bb69f0586cc869d8af4c50f93e,2017-03-20 12:18:58,32.9,16.05
e7da0ff2cbf2eeb09296e1df48925afe,1,aba86c093ccdbac75b09111d57e50004,7c67e1448b00f6e969d365cea6b010ab,2017-03-21 03:05:11,119.6,11.45
e7ff3e04ea51ac8a43db1fc220c76ce2,1,f35927953ed82e19d06ad3aac2f06353,669ae81880e08f269a64487cfb287169,2017-03-31 11:15:23,115.0,21.26
e80309cd64fb6ece56e9b31e8af773db,1,61509eaebb2d4bd1a7511b1a75703f8c,cca3071e3e9bb7d12640c9fbe2301306,2017-03-16 01:31:17,24.9,14.52
e80309cd64fb6ece56e9b31e8af773db,2,61509eaebb2d4bd1a7511b1a75703f8c,cca3071e3e9bb7d12640c9fbe2301306,2017-03-16 01:31:17,24.9,14.52
e80309cd64fb6ece56e9b31e8af773db,3,61509eaebb2d4bd1a7511b1a75703f8c,cca3071e3e9bb7d12640c9fbe2301306,2017-03-16 01:31:17,24.9,14.52
e80e2664d9e641d53ecead2bda1c5879,1,a1bf559ac1eab015ba992bd76d9d76c7,85d9eb9ddc5d00ca9336a2219c97bb13,2017-03-13 13:10:59,19.9,14.11
e8474158736fcaca4c7f83b6f610aba1,1,98030fe87f5a7493a33f427054966596,59fb871bf6f4522a87ba567b42dafecf,2017-03-28 19:41:48,168.99,12.57
e869ee66bd99ad6dd1798055c4fe4830,1,33447fafc9ed945e91d70e8cb12d63d7,d4e4b5192cba4e0e66eb12a9d347239d,2017-03-21 00:25:55,39.9,24.84
e8ad0b1713c8caae74f6da945c60d9e8,1,a8fe47ad6f852f93cc92c7b408687de3,aaed1309374718fdd995ee4c58c9dfcd,2017-03-30 19:50:24,72.9,22.44
e907255f506a65069535f14d89a5caaf,1,e282624d8c82e04983f125e167eb4521,2138ccb85b11a4ec1e37afbd1c8eda1f,2017-03-30 01:30:41,18.99,14.52
e90f4f7e0953d4031b08ade067de9e67,1,4e0f5e97804431100c5bded078a48df9,bfd27a966d91cfaafdb25d076585f0da,2017-03-09 16:10:10,129.0,13.48
e912fe377f77944ec68b3650ead100bf,1,0fa8853b873ba06e7d27385fbb1411ca,7c67e1448b00f6e969d365cea6b010ab,2017-03-22 02:55:17,239.99,38.08
e928cc82f61f2dcab3ad58d6e7200224,1,c974196c0f8fa41b6475a72f67b8df99,94144541854e298c2d976cb893b81343,2017-03-09 16:25:15,10.0,20.8
e928cc82f61f2dcab3ad58d6e7200224,2,c974196c0f8fa41b6475a72f67b8df99,94144541854e298c2d976cb893b81343,2017-03-09 16:25:15,10.0,20.8
e928cc82f61f2dcab3ad58d6e7200224,3,c974196c0f8fa41b6475a72f67b8df99,94144541854e298c2d976cb893b81343,2017-03-09 16:25:15,10.0,20.8
e928cc82f61f2dcab3ad58d6e7200224,4,c974196c0f8fa41b6475a72f67b8df99,94144541854e298c2d976cb893b81343,2017-03-09 16:25:15,10.0,20.8
e928cc82f61f2dcab3ad58d6e7200224,5,c974196c0f8fa41b6475a72f67b8df99,94144541854e298c2d976cb893b81343,2017-03-09 16:25:15,10.0,20.8
e928cc82f61f2dcab3ad58d6e7200224,6,c974196c0f8fa41b6475a72f67b8df99,94144541854e298c2d976cb893b81343,2017-03-09 16:25:15,10.0,20.8
e92dbc16b2df28e1edb1d957392cca07,1,b000447e24e31a4d7e628ca4d0622131,92eb0f42c21942b6552362b9b114707d,2017-03-30 10:25:16,23.99,14.52
e934b2954c4889c8f00365ddf0ca9256,1,c1488892604e4ba5cff5b4eb4d595400,1554a68530182680ad5c8b042c3ab563,2017-03-10 09:10:14,38.5,15.56
e943e3e10c10f28b98d9f5737793c267,1,b4d9c32c307674e72fe46c424e3d4824,ef506c96320abeedfb894c34db06f478,2017-03-09 11:10:15,39.99,14.52
e95221b086979e4c09eff4fef472ef04,1,e7be44ed7d763eb6ca1fa75279ddcee9,cca3071e3e9bb7d12640c9fbe2301306,2017-03-16 08:42:08,19.9,14.52
e96a6b60ad34bbbfe8817cd0e6f79374,1,78e4af9e5ea7b8768765492fdfaae545,57fe6232e67823593374a2281d7a8af8,2017-03-21 22:48:48,20.94,10.96
e96f4349b4def654f003437cb0666374,1,8d29622ad4b816113fa721f21af4f667,392e0502231ae2f8b29994ef6398cd77,2017-03-22 20:48:58,49.9,14.52
e9781329bbd9648bc8c210acc30c130c,1,9ac3f8f66132539cb797c44296f1fa27,3d871de0142ce09b7081e2b9d1733cb1,2017-04-03 03:51:27,149.0,21.67
e985dab0862fa067f40e4c0d54a7405f,1,48abab76a7346e27ed907fed3f388483,ca3bd7cd9f149df75950150d010fe4a2,2017-03-31 17:27:44,34.2,14.12
e9a1f1bac2a48afae0dbe612a3aa684b,1,ace5d86cf1ac63cdb76f49e5cd23d2f8,cca3071e3e9bb7d12640c9fbe2301306,2017-03-17 15:10:18,50.9,17.2
e9a82a82b91f0f1cb3703a5b6fb3c505,1,e07cf6c8c490ceac43740740459d87ff,92eb0f42c21942b6552362b9b114707d,2017-04-03 22:43:23,17.99,10.96
e9bc1fcc21b86cf4cb36691f99e96366,1,b6911a73311462653bc381da86a3a3c6,f8db351d8c4c4c22c6835c19a46f01b0,2017-03-22 18:07:41,16.9,14.52
e9bde689f1c05f781a5601e6a9fe7e9f,1,bd7cd34fc6d02e730221b11edc354aae,46dc3b2cc0980fb8ec44634e21d2718e,2017-03-30 02:44:03,99.99,9.69
e9be21541bd47fe15f1bdfd5f952471f,1,22e1d28f941306826ef9642bc41822a5,7c67e1448b00f6e969d365cea6b010ab,2017-03-24 11:04:22,94.99,28.85
e9be21541bd47fe15f1bdfd5f952471f,2,22e1d28f941306826ef9642bc41822a5,7c67e1448b00f6e969d365cea6b010ab,2017-03-24 11:04:22,94.99,28.85
e9ccb8277ecd5374b5a0532b5ee47f7c,1,8bbaacd2cacfabe138774ccbebe689f9,7b07b3c7487f0ea825fc6df75abd658b,2017-03-07 23:22:39,149.9,10.04
e9e2effacedebc11741ec26027686fe9,1,f1e297029531521190bb2312a90df567,8a32e327fe2c1b3511609d81aaf9f042,2017-03-07 09:02:21,29.99,10.96
e9f0c4fe73c293e664edaa5e8a9b04eb,1,ca38c039b717207dec906f4fa9a21db7,59fb871bf6f4522a87ba567b42dafecf,2017-03-23 22:05:51,189.99,21.38
ea228f2b91b909f4aada1453dbbe27be,1,dd6a505f83dd3c6326aa9856519e0978,fa40cc5b934574b62717c68f3d678b6d,2017-04-10 05:45:38,49.9,10.96
ea27276ae0fbab49a3e542b3f44f6fd4,1,88e2fc6c65d64b3edbf2cade16ea82d9,53e4c6e0f4312d4d2107a8c9cddf45cd,2017-03-13 03:55:24,45.99,15.56
ea2d31e30ceb1d603ab8db32ab4404dc,1,15fdd6032f35d4add5066fb90be28630,6560211a19b47992c3666cc44a7e94c0,2017-03-10 14:03:39,89.0,8.99
ea337f88a8c5cab4e99da87460f1b99e,1,eba7488e1c67729f045ab43fac426f2e,620c87c171fb2a6dd6e8bb4dec959fc6,2017-03-23 23:15:51,198.0,15.56
ea3a35b74d6cd2751271c60d423563f1,1,a767d41b71a909a1dd1e969f4b50732c,582d4f8675b945722eda7c0cb61ba4c7,2017-03-23 13:06:45,269.9,17.1
ea3a35b74d6cd2751271c60d423563f1,2,a767d41b71a909a1dd1e969f4b50732c,582d4f8675b945722eda7c0cb61ba4c7,2017-03-23 13:06:45,269.9,17.1
ea48f52bfae7e6ed254f9e8d052875b9,1,b833b995caddd97b8786370988e32ee4,aced59e9b31ef866a94f9e7f29d8d418,2017-04-03 10:42:56,9.9,14.52
ea4ef5a01e67f61cba450e6294f0c92d,1,ab8ba49579d5b0173f85517ce22968c6,620c87c171fb2a6dd6e8bb4dec959fc6,2017-03-30 20:55:17,229.9,17.31
ea6ffb995c7f69175be7e15ed631b15d,1,99a4788cb24856965c36a24e339b6058,4a3ca9315b744ce9f8e9374361493884,2017-04-06 21:22:33,89.9,11.24
ea758df7f35b0c9481727b5430b21f85,1,ea3da91e6ba865972f9344cb9265296b,ec4608a1f76453166bb312b2968aeaf4,2017-04-03 17:45:14,34.99,0.09
ea758df7f35b0c9481727b5430b21f85,2,45fc964dc03d16147f82dbe844e2cdf1,ec4608a1f76453166bb312b2968aeaf4,2017-04-03 17:45:14,34.99,47.17
ea9330e05ddad6813a35320d4d659368,1,5a6e53c3b4e8684b13388d6aa4afdf12,7299e27ed73d2ad986de7f7c77d919fa,2017-03-15 15:40:06,12.99,14.52
eaae5bd20fb15d85aa673d9b7c0e8ca5,1,a9516a079e37a9c9c36b9b78b10169e8,7c67e1448b00f6e969d365cea6b010ab,2017-03-29 23:04:36,126.99,21.34
eaae5e87592113d14ab25a25bf5105e6,1,ae7d8348fbef50928a680454fffbca00,a3a38f4affed601eb87a97788c949667,2017-03-28 12:30:05,69.9,14.66
eac9691979b0aac3f3061abaff2f4f8a,1,7e0dc102074f8285580c9777f79c90cf,e26901d5ab434ce92fd9b5c256820a4e,2017-04-06 03:50:30,34.9,10.96
eac9691979b0aac3f3061abaff2f4f8a,2,7e0dc102074f8285580c9777f79c90cf,e26901d5ab434ce92fd9b5c256820a4e,2017-04-06 03:50:30,34.9,10.96
eac9fa296664c0f38ee19863c7346e32,1,68c923fddf7f83316b53252eaf830724,7a67c85e85bb2ce8582c35f2203ad736,2017-03-30 19:33:39,69.99,13.07
ead0bec6842006b655fed967de837883,1,c413fa08b405af6edb9d49e85e241c08,b76dba6c951ab00dc4edf0a1aa88037e,2017-03-13 04:10:34,12.97,14.52
ead37570583efe55df28edc4f2470bd2,1,9be9fe1899a02ec308ce97368cf4ef9f,e5a38146df062edaf55c38afa99e42dc,2017-04-03 03:50:24,137.98,17.81
ead4bdb20456cba846bb4d83e5a870a0,1,08574b074924071f4e201e151b152b4e,001cca7ae9ae17fb1caed9dfb1094831,2017-04-02 22:30:17,69.9,39.93
eadb5d6bcbc31439d1d6706a39dba007,1,027bb42a4ef22da4c7a80ecf9c60ba0c,07017df32dc5f2f1d2801e579548d620,2017-04-04 01:15:48,67.9,20.93
eaee2825724ee0ccf396e0d0e61321df,1,96d6c71675adc35bcf32f970cdffe2d6,2138ccb85b11a4ec1e37afbd1c8eda1f,2017-03-15 23:45:07,18.99,14.52
eb0fec00c8cee7edcc91a031d939ac1a,1,61787f92f08a18258c0267e53cb9c1cb,42fb44130ac3134cde8e35cf8ec7df25,2017-03-29 16:30:18,18.9,10.96
eb460891256759f5187cb3edc7a73c25,1,c629f814c92825a1e5ec157ce8a25bd9,87142160b41353c4e5fca2360caf6f92,2017-04-04 17:10:32,36.9,31.67
eb49a7916a6668a17d85eac9a7b73a18,1,db1e6fed56643b852af3132d255d9ddc,da8622b14eb17ae2831f4ac5b9dab84a,2017-04-05 11:45:11,244.9,19.0
eb49a7916a6668a17d85eac9a7b73a18,2,db1e6fed56643b852af3132d255d9ddc,da8622b14eb17ae2831f4ac5b9dab84a,2017-04-05 11:45:11,244.9,19.0
eb5ec5c3f7af64b7651a774a219a899c,1,985c412b0ac92ed9d8a76bbeab6d44eb,1554a68530182680ad5c8b042c3ab563,2017-04-05 10:45:12,68.9,17.22
eb64ebb7904dcdeb9220cd737245f099,1,af51d485dc5255ba2e18b21b550156e6,5dceca129747e92ff8ef7a997dc4f8ca,2017-03-26 21:43:56,249.99,68.45
eb72f50f943d8b05355b3e50cda1892c,1,d36c8237f8a0a889aa9d6ac7816097e3,80e6699fe29150b372a0c8a1ebf7dcc8,2017-03-10 15:02:58,169.0,25.0
eb829be78140383da9cba1b8fc2c6c6f,1,5a6e53c3b4e8684b13388d6aa4afdf12,7299e27ed73d2ad986de7f7c77d919fa,2017-03-20 11:24:10,14.99,10.96
eb855beb3ac99461f7a076b4c3652472,1,5eb564652db742ff8f28759cd8d2652a,4e922959ae960d389249c378d1c939f5,2017-03-30 16:03:46,29.0,14.52
eb9afe3c048ef7be0e99305193ee4ded,1,98c99bc0b3ee623212b9fbcaba10740a,0c8380b62e38e8a1e6adbeba7eb9688c,2017-04-03 19:55:20,89.9,20.95
eb9afe3c048ef7be0e99305193ee4ded,2,b0a0c5dd78e644373b199380612c350a,0c8380b62e38e8a1e6adbeba7eb9688c,2017-04-03 19:55:20,89.9,20.95
ebe2d3846c34a8a3acd056896bf32b17,1,3594011e47b2648b3719447aa829a96d,7a67c85e85bb2ce8582c35f2203ad736,2017-03-23 22:36:44,129.99,17.65
ec0a836329e091712f3a4979b6dcfb41,1,a5633cb3c488d04d36b0191dce4c8bc1,918f6fbcf3ab724d805867303e593a1b,2017-03-08 01:30:18,24.9,10.96
ec0a836329e091712f3a4979b6dcfb41,2,a5633cb3c488d04d36b0191dce4c8bc1,918f6fbcf3ab724d805867303e593a1b,2017-03-08 01:30:18,24.9,10.96
ec0bc44edd6eff22baea2a84bf6c0404,1,66484d3ad6c8fcd55265bfdb060fc8cc,05ff92fedb5be47920fea08e501238b9,2017-03-24 09:09:50,328.0,14.88
ec2a8c52ab5037c04553f10bcaccd971,1,75e229131273655c63aa4ab2fd457c0d,ce27a3cc3c8cc1ea79d11e561e9bebb6,2017-03-27 16:22:34,65.44,11.85
ec3a75fb0ac595e461765d2d854b1d08,1,6b5af19067eeadc0f331687a79ca656b,bf0045791395e66460eb04749c68672a,2017-03-28 21:04:08,59.9,24.42
ec5c62e3694f59fb2e2694eeea5efd99,1,e20e8fa3a50b1774e52b89664b3b6ddd,5d505d2298ad549e4e4e835562fa0c1e,2017-03-22 14:17:51,124.9,16.08
eca3ad869826b027ef93cf88ec6c0e44,1,cf92691b3ee30045224020f9ae5ae42c,a7c88262832dfc683781d6a421edefae,2017-03-17 17:02:01,309.0,13.55
eca4633566cacdae57271f51ebe79131,1,11bbef4e2a44601d9dd471aa1fb433e6,5c243662ce92d84573bfaff24c3e3700,2017-03-28 11:13:34,339.99,12.99
ecb3c47121629f6c378f25a3185b9283,1,0ff5724c5f19f85ca8e95529a6340c3e,f1c1ac3f3efc07e659c035008e615e66,2017-04-05 13:06:18,499.0,20.4
ecc5a7a6cd9df305db7d2781708d6599,1,7f8b42a3cbe617b6112e0623f0d32fa2,c878515173c84a492ebe50d6b493230b,2017-03-20 14:28:41,189.0,23.61
ecc890b8d57a4f9904953c000fd7ebe5,1,4845d1421cd53de09a405f5f869add3c,17306570e772e7718c92a562d33f5f1d,2017-03-16 22:12:18,109.9,17.51
ed03eb86a3fefd1113fbaece583c1e76,1,63de2743d05ab59d85caa49e49459ac1,cbd996ad3c1b7dc71fd0e5f5df9087e2,2017-03-09 20:22:17,15.75,14.52
ed0bd11dccfe74e31019ba133badf088,1,f39a8b27ce90ac582103bf36f09690dd,16090f2ca825584b5a147ab24aa30c86,2017-03-13 19:43:09,399.0,13.4
ed290fabcd8f57622249dcd888cb4ba5,1,e494f26669f3b5feca72555de4733bed,54065e9aef7e9e9c2dc23b7594db021a,2017-04-03 13:03:27,300.0,19.53
ed399d00352208424bcb1d007f75038e,1,edfbb2566914ddd223d3bd6fa1e9693c,8444e55c1f13cd5c179851e5ca5ebd00,2017-03-22 23:13:57,399.0,18.0
ed4d57b2d881e813cf0b801ab17987a0,1,e672fbe634ad07cce9d85f412becb2c0,7a67c85e85bb2ce8582c35f2203ad736,2017-03-09 02:15:46,129.99,11.52
ed7020a10eed1ef7a4895ad933baa211,1,6bbe55cf8f85c87b6eebb775a53402f4,0db783cfcd3b73998abc6e10e59a102f,2017-04-05 21:10:18,99.0,16.39
ed7cabc96de8c36774b894e98aa73dc2,1,a5e242d7d26774906928c7c4aa3916bd,0adac9fbd9a2b63cccaac4f8756c1ca8,2017-03-16 09:38:04,8.9,14.52
ed95597d2fd96ad370b62bbfc4b6127b,1,3c5ff6cfedc787b5fcef300fc43100c0,6338ea67c41078a46ad99cc009654956,2017-03-27 15:16:17,31.99,16.05
ed9a73914b6e0fca8d1b8939f2c41879,1,e9a69340883a438c3f91739d14d3a56d,1b4c3a6f53068f0b6944d2d005c9fc89,2017-03-30 09:30:20,169.9,25.01
ed9b8c42cfb80e03b2218426b8ba0cab,1,9348cf658c9f20576186a9f3b82c58c3,7dc8c42cc750eeafea6c85712ffee9bf,2017-03-20 14:29:00,89.0,19.21
ee042330f80b0d87dd274c9f9b29a46b,1,31639956e7fac87ecfd9d608040638bd,aac29b1b99776be73c3049939652091d,2017-04-03 14:22:41,64.9,15.66
ee1099f5139597ef759566fd91767968,1,a069fc741ff92fd8af8270a66f35fcbd,1554a68530182680ad5c8b042c3ab563,2017-03-17 08:38:47,179.99,22.73
ee43d4bf4491386fa4837c502b9c3f4e,1,81288df52439985f610be64465e53f57,54a1852d1b8f10312c55e906355666ee,2017-03-13 06:45:09,109.99,29.7
ee6398e4b964637992cf88b70044438a,1,9f8aa40ada6e2b65a3bb5643754bf262,92eb0f42c21942b6552362b9b114707d,2017-03-15 21:13:31,60.0,8.79
eea58982d534991bfd7f844e9ff0e28f,1,d472a70d40f4f72dfd5f6024cfc89a13,62c50c1af4dfdc4149d25c5222043d39,2017-03-29 22:15:25,139.99,17.41
ef08f51be577a5bafb5749e93f102591,1,3ba2b0de14984ce8f072c58be8d701dd,a3a38f4affed601eb87a97788c949667,2017-03-23 12:17:37,104.99,20.81
ef118656ef537afb61840ff77a86a067,1,eea1d0033f3735c72d0501fdc2be0437,7c67e1448b00f6e969d365cea6b010ab,2017-03-17 11:43:04,129.99,46.76
ef2d13d781a97ea071e0ad0236e35f49,1,cb43c6e1c451902b51f4f4ff512302df,582d4f8675b945722eda7c0cb61ba4c7,2017-04-06 02:10:31,45.49,10.96
ef5cbfafea632f181983df020dee5199,1,027cdd14a677a5834bc67a9789db5021,620c87c171fb2a6dd6e8bb4dec959fc6,2017-03-08 13:50:17,99.9,14.87
ef5d47c9d6d0ee9bff4c67fdf4c8356c,1,e9a69340883a438c3f91739d14d3a56d,1b4c3a6f53068f0b6944d2d005c9fc89,2017-04-05 10:22:35,169.9,22.66
ef69d6f02be07ca6809eb8262e293157,1,aba86c093ccdbac75b09111d57e50004,7c67e1448b00f6e969d365cea6b010ab,2017-03-30 13:22:04,119.6,15.01
ef69d6f02be07ca6809eb8262e293157,2,aba86c093ccdbac75b09111d57e50004,7c67e1448b00f6e969d365cea6b010ab,2017-03-30 13:22:04,119.6,15.01
ef8e8348ba291917542268f900fac505,1,99a4788cb24856965c36a24e339b6058,4a3ca9315b744ce9f8e9374361493884,2017-03-08 13:35:13,89.9,11.24
efb6d19e3c56fa371d59421e45e53a49,1,eaa26a34984cbfedc19b1e45f09f3c9a,9646c3513289980f17226a2fc4720dbd,2017-03-30 09:02:29,98.0,12.08
efd5f6d335841ef212ce657580faf95d,1,78819ab10b4a44927c832a21c06849e0,34d1ca11b242c0fee2c834ae8d788566,2017-03-09 08:15:06,580.27,30.32
efe5bb701ff507ffa4736a7c07be50d2,1,a069fc741ff92fd8af8270a66f35fcbd,1554a68530182680ad5c8b042c3ab563,2017-03-28 12:27:15,179.99,32.29
f006810a786871fd371a14d0370e88b1,1,77cc62dc80ebe12a0452d1ce0565acdc,218d46b86c1881d022bce9c68a7d4b15,2017-03-31 02:22:36,113.0,13.37
f09b179b5803265142d7de8614234125,1,53f345740817185c3b226e722a2f729a,3d290fe363c60a77498c1126fd3fb8d3,2017-03-15 21:54:43,19.99,10.96
f09f067e8ad2f131f31e6394a71b48c3,1,589b0d2d331830d60af52d28e80326f1,cca3071e3e9bb7d12640c9fbe2301306,2017-03-17 18:40:08,119.9,17.58
f0c338c38177fc15c0b078b324cc03d0,1,8ced2631a18d2e0814557875b3bb907b,391fc6631aebcf3004804e51b40bcf1e,2017-04-11 09:15:17,49.95,14.52
f0cefee84b19e4a0f9a56b147e89eb2c,1,e9a69340883a438c3f91739d14d3a56d,1b4c3a6f53068f0b6944d2d005c9fc89,2017-03-20 15:27:18,169.9,25.01
f0fc39347a86802c8df13bde9111b01a,1,d6be8874a210252bd164fadd394d9e95,7a67c85e85bb2ce8582c35f2203ad736,2017-03-16 17:42:52,69.99,13.07
f11a42c865e929c2b7709f3390d1bc7f,1,551aefc4745dcc77aff9bfa0b4fce507,76d5af76d0271110f9af36c92573f765,2017-03-27 16:47:39,19.9,15.56
f12cefe9433959386542247656221808,1,7cd368b177f37a01149c959266701c1f,f1ed6bd0a9b11b581f16c851c6a5a527,2017-04-10 17:42:41,49.9,31.05
f160c3778d5bd8e90d2ca1e3ea6ad197,1,569ffd16f8032478cbeb9800f2e94ba0,20cb7c2fde3e5bf10f0bbe7394e1c6a9,2017-03-28 12:55:04,16.9,16.05
f160c3778d5bd8e90d2ca1e3ea6ad197,2,569ffd16f8032478cbeb9800f2e94ba0,20cb7c2fde3e5bf10f0bbe7394e1c6a9,2017-03-28 12:55:04,16.9,16.05
f1693d9efbf6b7da21de720cbc7d6d54,1,880be32f4db1d9f6e2bec38fb6ac23ab,fa40cc5b934574b62717c68f3d678b6d,2017-03-16 12:50:52,42.99,14.52
f17af50f27c9a60c151065658aa58edc,1,ea922d4a264635e1c479157377deb623,9add47bf45ce8e8c7db6b9cf670b1e09,2017-03-16 06:18:21,47.9,21.82
f18c6aa6a5d583e8ec36beaabb81d9a0,1,d1833b7b959fa2d25e6d970bda08f59e,45213867cefbf2cd4c6177e10216a951,2017-03-23 11:37:13,322.75,40.89
f1b0d64e31c26320c0447cd14d66f4bf,1,dd6a505f83dd3c6326aa9856519e0978,fa40cc5b934574b62717c68f3d678b6d,2017-03-09 01:30:14,49.9,22.36
f1b0d64e31c26320c0447cd14d66f4bf,2,880be32f4db1d9f6e2bec38fb6ac23ab,fa40cc5b934574b62717c68f3d678b6d,2017-03-09 01:30:14,42.99,27.32
f1cd0985b47da7ca656177c7899c101d,1,e07cf6c8c490ceac43740740459d87ff,92eb0f42c21942b6552362b9b114707d,2017-04-04 03:50:55,17.99,10.96
f1cd0985b47da7ca656177c7899c101d,2,e07cf6c8c490ceac43740740459d87ff,92eb0f42c21942b6552362b9b114707d,2017-04-04 03:50:55,17.99,10.96
f1d9bf2ed3273bf0d6bc69ed89d67701,1,45fc964dc03d16147f82dbe844e2cdf1,ec4608a1f76453166bb312b2968aeaf4,2017-03-21 05:11:38,34.99,23.63
f1d9bf2ed3273bf0d6bc69ed89d67701,2,45fc964dc03d16147f82dbe844e2cdf1,ec4608a1f76453166bb312b2968aeaf4,2017-03-21 05:11:38,34.99,23.63
f1ec76883496424477c5c8162558a911,1,7b66dd141e94feae8c845e69fa60ac9f,1b8356dabde1d35e17cef975c3f82730,2017-03-10 11:11:45,49.99,18.63
f1f920036ae5e94e294eeb5bf898b9d6,1,624b5655a9d76b5a0e7d780dc4733887,ef506c96320abeedfb894c34db06f478,2017-03-29 19:55:15,34.99,14.52
f20142c58be62ba5f9175df74670dcb5,1,1529199a7d88ac40cef5b4a508f18f2c,9a84ba99f5367fdbd4598363496f1ea2,2017-04-03 03:56:27,61.6,17.86
f216085102c6b913fcbf7f5bcadcb454,1,b8762d562d810c2f8d7ad7e9c12957be,dbb9b48c841a0e39e21f98e1a6b2ec3e,2017-03-08 04:15:14,19.99,10.96
f2187ad0889a7f43d3b4b341f0124d84,1,b623b7cb05ee3248fbe4a6ecbeed79a4,7aa4334be125fcdd2ba64b3180029f14,2017-03-21 15:58:14,99.9,26.96
f21c3e20a2847217ba55f353fd228a37,1,71218f861be8873ed7900874b9497582,77530e9772f57a62c906e1c21538ab82,2017-03-15 10:35:23,49.0,15.65
f22aed5c774f9d70037e26c5a4b691bd,1,aed29c4783b11ffad4ab0ca3d12654d6,e627629ba868740e287800f1a9be81c2,2017-03-15 10:24:00,19.9,14.52
f25cd2e8e004f00c140fe6a5da9e336a,1,8d4e4bf855847314fb47989bf2f78aa8,440dd6ab244315c632130ecfb63827b1,2017-03-09 16:03:20,122.0,16.06
f287fe40c60961ff917acd403b4f19ed,1,79a564cca1924553af76d396bf7c0662,9d5a9018aee56acb367ba9c3f05d1d6a,2017-03-22 20:31:49,174.9,21.67
f29332f473a6254f4ff3916edf221675,1,951cb45d30e716a846d8cf5874034e56,2138ccb85b11a4ec1e37afbd1c8eda1f,2017-04-05 22:42:39,18.99,14.52
f29ddf8225b83634a61798046455ce8a,1,cedf309ce95b4a69d153dd219dd1cef8,3bdff180c7e1f6551a643b99c265a120,2017-03-16 15:09:40,49.9,18.63
f2a634fd6829278af09d901f172f769f,1,c9c455f9fd8ca66d3ff7f90a249753b4,96804ea39d96eb908e7c3afdb671bb9e,2017-04-04 23:50:24,109.95,21.22
f2d872bfea08d627b7910014e94c7e3c,1,26d7ac00b95e35c6592f0c0b289179f6,cca3071e3e9bb7d12640c9fbe2301306,2017-03-17 16:22:21,34.9,14.52
f2ef8ad9ee61aaa6334cf0967193a602,1,a24b0a4730a6f5b13a3502fb5065a814,cca3071e3e9bb7d12640c9fbe2301306,2017-03-20 20:08:52,24.9,10.96
f303983d1d0592df48b9dc1cea9bb871,1,1486ffdf6241755c77f5345b01232361,3b15288545f8928d3e65a8f949a28291,2017-04-03 22:22:26,59.99,15.63
f309544e0fa881330c466bff31564da2,1,aef8207c2e91f4fcdbc0824737abf358,5c243662ce92d84573bfaff24c3e3700,2017-03-20 13:53:27,339.99,17.59
f30fa14e2b0495b15843f4fa7e1287b1,1,fcb0e3bd6245e82cb0203dca6c126e43,36a968b544695394e4e9d7572688598f,2017-03-27 00:27:23,20.9,10.96
f30fa14e2b0495b15843f4fa7e1287b1,2,fcb0e3bd6245e82cb0203dca6c126e43,36a968b544695394e4e9d7572688598f,2017-03-27 00:27:23,20.9,10.96
f323bb8ea0778da8d42a6de6499edb87,1,a50acd33ba7a8da8e9db65094fa990a4,8581055ce74af1daba164fdbd55a40de,2017-03-15 02:46:07,117.3,24.64
f33804414861bfaca84228b749e3085b,1,5850cdcd591bf91b931a59143bed34ac,827f8f69dfa529c561901c4f2e0f332f,2017-03-22 19:13:10,32.9,14.11
f343624eab419250ad81f1ce6be22c93,1,777d2e438a1b645f3aec9bd57e92672c,4a3ca9315b744ce9f8e9374361493884,2017-03-13 11:55:18,69.9,15.7
f3586031611f21667ec4fdcd6a42c175,1,de617af7dcabcd4b1eb8855381250940,d66c305afaec317ebee552073a674429,2017-04-03 21:30:15,39.9,14.52
f376081d7c5f1767fbc7fae2d19ca32e,1,c7079d23bead81759eb7c670b96728bc,385799a1cddbd26dfeb9157356a42282,2017-04-03 16:15:15,91.99,6.75
f376081d7c5f1767fbc7fae2d19ca32e,2,04a4e9d8c0dc6b2b4b8e24ea78a8f318,385799a1cddbd26dfeb9157356a42282,2017-04-03 16:15:15,91.99,13.5
f376081d7c5f1767fbc7fae2d19ca32e,3,04a4e9d8c0dc6b2b4b8e24ea78a8f318,385799a1cddbd26dfeb9157356a42282,2017-04-03 16:15:15,91.99,13.5
f38176af08190044aef2fe48eb38365b,1,ed042312ea8ad0a470e9891ac4e7201e,fa1c13f2614d7b5c4749cbc52fecda94,2017-03-09 17:02:25,299.0,16.26
f386ab31f2ffcafd65304e199111d3c2,1,be5353e2c543ba4f67831f95d3775420,f4aba7c0bca51484c30ab7bdc34bcdd1,2017-03-28 22:43:36,19.9,10.96
f3a11dab21352ec16a6d038ce9958381,1,566837caf82af3f65421f9d9d8820a27,cca3071e3e9bb7d12640c9fbe2301306,2017-03-20 11:03:09,39.9,17.19
f3a11dab21352ec16a6d038ce9958381,2,566837caf82af3f65421f9d9d8820a27,cca3071e3e9bb7d12640c9fbe2301306,2017-03-20 11:03:09,39.9,17.19
f3a1afc2437c5eb6c3ef3d974cf47d08,1,d696750e550fd0f733979dd7e5dff921,9de4643a8dbde634fe55621059d92273,2017-04-03 00:43:02,169.99,16.4
f3b7a74389c875b24dbbdbf6aefaca3d,1,a50acd33ba7a8da8e9db65094fa990a4,8581055ce74af1daba164fdbd55a40de,2017-03-16 02:45:50,117.3,22.29
f3cd6fd2bd9ec528bdd3a45d423636b9,1,7d854ab97c64ef9df2bbfaf332765786,aac29b1b99776be73c3049939652091d,2017-03-09 19:45:16,59.9,19.01
f3d59321333272553ea18350bf41946e,1,3ece1fcd5a64459a4e24143920178f42,77530e9772f57a62c906e1c21538ab82,2017-03-16 08:42:37,49.0,14.11
f3d59321333272553ea18350bf41946e,2,3ece1fcd5a64459a4e24143920178f42,77530e9772f57a62c906e1c21538ab82,2017-03-16 08:42:37,49.0,14.11
f3fc3c963c2854345aac9d080936f879,1,e7cfb5f52c08494aeb59190d03ddf5f8,b14db04aa7881970e83ffa9426897925,2017-04-05 18:02:15,59.0,14.18
f4366d9980e6fb925d2ed9a63d8a6e2c,1,c9da1aa6e29221a1aabf1131aa2134e8,99eaacc9e6046db1c82b163c5f84869f,2017-03-16 13:52:02,258.9,15.98
f4427355eae41ccd3245fcdea1bef5dc,1,c6ab3d8f4227913c4fa99e94ef84aa70,f41ce2e25237f9092cd8e6e7516c7a2f,2017-03-29 10:52:36,58.0,11.02
f4501c0e013275ff49c4a0c3d16c50ee,1,8afee64dc809d5e833ae113a81774ddc,08061dc0fc165ed41288cc7acde738ee,2017-03-30 02:11:05,7.9,24.84
f4a291980c5b03cc5d41ced6b0407be3,1,e0ce26ae52c9ab0b8c8e42129d6c1996,391fc6631aebcf3004804e51b40bcf1e,2017-04-03 13:15:11,24.9,11.74
f4d751641e56be2627108a93641f82f3,1,d472a70d40f4f72dfd5f6024cfc89a13,62c50c1af4dfdc4149d25c5222043d39,2017-03-30 09:12:05,139.99,9.97
f4e8ad5799c4158d5a46252237570e68,1,1ba74b19c790ee59fb57fa2befa6e885,b372ee768ed69e46ca8cdbd267aa7a38,2017-04-10 08:35:11,350.0,13.06
f4ebe4ce4e9765df6954a4fbc44ed37f,1,33fac76e7f17367dedaef7954bbb33b4,56642bcb79900e777d68e91915cb4267,2017-03-09 13:25:10,72.0,26.74
f4f92c0415cf3360dbf1209032bba08d,1,a1bf559ac1eab015ba992bd76d9d76c7,85d9eb9ddc5d00ca9336a2219c97bb13,2017-03-17 13:18:07,19.9,14.52
f51e3c7f79d1e2c076acbb6af1588b95,1,e1da02256dce4dee2207c36853547c7b,520b493b57809f446cb0a233bb3e25c7,2017-03-16 20:04:32,118.0,12.22
f52830b0ca8b8b633b4c270c33603cbb,1,6ad3413ad491b857999157ee4fc403d9,23613d49c3ac2bd302259e55c06c050c,2017-03-30 02:43:57,84.9,22.06
f53eae1ce47dc68e8da117dd0d7feef1,1,05d80513da078badb81a5f232e489376,dd2bdf855a9172734fbc3744021ae9b9,2017-03-09 02:10:22,69.9,15.7
f56ef9a15044d3fcd12867e68415ee5c,1,3ba2b0de14984ce8f072c58be8d701dd,a3a38f4affed601eb87a97788c949667,2017-03-09 16:15:24,104.99,25.47
f5790c25979b0fd6a9125cfd745689a7,1,eba7488e1c67729f045ab43fac426f2e,620c87c171fb2a6dd6e8bb4dec959fc6,2017-03-23 21:05:50,198.0,21.84
f5ac3d2cc1cd3fa1eaab79b898066777,1,b92a7304ebad1ca5b393b53b2de5c70a,7c67e1448b00f6e969d365cea6b010ab,2017-04-04 08:01:15,136.99,16.66
f5ac3d2cc1cd3fa1eaab79b898066777,2,b92a7304ebad1ca5b393b53b2de5c70a,7c67e1448b00f6e969d365cea6b010ab,2017-04-04 08:01:15,136.99,16.66
f6015e259b552af1df4a7d889a5da8c4,1,98e91d0f32954dcd8505875bb2b42cdb,01cf7e3d21494c41fb86034f2e714fa1,2017-03-17 10:27:41,59.9,15.63
f63534bddbd95cda0a1f281a1994a1ef,1,96b84df3582b12cc062543cee325b38e,0ea22c1cfbdc755f86b9b54b39c16043,2017-03-20 02:01:32,24.9,14.52
f6605c7ac6582925cf6ccd0456d96600,1,e3d2dbfda8903ca3c230a480b75dc0f3,e26901d5ab434ce92fd9b5c256820a4e,2017-03-30 01:45:12,59.9,11.03
f67dfbaeb6d5c6188f0aa52aa1634a7e,1,7c7a6e88e5df5c4aa1d4526a833e59e7,ed4acab38528488b65a9a9c603ff024a,2017-03-30 16:50:13,2120.39,48.21
f68d2c7cf192e85e39bd08dc995dca5c,1,de9c7592ce4a5f5ac77c2f360698d44e,392e0502231ae2f8b29994ef6398cd77,2017-03-09 15:05:14,199.0,23.68
f692b6bd0ae87642d9c7656e6199ed03,1,99a4788cb24856965c36a24e339b6058,4a3ca9315b744ce9f8e9374361493884,2017-03-17 02:43:26,89.9,11.24
f69e374b5692141d4343de7c1025a875,1,11e0a57b7340441c4ece1cf7efd99ff8,ae8bfdbf1c2a2a2dee92d799db0a31c6,2017-04-04 17:42:30,17.99,17.19
f6a08a1ed99bb5b7aac1460a4eb56521,1,8232a265a535c1f886b38335667be2a5,f45122a9ab94eb4f3f8953578bc0c560,2017-04-04 02:10:33,59.99,15.63
f6a88b9bb4c26463d70208b8ad03eb28,1,a00a22560435cc439faf6163eabc1ef8,2138ccb85b11a4ec1e37afbd1c8eda1f,2017-04-04 22:42:34,18.99,14.11
f6bc8c7b31f02638a377f399f2bd201f,1,d3060c543b1b88a647cc284ed7a9dd4a,f67efa3f0b6761102a7f8c6b7b571f5d,2017-03-10 09:35:21,109.99,20.85
f6dbdcbe96b4cd2904cf75bbda5c6ac1,1,19f3b74026e6ec6c83fc25e21baf454e,e627629ba868740e287800f1a9be81c2,2017-03-13 14:43:03,79.0,8.92
f6ed483455295c6e7544f141244cd981,1,6d811b6e8cada9a8f7f38bb315620e1b,80e6699fe29150b372a0c8a1ebf7dcc8,2017-03-07 12:35:47,129.0,22.51
f6f837b4bdc91f8c4306f0819916a11c,1,84a87daa85c8b432d90bc1baa0cb4388,aafe36600ce604f205b86b5084d3d767,2017-03-10 20:05:21,89.9,19.33
f726f658e548a5e6e7f2c8f4ee47d73f,1,35afc973633aaeb6b877ff57b2793310,4a3ca9315b744ce9f8e9374361493884,2017-03-23 09:05:50,89.9,12.28
f726f658e548a5e6e7f2c8f4ee47d73f,2,f2e53dd1670f3c376518263b3f71424d,4a3ca9315b744ce9f8e9374361493884,2017-03-23 09:05:50,109.9,24.57
f726f658e548a5e6e7f2c8f4ee47d73f,3,99a4788cb24856965c36a24e339b6058,4a3ca9315b744ce9f8e9374361493884,2017-03-23 09:05:50,89.9,12.28
f736c451b8bfbfbbf8164a476b28bf98,1,bdfe450775bde583b7abb5698f1bd6e2,56642bcb79900e777d68e91915cb4267,2017-03-13 09:15:12,131.0,9.91
f744a90daf064199b23ec905bcd31a97,1,99a4788cb24856965c36a24e339b6058,4a3ca9315b744ce9f8e9374361493884,2017-03-27 14:36:29,89.9,14.8
f74be888995a543e2047e942e08a9960,1,15554042fe82e006a72cf392f462cd4e,2138ccb85b11a4ec1e37afbd1c8eda1f,2017-03-30 09:15:09,27.99,20.8
f7667bdd9bdb0953511db7d56f25865c,1,99a4788cb24856965c36a24e339b6058,4a3ca9315b744ce9f8e9374361493884,2017-03-23 10:12:09,89.9,11.24
f776c57636792f1caf6b4611aa890464,1,b03f486273ee4263286c00383ef34f37,656591be56071d4c9ef4e5fee78a578a,2017-03-23 12:39:59,92.0,21.97
f778c08595fa3873bb689febdda2c509,1,1bfb290d7273a442c874dbe74b4abae6,a7f13822ceb966b076af67121f87b063,2017-04-04 18:03:20,89.96,18.88
f77a966a5b4d9d5e7bbf4f70d3d57a65,1,6d1552d60826f1b026c844b0501c2058,59fb871bf6f4522a87ba567b42dafecf,2017-04-06 10:25:21,349.99,13.06
f77fe87685972d2d1a7ff6600f590d59,1,86f2416d4670e4ea3ca5494d043d9f24,a7f13822ceb966b076af67121f87b063,2017-04-04 12:34:50,179.96,61.49
f7851f9eb3d5ff0bee53bae976c77c8c,1,247fa5b4e2f524a22b21ef256ffc23e4,3bdff180c7e1f6551a643b99c265a120,2017-04-05 02:16:08,26.9,11.74
f7959f8385f34c4f645327465a1c9fc4,1,c1234c80dafde7ef3311b3eabd5069ed,dc4a0fc896dc34b0d5bfec8438291c80,2017-04-11 08:05:08,17.9,10.96
f7a6a012fe2322e9fae5ad8b10385f15,1,3f40e0e434d939f380a29f5e863cfb9f,729f06993dac8e860d4f02d7088ca48a,2017-04-04 14:02:41,129.9,13.49
f7b6b85f6fd2cf9aac15731dca998844,1,179bb56045bec397c52ef3c8183dabb6,9e25199f6ef7e7c347120ff175652c3b,2017-03-31 10:10:27,12.5,14.52
f7e13134cbda2f29f8690ed0dcb2e480,1,a5d89252158ff2fc7effe07dcffbbc14,41b86b552e54e3a7009596125aa8b167,2017-03-31 03:02:50,129.9,25.28
f7e13134cbda2f29f8690ed0dcb2e480,2,aaac7cb8bbb8fe12c5758225cd464e5c,41b86b552e54e3a7009596125aa8b167,2017-03-31 03:02:50,168.9,49.47
f811812f4598bc238e5006ba2acf8b4b,1,319a34188248a8d88d6734492636e66b,b127efdabeffb5d559349c7b172eb75d,2017-03-09 17:15:15,44.5,14.11
f81d082e88c93adee5b45ea41c711d67,1,5208751f83b00433444ae85791a01bdd,391fc6631aebcf3004804e51b40bcf1e,2017-03-29 21:45:15,128.35,17.64
f84ed066131e26a100371eb314bfa094,1,1e492320adb9484da91d2c8476fc0d5a,0ea22c1cfbdc755f86b9b54b39c16043,2017-03-13 03:43:01,34.9,14.52
f85b51024ff548e07b08c7cedcd1a0e1,1,af51d485dc5255ba2e18b21b550156e6,5dceca129747e92ff8ef7a997dc4f8ca,2017-03-30 14:42:43,249.99,44.55
f86b24a45dc34d1b7fcdeb817bf503da,1,1bfb290d7273a442c874dbe74b4abae6,a7f13822ceb966b076af67121f87b063,2017-03-15 21:25:18,86.96,26.11
f86b24a45dc34d1b7fcdeb817bf503da,2,1bfb290d7273a442c874dbe74b4abae6,a7f13822ceb966b076af67121f87b063,2017-03-15 21:25:18,86.96,26.11
f872170fde91c3b0006f1e57ce27b835,1,c8f7df520102efbaf9927f5acf21b928,a3a38f4affed601eb87a97788c949667,2017-04-06 18:25:16,84.99,16.29
f885037230ad5460192a6a2c609af8d9,1,cf54cbfe4e33bc8f7b34a65da576497c,d2374cbcbb3ca4ab1086534108cc3ab7,2017-03-30 16:55:15,45.9,14.52
f891a5652a32da88979c1328c7cb73db,1,dcfeedf441c38e5e7e58ffce194af2bb,a1474fd46fd3430168f7ec202da39408,2017-03-19 22:32:23,680.0,193.28
f8a32dccc15ddefd099b9c9f3e943595,1,b3b0bce74668bf355cbd94db1e4d17b9,8c16d1f32a54d92897cc437244442e1b,2017-03-22 15:21:40,24.98,20.8
f8a32dccc15ddefd099b9c9f3e943595,2,b3b0bce74668bf355cbd94db1e4d17b9,8c16d1f32a54d92897cc437244442e1b,2017-03-22 15:21:40,24.98,20.8
f8dc2e2efd79f135f2ae7b04e0d95985,1,1ad107de20364138356e19ab81369f04,8e6cc767478edae941d9bd9eb778d77a,2017-03-19 23:37:11,8.49,18.63
f8dc2e2efd79f135f2ae7b04e0d95985,2,1ad107de20364138356e19ab81369f04,8e6cc767478edae941d9bd9eb778d77a,2017-03-19 23:37:11,8.49,18.63
f8fa646064b580d92a30a5db627a817a,1,483bc1cbabb3fd0c16d82d2f162852c4,7142540dd4c91e2237acb7e911c4eba2,2017-03-27 11:30:03,294.9,24.61
f8ff4b3861d957e056ce454bffbb4ff0,1,8c96a6969d0fad20629fec9c1ea45e02,062ce95fa2ad4dfaedfc79260130565f,2017-03-31 13:06:14,79.9,21.01
f92d165e697238dfb823e7ad27b9ba52,1,a790e7dec58b8a74e3644ed9426b74e5,cca3071e3e9bb7d12640c9fbe2301306,2017-03-20 08:41:19,49.9,11.74
f964ec281f9f4098870fff22b6b74fec,1,bc68b4f9aacf4761a51fe96ac9cb6d62,2138ccb85b11a4ec1e37afbd1c8eda1f,2017-03-08 14:30:29,32.99,14.52
f9651b358b6d207c7bd6c83078948f27,1,d381a801331f62e294893c46ce121fc8,a7c88262832dfc683781d6a421edefae,2017-04-02 22:23:24,298.0,17.79
f973d0ce8c26b450f3c57eae24f60f17,1,2c11cd2167ee0eaaeb45e1f5bf2862d2,f45122a9ab94eb4f3f8953578bc0c560,2017-03-23 14:45:15,119.9,15.01
f992a59bd269c4eb0ae5ca2d403474b6,1,a1bf559ac1eab015ba992bd76d9d76c7,85d9eb9ddc5d00ca9336a2219c97bb13,2017-03-17 16:22:20,19.9,14.52
f9a14504eda279e33148ab16f0b231e8,1,60d49071f68566b7254c39a7d4ea5c1c,d66c305afaec317ebee552073a674429,2017-03-09 15:35:13,29.9,20.8
f9a8f148429cc3e0ebfc426bf5f7299e,1,05019bc35fc2ed878c0c0f55346b91c6,e99e927c81e3f51739c94fcdfca9f10f,2017-03-09 04:02:31,104.98,20.81
f9b07dd1e93ce7446339491bcbccd1c9,1,21fb5057dd6a737df6851a7ab7a130da,b14db04aa7881970e83ffa9426897925,2017-03-23 12:11:43,69.0,21.81
f9b07dd1e93ce7446339491bcbccd1c9,2,e7cfb5f52c08494aeb59190d03ddf5f8,b14db04aa7881970e83ffa9426897925,2017-03-23 12:11:43,59.0,17.44
f9c6801b9c045eee2a9c41dbf6fcb67d,1,628d0ba951ebb8fd1edc5ab3934468e0,903037660cf848a717166eb7a06d616e,2017-03-14 19:15:13,79.9,13.14
fa11f70667bca67510305f9ce43e7b25,1,56a2556592a309ac9f087be6ca82fbf0,b2ba3715d723d245138f291a6fe42594,2017-03-09 09:50:12,649.9,17.13
fa1d2f55776a28be054d1b1b3c12bb51,1,9b6a64c03d07faddf8a5c905e61d608c,9485a23c0430ba1d58d359391606fce6,2017-03-27 13:50:46,198.0,12.0
fa42976ec498a7a192277e10b1706a5f,1,abe135ae574a8969994de86975004972,63ffcb71394dd8ea3872ed9ffda17c74,2017-03-23 10:53:14,16.9,17.19
fa69e8d77e6f9d310a77c7dd43261ce7,1,04f9876e5833ccf6df7934aaebd19faf,8e6cc767478edae941d9bd9eb778d77a,2017-04-03 13:10:13,54.32,18.66
fa80f02ebe2844509c609c9f2b923f72,1,2ae40c35ef6620f730a55329d0cd3301,6b9b80d53ba3676eafe60268a810b5a1,2017-03-27 13:42:10,99.0,15.9
fac7a12d71d1e7acb587f748a51d9ccf,1,ae410a493a61c3073fae7d006ba0cc8d,1b4c3a6f53068f0b6944d2d005c9fc89,2017-03-30 21:15:18,89.9,18.91
fad263c690ebcbd7b6655a2d7e0d0df6,1,db51982bc43b26164c29605b8ed140d6,2138ccb85b11a4ec1e37afbd1c8eda1f,2017-03-08 08:42:07,32.99,10.96
fae3b1a8d40ef353a1dbc1846bd5cbc2,1,2273be0f0b60b5d12c8853cae6ccf7ef,41b39e28db005d9731d9d485a83b4c38,2017-04-03 18:30:13,17.5,14.52
faee84a4283f8d770ea390010415ad05,1,c8f7df520102efbaf9927f5acf21b928,a3a38f4affed601eb87a97788c949667,2017-03-30 17:22:23,84.99,14.76
fafb40d4bbf282fe7b9bbafcc2eef58a,1,89cbc14f2460e2001f74f8e667194eb7,dd2bdf855a9172734fbc3744021ae9b9,2017-05-12 15:05:18,17.9,14.52
fb04716648402d4fd6f8158e51779fa8,1,e0d64dcfaa3b6db5c54ca298ae101d05,7e93a43ef30c4f03f38b393420bc753a,2017-04-05 07:35:08,255.61,17.0
fb11e3f2905ee0f75ef24f40def76252,1,8c591ab0ca519558779df02023177f44,a1043bafd471dff536d0c462352beb48,2017-03-23 18:25:15,99.99,28.89
fb441bffe443e71cb16477c4743591e8,1,5263b67de8e3edbade45ea923f6c4e79,70eea00b476a314817cefde4aad4f89a,2017-03-22 13:05:58,2600.0,26.07
fb6f9beaf3a466694906162da16202d9,1,861857117917aaa99611defcc0d514cd,e9779976487b77c6d4ac45f75ec7afe9,2017-04-06 16:42:10,199.0,15.56
fb81538ad88f59a4eb26ec0627825830,1,5c6c8bdc71e47cac577be6a17cef3ab3,8cc6a0e5738e61a87b03c78b2ba9db4b,2017-03-09 18:22:40,42.0,20.8
fba464e2b8022e40e3a5e5fdb8e7f2b1,1,f3c264e374d6bd3a14a48ea44b94f8c2,2138ccb85b11a4ec1e37afbd1c8eda1f,2017-03-10 13:10:37,14.9,14.11
fba896b434960b7968da1f24e5fd1d01,1,f71973c922ccaab05514a36a8bc741b8,5dceca129747e92ff8ef7a997dc4f8ca,2017-04-03 09:22:43,109.9,30.91
fba896b434960b7968da1f24e5fd1d01,2,c7b3cf9de7be95b3e09e7a63315685eb,5dceca129747e92ff8ef7a997dc4f8ca,2017-04-03 09:22:43,79.9,26.9
fbbfacf696d50761d1947ab6fb641764,1,03d7ad0ce97624c931b3abde02b5d819,620c87c171fb2a6dd6e8bb4dec959fc6,2017-04-03 10:05:16,69.9,24.98
fbe14dbea1cdcc16f5709ee80b0fab7a,1,4bb4fb9c85785b75ab4f6559900c7ca1,ef506c96320abeedfb894c34db06f478,2017-03-16 00:50:38,37.99,14.11
fbecebecbe32df9dc3411b1e35b5484c,1,a6bfd5412c292e6ab465ba7d7f794727,4e922959ae960d389249c378d1c939f5,2017-03-24 18:22:46,22.0,14.52
fbff77db5421bb7e1da292db45d07e75,1,654ccc4e5459e7ba6b8d9fb04c45b9db,2d8cfba3fcd3170555941605edaa196a,2017-03-21 11:41:46,45.0,10.96
fc0e7c52306f65220d5eca076e70c610,1,c3b01b2e86b6fef991c30e470d191d44,adcf50477d6a1f5d91bb9d54c4903cb5,2017-04-05 15:12:54,21.35,17.78
fc0e7c52306f65220d5eca076e70c610,2,c3b01b2e86b6fef991c30e470d191d44,adcf50477d6a1f5d91bb9d54c4903cb5,2017-04-05 15:12:54,21.35,17.78
fc3078fa5d882e59237a658341f57738,1,decdbf117444f265f4400886439f5fd7,b57e8460909fa137df7951b4a3b5ea84,2017-03-08 08:05:18,99.0,42.07
fc3078fa5d882e59237a658341f57738,2,b5d652cabeb01249ad1cf910eef3230b,b57e8460909fa137df7951b4a3b5ea84,2017-03-08 08:05:18,99.0,42.07
fc3e5cddf41dc7757252c2fc0a6c947b,1,9ff668529410eefd5bca723acb4834c1,cca3071e3e9bb7d12640c9fbe2301306,2017-03-17 19:45:17,99.9,15.81
fc4e4569c5ee84762423c8111fdea8c7,1,38faaf77a4cd4dfb50ea8512e66285b0,7e93a43ef30c4f03f38b393420bc753a,2017-03-23 14:53:45,717.71,26.95
fcadcc442807c2370f7d45ae2bcce264,1,ee7250e9df8dc96851637180e9498509,46dc3b2cc0980fb8ec44634e21d2718e,2017-03-17 14:54:17,119.99,17.27
fce0844e8548aed6d329fd798f4937a9,1,761989673935a5d17b8ea130576beb2a,78ef7e885d17f35e2382a47aae8b8cce,2017-03-16 13:15:23,30.0,17.78
fd0926fd1e8031a9cf228b88589a085b,1,d952c09021388fd5b1e5f914f559fb10,2138ccb85b11a4ec1e37afbd1c8eda1f,2017-03-24 14:14:31,18.99,20.4
fd1dfd657df57a8183a8bd5ad5725538,1,4d8ea5149cb1949048b389bc23797fef,aae3bfea055532c57fb453ed3ec80b30,2017-03-07 23:50:10,68.0,11.09
fd22bd0610424ec9e62c1d98288b51e9,1,7e0dc102074f8285580c9777f79c90cf,e26901d5ab434ce92fd9b5c256820a4e,2017-03-28 13:08:49,34.9,10.96
fd23556a7c693dc9341a263d6b9010cf,1,b09790edda54333116f9cf1decc580a1,d2374cbcbb3ca4ab1086534108cc3ab7,2017-04-05 14:43:07,24.9,14.52
fd2501379f4567dee6308aa8484f1a5a,1,3f9d819e1669be4865fdcd717968bb4e,e49c26c3edfa46d227d5121a6b6e4d37,2017-04-10 06:02:44,25.86,24.84
fd63edd3e877295ad1dbe1d2b76b640c,1,b09790edda54333116f9cf1decc580a1,d2374cbcbb3ca4ab1086534108cc3ab7,2017-04-12 01:45:10,24.9,10.96
fd766da8b074a9d9399eee9b28525f83,1,dbb4ce89c8ed5fb6fd901e2e51093179,91f848e9f4be368f4318775aac733370,2017-03-12 21:35:10,79.99,18.84
fd867bdd8258af11c6d8d6ff8c6c82db,1,38b5079a807bb9f22ddfa46f929accee,6560211a19b47992c3666cc44a7e94c0,2017-03-29 21:50:15,21.0,14.52
fdaf0fd938efa36f6b32471ef6b7e63f,1,090ab1523d3fe5832c09a55b7195e32b,ef506c96320abeedfb894c34db06f478,2017-04-05 02:15:24,19.99,14.11
fde57015e8a551f04dac99621c01678b,1,5457c026a643626249213e1e39c31d10,a888faf2d1baececa6baf9c3d603ee1f,2017-03-22 21:55:28,379.9,18.36
fde5931c072d09a2a89da86b20ab0451,1,d95767fa0df02e36e44e71e86a07af1b,76d5af76d0271110f9af36c92573f765,2017-03-22 18:53:36,29.6,10.96
fe10aebacf088c1a719b7818f2e2523e,1,79896466715d0179d8e5c8a84e5f0a18,05ff92fedb5be47920fea08e501238b9,2017-03-23 13:53:46,449.0,21.73
fe2893f4e6b71e79a7aec9c777744a16,1,7736ea239e147291f6adb766c992beb1,d2374cbcbb3ca4ab1086534108cc3ab7,2017-03-30 16:05:44,15.9,10.96
fe2893f4e6b71e79a7aec9c777744a16,2,642a40d4d73b4b2604968937de13634a,d2374cbcbb3ca4ab1086534108cc3ab7,2017-03-30 16:05:44,12.9,10.96
fe586a853555fc16df58af7c72fc30dc,1,7e0dc102074f8285580c9777f79c90cf,e26901d5ab434ce92fd9b5c256820a4e,2017-03-24 11:07:01,34.9,16.05
fe5d946bb1d5891792a436f46f3618a3,1,336cfb12a5468070795ae4c964f4ce47,7008613ea464bad5cb9b83456e1e6a8f,2017-03-30 20:10:17,89.0,19.21
fe61e92ff4a1b045c69b89b72e42643c,1,57de1d67d6badffc863b651c74e59dd0,b2ba3715d723d245138f291a6fe42594,2017-03-20 16:15:15,189.9,18.17
fe6fc04c1126046e3f641fee9303d4cf,1,afd34b33969fc993e14ae949c140d527,f45122a9ab94eb4f3f8953578bc0c560,2017-03-31 20:05:39,125.9,16.09
fe8f4055f38e22b71472cea8d0d2ecbf,1,711ffb7574aa22c89aa744dd74fefd5c,d50d79cb34e38265a8649c383dcffd48,2017-04-05 15:50:17,664.9,24.73
fe9178012c726b1780a3553d7972a9b8,1,d20466987c855004cda6b91a3a09da79,41b39e28db005d9731d9d485a83b4c38,2017-03-10 14:30:21,129.7,37.92
fe9f3a971bb08a9eea14c93de1a42034,1,9b8bc17a236d09185c2101d0a02f8487,96804ea39d96eb908e7c3afdb671bb9e,2017-04-03 03:43:42,79.95,15.77
fea3c9e9bdea46b747e70684aa891531,1,f40e67d9fbad11e25f958cc8b534af73,6df688df543f90e9b38f4319e75a9d88,2017-04-03 15:55:14,17.82,14.11
fedff8c18cd833ff96c2fb39874fb591,1,d1a943978e5d919d1ab662b07c810dae,45213867cefbf2cd4c6177e10216a951,2017-03-09 15:15:12,490.0,23.51
ff36f4d6d98c0b2a7e70acb7d1b3f139,1,6b80b94c131c21e8a80f8139fa458329,4e7c18b98d84e05cbae3ff0ff03846c2,2017-03-29 18:35:16,109.0,57.3
ff7f5fd520c590ecb28347614bf26ae2,1,9d395a6bc9dbad2dfe60c8c92d8df397,77530e9772f57a62c906e1c21538ab82,2017-03-09 14:35:16,148.0,25.24
ff8ac98b246381dba3eb9d51e77faf6c,1,7e0dc102074f8285580c9777f79c90cf,e26901d5ab434ce92fd9b5c256820a4e,2017-03-17 15:15:06,39.9,10.96
ff9150d22b184f4491b6732e1ca8d81e,1,566837caf82af3f65421f9d9d8820a27,cca3071e3e9bb7d12640c9fbe2301306,2017-03-17 10:21:54,39.9,15.56
ffb9a9cd00c74c11c24aa30b3d78e03b,1,fec565c4e3ad965c73fb1a21bb809257,da8622b14eb17ae2831f4ac5b9dab84a,2017-03-22 17:20:21,89.9,18.34
ffb9a9cd00c74c11c24aa30b3d78e03b,2,fec565c4e3ad965c73fb1a21bb809257,da8622b14eb17ae2831f4ac5b9dab84a,2017-03-22 17:20:21,89.9,18.34
ffb9a9cd00c74c11c24aa30b3d78e03b,3,03bb06cda40712fb8473f7962fb7d198,da8622b14eb17ae2831f4ac5b9dab84a,2017-03-22 17:20:21,129.9,18.49
ffb9a9cd00c74c11c24aa30b3d78e03b,4,3321ad579f19476d0d668f726f8dffec,da8622b14eb17ae2831f4ac5b9dab84a,2017-03-22 17:20:21,219.9,22.18
ffba9bdc3f52eb0c4e3bac55391f706d,1,916bcfd7e756e0b65372da1378d1c125,83e197e95a1bbabc8c75e883ed016c47,2017-03-10 18:02:51,144.5,19.6
ffca67b9419980488c476f7f7f7bc070,1,446295cf6f689d4db477145815362608,6cd68b3ed6d59aaa9fece558ad360c0a,2017-03-16 08:29:36,75.5,14.7
ffe49171e120186dcc4c444b55691810,1,102cdda7fcf3cb71b5f9d6d2a3e56b58,8931a84a914b3fe9b1ddaa4d704947ca,2017-04-04 02:15:36,68.0,8.85
ffea406a848c8afe4dec22bf6290ba00,1,801a695ff5c0c14970a71a4ceb70989e,48162d548f5b1b11b9d29d1e01f75a61,2017-03-21 17:16:36,146.9,15.2
