order_id,order_item_id,product_id,seller_id,shipping_limit_date,price,freight_value
00010242fe8c5a6d1ba2dd792cb16214,1,4244733e06e7ecb4970a6e2683c13e61,48436dade18ac8b2bce089ec2a041202,2017-09-19 09:45:35,58.9,13.29
0010b2e5201cc5f1ae7e9c6cc8f5bd00,1,5a419dbf24a8c9718fe522b81c69f61a,3504c0cb71d7fa48d967e0e4c94d59d9,2017-09-15 18:04:37,48.9,16.6
00337fe25a3780b3424d9ad7c5a4b35e,1,1f9799a175f50c9fa725984775cac5c5,cfb1a033743668a192316f3c6d1d2671,2017-09-29 17:50:16,59.9,9.94
00337fe25a3780b3424d9ad7c5a4b35e,2,13944d17b257432717fd260e69853140,cfb1a033743668a192316f3c6d1d2671,2017-09-29 17:50:16,59.9,9.94
0046e1d57f4c07c8c92ab26be8c3dfc0,1,ff6caf9340512b8bf6d2a2a6df032cfa,38e6dada03429a47197d5d584d793b41,2017-10-02 15:49:17,7.79,7.78
00471463a6106056c1a2a809f70de640,1,9df0e8a7eef2a38b74e6d5c0e224b11f,7c67e1448b00f6e969d365cea6b010ab,2017-10-03 22:46:14,179.99,85.97
0064d74f7de7917d54768d7722ad56ac,1,fa11ecd35f999783e96ac500532d9d45,2e90cb1677d35cfe24eef47d441b7c87,2017-09-14 21:55:22,189.9,31.17
00664284de7a3470d22931ed78615ee4,1,205604b962ebdae1c924e0d14e6e8ac1,1b938a7ec6ac5061a66a3766e0e75f90,2017-09-28 13:30:11,43.9,11.85
0068e836900867da359bd81db9227a33,1,735413ccfa564132a231aad945ef85ad,5b67882648febfb6e1225e6ad7164f6b,2017-10-05 02:24:43,96.99,16.44
007beb35f98c075747e6fc4fd1c0cb73,1,ce130b350f529a1d6288f927da7404ea,e38db885400cd35c71dfd162f2c1dbcf,2017-09-28 08:50:17,64.9,18.69
0098dbda25722a3f019fe252a0cd10b3,1,568ba441f7f464dc73d23a91cf8ca671,cca3071e3e9bb7d12640c9fbe2301306,2017-09-27 02:45:37,143.54,21.49
00a843f5a80c7aea894c558acc29f513,1,6536314c94d43b787fc1c622941da14b,2138ccb85b11a4ec1e37afbd1c8eda1f,2017-09-08 18:55:14,32.99,14.1
00ab1aba567dfebdc39caa4e7ca2f1b2,1,fcf64c72035fc6f17660bae96c933ffb,8444e55c1f13cd5c179851e5ca5ebd00,2017-09-08 14:15:16,35.9,12.48
00bf1320ffb5fe47a845feca16c0e0b4,1,7289a8d65ae2c86dfdee27f8af257a3d,13fa2a6c6b9d0f43cb588d7c82117a12,2017-10-04 15:49:42,449.0,20.39
00c00d5b36157595e21108ba1da2828f,1,7933eeb8cf79ae899bfac71c0edb076d,391fc6631aebcf3004804e51b40bcf1e,2017-09-19 03:25:43,139.85,16.61
00c00d5b36157595e21108ba1da2828f,2,7933eeb8cf79ae899bfac71c0edb076d,391fc6631aebcf3004804e51b40bcf1e,2017-09-19 03:25:43,139.85,16.61
00d29386638bbfd1331a2cd7ab91b5b5,1,5fb8e63ae576fbfbd243c50c5ce74050,ea8482cd71df3c1969d7b9473ff13abc,2017-10-02 18:06:01,20.99,11.85
00fed9e582d5a3e38566872eec164ac6,1,1491a8ff192d4b5c369b0eaa2fe33ee5,37be5a7c751166fbc5f8ccba4119e043,2017-10-03 17:07:16,179.99,26.1
00fed9e582d5a3e38566872eec164ac6,2,1491a8ff192d4b5c369b0eaa2fe33ee5,37be5a7c751166fbc5f8ccba4119e043,2017-10-03 17:07:16,179.99,26.1
01094e169d4b14edaf6954eeddb83633,1,b5e13c9a353102f79c6206ff5cb61a50,a49928bcdf77c55c6d6e05e09a9b4ca5,2017-10-03 14:07:10,79.9,28.96
011375f941b3695c3c3ee58bfe0d3655,1,a6cef514bc1c722ff447863e87e4d77d,a3b0df0065e264a91b7bbf5f844af5cd,2017-09-28 18:26:33,127.48,16.81
01156b662f3f47b249b5a8881d205f08,1,6a8631b72a2f8729b91514db87e771c0,128639473a139ac0f3e5f5ade55873a5,2017-09-19 20:50:11,27.9,15.1
012a238ab54294a3b365812ccc82b135,1,07c055536ebf10dfbb6c6db6dbfc36e5,cca3071e3e9bb7d12640c9fbe2301306,2017-09-21 18:35:10,45.9,12.65
012a238ab54294a3b365812ccc82b135,2,741a31499a578979be85db7f80139e62,cca3071e3e9bb7d12640c9fbe2301306,2017-09-21 18:35:10,45.9,12.71
012a238ab54294a3b365812ccc82b135,3,8338cef8355d238f43711dcb9c0657b2,cca3071e3e9bb7d12640c9fbe2301306,2017-09-21 18:35:10,45.9,12.71
0132d77609dd6e1867515ec57d898c10,1,cdd68c0ef3e507db79631336cf9ec285,1025f0e2d44d7041d6cf58b6550e0bfa,2017-10-04 01:28:14,78.0,21.35
01500f2503fa84279982d9d87750021a,1,cdc4af478fef19f03f1d0353c00271cd,3d871de0142ce09b7081e2b9d1733cb1,2017-09-14 20:10:20,19.9,12.69
0152f10d04554388634b75f079f069fc,1,5f504b3a1c75b73d6151be81eb05bdc9,834f3294fba9f932f56edc879193f925,2017-09-21 10:10:22,610.0,37.54
0161962c6c561d3acfaa3e2db9a14f96,1,6f7400c1577bd99fb7c9cd196edb6ae2,0c8380b62e38e8a1e6adbeba7eb9688c,2017-09-18 13:50:21,99.9,25.54
016befe103ce7c9e5b1b7ef359777eea,1,6c321ed0f47858a8650f4104771224b5,6560211a19b47992c3666cc44a7e94c0,2017-09-08 10:25:18,49.0,11.85
016e4acfc34b9f2abc69795f47c92f0e,1,b1cbf530dc2a793ced8e0768ffcce501,1ca7077d890b907f89be8c954a02686a,2017-09-21 14:10:19,45.0,7.78
0184d4ddb259e1a4cfc2871888cf97b8,1,aa8627a375771ab01288705307ec4ae5,e333046ce6517bd8bb510291d44f0130,2017-09-07 22:31:42,75.0,16.16
019536ad39a0dea8bb75c00359a0386b,1,f646af315b0f3a597f69213537ca2199,3df020b72d3d44b3af9d110fa3940b65,2017-09-08 16:10:14,49.9,35.67
01a26a995dcef1d58bdee5b8862c7a02,1,431d674f9a4fbd0957ecf6ba3fcb6899,53243585a1d6dc2643021fd1853d8905,2017-09-21 12:05:14,299.99,14.35
01ac6cbac1cda667c97d35046b75668f,1,d2f5484cbffe4ca766301b21ab9246dd,36a968b544695394e4e9d7572688598f,2017-09-20 18:50:59,12.88,8.27
01c22546c4f9914e232006df82d96e0f,1,35ebf08a93899d44e756809e11b14754,128639473a139ac0f3e5f5ade55873a5,2017-09-14 16:55:11,17.9,15.1
01cec5c50d2d0e069a3227efba9f16f7,1,c30af44af15fb162e1ee0233c7e5d583,11bfa66332777660bd0640ee84d47006,2017-09-21 11:03:39,73.0,15.26
01d0f6cd01d79574621a56a1b9e21019,1,266f0c6925e7873790f11b920c701190,128639473a139ac0f3e5f5ade55873a5,2017-09-28 19:35:08,17.9,16.79
01e1617e546dc1fd372e089ab515ae34,1,da7e1b2f8c91cbf61a22b55e8cd49bcd,98dac6635aee4995d501a3972e047414,2017-09-21 19:25:12,76.1,20.02
01f78824e3a8e474a36d8dfc2a2c35f4,1,d3d10495159bcc41173e3d26a273529a,0bae85eb84b9fb3bd773911e89288d54,2017-09-25 10:35:22,48.65,17.6
01fac9bdfa271bcaf57218f971649ab7,1,496f6bd86011e5a9ddea8dc96e802340,cca3071e3e9bb7d12640c9fbe2301306,2017-10-05 12:55:14,72.9,35.83
020550d9cdfb7110d07fd1a1f8937c6e,1,de7034010d180a33f04a16b235281265,1838dd9b8977065acf51d95e0053ea7a,2017-09-08 18:04:25,28.9,13.37
021d0261c214591da7db51193c9aeb29,1,6a595ba787e397469b1a147508f361a9,080199a181c46c657dc5aa235411be3b,2017-09-26 05:15:07,179.49,9.45
023b49300b34f2b9961857266df731dc,1,d918b3f4aa5272c2c3cd088d087ca069,c3cfdc648177fdbbbb35635a37472c53,2017-09-29 10:10:20,139.9,22.85
024f8681c73783017f7cd5d5b061be3a,1,6c321ed0f47858a8650f4104771224b5,6560211a19b47992c3666cc44a7e94c0,2017-09-18 13:25:31,49.0,7.78
0256530d814cde05587fcd8e1b992bc8,1,bb50f2e236e5eea0100680137654686c,f7ba60f8c3f99e7ee4042fdef03b70c4,2017-10-05 13:56:12,325.0,18.71
0259b4edb1ee1ebd0263f59bd790a938,1,c1000786be861c72021fee27d0add9fd,2a1348e9addc1af5aaa619b1a3679d6b,2017-09-08 03:25:08,54.9,14.13
026d16bd3f41638e1003e974e5487904,1,3b9c4a90ade7d4cb7e5b5c5ba475ef9a,b92e3c8f9738272ff7c59e111e108d7c,2017-10-04 03:24:53,169.9,69.9
02725851051698269253f0823e7824b6,1,1c9b5793de6c3d9117b6218552c87a8f,3c7c4a49ec3c6550809089c6a2ca9370,2017-09-11 22:05:43,18.9,7.78
0277e2828b1b5735351d7818e6658ed1,1,6ea7a562f5a6249001ce232582060265,31da954dc0855f2495c6310f70a2f931,2017-09-14 21:03:43,59.0,11.91
0281523bfda80130f35b98f38dfb279b,1,2155593e689475e40e4c8b93143c0287,daeb5653dd96c1b11860f72209795012,2017-09-28 02:33:08,35.9,16.11
028369515408fa864cfe50091d4e76c5,1,7f55769896fc6596e7251490b8b5e536,8a32e327fe2c1b3511609d81aaf9f042,2017-09-08 17:04:34,39.99,11.85
02881d166b44a823fd6947e715dfa5e4,1,4a300735bc293723103db0d0c1bc1585,6f892e20a171e98efe17fdb971ff319b,2017-10-09 02:24:49,70.9,15.25
02acaa2a6f24e9c4e0bec7141b65f29b,1,06c6e01186af8b98ee1fc9e01f9471e9,fc906263ca5083d09dce42fe02247800,2017-09-13 04:25:12,29.9,14.1
02b57854fda246aca8459d17f5ccbffa,1,6d2c14b30e95a30ea57059b97cdd9fe7,53e4c6e0f4312d4d2107a8c9cddf45cd,2017-10-05 02:14:30,49.99,11.73
02b73712c7944322d0b5a314f2424ee4,1,2b4609f8948be18874494203496bc318,cc419e0650a3c5ba77189a1882b7556a,2017-09-25 11:03:43,89.99,14.38
02dade411839b1c334363dc9058e1124,1,5cde85235c4ae7747e9b48de95178a14,17e34d8224d27a541263c4c64b11a56b,2017-09-25 18:50:13,218.36,13.03
02df7a4137081ada2a06ac6e2bca6364,1,bb7181410b4e02f93f3697f765db53c7,855668e0971d4dfd7bef1b6a4133b41b,2017-09-25 14:10:38,109.99,27.21
02f6d9982a52e44cf5a2be82598d078d,1,3efd399c5d016b9e6a5ad3196eade44f,503c1de08ae81a2d86f17951b204db55,2017-09-21 21:04:55,213.0,18.74
032a688c9db451501788d95c7f794ed6,1,1906cb28cdc0781f04a95d4d3d0d980d,e5a3438891c0bfdb9394643f95273d8e,2017-09-24 21:30:18,27.3,15.1
032cf75b6991a44f9583d652730066d9,1,965ab297b516455ba5bae37d17bc51f8,b83cedfb587e7911540e3f576d6917ce,2017-10-05 02:28:20,129.78,12.11
032de54ca8e40cca1098da6c68ba92b3,1,43cb1d661a38ba864fc53fe1b6edb0ed,e48b04bf1aa1ef711caebeb7aede6180,2017-10-03 08:04:18,39.9,13.37
03330e2f4e93c51662a7c77d92a4e0fd,1,8203048d6e95e42c60a24edf3425ab90,cca3071e3e9bb7d12640c9fbe2301306,2017-09-21 10:30:09,52.64,15.12
0334c2700a7e8ac0f3efeb36b4a91e68,1,2a217b8a9a09c938d8db704d99d7f053,3d871de0142ce09b7081e2b9d1733cb1,2017-09-12 22:50:15,55.0,16.15
033b0e94801f401cd19503fec4b784d6,1,43423cdffde7fda63d0414ed38c11a73,b1fc4f64df5a0e8b6913ab38803c57a9,2017-10-03 22:07:09,55.0,34.19
0342b8bec301294021371c16411b6c40,1,1b7384e0f9f5e4cb914cd3f5535a4cab,325f3178fb58e2a9778334621eecdbf9,2017-10-04 19:25:26,23.8,7.78
0342b8bec301294021371c16411b6c40,2,1b7384e0f9f5e4cb914cd3f5535a4cab,325f3178fb58e2a9778334621eecdbf9,2017-10-04 19:25:26,23.8,7.78
034bc91b27d0de97e2ffa04946137764,1,683487a7a9ad71b5776c9b9bcad37eed,e5a3438891c0bfdb9394643f95273d8e,2017-09-25 03:35:56,10.5,15.1
034bc91b27d0de97e2ffa04946137764,2,30b159b653b87754d7a38446c7ef4669,e5a3438891c0bfdb9394643f95273d8e,2017-09-25 03:35:56,13.3,15.1
036dd381dfb3ec75e0a63e14828cc871,1,aa8d88eb4b9cb38894e33fa624c4287f,6560211a19b47992c3666cc44a7e94c0,2017-09-11 22:43:55,55.0,14.14
036ea72a17833a6fbbcd3e4df8250292,1,6401d2f82d6e6c52998ce626fe4eda24,835f0f7810c76831d6c7d24c7a646d4d,2017-09-12 06:24:16,69.9,15.24
03705afa0a4aabe1a734ddb11c1df3f0,1,b40ec43bdfc6d6fdd65e882066a5c895,897060da8b9a21f655304d50fd935913,2017-10-03 08:49:34,177.0,27.78
03705afa0a4aabe1a734ddb11c1df3f0,2,b40ec43bdfc6d6fdd65e882066a5c895,897060da8b9a21f655304d50fd935913,2017-10-03 08:49:34,177.0,27.78
03705afa0a4aabe1a734ddb11c1df3f0,3,b40ec43bdfc6d6fdd65e882066a5c895,897060da8b9a21f655304d50fd935913,2017-10-03 08:49:34,177.0,27.78
03705afa0a4aabe1a734ddb11c1df3f0,4,b40ec43bdfc6d6fdd65e882066a5c895,897060da8b9a21f655304d50fd935913,2017-10-03 08:49:34,177.0,27.78
03705afa0a4aabe1a734ddb11c1df3f0,5,b40ec43bdfc6d6fdd65e882066a5c895,897060da8b9a21f655304d50fd935913,2017-10-03 08:49:34,177.0,27.78
03976e284ff273b3e5fda450030f32c1,1,242edc6b84c00f0d48c664a020a92c52,6cd68b3ed6d59aaa9fece558ad360c0a,2017-09-11 14:43:50,54.9,13.4
03caa2c082116e1d31e67e9ae3700499,1,5769ef0a239114ac3a854af00df129e4,b37c4c02bda3161a7546a4e6d222d5b2,2017-10-06 15:28:20,1680.0,28.01
03caa2c082116e1d31e67e9ae3700499,2,5769ef0a239114ac3a854af00df129e4,b37c4c02bda3161a7546a4e6d222d5b2,2017-10-06 15:28:20,1680.0,28.01
03caa2c082116e1d31e67e9ae3700499,3,5769ef0a239114ac3a854af00df129e4,b37c4c02bda3161a7546a4e6d222d5b2,2017-10-06 15:28:20,1680.0,28.01
03caa2c082116e1d31e67e9ae3700499,4,5769ef0a239114ac3a854af00df129e4,b37c4c02bda3161a7546a4e6d222d5b2,2017-10-06 15:28:20,1680.0,28.01
03caa2c082116e1d31e67e9ae3700499,5,5769ef0a239114ac3a854af00df129e4,b37c4c02bda3161a7546a4e6d222d5b2,2017-10-06 15:28:20,1680.0,28.01
03caa2c082116e1d31e67e9ae3700499,6,5769ef0a239114ac3a854af00df129e4,b37c4c02bda3161a7546a4e6d222d5b2,2017-10-06 15:28:20,1680.0,28.01
03caa2c082116e1d31e67e9ae3700499,7,5769ef0a239114ac3a854af00df129e4,b37c4c02bda3161a7546a4e6d222d5b2,2017-10-06 15:28:20,1680.0,28.01
03caa2c082116e1d31e67e9ae3700499,8,5769ef0a239114ac3a854af00df129e4,b37c4c02bda3161a7546a4e6d222d5b2,2017-10-06 15:28:20,1680.0,28.01
03d409e5b5b19ae88c43b41b503fdc5f,1,0bb7cb61f1957f79dac582ab66ccdc1f,e26901d5ab434ce92fd9b5c256820a4e,2017-09-14 02:55:29,23.9,9.34
03dab6b77334d60ea91564ec4c7813a1,1,1fd95182c672cf5b10c82207ca5dab97,7142540dd4c91e2237acb7e911c4eba2,2017-10-04 23:24:45,69.9,16.25
03e99d63b25fc441524d77bda33ab136,1,ccf72249cc35d9121279de015c5657fc,c68fb906c8f4b4b946d8386bfa6e5467,2017-09-08 10:50:17,46.9,28.75
03ea970e60ecfa4b84a69ddc665262a5,1,0a57f7d2c983bcf8188589a5fea4a8da,4869f7a5dfa277a7dca6462dcf3b52b2,2017-09-28 16:30:23,117.0,15.57
03f3b08f9da8df7604b68b2fd5999e9a,1,68bf2e76db1d8e846042e54da87399ca,1a3df491d1c4f1589fc2b934ada68bf2,2017-10-04 20:56:20,85.9,21.09
03fd35e6d3a78d5e05114e7a1ac319e6,1,48401d4a555fd20aa93a202a4ed3b598,52d76513f0c4d97f3b99570e2c94ee31,2017-09-15 17:31:01,109.99,16.21
0402c01cc0985160e52a67f202177b78,1,7c1bd920dbdf22470b68bde975dd3ccf,cc419e0650a3c5ba77189a1882b7556a,2017-10-04 02:49:47,58.99,11.73
04031be66943a9c385ff683fcc99d288,1,5ac9d9e379c606e36a8094a6046f75dc,633ecdf879b94b5337cca303328e4a25,2017-09-21 03:04:00,109.9,14.52
040d14995ebc5de6373a0bc2b5485961,1,63940cd00d32f9443e5371765ffc4d6a,1caf283236cd69af44cbc09a0a1e7d32,2017-09-18 08:43:31,23.99,16.11
0410ab9a8e8b28e6399bca3e89562f95,1,a53d9459ab35c28053d6b7732fb8ca07,7d76b645482be4a332374e8223836592,2017-09-19 03:45:35,24.9,14.1
0412b784548c0bf8cc35073f13923e2c,1,f1f01d27cb8664e16d57ef4a8075f3be,46dc3b2cc0980fb8ec44634e21d2718e,2017-10-02 23:04:31,269.99,22.73
044496e055fca9c2f17e1309e77a48b6,1,b75bc6d95abd11862892008658b17f49,53e4c6e0f4312d4d2107a8c9cddf45cd,2017-09-22 08:10:07,131.0,25.23
0446b999e57cddf002396ed4baa07074,1,7736ea239e147291f6adb766c992beb1,d2374cbcbb3ca4ab1086534108cc3ab7,2017-09-29 07:15:14,15.9,11.85
0446b999e57cddf002396ed4baa07074,2,642a40d4d73b4b2604968937de13634a,d2374cbcbb3ca4ab1086534108cc3ab7,2017-09-29 07:15:14,12.9,11.85
04497a3993ecf2e604b91ca0a8a80ecd,1,23227b07fc69250d2fa4be6602011aea,e38db885400cd35c71dfd162f2c1dbcf,2017-09-21 23:30:16,64.9,16.7
045524a5ae6c874b746523a6fd79f4f9,1,a9fb80187bf64d19dd2804f25e83c5e6,f615fe7efbef0f4f08fd3086bc7a3e60,2017-09-08 18:30:21,112.9,13.13
0459f8e390241a0cad720e0fce4e66a7,1,7a10781637204d8d10485c71a6108a2e,4869f7a5dfa277a7dca6462dcf3b52b2,2017-10-02 03:28:20,212.0,12.98
047d317db3c34ff477eee816660e44f0,1,53b36df67ebb7c41585e8d54d6772e08,4869f7a5dfa277a7dca6462dcf3b52b2,2017-10-02 03:35:43,134.9,12.44
04c1e5f3771cb0ccfdb672669807401b,1,a3e8ee20df0f969f2cb0c5ba01e1c40a,86ccac0b835037332a596a33b6949ee1,2017-09-21 20:24:03,898.9,38.74
04da77eda115c14a16e28e6d0bcdf33f,1,49196a215bd6514843cebf65ebbe52c0,17e34d8224d27a541263c4c64b11a56b,2017-10-06 08:56:25,206.67,13.79
0504447548229e075dea8441b37b1e2a,1,8852eb03b04ec3268a66e9b696e25f6f,d1b65fc7debc3361ea86b5f14c68d2e2,2017-10-06 02:14:42,199.9,21.89
052121d17f8eab43c577497c9b1451e2,1,3a21e6f5a154a5b03b6edb8fc6b24c5d,bf3c6d2a28b2b5501e6c15448982dcc9,2017-09-19 22:05:50,49.9,14.1
05535f67cf6802000ad3107136cff4bf,1,3ae28b124972bb81eddcb644cd284be9,46dc3b2cc0980fb8ec44634e21d2718e,2017-09-20 15:05:57,99.99,16.46
0560378d48b9de8b969d8f5601e3767e,1,9fe0fae81aacd72bbec601b9ceb9c25e,17e34d8224d27a541263c4c64b11a56b,2017-09-27 08:44:30,10.22,11.85
0572a001d46280ab9ab95964665ff768,1,c2d1e60e4deda24940c8039c99f08bbf,7178f9f4dd81dcef02f62acdf8151e01,2017-09-12 09:30:13,39.9,25.63
0572c29de369acbc110ad921d93d01a1,1,d961667356e6dffef33c0d0eb4c327cc,dc4a0fc896dc34b0d5bfec8438291c80,2017-10-10 15:04:08,59.9,15.15
0572c29de369acbc110ad921d93d01a1,2,93c285dad77a797cf2193ead6afbe107,dc4a0fc896dc34b0d5bfec8438291c80,2017-10-10 15:04:08,65.9,18.74
057e5b8975ad03882989369de7b803ff,1,863c8ced004542495e1025bb14124580,3d871de0142ce09b7081e2b9d1733cb1,2017-09-25 03:37:42,69.0,13.5
058ff573aef21e528adcab8b8717c43a,1,b0c89945c034268074f5f80b362bda34,1835b56ce799e6a4dc4eddc053f04066,2017-09-22 15:45:28,29.99,7.5
058ff573aef21e528adcab8b8717c43a,2,b0c89945c034268074f5f80b362bda34,1835b56ce799e6a4dc4eddc053f04066,2017-09-22 15:45:28,29.99,7.5
058ff573aef21e528adcab8b8717c43a,3,b0c89945c034268074f5f80b362bda34,1835b56ce799e6a4dc4eddc053f04066,2017-09-22 15:45:28,29.99,7.5
058ff573aef21e528adcab8b8717c43a,4,b0c89945c034268074f5f80b362bda34,1835b56ce799e6a4dc4eddc053f04066,2017-09-22 15:45:28,29.99,7.5
0599833bed37a5f88c9ade7cf219fd6b,1,64fb265487de2238627ce43fe8a67efc,4a3ca9315b744ce9f8e9374361493884,2017-09-15 13:50:35,99.9,13.72
059a35c89cb9ee5ba740d4ac2eb8a805,1,0b6f7f321aeac91ef72512bbae664b13,2745f798279e0ed033addcc1474776d7,2017-09-14 13:45:17,119.34,17.09
05a82511dd29bef74d8003b015912fd6,1,0d16d327b79bf9a0ccc7a4fa02ff7a83,dd2bdf855a9172734fbc3744021ae9b9,2017-10-04 22:10:33,39.9,14.1
05b6dcf764ce18df76138d88dba0aa7d,1,937ac3a2f4aec64b560e6423fb50aee9,9674754b5a0cb32b638cec001178f799,2017-10-09 06:34:06,17.8,16.92
05c30545ba4331e04ae0de1523bb41f4,1,ec3f8e78677c7e0395b155bc67417158,bc503e244f187939d10c92a5c8e378ce,2017-09-11 12:43:59,28.3,16.11
05c63e6b53127320a7768d19898ac320,1,c2a1ff8408a1c857c8730e4d12da714e,95e03ca3d4146e4011985981aeb959b9,2017-10-04 08:07:12,69.9,16.74
05d6faf8d3942006edf7cbc669faa965,1,37d2e3656244fd840ebd0460360455cd,dbc22125167c298ef99da25668e1011f,2017-09-14 18:30:18,40.9,17.92
05e168bd339a82dc2739b847d4ca99f8,1,813a30050677eb6996e12eea9ad400bf,01fdefa7697d26ad920e9e0346d4bd1b,2017-09-21 23:20:51,439.0,55.67
0603e869ecff28981f22e3ea3e91911b,1,6f7400c1577bd99fb7c9cd196edb6ae2,0c8380b62e38e8a1e6adbeba7eb9688c,2017-10-03 06:56:09,99.9,28.14
0603e869ecff28981f22e3ea3e91911b,2,6f7400c1577bd99fb7c9cd196edb6ae2,0c8380b62e38e8a1e6adbeba7eb9688c,2017-10-03 06:56:09,99.9,28.14
0603e869ecff28981f22e3ea3e91911b,3,9a98180ffbd0765e89f11cc8dd2385f4,0c8380b62e38e8a1e6adbeba7eb9688c,2017-10-03 06:56:09,74.9,12.55
060a509c86c388937eb130705ea09e52,1,2d7ec74c6f93ad8234f2e29817b2827b,bf3c6d2a28b2b5501e6c15448982dcc9,2017-09-26 02:30:17,119.4,17.09
061aa244b31dd240e079ad7a7ce3f32f,1,0830788ce2a21bb3aacbd956403f7851,7b07b3c7487f0ea825fc6df75abd658b,2017-09-28 15:45:45,139.8,12.18
063250ed406abc1e7730639c79d16a0b,1,381402fe1e8aa91c45f813615ab5a596,fa1c13f2614d7b5c4749cbc52fecda94,2017-09-12 21:03:33,339.9,17.13
0641d69ef04d0d7b004cb9ec0106c3ea,1,f1c7f353075ce59d8a6f3cf58f419c9c,37be5a7c751166fbc5f8ccba4119e043,2017-09-14 16:04:08,189.9,22.17
06475c925f62299396ae63b9e9468486,1,33716d3b89a37449be72f5e5180caa00,3361277dc30b7cccdb0c286b24219756,2017-09-19 02:50:51,16.99,12.48
0647f4a0c12192bfb5ea1032d2e2ecdb,1,322ecdda3eff7439376c27a5114fd114,48162d548f5b1b11b9d29d1e01f75a61,2017-09-25 01:15:09,72.8,12.01
064895b0b58ab3f84d9d3b0a2b800205,1,860f7a159db32408ea4bad60965e9a3a,f45122a9ab94eb4f3f8953578bc0c560,2017-09-13 02:44:10,59.99,16.18
0653c5290cf561492eae4f626799994d,1,f1c7f353075ce59d8a6f3cf58f419c9c,37be5a7c751166fbc5f8ccba4119e043,2017-09-27 18:07:11,148.0,14.64
065f2f78a7067e37f695bed618512704,1,e67307ff0f15ade43fcb6e670be7a74c,8b28d096634035667e8263d57ba3368c,2017-09-13 15:20:13,18.17,11.85
06851487bfc68744f67fbc8ad1934d43,1,c4baedd846ed09b85f78a781b522f126,a1043bafd471dff536d0c462352beb48,2017-09-28 13:24:17,99.0,34.05
068c06f0ea08ab32e127f87aafaa834d,1,64fb265487de2238627ce43fe8a67efc,4a3ca9315b744ce9f8e9374361493884,2017-09-18 18:04:35,99.9,17.95
06911dcbbf2310bd9da4156fd3abb632,1,b425dc9d3b678699e36a62753d0f51a2,218d46b86c1881d022bce9c68a7d4b15,2017-10-05 02:14:38,148.0,14.06
0692bac30867d1bf96c14aadbff1cf17,1,860ad475cebc2e85e852042dad735be0,b2eecf5ea250510da76590ca79d60e5d,2017-09-13 22:43:27,35.0,8.72
06a07c0ad4e1811f48e86d2c56c7b705,1,461c7fdbb5a6a7fe3bc51bf7f4e3677d,c3867b4666c7d76867627c2f7fb22e21,2017-09-19 06:34:11,205.0,14.45
06a3bd42be69cdf39cd785d311b54a45,1,bb57d3e2c056ffaa1f31ee222dd81ee3,2be17df1c49978426251562096c3cc09,2017-09-26 15:55:40,149.9,15.8
06eb87385425e5797a1a5c2cdb1b6559,1,419538c5c0c21d892928586bee1ea16a,da8622b14eb17ae2831f4ac5b9dab84a,2017-09-07 22:31:16,199.9,26.24
070678021e2517b12a66622b99dca958,1,b6bdebb92f595f00c73bd42e0e3a8517,ef506c96320abeedfb894c34db06f478,2017-09-13 19:03:23,25.99,17.63
070b4a621a6d06dcff9122e5c04b353a,1,6ae3f85f46a37844372252496c77b4d8,53243585a1d6dc2643021fd1853d8905,2017-09-14 09:45:09,219.99,22.34
070f532c26f2505352210937089dfc79,1,3a05a947f28cf46d789adedc107d7595,87142160b41353c4e5fca2360caf6f92,2017-09-22 07:25:28,119.9,28.22
071d4951a2505f0880cf9db3a48e21f6,1,b1acb7e8152c90c9619897753a75c973,cc419e0650a3c5ba77189a1882b7556a,2017-09-20 22:35:14,34.99,14.1
072577283d9ec2718f05c37d141d65de,1,73a79a46f21913c65ebb8071f480ee11,5160d23075764e18e07c1f4a87fad743,2017-09-28 09:10:23,75.0,7.78
072916d00b6a53edec9ccdb3eba1bdf4,1,6ae3f85f46a37844372252496c77b4d8,53243585a1d6dc2643021fd1853d8905,2017-09-21 16:25:16,212.4,20.03
072916d00b6a53edec9ccdb3eba1bdf4,2,6ae3f85f46a37844372252496c77b4d8,53243585a1d6dc2643021fd1853d8905,2017-09-21 16:25:16,212.4,20.03
072d46cbc49c2ee26ddde8f25d22f617,1,e251ebd2858be1aa7d9b2087a6992580,001cca7ae9ae17fb1caed9dfb1094831,2017-09-18 22:10:19,129.0,36.98
073d1fe6e4e8956db691e04a1656ee9f,1,be0dbdc3d67d55727a65d4cd696ca73c,165fc07beebdcb6190fba8a06db2a449,2017-09-26 15:05:00,79.8,12.69
07460d5693ce1f6577ebd04b4ad091eb,1,461f43be3bdf8844e65b62d9ac2c7a5a,4869f7a5dfa277a7dca6462dcf3b52b2,2017-10-03 08:32:21,159.9,12.62
0758015124a0c9af755d31a7bf0efedc,1,f97a136cf6e5f5d9333b513afc8b153e,1900267e848ceeba8fa32d80c1a5f5a8,2017-09-21 15:06:15,32.99,9.37
0758015124a0c9af755d31a7bf0efedc,2,3477030902c7c383db840003051d8115,b39d7fe263ef469605dbb32608aee0af,2017-09-21 15:06:15,109.9,9.37
0758015124a0c9af755d31a7bf0efedc,3,8a443635fdf9759915c9be5be2e3b862,da8622b14eb17ae2831f4ac5b9dab84a,2017-09-21 15:06:15,99.9,112.44
0764f8b9a45b0305b75e1bbd614ffaaa,1,61a53738adc5c0e8d243553320f9ba1c,7c67e1448b00f6e969d365cea6b010ab,2017-09-27 21:10:10,89.97,21.28
0771233ce445ab49cb2542af0243618e,1,462a59e8ce95b0cb4df207fce782648c,57fe6232e67823593374a2281d7a8af8,2017-09-13 02:50:36,27.92,12.69
0775e96080c552251cd76472d32e0c83,1,6a1a04054158fe995e1688d8f79605b2,9616352088dcf83a7c06637f4ebf1c80,2017-09-15 01:44:00,59.9,12.55
07b632a4645a2dba01074abfe4f34c4b,1,4a0c2a56e65c941a0bb9874c47dd66d8,a673821011d0cec28146ea42f5ab767f,2017-09-22 11:43:59,79.9,11.76
07b8c9805a09c2feacc0864c00ec244e,1,568ba441f7f464dc73d23a91cf8ca671,cca3071e3e9bb7d12640c9fbe2301306,2017-09-12 07:05:15,143.54,16.63
07bebe0626c8053ad425381fe0882655,1,53759a2ecddad2bb87a079a1f1519f73,1f50f920176fa81dab994f9023523100,2017-10-02 04:07:12,59.9,17.67
07c04599729da94f8aeb0974035ac307,1,158102fe543dbaeb84d87811bfe06d0d,002100f778ceb8431b7a1020ff7ab48f,2017-10-05 02:33:10,13.9,11.85
07ca34c2d97b99d913debf2866805373,1,1fd68fefef8ff576fc3fac7db97f67f1,a3e9a2c700480d9bb01fba070ba80a0e,2017-09-28 00:25:44,110.0,21.26
07dedb9d22cef1af1540ab753c537c4c,1,c4baedd846ed09b85f78a781b522f126,a1043bafd471dff536d0c462352beb48,2017-09-19 11:30:19,99.0,34.05
0823dcbe6114c3aab2fc53d98117d916,1,a5e66fadbb9b49dffdbf63675436a332,e9779976487b77c6d4ac45f75ec7afe9,2017-09-20 09:05:44,89.49,25.91
0828f00051736863b477ea7277ddda6f,1,a8fe47ad6f852f93cc92c7b408687de3,aaed1309374718fdd995ee4c58c9dfcd,2017-10-05 01:04:58,72.9,13.66
083606af9191f3c3119ed90e616df1ca,1,afeeea6271148ee1bb15173b8187c431,53243585a1d6dc2643021fd1853d8905,2017-09-12 12:15:18,174.0,17.66
083606af9191f3c3119ed90e616df1ca,2,afeeea6271148ee1bb15173b8187c431,53243585a1d6dc2643021fd1853d8905,2017-09-12 12:15:18,174.0,17.66
083a4afaefd6690e5cf5918275c4e413,1,6d0a373c460a041c86167a92a5d3383e,77530e9772f57a62c906e1c21538ab82,2017-09-19 06:10:10,299.0,26.54
084eed5f31d7cd5291671a544852e5d4,1,43423cdffde7fda63d0414ed38c11a73,b1fc4f64df5a0e8b6913ab38803c57a9,2017-10-04 19:14:11,55.0,21.19
086928951ba74a6682919fc942c458d0,1,32e18e89237933ebdaaebd78a27e7fa1,ca3bd7cd9f149df75950150d010fe4a2,2017-10-03 03:36:34,26.18,16.6
086928951ba74a6682919fc942c458d0,2,32e18e89237933ebdaaebd78a27e7fa1,ca3bd7cd9f149df75950150d010fe4a2,2017-10-03 03:36:34,26.18,16.6
086928951ba74a6682919fc942c458d0,3,32e18e89237933ebdaaebd78a27e7fa1,ca3bd7cd9f149df75950150d010fe4a2,2017-10-03 03:36:34,26.18,16.6
086928951ba74a6682919fc942c458d0,4,32e18e89237933ebdaaebd78a27e7fa1,ca3bd7cd9f149df75950150d010fe4a2,2017-10-03 03:36:34,26.18,16.6
086928951ba74a6682919fc942c458d0,5,32e18e89237933ebdaaebd78a27e7fa1,ca3bd7cd9f149df75950150d010fe4a2,2017-10-03 03:36:34,26.18,16.6
086e718f4bcff72026c18edaf8d572c5,1,1eb0f26a0aa59535c7bee3e2c02093d7,44073f8b7e41514de3b7815dd0237f4f,2017-09-12 22:05:16,183.37,16.72
0872d0faafe0cb56e6f2c594cca1522c,1,fb783e3e545937820b57fe539b2c5a6c,da8622b14eb17ae2831f4ac5b9dab84a,2017-10-05 12:28:17,109.9,18.02
088217fa841fd3da3004a1a7e1d525f8,1,f1c7f353075ce59d8a6f3cf58f419c9c,37be5a7c751166fbc5f8ccba4119e043,2017-09-29 15:44:20,148.0,38.83
0896d006da3ad8dc1b39b408ea428eb0,1,5215505db2113a032810c3644c346a38,6560211a19b47992c3666cc44a7e94c0,2017-09-19 11:25:21,99.0,34.49
08a0229449937f03d05a335929cc455f,1,fa4e8255202fd921350a6fc716710dae,2b3e4a2a3ea8e01938cabda2a3e5cc79,2017-09-29 14:29:10,248.99,18.18
08d0b596c492f5a5041d003063f18320,1,0214e4741dab5812bb31a61af1dc3de5,4a3ca9315b744ce9f8e9374361493884,2017-09-14 22:45:14,169.0,15.93
08d1ac9ae1dcec96c3422ade2005fe94,1,299f6d537aa695fad79a42bcf3fdd3a2,4a3ca9315b744ce9f8e9374361493884,2017-09-13 10:04:33,199.9,17.16
08d48caf3c6278c63213deae0000975a,1,3efd399c5d016b9e6a5ad3196eade44f,503c1de08ae81a2d86f17951b204db55,2017-09-25 10:55:44,213.0,21.89
08f09d9ef3e4f3cdfa18431097f40682,1,1b8ee158f59c098470fad33f39660964,1554a68530182680ad5c8b042c3ab563,2017-09-14 04:45:46,139.9,20.89
08fe747a18955f4657172a09f1660620,1,57d2fa6882b789ad55e86074398826c4,afe0067131b73e40875c9b6c10bd2e21,2017-10-05 10:35:19,89.9,17.88
09026ebcef956ddfbc9af4af7c46d377,1,422879e10f46682990de24d770e7f83d,1f50f920176fa81dab994f9023523100,2017-09-25 14:10:50,59.9,17.67
090d3784ef3038b64220941aa370584b,1,b623b7cb05ee3248fbe4a6ecbeed79a4,7aa4334be125fcdd2ba64b3180029f14,2017-09-28 04:05:11,74.8,17.77
0912c75b2f7561be5da7aee13e0150a2,1,72172e982e8b92155069e4201c92c0bb,e9779976487b77c6d4ac45f75ec7afe9,2017-09-21 13:44:12,37.49,9.27
091a28ca837aa39b709aa41c0ca3d24a,1,982565327a800a467fffeac070672ea6,87142160b41353c4e5fca2360caf6f92,2017-09-13 02:55:30,79.0,30.08
0921c97280957af14f02d430cac48a5c,1,ae708dce075c96f220a0ad5adb2dc984,180c3376aff0e43dd5788709df48a843,2017-10-04 02:49:35,109.0,21.56
093974ced77f199dd42068d1adf5c359,1,3ae28b124972bb81eddcb644cd284be9,46dc3b2cc0980fb8ec44634e21d2718e,2017-09-26 02:11:09,99.99,9.71
0942763b4318676d85b3185d80f57cd3,1,cbb702235ad267cca951499fa8475606,59fb871bf6f4522a87ba567b42dafecf,2017-09-20 14:50:07,249.99,17.19
0944dd6401b58739dc030557fb149b25,1,27a8b41684f77dd86572fa185bc143ba,44073f8b7e41514de3b7815dd0237f4f,2017-09-20 16:10:17,47.9,14.1
0961e67affdacb23a647b67618e2bc70,1,7814c273ab16783d73a9863ebfa8b141,1025f0e2d44d7041d6cf58b6550e0bfa,2017-09-19 20:43:29,229.0,54.2
0990523dcb57830447203c2e6d8804d0,1,f1c7f353075ce59d8a6f3cf58f419c9c,37be5a7c751166fbc5f8ccba4119e043,2017-09-27 04:05:55,158.0,25.95
09905fd2dc65b5998da50f11ae3ed6f0,1,8ed094bfe076c568f6bb10feada3f75d,7c67e1448b00f6e969d365cea6b010ab,2017-09-25 18:04:33,229.99,62.35
099be5827a2f9692b1c1ad111affc9d1,1,2d27434c710806b971a721da337a112a,6560211a19b47992c3666cc44a7e94c0,2017-09-13 02:45:32,39.0,7.78
099ee5555931216b461149b6fa1957e6,1,29a42e500c8eae1e055a5ad893b46119,f615fe7efbef0f4f08fd3086bc7a3e60,2017-10-04 22:49:26,129.99,16.67
09b8c1e504ab1fce7031c710bd8558d6,1,2c1cc48126c2bdca9e59a300ade4f1c8,850f4f8af5ea87287ac68de36e29107f,2017-09-19 17:27:41,69.0,8.72
09e3a74fe474342885a70d1b2452c1e2,1,121b9686b9929855d823981fc655a6fe,c4fb51fb1c5b7c07bc5e67be6e7e8f6e,2017-09-13 02:56:08,50.0,47.79
09f8cd8a102b3f3fa2d5db0c6aee489a,1,e004a3b7f9524967fdb68bb70f850eb0,53243585a1d6dc2643021fd1853d8905,2017-09-21 16:50:20,730.0,80.13
09ff646bb8e18894b907e5b76f5fca59,1,4fbe3ca0032bccfba232332f06ed4146,cca3071e3e9bb7d12640c9fbe2301306,2017-09-14 03:34:14,52.64,11.87
0a0ae1b561eab534493c5588efc5169c,1,ca0019454bd5ddca0f4022fe89f6557a,2528513dd95219a6013d4d05176e391a,2017-09-25 03:38:05,299.0,26.93
0a0f50037a1e1b7c239ac621dbd8a03e,1,6a8631b72a2f8729b91514db87e771c0,128639473a139ac0f3e5f5ade55873a5,2017-10-02 03:28:22,25.9,12.48
0a1008edde05c441150b3142521df760,1,e0d64dcfaa3b6db5c54ca298ae101d05,4869f7a5dfa277a7dca6462dcf3b52b2,2017-09-28 15:15:20,158.0,21.6
0a1830f41dcbe9b26dc35c0c71738796,1,52e9413ed0d3e64b796aac2bc2291d50,7f2617c58d5d06806987308b45654351,2017-09-19 16:30:21,149.9,18.33
0a187dd7f4efe70e8c3b6e3779b3b133,1,d6160fb7873f184099d9bc95e30376af,53243585a1d6dc2643021fd1853d8905,2017-09-08 20:03:31,1300.0,33.55
0a18d00cb652fc5698d4e3c3e01e7da0,1,764292b2b0f73f77a0272be03fdd45f3,bd23da7354813347129d751591d1a6e2,2017-09-18 02:33:35,89.9,9.44
0a50b1ae078d9638440048842b7cd5c4,1,8f40f0b0018b8f6fd449c4c0713e3118,9de4643a8dbde634fe55621059d92273,2017-10-05 20:49:24,547.99,26.71
0a576c94e0a66f147bb4d6949602b85c,1,4583e308182e4e78d5b71b5af1804def,cd68562d3f44870c08922d380acae552,2017-10-02 14:36:07,153.2,13.41
0a6667b832116a7484ae779b7b0b91c0,1,93f7388e80dcc16be349c47fc83f56d0,134a288e7de827ec5ec62e3ec9c3a295,2017-09-18 04:45:47,145.35,9.83
0aa86627eca7db30ae324772cc15ff7d,1,9aef37b9deb4c4565b32f24a593b06ca,5f2684dab12e59f83bef73ae57724e45,2017-09-18 04:25:49,139.9,12.18
0aa86627eca7db30ae324772cc15ff7d,2,04869307f7e7dc5b07f1d83406ade1e5,5f2684dab12e59f83bef73ae57724e45,2017-09-18 04:25:49,139.9,12.18
0ace216597fa0efc8a42140d99fda065,1,53759a2ecddad2bb87a079a1f1519f73,1f50f920176fa81dab994f9023523100,2017-09-15 16:50:27,59.9,17.67
0ae17ad341b336248ad884272d8c1c93,1,d5ae57e54de86eef671f21694b080cb8,f5a590cf36251cf1162ea35bef76fe84,2017-09-10 22:25:36,359.0,37.03
0ae3c4bb3c5a368054435dc7325c5696,1,0e54696a1223698bef52eeff59a10098,ebd2d60905fb58271facef5596b620d3,2017-10-02 13:04:21,120.0,19.72
0ae449254770bfec75a99b8d804e5b10,1,d1c427060a0f73f6b889a5c7c61f2ac4,a1043bafd471dff536d0c462352beb48,2017-09-19 03:24:49,149.99,23.85
0aeb0613e8d42e1a7f122908bee18eca,1,22c5ddc22ea8cae84fc9917def682dc6,cc419e0650a3c5ba77189a1882b7556a,2017-09-22 16:51:30,56.99,21.2
0aed18a03ea2ccdb5981aea3524b304d,1,98a8c2fa16d7239c606640f5555768e4,001cca7ae9ae17fb1caed9dfb1094831,2017-09-18 04:55:21,109.0,52.72
0aed18a03ea2ccdb5981aea3524b304d,2,08574b074924071f4e201e151b152b4e,001cca7ae9ae17fb1caed9dfb1094831,2017-09-18 04:55:21,99.0,52.71
0af0621c001cb61ae1559c8f6417e1c6,1,00cc15e0cef551848c797ab75ba904b1,7e93a43ef30c4f03f38b393420bc753a,2017-09-21 15:27:58,749.99,19.0
0b1651a280049a50402bc56d50785c3c,1,c172a2563d937d6f3582c7dce3ac150c,c3fe93ba3085f92855c97e57f38c8c05,2017-10-05 02:30:57,43.3,15.11
0b375c9434c495b5759da891d8b26bf4,1,130482add9fd75ccb6c57ba007694a2d,87142160b41353c4e5fca2360caf6f92,2017-09-25 00:45:10,105.0,14.94
0b446830af3811ef0d7c2e0db238af50,1,99a4788cb24856965c36a24e339b6058,4a3ca9315b744ce9f8e9374361493884,2017-09-08 15:55:12,89.9,16.26
0b5754bbc86b2ff33bba8be1cab6c230,1,57f2bc497c1a3ebe41ba7a06d78ed159,6560211a19b47992c3666cc44a7e94c0,2017-09-12 12:05:18,55.0,16.83
0b7d34c9f64b1a147d6660ceb770aba4,1,a869ec6209c361ca46dad85a5530e119,c3cfdc648177fdbbbb35635a37472c53,2017-10-03 18:55:14,159.9,20.61
0b9c8acf14e3553395cf435472988a1b,1,762c5d72dfd6cb77f19a9e1fd79e43fb,17ca9b9e9b9ef8fdb529001b49ebb50f,2017-09-13 16:50:16,29.97,15.79
0bb7e708846c7f44630a64e18292bb87,1,8a443635fdf9759915c9be5be2e3b862,da8622b14eb17ae2831f4ac5b9dab84a,2017-10-04 17:30:17,99.9,13.72
0bb931d01ae91d63c98608e9125c1c1d,1,af51d485dc5255ba2e18b21b550156e6,5dceca129747e92ff8ef7a997dc4f8ca,2017-09-18 14:55:21,289.9,48.74
0bba959fbb649221ae07d0c128ba1809,1,c0c4cfd8255da22de900ac9e613e2a73,79ed755314cfe6df0daef2c6cd3022cd,2017-09-21 01:45:10,119.9,16.6
0bc97d91a9a3a1923234614958556071,1,b820acf9bf8fde90adc0b03e82045f77,19a7c9f66ffa6452ff4b4c0cca71da27,2017-10-05 16:28:15,279.0,59.74
0bd044f3b358bb88951e3ea66eadcc70,1,2028bf1b01cafb2d2b1901fca4083222,cc419e0650a3c5ba77189a1882b7556a,2017-09-26 09:05:33,56.99,14.15
0be10063ab25316efa10537954a8c7b5,1,526e24e5c44ede53f4d3a7c10cf8bddb,1336efc61c316ddf92c899eb817f7cae,2017-10-04 18:28:26,28.0,11.85
0be31296e8456f2017743c363de5a1da,1,bc4cd4da98dd128c39bf0b8c2674032f,53243585a1d6dc2643021fd1853d8905,2017-09-08 17:46:37,1300.0,51.51
0be5691eb4c245d190a1e194494f754d,1,f4b952dd7ab601c02bb1bd06395f45f6,86ccac0b835037332a596a33b6949ee1,2017-09-12 15:50:35,79.9,17.81
0bf48b98131c5057bcb4754449acc91b,1,7c0a2a31bc479e366fe9fee1f5bc62b3,5c243662ce92d84573bfaff24c3e3700,2017-09-13 22:10:17,129.99,43.32
0c00eb38b29dd352b15a6ee44f8a531a,1,b50c950aba0dcead2c48032a690ce817,218d46b86c1881d022bce9c68a7d4b15,2017-10-04 11:04:39,99.0,29.09
0c047dd1c8c2fcc61365b5787d59fd6c,1,f5caa36f71f444c6508c84818cab5641,dd533b429f380718b70ad9922c294bae,2017-09-25 21:50:22,21.9,28.75
0c511eb6cecb1f110a807dad27440c81,1,725cbfcaff95a4d43742fdf13cf43c75,3504c0cb71d7fa48d967e0e4c94d59d9,2017-10-02 15:04:42,48.9,16.6
0c51264bdcbe5893081232bba640dba0,1,c7fd13b5e515bffdab855d0812842edb,1025f0e2d44d7041d6cf58b6550e0bfa,2017-09-15 14:10:13,78.0,16.31
0c63a4c9a17deeff24d65bec51f3a5ec,1,77e1d1347bf761294a7158e1b0b536d5,643214e62b870443ccbe55ab29a4dccf,2017-10-04 21:56:14,27.5,15.1
0c897c38d294bbc817bc78528cb47e27,1,3c5fc4f6c055819eb7e2853e9fe08bb3,aba1721a889e04decc910aa13b768ef4,2017-09-26 23:05:34,94.0,17.1
0c9850b2c179c1ef60d2855e2751d1fa,1,7b5d8be0e04080e4c8ee6a7ec2f1f597,1025f0e2d44d7041d6cf58b6550e0bfa,2017-09-13 15:24:16,38.4,35.67
0c9850b2c179c1ef60d2855e2751d1fa,2,7b5d8be0e04080e4c8ee6a7ec2f1f597,1025f0e2d44d7041d6cf58b6550e0bfa,2017-09-13 15:24:16,38.4,35.67
0c9999fe81fb2cb90e1f0456c15759e2,1,677d8ace413e0060fa8686cde56eaf10,fa1c13f2614d7b5c4749cbc52fecda94,2017-09-26 16:05:40,269.9,9.14
0cc36282e7b0e281bb99dfdc8c0f11aa,1,5f504b3a1c75b73d6151be81eb05bdc9,834f3294fba9f932f56edc879193f925,2017-09-13 16:23:27,610.0,37.54
0cd5a59b77b1409abb6f791b2322b910,1,017692475c1c954ff597feda05131d73,3c7c4a49ec3c6550809089c6a2ca9370,2017-09-26 16:10:19,13.99,7.78
0cda834be88c6e549a9895efe5e0b49f,1,cd82271424be9568801391194697361c,062ce95fa2ad4dfaedfc79260130565f,2017-09-14 00:35:09,41.9,1.1
0cda834be88c6e549a9895efe5e0b49f,2,28dc766929435d5a8555ce85e2f82667,4e7c18b98d84e05cbae3ff0ff03846c2,2017-09-14 00:35:09,149.0,51.12
0cf52f585ea2179c0bfd06b1a7acf3f4,1,659dc4a2860c19265edc2fe7e451329c,dbc22125167c298ef99da25668e1011f,2017-09-08 00:48:53,45.9,26.89
0d123aa33c3954b2685ef6807ffc9bc0,1,20090bcd0d43eb49feb63d53d387780b,05ff92fedb5be47920fea08e501238b9,2017-09-13 09:43:18,158.4,15.86
0d34e6a3adf3e9167496b8fa889d5ccc,1,c2d1e60e4deda24940c8039c99f08bbf,7178f9f4dd81dcef02f62acdf8151e01,2017-09-21 02:10:27,39.9,15.1
0d43520077226a0a081c80ed9ca95751,1,4d38a4daf13a87012b73156f834afec0,41b39e28db005d9731d9d485a83b4c38,2017-09-17 22:50:18,29.9,15.11
0d56a8368c4b0250b75177a8ce041fb3,1,e0ce26ae52c9ab0b8c8e42129d6c1996,391fc6631aebcf3004804e51b40bcf1e,2017-09-21 20:23:53,24.9,12.69
0d6095ca2592bbcc590d4954e29c7924,1,148c599356731b1d622e231d343e65bd,fc38b5dceee1a730fad8853453437fbd,2017-10-05 10:14:13,22.5,12.69
0d66368d8615f7b306db970f3ba475ee,1,c20fbbd4ccf2f7da70e150689a6a905f,620c87c171fb2a6dd6e8bb4dec959fc6,2017-09-14 10:30:28,309.9,9.91
0d760576500ea8611379a97ddcebf3db,1,99a4788cb24856965c36a24e339b6058,4a3ca9315b744ce9f8e9374361493884,2017-09-25 03:37:38,89.9,16.26
0d76cf23189a0ba8c00a570e0021d527,1,75f54c6aa3a4ccb9ab44fae693c21418,75fdd0a732287f9497b179f6bd445d32,2017-09-29 00:30:14,59.9,16.18
0d783e7e03dd70fd2ea6a0b33bb73706,1,c329abd2a10fad4a2f83377956328c67,adbe70ab2c97442046d393988c8d1d27,2017-09-14 22:55:14,59.9,9.34
0d7fa46a537318ea56d17071cd6dff66,1,46a44fef61c4835cb2cc8f39f0ce0752,1554a68530182680ad5c8b042c3ab563,2017-09-28 04:05:12,34.9,12.48
0dac8f895806df31441bc1a5aa485a4e,1,f6a1427197e9c6f9e433c669e64d07bf,7722b1df1b0e383e000397b2c11e3e19,2017-09-19 04:45:55,18.9,8.72
0daf1f0e67b534ad873ba61c5d6ad7d3,1,1f30aacc69904c0d0bf8d05cb2abef72,4a3ca9315b744ce9f8e9374361493884,2017-09-13 11:03:50,135.0,18.2
0de15ac1caf4268ed3340cf0473c1d16,1,ad0a8215eb34f64a304b12106de7af30,f4c4daa86e30c7e5a553a8d518ac03a5,2017-09-11 13:25:25,493.0,18.2
0e1756f57187e203c6151ebe990fa670,1,7d50930301709838d8e90dcac5cfaa84,9616352088dcf83a7c06637f4ebf1c80,2017-09-22 14:04:24,59.9,13.44
0e3669da7effc0dce5fe5e8a52bb5805,1,fb6d1c0e458a83fe774bbdf52d704287,57fe6232e67823593374a2281d7a8af8,2017-09-14 04:55:14,16.72,12.69
0e3ee99a343d05fc3fa4256f7c675c63,1,80cbd9107719ba49c3a02fbd942b4717,43f8c9950d11ecd03a0304a49e010da6,2017-10-04 21:50:34,113.99,15.55
0e4741898160da1b1060a7f9c346547a,1,c857b96593773e940454e76efa8eabb3,cca3071e3e9bb7d12640c9fbe2301306,2017-10-02 03:28:15,57.11,13.42
0e6386e1cb625fe4fdbd3d101d2cb687,1,bc4cd4da98dd128c39bf0b8c2674032f,53243585a1d6dc2643021fd1853d8905,2017-09-08 00:35:16,1300.0,38.51
0e81d9aa94c69d14faa155f1a91ed4ff,1,af9c4277d06aa18aabbfebbe94ee9c79,066a6914e1ebf3ea95a216c73a986b91,2017-10-04 23:28:29,159.99,21.61
0e8e7aed5de3681d008b56aaa514fe6a,1,15416967b480fca6c3ceac3335e57c36,53e4c6e0f4312d4d2107a8c9cddf45cd,2017-09-19 03:15:36,47.99,25.19
0e905ed8f17c6568a12cad104c041e34,1,06edb72f1e0c64b14c5b79353f7abea3,391fc6631aebcf3004804e51b40bcf1e,2017-09-19 20:06:04,45.95,15.1
0ea8f90c4ad8782358cbc97abcb2d013,1,829874309190054ac199e75205ad6b33,4e922959ae960d389249c378d1c939f5,2017-09-26 01:10:37,49.95,8.27
0eb8235cb26938d1c5c534cb0fe0d254,1,5d720fc5a34a02b8eaeff74ebf5ef88c,80e6699fe29150b372a0c8a1ebf7dcc8,2017-09-29 04:15:23,104.0,9.29
0ec0ef35a66b31f873f0010267d30a8e,1,553261019b28923d564e3fc159e4ff3c,e9d99831abad74458942f21e16f33f92,2017-09-14 10:25:28,82.99,12.92
0eda4018077fe64a701b5af5b47dba15,1,8844bd4b8ca8f93603694ca2bceb77e9,cc419e0650a3c5ba77189a1882b7556a,2017-09-21 02:50:25,84.99,16.35
0ee415fdc549189ef34dc8f7de4763cb,1,c10b7cf3152ae68bd9b4713b2230080d,9674754b5a0cb32b638cec001178f799,2017-09-11 17:30:18,42.9,28.75
0ee52d4b00ab65f19b7e89e5683766bf,1,c3ba4e8d3cb30049213b682e751e9d00,6560211a19b47992c3666cc44a7e94c0,2017-09-18 20:50:13,95.0,7.92
0eea5babd8acdffc1ce9dbc764b8dcd7,1,0a57f7d2c983bcf8188589a5fea4a8da,4869f7a5dfa277a7dca6462dcf3b52b2,2017-10-02 15:25:13,117.0,15.57
0eeca7beaeaa9b986ac88e4548a45811,1,5cfad4d334cce4266bd2a51c2111f98f,ea8482cd71df3c1969d7b9473ff13abc,2017-09-28 15:50:26,17.99,14.1
0ef95a4e8ed73bc72863cca218c4791a,1,fa4e8255202fd921350a6fc716710dae,2b3e4a2a3ea8e01938cabda2a3e5cc79,2017-09-10 23:07:13,267.99,16.63
0f121110b75ef7c38c79d67833c49830,1,338925450cde31710e3fd65b8bac0b1f,17f51e7198701186712e53a39c564617,2017-09-29 10:25:47,760.0,196.86
0f2bee3cf61b938dcfdf5cbc0bb2f9f4,1,e2b02dadb01104e3f9f588311b3f2612,3bb548e3cb7f70f28e3f11ee9dce0e59,2017-10-02 16:35:21,109.9,12.9
0f2c54530ee6ee50a3adc31fb30e8769,1,52e9413ed0d3e64b796aac2bc2291d50,7f2617c58d5d06806987308b45654351,2017-09-14 04:50:22,149.9,18.33
0f4100ceeb7e6c856edfbb660c06757d,1,9a99bb9931fce41bda596488d0653c39,8b28d096634035667e8263d57ba3368c,2017-09-26 09:35:19,103.8,13.75
0f47f9183ff34c4a76633181b380acbc,1,cce3ce6484896041ae3dafdd4308a39c,7ddcbb64b5bc1ef36ca8c151f6ec77df,2017-10-03 20:07:31,1004.99,33.35
0f503b220e9d1fd78562e41a427a0c6a,1,0e621085968d9a9585ed3c2c204825e2,94144541854e298c2d976cb893b81343,2017-09-14 12:25:21,459.9,20.5
0f548bd29148ebc519d6495e37a284e1,1,08574b074924071f4e201e151b152b4e,001cca7ae9ae17fb1caed9dfb1094831,2017-09-08 08:25:50,99.0,33.08
0f548bd29148ebc519d6495e37a284e1,2,08574b074924071f4e201e151b152b4e,001cca7ae9ae17fb1caed9dfb1094831,2017-09-08 08:25:50,99.0,33.08
0f5cbec89ff4ccb991c248075eb3131b,1,99a4788cb24856965c36a24e339b6058,4a3ca9315b744ce9f8e9374361493884,2017-09-28 14:29:25,89.9,21.12
0f7477abc25a26f58ebc0d00d2a7cde5,1,981f6a96c09b7d28e5c5f2fbb282fcde,259f7b5e6e482c230e5bfaa670b6bb8f,2017-09-25 06:03:29,54.9,11.73
0f785010dcc39b620a31199592907f64,1,5f504b3a1c75b73d6151be81eb05bdc9,834f3294fba9f932f56edc879193f925,2017-09-14 10:30:27,610.0,65.01
0f93b20928bc59f8571a39b03ed0c1bb,1,368c6c730842d78016ad823897a372db,1f50f920176fa81dab994f9023523100,2017-09-29 10:04:02,59.9,17.67
0f9751081b734220a998be212c391523,1,2068e3435a38f6a3cc95ba89a96378ab,cee48807215b30a12ca2ca10ffb5f250,2017-10-13 14:07:13,199.9,33.85
0fafae9d817a5c3ce897f22d801b7395,1,e28e0ee4dffaf8ed5508c35aaf1d0d25,5160d23075764e18e07c1f4a87fad743,2017-09-20 03:06:04,75.0,21.33
0fb2f8a7178bc3a3ff6a1812f99a78bf,1,250ac1c9c91aa7b446a4fa9ff67190f8,33ac3e28642ab8bda860a2f693000e78,2017-10-02 03:28:24,82.99,14.33
0fb5a3160f044b869ebab3a1d50f0471,1,0bcc3eeca39e1064258aa1e932269894,1f50f920176fa81dab994f9023523100,2017-09-08 06:41:01,59.9,28.82
0fcc817e41a60bbb439c5ce638f62f31,1,8338cef8355d238f43711dcb9c0657b2,cca3071e3e9bb7d12640c9fbe2301306,2017-10-05 16:21:12,45.9,12.69
0fdb712fc648aa524966c0a442999bf7,1,e67307ff0f15ade43fcb6e670be7a74c,8b28d096634035667e8263d57ba3368c,2017-09-17 22:10:28,18.17,11.85
0fe75a9839e7296629a6d6924fdf3365,1,3f246bac2dc05206d0d5b6c637c7008f,dd7ddc04e1b6c2c614352b383efe2d36,2017-09-08 20:50:14,259.9,59.73
0fefd780aced50487fedea40b67318b5,1,422879e10f46682990de24d770e7f83d,1f50f920176fa81dab994f9023523100,2017-09-18 14:30:30,59.9,13.44
0ff1419cb5d96f6355fc067f02c8936a,1,a50acd33ba7a8da8e9db65094fa990a4,8581055ce74af1daba164fdbd55a40de,2017-09-21 18:06:42,117.3,25.66
0ff328dbe0ea4ad27a1176bbf8d88ecb,1,cec09725da5ed01471d9a505e7389d37,4d6d651bd7684af3fffabd5f08d12e5a,2017-09-12 22:23:48,69.9,20.98
0ff91985e1cbf76b8e97b408d735f7b6,1,52e9413ed0d3e64b796aac2bc2291d50,7f2617c58d5d06806987308b45654351,2017-09-25 03:33:33,149.9,12.55
0ffe5d0885533af26c298b2384eabda1,1,ff8bd09f659b88af06fdfea61a8b7b45,efcd8d2104f1a05d028af7bad20d974b,2017-09-20 22:40:10,60.0,11.92
0fff540f615876d9ffa4a67a83d9e380,1,a8bf9a06bef0fe4106c1fc0df21a5eb6,cca3071e3e9bb7d12640c9fbe2301306,2017-09-28 02:43:46,43.38,16.11
1001037af2faeaa0440e04c4cf69413d,1,ead6d52e3dc075669af5d7a1958b0f07,46dc3b2cc0980fb8ec44634e21d2718e,2017-09-21 14:44:06,94.99,14.41
1001fec33bc88a484d7431bec2147348,1,b655ebf10fa7727c97d82cffcfe96ab9,02c988090b766852e088c69d7fb3b551,2017-09-28 05:35:22,9.5,9.09
1001fec33bc88a484d7431bec2147348,2,b655ebf10fa7727c97d82cffcfe96ab9,02c988090b766852e088c69d7fb3b551,2017-09-28 05:35:22,9.5,9.09
1001fec33bc88a484d7431bec2147348,3,b655ebf10fa7727c97d82cffcfe96ab9,02c988090b766852e088c69d7fb3b551,2017-09-28 05:35:22,9.5,9.09
1001fec33bc88a484d7431bec2147348,4,b655ebf10fa7727c97d82cffcfe96ab9,02c988090b766852e088c69d7fb3b551,2017-09-28 05:35:22,9.5,9.09
1001fec33bc88a484d7431bec2147348,5,b655ebf10fa7727c97d82cffcfe96ab9,02c988090b766852e088c69d7fb3b551,2017-09-28 05:35:22,9.5,9.09
100c3a4b273a82310ce16d5524e14450,1,2d7ec74c6f93ad8234f2e29817b2827b,bf3c6d2a28b2b5501e6c15448982dcc9,2017-09-21 09:10:13,119.4,17.09
1048ce07df6dfd9d7ae971bdcfd03d77,1,75e8e3d9663c75fe4693bdf6d6b03ede,dbc22125167c298ef99da25668e1011f,2017-09-21 15:27:47,72.9,35.83
106bf10ecc74f90c8848d0f613288a15,1,ba45ed17e0da09c7be0de3de084f6e2a,f9bbdd976532d50b7816d285a22bd01e,2017-09-24 21:30:14,89.0,15.37
1097d35f1e7f8972fb78c8a135090ca8,1,422879e10f46682990de24d770e7f83d,1f50f920176fa81dab994f9023523100,2017-09-12 04:35:58,59.9,21.2
1097d35f1e7f8972fb78c8a135090ca8,2,389d119b48cf3043d311335e499d9c6b,1f50f920176fa81dab994f9023523100,2017-09-12 04:35:58,59.9,10.6
1097d35f1e7f8972fb78c8a135090ca8,3,422879e10f46682990de24d770e7f83d,1f50f920176fa81dab994f9023523100,2017-09-12 04:35:58,59.9,21.2
10adafadd4cc3289bff103ee8d2db9a0,1,475e8a9ddbebf13af503d1c7eccadb1a,f8db351d8c4c4c22c6835c19a46f01b0,2017-09-19 03:45:22,135.9,48.39
10ade03150da4c3a784807bae033f361,1,36c1e7a02219b5d1e56743473a92e895,751bdc4d83a466c7206cd42e8f426b03,2017-09-08 15:10:10,53.99,9.34
10be01428d12ec7ed39d0058c3e224f7,1,2d0756de18a80990e11ec355070dd85a,76d5af76d0271110f9af36c92573f765,2017-09-24 22:30:12,658.9,31.16
10edb7acff4cd11eb43b993548b67f95,1,e256d05115f9eb3766f3ab752132a4e2,165fc07beebdcb6190fba8a06db2a449,2017-10-05 01:24:52,219.0,28.05
10edb7acff4cd11eb43b993548b67f95,2,1dc7685f4fdb9622d84ae2ec658d5bbf,165fc07beebdcb6190fba8a06db2a449,2017-10-05 01:24:52,189.0,27.88
11077b960f568dd6d5dddae3bdfaa69c,1,a7c73814e6894bc049f7aac7d37f7175,6f892e20a171e98efe17fdb971ff319b,2017-09-21 18:44:23,254.9,16.53
111d5d48ac06001d01f0b901ace3b327,1,0eda6e310c91549299a2f97d0354f7fb,57e632711dec9ec14ca7546769483e7e,2017-10-02 13:56:22,104.0,15.48
11200294ab90161f54f7effdea8d9466,1,42a2bd596fda1baef5719cb74f73030c,da8622b14eb17ae2831f4ac5b9dab84a,2017-09-29 12:37:58,89.9,13.65
11242fc97afd67d5b5a7e211aad24bb8,1,9cc4f78d8deda3da85bfd76aea339cbd,4a3ca9315b744ce9f8e9374361493884,2017-10-03 17:14:20,161.0,13.47
114c9407eb2b873d07c1b3bf91e35a9c,1,08d76e49b8206d0cfb7456fe3aa7d3b4,a3a38f4affed601eb87a97788c949667,2017-09-18 14:50:27,109.0,36.08
115a082cc7dde53600c6c6ad83219643,1,24b0c9ac8f6d07d7192f24fd9ff189a0,0ea22c1cfbdc755f86b9b54b39c16043,2017-09-21 01:10:26,79.9,12.69
116530874770e0e5a96a09cedb2722ae,1,788e0f3785be86f57f6d42e107d081c0,06bb3a2fe5e7b7a845b13e8fb91bd944,2017-09-18 04:26:15,148.7,17.29
116c70afde066c60adb8381e4c23c07d,1,2136c70bbe723d338fab53da3c03e6dc,6560211a19b47992c3666cc44a7e94c0,2017-09-28 17:10:32,29.0,15.1
118184a28018553dd791eaf04d144f53,1,19b602119b7d4c2ab21b0fe1b4035c2c,cca3071e3e9bb7d12640c9fbe2301306,2017-10-05 02:31:00,52.64,11.87
11913ca0eb4a5aaedf1c5fcb3a69899a,1,a86bf954ba3a0e7e31f2b6dc5267212b,7e93a43ef30c4f03f38b393420bc753a,2017-10-02 09:49:31,539.99,11.97
1196240b71cd166c2b75a3a0c9ded394,1,f1959b60fe1d6a15ca43bb20078bbae1,a3e9a2c700480d9bb01fba070ba80a0e,2017-09-08 19:10:12,120.0,13.86
11976fce6f2db8eb99598a3951b25137,1,2b2d98d1e9b6f68a472c5ace64d704fa,897060da8b9a21f655304d50fd935913,2017-10-05 02:28:24,21.9,16.11
11976fce6f2db8eb99598a3951b25137,2,2b2d98d1e9b6f68a472c5ace64d704fa,897060da8b9a21f655304d50fd935913,2017-10-05 02:28:24,21.9,16.11
11976fce6f2db8eb99598a3951b25137,3,2b2d98d1e9b6f68a472c5ace64d704fa,897060da8b9a21f655304d50fd935913,2017-10-05 02:28:24,21.9,16.11
119c357aec19161dd3f526233913298e,1,29427de7f8a9ee983d9dbc51cec569b4,7a67c85e85bb2ce8582c35f2203ad736,2017-09-25 18:07:19,99.99,17.95
119feffed22faf8f347699a4a4fcc23c,1,60583a83a08e3bb8c9fd974983021a34,835f0f7810c76831d6c7d24c7a646d4d,2017-09-08 15:45:20,169.9,20.68
11a9988a43e7b48ed7012619bc6720b3,1,3410cbd7df2130ec3cb9300ef0fe3df1,165fc07beebdcb6190fba8a06db2a449,2017-10-02 03:49:29,59.0,13.43
11bc84df322a800171eefbc060d1b69f,1,cd5f3705d31440675796beb0ee641fa8,46dc3b2cc0980fb8ec44634e21d2718e,2017-09-15 14:45:22,194.99,14.24
11c601407b62dd629716ee3ff3efa95b,1,9b1954fdd0f9b4ef4ee2d267ac9de4bd,f7ba60f8c3f99e7ee4042fdef03b70c4,2017-09-14 08:55:24,53.0,21.17
11dd41a0dbb00ead97fe3c687ce9857e,1,e4d325bd1eea550509bdbbc5c3301fc1,7178f9f4dd81dcef02f62acdf8151e01,2017-10-03 08:03:57,349.9,18.21
11e22e541201ac67ff98e87193b4fc8d,1,6698f23d5d6f5815239e55660f30a0b1,37be5a7c751166fbc5f8ccba4119e043,2017-10-04 12:07:15,179.99,12.76
11e77f7b110e8b496d03132d9f94129f,1,6c350a42b2f2e38425af31b3739970c6,e9d99831abad74458942f21e16f33f92,2017-09-12 19:25:15,69.9,34.29
11ecea021072c62767879235a840565c,1,5594eb45b3ced02488aaf71edfb32d92,2528513dd95219a6013d4d05176e391a,2017-09-22 19:55:07,179.0,18.5
11f97a9967bb081adb9883460c71e845,1,b0364648b1c062169015d9234d97d306,28d162ab86bb49d719c32f0ee6186eaa,2017-09-25 10:35:27,109.99,17.21
1222dd8e203987d55f99c5552d41746e,1,256c61261c818dab727fa2a60d8964ca,7c67e1448b00f6e969d365cea6b010ab,2017-09-21 15:50:53,129.94,36.93
1228ee51284d63331ec546dd33d63292,1,6b120063aeece762b2ef81da00c75ab9,bfd27a966d91cfaafdb25d076585f0da,2017-10-05 20:14:22,99.0,13.03
12321543ad6f89cc74cde9ae42d12e3e,1,2446edad7ab4cfedebb8728497ac4575,ce27a3cc3c8cc1ea79d11e561e9bebb6,2017-09-14 14:15:11,48.0,16.11
1234a83b9c1d13b6d3308dd2000d60b3,1,3e67af30c5e3eae465fbf496aa88fc8b,a3a38f4affed601eb87a97788c949667,2017-09-18 13:04:22,89.9,16.39
124c799bcc4126cdb5cca8c5889533b7,1,9d4ba0f6da482eab474c47de79c2afcc,376a891762bbdecbc02b4b6adec3fdda,2017-09-12 15:10:15,214.5,29.9
124c8d5fee5f49a8d7a8535b5bea6e69,1,81abb619b6717f1ff31f79e5d73a215b,38e6dada03429a47197d5d584d793b41,2017-10-05 02:14:29,24.1,9.34
1264bdfa22a4cca2beb66c1f542e7f5c,1,d8f1b415091ab79b62ac80443d865ca6,72bc2cce903c872fe376a8faaa81d237,2017-09-25 23:25:35,269.0,14.44
12788af294f51dd5ba2aaed208a45969,1,7d50930301709838d8e90dcac5cfaa84,9616352088dcf83a7c06637f4ebf1c80,2017-09-25 11:05:13,59.9,17.99
127e151835ed0bf4ea8e262040fa1c3d,1,a04a2402a7774ba53d10ed2ce29715e3,17ca9b9e9b9ef8fdb529001b49ebb50f,2017-09-19 10:45:24,99.97,25.54
12905797f6a5f67c41d036a0ea9a40be,1,6bd248f93425ceeb625a8a97e2404112,dbc22125167c298ef99da25668e1011f,2017-09-21 13:10:13,52.9,14.1
12d17826f8fd792f6af768cda051ff77,1,9255fec6c5428d1d69871b8d98741e1f,5160d23075764e18e07c1f4a87fad743,2017-09-19 15:25:23,75.0,15.28
12d86cb46107086f370cc3512828696a,1,d696750e550fd0f733979dd7e5dff921,9de4643a8dbde634fe55621059d92273,2017-09-08 19:55:19,177.99,36.57
12d9723638a09350ec19ea8d66073249,1,64315bd8c0c47303179dd2e25b579d00,7aa4334be125fcdd2ba64b3180029f14,2017-09-07 22:25:46,84.8,24.9
12e1495369c542f003eb3ca480f924e3,1,a08ffa6ecdd0ab3c1f4fe348acc2553b,1b8b75e227c9a9c100d0c210fb6176ce,2017-09-19 19:30:24,129.99,9.72
12eb336877aa5f2ac2449e22b06ba84a,1,68120d970296eb097cc07cbfce29475b,42bde9fef835393bb8a8849cb6b7f245,2017-10-02 09:28:10,69.0,15.23
12f55fbb20dd8ff71113349776b5642a,1,abaa4c2633cbc40dda16b575531db57b,f4c4daa86e30c7e5a553a8d518ac03a5,2017-10-05 00:07:13,132.6,15.68
1312c3e9b13335ff82ee5ee0599e9e60,1,0906585a53ae0d9e9d848e83b8f2ea88,aaed1309374718fdd995ee4c58c9dfcd,2017-09-22 13:50:15,198.9,17.15
1314f9c897799df1cc402c6a2519d4be,1,083ffd30820b592e294de7ed668ff975,f8db351d8c4c4c22c6835c19a46f01b0,2017-09-25 03:36:38,49.9,15.1
131bcb82ecd96d251fa7eb8bb1f1baca,1,097d5a4bed2be012b4e46e6f5ae0694b,17eea220a40cc0d2c0c5346379682398,2017-09-20 10:45:13,358.99,16.26
1337d5367a799babc13f9f71c63bf7ab,1,ccec880520770d791d004c9a1ae8b0aa,4992e76a42cb3aad7a7047e0d3d7e729,2017-09-14 01:34:04,29.9,14.1
136e42854980018398bfe35a8eecf470,1,08732e5164f3bd37bb941e5ae9710e6e,26d8a1c7c75d513045798992ead43aa2,2017-09-08 15:35:26,163.99,18.72
1378f9601350615613cc8832d6789c5d,1,7307a453add3ce026e86d325ff2d60cd,f5f2ab9bdb6b30c14c61be68c5ed37da,2017-09-07 22:32:05,106.9,18.0
138db286991b7cc18370680e5f5154da,1,9a2f52e60b6419803680132ad69a3ca8,efcd8d2104f1a05d028af7bad20d974b,2017-09-14 00:25:24,30.0,25.63
138db286991b7cc18370680e5f5154da,2,d83de24a6ee5b9754bdb4df748e529af,efcd8d2104f1a05d028af7bad20d974b,2017-09-14 00:25:24,39.99,25.63
13b1d703b453fd67b66850bd2846e13b,1,7a10781637204d8d10485c71a6108a2e,4869f7a5dfa277a7dca6462dcf3b52b2,2017-10-05 02:31:28,212.0,14.5
13d45a0fb42d1b8691a1824859519e4e,1,c9ea06f7fd4bd778e96031f46f60dfb9,48436dade18ac8b2bce089ec2a041202,2017-10-02 04:07:17,99.9,17.95
13dae3b277e3fe7e2596f842cbb6d62b,1,130482add9fd75ccb6c57ba007694a2d,87142160b41353c4e5fca2360caf6f92,2017-09-11 10:25:47,105.0,14.94
13ec45fa1c7f7faeb411e7b318ea9b44,1,ae6f0a235fafaf39219b83770a3391bf,325f3178fb58e2a9778334621eecdbf9,2017-09-28 00:04:31,12.9,7.78
13ec45fa1c7f7faeb411e7b318ea9b44,2,ae6f0a235fafaf39219b83770a3391bf,325f3178fb58e2a9778334621eecdbf9,2017-09-28 00:04:31,12.9,7.78
13f48b228960c77c8ebeef615e898f32,1,89de415e2cf869a6b1274f51913f1a49,0249d282d911d23cb8b869ab49c99f53,2017-09-24 21:04:27,21.5,8.72
13f4bad08354705fbeb23f41f08c31c4,1,d5c766013132edffbda7017835a9e2d1,5c243662ce92d84573bfaff24c3e3700,2017-09-21 17:35:24,364.99,18.8
140f3f5e8668adb28164b2718f2d309b,1,428848f6b59540ebc1d7613df5c8b545,81a1104df0f08b59c68aa5b03cfe398e,2017-09-20 03:05:57,99.9,21.54
1415ba1a8d324d2a63d74fb8e55145c8,1,e8c6039a25765995ac7c1ec2cbef5765,3d871de0142ce09b7081e2b9d1733cb1,2017-10-05 19:09:04,19.9,20.84
141ca33a492a1e577828c4986e4775b2,1,22c5ddc22ea8cae84fc9917def682dc6,cc419e0650a3c5ba77189a1882b7556a,2017-10-03 20:25:41,56.99,15.15
141ca33a492a1e577828c4986e4775b2,2,b1631003bdbc3b1e876f83a7d851d74a,cc419e0650a3c5ba77189a1882b7556a,2017-10-03 20:25:41,56.99,15.15
14325ba23374f1e55576859076916d9c,1,f88585b513695493f26dbffb34c01e75,575df70bde3f9f2b30bf8d2e9910d725,2017-10-06 12:10:18,15.45,15.11
14325ba23374f1e55576859076916d9c,2,f88585b513695493f26dbffb34c01e75,575df70bde3f9f2b30bf8d2e9910d725,2017-10-06 12:10:18,15.45,15.11
1436cb05507a787c1dc757c1fa2f275f,1,a45af86c4a7948f5fabbb5b0132475cd,e63e8bfa530fb16910dd6956e592bb81,2017-09-25 11:27:58,28.9,17.63
14433250d2268548a917e1a0bdfd19c1,1,37bc5c7b7dca15cfcbe282fb0dd0bab3,7722b1df1b0e383e000397b2c11e3e19,2017-09-11 16:30:17,19.9,11.85
1448f96a9dd749b9b2e69f4b8602912c,1,9ecadb84c81da840dbf3564378b586e9,1025f0e2d44d7041d6cf58b6550e0bfa,2017-09-14 20:04:12,38.4,9.34
1448f96a9dd749b9b2e69f4b8602912c,2,9ecadb84c81da840dbf3564378b586e9,1025f0e2d44d7041d6cf58b6550e0bfa,2017-09-14 20:04:12,38.4,9.34
145795196f6224e4557aeca5cad2863f,1,dce3721f89a159fed6ff8b94d7ba32b9,53243585a1d6dc2643021fd1853d8905,2017-09-13 09:05:18,315.0,44.24
14653f2c907e27b1222157246d382c28,1,4ac50dbde931c0a5ed8c33d3dc047351,2e1c9f22be269ef4643f826c9e650a52,2017-09-28 04:17:17,33.49,11.85
148e87a8ff911451dd96a8375d138447,1,7402c8cf69df715729b26da0ac2cc721,2fb25ab44bdbeae6a4d816e0d0c9d500,2017-09-12 22:25:51,78.99,15.3
14a031b045ef8ce4a2b6e08d1fc5623b,1,6b9d0e95cad6725dcb7bc0c04a382c8f,dbc22125167c298ef99da25668e1011f,2017-10-04 21:15:14,48.9,17.92
14a614ee08193a408e0155cba2279c6a,1,bd6e6fce9ada76ea2db0f1912e8e478f,1835b56ce799e6a4dc4eddc053f04066,2017-09-27 22:45:29,56.99,15.15
14b8b8e32ed52dcf82a3e04d1881425d,1,380b4664ba5bb18cc9db78ee6bac3558,6560211a19b47992c3666cc44a7e94c0,2017-09-08 17:24:30,29.0,14.1
14e1335948fa1aacabaedacaf51d545c,1,30715b45872148dd5322eb2989228a43,4a3ca9315b744ce9f8e9374361493884,2017-10-05 14:24:40,61.8,16.19
150161e8b962f031342e9bdf81e414b5,1,12fe5f63ed2e43c806260b2476886351,21e83881401b92b49fb09a16d3852291,2017-10-05 07:05:06,359.0,63.25
15040f094b4f4a45a4d885dd036842af,1,905a4d693124aa4be9299d68ee7ebd91,3be634553519fb6536a03e1358e9fdc7,2017-09-27 16:10:23,49.9,11.73
151137bf7ab537c1a2da6bba1368d87d,1,03a20f79e4c056b48ce29b3e30beb0fb,6fc26fe110feebd80a433e1f012a84f9,2017-09-12 14:05:17,59.0,16.17
151137bf7ab537c1a2da6bba1368d87d,2,03a20f79e4c056b48ce29b3e30beb0fb,6fc26fe110feebd80a433e1f012a84f9,2017-09-12 14:05:17,59.0,16.17
15584854fbd0fc60db2724d79a08330b,1,1259895e918d39e5226aeabf332434b8,0ac4201fda2c68ebc0e47cb9423cf3c9,2017-10-05 02:14:46,398.0,16.54
15764eae87fb040c4ce2bf75f6670a77,1,b0961721fd839e9982420e807758a2a6,1f50f920176fa81dab994f9023523100,2017-10-04 21:28:23,59.9,17.67
157b4fe03013e7a9db562091a12c2f8d,1,31596cc4bf31a702bc34ab7223a827da,4917cee8d902e13428c3ec4b1ca6f315,2017-10-04 22:30:09,139.0,28.35
15821a9a831a9a665df5d5e1568da975,1,b7e524f8ef0d4d4fe3a7a57fcc5c9073,96493fab2fbb13a14d0c0e8772eef5c3,2017-09-14 15:55:19,96.0,9.49
1587f0c11595ff02ca8f9219568ef020,1,4e6554c7113b9e0447a2ffed3bc76195,7142540dd4c91e2237acb7e911c4eba2,2017-09-28 11:45:34,84.9,13.61
1588b79ef6078fb4a06549ed42ae7fd3,1,eb7172d8a3c64298d2d767f6603c231e,725c32fa80c2faacc4fc88450d27314e,2017-09-21 10:48:36,44.95,15.1
158a05ea7d6a7268559ca2f97476ee0a,1,34dabb8af33b3756cf72df05fb327011,0db783cfcd3b73998abc6e10e59a102f,2017-09-20 10:45:10,99.0,15.44
158e4a89f06a4f5b5273f7fd7045938f,1,2136c70bbe723d338fab53da3c03e6dc,6560211a19b47992c3666cc44a7e94c0,2017-10-05 02:14:21,29.0,7.78
1594082890bd7c4672ab9c9e4949f305,1,6a94cf283fcc6b16942f0d13f35fa7b3,44073f8b7e41514de3b7815dd0237f4f,2017-09-15 15:10:29,116.0,18.09
15aafc9c68a1f0c0d2208dfbcc33a7f3,1,b18e0067418085fab0785606c86d875c,6d803cb79cc31c41c4c789a75933b3c7,2017-09-27 12:55:21,179.9,38.81
15bc08d16e46d4a0586df8dfdd1ed60d,1,c6ea63369936552872ae890c82175b4b,37be5a7c751166fbc5f8ccba4119e043,2017-09-26 22:15:16,158.0,25.95
15bed8e2fec7fdbadb186b57c46c92f2,1,61d52f4882421048afd530db53d6f230,fa74b2f3287d296e9fbd2cc80f2d1cf1,2017-09-20 14:30:09,125.9,12.38
15c7a48b6ce2d3967a7e83d40f566b70,1,aea5937ba2b757b9fc5017f2d11f288f,888faa8bfb0b159c37de6d898b961c31,2017-09-22 16:10:21,51.69,20.85
15c7a48b6ce2d3967a7e83d40f566b70,2,aea5937ba2b757b9fc5017f2d11f288f,888faa8bfb0b159c37de6d898b961c31,2017-09-22 16:10:21,51.69,20.85
15c7a48b6ce2d3967a7e83d40f566b70,3,aea5937ba2b757b9fc5017f2d11f288f,888faa8bfb0b159c37de6d898b961c31,2017-09-22 16:10:21,51.69,20.85
15c8bb2579fbbb27773fefddd07e4111,1,9ecadb84c81da840dbf3564378b586e9,1025f0e2d44d7041d6cf58b6550e0bfa,2017-09-26 13:35:18,38.4,17.92
15c8bb2579fbbb27773fefddd07e4111,2,9ecadb84c81da840dbf3564378b586e9,1025f0e2d44d7041d6cf58b6550e0bfa,2017-09-26 13:35:18,38.4,17.92
15c8bb2579fbbb27773fefddd07e4111,3,9ecadb84c81da840dbf3564378b586e9,1025f0e2d44d7041d6cf58b6550e0bfa,2017-09-26 13:35:18,38.4,17.92
15d2ed1b88ca436faafb7d7236dea795,1,57e089e3103f5cda6a4ce23b77399bdb,aafe36600ce604f205b86b5084d3d767,2017-09-25 03:34:46,59.9,16.18
15da85d19161f01ef880f55143598cdc,1,2b4609f8948be18874494203496bc318,cc419e0650a3c5ba77189a1882b7556a,2017-09-14 14:10:15,89.99,21.52
15da85d19161f01ef880f55143598cdc,2,b1acb7e8152c90c9619897753a75c973,cc419e0650a3c5ba77189a1882b7556a,2017-09-14 14:10:15,34.99,8.96
16198b0458c017eedf2e4c11092a08ea,1,7642ddbf174d9a97119510f56be6c201,46dc3b2cc0980fb8ec44634e21d2718e,2017-09-26 02:24:09,279.99,27.0
161a705881b7953621b8fac63051ee95,1,c708ba7c6269161f89ce0683cdd7c432,6560211a19b47992c3666cc44a7e94c0,2017-09-19 03:25:52,49.0,11.85
165ee1a310dfbfa598f465cece5cc5bd,1,b623b7cb05ee3248fbe4a6ecbeed79a4,7aa4334be125fcdd2ba64b3180029f14,2017-09-20 21:10:12,74.8,28.92
166b01d0fce75a595b92ad9e84e0843b,1,776ef0ee36e20757c513e64903f1fa8a,70a12e78e608ac31179aea7f8422044b,2017-09-15 11:45:12,98.0,29.09
166e8da2582560e757c1c41e4a4148c7,1,caa41bf17e27022341da028e79152c4c,f84a00e60c73a49e7e851c9bdca3a5bb,2017-09-26 01:38:17,46.4,15.79
1670149b3cfc61a2c70f3f6189f7005d,1,47b8c79d616369fd222f0bb68ea0293b,b2ac621f0d0322434d04a12b078b9369,2017-09-28 15:44:37,205.0,45.28
1676fa2516c38753e7a0ee7fa8e41009,1,cca8e09ba6f2d35e44f05b3c936d644e,43f8c9950d11ecd03a0304a49e010da6,2017-09-12 22:35:23,102.99,7.98
168098b366e2b3274e4e458f478ac9ba,1,2b4609f8948be18874494203496bc318,cc419e0650a3c5ba77189a1882b7556a,2017-09-18 05:04:09,89.99,7.88
168c0ece9e82b97455bf1a81502af9de,1,54e5939fcd9ae70ad0f59f612d6d29bd,48436dade18ac8b2bce089ec2a041202,2017-10-04 10:28:22,42.9,16.11
168d45af7dd36e96d0a16120eafce384,1,f57fdbfc9c610581b1b50f53210ac3ae,dc4a0fc896dc34b0d5bfec8438291c80,2017-09-24 23:43:57,77.68,16.3
169ac9ba86ceec1a102f2ac76b405a34,1,251876e7ba013b87b7262fb2524e2d60,7aa4334be125fcdd2ba64b3180029f14,2017-09-25 03:34:21,64.89,13.47
16a02781e79ebfb2354323d102e53b8a,1,4ae6163553190ab2897ecd7683eaafe2,4e922959ae960d389249c378d1c939f5,2017-09-14 12:03:53,59.9,15.17
16b2484e5171f8cde29df1cfac3ad7e4,1,b168e4a5c3f1d25dbcc01d914ea1cf5f,e9779976487b77c6d4ac45f75ec7afe9,2017-10-01 21:35:13,159.0,12.61
16bf4bebb63fe2842793fa1e3fbb83d9,1,3b82e71cc658bc6deadebef95075ac55,bbad7e518d7af88a0897397ffdca1979,2017-10-04 02:49:30,19.9,7.78
16c10f91a6ab2448ed68859ce84a3051,1,e42ced1dcfe8691020b3e41bc2017cd1,17e34d8224d27a541263c4c64b11a56b,2017-09-21 02:26:35,108.54,13.78
16c9ef138b75b95f8fd7969d2a2900ca,1,d1fbb5683c8e93f314d0f2bf40d07761,dc4a0fc896dc34b0d5bfec8438291c80,2017-10-02 04:07:15,95.03,13.69
16f2b04292cfdf925c7d231f98812249,1,d1c427060a0f73f6b889a5c7c61f2ac4,a1043bafd471dff536d0c462352beb48,2017-10-05 12:04:21,149.99,40.38
16febac56c216c1cc40407ff81315a97,1,64ea282a67530101b655f890b4ac8e90,4a3ca9315b744ce9f8e9374361493884,2017-09-13 15:43:32,23.5,15.1
16febac56c216c1cc40407ff81315a97,2,64ea282a67530101b655f890b4ac8e90,4a3ca9315b744ce9f8e9374361493884,2017-09-13 15:43:32,23.5,15.1
16febac56c216c1cc40407ff81315a97,3,64ea282a67530101b655f890b4ac8e90,4a3ca9315b744ce9f8e9374361493884,2017-09-13 15:43:32,23.5,15.1
16febac56c216c1cc40407ff81315a97,4,64ea282a67530101b655f890b4ac8e90,4a3ca9315b744ce9f8e9374361493884,2017-09-13 15:43:32,23.5,15.1
170cdbf7e3806693dce1451299ee4ff7,1,422879e10f46682990de24d770e7f83d,1f50f920176fa81dab994f9023523100,2017-09-08 10:35:17,59.9,17.67
170dcd772ea4f51c3a859f9beef5d297,1,f1c7f353075ce59d8a6f3cf58f419c9c,37be5a7c751166fbc5f8ccba4119e043,2017-09-15 15:55:16,189.9,22.17
173ff4269077b5594182d14a5f7f4978,1,6bb8a2ca133656eeb56c714b61e744f0,cb8bcce248bb1fb274ba762d8b971456,2017-09-08 18:50:20,229.9,35.41
174c83fcd9eb7abaaba69d49ea92ba96,1,5317ab3252cac4ab9097bcf38a826663,c286ec035ee04ba81c97508f0b5df544,2017-09-27 02:55:37,199.0,22.23
17741d347806fbe91c72a69918b484ca,1,820e8f306dc9ffcf6d0957516084cca1,7aa4334be125fcdd2ba64b3180029f14,2017-10-02 03:35:24,38.89,17.6
1798a9d3b896e39ea128c25cf6b84ee4,1,fecf6223a3494f35362f670e571d2a04,3db66a856d18a9cba7c9241fc5221c50,2017-10-02 23:49:17,69.9,16.25
17acaa427382e6481bc67f191687928c,1,ba78f8e12cdd3d472e548247e0e68a72,3bb548e3cb7f70f28e3f11ee9dce0e59,2017-09-12 18:50:17,329.9,19.88
17c552e9739b1fd0c1385b93eeb07953,1,8097e6d8de77768d9f72295263e440fa,01bcc9d254a0143f0ce9791b960b2a47,2017-10-03 02:56:47,117.79,17.26
17e474ff1065f1a6ae77b42169d8c451,1,31eb78f384a585823382f8963cdf5849,3d871de0142ce09b7081e2b9d1733cb1,2017-09-21 03:05:10,69.0,35.42
17e474ff1065f1a6ae77b42169d8c451,2,9a2e821cfc513051382e27606ab3325c,3d871de0142ce09b7081e2b9d1733cb1,2017-09-21 03:05:10,69.9,0.04
17ece7ee59d823d55795a356168275e4,1,354a74f657f4d957f2a0e5b9ee1eeb7f,c3cfdc648177fdbbbb35635a37472c53,2017-09-12 14:50:11,195.9,26.21
17ee1f77fa871fa2d26b8095816fc2eb,1,cc041329dc20f1f8c48eb9861c6084dd,f5f46307a4d15880ca14fab4ad9dfc9b,2017-09-13 23:10:18,95.99,17.92
180c04aeebcb390784f7d9c08dbd159d,1,bb42f37fc3d9130e4a4339d24a47dd7c,da8622b14eb17ae2831f4ac5b9dab84a,2017-09-20 16:30:24,44.9,15.1
1827ee8015c4edd94bbfef221a3a27f5,1,d3c044bd42d84a79e3b0c42662806a48,4c2b230173bb36f9b240f2b8ac11786e,2017-09-28 10:50:13,25.9,7.78
18424f62e6457228cde82092ec2252df,1,47e7d651866159ed3a5fe00d3dbe813d,1da3aeb70d7989d1e6d9b0e887f97c23,2017-09-19 01:04:05,12.99,7.78
18440dc1eacd354c5c6c6f87747e667e,1,55d8539374199d777e55eb6d3306badc,cca3071e3e9bb7d12640c9fbe2301306,2017-09-20 22:44:10,113.0,18.04
184d0d273e35638268d90ed9d912ee8c,1,97194fdae68fa163b7cc5c02bfedbf16,05f51e13da97139648b8125c31e5f51b,2017-09-21 14:10:18,419.9,86.8
18517c2680695f31500ceb6b1840b8e4,1,ae21e20e39807ffbb4b976fd106b937c,46dc3b2cc0980fb8ec44634e21d2718e,2017-10-02 04:07:25,199.99,16.16
1856dd06ccd053bf3456e3d5bf73f2e3,1,54e5939fcd9ae70ad0f59f612d6d29bd,48436dade18ac8b2bce089ec2a041202,2017-10-05 20:23:08,42.9,16.11
1871eea34c05e21129b1a6a25e0ec985,1,21a60ea134ec6f7e1544c4c71b998235,1900267e848ceeba8fa32d80c1a5f5a8,2017-09-28 20:45:31,8.99,11.85
1871eea34c05e21129b1a6a25e0ec985,2,21a60ea134ec6f7e1544c4c71b998235,1900267e848ceeba8fa32d80c1a5f5a8,2017-09-28 20:45:31,8.99,11.85
187866e696f75b2a1383f04953c53cd6,1,6987398dff454a3138231540e2a6ec61,25c5c91f63607446a97b143d2d535d31,2017-10-03 02:49:37,134.0,18.19
187d43c69480f7f8d6fa58d4aacea5ee,1,368c6c730842d78016ad823897a372db,1f50f920176fa81dab994f9023523100,2017-09-13 20:04:13,59.9,17.67
1883a089d3c8c6c4068e31b8802672bc,1,eac9f4e3a6148ef63f16aaec0cd9731f,d4e12e7884759a14fa0f5f896c791cae,2017-09-14 19:43:54,19.9,15.11
1889699f134c9af589ab3415c75f0a04,1,e78506414d2563b6414cfd84b7fa0802,fe2032dab1a61af8794248c8196565c9,2017-09-26 10:04:18,179.0,15.0
188c1ef63c6dd2e06120da3ca750e86c,1,3b741ffc8fcc3a055eaec6d4832dd925,7299e27ed73d2ad986de7f7c77d919fa,2017-10-05 10:28:37,105.0,21.22
18bfcd3049f8effbdf7a7e9b11d07f38,1,85337022853da10b8f5fd7d1ef180421,fc906263ca5083d09dce42fe02247800,2017-09-18 04:46:07,39.9,34.15
18c48366114e65c415b2c19448f7c146,1,f32415d23c358ef1e387a7d329d9ce9f,3586b8580d9c917874e053a1bb37b5ff,2017-10-03 22:45:32,36.9,16.11
18f946a462c7b48981fb551535be4a74,1,d401d9445df5a515a304b386278b4844,afe0067131b73e40875c9b6c10bd2e21,2017-09-18 16:30:28,104.9,21.22
18fa229a827c89986c8387c049dcc572,1,3262d9ebe7100477209a79c4ed3c76e8,8603f0038fe0e52fedd3382d266723de,2017-10-04 20:10:15,269.0,51.67
1914c742b8eb90f77c7459441e819a11,1,b0961721fd839e9982420e807758a2a6,1f50f920176fa81dab994f9023523100,2017-09-28 15:15:14,59.9,17.67
19225676ff2a0f88c9d5b21fbe69494e,1,9af9fb5e25c1c09f035e01b7936f6c6e,aafe36600ce604f205b86b5084d3d767,2017-09-29 15:06:22,69.9,15.25
19247443a7dfd6e4475b0e9b3fae86de,1,52d6f0dc99f96ca1d2ddbb64146f11b0,2e1c9f22be269ef4643f826c9e650a52,2017-09-28 16:30:22,76.49,25.82
194a5d341c8262e8c0adbaade970ed2a,1,c8ac52c5751a7b2501c476a3bd9e24dd,27a56ff04b34c2ba34ce6ba4d3b9d616,2017-10-05 10:14:13,59.9,15.17
194e7b03e4469b2bcc7ba3c353077252,1,aef3e3251c02ee19b8f193f158a49a53,282f23a9769b2690c5dda22e316f9941,2017-09-14 11:15:37,40.5,14.1
19530a2973e25dffb52a39210f27ebb0,1,7ac0d3f8ac5b60c13d74b02b8cbb4623,f27e33c6d29b5138fa9967bcd445b6d5,2017-09-26 22:30:15,94.9,11.87
195aef69980a745473d3fa7be3523f58,1,e8c111b515e74b1cbbad7b86099bf637,7722b1df1b0e383e000397b2c11e3e19,2017-10-04 11:44:47,89.9,15.39
195ff45c167e808ee4f7ef32d7d8c984,1,1ac09f60f3c3bc2021c637ef23fa3248,46dc3b2cc0980fb8ec44634e21d2718e,2017-09-28 04:05:17,94.99,17.11
195ff45c167e808ee4f7ef32d7d8c984,2,2187a2f05e362364c24d44feaeb40243,46dc3b2cc0980fb8ec44634e21d2718e,2017-09-28 04:05:17,94.99,17.12
195ff45c167e808ee4f7ef32d7d8c984,3,ead6d52e3dc075669af5d7a1958b0f07,46dc3b2cc0980fb8ec44634e21d2718e,2017-09-28 04:05:17,94.99,17.11
197979ae89666596c6a65ba20fb220ce,1,835956a0722151405b61a58661a6e5e1,41b39e28db005d9731d9d485a83b4c38,2017-09-20 21:04:58,9.9,7.78
19bf277fd1836e749b4c150b1d2ebea2,1,72b88dcc0910a3d1db986870c1515029,83deb69e889cf80f82be1dc6d5f2d486,2017-09-13 23:45:15,84.9,14.34
19c1376b2449385d598bc89c73cdf380,1,380b4664ba5bb18cc9db78ee6bac3558,6560211a19b47992c3666cc44a7e94c0,2017-09-19 23:24:25,29.0,14.1
19d1809c243d4f58dff4ffbc74edecb8,1,5e5d267a41f3d8bb608c2f0bd4b4972f,7e93a43ef30c4f03f38b393420bc753a,2017-09-08 10:30:12,259.99,15.57
19e99767938cf9c5969b4b00d1eaeaca,1,d1040cea3114b6e9f7e2170dc39af1db,2709af9587499e95e803a6498a5a56e9,2017-09-18 04:50:41,44.0,7.78
19eab825a1c06f76aa724771ac4db143,1,9afaad66aca8b0c79e4f084a89c9c92b,42bde9fef835393bb8a8849cb6b7f245,2017-09-13 10:37:34,199.0,15.14
19f3e2705ab3512061949aef6f02b2e7,1,c6dd917a0be2a704582055949915ab32,7a67c85e85bb2ce8582c35f2203ad736,2017-09-28 14:29:07,99.99,17.95
19fe6cd13dca5943f17abd2c37c46abd,1,2b4609f8948be18874494203496bc318,cc419e0650a3c5ba77189a1882b7556a,2017-09-20 04:46:01,89.99,7.88
1a0a36c1032d171afbfdb82012107bf6,1,551ae6a7d21ef0eea7b844dac0cc9de8,955fee9216a65b617aa5c0531780ce60,2017-09-27 22:24:21,356.0,16.19
1a1aa9714d0f88e8a2b20b0c7c037d0b,1,d81cbbaeb38bdc56879d408d7f607b0e,6902157ee16728322d61a1321fa79e58,2017-10-02 02:25:59,79.9,15.31
1a2aa47afe4b1d4eaef87715d1e40ef0,1,d696750e550fd0f733979dd7e5dff921,9de4643a8dbde634fe55621059d92273,2017-09-08 10:30:11,177.99,17.01
1a64643317da0457d3f145fab8734b22,1,7c1bd920dbdf22470b68bde975dd3ccf,cc419e0650a3c5ba77189a1882b7556a,2017-09-19 04:45:01,58.99,20.81
1a667c9f13248047e6402a28b934c2e0,1,283f243bb09e48e8f324d175182d5cfa,ea8482cd71df3c1969d7b9473ff13abc,2017-09-13 12:43:33,18.9,7.78
1a68a3c33d6299d9d0f36a74e4c97e2f,1,681e1525258578dd8a22a3c249509bf5,5cbbd5a299cab112b7bf23862255e43e,2017-10-05 09:23:56,45.6,12.48
1a82ae1928c32cea24d0235445148454,1,8ced2631a18d2e0814557875b3bb907b,391fc6631aebcf3004804e51b40bcf1e,2017-09-13 17:15:17,49.95,15.1
1a8e038996bda6eec89b10dce066e0c9,1,c081e0bd900ca695285255e5588f2ae0,7aa4334be125fcdd2ba64b3180029f14,2017-10-02 11:40:06,102.5,17.97
1a93b2b046feffab15c313a7c3f73504,1,07c055536ebf10dfbb6c6db6dbfc36e5,cca3071e3e9bb7d12640c9fbe2301306,2017-10-04 19:35:15,45.9,12.69
1aa6cb753e28c675560a88d1f9c80e86,1,9b564ab4807c6c00dcc56a91c5e1c8a3,46dc3b2cc0980fb8ec44634e21d2718e,2017-09-10 23:15:15,99.99,15.46
1ab115802be10ff22d8907afe81ba5b0,1,1de74e63d630007567726953a4eb2b36,a49928bcdf77c55c6d6e05e09a9b4ca5,2017-10-05 02:28:36,79.9,16.81
1ab6256565ac0d87b4f559d9171b9323,1,c8eb5b2d7173db25ec9bfc54dcb4ccbb,05f51e13da97139648b8125c31e5f51b,2017-09-25 14:30:13,150.99,17.5
1ade121ece82965c2578304aaeb25c83,1,f1c7f353075ce59d8a6f3cf58f419c9c,37be5a7c751166fbc5f8ccba4119e043,2017-09-12 15:50:13,189.9,26.17
1af002e4d9365a7809af4290ffccbc39,1,e8c6039a25765995ac7c1ec2cbef5765,3d871de0142ce09b7081e2b9d1733cb1,2017-09-07 22:25:44,19.9,15.1
1af34c470eee707920eb7508e1e8efdf,1,e9c49fc758728b084498862fcabf3c5e,76d64c4aca3a7baf218bf93ef7fa768d,2017-10-06 15:24:37,329.9,71.19
1b189bfb8d1d15887dd46da224744444,1,368c6c730842d78016ad823897a372db,1f50f920176fa81dab994f9023523100,2017-09-25 03:30:56,59.9,17.67
1b189bfb8d1d15887dd46da224744444,2,368c6c730842d78016ad823897a372db,1f50f920176fa81dab994f9023523100,2017-09-25 03:30:56,59.9,17.67
1b27565cc48efbd53ada61fe61bb9c2a,1,368c6c730842d78016ad823897a372db,1f50f920176fa81dab994f9023523100,2017-09-14 15:55:21,59.9,17.67
1b27a0faae4a248229a7037964a710e3,1,ffade53cc6541c89321fff351e04751a,7aa4334be125fcdd2ba64b3180029f14,2017-09-14 15:55:21,118.8,20.07
1b506ab4d2fae3d70d95f8d0a4d8d094,1,e0d64dcfaa3b6db5c54ca298ae101d05,4869f7a5dfa277a7dca6462dcf3b52b2,2017-09-11 23:45:12,179.9,16.01
1b60ece83b00bc1f24db33620b942d2f,1,389d119b48cf3043d311335e499d9c6b,1f50f920176fa81dab994f9023523100,2017-09-08 14:35:21,59.9,13.44
1b7efcda93ef629e74df8b1fcd2b1f92,1,88e55a509dd9848fe90373958567203a,59b22a78efb79a4797979612b885db36,2017-09-12 08:25:12,26.9,4.57
1b7efcda93ef629e74df8b1fcd2b1f92,2,b5e13c9a353102f79c6206ff5cb61a50,a49928bcdf77c55c6d6e05e09a9b4ca5,2017-09-12 08:25:12,79.9,32.02
1b808946f01b032c2ff882e814352ef5,1,b80d1191f28486e54df2e4c6bdeac10d,d2374cbcbb3ca4ab1086534108cc3ab7,2017-09-20 02:45:21,49.99,15.1
1b988e4cc28ec72241d86331f6edb974,1,4aaa2ddc43f64a2db232b71fc4639064,6039e27294dc75811c0d8a39069f52c0,2017-09-29 16:35:09,129.9,34.27
1ba88b07e29193945dafa8c04f4ea642,1,7e6c4a0bf900e259f50ba63331fd2785,6560211a19b47992c3666cc44a7e94c0,2017-09-21 02:26:04,65.0,15.2
1baadc6ea58da9e96c906bca98b8b15f,1,880be32f4db1d9f6e2bec38fb6ac23ab,fa40cc5b934574b62717c68f3d678b6d,2017-09-27 11:28:07,44.9,23.11
1baadc6ea58da9e96c906bca98b8b15f,2,880be32f4db1d9f6e2bec38fb6ac23ab,fa40cc5b934574b62717c68f3d678b6d,2017-09-27 11:28:07,44.9,23.11
1baadc6ea58da9e96c906bca98b8b15f,3,14dffa241a078aeaebaef48a49e807ca,fa40cc5b934574b62717c68f3d678b6d,2017-09-27 11:28:07,64.9,17.33
1bac6ce688aa1bcae651dfcfecfe7aef,1,b2fd74298e16eef2568d2f9dff6042c8,53e4c6e0f4312d4d2107a8c9cddf45cd,2017-10-04 22:28:10,76.0,17.78
1bac6ce688aa1bcae651dfcfecfe7aef,2,b2fd74298e16eef2568d2f9dff6042c8,53e4c6e0f4312d4d2107a8c9cddf45cd,2017-10-04 22:28:10,76.0,17.78
1bac6ce688aa1bcae651dfcfecfe7aef,3,b2fd74298e16eef2568d2f9dff6042c8,53e4c6e0f4312d4d2107a8c9cddf45cd,2017-10-04 22:28:10,76.0,17.78
1badd176eb41888c1a20a7614fba59e1,1,d6160fb7873f184099d9bc95e30376af,53243585a1d6dc2643021fd1853d8905,2017-09-25 09:50:11,1349.99,41.9
1bc1ac5e4876ad4e4459fe6aa516ddc5,1,af0a917aec9cea3b353ece61a8825326,da8622b14eb17ae2831f4ac5b9dab84a,2017-09-20 22:10:16,89.9,17.88
1c2bab4c18a97c3bba457866ee72bdbd,1,fc37e09bb4dadd1eef5e92e954b1c72e,855668e0971d4dfd7bef1b6a4133b41b,2017-09-26 19:04:05,64.99,15.2
1c95c0aa3b0fc5495c09cbba1793b9d8,1,6c81db10f914c4d032b14fa93aa0a818,d98eec89afa3380e14463da2aabaea72,2017-09-25 09:30:27,29.99,17.63
1ca74ef1a063b31008ef4af64cdaa485,1,caf540627b7914ab734c86495fdc95ee,1025f0e2d44d7041d6cf58b6550e0bfa,2017-09-18 23:03:55,229.0,58.27
1cafec050dfd61009e2efb0428f28438,1,11fd9d7ba552e1d28872e008acf1e050,cb8bcce248bb1fb274ba762d8b971456,2017-09-15 18:43:24,139.9,13.11
1cb44c843df038496648b84a904aafa6,1,8767530c2985b63e4fbb351b1c0f33b0,aafe36600ce604f205b86b5084d3d767,2017-09-28 20:44:03,59.9,15.18
1cc1289499f63feb5febc86506a7052c,1,202bd859659a841de892b00c341300ff,6560211a19b47992c3666cc44a7e94c0,2017-09-21 14:25:19,35.0,7.78
1cd0a2330def1be519e011cc6ef20db4,1,d3c044bd42d84a79e3b0c42662806a48,4c2b230173bb36f9b240f2b8ac11786e,2017-09-28 10:50:20,25.9,25.63
1cd0a2330def1be519e011cc6ef20db4,2,d3c044bd42d84a79e3b0c42662806a48,4c2b230173bb36f9b240f2b8ac11786e,2017-09-28 10:50:20,25.9,25.63
1cd0a2330def1be519e011cc6ef20db4,3,d3c044bd42d84a79e3b0c42662806a48,4c2b230173bb36f9b240f2b8ac11786e,2017-09-28 10:50:20,25.9,25.63
1cd0a2330def1be519e011cc6ef20db4,4,d3c044bd42d84a79e3b0c42662806a48,4c2b230173bb36f9b240f2b8ac11786e,2017-09-28 10:50:20,25.9,25.63
1cd0a2330def1be519e011cc6ef20db4,5,d3c044bd42d84a79e3b0c42662806a48,4c2b230173bb36f9b240f2b8ac11786e,2017-09-28 10:50:20,25.9,25.63
1cd6dbd1ca9fa0233fdae069c422f48f,1,461f43be3bdf8844e65b62d9ac2c7a5a,4869f7a5dfa277a7dca6462dcf3b52b2,2017-09-26 14:10:22,164.9,26.43
1cd8d1567debd198821fe9d46d99b5b1,1,af1190b9fff9a3c0ea7bc29ef8dfd8c1,e7f3bf1ecd8526eb7f3b18059e6716e5,2017-09-29 20:28:20,89.5,15.38
1cdfc7851cb3d94ed77b3fe4cafa2fad,1,a10e0fcb1c409869c3c6da4eb13b7612,855668e0971d4dfd7bef1b6a4133b41b,2017-09-20 10:50:14,50.0,37.9
1ce7fbaa63b1e1a632d51df0ecd2cf39,1,cd935d283d47f1050c505e1c39c48b67,a3a38f4affed601eb87a97788c949667,2017-10-01 21:49:51,69.9,15.24
1ce85b529629489a217458d96a9ac0af,1,71bd53a5303fc543fd563e913eb586cb,1900267e848ceeba8fa32d80c1a5f5a8,2017-09-12 04:15:40,44.99,17.6
1d0acbd3a21cb00b1cede4db748fa0b1,1,6ae3f85f46a37844372252496c77b4d8,53243585a1d6dc2643021fd1853d8905,2017-09-07 23:10:10,180.0,35.06
1d0eb66672e5eff7b487f906f5a619ac,1,c329abd2a10fad4a2f83377956328c67,8b28d096634035667e8263d57ba3368c,2017-10-02 03:35:30,57.8,25.68
1d1e77334238a731c494f066a6c0d500,1,c3ae2001a36724730fbc90605b9278e2,7d76b645482be4a332374e8223836592,2017-09-21 11:55:34,19.9,16.79
1d37e36d44b7056e8d613a4214c9765b,1,dca8cbb1c9d8a2db0fbc0c36b8d1a7bc,6560211a19b47992c3666cc44a7e94c0,2017-09-13 03:04:28,89.0,15.37
1d64a3cb77efc4437f3799929de08008,1,ae6b739ab6e9d7991fb2ddd70f9c0b6b,53e4c6e0f4312d4d2107a8c9cddf45cd,2017-09-12 04:24:43,32.0,13.37
1d7ff382f46d36ad1c5693e52eb63aca,1,0a57f7d2c983bcf8188589a5fea4a8da,4869f7a5dfa277a7dca6462dcf3b52b2,2017-10-02 10:45:48,117.0,15.57
1d942a0debeb43eee8a316c245b9cc34,1,4520766ec412348b8d4caa5e8a18c464,16090f2ca825584b5a147ab24aa30c86,2017-09-21 11:30:11,40.0,15.1
1da60f73e3ebd1c7566be78f0cf00f98,1,9a9469abcf027566dce48059c28ea832,a3a38f4affed601eb87a97788c949667,2017-09-18 14:10:24,109.9,16.53
1da6c2d53ad9f033ccf54f16801546eb,1,0152f69b6cf919bcdaf117aa8c43e5a2,d2374cbcbb3ca4ab1086534108cc3ab7,2017-10-13 15:15:16,13.9,34.15
1db48820d18841e3330e5721352b9387,1,6b120063aeece762b2ef81da00c75ab9,bfd27a966d91cfaafdb25d076585f0da,2017-09-18 04:55:06,94.0,35.98
1db6346bb9b84ddccb41b287b6ca1fd8,1,241241093bd6986615756b4d8a01de8f,43f8c9950d11ecd03a0304a49e010da6,2017-10-05 01:07:15,177.99,16.69
1dc01549b7e7404a9663b7d77306c897,1,389d119b48cf3043d311335e499d9c6b,1f50f920176fa81dab994f9023523100,2017-10-02 17:07:18,59.9,28.82
1dc01549b7e7404a9663b7d77306c897,2,389d119b48cf3043d311335e499d9c6b,1f50f920176fa81dab994f9023523100,2017-10-02 17:07:18,59.9,28.82
1dc1eb95861df4745ec5c863b93f9691,1,ae5cad88462eb7b7b61401e31c45618e,ce27a3cc3c8cc1ea79d11e561e9bebb6,2017-09-15 11:50:19,15.0,8.72
1dc91db5eff6504549002a149b7a031e,1,e226c4f6c92586f1a8845b35edafd8c0,7957cac1a02f45d0a4a7e45626382ec2,2017-09-20 10:24:23,343.0,21.64
1df82016cb6fab694280ee06f74c65ae,1,53b36df67ebb7c41585e8d54d6772e08,4869f7a5dfa277a7dca6462dcf3b52b2,2017-10-04 23:25:17,134.9,12.44
1df8665c93634d03e96d99d58ce1efb6,1,108e8b1d89ab5ff933c64882c075dcab,659e8466eb3ff1b0e8740d74fb7bbedd,2017-09-18 13:15:29,94.5,17.1
1e0472c015f18d557d20db713af0f356,1,9a98180ffbd0765e89f11cc8dd2385f4,0c8380b62e38e8a1e6adbeba7eb9688c,2017-09-12 04:15:42,74.9,17.77
1e0472c015f18d557d20db713af0f356,2,9a98180ffbd0765e89f11cc8dd2385f4,0c8380b62e38e8a1e6adbeba7eb9688c,2017-09-12 04:15:42,74.9,17.77
1e0ad62d9e96fd47434997dfa81497a8,1,466d263ce8b7bd275003ee2104428127,ef506c96320abeedfb894c34db06f478,2017-09-20 00:44:02,25.99,21.15
1e2566907e0655a3549bdcb88b0291f1,1,0bdd9a52d192d64770e33ae559512478,6560211a19b47992c3666cc44a7e94c0,2017-09-18 16:10:29,55.0,7.78
1e2873bbf8abcb5fd687719096812cd6,1,51ce723ffd19d9d8d7893b8e835bf3cf,23613d49c3ac2bd302259e55c06c050c,2017-09-21 00:45:08,89.9,49.16
1e36204fd8a2e695a35dd5e41cd392d8,1,223d34a3d9334039f5ff9511dc044bbb,53243585a1d6dc2643021fd1853d8905,2017-09-24 21:15:16,246.62,18.3
1e4517d4bc3d36a859ca530b462408f5,1,c8d1837df49c5b4d91a388c81795156c,c3867b4666c7d76867627c2f7fb22e21,2017-09-28 13:15:25,139.9,17.69
1e4517d4bc3d36a859ca530b462408f5,2,c8d1837df49c5b4d91a388c81795156c,c3867b4666c7d76867627c2f7fb22e21,2017-09-28 13:15:25,139.9,17.69
1e4e642a89cc3c4bdbc8b9ac6299616a,1,461f43be3bdf8844e65b62d9ac2c7a5a,4869f7a5dfa277a7dca6462dcf3b52b2,2017-09-28 13:44:19,159.9,34.92
1e6f350c900ca357945126e20117d293,1,372645c7439f9661fbbacfd129aa92ec,da8622b14eb17ae2831f4ac5b9dab84a,2017-09-14 20:30:15,119.9,18.09
1e718803a62786233aedeb09414e1495,1,0b08fa55464e4e455c2911a1e49fbc73,25e6ffe976bd75618accfe16cefcbd0d,2017-09-21 14:44:04,80.0,35.88
1e738ef9fa41ecf83ae9f37a89591620,1,d22f287512fb5bda6efc5c8e6216c6db,f84a00e60c73a49e7e851c9bdca3a5bb,2017-09-10 22:30:18,134.2,12.39
1e8fa3b2e3c94bcded7f59a216242717,1,4ac50dbde931c0a5ed8c33d3dc047351,2e1c9f22be269ef4643f826c9e650a52,2017-09-19 09:45:31,33.49,7.78
1e94bea629f2a9ad149fc751e9880aab,1,47d663d481777efdbd7f947f96d76bc7,46dc3b2cc0980fb8ec44634e21d2718e,2017-10-04 10:56:16,279.99,18.21
1e9cdcfe3bc61780f3fdf2edc4866484,1,2b5fddc2b543ee8d6699fb8687fac6bb,7299e27ed73d2ad986de7f7c77d919fa,2017-09-14 17:55:10,79.99,15.31
1ea3e66a79abe98744817178ba99da82,1,5b226d7c52f86ac72457617f78cff95d,1835b56ce799e6a4dc4eddc053f04066,2017-09-25 06:35:14,56.99,12.74
1ea3e66a79abe98744817178ba99da82,2,5b226d7c52f86ac72457617f78cff95d,1835b56ce799e6a4dc4eddc053f04066,2017-09-25 06:35:14,56.99,12.74
1ea60cf2b1ad4c7cadd53912fb35a0f7,1,6291f9025c6b863241bb80ebafa4434e,4992e76a42cb3aad7a7047e0d3d7e729,2017-09-22 20:10:15,16.9,11.85
1ea60cf2b1ad4c7cadd53912fb35a0f7,2,6291f9025c6b863241bb80ebafa4434e,4992e76a42cb3aad7a7047e0d3d7e729,2017-09-22 20:10:15,16.9,11.85
1ea761b9a18c1852e0121350bee432a5,1,ce066f4a83649651549d717c9b566816,4d6d651bd7684af3fffabd5f08d12e5a,2017-09-25 16:15:18,69.9,16.12
1ea8467d56c1db8b43fed9a458d425d8,1,08d76e49b8206d0cfb7456fe3aa7d3b4,a3a38f4affed601eb87a97788c949667,2017-09-19 15:33:08,109.0,16.52
1ea86cb67ac980ba54aa42725a5fcdf4,1,a45117f220c82816a7c62c9140c59a3e,9add47bf45ce8e8c7db6b9cf670b1e09,2017-09-14 20:30:22,79.9,29.08
1ec1f0aa2c220d06ace348a757325915,1,c71f83052356c632aca23cdc29abca86,abcd2cb37d46c2c8fb1bf071c859fc5b,2017-09-07 22:07:31,70.35,17.06
1ed9a7f3d298570629e4d027458f4d49,1,5cf189f48af24c605a16bcdb701df823,4a3ca9315b744ce9f8e9374361493884,2017-09-28 02:25:54,65.9,16.22
1ee3f6b3f68027bf18b0a9e356edc4f3,1,1a171b17d64e13187479dc66541e6541,5f1dc28029d2c244352a68107ec2b542,2017-09-21 16:50:17,102.9,11.93
1eea1a20e6a12130a19a5299597af94a,1,839ae04dfa2580c962dbbf9613c3e6f9,0bf0150d5b9d60d9cd2906003332f085,2017-09-26 01:15:08,95.9,13.23
1eea943a6165c6e0e51951bb76ec90a1,1,d017a2151d543a9885604dc62a3d9dcc,6560211a19b47992c3666cc44a7e94c0,2017-09-20 01:50:06,49.0,16.79
1f0fb6f94c105ba0047b56143a01c3a9,1,4cac1a12a6fe9ffba4a9556dbe582e28,7ddcbb64b5bc1ef36ca8c151f6ec77df,2017-09-08 18:55:13,25.99,11.85
1f15c9ad9cbf840899fda2a63d4cc760,1,1e0d051115919ea51ac96e8e01816b57,53e4c6e0f4312d4d2107a8c9cddf45cd,2017-09-21 14:26:51,75.0,13.55
1f186ad4ad389666cd9482ce1942038d,1,84dbf59971e2dd6aede4b0e0b1847a54,638cba8be1fb599bbb76fd6948351eb3,2017-09-21 01:44:14,20.3,15.1
1f1b93186b0c7281daf8f6c6145279d6,1,7f55769896fc6596e7251490b8b5e536,8a32e327fe2c1b3511609d81aaf9f042,2017-09-21 02:10:19,39.99,8.72
1f201b2bf1eecbd0ad32c3f430846b84,1,725cbfcaff95a4d43742fdf13cf43c75,3504c0cb71d7fa48d967e0e4c94d59d9,2017-10-02 21:49:42,48.9,11.73
1f2b13f5168b0700a870188e1e72fb1f,1,b01d34f6d2545269d348181768eca049,6560211a19b47992c3666cc44a7e94c0,2017-09-28 15:50:20,55.0,11.89
1f40c568147d792b8ff628f54803a6f2,1,829874309190054ac199e75205ad6b33,4e922959ae960d389249c378d1c939f5,2017-09-19 19:03:47,49.95,11.85
1f5eb429cb345e7810b590b3f5de88ab,1,eab67bf937aaadc19f83383a331d2dd9,7c67e1448b00f6e969d365cea6b010ab,2017-09-27 11:35:13,159.99,28.48
1f643298de39c374e3ad4e4838d156c1,1,06ab916413a6a9c4813408f7a72fd953,093805f8f2aeb63881444571e1f48f30,2017-09-14 20:43:31,37.8,8.72
1f6ddbae00fc6acbc0457caa5fd89ad1,1,4c973b1f6f4357bcdcd7598abe7912bc,59b22a78efb79a4797979612b885db36,2017-09-13 09:45:42,1099.0,26.55
1f78837ac58fa81b2191c703d510080b,1,dcb7642f668e09b75d526454940124b9,92eb0f42c21942b6552362b9b114707d,2017-10-02 21:49:38,15.0,7.78
1f80ad89393a17282085bcd14644e45a,1,35b9cce4c9cd4359551a3d702b25ad4c,0adac9fbd9a2b63cccaac4f8756c1ca8,2017-09-07 22:23:55,19.9,15.1
1f80ad89393a17282085bcd14644e45a,2,35b9cce4c9cd4359551a3d702b25ad4c,0adac9fbd9a2b63cccaac4f8756c1ca8,2017-09-07 22:23:55,19.9,15.1
1f80ad89393a17282085bcd14644e45a,3,35b9cce4c9cd4359551a3d702b25ad4c,0adac9fbd9a2b63cccaac4f8756c1ca8,2017-09-07 22:23:55,19.9,15.1
1f80ad89393a17282085bcd14644e45a,4,35b9cce4c9cd4359551a3d702b25ad4c,0adac9fbd9a2b63cccaac4f8756c1ca8,2017-09-07 22:23:55,19.9,15.1
1fa40f202d5d233b6491e976c557b822,1,8415b1dae10d2dcb36beec370c6a90cd,3504c0cb71d7fa48d967e0e4c94d59d9,2017-09-27 22:25:11,28.9,21.15
1fa8e437e5fc2d62dee8989fd5e8df97,1,0a74b9407eaec9d6c760a1e92c10d96c,f41ce2e25237f9092cd8e6e7516c7a2f,2017-10-03 10:25:09,90.0,15.39
1fab4ac9d85079b3da72a11475ae1685,1,7a10781637204d8d10485c71a6108a2e,4869f7a5dfa277a7dca6462dcf3b52b2,2017-09-07 22:31:41,229.9,13.11
1fc5c0bd6efc980c66dac929f708ab00,1,6f33a4a09ae1180a0ee1ff4682b2d21f,725c32fa80c2faacc4fc88450d27314e,2017-09-11 19:50:43,139.99,16.74
1fcde8f1d8b0a48e0ce8a212f1fb8dc1,1,927019d88409196f97d1fd56daaeecc1,5c243662ce92d84573bfaff24c3e3700,2017-09-20 13:24:55,59.9,15.18
1fd9362a40211b8ab54154b0f8f7a657,1,0c2ec8ad337c82681af769354356e4c2,e59e489e2ea74bd409b798b5daf49de3,2017-09-13 02:55:13,99.0,13.71
1fd9362a40211b8ab54154b0f8f7a657,2,0c2ec8ad337c82681af769354356e4c2,e59e489e2ea74bd409b798b5daf49de3,2017-09-13 02:55:13,99.0,13.71
1fd9362a40211b8ab54154b0f8f7a657,3,0c2ec8ad337c82681af769354356e4c2,e59e489e2ea74bd409b798b5daf49de3,2017-09-13 02:55:13,99.0,13.71
202b0e2a72ae812b73b645d02a6b1bc0,1,68bf2e76db1d8e846042e54da87399ca,1a3df491d1c4f1589fc2b934ada68bf2,2017-09-28 21:25:06,85.9,17.85
203096f03d82e0dffbc41ebc2e2bcfb7,1,5ac9d9e379c606e36a8094a6046f75dc,633ecdf879b94b5337cca303328e4a25,2017-09-25 04:04:09,109.9,8.96
20316f53ea8065f870f90eb423b39b1a,1,55aefe286a63b5e07f42a63c10371020,fa1c13f2614d7b5c4749cbc52fecda94,2017-09-19 16:25:08,399.0,19.23
2036e90fc219932b90e4da6211a01758,1,e2c7aa41c299a45244b67505e990a1d3,4869f7a5dfa277a7dca6462dcf3b52b2,2017-10-04 21:10:07,248.0,16.49
203a378a78cc26ef2e1bfd90a6d48a29,1,4910917f05092f331bf3a477f791cc01,3d871de0142ce09b7081e2b9d1733cb1,2017-10-04 20:28:25,19.9,11.85
2059d0da82b7b8d60f4a609d795bc9ed,1,7acd752914187cf1f698d82d5025595c,0c7533c71df861ec58ad7ff999ed0e8d,2017-09-18 18:50:13,39.0,15.1
206180d63bbc3cde4e902195b8493bad,1,423b46d7ff817b1cd19ab195c7b76546,6560211a19b47992c3666cc44a7e94c0,2017-09-12 04:30:52,55.0,7.78
2064a88a243add2e2cc03b9c6043e616,1,722dc14e0848efdb771dca6de2929c41,7178f9f4dd81dcef02f62acdf8151e01,2017-10-10 02:14:42,79.0,16.99
2075dec2fbf09cb75f0bfb8140aaea7a,1,c36f1190b3cb7fac6c7bc68483317029,dc8798cbf453b7e0f98745e396cc5616,2017-09-25 03:30:47,24.9,7.78
208f186df8ea1fa4fa3d2672752e9788,1,ebc5d9dbe580179bfd3d098c54748f56,d32e3909cfb714fb2a6cb092c85b9c5f,2017-09-14 02:44:00,116.9,21.31
2090a165b3666a70b271ccaa2fe64319,1,8934769521d632e65c27992662f05673,cb8bcce248bb1fb274ba762d8b971456,2017-09-29 18:30:12,149.9,17.49
20a518e7fbb9f9dd62b7ff6016f28d10,1,1b43b0a6105ffaa6dae01356daec2657,cc419e0650a3c5ba77189a1882b7556a,2017-09-13 04:15:30,57.99,15.16
20aea91835c11696daa9520693503694,1,d12a5178024ccefb3582170a9ab45a0d,5d3bb11474a06bdc23fb9e89f1164ee0,2017-09-13 10:15:17,356.8,27.34
20b4e5f6a0d8d1244c3c387e0f645ca3,1,34d6306314a47fe15c1efdbc23302020,229c3efbfb0ea2058de4ccdfbc3d784a,2017-09-14 16:03:21,69.0,8.11
20d442f17678c469edd1e02cd7da5e13,1,0efe972876d70927f5099b77f387c6c7,4a3ca9315b744ce9f8e9374361493884,2017-09-15 09:24:06,83.9,13.61
20d5211ad925caa21c6293ea560f9e97,1,4a96de21ccfb22ebe1c56992acbbd7fc,7a241947449cc45dbfda4f9d0798d9d0,2017-09-13 20:50:11,99.0,19.93
20e001ef9eed26db199b0b95f59512f9,1,b4693721011686a49e4b8fac4e527dde,1025f0e2d44d7041d6cf58b6550e0bfa,2017-09-29 04:32:20,38.4,34.15
20e001ef9eed26db199b0b95f59512f9,2,b4693721011686a49e4b8fac4e527dde,1025f0e2d44d7041d6cf58b6550e0bfa,2017-09-29 04:32:20,38.4,34.15
20e1fe47866114539324803e7f7547c9,1,afd664c19120c43a47e34fc71f982d86,3c7c4a49ec3c6550809089c6a2ca9370,2017-09-20 02:50:35,18.9,7.78
20eb7eeb96c1d064240b1c21ab810398,1,6413f7a28e149a324c4a914000399fb2,7a67c85e85bb2ce8582c35f2203ad736,2017-10-05 20:14:12,149.99,18.3
20f98e86c9187ac61473d4637f5b0c1f,1,64464a1e471ff30f71b31bad5d656f83,4200ddf1967c5e41e48db62bc6d4b5ac,2017-10-05 16:56:25,16.9,25.28
20f98e86c9187ac61473d4637f5b0c1f,2,d689618825d1a2151d263f5969380e0f,4200ddf1967c5e41e48db62bc6d4b5ac,2017-10-05 16:56:25,16.9,2.91
2108fe70e345b53ab2c93d76d7071265,1,431d674f9a4fbd0957ecf6ba3fcb6899,53243585a1d6dc2643021fd1853d8905,2017-09-08 15:35:11,335.0,36.15
211ca17a71bd09c0686507992a585d32,1,0eda6e310c91549299a2f97d0354f7fb,57e632711dec9ec14ca7546769483e7e,2017-10-04 15:04:53,104.0,15.48
212363bf0053733bdb8324a07cede4bc,1,5ac4f7986643a944501c66a2257bdd73,3df020b72d3d44b3af9d110fa3940b65,2017-09-13 14:35:10,49.9,16.11
212ce4538533ab322ea417619c2f627d,1,16007704980fa90718364a0dd747133e,431af27f296bc6519d890aa5a05fdb11,2017-09-14 16:10:12,129.9,18.16
2130b83c315c16dd6afd6c742c6ae4a2,1,1015bdc42b2ec0548e728cdc0ad72380,f5a590cf36251cf1162ea35bef76fe84,2017-10-10 04:35:17,810.0,54.69
214c5f0c9cd86a432fd1c37cf8b20328,1,9b9d1c4bd979b93c138044e032f99780,7a67c85e85bb2ce8582c35f2203ad736,2017-09-21 17:15:11,99.99,29.1
216237ddbe1a6f6a13a749e580ccf469,1,c3b9c5a3a88d5cd18800fb865741d9ad,37be5a7c751166fbc5f8ccba4119e043,2017-09-18 09:03:51,180.0,28.64
216a8b668866adcc7e2651ffa6c5ebcf,1,06f0e85c7892d5df893f332706340af1,3d871de0142ce09b7081e2b9d1733cb1,2017-09-13 22:30:11,179.0,18.5
216a8b668866adcc7e2651ffa6c5ebcf,2,06f0e85c7892d5df893f332706340af1,3d871de0142ce09b7081e2b9d1733cb1,2017-09-13 22:30:11,179.0,18.5
2179f6c7ed393f3abe065e8d69e7ed1e,1,3ead98d9c2d2523708d7c77be6fafcdf,d7b2377bae6ace1b11fc69a11900ac36,2017-09-12 09:15:23,89.9,14.38
217fa08ee792f84b2a3b3a84ee263b0e,1,4a300735bc293723103db0d0c1bc1585,6f892e20a171e98efe17fdb971ff319b,2017-10-04 01:07:08,70.9,15.94
218285f1805643f2d68bbec7c40c88a0,1,bb90206fa281c20f0b4c42a2393b54dd,e9bc59e7b60fc3063eb2290deda4cced,2017-09-20 03:05:55,199.9,14.42
21838957166e38f71ea42879c0a5c3db,1,3ab181ea2f9cc4be74bad27ef8a03492,4a3ca9315b744ce9f8e9374361493884,2017-09-11 21:10:12,259.9,18.53
21af19181b59fd603fd2c40717d3897b,1,094102aa6f9acae48f92eec22c02180a,57e632711dec9ec14ca7546769483e7e,2017-09-22 11:55:18,180.0,26.54
21c3341507027110a7485509b9fb63a4,1,331aad9546c608b3e97cee9f95c3b027,e5a3438891c0bfdb9394643f95273d8e,2017-10-03 19:49:24,20.3,8.11
21dcaddbfa9fae12149a7c46cb6590eb,1,dbc624bf17ad3fdf6f8e5737ad9bf1cc,e24fc9fcd865784fb25705606fe3dfe7,2017-09-27 18:04:39,183.0,9.03
21f7d9bdefa71a3a6edc8c9b7b733b47,1,c7fd13b5e515bffdab855d0812842edb,1025f0e2d44d7041d6cf58b6550e0bfa,2017-09-15 10:35:18,78.0,12.89
21f7d9bdefa71a3a6edc8c9b7b733b47,2,c7fd13b5e515bffdab855d0812842edb,1025f0e2d44d7041d6cf58b6550e0bfa,2017-09-15 10:35:18,78.0,12.89
21f7d9bdefa71a3a6edc8c9b7b733b47,3,c7fd13b5e515bffdab855d0812842edb,1025f0e2d44d7041d6cf58b6550e0bfa,2017-09-15 10:35:18,78.0,12.89
21fab12baaa93481ad76d02fa22255eb,1,4353af36fe588dc73497fa158ed6cefb,d1b65fc7debc3361ea86b5f14c68d2e2,2017-09-17 22:45:23,289.99,98.02
21fb84496c034392ca2aafe7f7919a3f,1,970920a8e74dbbac4bcae9119351d3b7,8e6cc767478edae941d9bd9eb778d77a,2017-09-21 05:04:41,6.99,37.9
223ef7962a63cdbd408657fad00148ab,1,8f3a1c2358138bedfb98645db449110c,fa1c13f2614d7b5c4749cbc52fecda94,2017-09-21 01:10:24,279.9,17.72
22403c79fdfa9d3b95764cef063e0e56,1,23e7b9a386cb15c0b5063bf0d45982a5,cb8bcce248bb1fb274ba762d8b971456,2017-09-13 18:44:01,65.9,12.59
225ea0d91610c70a8fa346b8953c75bd,1,0aabfb375647d9738ad0f7b4ea3653b1,37515688008a7a40ac93e3b2e4ab203f,2017-09-08 09:45:16,19.9,15.1
225f6489f45108e98290969c71097baf,1,f1c7f353075ce59d8a6f3cf58f419c9c,37be5a7c751166fbc5f8ccba4119e043,2017-09-27 03:30:27,157.0,17.81
2261b9c8d492c061b64df8558ae4543f,1,3373d1ed7bf5f3187f110c0e9e40a02b,fc906263ca5083d09dce42fe02247800,2017-09-21 16:23:37,39.9,15.1
2279e81e4cfd1c590ccbc2e0b9c1b90b,1,8c92109888e8cdf9d66dc7e463025574,0432ead42b6c8a0bdf68154add917fdf,2017-09-28 04:10:11,82.9,21.38
228854f82259e0bcba1d3a55fd6d955b,1,e68a5a5626c4b1bfc5ca78202f898300,7a67c85e85bb2ce8582c35f2203ad736,2017-10-05 17:24:14,199.99,17.65
228ea43b4cb2de5ddf965b65f05379ea,1,d34761aaa1f96394cd795fd65e9b68e2,4992e76a42cb3aad7a7047e0d3d7e729,2017-10-04 22:05:38,25.0,14.1
22aceb58bfd80959564e4b2ecd9ea0ef,1,1d6d7be70107889e3193819aca4dc1dc,4a3ca9315b744ce9f8e9374361493884,2017-09-20 10:30:25,48.9,16.11
22b6314011ec44222f024670a2c91929,1,ccadfeab525a9eb1569983b66e5075c4,33576ec5412fb5905d876f12f33bfde6,2017-09-29 08:43:55,79.0,14.3
22cf975c95f8d3ad3a2263e94f79182b,1,289dfe89bc0d1eb6bea5a0a3bde85552,259f7b5e6e482c230e5bfaa670b6bb8f,2017-09-28 04:05:21,54.9,16.63
22d17396ac4c177e0ea83929cd4f845d,1,83b00325c13c44245b2c3a2befa62a0e,ad781527c93d00d89a11eecd9dcad7c1,2017-10-03 14:56:18,159.99,57.79
23185987a928a964abc85b9dec1f39e2,1,010c79af51e82f60de174b6da6060c0a,45d33f715e24d15a6ccf5c17b3a23e3c,2017-09-28 15:44:36,87.9,9.36
2321c02e9006c158014df8d2e9b00225,1,53b36df67ebb7c41585e8d54d6772e08,4869f7a5dfa277a7dca6462dcf3b52b2,2017-09-28 12:50:11,134.9,26.22
2322d66af2e4fa6e3d854b5249ca9f6a,1,14dffa241a078aeaebaef48a49e807ca,fa40cc5b934574b62717c68f3d678b6d,2017-09-11 18:04:23,64.9,15.2
2323a467ad5a6329f413e1d14b240fcc,1,0a57f7d2c983bcf8188589a5fea4a8da,4869f7a5dfa277a7dca6462dcf3b52b2,2017-10-04 10:07:19,117.0,12.32
232b75e8b6faa6ca2063184414e634a7,1,952670bc019a73f0933157ec82ff6e4f,37be5a7c751166fbc5f8ccba4119e043,2017-10-04 03:35:03,159.0,21.95
233868ed9e2f9399d292289f27bc2993,1,af4c95f42ca8c56f8b0557650c11eb44,a3a38f4affed601eb87a97788c949667,2017-10-03 04:49:07,99.9,16.46
2346e1104a4b18a23e6dc6a87c2d1b8c,1,4eba76ab901d06e619d8d7ac69b3579a,c500367424994318b9e779ff1ae9a330,2017-09-08 02:50:58,89.9,17.07
23922a8d5cf1517d181d87c134bdb162,1,656e0eca68dcecf6a31b8ececfabe3e8,e9bc59e7b60fc3063eb2290deda4cced,2017-09-20 10:30:28,98.9,17.13
23922a8d5cf1517d181d87c134bdb162,2,656e0eca68dcecf6a31b8ececfabe3e8,e9bc59e7b60fc3063eb2290deda4cced,2017-09-20 10:30:28,98.9,17.13
23923af7b4df1da5db096c921e728325,1,ae5cad88462eb7b7b61401e31c45618e,ce27a3cc3c8cc1ea79d11e561e9bebb6,2017-09-15 19:30:17,15.0,11.85
23aeda90fa835596b6acd5fcaa2c3e7a,1,94db23ef7b9dfd4774a38942cee3e05f,21e83881401b92b49fb09a16d3852291,2017-09-28 14:35:09,329.9,70.46
23d69db9fe30226c8347963edcdf819c,1,24c66f106f642621e524291a895c9032,620c87c171fb2a6dd6e8bb4dec959fc6,2017-09-27 14:25:02,159.9,15.87
23e0d3cb5d2016d74c1d38af47f89fc5,1,7d50930301709838d8e90dcac5cfaa84,9616352088dcf83a7c06637f4ebf1c80,2017-09-14 08:03:49,59.9,17.99
23e3e258cb0914459e129f704d04733f,1,8c0794180bc059d1af097905d7352cfa,4ba52dfeba874da5b9ee7b17c7494f04,2017-09-19 21:44:43,99.0,25.14
23e7bb857c480aa4791ff2f7f2a5e151,1,35afc973633aaeb6b877ff57b2793310,4a3ca9315b744ce9f8e9374361493884,2017-09-24 21:04:21,89.9,13.65
23eaa9100d479846141e3105e949df27,1,a38b238734207eeb0388676235cf56ec,86ccac0b835037332a596a33b6949ee1,2017-09-25 03:33:36,128.9,38.04
23fd20c606c0ae3b6876eb309909e9ac,1,7b83c11ac78f11bde67542beb12e8163,431af27f296bc6519d890aa5a05fdb11,2017-09-28 18:55:19,54.9,16.14
241eac6a2fe8b2fafc77d48812dab23a,1,1ec486885049bbb9b79351d150ed18c4,cab85505710c7cb9b720bceb52b01cee,2017-09-20 09:05:43,49.9,14.1
2431f37c6b8654b085c5e96c606acd2c,1,6fca157ebcc1a1b76d529f8e32f2358f,ce27a3cc3c8cc1ea79d11e561e9bebb6,2017-09-13 00:35:26,39.99,7.78
245edde3bd6cdd0590cdfba00d88234f,1,9d8fa7002a036708c4cf8730214ad1b5,cfb1a033743668a192316f3c6d1d2671,2017-09-15 17:24:29,59.9,12.76
2463eaec66167230ee0c637e3598e2cd,1,32d16d374657488a491cf67b33d5fac5,fa1c13f2614d7b5c4749cbc52fecda94,2017-09-11 02:32:24,199.9,15.15
24642ed9b8393cd8355bcc2e7cc6e7ff,1,076e4ce53c8914382e7ff3732511b17e,59fb871bf6f4522a87ba567b42dafecf,2017-09-15 17:25:32,109.99,13.11
2464ea8c6303275c249579a480ad4f49,1,691e72a37278e33ac031c3976358446b,de23c3b98a88888289c6f5cc1209054a,2017-10-05 02:54:16,96.99,13.02
246a9d7800230417379948cfa3fa1f64,1,242edc6b84c00f0d48c664a020a92c52,6cd68b3ed6d59aaa9fece558ad360c0a,2017-10-03 13:35:33,54.9,15.14
247ba9f6a94558776b1ccd2d59ce8cb0,1,83a837a76c0753d44c7c12bcb1b96158,fc906263ca5083d09dce42fe02247800,2017-09-22 12:55:23,29.9,8.11
24848282f53cd38724e7f7e20bd4027b,1,8c591ab0ca519558779df02023177f44,a1043bafd471dff536d0c462352beb48,2017-09-14 14:35:16,120.0,38.36
249385a8a3fb6a8765bed08eaeef9919,1,32aeecc02aa5adcb7f75155a80a47836,55a5b51f93f2b70ea513f5a047b0262a,2017-09-13 03:04:12,128.7,17.38
249452100d5e229072c817e203bd28aa,1,0504d5c0f9b71510b2b0bee952e380fa,8a207b6080964f3c1fc9d35bd6096ba4,2017-09-27 12:25:19,234.9,78.93
249452100d5e229072c817e203bd28aa,2,0504d5c0f9b71510b2b0bee952e380fa,8a207b6080964f3c1fc9d35bd6096ba4,2017-09-27 12:25:19,234.9,78.93
2494ccfe0d97cff8d4d013ff250d6e3a,1,54df09a5996302d51d8c0d81cbcdce39,23d7c96d4a1160db1c726b248601b25a,2017-09-21 02:50:14,419.9,20.83
24a932502d06dc904c0af783af68fda2,1,b29c1183f3b20aa09c3c13ce0bf9996c,ececbfcff9804a2d6b40f589df8eef2b,2017-10-03 20:56:26,81.25,15.32
24b41566e32a4a737536859707517572,1,7fab1a1472fdd934397068931f63f3ca,3d871de0142ce09b7081e2b9d1733cb1,2017-09-13 02:50:24,69.9,16.25
24b4c4cdd87c3e1f9b31b96ea5422f22,1,5c0826f946c32406d5baa79544668b4c,f9244d45189d3a3605499abddeade7d5,2017-09-22 09:55:14,99.99,13.72
24c5d6cc9734ba1c383389ced0ea2ca7,1,06db40df51cce7cf21aaf53f8f8be312,e81e1f9c3e762e620f3fb60a51499e16,2017-09-28 14:45:06,150.0,15.8
24c6142a989e2c7774a57791c8cd449d,1,6f030babbca059aa3951ea26d5bbbe0d,7299e27ed73d2ad986de7f7c77d919fa,2017-09-15 00:35:22,49.99,9.46
24c6142a989e2c7774a57791c8cd449d,2,4baf15e171b06455c5cd23453db0cab3,45d33f715e24d15a6ccf5c17b3a23e3c,2017-09-15 00:35:22,53.49,14.18
24c6142a989e2c7774a57791c8cd449d,3,bf53d80c6cb1cbf63ba17e2175d521a5,c6bda72e4dbf5c5866b13cb1810c6d03,2017-09-15 00:35:22,119.9,23.64
24c62466418a240484d7c25dbc112222,1,88e2fc6c65d64b3edbf2cade16ea82d9,53e4c6e0f4312d4d2107a8c9cddf45cd,2017-09-14 14:04:29,42.0,17.6
24ca08f72cfb6368d09379321b78d6a6,1,1522a5bd5aab30ceb119c8fb8ec5a8f0,7b07b3c7487f0ea825fc6df75abd658b,2017-09-08 14:44:58,51.5,7.78
24d4bff2b51955551d358847eded0c52,1,ed000a9f9f04376551e24de254464c9e,17306570e772e7718c92a562d33f5f1d,2017-09-21 12:25:25,279.9,14.98
24d96d6845bf5f0eb587c745f06b871b,1,d017a2151d543a9885604dc62a3d9dcc,6560211a19b47992c3666cc44a7e94c0,2017-09-25 13:45:37,49.0,17.63
24dbd92c00bc26dd90a7bbd90f070517,1,a4aa7c1427c31344e5f7cc3d839fe562,66922902710d126a0e7d26b0e3805106,2017-09-21 02:50:23,110.0,33.22
24f092dedbece404a94beacda86c3a7d,1,4f3192a28c9da057319996e1502dc216,850f4f8af5ea87287ac68de36e29107f,2017-10-04 12:56:23,579.99,21.31
2502637317f775ba447bdb648a18f213,1,154e7e31ebfa092203795c972e5804a6,cc419e0650a3c5ba77189a1882b7556a,2017-09-22 19:35:17,23.99,14.1
25046cd9dd88041134abd808c4719a36,1,555aa4ac569b61d4ce5bf8b6565f49bb,8f78f0903005064036736c7173a5c2ed,2017-09-18 19:55:13,179.9,49.79
2504fffc2c378bdcd1a74f47fefd3a2b,1,3b88c6a09d4f61f0566c39ed139fb5e2,66922902710d126a0e7d26b0e3805106,2017-10-04 12:49:12,15.0,8.11
250fc7597b92f3bb967c2c0a6bd70e1b,1,995e25d9b46dee183004994645768d95,955fee9216a65b617aa5c0531780ce60,2017-09-14 19:50:12,60.0,8.72
2510edbe89c8a6619825946951fede44,1,c8467740c17bad8744006eb0e041f142,e24fc9fcd865784fb25705606fe3dfe7,2017-09-27 23:45:31,171.0,8.94
252a22829815d332157a9f3a8fe174e6,1,ef79ec374ba852bbced7662285946619,6560211a19b47992c3666cc44a7e94c0,2017-09-19 11:25:12,199.0,16.83
2537dc25ebd836a44792c49ab1914c7d,1,db2d715ce06590efca91eb47b8452d97,850f4f8af5ea87287ac68de36e29107f,2017-09-20 02:55:42,899.0,22.54
255027f86805cf2b3bb4e4982f0f236f,1,235e0d56841710b62daf088840a96ba8,1d8dbc4f32378d715c717c1c1fc57bae,2017-09-22 15:44:13,110.0,14.5
255ad076f0ef8eeeaf912d66df4c2a1c,1,a44d4702562f2bdae04d6f3d144fde5c,1838dd9b8977065acf51d95e0053ea7a,2017-09-25 13:51:35,139.9,45.66
255bd6d4c5976cfdabd42470596058f6,1,362b773250263786dd58670d2df42c3b,4c2b230173bb36f9b240f2b8ac11786e,2017-10-04 02:56:50,39.9,7.78
257ed982e3ae46f669bcc0f8bcbbac26,1,ef8856db4e302ad33dc4d91e40f7593c,dbc22125167c298ef99da25668e1011f,2017-10-02 02:11:25,97.9,17.94
2581504c87d229321f70e6850d332196,1,3cb35b42508b97cb50eb1f1090c9d719,093805f8f2aeb63881444571e1f48f30,2017-09-25 03:33:25,38.9,14.1
25913c4e9f83eb27225747d956516af8,1,d8f254be723da6488610b42935533b05,6560211a19b47992c3666cc44a7e94c0,2017-10-02 04:04:37,69.0,14.23
259b2f71f29e6e67c6c737bb11e9b0a3,1,2a2d22ae30e026f1893083c8405ca522,1a3df491d1c4f1589fc2b934ada68bf2,2017-09-25 13:25:13,159.0,21.6
259dac9ae7597d3dd6371ad21a6aa57b,1,5c3b598051f68e469d0ea40deb7fb904,e9779976487b77c6d4ac45f75ec7afe9,2017-09-14 05:10:51,30.0,15.1
259e9a3ad6d4f56fd550257b47ed152b,1,750a49a83f6ad13ccdf4a761309483f2,4a3ca9315b744ce9f8e9374361493884,2017-09-12 04:35:57,89.9,34.43
259e9a3ad6d4f56fd550257b47ed152b,2,750a49a83f6ad13ccdf4a761309483f2,4a3ca9315b744ce9f8e9374361493884,2017-09-12 04:35:57,89.9,34.43
259e9a3ad6d4f56fd550257b47ed152b,3,750a49a83f6ad13ccdf4a761309483f2,4a3ca9315b744ce9f8e9374361493884,2017-09-12 04:35:57,89.9,34.43
25aa51228f73fcd38cfebfe6e20edf6f,1,f92119d44c137a84ea866dc12df68407,b335c59ab742f751a85db9c411a86739,2017-09-27 08:35:11,98.99,13.71
25b951c1d074042d59f6545470172015,1,04ea63ab87df726ebf45c0982dd90a1f,855668e0971d4dfd7bef1b6a4133b41b,2017-10-09 04:23:41,52.99,8.72
25cdbf36318188d83d96f32a9236d1e7,1,99a5870492a7bc363e2098a4bca9d49d,82e0a475a88cc9595229d8029273f045,2017-10-03 10:07:10,207.33,17.7
25d054bcaafc7ed0a9b503a55ae9f2f1,1,19f0917ba5781b978298ffcd9ae225c1,43f8c9950d11ecd03a0304a49e010da6,2017-09-11 13:30:11,89.99,16.07
25e08e5a23ab24f86595aadbe50bc739,1,41594ae99a5916fee609489c289ca3a6,a3e9a2c700480d9bb01fba070ba80a0e,2017-09-25 12:30:12,95.0,17.92
260ae6dba7f42f9c5e74b4e76a922f08,1,cf02395ed36c61d5ce31bdecce9767a3,c9c7905cffc4ef9ff9f113554423e671,2017-09-18 06:35:12,159.99,13.46
260ae6dba7f42f9c5e74b4e76a922f08,2,cf02395ed36c61d5ce31bdecce9767a3,c9c7905cffc4ef9ff9f113554423e671,2017-09-18 06:35:12,159.99,13.46
260c8e4c9a29e56ae6ee21c449f6834c,1,f834c914dc444ad2b175ff2a6f1ee1c7,cee48807215b30a12ca2ca10ffb5f250,2017-09-21 14:04:20,199.9,14.79
2610d02cf7ff695863673e09146bdb67,1,d3c044bd42d84a79e3b0c42662806a48,4c2b230173bb36f9b240f2b8ac11786e,2017-09-28 02:15:23,25.9,15.1
2610d02cf7ff695863673e09146bdb67,2,d3c044bd42d84a79e3b0c42662806a48,4c2b230173bb36f9b240f2b8ac11786e,2017-09-28 02:15:23,25.9,15.1
2610d02cf7ff695863673e09146bdb67,3,d3c044bd42d84a79e3b0c42662806a48,4c2b230173bb36f9b240f2b8ac11786e,2017-09-28 02:15:23,25.9,15.1
2623ed35158b345e208f55f03565c1b9,1,f224370079eb16ba424c351739df1ad6,6d803cb79cc31c41c4c789a75933b3c7,2017-10-06 12:24:17,49.9,12.69
26285799693768c960e1c2c70e017654,1,e936308f97d9eea5a750bea27dcfc6ec,4ebdc7e6cd6102a022dadc49156d4ea8,2017-10-04 02:56:15,39.9,14.1
262b756fedea5f6b366d4b2502305836,1,3cb35b42508b97cb50eb1f1090c9d719,093805f8f2aeb63881444571e1f48f30,2017-09-27 22:55:18,38.9,8.72
2640506a4584f571430195e2fa215406,1,e0c47a145f4748e4d7a418502d65aa35,b2ba3715d723d245138f291a6fe42594,2017-09-08 15:45:34,449.9,140.18
2656fd6fdbfe33c6421cb390eef1a73b,1,ca38c039b717207dec906f4fa9a21db7,44073f8b7e41514de3b7815dd0237f4f,2017-09-07 22:35:22,187.0,18.88
2675ecabc45ddcd345d336466c416b34,1,c60d6fe365c9718c407170dd8a8223c3,cca3071e3e9bb7d12640c9fbe2301306,2017-09-29 12:44:11,161.5,43.54
2683346722c6565c6c79e08c8264f25f,1,7ab3f33e0baeb7d996e1f95d25acc003,cfb1a033743668a192316f3c6d1d2671,2017-09-14 11:55:13,88.9,17.87
269fb3a37e10ad284ed9ca4a34c32d09,1,5dbf50af9485478b933f1028e108640d,582d4f8675b945722eda7c0cb61ba4c7,2017-10-02 22:56:15,5.99,16.11
26a14aeb2410adbbf74a72c4ef0c8ae3,1,404a57563d487aecbc2b1a01d9b89aab,4a3ca9315b744ce9f8e9374361493884,2017-10-05 20:11:27,220.0,38.68
26a14aeb2410adbbf74a72c4ef0c8ae3,2,404a57563d487aecbc2b1a01d9b89aab,4a3ca9315b744ce9f8e9374361493884,2017-10-05 20:11:27,220.0,38.68
26a14aeb2410adbbf74a72c4ef0c8ae3,3,404a57563d487aecbc2b1a01d9b89aab,4a3ca9315b744ce9f8e9374361493884,2017-10-05 20:11:27,220.0,38.68
26a14aeb2410adbbf74a72c4ef0c8ae3,4,404a57563d487aecbc2b1a01d9b89aab,4a3ca9315b744ce9f8e9374361493884,2017-10-05 20:11:27,220.0,38.68
26a4525518bf2e891e2cdffef0742346,1,24c66f106f642621e524291a895c9032,620c87c171fb2a6dd6e8bb4dec959fc6,2017-09-26 17:24:19,159.9,15.87
26a95c7a47327bed47c5651221bfcb18,1,46b173c179c7e6904a5728959bee5b3a,7299e27ed73d2ad986de7f7c77d919fa,2017-09-18 19:50:24,160.0,16.88
26da4fbffcbe7dcaf4e1857417920b43,1,fecf6223a3494f35362f670e571d2a04,3db66a856d18a9cba7c9241fc5221c50,2017-09-26 09:25:24,69.9,16.25
26fa398f7231045a2898e0c704f6a4be,1,68bf40b3abd5ffc25981c25df9ed9087,3d871de0142ce09b7081e2b9d1733cb1,2017-09-18 04:44:32,75.0,17.78
272edf81c6d2434e61f4e15520a0512e,1,9a803c36a15de3fd981f42c0e4cabdea,c3cfdc648177fdbbbb35635a37472c53,2017-10-05 09:24:59,169.9,17.67
273ca519104461b29b7e89ebad868563,1,f1a8bffda7d8b34bd9c6d58f1ca415aa,c3867b4666c7d76867627c2f7fb22e21,2017-09-28 14:44:44,645.0,35.26
274a6079c2d1a10fac2e7e0154ebf4d8,1,f71156bb4025fc2944b25e8b6f0efec8,b4ffb71f0cb1b1c3d63fad021ecf93e1,2017-09-14 16:45:35,100.0,16.46
278c629504a0d7a99a3bd4da3f061141,1,9ddc4249779322828f89d2a9c04f7ee1,9d5a9018aee56acb367ba9c3f05d1d6a,2017-10-02 22:07:13,112.33,25.34
2791f136b9474da2f7f56a8366675b0e,1,7b35be468d9795a7529f65c50ec87668,7e93a43ef30c4f03f38b393420bc753a,2017-09-22 15:44:06,645.99,16.86
279a913334ec7a5075f8d31c6a669f05,1,371fa349d92646bbeea5873df0bcdc5a,4830e40640734fc1c52cd21127c341d4,2017-10-05 15:14:21,39.0,15.11
27a22bb13b2fc366ab20226479a22f5a,1,77d3c6966d712652953a0ddc6e6f24ea,dc4a0fc896dc34b0d5bfec8438291c80,2017-09-26 20:15:18,59.9,15.17
27a6325c93e53bfae0a9b94bc263293f,1,0a997c3c894c98d4e3def0e83124c9ba,744dac408745240a2c2528fb1b6028f3,2017-09-14 16:23:56,498.0,18.25
27c666cbe2691774436144c46aefe216,1,b2f041d29dd572b298f0f74de6297b6d,46dc3b2cc0980fb8ec44634e21d2718e,2017-09-27 14:45:43,159.99,14.87
27c9a7fc93005e3344a0c1ffa6f931e2,1,dd768d259ee6054e0dadd66c8e2be0b6,1900267e848ceeba8fa32d80c1a5f5a8,2017-09-22 10:35:17,29.99,15.1
27cd425460b501230b37206f151711a6,1,6416e0ecd625ef4adf18658a9aca2e10,620c87c171fb2a6dd6e8bb4dec959fc6,2017-09-27 19:05:42,39.9,16.11
27dc63ff0d925a8edb761ba595e543ef,1,c384e8f1f1c380ef1dbafaf080ba25fc,33ac3e28642ab8bda860a2f693000e78,2017-10-02 15:28:16,89.99,8.82
28037715728a348c84215e5db015de7e,1,4c1fdadeda244374699fdc31917e5b34,3d871de0142ce09b7081e2b9d1733cb1,2017-10-05 15:56:17,168.0,32.21
281c358f0dcde9783e899cfe62c1097f,1,65ae1951caecbb80c7d5e2e662ddb0dc,955fee9216a65b617aa5c0531780ce60,2017-09-26 12:38:51,69.0,16.11
281f470497aa1a0af6a1d6024b3eba93,1,59bcfc096cb9fa35b5c5294582c78486,5ab05b6d86d417796c69ffd6774ec832,2017-09-15 16:50:18,199.0,26.23
2823892eb5b11e8006c23b01b51ea5e9,1,bb7181410b4e02f93f3697f765db53c7,855668e0971d4dfd7bef1b6a4133b41b,2017-09-11 22:23:54,109.99,27.21
28261c529e96c64f072a17b839812d63,1,b9adb834b99082140e354bdd3bda7eb5,cca3071e3e9bb7d12640c9fbe2301306,2017-09-22 15:50:26,66.29,12.48
282686455b246232083e072582e4c390,1,78f5f8f4547e4be0449bce34eb0557f2,82e0a475a88cc9595229d8029273f045,2017-09-26 02:40:19,99.8,16.46
28598ad2a5574e7033f5b0e51c30f6d3,1,c7182d82bf8681373385017d2b516bd6,69a43819c758c65a5befb0b471c954d7,2017-09-21 20:55:14,99.95,42.73
28598ad2a5574e7033f5b0e51c30f6d3,2,4b7460bb7ecdf2e9177bdf7bec466a4a,69a43819c758c65a5befb0b471c954d7,2017-09-21 20:55:14,99.95,42.73
2863995f5da2bd8866dc8830507be94f,1,bbf76ccd9b620fb13136c95bc5adb5da,dc4a0fc896dc34b0d5bfec8438291c80,2017-10-05 14:07:26,307.58,44.38
286f1870198ca5f7249774729bb46a45,1,37688aa1d7a6026150febae63af9f98a,6338ea67c41078a46ad99cc009654956,2017-10-05 15:50:49,59.9,16.86
287c462ead09774c011914051703ece9,1,542b3d80712d51eefe3a3cd1c5f4e8fe,537eb890efff034a88679788b647c564,2017-09-21 15:27:57,42.9,14.1
287ff4320b900d78a8b1a4f1b9cf32b4,1,e9c1abcc7126360336d8f56d49041a8c,679769a98cfcc6da877c8486ff1c13f3,2017-09-11 15:36:55,349.0,18.2
289cbae847c6623b3a488df45f472c66,1,35afc973633aaeb6b877ff57b2793310,4a3ca9315b744ce9f8e9374361493884,2017-09-27 22:48:18,89.9,17.88
28b219f462742fe93f57a52d18b67612,1,793ee3bd01e3ecec7ab94aed9aeee415,9c0e69c7bf2619675bbadf47b43f655a,2017-10-05 02:28:31,179.5,18.83
28bc142035cc9a8ee9aa0288221ee056,1,141bfc7707c259668ab7d5c4017dce4a,3d871de0142ce09b7081e2b9d1733cb1,2017-10-02 14:25:14,20.0,11.85
28c82a8f08d843332818f4f2673e0128,1,e0d64dcfaa3b6db5c54ca298ae101d05,4869f7a5dfa277a7dca6462dcf3b52b2,2017-09-11 22:23:55,179.9,16.01
28e0151b51b38a4a0d48b6a3a430d9ae,1,54b755678728b84472c2b654ac4de777,a3dd39f583bc80bd8c5901c95878921e,2017-10-03 02:56:33,52.0,21.16
28e418b320f6b759b6aea79734f165e5,1,fb8c11da2e1b1634e879d1c3c6762dc2,53243585a1d6dc2643021fd1853d8905,2017-09-08 15:24:04,850.0,35.36
28e418b320f6b759b6aea79734f165e5,2,fb8c11da2e1b1634e879d1c3c6762dc2,53243585a1d6dc2643021fd1853d8905,2017-09-08 15:24:04,850.0,35.36
28e69219369607a9fc2403113041677c,1,672e757f331900b9deea127a2a7b79fd,e59aa562b9f8076dd550fcddf0e73491,2017-09-28 14:30:11,398.0,25.66
28e69219369607a9fc2403113041677c,2,672e757f331900b9deea127a2a7b79fd,e59aa562b9f8076dd550fcddf0e73491,2017-09-28 14:30:11,398.0,25.66
28e78b16d448f216559b2cdf366e6850,1,4e5e41fb7d296a6f776c63fee5cb9fac,7e93a43ef30c4f03f38b393420bc753a,2017-09-25 07:44:06,589.99,18.89
28f3f76a069124ea37b2e0c43408ae47,1,50e1b118f266b655f613f753914c42db,1835b56ce799e6a4dc4eddc053f04066,2017-09-12 23:15:10,39.99,5.2
28f3f76a069124ea37b2e0c43408ae47,2,364e789259da982f5b7e43aaea7be615,1900267e848ceeba8fa32d80c1a5f5a8,2017-09-12 23:15:10,39.99,26.01
2904d3ae0064e840ffb4798ba4a12ae3,1,422879e10f46682990de24d770e7f83d,1f50f920176fa81dab994f9023523100,2017-09-20 02:50:22,59.9,13.44
2909656d933b72ba8b3fcf38fad83c4d,1,bb7181410b4e02f93f3697f765db53c7,855668e0971d4dfd7bef1b6a4133b41b,2017-09-14 21:50:07,109.99,27.21
290d464dc4d780ddcd120552cf21c640,1,d3c044bd42d84a79e3b0c42662806a48,4c2b230173bb36f9b240f2b8ac11786e,2017-09-28 15:30:18,25.9,7.78
29151dfe1230f3ba25895f717989adaa,1,98b22c1129886cbd7fcae69d1c93e442,da8622b14eb17ae2831f4ac5b9dab84a,2017-09-20 22:10:08,89.9,13.65
2923b36af2aa3dcb5925e03a21fc2da1,1,7fab1a1472fdd934397068931f63f3ca,3d871de0142ce09b7081e2b9d1733cb1,2017-09-12 12:10:30,69.9,16.25
2929e8208718655c26082e7331ef49e4,1,54e5939fcd9ae70ad0f59f612d6d29bd,48436dade18ac8b2bce089ec2a041202,2017-10-03 12:49:41,42.9,44.2
293195bcdbd978c21b548c48185374a7,1,f205a345ee16cad441a50241e820286b,7142540dd4c91e2237acb7e911c4eba2,2017-09-25 16:10:18,59.9,13.44
293ce7e1d3220058be631162721ba82f,1,334995514673fb6bae67885458b52984,53e4c6e0f4312d4d2107a8c9cddf45cd,2017-09-21 23:20:41,16.55,15.11
294a004bc4c2a5e3d9404a213164afe1,1,4601231c3480315049971ea0a61d3839,6560211a19b47992c3666cc44a7e94c0,2017-09-12 21:43:28,79.0,15.3
2950c71359ad6e41415903d763381882,1,be3eb52ad733d7f7fff631a0cad35e81,522620dcb18a6b31cd7bdf73665113a9,2017-09-18 21:33:17,165.2,18.73
2961944c535cdf9a35710b3296931c78,1,5e53d7f0369429a1b28ef093a15f7509,7b1222c3624aa89b9558b50a2594188c,2017-09-15 04:44:27,689.9,40.15
29657e8789b3a8efaefcdf79a439baad,1,7276b9bd8445d938495e0f0736b3a2ba,014c0679dd340a0e338872e7ec85666a,2017-09-14 19:05:32,589.0,93.35
2965ef8e9b42fd941f044c6b197246f5,1,6e86c76c9073070701739dc4fae68a6b,1025f0e2d44d7041d6cf58b6550e0bfa,2017-09-18 11:04:29,108.0,23.34
2974064c396f0496d1eba4b3c49cd772,1,c96053e7cbc380ec931f23d085702ff8,3dbbce181edfaa4a597ec858c382d2ec,2017-09-18 15:15:14,29.9,25.38
29a9f2a2f7faed6b3457f5325e7d14cd,1,b236c1de644bb816707f6b60164701c7,7299e27ed73d2ad986de7f7c77d919fa,2017-09-29 11:30:29,90.0,25.91
29b354bf7c5d99aba28b180fa56a2aef,1,0dcbc0d012d42719216ea7dff6b90a6f,46dc3b2cc0980fb8ec44634e21d2718e,2017-10-03 09:24:51,199.99,17.65
29c6b96c5e696a196f1506078a1346cf,1,6ae3f85f46a37844372252496c77b4d8,53243585a1d6dc2643021fd1853d8905,2017-09-12 04:36:00,180.0,22.06
29cd5bdaa8ca1890a2688d40839043c1,1,b5c4801466295e45d80d659858124b4f,5dceca129747e92ff8ef7a997dc4f8ca,2017-09-07 22:07:01,778.0,114.9
29eb6d873f1087b4afd226c0abc162a4,1,1c63d0a4d75df524d4605a43285925d7,45d33f715e24d15a6ccf5c17b3a23e3c,2017-09-14 17:50:35,53.87,12.72
29f95ab000e30a2a4dbeedb73c7357f2,1,595fac2a385ac33a80bd5114aec74eb8,058fd0aa2bfdb2274e05e1ae971dabb6,2017-09-22 20:55:17,142.5,9.19
2a18b3d0f12775db98aeb028d0e388da,1,1c9b5793de6c3d9117b6218552c87a8f,3c7c4a49ec3c6550809089c6a2ca9370,2017-09-21 14:35:11,13.99,14.1
2a28f1cc22bf3914a246fdbd73d9845a,1,525947dbe3304ac32bf51602f9557c12,da8622b14eb17ae2831f4ac5b9dab84a,2017-09-11 17:04:35,119.9,12.64
2a28f1cc22bf3914a246fdbd73d9845a,2,14081f2d6a3ce46cfa9d852c9b1b92ba,da8622b14eb17ae2831f4ac5b9dab84a,2017-09-11 17:04:35,149.9,15.28
2a33fbcf408a5e7ff0383d4b0daa7f77,1,2fa5da96109ea94cc9fb50cc589ed65e,86ccac0b835037332a596a33b6949ee1,2017-10-04 11:25:04,129.9,25.75
2a3f52618a2541b6997d83522977cac2,1,386eebb43722ab502f04f7900bd2451b,8b28d096634035667e8263d57ba3368c,2017-10-03 03:37:42,57.9,11.91
2a463210d1a9df13867520674e9358dc,1,0b5c0ecd14105464e2b879a307092e3f,dbc22125167c298ef99da25668e1011f,2017-09-14 04:50:06,48.9,17.6
2a4a61e33c241879042d95af560f9bd0,1,17955d2806f5d00146744b206f2dee1a,b8d890108a7a80e4f5d59eea9f362438,2017-09-13 02:55:43,29.9,15.11
2a63765c400304a82efd12bd16d8f1d4,1,a1e247b4cedaed462f50049a633345da,5cbbd5a299cab112b7bf23862255e43e,2017-09-20 22:45:39,60.0,7.84
2a63765c400304a82efd12bd16d8f1d4,2,8a26f391ab8b209f67d87dd358f6f004,cb9fb4ca75d7ba8437480e8dde64fe98,2017-09-20 22:45:39,46.98,26.12
2a63db5c526afb1ee1c53ef2ba5dad2c,1,4611bb7e0ac415d6ae411925356bc93a,ea8482cd71df3c1969d7b9473ff13abc,2017-09-15 14:23:36,24.99,15.1
2a706489eee816fe6f5bfe2298c51840,1,b441e652e4d7e9905e1d2734a908e021,76623fde66e6b63b59440fd34160512d,2017-09-08 12:10:16,29.9,7.78
2aa91108853cecb43c84a5dc5b277475,1,44c2baf621113fa7ac95fa06b4afbc68,3f2af2670e104d1bcb54022274daeac5,2017-10-18 10:07:16,179.0,14.98
2aec6692fda08fb7a050a161ea7eb59c,1,bdb4be6ce2f7f2b5be0a16088028c7fc,955fee9216a65b617aa5c0531780ce60,2017-10-06 10:50:58,85.0,16.22
2af6a9d6406504aa92a844c413551a60,1,83dc3ac4a306a4d891b211d29ed774db,4992e76a42cb3aad7a7047e0d3d7e729,2017-09-14 23:23:22,39.9,9.34
2b02b803da2669d8124f759b338c3b4c,1,dc881ef926ca402063ea142afc83874c,7aa4334be125fcdd2ba64b3180029f14,2017-09-07 22:30:18,89.99,17.88
2b0cfc334d86942657ef40ce2d07ee9c,1,f9b1795281ce51b1cf39ef6d101ae8ab,3771c85bac139d2344864ede5d9341e3,2017-09-18 04:44:26,39.9,9.94
2b101e802b6712f2fc129966a2c518fd,1,8b2e2ee3c4042bdb5b3c5fa6b8663b33,e06f09ec0a4aca210779cf1cfc63cf19,2017-09-28 16:04:41,69.9,17.74
2b1ca6788df941cfecc7eb4ccde855e5,1,6bd248f93425ceeb625a8a97e2404112,dbc22125167c298ef99da25668e1011f,2017-10-04 20:28:24,52.9,14.1
2b1d7ce076791a6c43b897382a7b7ab1,1,99a4788cb24856965c36a24e339b6058,4a3ca9315b744ce9f8e9374361493884,2017-09-07 21:50:20,89.9,16.26
2b37d2f506ce5ca2dfa10f9ba271e609,1,b0961721fd839e9982420e807758a2a6,1f50f920176fa81dab994f9023523100,2017-09-08 13:45:10,59.9,13.44
2b37d2f506ce5ca2dfa10f9ba271e609,2,b0961721fd839e9982420e807758a2a6,1f50f920176fa81dab994f9023523100,2017-09-08 13:45:10,59.9,13.44
2b37d2f506ce5ca2dfa10f9ba271e609,3,b0961721fd839e9982420e807758a2a6,1f50f920176fa81dab994f9023523100,2017-09-08 13:45:10,59.9,13.44
2b3a2f59d27e42fead9c97284c2b4b25,1,5bfc7506459ae2a7b4b573fe557a58e1,4a3ca9315b744ce9f8e9374361493884,2017-09-13 23:35:38,69.9,12.83
2b4b69b119c4446626f617bd54ff3147,1,c7c99e372ec2f873701c20e3a00ff29c,7d76b645482be4a332374e8223836592,2017-09-12 18:44:08,16.9,21.15
2b65647aa9ac9b98dda58d6964296443,1,61937887eb6ee0b405a5759756426486,bba3293d6f5d5af2f415e004e8b93ae3,2017-09-15 17:25:21,790.0,20.29
2b6eacbae341dd75d4c44babb566be08,1,e3d56b75987accb32f776ba6c710913e,bd4889b5e9133b35b66e42a8665cea5c,2017-09-14 16:25:42,100.0,17.95
2b745ccd6f667dcd824b9ab05352b0dc,1,a52c53c58fd2105adfe80a817dfa5a76,3b15288545f8928d3e65a8f949a28291,2017-09-11 22:50:11,106.99,18.0
2b7a74de7a07d7c71956b675cd98116b,1,a2a91fe6d8762e0371abd964cef88ec6,4992e76a42cb3aad7a7047e0d3d7e729,2017-09-24 22:25:37,25.0,15.1
2b7ff61de3856030163a52dabe720d2d,1,92d9e76c3678dc402b5d1a49f1ccc7f2,004c9cd9d87a3c30c522c48c4fc07416,2017-09-21 19:04:11,117.99,23.7
2b83df43770dbcfe61c406dfc453068c,1,efcfadc44ef59e03e6b3875e403d59d3,dc4a0fc896dc34b0d5bfec8438291c80,2017-10-11 04:14:15,118.58,16.59
2b87a0e7f47bf0c58a291e0ddb173774,1,1612209b0b37fbe80e1e8e1b7d19ca1d,87142160b41353c4e5fca2360caf6f92,2017-09-11 14:25:10,99.0,17.94
2ba8e97c85cad12aa29c88686dc08792,1,f7a17d2c51d9df89a4f1711c4ac17f33,f8db351d8c4c4c22c6835c19a46f01b0,2017-10-05 02:33:24,52.9,15.12
2bac4f3e8f31c3174e87367649517359,1,2ec3bf1b93f25ee7d82b0f49c5d5927f,c3cfdc648177fdbbbb35635a37472c53,2017-09-19 16:43:58,180.0,17.51
2bb6b9ebbb0ae5423d46be8e62e09538,1,b0961721fd839e9982420e807758a2a6,1f50f920176fa81dab994f9023523100,2017-10-03 09:49:46,59.9,17.67
2bb6b9ebbb0ae5423d46be8e62e09538,2,53759a2ecddad2bb87a079a1f1519f73,1f50f920176fa81dab994f9023523100,2017-10-03 09:49:46,59.9,17.67
2bb6b9ebbb0ae5423d46be8e62e09538,3,53759a2ecddad2bb87a079a1f1519f73,1f50f920176fa81dab994f9023523100,2017-10-03 09:49:46,59.9,17.67
2bb6b9ebbb0ae5423d46be8e62e09538,4,b0961721fd839e9982420e807758a2a6,1f50f920176fa81dab994f9023523100,2017-10-03 09:49:46,59.9,17.67
2bb6b9ebbb0ae5423d46be8e62e09538,5,b0961721fd839e9982420e807758a2a6,1f50f920176fa81dab994f9023523100,2017-10-03 09:49:46,59.9,17.67
2bb6b9ebbb0ae5423d46be8e62e09538,6,53759a2ecddad2bb87a079a1f1519f73,1f50f920176fa81dab994f9023523100,2017-10-03 09:49:46,59.9,17.67
2bcf1f79964f8b4f4f62f19441601b1a,1,a5215a7a9f46c4185b12f38e9ddf2abc,53243585a1d6dc2643021fd1853d8905,2017-09-08 02:55:07,1200.0,51.7
2bf72423c933e87360d57c946d11877b,1,9fc0c73ce4d0eaaead44e81eeefebeb0,c3867b4666c7d76867627c2f7fb22e21,2017-09-08 11:15:16,68.0,11.98
2bf7d37aa300bef762cb89e61ac0195f,1,3b37da20f1b1b8d79065208761003a69,8b28d096634035667e8263d57ba3368c,2017-09-25 11:30:22,19.9,15.1
2c03309b2a52be289e66346a5da41209,1,bf6e9b07b37b073afbd4420d91518a9b,53e4c6e0f4312d4d2107a8c9cddf45cd,2017-10-09 06:35:03,43.0,16.6
2c0b15f658bd85594b7943de2c9719fa,1,d1c427060a0f73f6b889a5c7c61f2ac4,a1043bafd471dff536d0c462352beb48,2017-09-18 14:35:38,149.99,72.18
2c12a0b42917704f04946e4ac2cfe69d,1,7912d0573817374a39cce127b79c4863,05ff92fedb5be47920fea08e501238b9,2017-09-13 16:10:16,51.2,16.8
2c2c8f9fa930b610e7d6033fcedf581e,1,ac3a18cb748cfa51f5b61945ff693d91,f27e33c6d29b5138fa9967bcd445b6d5,2017-09-21 03:06:03,74.9,15.27
2c3ca3f1309ac4dc9e380810f4f65e46,1,2078312a2dcf1fcd8a38eabcf5dd033a,30a2f535bb48308f991d0b9ad4a8c4bb,2017-10-04 02:56:29,49.9,15.1
2c5062288b23a8e2573c428a2a3d1837,1,c6ea63369936552872ae890c82175b4b,37be5a7c751166fbc5f8ccba4119e043,2017-10-02 08:45:11,158.0,32.55
2c5797ccf0b3bf61a051628659a6d535,1,b5e13c9a353102f79c6206ff5cb61a50,a49928bcdf77c55c6d6e05e09a9b4ca5,2017-10-02 08:28:12,79.9,20.96
2c648e5080cc33426153580987a3494c,1,8208cccf98834da587d0ba8a9aea28d7,f4c4daa86e30c7e5a553a8d518ac03a5,2017-10-03 23:49:18,402.9,17.57
2c67561120ceec16df8e4b5753e23193,1,6c3effec7c8ddba466d4f03f982c7aa3,37515688008a7a40ac93e3b2e4ab203f,2017-09-12 04:24:34,19.9,11.85
2c6909e9d8d1f642b6c8126f985146d0,1,a50acd33ba7a8da8e9db65094fa990a4,8581055ce74af1daba164fdbd55a40de,2017-09-21 13:44:14,117.3,32.26
2c833074fc9fbb5d8c24ec212ce02bff,1,418d480693f2f01e9cf4568db0346d28,12b9676b00f60f3b700e83af21824c0e,2017-10-09 04:07:18,159.0,60.28
2c85015afa7245242d2f751099dd70e0,1,edfbb2566914ddd223d3bd6fa1e9693c,8b28d096634035667e8263d57ba3368c,2017-09-25 11:20:16,304.9,16.88
2c9ef60013a5ee6a831360e3d98c9c0d,1,0f6e2c3bbb97980782ed6cb1506f5d95,1caf283236cd69af44cbc09a0a1e7d32,2017-09-21 02:15:14,26.9,9.54
2ca68e6f3682ab0ee4ae0c4f069772d7,1,cce3ce6484896041ae3dafdd4308a39c,7ddcbb64b5bc1ef36ca8c151f6ec77df,2017-10-03 03:35:02,1004.99,29.35
2cfc5ee5cb1e43d70d3dd6f28b2b50d9,1,de845f191115e91fadc9624c144488c7,87142160b41353c4e5fca2360caf6f92,2017-10-03 15:33:09,279.0,33.28
2cfc5ee5cb1e43d70d3dd6f28b2b50d9,2,de845f191115e91fadc9624c144488c7,87142160b41353c4e5fca2360caf6f92,2017-10-03 15:33:09,279.0,33.28
2d2eb6ad8cd92fe5705aa4866685cb95,1,bd6e6fce9ada76ea2db0f1912e8e478f,1835b56ce799e6a4dc4eddc053f04066,2017-09-21 12:24:22,56.99,11.9
2d2fb7b68e6fcaf93fec6584b0937c52,1,6a1a04054158fe995e1688d8f79605b2,9616352088dcf83a7c06637f4ebf1c80,2017-09-27 17:30:24,59.9,13.44
2d3dbe1773426d039d73770335867829,1,32ad146ce66014dd98fdc2190bc995d6,b6dc74ed30f124f95227bed4e43a3bed,2017-09-21 10:25:41,33.8,12.48
2d41f565da57c810b338c40361477c5f,1,13e144085fe0add29464aa5571df855d,f45122a9ab94eb4f3f8953578bc0c560,2017-09-14 09:25:12,189.99,18.58
2d472b4b2d08108565852ca0782507f2,1,d6160fb7873f184099d9bc95e30376af,53243585a1d6dc2643021fd1853d8905,2017-09-21 00:20:20,1649.99,40.96
2d62ae6267e4fadef5b636987094dd99,1,8c1af0f9f41be02ab50d309e6d634c26,7142540dd4c91e2237acb7e911c4eba2,2017-09-13 09:45:38,59.9,17.67
2d6c9f00e3d35a0f4e742fff1191d675,1,6a1a04054158fe995e1688d8f79605b2,9616352088dcf83a7c06637f4ebf1c80,2017-09-21 12:30:18,59.9,17.99
2d87139784a415f78f9735efcf693157,1,777d2e438a1b645f3aec9bd57e92672c,4a3ca9315b744ce9f8e9374361493884,2017-09-19 00:50:53,69.9,17.74
2da3f67af1db377e56dc9a07b969c9aa,1,50b671fa06a05828948cd518088eba27,855668e0971d4dfd7bef1b6a4133b41b,2017-09-20 02:55:30,20.0,9.34
2da624174ee4d329c69272718b2ba558,1,c9c455f9fd8ca66d3ff7f90a249753b4,96804ea39d96eb908e7c3afdb671bb9e,2017-09-25 03:36:52,109.95,27.31
2da6ebf3d4e564ca7ed21893aa78d820,1,2d0bbec441acd48f8b643a07dd326281,7202e2ba20579a9bd1acb29e61fe71f6,2017-10-05 09:28:16,174.9,15.97
2dae77f82d0fb01696161694e6db31bb,1,acdb0f19ecde303b46ede05c270ad40d,3bdff180c7e1f6551a643b99c265a120,2017-09-19 03:25:10,16.9,16.79
2dc3a1303e348a49718ef4a190d14eb8,1,b57635031fff59d59857f6e0a18616c1,dd533b429f380718b70ad9922c294bae,2017-09-20 08:15:20,42.0,47.79
2dd08b72f1dfc49c74883302437e6f6d,1,6d43aa08ee344527fc3e86b90cfd2379,3d871de0142ce09b7081e2b9d1733cb1,2017-10-03 20:14:18,99.0,13.71
2de6bd1e34af702eb3e73c1047807cda,1,45a6892a98568b366b52ffeec9a03691,6f1a1263039c76e68f40a8e536b1da6a,2017-09-22 00:50:09,34.96,15.1
2de6bd1e34af702eb3e73c1047807cda,2,45a6892a98568b366b52ffeec9a03691,6f1a1263039c76e68f40a8e536b1da6a,2017-09-22 00:50:09,34.96,15.1
2de6bd1e34af702eb3e73c1047807cda,3,45a6892a98568b366b52ffeec9a03691,6f1a1263039c76e68f40a8e536b1da6a,2017-09-22 00:50:09,34.96,15.1
2de6bd1e34af702eb3e73c1047807cda,4,45a6892a98568b366b52ffeec9a03691,6f1a1263039c76e68f40a8e536b1da6a,2017-09-22 00:50:09,34.96,15.1
2de8870a0b861a9ff5ccb128784abf2e,1,9048cbd294fe0c1a3ec8c8248bc2cadd,6d66611d7c44cc30ce351abc49a68421,2017-09-08 00:25:43,84.9,13.61
2de931311a1cb3001070a6c567124301,1,f7bb503725fb4d7bb55301d5bceba728,55a5b51f93f2b70ea513f5a047b0262a,2017-09-21 13:35:09,99.7,17.14
2e24930adf68f4ce65ad35e0f23f08ee,1,9165e7a5f9ef266f66ca19a816cdc657,48436dade18ac8b2bce089ec2a041202,2017-09-14 13:50:08,132.9,53.29
2e2b499ad1ed9178bdd1cdb83f3f6000,1,82e4ad16521ca131d95e198d507db370,128639473a139ac0f3e5f5ade55873a5,2017-09-08 10:25:43,18.9,12.48
2e3e34bd9284d4ff8e51142c7c70d144,1,3ac29f1f25166dcc60b97e65d9a5885c,440dd6ab244315c632130ecfb63827b1,2017-09-27 10:30:22,139.9,16.74
2e444ba1fd25a9eafb09a719e65b5421,1,aa995bbfcf2da055bed670f7282f90d8,7a67c85e85bb2ce8582c35f2203ad736,2017-09-18 14:04:29,57.99,11.73
2e5e827b80515bc21c042a5181e32ec5,1,b8762d562d810c2f8d7ad7e9c12957be,dbb9b48c841a0e39e21f98e1a6b2ec3e,2017-09-15 16:05:09,29.89,12.69
2e6213374b023c009a20c3a618a74f9a,1,3ae28b124972bb81eddcb644cd284be9,46dc3b2cc0980fb8ec44634e21d2718e,2017-09-25 10:15:13,99.99,15.46
2e77e95ff07f298805637dfde7da4b4a,1,60deed43085d22ed6326c2f10336d8c4,d1c281d3ae149232351cd8c8cc885f0d,2017-09-11 15:15:11,271.99,26.74
2e782e419da1d80f6d1b9c7eb67b6dde,1,142edaf86e4eb5d0f928534667ab63f7,53e4c6e0f4312d4d2107a8c9cddf45cd,2017-09-28 00:30:18,42.0,17.6
2e7ca2344bf0db90bba866fa90409cfd,1,31123805776da48ab8b0237cdc3e5636,8bd0e3abda539b9479c4b44a691be1ec,2017-10-03 13:35:25,60.5,35.74
2e8a59579f027832343436a97c22499b,1,d68b3ee8696e55f3c81a7d319bd1b44d,bacb1f0ed56ad24198f5810d2b3fe9a5,2017-09-14 04:45:14,309.9,34.42
2e8b2390e7734d4477db1b7e1fdc38d7,1,d9d3f97d19971e6e134c04428b7ef416,f2336e113377dd21c744d9c4fc8293a9,2017-09-19 09:45:36,105.0,27.27
2e914af8bdaefffc2e6ea38a39a64d4a,1,66f1a8d90992af09e58ab4e0496054ea,7e93a43ef30c4f03f38b393420bc753a,2017-09-14 03:34:08,179.99,8.51
2ec5ae6b4bef1de1d800902041762302,1,6c3effec7c8ddba466d4f03f982c7aa3,37515688008a7a40ac93e3b2e4ab203f,2017-09-17 22:30:11,19.9,34.15
2edbc93b3992472ccbcb8d52b57fc375,1,64315bd8c0c47303179dd2e25b579d00,7aa4334be125fcdd2ba64b3180029f14,2017-09-25 22:44:10,89.8,18.0
2ee7854c6d1ee4b64e27764b46dc99ca,1,47cd48073d67f91f09cb5ef9496c920b,fdb9095204a334cd8872252ffec6f2db,2017-09-20 12:50:15,90.0,11.83
2f014917c80b1bf6576e1f3ce7a4bffd,1,f1c7f353075ce59d8a6f3cf58f419c9c,37be5a7c751166fbc5f8ccba4119e043,2017-09-14 20:50:18,189.9,26.17
2f19a710f074d3785ffcc76b24e0c905,1,8d98dedc3c19de17f1a090195e85d6b6,fa40cc5b934574b62717c68f3d678b6d,2017-09-11 11:24:24,49.9,11.85
2f23a9158502cad79609b5f062f56ca0,1,4dc3f43b20eeebc284b7ec6f5dc9b792,96493fab2fbb13a14d0c0e8772eef5c3,2017-09-13 10:30:10,339.0,11.19
2f252e33ea680956431ba9c2f5c87fe4,1,3bbacbe586e957acbf26c63b3ed532a3,729f06993dac8e860d4f02d7088ca48a,2017-10-02 16:49:40,144.9,16.64
2f2dd59794b2eb30ba4aedc5dddd94c2,1,4e1617edd232ad8e0108ecc9bff047df,a0415d9b25ede3c4b1e477e9916ffc03,2017-09-25 03:36:54,499.9,18.94
2f53a7c846aa70472520bd18b081ebbb,1,4cc8bfa581f41841ce5e24aba773a44a,1835b56ce799e6a4dc4eddc053f04066,2017-09-18 10:15:24,56.99,15.15
2f70d6fc23a1899fd564c990dfcf51fc,1,62224b433a431310bf27129938ad9f64,7b07b3c7487f0ea825fc6df75abd658b,2017-09-12 04:10:19,84.94,9.41
2f7a7c29354db7353c1887d24ae76636,1,362052fcdf7c9e3596a0a6c97536cdc3,b372ee768ed69e46ca8cdbd267aa7a38,2017-09-25 04:15:26,270.0,13.39
2f7ceb78f49fb7b42a6d5a42711fba04,1,6cbe86517b670a03d810471811e93316,6f892e20a171e98efe17fdb971ff319b,2017-09-19 22:35:15,99.9,14.45
2f95a71d2777d49b1ea9226320de5c3d,1,e56331a76de436e89a803efd4738a7df,bf100ecb7997df312b285358fb32f92c,2017-09-12 11:43:49,149.9,19.29
2f972348117659ed047953f60257c3cd,1,bdb4be6ce2f7f2b5be0a16088028c7fc,955fee9216a65b617aa5c0531780ce60,2017-09-18 22:15:13,85.0,20.08
2fa9493ca588afc288858c5bb1c8abcf,1,1046440f587e8b22c047de8ab39095dc,a420f60ff1aa9acc80d0e42959f2b313,2017-10-08 22:24:40,74.5,17.77
2fb6a72b0a07a304bba3ff03e02728e5,1,4c283386efa95fcc42ce7a7000afb0df,de23c3b98a88888289c6f5cc1209054a,2017-09-27 15:44:17,129.99,9.1
2fc1b0a22fa3205a36abfec767951243,1,e117ca2a90cfd40b93450b0b60f834e4,dc4a0fc896dc34b0d5bfec8438291c80,2017-09-28 00:30:15,113.0,18.04
2fc4ba497db1306b9048aceaf0f7e5a9,1,7686fe49c98ae1c537b5cc51992f5d20,9d5a9018aee56acb367ba9c3f05d1d6a,2017-09-28 02:30:13,172.33,12.4
2fc4ba497db1306b9048aceaf0f7e5a9,2,9ddc4249779322828f89d2a9c04f7ee1,9d5a9018aee56acb367ba9c3f05d1d6a,2017-09-28 02:30:13,112.33,27.28
2fd7d8e43a256d464a02dd7bbe8cb125,1,e2095018c250b68d73a98ba81f1e5f59,edd066cd02126d7800f9b66e980e9931,2017-09-08 18:04:24,108.0,31.51
2fe02e6dc8bbbc397f61ba774414fa2b,1,9a0620ddaf3055b7e588e936e036a529,da8622b14eb17ae2831f4ac5b9dab84a,2017-09-14 20:45:08,119.9,18.09
2fe8db5111a36b97b092a2daa4771e74,1,36c2fb4fa746273709c373f6d6ec6796,00ee68308b45bc5e2660cd833c3f81cc,2017-09-28 21:25:15,80.0,17.81
2fe8db5111a36b97b092a2daa4771e74,2,36c2fb4fa746273709c373f6d6ec6796,00ee68308b45bc5e2660cd833c3f81cc,2017-09-28 21:25:15,80.0,17.81
2fe95e63972d1a35491a2cf058c422ea,1,fb783e3e545937820b57fe539b2c5a6c,da8622b14eb17ae2831f4ac5b9dab84a,2017-09-29 16:44:12,99.9,17.95
2fedd359e74e253fb0676dc7f86d3075,1,ccadfeab525a9eb1569983b66e5075c4,33576ec5412fb5905d876f12f33bfde6,2017-10-03 15:49:41,79.0,25.58
2ffc25e4c67c5d5ad8a0142b8f542d4f,1,e5eadf9be70a4a9fa514019542fc330a,4559697a8f7e637227c2eeaed843baff,2017-10-02 03:56:32,69.9,17.74
2ffc6b5ac3d28600297371ae9a1a960d,1,422879e10f46682990de24d770e7f83d,1f50f920176fa81dab994f9023523100,2017-09-19 03:15:19,59.9,17.67
30195b7c75a04ab7dcea9f845891703b,1,537795846d3155fd59b4eb12545b1b2f,3c7c4a49ec3c6550809089c6a2ca9370,2017-09-17 23:35:16,18.9,34.15
304f936dacbeaf1ba58639e6c57b4190,1,1767ed23966ac4d3539720b11beeacd1,7e93a43ef30c4f03f38b393420bc753a,2017-09-21 10:23:30,599.99,11.45
306853b36db7e021935becc988e4fef8,1,3976c6466748442470251341eb6f92a3,f25e239052084705e17a982bc600ab2a,2017-09-08 09:52:18,1798.0,144.0
306c38865a76ef1bcf4c98ed5f235673,1,e7248872169a7ab67e20c182aaf17976,f5a590cf36251cf1162ea35bef76fe84,2017-09-19 08:50:22,485.0,17.0
306d73cb716b08d3525396fb16493d3a,1,00de7f393d962717eeeb2d7131a40dba,6f892e20a171e98efe17fdb971ff319b,2017-09-21 12:44:26,109.9,14.52
306ea671aa064b580d06e291967f18ef,1,e304baa7e35c6643dc6a3d39bcebe78f,4992e76a42cb3aad7a7047e0d3d7e729,2017-09-28 23:45:11,16.9,11.85
30772e8067a521b283ee42a65370a040,1,e5cac955339b48ea3b9773f034623e29,fa1c13f2614d7b5c4749cbc52fecda94,2017-09-21 09:04:19,169.9,14.94
308ac65dd233ed0a3e6e52e854c63348,1,a48138f7de6ebfed36f91a440fcadb64,c3867b4666c7d76867627c2f7fb22e21,2017-09-08 16:55:20,219.9,14.56
309a6726656b1ace9925bb760fc46b81,1,a3e4a417e7dab3de222f227781c2c291,5dceca129747e92ff8ef7a997dc4f8ca,2017-09-10 22:25:09,887.0,26.7
30a0d918b3ba882cd4f3557a0ac1182c,1,c03d44fcdfabbabd5185c8eb60f77aea,48436dade18ac8b2bce089ec2a041202,2017-09-13 18:25:07,48.9,17.92
30ab609acdb1c2d3756dc46d1e7d93f9,1,564b94c475df8a4e5b258cf3f3e410d6,6d66611d7c44cc30ce351abc49a68421,2017-09-08 17:25:16,79.9,16.32
30ab609acdb1c2d3756dc46d1e7d93f9,2,564b94c475df8a4e5b258cf3f3e410d6,6d66611d7c44cc30ce351abc49a68421,2017-09-08 17:25:16,79.9,16.32
30ae6774935cd2a70fa74306f407495b,1,671e7e145b2a32685e1429498fe906bb,6560211a19b47992c3666cc44a7e94c0,2017-10-03 08:35:13,49.0,7.78
30afa4792f6e5ee287ff87fa649e56f9,1,0900e9b18da6627157a7e47a8ac8fc08,6560211a19b47992c3666cc44a7e94c0,2017-09-12 04:44:19,29.0,7.78
30b971d10c8ea1517964eb4b7f720f2c,1,df969ce58d2f301f941a09bc75558cd4,7a67c85e85bb2ce8582c35f2203ad736,2017-09-08 09:25:10,15.99,15.11
30c4b90ae81f11b792bd5618ba494630,1,7be620cd314ce6460033ba9017be7a7f,7aa4334be125fcdd2ba64b3180029f14,2017-10-04 13:14:09,41.8,17.6
30c4b90ae81f11b792bd5618ba494630,2,7be620cd314ce6460033ba9017be7a7f,7aa4334be125fcdd2ba64b3180029f14,2017-10-04 13:14:09,41.8,17.6
30dd1aa2ec1728ab9bac85497532d6ea,1,811f973313e8219988a69cc140c447f0,dd2bdf855a9172734fbc3744021ae9b9,2017-09-27 15:30:21,99.9,25.25
30f9a1ff42cc19d532df1d4431a9ac4d,1,d787de6a880320609e500adbb90fb9c7,ea8482cd71df3c1969d7b9473ff13abc,2017-09-13 00:50:11,19.99,7.78
313b294ba33545e1fb850f2ca29a9c3a,1,d6aa421b9567e3e2a3a0caf8fb846cbc,3be634553519fb6536a03e1358e9fdc7,2017-09-14 05:23:58,44.9,16.6
3174bfd4f0c9460d4299aa633bac43be,1,3ff718959f57e5a5c7e17ee1af98dc10,5b67882648febfb6e1225e6ad7164f6b,2017-09-27 20:50:10,132.9,17.37
3180196d4f287c726e7ba95da8f56ebe,1,05833dad7f04a1b2991641771bfe6d9f,05ff92fedb5be47920fea08e501238b9,2017-09-12 21:45:23,80.1,13.58
319d08221500b0aec75b91e63101329d,1,241241093bd6986615756b4d8a01de8f,43f8c9950d11ecd03a0304a49e010da6,2017-10-03 00:04:45,177.99,17.69
319d398b7ec933febdefe3104dcb8679,1,617186c3d97ea56c9c683a8a3974e8c1,cc419e0650a3c5ba77189a1882b7556a,2017-09-27 20:05:50,84.99,15.34
31a36522fd3998f250795c1e732acdac,1,2ffdf10e724b958c0f7ea69e97d32f64,4869f7a5dfa277a7dca6462dcf3b52b2,2017-09-22 19:10:21,229.0,16.35
31a8fcbeaa65f2a7dec1abee188ffcc9,1,09cee4288906c4cff9cd235f33dc0ec0,3078096983cf766a32a06257648502d1,2017-09-21 02:50:48,156.89,31.85
31b2ff78299f9c71d536cca98394ebe1,1,7697c75660a647dda82cac88c20a77b9,ce248b21cb2adc36282ede306b7660e5,2017-09-21 09:30:20,81.9,16.33
31c5b1c46eed53925a1f2feb3493ba31,1,5f504b3a1c75b73d6151be81eb05bdc9,834f3294fba9f932f56edc879193f925,2017-09-22 17:15:19,610.0,65.01
31c728d11563b29a76dc77a51634588c,1,614c372933e8129d83b410afdbbb5305,44073f8b7e41514de3b7815dd0237f4f,2017-09-28 21:25:16,288.0,70.44
31c97425f34d48507d57e56e0ec2986b,1,a0f27f57faa493eaa9d1609c45f7d16d,3d0cd21d41671c46f82cd11176bf7277,2017-09-08 20:03:45,35.9,26.89
31da6b20b9e1d1376bd442a0d4ad0607,1,e411491f59e292ac3d3cf9d9d79b3313,a3e9a2c700480d9bb01fba070ba80a0e,2017-09-14 19:10:15,65.0,20.94
320647e42dac370c80184c0f74433cac,1,a4aa7c1427c31344e5f7cc3d839fe562,66922902710d126a0e7d26b0e3805106,2017-09-20 02:55:15,110.0,22.64
320a231a883ad030cfb2dead6f7bce85,1,24a014458ccc6e989b4fcef5fa71da58,4a3ca9315b744ce9f8e9374361493884,2017-09-28 04:11:08,109.9,18.02
322ab6e86e8e7fe738d8dc82ae1afb10,1,617186c3d97ea56c9c683a8a3974e8c1,cc419e0650a3c5ba77189a1882b7556a,2017-09-21 03:44:56,84.99,14.34
3236504a0e2b1bceb65d32a38f5d79a9,1,02f875bbe513c98bf25188a84b42dd39,6edacfd9f9074789dad6d62ba7950b9c,2017-09-20 21:04:14,42.9,9.34
3240c29a58e0f5100088c091d4a9a0e2,1,8ea331107c7373a412b73374be7c6736,4ea2f12dbe91deeacd2c1e74f069a6e6,2017-09-17 21:30:23,38.9,7.78
3240c29a58e0f5100088c091d4a9a0e2,2,8ea331107c7373a412b73374be7c6736,4ea2f12dbe91deeacd2c1e74f069a6e6,2017-09-17 21:30:23,38.9,7.78
324cf506bc49ac084606d586928ed389,1,425b2ba2dab3986c4fa13ca01547aff0,85d9eb9ddc5d00ca9336a2219c97bb13,2017-10-04 17:30:19,56.9,9.09
325012120130bcfcd0623ac922d59c38,1,a5f1e2bdbdb0cd9e44001c416fc3162e,e48b04bf1aa1ef711caebeb7aede6180,2017-09-11 16:30:29,69.9,16.74
325ec8a88062bc88aa724f174358df01,1,05ed196725fbeca4876c2181780d89bb,f5a590cf36251cf1162ea35bef76fe84,2017-09-28 03:04:57,82.0,9.39
326247b4caae19ff40a5b56cb9534c6f,1,3abefa3ab32440bb6f5937c65c6652f8,b2ba3715d723d245138f291a6fe42594,2017-09-29 10:44:20,49.9,8.72
326247b4caae19ff40a5b56cb9534c6f,2,3abefa3ab32440bb6f5937c65c6652f8,b2ba3715d723d245138f291a6fe42594,2017-09-29 10:44:20,49.9,8.72
326247b4caae19ff40a5b56cb9534c6f,3,3abefa3ab32440bb6f5937c65c6652f8,b2ba3715d723d245138f291a6fe42594,2017-09-29 10:44:20,49.9,8.72
3287906d23c6e6cb0ebb48f0b766001b,1,03b29ca1beec2e03e15a3b980c1505ed,d3674f271c91f824f82d24d92011f669,2017-09-13 14:52:27,39.9,16.79
3290d044feb4a9f2f4a195441b12ffe1,1,6c3effec7c8ddba466d4f03f982c7aa3,37515688008a7a40ac93e3b2e4ab203f,2017-09-11 12:44:01,19.9,11.85
329954a78d93c0af4e24aad8677ba9bb,1,54af11c815f92135fb554bd9c97dd418,004c9cd9d87a3c30c522c48c4fc07416,2017-09-18 10:15:20,69.9,13.51
32a5dab70d12a1ed24b1f79bbf17bdc7,1,431d674f9a4fbd0957ecf6ba3fcb6899,53243585a1d6dc2643021fd1853d8905,2017-09-19 19:55:12,299.99,22.9
32a8de5ba7f744d3a361fa1ebe7f4b6b,1,b5b5a82ce5f1987b7e670f37629be51b,8b28d096634035667e8263d57ba3368c,2017-09-14 17:25:15,59.9,13.44
32be8f17cc988f8a0a52deaa64576dc2,1,9365637689c1c805da9e3296f43bf4b7,7d76b645482be4a332374e8223836592,2017-09-13 18:05:12,19.9,7.78
32d29d9903eaaae11d418d087f442fbd,1,e0d64dcfaa3b6db5c54ca298ae101d05,4869f7a5dfa277a7dca6462dcf3b52b2,2017-09-11 13:10:09,179.9,12.76
32d31557d141320ba009dfb89facc01e,1,b82a987ffc1edc22d67ca94ccb4750ab,b4ffb71f0cb1b1c3d63fad021ecf93e1,2017-10-01 22:04:29,85.1,9.41
32ee7f6a6c903af7e78ba4484169b74e,1,bdb4be6ce2f7f2b5be0a16088028c7fc,955fee9216a65b617aa5c0531780ce60,2017-09-26 15:10:21,85.0,16.22
32fa6763db15359ea4f0f07ae6021ee0,1,6c321ed0f47858a8650f4104771224b5,6560211a19b47992c3666cc44a7e94c0,2017-09-15 15:44:03,49.0,7.78
3302991f59df38b26cebf1c9eebd75bc,1,6a1a04054158fe995e1688d8f79605b2,9616352088dcf83a7c06637f4ebf1c80,2017-10-04 23:49:16,59.9,13.44
330e569ae25de4796afa6bd4edc75876,1,2e4bf3f09064f2b5f34d12924fc634b3,3b15288545f8928d3e65a8f949a28291,2017-09-22 10:45:19,119.99,16.47
331b367bdd766f3d1cf518777317b5d9,1,7814c273ab16783d73a9863ebfa8b141,1025f0e2d44d7041d6cf58b6550e0bfa,2017-09-14 23:15:15,229.0,54.2
33331ca3a2e00e80d485324dd9d3b070,1,985c412b0ac92ed9d8a76bbeab6d44eb,1554a68530182680ad5c8b042c3ab563,2017-09-15 17:35:31,68.9,14.21
33339858fe1a83360ede2fdfac766e3b,1,b4617aa8f46404c5a9321dcdbacc4ee0,4a3ca9315b744ce9f8e9374361493884,2017-09-29 12:50:13,128.8,12.4
3347d1c2249e2e53f4ebb12db1ebdf91,1,795ed92f8a2263bd778b90a008ee32fc,0cbcee27c791afa0cdcb08587a2013a8,2017-10-02 20:49:20,225.0,13.7
33481c8e76159f5a3318911105d58475,1,a9abe602de6316ec55cb409407d23be6,8b28d096634035667e8263d57ba3368c,2017-09-08 16:25:21,36.76,15.1
334bdd786e5d50231aac545ecdc7e291,1,d189fbf8b5d79a670cebcaaad68d77b2,0d85bbda9889ce1f7e63778d24f346eb,2017-09-15 12:50:44,59.9,18.04
33576b663693aaf1afd5b5920c37401f,1,461f43be3bdf8844e65b62d9ac2c7a5a,4869f7a5dfa277a7dca6462dcf3b52b2,2017-10-04 00:25:04,159.9,15.87
3358a4c41e5feb5bb73829eb6cf42ba4,1,32e18e89237933ebdaaebd78a27e7fa1,ca3bd7cd9f149df75950150d010fe4a2,2017-10-11 16:14:18,26.18,17.6
335fecd3c4c9287451e9116aa7f53440,1,6ddb759e33850bceb1b22a91e79fa995,62c50c1af4dfdc4149d25c5222043d39,2017-09-28 17:10:27,359.99,16.27
33677835cbfd6206b10d3ee75b6142ef,1,642a40d4d73b4b2604968937de13634a,d2374cbcbb3ca4ab1086534108cc3ab7,2017-09-22 10:25:16,12.9,11.85
33699f74cbd8df3eb237c682e0b116fc,1,9c64cafd9a39441e353cbb545ebb68b6,53e4c6e0f4312d4d2107a8c9cddf45cd,2017-09-12 04:24:41,72.0,17.75
339e96f024a9610f63ae9e1c65af559b,1,aadae4da0b9feede5777009c5e1497d1,768de2a4fc06aacecb9a586ccc30746a,2017-09-15 02:45:35,32.9,16.92
33a03fef07e3bdb46a7ca7fded715d53,1,9394f87dc3875b085ec46efca4822642,dd2bdf855a9172734fbc3744021ae9b9,2017-10-18 17:04:53,54.9,12.23
33b50846ef5349564b8be2af1d6000aa,1,a95e101cee281e7cd36dfef5f80fabfe,31ae0774c17fabd06ff707cc5bde005f,2017-09-20 09:30:17,799.99,54.34
33b8a7eafa31cf95e33395293a78808c,1,dc881ef926ca402063ea142afc83874c,7aa4334be125fcdd2ba64b3180029f14,2017-09-12 22:04:16,89.99,17.88
33d4257aa190f034f74c6626a12b6e53,1,7aac5971b0560a816c14f6b6e9185bcc,40d54b51e962dbe09cabbcfd33298dee,2017-09-21 23:10:18,209.99,18.72
33e2db141538ccdafc2be5b0e9691157,1,39eef1b4d9ab7a5a121d3436b03ce7d3,f1ed6bd0a9b11b581f16c851c6a5a527,2017-09-19 02:50:44,97.47,17.93
342425791003b2c3f04c6520885cbe82,1,c403e106353e1aa40efe783ecb39ed7a,d2374cbcbb3ca4ab1086534108cc3ab7,2017-09-20 21:45:14,38.9,16.11
343076b69aa1f03ee4beb49cf6baee58,1,f1d4ce8c6dd66c47bbaa8c6781c2a923,1f9ab4708f3056ede07124aad39a2554,2017-10-02 11:24:44,174.9,31.97
3438e39477d8c19d943ac5353b6e9f64,1,45cfee87da128a8f939226bedd92a72d,718539d38d07dd351c76db862760e2e2,2017-09-22 07:30:14,32.64,16.6
3443749ed04d4b33597a21fc22e24a4b,1,ff7fccf8513f360157f0660fe51d1d88,440dd6ab244315c632130ecfb63827b1,2017-09-20 19:10:21,159.9,38.67
3457b7151b16352dca4c597fb8b9bba3,1,f67a0e2d24ab234b2cd6da21273710e5,4d6d651bd7684af3fffabd5f08d12e5a,2017-09-18 04:45:45,59.9,11.92
3463c5474c21c4b02543cb5e9607f4e3,1,2dc2efef0bbccb4ea53e2a21cdd52dc7,adbc26658d6c7b4b6219f9d934598091,2017-10-05 18:25:31,130.0,18.16
346802bf9d5846f06ec97c90b92af095,1,097ce3b5d4710b24d4a113b394ef2566,e9bc59e7b60fc3063eb2290deda4cced,2017-09-11 11:30:21,104.9,17.17
346bba8e6dd662d8c448e4ee971991e9,1,1164c17af70425821f88bfbdc9e907a3,2d50d6282f8aa2257819a77bfaa0efe0,2017-10-04 15:56:15,35.0,15.1
346ffefd56ff0691db147f471af8a1dc,1,8d139b1550c8cc91a3babc9cfe9fc147,c9c7905cffc4ef9ff9f113554423e671,2017-09-26 01:25:09,55.0,16.15
3474c37ad7067402582a2852a08015f7,1,c924e005748982a0f58ec549a7b5e353,7e93a43ef30c4f03f38b393420bc753a,2017-09-14 11:50:15,649.99,19.31
3495e966748a04cd5d7f4537a57fa3ef,1,46b48281eb6d663ced748f324108c733,dd7ddc04e1b6c2c614352b383efe2d36,2017-09-13 22:15:15,84.9,21.43
349af77e71491a1aed28d6bf0528e09b,1,34aca073a68b7ae1d470940db997c295,c864036feaab8c1659f65ea4faebe1da,2017-10-09 04:05:14,109.9,25.8
34c2654b609f57f294795b5131b7c7d9,1,cbbc9abd5fd6bcf8db2e1dbafcb4ad42,dd8a29ce82d5c705ba932d81494600a5,2017-09-12 04:45:46,80.75,9.38
34c441b76d69e67457e0073633aeb4c0,1,bd6e6fce9ada76ea2db0f1912e8e478f,1835b56ce799e6a4dc4eddc053f04066,2017-10-05 02:14:39,56.99,12.74
34ce4b17ec05e81a70a78a7ff7a76930,1,7ac0d3f8ac5b60c13d74b02b8cbb4623,f27e33c6d29b5138fa9967bcd445b6d5,2017-09-24 22:15:22,94.9,13.68
34d3825176b5e4ae141843ed4e313c7d,1,54668f8d7fb456c8977d5ca817dab50c,530ec6109d11eaaf87999465c6afee01,2017-10-05 12:07:21,91.9,16.4
34e356294ae93c00aa77347b2f84ea1b,1,4d78abeaa9c097b5d6ee602bd5986128,f8db351d8c4c4c22c6835c19a46f01b0,2017-09-19 23:05:42,42.9,9.27
34ea732800750b670e5f33c56ab3a94e,1,5f504b3a1c75b73d6151be81eb05bdc9,834f3294fba9f932f56edc879193f925,2017-09-11 17:24:00,610.0,37.54
34f1e1534ff3a9055146407b5fc8e790,1,d3c044bd42d84a79e3b0c42662806a48,4c2b230173bb36f9b240f2b8ac11786e,2017-09-28 02:15:50,25.9,7.78
34f1e1534ff3a9055146407b5fc8e790,2,d3c044bd42d84a79e3b0c42662806a48,4c2b230173bb36f9b240f2b8ac11786e,2017-09-28 02:15:50,25.9,7.78
34f336174dc7538b2fe8d1b6098d76ca,1,380b4664ba5bb18cc9db78ee6bac3558,6560211a19b47992c3666cc44a7e94c0,2017-09-25 03:37:01,29.0,7.78
34f4394bcaeb05083b670513b73961c6,1,e0d64dcfaa3b6db5c54ca298ae101d05,4869f7a5dfa277a7dca6462dcf3b52b2,2017-10-02 04:07:17,158.0,21.6
34fd1d0a76a47123cb6a008ceeb18cbe,1,c3ba4e8d3cb30049213b682e751e9d00,6560211a19b47992c3666cc44a7e94c0,2017-09-14 04:50:11,95.0,14.42
3504e5f25e8c978b842d4f1164b52b59,1,def59eb2e17b32b980b5341984f6b500,f8db351d8c4c4c22c6835c19a46f01b0,2017-09-15 18:50:19,22.9,15.1
350600c11f111d462b138f8e6d1a36e7,1,12e5f64883db52b4617a4c4ae2aa1338,8f2ce03f928b567e3d56181ae20ae952,2017-09-18 04:15:37,99.9,16.33
3517c4c24184e3c518a1c8319dc60765,1,d401d9445df5a515a304b386278b4844,afe0067131b73e40875c9b6c10bd2e21,2017-09-13 11:25:21,119.9,21.33
3528ffd028404de1b01011b8c799bd6a,1,477aa9a85d7002688bae2cbbd93198f8,1835b56ce799e6a4dc4eddc053f04066,2017-09-27 22:35:20,29.99,15.1
35333dab609becd7a174fdb6537ef2e6,1,22656f41604127818c5984157e52bda8,bbad7e518d7af88a0897397ffdca1979,2017-10-05 02:15:05,119.9,9.03
35333dab609becd7a174fdb6537ef2e6,2,22656f41604127818c5984157e52bda8,bbad7e518d7af88a0897397ffdca1979,2017-10-05 02:15:05,119.9,9.03
35333dab609becd7a174fdb6537ef2e6,3,22656f41604127818c5984157e52bda8,bbad7e518d7af88a0897397ffdca1979,2017-10-05 02:15:05,119.9,9.03
354025795ae5d3d171988505159a7843,1,ccadfeab525a9eb1569983b66e5075c4,33576ec5412fb5905d876f12f33bfde6,2017-10-03 03:35:37,79.0,15.99
3544a45e2fd783c3dd0305cb5d2bac0b,1,64c8f1a52b407d92518a1f8b79240a70,7d76b645482be4a332374e8223836592,2017-09-25 18:26:15,28.9,14.1
35484f2865463bc3be59efbdc0b218a1,1,60495adb1f1a49c8aea75e5e56a47a48,0df3984f9dfb3d49ac6366acbd3bbb85,2017-09-21 12:50:20,92.9,17.09
35525be13c4af8acae0bb6d13c27110d,1,178c02376540dea14abfbcc1af483528,8f0fbe2cd4d472157dc1cdef6edecaa9,2017-09-17 23:05:37,24.88,16.11
35648a75454c580b64688dd24dea43da,1,2c3d5c816b573eb89b98ea7a7c1970a9,a36ac007a4d18f865c8d32c3b2402c2d,2017-09-11 11:15:17,109.99,17.48
35a85be2e5f884a5672a0971158df8c3,1,e282624d8c82e04983f125e167eb4521,ea8482cd71df3c1969d7b9473ff13abc,2017-09-14 15:50:17,17.99,7.78
35ba49bc8738a496558fdc62d9303342,1,53759a2ecddad2bb87a079a1f1519f73,1f50f920176fa81dab994f9023523100,2017-10-03 23:49:15,59.9,28.47
35ba49bc8738a496558fdc62d9303342,2,442484911e00b4bff85ece3e10c1dc1f,86ccac0b835037332a596a33b6949ee1,2017-10-03 23:49:15,42.9,7.12
35d67b8fff86c1b281f87c1d454fe49a,1,2280139813948df83ba872aecca72997,2528513dd95219a6013d4d05176e391a,2017-10-02 03:24:41,269.0,22.72
360b84029c125bb8d4ede52585f058f2,1,154e7e31ebfa092203795c972e5804a6,cc419e0650a3c5ba77189a1882b7556a,2017-09-21 04:50:16,23.99,7.78
361bebe46ed48297e9b41097ef50c8d6,1,f42892b40225227fe465626ff509a92e,4a3ca9315b744ce9f8e9374361493884,2017-09-24 22:03:53,89.9,17.88
362cdbf5a3b5f297257f6e67be534a27,1,f51bda33ab6008cea43d2be021b866c4,1da3aeb70d7989d1e6d9b0e887f97c23,2017-09-15 13:30:17,23.99,15.11
363c28b78897354ff4e126dfe41f2890,1,aa8d88eb4b9cb38894e33fa624c4287f,6560211a19b47992c3666cc44a7e94c0,2017-09-12 22:15:35,55.0,11.89
3644344c9ad371ecfc67c6cbeb93531c,1,a5215a7a9f46c4185b12f38e9ddf2abc,53243585a1d6dc2643021fd1853d8905,2017-09-08 20:03:32,1200.0,32.85
3645c66b5c03384bc97063c45b29acd7,1,b60aae43af64142e8dafff9888b64c85,7a67c85e85bb2ce8582c35f2203ad736,2017-09-26 02:35:36,239.99,17.93
3649c428a77ac1530029dbfb706a02ee,1,15529bfa2d73947d1e03020f58f5a016,7c67e1448b00f6e969d365cea6b010ab,2017-09-29 17:15:21,79.99,29.6
3656e5952194117e323c383e559941a3,1,672fd0a2af10376f9b997ec5cfa04ef7,d20b021d3efdf267a402c402a48ea64b,2017-09-25 03:35:26,79.99,17.81
365fb819701436011708b1be4a1d4810,1,2083a6feb4bbb31f6abc92fc24e468c0,cc419e0650a3c5ba77189a1882b7556a,2017-10-03 12:45:17,7.0,7.78
365fb819701436011708b1be4a1d4810,2,2083a6feb4bbb31f6abc92fc24e468c0,cc419e0650a3c5ba77189a1882b7556a,2017-10-03 12:45:17,7.0,7.78
3663c0f887191044441077fb3564dc94,1,fb06535ba5dfc8f3e07fd0edc7c770fb,2138ccb85b11a4ec1e37afbd1c8eda1f,2017-10-05 19:56:16,34.99,11.85
366d799ad8ce30435d27ed0f7e3eca9d,1,de4fb1ddae276a3503afed39c8227cff,1da3aeb70d7989d1e6d9b0e887f97c23,2017-09-28 15:04:12,149.99,16.75
367085f34fdfc417d0087dfeab08ad73,1,dbd55362ec13c706503b1c71a5068a1a,e24fc9fcd865784fb25705606fe3dfe7,2017-09-21 18:35:25,102.0,36.03
36826a38055b8ac7c996807317982824,1,869c418f22e0c0ed9207ff691f279e46,e63e8bfa530fb16910dd6956e592bb81,2017-09-24 21:30:12,32.9,25.63
36909b609792791f7f50d7cff2b5a0d6,1,952670bc019a73f0933157ec82ff6e4f,37be5a7c751166fbc5f8ccba4119e043,2017-09-12 10:04:57,189.9,14.93
36916e0f43f5ad1dd22a95d872a634ea,1,5aa4825c48568a0e84cbb5a84fe0b533,05a940b4ecae36cadfd8e93bd9c43257,2017-09-29 12:30:21,43.9,15.79
36aa2198c0e91257b4b146cc25267a45,1,0eda6e310c91549299a2f97d0354f7fb,57e632711dec9ec14ca7546769483e7e,2017-10-04 11:28:16,104.0,34.53
36af952fa00b09aef1c4c6020442a819,1,d68eca92c5a12467b856479934dc39af,f27e33c6d29b5138fa9967bcd445b6d5,2017-09-13 20:30:11,7.9,11.85
36bc3158d94ee7eb9405f0ac77259d07,1,542b3d80712d51eefe3a3cd1c5f4e8fe,537eb890efff034a88679788b647c564,2017-09-29 20:04:26,37.9,14.1
36bc3158d94ee7eb9405f0ac77259d07,2,542b3d80712d51eefe3a3cd1c5f4e8fe,537eb890efff034a88679788b647c564,2017-09-29 20:04:26,37.9,14.1
36ff0e6c1dc200e440f805f289b4be74,1,9b77a0a174a0b29b5720de6cfcc17ba9,85d9eb9ddc5d00ca9336a2219c97bb13,2017-10-06 14:55:15,31.9,21.15
3710f61b45bb40db596e352722b6937e,1,d6160fb7873f184099d9bc95e30376af,53243585a1d6dc2643021fd1853d8905,2017-09-13 18:55:08,1549.99,53.26
3724d3f2c0cf415269a35992df297fac,1,83ee94d59dffaab56d55b5766c6d1211,cee48807215b30a12ca2ca10ffb5f250,2017-10-04 23:35:22,45.9,15.1
372f7d827bed42ed537ec39866756e71,1,53759a2ecddad2bb87a079a1f1519f73,1f50f920176fa81dab994f9023523100,2017-09-20 03:04:56,59.9,19.66
372f7d827bed42ed537ec39866756e71,2,53759a2ecddad2bb87a079a1f1519f73,1f50f920176fa81dab994f9023523100,2017-09-20 03:04:56,59.9,19.66
372fc04e6d43eb870979226848fa93a1,1,f25bbb88c1a219c21b1af6b99895b960,aaed1309374718fdd995ee4c58c9dfcd,2017-09-28 02:25:22,65.9,27.0
3772c863e089768339269d261fadb421,1,4aa6014eceb682077f9dc4bffebc05b0,b8bc237ba3788b23da09c0f1f3a3288c,2017-09-27 10:26:11,289.99,28.35
377664a1152f18858e261b5ee3d434e3,1,868ceb027ab706a4dee42e2220006b85,1660ad786c27fd935378b6192a90b417,2017-09-22 17:50:14,130.0,21.31
3788099435cbdafabe329e9228e70588,1,b76e88f2da688761c6f9ad9bb4f9513f,5abb8ea023c77787f2c15da891c8d384,2017-09-14 18:50:15,123.0,35.38
378d03578566e65bc195cc5296a31526,1,2604055d4992311bc72b115b6d5adda9,440dd6ab244315c632130ecfb63827b1,2017-09-13 21:30:20,234.0,14.66
37b0e2f6ce00c698193537e597cf3402,1,0d0f2c7fcae108a74c895521c62d46f6,09f952a5f58d2285b0372551ae8f9b01,2017-09-21 09:44:22,89.99,17.88
37b3c19afcde72dc4b44eab880361af8,1,a8fe47ad6f852f93cc92c7b408687de3,aaed1309374718fdd995ee4c58c9dfcd,2017-09-21 16:20:16,72.9,35.83
37ce508071e29f853c9a6af4fb9be089,1,f3c5707e7c539ab6533e3611da02b648,d1c281d3ae149232351cd8c8cc885f0d,2017-09-27 22:35:23,160.99,26.64
37ce508071e29f853c9a6af4fb9be089,2,ea5e798481ff9bb1edc6823d98d83634,1900267e848ceeba8fa32d80c1a5f5a8,2017-09-27 22:35:23,47.99,2.8
37d13d0bfc39d14f3e61c410340c93ae,1,4e424a1cee1626e101d211bd604b10e0,7178f9f4dd81dcef02f62acdf8151e01,2017-10-10 14:24:34,29.9,15.1
37db66be8ce4684e201e94e4ce19944d,1,1175dc374bce5c9d93c4d4281d8d85d7,8444e55c1f13cd5c179851e5ca5ebd00,2017-10-03 17:43:56,79.0,16.31
3811e225018df1f58837ddec911d3e55,1,b694e2087c446e6905b08cd9360cfe45,3b15288545f8928d3e65a8f949a28291,2017-09-29 09:15:13,99.99,25.54
38187389c2f33340aa62db07a30a5c89,1,e5ac4f7201729a0d3639d979c104b91d,02ecc2a19303f05e59ce133fd923fff7,2017-10-03 20:49:27,239.9,22.17
382a2285603c57524f1b44601ade85c3,1,a237de12bdf0bfe4fe220bae65a89731,6c7d50c24b3ccd2fd83b44d8bb34e073,2017-09-14 09:23:52,37.5,17.6
3832701f27be0501b19e91bbb04e5cde,1,cd5f3705d31440675796beb0ee641fa8,46dc3b2cc0980fb8ec44634e21d2718e,2017-09-15 20:50:14,194.99,17.12
3837316347c6731a7368bd44a3b613bc,1,422879e10f46682990de24d770e7f83d,1f50f920176fa81dab994f9023523100,2017-10-05 00:24:50,59.9,17.67
38535f25144db56a22c827fcb546a0f8,1,e0f33a3329af6716a0bb47fd7a664439,7e26c750b4cb9f6766f58265ff9ebe95,2017-09-11 09:44:23,49.8,15.1
385a4528e6f5bbd617566cfd514d6720,1,e0d64dcfaa3b6db5c54ca298ae101d05,4869f7a5dfa277a7dca6462dcf3b52b2,2017-09-21 12:05:08,158.0,16.74
385de753cc8af8758bf66d29d9916e66,1,686f5682d2be7689714c5fae465de396,1127b7f2594683f2510f1c2c834a486b,2017-09-13 02:50:39,18.51,7.78
3862ca36e4adb4dc6380e0b7819c752b,1,d696750e550fd0f733979dd7e5dff921,9de4643a8dbde634fe55621059d92273,2017-09-25 18:26:21,177.99,27.79
386ea83ce5d0d303c3466ea227cead97,1,9ceac7c9fb2a8689bdba0978375b86ed,1900267e848ceeba8fa32d80c1a5f5a8,2017-09-20 22:24:14,72.0,12.0
387a1dd847da1460222bebfcd7c2c7ba,1,56190ea1f5b28f23ba0065cfa36b7de6,80e6699fe29150b372a0c8a1ebf7dcc8,2017-09-19 12:04:28,39.99,14.1
38801dcdd44030c1317f837202c28501,1,7fda46e6f8996ebe3acf684cca0124c2,3b15288545f8928d3e65a8f949a28291,2017-09-28 02:16:29,99.99,25.54
38801dcdd44030c1317f837202c28501,2,b694e2087c446e6905b08cd9360cfe45,3b15288545f8928d3e65a8f949a28291,2017-09-28 02:16:29,99.99,25.54
38ab0898b5328ea3498a9a8c5bbf977e,1,fecf6223a3494f35362f670e571d2a04,3db66a856d18a9cba7c9241fc5221c50,2017-10-25 21:35:18,69.9,16.25
38bb5f9d2356ae738afe613b8e723645,1,368c6c730842d78016ad823897a372db,1f50f920176fa81dab994f9023523100,2017-09-10 23:23:53,59.9,13.44
38c2b634e9399138e8c5e726ddfe765d,1,ec96b7b4e1401281edb9465d0d689cae,5011f0d93373a4c5753adf58ca77af8d,2017-09-27 02:45:32,34.99,17.6
38c2b634e9399138e8c5e726ddfe765d,2,ec96b7b4e1401281edb9465d0d689cae,5011f0d93373a4c5753adf58ca77af8d,2017-09-27 02:45:32,34.99,17.6
38c2b634e9399138e8c5e726ddfe765d,3,ec96b7b4e1401281edb9465d0d689cae,5011f0d93373a4c5753adf58ca77af8d,2017-09-27 02:45:32,34.99,17.6
38c2b634e9399138e8c5e726ddfe765d,4,ec96b7b4e1401281edb9465d0d689cae,5011f0d93373a4c5753adf58ca77af8d,2017-09-27 02:45:32,34.99,17.6
38ceb430670a97a62dda6e748ec94f69,1,e3dd336775af78a83fc27ed85f0f15da,edb1ef5e36e0c8cd84eb3c9b003e486d,2017-10-05 09:49:22,395.0,17.52
38cf938c02a2fd1cf1fc7f7c6a32b03f,1,6ae3f85f46a37844372252496c77b4d8,53243585a1d6dc2643021fd1853d8905,2017-10-05 15:49:35,212.4,20.03
38d3c26f8db105374d9387f518623a3e,1,422879e10f46682990de24d770e7f83d,1f50f920176fa81dab994f9023523100,2017-09-21 01:15:09,59.9,13.44
38da3029219c1f40f3eaaae897430c3f,1,2423252b2432f1803e4f29e0974c6cf7,48436dade18ac8b2bce089ec2a041202,2017-09-13 03:03:58,139.9,18.23
38e80d72b34e2f2812529ccf6edbdbb4,1,4fcb3d9a5f4871e8362dfedbdb02b064,8581055ce74af1daba164fdbd55a40de,2017-10-03 21:56:21,143.8,23.33
38efd1ae907b1b533315ebc00abd55e2,1,5594eb45b3ced02488aaf71edfb32d92,2528513dd95219a6013d4d05176e391a,2017-09-21 03:06:07,179.0,12.46
38efd1ae907b1b533315ebc00abd55e2,2,4395690ceee4379785f481610bf962ac,2528513dd95219a6013d4d05176e391a,2017-09-21 03:06:07,179.0,12.46
38feb0b0bd51324506094a2c9f8bbc6f,1,89427567da9c9b075c9dca131535104d,3d871de0142ce09b7081e2b9d1733cb1,2017-10-04 22:07:28,25.0,12.69
3921700d2866038326e6fa0b48962e35,1,40d2d9ba581281d77c9544854fbe1fd9,6426d21aca402a131fc0a5d0960a3c90,2017-09-19 21:05:43,39.9,13.37
392240bf6b91914830b77ae8572cc0b7,1,f1cfcd7f3806fd98650ab8dda3b7dfea,c826c40d7b19f62a09e2d7c5e7295ee2,2017-09-12 00:50:14,57.78,16.84
392240bf6b91914830b77ae8572cc0b7,2,f1cfcd7f3806fd98650ab8dda3b7dfea,c826c40d7b19f62a09e2d7c5e7295ee2,2017-09-12 00:50:14,57.78,16.84
392240bf6b91914830b77ae8572cc0b7,3,f1cfcd7f3806fd98650ab8dda3b7dfea,c826c40d7b19f62a09e2d7c5e7295ee2,2017-09-12 00:50:14,57.78,16.84
3933b209d011421f37238c408302ab6a,1,0705b33fb285827a578fce4899f1b921,318f287a62ab7ac10b703ac37435a231,2017-09-20 21:24:54,22.5,21.19
396edbf3fd93df6ebe7bb415f5af60c9,1,776ef0ee36e20757c513e64903f1fa8a,70a12e78e608ac31179aea7f8422044b,2017-09-08 12:55:17,98.0,38.24
3971977016b0fcd46db3cdcab9b04907,1,3429d7e4892a2df967fae671f4c98deb,900ba814c251a692506d7834c1218441,2017-09-27 11:50:08,370.47,19.33
3972df2fee6713723d3c001075f1a039,1,fb5192388e7614dee676e3fcafbd12ee,b372ee768ed69e46ca8cdbd267aa7a38,2017-09-21 05:15:24,35.0,15.1
397512738329930b9bf6d624b7db4969,1,5b2b72f58d212a6e4733884ef0ece564,dc4a0fc896dc34b0d5bfec8438291c80,2017-09-22 17:55:44,233.35,18.34
39ab7695b7b3ea8282b3e9b10f0dae4f,1,9cf9eb93f5d26169e4ced03e1ae55697,f5b44895715ddfe3087dc414f30268f3,2017-09-22 12:30:26,19.0,8.27
39b8653ff22b5a5633855beaae410b83,1,f7f59e6186e10983a061ac7bdb3494d6,729f06993dac8e860d4f02d7088ca48a,2017-09-20 09:50:12,34.9,15.98
39b8653ff22b5a5633855beaae410b83,2,f7f59e6186e10983a061ac7bdb3494d6,729f06993dac8e860d4f02d7088ca48a,2017-09-20 09:50:12,34.9,15.98
39c1dec2963c9b3f7390349ec9c4b241,1,362b773250263786dd58670d2df42c3b,4c2b230173bb36f9b240f2b8ac11786e,2017-10-04 02:56:14,39.9,15.1
39c1dec2963c9b3f7390349ec9c4b241,2,362b773250263786dd58670d2df42c3b,4c2b230173bb36f9b240f2b8ac11786e,2017-10-04 02:56:14,39.9,15.1
39cf873ad8dfacb60ab26448e511723a,1,7703b8cb5b77fbb36518ea91e2ca734f,6560211a19b47992c3666cc44a7e94c0,2017-09-20 15:44:15,39.0,7.78
39cffde7cac18d45ba04d0eda617e06c,1,d3c044bd42d84a79e3b0c42662806a48,4c2b230173bb36f9b240f2b8ac11786e,2017-10-03 15:49:18,25.9,14.1
39d92c90ecacf0e6411af62b7bcabe17,1,777d2e438a1b645f3aec9bd57e92672c,4a3ca9315b744ce9f8e9374361493884,2017-09-12 18:24:06,69.9,16.25
39f4de18c3b28bba19ed3eeac7b9ee33,1,61bb78313bc87f6637f26b39d8008ea7,cd68562d3f44870c08922d380acae552,2017-09-08 02:50:52,89.0,12.12
3a04af7ae8cc442a2dad55dec73fb2e6,1,07821918ef487fd64eb20b3c8aeb897f,e9bc59e7b60fc3063eb2290deda4cced,2017-10-03 08:49:19,173.9,15.97
3a04af7ae8cc442a2dad55dec73fb2e6,2,07821918ef487fd64eb20b3c8aeb897f,e9bc59e7b60fc3063eb2290deda4cced,2017-10-03 08:49:19,173.9,15.97
3a04af7ae8cc442a2dad55dec73fb2e6,3,07821918ef487fd64eb20b3c8aeb897f,e9bc59e7b60fc3063eb2290deda4cced,2017-10-03 08:49:19,173.9,15.97
3a090d54e49811f1f174f6b13d8bb359,1,4f3192a28c9da057319996e1502dc216,850f4f8af5ea87287ac68de36e29107f,2017-09-08 12:30:19,699.0,22.14
3a0ad73a22a4ca1af66f3f7ee5c6c3fd,1,7afa8c8eca2a26b599823eed4975a820,835f0f7810c76831d6c7d24c7a646d4d,2017-09-13 15:45:21,169.9,14.79
3a0b83e4ea6805a8d9c32b4c13b4112d,1,f7944bea06011a56749cb63cb546b89a,5b8154610ebb21fb90eb587365e673df,2017-09-14 19:30:23,454.99,24.81
3a218a39b942ae0341fb1d65dd5874df,1,c329abd2a10fad4a2f83377956328c67,adbe70ab2c97442046d393988c8d1d27,2017-09-13 13:15:14,59.9,9.34
3a55ce70e083a313526038fabb9b626f,1,b2e22c958b453a43a650a579dcac2e43,7e93a43ef30c4f03f38b393420bc753a,2017-10-02 04:14:17,399.99,18.56
3a61b3fbedc733000b0529431170ddf8,1,ea4d2100b24a14263ce28be19889f035,8f2ce03f928b567e3d56181ae20ae952,2017-09-22 16:35:42,99.9,20.19
3ab37da4c3d273ccd8635987b4a6003e,1,1d3ecbda18167c766a3381fd16108e4a,dbc22125167c298ef99da25668e1011f,2017-09-20 14:35:31,97.9,17.17
3ab9a6bf4d756738db47d0878cdfcf5b,1,25f81026d0b5452fcb9dcf95a155c093,3d0cd21d41671c46f82cd11176bf7277,2017-09-28 04:17:29,16.9,13.5
3ab9a6bf4d756738db47d0878cdfcf5b,2,25f81026d0b5452fcb9dcf95a155c093,3d0cd21d41671c46f82cd11176bf7277,2017-09-28 04:17:29,16.9,13.5
3ad057222aa3896524e1f8676a6fed66,1,16afd9cf37e1b340bc46822fdd8240aa,d1b65fc7debc3361ea86b5f14c68d2e2,2017-10-04 17:25:04,109.9,8.35
3af00e0602421aa412b0f4ef0ebdb6c4,1,87b42927619008f877bfcdd5068e7edf,b499c00f28f4b7069ff6550af8c1348a,2017-09-12 04:25:56,34.99,11.85
3afadc6f2579cb7709b4f798bb4b97b6,1,75eb4420c8baf2e1efd079c7b7f5d865,2f74af7a0ee5636f12c2336f9fffed47,2017-09-21 17:25:16,34.9,8.72
3afe0a2538a748619bef413a2699533c,1,74e901ea4caa0b0488e8350431c558e9,855668e0971d4dfd7bef1b6a4133b41b,2017-09-17 21:34:22,290.0,28.17
3b096d44d833b0bc4714a1ab1ba9d563,1,6a8631b72a2f8729b91514db87e771c0,128639473a139ac0f3e5f5ade55873a5,2017-09-14 14:30:21,27.9,15.1
3b12b05b1ef9fd1f18face4e10c50c2e,1,c7dc39bcc7f9bf8a9b253b8727a0cde5,7299e27ed73d2ad986de7f7c77d919fa,2017-09-14 01:10:19,40.0,15.1
3b12b05b1ef9fd1f18face4e10c50c2e,2,c7dc39bcc7f9bf8a9b253b8727a0cde5,7299e27ed73d2ad986de7f7c77d919fa,2017-09-14 01:10:19,40.0,15.1
3b12b05b1ef9fd1f18face4e10c50c2e,3,c7dc39bcc7f9bf8a9b253b8727a0cde5,7299e27ed73d2ad986de7f7c77d919fa,2017-09-14 01:10:19,40.0,15.1
3b12b05b1ef9fd1f18face4e10c50c2e,4,c7dc39bcc7f9bf8a9b253b8727a0cde5,7299e27ed73d2ad986de7f7c77d919fa,2017-09-14 01:10:19,40.0,15.1
3b12b05b1ef9fd1f18face4e10c50c2e,5,c7dc39bcc7f9bf8a9b253b8727a0cde5,7299e27ed73d2ad986de7f7c77d919fa,2017-09-14 01:10:19,40.0,15.1
3b4495ee12b140977975b7ef18c904aa,1,8458f51c49c1af4c4b388dab8810215f,955fee9216a65b617aa5c0531780ce60,2017-09-19 12:05:15,39.99,20.75
3b550d526029241325a94aa30a60cff0,1,01e66dc5bf4d5a186d856506a4f0fea2,a5dd1946fb63ada8bcaa0c9cd8f11e22,2017-09-15 14:25:18,24.41,12.6
3ba7ce85dc458d349b295ec9e55d2098,1,8fbd36d3b045f5f38b252b1513478f38,7e3f87d16fb353f408d467e74fbd8014,2017-09-28 04:15:58,38.9,15.79
3bb580c88504df63102b61f70164fb75,1,fe6a9515d655fa7936b8a7c841039f34,dc317f341ab0e22f39acbd9dbf9b4a1f,2017-09-20 19:25:18,249.9,69.21
3bb74b872f957fed010fcdbeaf517d5f,1,9fd2f153a01bbc71f5d9fe618da73738,46dc3b2cc0980fb8ec44634e21d2718e,2017-10-06 00:07:09,279.99,47.43
3bd5b8bba961482f0f6c2e3502ac63bf,1,764292b2b0f73f77a0272be03fdd45f3,bd23da7354813347129d751591d1a6e2,2017-09-14 05:15:29,89.9,16.39
3be2b1040cee4f1c19a48c57ca3d2640,1,d189fbf8b5d79a670cebcaaad68d77b2,0d85bbda9889ce1f7e63778d24f346eb,2017-09-18 09:35:13,59.9,25.26
3bf38a1291bd775229ca3420296fca97,1,9fc0c73ce4d0eaaead44e81eeefebeb0,c3867b4666c7d76867627c2f7fb22e21,2017-10-05 12:14:09,68.0,11.98
3bf5639554dc908f97a75a89878ad197,1,574597aaf385996112490308e37399ce,febab0275244b9a49a623f0bd613ca2f,2017-09-21 16:30:23,49.0,17.6
3c1c18de3b4459c8116a23272c4599d1,1,3bbacbe586e957acbf26c63b3ed532a3,729f06993dac8e860d4f02d7088ca48a,2017-10-01 23:27:33,144.9,43.42
3c2b7c318c6f9e50ae7845af21566a14,1,6a8631b72a2f8729b91514db87e771c0,128639473a139ac0f3e5f5ade55873a5,2017-10-05 02:32:11,25.9,16.79
3c2b7c318c6f9e50ae7845af21566a14,2,6a8631b72a2f8729b91514db87e771c0,128639473a139ac0f3e5f5ade55873a5,2017-10-05 02:32:11,25.9,16.79
3c34298915dda196e053873162f24bf4,1,094db48c531e5ce423c4b908ea96535c,86ccac0b835037332a596a33b6949ee1,2017-10-02 08:14:19,258.9,16.56
3c40fc70c7a1287e9616fb5dce615df1,1,29427de7f8a9ee983d9dbc51cec569b4,7a67c85e85bb2ce8582c35f2203ad736,2017-10-04 10:07:19,99.99,16.95
3c42071acf925f589bd9a83f291c6b8a,1,dc68ee0fcb033a1ab6714fbb5db60c15,02d35243ea2e497335cd0f076b45675d,2017-10-02 03:35:23,249.0,31.27
3c5223fd196a782f9d4c03c820caf004,1,f9cce3e19235fa7d11942f69caaa22c7,7202e2ba20579a9bd1acb29e61fe71f6,2017-09-21 12:55:20,279.9,35.76
3c5c2cfeea91d9a57ac3c979ec6c9d62,1,1ec486885049bbb9b79351d150ed18c4,cab85505710c7cb9b720bceb52b01cee,2017-09-14 00:25:26,49.9,17.63
3c79b868b9b049326ad7439c20e3a812,1,1c05e0964302b6cf68ca0d15f326c6ba,7c67e1448b00f6e969d365cea6b010ab,2017-09-27 03:06:12,129.99,34.27
3c86b0f3acff06bcd6f7c6577ba4bcd3,1,2a5806f10d0f00e5ad032dd2e3c8806e,7c67e1448b00f6e969d365cea6b010ab,2017-10-10 16:25:22,169.99,60.2
3c8876b8e5a484c81a1aa6c8bc4e65d6,1,77cc62dc80ebe12a0452d1ce0565acdc,218d46b86c1881d022bce9c68a7d4b15,2017-09-21 16:44:24,113.0,33.24
3ca5fa29d024e3690f532e492d590cc1,1,29427de7f8a9ee983d9dbc51cec569b4,7a67c85e85bb2ce8582c35f2203ad736,2017-09-15 13:10:20,99.99,16.95
3cba655faae78feacf27f20900c776e0,1,b36dfd58b43f37b9fd6424e0dfd42c63,8f2ce03f928b567e3d56181ae20ae952,2017-09-13 20:25:11,59.9,19.91
3cd7a167d6f4300d15a7c8816c1b29d5,1,63d6e7ab30f482382c9dfbbccae7da54,dadc51ef321949ec9a3ab25cd902e23d,2017-09-21 16:04:25,85.0,14.34
3d0a2787777e731001936c8a443b22fb,1,d58118713a21b8177e844c58eb83efe7,c68fb906c8f4b4b946d8386bfa6e5467,2017-09-20 10:25:46,44.63,17.92
3d0ac16c18908323710b11d877c0cac8,1,f08c59bc335a381d2b015c4efdc6dae3,cca3071e3e9bb7d12640c9fbe2301306,2017-09-28 23:28:31,50.9,12.7
3d17d211984312889a4d60f359859535,1,23bcd6822a33df5534f9b290216eec1f,ac3508719a1d8f5b7614b798f70af136,2017-10-03 12:07:26,129.9,25.75
3d218f39d04ff6b133d343aed4364de9,1,a7c87b1bbdd51e0d68b0307cffd03d47,7e93a43ef30c4f03f38b393420bc753a,2017-09-21 06:36:43,849.99,20.71
3d242cd631044a419d68e504892eacda,1,ce149636a055d9eded4cde55da9ebd3b,a6fe7de3d16f6149ffe280349a8535a0,2017-09-11 15:10:18,59.9,11.92
3d5651800efaa81c9c96808ded6f145e,1,ceb43e52119b25c8f2b6049a5534c339,6b243f80ed07b10f0e8aa0f21a205f3c,2017-09-21 19:45:39,64.9,15.21
3d6639fefdeff87974b80dc3da00bbec,1,a038fb43df28bc37115e29e63d9809b7,da8622b14eb17ae2831f4ac5b9dab84a,2017-09-11 20:50:18,99.9,9.55
3d6639fefdeff87974b80dc3da00bbec,2,bd1aace4fad5609f005fd721b45dcec4,da8622b14eb17ae2831f4ac5b9dab84a,2017-09-11 20:50:18,199.9,19.11
3d6639fefdeff87974b80dc3da00bbec,3,51c6445e30f155ba9dcbca79b13edf36,da8622b14eb17ae2831f4ac5b9dab84a,2017-09-11 20:50:18,199.9,19.11
3d777cc1e8cdc96f0ab058c715cb369b,1,af4d2eba32e1b183e1934671e7683d20,0adac9fbd9a2b63cccaac4f8756c1ca8,2017-09-20 20:06:07,8.9,15.1
3d782e9c655f398bd57fc44d3f02b515,1,7eb96ea641252f20b26fd6878d009a1d,955fee9216a65b617aa5c0531780ce60,2017-09-19 22:05:44,55.0,11.89
3dae6feef971cab19fbe93fb8d14eb13,1,389d119b48cf3043d311335e499d9c6b,1f50f920176fa81dab994f9023523100,2017-09-15 10:25:39,59.9,17.67
3db64ce753210d81c49f12e2c3b7bc75,1,ebee6703e867082f455a058a8bd04092,fc906263ca5083d09dce42fe02247800,2017-10-05 02:28:00,29.9,16.79
3dc4ddaa0680433039c690192fcf4eff,1,c412b0618351955b3643d844e914ab1b,b83cedfb587e7911540e3f576d6917ce,2017-09-21 23:30:15,124.9,18.12
3deef99fb2f658d2cc80673c81fe9195,1,fcdb929c70287379ce31deed3f733d72,dd2bdf855a9172734fbc3744021ae9b9,2017-09-29 14:55:25,209.9,16.22
3df55fc07ff463109ce0422439693aee,1,3f37f32e535d54ae9b3c1cf62aa76c43,cca3071e3e9bb7d12640c9fbe2301306,2017-09-11 02:31:39,52.64,20.38
3df55fc07ff463109ce0422439693aee,2,b3e40ff639c185b9d726b4b19c17e6cd,7a67c85e85bb2ce8582c35f2203ad736,2017-09-11 02:31:39,229.99,13.59
3e1298fc81396a1e3ad660c0cd0fab65,1,c40b12e92be6aee40cc2adab6693820c,a416b6a846a11724393025641d4edd5e,2017-10-04 16:07:10,190.0,14.35
3e226f225a5d4584d0bce05c962f6adb,1,9cc8a90a8f8b6a7b56a486b612b40efa,c3cfdc648177fdbbbb35635a37472c53,2017-09-21 19:55:11,135.9,17.2
3e24e141d5703b84337db96998991424,1,c56bf3984c2d59f53233c4bd82e8a5d1,82e0a475a88cc9595229d8029273f045,2017-09-26 16:25:46,218.9,17.29
3e4a8d7b151d4f81900cea441f80d544,1,b9142260cefbbd5688748061179bb7fe,a3e9a2c700480d9bb01fba070ba80a0e,2017-09-14 16:04:38,226.0,26.42
3e4c8b8720f04552af6dd97f6fc22ae5,1,3373d1ed7bf5f3187f110c0e9e40a02b,fc906263ca5083d09dce42fe02247800,2017-10-03 21:56:19,39.9,25.38
3e83b4493a5781b84799b5516cb2667c,1,ecb16469f307330a111729808a16db55,3b15288545f8928d3e65a8f949a28291,2017-09-25 09:25:16,69.99,12.83
3e9fee97691551e4a1444f095899d5f9,1,0efe972876d70927f5099b77f387c6c7,4a3ca9315b744ce9f8e9374361493884,2017-09-08 12:04:33,83.9,17.84
3ea2afb905927c34e0283d00eb811103,1,f5caa36f71f444c6508c84818cab5641,dd533b429f380718b70ad9922c294bae,2017-09-27 22:55:12,21.9,17.6
3eaaa0491f840f400dcfe9469dd5e205,1,d1133fab4bf2da55f3ebdd4de51d8587,86ccac0b835037332a596a33b6949ee1,2017-09-26 22:15:21,58.9,26.95
3eabbfdaf7e3dab4e322b3e40d35ff04,1,ee9bbf77fd02094848375de9fe61807c,7722b1df1b0e383e000397b2c11e3e19,2017-09-14 13:50:09,46.9,15.11
3eb0f85a2cf629b092487dbf1847ff9b,1,73353895a654703808e8ac484d6abe20,fa1a9dec3a9940c072684a46728bf1fc,2017-09-08 10:24:09,128.9,18.47
3edd1b04b1ee7569080c9e234c2b029f,1,741e14d6cfe9c7dfcace49c4a0989bf3,adbc26658d6c7b4b6219f9d934598091,2017-09-28 09:45:37,130.0,18.16
3edd1b04b1ee7569080c9e234c2b029f,2,c2fb73db15e28aa021dcf7b2856fef27,adbc26658d6c7b4b6219f9d934598091,2017-09-28 09:45:37,130.0,18.16
3ef5b20302c49fc70c926348301d065c,1,924a205abfeafade92cf663f19265e94,4ba52dfeba874da5b9ee7b17c7494f04,2017-09-21 19:10:16,79.0,18.12
3f0eeec2edc480e271fed817e2a9f6b6,1,02fbee632a2044d48ab16d57eec4db58,4a3ca9315b744ce9f8e9374361493884,2017-09-12 04:36:03,89.9,17.88
3f330c606a285a5bd1cf10b860dd6302,1,5f504b3a1c75b73d6151be81eb05bdc9,834f3294fba9f932f56edc879193f925,2017-09-28 17:45:23,610.0,37.54
3f49c44f8daf2224823379331514a723,1,b8c2cf7e813b0eb7ec62f7459217b22c,25c5c91f63607446a97b143d2d535d31,2017-09-29 02:56:00,270.9,48.43
3f49c44f8daf2224823379331514a723,2,b8c2cf7e813b0eb7ec62f7459217b22c,25c5c91f63607446a97b143d2d535d31,2017-09-29 02:56:00,270.9,48.43
3f5a1c29c5881cc9902ed702efbdde45,1,05b4647d7e40f280dc06e3d69deaba21,272f092de69afedd4d2969440b37f18f,2017-09-14 19:23:25,35.0,7.78
3f5a1c29c5881cc9902ed702efbdde45,2,05b4647d7e40f280dc06e3d69deaba21,272f092de69afedd4d2969440b37f18f,2017-09-14 19:23:25,35.0,7.78
3f5a1c29c5881cc9902ed702efbdde45,3,05b4647d7e40f280dc06e3d69deaba21,272f092de69afedd4d2969440b37f18f,2017-09-14 19:23:25,35.0,7.78
3f5a1c29c5881cc9902ed702efbdde45,4,05b4647d7e40f280dc06e3d69deaba21,272f092de69afedd4d2969440b37f18f,2017-09-14 19:23:25,35.0,7.78
3f5a1c29c5881cc9902ed702efbdde45,5,05b4647d7e40f280dc06e3d69deaba21,272f092de69afedd4d2969440b37f18f,2017-09-14 19:23:25,35.0,7.78
3f752ac8c1676fac14b0fdc9dc26539a,1,c756c946d61f5ffc068418badfb6302c,6560211a19b47992c3666cc44a7e94c0,2017-09-21 02:50:40,55.0,7.78
3f98bab30ef9c774b3cd5cc9407f5132,1,ae6b739ab6e9d7991fb2ddd70f9c0b6b,53e4c6e0f4312d4d2107a8c9cddf45cd,2017-10-05 02:24:41,42.0,12.23
3f9a35a487f683b49672e20b9343cc83,1,a42d9c825894f96fc6ed02610891454d,4d6d651bd7684af3fffabd5f08d12e5a,2017-09-25 17:10:28,69.9,20.98
3fb41161786b24f4fd477d6a3af4dedb,1,8844bd4b8ca8f93603694ca2bceb77e9,cc419e0650a3c5ba77189a1882b7556a,2017-09-11 16:45:11,84.99,9.41
3fd1f1349635cb4c9b1f43de5594396e,1,d3c044bd42d84a79e3b0c42662806a48,4c2b230173bb36f9b240f2b8ac11786e,2017-09-27 14:44:47,25.9,11.85
3fd2bc52f78d2ba4e12276c4ad7578b9,1,8097e6d8de77768d9f72295263e440fa,01bcc9d254a0143f0ce9791b960b2a47,2017-09-28 12:30:10,117.79,26.1
3fe87c4649dc474cb4fa2f31cfa06d4b,1,32539e75c9d0748f5e063f60e395cc57,aba1721a889e04decc910aa13b768ef4,2017-09-26 21:05:18,42.0,15.1
3ff25314bbe9dc1ec7c983499bdff8f2,1,6a23ae3187f1dac41b7210a8c7739d6b,1025f0e2d44d7041d6cf58b6550e0bfa,2017-09-27 22:44:26,38.4,16.79
3ff25314bbe9dc1ec7c983499bdff8f2,2,6a23ae3187f1dac41b7210a8c7739d6b,1025f0e2d44d7041d6cf58b6550e0bfa,2017-09-27 22:44:26,38.4,16.79
4000a14f1fc84e2943e3440a9089be35,1,75d6b6963340c6063f7f4cfcccfe6a30,cc419e0650a3c5ba77189a1882b7556a,2017-10-05 22:56:41,56.99,14.15
40153acbaa4888eff1e5e778798f30c4,1,06c6e01186af8b98ee1fc9e01f9471e9,fc906263ca5083d09dce42fe02247800,2017-10-05 18:07:28,29.9,14.1
4019dc88e273c81a8e284257bb938f42,1,a5bc15d5136b84537fb92bb7c06f6837,4a3ca9315b744ce9f8e9374361493884,2017-09-08 07:50:29,169.0,21.67
401fb6dadb664eaebc2a116c4672147f,1,964dd0fcba2ca4eff8e31ec74a77d41d,259f7b5e6e482c230e5bfaa670b6bb8f,2017-09-21 02:15:24,35.99,16.6
4023a76299303d17458bcb9419d0f6e6,1,cd96152f38323aa8177e3a72d6558518,e333046ce6517bd8bb510291d44f0130,2017-09-14 12:05:32,129.0,16.53
40262293c197d4d72d008b6c544f688c,1,146a4eb8f7cef9788fecff10b104dec3,1bb2bdb95f4841f1bba2c0d2cd83d3c9,2017-10-03 19:07:17,25.0,14.1
403fee786bf2a91a88cb6bb0ac68d07f,1,5e34d2963378695699827b6e629392b4,38e679b9e0064cd94c6f035707344dae,2017-10-02 06:33:32,79.27,12.68
403fee786bf2a91a88cb6bb0ac68d07f,2,5e34d2963378695699827b6e629392b4,38e679b9e0064cd94c6f035707344dae,2017-10-02 06:33:32,79.27,12.68
405700c657d0b6fb125f7507a0bce1c7,1,c20a3f598c16d77249da67e81caa8317,955fee9216a65b617aa5c0531780ce60,2017-09-13 13:45:12,48.0,15.11
405be8487a7fde1db0bc31ad6b08050a,1,0693bcecfea57f2ad547d1ff56c7d9ea,cfb1a033743668a192316f3c6d1d2671,2017-09-08 16:55:20,15.9,9.94
406e77234ec47031020fa6bf9507b59b,1,16e42459e56f3df24a195ca8bab5bb81,5d3bb11474a06bdc23fb9e89f1164ee0,2017-09-13 21:44:00,419.8,45.31
407ce0da1b714dff0e358c57b4d7bd39,1,7debe59b10825e89c1cbcc8b190c85e2,46dc3b2cc0980fb8ec44634e21d2718e,2017-10-03 16:49:16,349.99,18.21
4088827527ce8c088c35a2e493940b55,1,53759a2ecddad2bb87a079a1f1519f73,1f50f920176fa81dab994f9023523100,2017-09-13 19:50:26,59.9,17.67
408bba49e507e2efa9fbb77966ca4697,1,03613e666b3919a3e807eac45a8f2731,edd066cd02126d7800f9b66e980e9931,2017-10-05 20:49:25,147.0,31.78
40943871fddded9badd0c7a30758807c,1,32cb6749793d719633c12cfa2df51268,ececbfcff9804a2d6b40f589df8eef2b,2017-09-12 04:44:13,97.99,12.19
40956e6dd1d3604c48f437352e4dc3d3,1,068ceaa8a3d9d385cbf53d5335f89f80,c68fb906c8f4b4b946d8386bfa6e5467,2017-09-13 21:43:59,118.88,20.07
409e4a6eadbdc33f16ccf0bda01eec1f,1,17704da54fb7512da5a72cc3b227185e,a416b6a846a11724393025641d4edd5e,2017-09-13 02:44:03,179.9,16.02
40a1c5c49a15e72aac742ee4ff8308b5,1,ebe731afbcf530cfaa1e5260be512e9b,80e6699fe29150b372a0c8a1ebf7dcc8,2017-09-21 12:05:08,169.0,19.42
40b0b27e8d44ac649c24ff5e2a7afae1,1,53b36df67ebb7c41585e8d54d6772e08,4869f7a5dfa277a7dca6462dcf3b52b2,2017-09-25 03:36:40,138.0,15.72
40c2eb45ee5466b22abb610d218db754,1,578075103bbe96f4ed89f77852b81b98,1835b56ce799e6a4dc4eddc053f04066,2017-09-21 22:36:59,38.6,15.1
40cc087704cdc9456b35cb98bbd6c8fe,1,fe6a9515d655fa7936b8a7c841039f34,dc317f341ab0e22f39acbd9dbf9b4a1f,2017-09-27 22:48:06,249.9,37.37
40d2b678e613d0819d981630832e422f,1,b10eba910a974df70b8a12d0665cdb9e,a3e9a2c700480d9bb01fba070ba80a0e,2017-09-14 14:24:03,38.0,16.11
40db4f0f82bffb39d451e25160375df2,1,863c8ced004542495e1025bb14124580,3d871de0142ce09b7081e2b9d1733cb1,2017-09-25 19:35:12,69.0,13.5
40de47dfa620d667117e4a6067b6e1ec,1,d678178aa4291cd25a755a90188375c8,1025f0e2d44d7041d6cf58b6550e0bfa,2017-09-10 22:33:43,38.4,15.1
40de47dfa620d667117e4a6067b6e1ec,2,d678178aa4291cd25a755a90188375c8,1025f0e2d44d7041d6cf58b6550e0bfa,2017-09-10 22:33:43,38.4,15.1
40de47dfa620d667117e4a6067b6e1ec,3,d678178aa4291cd25a755a90188375c8,1025f0e2d44d7041d6cf58b6550e0bfa,2017-09-10 22:33:43,38.4,15.1
40f263da2fff3c6d39ed98ff3700546b,1,3bbacbe586e957acbf26c63b3ed532a3,729f06993dac8e860d4f02d7088ca48a,2017-09-27 17:06:05,144.9,21.5
4100b7218003e76b7c95e82ab07b3fdc,1,08574b074924071f4e201e151b152b4e,001cca7ae9ae17fb1caed9dfb1094831,2017-09-07 22:26:08,99.0,45.99
4100b7218003e76b7c95e82ab07b3fdc,2,08574b074924071f4e201e151b152b4e,001cca7ae9ae17fb1caed9dfb1094831,2017-09-07 22:26:08,99.0,45.99
410ca30ef54d25e4deaf8d5babbed030,1,1ac09f60f3c3bc2021c637ef23fa3248,46dc3b2cc0980fb8ec44634e21d2718e,2017-09-25 03:33:10,99.99,17.14
411b8901b201804f134429744b17b686,1,fa4e8255202fd921350a6fc716710dae,2b3e4a2a3ea8e01938cabda2a3e5cc79,2017-09-25 19:05:21,248.99,9.0
4139faf4f621fe4b49e3e0d71bce665c,1,9ecadb84c81da840dbf3564378b586e9,1025f0e2d44d7041d6cf58b6550e0bfa,2017-09-15 16:25:16,38.4,8.56
4139faf4f621fe4b49e3e0d71bce665c,2,7b5d9a68d3738077e0100d0528dd707d,1025f0e2d44d7041d6cf58b6550e0bfa,2017-09-15 16:25:16,38.4,8.56
4150ef14f79d08c4772445de6db77c0d,1,0aabfb375647d9738ad0f7b4ea3653b1,37515688008a7a40ac93e3b2e4ab203f,2017-09-18 04:44:23,19.9,15.1
4151292eea8dc7551c93d61feb56c44b,1,0d146484c69d613fe015c0229056b065,d20b021d3efdf267a402c402a48ea64b,2017-10-02 21:35:10,10.9,15.1
4151292eea8dc7551c93d61feb56c44b,2,0d146484c69d613fe015c0229056b065,d20b021d3efdf267a402c402a48ea64b,2017-10-02 21:35:10,10.9,15.1
415e206741f6c13328e16559b1b85b54,1,502ed403f8e1f7d179ba2f64172af3e9,1d8dbc4f32378d715c717c1c1fc57bae,2017-09-08 13:10:15,139.0,20.21
417a0034ecdc989212079f64368eccc9,1,1871f846d88e6b0632e1058b61d35964,70a12e78e608ac31179aea7f8422044b,2017-09-15 10:25:38,45.0,11.85
4186a414a7029f2b82f4a83d93151ef6,1,c6336fa91fbd87c359e44f5dca5a90ed,4c2b230173bb36f9b240f2b8ac11786e,2017-09-26 02:10:22,45.9,11.85
4189d7b1c5bfba9152bf1ea5efab2be8,1,c7a25fcdfacd75badad0a90956707833,4830e40640734fc1c52cd21127c341d4,2017-09-19 23:05:38,15.0,7.78
418f0357219acb197a035fe8a48572c4,1,d1a864b43eab0ff2a9181a1ffef72744,6edacfd9f9074789dad6d62ba7950b9c,2017-09-13 18:50:14,46.9,14.1
41a164c8a106bd1bd634b33340f2199f,1,533282178a0de6f31a7d6fa9f2eea7c8,ebd2d60905fb58271facef5596b620d3,2017-09-11 14:25:21,78.9,38.1
41a207671f292d00ffea01b171f2a30b,1,7703b8cb5b77fbb36518ea91e2ca734f,6560211a19b47992c3666cc44a7e94c0,2017-09-11 09:32:33,39.0,7.78
41a207671f292d00ffea01b171f2a30b,2,f883c296edea388761ae3de2bc4870f3,6560211a19b47992c3666cc44a7e94c0,2017-09-11 09:32:33,45.0,7.78
41a9892d27af50019d56c037a3256cab,1,d4a56b9816c864d22d8b40c16999208b,fe4cd9461203cee790d36792420b310f,2017-09-12 22:43:24,117.7,15.57
41b7994f6fdd38dc855f6f6a5c61b459,1,d902e8400cd0c58b64ea157af940e670,05f51e13da97139648b8125c31e5f51b,2017-09-12 15:35:20,129.9,22.78
41ce93449a43ac04521c49ec611fd11b,1,58af7b4490d18df213fb7c5e7a42ce97,134a288e7de827ec5ec62e3ec9c3a295,2017-09-25 03:33:37,125.0,19.41
41d6a7b15ec6c87722ac10f480c1d5e3,1,fde71f25e699ca0a2a83a6c3a249b816,bc2ac6b95e1accce9858528ee566c17e,2017-09-08 17:03:46,61.0,9.34
41f1c1e22e7befb68bd39a783477ffb2,1,880be32f4db1d9f6e2bec38fb6ac23ab,fa40cc5b934574b62717c68f3d678b6d,2017-09-21 01:10:08,44.9,7.78
4208d8402138f772f9c189a1859e1f55,1,1528d0673079ce2d79d29753b800d76e,01fdefa7697d26ad920e9e0346d4bd1b,2017-09-28 17:10:26,59.9,13.44
4209ee3387ac1d2f5a5569fabb412118,1,1a64be9825a124a4b43d1e19bac03a44,4cf490a58259286ada5ba8525ba9e84a,2017-10-05 17:50:22,123.9,15.62
4210d6c8e386746480631c5c8075e77e,1,fd0dc040197a6ac42d115243a8cee1dc,a17f621c590ea0fab3d5d883e1630ec6,2017-09-28 13:10:10,19.33,8.27
42299af0a6ded1aaf44fa88f6c57dfac,1,10be5827cbcb06a81f220d46dafd0af0,1464afc72f696af775557a821c2e253f,2017-09-21 18:25:08,26.9,16.79
422c7b02842de5256c6ae63a6898a64f,1,431d674f9a4fbd0957ecf6ba3fcb6899,53243585a1d6dc2643021fd1853d8905,2017-09-15 20:04:14,299.99,22.9
4244beeae3f68e6527250aa88ea5346c,1,fcdb929c70287379ce31deed3f733d72,dd2bdf855a9172734fbc3744021ae9b9,2017-09-28 16:50:15,209.9,13.6
427b93d447dc29957700648673d6256f,1,ff9032482857269e8683f0c2f8ba4709,0ebd97a106433a45a4aebe57c1799778,2017-09-08 15:03:39,69.9,14.17
427b93d447dc29957700648673d6256f,2,a57ac492e4e2cbad73b694cce2ba4b7f,0ea22c1cfbdc755f86b9b54b39c16043,2017-09-08 15:03:39,44.9,14.17
42802b4a173a8c9b8a7039b19c419fc6,1,41cd333a4af5e36df81fc0b83ccf8e2d,5dceca129747e92ff8ef7a997dc4f8ca,2017-10-02 15:49:29,388.0,25.59
42895607072db349b61edb6cdbc363a3,1,f1c7f353075ce59d8a6f3cf58f419c9c,37be5a7c751166fbc5f8ccba4119e043,2017-09-15 13:30:14,185.0,28.67
42ba12b4f475fa439830ed994ad57b96,1,f4f20f082b033ee3aaff51af1ed25a5d,ec8879960bd2221d5c32f8e12f7da711,2017-09-15 13:04:07,99.9,13.25
42d15019c60a46495bef1e6d0e9b7ae8,1,380b4664ba5bb18cc9db78ee6bac3558,6560211a19b47992c3666cc44a7e94c0,2017-09-28 05:34:31,29.0,34.15
42e5c3d52d0b11e3e6f9020b44dc0f04,1,53759a2ecddad2bb87a079a1f1519f73,1f50f920176fa81dab994f9023523100,2017-09-22 17:30:30,59.9,13.44
42f5954cda381bd032934ee38c453711,1,c66f4d77ea8fb8fb4cd25ecc70dbacf7,cca3071e3e9bb7d12640c9fbe2301306,2017-09-27 14:25:46,179.46,21.75
42f5954cda381bd032934ee38c453711,2,0f8fbb821185443113de3e04ef989be6,dc4a0fc896dc34b0d5bfec8438291c80,2017-09-27 14:25:46,179.46,21.75
42faa5e8832ee94d503e6a18da7b671f,1,7bcf2266b78ccc737b8f26f925d3c5d4,1464afc72f696af775557a821c2e253f,2017-09-28 10:45:54,42.9,15.1
4308f4544f700c2e5bc48a12f92b60ec,1,94475071013412139f862c0bd7e3bb37,955fee9216a65b617aa5c0531780ce60,2017-10-03 13:07:28,39.99,25.38
430bd310105f069ac72ef7758f40299b,1,9cf421049bcfaf6983bf0dfb40831a03,403aa86912527d730337ffcb0fb096ab,2017-09-11 18:24:00,299.99,17.86
431a73cf857d30d431ab61a5ed6909d8,1,99a4788cb24856965c36a24e339b6058,4a3ca9315b744ce9f8e9374361493884,2017-09-12 16:15:14,89.9,16.26
431deec11a68067a1366683c3614d364,1,fecf6223a3494f35362f670e571d2a04,3db66a856d18a9cba7c9241fc5221c50,2017-10-05 02:14:20,69.9,16.25
432c429c86371b479f48d4aed000409d,1,00faa46f36261af8bbf3a4d37fa4841b,b372ee768ed69e46ca8cdbd267aa7a38,2017-10-04 02:46:19,270.0,16.64
434061e3b7fa3c393982a25fe1664a57,1,368c6c730842d78016ad823897a372db,1f50f920176fa81dab994f9023523100,2017-10-05 02:30:35,59.9,17.67
434061e3b7fa3c393982a25fe1664a57,2,368c6c730842d78016ad823897a372db,1f50f920176fa81dab994f9023523100,2017-10-05 02:30:35,59.9,17.67
43424eb217e25cdb0dd935ff90f8188c,1,e0d64dcfaa3b6db5c54ca298ae101d05,4869f7a5dfa277a7dca6462dcf3b52b2,2017-09-25 12:25:17,158.0,16.74
4351879fb74d0a37b9c8dad7ba7e59de,1,17ad6786808ab3fedfb261a70a5932d6,b2ba3715d723d245138f291a6fe42594,2017-10-09 04:14:16,119.9,17.28
435f78ae47ece6a55453fc7f80f19ed1,1,3d3cd6379eb6ac4e8e617574a1d0d145,dc4a0fc896dc34b0d5bfec8438291c80,2017-10-02 02:26:37,59.9,16.18
4384784d5523bb60e52390503d3c2789,1,1dc7685f4fdb9622d84ae2ec658d5bbf,165fc07beebdcb6190fba8a06db2a449,2017-09-19 03:30:23,189.0,14.34
4385f30f644c4a6964dfef0a175611c3,1,54af11c815f92135fb554bd9c97dd418,004c9cd9d87a3c30c522c48c4fc07416,2017-09-15 13:24:08,69.9,38.04
4386700b3af86ed03733e04c9d3b2926,1,0a57f7d2c983bcf8188589a5fea4a8da,4869f7a5dfa277a7dca6462dcf3b52b2,2017-10-02 11:27:33,117.0,12.32
438a2e6f8c015ee413fa7c74b72db18c,1,98d3d093647c91f5bd575773f6eab9e1,7040e82f899a04d1b434b795a43b4617,2017-09-28 11:35:26,35.9,14.1
438f4256ef380bc7d658773ed817a480,1,e54464e95c9fb80e4edefa0ba49133c1,8f119a0aee85c0c8fc534629734e94fd,2017-10-05 15:50:36,54.0,9.34
4393a63adeef0f3e606c78bd143f044d,1,b746f0f77468910428130facb2ee2d1f,080102cd0a76b09e0dcf55fcacc60e05,2017-09-08 15:25:49,42.79,14.1
43b496a7732ace398ea4eb3bd520ab22,1,901283b66481331ad99c4eb953c04c43,1976a05ecf2996d6ffb7b5430e635fe7,2017-09-14 22:55:17,498.8,171.5
43bd50a07cc1758b29b32804f1a6d552,1,a8cbbc135053b18c499ae6a0b278b50d,9b1050e85becf3ae99c1cf4934c9bc5d,2017-09-28 11:06:14,42.57,15.1
43c0147ac5c2cd461632f6b12eddf8f6,1,154e7e31ebfa092203795c972e5804a6,cc419e0650a3c5ba77189a1882b7556a,2017-10-05 03:56:37,23.99,15.1
43cf87bce9a2df259cbe04f3effece28,1,90b7c42b2aff33b8f12c37d4c6588f99,8f2ce03f928b567e3d56181ae20ae952,2017-09-21 19:36:09,189.9,20.82
44118a76298b0f15de5861da01b63f64,1,544ffb995c65fbbe68f36f36e388dede,229c3efbfb0ea2058de4ccdfbc3d784a,2017-09-25 12:55:16,167.0,15.93
441e21387d52f5f2e85249669881fc79,1,fcdb929c70287379ce31deed3f733d72,dd2bdf855a9172734fbc3744021ae9b9,2017-09-28 01:10:23,209.9,15.22
4427e7da064254d8af538aca447a560c,1,764292b2b0f73f77a0272be03fdd45f3,bd23da7354813347129d751591d1a6e2,2017-09-26 02:11:19,89.9,12.97
442be05839341a530c60503334ac0488,1,7cda56607ef8d61eb1573d80f1b57ae3,3ca08eeb8d5595949fed424bd3677742,2017-09-27 13:04:41,79.99,17.13
444f0e1730bea305c2101a19267fb7b7,1,5e65e068400cdced025ac4801d36ed4d,2a5b78b41cd05baeac8df54c6606b92c,2017-09-18 14:30:36,136.77,15.71
4452080876f5de5c69e66d6d8b9e10cc,1,ba0aeab8fee0bfc98bb3bfbc321e6d9d,53e4c6e0f4312d4d2107a8c9cddf45cd,2017-09-15 16:15:17,105.0,16.98
44815cc7c0caea31d6002373f52bec23,1,6a0713a63e990052795623e76cc2995e,d2374cbcbb3ca4ab1086534108cc3ab7,2017-09-21 10:08:13,72.9,27.05
44820bce2c8acaec4817ffc156cca3db,1,c7fd13b5e515bffdab855d0812842edb,1025f0e2d44d7041d6cf58b6550e0bfa,2017-09-14 02:44:09,78.0,18.12
449654c058a6cc5502474ed6694b181a,1,aafff0a607f7a35ec845b6def642057c,c3cfdc648177fdbbbb35635a37472c53,2017-09-12 12:30:16,195.9,39.16
449e7790774601c0b03963b03aa6b193,1,8fd08967e24c75e4db60e884f54cb32b,c3867b4666c7d76867627c2f7fb22e21,2017-10-03 04:07:31,119.0,25.67
44a7a7517b62c54dff21797684d6425d,1,8580e348f827bc4699d12de9afc2305f,54a1852d1b8f10312c55e906355666ee,2017-09-21 10:10:18,29.99,34.15
44aec9c2be37dd0f0b954562c94ccfec,1,210feb9ae3b060d29ec884aac60e5f10,7a67c85e85bb2ce8582c35f2203ad736,2017-10-02 14:37:48,149.99,18.3
44bff723bc2f864855ed3807ea7157c6,1,2078312a2dcf1fcd8a38eabcf5dd033a,30a2f535bb48308f991d0b9ad4a8c4bb,2017-09-28 18:25:12,49.9,9.09
44d8d6537512d2e5754fb6b3c19b602c,1,5328338cfaa16ba10561cd970c73ca11,12b9676b00f60f3b700e83af21824c0e,2017-09-27 02:55:43,199.0,18.64
44f656d7fbb37d161491617473307a59,1,3570caaeaa3f5a1ae76392bb2b4155f9,7008613ea464bad5cb9b83456e1e6a8f,2017-09-08 14:44:56,58.0,46.94
4516299f280a0f30720256ae0cd592d6,1,701381eb0d8b3d7b33e0892adc8b0172,e5a3438891c0bfdb9394643f95273d8e,2017-09-19 18:25:46,29.9,16.79
45193dbb3e96a6b68bcd317c6f840fb5,1,25e8c983d94d410066929065c0d9cf53,3b15288545f8928d3e65a8f949a28291,2017-10-02 16:15:08,106.99,17.25
45193dbb3e96a6b68bcd317c6f840fb5,2,a52c53c58fd2105adfe80a817dfa5a76,3b15288545f8928d3e65a8f949a28291,2017-10-02 16:15:08,106.99,17.25
451f91bceb227dfaad37f67168fbfd59,1,9f39e03276af0a6bbf2459ec383a19e6,6e864f5c4669eff3d98140a07cc50202,2017-09-19 23:30:11,137.4,12.17
452994e9759d6496b4b9667faf1c7af4,1,fb55982be901439613a95940feefd9ee,3d871de0142ce09b7081e2b9d1733cb1,2017-10-02 01:00:14,79.0,13.57
453887e7d1a2fbd4beda6f9dbeaf1b4d,1,9ac3471b9357338ea8054108a00389e3,0afccdb8a34ee5c79f7c06faf2b4d56e,2017-09-14 18:23:24,39.9,15.1
453c644fedbe45275213438c93f3d0ce,1,42e640b8fe7fa0bef227e6ad92c6e9c9,0df3984f9dfb3d49ac6366acbd3bbb85,2017-09-13 20:10:08,41.9,12.48
4550b64fee9966c0a5d7b0b9f7606f10,1,c1e5b96342357985d492c02b4279ce9b,c3867b4666c7d76867627c2f7fb22e21,2017-09-21 10:30:13,159.9,14.14
45522a6bce54dc165a36fb047fbdc12f,1,cfb133b7458336455fa60b97ac3aaba9,3d871de0142ce09b7081e2b9d1733cb1,2017-09-26 18:05:55,35.0,16.11
45522a6bce54dc165a36fb047fbdc12f,2,d815c471ccb5ba83a8c49fc5ecb28266,3d871de0142ce09b7081e2b9d1733cb1,2017-09-26 18:05:55,45.0,16.11
456e593fb7f3e6083eb5adf9a48290f8,1,edfbb2566914ddd223d3bd6fa1e9693c,8444e55c1f13cd5c179851e5ca5ebd00,2017-09-25 08:24:51,305.28,15.16
4574345c7d99730212061b6152f81928,1,568c923625669145cc9a644856fccd14,3c487ae8f8d7542beff5788e2e0aea83,2017-09-18 15:44:19,229.9,17.05
4574345c7d99730212061b6152f81928,2,568c923625669145cc9a644856fccd14,3c487ae8f8d7542beff5788e2e0aea83,2017-09-18 15:44:19,229.9,17.05
4574345c7d99730212061b6152f81928,3,568c923625669145cc9a644856fccd14,3c487ae8f8d7542beff5788e2e0aea83,2017-09-18 15:44:19,229.9,17.05
4574345c7d99730212061b6152f81928,4,568c923625669145cc9a644856fccd14,3c487ae8f8d7542beff5788e2e0aea83,2017-09-18 15:44:19,229.9,17.05
457714bcb907cac0b11252276a09f406,1,418d8bb517562fb8e8a2f1c5de0afa70,9646c3513289980f17226a2fc4720dbd,2017-09-13 14:55:24,19.9,16.11
4599caaeb7614fc2c3aa1d74531005e1,1,380b4664ba5bb18cc9db78ee6bac3558,6560211a19b47992c3666cc44a7e94c0,2017-09-13 10:33:48,29.0,17.63
45a0a5dc315fa233270e5c4778e54e87,1,f63729cf4441fe64282cd1b82281792d,70eea00b476a314817cefde4aad4f89a,2017-09-25 11:34:20,200.0,14.52
45aa62cda08ddcf57a8d58b5fee12500,1,b7b6040b62676dcd6d4ddd81088a70dc,6cd68b3ed6d59aaa9fece558ad360c0a,2017-10-03 15:07:23,47.9,12.48
45b62a8b5201fc31f705344b2d9e55de,1,f71c0f4ee48321ba6b82205b2fc9e08f,bd23da7354813347129d751591d1a6e2,2017-09-18 13:05:33,98.9,17.94
45ef0cf6b60d59760bc550fe33d12570,1,422879e10f46682990de24d770e7f83d,1f50f920176fa81dab994f9023523100,2017-09-18 19:24:33,59.9,17.67
45ef0cf6b60d59760bc550fe33d12570,2,422879e10f46682990de24d770e7f83d,1f50f920176fa81dab994f9023523100,2017-09-18 19:24:33,59.9,17.67
4603709e5e41c0247684e02398ef89ba,1,4c2394abfbac7ff59ec7a420918562fa,cc419e0650a3c5ba77189a1882b7556a,2017-09-17 22:25:20,84.99,16.35
460d57443ffdcaeba240360239747cf7,1,915c18c67d0b3cd469475eccc0d1a7bb,128639473a139ac0f3e5f5ade55873a5,2017-09-08 20:45:16,18.9,15.1
460eec79907c666bcac2d1a397907b2b,1,4d94f51353a058d28468a03ebe1aae33,f593898ec748b7a8cb81fc04edafd98a,2017-09-21 22:35:10,225.0,54.17
46119d4ee7d3833acd9807e510fd9790,1,0554df77f3ed2e36e06c60eb65dc357a,57e632711dec9ec14ca7546769483e7e,2017-10-04 02:56:55,132.9,15.68
46187163a72a66be74e80f184c79226e,1,15908820640cd392b3655fb94cbbc0a8,13f57c12a00ed4610db646b913a7f5c6,2017-09-29 10:26:19,37.9,8.27
462d31fa1e455018e0402328d54afb18,1,6cf14dbbc3b753384a72cf9c57119063,3078096983cf766a32a06257648502d1,2017-09-27 14:44:45,186.99,16.94
462f5581ea52a4b865cc8e66f70661a1,1,b206760d97dbc76527bb07029a6179cb,85d9eb9ddc5d00ca9336a2219c97bb13,2017-10-15 22:14:51,38.9,12.48
4638df545f7ab35cb2e4ed4bcb490e17,1,b2b7d701c1f12d5a0f52ec90b0a8f819,17f51e7198701186712e53a39c564617,2017-09-22 19:50:24,760.0,142.35
4642b5eb7edc14a4a0dd2c2eb7b68e14,1,7c1bd920dbdf22470b68bde975dd3ccf,cc419e0650a3c5ba77189a1882b7556a,2017-09-18 21:33:44,58.99,11.73
465c108e33e2b7e6953f020140a457ba,1,d6160fb7873f184099d9bc95e30376af,53243585a1d6dc2643021fd1853d8905,2017-09-12 20:55:20,1299.9,41.55
4671212f0e4f559c957baffa7a97aec5,1,e29f2f8197f332ab172ad9ea6566853d,e9bc59e7b60fc3063eb2290deda4cced,2017-10-04 03:05:17,98.9,17.13
4671212f0e4f559c957baffa7a97aec5,2,e29f2f8197f332ab172ad9ea6566853d,e9bc59e7b60fc3063eb2290deda4cced,2017-10-04 03:05:17,98.9,17.13
46a82de7cb247602021cb71731323fd4,1,8268f227748ea57889478c74ca12d151,4a3ca9315b744ce9f8e9374361493884,2017-09-28 00:30:17,220.0,66.17
46aecd246f390bf2157edfeed11b5433,1,72b88dcc0910a3d1db986870c1515029,83deb69e889cf80f82be1dc6d5f2d486,2017-09-20 09:50:19,94.9,31.33
46afec49491e4385870de60c96bc956e,1,1d3ecbda18167c766a3381fd16108e4a,dbc22125167c298ef99da25668e1011f,2017-09-15 11:15:20,97.9,21.18
46b39d2dce11278e24c0f17526d0f21c,1,ff5d7f21d255435967dfbe72b5dcdb57,70a12e78e608ac31179aea7f8422044b,2017-09-12 19:24:04,39.0,11.85
46d7f4b6bd94be776c180799b944fa43,1,618a8dac41d5f04a248927a5f44c1f13,048c2757535328e0d7dac690ad3c0aae,2017-09-18 19:50:22,149.9,14.07
46e9d7656b730f837d195fbd5c2e8124,1,777a181e167987349d104ece27e7e112,4a3ca9315b744ce9f8e9374361493884,2017-09-26 23:04:40,286.4,79.02
46f3c70ec2c3e58a0c126aeb5d10d9b9,1,8e630a6101b33d99671d79b67b87052d,2528513dd95219a6013d4d05176e391a,2017-09-15 19:50:23,599.0,96.61
46f4f24ca77f8bccb2d56ad99d9d9c3c,1,3c0f50234e2cac5b619f358d4325be0d,3d871de0142ce09b7081e2b9d1733cb1,2017-10-03 09:07:09,69.0,17.73
46fddecb6bfd9977d21332483ca3fb5c,1,461f43be3bdf8844e65b62d9ac2c7a5a,4869f7a5dfa277a7dca6462dcf3b52b2,2017-10-02 19:35:10,159.9,15.87
4703d00191e1f41e4d2f979ff7612729,1,d1c427060a0f73f6b889a5c7c61f2ac4,a1043bafd471dff536d0c462352beb48,2017-09-21 12:50:33,149.99,40.38
4707f0f97bea0fc228ca902efc1bae4a,1,75a320dd19d196149ee1514926d97bff,70f84699be677ec988d1fa824aef7d90,2017-09-26 21:05:19,249.9,35.55
471d17c72b833d90af58cd4fc9bd5942,1,154e7e31ebfa092203795c972e5804a6,cc419e0650a3c5ba77189a1882b7556a,2017-09-21 04:44:57,23.99,17.63
47420d7f7e141ae9974351d8a438f759,1,3a21e6f5a154a5b03b6edb8fc6b24c5d,bf3c6d2a28b2b5501e6c15448982dcc9,2017-09-08 11:50:23,49.9,15.1
47531efe4ed25555eba8637f9f6dc6ee,1,5b59b0c94f8e31d14fe89dbbfda3df6c,dd2bdf855a9172734fbc3744021ae9b9,2017-09-26 22:24:13,69.9,20.89
475daaf912c5d6077ae695875f9e02dd,1,3db75f31b76375c502f64d550dcd1166,85d9eb9ddc5d00ca9336a2219c97bb13,2017-09-22 04:44:23,31.9,16.79
4769dacef1cb49763ff733ddbcafd4b1,1,c4eee3eae1ec39ae9e5f25b18f0cb4b6,26d8a1c7c75d513045798992ead43aa2,2017-09-08 09:30:08,45.99,12.48
479715da59efdc67c1722f985a94d18c,1,462ca84097e3116f8dc7642fb057b4b2,85d9eb9ddc5d00ca9336a2219c97bb13,2017-09-11 02:31:38,27.9,14.1
47a89cb464c37056a399f117cb24e485,1,f63729cf4441fe64282cd1b82281792d,70eea00b476a314817cefde4aad4f89a,2017-10-05 12:07:16,200.0,13.96
47aae990d1ea088fd601ee94fcdfe652,1,bb50f2e236e5eea0100680137654686c,f7ba60f8c3f99e7ee4042fdef03b70c4,2017-09-27 22:35:25,325.0,10.47
47d62434b47743d5c247a683f40fe56c,1,abba23912bdeb1990bd1efa30d888384,fa1c13f2614d7b5c4749cbc52fecda94,2017-09-13 15:10:23,139.9,26.26
47f126e7f64951d597355b1f8e2d2f49,1,e0d64dcfaa3b6db5c54ca298ae101d05,4869f7a5dfa277a7dca6462dcf3b52b2,2017-09-28 01:30:09,158.0,21.6
480000ff61d2f961973107967439a4af,1,f9392dda35e35d69c08288c2c670897f,4200ddf1967c5e41e48db62bc6d4b5ac,2017-09-12 22:35:12,16.9,11.85
4831c3fa6b2f1e1d7e0a30ad0eede36d,1,2028bf1b01cafb2d2b1901fca4083222,cc419e0650a3c5ba77189a1882b7556a,2017-10-09 21:07:15,56.99,8.72
483e06611c77dee5a2e4b91b489eb95e,1,c21afe62d4629a660593fd9b5e6223bb,ea8482cd71df3c1969d7b9473ff13abc,2017-09-21 15:15:16,29.99,14.1
483e06611c77dee5a2e4b91b489eb95e,2,c21afe62d4629a660593fd9b5e6223bb,ea8482cd71df3c1969d7b9473ff13abc,2017-09-21 15:15:16,29.99,14.1
4878c3e81ce858124e902e2ecd97e6de,1,c07d367dd7b78b0558e7a3e1e1a975c8,4a3ca9315b744ce9f8e9374361493884,2017-10-03 11:49:56,422.0,33.7
487c027c71928d6a1401ed7e13ad94ec,1,ca38c039b717207dec906f4fa9a21db7,01bcc9d254a0143f0ce9791b960b2a47,2017-09-28 08:25:37,158.7,36.43
4883042a7a5f22fee4e519f15da7f9e2,1,f35927953ed82e19d06ad3aac2f06353,669ae81880e08f269a64487cfb287169,2017-09-20 21:50:15,115.0,15.56
48a8a6c760d13fbcdf6542200ce572b5,1,3c242072afadf856cb9471ea7ead620d,46dc3b2cc0980fb8ec44634e21d2718e,2017-09-13 15:30:15,89.99,16.07
48aa77d876153f53a73647dd55d01691,1,5f504b3a1c75b73d6151be81eb05bdc9,834f3294fba9f932f56edc879193f925,2017-09-27 14:44:43,610.0,37.54
48d892b7a89ca7f4d0b1dd13d3d053fc,1,b623b7cb05ee3248fbe4a6ecbeed79a4,7aa4334be125fcdd2ba64b3180029f14,2017-09-20 06:45:16,74.8,28.92
48ff0f8a939349e708998008053afbc7,1,c045b19fdb30a3035c56d04c6fe2e622,259f7b5e6e482c230e5bfaa670b6bb8f,2017-09-28 22:10:14,54.9,13.08
4908c7c1919e42e7662e3cbd307edf74,1,ea3da91e6ba865972f9344cb9265296b,ec4608a1f76453166bb312b2968aeaf4,2017-09-26 08:50:20,23.49,44.81
490f30e8fa50cb3ef01058c9ab43048d,1,8fbcb15797c830eb81cb3368ffe4a851,f8db351d8c4c4c22c6835c19a46f01b0,2017-09-27 22:50:16,36.9,12.69
490f7da8ce3ca75b4405e631eb3703d7,1,56d3607592dec4aae037173a6cfd02f0,4992e76a42cb3aad7a7047e0d3d7e729,2017-09-25 12:55:15,26.9,7.78
491973b24e759d56ee5fb0e7477a823b,1,1015bdc42b2ec0548e728cdc0ad72380,f5a590cf36251cf1162ea35bef76fe84,2017-10-05 14:35:20,810.0,18.22
4929d4d047361715eb1ad08b7affce93,1,a57ab86297770909f4b2ab98b15bad66,270297ead4c65a6cd2593960d2af6b21,2017-09-20 20:05:18,1199.95,52.86
493264ead614f3a1fed5ad555318b37f,1,9b77a0a174a0b29b5720de6cfcc17ba9,85d9eb9ddc5d00ca9336a2219c97bb13,2017-10-06 04:15:15,31.9,15.79
493ba31a3539787ea13a41ca2ca33ef1,1,f1c7f353075ce59d8a6f3cf58f419c9c,37be5a7c751166fbc5f8ccba4119e043,2017-09-25 09:05:37,158.0,38.25
493bfa3afd1c7c384e300b4f4b511048,1,b4fc7e84dcaf2fcf3edb234e30362929,c3867b4666c7d76867627c2f7fb22e21,2017-09-14 13:05:11,125.0,18.12
4969cddf1cd3a57ea95fe8c3b89a7018,1,88dd63919fc9ab693803578a04a20209,7ddcbb64b5bc1ef36ca8c151f6ec77df,2017-09-20 12:05:10,39.99,14.1
4969cddf1cd3a57ea95fe8c3b89a7018,2,88dd63919fc9ab693803578a04a20209,7ddcbb64b5bc1ef36ca8c151f6ec77df,2017-09-20 12:05:10,39.99,14.1
4969cddf1cd3a57ea95fe8c3b89a7018,3,88dd63919fc9ab693803578a04a20209,7ddcbb64b5bc1ef36ca8c151f6ec77df,2017-09-20 12:05:10,39.99,14.1
496ed3d2f9bcb86cb243f5e9fe1627e5,1,5f00c50de3d989194f0439e343480372,3b15288545f8928d3e65a8f949a28291,2017-09-27 16:50:27,77.99,17.8
496ed3d2f9bcb86cb243f5e9fe1627e5,2,5f00c50de3d989194f0439e343480372,3b15288545f8928d3e65a8f949a28291,2017-09-27 16:50:27,77.99,17.8
497557705ed42b9e7678b808d1f21dbb,1,f353779abb6114db5f8f79fbad12e375,d379f449f2a3b271bc01c0782020f705,2017-09-18 15:10:22,82.5,33.94
497f5eac35f2a5804033ed08649cc8e3,1,2b4609f8948be18874494203496bc318,cc419e0650a3c5ba77189a1882b7556a,2017-09-18 05:15:22,89.99,12.13
49822ac9e14074c1575428d613ac3889,1,70f4c097cdc97babddd3f3bd03c43c26,e06f09ec0a4aca210779cf1cfc63cf19,2017-09-21 11:10:21,55.0,98.02
498461a2f4ef628aa153ee9d3c57eab2,1,060cb19345d90064d1015407193c233d,8581055ce74af1daba164fdbd55a40de,2017-10-02 03:28:09,147.9,34.7
49a95a5cddee3f11fafeb8227253bbbc,1,6ff26ef9ee033313afc8e84810a11079,abe42c5d03695b4257b5c6cbf4e6784e,2017-10-05 16:56:24,439.0,16.82
49b689eeebb45115d1a871b368692412,1,327fdf75bf08afa5ea0959ed59dab2ab,1da3aeb70d7989d1e6d9b0e887f97c23,2017-10-02 03:49:12,12.99,7.78
49bfd44c750b412b6c1312637fb82abf,1,bb7181410b4e02f93f3697f765db53c7,855668e0971d4dfd7bef1b6a4133b41b,2017-09-18 16:04:53,109.99,46.24
49f3e0aebd23234fa195ebbcb8687171,1,130482add9fd75ccb6c57ba007694a2d,87142160b41353c4e5fca2360caf6f92,2017-09-18 01:55:08,105.0,14.94
4a03ac27b6a5ba3e30014433ff93cb80,1,056b837251897cfc6f46d3643bad614f,1127b7f2594683f2510f1c2c834a486b,2017-09-29 09:15:17,85.9,16.36
4a111e830982efaa7fcd45ff081543ec,1,c6ea63369936552872ae890c82175b4b,37be5a7c751166fbc5f8ccba4119e043,2017-09-25 13:35:20,165.99,17.87
4a1c1edef82d76596ea0209327be3ff5,1,2028bf1b01cafb2d2b1901fca4083222,cc419e0650a3c5ba77189a1882b7556a,2017-09-29 02:10:15,56.99,8.72
4a1c3a5476f1ec2b160b6ccd4e8d8719,1,f9f899bf492ac59cf645a6c93eb91e05,7c67e1448b00f6e969d365cea6b010ab,2017-10-03 09:50:24,44.99,27.73
4a1c3a5476f1ec2b160b6ccd4e8d8719,2,f9f899bf492ac59cf645a6c93eb91e05,7c67e1448b00f6e969d365cea6b010ab,2017-10-03 09:50:24,44.99,27.73
4a1c3a5476f1ec2b160b6ccd4e8d8719,3,f9f899bf492ac59cf645a6c93eb91e05,7c67e1448b00f6e969d365cea6b010ab,2017-10-03 09:50:24,44.99,27.73
4a2415018bd75fb37bb24471baa6364a,1,c73c029653f68c6a83cb371dd148adbd,3b15288545f8928d3e65a8f949a28291,2017-09-18 22:55:11,145.99,21.51
4a5d255caafbd8a6296a119b0611d858,1,c0047dd512738c1a067099c37b78f627,855668e0971d4dfd7bef1b6a4133b41b,2017-09-21 08:50:16,25.0,15.1
4a6275d157fb6be4f1a49ee025e68c18,1,504f07e36481e5e72043def3d874b92a,2e1c9f22be269ef4643f826c9e650a52,2017-09-21 23:20:47,89.99,27.17
4a686b47e7eecbd136617bf8ae7c9af4,1,3fc389e2eb3142d4050cc178c82de0a4,1025f0e2d44d7041d6cf58b6550e0bfa,2017-09-13 14:24:56,31.0,25.63
4a6c7fdefcd879e7b3eca9f4e8186c76,1,caf9add3dcd98d688be0064d9faf65b1,870d0118f7a9d85960f29ad89d5d989a,2017-09-13 21:03:29,54.9,25.22
4a9a9d64ccb1bbcb0db6634dbfae10d6,1,ce7186656e3ec080cba4fb895b9b90cf,7a67c85e85bb2ce8582c35f2203ad736,2017-09-11 11:24:24,12.99,16.11
4aa92c909b164d4b1529ca7fbbe2fd73,1,4601231c3480315049971ea0a61d3839,6560211a19b47992c3666cc44a7e94c0,2017-09-25 03:35:56,79.0,15.3
4ab8d41a01fbd0a52d7de288e25463ac,1,efad749f1311a53b69d30ceed3baa52a,897060da8b9a21f655304d50fd935913,2017-10-02 13:49:36,16.16,15.1
4abace28e7ad35184649078401530a5c,1,10163fabc9375e9bb72a109272730c6b,4a3ca9315b744ce9f8e9374361493884,2017-09-11 17:24:02,119.9,12.34
4ac359198f4d710af51b6c3083465d63,1,39e38f0813b0c9604db569e538db3b44,0432ead42b6c8a0bdf68154add917fdf,2017-09-28 11:10:16,109.9,21.57
4ac735cd851ba30e7b280f7e045544a0,1,08d708da93f03eb686328dbb33bb731e,f5f46307a4d15880ca14fab4ad9dfc9b,2017-09-21 10:30:19,149.99,27.59
4ae185f9012953118f9adcf6817a21bc,1,322ecdda3eff7439376c27a5114fd114,48162d548f5b1b11b9d29d1e01f75a61,2017-09-13 04:24:46,72.8,9.27
4af895c94fe197a1da73b4aa9e727831,1,f7f59e6186e10983a061ac7bdb3494d6,729f06993dac8e860d4f02d7088ca48a,2017-09-21 11:24:40,34.9,15.98
4b1040aa6e3c7ff89edf86fa35c340f3,1,b5b5a82ce5f1987b7e670f37629be51b,8b28d096634035667e8263d57ba3368c,2017-09-27 22:47:41,59.9,17.67
4b12f358f41e11521989fd788736079b,1,b623b7cb05ee3248fbe4a6ecbeed79a4,7aa4334be125fcdd2ba64b3180029f14,2017-10-04 03:07:16,74.8,13.54
4b3a605942f29d490cb74bd6ace6b9f0,1,ffd4bf4306745865e5692f69bd237893,d98eec89afa3380e14463da2aabaea72,2017-10-05 09:44:12,29.99,8.11
4b46a88e1ef489d0f8a7d454153636c3,1,f510b05e475dddcb832edeebeea10f20,1336efc61c316ddf92c899eb817f7cae,2017-09-08 08:10:11,46.0,16.11
4b4af79eb26f80dbef369da4a4cd1d45,1,108e8b1d89ab5ff933c64882c075dcab,659e8466eb3ff1b0e8740d74fb7bbedd,2017-09-11 11:55:23,94.5,34.46
4b50301723cea92f13519f3ecd8f09f3,1,a38b238734207eeb0388676235cf56ec,86ccac0b835037332a596a33b6949ee1,2017-09-25 03:33:12,128.9,25.74
4b50640b1e15eabd0db5c82c7c1d8037,1,ed2067a9c1f79553088a3c67b99a9f97,cbd996ad3c1b7dc71fd0e5f5df9087e2,2017-10-02 12:55:09,56.97,16.16
4b5f8550e687d71b64917312c8574b4b,1,f555f8c0d7d8e7a84284ef3cc3d6b84e,2e1c9f22be269ef4643f826c9e650a52,2017-09-26 15:50:29,39.99,7.78
4b641d699688dcb4ede9708f83bd3b5a,1,2632e16b0014b5afd885ac27e0042358,17e34d8224d27a541263c4c64b11a56b,2017-10-05 20:14:17,106.74,18.0
4b69646ae09c307e88da19eb05ee2aeb,1,46434aefd24c5d19f7e7baebf97b796d,ec8879960bd2221d5c32f8e12f7da711,2017-10-06 00:49:23,254.9,29.14
4b69fe6557f0b4574967a8ccf31628f5,1,ee47f3323aacfeba9e122400e5200fe5,b6e1504972665f739dec4facb9943775,2017-09-18 00:30:15,137.9,25.81
4b6d65eba5c9f94bda2a9874ab2f640f,1,ea44caac707f7f1325182a538007f838,855668e0971d4dfd7bef1b6a4133b41b,2017-10-04 20:24:57,50.0,11.73
4b723c793fead9a09146174b94577802,1,98b22c1129886cbd7fcae69d1c93e442,da8622b14eb17ae2831f4ac5b9dab84a,2017-09-08 10:45:18,89.9,17.88
4b7bf1f7eb492ad33680ba2cb4c4ba56,1,2136c70bbe723d338fab53da3c03e6dc,6560211a19b47992c3666cc44a7e94c0,2017-09-12 04:24:48,29.0,6.31
4b7bf1f7eb492ad33680ba2cb4c4ba56,2,e57eb018e37376580079825eb29a3419,b1fc4f64df5a0e8b6913ab38803c57a9,2017-09-12 04:24:48,80.0,15.76
4b936f52e9d0886cbe8ab2c15fa0a71f,1,0a57f7d2c983bcf8188589a5fea4a8da,4869f7a5dfa277a7dca6462dcf3b52b2,2017-10-02 11:10:12,117.0,12.32
4ba950df08c74788b24c665c7e40d4ae,1,7686fe49c98ae1c537b5cc51992f5d20,9d5a9018aee56acb367ba9c3f05d1d6a,2017-09-19 13:10:25,172.33,18.49
4bad794236d71eada0390ce3edb591fc,1,8cf306b87f5f0832d70505004465e39f,835f0f7810c76831d6c7d24c7a646d4d,2017-09-20 22:24:15,69.9,8.72
4bc02ff9a093f3cc4119a960969f5f74,1,68fcd6e074680a12b9fa38a42bbfec1c,fa1c13f2614d7b5c4749cbc52fecda94,2017-09-12 21:10:11,174.9,15.97
4bd3e6b766bff00e2f3a4ba364f1a0ee,1,5f504b3a1c75b73d6151be81eb05bdc9,834f3294fba9f932f56edc879193f925,2017-09-26 00:46:04,610.0,37.54
4bd5c5a34598363e3de64b820db3d3f3,1,f1c7f353075ce59d8a6f3cf58f419c9c,37be5a7c751166fbc5f8ccba4119e043,2017-09-29 01:45:15,148.0,51.74
4bd5c5a34598363e3de64b820db3d3f3,2,c6ea63369936552872ae890c82175b4b,37be5a7c751166fbc5f8ccba4119e043,2017-09-29 01:45:15,158.0,0.08
4c20d86993fc699419a84cbd9ffab181,1,4e424a1cee1626e101d211bd604b10e0,7178f9f4dd81dcef02f62acdf8151e01,2017-10-06 03:06:10,29.9,15.1
4c2c259b29ccdc4072a5b520dbf864c9,1,70c9ac8c8391f7aaf375c752eb40d265,a3a38f4affed601eb87a97788c949667,2017-09-29 11:44:38,239.0,18.92
4c30a2a359ec6761932ab678ab9752b4,1,a8a491b1916fc6801cbebd09e7c02567,db4350fd57ae30082dec7acbaacc17f9,2017-09-14 05:10:24,21.99,34.15
4c77961d5a6909826862fe6d8881f1b3,1,3b37da20f1b1b8d79065208761003a69,8b28d096634035667e8263d57ba3368c,2017-09-27 22:45:36,19.9,11.85
4c7c393fba69ff5ae2565a9065c284b9,1,06ad93d66e91d09df5ce746906d9658b,da8622b14eb17ae2831f4ac5b9dab84a,2017-09-21 23:24:54,199.9,26.24
4c7edd82fbbb32ade762d3daae1fe796,1,3730ebdd8d5df28fa300574307887fd9,870d0118f7a9d85960f29ad89d5d989a,2017-09-28 02:26:08,22.5,14.08
4c8f39a65890981ff48b24f1899db560,1,560ed840b584c6aef5c8959366dfd41e,5dceca129747e92ff8ef7a997dc4f8ca,2017-09-19 18:25:44,388.0,25.59
4caa878dd26539c88f5243c6bd277ad5,1,aa5d6a9bd4be367ae1a3a29c323c7c11,e9779976487b77c6d4ac45f75ec7afe9,2017-10-02 11:49:22,130.0,8.65
4cb8cb3ecb5dbc9df36cb56451499a0f,1,c9c0435c9331c27dc487a2dc1738a32c,f4db9b37944bcb8873e6b456ee190bbf,2017-09-14 00:03:08,169.99,38.33
4cc2ebba3c2ad873d27b23ecdfb87d92,1,0e839be47c2dc028ca3d90e65732b14c,eed78ac17f7f795a19a709745f00cd4e,2017-09-19 03:10:14,59.9,15.17
4cc2ebba3c2ad873d27b23ecdfb87d92,2,0e839be47c2dc028ca3d90e65732b14c,eed78ac17f7f795a19a709745f00cd4e,2017-09-19 03:10:14,59.9,15.17
4cc2ebba3c2ad873d27b23ecdfb87d92,3,0e839be47c2dc028ca3d90e65732b14c,eed78ac17f7f795a19a709745f00cd4e,2017-09-19 03:10:14,59.9,15.17
4cca039d4d51fb8f0e1e302327c30de5,1,f5b11b51f8a211b6f304a2e351325384,2138ccb85b11a4ec1e37afbd1c8eda1f,2017-09-25 03:36:30,18.99,15.1
4cd2e432faef34e3616ec529f1106de6,1,32aeecc02aa5adcb7f75155a80a47836,55a5b51f93f2b70ea513f5a047b0262a,2017-09-08 11:55:22,128.7,21.39
4ce497c83d9c68348561cada6e2a2869,1,c32788bc915b1ce4316822a1b7c4ec91,53e4c6e0f4312d4d2107a8c9cddf45cd,2017-10-02 08:07:11,43.9,16.6
4ce497c83d9c68348561cada6e2a2869,2,c32788bc915b1ce4316822a1b7c4ec91,53e4c6e0f4312d4d2107a8c9cddf45cd,2017-10-02 08:07:11,43.9,16.6
4d171855324a9f6bbfceca895af66e6b,1,a50acd33ba7a8da8e9db65094fa990a4,8581055ce74af1daba164fdbd55a40de,2017-09-29 16:25:16,117.3,21.66
4d6ff00ff70bc8add58ab6f275c2b61d,1,f422d0d9f8b5f7c27289382b14b61248,1554a68530182680ad5c8b042c3ab563,2017-10-04 09:30:22,66.99,19.71
4d7a50dd7785d456154efdc27f2154b8,1,b532349fe46b38fbc7bb3914c1bdae07,1025f0e2d44d7041d6cf58b6550e0bfa,2017-09-29 04:16:42,38.4,16.11
4d7a50dd7785d456154efdc27f2154b8,2,b532349fe46b38fbc7bb3914c1bdae07,1025f0e2d44d7041d6cf58b6550e0bfa,2017-09-29 04:16:42,38.4,16.11
4d7a50dd7785d456154efdc27f2154b8,3,b532349fe46b38fbc7bb3914c1bdae07,1025f0e2d44d7041d6cf58b6550e0bfa,2017-09-29 04:16:42,38.4,16.11
4d7b8667b2e583a64e2241b51d25f3f7,1,e3425df9bd51be69917273c9dd92ed5e,86ccac0b835037332a596a33b6949ee1,2017-09-14 12:55:14,67.9,20.97
4d8d0b4795fe858361a2b29c14556e83,1,d189fbf8b5d79a670cebcaaad68d77b2,0d85bbda9889ce1f7e63778d24f346eb,2017-09-13 13:30:13,59.9,25.26
4d9466366a6ea93d8bbd504529c9a1cf,1,72172e982e8b92155069e4201c92c0bb,e9779976487b77c6d4ac45f75ec7afe9,2017-10-01 21:24:45,37.49,9.27
4da788e62b434b077a87840fe701ddc1,1,6a1c65dbbecc1ece8c22856122a774ac,1025f0e2d44d7041d6cf58b6550e0bfa,2017-09-14 11:50:13,250.0,54.35
4db7592df9b6ac416a36fe91e06682ea,1,06c6e01186af8b98ee1fc9e01f9471e9,fc906263ca5083d09dce42fe02247800,2017-09-15 15:45:32,29.9,14.1
4db771b122558d0298a38db86178edcd,1,8c591ab0ca519558779df02023177f44,a1043bafd471dff536d0c462352beb48,2017-09-27 02:55:32,99.0,38.21
4dbb73a3a009b001629be0d1f5d6bfa6,1,9abb00920aae319ef9eba674b7d2e6ff,1771297ac436903d1dd6b0e9279aa505,2017-09-19 23:05:40,35.39,14.1
4dc7ae5758351e21e544e7cb0e1f7738,1,72d3bf1d3a790f8874096fcf860e3eff,0bae85eb84b9fb3bd773911e89288d54,2017-10-02 21:49:36,38.25,17.92
4df721b8d3b3a4803b1704f3676a420f,1,ee3cfb33869693f2a7e8417c795d8cfc,0c7533c71df861ec58ad7ff999ed0e8d,2017-09-18 04:55:18,34.9,7.78
4e022ead5e2400d39b29402c979aa681,1,2d188e4d3435b1bf29dfd385b324de2c,3078096983cf766a32a06257648502d1,2017-10-04 03:07:18,52.99,12.71
4e022ead5e2400d39b29402c979aa681,2,2d188e4d3435b1bf29dfd385b324de2c,3078096983cf766a32a06257648502d1,2017-10-04 03:07:18,52.99,12.71
4e022ead5e2400d39b29402c979aa681,3,2d188e4d3435b1bf29dfd385b324de2c,3078096983cf766a32a06257648502d1,2017-10-04 03:07:18,52.99,12.71
4e022ead5e2400d39b29402c979aa681,4,2d188e4d3435b1bf29dfd385b324de2c,3078096983cf766a32a06257648502d1,2017-10-04 03:07:18,52.99,12.71
4e022ead5e2400d39b29402c979aa681,5,2d188e4d3435b1bf29dfd385b324de2c,3078096983cf766a32a06257648502d1,2017-10-04 03:07:18,52.99,12.71
4e05179f3e0dc912276faf9da529cf6b,1,06c6e01186af8b98ee1fc9e01f9471e9,fc906263ca5083d09dce42fe02247800,2017-09-21 12:30:10,29.9,16.79
4e10b30aa3a183071fafee98c886bc7d,1,4c82c8d31845d751d797debc3d03697f,ce27a3cc3c8cc1ea79d11e561e9bebb6,2017-09-19 10:15:21,18.9,7.78
4e2be877bb8fb4d51fc622a758abb7d9,1,343f9a709f19a5f4af650ac0b0ca7f74,710e3548e02bc1d2831dfc4f1b5b14d4,2017-09-14 09:24:23,43.99,16.11
4e3c983f32057e27037663715a3fde5f,1,8973ef2da217ed7a8e15dc3c7c5c96aa,f63d8f293af3a6454377546bd9dd19ff,2017-09-28 02:26:33,45.99,17.6
4e3cf72d676f793f15859c9ae34be2ad,1,389d119b48cf3043d311335e499d9c6b,1f50f920176fa81dab994f9023523100,2017-09-12 13:50:10,59.9,13.44
4e3cf72d676f793f15859c9ae34be2ad,2,389d119b48cf3043d311335e499d9c6b,1f50f920176fa81dab994f9023523100,2017-09-12 13:50:10,59.9,13.44
4e4bcd8837ffdbe350288d7fa0948c01,1,99a4788cb24856965c36a24e339b6058,4a3ca9315b744ce9f8e9374361493884,2017-09-19 21:50:21,89.9,21.12
4e50ee5ebc37a770f257082adfbeff18,1,226be9996759442f90f73b7d24c6baff,c6a7539d424a8402232c2228d7a03c5e,2017-09-14 03:04:18,40.5,16.11
4e645edf6d8d91302d90770e9fbf1f91,1,b0961721fd839e9982420e807758a2a6,1f50f920176fa81dab994f9023523100,2017-09-13 22:35:12,59.9,13.44
4e645edf6d8d91302d90770e9fbf1f91,2,b0961721fd839e9982420e807758a2a6,1f50f920176fa81dab994f9023523100,2017-09-13 22:35:12,59.9,13.44
4e67f143b0c25b22aeab8e13b0dfba81,1,c7fd13b5e515bffdab855d0812842edb,1025f0e2d44d7041d6cf58b6550e0bfa,2017-10-03 22:28:22,78.0,9.36
4eaf46d0d0e2afdb37847eaaed37d71a,1,3006b8f5b476750a03137c1b2755cea1,06e5eefc71ec47ae763c5c6f8db7064f,2017-09-14 20:55:06,126.12,13.01
4ee7221f81fc4aa1e0324dac310f87b6,1,6a94cf283fcc6b16942f0d13f35fa7b3,44073f8b7e41514de3b7815dd0237f4f,2017-09-29 20:07:14,116.0,14.56
4f037f852cf9b1a96760775d55221c33,1,d3257d83b50d04301c9d969a0e2ec4ee,6560211a19b47992c3666cc44a7e94c0,2017-09-17 22:43:52,69.0,15.23
4f8a03b97cc268f215aa05dd3aaf9147,1,4182ad8f6fd91b6064f2d1097d8a4291,b56906f7fd1696e043f1bcce164c487b,2017-09-28 19:45:34,34.99,13.37
4f99d1a7b0d2308edf45baa6997ac961,1,7fda46e6f8996ebe3acf684cca0124c2,3b15288545f8928d3e65a8f949a28291,2017-09-25 17:55:18,99.99,25.54
4fb59cc4950521f470473ef761b30d7e,1,f691cdacdf6ea42e5cde08d10928f90b,81336a0f57a33776419727a300249e90,2017-09-18 21:24:08,189.9,18.58
4fb5f75a2ff520a28e987e6cb5435022,1,0335b2f76fdeed85180abe8c6c444aa4,7c67e1448b00f6e969d365cea6b010ab,2017-09-19 11:35:14,159.99,18.83
4fb5f75a2ff520a28e987e6cb5435022,2,0335b2f76fdeed85180abe8c6c444aa4,7c67e1448b00f6e969d365cea6b010ab,2017-09-19 11:35:14,159.99,18.83
4fb5f75a2ff520a28e987e6cb5435022,3,0335b2f76fdeed85180abe8c6c444aa4,7c67e1448b00f6e969d365cea6b010ab,2017-09-19 11:35:14,159.99,18.83
4fb5f75a2ff520a28e987e6cb5435022,4,0335b2f76fdeed85180abe8c6c444aa4,7c67e1448b00f6e969d365cea6b010ab,2017-09-19 11:35:14,159.99,18.83
4fb826a738895055159e95010e189c69,1,dc3503150b2bd7dbbb59168d88cd7550,dbc22125167c298ef99da25668e1011f,2017-09-19 13:37:06,48.9,16.11
4fba3b9d5278d363d0c484bcbc816584,1,b512f3c014a02179181951e048ed73cb,391fc6631aebcf3004804e51b40bcf1e,2017-09-24 23:55:14,69.79,13.51
4fba3b9d5278d363d0c484bcbc816584,2,a996a4fecaea5e7e2638d2c5078ebf4b,391fc6631aebcf3004804e51b40bcf1e,2017-09-24 23:55:14,69.88,13.51
4fe87ba02ffa026600dce759f9fcd02e,1,8021eec060840489d25c322ee7fa5ed4,7040e82f899a04d1b434b795a43b4617,2017-09-19 21:55:08,38.9,11.85
4febe1be4f45c27a03af55f77bcffbbe,1,eea1d0033f3735c72d0501fdc2be0437,7c67e1448b00f6e969d365cea6b010ab,2017-09-19 10:37:58,279.99,91.19
4ff36f43b95e4fbebfa94b98f8f33847,1,35afc973633aaeb6b877ff57b2793310,4a3ca9315b744ce9f8e9374361493884,2017-10-02 12:04:24,89.9,17.88
4ff46a29d577865d29d0f31408b3eddf,1,d2797d29d3fe4ed73ad93ecbca2ce7c8,0bae85eb84b9fb3bd773911e89288d54,2017-09-08 16:45:04,24.28,20.27
4ff46a29d577865d29d0f31408b3eddf,2,8daced7e1565e80fd1b57d24ff973a61,e333046ce6517bd8bb510291d44f0130,2017-09-08 16:45:04,67.0,20.27
4ff5089ec54ccbbccc7334916e882e00,1,a208b8f91710996b4d3de5d3ee103efb,4e17c65a516f69d023a2ae78b84f28d6,2017-10-13 11:45:22,79.0,9.37
4ff9dbb3b682b9c1a8f93e22dce70106,1,c7c99e372ec2f873701c20e3a00ff29c,7d76b645482be4a332374e8223836592,2017-09-08 11:45:22,16.9,21.15
500da3334d495dbdd1c35b6d1a33c004,1,154e7e31ebfa092203795c972e5804a6,cc419e0650a3c5ba77189a1882b7556a,2017-10-05 21:49:43,23.99,34.15
50151c507e6dfcc7435d9805ff95a548,1,af0a917aec9cea3b353ece61a8825326,da8622b14eb17ae2831f4ac5b9dab84a,2017-09-08 03:04:54,89.9,13.65
501938daca40dd78b00d458bed7f28d2,1,9f65cd1fc2c7cf6ad8bc3d8c038abe44,7178f9f4dd81dcef02f62acdf8151e01,2017-09-26 09:10:12,84.9,34.39
5046b5aa838475ca6c22f6b4e2a59783,1,a6413454f8b18d633f57f5ade4de8fdd,dc4a0fc896dc34b0d5bfec8438291c80,2017-09-21 11:04:30,129.34,21.4
504b7c1b22122e429928dcd1ecab50c2,1,7d50930301709838d8e90dcac5cfaa84,9616352088dcf83a7c06637f4ebf1c80,2017-09-20 13:10:18,59.9,17.99
505176e13ad63d7d438d19f018e52c56,1,211d84789fe01a27d1e5e12a60a30c85,b56906f7fd1696e043f1bcce164c487b,2017-10-02 16:14:18,59.2,23.28
505a3bb5ff0c07fe7d0557cab70693ae,1,6ae3f85f46a37844372252496c77b4d8,53243585a1d6dc2643021fd1853d8905,2017-09-11 12:55:15,180.0,13.51
505ad05b659736f51f674522b701d9a5,1,84a87daa85c8b432d90bc1baa0cb4388,aafe36600ce604f205b86b5084d3d767,2017-09-26 21:15:29,59.9,15.18
507cff923e04506e6c70d01593656415,1,4cc8bfa581f41841ce5e24aba773a44a,1835b56ce799e6a4dc4eddc053f04066,2017-09-21 10:50:27,56.99,12.74
50ae47026ede04338be3d8711d8e8a7a,1,5357939c29929b47a0e3923da9155fbd,d91fb3b7d041e83b64a00a3edfb37e4f,2017-09-08 15:50:11,185.0,16.04
50b12be3bc56611c2bfcc398100bc07b,1,6186a25dd2b885087bbf0863e5245d46,7040e82f899a04d1b434b795a43b4617,2017-09-28 11:03:36,89.9,15.38
50ce8749a5de60da0378aedfa46c1e6d,1,4293865e4ead3d446609086b4cfedb4f,da8622b14eb17ae2831f4ac5b9dab84a,2017-09-14 17:10:16,119.9,18.09
50f90eb24d38ad16db65067a4d519498,1,28a652ff04e43c1bc57937a9f8770f9b,3d871de0142ce09b7081e2b9d1733cb1,2017-10-02 11:49:09,99.0,17.94
51357ca072c84c0efbec90b3a3a1afb9,1,616c1294c57a15354902fb69420fdc2f,4a3ca9315b744ce9f8e9374361493884,2017-10-05 02:24:44,82.9,17.83
51427a59ed7cf06820364d94af7a6f7a,1,4914f8796af2ecd359fd8f44b9b92339,c826c40d7b19f62a09e2d7c5e7295ee2,2017-09-27 03:10:06,49.77,15.79
5144dbb4f6ca252c6c13a14f26c3fbe6,1,1528d0673079ce2d79d29753b800d76e,01fdefa7697d26ad920e9e0346d4bd1b,2017-09-18 22:15:23,59.9,35.74
5174c535c7d862bf64c17f5e66a77f72,1,708f6b02ad4aaa6535c5e040f13a9762,1d8dbc4f32378d715c717c1c1fc57bae,2017-10-03 03:34:13,109.9,18.02
517c5482beb73742b5f8b08e4197dde6,1,111d8a7b2ef16e6e8c71a069075f8771,e8f6dc8e6a1dcde89d20e3995c8d90b3,2017-10-13 13:05:12,19.9,14.1
5188f7ae18cdf7538841648a7e49bbbf,1,a8d2c5e8f29550a539f377d977f10a52,7e1fb0a3ebfb01ffb3a7dae98bf3238d,2017-09-20 11:30:14,90.0,17.07
5188f7ae18cdf7538841648a7e49bbbf,2,a8d2c5e8f29550a539f377d977f10a52,7e1fb0a3ebfb01ffb3a7dae98bf3238d,2017-09-20 11:30:14,90.0,17.07
519a63cb3ea1d2c4b1364552eacb6b29,1,ee8b16196604ed47b34b094351ce68e2,1d8dbc4f32378d715c717c1c1fc57bae,2017-09-11 13:15:12,109.9,38.32
519b26d18bc4a42eaac1841acd217baa,1,20992273fc264d0a559e37c346090fe6,ec8879960bd2221d5c32f8e12f7da711,2017-09-15 13:05:19,34.9,9.34
51a73c564f9cc803ec067dd3a0381997,1,9ebfbbb1a5a173f758cb76d6ecc75f9b,d12c926d74ceff0a90a21184466ce161,2017-09-13 21:10:21,26.5,7.78
51a7e6cfd3daa5187a2f973c44a74a74,1,846145e9b8d412bd1c9bb478a52ab4a0,432c37c9dfba871172ec162e20118b8c,2017-10-02 22:56:24,25.0,15.79
51bb13153af861b1c5967b91c735bb8a,1,f39a8b27ce90ac582103bf36f09690dd,16090f2ca825584b5a147ab24aa30c86,2017-09-18 21:10:14,319.0,10.98
51c6e11bdc431158ce46b1c5f2ddc4a6,1,d5fed880134ce611f8890b37cb996626,a3a38f4affed601eb87a97788c949667,2017-09-13 10:35:17,34.99,13.5
51d967125c0a12392dfdd135be86ab3a,1,05fa3b5ecdf7f54e97fe25127db0ee7c,218d46b86c1881d022bce9c68a7d4b15,2017-09-28 08:05:54,181.0,21.76
51e660b8c2d9b7f799b19b8535504fe1,1,2028bf1b01cafb2d2b1901fca4083222,cc419e0650a3c5ba77189a1882b7556a,2017-10-09 02:56:39,56.99,11.9
51e827dc634ca855acba1d305c4649af,1,0c8862859cb952ee81428f80dc8140d9,f2336e113377dd21c744d9c4fc8293a9,2017-09-25 13:35:18,1199.0,66.83
51f15a10614267de8d770ec0ec09febd,1,1978f38f6cbdcaf326ecbb4732f9f748,25c5c91f63607446a97b143d2d535d31,2017-09-13 16:37:28,185.89,20.54
51fa5b2b3ea1aa99dc3cea8f008216ce,1,81d759641b29a733d9e03e0df3155d70,b92e3c8f9738272ff7c59e111e108d7c,2017-10-11 16:44:20,159.9,38.64
51fdc51568710c421372d93f12c21ab6,1,937c825572d26b9e5a723527c6d625c6,391fc6631aebcf3004804e51b40bcf1e,2017-09-21 20:50:19,45.95,11.85
51ffb9765ad7cfe091821ebd4751dc05,1,a4c7e73a8ce075149b5f6592fdd29367,87142160b41353c4e5fca2360caf6f92,2017-09-22 20:55:19,149.0,15.79
52008998ed11bdd670e60f49dd40935c,1,e0d64dcfaa3b6db5c54ca298ae101d05,4869f7a5dfa277a7dca6462dcf3b52b2,2017-09-29 20:57:03,158.0,21.6
520bc702936ffe80d33a4632792835cd,1,cc514b7c628e44d19db432762a00942e,fa1c13f2614d7b5c4749cbc52fecda94,2017-09-21 02:24:59,284.9,18.43
52111a53370a73bd98fdd7144c9129e7,1,7248b99ff380f23a1094ff737a1112fb,1900267e848ceeba8fa32d80c1a5f5a8,2017-09-27 13:25:55,104.99,13.75
521e93507df5620aaee015ba441ec756,1,06ad93d66e91d09df5ce746906d9658b,da8622b14eb17ae2831f4ac5b9dab84a,2017-09-14 18:55:08,199.9,24.22
521e93507df5620aaee015ba441ec756,2,db1e6fed56643b852af3132d255d9ddc,da8622b14eb17ae2831f4ac5b9dab84a,2017-09-14 18:55:08,249.9,30.09
5225b8931d3158e7fc05b75d6f48ff99,1,c6c4ba8c85c4f5ffa22b732272a0e99d,750303a20e9c56b2a6bc45cdce0b897d,2017-09-12 21:55:20,399.0,23.59
522c62c4cfb541b50ffc3999515fbaf3,1,3ce21e38e6a3060c20f4e74bdab770c8,1b938a7ec6ac5061a66a3766e0e75f90,2017-10-02 17:24:32,58.9,20.9
522c62c4cfb541b50ffc3999515fbaf3,2,3ce21e38e6a3060c20f4e74bdab770c8,1b938a7ec6ac5061a66a3766e0e75f90,2017-10-02 17:24:32,58.9,20.9
523824180b3b651c5d233b761bdd7597,1,c32b1155b886162db8e1ec114699a799,1835b56ce799e6a4dc4eddc053f04066,2017-09-28 05:35:32,56.99,16.16
5242fa332c499504758af265bbca7bde,1,ee406bf28024d97771c4b1e8b7e8e219,7a67c85e85bb2ce8582c35f2203ad736,2017-10-05 11:14:21,149.99,12.25
52463ab7b28436f48c3ae2a48bc87ef5,1,5ba095a19bde52d6c87219061639522f,aa17b35ce4de7b565be3249ba838944f,2017-09-08 19:55:15,39.9,17.6
524c24c3a53528c5a91a3311012fcef4,1,cc1cb33bcc814aeaa4631761a34bd23e,5d3bb11474a06bdc23fb9e89f1164ee0,2017-10-03 13:07:17,78.8,12.05
524dd16d182003f56199d068e2a1d50c,1,cec09725da5ed01471d9a505e7389d37,4d6d651bd7684af3fffabd5f08d12e5a,2017-10-02 03:56:31,69.9,16.12
5251ac9886fbf2953b24c9f45364837e,1,39084b68d30ae3ce2bdaf467ed4f3dbc,5f1dc28029d2c244352a68107ec2b542,2017-09-25 16:43:26,39.5,15.1
5261141ee2f17f6a0dcb5f7aab6acaec,1,8d0bda0e4b386849210b1210ecb1a7fb,01fdefa7697d26ad920e9e0346d4bd1b,2017-09-13 02:44:01,118.9,14.56
52666f83fd40e5b2c08e62dbff7eafe1,1,48401d4a555fd20aa93a202a4ed3b598,52d76513f0c4d97f3b99570e2c94ee31,2017-10-04 18:25:08,109.99,15.52
5281594b70a5c7ed8821c77aae621155,1,a8fe47ad6f852f93cc92c7b408687de3,aaed1309374718fdd995ee4c58c9dfcd,2017-09-25 03:34:52,72.9,27.05
52840e5aec363acd1243c43edd744d17,1,32fcefdea166b8a08f869ab8e6e29086,53e4c6e0f4312d4d2107a8c9cddf45cd,2017-09-15 17:35:26,131.0,25.23
5290363ff55b49b6310cf80238d88572,1,3373d1ed7bf5f3187f110c0e9e40a02b,fc906263ca5083d09dce42fe02247800,2017-09-25 21:25:39,39.9,14.1
529de011939a17a088e8df57b4356585,1,3ecb2f23ecd8934a20027accead2b058,259f7b5e6e482c230e5bfaa670b6bb8f,2017-09-27 02:51:06,35.0,9.34
52a1973044aa5f46769841ea77ffc2ed,1,2b4609f8948be18874494203496bc318,cc419e0650a3c5ba77189a1882b7556a,2017-10-03 13:50:13,89.99,17.91
52f3d979cd31211d1a3ef16a187def92,1,60567eaf5cdf794639e94508ec387a82,f4db9b37944bcb8873e6b456ee190bbf,2017-09-18 11:36:11,169.99,27.33
52f3d979cd31211d1a3ef16a187def92,2,60567eaf5cdf794639e94508ec387a82,f4db9b37944bcb8873e6b456ee190bbf,2017-09-18 11:36:11,169.99,27.33
52f795c33d266ff75e0f1b1738caf2f0,1,afeeea6271148ee1bb15173b8187c431,53243585a1d6dc2643021fd1853d8905,2017-09-08 14:50:22,174.0,18.5
52f89521400b32703e434cd646403475,1,34d6306314a47fe15c1efdbc23302020,229c3efbfb0ea2058de4ccdfbc3d784a,2017-09-13 10:33:21,69.0,12.61
53022bc7203c0c8ce655a82521c8867c,1,2145a2868aaca837f92fd4bf1b6db163,cca3071e3e9bb7d12640c9fbe2301306,2017-10-02 15:14:17,91.4,13.66
531aae9367e7b780bfbff01b3ff45ad6,1,3f01901509b345951cfe27f5cea17e40,7a67c85e85bb2ce8582c35f2203ad736,2017-10-05 19:39:13,99.99,16.95
532e86bbf696dbc694509cff71c18c33,1,95768ce3d7cef075f6a562d2716187b4,412a4720f3e9431b4afa1476a1acddbe,2017-09-18 04:45:39,71.9,11.73
5330599ad58e0e0355fcb5c997d3f8f2,1,bdb4be6ce2f7f2b5be0a16088028c7fc,955fee9216a65b617aa5c0531780ce60,2017-09-10 22:50:14,85.0,20.08
5355cd279109f53086e889f05ff7d62d,1,f1c7f353075ce59d8a6f3cf58f419c9c,37be5a7c751166fbc5f8ccba4119e043,2017-09-24 21:24:49,165.99,26.0
535b29494ee7ee79968ec7d9f42b3e23,1,fdcd8c17805ad801a924cf11272a2834,80e6699fe29150b372a0c8a1ebf7dcc8,2017-10-02 06:32:47,208.9,23.33
53a29e509e7c8a60436ba238b0877d35,1,6df0c13a282c590880f960a873c2989d,cca3071e3e9bb7d12640c9fbe2301306,2017-10-04 13:28:17,68.09,16.24
53a29e509e7c8a60436ba238b0877d35,2,6df0c13a282c590880f960a873c2989d,cca3071e3e9bb7d12640c9fbe2301306,2017-10-04 13:28:17,68.09,16.24
53d06d4e404736f8d7d8795474e5845d,1,b162dfc96ebbb5bed62e6f3ecc8ceefe,48162d548f5b1b11b9d29d1e01f75a61,2017-10-03 04:04:28,18.1,27.97
53d06d4e404736f8d7d8795474e5845d,2,07b90e3c7e287977b2e8cd54a98ddb89,48162d548f5b1b11b9d29d1e01f75a61,2017-10-03 04:04:28,12.9,5.6
53d8a989f776f3331e1a763a0a294a45,1,7b2048b31748f29c4909d1d69540340b,1b8356dabde1d35e17cef975c3f82730,2017-09-21 22:10:05,25.99,7.78
53dd1c638fcdfafab87a7fdc67ae58ff,1,caf540627b7914ab734c86495fdc95ee,1025f0e2d44d7041d6cf58b6550e0bfa,2017-09-22 00:20:19,229.0,47.07
53e4afb03a9d1fd1346cb3536d79d326,1,f39a8b27ce90ac582103bf36f09690dd,16090f2ca825584b5a147ab24aa30c86,2017-10-03 11:49:29,319.0,10.98
53ee943d0767c9dc3922938b2550ab26,1,03bca689857bd64cc5c022221113db7e,e5e33c0d8e7e002f398f5dc4cbbb338f,2017-09-18 07:50:19,101.9,16.34
53f8893a652ff59a88793de9e5817ab4,1,7f064525eaaa1ce9d22c085f7ff5413a,6560211a19b47992c3666cc44a7e94c0,2017-09-19 13:50:17,49.0,21.15
53fa1584e9fc3d9b50f19da601874fd5,1,3c242072afadf856cb9471ea7ead620d,46dc3b2cc0980fb8ec44634e21d2718e,2017-09-19 08:24:41,99.99,8.11
53fe06ef88f994c4cd443f9c93ba8117,1,0417855683de23ba1e20e8a358a5ac7c,7142540dd4c91e2237acb7e911c4eba2,2017-09-20 11:50:32,149.9,14.07
5402b020da6d5ee7b7f1d43f22dbae97,1,154e7e31ebfa092203795c972e5804a6,cc419e0650a3c5ba77189a1882b7556a,2017-09-15 04:24:26,23.99,15.1
5404828155a6ed66ac6bb53e05525d39,1,557484a8965bdc4e548658239f7663fd,81a1104df0f08b59c68aa5b03cfe398e,2017-09-25 19:04:16,179.99,27.58
54056b0d1e99d13dfcb36c57dd33709c,1,e2cac69b319c0f8a21dbf04b925121bf,343e716476e3748b069f980efbaa294e,2017-09-20 03:04:53,39.9,11.85
541908a1babbdf38261cbe80129fab03,1,0bcc3eeca39e1064258aa1e932269894,1f50f920176fa81dab994f9023523100,2017-10-05 11:04:15,59.9,17.67
541908a1babbdf38261cbe80129fab03,2,0bcc3eeca39e1064258aa1e932269894,1f50f920176fa81dab994f9023523100,2017-10-05 11:04:15,59.9,17.67
541a11b1d88450d6afe20b72118476e8,1,7af541d714ea3db608971a40b8f507cb,05f51e13da97139648b8125c31e5f51b,2017-09-20 21:25:19,499.9,27.06
5451dcf8797facb072201af54921f04a,1,fa39c60599eb6573020f07a1b4dd38cf,0bae85eb84b9fb3bd773911e89288d54,2017-09-15 12:43:24,79.08,17.8
5456769456d0d521af0d1675613702a8,1,c556dfe03a2efef617497a3de58cb44d,7e93a43ef30c4f03f38b393420bc753a,2017-09-20 09:30:20,185.99,10.12
5457406dbf85b294f6c7ee639c9b0248,1,f908d3bf313a1308bfb2a46ea2685347,25e6ffe976bd75618accfe16cefcbd0d,2017-10-04 21:50:30,35.0,14.1
54586394af32e5d816910c2bace53a0e,1,431d674f9a4fbd0957ecf6ba3fcb6899,53243585a1d6dc2643021fd1853d8905,2017-09-12 11:24:13,299.99,22.9
545c81f766ce4811ebecb78efc1a665a,1,7e1283a5fded327a53d039a113eb543a,44073f8b7e41514de3b7815dd0237f4f,2017-09-28 20:05:34,29.9,9.09
545c81f766ce4811ebecb78efc1a665a,2,7e1283a5fded327a53d039a113eb543a,44073f8b7e41514de3b7815dd0237f4f,2017-09-28 20:05:34,29.9,9.09
545c81f766ce4811ebecb78efc1a665a,3,7e1283a5fded327a53d039a113eb543a,44073f8b7e41514de3b7815dd0237f4f,2017-09-28 20:05:34,29.9,9.09
546a729b8042c31a71745ad37ad453cc,1,431d674f9a4fbd0957ecf6ba3fcb6899,53243585a1d6dc2643021fd1853d8905,2017-09-14 15:23:55,299.99,19.38
546f8ad06a534934fdf15a5b1b10b9f6,1,56bd2788c02b9ef90c6254dfb6ac257f,94144541854e298c2d976cb893b81343,2017-09-18 23:55:17,1149.9,23.81
546ffb713086001ce9f0009158f88b73,1,52e9413ed0d3e64b796aac2bc2291d50,7f2617c58d5d06806987308b45654351,2017-09-20 02:45:13,149.9,9.24
549eaa78237c5a5c9ca1cc4a8d812208,1,4dbd164e17f931f99e7553c97000a4d8,abe42c5d03695b4257b5c6cbf4e6784e,2017-09-13 02:50:19,449.0,16.89
54a4cb7fbd793ac4fa5f2a5dd9e1fe8f,1,ab1ecbce7afd9f6e661baa24a5706c9c,d12c926d74ceff0a90a21184466ce161,2017-09-14 02:50:38,44.9,17.16
54a4cb7fbd793ac4fa5f2a5dd9e1fe8f,2,ab1ecbce7afd9f6e661baa24a5706c9c,d12c926d74ceff0a90a21184466ce161,2017-09-14 02:50:38,44.9,17.16
54a4cb7fbd793ac4fa5f2a5dd9e1fe8f,3,ab1ecbce7afd9f6e661baa24a5706c9c,d12c926d74ceff0a90a21184466ce161,2017-09-14 02:50:38,44.9,17.16
54a4cb7fbd793ac4fa5f2a5dd9e1fe8f,4,ab1ecbce7afd9f6e661baa24a5706c9c,d12c926d74ceff0a90a21184466ce161,2017-09-14 02:50:38,44.9,17.16
54a4cb7fbd793ac4fa5f2a5dd9e1fe8f,5,ab1ecbce7afd9f6e661baa24a5706c9c,d12c926d74ceff0a90a21184466ce161,2017-09-14 02:50:38,44.9,17.16
54a4cb7fbd793ac4fa5f2a5dd9e1fe8f,6,e5433d154f98bcb2c139b9679fce0814,d12c926d74ceff0a90a21184466ce161,2017-09-14 02:50:38,48.9,4.8
54a845f5cc0d3691277e4adfebd4a5bf,1,c354569eefd558bf201d0aedf35608ed,822166ed1e47908f7cfb49946d03c726,2017-09-20 02:55:21,49.9,16.11
54c9556bfdeffbc7cc3558ab954114f6,1,e33df02e384487f2bcd3788619f89215,53e4c6e0f4312d4d2107a8c9cddf45cd,2017-09-15 19:50:23,19.98,9.34
54df3693869c9e8423b07e0287194059,1,e0d64dcfaa3b6db5c54ca298ae101d05,4869f7a5dfa277a7dca6462dcf3b52b2,2017-09-28 00:06:26,158.0,16.74
54f79e394bb60e8e7d5d56756d4722b1,1,e924834e9269807fddcddbbb45c4a54d,4e06067cc08b3f41d837768d392c3ee3,2017-09-27 02:50:38,39.99,22.69
54f79e394bb60e8e7d5d56756d4722b1,2,a25583531530c0913ea4dee2c5c73685,4e06067cc08b3f41d837768d392c3ee3,2017-09-27 02:50:38,7.0,2.27
5504a1a5092b8696eac00711644d4306,1,ac3f48d9dfd6ebdf8e871702ee91ee83,5a8e7d5003a1f221f9e1d6e411de7c23,2017-09-11 13:25:19,79.9,24.35
5504a1a5092b8696eac00711644d4306,2,351eb84de99fb5e43d8706bc3f41fbff,1da3aeb70d7989d1e6d9b0e887f97c23,2017-09-11 13:25:19,12.99,5.07
5509c0b69816a0407a62fa3fec797bb3,1,4a69baa66a13d1adeb41cfe3bc0c27be,bbad7e518d7af88a0897397ffdca1979,2017-09-29 10:10:10,99.9,16.46
550a0a633eaf0af78258105794106c1c,1,2028bf1b01cafb2d2b1901fca4083222,cc419e0650a3c5ba77189a1882b7556a,2017-09-25 21:25:11,56.99,14.15
550a829a6ba3991905c34d5c15b2f50e,1,d0fac709247e97e9b44a5351891ef9f3,7178f9f4dd81dcef02f62acdf8151e01,2017-09-20 02:50:19,59.9,13.57
550f7653632f43410dcc64a9aff55f45,1,1d38e85c3c89665e3c1d5cc5e6a829d6,7aa4334be125fcdd2ba64b3180029f14,2017-09-12 22:55:18,39.7,17.6
55251ef8a25806da63971ca3046ca7a5,1,819fc0e9c061a08bac3d5044eb92b173,6cd68b3ed6d59aaa9fece558ad360c0a,2017-09-12 23:10:16,118.9,15.59
55277930669682d227d5eedad65f60f8,1,b37d494fac3555124cd9562148fd3d05,c864036feaab8c1659f65ea4faebe1da,2017-09-28 13:50:17,109.9,17.21
552de4f2b6a656a62b913a24c76b82a7,1,0152f69b6cf919bcdaf117aa8c43e5a2,d2374cbcbb3ca4ab1086534108cc3ab7,2017-10-05 01:05:03,13.9,11.85
55595283657c40a4e48711b28049056e,1,15d0beee06988a8a3a98717582e478e6,c3867b4666c7d76867627c2f7fb22e21,2017-09-28 15:55:14,149.9,15.8
555e4d40fb6beea866d46eb6a5a01b41,1,83d199d296c44101c8c3b5c9c0cce9ea,850f4f8af5ea87287ac68de36e29107f,2017-09-21 19:05:22,69.99,12.62
555e4d40fb6beea866d46eb6a5a01b41,2,a140e83c184347be1aa71694fe525537,3d871de0142ce09b7081e2b9d1733cb1,2017-09-21 19:05:22,19.9,9.41
5572d4ad6969040fe377a8d6be53c0bd,1,7a5c07212703b5f01ee199d29a29a587,432c37c9dfba871172ec162e20118b8c,2017-10-02 04:04:38,75.0,16.97
55779fa8fe072d9f8c92d672154558f2,1,8cee1d824765335c48ccc515c2ecf4b8,4a3ca9315b744ce9f8e9374361493884,2017-09-21 02:10:49,96.0,23.92
55779fa8fe072d9f8c92d672154558f2,2,b74d57e3377dd78aace6d070fc48cc88,4a3ca9315b744ce9f8e9374361493884,2017-09-21 02:10:49,65.9,47.84
557cc2675910c4a6c9b54ad276f25097,1,30916403a2996c146b5598774d657c55,dbb9b48c841a0e39e21f98e1a6b2ec3e,2017-09-28 22:45:23,48.99,7.78
55826c853b7245fee48da8b2539b6944,1,657247f6f60543b93e3cc708a8e6329c,7ddcbb64b5bc1ef36ca8c151f6ec77df,2017-09-28 12:44:19,294.99,26.58
559fb2cdf30bd53126d8d8e020226765,1,29d5359e5182f2c0632e139faf56b663,c3cfdc648177fdbbbb35635a37472c53,2017-09-27 23:24:09,150.0,21.54
55a3ba5076175f9373b20f92dcbc5abb,1,2d7ec74c6f93ad8234f2e29817b2827b,bf3c6d2a28b2b5501e6c15448982dcc9,2017-09-19 03:15:38,129.9,18.16
55ab9db2aba357eaf4c98300f85b2189,1,fa4e8255202fd921350a6fc716710dae,2b3e4a2a3ea8e01938cabda2a3e5cc79,2017-09-26 01:10:18,248.99,15.49
55c5b6e322eed3fe3dbbd82da9906019,1,3a264b078bf20e98f315ff65c23fa263,46dc3b2cc0980fb8ec44634e21d2718e,2017-09-22 19:45:39,349.99,19.89
55d5398213ed7a57e6841a7f436872fd,1,4520766ec412348b8d4caa5e8a18c464,16090f2ca825584b5a147ab24aa30c86,2017-09-12 22:15:25,40.0,8.27
55fb38301e16de4684bb543bf4512b12,1,2a5ce93df0dd4ec1b23ebc2e599d793e,d1c281d3ae149232351cd8c8cc885f0d,2017-09-20 15:55:19,167.99,26.02
5607dd260b59aad9885b4dd7ad29352c,1,886208eeba914fad42127271385d66f0,7d76b645482be4a332374e8223836592,2017-09-20 21:24:48,34.9,25.63
5639e62ac4812b66eefbb05288c44eef,1,c5db51af7d9a58228bcea932010cf080,f5f2ab9bdb6b30c14c61be68c5ed37da,2017-09-08 02:04:10,162.9,21.63
5644acc16afa3e61aae7f559e573ccbe,1,baa1fd3231ef36f7fea009503748eab4,17e34d8224d27a541263c4c64b11a56b,2017-09-25 20:35:17,57.81,16.84
5658e0069bd2fa9423e4d9d94469b7c3,1,d5b703c271f43f9c588a6f512a00f77e,fa40cc5b934574b62717c68f3d678b6d,2017-10-05 18:57:51,34.9,7.78
56744b8c0cf4b18e09df60005c231054,1,118c95783c21dc3d1896a9cb46a240ae,44073f8b7e41514de3b7815dd0237f4f,2017-09-22 12:36:32,29.9,16.92
5680b2a510b3058b5b17603c79ebcf67,1,de480e3ae31eea2d2d97d694c43172fc,1838dd9b8977065acf51d95e0053ea7a,2017-09-28 07:35:08,28.9,15.1
56876127578ae75a3a469572eca6602b,1,35afc973633aaeb6b877ff57b2793310,4a3ca9315b744ce9f8e9374361493884,2017-09-08 11:30:21,89.9,13.65
5691d5b2dc401642dfe8f226d5bff11a,1,3ecb2f23ecd8934a20027accead2b058,259f7b5e6e482c230e5bfaa670b6bb8f,2017-09-18 04:26:11,35.0,26.89
56a70a9c3a1a43d7c820316f0d2ed67e,1,7fb04722aba7a2b632bac8f9819796f3,f3b80352b986ab4d1057a4b724be19d0,2017-10-04 17:07:26,79.9,18.8
56ca2955a23551796d37da2e384c7139,1,2c0193cb0a0c27ac08f43eaa834e50c3,70a12e78e608ac31179aea7f8422044b,2017-09-18 12:30:17,15.0,15.1
56d41d6576e901ff789906da40878acb,1,d7ceaa970defc5f52f1affda0dc32f30,04e38a233f726ef161074ab1c9b0399a,2017-09-28 18:55:17,21.9,9.34
56d8f7fb6d7398024039c2b7dff3fd0d,1,2a511952313989fa097fb038cd758dc5,f84a00e60c73a49e7e851c9bdca3a5bb,2017-09-13 19:43:25,59.0,105.33
57122ae1510bd4f4e0203ae8dec5eb30,1,a2139d605ce44922729e050916c4a667,325f3178fb58e2a9778334621eecdbf9,2017-10-02 13:14:19,27.9,9.64
57122ae1510bd4f4e0203ae8dec5eb30,2,4c283386efa95fcc42ce7a7000afb0df,de23c3b98a88888289c6f5cc1209054a,2017-10-02 13:14:19,129.99,7.23
571404a093e61054fe87db8b17beec73,1,4a300735bc293723103db0d0c1bc1585,6f892e20a171e98efe17fdb971ff319b,2017-10-09 15:14:14,70.9,17.78
573024ed8dcbdf6407432206a56fa7b9,1,47ed478ee7b2696c2c49229fcad56e98,afe0067131b73e40875c9b6c10bd2e21,2017-09-28 14:10:24,104.9,33.18
5741ea1f91b5fbab2bd2dc653a5b5099,1,0be701e03657109a8a4d5168122777fb,8f2ce03f928b567e3d56181ae20ae952,2017-09-20 18:25:11,259.9,22.31
5745e260f636fdd0cef91f81a164631d,1,2481a472d98c582b46bc2dfeae6f539f,391fc6631aebcf3004804e51b40bcf1e,2017-09-21 17:15:09,59.55,14.18
5745e260f636fdd0cef91f81a164631d,2,777d2e438a1b645f3aec9bd57e92672c,4a3ca9315b744ce9f8e9374361493884,2017-09-21 17:15:09,69.9,12.76
574a5f31f28e74854179a095e600e96c,1,3b88c6a09d4f61f0566c39ed139fb5e2,66922902710d126a0e7d26b0e3805106,2017-09-12 04:44:38,15.0,14.1
574b660575423ea08637ab9393a5a64f,1,a237de12bdf0bfe4fe220bae65a89731,6c7d50c24b3ccd2fd83b44d8bb34e073,2017-09-28 02:15:44,37.5,28.75
576c48f481f95199130fe941c49c944e,1,211293b50935ced8d4370f552c482d74,e9779976487b77c6d4ac45f75ec7afe9,2017-10-09 04:24:02,33.0,11.85
5780928bf02589330d7318899b32f757,1,134957eeec87be2414ac629ee0b947a4,87142160b41353c4e5fca2360caf6f92,2017-09-21 15:45:12,19.9,34.15
5782b3af52f3953fec44afe27ecd1892,1,dc881ef926ca402063ea142afc83874c,7aa4334be125fcdd2ba64b3180029f14,2017-09-28 09:05:21,92.99,17.9
578ef9ed2638d4e10337e50e37566344,1,f5f0e64686adaf487590fbb8a75a1d2c,c3867b4666c7d76867627c2f7fb22e21,2017-09-11 06:30:16,193.0,38.9
579d1ca1c229566ac9ad0bb17a50f99b,1,422879e10f46682990de24d770e7f83d,1f50f920176fa81dab994f9023523100,2017-09-13 23:25:10,59.9,17.67
57a8a1ca9bc2b0e04db9384fa04d23e9,1,597d26435e8ef77bb0fcd26f6c07d486,1554a68530182680ad5c8b042c3ab563,2017-10-04 12:24:29,329.9,58.54
57c6fa4668d9985ee3ffbcbdc15b77f6,1,bd6e6fce9ada76ea2db0f1912e8e478f,1835b56ce799e6a4dc4eddc053f04066,2017-09-28 10:45:50,56.99,11.9
57f71871671e74366cd5985f2dc2ff7e,1,77e18e3ca8faefc4f9a5af55e6243892,8cbac7e12637ed9cffa18c7875207478,2017-10-05 00:49:21,25.0,16.11
580b08c73a274ac48d8e8c24d6364f2d,1,0aabfb375647d9738ad0f7b4ea3653b1,37515688008a7a40ac93e3b2e4ab203f,2017-10-05 13:49:22,19.9,11.85
580f3268bc2075c5961b2d2929c7a35b,1,b06e4ddd013b4a1a81e80fe575d9b762,cca3071e3e9bb7d12640c9fbe2301306,2017-09-07 22:34:26,87.85,17.86
5829e8dbf7adce16a91e4ba7e8c1e4e0,1,658fc5dfe583ae91ca3268d4d3762a6e,d1c281d3ae149232351cd8c8cc885f0d,2017-09-15 05:04:40,17.99,16.11
5829e8dbf7adce16a91e4ba7e8c1e4e0,2,658fc5dfe583ae91ca3268d4d3762a6e,d1c281d3ae149232351cd8c8cc885f0d,2017-09-15 05:04:40,17.99,16.11
582a91c4de8513ac00c4f849f0f2e345,1,b01d34f6d2545269d348181768eca049,6560211a19b47992c3666cc44a7e94c0,2017-10-02 17:49:11,55.0,15.14
58373cef6a0a70e65f59d65a757fb2a7,1,0587bd8ea43108a16104b1430c15b283,d94a40fd42351c259927028d163af842,2017-09-20 11:04:29,139.0,21.46
584fa640e7dbb97b52206a50abfa4d0a,1,3a7c9b0413d7b9cc7f4a18318fc5afb3,7a67c85e85bb2ce8582c35f2203ad736,2017-09-28 12:05:15,129.99,18.16
5855ed67c59c23f410f190aabae43591,1,1164c17af70425821f88bfbdc9e907a3,2d50d6282f8aa2257819a77bfaa0efe0,2017-09-14 13:05:18,35.0,15.1
5879796c147e015b683a59522938d4b8,1,221734613a802d62bb706f54ae56f970,8a32e327fe2c1b3511609d81aaf9f042,2017-09-21 08:55:22,59.99,17.67
5896d753079d9faa8aeaf60231b3e788,1,cce679660c66e6fbd5c8091dfd29e9cd,d2374cbcbb3ca4ab1086534108cc3ab7,2017-10-02 09:45:36,17.9,15.1
58ac1947c1a9067b9f416cba6d844a3f,1,9820e04e332fc450d6fd975befc1bc28,520b493b57809f446cb0a233bb3e25c7,2017-09-19 13:45:43,110.0,14.16
58dbb941e2ecf4229524cfdda3f080ec,1,45cc9e057103e5e2176034fec87a06ca,cce6ab8d1682639fe45ab70234f1665f,2017-10-10 08:07:12,40.0,18.59
58e6ef7e9c38880c8ae060d871c2c7a2,1,d696750e550fd0f733979dd7e5dff921,9de4643a8dbde634fe55621059d92273,2017-10-05 15:28:16,177.99,18.82
58e742c2152fc7724feb66eea214243a,1,b5b5a82ce5f1987b7e670f37629be51b,8b28d096634035667e8263d57ba3368c,2017-09-28 02:30:38,59.9,17.67
58f06353c6da67c88b4a4641cef385b0,1,5ab02ca028398131a5ae91401eb49788,80e6699fe29150b372a0c8a1ebf7dcc8,2017-09-25 03:33:18,39.99,15.79
58fbd882a7ce0cf6eca11251a96931d1,1,66a0a6e02b7f543e5b021ce361f267d4,7a67c85e85bb2ce8582c35f2203ad736,2017-09-27 03:04:37,119.99,17.09
59121762c43937db5346b773db68db47,1,290fe6a59ac3768d3e263654cf43a3ef,a23266650e7c84bb93fbbba502137478,2017-09-20 21:45:17,216.9,23.84
592399454ab1293dd375db727ddb5947,1,ff7fccf8513f360157f0660fe51d1d88,440dd6ab244315c632130ecfb63827b1,2017-10-04 21:07:18,159.9,29.52
5942bd3a8502a95cab0655d31eb2c6fc,1,07c055536ebf10dfbb6c6db6dbfc36e5,cca3071e3e9bb7d12640c9fbe2301306,2017-09-08 10:30:20,45.9,16.11
5958fb8c6e854b986800307f995fd209,1,35f00e354f3d048167beb8586eaf031b,e5a3438891c0bfdb9394643f95273d8e,2017-09-18 12:35:16,29.9,15.1
595f598849d89203c28d05d0fbf3f92e,1,c4913f978f6af6755a1dcc8d16e76774,575df70bde3f9f2b30bf8d2e9910d725,2017-10-09 17:10:25,14.85,11.73
596fa30e62c909f4d380ae4097699271,1,e5eadf9be70a4a9fa514019542fc330a,4559697a8f7e637227c2eeaed843baff,2017-09-28 02:25:33,69.9,17.74
5978c23150e32abac4af3b0a9cc2637d,1,42b09cad481a278155d0207fbbaa845a,6edacfd9f9074789dad6d62ba7950b9c,2017-09-25 04:10:08,55.9,9.34
5985ffeab1ed2339fe93d713e2c48db8,1,7a9cf133da2a6494259ffeeab11b6276,db4350fd57ae30082dec7acbaacc17f9,2017-10-05 03:21:56,21.99,7.78
598d30ad864328c4254a68e141f9b67f,1,308a7360ee2e0ecfb6aa7708428692af,128639473a139ac0f3e5f5ade55873a5,2017-09-27 08:44:29,25.9,16.79
599fbee4cc4b8dabe57ea66e0ecd7031,1,905b0c0ebfb5ea28af1b5cfb97bbbd27,dc8798cbf453b7e0f98745e396cc5616,2017-09-25 03:35:06,54.9,21.18
599fbee4cc4b8dabe57ea66e0ecd7031,2,905b0c0ebfb5ea28af1b5cfb97bbbd27,dc8798cbf453b7e0f98745e396cc5616,2017-09-25 03:35:06,54.9,21.18
59a5648d91a60574c541152e2fe1c66c,1,d52d7fb0d4ea10cd52baa3255c5c0a34,e1b12447a7563944843191754aeb5562,2017-09-20 03:05:47,139.99,15.73
59af46052a799e80e2f0c665c587731d,1,ae5cad88462eb7b7b61401e31c45618e,ce27a3cc3c8cc1ea79d11e561e9bebb6,2017-09-15 20:03:31,15.0,15.1
59af6639bc574148a47076bb16ff485e,1,11dcc970f7a5581e1bf777b6da3f7096,06579cb253ecd5a3a12a9e6eb6bf8f47,2017-09-14 10:45:13,69.9,13.51
59b115dfb1007eca4cb7cd1a4cf2c790,1,d6160fb7873f184099d9bc95e30376af,53243585a1d6dc2643021fd1853d8905,2017-09-08 15:23:49,1300.0,51.51
59be4c2310298e01725dd55622c4f038,1,96b8d103618f7027896ce54a576b9f41,dd2bdf855a9172734fbc3744021ae9b9,2017-11-06 15:10:16,59.9,17.99
59cbd87a939d4c38f0716708f496b4f1,1,5176d8670222d50ebbe4d4c5dfba2b49,128639473a139ac0f3e5f5ade55873a5,2017-09-21 14:15:14,18.9,16.79
59d30d600974ba0320ff55e66d6bc67f,1,f32415d23c358ef1e387a7d329d9ce9f,3586b8580d9c917874e053a1bb37b5ff,2017-10-06 03:28:19,36.9,16.11
59e9079196bab6c6a1634387ec66167f,1,4c2394abfbac7ff59ec7a420918562fa,cc419e0650a3c5ba77189a1882b7556a,2017-09-28 00:46:06,84.99,15.35
59fa6bcd9bd2ea970f71cef8229ffa7d,1,ef76ea9ee88ad60b9680c7635f2baaa8,4371b634e0efc0e22b09b52907d9d469,2017-09-21 03:06:00,10.0,14.1
59ff850287c170ca0c5844a659a456a0,1,742778ff0ce574b84b7ed2fb0788cfd2,638cba8be1fb599bbb76fd6948351eb3,2017-09-13 23:10:17,29.9,11.85
59ff850287c170ca0c5844a659a456a0,2,742778ff0ce574b84b7ed2fb0788cfd2,638cba8be1fb599bbb76fd6948351eb3,2017-09-13 23:10:17,29.9,11.85
5a008db40659290cadbe2a57493bc273,1,1a2d00b771a438bee7055bbd0086e003,da8622b14eb17ae2831f4ac5b9dab84a,2017-09-27 02:50:59,79.9,12.9
5a0aef62fed458de537f3edb8501befd,1,785c2986ce8232a718aaad761ac2a321,e333046ce6517bd8bb510291d44f0130,2017-09-13 20:10:31,197.0,18.63
5a1e68cff39cc1d5fd759db90a366caa,1,4182ad8f6fd91b6064f2d1097d8a4291,b56906f7fd1696e043f1bcce164c487b,2017-09-24 23:03:26,34.99,17.6
5a1f6d22f7dfb061ef29216b9af687a1,1,65650c84064ff1a79e4a05988f4c3e9f,aced59e9b31ef866a94f9e7f29d8d418,2017-09-07 23:25:09,35.0,12.69
5a211401338dee5fa1388f6b4b70b456,1,b746f0f77468910428130facb2ee2d1f,080102cd0a76b09e0dcf55fcacc60e05,2017-09-08 13:15:18,42.79,25.63
5a2cc0ecbae1c95bdaba1c3b0f5c6adc,1,14a931266aff3fb450bab1d076bdfd7d,a23266650e7c84bb93fbbba502137478,2017-09-20 21:24:44,21.9,21.15
5a32dae759e50279bf8e1b2be65edd27,1,a8d44734cde6fbd2f5c32818da67b97a,f8db351d8c4c4c22c6835c19a46f01b0,2017-10-04 23:28:06,17.9,8.27
5a3663cb6b6d7369ab838a80cdcb06d7,1,e94df75b2e9a8b056be0c144a731f55c,5cf13accae3222c70a9cac40818ae839,2017-09-12 22:15:36,94.9,13.68
5a43c2440a787e84e9f3060ab257fbdf,1,7814c273ab16783d73a9863ebfa8b141,1025f0e2d44d7041d6cf58b6550e0bfa,2017-09-26 14:15:15,250.0,50.49
5a610ef4a49d9be48df16a1026f225f4,1,5d66715cc928aadd0074f61332698593,128639473a139ac0f3e5f5ade55873a5,2017-09-12 04:44:30,18.9,15.1
5a65b91aff9c0fb03e7971823e104163,1,17f1ae71c27aaad9cee4655e62a50189,6560211a19b47992c3666cc44a7e94c0,2017-09-25 03:34:59,69.0,7.78
5a65cedc025f607cbdb4c5219f648ae3,1,54e5939fcd9ae70ad0f59f612d6d29bd,48436dade18ac8b2bce089ec2a041202,2017-10-05 11:24:47,42.9,9.94
5a7b40567394cf2a17b67ace5ea32329,1,450a44fbb7995e0ace31991a2bb05470,1b8356dabde1d35e17cef975c3f82730,2017-09-21 19:25:19,32.99,16.6
5a85ba245a3a3bcb21334e761e0ef1a2,1,ea44caac707f7f1325182a538007f838,855668e0971d4dfd7bef1b6a4133b41b,2017-09-21 20:10:16,50.0,12.23
5a87769ff430e7d1873e2bb9b3968af3,1,f5ea2987f3303da7ac961ca96223909b,96804ea39d96eb908e7c3afdb671bb9e,2017-10-03 21:35:29,149.95,15.8
5a92b60d387be04eb53698b2f8b9b043,1,11165ade430c6cc010bb0042fe88d150,0eaa7e33d73809f1f925f7d07c506cbd,2017-09-11 06:50:07,189.0,13.66
5ab209cc906b44b6ba9238171f46f263,1,4c283386efa95fcc42ce7a7000afb0df,de23c3b98a88888289c6f5cc1209054a,2017-09-20 09:05:42,129.99,14.66
5ab277636dad461ec1c74f6f787c4ed0,1,015ec57b45a4c3efc70288eb133d623a,b2ac621f0d0322434d04a12b078b9369,2017-09-20 10:45:11,305.0,17.89
5abfc2c21926dd42e4e2a94abd87e23e,1,c708ba7c6269161f89ce0683cdd7c432,6560211a19b47992c3666cc44a7e94c0,2017-09-13 10:33:33,49.0,7.78
5accb23a030458bbfb5eb669903f05b7,1,37dcce9d511e9729330ad4d80de13cfa,e5a3438891c0bfdb9394643f95273d8e,2017-09-29 14:51:46,20.3,15.1
5adb95fe0aa8a0d29d029194724df6b7,1,a81e6e4ca394f33cd5a0c89188baecb8,cee48807215b30a12ca2ca10ffb5f250,2017-09-25 19:23:30,199.9,24.27
5add03213ad417aab3988852ea890572,1,7fb04722aba7a2b632bac8f9819796f3,f3b80352b986ab4d1057a4b724be19d0,2017-09-08 10:55:24,79.0,17.8
5b00e836f30ccd2096e07d70fc5712cf,1,4a0297fe087bf3ab8e126936cef30a28,a1043bafd471dff536d0c462352beb48,2017-10-02 03:56:18,99.0,18.31
5b018cb93699b67367756f17e0a383a8,1,2ffdf10e724b958c0f7ea69e97d32f64,4869f7a5dfa277a7dca6462dcf3b52b2,2017-09-29 15:35:37,229.0,16.35
5b09dc1d3c9b771ba377ab696f2eb361,1,2c42bf0cba650bd08bfeac2412b06ef6,2d50d6282f8aa2257819a77bfaa0efe0,2017-10-09 04:28:26,49.0,16.11
5b0e38e46ebfad6aea8bd8a7aa5b43ff,1,4d63072ea1d6b58c3202ddfabda20b16,1d8dbc4f32378d715c717c1c1fc57bae,2017-09-22 17:35:17,110.0,14.5
5b10bae6d8bb45da2e1bb606f76b5032,1,20daef67faad9f39084ec8812b1dc6b4,94144541854e298c2d976cb893b81343,2017-09-18 04:15:22,40.9,14.1
5b10c1ea42ad4886a60a80796ed33b5d,1,72461dcd49c85b6c618dcf915d7aa0c9,c3cfdc648177fdbbbb35635a37472c53,2017-10-05 14:35:48,149.9,17.3
5b249d0d2a393d918ffae8d9de5dfb4c,1,ef335a744a67679ed37e8698353dfc95,954e95f20808d7e5d11f0de292d078e0,2017-09-14 13:05:09,39.9,42.76
5b249d0d2a393d918ffae8d9de5dfb4c,2,ef335a744a67679ed37e8698353dfc95,954e95f20808d7e5d11f0de292d078e0,2017-09-14 13:05:09,39.9,42.76
5b44c6f9e0661260464c004450816622,1,caa2013f2d03e815b515557fda15639b,1ce3ae5a399804d1a87e706f8a813c3e,2017-09-28 04:10:52,69.9,9.0
5b44c6f9e0661260464c004450816622,2,caa2013f2d03e815b515557fda15639b,1ce3ae5a399804d1a87e706f8a813c3e,2017-09-28 04:10:52,69.9,9.0
5b4877f25d0bb4b4a332dc22f773d001,1,d1ef230269a528a5683f93b17ced0fbb,725c32fa80c2faacc4fc88450d27314e,2017-09-13 22:05:22,39.99,17.92
5b7078954da6923760467cf39ac91bc0,1,5450ae624c196f64c291a61b12ffa3ee,5656537e588803a555b8eb41f07a944b,2017-09-21 11:10:17,37.89,8.11
5b71035c88f2a3897eb7f0f73edb3f33,1,514261bb564657b9c123325f5af6bf4f,fa1c13f2614d7b5c4749cbc52fecda94,2017-09-27 09:55:15,759.9,31.86
5b767b3bdf9b75abf789c32a244105d7,1,ef3bda43c679d8fa4a75fce58089c26f,2b1a40c1daabc6ca280c4b815c101841,2017-10-04 15:25:08,259.98,25.87
5b7f6445ca01d94adfe256eaa9a37ada,1,0bb987ba9ab94c3db5f831375f9d8a5c,d2374cbcbb3ca4ab1086534108cc3ab7,2017-09-25 20:30:12,65.9,16.9
5b87678fe5651f0c1e5ee9bb16108947,1,5dd8e8df9f408e7b2feb9bfd44c6f011,dbc22125167c298ef99da25668e1011f,2017-09-12 04:30:59,98.9,14.42
5bb8b0cbc3b9c8785096b10b128bac52,1,d986e4bd747ca20b348abcd013cd1303,440dd6ab244315c632130ecfb63827b1,2017-09-19 23:04:02,154.9,18.33
5bbc94ad182b8b20ea955b1c3cae7d60,1,2e0e1e610098039f2eee73b65de098b4,744dac408745240a2c2528fb1b6028f3,2017-09-15 17:55:16,519.0,19.07
5bc73b0c41be139e802a0e8f361713db,1,9e2ce829b01f3d1a0a9d5ddf7ee21864,835f0f7810c76831d6c7d24c7a646d4d,2017-09-20 22:08:21,69.9,32.94
5be3e2ea8dccd8c98b2efd063627a10a,1,2028bf1b01cafb2d2b1901fca4083222,cc419e0650a3c5ba77189a1882b7556a,2017-09-26 10:25:16,56.99,16.84
5be7fcdba040de4538c9bd6fc2447973,1,d44757bff9d0a479db38e2117eba931d,7aa4334be125fcdd2ba64b3180029f14,2017-09-08 11:25:09,125.99,56.55
5bf226cf882c5bf4247f89a97c86f273,1,32bb152336c896d906a6344cdbe1993c,1025f0e2d44d7041d6cf58b6550e0bfa,2017-09-11 23:15:14,230.0,16.36
5bfff93bf1a78cecbf645fe86513ad0f,1,2b4609f8948be18874494203496bc318,cc419e0650a3c5ba77189a1882b7556a,2017-10-06 10:56:15,89.99,16.39
5c0f0295fe2930de5bec81e461a4bbb7,1,46cc07237660346018f8838ae0b7ed2b,8cbac7e12637ed9cffa18c7875207478,2017-09-14 16:05:13,52.5,17.94
5c26fc72dfb3f4ee72fee72d193d62a5,1,99a4788cb24856965c36a24e339b6058,4a3ca9315b744ce9f8e9374361493884,2017-09-21 13:35:10,89.9,16.26
5c3fbb4009b158eb4cc91a0c6747ebfa,1,159afb2051a2a69bcd9a594ce5ed6452,6cd68b3ed6d59aaa9fece558ad360c0a,2017-09-25 03:33:11,92.9,27.19
5c5bbd6db76559427661810d806bae25,1,75d6b6963340c6063f7f4cfcccfe6a30,cc419e0650a3c5ba77189a1882b7556a,2017-09-20 23:05:42,56.99,14.15
5c617dfa96b6fe84f28fcb382042b3a3,1,fef63ef09494166bda2812ff585be979,e9779976487b77c6d4ac45f75ec7afe9,2017-09-26 07:00:07,58.0,11.91
5c6c792766bc857e0b5b1d22c5a963e7,1,83b00325c13c44245b2c3a2befa62a0e,ad781527c93d00d89a11eecd9dcad7c1,2017-09-14 19:43:30,159.99,29.91
5c79fa2db9227db840a45f20c3ce4833,1,4fcb3d9a5f4871e8362dfedbdb02b064,8581055ce74af1daba164fdbd55a40de,2017-09-12 04:45:48,143.8,15.76
5c7d0a72d5ce2ffc03f4a86238abcd9d,1,cdeefdce9704b2a961a01e89b1f19e7b,34d1ca11b242c0fee2c834ae8d788566,2017-09-13 06:42:33,240.35,17.44
5c8cd93d3a115eb002c7d3c40ab4fe36,1,d8b66f40733554b25f9c67fdcf2b0928,381c83fdca332ea6afd896da20bf6e4a,2017-09-26 13:26:29,99.0,19.93
5c9730fc4a417f9c52b34577a35157bd,1,677ea65357366d30a013af105b2c8a0f,0432ead42b6c8a0bdf68154add917fdf,2017-09-07 22:43:44,89.9,14.38
5cb2e7396780669f8f84f6c2fc3c52a4,1,c0b6b3f28ce02f61610abda2a6049de7,9449f25aeaf531019b76999ea49a6949,2017-10-06 11:07:10,159.99,9.33
5cb724be50443da495598c1db35ccfbd,1,461f43be3bdf8844e65b62d9ac2c7a5a,4869f7a5dfa277a7dca6462dcf3b52b2,2017-10-05 01:34:27,159.9,15.87
5cc85e983f530b29858b3da0bfbc7228,1,69d3ff4f45d52d69e4b06760e0e154e2,7b0df942f46435babab05d49b744b2c4,2017-09-08 15:15:21,1048.0,24.59
5cd162546fa462ea71132e5419ab9f09,1,28bc7d95951d962dd5cdda791e07b56f,17ca9b9e9b9ef8fdb529001b49ebb50f,2017-09-18 17:44:52,39.97,25.63
5cd1638878e3bdec096de84a8d51fd2d,1,fa39c60599eb6573020f07a1b4dd38cf,0bae85eb84b9fb3bd773911e89288d54,2017-09-22 20:44:11,79.08,17.8
5cd4de56d310f9546c7dea5611b658d0,1,9055dd3dc18725216cbe35e1999e692d,6edacfd9f9074789dad6d62ba7950b9c,2017-09-14 03:30:14,44.9,22.67
5cf9bee99b19ff8b30c36f0a4d3483ba,1,11875b30b49585209e608f40e8082e65,669ae81880e08f269a64487cfb287169,2017-09-15 11:23:20,65.0,16.89
5d1ab3e75c76552ea4661a441fe24d78,1,aa8e397582b49721494b929b3216b41f,1da3aeb70d7989d1e6d9b0e887f97c23,2017-09-20 14:30:14,25.0,14.1
5d1ab3e75c76552ea4661a441fe24d78,2,aa8e397582b49721494b929b3216b41f,1da3aeb70d7989d1e6d9b0e887f97c23,2017-09-20 14:30:14,25.0,14.1
5d1ab3e75c76552ea4661a441fe24d78,3,aa8e397582b49721494b929b3216b41f,1da3aeb70d7989d1e6d9b0e887f97c23,2017-09-20 14:30:14,25.0,14.1
5d1ab3e75c76552ea4661a441fe24d78,4,aa8e397582b49721494b929b3216b41f,1da3aeb70d7989d1e6d9b0e887f97c23,2017-09-20 14:30:14,25.0,14.1
5d1ab3e75c76552ea4661a441fe24d78,5,aa8e397582b49721494b929b3216b41f,1da3aeb70d7989d1e6d9b0e887f97c23,2017-09-20 14:30:14,25.0,14.1
5d23c305abfcdc141c263c99c7dd6b21,1,f1d0ef439f9f2246803f89f1005ff709,9da1ca0bef29ee170e541927a5aeabdc,2017-09-29 12:35:15,164.9,17.86
5d27ea6de8d9187a253180f20045dd3c,1,53b36df67ebb7c41585e8d54d6772e08,4869f7a5dfa277a7dca6462dcf3b52b2,2017-10-02 15:35:14,134.9,12.44
5d370cc80c063c339724dc1e68bb0732,1,e98a500a671ec3eea9a498507b0154fa,cab85505710c7cb9b720bceb52b01cee,2017-09-19 20:10:29,49.9,14.1
5d3d12685107807b3d265fc3e4742597,1,5a3a4cd70e21a907b71825c5ff83ddba,82e0a475a88cc9595229d8029273f045,2017-09-14 14:50:16,119.0,19.37
5d3d12685107807b3d265fc3e4742597,2,5a3a4cd70e21a907b71825c5ff83ddba,82e0a475a88cc9595229d8029273f045,2017-09-14 14:50:16,119.0,19.37
5d4c85dc3fb9109333a5a7ef8fe717a4,1,32bcebd1122da0e45ac11739dd7a1cad,8ff38bc3969e67c36c48343a07090f66,2017-10-05 13:35:18,434.0,45.24
5d4c85dc3fb9109333a5a7ef8fe717a4,2,32bcebd1122da0e45ac11739dd7a1cad,8ff38bc3969e67c36c48343a07090f66,2017-10-05 13:35:18,434.0,45.24
5d4c85dc3fb9109333a5a7ef8fe717a4,3,32bcebd1122da0e45ac11739dd7a1cad,8ff38bc3969e67c36c48343a07090f66,2017-10-05 13:35:18,434.0,45.24
5d4c85dc3fb9109333a5a7ef8fe717a4,4,32bcebd1122da0e45ac11739dd7a1cad,8ff38bc3969e67c36c48343a07090f66,2017-10-05 13:35:18,434.0,45.24
5d4f5212371724259b175c9e1a1064fc,1,cfb763496d9fc48751a27db4fd02aa2d,391fc6631aebcf3004804e51b40bcf1e,2017-09-20 11:43:43,49.95,16.79
5d720f62073ac5b205f45be3084966cf,1,b0961721fd839e9982420e807758a2a6,1f50f920176fa81dab994f9023523100,2017-09-28 02:26:10,59.9,28.82
5d79b555805a2c67a647b4f2ed28891c,1,4aca38e787c979a6106440c7a63036b4,5f2684dab12e59f83bef73ae57724e45,2017-10-02 13:49:26,79.9,25.11
5d79d483f058dc640b8948650d14562f,1,1f4a5027e72750aea66afd594f9dc10b,4e7c18b98d84e05cbae3ff0ff03846c2,2017-09-08 19:45:11,129.0,70.12
5d932f2c9933e832f4a37999ccd03baa,1,37b4783642fb927cc790934843b00b06,6edacfd9f9074789dad6d62ba7950b9c,2017-10-04 15:07:14,84.9,11.8
5d952c5bc80b046c423373cd126ceb00,1,c7dc39bcc7f9bf8a9b253b8727a0cde5,7299e27ed73d2ad986de7f7c77d919fa,2017-10-04 09:07:18,40.0,15.1
5d963a08322bbf0e9d783716d6e9c1a0,1,880be32f4db1d9f6e2bec38fb6ac23ab,fa40cc5b934574b62717c68f3d678b6d,2017-10-04 22:56:16,44.9,7.78
5db31af449c668e4ed0b7efb00f802c1,1,9afe5faa4fa31a0858bbac1b3821977a,7d76b645482be4a332374e8223836592,2017-09-11 10:25:27,24.9,15.79
5db62a99be52172b589440403f644aa9,1,ad80a47aabd6cc2b47dbc6be05e5bdf7,80e6699fe29150b372a0c8a1ebf7dcc8,2017-09-20 21:55:16,38.99,17.63
5dd2b7d78f1a564bc459f3aeb9b47bcb,1,ee406bf28024d97771c4b1e8b7e8e219,7a67c85e85bb2ce8582c35f2203ad736,2017-09-20 23:45:14,149.99,12.25
5dd67a05c776cc40da30f5cde4a7f161,1,422879e10f46682990de24d770e7f83d,1f50f920176fa81dab994f9023523100,2017-09-08 19:30:23,59.9,17.67
5ddfb982c9a99a9702ef69513b2b3c57,1,75b244904ed62f3af89d3fa542c41026,3d871de0142ce09b7081e2b9d1733cb1,2017-09-19 21:45:15,29.0,11.85
5dee45d2d0261427291ef70ee3f432bd,1,6a2909ac21d16b721e4795e7e8ff3e68,0509040ea3fe50071181bbc359eb7738,2017-09-18 14:06:06,23.8,8.11
5dee8eedf4516e7562d1ec0f62833392,1,6cf14dbbc3b753384a72cf9c57119063,3078096983cf766a32a06257648502d1,2017-09-28 19:50:17,186.99,16.94
5dff8347ba30bf1b9e5d1a1ce778702a,1,05928363cd16fb2d20ccad40992105aa,abe42c5d03695b4257b5c6cbf4e6784e,2017-09-28 11:30:12,439.0,16.82
5e0140671ad91ce830fb2b33a3210d1b,1,dca8cbb1c9d8a2db0fbc0c36b8d1a7bc,6560211a19b47992c3666cc44a7e94c0,2017-09-26 09:15:14,89.0,21.42
5e17b70632f7a50b36f6601b955c9091,1,d952c09021388fd5b1e5f914f559fb10,ea8482cd71df3c1969d7b9473ff13abc,2017-09-27 12:15:14,16.99,11.85
5e3e4a506d4cacd33f33b902f7be3eb6,1,e672fbe634ad07cce9d85f412becb2c0,7a67c85e85bb2ce8582c35f2203ad736,2017-09-28 12:25:44,129.99,25.46
5e5766c3a748a45bb1cf4d930a06e26c,1,7c1bd920dbdf22470b68bde975dd3ccf,cc419e0650a3c5ba77189a1882b7556a,2017-09-21 19:50:11,58.99,16.66
5e741be1ef0b879586c4c85a9967b5f9,1,c1ad8ac66c91ad301cefc322ba2adf31,7e93a43ef30c4f03f38b393420bc753a,2017-09-08 14:15:21,719.0,23.57
5e7f9ee66e56d354635709fe765e845c,1,ccadfeab525a9eb1569983b66e5075c4,33576ec5412fb5905d876f12f33bfde6,2017-10-03 04:07:20,79.0,17.83
5e82591b43cb83a7dd419ff564e44d04,1,046cf43a5b63303b3c3c4ba076d1d732,b2ac621f0d0322434d04a12b078b9369,2017-09-22 16:35:37,148.0,16.48
5e85554ed83f05cbe7f092ba18b17e5c,1,58e3dad74a022a8e41571be503143e5b,f805b96fa705ba7995a221f1749dc141,2017-10-02 09:49:18,499.0,45.9
5e9b8f318db11da788bebae8b16069f0,1,a9028257171c93a8d948ff95a0082b0d,aac29b1b99776be73c3049939652091d,2017-09-18 22:15:28,27.9,15.1
5e9fbea0a384b612fd7b6d66c1e21152,1,f5bb0eef3914b07a9dea355a6a3069da,ef506c96320abeedfb894c34db06f478,2017-10-05 13:50:22,25.99,14.1
5ea205e81046bea9b90ad14ff700c7a3,1,84dbf59971e2dd6aede4b0e0b1847a54,638cba8be1fb599bbb76fd6948351eb3,2017-10-04 15:49:12,20.3,16.79
5ea205e81046bea9b90ad14ff700c7a3,2,84dbf59971e2dd6aede4b0e0b1847a54,638cba8be1fb599bbb76fd6948351eb3,2017-10-04 15:49:12,20.3,16.79
5ea6aff99c981e1b3a33743cbad8d546,1,ce149636a055d9eded4cde55da9ebd3b,a6fe7de3d16f6149ffe280349a8535a0,2017-09-19 17:55:15,59.9,11.92
5ea8db638f6283a19f2554c746ab4496,1,98b22c1129886cbd7fcae69d1c93e442,da8622b14eb17ae2831f4ac5b9dab84a,2017-10-02 10:26:08,89.9,13.65
5ea9580b57597d44cf5700e11f2296c2,1,71a7800a633691de8ecdd17463335e2e,f80edd2c5aaa505cc4b0a3b219abf4b8,2017-09-15 14:55:19,58.9,16.17
5eca574faaba7961b0e3f7147f20b658,1,1347d4320dcd0acd750e37bb3d94a918,ffeee66ac5d5a62fe688b9d26f83f534,2017-10-05 16:14:11,129.99,20.88
5f208894ebd77e40a78e3ae42e67d828,1,f1800c2171d139e7a2a8ea2fed324eaf,2138ccb85b11a4ec1e37afbd1c8eda1f,2017-09-18 04:25:56,29.99,11.85
5f24553283f2c7a74869675a02035bd7,1,43944a8f8f0b7ae86b6c3d3c2f257375,0adac9fbd9a2b63cccaac4f8756c1ca8,2017-09-11 21:30:20,699.0,63.33
5f535417894495b2b12f4de92d996800,1,141bfc7707c259668ab7d5c4017dce4a,3d871de0142ce09b7081e2b9d1733cb1,2017-09-20 18:15:08,20.0,15.1
5f5e8b484bf04fd34dc39753519239ff,1,e9c1abcc7126360336d8f56d49041a8c,679769a98cfcc6da877c8486ff1c13f3,2017-09-21 18:30:14,349.0,37.76
5f82563eed1525084af012688a78398a,1,48e82f62f499350869ac7529efd9fcbd,cca3071e3e9bb7d12640c9fbe2301306,2017-10-02 07:07:14,54.9,16.14
5f88cd646a937d40a9514fb0e587269d,1,0d735ec0b40c02b6f7175205fb0e2de5,abe42c5d03695b4257b5c6cbf4e6784e,2017-09-21 13:30:13,429.0,15.0
5f8b2bc14c6a2b44cd5c1131aeb55ae3,1,54af11c815f92135fb554bd9c97dd418,004c9cd9d87a3c30c522c48c4fc07416,2017-10-02 05:36:19,69.9,17.74
5f8cff9210fbe5a642d0e05b4bc974e6,1,a8fe47ad6f852f93cc92c7b408687de3,aaed1309374718fdd995ee4c58c9dfcd,2017-09-29 17:40:06,72.9,16.27
5f9023a84ef9e64c87bc7c1970da5680,1,db25a58a5da5dfe2fd19f2604491bd27,4e7c18b98d84e05cbae3ff0ff03846c2,2017-09-18 15:55:47,54.0,46.91
5f968bf751ef3bf1bdcd3a675b10b6a2,1,8db7c6497625f4f17d770bd01912cbe8,7a67c85e85bb2ce8582c35f2203ad736,2017-09-12 04:24:19,12.99,16.11
5fd0b812a7ad786c02970c4223ef1dff,1,17c4bd4269902c84acc14c497f282ddb,75d34ebb1bd0bd7dde40dd507b8169c3,2017-09-13 13:24:09,309.99,14.42
5fd0b812a7ad786c02970c4223ef1dff,2,17c4bd4269902c84acc14c497f282ddb,75d34ebb1bd0bd7dde40dd507b8169c3,2017-09-13 13:24:09,309.99,14.42
5fda248f43023d5528e3a28e886f9b8e,1,d7ceaa970defc5f52f1affda0dc32f30,04e38a233f726ef161074ab1c9b0399a,2017-09-21 01:04:35,21.9,15.11
5fe3264defad0362e5f017bda3404062,1,83b23a333b811855258c5ec9431f6d3e,1da3aeb70d7989d1e6d9b0e887f97c23,2017-10-04 03:24:46,16.0,14.1
5fec115c600fe034468960bd0cc6d253,1,f1c7f353075ce59d8a6f3cf58f419c9c,37be5a7c751166fbc5f8ccba4119e043,2017-09-29 01:45:00,148.0,14.64
5ffe81e9175008222d385b418ef51a6d,1,f646af315b0f3a597f69213537ca2199,3df020b72d3d44b3af9d110fa3940b65,2017-10-02 16:57:02,49.9,17.92
5ffef190f82ef1609e36ce56abdde5e9,1,f71f42e2381752836563b70beb542f80,85d9eb9ddc5d00ca9336a2219c97bb13,2017-10-18 03:34:20,31.9,16.79
5ffef190f82ef1609e36ce56abdde5e9,2,f71f42e2381752836563b70beb542f80,85d9eb9ddc5d00ca9336a2219c97bb13,2017-10-18 03:34:20,31.9,16.79
6002f6fd11937a1461a6c4780232191e,1,53759a2ecddad2bb87a079a1f1519f73,1f50f920176fa81dab994f9023523100,2017-09-26 02:39:58,59.9,17.67
6002f6fd11937a1461a6c4780232191e,2,53759a2ecddad2bb87a079a1f1519f73,1f50f920176fa81dab994f9023523100,2017-09-26 02:39:58,59.9,17.67
6002f6fd11937a1461a6c4780232191e,3,53759a2ecddad2bb87a079a1f1519f73,1f50f920176fa81dab994f9023523100,2017-09-26 02:39:58,59.9,17.67
6009e92e3138b7db82c677226459416a,1,422879e10f46682990de24d770e7f83d,1f50f920176fa81dab994f9023523100,2017-09-20 02:45:36,59.9,17.67
600f11f2924877daf80111221c047491,1,4e424a1cee1626e101d211bd604b10e0,7178f9f4dd81dcef02f62acdf8151e01,2017-10-06 14:56:24,29.9,15.1
601e15e212cb33919e0444d6f0d776e0,1,0b0172eb0fd18479d29c3bc122c058c2,1838dd9b8977065acf51d95e0053ea7a,2017-09-18 14:26:44,28.9,16.11
60218eecf87eaeb58657769f328f2726,1,ff9fa77f938462abd16b53c0d934099f,c3cfdc648177fdbbbb35635a37472c53,2017-09-12 12:15:15,119.9,16.6
6024ba74feaaac8884b2c5c9a8dce93b,1,ef43ce667e1a98728fd045dce7162c86,7d948535954aaf8c5d39db007f74372e,2017-09-11 16:15:25,47.0,15.1
6029e6bd42b7734db7fa0f091ed018d3,1,fa4e8255202fd921350a6fc716710dae,2b3e4a2a3ea8e01938cabda2a3e5cc79,2017-09-28 22:44:11,239.99,13.18
602c41bce7c56c79f81a7e7365451e0a,1,b6bdebb92f595f00c73bd42e0e3a8517,ef506c96320abeedfb894c34db06f478,2017-09-10 22:25:07,25.99,15.1
603d99954d45262efae58a9827c7f02a,1,d787de6a880320609e500adbb90fb9c7,ea8482cd71df3c1969d7b9473ff13abc,2017-09-12 04:15:49,19.99,15.1
6042aab766ef2c352f7b2aae4e1f9290,1,4cfda9c405b4bc926663d2c0d1ddc832,0be8ff43f22e456b4e0371b2245e4d01,2017-09-28 11:24:35,79.9,9.37
6047b3a832a41b60705327fcd2644679,1,d800be06cad2262f48d1c2982fd31189,cfb1a033743668a192316f3c6d1d2671,2017-09-13 03:04:29,53.9,17.63
60498cfabd11f25114990225793f3ea0,1,076e4ce53c8914382e7ff3732511b17e,59fb871bf6f4522a87ba567b42dafecf,2017-09-12 14:04:22,109.99,15.53
605396ecdc2610304702411452c54a91,1,75d6b6963340c6063f7f4cfcccfe6a30,cc419e0650a3c5ba77189a1882b7556a,2017-09-11 16:05:28,56.99,16.84
60566939937556f587e9c32e761f794b,1,bb50f2e236e5eea0100680137654686c,f7ba60f8c3f99e7ee4042fdef03b70c4,2017-09-19 17:27:51,325.0,23.07
6070ab7b5e87d4ed488918683d044bfa,1,1eaf224c19e07b6e50bf0119eea1dd26,da8622b14eb17ae2831f4ac5b9dab84a,2017-09-10 21:30:22,99.9,17.95
60721992ef4cec39824837f08c79afec,1,d1c427060a0f73f6b889a5c7c61f2ac4,a1043bafd471dff536d0c462352beb48,2017-09-27 09:30:16,149.99,45.98
60721992ef4cec39824837f08c79afec,2,c4baedd846ed09b85f78a781b522f126,a1043bafd471dff536d0c462352beb48,2017-09-27 09:30:16,99.0,37.36
607d3bb7a9446cd716e0fe3689dfcdaf,1,ac5b8f2f2dde997ff8819a6845ae15f0,f5a590cf36251cf1162ea35bef76fe84,2017-09-11 14:45:15,690.0,53.57
60850f50218200d2c61bd3d983e22d08,1,922efd345b4d692aadf0e6b65f5d51e7,8444e55c1f13cd5c179851e5ca5ebd00,2017-09-20 20:45:12,129.2,13.03
6093172628144fc06ee4548601a91c65,1,97ab901f90b75df669b546a1d68d0512,2f09f7d37a97956d11cc1a7cadd5262b,2017-09-22 19:55:20,510.0,84.66
60a66add21590acd620d89fafedc04c4,1,8aa6223e400af9c97b07c75993142721,1f9ab4708f3056ede07124aad39a2554,2017-09-14 20:25:37,174.9,20.1
60aff0ecd77407f311c868a82b58ac70,1,5d66715cc928aadd0074f61332698593,128639473a139ac0f3e5f5ade55873a5,2017-10-05 07:56:08,19.9,12.48
60c03a80ee95e6f0b2be392657ba6c1c,1,fc2351bcf24c714e5d21b44ad41198b7,855668e0971d4dfd7bef1b6a4133b41b,2017-10-04 21:49:30,50.0,13.37
60c8ff275c52d58ac6693a516ff2593a,1,7c1bd920dbdf22470b68bde975dd3ccf,cc419e0650a3c5ba77189a1882b7556a,2017-10-02 20:24:43,58.99,16.66
60d56d46167857b04e9531f0542f8807,1,f4b952dd7ab601c02bb1bd06395f45f6,86ccac0b835037332a596a33b6949ee1,2017-10-04 03:05:25,79.9,33.01
60dc36170c9cc8c0215fafa26627670f,1,d6160fb7873f184099d9bc95e30376af,53243585a1d6dc2643021fd1853d8905,2017-09-19 00:15:11,1549.99,33.72
60dd1f3b513374229c549a9a31475a54,1,5e98b7fecc62c3ebeaa8252269b2d6fe,b1ac6ea7895bc3dd6f0f6f4abbdd2821,2017-09-14 23:04:50,59.0,37.96
60f8ffa9343f486438b8a1cb707882d5,1,5483dc3f61a1d385ccc49cec3a560617,822166ed1e47908f7cfb49946d03c726,2017-09-18 04:50:29,49.9,16.11
6103ae4e3648137cdabab734faf4c19e,1,eaa57ef2c6f400e0ca6fabc628ea1cf0,7d76b645482be4a332374e8223836592,2017-10-03 00:56:14,15.9,15.1
61098f2225ffc7b0579d39d18e84e394,1,2acce4db469045e8f9a863028abce19d,92eb0f42c21942b6552362b9b114707d,2017-09-12 04:35:38,17.99,15.11
610b5a11b3a0ccf7d86f6ca1ca59ba4f,1,0bcc3eeca39e1064258aa1e932269894,1f50f920176fa81dab994f9023523100,2017-09-11 23:50:18,59.9,13.44
61224c4690fa8613b56e0469cea9415c,1,40c9f84a8919516ca9b0d6a9f5ad27f4,20d83f3ef0e6925fd74bfd59170babf7,2017-09-18 18:30:34,59.9,21.22
61224c4690fa8613b56e0469cea9415c,2,a82a1fcaf427ceabe9df656409d7acdb,20d83f3ef0e6925fd74bfd59170babf7,2017-09-18 18:30:34,59.9,21.22
614c5cb06a982f6034ec63bb29030868,1,63de2743d05ab59d85caa49e49459ac1,cbd996ad3c1b7dc71fd0e5f5df9087e2,2017-09-22 12:45:53,19.9,15.1
615cf04f32d0e674e960edda73584d42,1,5f76fa92c238431e69b3f294ec7db04a,0db783cfcd3b73998abc6e10e59a102f,2017-09-25 11:05:36,35.0,25.63
61a5f701b5030c61c54f06c4c406ff7d,1,2e80de39baa315ca5657caf93b47593b,a3f0b55de503387383c7b1de3ad7f678,2017-10-02 19:07:09,189.9,31.67
61b5e339a1a45b4d6eb6a2cdf40da6a4,1,6a1a04054158fe995e1688d8f79605b2,9616352088dcf83a7c06637f4ebf1c80,2017-09-26 17:30:24,59.9,17.99
61c371c97bc39650300c359853390644,1,3a806ac1ab98107febb4ffcf38bc1fac,adbc26658d6c7b4b6219f9d934598091,2017-09-15 17:45:24,130.0,20.15
61d9e1e95fdfd5f0732643e5dbc1634d,1,980afaa22ae7fefe2118474b4bb444e6,aae5953b9edddf14749c0d65d60eb4b9,2017-10-05 01:07:15,149.9,15.8
61dd76fc641eea1c3ecc493b029e935a,1,977fbe809f12dd0f62698fb90d671b67,3be634553519fb6536a03e1358e9fdc7,2017-09-26 02:35:57,95.74,42.9
61e5cd1c042eccdc6df63d57e99b1ae4,1,6536314c94d43b787fc1c622941da14b,2138ccb85b11a4ec1e37afbd1c8eda1f,2017-09-28 04:15:28,32.99,14.1
61ff26ac3b205fc54a7431bb3b032cf0,1,76e855b70f3c3b10b9cb7ac8f19c2ed0,4e922959ae960d389249c378d1c939f5,2017-09-20 22:45:26,250.0,17.51
621dfc6b37830d617db3724b903c053d,1,938f95c14baec1a1fd57ce55ab5a8af5,95e03ca3d4146e4011985981aeb959b9,2017-10-03 02:47:11,100.0,21.1
6224401eebe13e25d470d8d6a9ef225e,1,389d119b48cf3043d311335e499d9c6b,1f50f920176fa81dab994f9023523100,2017-09-12 22:43:53,59.9,13.44
622dac2e43c9fe4e17d08cbc259f8448,1,bb50f2e236e5eea0100680137654686c,f7ba60f8c3f99e7ee4042fdef03b70c4,2017-09-25 21:30:22,325.0,17.02
6245ae0abd9de1ae647b5da78c0ea69b,1,8d1cfc0463b545928bfb4e589e017bd4,aae3bfea055532c57fb453ed3ec80b30,2017-09-15 08:10:08,62.8,11.94
6250a70ada1a0cb3772f99181a27bb51,1,034ecce08e1adf75b5fecf2faac7ed11,6b243f80ed07b10f0e8aa0f21a205f3c,2017-09-08 11:15:19,44.9,15.1
626def5d634d7a7c180f03cdd9178930,1,96e8923537d69875e7507e3fe08ceb6d,4a3ca9315b744ce9f8e9374361493884,2017-09-18 11:30:31,79.05,12.05
627b0adf375e47134b142cc2bff1d0ba,1,75c06ee06b201f9b6301d2b5e72993f8,3c7c4a49ec3c6550809089c6a2ca9370,2017-09-25 15:35:22,13.99,14.1
6297b306b33b7a9028dfaa203b9742a3,1,bd089e9fe06981d16b0daf6f97bef3bc,ececbfcff9804a2d6b40f589df8eef2b,2017-09-18 01:44:09,56.99,25.68
62bb099353a9b4d95e7612ef18f771e1,1,4a300735bc293723103db0d0c1bc1585,6f892e20a171e98efe17fdb971ff319b,2017-09-21 20:44:09,79.9,17.84
62bb099353a9b4d95e7612ef18f771e1,2,4a300735bc293723103db0d0c1bc1585,6f892e20a171e98efe17fdb971ff319b,2017-09-21 20:44:09,79.9,17.84
62bc181a6d897eba7057bb531ea5f094,1,2b4609f8948be18874494203496bc318,cc419e0650a3c5ba77189a1882b7556a,2017-10-02 10:27:27,89.99,15.38
62f4ea84df794e8e785b5d9d279eaa62,1,81f2db696217a6ca38f7addba4245fd7,3d871de0142ce09b7081e2b9d1733cb1,2017-09-19 16:35:11,45.0,11.85
63033c7afa7443f6f4d862d70fcf413f,1,c2a1ff8408a1c857c8730e4d12da714e,95e03ca3d4146e4011985981aeb959b9,2017-09-25 02:25:51,69.9,16.74
6323aec573b1bb57a4f691fde7974f60,1,2fe0cccc00239f01484b97ba65408800,a3a38f4affed601eb87a97788c949667,2017-10-02 11:28:31,114.9,29.2
6326b091c76460e26d963f38c7ab627c,1,a41d9e51c365f6e2f5eb1f98fa4097eb,0ac4201fda2c68ebc0e47cb9423cf3c9,2017-09-14 12:50:10,39.99,7.78
633f4fc75774571fccaef584dfce5a7b,1,b0961721fd839e9982420e807758a2a6,1f50f920176fa81dab994f9023523100,2017-09-18 16:15:15,59.9,37.97
63411626466603435cf74a3d51f8fc8a,1,6a984aca8806747c09165b7767a3204e,48328ec9a579151d9cc6a86d4a59336c,2017-09-25 14:35:20,1099.0,97.78
634adfa0f5cb0fd3a7c932f3b5b463fa,1,4fb651ace30be388c0e95f48f3308e5a,44073f8b7e41514de3b7815dd0237f4f,2017-09-14 08:55:11,125.0,22.74
634de1499ffe996612a8960e10d1c4ee,1,fcdb929c70287379ce31deed3f733d72,dd2bdf855a9172734fbc3744021ae9b9,2017-09-28 23:20:43,209.9,16.22
6351b80ae9f0c878fd15defcfc6926e7,1,0cbeda603059c985268afd35128be303,3d871de0142ce09b7081e2b9d1733cb1,2017-09-18 21:55:22,69.9,17.74
63576020815760d4b5d11cef32595ada,1,53b36df67ebb7c41585e8d54d6772e08,4869f7a5dfa277a7dca6462dcf3b52b2,2017-09-08 18:35:29,169.9,5.82
63576020815760d4b5d11cef32595ada,2,7a10781637204d8d10485c71a6108a2e,4869f7a5dfa277a7dca6462dcf3b52b2,2017-09-08 18:35:29,229.9,19.98
637143b11a1b8c86d9e349f19ee9a1f5,1,362b773250263786dd58670d2df42c3b,4c2b230173bb36f9b240f2b8ac11786e,2017-09-26 02:36:34,39.9,14.1
6379750dac6a8a1e11378e34278ae8df,1,368c6c730842d78016ad823897a372db,1f50f920176fa81dab994f9023523100,2017-09-15 12:05:28,59.9,13.44
637be788712bee0367ea76b1d2b4e702,1,467df52fbb75382062d23bcb4e995d67,3d871de0142ce09b7081e2b9d1733cb1,2017-09-12 16:25:40,69.0,13.5
638cad2c050551138562aaae90afbb6c,1,ead72457c58dcea14f94c2223c684716,4305fe92735c8a43d154ff6dd2b8d927,2017-09-19 19:04:18,139.9,26.26
639144fceedec20fa804e47bd91dcf31,1,5570e58fb62fc2a83e5bda3974e35be5,da8622b14eb17ae2831f4ac5b9dab84a,2017-09-25 03:34:13,99.9,19.94
63c1f65a4171fb69929e4fd2652f5617,1,62ff773b2194b8f9ee2e11c6da69730b,2e3be8a987a30d7544dbbda6861cc14e,2017-10-09 09:28:15,120.99,15.61
63cb6e6a5632d2fa0406a8f3c6eae8cf,1,4257f45f6ea58aa46885ed7ef723b6c0,004c9cd9d87a3c30c522c48c4fc07416,2017-09-27 04:06:18,83.9,16.22
63e700a4baf3602c94a8d6648e896d41,1,d6160fb7873f184099d9bc95e30376af,53243585a1d6dc2643021fd1853d8905,2017-10-06 10:07:20,1599.99,53.61
63e9f378e99a3e83709e85223d637944,1,11250b0d4b709fee92441c5f34122aed,e59aa562b9f8076dd550fcddf0e73491,2017-09-12 16:30:11,398.0,20.04
63f51e8c965a147f93a5ed80d6e13d73,1,ba1adcf388392101517056482eb5c849,b2ba3715d723d245138f291a6fe42594,2017-09-18 04:15:19,269.9,28.21
63feb73dbeecb88b203169646aaf07e9,1,422879e10f46682990de24d770e7f83d,1f50f920176fa81dab994f9023523100,2017-09-28 15:00:15,59.9,17.67
643a4b4184a5186bbc7ef0a52db34906,1,5145cef9f9e1293cf8cba2c924eb94e9,17a053fcb14bd219540cbde0df490be0,2017-10-09 06:34:20,259.9,33.42
6471b260244ab316f8331321d689aff8,1,f1c7f353075ce59d8a6f3cf58f419c9c,37be5a7c751166fbc5f8ccba4119e043,2017-09-25 16:10:11,158.0,28.49
648452a05889f314b2b625e34ebb05ed,1,bef6177f54efb9a6218e124b629fc152,620c87c171fb2a6dd6e8bb4dec959fc6,2017-09-13 18:43:55,339.9,17.13
649c4145bbf6cdb7b096afa02bf5e299,1,06c6e01186af8b98ee1fc9e01f9471e9,fc906263ca5083d09dce42fe02247800,2017-09-21 16:45:37,29.9,17.63
64ba2e3d931d38f4eb1c1d3fd51ced8d,1,ae083e4a334a4210ae0ef7323f1584c5,0df3984f9dfb3d49ac6366acbd3bbb85,2017-09-27 02:55:19,239.9,15.43
64c546d3105803846cfcca109d5bef43,1,99cf040981f9215bd37759463a211f34,cca3071e3e9bb7d12640c9fbe2301306,2017-09-08 11:45:37,52.11,11.86
64cf1005615f1de47bc3715fd74f95cd,1,3570caaeaa3f5a1ae76392bb2b4155f9,7008613ea464bad5cb9b83456e1e6a8f,2017-09-14 11:40:07,58.0,17.66
6500117ce488542dd566a25aac7a7d5c,1,0eb5d1d033dcdd7b9b11658ce84ee8e9,7a2d2949aea47fab95fd98d6c9f618b1,2017-10-04 09:28:15,110.0,14.52
6525d9ab0bff6133c63e9c0cfa55bfbd,1,9b6459fd1853c7e4422ff0bdd8184cb3,4b98b0428fc1932cc2514ef9ce2505e6,2017-09-22 11:43:51,137.88,18.22
652e317bb6d649095346bf24ba207c15,1,386486367c1f9d4f587a8864ccb6902b,cca3071e3e9bb7d12640c9fbe2301306,2017-09-22 19:03:29,113.57,18.04
656990431532493653f3cabd289b023e,1,355c91ffac499557d65c0821237b6350,e5a3438891c0bfdb9394643f95273d8e,2017-09-27 13:30:25,20.3,11.85
657034554884ec6fdf6ed37c8c6788ff,1,ec360a89366f33dc9b8de9fcf67a57d9,4e922959ae960d389249c378d1c939f5,2017-09-18 16:37:14,76.7,15.29
658f2b1a0519115cc565db32cec425fe,1,01ff1ff8aa5dec93e9938b989393a4ca,0c7533c71df861ec58ad7ff999ed0e8d,2017-09-14 13:05:10,51.6,2.93
658f2b1a0519115cc565db32cec425fe,2,faa36d27544b2b05c79f3d8c801d5dbd,d57e18d5f73c7ccb7f7339b61166898d,2017-09-14 13:05:10,35.9,29.29
659862bc91d0c543aa9a3ecd268792c5,1,380b4664ba5bb18cc9db78ee6bac3558,6560211a19b47992c3666cc44a7e94c0,2017-09-13 02:55:20,29.0,14.1
65a8517395a0f289d34b6e0a68b7ef7f,1,1be9a7b25f7ddfe1dfda88b9b64f595c,fa1c13f2614d7b5c4749cbc52fecda94,2017-09-18 04:26:13,124.9,8.13
65ac2f0250184b281dd44fd463341caf,1,362b773250263786dd58670d2df42c3b,4c2b230173bb36f9b240f2b8ac11786e,2017-09-21 12:15:16,39.9,14.1
65d5ab70320210b215c305db9ff2f1c8,1,41888ddc79f5e2204681abacf72d608d,4ba52dfeba874da5b9ee7b17c7494f04,2017-09-17 21:33:26,85.0,16.84
65d949ae1a2e6f0e1c65dd06b9fb5eb2,1,027e1564c58eb02f39089b2b1f28d5e0,7142540dd4c91e2237acb7e911c4eba2,2017-09-26 18:05:10,84.9,17.84
660020bc4184db41dc39b332230e94a6,1,dc881ef926ca402063ea142afc83874c,7aa4334be125fcdd2ba64b3180029f14,2017-09-12 08:34:28,89.99,13.65
6603369c4a4273652e83110462b4afd1,1,f009b1fd2d0278e72174b86019655f28,4a3ca9315b744ce9f8e9374361493884,2017-09-28 17:03:38,249.0,30.78
661e77bbf3e487db278f9fdef584550b,1,1bfb290d7273a442c874dbe74b4abae6,7c67e1448b00f6e969d365cea6b010ab,2017-09-29 14:55:21,79.99,45.02
661e77bbf3e487db278f9fdef584550b,2,1bfb290d7273a442c874dbe74b4abae6,7c67e1448b00f6e969d365cea6b010ab,2017-09-29 14:55:21,79.99,45.02
661e77bbf3e487db278f9fdef584550b,3,1bfb290d7273a442c874dbe74b4abae6,7c67e1448b00f6e969d365cea6b010ab,2017-09-29 14:55:21,79.99,45.02
661e77bbf3e487db278f9fdef584550b,4,1bfb290d7273a442c874dbe74b4abae6,7c67e1448b00f6e969d365cea6b010ab,2017-09-29 14:55:21,79.99,45.02
6644170ea0130942cfb3064dce01004a,1,12f749c76f15e9bf5743bebda92da24a,46dc3b2cc0980fb8ec44634e21d2718e,2017-09-19 22:30:21,319.99,13.69
6644da2ecf4d36e3f23343c0915e7de0,1,d103baa8d35783ff2772704ed17ddd45,6560211a19b47992c3666cc44a7e94c0,2017-09-20 21:15:14,59.0,7.78
6649a190e9151aac8d553a45875d4b5e,1,7c1bd920dbdf22470b68bde975dd3ccf,cc419e0650a3c5ba77189a1882b7556a,2017-09-21 17:30:26,58.99,16.66
6660a709a26684b66ea12d604ddf0579,1,8817f0cda3d5b42e5f949ee3be9dc80c,3c7c4a49ec3c6550809089c6a2ca9370,2017-09-28 12:30:16,13.99,7.78
66768c430bdcf5b52888fdcbd5877992,1,f71050e65776861c8c3ec7a2d2b0194c,53e4c6e0f4312d4d2107a8c9cddf45cd,2017-09-15 20:15:25,72.0,14.25
667e8016c1467476000d4dde127343ac,1,87e583842cc9122ded9f8eafbf42894c,4e922959ae960d389249c378d1c939f5,2017-09-26 14:44:25,50.0,15.1
669ce1216b1f4bb933050232c202be73,1,1ec3e93251df2e23babb7daa30c52496,8b28d096634035667e8263d57ba3368c,2017-10-03 21:49:34,19.9,11.85
66b2b26e39bc46458ddce0b3353148e4,1,bd6e6fce9ada76ea2db0f1912e8e478f,1835b56ce799e6a4dc4eddc053f04066,2017-09-18 20:55:15,56.99,11.9
66c0ba5488a397208076ece07748d0fa,1,8f3a1c2358138bedfb98645db449110c,fa1c13f2614d7b5c4749cbc52fecda94,2017-09-12 04:10:32,279.9,15.71
66d4f650ce4c149081143ab7444a2e3d,1,706982d4d1d9841dfd470b6fe10f8614,5dceca129747e92ff8ef7a997dc4f8ca,2017-09-21 20:44:29,907.9,83.65
66dff1d3b5b10688eb5f5404045bf561,1,f032eaa3a45e2f8093255251a93efa70,218d46b86c1881d022bce9c68a7d4b15,2017-10-02 15:04:43,134.0,13.96
66f8f6c709c3da6671518cc9b9798c5e,1,174f6dbd30e54c690ac97b27a3a793fa,5f1dc28029d2c244352a68107ec2b542,2017-09-08 15:55:14,19.5,10.78
66f8f6c709c3da6671518cc9b9798c5e,2,7efc9c66bf68e3026c7846b0ec3e8682,5f1dc28029d2c244352a68107ec2b542,2017-09-08 15:55:14,9.5,19.41
675259524dbb8d518b8af60d1bc7c3ae,1,362b773250263786dd58670d2df42c3b,4c2b230173bb36f9b240f2b8ac11786e,2017-09-21 18:06:23,39.9,14.1
675259524dbb8d518b8af60d1bc7c3ae,2,362b773250263786dd58670d2df42c3b,4c2b230173bb36f9b240f2b8ac11786e,2017-09-21 18:06:23,39.9,14.1
675c52d8dfa16aa7a3b12b6ad7466fbb,1,4cc8bfa581f41841ce5e24aba773a44a,1835b56ce799e6a4dc4eddc053f04066,2017-09-20 11:50:20,56.99,15.15
676853ed85e0232da3407712d84ce83a,1,564f6ff7ae760d6eda6d32c551724036,da8622b14eb17ae2831f4ac5b9dab84a,2017-09-20 22:35:17,179.9,16.89
676853ed85e0232da3407712d84ce83a,2,564f6ff7ae760d6eda6d32c551724036,da8622b14eb17ae2831f4ac5b9dab84a,2017-09-20 22:35:17,179.9,16.89
676853ed85e0232da3407712d84ce83a,3,564f6ff7ae760d6eda6d32c551724036,da8622b14eb17ae2831f4ac5b9dab84a,2017-09-20 22:35:17,179.9,16.89
6779036ed0ba358b53a569a733f3e408,1,6c6232ca1543c84f2dcf3f4cd2ca32d3,77530e9772f57a62c906e1c21538ab82,2017-09-14 17:28:56,299.0,54.45
67796dbbc55a23910220b90d80294285,1,3410cbd7df2130ec3cb9300ef0fe3df1,165fc07beebdcb6190fba8a06db2a449,2017-09-21 02:50:10,59.0,16.17
677b9097f2a4bd49d5110a761ebfd41c,1,72172e982e8b92155069e4201c92c0bb,e9779976487b77c6d4ac45f75ec7afe9,2017-09-21 03:04:04,37.49,11.85
677d1a451e724a484b806dcad91e266e,1,c5038055690911ed8e218cceb07acdf8,f8db351d8c4c4c22c6835c19a46f01b0,2017-09-20 22:10:14,368.9,27.42
678e948d6ef6324c0891d0c714d23946,1,a1ebb47a48200e6566603de49b83f621,46dc3b2cc0980fb8ec44634e21d2718e,2017-10-02 07:49:15,269.99,22.38
67b28af24f672d7436f8ff5eda41a88e,1,4a96de21ccfb22ebe1c56992acbbd7fc,7a241947449cc45dbfda4f9d0798d9d0,2017-09-18 13:05:14,99.0,14.42
67bd09a5f4c0e40b5a740a78f51a8b5b,1,4d614d466f2eba2e50e683ebb1460351,4e922959ae960d389249c378d1c939f5,2017-09-19 16:45:33,30.0,15.1
67c962d7ef6cc2b3d925892e8613dd9f,1,c0abb5707b6d57b4e7d9797222a77fc8,b05b432bf68945d4d9783f9e3ca29ee8,2017-09-17 21:34:09,74.9,12.02
67d1681c8bb9f9eb28f2a9beb44b8636,1,99a4788cb24856965c36a24e339b6058,4a3ca9315b744ce9f8e9374361493884,2017-09-25 21:30:13,89.9,21.12
67df7d7a6bf05ffafc79fa2a771f9f6f,1,34dabb8af33b3756cf72df05fb327011,0db783cfcd3b73998abc6e10e59a102f,2017-10-02 19:46:10,99.0,15.44
67e8d0e4cd27d92c4aeb38cecf962b0d,1,9e0e152552a1323f7e5dcf63d50cdae3,cc419e0650a3c5ba77189a1882b7556a,2017-09-13 22:45:38,56.99,15.15
67f45b915d20c7c02c711e0fbf871a3a,1,38bbdd7cf8ec37b401531aa741bf2394,8b28d096634035667e8263d57ba3368c,2017-09-13 18:35:11,29.9,11.85
6808371a9f147369fa0db5ebc9cecc26,1,43423cdffde7fda63d0414ed38c11a73,b1fc4f64df5a0e8b6913ab38803c57a9,2017-09-14 15:03:25,55.0,16.83
6828ba023d753e69328bc0b6e4153cb4,1,3d74d787086b0e22ac320ae43b240aea,ce27a3cc3c8cc1ea79d11e561e9bebb6,2017-09-11 13:45:13,40.0,19.84
684c4647b0588cd3843f5a33ecbc8106,1,8cd9fd2917c6e1b0f29acae309d564fe,dbc22125167c298ef99da25668e1011f,2017-09-21 16:10:15,43.9,17.92
684efbf26d410566cf8506a4ab01bdab,1,75d6b6963340c6063f7f4cfcccfe6a30,cc419e0650a3c5ba77189a1882b7556a,2017-10-03 19:49:13,56.99,14.15
6851ec30263a7e8975ca52c3e0772a00,1,542b3d80712d51eefe3a3cd1c5f4e8fe,537eb890efff034a88679788b647c564,2017-09-28 15:35:13,42.9,15.79
68572b22ecec176d1f7c9fafe7ed15e1,1,26ce0f39be4f4b86ab1b75e9d5015e9d,6edacfd9f9074789dad6d62ba7950b9c,2017-09-27 09:25:37,44.9,7.78
687077f28510ca13f49e640d06c032ba,1,ad8efe3688ce3a566187905f9830fa97,0c8380b62e38e8a1e6adbeba7eb9688c,2017-09-12 23:30:14,99.9,14.43
68723accfe0d19555872abfbf08ed7d4,1,7e93d6b6ef018d488da72952ce48fb9a,46dc3b2cc0980fb8ec44634e21d2718e,2017-09-24 21:55:12,269.99,13.34
6878dd8f91f3b3ee7fa8edbea6c3af45,1,562f0027bf0b43b487536b01b2002a3e,6426d21aca402a131fc0a5d0960a3c90,2017-09-12 04:25:48,79.9,13.58
6889715ff8c8b1469cdf52549b71f572,1,2b4609f8948be18874494203496bc318,cc419e0650a3c5ba77189a1882b7556a,2017-09-15 09:03:24,89.99,14.38
689fb8f117f6d979dc761429176bb52f,1,50f1880f1989251727fbbfe8c0a346a6,7a67c85e85bb2ce8582c35f2203ad736,2017-09-13 12:43:24,129.99,18.16
68a5e21e84986b92e9de694590c5a22d,1,20e7fcf887b571d712eec11b3f74fe4c,18a349e75d307f4b4cc646a691ed4216,2017-09-22 03:15:45,29.35,7.78
68a6a32c41cd1cfeab8e2e1507813e84,1,0e46a653d7cee79c08431b38fcb67fe9,dc8798cbf453b7e0f98745e396cc5616,2017-10-02 14:35:55,24.9,7.78
68abb8a2c8cd552dd8452406b2b0153e,1,b596e2d70dd2f5fb5ff9ee2a1c803e5b,46dc3b2cc0980fb8ec44634e21d2718e,2017-10-03 10:56:31,269.99,30.29
68b598d9359833f3f45c0762f8226899,1,bd6e6fce9ada76ea2db0f1912e8e478f,1835b56ce799e6a4dc4eddc053f04066,2017-09-21 21:00:08,56.99,15.15
68bdbd5c98c370cdfd33a08a591fb660,1,25f86162fee18735fffdb762dcb10d7c,1a3df491d1c4f1589fc2b934ada68bf2,2017-09-13 12:43:37,159.9,17.77
68f0f840a681f5c203a817cdb263b739,1,f94648b3948c15f95aad0b5902be6025,7c67e1448b00f6e969d365cea6b010ab,2017-10-06 03:24:28,101.99,21.37
68fac48a2dd22ab289df2ce0a499dcab,1,422879e10f46682990de24d770e7f83d,1f50f920176fa81dab994f9023523100,2017-09-18 05:32:50,59.9,13.44
69179b97c4e4774ae379e88e67339627,1,d5991653e037ccb7af6ed7d94246b249,25c5c91f63607446a97b143d2d535d31,2017-09-15 13:45:20,139.97,19.86
6920ef9156484c35b45b8a13656860bc,1,b623b7cb05ee3248fbe4a6ecbeed79a4,7aa4334be125fcdd2ba64b3180029f14,2017-09-22 18:06:08,74.8,13.54
692308c8297bd7b28cb7d15678ccdbbf,1,4cb6e86e1328e77e20b5f90771683cbe,c3867b4666c7d76867627c2f7fb22e21,2017-10-09 03:49:26,104.0,17.98
692db147c656a46d659c6615b8e429bb,1,53b36df67ebb7c41585e8d54d6772e08,4869f7a5dfa277a7dca6462dcf3b52b2,2017-09-13 09:44:03,169.9,15.94
692e004e31546b86abbd93c0661bfb67,1,0226c9207aea0b16076a27ca65cb4929,2089a6d640999f9b9141ac719b2af596,2017-09-19 08:55:10,198.0,17.83
692e7d25750bbb62e2dff64355fe3146,1,ce04dcb7aa96ad49d4933f3d4a9f8eb7,dc8798cbf453b7e0f98745e396cc5616,2017-09-29 15:05:41,49.9,15.1
692e7d25750bbb62e2dff64355fe3146,2,ce04dcb7aa96ad49d4933f3d4a9f8eb7,dc8798cbf453b7e0f98745e396cc5616,2017-09-29 15:05:41,49.9,15.1
6936f7b18afc012d79d4f8ad93db7903,1,afc8e0c5cfa24cfebf4b8a829745c052,7d76b645482be4a332374e8223836592,2017-10-04 02:49:37,12.9,7.78
6938607d864e891477d4b5d25ad507eb,1,e4d325bd1eea550509bdbbc5c3301fc1,7178f9f4dd81dcef02f62acdf8151e01,2017-09-20 01:23:59,340.0,18.14
6949cb0f930807e75f78dda8da436c81,1,cc971e0365873137b8bef2ebad633e6f,7a67c85e85bb2ce8582c35f2203ad736,2017-09-22 13:30:35,239.99,24.55
6957a23032580b6c443b068f0b86cab1,1,6a1a04054158fe995e1688d8f79605b2,9616352088dcf83a7c06637f4ebf1c80,2017-09-12 15:05:14,59.9,42.45
6957a23032580b6c443b068f0b86cab1,2,6a1a04054158fe995e1688d8f79605b2,9616352088dcf83a7c06637f4ebf1c80,2017-09-12 15:05:14,59.9,42.45
6958c1e09a9e49c2071dbb679d577422,1,c6336fa91fbd87c359e44f5dca5a90ed,4c2b230173bb36f9b240f2b8ac11786e,2017-09-27 01:15:14,45.9,14.1
69765e1430e055dd83b07cab8f4afe03,1,0a57f7d2c983bcf8188589a5fea4a8da,4869f7a5dfa277a7dca6462dcf3b52b2,2017-10-02 12:55:15,117.0,12.32
698c42d4d45a628919b9b38241aebf4a,1,c5038055690911ed8e218cceb07acdf8,f8db351d8c4c4c22c6835c19a46f01b0,2017-09-27 14:05:16,368.9,50.02
69923a4e07ce446644394df37a710286,1,9abb00920aae319ef9eba674b7d2e6ff,1771297ac436903d1dd6b0e9279aa505,2017-09-11 11:43:25,35.39,8.72
699d148662aa317f3b1ff76239dd102c,1,95ed6e881d471156e430b8546ea76ba5,4b5f66b7adcf57f1ecc0d3c07dd6b177,2017-09-14 13:55:17,89.0,15.37
699d148662aa317f3b1ff76239dd102c,2,95ed6e881d471156e430b8546ea76ba5,4b5f66b7adcf57f1ecc0d3c07dd6b177,2017-09-14 13:55:17,89.0,15.37
69d15b473fc963ac1a3f5bad766593a7,1,3dc31714cd00417f915d86a494e6b598,3b15288545f8928d3e65a8f949a28291,2017-09-15 20:10:33,79.99,17.81
69d838677089d135b38310ff74779901,1,ebe4b53f756dfcecfc539faf8ec0df9f,7178f9f4dd81dcef02f62acdf8151e01,2017-09-26 09:50:11,139.0,15.72
69dd35d1bce2181b2f3a56d5f4159831,1,d6618718f320c94af9c25d40da7b6460,c3cfdc648177fdbbbb35635a37472c53,2017-10-02 11:45:38,395.0,26.15
69f300c1548bb914121c37910b3f8196,1,fe6a9515d655fa7936b8a7c841039f34,dc317f341ab0e22f39acbd9dbf9b4a1f,2017-10-05 16:44:22,249.9,37.37
69f300c1548bb914121c37910b3f8196,2,fe6a9515d655fa7936b8a7c841039f34,dc317f341ab0e22f39acbd9dbf9b4a1f,2017-10-05 16:44:22,249.9,37.37
69f4f52c9fc3a2b6f7b72516075657d9,1,a94815f2cf6c4c938f0223373e7b88f6,7142540dd4c91e2237acb7e911c4eba2,2017-09-22 18:15:17,59.9,17.67
69fd81b0cd556f5da5000c1ed874ed19,1,28f61ad35fb219e9debd750a73b63985,080102cd0a76b09e0dcf55fcacc60e05,2017-09-29 11:05:35,42.79,16.79
6a163a5da50d7a062335b70a8108a68b,1,08c63555bbee955cad9c6a9feab9e9d4,3be634553519fb6536a03e1358e9fdc7,2017-09-08 14:04:19,95.15,13.22
6a189ed8c568195193d5880d4c090de5,1,fc2351bcf24c714e5d21b44ad41198b7,855668e0971d4dfd7bef1b6a4133b41b,2017-09-19 03:25:56,50.0,16.6
6a1ef716317c7b4817987c723669c2a6,1,7d854ab97c64ef9df2bbfaf332765786,aac29b1b99776be73c3049939652091d,2017-09-11 09:25:14,64.9,25.29
6a2387867f03a6f55be009812af06e75,1,04c200c7067838a36677c2cb65f90987,0509040ea3fe50071181bbc359eb7738,2017-09-08 19:30:11,28.99,14.1
6a2387867f03a6f55be009812af06e75,2,04c200c7067838a36677c2cb65f90987,0509040ea3fe50071181bbc359eb7738,2017-09-08 19:30:11,28.99,14.1
6a6d60aba373f10c15519e023de52de1,1,916bcfd7e756e0b65372da1378d1c125,83e197e95a1bbabc8c75e883ed016c47,2017-09-12 04:35:56,129.9,14.5
6a7dad3734ef2c19df2e8739e4ba0e77,1,132069c6f99d20d9e0ea2b5b1143ec66,2f74af7a0ee5636f12c2336f9fffed47,2017-09-20 14:50:18,57.9,9.34
6a8cd9e90574ad4ac8c5850d2365648e,1,44e74b30e6a7832b7aeb5555c04cb9b7,05f51e13da97139648b8125c31e5f51b,2017-10-04 03:36:02,789.9,33.93
6ab534505fb57203e69d50a39a28603f,1,7814c273ab16783d73a9863ebfa8b141,1025f0e2d44d7041d6cf58b6550e0bfa,2017-09-29 08:45:18,250.0,35.02
6aba5fd844444953a171f0bd61469a8e,1,0d71340b664b3ae1ac8cca807bf236dd,ef506c96320abeedfb894c34db06f478,2017-09-28 02:05:31,22.99,11.85
6acce0b54d9a0e8dab044bda974b383a,1,e0d64dcfaa3b6db5c54ca298ae101d05,4869f7a5dfa277a7dca6462dcf3b52b2,2017-10-03 03:05:05,158.0,21.6
6ad3104da988fe60a015a15536c72e08,1,b73091f98b819cf7a339f74ece86aa4b,a6fe7de3d16f6149ffe280349a8535a0,2017-09-27 22:35:24,59.9,11.92
6ad444f05cfc745b52fc228341482e98,1,163e6400e6dadd0fe04775c5e9331fda,855668e0971d4dfd7bef1b6a4133b41b,2017-09-18 15:30:21,50.0,9.34
6ae0fed7d9950cae705f13ef261f3d1e,1,36c2fb4fa746273709c373f6d6ec6796,fdb9095204a334cd8872252ffec6f2db,2017-09-18 19:30:31,80.0,16.81
6ae192daf1b6e9b99225e7300b79df48,1,d6160fb7873f184099d9bc95e30376af,53243585a1d6dc2643021fd1853d8905,2017-09-08 20:54:30,1300.0,38.51
6af34422605e4c1a3e73fe06c5deef22,1,7fdae1cadbaf2e5dde310512dafed98d,0509040ea3fe50071181bbc359eb7738,2017-09-08 07:04:37,43.9,16.79
6b0114653ee8efa6de234fe7cee7269e,1,70501750103046be6103489889ccb96e,dfc5fb7259bb2b599ca565e6e9448f0f,2017-09-21 16:35:26,210.0,18.72
6b06cff56425b758a3a3c4746439859b,1,75d6b6963340c6063f7f4cfcccfe6a30,cc419e0650a3c5ba77189a1882b7556a,2017-10-02 14:06:11,56.99,14.15
6b14d575fb796f6ac64e4a07cdcb645c,1,0a27cbaaeacef635e4aa37885a1e5e93,522620dcb18a6b31cd7bdf73665113a9,2017-09-29 14:45:15,239.0,17.43
6b1f68a2d5c9524f453ea9e273baf918,1,389d119b48cf3043d311335e499d9c6b,1f50f920176fa81dab994f9023523100,2017-10-09 04:23:50,59.9,17.67
6b492e90666acecd3f5d1fd3fab7afbf,1,30c7af0662527b13c438094b5adeae88,e9779976487b77c6d4ac45f75ec7afe9,2017-09-28 10:35:13,89.49,25.47
6b5a2cfa488fc5324f22cafe995bd8eb,1,f1c7f353075ce59d8a6f3cf58f419c9c,37be5a7c751166fbc5f8ccba4119e043,2017-09-25 17:55:17,157.0,14.7
6b8a860cec63279fe49b5649ca6bab42,1,b1287ed5e48382f6d6e5e1c561ac3738,d354c38a7182125a748cb10474fe963b,2017-09-18 04:23:54,69.99,15.24
6b956d19010e956e03b175e66b2b7142,1,0781ed724941f4eaafbd9e6c5a20be49,dc4a0fc896dc34b0d5bfec8438291c80,2017-09-12 09:15:09,62.7,12.78
6badfcc75dd97eb3cce25aa4bc7dd773,1,364db9e9154fdb4355992287afa4f774,7c67e1448b00f6e969d365cea6b010ab,2017-10-02 02:35:08,199.99,49.93
6badfcc75dd97eb3cce25aa4bc7dd773,2,364db9e9154fdb4355992287afa4f774,7c67e1448b00f6e969d365cea6b010ab,2017-10-02 02:35:08,199.99,49.93
6badfcc75dd97eb3cce25aa4bc7dd773,3,364db9e9154fdb4355992287afa4f774,7c67e1448b00f6e969d365cea6b010ab,2017-10-02 02:35:08,199.99,49.93
6badfcc75dd97eb3cce25aa4bc7dd773,4,364db9e9154fdb4355992287afa4f774,7c67e1448b00f6e969d365cea6b010ab,2017-10-02 02:35:08,199.99,49.93
6bd15a70199a7500ae1bcb5b7bcccd7c,1,5e3555ed62835dd67704d40a72678cfd,bbad7e518d7af88a0897397ffdca1979,2017-09-28 16:55:13,39.9,14.1
6bdee91009b22f7138ff28b4b3650ace,1,53b36df67ebb7c41585e8d54d6772e08,4869f7a5dfa277a7dca6462dcf3b52b2,2017-09-25 15:15:21,138.0,15.72
6bdf9b89e5c81ead45dbc0a260dfbf13,1,4372c58b785f6a6e66899e62099b6ef2,f45122a9ab94eb4f3f8953578bc0c560,2017-09-26 13:25:47,89.99,10.04
6be1646fccbb69d34b22da3b1807d51d,1,b8762d562d810c2f8d7ad7e9c12957be,dbb9b48c841a0e39e21f98e1a6b2ec3e,2017-09-20 14:39:31,29.89,12.69
6bee1849192c8d7e1b0e6a3b7046a461,1,79366d6a24de9351b7ca6e3cf75a68ec,cc3d14116804f7209f3884f6367f1152,2017-10-11 17:49:08,193.0,17.6
6bf889c14abae234b970354de7914c61,1,0a8b35c2fbc824f7e1015cf330e6cc3c,a17f621c590ea0fab3d5d883e1630ec6,2017-09-13 11:35:12,45.33,16.11
6bf9723842993d425539d1ba41d9637c,1,2481a472d98c582b46bc2dfeae6f539f,391fc6631aebcf3004804e51b40bcf1e,2017-09-14 20:30:20,59.55,17.67
6c04516be61ae90e04756c3290c405b7,1,fb783e3e545937820b57fe539b2c5a6c,da8622b14eb17ae2831f4ac5b9dab84a,2017-10-03 15:15:11,99.9,13.72
6c122d18e485014d7f23bd0093465404,1,288dbc06591742c5d7fe90fbfb08943e,9add47bf45ce8e8c7db6b9cf670b1e09,2017-09-10 21:44:17,109.8,21.61
6c175759bc609d6fa9c693e5d24aa77d,1,dc6217e7f9d8c15039ca95b702ce7e02,855668e0971d4dfd7bef1b6a4133b41b,2017-10-03 03:05:04,34.0,16.11
6c175759bc609d6fa9c693e5d24aa77d,2,dc6217e7f9d8c15039ca95b702ce7e02,855668e0971d4dfd7bef1b6a4133b41b,2017-10-03 03:05:04,34.0,16.11
6c199b299fb721a27ece7358cf2be1da,1,4b7ddf18ef3c5205f6ec288dffcd7c55,c0563dd588b775f2e37747ef6ad6c92c,2017-09-08 20:25:18,139.9,16.74
6c29a1600608d3f50e40bb2543cc32e1,1,84412fdf17ffe7f7b52913a82e73b5b2,c3cfdc648177fdbbbb35635a37472c53,2017-09-15 17:50:13,169.9,12.89
6c2f233beab45c66d7ae29bc584339cb,1,7402c8cf69df715729b26da0ac2cc721,2fb25ab44bdbeae6a4d816e0d0c9d500,2017-09-27 23:35:46,78.99,15.3
6c38cc0437106405b2e22f6c3ada72e4,1,22efa53845d9cebeb7e16978645797ad,95e03ca3d4146e4011985981aeb959b9,2017-10-01 21:43:45,39.9,16.79
6c47b95ad53fe1aae994040c6de9ed16,1,83b00325c13c44245b2c3a2befa62a0e,ad781527c93d00d89a11eecd9dcad7c1,2017-09-20 11:55:26,159.99,9.23
6c47b95ad53fe1aae994040c6de9ed16,2,2bf5f3d61f1d45798de07f4edf31dbb5,f44b6f775a2b390380e0e30b5c9d3eee,2017-09-20 11:55:26,299.0,8.77
6c59866fa177b6a7321592a88b0dc718,1,1d3ecbda18167c766a3381fd16108e4a,dbc22125167c298ef99da25668e1011f,2017-09-18 10:15:12,97.9,17.17
6c636e8cee90bf0aac0ec71c90f873e3,1,ed2067a9c1f79553088a3c67b99a9f97,cbd996ad3c1b7dc71fd0e5f5df9087e2,2017-09-21 16:44:14,56.97,16.16
6c6c1cd344b7aa200899204dec8c4a19,1,ae17f8265a23421715164ab420b62b36,53e4c6e0f4312d4d2107a8c9cddf45cd,2017-09-20 19:24:43,29.98,9.34
6c77310ef232ed3cc83889e26f3b5159,1,7c1bd920dbdf22470b68bde975dd3ccf,cc419e0650a3c5ba77189a1882b7556a,2017-09-14 22:35:15,58.99,16.66
6c7eda5a953efb5c1b6214592902069a,1,546d4cc355042a9e4d0a72dea3f969eb,a17f621c590ea0fab3d5d883e1630ec6,2017-09-12 21:10:15,59.33,12.76
6c91816cad7d95fae9a51fd93671289a,1,bbbf1bcea60c934fa6237fe10476c475,dbc22125167c298ef99da25668e1011f,2017-10-11 16:21:16,84.9,14.32
6cb6dd42d4278b77aded588ee52089af,1,154e7e31ebfa092203795c972e5804a6,cc419e0650a3c5ba77189a1882b7556a,2017-10-03 15:30:22,23.99,15.1
6cbe792e9ab88ffb6579d0b28088a988,1,154e7e31ebfa092203795c972e5804a6,cc419e0650a3c5ba77189a1882b7556a,2017-09-14 19:15:14,23.99,14.1
6cc81d57e84149f55788bccafc8a48d3,1,98a8c2fa16d7239c606640f5555768e4,001cca7ae9ae17fb1caed9dfb1094831,2017-09-14 16:10:16,109.0,36.84
6cd6ee8cba5c8dbddb25d90578edba0a,1,b20e4519d195d80c6d81bf3963a43d5a,dc4a0fc896dc34b0d5bfec8438291c80,2017-10-10 02:28:24,74.9,17.77
6cdb9c6dd8a5888b4dfc2ca57c8fb500,1,1aba5f6d342892bef219db99ae29f029,e5a3438891c0bfdb9394643f95273d8e,2017-09-25 03:33:51,28.7,11.85
6cdb9c6dd8a5888b4dfc2ca57c8fb500,2,f9a4667b264a6823ecdf9d1ab8914faf,e5a3438891c0bfdb9394643f95273d8e,2017-09-25 03:33:51,20.3,11.85
6cdd625fb7db568f0f52136d0a8374a3,1,4ac50dbde931c0a5ed8c33d3dc047351,2e1c9f22be269ef4643f826c9e650a52,2017-09-21 02:26:31,33.49,15.1
6cdd625fb7db568f0f52136d0a8374a3,2,4ac50dbde931c0a5ed8c33d3dc047351,2e1c9f22be269ef4643f826c9e650a52,2017-09-21 02:26:31,33.49,15.1
6cdff0742900c90e18fd4afb296ffb49,1,fa23bf270fb9880690b07d09b9f9ff20,1b8356dabde1d35e17cef975c3f82730,2017-09-15 09:45:19,59.99,15.18
6cf24cdeeb913dc50be3b7f30ffc3e89,1,b59fb744c6f3cd1dc23b10f760848d98,916748bc99315c2d202898ae58b1617e,2017-09-25 17:24:57,9.9,15.1
6cfb7323342e3d0389b8e67f9afa1937,1,59fc88d07b8100b80600e42f3e5ac79d,06579cb253ecd5a3a12a9e6eb6bf8f47,2017-09-20 22:25:42,59.9,15.17
6cff0bbcafb7486dd85cda3c8171cf9a,1,2a65f5c6c203f2e5079da9ac55814c61,d1b65fc7debc3361ea86b5f14c68d2e2,2017-09-19 17:20:06,199.9,54.0
6d21ed7585cca6643688d729d0cdfce6,1,4cc8bfa581f41841ce5e24aba773a44a,1835b56ce799e6a4dc4eddc053f04066,2017-09-19 19:30:17,56.99,15.15
6d21ed7585cca6643688d729d0cdfce6,2,4cc8bfa581f41841ce5e24aba773a44a,1835b56ce799e6a4dc4eddc053f04066,2017-09-19 19:30:17,56.99,15.15
6d513020e217c98e25467103ce6be42f,1,b0961721fd839e9982420e807758a2a6,1f50f920176fa81dab994f9023523100,2017-09-12 14:24:30,59.9,19.66
6d73ecf533649a9f6e32b3c803c76e57,1,1015f4f024ec3cd0f9516a779ece52dd,4a3ca9315b744ce9f8e9374361493884,2017-09-25 03:35:01,83.9,13.61
6d781e62fc99f1af77ad37974cb0a1b4,1,b623b7cb05ee3248fbe4a6ecbeed79a4,7aa4334be125fcdd2ba64b3180029f14,2017-09-18 20:35:28,74.8,17.77
6d7bfd3551f91299c7e4b7f0922e9e75,1,5f504b3a1c75b73d6151be81eb05bdc9,834f3294fba9f932f56edc879193f925,2017-09-11 12:24:03,610.0,37.54
6d7cea535a10b4572594c350862c060e,1,67bea89008edcb996cfe4e3d062b62a8,8e6cc767478edae941d9bd9eb778d77a,2017-09-14 14:43:27,46.99,14.08
6da4587a1165373a6932574c423a0791,1,3713f19c71c4be21ced80738e2fa49bc,7c67e1448b00f6e969d365cea6b010ab,2017-09-27 17:10:14,79.99,23.14
6db1acfb7eb6c31cde5a3fd0a83f8b51,1,764292b2b0f73f77a0272be03fdd45f3,bd23da7354813347129d751591d1a6e2,2017-10-04 03:34:27,89.9,16.39
6dc77aee6ae4add4ed0d28454450557b,1,3f40225200e08615f10f2e6641d16899,8e6cc767478edae941d9bd9eb778d77a,2017-09-18 12:30:07,22.9,16.11
6dcdbb1cc784cdf5844882a1f99e8d59,1,a6dfe3ac4d3a7c8dcce74a95ba58c27e,17a053fcb14bd219540cbde0df490be0,2017-10-03 17:14:16,179.98,116.88
6dd018ddbabb3e2395f292cb1f2b3ba8,1,368c6c730842d78016ad823897a372db,1f50f920176fa81dab994f9023523100,2017-09-19 03:35:22,59.9,17.67
6ddbe0f503c2940cf5d24e1d8efee655,1,61937887eb6ee0b405a5759756426486,bba3293d6f5d5af2f415e004e8b93ae3,2017-09-07 21:15:09,790.0,21.29
6e1979943e76d1c5dd345f34790c5dc0,1,87cc2aef12eddf0b170234138b0946e0,34d1ca11b242c0fee2c834ae8d788566,2017-09-28 13:04:10,185.81,27.84
6e43eea0e8d014e2f6256da2a78ff5e7,1,f9bb291280bceedf7840b89e1e75b89c,391fc6631aebcf3004804e51b40bcf1e,2017-09-19 16:30:22,49.88,17.6
6e59250a3263ec525190b4625db82da6,1,b623b7cb05ee3248fbe4a6ecbeed79a4,7aa4334be125fcdd2ba64b3180029f14,2017-10-03 20:35:18,74.8,17.77
6e61e9948a1e8b1389dd34c5c11fe90d,1,58306668d7263e8ebd2d5c69ef31cc23,6ec1a01e866584bb679eb9b098345919,2017-10-05 02:14:36,72.99,17.76
6e821c1f2504ac8ae2e154ab1e4f933e,1,e0e83e0b538dc1d9a1c6568d3a94034a,4d6d651bd7684af3fffabd5f08d12e5a,2017-09-18 07:35:19,69.9,20.98
6e91382a2e9da8b39ee94e7e249e18a7,1,e7f79c79a485447b88964a9d0b86fe45,3c7c4a49ec3c6550809089c6a2ca9370,2017-09-27 22:47:35,105.0,7.99
6eaacb56985c861c98501943931f48b5,1,af3c32ffb86784d96ad53372364b9d3d,6c177e38df6d3f34182b1f1d427231bf,2017-09-14 16:44:09,150.0,14.8
6eadf3654aee7c1c335e7f0ca86d69fa,1,f731f8587d4088c174397e010cf892a9,cc419e0650a3c5ba77189a1882b7556a,2017-10-03 09:27:49,56.99,8.72
6ed0160458711e37991b4c5bb0625d3b,1,edfbb2566914ddd223d3bd6fa1e9693c,8b28d096634035667e8263d57ba3368c,2017-09-21 12:15:15,304.9,16.88
6eec08eba397611760a7ccd3cd4aa98b,1,bee760e5d1648771c6923cc199b11ba8,855668e0971d4dfd7bef1b6a4133b41b,2017-09-13 10:34:36,25.0,7.78
6eef2bd233930b2b589daae3b4563eb2,1,53759a2ecddad2bb87a079a1f1519f73,1f50f920176fa81dab994f9023523100,2017-10-04 17:49:26,59.9,17.67
6ef34c0fc67f8eb9f2fee84357c1ae39,1,e00a60cd14eb7299be9e8ad1dfe1c578,06579cb253ecd5a3a12a9e6eb6bf8f47,2017-09-13 03:04:22,74.9,215.43
6efae6c7b38cde4c5833376accaedb02,1,9bdc5ff7cc2ec4a654f101b764b293c1,d1c281d3ae149232351cd8c8cc885f0d,2017-09-27 22:48:19,113.99,21.45
6efae6c7b38cde4c5833376accaedb02,2,a0ef8572cd061badd81ffc48dc04d1fa,cca3071e3e9bb7d12640c9fbe2301306,2017-09-27 22:48:19,113.0,17.88
6f00a39a2a8139be075d362106da2450,1,fc1d8637c0268af3db482c14b7ef8e75,da8622b14eb17ae2831f4ac5b9dab84a,2017-09-26 12:05:44,149.9,18.3
6f0e01ac8a1a17a76326cb043d90412a,1,c4782a5f5d4d5c61dc10165dad436e69,1da3aeb70d7989d1e6d9b0e887f97c23,2017-10-03 10:56:24,24.99,15.1
6f32b46fc3b01903852f3bcc592c5687,1,125e5760a3ff01937be3b2a1a7f14aa6,4a3ca9315b744ce9f8e9374361493884,2017-09-14 06:34:44,48.9,12.69
6f37ff3b4769ed4a683eec4de7f38a5a,1,f71050e65776861c8c3ec7a2d2b0194c,53e4c6e0f4312d4d2107a8c9cddf45cd,2017-09-24 22:44:16,72.0,17.75
6f41a6473f4122e2cdc762a8988a67f0,1,5f21301936c11698db6aee5444190da0,fe2032dab1a61af8794248c8196565c9,2017-09-13 17:23:53,149.9,9.24
6f518b2ff981751788c8e7dfe7dfbf90,1,2028bf1b01cafb2d2b1901fca4083222,cc419e0650a3c5ba77189a1882b7556a,2017-09-25 21:05:39,56.99,17.68
6f64e3dc6ee08865d4ec07bd0cdafc8c,1,9b65ba680d68ae7e44234b79cb7ca584,86ccac0b835037332a596a33b6949ee1,2017-10-04 13:25:13,33.99,16.11
6f7575421a734bfa430fcbf23f41e1f0,1,1fb5b722c7edef5967d921c3ea7511b7,725c32fa80c2faacc4fc88450d27314e,2017-09-21 02:26:02,69.99,11.73
6f7ba3220bb8de6edb65083fa352ebae,1,150c699262a053229e89213dc9c358d2,cd68562d3f44870c08922d380acae552,2017-10-05 14:33:59,116.0,12.31
6f7e6a9cce69876915e47a146ef300e5,1,57f90b6fc66c06410e02e8bacfba79b5,a416b6a846a11724393025641d4edd5e,2017-09-08 10:45:14,131.25,13.94
6f7e6a9cce69876915e47a146ef300e5,2,57f90b6fc66c06410e02e8bacfba79b5,a416b6a846a11724393025641d4edd5e,2017-09-08 10:45:14,131.25,13.94
6fb5ce6f25d4074eb5a3e0b2ea99899f,1,995e25d9b46dee183004994645768d95,955fee9216a65b617aa5c0531780ce60,2017-09-21 16:44:00,49.99,8.72
6fbe92e0f9d5a728e3fd2be036b5ab05,1,70501750103046be6103489889ccb96e,dfc5fb7259bb2b599ca565e6e9448f0f,2017-09-11 16:04:37,210.0,10.28
6fc020b0ec995fb761ee385f34df5a6a,1,9820e04e332fc450d6fd975befc1bc28,520b493b57809f446cb0a233bb3e25c7,2017-09-19 17:10:40,110.0,14.16
6fc329fc5cf04756f90764baf31daa17,1,2028bf1b01cafb2d2b1901fca4083222,cc419e0650a3c5ba77189a1882b7556a,2017-09-25 19:04:53,56.99,14.15
6fd3f9bf79e48b384ee918cb691483ec,1,386486367c1f9d4f587a8864ccb6902b,cca3071e3e9bb7d12640c9fbe2301306,2017-09-13 02:50:27,113.57,18.04
700629e7c6ce5bf5a7a467f595d46b16,1,f353779abb6114db5f8f79fbad12e375,d379f449f2a3b271bc01c0782020f705,2017-09-22 11:05:46,82.5,49.6
700aa498c8151678850324adc6729e07,1,33f789f4b4fa74053af0199658b78853,897060da8b9a21f655304d50fd935913,2017-09-14 05:10:14,30.0,12.69
700ed360aae6dff713da1178cdbdfec6,1,0f322750505d1e7d8c79269bf22aecda,ea8482cd71df3c1969d7b9473ff13abc,2017-09-27 02:46:14,24.99,7.78
7011940c8a7bd25b77832ee761371882,1,1a171b17d64e13187479dc66541e6541,5f1dc28029d2c244352a68107ec2b542,2017-09-17 21:30:16,102.9,11.93
701a1cb9e6b39469d8ec105565f33277,1,b99e4f4fa3f421e0ffbd512d9f152dec,128639473a139ac0f3e5f5ade55873a5,2017-09-15 17:55:11,18.9,12.48
705a85a85b9ef0cdf9d7bbd1ade4adde,1,eccad33f3402b33fb855de9a980c5b8b,855668e0971d4dfd7bef1b6a4133b41b,2017-09-20 22:15:13,75.0,16.78
709048ea34ffaec8f1c3ed2799296ba5,1,64fb265487de2238627ce43fe8a67efc,4a3ca9315b744ce9f8e9374361493884,2017-09-20 21:45:34,99.9,33.15
7099539c7bec32e6a15a56bfbfa058ba,1,6cdd53843498f92890544667809f1595,ccc4bbb5f32a6ab2b7066a4130f114e3,2017-09-19 15:15:17,349.9,46.3
709cb0731456cbfb2ca8d299b6616067,1,995f41643437250fce96885e56dd05d3,a36b125ac6d5fdbc7f50de85c9157bdc,2017-09-21 11:15:15,49.99,15.1
70a752414a13d09cc1f2b437b914b28e,1,4583e308182e4e78d5b71b5af1804def,cd68562d3f44870c08922d380acae552,2017-09-25 20:24:07,153.2,16.83
70b75df86796df4d056233068a1712c2,1,d7423500e1911ba5972c229b2fb974ca,7299e27ed73d2ad986de7f7c77d919fa,2017-09-13 02:44:30,79.99,15.31
70f357cca87c1162357bf3c0a993cbe5,1,7c1bd920dbdf22470b68bde975dd3ccf,cc419e0650a3c5ba77189a1882b7556a,2017-09-10 22:34:00,58.99,16.66
710d9b541d2ae52ef56ef33f5e1b795c,1,4aa6014eceb682077f9dc4bffebc05b0,b8bc237ba3788b23da09c0f1f3a3288c,2017-10-03 13:56:24,279.99,28.28
71148ac51efd65a856dbae23d6c5d0ea,1,73efecdfe04fa13599a99282cebf99ff,391fc6631aebcf3004804e51b40bcf1e,2017-09-20 21:10:13,49.9,13.37
7115f68b3dcb8f49a29394c0046e2a66,1,1de74e63d630007567726953a4eb2b36,a49928bcdf77c55c6d6e05e09a9b4ca5,2017-09-29 09:44:03,79.9,11.76
711f88786eb588f0a5925cbc8282f3e8,1,1434a45fb0e95dd43f674ddff1df8ca7,cfb1a033743668a192316f3c6d1d2671,2017-10-04 00:49:13,159.9,14.14
7133cd362a0471dc79e40be4dc66a410,1,d3c044bd42d84a79e3b0c42662806a48,4c2b230173bb36f9b240f2b8ac11786e,2017-10-05 02:30:18,25.9,7.78
713631547f1e4dbf7d1a05eb38012815,1,4b38bdd9c0c4bbf9f7f1408b06ec1816,955fee9216a65b617aa5c0531780ce60,2017-10-02 21:14:19,48.0,16.11
713638fce61820946eea7e0773d1df84,1,f98dbc219c0bcd7fb37420dff826912f,2e1c9f22be269ef4643f826c9e650a52,2017-09-19 14:55:24,79.99,20.96
7139a3b215ea730e2db624cc99820578,1,7c1bd920dbdf22470b68bde975dd3ccf,cc419e0650a3c5ba77189a1882b7556a,2017-09-12 19:15:15,58.99,16.66
71400888e53ed1698734799716d213f8,1,076e4ce53c8914382e7ff3732511b17e,59fb871bf6f4522a87ba567b42dafecf,2017-09-15 16:10:18,109.99,16.53
719027b52e8d8311d1550f3c980dadf9,1,fe673b1b9f582dfe9077e7ecfb03446a,004c9cd9d87a3c30c522c48c4fc07416,2017-09-20 16:25:41,53.99,17.95
719e22da3e43da1de99950cf31a4e013,1,0141f5b2fc5389a8b247ae23b58482ef,744dac408745240a2c2528fb1b6028f3,2017-09-19 18:44:22,199.0,16.14
71a0049f34d4d5b556c2194855da9771,1,c73628b1c3144b2e0c9c88072f21a213,3f995f07c49d0d55a99d5c54957f7d81,2017-09-21 12:05:34,139.0,12.18
71c4b7b8844a031b7db8ca41c41d4aae,1,bd5556852920e0d5ebb6044894391ca6,e9779976487b77c6d4ac45f75ec7afe9,2017-09-12 04:10:34,34.49,15.1
71e3b03f3cb75e6fd2e5a75e7291df4b,1,9456c129f470955000d28c94f73340cd,4371b634e0efc0e22b09b52907d9d469,2017-09-20 12:15:11,75.0,8.72
71f127c82ef10da47995594de39619e7,1,848ee292f94a4a1f90568ee34d264353,578fa3a9cb6b6dceab39231ad59cdaca,2017-09-21 11:10:16,90.0,15.39
71f7457d0d3ff13a7f9f76b1612d4237,1,12f0e759d76acd32755add1bf8d583ea,c3cfdc648177fdbbbb35635a37472c53,2017-09-12 19:30:14,189.9,14.44
720c168395983625e42d1596d5cbc08d,1,9b0ad21bbd4384f9ebc28a688e1e81cd,128639473a139ac0f3e5f5ade55873a5,2017-09-26 09:10:19,18.9,25.63
721d20e34ddeec4f5e9f11d198e60de9,1,52c80cedd4e90108bf4fa6a206ef6b03,a1043bafd471dff536d0c462352beb48,2017-09-28 00:30:13,179.99,26.88
724c2f14a18a11392fa354b017ba9dfe,1,9d84673a79168892ae69a81b75356962,7e93a43ef30c4f03f38b393420bc753a,2017-09-28 18:50:16,659.99,25.42
7263c7e1f9fa94a0bc47b767342352ca,1,7868a64aa111bbb4f41f8e1146c0becb,cca3071e3e9bb7d12640c9fbe2301306,2017-09-29 20:24:35,55.83,17.64
7275595649b571520b66127a7da3282f,1,1ac5b02a81e28c27713b7229144a773e,dc4a0fc896dc34b0d5bfec8438291c80,2017-10-10 12:14:16,154.9,17.79
727c209cf1bf38111a8f69422ad7fab7,1,7a3bc1b5f3ad201ecd5d03d51d34bedd,7e1fb0a3ebfb01ffb3a7dae98bf3238d,2017-09-22 18:15:31,355.9,13.99
72803a35d778ec37f2abb88ea76620c7,1,b5e13c9a353102f79c6206ff5cb61a50,a49928bcdf77c55c6d6e05e09a9b4ca5,2017-09-29 13:30:14,79.9,20.96
72a8876d36ea688596ca2cebf30675d7,1,e899d44e1fbd1131a4c94b9f7bb1ff2a,725c32fa80c2faacc4fc88450d27314e,2017-10-05 15:04:35,99.98,15.46
72b34ae1ed3ddd65b13c86247dd37cea,1,2a2d22ae30e026f1893083c8405ca522,1a3df491d1c4f1589fc2b934ada68bf2,2017-10-06 00:49:19,154.9,23.95
72b3e44d921d5ac99bd4a388569be765,1,557484a8965bdc4e548658239f7663fd,81a1104df0f08b59c68aa5b03cfe398e,2017-09-21 16:50:19,179.99,23.58
72c2d35f7d08e990d781560fdbbfa563,1,05e8eca656b87428a0e8453a2f335cdf,054694fa03fe82cec4b7551487331d74,2017-09-19 17:50:49,497.0,84.3
72c3f657842e35f5d5279cc0fd06826b,1,f2f6433af969cd131435a2b163d5af96,75fbb52eda0cbc24f479d3b2fbfa8d3e,2017-09-08 10:44:48,19.9,25.63
72e260ebb1a3c209dfd76c76f1d4f65c,1,4cd28afd5262ba4525b795febecee98b,747c1cdcd1737dcfbd1547f6eb6f2cf3,2017-09-25 03:35:57,105.1,16.5
72e93009f1735bbd1de92c45ec1fe3c5,1,6addacff5b9a648cf0760f3d943b99b0,2156f2671501a81034d7d07f217609d0,2017-09-26 09:15:12,54.6,14.13
72ec38baa39449f9ab884a84c5c8f4ef,1,9165e7a5f9ef266f66ca19a816cdc657,48436dade18ac8b2bce089ec2a041202,2017-10-05 02:14:40,132.9,17.24
73129fc6dbffdbd797a012f50ebffde1,1,77fa3381855b6763c52ca3b72824f508,6560211a19b47992c3666cc44a7e94c0,2017-10-05 19:28:14,49.0,15.1
731a8110be2ef91dd6967336a930b4e3,1,6bc8dadd7731eae110fe2d177361784c,229c3efbfb0ea2058de4ccdfbc3d784a,2017-09-28 12:04:14,187.0,15.06
731af685c0c3a53819519bbb93a9240d,1,347218313fef22ddc3bde07fd578b804,b14db04aa7881970e83ffa9426897925,2017-09-21 12:05:42,47.0,16.11
731c835328ddd81b1be1e0a997909b94,1,d9d319caa9e0b2993d581f53f036ba72,218d46b86c1881d022bce9c68a7d4b15,2017-09-19 03:25:54,97.0,15.43
734bd07307ae901d45f8380b8670c37b,1,fecf6223a3494f35362f670e571d2a04,3db66a856d18a9cba7c9241fc5221c50,2017-10-05 13:56:09,69.9,16.25
734db12c3a1651cf9f036481d273c5c1,1,8f601af30bf2a5f8eacdd3ed8e2158f9,85d9eb9ddc5d00ca9336a2219c97bb13,2017-09-21 10:44:36,31.9,15.1
736813b41544d3ca0ed5d508802f4ca1,1,b0961721fd839e9982420e807758a2a6,1f50f920176fa81dab994f9023523100,2017-09-21 09:15:13,59.9,17.67
736bc8f7f380882879634ac0922e49e1,1,a292d92a81d07fd02745d5fb6542e14a,fa1c13f2614d7b5c4749cbc52fecda94,2017-09-27 19:04:00,99.9,7.95
737ec1b843e5c26b0f026c0254d3ad67,1,b8d682ed9fe73be0d13a38e716573f79,7299e27ed73d2ad986de7f7c77d919fa,2017-09-13 12:30:19,500.0,20.75
7388afc4743da7d6e532b7fd086b4357,1,83b00325c13c44245b2c3a2befa62a0e,ad781527c93d00d89a11eecd9dcad7c1,2017-10-05 02:14:16,159.99,57.79
738ab6c7be5e44aff6c34378317215b2,1,c20a3f598c16d77249da67e81caa8317,955fee9216a65b617aa5c0531780ce60,2017-09-25 03:35:03,48.0,9.34
739d6562c43ddba4b4c1036113206abd,1,79366d6a24de9351b7ca6e3cf75a68ec,cc3d14116804f7209f3884f6367f1152,2017-10-08 23:07:25,193.0,17.6
739d6562c43ddba4b4c1036113206abd,2,79366d6a24de9351b7ca6e3cf75a68ec,cc3d14116804f7209f3884f6367f1152,2017-10-08 23:07:25,193.0,17.6
739e2bbb1a8b8d9d27c37a0b9d16d0a2,1,8a443635fdf9759915c9be5be2e3b862,da8622b14eb17ae2831f4ac5b9dab84a,2017-09-18 20:55:14,99.9,19.94
73d68ef344ebda9bf0c80b7e3ed70e45,1,389d119b48cf3043d311335e499d9c6b,1f50f920176fa81dab994f9023523100,2017-09-14 04:50:19,59.9,13.44
73de28dd75c1a15abc8a5fb46fb734b6,1,b06e4ddd013b4a1a81e80fe575d9b762,cca3071e3e9bb7d12640c9fbe2301306,2017-09-22 13:05:20,87.85,13.63
73e6f205ca3c002b2f6b477a6e479cf7,1,839ae04dfa2580c962dbbf9613c3e6f9,0bf0150d5b9d60d9cd2906003332f085,2017-09-08 00:48:52,95.9,20.16
73e6f205ca3c002b2f6b477a6e479cf7,2,839ae04dfa2580c962dbbf9613c3e6f9,0bf0150d5b9d60d9cd2906003332f085,2017-09-08 00:48:52,95.9,20.16
73e6f205ca3c002b2f6b477a6e479cf7,3,839ae04dfa2580c962dbbf9613c3e6f9,0bf0150d5b9d60d9cd2906003332f085,2017-09-08 00:48:52,95.9,20.16
73fa09600b87d64333b03f2fe849e096,1,2083a6feb4bbb31f6abc92fc24e468c0,cc419e0650a3c5ba77189a1882b7556a,2017-09-20 19:25:16,7.0,14.1
74397ad79115795a8c06af7e7d1fb2f0,1,827c4a77226a3e7ef259d61eaa775df9,b14db04aa7881970e83ffa9426897925,2017-09-27 12:35:15,39.9,17.6
74397ad79115795a8c06af7e7d1fb2f0,2,827c4a77226a3e7ef259d61eaa775df9,b14db04aa7881970e83ffa9426897925,2017-09-27 12:35:15,39.9,17.6
745377d5b3a162c57200f0b24796bafe,1,389d119b48cf3043d311335e499d9c6b,1f50f920176fa81dab994f9023523100,2017-09-13 15:50:12,59.9,17.67
745865dd655cbb9dc84b1ee5a872fbf9,1,c741b4e884aadcb383abe964529d76ce,093805f8f2aeb63881444571e1f48f30,2017-09-15 17:43:51,35.0,8.72
74598d42a2d833a5b9527fcd752a1185,1,cac52d956eff0cacf32f4b0f0f3aac5c,53e4c6e0f4312d4d2107a8c9cddf45cd,2017-09-19 22:30:20,30.0,15.11
7459e9507588bf704829087454fd707b,1,4b7758a4177f67648ad233ef07da2b44,d93844a9c55ba7ce353388bcf849ea56,2017-09-18 09:35:17,179.9,39.05
74a93edfa68b687b0e3697b4e20e4b80,1,e939ce2e0cc01186dee365b969f86064,0bae85eb84b9fb3bd773911e89288d54,2017-09-13 19:30:19,54.16,17.63
74c25aa167f9836099a217d0fa82ed0f,1,24c66f106f642621e524291a895c9032,620c87c171fb2a6dd6e8bb4dec959fc6,2017-09-26 17:50:34,159.9,15.87
74c5c5c9380461f1751598087249a9e8,1,7c1bd920dbdf22470b68bde975dd3ccf,cc419e0650a3c5ba77189a1882b7556a,2017-09-21 21:47:48,58.99,11.73
74ce493078c5a7c96f4854875b85581d,1,283dc451ad3918badb976d56ff887289,da8622b14eb17ae2831f4ac5b9dab84a,2017-09-14 11:03:28,89.9,13.65
74d72b7e6831bb80fef1c2dd59994fc5,1,66a0a6e02b7f543e5b021ce361f267d4,7a67c85e85bb2ce8582c35f2203ad736,2017-09-13 10:34:21,119.99,38.39
74e75761e6551e1853af01ea24bc8457,1,be8c497ccf955e3f8817bbd38626ac29,26bad72add1f86e08a776ce4ffdaf1ca,2017-09-21 14:55:30,16.0,11.85
750d41eea698eb46b84a70de18de2a5f,1,7237404d77298a92c6f0af9184bdbafd,53e4c6e0f4312d4d2107a8c9cddf45cd,2017-09-18 22:55:15,69.36,16.74
751e2321971174010eb1fc0e8a99f78f,1,c36bbb0e95d7546794ee5170baf0df93,822166ed1e47908f7cfb49946d03c726,2017-09-19 21:04:34,18.74,25.63
751e2321971174010eb1fc0e8a99f78f,2,c36bbb0e95d7546794ee5170baf0df93,822166ed1e47908f7cfb49946d03c726,2017-09-19 21:04:34,18.74,25.63
75306e9e0b8f64c5bd70c0d24f87a759,1,8c591ab0ca519558779df02023177f44,a1043bafd471dff536d0c462352beb48,2017-10-02 18:26:06,99.0,34.05
754ab3185845cb3b017c81b9c06165aa,1,2136c70bbe723d338fab53da3c03e6dc,6560211a19b47992c3666cc44a7e94c0,2017-09-26 13:50:13,29.0,7.78
7556c9431d94d44cdddc1d0139b6cb12,1,d75ee8bd2f182827d5a26a09ed584c9a,4a3ca9315b744ce9f8e9374361493884,2017-09-27 03:04:52,93.0,15.49
7556c9431d94d44cdddc1d0139b6cb12,2,48ee9be392f28ae3a64518a070f4d06a,4a3ca9315b744ce9f8e9374361493884,2017-09-27 03:04:52,69.9,10.33
755d17fce097e410d6daaf76412f4f03,1,2629c2e1e3a0b360912763741f1bb7ef,0bf0150d5b9d60d9cd2906003332f085,2017-09-15 11:25:00,64.9,11.73
757fc9c2b9efb9c346fb38ec82763c32,1,2d5048c4ed646aca81a68ed8dc2051e9,2a61c271b1ac763450d846849783e922,2017-09-20 06:45:15,34.99,11.85
758bed4c2450a7378b75ad480da89662,1,c1ad8ac66c91ad301cefc322ba2adf31,7e93a43ef30c4f03f38b393420bc753a,2017-09-11 22:04:15,719.0,13.85
7590e5484e3ab1973abbed2b5f8146e1,1,31352e05b5f8620929e1b8bbbeda5578,4992e76a42cb3aad7a7047e0d3d7e729,2017-09-20 10:36:26,39.9,13.08
7590e5484e3ab1973abbed2b5f8146e1,2,31352e05b5f8620929e1b8bbbeda5578,4992e76a42cb3aad7a7047e0d3d7e729,2017-09-20 10:36:26,39.9,13.08
759d3dd8671b3c60e168fbcef417a033,1,191c65cf8988d6fab9bde989aef39d61,6bb0724edf0b62fb91ac404873a97241,2017-09-12 14:43:55,138.0,17.7
75a696c48d81aa753f8913252a4cda3d,1,83b00325c13c44245b2c3a2befa62a0e,ad781527c93d00d89a11eecd9dcad7c1,2017-10-04 03:05:14,159.99,22.0
75a935207305c1dd6146a8012323cad9,1,bee760e5d1648771c6923cc199b11ba8,855668e0971d4dfd7bef1b6a4133b41b,2017-09-19 08:24:40,25.0,7.78
75a935207305c1dd6146a8012323cad9,2,bee760e5d1648771c6923cc199b11ba8,855668e0971d4dfd7bef1b6a4133b41b,2017-09-19 08:24:40,25.0,7.78
75a935207305c1dd6146a8012323cad9,3,bee760e5d1648771c6923cc199b11ba8,855668e0971d4dfd7bef1b6a4133b41b,2017-09-19 08:24:40,25.0,7.78
75ad912f0b81298161aeabd41c9ee843,1,bb7181410b4e02f93f3697f765db53c7,855668e0971d4dfd7bef1b6a4133b41b,2017-09-20 00:55:12,109.99,27.21
75aed426d187c5f1099af12729834732,1,b8d682ed9fe73be0d13a38e716573f79,7299e27ed73d2ad986de7f7c77d919fa,2017-09-20 14:37:32,500.0,20.75
75c65b37911c3543a4efd45a45ee4a92,1,7ca842c587021040e7e0135fac921602,17e34d8224d27a541263c4c64b11a56b,2017-09-13 18:35:11,114.62,15.55
75d035594c312309908a318d046d712d,1,c638e232871cb1e760eaa7e724bc3eb2,99eaacc9e6046db1c82b163c5f84869f,2017-09-19 19:04:17,160.0,17.56
75eb778608f606e7f4b3cbf2092be146,1,6131240aedf34224270cd6f07e8229e4,6edacfd9f9074789dad6d62ba7950b9c,2017-09-14 09:35:08,39.9,15.1
7607b319daef63a1c1a41b1cd6f4a54c,1,441cab1deea761934372ba090ad7cc24,04aa0a1c5ce6b222003403a3e11c3cc0,2017-10-10 08:23:58,329.0,47.89
7607b319daef63a1c1a41b1cd6f4a54c,2,441cab1deea761934372ba090ad7cc24,04aa0a1c5ce6b222003403a3e11c3cc0,2017-10-10 08:23:58,329.0,47.89
7607b319daef63a1c1a41b1cd6f4a54c,3,441cab1deea761934372ba090ad7cc24,04aa0a1c5ce6b222003403a3e11c3cc0,2017-10-10 08:23:58,329.0,47.89
7607b319daef63a1c1a41b1cd6f4a54c,4,441cab1deea761934372ba090ad7cc24,04aa0a1c5ce6b222003403a3e11c3cc0,2017-10-10 08:23:58,329.0,47.89
762e43a4ec270117f892451cad4a1bb7,1,d2169b4ca33cf18e5cf73716179912c8,077c5fae4bea9500e3737b16f71b9d3a,2017-09-25 12:55:16,9.6,16.11
7651f70d3acb1fcca5c5df23cd0f4308,1,7e6bbdc9a339f86e15eb6091c994a1a1,cca3071e3e9bb7d12640c9fbe2301306,2017-09-21 02:50:26,59.9,13.44
7658a22ab4067d4c92a25cf2835331cf,1,ffae6024df16802ba75f761d9aa24367,7040e82f899a04d1b434b795a43b4617,2017-10-03 16:14:15,19.9,7.78
7667f0eac9b433b02f42a902df87ebe7,1,0e323ee8f8dc60a0b875e9ac4daf1337,e62b2d6ac10570a035a30bafcf01d263,2017-09-25 03:30:28,49.9,8.72
7672a59c69b073e25dba933ef431d182,1,d93d7e81a8d724c4ef661e75647cf325,5a93f3ab0ef4c84ed5e1b5dbf23978bc,2017-09-21 15:35:20,151.2,18.31
767fda6e19393700c009ed3c4cb55980,1,bee760e5d1648771c6923cc199b11ba8,855668e0971d4dfd7bef1b6a4133b41b,2017-09-15 19:35:15,25.0,7.78
768697bea3da93c033aa064d821579e2,1,8aaeae26573fd33a2512d3fb0d8bea6f,2c4c47cb51acd5ea5db5e0ae0e26542a,2017-09-13 02:55:27,189.99,26.17
768697bea3da93c033aa064d821579e2,2,8aaeae26573fd33a2512d3fb0d8bea6f,2c4c47cb51acd5ea5db5e0ae0e26542a,2017-09-13 02:55:27,189.99,26.17
769cad60df1d40dccfd5ec163be24654,1,26a4f62a409a78816adb31e0d729a163,b45d7ebfb7378630f1bcd74b6ff86ff7,2017-09-26 15:30:14,299.9,24.42
76bdc8518c9c3ef50f9a240b93f97987,1,84a87daa85c8b432d90bc1baa0cb4388,aafe36600ce604f205b86b5084d3d767,2017-09-12 04:44:22,59.9,16.18
76c2392adf98db7d40886a6b4a584bd3,1,88e2fc6c65d64b3edbf2cade16ea82d9,53e4c6e0f4312d4d2107a8c9cddf45cd,2017-09-22 13:35:20,42.0,17.6
76c5b78f3697891a4d6e6cd23a4862a1,1,c6336fa91fbd87c359e44f5dca5a90ed,4c2b230173bb36f9b240f2b8ac11786e,2017-09-13 10:33:32,45.9,14.1
76d02bba227a9b675d413ce36b7231c6,1,4deaa173012071863baaf9702b34168c,e9779976487b77c6d4ac45f75ec7afe9,2017-09-21 16:35:16,87.0,15.36
76d18695761c18ab2f2a9f6f1b3ea3e5,1,fb7707ed64cb62f7c280d9e384f03c07,42bde9fef835393bb8a8849cb6b7f245,2017-09-28 10:43:35,129.0,17.47
76d1d5d9e614ab4fc54310fda49855b2,1,5b226d7c52f86ac72457617f78cff95d,1835b56ce799e6a4dc4eddc053f04066,2017-09-22 13:35:16,56.99,16.16
76f9d7c41ec81afb53b8d00dc0fecede,1,b607bf5bab84cb38111d2b6a10164385,e5a3438891c0bfdb9394643f95273d8e,2017-09-14 13:23:33,19.99,8.27
7719f9708389131806ee9274b88c911e,1,b72b39418216e944bb34e35f4d3ea8c7,45d33f715e24d15a6ccf5c17b3a23e3c,2017-10-02 09:24:23,38.98,16.11
7728b488bf786ff1cfe423986a8d0048,1,e648fe1e87009dc727a743101c2fc3fa,94144541854e298c2d976cb893b81343,2017-09-18 14:06:05,69.9,8.11
773e520cc5e67e4d6f8af15926317a36,1,48619586c9a058ad8640a4e53185a9e0,1025f0e2d44d7041d6cf58b6550e0bfa,2017-10-04 02:49:34,54.0,14.13
774415b72c8f9986307793e527a0670f,1,0e621085968d9a9585ed3c2c204825e2,94144541854e298c2d976cb893b81343,2017-10-04 19:49:17,459.9,16.97
7745b3769c43d19a0f8da5e8207208ac,1,0b7fb806fe0194cc7eb473329c680e34,a37c340b91cb0169e8b029db6440fba2,2017-09-22 16:50:25,69.0,11.73
7747e7dad627e9be7ae087618777080c,1,1272db6c9d16e3c3b9878c3462a0f369,9d5a9018aee56acb367ba9c3f05d1d6a,2017-09-07 23:25:17,141.93,16.43
774847476ad545e9bcb605a75dd40de6,1,38f3677364ecf032090b33915b155161,ce7d1888639e6fb06b2749cbfdac1ff7,2017-09-28 18:24:33,138.0,25.81
774d6deaa500cd320bc530530c44ea0b,1,555b27dfb2ed94d001c28e5624dd6961,004c9cd9d87a3c30c522c48c4fc07416,2017-09-20 04:23:34,82.99,17.83
776a18d9c6d83661a0f788e219f4acba,1,b393557cfddb0818ae60d6aba7a82822,de23c3b98a88888289c6f5cc1209054a,2017-10-05 02:33:29,179.9,16.02
776ee45444a92a50bfafdbc1054ec316,1,11dc4053871ff53ff79fb1fc7e6b160f,b1ac6ea7895bc3dd6f0f6f4abbdd2821,2017-10-02 23:27:36,99.0,16.94
77810238ed0e20808a213bcdb0de6ae5,1,f102842fbe436027eeeb7fc76d3063aa,87142160b41353c4e5fca2360caf6f92,2017-09-13 23:43:42,34.9,18.89
77856e5d0390fca55c4c323a4f57859f,1,9545d45c37449ccbc376de3a04c66e71,431af27f296bc6519d890aa5a05fdb11,2017-09-11 18:45:37,119.9,18.09
7791d87e3629a61832a9cee326042181,1,9523bf75c55cbbd31a79ea86a9157a39,23d7c96d4a1160db1c726b248601b25a,2017-10-04 09:14:14,489.9,47.89
77964238e13406d5f49ae1602c93b5bd,1,422879e10f46682990de24d770e7f83d,1f50f920176fa81dab994f9023523100,2017-09-20 21:50:18,59.9,17.67
77964238e13406d5f49ae1602c93b5bd,2,422879e10f46682990de24d770e7f83d,1f50f920176fa81dab994f9023523100,2017-09-20 21:50:18,59.9,17.67
779b6f84b404177ab8f8f5cfd0137216,1,b5e13c9a353102f79c6206ff5cb61a50,a49928bcdf77c55c6d6e05e09a9b4ca5,2017-09-26 10:45:20,79.9,11.76
779b6f84b404177ab8f8f5cfd0137216,2,b5e13c9a353102f79c6206ff5cb61a50,a49928bcdf77c55c6d6e05e09a9b4ca5,2017-09-26 10:45:20,79.9,11.76
779e0845b9e541376ce3e8120c548cb7,1,27e9b49fde45d10aeb0ec54968eff703,6560211a19b47992c3666cc44a7e94c0,2017-10-06 09:14:10,45.0,14.1
77acf92b72b1e4c4f6c704fe19635896,1,2e77ba2c0bbbfb6e03e988077395308e,59b22a78efb79a4797979612b885db36,2017-09-19 00:50:12,45.0,15.1
77af7c0b651686586766ad39c110536a,1,ae7d8348fbef50928a680454fffbca00,a3a38f4affed601eb87a97788c949667,2017-09-14 17:30:17,69.9,15.24
77b24e14e65cdeff7657a0ea3c9e9878,1,cfd652b39b87b4e06cf4ea106a32db47,7a67c85e85bb2ce8582c35f2203ad736,2017-10-05 14:56:10,119.99,12.04
77c23814d1d6e57a273cab3849d8cda4,1,386486367c1f9d4f587a8864ccb6902b,cca3071e3e9bb7d12640c9fbe2301306,2017-10-03 11:07:12,113.57,18.04
77ca435b03fbf991e5027e3776e37885,1,ab1ecbce7afd9f6e661baa24a5706c9c,d12c926d74ceff0a90a21184466ce161,2017-09-10 22:32:29,44.9,15.79
781fd3ed9622fb02b51ba3fd214710f9,1,5b8edc146dc3ba78fabf41133e1e6271,725c32fa80c2faacc4fc88450d27314e,2017-10-03 03:34:13,79.99,68.13
782280edec0182ee4b1e2cff514fc712,1,c0315bd17c58be3dec2bd04dd4233b7e,37be5a7c751166fbc5f8ccba4119e043,2017-09-19 11:55:41,109.0,18.04
7828ebfebc66999cec37ddc06c63870f,1,d0ff425695a253710c5768f9069c6f0b,3d871de0142ce09b7081e2b9d1733cb1,2017-09-28 14:45:35,49.0,16.79
78413cdeaf9f8c1b3eedb014ef477976,1,8a26f391ab8b209f67d87dd358f6f004,cb9fb4ca75d7ba8437480e8dde64fe98,2017-09-28 11:10:14,46.98,13.08
7844d511767a3dbe9411602e49a0ac38,1,ad7c531c2001111873dcfed9d8317439,7a67c85e85bb2ce8582c35f2203ad736,2017-09-08 18:55:10,59.99,17.67
7846a3c8592b65e93f51e381db3742c9,1,4d0322b5ddf89ce6a3564aca2e261a3a,05feb94f19d094d4b0f9281f0b1d4c99,2017-09-19 21:04:29,1663.0,67.04
7852c8ab608aef3bef7d6521357dd67d,1,e0d64dcfaa3b6db5c54ca298ae101d05,4869f7a5dfa277a7dca6462dcf3b52b2,2017-09-11 21:25:13,179.9,12.76
785606fac0b9ddad139f521a70452ca8,1,d51e2b908fe3ce35d84e77bf5da363d8,2be17df1c49978426251562096c3cc09,2017-09-14 08:55:11,129.0,15.65
7889d1a822285ed5cfe03a062ba9ee07,1,4025ee582ef6b8c478af3b44cf89054b,da8622b14eb17ae2831f4ac5b9dab84a,2017-09-19 20:44:12,24.9,15.1
78992d027a6b96141150b632f446ff18,1,15d44826d5399e2de342314886ff0e05,c3867b4666c7d76867627c2f7fb22e21,2017-09-28 08:04:35,193.0,18.6
78a4201f58af3463bdab842eea4bc801,1,7814c273ab16783d73a9863ebfa8b141,1025f0e2d44d7041d6cf58b6550e0bfa,2017-09-15 15:24:13,229.0,96.41
78af4d32fa98a1435686699030cbc1bf,1,417d9668b1146c16947abb8c344996e8,d50d79cb34e38265a8649c383dcffd48,2017-09-13 02:55:23,93.99,15.42
78b0b2d56de7826cbaa0c7a2743b77c5,1,35afc973633aaeb6b877ff57b2793310,4a3ca9315b744ce9f8e9374361493884,2017-10-03 22:44:12,89.9,17.88
78ba7a1d9bbbf36cbb4d552a71dedd6b,1,5197d46c6bc54f44ffacac72c9864161,59b22a78efb79a4797979612b885db36,2017-09-07 23:25:13,199.0,32.14
78c0b73c9ead9f3ec1b6fe898caac608,1,eebf94b514dfad1c44c4f066a94fb732,dd2bdf855a9172734fbc3744021ae9b9,2017-10-05 01:55:10,109.9,20.26
78cdbeb2b6df14128f5de0a1d2c70561,1,f8b8f8501a0656a7ad4c52d3982b2f2e,53e4c6e0f4312d4d2107a8c9cddf45cd,2017-09-27 23:24:40,32.0,8.11
78d9bc19ffe6549f445e37d09987a476,1,deb8261d5bf5744407141a9447fb7662,1c5e4e49b9079480255b49d50aac1aa9,2017-09-12 23:10:20,549.1,52.37
78e88d02ee1ac4ba21f3532778067d67,1,fb7a100ec8c7b34f60cec22b1a9a10e0,d98eec89afa3380e14463da2aabaea72,2017-10-05 15:07:17,49.99,15.79
78eccf94d43a3769c3eff6e740758c1d,1,bfd4d65a528678737bcb523e5a3c5f58,d50d79cb34e38265a8649c383dcffd48,2017-09-26 21:30:15,105.99,24.12
78ef246c8a753452a6464f1f66603fac,1,c6e37798f72f83c034ba97e2680cb5d5,e9bc59e7b60fc3063eb2290deda4cced,2017-10-03 03:05:55,75.9,12.66
78f0db6f25f112d1100e8d940a643fd5,1,588ea3decc0d8e1d19ce6160c5b0da1b,955fee9216a65b617aa5c0531780ce60,2017-09-08 17:30:18,150.0,29.45
78f8aa2ff4291290af1db54c0e87de6f,1,1491a8ff192d4b5c369b0eaa2fe33ee5,37be5a7c751166fbc5f8ccba4119e043,2017-09-19 23:50:24,180.0,14.87
7907fd0ffa8e1d3235f7d764ac286263,1,90ebb732ad20456afe8516eb5fbf75f6,bd23da7354813347129d751591d1a6e2,2017-09-26 02:24:25,279.9,34.41
791859263302f6030c2a7a1da8c291ac,1,c6ea63369936552872ae890c82175b4b,37be5a7c751166fbc5f8ccba4119e043,2017-10-02 15:55:13,158.0,17.82
793d395a896de12a846ed4f345bce550,1,b5a8535271a06eda7aad510c09ddbf38,dbc22125167c298ef99da25668e1011f,2017-09-28 09:35:11,63.9,18.02
7942fdd6290ee4b2946bb066287bc91d,1,c11485ba18bc927ccd486e58eaea6ef0,5b179e9e8cc7ab6fd113a46ca584da81,2017-09-08 20:35:03,129.9,9.72
79628bec05987a8b38465bfb42775c11,1,a742e0f6787ec4e2ae3a124d40d82c6c,004c9cd9d87a3c30c522c48c4fc07416,2017-09-26 00:24:42,117.99,21.32
796822390eec4235fc68e9c98b8641dd,1,617186c3d97ea56c9c683a8a3974e8c1,cc419e0650a3c5ba77189a1882b7556a,2017-10-05 23:56:11,84.99,21.39
7989e2c3bb311324f824d365b87fa0cf,1,b6bdebb92f595f00c73bd42e0e3a8517,ef506c96320abeedfb894c34db06f478,2017-09-20 02:43:52,25.99,15.79
7989e2c3bb311324f824d365b87fa0cf,2,b6bdebb92f595f00c73bd42e0e3a8517,ef506c96320abeedfb894c34db06f478,2017-09-20 02:43:52,25.99,15.79
799bc9658260598f040a6a7943b73415,1,e45ba6ba3c6ee4fa2c62e6a6a587717e,46dc3b2cc0980fb8ec44634e21d2718e,2017-09-28 12:45:11,349.99,19.7
799e53347e276d82f68872b6741bf731,1,811f973313e8219988a69cc140c447f0,dd2bdf855a9172734fbc3744021ae9b9,2017-09-28 18:30:09,99.9,16.95
79c5f579e409b09458cabc132855a2a5,1,2b4609f8948be18874494203496bc318,cc419e0650a3c5ba77189a1882b7556a,2017-09-28 15:35:22,89.99,14.38
79cf912a5400bc81afe059c04cb42e29,1,e9a69340883a438c3f91739d14d3a56d,1b4c3a6f53068f0b6944d2d005c9fc89,2017-09-21 14:35:12,179.9,48.7
79d7ad461229b660db59a892f1fa8e1b,1,422879e10f46682990de24d770e7f83d,1f50f920176fa81dab994f9023523100,2017-09-14 05:04:00,59.9,17.67
79e8aed3400f69812f091a2b4f55a8e3,1,7e6c4a0bf900e259f50ba63331fd2785,6560211a19b47992c3666cc44a7e94c0,2017-09-19 01:35:25,65.0,15.2
79ebf5a42880cee256b9d4517d03d68b,1,ebefb6072c2491dbd1d5ef8a76d245ec,cb3dd9ce66268c7a3ca7241ac70ab58c,2017-09-25 14:50:12,99.99,36.72
79ecc3e68b2d54e056223964de8bca98,1,408e4bb5c406ec8c1609f6a8a2e49deb,a416b6a846a11724393025641d4edd5e,2017-09-11 01:30:13,118.33,18.08
7a05ea5a85dcfb04d49a57143c1d5ab6,1,b50c950aba0dcead2c48032a690ce817,218d46b86c1881d022bce9c68a7d4b15,2017-09-28 04:10:21,99.0,29.09
7a0caf0ff12b2c5b07c8c653fb6ff5c3,1,45bb3dc2bad11474b99f167b3e95fd02,7e93a43ef30c4f03f38b393420bc753a,2017-09-08 08:04:12,489.99,17.18
7a1616110b24cfd12bdec238b385ec42,1,44a6e4ecf7b48f87481c243383b1c4cf,57e632711dec9ec14ca7546769483e7e,2017-09-27 03:04:36,42.9,15.1
7a18fea05bb2617bc74ee0bd1009c0c7,1,420921e97463577fd5cc62c687d90bca,53243585a1d6dc2643021fd1853d8905,2017-10-04 20:07:09,283.2,10.55
7a19a03fa5f748e858559ddde2408f4d,1,b532349fe46b38fbc7bb3914c1bdae07,1025f0e2d44d7041d6cf58b6550e0bfa,2017-09-14 13:30:13,38.4,26.89
7a19a03fa5f748e858559ddde2408f4d,2,b532349fe46b38fbc7bb3914c1bdae07,1025f0e2d44d7041d6cf58b6550e0bfa,2017-09-14 13:30:13,38.4,26.89
7a19a03fa5f748e858559ddde2408f4d,3,b532349fe46b38fbc7bb3914c1bdae07,1025f0e2d44d7041d6cf58b6550e0bfa,2017-09-14 13:30:13,38.4,26.89
7a29b54535d222b31198e880d73f0e56,1,54d9ac713e253fa1fae9c8003b011c2a,955fee9216a65b617aa5c0531780ce60,2017-09-22 16:15:29,29.5,11.73
7a35387c416ab539ef45773ebacc4993,1,c4989935ece6a2e0c0c148ede45f640e,522620dcb18a6b31cd7bdf73665113a9,2017-10-06 16:44:25,419.9,20.51
7a35387c416ab539ef45773ebacc4993,2,c4989935ece6a2e0c0c148ede45f640e,522620dcb18a6b31cd7bdf73665113a9,2017-10-06 16:44:25,419.9,20.51
7a35387c416ab539ef45773ebacc4993,3,c4989935ece6a2e0c0c148ede45f640e,522620dcb18a6b31cd7bdf73665113a9,2017-10-06 16:44:25,419.9,20.51
7a35387c416ab539ef45773ebacc4993,4,c4989935ece6a2e0c0c148ede45f640e,522620dcb18a6b31cd7bdf73665113a9,2017-10-06 16:44:25,419.9,20.51
7a44fc15512ee942a70089553f28dccd,1,99a4788cb24856965c36a24e339b6058,4a3ca9315b744ce9f8e9374361493884,2017-09-28 15:45:18,89.9,16.26
7a76fba56e5e78997c15b4e7a3a7e760,1,9e10ae46a3021a02f1692448ef9fa1db,8b28d096634035667e8263d57ba3368c,2017-09-29 17:44:42,37.9,15.1
7aa2471c1e8d0cd89eec9459fde59414,1,122f396fa6d0f9070c6e721f8d833d2b,50c9975695009e5e6473912e83a6d1da,2017-09-26 02:10:42,81.0,42.71
7aa518be998a5e4ae20ebc594ddc96e0,1,6cdd53843498f92890544667809f1595,ccc4bbb5f32a6ab2b7066a4130f114e3,2017-10-03 11:04:29,349.9,19.02
7aace035422e5537450664dd790e72f4,1,5176d8670222d50ebbe4d4c5dfba2b49,128639473a139ac0f3e5f5ade55873a5,2017-10-05 11:24:49,18.9,12.48
7ab9c107206e507460e083e2f1400b74,1,223d34a3d9334039f5ff9511dc044bbb,53243585a1d6dc2643021fd1853d8905,2017-09-28 19:05:40,246.62,20.27
7acbc8bb8732b4dddbfb1d61a8f13b64,1,4148d4f36653927e8641a9d6afbfc5e2,8b28d096634035667e8263d57ba3368c,2017-09-08 14:25:13,189.9,17.09
7ace2ff7c617d34526c14991b996436b,1,64d9a8168b3776844d8e4dac2a0efca3,4830e40640734fc1c52cd21127c341d4,2017-09-20 22:35:12,25.0,18.89
7acfd4aa33c1b78983341a96a53e1bde,1,ab035f66749c120d072b11475d25329d,67225bff54a172ff67579aaf583efd78,2017-09-26 18:10:20,349.0,18.2
7ad292313f72d59700c72169ba543021,1,329851bd191cfd30470ffd5aa5457c23,dbc22125167c298ef99da25668e1011f,2017-10-02 14:14:19,37.9,13.37
7adfd8b0248ded6b457f8824ccb83868,1,1491a8ff192d4b5c369b0eaa2fe33ee5,37be5a7c751166fbc5f8ccba4119e043,2017-09-28 18:04:35,179.99,14.86
7ae0330e067654a1a8748925bcac88be,1,c6ea63369936552872ae890c82175b4b,37be5a7c751166fbc5f8ccba4119e043,2017-09-12 09:55:15,189.9,28.71
7ae3e9e3c63c370377acc76433f21ed4,1,719ab2468451d8cd11c7af7d921b436c,855668e0971d4dfd7bef1b6a4133b41b,2017-09-15 14:30:23,15.0,9.34
7af818e6d3ff877a6fd091e86a17a285,1,6f0fa88a479cc04c328859b3546e1ab0,e5a3438891c0bfdb9394643f95273d8e,2017-10-02 04:14:13,41.3,11.85
7b1c9d44d6e6a5fa56cc9d084f9e1698,1,53b36df67ebb7c41585e8d54d6772e08,4869f7a5dfa277a7dca6462dcf3b52b2,2017-09-28 18:35:14,134.9,15.69
7b34ff810a938027af0e0d4676dbee42,1,e899d44e1fbd1131a4c94b9f7bb1ff2a,725c32fa80c2faacc4fc88450d27314e,2017-10-05 00:07:15,99.98,9.51
7b41dd01e9782f30bce07161d2780740,1,86265224a1b25cd13f8b20ffeb6c8e5d,b17b679f4f5ce2e03ce6968c62648246,2017-09-27 20:15:14,48.9,13.37
7b4371df7c7f31967a101f1d4559875a,1,ae6b739ab6e9d7991fb2ddd70f9c0b6b,53e4c6e0f4312d4d2107a8c9cddf45cd,2017-09-10 22:04:17,32.0,17.6
7b47b84c95e15a32e8026ea1fb9fcc73,1,952670bc019a73f0933157ec82ff6e4f,37be5a7c751166fbc5f8ccba4119e043,2017-09-20 22:35:19,179.99,26.1
7b5677c6b812459afed4f29edef9debc,1,a02d0123079f4ae96001ba2010d1a2df,1025f0e2d44d7041d6cf58b6550e0bfa,2017-09-20 03:31:18,229.0,29.98
7b6e1ab9552ada063fdf51be01976226,1,b79361867edbe85462b548334d136a8a,e24fc9fcd865784fb25705606fe3dfe7,2017-10-03 11:35:16,150.0,34.85
7b71869b0ed372d90284fcfbfbba82d9,1,0705b33fb285827a578fce4899f1b921,318f287a62ab7ac10b703ac37435a231,2017-09-21 15:15:20,22.5,14.13
7b7e3ed4365b8e1e3f9ad98617b4b64f,1,cff0f92f00bc55eda3414e941101ccb9,59b22a78efb79a4797979612b885db36,2017-09-11 18:24:03,299.0,47.39
7b9346f5875f5ba40aa2f851365d3daf,1,f3ef6902655917c2db06698cc2d765a0,10076e5788b8ee532724bcd460baf762,2017-10-02 15:07:22,24.0,11.85
7b9c0feafeaa7c82184c86177f18b4e6,1,31639956e7fac87ecfd9d608040638bd,aac29b1b99776be73c3049939652091d,2017-09-13 12:55:13,70.9,26.82
7b9d78f5bc4b271094f1e7c107c3142d,1,c9ea06f7fd4bd778e96031f46f60dfb9,48436dade18ac8b2bce089ec2a041202,2017-09-29 09:05:35,99.9,17.95
7b9e72dad7b74f9bc089a7c543d90061,1,57ea8ad500d0af10bc5fbf3bf2b7d400,95e03ca3d4146e4011985981aeb959b9,2017-10-04 15:10:23,79.9,17.84
7baac6397b9cffaf882d73544ae9a085,1,b5e13c9a353102f79c6206ff5cb61a50,a49928bcdf77c55c6d6e05e09a9b4ca5,2017-09-15 15:35:22,79.9,38.11
7bb79f0edc7627c4bd27cf2979b0b7ef,1,d718131dc0f308e7971d8ffb7c504e7d,95e03ca3d4146e4011985981aeb959b9,2017-10-09 08:20:10,28.99,15.1
7bbf1280be83a8ea2790e7b3a5aab7e6,1,880be32f4db1d9f6e2bec38fb6ac23ab,fa40cc5b934574b62717c68f3d678b6d,2017-09-25 03:30:38,44.9,17.63
7bbf1280be83a8ea2790e7b3a5aab7e6,2,880be32f4db1d9f6e2bec38fb6ac23ab,fa40cc5b934574b62717c68f3d678b6d,2017-09-25 03:30:38,44.9,17.63
7bc7165d19e5d485ac75504e52904be2,1,2b4609f8948be18874494203496bc318,cc419e0650a3c5ba77189a1882b7556a,2017-09-22 02:50:39,89.99,15.38
7bda50539ea6db7dbafdd8ef17ed726e,1,e27ee8db52a19bcbd0129dbbd2286d69,25cf099de44674fde97473224f9d59ab,2017-09-25 14:44:04,20.0,7.78
7bf074a71da84423b09ada4ec2932bf1,1,66e9fb73e349cba44b29951e558a6780,98dac6635aee4995d501a3972e047414,2017-10-03 18:35:15,9.6,15.11
7c070f202157d1ea06a594ce4ca7f0e0,1,d1200350f8bc6cb9912779929193c5a0,855668e0971d4dfd7bef1b6a4133b41b,2017-09-13 20:10:20,270.0,57.61
7c20905dd73cd8a0eb60f5c6ab1b5d9f,1,2adbf3f442344a158c04cb59b8db107a,3a490ba60afa30ece0e7d50cfe74a4f0,2017-09-19 22:10:21,189.9,20.57
7c2235a930f355b9dc0741b70000d56c,1,f01058850701fcb9d8f652660012b9ec,9591fc341b1bfb7ef561e2968ec6e011,2017-10-18 17:45:26,79.9,14.31
7c37927fa7676a5dc4dafc75d15d6bdc,1,a9b36aaa68ebd315701524c822800f29,1ce3ae5a399804d1a87e706f8a813c3e,2017-09-25 13:44:12,69.9,18.06
7c46b5ee3a6b6152b85d5d245784bc25,1,15b3d4c8373cd64166af5504b49d289d,0c8380b62e38e8a1e6adbeba7eb9688c,2017-09-13 10:50:07,49.9,17.6
7c644ea34ca017627bdfc5a5465a14a3,1,001b72dfd63e9833e8c02742adf472e3,8a32e327fe2c1b3511609d81aaf9f042,2017-09-28 02:35:15,34.99,21.15
7c6ec62853ed4bfdf8a5fbb484643a53,1,b6bdebb92f595f00c73bd42e0e3a8517,ef506c96320abeedfb894c34db06f478,2017-09-21 13:55:23,25.99,14.1
7c70f1c05b2c170358a1765511517175,1,c0f957a555a4963d82840e7ca9e06796,218d46b86c1881d022bce9c68a7d4b15,2017-09-20 14:50:10,113.0,29.19
7c825a36c67b324f9bb4107f03c5139d,1,4ebab6a2135a2477b657bda38646b64b,7aa4334be125fcdd2ba64b3180029f14,2017-10-05 09:07:17,25.6,16.11
7c8d6e2623f98429c28ab00ffdced669,1,eebbed5ed3b134eceb717496c47652ba,d1c281d3ae149232351cd8c8cc885f0d,2017-10-03 03:37:09,99.99,33.15
7c9d9d4d723a61250d119c3ba8b1d27b,1,99a4788cb24856965c36a24e339b6058,4a3ca9315b744ce9f8e9374361493884,2017-09-26 02:35:35,89.9,16.26
7ca0c3d9f11c42ad17afe165a1e0df4f,1,7a10781637204d8d10485c71a6108a2e,4869f7a5dfa277a7dca6462dcf3b52b2,2017-09-21 18:35:23,228.9,13.1
7caf84295d8749bcee4f14503b883c1e,1,24cdea192c5e345910d4fda8580576bd,2b3e4a2a3ea8e01938cabda2a3e5cc79,2017-09-13 20:00:19,118.99,8.09
7cbb819f10680054c5b2d2d1992c1826,1,970cf7662c7fd49ded81e7a0ab1a85e9,efcd8d2104f1a05d028af7bad20d974b,2017-09-28 14:24:26,50.0,16.79
7ccdfd3342fd264fadc5bb59e1cfe163,1,b0961721fd839e9982420e807758a2a6,1f50f920176fa81dab994f9023523100,2017-09-27 03:05:00,59.9,37.97
7cd0da49ecd223041fb8f6f8de488314,1,ea44caac707f7f1325182a538007f838,855668e0971d4dfd7bef1b6a4133b41b,2017-10-03 00:49:48,50.0,17.6
7cdbe58528dd6084d383d0e2e891f3fa,1,7c2d0df8e5fbfa71d54a400b33a8502e,7e1fb0a3ebfb01ffb3a7dae98bf3238d,2017-09-08 12:04:00,76.9,25.82
7cebfb16674d9fddd60acfd3f9256cbe,1,b0b302c4ad94c584fba79e1252093ceb,cca3071e3e9bb7d12640c9fbe2301306,2017-10-05 17:28:21,164.9,14.17
7cf4d6735272dc5678263c8d9c1144d4,1,2b7f2a7cf1025b94bc5dc6c28746beaf,3771c85bac139d2344864ede5d9341e3,2017-10-04 21:49:19,52.8,9.94
7cf741fd7bc734654dac45dbc67a998e,1,2b2d4af07dd8444944230535d91bebd1,750303a20e9c56b2a6bc45cdce0b897d,2017-09-25 03:38:15,42.9,22.67
7cf775f7ac856a4e689ffa4affa3a80d,1,6fd82d8f842424334fedf31190e54d24,6560211a19b47992c3666cc44a7e94c0,2017-10-03 21:24:45,55.0,17.67
7cfbcf0f0e692bccbf7d7a4c997e80fd,1,83a26c42a5f94b7456425cd0cd20daf8,46dc3b2cc0980fb8ec44634e21d2718e,2017-09-20 21:44:24,94.99,16.42
7d000307a29338a053287f79e225e09a,1,547b95702aec86f05ac37e61d164891c,001cca7ae9ae17fb1caed9dfb1094831,2017-09-13 12:05:44,129.0,36.98
7d0880274edfcf151462bd2adbbdf6c5,1,3467600ef392560b5ff4e484d3a5ed20,c2bda99904207edd1834f03e0022b007,2017-10-06 02:14:48,39.9,7.78
7d08ecaa7f7a09d998d13b5fc4662c3e,1,f2d362fbb792bbe0233ab254111eca4e,ce27a3cc3c8cc1ea79d11e561e9bebb6,2017-09-14 09:35:20,37.9,9.34
7d11ea85fd4de61373b6b8ab0387d011,1,777d2e438a1b645f3aec9bd57e92672c,4a3ca9315b744ce9f8e9374361493884,2017-09-12 15:25:21,69.9,27.03
7d2dbda1755d184be6e27b4fd0b3629e,1,3bf95cf337a8c87435a2949c48350fc7,e9779976487b77c6d4ac45f75ec7afe9,2017-10-05 02:28:30,99.49,12.65
7d37bd17f502baa7c5a25453abcf9003,1,355e78eaf102f03855b48498d1b7e996,bfd27a966d91cfaafdb25d076585f0da,2017-10-02 06:56:13,139.0,36.48
7d39dfbe41d0fcf4a1bf8a09cfd50a31,1,6f33a4a09ae1180a0ee1ff4682b2d21f,725c32fa80c2faacc4fc88450d27314e,2017-10-05 10:04:14,139.99,15.74
7d62309ce7160a95af5b22f91e039c75,1,a9f3dae2526ca165178dfde0798b9b9c,3340ef1913fb70d28420f6ceb685c339,2017-09-20 16:45:39,27.9,19.59
7d78faeeb02acd278e79369a118ba6a6,1,c329abd2a10fad4a2f83377956328c67,adbe70ab2c97442046d393988c8d1d27,2017-09-18 08:30:24,59.9,15.18
7d90148763f13aa4f24dc38ecfd0d5fb,1,97ca99a3e712143b9cf17e31bf8f3367,4bf2f4ee540798a61f9636d12cd9cc80,2017-09-15 14:05:22,110.0,15.52
7d92b1e737c6ee25a66b4bddf1f8be8d,1,36c1e7a02219b5d1e56743473a92e895,751bdc4d83a466c7206cd42e8f426b03,2017-09-07 22:55:23,53.99,9.34
7d9ccfd5b1183560523d8351e2e22aa2,1,29427de7f8a9ee983d9dbc51cec569b4,7a67c85e85bb2ce8582c35f2203ad736,2017-09-25 23:10:22,99.99,16.95
7db2d40f7fe194ac059ea82f235bf83f,1,ecc7e6fab3b3398b08af2baf86214af6,29fe9f200d3fa0c668d2aa1ec7e08dfb,2017-09-11 16:25:22,80.0,25.84
7db74378461e084a164426412ea407ba,1,5a47c5b5c3866f29177d497727f22f38,218d46b86c1881d022bce9c68a7d4b15,2017-09-22 07:30:08,128.56,18.15
7dca7e268d48febba328f16ddec37584,1,bdb4be6ce2f7f2b5be0a16088028c7fc,955fee9216a65b617aa5c0531780ce60,2017-09-13 19:25:18,85.0,13.15
7dca7e268d48febba328f16ddec37584,2,bdb4be6ce2f7f2b5be0a16088028c7fc,955fee9216a65b617aa5c0531780ce60,2017-09-13 19:25:18,85.0,13.15
7dddf95f24ff803266f8140883ce7f30,1,1d722f14297e49c1db0545e1f7ec764f,44073f8b7e41514de3b7815dd0237f4f,2017-09-14 13:45:27,29.9,21.15
7de45d1340279aa6e3847ffa7bb235a6,1,165160698dfc8156898999e0be8c4b27,8e6cc767478edae941d9bd9eb778d77a,2017-09-14 06:34:35,101.7,29.11
7df4e046ace6ef86712aba299dd8526b,1,4cd6ba4ea3112de8fc238307c4dc6307,259f7b5e6e482c230e5bfaa670b6bb8f,2017-09-20 20:10:09,39.9,16.6
7df4e046ace6ef86712aba299dd8526b,2,4cd6ba4ea3112de8fc238307c4dc6307,259f7b5e6e482c230e5bfaa670b6bb8f,2017-09-20 20:10:09,39.9,16.6
7dfdd7eb79e2cc6f2fd2e5c400050a84,1,f71973c922ccaab05514a36a8bc741b8,5dceca129747e92ff8ef7a997dc4f8ca,2017-09-13 18:05:48,108.9,36.39
7e030f7ce01972bbf5aeeadffe8f930a,1,f1c7f353075ce59d8a6f3cf58f419c9c,37be5a7c751166fbc5f8ccba4119e043,2017-09-18 09:35:10,180.0,26.1
7e057dac0629fd5a4b43f092df2adb86,1,24c66f106f642621e524291a895c9032,620c87c171fb2a6dd6e8bb4dec959fc6,2017-09-22 14:35:21,159.9,15.87
7e5821896794f7ee1e792ef610915f78,1,cffa43acc63e8225bb6889f3c3bd74e3,cbd996ad3c1b7dc71fd0e5f5df9087e2,2017-09-21 03:26:00,35.79,15.1
7e5d5dc04eaf1bb91b39e57967646eaf,1,99a4788cb24856965c36a24e339b6058,4a3ca9315b744ce9f8e9374361493884,2017-09-22 18:15:14,89.9,16.26
7e9dd1dc8d16b86e67a0c7a8a3f1ebdf,1,daf1e4584f54eb0f49b79f209e83d670,a938325a4b357fd23a6a4d5bb126408e,2017-09-21 16:05:11,149.0,15.79
7ea1ada580d55b157f20ef1fb3a83ee6,1,ee459f46c41c7314be5b18a4cad901de,4a3ca9315b744ce9f8e9374361493884,2017-10-03 17:14:14,74.8,16.28
7eb3e26f4add684a86cb34bf2a0fac59,1,eb719445ec882a7b60518fd8b55c1b0f,7e3f87d16fb353f408d467e74fbd8014,2017-09-15 15:10:20,34.9,15.1
7ec273502855ec6b503c931eda7b3875,1,d3c044bd42d84a79e3b0c42662806a48,4c2b230173bb36f9b240f2b8ac11786e,2017-09-28 14:35:08,25.9,14.1
7ed696782f4472458c5f1fc95bf5d6ed,1,83b00325c13c44245b2c3a2befa62a0e,ad781527c93d00d89a11eecd9dcad7c1,2017-09-24 23:50:21,159.99,32.15
7ed7d32f98587cf0d5aee4ccec43e11e,1,ba131cee7989ef04b93a79030969c92f,1025f0e2d44d7041d6cf58b6550e0bfa,2017-09-13 09:23:25,31.0,7.78
7eede674247503d84fc645c855298b1f,1,6ae3f85f46a37844372252496c77b4d8,53243585a1d6dc2643021fd1853d8905,2017-10-05 18:14:20,212.4,23.81
7ef2e75823b06b05aec1e71f3b2b22fa,1,914c9e9af640dd56f48764a225b00f89,7c67e1448b00f6e969d365cea6b010ab,2017-09-21 07:05:15,89.98,30.47
7ef3b5a97b46c5f804765c88b291d34a,1,9b125b82780e1bbb7716c906ff46f89b,6d66611d7c44cc30ce351abc49a68421,2017-09-12 00:10:10,59.9,11.73
7f323198e815792fca0a3a19277e0bd6,1,27e83703cdd809616f51c1d456314ed7,9c0e69c7bf2619675bbadf47b43f655a,2017-09-11 17:04:22,175.9,10.65
7f52fe36580dffc15fb684d226b12f32,1,54a96160126877c6a5cd30bfd35831e3,2e1a7d075abe038c1b2743005fe42ff1,2017-09-18 17:45:23,65.9,16.71
7f56220583170a9a779f55e555e7e986,1,96dbad46bf454d233b0d2adf108294a1,e9d99831abad74458942f21e16f33f92,2017-09-13 10:36:37,35.9,15.1
7f57cfd0b88f36f8d013446482df54ff,1,3adf46dbf0aa2bcca9d6fc85e4e7c339,897060da8b9a21f655304d50fd935913,2017-09-21 08:44:04,29.9,15.1
7f95c99388c7aa1157d5992428f2e94c,1,6ed6fb2418af24e9d020b1c4fd7028fd,955fee9216a65b617aa5c0531780ce60,2017-09-14 14:15:11,18.0,7.78
7f9df823add120adeb81bec9c2c421a0,1,99a4788cb24856965c36a24e339b6058,4a3ca9315b744ce9f8e9374361493884,2017-09-28 18:44:28,89.9,16.26
7fa917593c3ed7bd80f35dcb6e1aefbb,1,3795823a832215210d81bb4f8fafc95b,85d9eb9ddc5d00ca9336a2219c97bb13,2017-10-09 10:30:19,31.9,12.48
7fc4e29ecbfc8b635f7ffebeb5e68228,1,e0d64dcfaa3b6db5c54ca298ae101d05,4869f7a5dfa277a7dca6462dcf3b52b2,2017-09-25 15:25:17,158.0,16.74
7fd5ce5b7835d787b3a39742ca00d5dc,1,b72dc9d458ca694e434d1436566693cf,db4350fd57ae30082dec7acbaacc17f9,2017-09-08 17:55:27,21.99,11.85
7fdefbf564eb66830407026a86005ce2,1,1d2d3b19f5c3d093d4dbccd3cd963a8f,7ddcbb64b5bc1ef36ca8c151f6ec77df,2017-09-08 12:30:15,194.99,53.72
7feb0201e5b3afef04792d32b483cc17,1,bb50f2e236e5eea0100680137654686c,f7ba60f8c3f99e7ee4042fdef03b70c4,2017-10-04 14:28:20,325.0,19.55
7feb540a28fa86db26a17648584a75d1,1,952670bc019a73f0933157ec82ff6e4f,37be5a7c751166fbc5f8ccba4119e043,2017-09-19 23:24:16,179.99,14.86
7fec39266beac625517d8f68a00912eb,1,13c20e4b6e3e7d4f0f336fedcf4198da,6cd68b3ed6d59aaa9fece558ad360c0a,2017-09-26 19:15:18,30.9,14.1
8006800e5e68db2e9c4168dd8ce32b0e,1,431d674f9a4fbd0957ecf6ba3fcb6899,53243585a1d6dc2643021fd1853d8905,2017-09-25 14:15:15,299.99,22.9
80258201cda75aff559a9cc15eb0da49,1,c35498fbb4358837ae16850f50c3fd22,70a12e78e608ac31179aea7f8422044b,2017-09-13 02:44:28,76.0,12.03
8031adfac87d3fb5ff7b41a0342aae74,1,b6190912a554e26ca7ff517da2a3145b,11bfa66332777660bd0640ee84d47006,2017-09-13 20:35:13,73.0,16.95
80380dcab14d7ec024883b76a82f04b2,1,7f55769896fc6596e7251490b8b5e536,8a32e327fe2c1b3511609d81aaf9f042,2017-09-08 12:15:17,39.99,14.1
80446aee36e09ebf4cb79585f6c9ce61,1,2b4609f8948be18874494203496bc318,cc419e0650a3c5ba77189a1882b7556a,2017-09-21 08:45:14,89.99,14.38
804af8e63aed82b9d93e1c39c2ec49a3,1,542b3d80712d51eefe3a3cd1c5f4e8fe,537eb890efff034a88679788b647c564,2017-09-18 04:25:52,42.9,7.94
804b3f6bad007a44efd1fd85f0291070,1,b2d52af3c5981a8d5d064fdb77cc6bc1,17e34d8224d27a541263c4c64b11a56b,2017-10-05 10:28:35,306.16,13.64
80509330a373b52445d3c8622c3fb9b6,1,99a4788cb24856965c36a24e339b6058,4a3ca9315b744ce9f8e9374361493884,2017-09-12 04:10:55,89.9,21.12
8053c8b6bcfa27de650bb879815c3835,1,e9f4db3edb652e8ae0afcdcf04c17b39,abcd2cb37d46c2c8fb1bf071c859fc5b,2017-09-13 02:45:30,34.9,25.63
8073b9d2a53026d45880252243b0c646,1,6c706bd66d6df5b9eaa716699943efd0,77530e9772f57a62c906e1c21538ab82,2017-09-13 17:30:26,148.0,17.29
80850824446cd379f755548b967c61b9,1,81fe540cb0119e1d4ef5f191701b3cb9,bc2ac6b95e1accce9858528ee566c17e,2017-09-25 04:04:01,63.0,0.0
80850824446cd379f755548b967c61b9,2,604f77463358e12a3154c65cf2c5d3d5,bc2ac6b95e1accce9858528ee566c17e,2017-09-25 04:04:01,103.0,18.88
80c2d7b033497bf5aea90a2eb4b0966c,1,dc0fe1906bacc99199eb46fce442e1de,b1ac6ea7895bc3dd6f0f6f4abbdd2821,2017-09-19 16:04:59,59.0,24.96
80cd254ae5eface5556a1e1e826936b9,1,0b2c18d8e73e17348a011241525cb089,6560211a19b47992c3666cc44a7e94c0,2017-09-18 04:24:17,199.0,18.67
80ec14a614e66dcd5fe4051fdeb620c9,1,3eb235314db36995d65c80718db4fd85,ea8482cd71df3c1969d7b9473ff13abc,2017-09-21 13:25:39,24.99,15.1
80f124338f01e6f18cf0bd64261e0db5,1,0e089f539eaa543b2d6e4b4b4e128a3b,bd23da7354813347129d751591d1a6e2,2017-09-26 02:24:19,149.9,12.25
8102ed72fe93cfe6ff25c794e15233a1,1,416cdbd855fe5e217167a1405a70fa4a,f8db351d8c4c4c22c6835c19a46f01b0,2017-09-13 12:10:14,73.9,9.27
810c5451b24e7565d14608ed85dd3624,1,a3b46e392953235f9337a0a56f933ffa,dbc22125167c298ef99da25668e1011f,2017-09-14 20:33:36,43.9,16.11
814449e266f5cbff53f6e336abd1dd5a,1,80665d04b7d8216835a0ad52625c7039,3d871de0142ce09b7081e2b9d1733cb1,2017-09-21 13:50:23,75.0,27.07
815ba48fd172b6a71f09180c118a31ca,1,41f9d5d764dc0fa4928c9177275e5763,5aaa890629f83706d8d9bfecd8377c1c,2017-09-21 03:06:14,48.9,17.92
816547fe6198669ad3f5b197d576e4ba,1,6a614599fc79123b71a5dd22cbb6eab5,cd68562d3f44870c08922d380acae552,2017-09-28 12:25:38,199.0,12.89
818080c38c17ec4bdcb39798ccb51b4e,1,69d3ff4f45d52d69e4b06760e0e154e2,7b0df942f46435babab05d49b744b2c4,2017-09-14 11:24:48,1146.0,21.04
81992009e7e97ec49b43657ece731404,1,d7de6f5b1c0d552167bd5a8d4b45f6da,d379f449f2a3b271bc01c0782020f705,2017-09-22 18:55:23,149.9,20.96
819d0cccbbc61e854e2a273e3aad3eaf,1,50b671fa06a05828948cd518088eba27,855668e0971d4dfd7bef1b6a4133b41b,2017-09-14 15:45:21,20.0,9.34
81b1c5ab3c30ee9f67392bbd60dc0f58,1,c6ea63369936552872ae890c82175b4b,37be5a7c751166fbc5f8ccba4119e043,2017-10-09 02:14:19,158.0,17.82
81b78f9b7ef4f71326aaf32e50912a07,1,a9f480bfc49f0b85e8394e1cdf685b4e,3d871de0142ce09b7081e2b9d1733cb1,2017-09-18 12:35:23,55.0,16.15
81c277d38bfc8beca560a53fac3646f5,1,6a33f85f66191cc5b645b5f775ca93d9,3504c0cb71d7fa48d967e0e4c94d59d9,2017-09-17 21:50:14,24.99,8.72
81c340da0fe8e47244fa1a3fd41337e2,1,9967480e361da5934ffcd551eb6fcdec,77530e9772f57a62c906e1c21538ab82,2017-09-14 20:55:19,148.0,19.28
81d6162a00e7332a42e9f26375953d74,1,f40876e0ef3cd5f9132b1f16b04b1346,620c87c171fb2a6dd6e8bb4dec959fc6,2017-09-14 12:23:37,89.9,15.38
81e4c4d7594a8111a17da1f1b399ba07,1,9437cbf921b0bd3177d8b03ed2783cda,f45122a9ab94eb4f3f8953578bc0c560,2017-09-13 13:25:16,89.99,16.39
81f15a8caa9410d3483393a17f7e1745,1,e482ad963bfb9a9abc51b9850aca97b7,c2d70ce2c5d0a2eb75e78668236e6dc8,2017-09-28 12:10:23,49.0,14.1
820f61277104e987fc722e2e02ddeccf,1,7811ef9c6eed5bb33c3c6f9de751642f,d98eec89afa3380e14463da2aabaea72,2017-09-25 03:33:44,24.99,34.15
823384842bb58973b0c88e31c6f94da9,1,8b8422bfeaebcd02e897666185ca2c2c,822166ed1e47908f7cfb49946d03c726,2017-09-28 14:10:10,18.74,15.1
823384842bb58973b0c88e31c6f94da9,2,8b8422bfeaebcd02e897666185ca2c2c,822166ed1e47908f7cfb49946d03c726,2017-09-28 14:10:10,18.74,15.1
823e1b55f87736972904ce20e4e90f0a,1,0a859d8dc68f6a746b4709217110c439,76d5af76d0271110f9af36c92573f765,2017-09-24 22:30:11,399.0,87.58
8257dca57385bc7279dc06f140b55625,1,eb719445ec882a7b60518fd8b55c1b0f,7e3f87d16fb353f408d467e74fbd8014,2017-09-25 04:04:34,34.9,11.85
825d77fab1993c218cce8b9c36a6a450,1,a6ad77b15e566298a4e8ee2011ab1255,1025f0e2d44d7041d6cf58b6550e0bfa,2017-09-29 11:15:13,31.8,17.6
826456a3605c466dec176f032fa660a9,1,bc4cd4da98dd128c39bf0b8c2674032f,53243585a1d6dc2643021fd1853d8905,2017-09-11 13:24:04,1299.9,51.51
827668d405f7156d24af6fdd76f7d057,1,53759a2ecddad2bb87a079a1f1519f73,1f50f920176fa81dab994f9023523100,2017-10-03 02:49:28,59.9,17.67
827668d405f7156d24af6fdd76f7d057,2,53759a2ecddad2bb87a079a1f1519f73,1f50f920176fa81dab994f9023523100,2017-10-03 02:49:28,59.9,17.67
8288bb5ead7afd8740aab37dbc902214,1,862f21f0a089e3a09528412f6ec63428,b335c59ab742f751a85db9c411a86739,2017-09-15 20:05:20,59.74,17.67
828acc6ccec3081f5615750358c691db,1,4372c58b785f6a6e66899e62099b6ef2,f45122a9ab94eb4f3f8953578bc0c560,2017-09-11 13:15:10,89.99,27.17
82919647c77d6bdf1f3edba9eab8e1fe,1,4e45c321347cc3336c76fd6350da3445,fc906263ca5083d09dce42fe02247800,2017-09-12 04:30:47,39.9,15.1
8298dcc2f7a6cfcc788481bc06d227e0,1,2132979d9b6f64e99b8c9bb4da4e0323,45d33f715e24d15a6ccf5c17b3a23e3c,2017-10-03 17:49:19,89.99,27.17
82c408d476f29fe82b7c1f9daec2bafa,1,d537e54e990d95194a5733e79f1af1aa,4305fe92735c8a43d154ff6dd2b8d927,2017-09-21 20:04:24,139.9,15.73
82c46826f081404f1809ea22a81d293a,1,13cde3217a6ea7e5eb08bc8972ba9049,9d5a9018aee56acb367ba9c3f05d1d6a,2017-09-27 21:45:32,149.9,13.3
82c5edeff15e09a0460d292874766132,1,22ca1399dde9714934f8ec09b6aca2fe,128f9bfbe4c7d5185033914b1de3d39a,2017-09-20 17:55:30,94.0,17.91
82de2fedb028c674daa827d7984fea98,1,001b72dfd63e9833e8c02742adf472e3,8a32e327fe2c1b3511609d81aaf9f042,2017-09-28 16:35:08,34.99,8.72
82f255ceb9406e722a069255a0d40630,1,fd4a96848f84ddaabcdc5bdbf831a194,165fc07beebdcb6190fba8a06db2a449,2017-09-25 16:24:35,89.0,12.75
830766a6f59d1f6e2fb978b1fb83feda,1,67d81560abfd28c61d461cae585f0fe2,f61c63d13f7cd800549d5acdd390ae72,2017-09-28 10:36:23,109.0,13.78
832c61671b530bdc7d56880581bc2146,1,98b22c1129886cbd7fcae69d1c93e442,da8622b14eb17ae2831f4ac5b9dab84a,2017-09-18 17:15:18,89.9,13.65
8331588bfd765bf151ba1682255903f3,1,884544808d4c1b6c5051646a85330fa5,70a12e78e608ac31179aea7f8422044b,2017-09-11 10:30:24,25.0,11.85
8349d82bb3c36734477e55a95e61e0b6,1,cf69d780077ed6cd5369b53aa63cd0d3,5882820ef11c4c068eea0677a7a879b4,2017-09-26 21:04:59,790.0,28.33
835c4371614f69189484aaad9a4087dd,1,1309e677b68af1ad09167cf712dc0de4,7142540dd4c91e2237acb7e911c4eba2,2017-09-25 03:34:48,149.9,18.3
8365dc5dc298b24c2dfa22b90c5df20e,1,f5caa36f71f444c6508c84818cab5641,dd533b429f380718b70ad9922c294bae,2017-10-03 01:14:14,21.9,17.6
8377e4fefc687781d0b8b68780e2e584,1,e6f7ac15692aee63b79778de70c3d9fa,7a91bf945c6fae0779f1c61ce97fe45c,2017-10-09 15:14:15,129.9,19.15
837b8d9b2e7afd344f8abfe25c899e7c,1,0aabfb375647d9738ad0f7b4ea3653b1,37515688008a7a40ac93e3b2e4ab203f,2017-09-18 17:20:05,19.9,34.15
837cd2125d69712e32915f1617ff6922,1,cb5d3d2427c53fde437c52bde24840e8,30a2f535bb48308f991d0b9ad4a8c4bb,2017-09-19 20:25:09,74.9,8.72
8391a032db0a71458e548af0b6e9eb8e,1,bb50f2e236e5eea0100680137654686c,f7ba60f8c3f99e7ee4042fdef03b70c4,2017-10-02 21:07:26,325.0,10.47
83aef7faf3400f2ca6fa465a8f483657,1,7a7be236d8368315680071df4209dd4e,b14db04aa7881970e83ffa9426897925,2017-09-13 21:30:14,55.0,17.64
83c4b4c8e8fdb6e9ef46162e012e691e,1,4657246e1ead35fc541c29d5a4010c73,4e922959ae960d389249c378d1c939f5,2017-09-21 04:24:09,45.0,15.1
83d500e46a95c23dd67eb3cadbd1bd13,1,6ab6d9589ae19abcee458918d4779fae,6039e27294dc75811c0d8a39069f52c0,2017-10-02 01:35:07,189.9,51.18
83d8f70418eefd96f37b483dff430305,1,3fc00af0f0a8d4ac2933d3900416c977,7a241947449cc45dbfda4f9d0798d9d0,2017-09-14 10:10:17,99.0,18.31
83e064bc8c54fef04698774d069eed59,1,1528d0673079ce2d79d29753b800d76e,01fdefa7697d26ad920e9e0346d4bd1b,2017-09-12 04:26:02,59.9,17.99
83ea47ad24b5fce57aa5ade0fd069c94,1,154e7e31ebfa092203795c972e5804a6,cc419e0650a3c5ba77189a1882b7556a,2017-10-06 12:49:12,23.99,34.15
84266e419db22394dc87bd8c110770fd,1,422879e10f46682990de24d770e7f83d,1f50f920176fa81dab994f9023523100,2017-09-19 21:05:49,59.9,17.67
84266e419db22394dc87bd8c110770fd,2,422879e10f46682990de24d770e7f83d,1f50f920176fa81dab994f9023523100,2017-09-19 21:05:49,59.9,17.67
84388531e60d278c958e9ee95c61332f,1,06c6e01186af8b98ee1fc9e01f9471e9,fc906263ca5083d09dce42fe02247800,2017-10-05 10:51:15,29.9,12.48
84725ed03be12141b53a435b57fbd336,1,de809d6e8b2d61c8d82566466916d5ba,92d14edfb62ee5ae7fdff70b0f4e7233,2017-09-18 04:44:45,39.0,7.78
84738ae25273a6a32bc43d0a0156b570,1,96b0a882d11b17ce51238420ec63e3a1,259f7b5e6e482c230e5bfaa670b6bb8f,2017-09-21 22:36:09,54.9,20.87
8484c5fe4c5e00deaa868795d62d1db9,1,596dd8bfc1289b4336ef857ffb960d47,3c487ae8f8d7542beff5788e2e0aea83,2017-09-20 02:50:31,429.9,20.29
849463e6f473ab9f22655e71ed57b5e8,1,b5e13c9a353102f79c6206ff5cb61a50,a49928bcdf77c55c6d6e05e09a9b4ca5,2017-09-12 21:55:15,79.9,20.96
84a1a8e9b6cf26aee8cb39ffb391362f,1,64315bd8c0c47303179dd2e25b579d00,7aa4334be125fcdd2ba64b3180029f14,2017-09-25 04:05:43,89.8,64.05
84aef74d31968ce8f92e602a660727ff,1,28e23776d8404a3c92ea8b79b5666229,4e922959ae960d389249c378d1c939f5,2017-09-22 17:04:56,100.0,16.46
84af086627ce9dba6fc470fb3d899de9,1,9545d45c37449ccbc376de3a04c66e71,431af27f296bc6519d890aa5a05fdb11,2017-09-14 11:35:20,121.9,13.87
84d27863cf4593bdc358f6b17240a3c5,1,617186c3d97ea56c9c683a8a3974e8c1,cc419e0650a3c5ba77189a1882b7556a,2017-10-04 03:49:22,84.99,14.34
84d965c9482e83de042bcb2ed7330012,1,87cc2aef12eddf0b170234138b0946e0,34d1ca11b242c0fee2c834ae8d788566,2017-10-02 06:33:44,185.81,17.06
84eda024589384c414522637e6a3d313,1,ae4c65e3aee93bc068c671453b8aaea4,6e0908ef4d4efadbc3cc2b74ea477cb0,2017-09-08 16:24:57,46.8,17.92
84f721afdc3f131a097e0b9627de1d71,1,951098957e7871bfeab769de5e3871a8,710e3548e02bc1d2831dfc4f1b5b14d4,2017-09-13 03:04:04,149.99,18.62
85008a8fe3cde72dea5abbbc2be0a2f8,1,57f202d5e0ed7a3a2d75e479e1579cfe,3d871de0142ce09b7081e2b9d1733cb1,2017-10-03 15:24:47,29.9,16.11
85009f731c1559c53d150e4b3fa7f8a5,1,0b52764083ede22c5acb8a573d859ddd,b83cedfb587e7911540e3f576d6917ce,2017-09-14 12:30:11,124.78,9.69
850345daa354cff7702dd1d0a4168b46,1,6a1a04054158fe995e1688d8f79605b2,9616352088dcf83a7c06637f4ebf1c80,2017-10-05 22:56:09,59.9,13.44
850345daa354cff7702dd1d0a4168b46,2,6a1a04054158fe995e1688d8f79605b2,9616352088dcf83a7c06637f4ebf1c80,2017-10-05 22:56:09,59.9,13.44
852908bf28a385d07db3148958c5a778,1,a8c6827a8a59c4b3bd37a9761715f3d8,70eea00b476a314817cefde4aad4f89a,2017-09-21 01:10:36,340.0,27.22
852e2ae704b2196f904561391b2b6bd2,1,bdb4be6ce2f7f2b5be0a16088028c7fc,955fee9216a65b617aa5c0531780ce60,2017-09-14 18:05:45,85.0,13.15
8530e2069f9db01013a5f935b785eee3,1,4d88659b2d47e07c93060537d6542bb5,17a053fcb14bd219540cbde0df490be0,2017-09-13 17:15:09,319.9,67.05
854fc42da7246b10ed8dcec4ae8f48ca,1,5f00c50de3d989194f0439e343480372,3b15288545f8928d3e65a8f949a28291,2017-09-14 18:25:27,77.99,16.31
8554cb37f7158cb0b082a841d24a4589,1,52cd5817c291740688bad8a1972bb019,a6bd7d1ccdac48c6b33b28596b7eb122,2017-09-07 22:32:18,449.5,19.15
8554cb37f7158cb0b082a841d24a4589,2,a042f8bfc21bceff9db6313d2f98aefc,7e93a43ef30c4f03f38b393420bc753a,2017-09-07 22:32:18,799.99,30.64
85590544453efd501d242d84acdf9990,1,ef79ec374ba852bbced7662285946619,6560211a19b47992c3666cc44a7e94c0,2017-09-13 17:06:20,199.0,22.19
855996678baddb2597d33300f0148406,1,3d332427ec9de8802951c8fdd9b69029,0d85bbda9889ce1f7e63778d24f346eb,2017-09-21 02:10:14,29.9,17.92
8563f78b69f236731470e13b90fde454,1,0afc71d24fa8b225307f8794e157204a,6bb0724edf0b62fb91ac404873a97241,2017-09-13 02:25:16,206.0,49.97
856a7ab58f3a7cc4560202758d971b38,1,fd1eb7fd67e76cf3283618735a57cbcd,7040e82f899a04d1b434b795a43b4617,2017-10-02 03:56:25,149.9,15.81
856fc8f6f0843d1f0de271cfd64e6cc4,1,3b7929cc079c14493fb6fb3373dbc1e1,4e922959ae960d389249c378d1c939f5,2017-09-26 10:37:22,98.0,17.94
85722784b64340c85ac0293f6f1cebcc,1,2b4609f8948be18874494203496bc318,cc419e0650a3c5ba77189a1882b7556a,2017-09-13 15:55:42,89.99,15.38
85770bce7ab858546d700c2e99ad57c9,1,6a83dafadbcf4112388e8173860dd3b7,888faa8bfb0b159c37de6d898b961c31,2017-09-12 13:30:15,42.69,16.11
857963f443c1183582fc6386fd62ddcf,1,7295743cfc88049c951d73b337225d01,624f4ece8da4aafb77699233d480f8ef,2017-09-28 18:30:14,219.0,22.19
858d458b39082890e96fbb1fed8c2a52,1,d6160fb7873f184099d9bc95e30376af,53243585a1d6dc2643021fd1853d8905,2017-09-13 17:15:08,1299.9,38.51
85b8899fd1383f7177fe622d29f09272,1,3279fec9ed308116c0546336bf7741f6,dc8798cbf453b7e0f98745e396cc5616,2017-10-01 23:07:59,24.9,15.1
85b8899fd1383f7177fe622d29f09272,2,f10163ef5dd01ee5f3622b750b64091c,dc8798cbf453b7e0f98745e396cc5616,2017-10-01 23:07:59,24.9,15.1
85be7c94bcd3f908fc877157ee21f755,1,860f7a159db32408ea4bad60965e9a3a,f45122a9ab94eb4f3f8953578bc0c560,2017-09-27 22:48:00,59.99,12.76
85d0343db3251fe60d7cf6a51d7f702d,1,ae21e20e39807ffbb4b976fd106b937c,46dc3b2cc0980fb8ec44634e21d2718e,2017-09-26 08:15:13,199.99,16.16
85d1148753005c76a785628b87effc27,1,9b9d1c4bd979b93c138044e032f99780,7a67c85e85bb2ce8582c35f2203ad736,2017-09-21 02:50:36,99.99,17.95
85eab7a4f0d59bd1eccd9fd217691aa6,1,17e7128a33dae59e32be411b7b4921b5,e7f3bf1ecd8526eb7f3b18059e6716e5,2017-09-20 16:30:22,32.7,15.1
8608b68211e2b6a120ff2e767285e069,1,35afc973633aaeb6b877ff57b2793310,4a3ca9315b744ce9f8e9374361493884,2017-09-22 20:25:12,89.9,1.24
8608b68211e2b6a120ff2e767285e069,2,c403e106353e1aa40efe783ecb39ed7a,d2374cbcbb3ca4ab1086534108cc3ab7,2017-09-22 20:25:12,38.9,4.66
8608b68211e2b6a120ff2e767285e069,3,cf54cbfe4e33bc8f7b34a65da576497c,d2374cbcbb3ca4ab1086534108cc3ab7,2017-09-22 20:25:12,38.9,1.55
8608b68211e2b6a120ff2e767285e069,4,c403e106353e1aa40efe783ecb39ed7a,d2374cbcbb3ca4ab1086534108cc3ab7,2017-09-22 20:25:12,38.9,4.66
8608b68211e2b6a120ff2e767285e069,5,35afc973633aaeb6b877ff57b2793310,4a3ca9315b744ce9f8e9374361493884,2017-09-22 20:25:12,89.9,1.24
8608b68211e2b6a120ff2e767285e069,6,c403e106353e1aa40efe783ecb39ed7a,d2374cbcbb3ca4ab1086534108cc3ab7,2017-09-22 20:25:12,38.9,4.66
86281718010866f6d3c332ca6ab63945,1,35afc973633aaeb6b877ff57b2793310,4a3ca9315b744ce9f8e9374361493884,2017-09-28 02:24:10,89.9,17.88
86292405a21099d6258be8e7c39d78b7,1,ca38c039b717207dec906f4fa9a21db7,59fb871bf6f4522a87ba567b42dafecf,2017-09-14 21:43:44,189.99,16.09
8634ecf96bfb8450dd73fd6596ec4f3c,1,ea44caac707f7f1325182a538007f838,855668e0971d4dfd7bef1b6a4133b41b,2017-09-24 21:55:09,50.0,16.6
8645ac05f10c6b2651a6a9a1772de311,1,c47d256557f7fa30144ecea5722eebc2,3d871de0142ce09b7081e2b9d1733cb1,2017-09-12 04:35:51,89.0,23.16
8645ac05f10c6b2651a6a9a1772de311,2,8c81ff84f8301d0db2fbfde90da0f5a5,3d871de0142ce09b7081e2b9d1733cb1,2017-09-12 04:35:51,45.0,2.32
865877542f1840626ccdfc88e0b74684,1,4c2394abfbac7ff59ec7a420918562fa,cc419e0650a3c5ba77189a1882b7556a,2017-10-02 15:24:46,84.99,15.35
8669133949d3dda2b99bec214c2c299f,1,e12f98550d5a1a612066b387f97c1970,e9779976487b77c6d4ac45f75ec7afe9,2017-09-08 12:10:18,79.67,3.61
8669133949d3dda2b99bec214c2c299f,2,01fc56750f0d3444c4a1746ecf19dee0,6b243f80ed07b10f0e8aa0f21a205f3c,2017-09-08 12:10:18,84.9,28.85
866a7ce3c98440860896ec4ed2960d8f,1,1f14955ab3f179a666e101d5984b1319,272f092de69afedd4d2969440b37f18f,2017-09-26 14:50:28,40.0,14.1
866ec84f10b8bb9f0cbc1f4ef5ae69dc,1,e2e426d1332240070b0a836a854d057b,cce6ab8d1682639fe45ab70234f1665f,2017-10-11 14:35:07,40.0,24.9
866ee8efa015a0dbacb8c2628096a8c4,1,2028bf1b01cafb2d2b1901fca4083222,cc419e0650a3c5ba77189a1882b7556a,2017-09-22 11:25:23,56.99,14.15
867c38cfbcd204534450b238734e4bbc,1,d285360f29ac7fd97640bf0baef03de0,01ed254b9ff8407dfb9d99ba1e17d923,2017-10-02 12:35:18,339.0,13.94
867edfba28b8528f1424668fbdf0d182,1,83a1778b0d5b20c0724c97e35f083082,a3a38f4affed601eb87a97788c949667,2017-10-04 17:25:03,64.9,17.7
868d2668d3bff66258de12631b298034,1,a8de27e0e3c906eb51872553801962b7,3d871de0142ce09b7081e2b9d1733cb1,2017-10-03 03:07:20,129.0,13.92
869548743b57fc4906baa944c448a644,1,422879e10f46682990de24d770e7f83d,1f50f920176fa81dab994f9023523100,2017-10-05 10:00:10,59.9,17.67
869bb454aa7fd93af2e620c1d34d5e49,1,bc4cd4da98dd128c39bf0b8c2674032f,53243585a1d6dc2643021fd1853d8905,2017-09-11 15:45:30,1300.0,41.55
86ba74562effd10bf32402978095963c,1,06c6e01186af8b98ee1fc9e01f9471e9,fc906263ca5083d09dce42fe02247800,2017-09-19 16:24:43,29.9,8.11
86ba74562effd10bf32402978095963c,2,06c6e01186af8b98ee1fc9e01f9471e9,fc906263ca5083d09dce42fe02247800,2017-09-19 16:24:43,29.9,8.11
86bf07c0a6d01d38dd8ecd1a1b68d139,1,fb7a100ec8c7b34f60cec22b1a9a10e0,d98eec89afa3380e14463da2aabaea72,2017-09-21 23:20:49,49.99,16.79
86c0740485510bc8dd381cc668a616e7,1,a285f1c6ce025a045e87b7cf90df1a1a,8e6cc767478edae941d9bd9eb778d77a,2017-09-25 12:55:12,36.9,17.92
86d8178c00bf4d820e52b4ec4d4b3a21,1,7c1bd920dbdf22470b68bde975dd3ccf,cc419e0650a3c5ba77189a1882b7556a,2017-09-20 22:50:15,58.99,11.73
86dfa937c43f021fdd93264d20c8537b,1,516a7c0b152777ac153b6ff568582222,a1544b9ea0b2390e020537d4daa89049,2017-09-14 05:04:13,49.9,15.1
86ed2440255dfb35605f2d01dc0a545a,1,4cc8bfa581f41841ce5e24aba773a44a,1835b56ce799e6a4dc4eddc053f04066,2017-09-15 08:45:18,56.99,11.9
86f781e4906cef14d537d4e6b205afbd,1,c10426af8413edc42015b10a76b43651,7040e82f899a04d1b434b795a43b4617,2017-10-09 04:05:15,79.9,12.06
87057ad16823c46ae4ccec00c4db526f,1,81e7937893af4703d4d14ca3e3765b59,855668e0971d4dfd7bef1b6a4133b41b,2017-09-27 15:35:20,64.99,7.78
8712dadcec00a4826a72ac3431a3ced1,1,2a2d22ae30e026f1893083c8405ca522,1a3df491d1c4f1589fc2b934ada68bf2,2017-09-25 02:55:54,159.0,23.98
871d475aeaf2288a225fe1ade32d1b44,1,7b1e979883929d066ee44e3cef559021,7d76b645482be4a332374e8223836592,2017-09-14 17:28:53,19.9,21.15
872d50e4eee9c719855e98dbf74daafc,1,617186c3d97ea56c9c683a8a3974e8c1,cc419e0650a3c5ba77189a1882b7556a,2017-10-02 17:44:15,84.99,21.39
8748f09f5b3de56a89acecb0b56618ae,1,6cf95bd30a9628ca0c9911e43d7956a3,718539d38d07dd351c76db862760e2e2,2017-09-27 20:44:24,36.8,11.73
877893a9d335938c3fdaeed687b3f6e9,1,1c21c1ed398eae61184065889ca3d4b0,a3e9a2c700480d9bb01fba070ba80a0e,2017-10-02 21:07:21,65.0,17.7
878d7b205a8f5eb546d03baa3404fb4c,1,37d2e3656244fd840ebd0460360455cd,dbc22125167c298ef99da25668e1011f,2017-09-14 13:23:55,40.9,13.37
8791ce636583500a723049d52a041173,1,7fab1a1472fdd934397068931f63f3ca,3d871de0142ce09b7081e2b9d1733cb1,2017-09-17 23:10:23,69.9,16.25
879877b4935ac3de514fe50c6a27d1f4,1,b0961721fd839e9982420e807758a2a6,1f50f920176fa81dab994f9023523100,2017-09-27 02:55:38,59.9,13.44
879d57dc015759bf30e71a20b5ae0652,1,e0d64dcfaa3b6db5c54ca298ae101d05,4869f7a5dfa277a7dca6462dcf3b52b2,2017-09-28 23:15:17,158.0,21.6
87a330a52c9e677f1252f2f17e54cf65,1,1d9263e74c3e8e57d3a7bd505b7b871e,dd2bdf855a9172734fbc3744021ae9b9,2017-09-25 02:10:46,39.9,16.79
87a6319722874912ff7c7462e2178343,1,ac8e7cf3a658f63dc68dd7f3b8b5f97b,218d46b86c1881d022bce9c68a7d4b15,2017-10-09 04:04:59,107.0,25.59
87a635f625b39db6169bd9ad1bc63925,1,a8fe47ad6f852f93cc92c7b408687de3,aaed1309374718fdd995ee4c58c9dfcd,2017-09-28 19:45:30,72.9,16.27
87b11e8650942d90851905d1bebae8d1,1,a6bbf1a7c24a6047e499f1374648d824,1acde099eb406aa220b1169b188b42da,2017-09-25 08:05:56,16.9,15.11
87b11e8650942d90851905d1bebae8d1,2,4fa87eb0a7d3d0e774828565b1b8020a,1acde099eb406aa220b1169b188b42da,2017-09-25 08:05:56,16.9,15.11
87c10d50798c3cb5476f246e91921a0b,1,4be81859195b7736f5e52c039d072782,66e0557ecc2b4dbea057e93f215f68d8,2017-09-13 20:35:20,454.0,18.94
87c98d8706c75e568d61dc02c6c9305d,1,b623b7cb05ee3248fbe4a6ecbeed79a4,7aa4334be125fcdd2ba64b3180029f14,2017-09-26 08:05:40,74.8,17.77
87c9a177bd8b6546136bc14128ac1d3b,1,118fa7a08a83564776c37433aca3ca71,8f119a0aee85c0c8fc534629734e94fd,2017-10-05 18:35:16,36.0,15.1
87f841bad6e9f1d515f158ac10204c3e,1,5dd65915a87e9031993b18e481a3cbe5,f7ba60f8c3f99e7ee4042fdef03b70c4,2017-09-22 02:40:17,106.0,14.49
8805c89717242b991905a253e19e7aab,1,46c57742071cc875558cc230df1aa9a4,86ccac0b835037332a596a33b6949ee1,2017-09-27 22:47:29,29.9,16.79
880818864a5b124a7e8784b03caa1d84,1,6413f7a28e149a324c4a914000399fb2,7a67c85e85bb2ce8582c35f2203ad736,2017-09-21 18:30:10,149.99,18.3
88111d2aacb94d5ba269e178f1994a2c,1,e8b2fecb5049dcecf8c1ff4cfdb03c61,18a349e75d307f4b4cc646a691ed4216,2017-09-14 19:10:11,29.35,12.69
881dbb4e5e7c4118f6958b3ef811ffe4,1,7ae6a30460946f90c6365ff9c6c36fcf,7142540dd4c91e2237acb7e911c4eba2,2017-09-11 19:15:11,59.9,17.67
882d0ad1f2cb3bb80acfb9e6667be1a7,1,a1ebb47a48200e6566603de49b83f621,46dc3b2cc0980fb8ec44634e21d2718e,2017-09-19 18:50:14,279.99,19.21
884dd22244240995c8a18169c32be54d,1,0aabfb375647d9738ad0f7b4ea3653b1,37515688008a7a40ac93e3b2e4ab203f,2017-10-04 13:49:19,19.9,15.1
8860f62912fc775e52409a351a1bca14,1,5742ee1a5d941486111ab986f6611735,3be634553519fb6536a03e1358e9fdc7,2017-09-12 09:43:55,39.9,13.08
8860f62912fc775e52409a351a1bca14,2,5742ee1a5d941486111ab986f6611735,3be634553519fb6536a03e1358e9fdc7,2017-09-12 09:43:55,39.9,13.08
8860f62912fc775e52409a351a1bca14,3,5742ee1a5d941486111ab986f6611735,3be634553519fb6536a03e1358e9fdc7,2017-09-12 09:43:55,39.9,13.08
8866f85227409d87f03ab02cd7f5a001,1,53b36df67ebb7c41585e8d54d6772e08,4869f7a5dfa277a7dca6462dcf3b52b2,2017-09-29 05:55:11,134.9,12.44
886ddb536ba82bd61a9d3ddbf5d0e73d,1,f5caa36f71f444c6508c84818cab5641,dd533b429f380718b70ad9922c294bae,2017-09-12 18:35:13,19.9,13.37
886ddb536ba82bd61a9d3ddbf5d0e73d,2,f5caa36f71f444c6508c84818cab5641,dd533b429f380718b70ad9922c294bae,2017-09-12 18:35:13,19.9,13.37
886ddb536ba82bd61a9d3ddbf5d0e73d,3,f5caa36f71f444c6508c84818cab5641,dd533b429f380718b70ad9922c294bae,2017-09-12 18:35:13,19.9,13.37
886ddb536ba82bd61a9d3ddbf5d0e73d,4,f5caa36f71f444c6508c84818cab5641,dd533b429f380718b70ad9922c294bae,2017-09-12 18:35:13,19.9,13.37
889e1d99762dd368ffbc599fca39bb91,1,9165e7a5f9ef266f66ca19a816cdc657,48436dade18ac8b2bce089ec2a041202,2017-09-14 09:03:33,132.9,21.42
88a7b171c5fa934fdd0bd6a3785dee13,1,a6ae1a5c22127c9e983271623b13c63e,86bb7c4b535e49a541baf3266b1c95b1,2017-10-02 16:25:01,279.9,17.72
88c33b2b9b484cba6a371fb39f8b2882,1,b694e2087c446e6905b08cd9360cfe45,3b15288545f8928d3e65a8f949a28291,2017-10-04 09:28:20,99.99,25.54
88c6c911e3d4308b3f355533115275c3,1,310d46301bad5f6b27b3638b81d9cc99,daeb5653dd96c1b11860f72209795012,2017-09-14 16:55:12,417.9,27.48
88c9df242e26c36482168acfc3d250dc,1,6698f23d5d6f5815239e55660f30a0b1,37be5a7c751166fbc5f8ccba4119e043,2017-10-05 00:04:41,179.99,8.51
88cd8bb48fb54b0e7a42902d1383f847,1,5bb4f7ac197ab2d099e968a3d3810915,53e4c6e0f4312d4d2107a8c9cddf45cd,2017-09-18 17:44:53,35.99,15.11
88e55fde09f2f11df0bb4890ba3ee879,1,811f973313e8219988a69cc140c447f0,dd2bdf855a9172734fbc3744021ae9b9,2017-09-20 09:04:07,99.9,25.25
88fcb8d7dc0b10a8579590c36f370066,1,389d119b48cf3043d311335e499d9c6b,1f50f920176fa81dab994f9023523100,2017-09-27 20:24:50,59.9,17.67
88fd40c08e056f063360d1d8cbd99e2b,1,e64befe356dccc6ed0073c124147269f,fc906263ca5083d09dce42fe02247800,2017-09-21 22:35:03,39.9,15.1
89035fb6f9ed1693ad716ef81c18cdb2,1,b6acad95bb80b9f438b3496bfdfd8257,7d76b645482be4a332374e8223836592,2017-09-27 22:48:32,14.9,25.63
8912714cffbe195a053e461728955065,1,f83c9874b5b5044ea58fef1be68c1ea8,2e90cb1677d35cfe24eef47d441b7c87,2017-10-04 11:49:11,139.4,31.73
894f6e0db677f7c543348befc4ecc7da,1,fb8c11da2e1b1634e879d1c3c6762dc2,53243585a1d6dc2643021fd1853d8905,2017-09-14 06:34:10,850.0,22.6
897ef7424df8edd3139511b631ae8e94,1,0fca2bf7fe83539c429a0357389333e7,dbb9b48c841a0e39e21f98e1a6b2ec3e,2017-09-21 02:55:45,134.9,16.7
897ef7424df8edd3139511b631ae8e94,2,0fca2bf7fe83539c429a0357389333e7,dbb9b48c841a0e39e21f98e1a6b2ec3e,2017-09-21 02:55:45,134.9,16.7
8981058485651cba8b7d9c332fd47047,1,46fc5520f38dedac20cbf5e1b78ead91,218d46b86c1881d022bce9c68a7d4b15,2017-09-29 09:15:20,103.0,12.22
8989fdd29d2925c7e819138db8e2ef90,1,154e7e31ebfa092203795c972e5804a6,cc419e0650a3c5ba77189a1882b7556a,2017-09-26 12:25:08,23.99,15.1
899da82c1aeee8fe315db6826cd9a5ee,1,443686a203341f24c2cead2297359568,f45122a9ab94eb4f3f8953578bc0c560,2017-09-14 05:24:13,119.99,27.38
89a52f9735ee199f8c4583cd8d77de4c,1,cb43c6e1c451902b51f4f4ff512302df,582d4f8675b945722eda7c0cb61ba4c7,2017-09-26 02:24:07,45.49,11.85
89b73cd1e5fd5c1329b4e11be8dd1289,1,642a40d4d73b4b2604968937de13634a,d2374cbcbb3ca4ab1086534108cc3ab7,2017-09-28 14:41:55,12.9,15.1
89b939af6aada7003d4d2930b87d8b68,1,dc58d5459e21851dd9acdfc10a621159,4992e76a42cb3aad7a7047e0d3d7e729,2017-09-14 23:15:15,34.9,14.1
89b939af6aada7003d4d2930b87d8b68,2,dc58d5459e21851dd9acdfc10a621159,4992e76a42cb3aad7a7047e0d3d7e729,2017-09-14 23:15:15,34.9,14.1
89c5271497489d8c7fe6d3432f8ce193,1,154e7e31ebfa092203795c972e5804a6,cc419e0650a3c5ba77189a1882b7556a,2017-09-29 13:10:26,23.99,15.1
89c55bd386693745979c858f5a2694b8,1,d2e79198b51c33512670c0a652c1a27f,0d85bbda9889ce1f7e63778d24f346eb,2017-09-20 13:30:21,79.9,16.97
8a06dcad5b81645436b75c0074d041dd,1,30715b45872148dd5322eb2989228a43,4a3ca9315b744ce9f8e9374361493884,2017-09-28 22:15:20,61.8,35.75
8a08c6b7d01513f42c76604beded88c8,1,d5991653e037ccb7af6ed7d94246b249,25c5c91f63607446a97b143d2d535d31,2017-10-03 18:49:31,137.9,23.11
8a0ff8191c4dd240e18114ec66889ec5,1,dc2410804cf782c5d87dbcd201b74e9b,897060da8b9a21f655304d50fd935913,2017-10-03 20:14:19,150.0,16.81
8a170c32858870f69d7a3477fcca9a4b,1,06c6e01186af8b98ee1fc9e01f9471e9,fc906263ca5083d09dce42fe02247800,2017-09-14 09:30:18,29.9,34.15
8a22f6bd4ea83c9fcdbf0235d55ea061,1,a2139d605ce44922729e050916c4a667,325f3178fb58e2a9778334621eecdbf9,2017-09-29 15:24:53,27.9,14.1
8a297038df1947074177f33df2c7f951,1,642a40d4d73b4b2604968937de13634a,d2374cbcbb3ca4ab1086534108cc3ab7,2017-09-21 14:10:15,12.9,11.85
8a39418f537f1331c452e7aea5bffb87,1,61a4100ccd6d9c4c808a1fd954ddb8ad,05ff92fedb5be47920fea08e501238b9,2017-09-18 08:05:37,420.0,22.18
8a3a8f42d50b55a791a051a19d856c6c,1,1612209b0b37fbe80e1e8e1b7d19ca1d,87142160b41353c4e5fca2360caf6f92,2017-09-14 13:23:27,99.0,19.93
8a4473ef93bedc3e12f0d05d9925f4b3,1,2028bf1b01cafb2d2b1901fca4083222,cc419e0650a3c5ba77189a1882b7556a,2017-09-18 10:33:40,56.99,14.15
8a4f668d18e00326332e33d4153bc464,1,fafb498dd2f33cbb55cbd0f7d7706047,ad420dd0c4f92f8af951ac24b86d0cf5,2017-10-04 21:56:15,69.99,25.77
8a6b15db7cea5a4cd260873d4489bfb0,1,c708ba7c6269161f89ce0683cdd7c432,6560211a19b47992c3666cc44a7e94c0,2017-09-12 04:15:26,49.0,14.1
8a6e225994411f2e15e2407fd5a05511,1,fd15dec337d57a332d25ec667eb5e859,86ccac0b835037332a596a33b6949ee1,2017-09-08 12:30:17,128.9,18.15
8a7059f3a26aa6df1579a6c9ccbacc3e,1,323c53e2d6f8bace877b0df931ab58f9,1900267e848ceeba8fa32d80c1a5f5a8,2017-10-01 22:05:24,69.0,17.73
8a7637d805be7b25b3124bf6aeb04c26,1,a5bb3dccb1334216320e482f44fd428b,218d46b86c1881d022bce9c68a7d4b15,2017-09-14 14:04:01,116.0,16.57
8a780d9d26195c946d0252354ae3068a,1,06edb72f1e0c64b14c5b79353f7abea3,391fc6631aebcf3004804e51b40bcf1e,2017-09-21 13:15:20,45.95,15.1
8a9da308d726841021141d81dea615b1,1,7ac0d3f8ac5b60c13d74b02b8cbb4623,f27e33c6d29b5138fa9967bcd445b6d5,2017-09-22 06:30:11,94.9,11.87
8a9e16e628ff47d5e3cd022089c9082a,1,15d0beee06988a8a3a98717582e478e6,c3867b4666c7d76867627c2f7fb22e21,2017-09-28 01:44:35,149.9,12.55
8a9e343b555f0310262707c47d4909bf,1,9cec1c525c7f0c91eb24c74d790d59ef,17ca9b9e9b9ef8fdb529001b49ebb50f,2017-09-18 04:55:19,99.97,28.08
8ab510910dc4b37ae2551acb4d6f5c4f,1,e456721fdab66b576664c035ad183965,0ea22c1cfbdc755f86b9b54b39c16043,2017-09-20 20:50:20,29.9,25.19
8af74b9528c1d75ba1b3e3dd0af6e9c0,1,0110573bc9195aa810a4384f189f48f5,21e83881401b92b49fb09a16d3852291,2017-09-21 09:30:28,119.99,25.68
8b30044038679449c915fdb8f46d6712,1,82e4ad16521ca131d95e198d507db370,128639473a139ac0f3e5f5ade55873a5,2017-09-28 14:30:19,18.9,16.79
8b5ddca535bbca0d4282b4e82248089e,1,f1c7f353075ce59d8a6f3cf58f419c9c,37be5a7c751166fbc5f8ccba4119e043,2017-09-25 00:50:11,165.99,28.54
8b6ca3212d045d15ba0abeca92515201,1,2404548f978ba4db35f2a430dba36b1b,98dac6635aee4995d501a3972e047414,2017-09-21 10:55:23,36.4,11.73
8b76d4af878e59ef36d287b7d2813780,1,77ccda894b672fe1214b0101d108d7f7,13fa2a6c6b9d0f43cb588d7c82117a12,2017-10-06 02:30:55,399.0,22.03
8b8d29b32c3d5f608cde1e13cd5df23e,1,c0dd2eb717671a095ce97504bfba29c7,74bafed391319577bce6f4d2acc0589a,2017-09-21 01:11:04,599.0,89.35
8b95218ca1e8860d7a256f2e9022d8ba,1,b5e13c9a353102f79c6206ff5cb61a50,a49928bcdf77c55c6d6e05e09a9b4ca5,2017-10-05 12:25:03,79.9,16.81
8ba6f2691ae9f61ed7266e78a5f64233,1,742a85d0c5a5b777484c139c7c07bd0d,23613d49c3ac2bd302259e55c06c050c,2017-09-12 12:45:25,89.9,25.47
8bb924ae0bc90959d7967c29dab3ec6e,1,00ba6d766f0b1d7b78a5ce3e1e033263,53e4c6e0f4312d4d2107a8c9cddf45cd,2017-09-14 16:25:13,43.0,21.18
8bcb04c1ca645d109ed37389fda5dbb0,1,588531f8ec37e7d5ff5b7b22ea0488f8,53243585a1d6dc2643021fd1853d8905,2017-09-07 22:25:37,1300.0,38.51
8bd12086c17f907dac130fd1c5f653e6,1,adf67f81126a8ec9e0968dadbb49083f,8c16d1f32a54d92897cc437244442e1b,2017-10-03 03:05:45,21.8,16.79
8be77876ac9c4b149404292ab1538b20,1,52d6f0dc99f96ca1d2ddbb64146f11b0,2e1c9f22be269ef4643f826c9e650a52,2017-09-13 21:50:10,76.49,8.73
8bf12a5b441bd86a1edbccb6137c9b0b,1,f2d80346f1dd6986e9e6611db7b708aa,94b9108d4b637ba65bb4f1e53cfcf8d8,2017-09-08 16:23:34,3.85,7.78
8bf3793ec227f088b66c635a34921940,1,d2d39433df84064b1556612cc52cefca,6560211a19b47992c3666cc44a7e94c0,2017-09-25 19:04:25,49.0,17.63
8c046353553dfa27785df739e508fa5a,1,6e1b14d3cbb5fb3a2c00351007127dfd,7a67c85e85bb2ce8582c35f2203ad736,2017-10-05 03:36:01,239.99,22.17
8c242b06662dd71ddc5251a5b0f62b87,1,66b5f91356d928ae807ab4ee547f5e3e,f45122a9ab94eb4f3f8953578bc0c560,2017-10-04 23:35:08,42.99,25.63
8c2fd1f7359cea19f4ec43436b8850be,1,c664c542e1b5e86f3d912200595894c9,b2f4d63c7203f539a78252565ca32257,2017-09-13 22:30:20,14.9,20.84
8c43035f1afa3fca88c0514d32ff70f7,1,389d119b48cf3043d311335e499d9c6b,1f50f920176fa81dab994f9023523100,2017-09-28 02:25:43,59.9,13.44
8c43035f1afa3fca88c0514d32ff70f7,2,389d119b48cf3043d311335e499d9c6b,1f50f920176fa81dab994f9023523100,2017-09-28 02:25:43,59.9,13.44
8c55c1f57a0d612e7dbfe23c7376b612,1,cea2c8d87c3a6672684f57374dfc5703,baeda7047354773262ba2405f97038ba,2017-10-10 08:07:19,35.0,15.1
8c58b2a5e9f75210cd15eae77b7441f4,1,21a95b5525c6d658ff4e5e1b50f7c02d,46dc3b2cc0980fb8ec44634e21d2718e,2017-09-08 04:05:32,149.99,15.81
8c5bec484409e70154e14d68bef784da,1,422879e10f46682990de24d770e7f83d,1f50f920176fa81dab994f9023523100,2017-09-21 15:26:53,59.9,13.44
8c773ab2b6b214fa7ec9e401f2026e40,1,d3c044bd42d84a79e3b0c42662806a48,4c2b230173bb36f9b240f2b8ac11786e,2017-09-27 19:24:22,25.9,11.85
8c7e112e6142410327c019e28d65d751,1,f3663060e64c25fba789fe033263da67,4e922959ae960d389249c378d1c939f5,2017-09-08 10:24:13,67.0,16.91
8c80df0eb894f3154628aa231b9eca9a,1,a1412569d6d8b10733d218dac1ab86ec,5a8e7d5003a1f221f9e1d6e411de7c23,2017-09-14 02:50:07,89.9,16.39
8c8559a212cf7c80c066afce3c87a0f3,1,d370e908175e2f3b39bb7fd33fd4c530,751bdc4d83a466c7206cd42e8f426b03,2017-09-21 20:25:59,19.99,16.11
8c8681bafb6d998bc0fea19014904e1f,1,6e945cffb2e4e63d0ee8c5e7cfb717c7,6650fcccd8cd2f7e55ffa524f30c4c59,2017-09-12 18:43:53,149.9,12.25
8ca359188415aaef358f04e23e462a43,1,083ffd30820b592e294de7ed668ff975,f8db351d8c4c4c22c6835c19a46f01b0,2017-09-28 13:15:18,49.9,15.1
8cd07081d58878c95b461ac929fbc23b,1,b31bf123505c6df8ab973f7c40caf4e8,a17f621c590ea0fab3d5d883e1630ec6,2017-10-05 17:14:10,47.33,16.11
8cd8ab3299e57a72f3b279754fc9847f,1,e8b2fecb5049dcecf8c1ff4cfdb03c61,18a349e75d307f4b4cc646a691ed4216,2017-09-19 14:24:05,29.35,9.34
8cda0578a690b3f9d6d86c95cd2ba7d4,1,08574b074924071f4e201e151b152b4e,001cca7ae9ae17fb1caed9dfb1094831,2017-09-27 15:44:17,99.0,41.08
8cf08ec6272b9383b4b0ec15a92d859d,1,9545d45c37449ccbc376de3a04c66e71,431af27f296bc6519d890aa5a05fdb11,2017-09-19 18:25:13,121.9,13.87
8cfce4714e95e2ee39602c28ff8270fe,1,8b2eea9258754b47d5e4a9937f113a77,0432ead42b6c8a0bdf68154add917fdf,2017-10-01 23:49:16,89.9,12.13
8cfddf5c3bd7fbfd1788b72b5bb9341e,1,f4938e02188d323c8412d2ea07d230e4,620c87c171fb2a6dd6e8bb4dec959fc6,2017-09-21 14:10:28,359.9,18.28
8d231bbb38eed41a50b6c9eb0c5a08c8,1,f1c7f353075ce59d8a6f3cf58f419c9c,37be5a7c751166fbc5f8ccba4119e043,2017-09-29 17:55:14,148.0,14.64
8d2d2c7afdbd8bd1642c89d8526a2890,1,de13988b8f96fd17e7ec136da2638de8,7402d13c03a7e91366337cd1de471144,2017-09-27 02:35:05,54.49,20.29
8d31389fe53e1e3d5a914946f5549e7d,1,7bcf2266b78ccc737b8f26f925d3c5d4,1464afc72f696af775557a821c2e253f,2017-09-28 17:44:18,42.9,15.1
8d3bd6e846b52be957466e9e1f8f642d,1,568b50dd27d5d76c97dc2f871cb93e9a,1900267e848ceeba8fa32d80c1a5f5a8,2017-09-12 22:15:25,22.99,16.11
8d48068c3ecbc21886a881562c96d7fa,1,4a411619ffbd1bb6180c44ca6e16639d,ccada0ef508e698917a6eab263375905,2017-09-13 21:24:21,23.0,17.92
8d4c86f7bdc1beb6537f9c227dc16e76,1,9af16e9f03d54065042ad4bd257ed5b0,8931a84a914b3fe9b1ddaa4d704947ca,2017-10-03 02:56:52,89.9,14.38
8d4f2bc3695c3c45f37da3245b22a491,1,5f504b3a1c75b73d6151be81eb05bdc9,834f3294fba9f932f56edc879193f925,2017-09-13 19:30:11,610.0,37.54
8d585a78c58bc6ee2c28323cfd8ce6c7,1,64fb265487de2238627ce43fe8a67efc,4a3ca9315b744ce9f8e9374361493884,2017-09-28 08:02:22,99.9,21.19
8d63bb167adbc51f677d38af762662a1,1,9a99bb9931fce41bda596488d0653c39,95e03ca3d4146e4011985981aeb959b9,2017-09-15 04:30:43,103.99,21.22
8d6708eef8a393c70109de0afb75509d,1,8458f51c49c1af4c4b388dab8810215f,955fee9216a65b617aa5c0531780ce60,2017-09-11 20:55:24,39.99,17.6
8d6ed3e982e12a1684b31540309e044b,1,1fb2c1a0d7f863e0644077cb5d8f80df,17a053fcb14bd219540cbde0df490be0,2017-09-20 22:25:39,199.9,36.91
8d97d9eb429ce8f65870fff4d319699e,1,99f8a7e47970133c14b3d79c27d921c8,718539d38d07dd351c76db862760e2e2,2017-09-27 13:44:09,32.64,16.6
8da3063f18b30c590bab1b8d083b03fd,1,7c1bd920dbdf22470b68bde975dd3ccf,cc419e0650a3c5ba77189a1882b7556a,2017-09-15 19:43:28,58.99,17.66
8dc2ffdf42cced0aea6a7e723bda3942,1,b0961721fd839e9982420e807758a2a6,1f50f920176fa81dab994f9023523100,2017-09-25 17:35:23,59.9,17.67
8dc3550fe0754e1c7b777cba6109f525,1,d1c427060a0f73f6b889a5c7c61f2ac4,a1043bafd471dff536d0c462352beb48,2017-09-21 13:55:24,149.99,40.38
8dc54c68f91d6fcf2802cf289383a085,1,11fd9d7ba552e1d28872e008acf1e050,cb8bcce248bb1fb274ba762d8b971456,2017-09-13 23:45:17,139.9,17.42
8dc7d1029415223a0367067aeebe711f,1,53759a2ecddad2bb87a079a1f1519f73,1f50f920176fa81dab994f9023523100,2017-09-13 16:23:28,59.9,17.67
8dede9c6014be218c3fce9a53dd44214,1,aa280035c50ba62c746480a59045eec4,fa40cc5b934574b62717c68f3d678b6d,2017-09-12 04:36:07,39.9,15.1
8e1ac730ea9bca963b591024346e0679,1,ed996a90597b8541c387ce93622ac44c,6a8b085f816a1f75f92dbac6eb545f8f,2017-09-13 02:50:39,61.5,15.18
8e2fa0b77725b0b8d060123e347344fd,1,0cc18feec97e534a363ec0b14c632692,0ea22c1cfbdc755f86b9b54b39c16043,2017-09-14 09:35:20,59.9,14.17
8e2fb2dbedcc04e6230d18b3edd75574,1,25e76274904336669da4cebe1233cde1,5160d23075764e18e07c1f4a87fad743,2017-10-04 10:24:57,35.0,15.1
8e3c9254e32eaf71c2212f6cebdc24f7,1,56d7faef0f7d847eea91b3302698bcc4,da8622b14eb17ae2831f4ac5b9dab84a,2017-09-13 11:55:21,249.9,22.24
8e70656d83092cc6ec2edf7f81646c03,1,06fb87866499b0e65992b2d88aca8282,fa1c13f2614d7b5c4749cbc52fecda94,2017-09-13 02:45:43,899.0,21.04
8e920dc25b190dc9f5633f36649d3aca,1,4c82c8d31845d751d797debc3d03697f,ce27a3cc3c8cc1ea79d11e561e9bebb6,2017-10-02 16:35:20,18.9,7.78
8e9739a379cb2d138f351acfb693eaba,1,3eef0cb94ba82de806bb30ab743c7655,7c67e1448b00f6e969d365cea6b010ab,2017-09-29 05:25:09,89.99,26.95
8e9739a379cb2d138f351acfb693eaba,2,3eef0cb94ba82de806bb30ab743c7655,7c67e1448b00f6e969d365cea6b010ab,2017-09-29 05:25:09,89.99,26.95
8ed6d0a29d0344979ce6466cf55fa245,1,53759a2ecddad2bb87a079a1f1519f73,1f50f920176fa81dab994f9023523100,2017-09-20 02:43:47,59.9,13.44
8eeb55cdf087b3ceec6ebdb6e2189dd7,1,80d3aeff2ab6c9d795010c029dbd5ddd,1554a68530182680ad5c8b042c3ab563,2017-10-05 15:14:27,179.99,16.98
8ef55bb7e5a6e757fb880324b4dc284c,1,1bfe62f326ac7bec0f5a83c10cfff228,3d871de0142ce09b7081e2b9d1733cb1,2017-09-13 17:30:19,54.9,12.72
8f090a4ecbd4bb8c286d0a1f88a6a55b,1,127d3b28487be63864af02f25333decd,b76dba6c951ab00dc4edf0a1aa88037e,2017-09-15 02:43:25,12.97,7.78
8f0a30876e1febd0d9d5743b349c8e26,1,fdb30642264bf639de6968a1b8d72c63,dc4a0fc896dc34b0d5bfec8438291c80,2017-10-01 23:25:35,83.36,16.34
8f15948ef0bdb4709a5801084a564c56,1,45e95fa9b4822fe9928abd8993cc37ce,8b28d096634035667e8263d57ba3368c,2017-10-05 02:58:42,49.9,34.15
8f2e84cb21fcbe7e95d12e4f0dc80487,1,4f1a7a45b6d43fa7e4958e013923d9e5,ce248b21cb2adc36282ede306b7660e5,2017-09-14 16:10:18,46.9,17.92
8f3a46cc0e9d362bf43dd339e4379615,1,52c80cedd4e90108bf4fa6a206ef6b03,a1043bafd471dff536d0c462352beb48,2017-09-29 11:50:13,179.99,26.88
8f61e12de83228fa74304ec5096cb79d,1,f63729cf4441fe64282cd1b82281792d,70eea00b476a314817cefde4aad4f89a,2017-09-26 22:45:38,200.0,21.89
8f6d779c78b777b6e9c03cd848b87acd,1,d1133fab4bf2da55f3ebdd4de51d8587,86ccac0b835037332a596a33b6949ee1,2017-09-21 17:30:30,58.9,35.73
8f7176f38b6ac3f5e924b9b05716440c,1,98a8c2fa16d7239c606640f5555768e4,001cca7ae9ae17fb1caed9dfb1094831,2017-09-08 16:15:20,109.0,44.84
8f7176f38b6ac3f5e924b9b05716440c,2,98a8c2fa16d7239c606640f5555768e4,001cca7ae9ae17fb1caed9dfb1094831,2017-09-08 16:15:20,109.0,44.84
8f7fab386de53dade383a220ad572f8b,1,ef60a683caacd212b1cc7b356283c2de,09883d9ab71c8fe8a9bfc7fc3075b07e,2017-09-08 11:44:08,59.9,9.34
8f89466a1d909284287823b13958cb5b,1,61d52f4882421048afd530db53d6f230,fa74b2f3287d296e9fbd2cc80f2d1cf1,2017-10-03 10:05:13,125.9,34.68
8f90bd287474f07e918f11e649848539,1,ebee6703e867082f455a058a8bd04092,fc906263ca5083d09dce42fe02247800,2017-10-05 02:28:45,29.9,17.63
8f936fb77c720ab9ccd618af38c885cc,1,9c7ce59c96e74dfdfc51f13a4a6c3869,6560211a19b47992c3666cc44a7e94c0,2017-09-13 09:35:20,29.0,17.63
8fc40ab512fd704815938e379ac9c36f,1,e60e632d39df1e129df5b7f0245716f7,855668e0971d4dfd7bef1b6a4133b41b,2017-09-14 14:30:26,75.0,17.78
8fc75fa394f1ce5c0fd2775a4ae94c2c,1,c6336fa91fbd87c359e44f5dca5a90ed,4c2b230173bb36f9b240f2b8ac11786e,2017-09-12 09:15:22,45.9,8.72
8fd96c034d11d9719cbc57f6acb93855,1,f2610c932aaabc3eb24c3512b498a838,f680f85bee2d253556ac91be391d2c82,2017-10-09 03:56:25,49.99,17.6
8fdcdb0ae93912af54bc9e0ae5e1545d,1,4803f125e17a7b5fc363202349fbf14f,530ec6109d11eaaf87999465c6afee01,2017-10-03 02:49:26,189.9,27.65
8ff5ec04a3f395979b2371a0a9ef4136,1,9a99bb9931fce41bda596488d0653c39,8b28d096634035667e8263d57ba3368c,2017-09-19 18:50:20,103.8,17.98
8ff6f8e6657ead9abb409740495cd6db,1,98001b51c21b1efa6530623ecb0c20fe,ce7d1888639e6fb06b2749cbfdac1ff7,2017-10-02 22:04:16,159.9,27.44
901465dae974188b53519b6a0e180622,1,f1c7f353075ce59d8a6f3cf58f419c9c,37be5a7c751166fbc5f8ccba4119e043,2017-09-25 19:44:03,165.99,26.0
90289a17e4361481e6880e751590f140,1,50b2ddbf47bd0b8eecabb404613e2a45,259f7b5e6e482c230e5bfaa670b6bb8f,2017-09-28 08:25:14,39.9,11.73
903059e61d9226af06bdc3822f06d9d6,1,11dcc970f7a5581e1bf777b6da3f7096,06579cb253ecd5a3a12a9e6eb6bf8f47,2017-09-08 19:30:13,69.9,17.74
9053a7a342729c317ced50baf9de3040,1,4fcb3d9a5f4871e8362dfedbdb02b064,8581055ce74af1daba164fdbd55a40de,2017-10-04 12:49:23,143.8,15.76
906609c210dfa5854a32765ad5d8d1cf,1,6cdd53843498f92890544667809f1595,ccc4bbb5f32a6ab2b7066a4130f114e3,2017-09-26 16:25:30,349.9,20.02
9068e8cf49f95d4c1684f38d5e570780,1,88d2c501ec765f5d7e8038fa6aab0e62,1336efc61c316ddf92c899eb817f7cae,2017-09-13 09:15:21,24.99,24.66
906c0311a3334730009a5ef558c391a9,1,542b3d80712d51eefe3a3cd1c5f4e8fe,537eb890efff034a88679788b647c564,2017-10-04 02:49:49,37.9,12.35
906e820b85dd6c8ef9a4aa5581aa277b,1,43f88c8353708451babf9bcdd1fda92a,cab85505710c7cb9b720bceb52b01cee,2017-09-25 17:45:11,49.9,7.78
907ea6dea72f64c70300de5ca04bbdbf,1,b7545fcb6846edbe119f90a80889b31d,4a3ca9315b744ce9f8e9374361493884,2017-09-28 23:55:18,178.5,12.75
908e192e4db399ba3df7c844bbafa304,1,8f8e98cf133d4ab9a74486c3ce81da02,a0415d9b25ede3c4b1e477e9916ffc03,2017-09-14 22:45:14,259.9,15.57
90ae229a4addcfead792e2564554f09c,1,b0961721fd839e9982420e807758a2a6,1f50f920176fa81dab994f9023523100,2017-09-12 04:30:20,59.9,37.97
90c2eda21ac12f7fb2e6fe3db2b81def,1,a4aa7c1427c31344e5f7cc3d839fe562,66922902710d126a0e7d26b0e3805106,2017-09-25 03:30:56,110.0,17.25
90daf8a4be0209f5561c754e9461925f,1,6d811b6e8cada9a8f7f38bb315620e1b,80e6699fe29150b372a0c8a1ebf7dcc8,2017-09-13 12:35:18,173.9,31.06
90e5ad6118ea4ea07eb9de3aa9c698d2,1,4ae289635418a8110ea2d5fb86472c63,955fee9216a65b617aa5c0531780ce60,2017-10-03 07:07:13,75.0,16.78
90f3963bbaa0e66ce36c4f9be2ed2914,1,d56781dd9e632e4460c10d95167e5840,76d5af76d0271110f9af36c92573f765,2017-10-04 23:07:10,39.0,11.73
9124789e8acd7673ea0ce2bd9361a99e,1,2e06288cce0a0fdfeb537263dd3b3f3f,42bde9fef835393bb8a8849cb6b7f245,2017-09-28 13:50:08,544.0,22.05
9134e387b7624c08ec40653033d0d30f,1,e68a5a5626c4b1bfc5ca78202f898300,7a67c85e85bb2ce8582c35f2203ad736,2017-09-26 17:30:14,199.99,12.6
913ee03ef93cb2a1abf6adde78dabc7d,1,c6dd917a0be2a704582055949915ab32,7a67c85e85bb2ce8582c35f2203ad736,2017-09-21 20:10:17,99.99,11.9
91481fd2c4c491b2e7b8fc96167b68ca,1,aaf40f7116e48d6cc01d3857c1264432,d4e4b5192cba4e0e66eb12a9d347239d,2017-09-14 10:43:30,59.9,15.86
914e96369a010ec52a412b9d6a499e57,1,a35a59bff183b90417bbc511e1d82115,dbb9b48c841a0e39e21f98e1a6b2ec3e,2017-09-28 04:32:51,69.99,15.24
91575acf2a356af85894e1c3b1612e81,1,53bd0c908c6ab820c9828763348728ef,cca3071e3e9bb7d12640c9fbe2301306,2017-09-18 13:24:07,79.9,17.81
915a4d0a905468e4100c72daa427f02c,1,cdc4af478fef19f03f1d0353c00271cd,3d871de0142ce09b7081e2b9d1733cb1,2017-10-03 12:49:13,19.9,16.11
915dc51399986dd386c9193f20cb54f5,1,8a231b2009a17900eedc8a27cccf7828,23ff42c4bf1f8f16cddb19d8b972974a,2017-10-03 08:14:17,74.9,18.09
915dc51399986dd386c9193f20cb54f5,2,8a231b2009a17900eedc8a27cccf7828,23ff42c4bf1f8f16cddb19d8b972974a,2017-10-03 08:14:17,74.9,18.09
916c4f6b4d3cf3e78ebbf5c6b7e20dbd,1,b5b5a82ce5f1987b7e670f37629be51b,8b28d096634035667e8263d57ba3368c,2017-09-27 20:25:18,59.9,17.67
91738f432adb50d3fafd082ebfdecac7,1,bb7181410b4e02f93f3697f765db53c7,855668e0971d4dfd7bef1b6a4133b41b,2017-09-08 15:24:13,109.99,27.21
917e815e734e27d699a971dcbac12e9e,1,49fdcc44b6df2e779bdeffeb68244fe1,1127b7f2594683f2510f1c2c834a486b,2017-09-21 17:44:25,24.82,14.1
9199ef819b1eae5b4357b78419b8a92e,1,99a4788cb24856965c36a24e339b6058,4a3ca9315b744ce9f8e9374361493884,2017-09-26 14:15:28,89.9,16.26
9199ef819b1eae5b4357b78419b8a92e,2,99a4788cb24856965c36a24e339b6058,4a3ca9315b744ce9f8e9374361493884,2017-09-26 14:15:28,89.9,16.26
919c91917a79609e73d44e1b01df6bd8,1,1afdb4e17af189582b06591ae8a031a4,6560211a19b47992c3666cc44a7e94c0,2017-09-26 13:55:16,44.0,7.78
91a3c41404860e70eb6fbca545645af0,1,41b9fdf240b6c703cecd3d4e40f8c0e7,59417c56835dd8e2e72f91f809cd4092,2017-09-29 03:25:25,890.0,92.85
91c7af31bbff981f2530987c8d5d5ae2,1,1a7e98c48e146130016fab89a43c00da,dc4a0fc896dc34b0d5bfec8438291c80,2017-09-21 19:30:22,89.65,17.88
91d14212d8350307a23f62cdab6b4978,1,b532349fe46b38fbc7bb3914c1bdae07,1025f0e2d44d7041d6cf58b6550e0bfa,2017-09-28 22:25:12,38.4,12.69
91d14212d8350307a23f62cdab6b4978,2,b532349fe46b38fbc7bb3914c1bdae07,1025f0e2d44d7041d6cf58b6550e0bfa,2017-09-28 22:25:12,38.4,12.69
91d14212d8350307a23f62cdab6b4978,3,b532349fe46b38fbc7bb3914c1bdae07,1025f0e2d44d7041d6cf58b6550e0bfa,2017-09-28 22:25:12,38.4,12.69
9209a059ff5ac34761920d895dd2d7ee,1,ead6d52e3dc075669af5d7a1958b0f07,46dc3b2cc0980fb8ec44634e21d2718e,2017-09-21 09:10:13,89.99,8.04
920fed12ecbdfcba83b9a931f65b7f51,1,adb1f1939b613f3078806b6afcca0e51,4d6d651bd7684af3fffabd5f08d12e5a,2017-09-14 21:03:43,119.8,27.16
92544b942c20882ed536fca30fbaf86a,1,3c4e3782469a0f1ac459dc6c47ebef31,39c763cca83e654764b7a4a650fb9b7c,2017-09-21 02:50:33,59.0,25.69
926f8e6e4b3febd66f57a92de958be15,1,da7a746a5e1464d8e8ee38bab3afa5b6,c6bda72e4dbf5c5866b13cb1810c6d03,2017-10-05 14:56:19,109.9,9.58
92723afaec3525daf0ecfb20994aafa0,1,dc404a1496a08f9f5540c8b5d4b92925,46dc3b2cc0980fb8ec44634e21d2718e,2017-09-29 12:10:16,299.99,14.93
92723afaec3525daf0ecfb20994aafa0,2,dc404a1496a08f9f5540c8b5d4b92925,46dc3b2cc0980fb8ec44634e21d2718e,2017-09-29 12:10:16,299.99,14.93
927a3d94fc86be42541c5261c741308c,1,e0e83e0b538dc1d9a1c6568d3a94034a,4d6d651bd7684af3fffabd5f08d12e5a,2017-10-02 04:14:21,69.9,16.12
927a6b1ef2d0f3d510b0aa14885919ff,1,66a0a6e02b7f543e5b021ce361f267d4,7a67c85e85bb2ce8582c35f2203ad736,2017-09-26 23:15:13,119.99,12.04
928563298c0ea160c86ff4cd98c52aa7,1,a73f8a8294cb767f0823d21c2b1dba6f,3d871de0142ce09b7081e2b9d1733cb1,2017-10-03 20:49:29,48.9,11.85
928d6bcb24344911f6d0003585b91dab,1,e03f15d18d2bd7da2bf129890fadd8db,1900267e848ceeba8fa32d80c1a5f5a8,2017-09-20 10:45:13,47.99,15.1
92b6250c9e1d1e359a29929fa9f62395,1,58e03c2c00f9e4f3a35b6cf0d13cbb67,17a053fcb14bd219540cbde0df490be0,2017-09-25 23:24:08,149.9,36.56
92bdfe9e203d9d027f9c26b8b39f6ec8,1,0aabfb375647d9738ad0f7b4ea3653b1,37515688008a7a40ac93e3b2e4ab203f,2017-09-13 22:55:14,19.9,11.85
92be217451e443e50d816ab21286d00d,1,f71973c922ccaab05514a36a8bc741b8,5dceca129747e92ff8ef7a997dc4f8ca,2017-09-13 12:45:18,108.9,40.75
92c27ea1f64ba69eb0016fa7088034da,1,880be32f4db1d9f6e2bec38fb6ac23ab,fa40cc5b934574b62717c68f3d678b6d,2017-09-26 02:30:14,44.9,7.78
92c3bd12618b0bd55aa74fb8b67f5a40,1,9f890da4bf8473aca1996ca037005902,dc4a0fc896dc34b0d5bfec8438291c80,2017-09-13 12:10:12,28.38,16.11
92c72561e65cb178fa0d134d93197fbd,1,728af3cd3c85437cc72784d472f8edc4,05a940b4ecae36cadfd8e93bd9c43257,2017-09-26 19:03:29,13.9,12.6
92cab9b20b9256633a1face403664670,1,943370eeb193fe1ac6da5c2229aa4f69,272f092de69afedd4d2969440b37f18f,2017-09-26 15:04:58,44.99,7.78
92dd2476d7296d1f17c077f2dd00e94d,1,3ae28b124972bb81eddcb644cd284be9,46dc3b2cc0980fb8ec44634e21d2718e,2017-09-25 20:10:21,99.99,17.27
92e1642faecf2c2b85b739dbd78bc429,1,21a95b5525c6d658ff4e5e1b50f7c02d,46dc3b2cc0980fb8ec44634e21d2718e,2017-09-28 10:55:14,159.99,10.13
9305a270ca278682f9c01c69a3cdfd9a,1,db100173b0d57911a2ea913f605ca844,f19516b9ff26bfeb091b30108db4ddbd,2017-09-28 20:35:24,45.9,16.6
931b1729484868bfd8c3064cb74459b6,1,7c1bd920dbdf22470b68bde975dd3ccf,cc419e0650a3c5ba77189a1882b7556a,2017-10-03 04:07:20,58.99,17.66
931c2c48280fd5fdd6efb2ab446f4a89,1,5113c9a5037013b0a750444df6dec60f,54a1852d1b8f10312c55e906355666ee,2017-09-21 02:55:46,109.9,18.02
9322ed60e16ee4ff1efe8145cb66060f,1,a5215a7a9f46c4185b12f38e9ddf2abc,53243585a1d6dc2643021fd1853d8905,2017-09-08 14:50:24,1200.0,50.81
9325fb51e9f962575496da599b4500fe,1,3b0d9b1ec53a9d43f4e4837823c9fb24,11bfa66332777660bd0640ee84d47006,2017-09-21 20:24:04,62.0,16.19
935879cc26cb79cd663525d2425c57dc,1,94ad63831117fac82c6054d2056ed118,54a1852d1b8f10312c55e906355666ee,2017-09-21 18:25:39,65.99,16.22
9370e7790e15adbc2492065d34524285,1,e8b61f78db501ea0ca45677d1ca27de2,3d871de0142ce09b7081e2b9d1733cb1,2017-09-18 04:45:15,29.0,16.11
93791e16d527404f5b4e2ea370afa984,1,54af11c815f92135fb554bd9c97dd418,004c9cd9d87a3c30c522c48c4fc07416,2017-09-19 18:04:36,69.9,13.51
93791e16d527404f5b4e2ea370afa984,2,54af11c815f92135fb554bd9c97dd418,004c9cd9d87a3c30c522c48c4fc07416,2017-09-19 18:04:36,69.9,13.51
937a3346c9e90b215e5fe19119a0d4d5,1,3a3d2f7c5abbf11ef8fadf732bb675e9,7b07b3c7487f0ea825fc6df75abd658b,2017-09-20 11:30:20,49.8,8.72
9380357951a13ec61acdce81018dcdaa,1,f731f8587d4088c174397e010cf892a9,cc419e0650a3c5ba77189a1882b7556a,2017-09-13 11:15:13,56.99,14.15
93882e0a79db6b5f436e91f64595b3a3,1,9cbe4a1fd4db99c14512e9b2ff033ec4,d2374cbcbb3ca4ab1086534108cc3ab7,2017-09-19 15:34:44,27.9,11.85
9399731dd679003e21c7f24ad39ffa32,1,095cb863f2b04911455ad33f5177062e,2059c39f76271d4ca3f15b5ffaccc8b8,2017-09-13 20:25:11,53.9,16.14
93a0e7a8ac210479d99b1726f697651c,1,eb47d7ea4e5611684330021baa317c17,5dceca129747e92ff8ef7a997dc4f8ca,2017-09-20 20:25:25,887.0,18.76
93b78181e649b7f9afa19b6240ced12f,1,4cac1a12a6fe9ffba4a9556dbe582e28,7ddcbb64b5bc1ef36ca8c151f6ec77df,2017-09-20 14:26:14,25.99,7.78
93cb959c1778b406571430bae0621e34,1,fb5192388e7614dee676e3fcafbd12ee,b372ee768ed69e46ca8cdbd267aa7a38,2017-09-18 06:50:17,35.0,11.85
93d5e6e96278f675c4d917ff0bd6e0e3,1,e67307ff0f15ade43fcb6e670be7a74c,8b28d096634035667e8263d57ba3368c,2017-09-13 02:44:04,18.17,16.79
93e54e64ecc1adc1d0ac9775dcb64ecc,1,8bef2f3e34f2cc22c908921e6e9eebee,6560211a19b47992c3666cc44a7e94c0,2017-09-27 14:35:27,39.0,7.78
93e54e64ecc1adc1d0ac9775dcb64ecc,2,02475368dfb38934fe55f574024fe1d7,6560211a19b47992c3666cc44a7e94c0,2017-09-27 14:35:27,29.0,7.78
93eba6dd823462cbd0f6cdd46095ee36,1,ccadfeab525a9eb1569983b66e5075c4,33576ec5412fb5905d876f12f33bfde6,2017-09-29 11:10:11,79.0,14.3
93efaadf3bc94491cc008b6b4dd13b37,1,afeeea6271148ee1bb15173b8187c431,53243585a1d6dc2643021fd1853d8905,2017-09-11 19:10:13,174.0,16.66
93efaadf3bc94491cc008b6b4dd13b37,2,afeeea6271148ee1bb15173b8187c431,53243585a1d6dc2643021fd1853d8905,2017-09-11 19:10:13,174.0,16.66
93fe3d332271d38d6974bec644168f57,1,c4baedd846ed09b85f78a781b522f126,a1043bafd471dff536d0c462352beb48,2017-10-05 20:14:26,99.0,22.83
940531f218fb31bd68ef02fff1ff1ba3,1,4ebab6a2135a2477b657bda38646b64b,7aa4334be125fcdd2ba64b3180029f14,2017-09-19 18:55:12,25.6,16.11
940531f218fb31bd68ef02fff1ff1ba3,2,4ebab6a2135a2477b657bda38646b64b,7aa4334be125fcdd2ba64b3180029f14,2017-09-19 18:55:12,25.6,16.11
940732b8dc54f854975ffb339263bcd6,1,6c3effec7c8ddba466d4f03f982c7aa3,37515688008a7a40ac93e3b2e4ab203f,2017-10-05 02:33:37,19.9,11.85
940b17cda16a315ebce41e39a03a759e,1,a37a8ef49db46a932a778ab081d7c40b,dc4a0fc896dc34b0d5bfec8438291c80,2017-09-25 12:30:11,157.91,14.13
941d226d049bdb705438d2df05047b54,1,1ccef988a8dd457a93b0b4833b8f0724,1ca7077d890b907f89be8c954a02686a,2017-09-28 02:26:18,35.0,15.1
942ca92b6dd15a40d979cc95c6b8c761,1,e135dad580bf1f80d9e2828e5e85e7a6,5659d77e8d90378e39b960ad5956f64e,2017-09-22 03:30:13,83.48,12.08
943f2c6249d63bbe967734f5ebaf0a07,1,b1bd4278cdf42ce07b61d1a19d1aed07,7d76b645482be4a332374e8223836592,2017-09-28 10:04:03,29.89,15.1
9444fa2ab50a3f5af63b48be297eda24,1,83fe1ea6fd12c51fcd341a9968e65cc3,a3a38f4affed601eb87a97788c949667,2017-09-14 15:50:24,44.9,17.6
9460b0cf19053015adc675b188e5750b,1,56c0a9eb43edf8247a0a2ef0f08af0f5,6fd52c528dcb38be2eea044946b811f8,2017-09-21 16:25:40,105.6,13.08
946cedc17603ad142f7396dbd256993f,1,2b4609f8948be18874494203496bc318,cc419e0650a3c5ba77189a1882b7556a,2017-09-27 18:07:10,89.99,15.38
94781b7e571ded2ff6f80434f6fe2a43,1,d6160fb7873f184099d9bc95e30376af,53243585a1d6dc2643021fd1853d8905,2017-09-29 14:06:10,1599.99,53.61
948be76f305c16c3ddc7bfcdfaf093ac,1,8adfef9b7c8f92b52ef0d9fb88ee9997,7c67e1448b00f6e969d365cea6b010ab,2017-10-09 17:35:15,79.99,21.21
948be76f305c16c3ddc7bfcdfaf093ac,2,8adfef9b7c8f92b52ef0d9fb88ee9997,7c67e1448b00f6e969d365cea6b010ab,2017-10-09 17:35:15,79.99,21.21
9490bfca05997e51ea0beb78eb0918fd,1,e5da60b217874889dd4becf29412d793,2138ccb85b11a4ec1e37afbd1c8eda1f,2017-09-25 16:04:33,29.99,15.1
94acd425f088b17d675c6f8801f9dcfb,1,d73a7e3009d1b8f498a0ffd3e8ae6565,da8622b14eb17ae2831f4ac5b9dab84a,2017-10-09 03:49:15,39.9,16.11
94af94e55976f5fdd5048f5166123639,1,1ccef988a8dd457a93b0b4833b8f0724,1ca7077d890b907f89be8c954a02686a,2017-09-25 19:04:27,35.0,14.1
94af94e55976f5fdd5048f5166123639,2,ad1128daf194f4b6ac4256e16233497c,1ca7077d890b907f89be8c954a02686a,2017-09-25 19:04:27,45.0,14.1
94f23feb252cda8e4bf2380428a1c42f,1,154e7e31ebfa092203795c972e5804a6,cc419e0650a3c5ba77189a1882b7556a,2017-09-27 14:30:19,23.99,7.78
94fabf7998d05f3035718e58cb86d671,1,9363662bd84410483083a4fe6f06242a,b2ba3715d723d245138f291a6fe42594,2017-10-05 19:04:22,24.9,11.85
950863e2e170cafe0f1363b6debbf73c,1,c64490cdfe40f9e25abd222c541a06f0,5a8e7d5003a1f221f9e1d6e411de7c23,2017-09-13 20:45:13,59.9,9.34
950bb159eea525ff8947b92c93b02f8e,1,86f2416d4670e4ea3ca5494d043d9f24,7c67e1448b00f6e969d365cea6b010ab,2017-09-22 04:55:08,159.94,25.63
950e244d8e903f36efe98966a1c4e398,1,7fab1a1472fdd934397068931f63f3ca,3d871de0142ce09b7081e2b9d1733cb1,2017-09-14 11:50:16,69.9,16.25
951d716448e523309ab6bf46d9850979,1,94c6d48c2462a85429fcc3b6bde00c4a,05f51e13da97139648b8125c31e5f51b,2017-09-19 14:04:53,289.9,50.77
9520fa1ce7825b83dec466f4f0d8b6b7,1,7b5dc46fb60be9d57911ae41dd5639ff,febab0275244b9a49a623f0bd613ca2f,2017-09-26 10:45:14,139.5,58.9
95234ae57878debe0afc15b3d5bcbc48,1,fe6a9515d655fa7936b8a7c841039f34,dc317f341ab0e22f39acbd9dbf9b4a1f,2017-09-20 22:24:16,249.9,69.21
95238556fec6ef59d8ed25b4379008bb,1,5f504b3a1c75b73d6151be81eb05bdc9,834f3294fba9f932f56edc879193f925,2017-09-10 21:55:25,610.0,37.54
9547786c84d40d35e99e684fdb1fe97b,1,bc9cc914f974963c07be697fc93037bb,11bfa66332777660bd0640ee84d47006,2017-09-20 10:03:59,73.0,15.26
954cca2a7fe6e627321fc51e16f2d043,1,450a44fbb7995e0ace31991a2bb05470,1b8356dabde1d35e17cef975c3f82730,2017-09-14 10:05:29,32.99,16.6
9565cc0d085fdd4b53d39d15811ec913,1,589c0d57d007f11fee1db92a2ae3f376,b2ba3715d723d245138f291a6fe42594,2017-09-18 23:25:15,299.9,57.38
9575356ff2ceb13c4861bfb09185adf7,1,a1efabfd513c691eeb2650e5f04e5cb6,7ddcbb64b5bc1ef36ca8c151f6ec77df,2017-09-19 10:15:20,37.99,15.11
9575356ff2ceb13c4861bfb09185adf7,2,a1efabfd513c691eeb2650e5f04e5cb6,7ddcbb64b5bc1ef36ca8c151f6ec77df,2017-09-19 10:15:20,37.99,15.11
95789d8c645027ebad06866c20ca409d,1,a4aa7c1427c31344e5f7cc3d839fe562,66922902710d126a0e7d26b0e3805106,2017-09-12 20:30:15,110.0,17.25
95a7802de396f3df0c682ddafc8f3152,1,ee8eb0990ff05d13d55e89350ce16a3d,c8417879a15366a17c30af34c798c332,2017-09-13 22:03:33,64.0,12.79
95c46d8a9e4c24ee3a09cff518a7cd99,1,021d39ee869e87d5288f4e731df4a90e,fffd5413c0700ac820c7069d66d98c89,2017-09-27 10:15:15,636.0,54.32
95d1d57cd27cd0857ef85f53ad2ed3b8,1,780d24bfcf24b143f013354507158385,e9d99831abad74458942f21e16f33f92,2017-10-03 02:49:27,44.99,9.34
95d2dcc6b6e2bf808404646e04b9748f,1,40b09f33e646d488df2ca6fec4082d50,3d871de0142ce09b7081e2b9d1733cb1,2017-09-21 15:55:11,89.0,17.87
95d4558cec2364e0f0b2fcef73148af7,1,e1a7aca09e5fc1209c44ef72571265b9,4bf2f4ee540798a61f9636d12cd9cc80,2017-09-20 16:50:33,183.0,16.03
95d4558cec2364e0f0b2fcef73148af7,2,e1a7aca09e5fc1209c44ef72571265b9,4bf2f4ee540798a61f9636d12cd9cc80,2017-09-20 16:50:33,183.0,16.03
95d8c6b4c0b7c33f86f75fa4e0a74594,1,431d674f9a4fbd0957ecf6ba3fcb6899,53243585a1d6dc2643021fd1853d8905,2017-09-18 16:27:35,299.99,22.9
95e7f49dc56e12097c265c45527a3941,1,5a76b277c6c31033b89362512fb80274,d1c281d3ae149232351cd8c8cc885f0d,2017-09-29 14:10:23,37.99,12.69
95ebea26504e0c4e028d5cdd035c6f7a,1,221682b067ae8e8460ae2517e7e25e11,ad420dd0c4f92f8af951ac24b86d0cf5,2017-10-05 11:49:24,49.99,15.1
95fdb59e0ee0274a8b9b1ba4641ae5db,1,0d8ce3ada96b62b2dd49290fceb45d0f,7178e1eaa97257d8b6d4b80efd77a025,2017-09-12 16:30:09,167.9,16.81
96139d82556aff8edd1cfcfdc11a632b,1,e931f0b36e64979ba569e7efd36b1736,4a3ca9315b744ce9f8e9374361493884,2017-09-27 19:30:16,166.0,16.92
961be3c7f91bbcb9cbcaeeb80a68a633,1,bf359473d58e90d8fc29bf8f3d282ea9,8090490573c6c0aa343a7231ebcb8c86,2017-10-05 14:49:46,39.9,11.85
9621eafd687a505c4f065d9181331a48,1,a42d9c825894f96fc6ed02610891454d,4d6d651bd7684af3fffabd5f08d12e5a,2017-09-25 10:56:09,69.9,20.98
9627fa80c5ea19a5c9a42409235ab2a6,1,512a1d3b016cbc85a8359c3fc99b4abb,c3cfdc648177fdbbbb35635a37472c53,2017-09-28 22:33:50,159.9,22.99
962f38a7552486ed03fe72fb4ddcfaee,1,9666f6aaf24141e6d17f7d56921f364d,002100f778ceb8431b7a1020ff7ab48f,2017-09-28 05:36:14,13.9,11.85
962f38a7552486ed03fe72fb4ddcfaee,2,2ceff1056fe5bd4ee443433402962fa4,002100f778ceb8431b7a1020ff7ab48f,2017-09-28 05:36:14,9.9,11.85
9686875d0d9dcbe392244b6773605882,1,8c81b8075a4b824afebae3dc276889eb,f5f2ab9bdb6b30c14c61be68c5ed37da,2017-09-14 12:55:14,62.2,16.2
96a37e69d0e47674bb4214448cf76dc8,1,1bfb290d7273a442c874dbe74b4abae6,7c67e1448b00f6e969d365cea6b010ab,2017-09-14 13:55:14,79.99,28.73
96a37e69d0e47674bb4214448cf76dc8,2,0c9452f6a812935c0615faee8bf8646b,7c67e1448b00f6e969d365cea6b010ab,2017-09-14 13:55:14,199.99,26.11
96a75e828fbc9c621023e65e7e8dd946,1,0e0872c9ae03640015df6e5b9e746a77,86ccac0b835037332a596a33b6949ee1,2017-09-25 11:45:08,298.9,16.84
96ab137729eda207d82649ad931d71a7,1,8d0d157964a77396b83c879213bc38da,abcd2cb37d46c2c8fb1bf071c859fc5b,2017-09-08 20:30:15,63.9,25.0
96b0bbaa7c919540b78e7c4f1223cd0d,1,104b9503ee57d0aa2cd3a6448f242636,f19516b9ff26bfeb091b30108db4ddbd,2017-09-28 07:46:21,58.9,31.85
96bce1588131f7637bffaa5c25414b33,1,df480c7d3f979093ac4c2d1109e78289,7e93a43ef30c4f03f38b393420bc753a,2017-09-15 20:10:16,669.99,31.23
96c7412c14bcdf2793e352dee66be6a7,1,7814c273ab16783d73a9863ebfa8b141,1025f0e2d44d7041d6cf58b6550e0bfa,2017-09-21 16:27:27,229.0,50.34
96c7412c14bcdf2793e352dee66be6a7,2,7814c273ab16783d73a9863ebfa8b141,1025f0e2d44d7041d6cf58b6550e0bfa,2017-09-21 16:27:27,229.0,50.34
96e5b56d000b07dd7bb1972eb42a0e79,1,ce3331eb40fd5790c4109f40a80df7aa,4a3ca9315b744ce9f8e9374361493884,2017-10-04 21:49:24,18.5,11.85
96fa516aa67a6a9a29ed51112f357643,1,c6ea63369936552872ae890c82175b4b,37be5a7c751166fbc5f8ccba4119e043,2017-09-25 16:24:27,158.0,25.95
9710f86f12fdfe5106f012d72a398288,1,8af72bbf3875865c7fc23509cf49682e,6426d21aca402a131fc0a5d0960a3c90,2017-09-24 22:10:26,62.75,13.46
972f03a2ab321bf017e5935258d033fa,1,24529977cad3ed882faa38fd86bb003f,2156f2671501a81034d7d07f217609d0,2017-09-07 22:25:38,50.9,17.64
9730a429f7355c2dcdbcfef54b638172,1,3540941843e8ab59a8a8ed75970562db,a3a38f4affed601eb87a97788c949667,2017-09-21 12:55:15,84.9,17.03
97391d0a354368793fe996005f85c034,1,50f1880f1989251727fbbfe8c0a346a6,7a67c85e85bb2ce8582c35f2203ad736,2017-09-18 04:35:25,129.99,18.16
973bdd70c3cd13e9d42646b29ab8c9a3,1,fb7707ed64cb62f7c280d9e384f03c07,42bde9fef835393bb8a8849cb6b7f245,2017-09-22 09:10:20,129.0,36.22
97407e6242ac47d4882d02c8e1e46592,1,751a90669988d4888aa82a198870ca47,1b8b75e227c9a9c100d0c210fb6176ce,2017-09-21 22:45:38,129.99,12.11
97479dca48e26f93b2d370551d4603c5,1,a869ec6209c361ca46dad85a5530e119,c3cfdc648177fdbbbb35635a37472c53,2017-09-15 17:50:11,159.9,21.61
97514c152882f3625b91ce58ddc0c3b6,1,9ddc4249779322828f89d2a9c04f7ee1,9d5a9018aee56acb367ba9c3f05d1d6a,2017-09-27 08:45:39,112.33,14.66
9752eb052b38b8f258d4547b4eed7e0f,1,820e8f306dc9ffcf6d0957516084cca1,7aa4334be125fcdd2ba64b3180029f14,2017-10-02 08:24:14,38.89,13.37
9753266fd3691e80807befa94a344891,1,a7bcee285291a97650b40fa9fa888e4e,4d6d651bd7684af3fffabd5f08d12e5a,2017-09-13 17:10:22,59.9,11.92
9769371d54296310103ef23ba69b4af2,1,d73a7e3009d1b8f498a0ffd3e8ae6565,da8622b14eb17ae2831f4ac5b9dab84a,2017-10-04 22:20:10,39.9,17.92
976eb687b0b3abd85328670ccd88e06b,1,83a1778b0d5b20c0724c97e35f083082,a3a38f4affed601eb87a97788c949667,2017-09-22 15:55:28,64.9,17.7
97a2cf1bcffc778d8661d305a6d344f9,1,a6ad77b15e566298a4e8ee2011ab1255,1025f0e2d44d7041d6cf58b6550e0bfa,2017-09-21 15:55:17,31.8,9.34
97bbec866dd969e84e907130cbb2fac9,1,e3968a0d1e607b271be1b000ee1a2d8d,c3cfdc648177fdbbbb35635a37472c53,2017-09-13 23:03:59,194.9,36.72
97c6f98cd025659444b815df5050d8d7,1,477dae843da64019d49703a91abfbd33,b05b432bf68945d4d9783f9e3ca29ee8,2017-09-19 17:55:29,149.9,14.07
97ca549aa4a8d582d149002b880984f2,1,d401d9445df5a515a304b386278b4844,afe0067131b73e40875c9b6c10bd2e21,2017-10-02 09:24:25,104.9,21.22
97cca737331c9c6009a3e8b555d963b2,1,8c0c3a8ad1d1896e7d9d66921a4b66ab,46dc3b2cc0980fb8ec44634e21d2718e,2017-09-25 03:33:31,229.99,16.37
98169d491f3bb7988e9a5aa45f9dc8c0,1,9394f87dc3875b085ec46efca4822642,dd2bdf855a9172734fbc3744021ae9b9,2017-10-03 08:50:21,54.9,12.23
9816b8ad579de4d7e8940e78f447a610,1,422879e10f46682990de24d770e7f83d,1f50f920176fa81dab994f9023523100,2017-09-20 09:50:12,59.9,17.67
98179ecee6d0176b359568f49c5ceffa,1,691e72a37278e33ac031c3976358446b,de23c3b98a88888289c6f5cc1209054a,2017-09-14 16:15:10,96.99,27.22
982220161ff9c42b0027046477302c9b,1,210e7569afac412f6f444621ed323449,5160d23075764e18e07c1f4a87fad743,2017-09-25 03:33:20,70.0,7.78
9827713c2434c817eacd058f8dcc5628,1,d34ec3c23c142291062f958688a1b41c,dbc22125167c298ef99da25668e1011f,2017-09-28 22:25:52,55.9,14.12
9827a7b79fe79be87d4d845fbe1e16e4,1,915c18c67d0b3cd469475eccc0d1a7bb,128639473a139ac0f3e5f5ade55873a5,2017-09-26 02:24:01,18.9,12.48
982f1dba4ba6a565f56a2f51e6a68740,1,1b7c03297b91c3accb749dfadbac7bbe,002100f778ceb8431b7a1020ff7ab48f,2017-09-20 01:10:15,9.9,15.1
9839529a810b520a23afe17f48978595,1,dd52cd5fbf92f8068dc66246821d3253,84deb808079d1be601c209c1e771b1cc,2017-09-13 02:50:45,23.03,8.11
983d1042c129f87546062d2d27f73020,1,5411e9269501a870cabf632f05655131,3d871de0142ce09b7081e2b9d1733cb1,2017-09-22 09:55:35,99.0,17.94
984ccd2f61565cb8294d4ee05bdebb0c,1,06c6e01186af8b98ee1fc9e01f9471e9,fc906263ca5083d09dce42fe02247800,2017-09-13 16:50:32,29.9,14.1
984fa77b154dff230f52eb3a26b75ede,1,4e546c5a63b11188196b092a6fda2b71,8648b1e89e9b349e32d3741b30ec737e,2017-10-04 08:49:17,29.9,15.1
984fa77b154dff230f52eb3a26b75ede,2,4e546c5a63b11188196b092a6fda2b71,8648b1e89e9b349e32d3741b30ec737e,2017-10-04 08:49:17,29.9,15.1
9855472e23a51c2e8b310d215c717511,1,1871f846d88e6b0632e1058b61d35964,70a12e78e608ac31179aea7f8422044b,2017-09-14 20:43:30,45.0,11.85
986506281e1ebe5451e34c1e75a99670,1,dbfa741e0e5dfae13c9f023d8b8cbd96,05f51e13da97139648b8125c31e5f51b,2017-09-25 19:04:25,145.9,30.06
986babaebfaa430f69a8b2e816db5f14,1,46b48281eb6d663ced748f324108c733,dd7ddc04e1b6c2c614352b383efe2d36,2017-09-12 12:04:02,84.9,21.43
986babaebfaa430f69a8b2e816db5f14,2,46b48281eb6d663ced748f324108c733,dd7ddc04e1b6c2c614352b383efe2d36,2017-09-12 12:04:02,84.9,21.43
987b7884b5b6e23a2b4d35d8213815a2,1,8da77162e41d47464f9806727417cf6e,4a3ca9315b744ce9f8e9374361493884,2017-10-04 20:51:42,259.9,9.32
987b7884b5b6e23a2b4d35d8213815a2,2,baf4f12ea16c1bb2c457a90df13e4a3c,2528513dd95219a6013d4d05176e391a,2017-10-04 20:51:42,179.0,40.36
988551bc1edc4b81a7e98af061a60228,1,40cb7bb3d30559b9b6c4fb62bc837962,cca3071e3e9bb7d12640c9fbe2301306,2017-10-09 04:23:43,52.64,15.12
98887ed2917a8ed8181ea225dc24318d,1,db715cc52497b781151fa5d2968048c9,4305fe92735c8a43d154ff6dd2b8d927,2017-09-15 15:15:26,28.8,16.79
988b9c003bf679e9c005ddc75d4567e7,1,e5fe79a5ccd19d20b3b095bf73cf9b5d,620c87c171fb2a6dd6e8bb4dec959fc6,2017-09-21 11:35:26,359.9,18.28
98b64215b7d4b779e003927cd0b7e225,1,b71e22caa2e31ed1309fd01850d79ea4,954e95f20808d7e5d11f0de292d078e0,2017-09-21 16:25:15,32.99,16.83
98d24b150d7625f287efd12c0dcbadef,1,d1c427060a0f73f6b889a5c7c61f2ac4,a1043bafd471dff536d0c462352beb48,2017-10-05 00:28:18,149.99,23.85
98dc9b1a84fd406155ed39ab4027c61e,1,a53d9459ab35c28053d6b7732fb8ca07,7d76b645482be4a332374e8223836592,2017-09-08 14:50:11,24.9,15.1
991ad9e2eba74e98ccaba2c2f4a74e58,1,caf540627b7914ab734c86495fdc95ee,1025f0e2d44d7041d6cf58b6550e0bfa,2017-09-21 21:05:38,250.0,58.42
995392413cee61cc1fcec9807870ea8c,1,2e58d459f2a674ee7b0d3d1336712acb,a888faf2d1baececa6baf9c3d603ee1f,2017-09-13 22:43:54,129.9,13.93
99766ab732ba619f1f3af1c3dde129de,1,cdeefdce9704b2a961a01e89b1f19e7b,34d1ca11b242c0fee2c834ae8d788566,2017-09-20 16:15:13,240.35,17.44
99a29a0878f41a8dd8d2e20b2aa621c6,1,1e618d311a1b7f88a9d96ec50aa85582,d94a40fd42351c259927028d163af842,2017-09-22 20:45:42,139.0,25.81
99a6742739034cc06392ab883f64359c,1,151f6da73d1f11e1a75553f0281d19dd,6560211a19b47992c3666cc44a7e94c0,2017-10-04 19:56:19,49.0,7.78
99ac1b8b5f3ac613536909af21133895,1,936a034fe3b07b7ae7c87fc8ceb0749d,6560211a19b47992c3666cc44a7e94c0,2017-10-02 04:07:15,189.0,8.58
99dde9a4d6ee5c602380551b002ddad7,1,c7a94c6dde9d81dc864941084dbdfe45,8f2ce03f928b567e3d56181ae20ae952,2017-09-11 13:10:12,85.9,20.09
99eae747b45fb42516e46311533b3064,1,b80d1191f28486e54df2e4c6bdeac10d,d2374cbcbb3ca4ab1086534108cc3ab7,2017-09-29 20:49:22,49.99,26.89
9a02960ce092d811e89e50c06d750ff6,1,4508bced363e65d5a3e0339f625b8df5,391fc6631aebcf3004804e51b40bcf1e,2017-09-20 17:04:17,98.72,16.32
9a0a6c39b6be7e1b0f796b6005d52ac4,1,e813c8739a6a0706b764a5d4468702a6,2e1c9f22be269ef4643f826c9e650a52,2017-10-03 11:25:14,27.49,21.15
9a0b6a2c842e5a42bef91fa4c7dea9c4,1,e355d989e7c7101b4e80a8e9052985fd,dbc22125167c298ef99da25668e1011f,2017-09-27 09:04:42,72.9,19.75
9a1608e06e7944465b6edfeca5d2ce7b,1,2e0c6cc9589cfc1c8eb99242ac6e15ce,1838dd9b8977065acf51d95e0053ea7a,2017-09-21 02:25:46,149.9,58.9
9a29901dd783afb25b9daca2a52ae1e8,1,4520766ec412348b8d4caa5e8a18c464,16090f2ca825584b5a147ab24aa30c86,2017-09-28 01:55:09,40.0,8.27
9a2e91dda30c4f2497618f2d8c181437,1,154e7e31ebfa092203795c972e5804a6,cc419e0650a3c5ba77189a1882b7556a,2017-09-28 21:10:13,23.99,21.15
9a3dd3cc9b84a29bcd07f44f82866ce7,1,b254def59e0984c2fb00c579484e6654,7d76b645482be4a332374e8223836592,2017-09-25 07:10:15,24.9,14.1
9a3eb21e5b2f2bcb00f0da5ea926e726,1,ad52cb93ae060c9bdd776831a915e94d,2f09f7d37a97956d11cc1a7cadd5262b,2017-09-08 13:30:15,65.0,13.47
9a4d55dfd3d1ff691330e78da74a6b12,1,41cd333a4af5e36df81fc0b83ccf8e2d,5dceca129747e92ff8ef7a997dc4f8ca,2017-09-18 20:45:12,388.0,45.13
9a96e09dbc7db0c91c8534a4e3832664,1,a6621d4ee609f3f917d04c11ca8f0161,7aa4334be125fcdd2ba64b3180029f14,2017-09-26 21:05:12,86.99,29.01
9afbd107ffa1b363cbdc3e81895dbdbb,1,c329abd2a10fad4a2f83377956328c67,8b28d096634035667e8263d57ba3368c,2017-09-21 12:35:08,57.8,11.9
9afd9ae98cb2fcc3bc5b893594ccf663,1,5173e870df52b09d6b76f88504a1991d,0adac9fbd9a2b63cccaac4f8756c1ca8,2017-09-21 14:55:25,13.5,15.36
9afd9ae98cb2fcc3bc5b893594ccf663,2,5173e870df52b09d6b76f88504a1991d,0adac9fbd9a2b63cccaac4f8756c1ca8,2017-09-21 14:55:25,13.5,15.36
9afd9ae98cb2fcc3bc5b893594ccf663,3,271a16e4751b04867238b601ad652692,0adac9fbd9a2b63cccaac4f8756c1ca8,2017-09-21 14:55:25,12.69,14.58
9b1936414d93398380f940b3f86edb5b,1,222efa72a47277d611b8b38d71149afd,cd06602b43d8800bd0afad514919d35c,2017-09-28 19:30:23,6.0,15.1
9b1b03659c8b48c95c05af1523108b12,1,a8fe47ad6f852f93cc92c7b408687de3,aaed1309374718fdd995ee4c58c9dfcd,2017-09-28 14:45:26,72.9,27.05
9b1d71b20edcf15ab15e0bb4a932f23f,1,ed9b924bdbd0fd22c60aba6dddfbb6e5,70a12e78e608ac31179aea7f8422044b,2017-09-15 20:43:27,79.0,16.31
9b31411d9c1c41009017a1c0a06ce069,1,d41dc2f2979f52d75d78714b378d4068,7299e27ed73d2ad986de7f7c77d919fa,2017-09-13 22:55:19,9.0,15.1
9b34a8b59a65874925bc12d1551e5256,1,2028bf1b01cafb2d2b1901fca4083222,cc419e0650a3c5ba77189a1882b7556a,2017-10-06 10:56:27,56.99,16.84
9b49c07fc3206cdd7756837757e37538,1,9239c49d7d0e542d0e12a9023771ef51,49067458c68f7701fd334ce326accbe0,2017-10-03 17:07:10,29.45,11.94
9b49c07fc3206cdd7756837757e37538,2,356bc9278252d4fb0c566e64612fc83e,49067458c68f7701fd334ce326accbe0,2017-10-03 17:07:10,29.45,13.02
9b4c1520f96ed1e13a3d6f8c2aba947e,1,a687ed05398f0114eca6f663b8ced32c,6c177e38df6d3f34182b1f1d427231bf,2017-10-03 01:33:26,119.0,14.58
9b9273325c81fdbb834a17e020c6d131,1,d498e8a880bdf3d26e2b9b3e92c4f424,98dac6635aee4995d501a3972e047414,2017-09-08 15:50:16,69.0,20.97
9b951f6f81b73f9ee291b9735e6fe993,1,e8f7d2639ff8caa8b86e5973295898b7,0be8ff43f22e456b4e0371b2245e4d01,2017-10-05 02:14:28,39.9,25.63
9b951f6f81b73f9ee291b9735e6fe993,2,e8f7d2639ff8caa8b86e5973295898b7,0be8ff43f22e456b4e0371b2245e4d01,2017-10-05 02:14:28,39.9,25.63
9b951f6f81b73f9ee291b9735e6fe993,3,e8f7d2639ff8caa8b86e5973295898b7,0be8ff43f22e456b4e0371b2245e4d01,2017-10-05 02:14:28,39.9,25.63
9b951f6f81b73f9ee291b9735e6fe993,4,e8f7d2639ff8caa8b86e5973295898b7,0be8ff43f22e456b4e0371b2245e4d01,2017-10-05 02:14:28,39.9,25.63
9ba2ade828138782788e9a94fe1b2770,1,b2a11c072dedfc137aa2393bb4a2c8ea,6edacfd9f9074789dad6d62ba7950b9c,2017-09-28 20:55:19,66.9,9.34
9ba6ed4d05fa307089d6c81bd8b8400c,1,368c6c730842d78016ad823897a372db,1f50f920176fa81dab994f9023523100,2017-09-20 12:05:42,59.9,13.44
9ba7ed4875ebdafe8b7969fe4417e5a5,1,ca3fd09ef832923ccad790506d6e0385,3f0e48d209018b466fcd3bb4ccfeb520,2017-09-26 08:24:21,499.9,24.34
9bb20141c47cf5f8919640d4c91f1b31,1,e282624d8c82e04983f125e167eb4521,ea8482cd71df3c1969d7b9473ff13abc,2017-09-14 09:50:25,17.99,25.63
9bc3c553892cef890732e8688293dc9d,1,1a00358b2af8b1c79f570a0e0ceb2208,05a940b4ecae36cadfd8e93bd9c43257,2017-10-02 10:45:39,16.9,17.63
9bcee5211be4c4e8785242c9fcd22e32,1,cc1cb33bcc814aeaa4631761a34bd23e,5d3bb11474a06bdc23fb9e89f1164ee0,2017-10-02 14:56:25,78.8,12.05
9bd5ab93fc163dd17a9d531c39806e05,1,ec02a5d380128f7a188e9ce8f3ddd832,48436dade18ac8b2bce089ec2a041202,2017-10-03 21:14:23,132.9,21.42
9bee2a0789ef47ce6515c171c803a285,1,4583e308182e4e78d5b71b5af1804def,cd68562d3f44870c08922d380acae552,2017-09-11 13:50:10,169.0,26.46
9bf690bf6db94b0702d0b348b7461437,1,6d7d853286dac8449c42146f8ce5dedf,3be634553519fb6536a03e1358e9fdc7,2017-09-27 21:50:20,15.9,7.78
9bfa09357a0c7484a58b24bc8688f9ae,1,def59eb2e17b32b980b5341984f6b500,f8db351d8c4c4c22c6835c19a46f01b0,2017-09-14 17:23:37,22.9,8.27
9c1becadc6a0c6445eb02167b8d1bbff,1,5038cd913f549498c7e7251739050b0e,537eb890efff034a88679788b647c564,2017-09-14 11:05:18,19.9,16.79
9c23de67d0d6beb91f77b0c1bcc17d90,1,e0d64dcfaa3b6db5c54ca298ae101d05,4869f7a5dfa277a7dca6462dcf3b52b2,2017-09-28 15:25:35,158.0,16.74
9c47dc2d2e34ad6997e0a361c21ee9f9,1,0a41699cb57f40c605d3cfdddd61673b,1da3aeb70d7989d1e6d9b0e887f97c23,2017-09-28 02:25:04,44.99,15.11
9c4b8eb5f1fb4f2b71018a6695171ca3,1,e67307ff0f15ade43fcb6e670be7a74c,8b28d096634035667e8263d57ba3368c,2017-09-13 20:55:13,18.17,11.85
9c5946cb456fcbf4dedc85d24f5d8703,1,8097e6d8de77768d9f72295263e440fa,01bcc9d254a0143f0ce9791b960b2a47,2017-09-21 09:50:34,117.79,34.62
9c5bc3c2933ce8e4660ec888ffb28748,1,e81c3966e44d9ffb21a94481be3613d0,165fc07beebdcb6190fba8a06db2a449,2017-09-21 02:24:48,145.0,14.03
9c82bca31120157620aa240857a67802,1,e255eb3c42d6fbb54d63d32e4095de49,57c764b4a836300be881e2ff86e449f9,2017-09-25 11:28:14,9.9,18.02
9c82bca31120157620aa240857a67802,2,2cf9ec82c2ca858baedfb2c2e5c06b6f,57c764b4a836300be881e2ff86e449f9,2017-09-25 11:28:14,9.9,12.17
9c8b1a249b8f2acf28a69ae5526256c5,1,75c06ee06b201f9b6301d2b5e72993f8,3c7c4a49ec3c6550809089c6a2ca9370,2017-09-25 09:35:10,13.99,7.78
9c8b8ff59ab268b976e66d35464ac79b,1,eb8c629f70275fd1c4f809116cce1efc,1025f0e2d44d7041d6cf58b6550e0bfa,2017-09-10 22:25:32,38.4,11.85
9c8b8ff59ab268b976e66d35464ac79b,2,eb8c629f70275fd1c4f809116cce1efc,1025f0e2d44d7041d6cf58b6550e0bfa,2017-09-10 22:25:32,38.4,11.85
9c8b8ff59ab268b976e66d35464ac79b,3,eb8c629f70275fd1c4f809116cce1efc,1025f0e2d44d7041d6cf58b6550e0bfa,2017-09-10 22:25:32,38.4,11.85
9c9504bb506aa1635fb6ad19be9bcfa9,1,a1804276d9941ac0733cfd409f5206eb,dc8798cbf453b7e0f98745e396cc5616,2017-09-14 07:03:44,49.9,7.78
9c983856364a24ce56bf39aea9bb118a,1,a7bcee285291a97650b40fa9fa888e4e,4d6d651bd7684af3fffabd5f08d12e5a,2017-09-20 03:05:51,59.9,16.86
9c983856364a24ce56bf39aea9bb118a,2,a7bcee285291a97650b40fa9fa888e4e,4d6d651bd7684af3fffabd5f08d12e5a,2017-09-20 03:05:51,59.9,16.86
9c9b21a2db3ef4c7109f69f7f3614d71,1,a1ebb47a48200e6566603de49b83f621,46dc3b2cc0980fb8ec44634e21d2718e,2017-09-28 16:10:13,279.99,37.32
9ca0824f0707d393f343607db317b6d1,1,bb50f2e236e5eea0100680137654686c,f7ba60f8c3f99e7ee4042fdef03b70c4,2017-10-05 16:44:19,325.0,23.07
9cabafe13d423fbaa722617b69188084,1,dff4c23e8bf1e78f4a793d8f76c7608c,1660ad786c27fd935378b6192a90b417,2017-09-25 03:34:21,130.0,12.11
9cc64bcad125a311c53a26c9e1b20983,1,c92b08d0ac42564075b8103bb99cb424,1acde099eb406aa220b1169b188b42da,2017-10-05 14:07:13,16.9,9.34
9cca82f566f14878d871fcf5cd0125e3,1,f1c7f353075ce59d8a6f3cf58f419c9c,37be5a7c751166fbc5f8ccba4119e043,2017-09-29 02:45:35,148.0,14.64
9ce40c402845819d3d1c88eb10a41e4a,1,f7a17d2c51d9df89a4f1711c4ac17f33,f8db351d8c4c4c22c6835c19a46f01b0,2017-09-12 15:24:21,52.9,9.27
9d00d5c50382768149ce030b6ab28fc5,1,4a300735bc293723103db0d0c1bc1585,6f892e20a171e98efe17fdb971ff319b,2017-10-04 17:28:18,70.9,7.78
9d00d5c50382768149ce030b6ab28fc5,2,4a300735bc293723103db0d0c1bc1585,6f892e20a171e98efe17fdb971ff319b,2017-10-04 17:28:18,70.9,7.78
9d00d5c50382768149ce030b6ab28fc5,3,4a300735bc293723103db0d0c1bc1585,6f892e20a171e98efe17fdb971ff319b,2017-10-04 17:28:18,70.9,7.78
9d0ad9e3a6c8ade53a107a1008214396,1,ec5b3c8bb77ad22278f6e9d719a83de3,4a3ca9315b744ce9f8e9374361493884,2017-09-14 05:15:18,12.9,16.79
9d10b455f195f1fd74ef4ce42acf747d,1,f5caa36f71f444c6508c84818cab5641,dd533b429f380718b70ad9922c294bae,2017-09-21 12:15:18,21.9,13.37
9d12e7d13379e3e2a600bfccb801604b,1,2bb3e85f2a403543fdb64e266e70c792,76d64c4aca3a7baf218bf93ef7fa768d,2017-09-25 03:34:32,329.9,67.4
9d252a6e320b8830dde812ffd93b4a90,1,caf1ca4c82e6ab734903a3407795f556,229c3efbfb0ea2058de4ccdfbc3d784a,2017-09-28 11:03:40,157.0,14.85
9d39599dfc361c9c47a4b03d29938289,1,3df02779fb868fabf6f42649c50b6046,dbc22125167c298ef99da25668e1011f,2017-09-27 22:24:22,35.9,13.37
9d3a10d6a5aab8ca343a21580c404b69,1,773d43a287d64831b05013a73a33f229,17f51e7198701186712e53a39c564617,2017-09-20 15:50:23,990.0,87.41
9d3accee31f94310856759efbff805f0,1,7a10781637204d8d10485c71a6108a2e,4869f7a5dfa277a7dca6462dcf3b52b2,2017-10-02 15:56:14,212.0,18.73
9d480419579c11f532fce93c63e0eed8,1,ea44caac707f7f1325182a538007f838,855668e0971d4dfd7bef1b6a4133b41b,2017-09-19 12:15:22,50.0,18.59
9d4ef6bf8501238d56e2c970ebae7d77,1,db5efde3ad0cc579b130d71c4b2db522,7e93a43ef30c4f03f38b393420bc753a,2017-09-14 12:05:26,229.99,17.37
9d5435f6ba9bb1a52b6d0964139a3235,1,776ef0ee36e20757c513e64903f1fa8a,70a12e78e608ac31179aea7f8422044b,2017-09-11 19:04:27,98.0,17.94
9d586d139683c3c3f1d1f3f94ff24ec1,1,3ae28b124972bb81eddcb644cd284be9,46dc3b2cc0980fb8ec44634e21d2718e,2017-09-26 11:55:16,99.99,18.27
9d5ed4775557c8b39ac75a602205c915,1,0a4093a4af429dc0a9334300e5c13ae5,da8622b14eb17ae2831f4ac5b9dab84a,2017-10-04 22:56:11,29.9,15.1
9d69b407879a8be17ac523d1e4b1e4a3,1,0c7ec2b24166d57ac38a9db523711782,bd4889b5e9133b35b66e42a8665cea5c,2017-09-27 02:30:25,95.0,11.87
9d69b407879a8be17ac523d1e4b1e4a3,2,0c7ec2b24166d57ac38a9db523711782,bd4889b5e9133b35b66e42a8665cea5c,2017-09-27 02:30:25,95.0,11.87
9d7aed3d4801f8607e1fd449c6c11fd2,1,0226c9207aea0b16076a27ca65cb4929,2089a6d640999f9b9141ac719b2af596,2017-09-19 23:23:19,229.0,16.35
9d83ef2eae9001ced10bfc373722a184,1,1b06c90f0a31f14d0f505323b5723a80,f8db351d8c4c4c22c6835c19a46f01b0,2017-09-28 15:29:09,55.9,16.15
9da5902b9f9210f370a81ff8edeafe62,1,fc470dc1924bf42ce34d83187505dbe4,128639473a139ac0f3e5f5ade55873a5,2017-09-18 04:26:14,22.9,12.48
9da99352a27f7bbe1fdbc9b036749172,1,bb7181410b4e02f93f3697f765db53c7,855668e0971d4dfd7bef1b6a4133b41b,2017-09-11 17:15:22,109.99,57.44
9db124260fdb15801f3657542b1e29fa,1,06ab916413a6a9c4813408f7a72fd953,093805f8f2aeb63881444571e1f48f30,2017-09-18 13:05:36,37.8,8.72
9db49839ad325c2bf4303df727694be2,1,39aa98469aa7460a9764311b3f8efb12,391fc6631aebcf3004804e51b40bcf1e,2017-09-26 02:24:49,45.95,16.79
9dbaf3879dfddfc43171aaf9a9c0a82a,1,ea44caac707f7f1325182a538007f838,855668e0971d4dfd7bef1b6a4133b41b,2017-09-14 05:15:59,50.0,11.73
9dc2f5ffe1031614a3db70c07d9bd36c,1,7eb96ea641252f20b26fd6878d009a1d,955fee9216a65b617aa5c0531780ce60,2017-09-28 05:34:12,55.0,14.14
9dd2846e2fd754eb21361544d11a1d71,1,1a90af24f474949bdc928a39b627fd57,afa6714acee029b2dfdf357e5579cc03,2017-09-12 17:05:15,74.99,12.86
9df4cca73d4b09f1e153a3767cda18e6,1,080a388eb2bd1051b01f6fc4ca659450,ea8482cd71df3c1969d7b9473ff13abc,2017-09-11 15:25:21,24.99,15.1
9dfd3a56fdb17e1806b96edf77f39fef,1,a152e968e6e943c06ca8ad6fbafc72a0,3d871de0142ce09b7081e2b9d1733cb1,2017-09-25 11:20:17,89.0,13.64
9e1c9e249d55ea95fe0f9510c2e47862,1,42f25a7251d847a86c1849731bf166ff,7178f9f4dd81dcef02f62acdf8151e01,2017-09-22 03:06:08,139.0,16.73
9e22fa092a2a1bb489823e54d3b48309,1,793ee3bd01e3ecec7ab94aed9aeee415,9c0e69c7bf2619675bbadf47b43f655a,2017-09-08 17:25:19,179.5,17.02
9e3796f27dbab73279e5ae222182f918,1,e68a5a5626c4b1bfc5ca78202f898300,7a67c85e85bb2ce8582c35f2203ad736,2017-09-18 19:30:32,199.99,12.6
9e4a61da038289527b41b63aa81405d1,1,93719014f156d3fa9e0511cd0ab96315,3ef37b7ca6dd2b80bd8af81a62504996,2017-09-12 04:10:29,350.0,18.7
9e50d6711cd120b8b6fecc98aca9d306,1,e0f33a3329af6716a0bb47fd7a664439,7e26c750b4cb9f6766f58265ff9ebe95,2017-09-21 07:50:08,49.8,12.48
9e6e385a88dfaa08cf6fc6987f695a1a,1,2136c70bbe723d338fab53da3c03e6dc,6560211a19b47992c3666cc44a7e94c0,2017-10-05 15:35:15,29.0,14.1
9e711ba681b09da30750ac0fe7a0cc3b,1,30cd699c7958f8352c9f479572eb66ad,7178f9f4dd81dcef02f62acdf8151e01,2017-10-11 15:35:21,29.9,16.79
9e7752c172e3994115a2cd609a18de29,1,bc4cd4da98dd128c39bf0b8c2674032f,53243585a1d6dc2643021fd1853d8905,2017-09-11 14:43:48,1299.9,38.51
9e79ad9861f8710c1dfb684f37f418ac,1,f7bb503725fb4d7bb55301d5bceba728,55a5b51f93f2b70ea513f5a047b0262a,2017-10-05 16:44:19,99.7,15.45
9e858aeefb0b5b6c5a2e9d0c9ce36df5,1,45ee7eeb2da75b49edaa30e7b01e04d2,1caf283236cd69af44cbc09a0a1e7d32,2017-09-26 08:55:16,15.2,15.1
9e8f0fdec8fe8bee4f4c399b4dc46175,1,9407fd9807ea10c6e90e0331c34f0f14,20d83f3ef0e6925fd74bfd59170babf7,2017-09-25 03:33:41,59.9,15.17
9e939267094b3b0e45de3c2474f4c879,1,262573ecc3b4b8c70a61fbc90671efa4,e5475dcab1e07b63d7f6e902d8f5eda8,2017-10-02 08:35:22,48.0,15.1
9e99d6f656fcb2d4a76e9455959cf62f,1,84c21030530a34295a94762fdf73611c,e9779976487b77c6d4ac45f75ec7afe9,2017-09-18 08:35:15,49.49,8.27
9e9c6cc35be71fb9615d8a289dbf39d3,1,c857b96593773e940454e76efa8eabb3,cca3071e3e9bb7d12640c9fbe2301306,2017-10-03 03:34:31,57.11,17.65
9ea386e9542809c5955f1b89354c5e5c,1,8218c41b07f96e9465fdc0931fb81faf,53e4c6e0f4312d4d2107a8c9cddf45cd,2017-10-05 11:28:15,32.0,7.78
9ea386e9542809c5955f1b89354c5e5c,2,230907d5dd938f510eefba95ef295da8,53e4c6e0f4312d4d2107a8c9cddf45cd,2017-10-05 11:28:15,32.0,7.78
9ed118d0ba8070ecbf26326a5a7c2147,1,c32b1155b886162db8e1ec114699a799,1835b56ce799e6a4dc4eddc053f04066,2017-10-05 17:21:44,56.99,12.74
9eda2d18097ef7bd7ff08ad54402fc77,1,817e1c2d22418c36386406ccacfa53e8,624f4ece8da4aafb77699233d480f8ef,2017-09-29 00:45:06,159.0,31.86
9edc774532d35fdc536fee78a41cce9d,1,e4ca5b20cfe1a020e15e36fe14e880ee,128639473a139ac0f3e5f5ade55873a5,2017-09-19 22:30:27,19.9,15.1
9eee5730bfa05aa51dea08370c871abb,1,aa4c5e610242fdfd79969a9577dfe112,53e4c6e0f4312d4d2107a8c9cddf45cd,2017-09-24 22:45:49,69.99,17.74
9efb0094f22b22cd206bf68dc306f1f2,1,71bd53a5303fc543fd563e913eb586cb,1900267e848ceeba8fa32d80c1a5f5a8,2017-09-08 14:55:17,44.99,17.6
9f035a4126d6f9cf43447e9b8eb6abae,1,362e37b5c8826ef516a607cb5f99b8f1,6d66611d7c44cc30ce351abc49a68421,2017-09-26 11:50:10,229.9,65.1
9f08489576931e7c0cdf197de8864727,1,6c1942e17a86109a3608f6aac73ccfe5,b4ffb71f0cb1b1c3d63fad021ecf93e1,2017-09-29 03:05:03,10.9,7.78
9f1d354d0b38456cb1333c100e1388c5,1,c7dd52c6177b277973286c741e7894cb,0432ead42b6c8a0bdf68154add917fdf,2017-09-13 10:34:16,89.9,24.29
9f1d354d0b38456cb1333c100e1388c5,2,265928225c1358e74bf8668ff65096f3,5160d23075764e18e07c1f4a87fad743,2017-09-13 10:34:16,75.0,9.71
9f1fdd62873c571b8206dd1cf23e208d,1,1491a8ff192d4b5c369b0eaa2fe33ee5,37be5a7c751166fbc5f8ccba4119e043,2017-09-19 14:35:20,180.0,26.1
9f1fdd62873c571b8206dd1cf23e208d,2,1491a8ff192d4b5c369b0eaa2fe33ee5,37be5a7c751166fbc5f8ccba4119e043,2017-09-19 14:35:20,180.0,26.1
9f2a805b0495acbda211c48398c8d606,1,64fb265487de2238627ce43fe8a67efc,4a3ca9315b744ce9f8e9374361493884,2017-09-27 13:25:46,99.9,43.11
9f2c1798fe24e69bf3317bc7b319c96c,1,594e6c5d1c4a58f7936b5a7134f53c80,a3b0df0065e264a91b7bbf5f844af5cd,2017-09-27 03:04:47,59.21,15.25
9f31d169352d4ba2e61af7dfcdeae8eb,1,389d119b48cf3043d311335e499d9c6b,1f50f920176fa81dab994f9023523100,2017-09-21 09:25:54,59.9,17.67
9f58353e16353e64bf57e32e6dae9e45,1,422879e10f46682990de24d770e7f83d,1f50f920176fa81dab994f9023523100,2017-09-14 04:50:20,59.9,17.67
9f792c846e897702e89fb06829be1b0b,1,68bf2e76db1d8e846042e54da87399ca,1a3df491d1c4f1589fc2b934ada68bf2,2017-09-21 23:55:10,85.9,47.13
9f8ccad2702a1ddd203c159ba49e3018,1,f4b952dd7ab601c02bb1bd06395f45f6,86ccac0b835037332a596a33b6949ee1,2017-09-14 17:43:51,79.9,17.81
9f8de1f38dabace7c615d1e41fa7b2bc,1,71da6d6632902431cdca2b3a8e681b80,3078096983cf766a32a06257648502d1,2017-10-02 14:04:28,184.6,18.54
9f96fbe1882a78b811357299fc5d6c8c,1,7a10781637204d8d10485c71a6108a2e,4869f7a5dfa277a7dca6462dcf3b52b2,2017-09-27 22:48:16,212.0,12.98
9f98d6530155e3b3869f47e53834b562,1,7ab21257ee876b3897bd55046d3d81d3,b2ba3715d723d245138f291a6fe42594,2017-09-26 15:44:19,299.9,16.86
9f998c349e0b18e16fd662653297b4da,1,159e7e73295b609960c0797eb64b3d39,a420f60ff1aa9acc80d0e42959f2b313,2017-10-03 10:30:09,139.0,9.17
9fc1cdaa591d198154efdbf0e8e33712,1,566d84921b4311ddfda6ea8b04a2678f,ccf8813e5a7d6c84d865cd38bfc2b130,2017-09-21 15:27:58,59.9,12.76
9fcc8c2f25f450a6a15a295adb501e0f,1,13944d17b257432717fd260e69853140,cfb1a033743668a192316f3c6d1d2671,2017-09-19 14:30:20,59.9,12.76
9fdbb4e3852125934395217722756d93,1,55d139324dfb785b405ef1e11f119adc,48162d548f5b1b11b9d29d1e01f75a61,2017-10-05 00:24:51,91.0,16.4
9fed05363dd3f86fd9d02514224c4318,1,48c336eeb08bfec37d0030074b820cb3,6edacfd9f9074789dad6d62ba7950b9c,2017-09-11 11:25:19,44.9,7.78
9ffbf165bfd976933256254ac8d7bb36,1,b5e13c9a353102f79c6206ff5cb61a50,a49928bcdf77c55c6d6e05e09a9b4ca5,2017-09-13 02:55:44,79.9,11.76
9ffbf165bfd976933256254ac8d7bb36,2,b5e13c9a353102f79c6206ff5cb61a50,a49928bcdf77c55c6d6e05e09a9b4ca5,2017-09-13 02:55:44,79.9,11.76
a016235b71cdaacb0bbbd1f61dd2446b,1,a6ae1a5c22127c9e983271623b13c63e,86bb7c4b535e49a541baf3266b1c95b1,2017-09-20 22:30:19,279.9,17.72
a04875dac0e5be70a331df6f1abda67e,1,7a8cdb37b5d447de4dba7806a82f84d7,74c7dec0a384d8a05950e629bd23bde9,2017-10-05 17:56:13,89.9,9.19
a0563252fd4da955a4bff4e622f4d81f,1,9981d5a8b44135a14dffa76e857d2d83,7c67e1448b00f6e969d365cea6b010ab,2017-09-13 03:03:46,176.99,43.44
a07d6a824e8ac93c9606f3311a30f462,1,30ccf4724f5227265f837e9ba0246278,dbc22125167c298ef99da25668e1011f,2017-09-28 02:25:52,85.4,14.33
a082ee10e419cde2da809dae1c4a47ae,1,68bf2e76db1d8e846042e54da87399ca,1a3df491d1c4f1589fc2b934ada68bf2,2017-09-25 14:25:20,85.9,29.0
a0ad7865ea22bbaa2f026e3aee583484,1,90ef6790cfc145cf45f9c476d1f47af0,3d871de0142ce09b7081e2b9d1733cb1,2017-09-13 23:55:16,69.0,17.84
a0ad7865ea22bbaa2f026e3aee583484,2,28a652ff04e43c1bc57937a9f8770f9b,3d871de0142ce09b7081e2b9d1733cb1,2017-09-13 23:55:16,99.0,17.83
a0c1ac2d2b7ee099ba14b612a76b6187,1,ccadfeab525a9eb1569983b66e5075c4,33576ec5412fb5905d876f12f33bfde6,2017-09-11 09:30:14,79.0,15.3
a0c9d84c9ca938bbf711acbd940ba416,1,01a977e282d5884149e79181506c0941,5160d23075764e18e07c1f4a87fad743,2017-09-27 09:35:08,35.0,17.63
a0d35026fbeae4c918e39e0ac44e637c,1,1015bdc42b2ec0548e728cdc0ad72380,f5a590cf36251cf1162ea35bef76fe84,2017-09-29 02:15:41,810.0,26.16
a0da82bc20f55857de1085dc8c965e35,1,d017a2151d543a9885604dc62a3d9dcc,6560211a19b47992c3666cc44a7e94c0,2017-09-13 02:55:40,49.0,15.1
a0daabdea9da78312042ebceca34cb21,1,7fab1a1472fdd934397068931f63f3ca,3d871de0142ce09b7081e2b9d1733cb1,2017-09-15 11:15:35,69.9,16.25
a0ed7e292495e32e3a7e3ae479219c4d,1,a4c7e73a8ce075149b5f6592fdd29367,87142160b41353c4e5fca2360caf6f92,2017-09-19 18:35:15,149.0,18.32
a0ed7e292495e32e3a7e3ae479219c4d,2,a4c7e73a8ce075149b5f6592fdd29367,87142160b41353c4e5fca2360caf6f92,2017-09-19 18:35:15,149.0,18.32
a0ed7e292495e32e3a7e3ae479219c4d,3,a4c7e73a8ce075149b5f6592fdd29367,87142160b41353c4e5fca2360caf6f92,2017-09-19 18:35:15,149.0,18.32
a0ffdfae1965dbe1b949e79e80e5f289,1,793b8fa20a40b4b14c94ab9681bf13b5,6edacfd9f9074789dad6d62ba7950b9c,2017-10-02 04:07:10,66.9,17.04
a11848157003e277da67e7700e1fb630,1,431d674f9a4fbd0957ecf6ba3fcb6899,53243585a1d6dc2643021fd1853d8905,2017-09-19 14:27:25,299.99,18.54
a1567768e86bf73e0df3f99f8c570017,1,2481a472d98c582b46bc2dfeae6f539f,391fc6631aebcf3004804e51b40bcf1e,2017-09-25 03:36:12,59.55,13.44
a16facd0f8328e8955662168a0931ffe,1,b623b7cb05ee3248fbe4a6ecbeed79a4,7aa4334be125fcdd2ba64b3180029f14,2017-09-21 02:15:32,74.8,19.76
a17bcc333f4e645ec9c31d9b75d1ed89,1,0aabfb375647d9738ad0f7b4ea3653b1,37515688008a7a40ac93e3b2e4ab203f,2017-09-13 02:50:25,19.9,11.85
a18b84bbf6ec08377b509038454c7f29,1,6cbe86517b670a03d810471811e93316,6f892e20a171e98efe17fdb971ff319b,2017-09-14 13:30:19,99.9,7.95
a1b9ef764d1de3a283a1e60320475964,1,acaed0b9a136ac6408c37731b72f1f35,4bf2f4ee540798a61f9636d12cd9cc80,2017-10-04 12:24:27,183.0,16.03
a1c075cf51b237be65b4342ce766e007,1,e611a297d7a9df83f906aab5c746fd06,620c87c171fb2a6dd6e8bb4dec959fc6,2017-09-22 14:25:48,139.9,16.74
a1c87156ca249199bbcd96fbfcd0296d,1,98d4d94ea54992a98bbfefe75e7561d3,44073f8b7e41514de3b7815dd0237f4f,2017-09-21 04:25:50,13.0,15.79
a1e28dc56f8cf4e569b82f93dfe131f3,1,293ee8ac0a45f559cdeba37b938fdb66,4a3ca9315b744ce9f8e9374361493884,2017-10-04 21:04:28,55.6,16.15
a1f24dcf6e5fc6b0f0cd0b265381767e,1,9348fe8a0886b99d1c5d33c28fb0aa48,53e4c6e0f4312d4d2107a8c9cddf45cd,2017-10-03 12:07:16,43.0,13.37
a1fa82769a203e30b8faf81cd32e5193,1,4754d89182db4010eabbf20da5fb7191,8e6cc767478edae941d9bd9eb778d77a,2017-09-13 19:43:28,145.9,90.1
a1fa82769a203e30b8faf81cd32e5193,2,24aba57735be13fd785bc04d1a8812e4,b335c59ab742f751a85db9c411a86739,2017-09-13 19:43:28,205.0,0.05
a21488f55d20f5d8ff41c2f3a2408cb6,1,38e28b7814d36bc84b972a75dd7c5ce7,aae3bfea055532c57fb453ed3ec80b30,2017-09-11 16:24:36,32.99,14.1
a2240447ddd7e5f9f6572b364e927009,1,6f7400c1577bd99fb7c9cd196edb6ae2,0c8380b62e38e8a1e6adbeba7eb9688c,2017-09-29 00:25:17,99.9,18.32
a22bb4b44152c9a83688e2a3652d2154,1,aa68f61c9b2dbcd9cce6c45e80dfbff7,128639473a139ac0f3e5f5ade55873a5,2017-10-09 03:56:24,18.9,16.79
a23760b9274db6304cc3cc0085583693,1,83305c6ed635e62d461539dae8a11487,4869f7a5dfa277a7dca6462dcf3b52b2,2017-09-19 19:35:12,150.0,17.49
a23760b9274db6304cc3cc0085583693,2,83305c6ed635e62d461539dae8a11487,4869f7a5dfa277a7dca6462dcf3b52b2,2017-09-19 19:35:12,150.0,17.49
a23d78879cb7bb079e10a2ffe1b43c66,1,362b773250263786dd58670d2df42c3b,4c2b230173bb36f9b240f2b8ac11786e,2017-10-05 13:07:53,39.9,14.1
a23d78879cb7bb079e10a2ffe1b43c66,2,362b773250263786dd58670d2df42c3b,4c2b230173bb36f9b240f2b8ac11786e,2017-10-05 13:07:53,39.9,14.1
a23d78879cb7bb079e10a2ffe1b43c66,3,362b773250263786dd58670d2df42c3b,4c2b230173bb36f9b240f2b8ac11786e,2017-10-05 13:07:53,39.9,14.1
a23d78879cb7bb079e10a2ffe1b43c66,4,362b773250263786dd58670d2df42c3b,4c2b230173bb36f9b240f2b8ac11786e,2017-10-05 13:07:53,39.9,14.1
a25525284e494a7e2e276f3b30bdf66f,1,422879e10f46682990de24d770e7f83d,1f50f920176fa81dab994f9023523100,2017-09-21 19:50:14,59.9,13.44
a25652096ac097b28b9a7f41d188c551,1,99a4788cb24856965c36a24e339b6058,4a3ca9315b744ce9f8e9374361493884,2017-09-25 04:04:12,89.9,21.12
a2875319dd413ff3a25b5f7f5d403c08,1,60567eaf5cdf794639e94508ec387a82,f4db9b37944bcb8873e6b456ee190bbf,2017-09-21 02:50:17,169.99,22.03
a28ce0c52557b5cb81dac197086d476b,1,7a10781637204d8d10485c71a6108a2e,4869f7a5dfa277a7dca6462dcf3b52b2,2017-10-02 17:56:21,212.0,18.73
a28ec7941efe2655038ddb642b53c2af,1,391a014a66920fa0ce468319264e0232,ce27a3cc3c8cc1ea79d11e561e9bebb6,2017-09-11 00:48:49,129.9,16.67
a2a3400730e376777caa534221041eff,1,17823ffd2de8234f0e885a71109613a4,46dc3b2cc0980fb8ec44634e21d2718e,2017-09-13 11:35:13,279.99,19.21
a2ab1f261540e0684d49b5327616fc96,1,07d56eb519d315a2d8fb2f98f095e6bf,e5a3438891c0bfdb9394643f95273d8e,2017-09-21 20:15:11,20.3,25.63
a2ab1f261540e0684d49b5327616fc96,2,07d56eb519d315a2d8fb2f98f095e6bf,e5a3438891c0bfdb9394643f95273d8e,2017-09-21 20:15:11,20.3,25.63
a2b99b6a9c5b0c402cfbabfdbb69918e,1,0645b477d9a79945e55ec6be1605b5a0,725c32fa80c2faacc4fc88450d27314e,2017-09-18 04:45:44,49.7,16.6
a2be25bfae58419f64922010bd631e74,1,83b00325c13c44245b2c3a2befa62a0e,ad781527c93d00d89a11eecd9dcad7c1,2017-09-26 18:30:22,159.99,32.15
a2c43042a0f72bd5959e4360b16b6730,1,59f09deeea7c839a9212a19f3416b892,729f06993dac8e860d4f02d7088ca48a,2017-10-06 15:56:22,359.9,62.26
a2df93db5bfc1556857dd71cf685f2f1,1,68c923fddf7f83316b53252eaf830724,7a67c85e85bb2ce8582c35f2203ad736,2017-09-21 03:38:29,69.99,11.73
a2f5fa2f53621ff51359941782983568,1,46434aefd24c5d19f7e7baebf97b796d,ec8879960bd2221d5c32f8e12f7da711,2017-09-15 20:50:14,254.9,37.8
a323ac4955fc32f68997f8d0122ff2c1,1,93cbda98bb66aaaae2ab0a7789dfc87b,054694fa03fe82cec4b7551487331d74,2017-09-14 21:50:22,197.0,27.7
a3388b41c73884c10ac3d97882b683a0,1,0a57f7d2c983bcf8188589a5fea4a8da,4869f7a5dfa277a7dca6462dcf3b52b2,2017-10-06 14:14:14,117.0,12.32
a33c70384e5369223140d28308cc84a4,1,1d2d3b19f5c3d093d4dbccd3cd963a8f,7ddcbb64b5bc1ef36ca8c151f6ec77df,2017-09-21 15:28:03,194.99,33.81
a34373cb005b62a933e6329b9e09f58f,1,9b526d1b3e58c9453221353c4368e075,093805f8f2aeb63881444571e1f48f30,2017-09-20 16:25:03,59.7,16.67
a350e8cd63ddb81fb38898d3666a5e8c,1,6a0713a63e990052795623e76cc2995e,d2374cbcbb3ca4ab1086534108cc3ab7,2017-09-27 20:25:16,72.9,18.08
a35d19174da638cd2d36dfd54c07749f,1,23bcd6822a33df5534f9b290216eec1f,ac3508719a1d8f5b7614b798f70af136,2017-10-02 16:14:16,129.9,21.75
a367ad4d7ff8e706555cc31af6b40ecb,1,dc2cab354de46ca82b8cf4cb24e16614,7c67e1448b00f6e969d365cea6b010ab,2017-10-09 12:49:37,129.99,30.75
a367ad4d7ff8e706555cc31af6b40ecb,2,dc2cab354de46ca82b8cf4cb24e16614,7c67e1448b00f6e969d365cea6b010ab,2017-10-09 12:49:37,129.99,30.75
a3680a328f9d1e30589963d953d29d61,1,64fb265487de2238627ce43fe8a67efc,4a3ca9315b744ce9f8e9374361493884,2017-09-12 23:10:15,99.9,13.72
a38c0e50b66c0d87a55e783e07f8b1aa,1,51f7f55fd98ebe9e84ecea4511e72358,dd2bdf855a9172734fbc3744021ae9b9,2017-10-26 18:04:16,169.9,21.68
a38d26fb97127e35808c504ef9872905,1,09c2dde20d43a2b79ec17fa25a5ad6b6,718539d38d07dd351c76db862760e2e2,2017-09-14 04:30:23,32.64,17.6
a39d2611275f47a82918e1e457b2ef38,1,d97e1fd728f059a776579e16c9e69e85,633ecdf879b94b5337cca303328e4a25,2017-09-28 18:24:34,299.0,16.84
a3a3b0aaa23eddcb93f63fad71f13391,1,9ac56c8e557ff9cf308163daeda7b26b,6d22a1fcebb6dd08c9cd90b92a93e8d0,2017-09-18 08:30:25,46.9,26.89
a3bb82a765bf828134959a50bdc5f8cc,1,df969ce58d2f301f941a09bc75558cd4,7a67c85e85bb2ce8582c35f2203ad736,2017-10-04 10:50:29,15.99,9.34
a3cb021819344fef213fb8b1bf340a8c,1,89aefaec68835e01b06728172633e47c,ab75b89cc49c9ab3160d0c91565a442a,2017-09-14 17:50:21,18.99,15.1
a3d361625a95b22581fc65362dc3d296,1,75c06ee06b201f9b6301d2b5e72993f8,3c7c4a49ec3c6550809089c6a2ca9370,2017-09-12 04:44:39,18.9,7.78
a3de5eef9ddc6e58758fb9d70e5bcad5,1,13b604480efd32bdb45d23fc99a1a1ee,b4ffb71f0cb1b1c3d63fad021ecf93e1,2017-09-27 03:34:45,14.95,14.1
a3f9bebb285f1758e8c3115c754d76d4,1,17c8d9777ad1009a904230d2728fa412,4371b634e0efc0e22b09b52907d9d469,2017-10-05 18:49:22,12.0,7.78
a42545a6644c3109108b573210cd4550,1,e5ae72c62ebfa708624f5029d609b160,9c0e69c7bf2619675bbadf47b43f655a,2017-09-12 14:35:11,61.9,8.27
a4319b6643948acd1eb9e4e0c8b0d473,1,048d97d0e3bf2fdb3f1d268b69396cdc,04e38a233f726ef161074ab1c9b0399a,2017-09-27 02:46:07,36.9,11.73
a43b47899fae27435d67c19684c2a5d3,1,7686fe49c98ae1c537b5cc51992f5d20,9d5a9018aee56acb367ba9c3f05d1d6a,2017-09-25 18:15:23,172.33,26.49
a43f06aa18fbe7db935630bd59aa0cdb,1,ead72457c58dcea14f94c2223c684716,4305fe92735c8a43d154ff6dd2b8d927,2017-09-21 15:10:11,139.9,17.42
a45087c16cf11897252052baabb332c0,1,3a135477bf41350a0b1d8afdf616d446,48436dade18ac8b2bce089ec2a041202,2017-09-07 21:50:24,149.9,16.81
a4575978f0926901f0b481061a24d73e,1,a88cfe5c20413ddeff0a060c4202d278,05f51e13da97139648b8125c31e5f51b,2017-09-08 12:04:00,399.9,85.34
a45ffe76ca47f57a1cdaf4d39b84c37d,1,e13f46cf68d356e0ac0f32058af20911,0ea22c1cfbdc755f86b9b54b39c16043,2017-09-19 15:34:45,24.9,16.79
a460ca3ed9ce9c3fe56e879d74050865,1,b6911a73311462653bc381da86a3a3c6,f8db351d8c4c4c22c6835c19a46f01b0,2017-10-02 11:35:18,16.9,15.1
a460ca3ed9ce9c3fe56e879d74050865,2,b6911a73311462653bc381da86a3a3c6,f8db351d8c4c4c22c6835c19a46f01b0,2017-10-02 11:35:18,16.9,15.1
a460ca3ed9ce9c3fe56e879d74050865,3,b6911a73311462653bc381da86a3a3c6,f8db351d8c4c4c22c6835c19a46f01b0,2017-10-02 11:35:18,16.9,15.1
a462c8de1c8c82abe3661cb123a167c4,1,e57eb018e37376580079825eb29a3419,b1fc4f64df5a0e8b6913ab38803c57a9,2017-09-13 14:43:55,80.0,14.31
a4714070c2ecaca755290f99b0726878,1,cf45cea95e6b4d46e80fe098eda10c8f,cc419e0650a3c5ba77189a1882b7556a,2017-09-13 04:35:22,84.99,14.34
a4a57f1ffa25b90dea9f150fee89db84,1,25d2c18566cb8238ee65ecb9ac0f701b,8e670472e453ba34a379331513d6aab1,2017-09-27 17:15:12,975.0,108.96
a4a82921d715a8e41c1f63842761f0df,1,378bb6601c068c842ca65be6c5e45ccd,8d79c8a04e42d722a75097ce5cbcf2ef,2017-09-28 13:04:14,27.5,9.74
a4ab908db8226d51e477fc3f81c3e27b,1,ee406bf28024d97771c4b1e8b7e8e219,7a67c85e85bb2ce8582c35f2203ad736,2017-09-21 18:06:48,149.99,17.3
a4ca973673139ab4959c3af923191c91,1,b9e88d457e276521ccb0b226f2f8f18f,3c487ae8f8d7542beff5788e2e0aea83,2017-09-25 03:35:09,329.9,19.59
a4ce473749f3d49434d83a58607881b6,1,588ea3decc0d8e1d19ce6160c5b0da1b,955fee9216a65b617aa5c0531780ce60,2017-09-15 15:30:27,150.0,12.25
a4d3d2773b4016fd346ced87e513885e,1,c8e3b23381d275296ec611061b616789,59fb871bf6f4522a87ba567b42dafecf,2017-10-04 23:49:19,299.99,10.29
a4d5fcb131fab3ac106ae40ac7042833,1,e0d64dcfaa3b6db5c54ca298ae101d05,4869f7a5dfa277a7dca6462dcf3b52b2,2017-09-28 22:44:17,158.0,33.56
a4d7798ee6134112ad2d8b3038c03cb1,1,73852ee3739732147010f2be732d597c,81336a0f57a33776419727a300249e90,2017-09-21 23:30:15,114.9,16.56
a4f1baba644a021e811a8fd82e838984,1,d0efdc4a1cc12f88f6a290fda8861fa7,a3e9a2c700480d9bb01fba070ba80a0e,2017-09-13 10:50:14,43.0,13.37
a4f65635b53078c1e039432eaa86e40d,1,2cf9ec82c2ca858baedfb2c2e5c06b6f,57c764b4a836300be881e2ff86e449f9,2017-09-11 15:25:26,9.9,15.1
a5019121adc7c53836f1542a4138c4bc,1,f1fe595ee7ef768b41bd9b246d13432d,81a1104df0f08b59c68aa5b03cfe398e,2017-10-09 06:34:44,99.9,16.95
a52686340f8f97da9e95d8acf0b515c0,1,519909332323abec396b19dddaebde3b,916c9de0b5ad957346eeeb12f332687e,2017-09-20 09:24:33,94.0,17.1
a54631fe619310f5beb87f833a0467e8,1,d189fbf8b5d79a670cebcaaad68d77b2,0d85bbda9889ce1f7e63778d24f346eb,2017-09-27 02:46:52,59.9,25.26
a5519d2a4e5aaee48134163456803e4c,1,e8b61f78db501ea0ca45677d1ca27de2,3d871de0142ce09b7081e2b9d1733cb1,2017-09-29 17:05:50,29.0,16.11
a55945f45b2bf0c2b8b3ffae52d10213,1,62d8daeee0db3a60c234c2d1bfd10651,d2374cbcbb3ca4ab1086534108cc3ab7,2017-09-27 15:30:16,24.9,11.85
a55e31edbee6ade731e6ab84a7a9438c,1,1a9336bcfd7544237cf44cf3de1f5530,9baf5cb77970f539089d09a38bcec5c3,2017-10-11 09:28:12,365.99,16.17
a5687fad50b2c6811e39e52523946210,1,ed2067a9c1f79553088a3c67b99a9f97,cbd996ad3c1b7dc71fd0e5f5df9087e2,2017-10-05 20:56:22,56.97,16.16
a56954062ba1fb4580bb7f36d175e552,1,5f5ee6e720308ce93007ce17c0835883,3a734b715d333a2588a3d54a0c9b8746,2017-09-21 02:24:53,117.0,9.01
a5699e91157fd53a3c93f645452e88bd,1,ee406bf28024d97771c4b1e8b7e8e219,7a67c85e85bb2ce8582c35f2203ad736,2017-09-25 03:30:28,149.99,19.29
a56c56edb4506114d21cb22affa258f9,1,b621b4b501b679f21cf155135207503b,7b1222c3624aa89b9558b50a2594188c,2017-09-20 17:10:19,409.99,36.67
a5a2ab9022d563da450076220e56d658,1,524cace8752843f12129d6ecfae9c7cb,4003520d80d0bad1d5623f7aa3c63cda,2017-10-02 21:04:53,70.0,16.74
a5a5b331d29606783958e39e046d4024,1,0a71a1f1eefa516fe0d1121e9ad00f75,daeb5653dd96c1b11860f72209795012,2017-10-04 21:15:13,23.9,14.1
a5d3d2b978722a86e82f2b7bd0567840,1,c354569eefd558bf201d0aedf35608ed,822166ed1e47908f7cfb49946d03c726,2017-10-05 02:30:47,49.9,23.19
a5d3d2b978722a86e82f2b7bd0567840,2,4cc8bfa581f41841ce5e24aba773a44a,1835b56ce799e6a4dc4eddc053f04066,2017-10-05 02:30:47,56.99,5.66
a5de49b89abc3dc11c62233db13c771c,1,564f6ff7ae760d6eda6d32c551724036,da8622b14eb17ae2831f4ac5b9dab84a,2017-09-21 16:35:14,179.9,21.75
a5ec79abdf99faceb5f0c305185ef7f5,1,87d87bc896790e32575a4a78c8ccb983,e5d4b2b0c3bca22085f7a19a28de0c42,2017-10-05 02:31:14,33.0,15.79
a5fd921fa8875df40e98823f080b238b,1,37bc5c7b7dca15cfcbe282fb0dd0bab3,7722b1df1b0e383e000397b2c11e3e19,2017-09-13 12:04:18,19.9,14.1
a61151bf7c6ab99c973aafb3382f4781,1,20daef67faad9f39084ec8812b1dc6b4,94144541854e298c2d976cb893b81343,2017-09-18 12:10:18,40.9,54.02
a619ec6622eccfa387cc9528136c92dc,1,01a52711e989a817ab8100ddcf8d2940,06bb3a2fe5e7b7a845b13e8fb91bd944,2017-09-27 14:50:16,129.9,12.61
a6288d192f3399f630e89e96f1079cf2,1,a082e9e8862e9af2f5a67c2dd1594010,76d5af76d0271110f9af36c92573f765,2017-10-04 12:28:29,570.9,22.72
a646e30f512cd6a45275f8808e6bc676,1,288dbc06591742c5d7fe90fbfb08943e,9add47bf45ce8e8c7db6b9cf670b1e09,2017-09-08 19:35:09,109.8,18.39
a6471477bb9173349168eecdc8871ed5,1,afa545a68cd944454da238793813a4d8,058cb5aeb36d7c0fcae20fc85d5e0a59,2017-10-02 12:24:19,92.0,47.36
a65450e1eea508ae15573d9c254966ae,1,c2ece64199af7a53793ed9612a89a8cd,6c7d50c24b3ccd2fd83b44d8bb34e073,2017-10-04 09:56:44,75.0,23.4
a660bfa45084c51dc2873306f0c107fb,1,8de310188938fc8abfe1aa7ee927ccd2,1da3aeb70d7989d1e6d9b0e887f97c23,2017-10-03 23:14:16,9.99,14.1
a660bfa45084c51dc2873306f0c107fb,2,8de310188938fc8abfe1aa7ee927ccd2,1da3aeb70d7989d1e6d9b0e887f97c23,2017-10-03 23:14:16,9.99,14.1
a66765fe402323e56c6304674dea53ec,1,4e0d588f8e002f2bad9cbe0b8f66f6f6,fc906263ca5083d09dce42fe02247800,2017-09-14 11:45:40,39.9,15.79
a6711e454e2bbe3bb021ec7fcfd3c6ac,1,5eeb7a5563e8de6571e6ef18a65477c8,70a12e78e608ac31179aea7f8422044b,2017-09-18 21:23:28,110.0,12.27
a682884fc7e0c219845271d055f93a74,1,38f3677364ecf032090b33915b155161,ce7d1888639e6fb06b2749cbfdac1ff7,2017-10-04 03:05:21,138.0,25.81
a68d55e37069898482bef61866cac7f4,1,880be32f4db1d9f6e2bec38fb6ac23ab,fa40cc5b934574b62717c68f3d678b6d,2017-09-14 01:30:17,44.9,7.78
a6a167269a035bae64d9f5a38172c5c7,1,ffc9d90bae2127e6a6ce6d6654267ebd,9b00ed88b7fdb95d6ff76e27c1b52d16,2017-09-22 18:10:31,36.0,7.78
a6aca33fc83c5123ddd8a3e92d825d48,1,7c1bd920dbdf22470b68bde975dd3ccf,cc419e0650a3c5ba77189a1882b7556a,2017-10-03 21:04:50,58.99,11.73
a6aeb116d2cb5013eb8a94585b71ffef,1,163e6400e6dadd0fe04775c5e9331fda,855668e0971d4dfd7bef1b6a4133b41b,2017-09-19 14:44:39,50.0,9.34
a6b0569fe3c4f86e7604914120e06df1,1,659c04245988705deac370b5d5ca1db4,fa1c13f2614d7b5c4749cbc52fecda94,2017-09-11 10:50:11,179.9,16.01
a6b9f6bcd95a0ddbaa7194536b3cd00e,1,b0ff378136f25567d2913b3bf7fd7ea1,c3867b4666c7d76867627c2f7fb22e21,2017-09-13 09:24:50,218.0,13.87
a6c5f5ee344a95643f3dae437286ed87,1,3e7ca2ff3d372303c5773c8018746fc2,05f51e13da97139648b8125c31e5f51b,2017-09-26 12:55:18,64.99,15.2
a6cf71d9fd08019c865e09285ef911b8,1,c81cd71a00c2928c93e3f91cabd99582,c3867b4666c7d76867627c2f7fb22e21,2017-09-11 21:05:36,210.0,18.72
a6d7ec86cdee674d7af1adaf72f05cb3,1,6c3effec7c8ddba466d4f03f982c7aa3,37515688008a7a40ac93e3b2e4ab203f,2017-09-20 02:55:30,19.9,11.85
a6e963c11e80432334e984ead4797a8b,1,dc52f0f5d3ec37a93eaf956cde4e5d2c,6560211a19b47992c3666cc44a7e94c0,2017-09-27 22:46:45,49.0,14.1
a701b3fe16d0e0734d666d1872df2ca4,1,461f43be3bdf8844e65b62d9ac2c7a5a,4869f7a5dfa277a7dca6462dcf3b52b2,2017-10-06 13:49:55,159.9,15.87
a7052bcfd0db0734e92716ce1a188143,1,dd6d43bda53615e4256be41869079f9a,9646c3513289980f17226a2fc4720dbd,2017-09-13 16:50:16,36.0,25.63
a7068cfd6d38617e2a752a01e40230f5,1,db31f6c4f2b2a910fab39406640ef294,0c8380b62e38e8a1e6adbeba7eb9688c,2017-09-18 16:30:23,29.9,16.11
a7068cfd6d38617e2a752a01e40230f5,2,db31f6c4f2b2a910fab39406640ef294,0c8380b62e38e8a1e6adbeba7eb9688c,2017-09-18 16:30:23,29.9,16.11
a713bcbeca6421f5c01ea32964ac2b94,1,e3144d54af34133a585de8b475dfc57b,080102cd0a76b09e0dcf55fcacc60e05,2017-10-05 16:24:36,53.99,15.13
a719d9c7b821a18da2ea4ddba7f3400d,1,ffd259a48b9b073c942884d0f3659566,4305fe92735c8a43d154ff6dd2b8d927,2017-09-19 16:35:16,199.0,17.83
a72c3152ab2259acdae64303a9a12efc,1,3e31fd1419cc4cd6adad1925e72e3a03,48436dade18ac8b2bce089ec2a041202,2017-09-12 20:55:20,58.9,34.21
a72d1276fd9d74c154120c3a11eba771,1,37bfa14183ddce17983a1980a3337042,d2f3e277560ed4c6361284429b00f037,2017-09-13 02:50:17,50.5,25.19
a732abf936fdc135108293662d03b027,1,cb57afec681197430ddab41d90304aba,2e1c9f22be269ef4643f826c9e650a52,2017-09-20 02:55:39,47.49,14.1
a735c714af04db9006e86cdb6f1e6997,1,d59c0d70d5a3ca1414b6798c7d939d30,fa1c13f2614d7b5c4749cbc52fecda94,2017-09-19 23:05:40,219.9,26.82
a739bf4717343c5f9c84196b61a9c53f,1,d6160fb7873f184099d9bc95e30376af,53243585a1d6dc2643021fd1853d8905,2017-09-14 19:03:47,1549.99,40.26
a74120d5c086c0961b39f42282094ab3,1,c0350d6ac413eda4641bf92ab687f1b5,f214d28e8d8e3ef068748498ccc2f813,2017-09-18 18:55:13,39.99,11.85
a742f2cdf4187d253324d6b85675d2ad,1,b5e13c9a353102f79c6206ff5cb61a50,a49928bcdf77c55c6d6e05e09a9b4ca5,2017-09-13 18:50:19,79.9,16.81
a742f2cdf4187d253324d6b85675d2ad,2,b5e13c9a353102f79c6206ff5cb61a50,a49928bcdf77c55c6d6e05e09a9b4ca5,2017-09-13 18:50:19,79.9,16.81
a7547df661853b46be845a86e17e525b,1,e7d26dd6742baca292020c158e6720c3,6cd68b3ed6d59aaa9fece558ad360c0a,2017-09-26 09:55:28,54.9,15.82
a794d432d0990aa47220cda510a0a872,1,04af9f3af5c6afc4eece909c25330934,6560211a19b47992c3666cc44a7e94c0,2017-09-21 01:10:38,129.0,15.51
a794d432d0990aa47220cda510a0a872,2,15fdd6032f35d4add5066fb90be28630,6560211a19b47992c3666cc44a7e94c0,2017-09-21 01:10:38,89.0,15.51
a79648ef5e1a257af5fde4c5f27040da,1,d321d5e90b24cba895f0564fc3e15a84,aafe36600ce604f205b86b5084d3d767,2017-09-27 19:24:21,59.9,15.18
a79c4dca347540e1263b2b750b92d8ab,1,d254a74f52754b787c8c54f0e76d6214,fa1a9dec3a9940c072684a46728bf1fc,2017-09-12 04:24:24,135.9,18.2
a7a6f07430f4582429b12cd0c2bcfd3e,1,c6ea63369936552872ae890c82175b4b,37be5a7c751166fbc5f8ccba4119e043,2017-09-15 13:44:06,189.9,14.93
a7c10c89aba6e6e8168c8e1566385f08,1,bd84287687cd6471cc78eee8ed6a6a8e,2e1c9f22be269ef4643f826c9e650a52,2017-09-18 04:30:54,43.49,14.1
a7c5e8acbc8e06069ca0b62930aef0d2,1,ed2067a9c1f79553088a3c67b99a9f97,cbd996ad3c1b7dc71fd0e5f5df9087e2,2017-10-08 22:44:12,56.97,16.16
a7d0f5630dc1881470f6308869e95893,1,81fe540cb0119e1d4ef5f191701b3cb9,bc2ac6b95e1accce9858528ee566c17e,2017-09-21 09:15:14,63.0,9.34
a7dde6878527f0d1731d370978ba2849,1,57c806e92eec9168ff2065cc65375576,ce27a3cc3c8cc1ea79d11e561e9bebb6,2017-09-22 12:30:19,30.0,11.85
a7ef7ca02054a53c7236c868d59acedb,1,99025f5f3c5b28d7598894c93f120308,46ef1a25845fc051c2998d878354810c,2017-09-24 22:35:19,56.06,19.25
a7f051d652980403c34f1f734ec4f82d,1,8e312c483d79e02dbc1d68cce77e26c8,cfb1a033743668a192316f3c6d1d2671,2017-09-22 14:30:30,28.9,9.27
a805ad38c6962dfe3c42effceddb6a3f,1,2d27434c710806b971a721da337a112a,6560211a19b47992c3666cc44a7e94c0,2017-09-26 02:10:37,39.0,14.1
a806770e48c22cc0c2607982f3e87e30,1,d6160fb7873f184099d9bc95e30376af,53243585a1d6dc2643021fd1853d8905,2017-09-08 14:15:19,1300.0,51.51
a80a4dd2b9980b28322554cdb0477b85,1,dc0fe1906bacc99199eb46fce442e1de,b1ac6ea7895bc3dd6f0f6f4abbdd2821,2017-09-28 20:25:11,59.0,14.14
a80d320548df722e3676bfd8d636825e,1,937ac3a2f4aec64b560e6423fb50aee9,9674754b5a0cb32b638cec001178f799,2017-09-20 20:35:13,17.8,9.34
a8224a3529e84b453dd1681ad5788e61,1,ebee6703e867082f455a058a8bd04092,fc906263ca5083d09dce42fe02247800,2017-09-21 18:10:17,29.9,16.79
a844daee74fb53c1529f299ffef7444f,1,ccadfeab525a9eb1569983b66e5075c4,33576ec5412fb5905d876f12f33bfde6,2017-09-26 23:30:14,79.0,15.99
a84565af4cdf9483cc1cf6b94686a95f,1,957192c198a5b58aa452ca6b1d04d837,d9442042130b7fe579d1295f9f4a248f,2017-09-15 20:15:24,42.9,17.06
a8715df62ddbba56b77f5ac4ecf71d4f,1,dd1391f8da0f3ec40ba009eabfbffb7a,6ec1a01e866584bb679eb9b098345919,2017-09-18 17:55:26,185.99,18.55
a8a6a00e8c77c47036c858cd31616c06,1,37108281cfb6d9fa07baf471f27eed76,c8417879a15366a17c30af34c798c332,2017-10-04 20:28:10,29.0,14.1
a8aa5290a4b5eecc608328c7438ffc2b,1,5d0a7cb413c5b59233c57177fe2f20b0,fa40cc5b934574b62717c68f3d678b6d,2017-10-03 02:49:36,49.9,7.78
a8ab4d61b3fd92a9aa110f5940434d1e,1,3adb4888b6e99ae73176ac7979dc03a0,bd4889b5e9133b35b66e42a8665cea5c,2017-09-20 20:55:12,165.0,21.55
a8ab4d61b3fd92a9aa110f5940434d1e,2,3adb4888b6e99ae73176ac7979dc03a0,bd4889b5e9133b35b66e42a8665cea5c,2017-09-20 20:55:12,165.0,21.55
a8c17d4b336d73e8162c709bc88b7c18,1,c354569eefd558bf201d0aedf35608ed,822166ed1e47908f7cfb49946d03c726,2017-10-04 21:14:15,49.9,17.92
a8c17d4b336d73e8162c709bc88b7c18,2,c354569eefd558bf201d0aedf35608ed,822166ed1e47908f7cfb49946d03c726,2017-10-04 21:14:15,49.9,17.92
a8c7e8c088aabc1cd41eb0161f0c7757,1,4a211fb7f2b6822d48f63629207a9f7e,9674754b5a0cb32b638cec001178f799,2017-09-13 21:10:12,15.9,16.11
a8e749cb4760cabeff096908c2c6779c,1,2a7906396f06c254b7b32a8ed3e45894,7e3f87d16fb353f408d467e74fbd8014,2017-10-04 10:50:08,65.9,17.74
a8eed0db5f225dedde3f0edcdf9ee3ed,1,3fc18e3aefe7b9346bd15de863fa0365,53e4c6e0f4312d4d2107a8c9cddf45cd,2017-10-09 03:49:25,71.0,13.08
a8efe989c98ee6abeb71302e009de4e1,1,11fe97e9c97411c66289ebbf9ddbd789,dfc5fb7259bb2b599ca565e6e9448f0f,2017-09-13 02:44:07,179.99,10.07
a8f181d60a5b59513087247b0c3cb348,1,e06f0f9571ab1f5a365ef8b691bf6c2f,cca3071e3e9bb7d12640c9fbe2301306,2017-10-05 12:14:21,52.64,16.81
a8f60b9282c2f8e193d23d668bb74fa3,1,95d9994fadaf3720792cb0f1db17f782,0d85bbda9889ce1f7e63778d24f346eb,2017-09-20 10:50:13,58.9,16.17
a8f60b9282c2f8e193d23d668bb74fa3,2,95d9994fadaf3720792cb0f1db17f782,0d85bbda9889ce1f7e63778d24f346eb,2017-09-20 10:50:13,58.9,16.17
a90935cd3ef2041119e57ab117b352c1,1,7fb3f37949847dce3f2a1b81d4445f55,827f8f69dfa529c561901c4f2e0f332f,2017-09-12 21:30:17,27.9,25.38
a910f58086d58b3ae6f37aa712d377b9,1,75d6b6963340c6063f7f4cfcccfe6a30,cc419e0650a3c5ba77189a1882b7556a,2017-09-22 09:35:18,56.99,15.84
a910f58086d58b3ae6f37aa712d377b9,2,75d6b6963340c6063f7f4cfcccfe6a30,cc419e0650a3c5ba77189a1882b7556a,2017-09-22 09:35:18,56.99,15.84
a91ea78c7808987db65e5b5b21666047,1,3a16a1a14bd38281492d2a047c96e04d,6338ea67c41078a46ad99cc009654956,2017-09-15 19:05:10,36.0,37.9
a92334f188d0def0f230671c7dec9b0e,1,d938227f7f7591d77e900cf3df3a645d,5c243662ce92d84573bfaff24c3e3700,2017-09-15 10:55:32,136.9,27.37
a92334f188d0def0f230671c7dec9b0e,2,d938227f7f7591d77e900cf3df3a645d,5c243662ce92d84573bfaff24c3e3700,2017-09-15 10:55:32,136.9,27.37
a92c76269cd2be64008c82c84d6e5d48,1,7b1c12cfed7333cdc1dc8e4a20752613,f8e2c1b59cd4225a3e4fd0d013a76b93,2017-09-13 10:30:22,89.9,16.39
a92c76269cd2be64008c82c84d6e5d48,2,7b1c12cfed7333cdc1dc8e4a20752613,f8e2c1b59cd4225a3e4fd0d013a76b93,2017-09-13 10:30:22,89.9,16.39
a92da206ef6383c3faea2be21c673e5d,1,da97969972a524bca894f97ea6bcff90,d2374cbcbb3ca4ab1086534108cc3ab7,2017-10-04 19:04:51,29.9,16.11
a93894c6c9f88bd148b7fa62169a6532,1,ccadfeab525a9eb1569983b66e5075c4,33576ec5412fb5905d876f12f33bfde6,2017-09-29 08:10:07,79.0,14.3
a9514842c946fff73632509db47cc683,1,bfdd5b3ebd8caed3cbd037fd900ac21c,f7496d659ca9fdaf323c0aae84176632,2017-09-27 20:43:26,69.9,16.74
a95424d8e778a0353400a1215b82210d,1,ad7c531c2001111873dcfed9d8317439,7a67c85e85bb2ce8582c35f2203ad736,2017-09-28 00:34:09,59.99,19.66
a9953b2f0b1665ac7586cc5a6ac8f58c,1,86b7e59b8c6473f95f439aa2d445d879,9baf5cb77970f539089d09a38bcec5c3,2017-09-26 20:44:13,149.99,21.54
a996de878f5347137d45b75fa47cd312,1,b06e4ddd013b4a1a81e80fe575d9b762,cca3071e3e9bb7d12640c9fbe2301306,2017-09-12 23:30:20,87.85,17.86
a9a38bf05e94ce11495d6c4402730a56,1,d017a2151d543a9885604dc62a3d9dcc,6560211a19b47992c3666cc44a7e94c0,2017-09-12 18:55:18,49.0,7.78
a9aa7a1967b25653be2df8c6bdba2fd2,1,c4baedd846ed09b85f78a781b522f126,a1043bafd471dff536d0c462352beb48,2017-09-22 19:55:09,99.0,38.21
a9d12173450be22cabf7f56bfebc2565,1,9ddc4249779322828f89d2a9c04f7ee1,9d5a9018aee56acb367ba9c3f05d1d6a,2017-09-25 20:55:09,112.33,18.39
a9d12173450be22cabf7f56bfebc2565,2,efdd9c83779dc22fdcbfdce64ffef671,9d5a9018aee56acb367ba9c3f05d1d6a,2017-09-25 20:55:09,63.33,2.21
a9d502365a8302d96f5d9e6e0a24a29a,1,d5fed880134ce611f8890b37cb996626,a3a38f4affed601eb87a97788c949667,2017-10-02 17:49:09,34.99,16.11
a9eff8f70def39eb9133c1861c49ee76,1,88a1223b29fac4c3abef8d1369dbbaea,5abb8ea023c77787f2c15da891c8d384,2017-09-21 17:44:27,69.0,33.84
a9f2178e0d196086f0124a23965d79f5,1,46cc07237660346018f8838ae0b7ed2b,8cbac7e12637ed9cffa18c7875207478,2017-09-07 22:31:29,52.5,26.91
a9f2178e0d196086f0124a23965d79f5,2,46cc07237660346018f8838ae0b7ed2b,8cbac7e12637ed9cffa18c7875207478,2017-09-07 22:31:29,52.5,26.91
aa0cb1c340fa8ff2e4a09780d829e118,1,edfbb2566914ddd223d3bd6fa1e9693c,8b28d096634035667e8263d57ba3368c,2017-09-24 22:45:48,304.9,16.88
aa0cbb40775d50f0535c3e4a38603b3c,1,f538d01bc771eed83997a9e729627b73,9d5a9018aee56acb367ba9c3f05d1d6a,2017-09-12 04:15:21,25.33,15.79
aa0cbb40775d50f0535c3e4a38603b3c,2,f538d01bc771eed83997a9e729627b73,9d5a9018aee56acb367ba9c3f05d1d6a,2017-09-12 04:15:21,25.33,15.79
aa11f70af7c222af9439091bbe59e8f9,1,fecf6223a3494f35362f670e571d2a04,3db66a856d18a9cba7c9241fc5221c50,2017-09-21 10:50:26,69.9,13.51
aa168056de685bc1be4c86543a14a845,1,49e17e3b00f741e344c5a9dcbce8cf62,cd68562d3f44870c08922d380acae552,2017-09-14 13:43:49,39.0,15.1
aa1ec064e8eb975121269dee2a451592,1,e2e426d1332240070b0a836a854d057b,cce6ab8d1682639fe45ab70234f1665f,2017-10-04 20:24:33,40.0,18.59
aa1f345bb394d4b91fea04c459da45c4,1,c329abd2a10fad4a2f83377956328c67,8b28d096634035667e8263d57ba3368c,2017-09-25 11:28:01,57.8,16.84
aa55555c927df6a9f421ab6fab013656,1,57a40ebc5f8a0fdaa5e195b39bbeb2d5,a17f621c590ea0fab3d5d883e1630ec6,2017-09-20 13:37:05,44.32,15.1
aa5604bf192f6ee61a0ef7b63fed898c,1,223d34a3d9334039f5ff9511dc044bbb,53243585a1d6dc2643021fd1853d8905,2017-09-18 12:55:17,209.0,20.0
aa7565b87e9b5f1ecf8b8ea7f745899c,1,7c1bd920dbdf22470b68bde975dd3ccf,cc419e0650a3c5ba77189a1882b7556a,2017-09-20 17:27:55,58.99,11.73
aa7ad6a7e355155075a22ce9de8664da,1,d24dd388a7b9f9c2efcbad7dc6cca05f,b76dba6c951ab00dc4edf0a1aa88037e,2017-09-11 16:50:19,16.97,7.78
aa8b6e3167ddb35c1f7fa63717f8cc37,1,542b3d80712d51eefe3a3cd1c5f4e8fe,537eb890efff034a88679788b647c564,2017-09-29 12:15:20,37.9,14.1
aa9113495d5498b01ea4a235c64f2849,1,4419a1c234d848b2bc86c53b222499b2,cd68562d3f44870c08922d380acae552,2017-09-15 19:10:09,119.0,15.58
aaa67a6164a6f353f9da9ab91dcd2509,1,5d096ee78b3150e1dcab797e13884824,53e4c6e0f4312d4d2107a8c9cddf45cd,2017-09-28 20:10:14,64.99,11.73
aaab824b480222c061bba0fa4886308e,1,7e6bbdc9a339f86e15eb6091c994a1a1,cca3071e3e9bb7d12640c9fbe2301306,2017-09-19 16:35:09,59.9,17.67
aaabb4935fd6db331104e2cf134d60d8,1,11fcf75cb0f15b4e28842db20b062850,d20b021d3efdf267a402c402a48ea64b,2017-09-21 13:05:16,79.99,17.81
aaba8a4672d1dc9afd30ac83b4c024f0,1,776ef0ee36e20757c513e64903f1fa8a,70a12e78e608ac31179aea7f8422044b,2017-09-12 04:44:10,98.0,38.24
aabe1992dfd41572e06cf1df1459516a,1,c7e54083cd8be3b0906b7f34e4a61bfb,86ccac0b835037332a596a33b6949ee1,2017-09-12 04:24:42,29.93,15.1
aabef7825827b312f3daca39aa009810,1,2fe4cc1e76752c674b18a250ab1acbd2,e9779976487b77c6d4ac45f75ec7afe9,2017-09-28 17:25:15,113.45,15.54
aac15589b232e9722429d3a06a547b6d,1,c6ea63369936552872ae890c82175b4b,37be5a7c751166fbc5f8ccba4119e043,2017-09-25 19:30:10,158.0,25.95
aac66aa37e3c8d0fcc9571062fabb261,1,efa8552bedf9407db4b7b26dd5a84d88,8cbac7e12637ed9cffa18c7875207478,2017-10-04 18:28:24,25.0,17.92
aae5882b35279b55f02104b5ff4a50da,1,40cb7bb3d30559b9b6c4fb62bc837962,cca3071e3e9bb7d12640c9fbe2301306,2017-09-21 02:26:05,52.64,11.87
aafd24ce72f716e644f9d4012e1afcda,1,83d199d296c44101c8c3b5c9c0cce9ea,850f4f8af5ea87287ac68de36e29107f,2017-09-20 13:15:12,69.99,12.83
aafd24ce72f716e644f9d4012e1afcda,2,83d199d296c44101c8c3b5c9c0cce9ea,850f4f8af5ea87287ac68de36e29107f,2017-09-20 13:15:12,69.99,12.83
ab036b681f93c56caee93990cecf22ce,1,b7d35019c9f8e0eeff52b36a59eec8e8,59417c56835dd8e2e72f91f809cd4092,2017-10-05 03:35:11,1890.0,46.5
ab1197da15cbff2ec70e2d58824ebaf9,1,473795a355d29305c3ea6b156833adf5,620c87c171fb2a6dd6e8bb4dec959fc6,2017-09-11 20:55:17,59.9,15.17
ab25c53c5259e107072732c1bae15244,1,c3ae2001a36724730fbc90605b9278e2,7d76b645482be4a332374e8223836592,2017-09-20 02:55:34,19.9,17.63
ab3049853be314c3dcc3721cea4438e1,1,4e0f5e97804431100c5bded078a48df9,bfd27a966d91cfaafdb25d076585f0da,2017-09-21 08:44:08,155.0,14.11
ab459ccd2e24ef6d6390517c8b9809a4,1,c7fd13b5e515bffdab855d0812842edb,1025f0e2d44d7041d6cf58b6550e0bfa,2017-09-28 02:45:51,78.0,16.31
ab459ccd2e24ef6d6390517c8b9809a4,2,c7fd13b5e515bffdab855d0812842edb,1025f0e2d44d7041d6cf58b6550e0bfa,2017-09-28 02:45:51,78.0,16.31
ab5f199b8bdeb7e529bd36b79766cdc6,1,25f86162fee18735fffdb762dcb10d7c,1a3df491d1c4f1589fc2b934ada68bf2,2017-10-03 06:34:36,159.9,14.51
ab5f90eadc79573fb310e7c66e05ae19,1,794c86fac605d182da0e2e7965c047f6,6e864f5c4669eff3d98140a07cc50202,2017-09-25 03:35:21,19.9,7.78
ab7247404a9215230d6977f0e1dfe5fb,1,a84d0660dbffebf352aefbf1a6b18d00,6560211a19b47992c3666cc44a7e94c0,2017-09-12 21:43:44,29.0,16.79
ab7544e83b5c2c2408039d0700064951,1,31dd3d3901e7b2755c96ed255b26dd0a,b5e3e38609125694d2ea2417522a60b7,2017-09-21 16:25:18,99.99,15.45
ab77be4cf9bf132ca4d82049e786e528,1,99a4788cb24856965c36a24e339b6058,4a3ca9315b744ce9f8e9374361493884,2017-09-25 03:35:08,89.9,21.12
ab7a8658101e73890405c44226932c35,1,ac8e7cf3a658f63dc68dd7f3b8b5f97b,218d46b86c1881d022bce9c68a7d4b15,2017-09-12 21:15:22,107.0,37.89
aba8a6306a353cb28d5358c585fabe75,1,4d614d466f2eba2e50e683ebb1460351,4e922959ae960d389249c378d1c939f5,2017-09-21 04:50:27,30.0,15.1
abb7c138395463396390ee722de3f80b,1,a45af86c4a7948f5fabbb5b0132475cd,e63e8bfa530fb16910dd6956e592bb81,2017-09-13 02:55:12,28.9,17.63
abb8bdeeece22706515f5f4b05d73d96,1,95768ce3d7cef075f6a562d2716187b4,412a4720f3e9431b4afa1476a1acddbe,2017-10-02 12:24:16,72.0,13.52
abc18731ca4cab4fbe4c9e29e2a700ea,1,142f698ead085dede05f43a7ea54e931,c3867b4666c7d76867627c2f7fb22e21,2017-09-29 02:30:18,54.0,27.76
abc3e842e38ace4030133da4ebd501f5,1,4c05be00027392c898ab59a94fad2151,5f1dc28029d2c244352a68107ec2b542,2017-10-05 20:35:11,50.9,8.72
abc3e842e38ace4030133da4ebd501f5,2,4c05be00027392c898ab59a94fad2151,5f1dc28029d2c244352a68107ec2b542,2017-10-05 20:35:11,50.9,8.72
abe4bb0d5f5e83b74e08e54f5aef8c35,1,063595b8c2acd495d650be922916fbff,e0a366315b1b726b6c7832d664c0f530,2017-10-06 01:32:48,179.99,12.46
abefedeaf61ad043302fe9d2837a9772,1,cd4536501f4e8486f233ea0c0e7e1ee8,1da3aeb70d7989d1e6d9b0e887f97c23,2017-09-20 01:05:42,54.99,17.95
abefedeaf61ad043302fe9d2837a9772,2,cd4536501f4e8486f233ea0c0e7e1ee8,1da3aeb70d7989d1e6d9b0e887f97c23,2017-09-20 01:05:42,54.99,17.95
abf477397730e4da1404a016e901f543,1,fb783e3e545937820b57fe539b2c5a6c,da8622b14eb17ae2831f4ac5b9dab84a,2017-10-01 22:15:20,99.9,17.95
ac0716aa90541fcb9f100e8a7b38e2bf,1,8b4d1b3f6edcc74d027e598a572ddcae,e48cc16ab70bfa09e1401740dce0b3d7,2017-10-04 10:28:21,60.99,12.77
ac1213003a72f088e0491cec47363902,1,d7423500e1911ba5972c229b2fb974ca,7299e27ed73d2ad986de7f7c77d919fa,2017-09-08 03:04:34,69.99,15.24
ac28887de5f5bbd520cb77370e8b219d,1,83d199d296c44101c8c3b5c9c0cce9ea,850f4f8af5ea87287ac68de36e29107f,2017-10-05 15:04:29,69.99,9.34
ac3ae04e5a2751b8cfd9baaa3dc58638,1,73a79a46f21913c65ebb8071f480ee11,5160d23075764e18e07c1f4a87fad743,2017-09-21 15:30:30,75.0,7.78
ac44d431499dd1f572a4dc7408581e7f,1,ca38c039b717207dec906f4fa9a21db7,01bcc9d254a0143f0ce9791b960b2a47,2017-10-04 13:05:10,158.7,14.26
ac56c167333aca5b20ab180d2f00079e,1,35afc973633aaeb6b877ff57b2793310,4a3ca9315b744ce9f8e9374361493884,2017-09-21 07:10:16,89.9,19.5
ac56c167333aca5b20ab180d2f00079e,2,99a4788cb24856965c36a24e339b6058,4a3ca9315b744ce9f8e9374361493884,2017-09-21 07:10:16,89.9,19.5
ac58bda50dfac642d4f72dbf95a1c179,1,05f581382fca988fec41f4a3de0e0fda,4ebdc7e6cd6102a022dadc49156d4ea8,2017-09-21 23:07:17,25.9,21.15
ac67d8fc34e7d40fe10f3f99609eea60,1,2944c269bc95271a46f4c63f07149b0a,432c37c9dfba871172ec162e20118b8c,2017-09-29 15:44:22,31.0,16.79
ac6c9728a9a697625d944597f41b8387,1,63085bb4366ded27bcb63cbb59b4103a,5dceca129747e92ff8ef7a997dc4f8ca,2017-09-21 09:45:14,388.0,22.21
aca16651c2ea740d8dbad0da8c5fec2d,1,b8748a4a2330a08837c8a22664e31f5e,0c7533c71df861ec58ad7ff999ed0e8d,2017-09-18 14:15:13,19.9,8.72
aca60cec1bc8f1050c9e956312201026,1,e193bec343dfdd0f91d03a073c1ae3aa,46dc3b2cc0980fb8ec44634e21d2718e,2017-09-25 20:25:16,799.99,40.49
acaaf1ded8aad100b7760b0ba16aad86,1,223d34a3d9334039f5ff9511dc044bbb,53243585a1d6dc2643021fd1853d8905,2017-09-18 04:26:08,209.0,28.0
acb09adeef280bd9475bbc0fed1eb8ee,1,57f2bc497c1a3ebe41ba7a06d78ed159,6560211a19b47992c3666cc44a7e94c0,2017-09-21 02:10:45,55.0,7.78
acb7a021e51917d7f0aa4a7567c5717a,1,3bf95cf337a8c87435a2949c48350fc7,e9779976487b77c6d4ac45f75ec7afe9,2017-09-25 03:36:32,99.49,17.14
acc63e67e1183626b3dff99dc8c9f9b6,1,8844bd4b8ca8f93603694ca2bceb77e9,cc419e0650a3c5ba77189a1882b7556a,2017-10-03 03:56:26,84.99,9.41
accbeaeaa58ec74bdebcb425e6336a38,1,75d6b6963340c6063f7f4cfcccfe6a30,cc419e0650a3c5ba77189a1882b7556a,2017-10-03 17:35:31,56.99,14.15
acd1ab087bd68263c7eaf9a67df3da92,1,b0961721fd839e9982420e807758a2a6,1f50f920176fa81dab994f9023523100,2017-09-14 14:25:16,59.9,13.44
acd788596773fb4328703c9ea80a1913,1,b37d494fac3555124cd9562148fd3d05,c864036feaab8c1659f65ea4faebe1da,2017-10-02 10:49:12,109.9,21.26
ace65bba8999142113cd63d84a6a71e9,1,75d6b6963340c6063f7f4cfcccfe6a30,cc419e0650a3c5ba77189a1882b7556a,2017-09-19 12:05:09,56.99,15.15
acec051085be2d0f06efc5fd2f9037c9,1,b01d34f6d2545269d348181768eca049,6560211a19b47992c3666cc44a7e94c0,2017-09-19 20:25:11,55.0,11.89
acf63fc70f653d6bd063dafc3701eafe,1,df7602d6d6510cb4e44764939fb8fd1f,1da3aeb70d7989d1e6d9b0e887f97c23,2017-09-28 11:44:35,149.99,19.93
ada2aa22aa5d4a7ae4092124f8974813,1,5b226d7c52f86ac72457617f78cff95d,1835b56ce799e6a4dc4eddc053f04066,2017-10-02 19:49:15,56.99,12.74
adb271230fcb815525a44dc582e2aca4,1,83fe1ea6fd12c51fcd341a9968e65cc3,a3a38f4affed601eb87a97788c949667,2017-09-08 01:55:09,44.9,17.6
adbac4b12d94ba3f3e7c47dfe548fc81,1,583f158587cdecda3e8bdea694021e39,955fee9216a65b617aa5c0531780ce60,2017-09-21 12:35:09,45.0,9.34
adc12f10b0d49b969eeff04bfef21427,1,1612209b0b37fbe80e1e8e1b7d19ca1d,87142160b41353c4e5fca2360caf6f92,2017-09-29 03:44:23,99.0,36.86
adcb2eeef370c9bf98f5d1e975397950,1,35ebf08a93899d44e756809e11b14754,128639473a139ac0f3e5f5ade55873a5,2017-09-14 05:04:31,17.9,12.48
adcc8462c02143ed9914cc08bf3d6136,1,2028bf1b01cafb2d2b1901fca4083222,cc419e0650a3c5ba77189a1882b7556a,2017-09-20 12:35:12,56.99,21.2
ade4397f52cb13f72b87939c8250e292,1,233ad2cdae25fbf46f0d090b678d23f4,2a6fbeaa7ab9e5d59a35841a8da71ce4,2017-10-02 06:33:12,130.0,27.45
adf0847eb3eaae571ecb0a3d4c62432e,1,ea44caac707f7f1325182a538007f838,855668e0971d4dfd7bef1b6a4133b41b,2017-10-04 08:49:09,50.0,17.6
adf36df4c22d10f6df56aa465a4cd301,1,35afc973633aaeb6b877ff57b2793310,4a3ca9315b744ce9f8e9374361493884,2017-09-08 17:10:13,89.9,17.88
adfb144a67fa41dcd8a2b7685e40605b,1,5328338cfaa16ba10561cd970c73ca11,12b9676b00f60f3b700e83af21824c0e,2017-09-26 15:05:43,199.0,18.64
ae0c46b648d9039d75ff554b61e292b3,1,f2d362fbb792bbe0233ab254111eca4e,ce27a3cc3c8cc1ea79d11e561e9bebb6,2017-09-26 02:11:26,37.9,15.11
ae348c74e571e34c44d0874b21087f71,1,691951678a17b3cf3667385513e1137b,17ca9b9e9b9ef8fdb529001b49ebb50f,2017-09-21 14:26:50,85.97,14.33
ae447a66e51409933b4ca567ac6c8a48,1,5e21d5cab5d33e770d8150a4ee6117db,6560211a19b47992c3666cc44a7e94c0,2017-10-05 17:49:15,49.0,7.78
ae4699550d86c969bf041d7d106f96ac,1,5a33c907f184dbfeb2ad4721d983dbda,abe42c5d03695b4257b5c6cbf4e6784e,2017-09-12 12:43:30,395.0,11.14
ae55c180decfe41ac363c68f08a16003,1,fbcd62530875b193a5e21728242d77a4,ececbfcff9804a2d6b40f589df8eef2b,2017-09-28 02:26:10,24.99,15.1
ae7f63dcdf18bdd6e2e49b6c4e4e80e5,1,2028bf1b01cafb2d2b1901fca4083222,cc419e0650a3c5ba77189a1882b7556a,2017-09-29 19:25:13,56.99,8.72
ae7f8eca3f2f84891e130184c3c3b45b,1,65ce839c7967ed73e05471cbd4cb2ec1,2009a095de2a2a41626f6c6d7722678d,2017-09-26 07:24:14,36.9,16.11
ae7f8eca3f2f84891e130184c3c3b45b,2,65ce839c7967ed73e05471cbd4cb2ec1,2009a095de2a2a41626f6c6d7722678d,2017-09-26 07:24:14,36.9,16.11
ae7f8eca3f2f84891e130184c3c3b45b,3,65ce839c7967ed73e05471cbd4cb2ec1,2009a095de2a2a41626f6c6d7722678d,2017-09-26 07:24:14,36.9,16.11
ae84411ef203ed6a3cdc4e239536b958,1,5c692818d313aa12864b48ac0c2472c2,6560211a19b47992c3666cc44a7e94c0,2017-09-27 12:06:52,29.0,15.1
ae8590e2d258155cb303eaac1325e099,1,01847cb3f55acfd629641e58e38e561e,955fee9216a65b617aa5c0531780ce60,2017-09-28 20:50:18,70.0,16.25
ae940b7edae45de05e43817ff84efbfc,1,4fb651ace30be388c0e95f48f3308e5a,44073f8b7e41514de3b7815dd0237f4f,2017-09-14 10:03:54,125.0,33.32
ae9a9e54b4927c718d4e66073b5acf33,1,be0dbdc3d67d55727a65d4cd696ca73c,165fc07beebdcb6190fba8a06db2a449,2017-09-25 11:05:44,79.8,17.0
ae9cea7635a780b7d610e7f6a56ace53,1,7c1bd920dbdf22470b68bde975dd3ccf,cc419e0650a3c5ba77189a1882b7556a,2017-09-14 10:33:30,58.99,16.66
ae9cea7635a780b7d610e7f6a56ace53,2,7c1bd920dbdf22470b68bde975dd3ccf,cc419e0650a3c5ba77189a1882b7556a,2017-09-14 10:33:30,58.99,16.66
ae9cea7635a780b7d610e7f6a56ace53,3,7c1bd920dbdf22470b68bde975dd3ccf,cc419e0650a3c5ba77189a1882b7556a,2017-09-14 10:33:30,58.99,16.66
aea446ff4ed3972ae041cdad9d4bc2c4,1,ece9c80ade3287c14fb768839fc15389,2e1c9f22be269ef4643f826c9e650a52,2017-09-28 20:25:11,44.49,7.78
aeb4c9d05ab11d7c6c9ca24f8c43bd70,1,ac480ada5f06d9024eae2c6dd9de4c74,4e06067cc08b3f41d837768d392c3ee3,2017-09-27 14:44:35,7.0,15.79
aebaac58f78e552681094063704db84c,1,14c60b3a54996d02ff5d0d56d2aab05c,f4c4daa86e30c7e5a553a8d518ac03a5,2017-09-19 23:43:55,233.75,16.39
aebb9ea169213280a20a4acaea15b7e6,1,c24e49a2c52e4cd8067f8753b955e407,dc4a0fc896dc34b0d5bfec8438291c80,2017-09-29 20:49:21,87.9,16.38
aecf26c3e3a77c1f94125a148ed25a3e,1,b623b7cb05ee3248fbe4a6ecbeed79a4,7aa4334be125fcdd2ba64b3180029f14,2017-10-03 15:28:16,74.8,13.54
aee3d95a7c0524bee2967e283ca5fb13,1,25f86162fee18735fffdb762dcb10d7c,1a3df491d1c4f1589fc2b934ada68bf2,2017-09-22 13:44:06,159.9,21.61
aeebf4abbcfb9bac43b6a31399a3e93c,1,422879e10f46682990de24d770e7f83d,1f50f920176fa81dab994f9023523100,2017-09-11 11:15:18,59.9,13.44
aeedca46099933fd8fd182a71b4f22c7,1,25f86162fee18735fffdb762dcb10d7c,1a3df491d1c4f1589fc2b934ada68bf2,2017-09-14 12:45:19,159.9,21.61
aef2bc3845eb581cecce74b769d46c6a,1,cbdb9bf611328898bd4b32a384506b3a,7c67e1448b00f6e969d365cea6b010ab,2017-10-03 22:50:12,99.98,21.35
aef2bc3845eb581cecce74b769d46c6a,2,cbdb9bf611328898bd4b32a384506b3a,7c67e1448b00f6e969d365cea6b010ab,2017-10-03 22:50:12,99.98,21.35
aef2bc3845eb581cecce74b769d46c6a,3,cbdb9bf611328898bd4b32a384506b3a,7c67e1448b00f6e969d365cea6b010ab,2017-10-03 22:50:12,99.98,21.35
aef2bc3845eb581cecce74b769d46c6a,4,cbdb9bf611328898bd4b32a384506b3a,7c67e1448b00f6e969d365cea6b010ab,2017-10-03 22:50:12,99.98,21.35
aef2bc3845eb581cecce74b769d46c6a,5,cbdb9bf611328898bd4b32a384506b3a,7c67e1448b00f6e969d365cea6b010ab,2017-10-03 22:50:12,99.98,21.35
aef2bc3845eb581cecce74b769d46c6a,6,cbdb9bf611328898bd4b32a384506b3a,7c67e1448b00f6e969d365cea6b010ab,2017-10-03 22:50:12,99.98,21.35
aef3d8bb94c1ad3761b18b80327cea9c,1,f1c44a4cc70e40d42dd98ac28b60d08b,e9779976487b77c6d4ac45f75ec7afe9,2017-09-14 16:23:40,15.49,8.27
aef3d8bb94c1ad3761b18b80327cea9c,2,f1c44a4cc70e40d42dd98ac28b60d08b,e9779976487b77c6d4ac45f75ec7afe9,2017-09-14 16:23:40,15.49,8.27
af209eb4f7a3bd965aced8fe559ccd3b,1,0111ab6fb41da433e0f17d3f4ec2c8f5,5160d23075764e18e07c1f4a87fad743,2017-09-14 20:23:29,35.0,43.38
af209eb4f7a3bd965aced8fe559ccd3b,2,d04260412d1933cf60238985c57b1749,5160d23075764e18e07c1f4a87fad743,2017-09-14 20:23:29,35.0,4.34
af209eb4f7a3bd965aced8fe559ccd3b,3,25e76274904336669da4cebe1233cde1,5160d23075764e18e07c1f4a87fad743,2017-09-14 20:23:29,35.0,4.34
af209eb4f7a3bd965aced8fe559ccd3b,4,640799dabd2dfd5da2769270ca71ad65,5160d23075764e18e07c1f4a87fad743,2017-09-14 20:23:29,45.0,4.34
af42d1d70bc955e5272039f5d271c392,1,18870238fd023ef96e834a59dbd4405f,fa74b2f3287d296e9fbd2cc80f2d1cf1,2017-09-25 16:50:17,180.9,12.77
af48a5477e351edfe43fbff2fe9dacff,1,a8fe47ad6f852f93cc92c7b408687de3,aaed1309374718fdd995ee4c58c9dfcd,2017-09-13 23:50:14,72.9,18.08
af49eb64bd96a66df6582e592168e004,1,06fb87866499b0e65992b2d88aca8282,fa1c13f2614d7b5c4749cbc52fecda94,2017-10-05 11:28:11,899.0,22.05
af4cba92abfe8fdc4502754b7d91beb8,1,c76ce8f19e21cfc8226f0551ed5da750,7a67c85e85bb2ce8582c35f2203ad736,2017-09-15 09:43:20,199.99,17.65
af5b0604e113e1526593d505a26ef39d,1,978859c6048ded0fa8bf3b9ea8236387,813348c996469b40f2e028d5429d3495,2017-10-04 12:26:02,19.9,8.72
af5d451462c41ba96112208443d3b4c7,1,64a23a999b90cc6722df6d12c2ee5bf9,abe42c5d03695b4257b5c6cbf4e6784e,2017-09-27 22:35:14,359.0,17.95
af7d0849149bec7653f157d2a28d1f6d,1,d537e54e990d95194a5733e79f1af1aa,4305fe92735c8a43d154ff6dd2b8d927,2017-09-27 20:44:18,139.9,17.42
af805f1566d654b87cb6d3505fc15114,1,169e1fedd1319ca92e90e057e7123005,e9779976487b77c6d4ac45f75ec7afe9,2017-10-03 20:56:25,69.49,16.25
af8cd0ccf7bfb5bc0998744b1ff8c08f,1,d4f5afce58ebf89ef1186236c54d2594,128639473a139ac0f3e5f5ade55873a5,2017-09-12 04:11:03,18.9,12.48
af91d510d187f304483d1081272ad705,1,6f58431a7150fa91bac9f28f5454a8e8,5656537e588803a555b8eb41f07a944b,2017-10-02 03:49:15,25.89,25.63
afa0a26ce5b6abc3ffb6387fe93e2721,1,eebbed5ed3b134eceb717496c47652ba,d1c281d3ae149232351cd8c8cc885f0d,2017-10-02 21:28:18,99.99,21.19
afa3e30ab7bdc8d5e7770d1d189076a8,1,619d72a5e53d41d7646274a3fa20c2c4,3bb548e3cb7f70f28e3f11ee9dce0e59,2017-10-02 17:26:24,79.9,15.31
afa610ea863dee3d85954aa87a22ba6f,1,154e7e31ebfa092203795c972e5804a6,cc419e0650a3c5ba77189a1882b7556a,2017-09-15 19:25:18,23.99,11.85
afa75f5067298240b2038958cf0010d4,1,bb50f2e236e5eea0100680137654686c,f7ba60f8c3f99e7ee4042fdef03b70c4,2017-09-12 20:50:16,325.0,18.71
afa82d070bcac12eae0dd2f73d9debc8,1,43ee88561093499d9e571d4db5f20b79,23613d49c3ac2bd302259e55c06c050c,2017-09-28 21:15:09,10.9,11.85
afb41fa922afaed3105a1700fed64c35,1,7b52ce3d6635ac7eb9d2bbb3dc931843,582d4f8675b945722eda7c0cb61ba4c7,2017-10-03 10:07:30,42.95,11.85
afb41fa922afaed3105a1700fed64c35,2,7b52ce3d6635ac7eb9d2bbb3dc931843,582d4f8675b945722eda7c0cb61ba4c7,2017-10-03 10:07:30,42.95,11.85
afc7e369fb66c82c25a30bf9f1958e21,1,7fb04722aba7a2b632bac8f9819796f3,f3b80352b986ab4d1057a4b724be19d0,2017-09-19 03:36:06,79.0,17.8
afca5fe0f14b7178c97f8cb22611f584,1,d189fbf8b5d79a670cebcaaad68d77b2,0d85bbda9889ce1f7e63778d24f346eb,2017-09-14 15:43:46,59.9,25.26
aff7b4ae67c914f9555ed558c34e9a81,1,08857690e7a14a21b4441f8ee2bcaa14,06e5eefc71ec47ae763c5c6f8db7064f,2017-09-21 12:05:17,242.01,17.13
b01b7777b351f49d79288d7ea2f56ffb,1,d3fa833c2316e10ef73de032c989e814,de23c3b98a88888289c6f5cc1209054a,2017-09-26 07:55:15,59.99,9.34
b022357c03da2d91ba22d886af2c83a5,1,cb89dfa8adec9df2aa87b8072985b655,44073f8b7e41514de3b7815dd0237f4f,2017-10-16 04:36:04,35.0,16.79
b025ae09d0783f8194ec38b10c65acbd,1,4fce0eab61e01d521044c8b071cdfead,0509040ea3fe50071181bbc359eb7738,2017-09-08 11:04:34,23.8,12.48
b031da90f1946edd12ee2587d53c667d,1,ee6e15447094b902e95fa175c5695cee,7b1222c3624aa89b9558b50a2594188c,2017-09-27 19:24:39,179.99,12.76
b033496f0a8ef446d5a1e2fa5038be7c,1,46b173c179c7e6904a5728959bee5b3a,7299e27ed73d2ad986de7f7c77d919fa,2017-10-02 12:49:38,160.0,16.88
b03b82e985b149d61218a7e0111ed6a1,1,7e637e48c425541269e7a45882397f9d,7178f9f4dd81dcef02f62acdf8151e01,2017-10-09 20:28:22,34.9,15.1
b07365d2d0d22bc99d8ef5107e761a88,1,6ab6d9589ae19abcee458918d4779fae,6039e27294dc75811c0d8a39069f52c0,2017-09-20 15:05:31,189.9,32.08
b095ec7b830d94cc7e1b67fed0455c01,1,6a33f85f66191cc5b645b5f775ca93d9,3504c0cb71d7fa48d967e0e4c94d59d9,2017-09-26 12:04:41,24.99,8.72
b0b55c59d28b64d3b611cb034eb9f1e6,1,4b456247c6fd6370f0c01903b0c6d67d,87142160b41353c4e5fca2360caf6f92,2017-09-14 09:55:09,139.9,10.19
b0cfe2eb432bba9a53dce35cd5793946,1,f264c1d9b20b5e4a340254d0405e613b,7a67c85e85bb2ce8582c35f2203ad736,2017-10-05 02:28:45,69.99,16.74
b0e0bf79d71fa84a382583eb2a57b978,1,0a57f7d2c983bcf8188589a5fea4a8da,4869f7a5dfa277a7dca6462dcf3b52b2,2017-09-25 01:10:10,117.0,15.57
b0f00a17e5b2e5ced966e961281b123e,1,72a30483855e2eafc67aee5dc2560482,c3cfdc648177fdbbbb35635a37472c53,2017-09-25 23:55:12,99.9,12.4
b0f4100fd9f021ab148a7f95815fa2fc,1,517d4955ffcf9fbd2bb0beb193c81a42,48436dade18ac8b2bce089ec2a041202,2017-09-19 03:24:54,129.9,29.31
b0f4100fd9f021ab148a7f95815fa2fc,2,517d4955ffcf9fbd2bb0beb193c81a42,48436dade18ac8b2bce089ec2a041202,2017-09-19 03:24:54,129.9,29.31
b0f4100fd9f021ab148a7f95815fa2fc,3,517d4955ffcf9fbd2bb0beb193c81a42,48436dade18ac8b2bce089ec2a041202,2017-09-19 03:24:54,129.9,29.31
b0ff8e6a9bb47b224a599ff0c161006b,1,6f4f2bb136fd2d8e8229355d8fec6b67,06e5eefc71ec47ae763c5c6f8db7064f,2017-10-05 12:49:29,379.94,23.2
b0ff8e6a9bb47b224a599ff0c161006b,2,11fd9d7ba552e1d28872e008acf1e050,cb8bcce248bb1fb274ba762d8b971456,2017-10-05 12:49:29,139.9,8.21
b130c592bed51534facb262c697f7ccd,1,cfe6e9c01d0bbb5df9a75f0e3286baa9,1d8dbc4f32378d715c717c1c1fc57bae,2017-09-28 18:45:35,110.0,14.5
b137475b3fba13092ed0f3cd8207d908,1,bb50f2e236e5eea0100680137654686c,f7ba60f8c3f99e7ee4042fdef03b70c4,2017-09-27 21:10:17,325.0,23.07
b13a6349dc3ffd0d949a6e03cf5c5aea,1,7fb04722aba7a2b632bac8f9819796f3,f3b80352b986ab4d1057a4b724be19d0,2017-10-03 22:28:22,79.9,28.96
b13ea9f410b092728700af281c0b3663,1,72ef87b1953a2844ed089bd6dcf73913,8c16d1f32a54d92897cc437244442e1b,2017-09-28 10:04:01,61.5,16.19
b154b6c273af25ad4864ee4dcf0e47b8,1,91aafdd30514579d1568b6f5ae9f4d46,5160d23075764e18e07c1f4a87fad743,2017-09-25 03:33:36,80.0,5.22
b154b6c273af25ad4864ee4dcf0e47b8,2,1d1415f17f1a93060326d6c3e223aa3c,0432ead42b6c8a0bdf68154add917fdf,2017-09-25 03:33:36,85.9,10.45
b15b9ad689e274a34b5b25df2364c96d,1,27e83703cdd809616f51c1d456314ed7,9c0e69c7bf2619675bbadf47b43f655a,2017-09-18 09:05:13,175.9,16.99
b15da40ece9d0f3c3440837babcb1a31,1,c998385f80d7e14537b9290617470bfb,6a51fc556dab5f766ced6fbc860bc613,2017-09-20 12:30:13,236.9,27.98
b178e047b185d2f781a3646f88ec3e52,1,b0961721fd839e9982420e807758a2a6,1f50f920176fa81dab994f9023523100,2017-09-18 00:44:04,59.9,13.44
b18c7057bf0a8cf25032b7dc0a680796,1,c6a5b2b8610b3206be072c211b70ba69,3d871de0142ce09b7081e2b9d1733cb1,2017-10-01 22:29:18,79.0,17.8
b19b783be83450d0c4d0b92c5343a528,1,6fb42788c5ef9affaa2fec30ca8b6053,1127b7f2594683f2510f1c2c834a486b,2017-09-18 23:10:09,16.17,14.1
b1d94cc304c782edf6cef462ee68c90c,1,a35a59bff183b90417bbc511e1d82115,dbb9b48c841a0e39e21f98e1a6b2ec3e,2017-09-19 19:44:05,69.99,34.29
b1d94cc304c782edf6cef462ee68c90c,2,a35a59bff183b90417bbc511e1d82115,dbb9b48c841a0e39e21f98e1a6b2ec3e,2017-09-19 19:44:05,69.99,34.29
b1e4c784d72d000802c113dc0d4420d0,1,9f890da4bf8473aca1996ca037005902,dc4a0fc896dc34b0d5bfec8438291c80,2017-09-21 03:35:21,28.38,16.11
b1f632bf6d3b5bb0cb03cf91b8283c3a,1,b0961721fd839e9982420e807758a2a6,1f50f920176fa81dab994f9023523100,2017-09-20 03:04:45,59.9,17.67
b2021666ceaca22d815303aa71138966,1,5e2ba75ad255ff60b1c76c5bf526ae9b,f84a00e60c73a49e7e851c9bdca3a5bb,2017-09-12 13:50:11,69.9,15.93
b24cae8a85f1becbb93b9150bdd41a7b,1,9ddc4249779322828f89d2a9c04f7ee1,9d5a9018aee56acb367ba9c3f05d1d6a,2017-09-17 22:45:23,112.33,21.19
b2562a552b6e8147da937960384f125e,1,d66c729cd3b64c98515a18898c6b65c3,d91fb3b7d041e83b64a00a3edfb37e4f,2017-09-08 11:10:11,19.9,8.27
b259e2247d6ab1750b9e4789b87b3f23,1,ff5d7f21d255435967dfbe72b5dcdb57,70a12e78e608ac31179aea7f8422044b,2017-09-13 21:45:16,39.0,15.1
b259e2247d6ab1750b9e4789b87b3f23,2,ff5d7f21d255435967dfbe72b5dcdb57,70a12e78e608ac31179aea7f8422044b,2017-09-13 21:45:16,39.0,15.1
b2664e0e967b1c146e574185530e813d,1,1b6cecc37e5cf78922520ccb14860e63,e333046ce6517bd8bb510291d44f0130,2017-09-28 17:50:16,109.0,16.39
b26aeba3d93317ee71f2902c276eb992,1,f7fdb1768aa2ba6a019449b74810d43f,0c8380b62e38e8a1e6adbeba7eb9688c,2017-09-15 12:43:27,69.9,14.22
b26d171d404f1e506b8d41c6f70c4426,1,ac7e981115ad47f0e051f1b8b97e73b1,53e4c6e0f4312d4d2107a8c9cddf45cd,2017-09-29 14:06:02,28.99,15.11
b27d08e878eb286e33958ca95ba5bd04,1,a90de1bc3dd63ed137d8e045774dc2ec,77530e9772f57a62c906e1c21538ab82,2017-09-13 08:45:14,299.0,18.57
b2831c53b9a182b11c1f4c1ffd6aa8e6,1,7ada7bee4052075cf6310885da8c4392,3d871de0142ce09b7081e2b9d1733cb1,2017-09-08 18:50:20,79.0,13.57
b29379bd37fb3341ad28686c0878a7a4,1,9bf9c88e31e33139f919bb013cb3fb7f,4a3ca9315b744ce9f8e9374361493884,2017-09-27 20:05:20,199.9,26.24
b293c0e73bfa20e036be738d8c66f8c6,1,4d68f0bb076a44142f1d1725ba3b3bc8,3a490ba60afa30ece0e7d50cfe74a4f0,2017-09-15 15:05:40,189.9,18.9
b293f468141dc24b16033560c8d008a6,1,6c81db10f914c4d032b14fa93aa0a818,d98eec89afa3380e14463da2aabaea72,2017-09-29 18:15:15,29.99,16.79
b2953fe5cb836908b29ad9147658d6c0,1,40a031e5449e42ea991c4ebd5d8639ce,7299e27ed73d2ad986de7f7c77d919fa,2017-10-04 21:07:20,5.99,16.79
b29588205754e6941a713c653618a04b,1,b0961721fd839e9982420e807758a2a6,1f50f920176fa81dab994f9023523100,2017-09-18 14:30:36,59.9,17.67
b29588205754e6941a713c653618a04b,2,422879e10f46682990de24d770e7f83d,1f50f920176fa81dab994f9023523100,2017-09-18 14:30:36,59.9,17.67
b29ccca58aacdf08c7f7798ec2e001ad,1,d16a80644f464c2525a662b0567c281f,da8622b14eb17ae2831f4ac5b9dab84a,2017-09-13 14:25:26,99.9,17.14
b2aeaa081ba84843afdf0a5ad31e9832,1,31d976f5306d3408e3d41d670343495f,d624126b9206f595fb3fbb6ba03b28a8,2017-10-03 20:24:17,419.0,22.17
b2b7813f1cf4afc8e5728398618bbd7e,1,a710be5818329b097a82bb26b480f5fa,54a1852d1b8f10312c55e906355666ee,2017-09-28 04:24:35,59.99,15.18
b2cc4ce347d60653fef5f81e0d80742f,1,de6d0adf871d95106b89b444a2481fe9,17908cf9b444ee34047cadd5c0f4a516,2017-09-27 22:45:53,185.0,38.84
b2f924dadc7d30518a67a2c8598df64e,1,02cd4165b1e6a3782def2e4e851ae884,870d0118f7a9d85960f29ad89d5d989a,2017-09-21 12:35:24,54.9,18.0
b2f9c5f1cd2900a3d140068d35509ff5,1,2b4609f8948be18874494203496bc318,cc419e0650a3c5ba77189a1882b7556a,2017-10-05 15:07:24,89.99,9.44
b31c7dea63bb08f8cdd1ec32514ccf0b,1,9ca3b0037aaf1552f3d9d29dc471e0d1,53e4c6e0f4312d4d2107a8c9cddf45cd,2017-10-02 18:49:09,33.0,39.28
b31eac1961980ead26d0df38911ac5e6,1,d09bfa2eabe21270b5c8e164e39e5aef,4830e40640734fc1c52cd21127c341d4,2017-09-20 13:30:28,55.0,16.15
b3206cf64b7cd1480a6c6f9912b20666,1,7bbe91ccbf899dc40a38d012a4dc411f,23d7c96d4a1160db1c726b248601b25a,2017-09-19 20:44:14,179.9,17.97
b34523b3a1e3a1ad856985080738c879,1,c8fade3c4ba064e104828c4ad4461178,da8622b14eb17ae2831f4ac5b9dab84a,2017-09-22 01:15:10,279.9,19.85
b354e00a3502421985f7e167ea7d71e7,1,e813c8739a6a0706b764a5d4468702a6,2e1c9f22be269ef4643f826c9e650a52,2017-09-21 23:20:40,27.49,7.78
b362e77722405d304dc6fb5947ea3bea,1,fb783e3e545937820b57fe539b2c5a6c,da8622b14eb17ae2831f4ac5b9dab84a,2017-09-12 21:55:13,99.9,17.95
b3a63aeb668343cbf7b37e72abb932f3,1,c9dbe2eec19a8093cb5ac57486531c18,cca3071e3e9bb7d12640c9fbe2301306,2017-09-15 10:24:13,96.9,13.7
b3bdfdb5c05381585e97295f78c6ce29,1,81e7937893af4703d4d14ca3e3765b59,855668e0971d4dfd7bef1b6a4133b41b,2017-10-05 02:14:24,64.99,15.2
b3c34fd05dd073feae270c759c46d900,1,4c5cc632a68ce10ff22b58b5b8c8b8f3,a3e9a2c700480d9bb01fba070ba80a0e,2017-09-18 21:44:05,95.0,17.92
b3ceb7d2c66651bd0f6531ffba8745fb,1,25f86162fee18735fffdb762dcb10d7c,1a3df491d1c4f1589fc2b934ada68bf2,2017-09-15 05:04:40,159.9,23.99
b3da12fe6af5c45b08a663e62d282487,1,4293865e4ead3d446609086b4cfedb4f,da8622b14eb17ae2831f4ac5b9dab84a,2017-09-13 21:30:23,119.9,13.86
b41304e99b5c1abf0181ee31c8b17146,1,31639956e7fac87ecfd9d608040638bd,aac29b1b99776be73c3049939652091d,2017-09-11 14:55:17,70.9,26.82
b41615b1708e1ff9df91b0cd0f6fdffa,1,54e5939fcd9ae70ad0f59f612d6d29bd,48436dade18ac8b2bce089ec2a041202,2017-10-04 17:49:35,42.9,16.11
b41c9972504c576d0aef689e13a2df12,1,e1a400ba04961ede3d640207117813fb,c1ed9e3daf6154542826a6996af0fb8c,2017-09-26 02:24:26,22.0,16.11
b4423cdd0316fb3064befb92d164de96,1,21a95b5525c6d658ff4e5e1b50f7c02d,46dc3b2cc0980fb8ec44634e21d2718e,2017-09-20 14:30:22,149.99,13.93
b4578b55341912d52f9d1a141ba9e440,1,b1acb7e8152c90c9619897753a75c973,cc419e0650a3c5ba77189a1882b7556a,2017-09-22 12:04:31,34.99,7.78
b471c25ac60e798a0321d7a15415986b,1,fcdb929c70287379ce31deed3f733d72,dd2bdf855a9172734fbc3744021ae9b9,2017-09-24 21:05:21,209.9,16.22
b475d09fc9d7e739a7c8bbdbdaed3b8e,1,a346944c1cd1e118e4ecc398e51f03a0,f8db351d8c4c4c22c6835c19a46f01b0,2017-09-13 16:07:07,15.9,8.27
b47e5f219beebf1ec0bea2ea907f6e64,1,e297db380aba505a729f00cd61b149d9,1976a05ecf2996d6ffb7b5430e635fe7,2017-09-21 02:45:41,89.8,12.97
b47e5f219beebf1ec0bea2ea907f6e64,2,e297db380aba505a729f00cd61b149d9,1976a05ecf2996d6ffb7b5430e635fe7,2017-09-21 02:45:41,89.8,12.97
b48110583a1571628e3e79df4045c44e,1,43354a2ac9eca9f50cb31647c6d5516a,f8db351d8c4c4c22c6835c19a46f01b0,2017-10-04 02:49:13,99.9,17.95
b48681f5e795989ee7e78953269720e2,1,154e7e31ebfa092203795c972e5804a6,cc419e0650a3c5ba77189a1882b7556a,2017-10-03 10:27:32,23.99,15.1
b4869c2e4b11586a953130fa13632aa9,1,f3783ff90631773bc67baf91edcbcb69,53243585a1d6dc2643021fd1853d8905,2017-09-08 11:04:36,1200.0,50.81
b495fd147ba3d65a05f35d76239c22ce,1,4cd6ba4ea3112de8fc238307c4dc6307,259f7b5e6e482c230e5bfaa670b6bb8f,2017-09-14 11:35:20,39.9,11.73
b4a61133656060766f7357f4a21777eb,1,06f0e85c7892d5df893f332706340af1,3d871de0142ce09b7081e2b9d1733cb1,2017-09-26 02:24:05,179.0,18.5
b4abb149fb1b128bbd21db842a86e891,1,63a02e48edbe315a16efcd9c9a389785,8e6cc767478edae941d9bd9eb778d77a,2017-09-15 12:05:25,31.92,15.1
b4abb149fb1b128bbd21db842a86e891,2,63a02e48edbe315a16efcd9c9a389785,8e6cc767478edae941d9bd9eb778d77a,2017-09-15 12:05:25,31.92,15.1
b4abbcf96e5e2aa453be4751a571bca4,1,ed2067a9c1f79553088a3c67b99a9f97,cbd996ad3c1b7dc71fd0e5f5df9087e2,2017-09-26 13:30:41,56.97,16.16
b4b03edd1ede75d36cd31b38d52bc9fb,1,3eb235314db36995d65c80718db4fd85,ea8482cd71df3c1969d7b9473ff13abc,2017-09-08 03:04:35,24.99,14.1
b4b09e80aa61b96ac46029edf7e8637b,1,89de415e2cf869a6b1274f51913f1a49,0249d282d911d23cb8b869ab49c99f53,2017-10-04 16:14:11,21.5,11.85
b4b8e8f37818c443dd4c0c48e9a3707d,1,0e34187d4312b97b5e698836d28ed040,a420f60ff1aa9acc80d0e42959f2b313,2017-10-05 08:14:22,199.0,16.15
b5156aaf024c8c29f06f62175e1ccb48,1,b0c1e71a37e29bd3d463eb93e4861c6a,1caf283236cd69af44cbc09a0a1e7d32,2017-09-18 19:24:32,23.99,15.11
b52312202c9a950b9054cb94fd040440,1,d3c044bd42d84a79e3b0c42662806a48,4c2b230173bb36f9b240f2b8ac11786e,2017-10-05 02:14:41,25.9,14.1
b534c927d5cb15838b514c99f1c8d94d,1,270205bec6114bb05c09ed724555eac0,7e93a43ef30c4f03f38b393420bc753a,2017-10-04 21:04:27,1599.99,25.95
b551d008e194e808841c76fe13ae2969,1,6c50c87e36d8641d67fbcceed5cfec5e,6560211a19b47992c3666cc44a7e94c0,2017-09-20 02:43:54,55.0,15.14
b55567d6fa810e673d54568cfb910ab5,1,8e01228e1cb067cf324c968542f2f032,7178f9f4dd81dcef02f62acdf8151e01,2017-09-22 10:33:56,283.0,27.26
b59620194f1a281eb142e191d597aadd,1,386486367c1f9d4f587a8864ccb6902b,cca3071e3e9bb7d12640c9fbe2301306,2017-09-08 00:25:44,113.57,18.04
b5a304ee10747d3bdc90d7aef4b76a4f,1,f4d18451e6c35980e6898e36dfd6fb55,4a3ca9315b744ce9f8e9374361493884,2017-09-15 14:10:14,48.9,11.85
b5ac8616a110126a6e962768b98d32f1,1,c6dd917a0be2a704582055949915ab32,7a67c85e85bb2ce8582c35f2203ad736,2017-09-19 18:04:37,99.99,17.95
b5b411510c27795418ac5808a30054e0,1,c7fd13b5e515bffdab855d0812842edb,1025f0e2d44d7041d6cf58b6550e0bfa,2017-09-22 18:25:08,78.0,15.31
b5b411510c27795418ac5808a30054e0,2,c7fd13b5e515bffdab855d0812842edb,1025f0e2d44d7041d6cf58b6550e0bfa,2017-09-22 18:25:08,78.0,15.31
b5c5a6fb605260058c01713e1fb97aba,1,53759a2ecddad2bb87a079a1f1519f73,1f50f920176fa81dab994f9023523100,2017-10-04 23:29:05,59.9,13.44
b5ce2ab79c7923ac899f38c6f48ade42,1,42877980a9990b1391c279582c1aa894,b5e3e38609125694d2ea2417522a60b7,2017-09-15 13:55:20,45.99,14.1
b5d8d7cbeb2f9b41a2dfb63388c7488a,1,12f0e759d76acd32755add1bf8d583ea,c3cfdc648177fdbbbb35635a37472c53,2017-09-20 04:45:41,189.9,14.44
b5fd688e3b4992b03fe982e9d569653b,1,112e1856649c6762c1ca6058d07f2633,440dd6ab244315c632130ecfb63827b1,2017-09-13 10:38:10,92.9,16.41
b605af5fb88eb77cc70df27f2df3a883,1,87b92e06b320e803d334ac23966c80b1,7a241947449cc45dbfda4f9d0798d9d0,2017-09-19 02:30:18,109.0,35.82
b61d1cde65fdf2dffc129448698385c1,1,c63aa9195696eccba5bebc6d7a20aedc,ad420dd0c4f92f8af951ac24b86d0cf5,2017-10-04 19:35:19,24.99,15.1
b630fa3144c2dd867a25b3166b01fc5c,1,4fb651ace30be388c0e95f48f3308e5a,44073f8b7e41514de3b7815dd0237f4f,2017-10-04 03:04:52,126.0,64.3
b64694f8da34c98dc8734f15ad74ba86,1,b0961721fd839e9982420e807758a2a6,1f50f920176fa81dab994f9023523100,2017-09-13 00:50:13,59.9,17.67
b64694f8da34c98dc8734f15ad74ba86,2,b0961721fd839e9982420e807758a2a6,1f50f920176fa81dab994f9023523100,2017-09-13 00:50:13,59.9,17.67
b64ab89f127a1163a4412506e5236c50,1,d34e5bf81263409f116d93ea7c9eda15,f615fe7efbef0f4f08fd3086bc7a3e60,2017-10-02 03:56:16,59.9,25.7
b654b7344f08cc73e20ed2c4f5855bd6,1,4e122118ed3917312e52ddd02a164b13,318f287a62ab7ac10b703ac37435a231,2017-09-13 02:50:13,52.0,11.73
b6659c782155d09b529dc57d587fd87d,1,386486367c1f9d4f587a8864ccb6902b,cca3071e3e9bb7d12640c9fbe2301306,2017-10-09 04:14:27,113.57,18.04
b6718d42f2393bde8ae9b32034d0384c,1,c7fd13b5e515bffdab855d0812842edb,1025f0e2d44d7041d6cf58b6550e0bfa,2017-09-11 12:05:40,78.0,12.89
b6718d42f2393bde8ae9b32034d0384c,2,c7fd13b5e515bffdab855d0812842edb,1025f0e2d44d7041d6cf58b6550e0bfa,2017-09-11 12:05:40,78.0,12.89
b68c121f5fc81ef3aedc751e4f53987c,1,150c699262a053229e89213dc9c358d2,cd68562d3f44870c08922d380acae552,2017-09-21 14:55:27,116.0,15.56
b69d93eb408ba1dbb0f56f69817a6ac4,1,2b4609f8948be18874494203496bc318,cc419e0650a3c5ba77189a1882b7556a,2017-09-25 12:25:13,89.99,17.91
b6bcf1e42609f309233f2b9deeff6b61,1,63de2743d05ab59d85caa49e49459ac1,cbd996ad3c1b7dc71fd0e5f5df9087e2,2017-09-19 11:25:06,19.9,11.85
b6bcf1e42609f309233f2b9deeff6b61,2,63de2743d05ab59d85caa49e49459ac1,cbd996ad3c1b7dc71fd0e5f5df9087e2,2017-09-19 11:25:06,19.9,11.85
b6bd1268edd63fffeca68296b0abbb27,1,118fa7a08a83564776c37433aca3ca71,8f119a0aee85c0c8fc534629734e94fd,2017-09-14 10:55:23,37.5,15.1
b6bd1aa9bea85404bd9fb4c7a1cbf4a2,1,bbc9e653c2f5794542ac3867ab5ab757,0c8380b62e38e8a1e6adbeba7eb9688c,2017-09-27 17:25:10,36.5,16.11
b6bd1aa9bea85404bd9fb4c7a1cbf4a2,2,bbc9e653c2f5794542ac3867ab5ab757,0c8380b62e38e8a1e6adbeba7eb9688c,2017-09-27 17:25:10,36.5,16.11
b6c6f4d01d8abf2cba4656e026798fee,1,a6a48ebcc6f6360211c13bf5bb238587,2063dd1b9f568df1c16741ea7d3e6adb,2017-10-03 20:10:28,252.43,18.21
b6cc16441c0ac5d724fbbfd192b801d6,1,3ed43e8f95f9801cd8099b6f73e07335,3c487ae8f8d7542beff5788e2e0aea83,2017-09-20 02:45:39,429.9,20.29
b6f41799a58be93e516fb6992e0d4b47,1,cbe952607a2215211502095c631ea179,b9c0ffa92f3ff9a5a3d45ef7213c0842,2017-09-21 06:55:06,110.0,34.57
b6f5e3bc6360fbc485ff34695b7b3fdc,1,171b509779ad4fe0cbed2a3d95d10c68,76d5af76d0271110f9af36c92573f765,2017-09-08 17:15:11,38.7,7.78
b6f5e3bc6360fbc485ff34695b7b3fdc,2,171b509779ad4fe0cbed2a3d95d10c68,76d5af76d0271110f9af36c92573f765,2017-09-08 17:15:11,38.7,7.78
b708a78d59d407b8733f3f3e9b11596e,1,bb95985d24346356f988502bec69af0a,c3867b4666c7d76867627c2f7fb22e21,2017-09-10 21:30:29,199.9,21.89
b70adb5e7bfcd96be02825033008d23a,1,3b82e71cc658bc6deadebef95075ac55,bbad7e518d7af88a0897397ffdca1979,2017-09-21 03:04:16,19.9,14.1
b72a8ad380aaa28c3f4b75f754d26def,1,7b3b38b62de0edfa802192d5c18d5489,da8622b14eb17ae2831f4ac5b9dab84a,2017-09-28 15:15:09,99.9,13.72
b7325b56293265df2689c15145274dfa,1,dce3721f89a159fed6ff8b94d7ba32b9,53243585a1d6dc2643021fd1853d8905,2017-09-18 11:38:33,315.0,36.01
b73441a4e7a49b06d7219c969e5af0ef,1,525cba66c6af7c9570d9dae3742cdb89,272f092de69afedd4d2969440b37f18f,2017-09-14 12:35:12,40.0,14.1
b73441a4e7a49b06d7219c969e5af0ef,2,525cba66c6af7c9570d9dae3742cdb89,272f092de69afedd4d2969440b37f18f,2017-09-14 12:35:12,40.0,14.1
b7379296b019454685a1d8bbd412f36a,1,18209df52bc87a69b84db4df602397c1,bc302730ea8cf49b5c74f579febb5bbf,2017-10-02 09:04:28,479.99,66.04
b7736986a062d9a733ac210a459f0dbc,1,6f58431a7150fa91bac9f28f5454a8e8,5656537e588803a555b8eb41f07a944b,2017-09-28 09:30:15,25.89,16.79
b786414cc7eca4f1a133aa2b3b4cd53a,1,d86a6c48f83b045cbba6df84926a1f25,a3a38f4affed601eb87a97788c949667,2017-09-22 20:10:17,39.9,28.75
b78a9619a3490ebe6b2dee9388c0ef0a,1,819fc0e9c061a08bac3d5044eb92b173,6cd68b3ed6d59aaa9fece558ad360c0a,2017-09-27 03:05:33,118.9,17.4
b78fe1174e6aedc9d2a90f6b36f02bb2,1,461f43be3bdf8844e65b62d9ac2c7a5a,4869f7a5dfa277a7dca6462dcf3b52b2,2017-09-27 08:50:13,159.9,12.62
b790cd47d5cb1c9d14ce268a5a076782,1,621825925438424fa89b11502fe477cc,855668e0971d4dfd7bef1b6a4133b41b,2017-10-05 11:28:13,22.99,15.1
b7bc42b133d843af73988f6a9c68dbca,1,8eb8da639b6e68ec3b2f3e02d5d6a4b4,dc4a0fc896dc34b0d5bfec8438291c80,2017-09-08 17:24:49,70.9,16.26
b80b95480b127e335cc78649633b665f,1,9f65cd1fc2c7cf6ad8bc3d8c038abe44,7178f9f4dd81dcef02f62acdf8151e01,2017-09-18 02:43:38,84.9,25.87
b825b53d8136d85eb4cbe60a1bd275f5,1,7a10781637204d8d10485c71a6108a2e,4869f7a5dfa277a7dca6462dcf3b52b2,2017-09-13 02:50:35,229.9,13.11
b83760bff972adc010a180e5219f90f5,1,ccadfeab525a9eb1569983b66e5075c4,33576ec5412fb5905d876f12f33bfde6,2017-09-29 12:25:24,79.0,12.68
b87a46bd85618ed6ad037478592c7e6a,1,1b9c9c11fdac157197ea45527ffabae2,218d46b86c1881d022bce9c68a7d4b15,2017-10-03 07:24:47,219.0,18.78
b87c9466fb7a6b04a632222b07c1922d,1,5ac9d9e379c606e36a8094a6046f75dc,633ecdf879b94b5337cca303328e4a25,2017-09-21 12:10:17,109.9,15.52
b89a164ebd4447db59b194c2b4fc90fc,1,b2e22c958b453a43a650a579dcac2e43,7e93a43ef30c4f03f38b393420bc753a,2017-09-28 20:04:09,399.99,11.61
b8a939e0425262884b50cbd95032f71b,1,46670e03948d0e1c2273c88899f27cc7,17e34d8224d27a541263c4c64b11a56b,2017-10-04 17:25:16,269.73,17.65
b8ab7d209a05e9462921ece50de1c177,1,b0961721fd839e9982420e807758a2a6,1f50f920176fa81dab994f9023523100,2017-09-18 04:26:08,59.9,17.67
b8b3f1a93f6899699c4cfab3f0cb85e0,1,e33c6721bcdf0d089860c6c1cf7ad5b6,6d04126aba80df143fd038e711b8fd96,2017-09-14 15:03:27,89.99,18.87
b8b5d715b21f52ff405e5045a9c32eb2,1,85df978207ed4024ea16570dbb64fd6e,10076e5788b8ee532724bcd460baf762,2017-09-15 11:05:14,24.0,11.85
b8cddbe53f3a227da27064bc722cffa3,1,2a2d22ae30e026f1893083c8405ca522,1a3df491d1c4f1589fc2b934ada68bf2,2017-09-12 11:45:33,159.0,23.98
b8d67526e7a669a43b4a53bbffc6fc0d,1,ace5d86cf1ac63cdb76f49e5cd23d2f8,cca3071e3e9bb7d12640c9fbe2301306,2017-09-14 10:15:19,50.9,16.12
b8dee041f5693cc5bd0984155f847890,1,ea44caac707f7f1325182a538007f838,855668e0971d4dfd7bef1b6a4133b41b,2017-09-11 19:45:16,50.0,17.6
b8e9df924b8a1dca22c4920e9d6b33bc,1,1486ffdf6241755c77f5345b01232361,3b15288545f8928d3e65a8f949a28291,2017-09-28 02:42:12,59.99,13.44
b9032353fde3f5b180ffe6b573c61cca,1,0efc91aa52d1f0669126d3000a94279b,d1c281d3ae149232351cd8c8cc885f0d,2017-09-20 21:50:15,109.99,42.6
b9032353fde3f5b180ffe6b573c61cca,2,f2e53dd1670f3c376518263b3f71424d,4a3ca9315b744ce9f8e9374361493884,2017-09-20 21:50:15,109.9,4.26
b910a2d8eecd9eded28fdfc3cbb94880,1,049b55359c60ea6403938b9e408f40b8,41b39e28db005d9731d9d485a83b4c38,2017-10-05 19:28:15,64.9,7.78
b9222683e55758e925b1931565b4f343,1,431d674f9a4fbd0957ecf6ba3fcb6899,53243585a1d6dc2643021fd1853d8905,2017-09-14 19:10:24,299.99,22.9
b9281185de46b37d1c9f6dcef2f96cf0,1,5d10b3779b68d58be0fcc46a1ee79689,4559697a8f7e637227c2eeaed843baff,2017-09-28 14:50:16,169.9,13.53
b94e9a3fad6a18ccc040e66e4bd271b4,1,da2d3c0905cbb6888fc1ca9a18f38ba3,7a67c85e85bb2ce8582c35f2203ad736,2017-09-18 18:55:15,129.99,18.16
b951fda86def0277a8416cbe5e7389e0,1,8d77b937d01f4d6ca31ea084ec26fced,6560211a19b47992c3666cc44a7e94c0,2017-09-12 04:24:42,138.0,8.22
b9a089706e16d5490f7a2feb363e32e9,1,c448475cc4766baebabe30ee6d5f3fb7,3d871de0142ce09b7081e2b9d1733cb1,2017-10-02 06:33:42,45.0,2.31
b9a089706e16d5490f7a2feb363e32e9,2,c5b6cb0ce3279d64025831b972bf5dee,3d871de0142ce09b7081e2b9d1733cb1,2017-10-02 06:33:42,79.0,23.11
b9b90be72479c512c6ab9824a1ce256c,1,48f866f20b5b6015a324210988e73387,4a3ca9315b744ce9f8e9374361493884,2017-09-20 11:55:21,153.0,14.09
b9bf3ca35663e0a6418676757f04ada9,1,64315bd8c0c47303179dd2e25b579d00,7aa4334be125fcdd2ba64b3180029f14,2017-10-02 03:56:22,89.8,24.94
b9c18637e3b8ca78ccaa2aa1e5a947c7,1,07c055536ebf10dfbb6c6db6dbfc36e5,cca3071e3e9bb7d12640c9fbe2301306,2017-09-14 21:03:40,45.9,12.69
b9cc09d74b35b6e55620022d806066ec,1,4520766ec412348b8d4caa5e8a18c464,16090f2ca825584b5a147ab24aa30c86,2017-09-11 17:30:19,40.0,8.27
b9d7ab4768e51e8cef0b77f21a40b444,1,16007704980fa90718364a0dd747133e,431af27f296bc6519d890aa5a05fdb11,2017-09-12 13:37:40,129.9,13.93
b9d8d7815861b6e51ca61f3f81d5b9f1,1,f1c7f353075ce59d8a6f3cf58f419c9c,37be5a7c751166fbc5f8ccba4119e043,2017-09-12 18:35:24,189.9,26.17
b9e0c2dfab4b400170fc1bdc4765a35e,1,08574b074924071f4e201e151b152b4e,001cca7ae9ae17fb1caed9dfb1094831,2017-10-05 18:28:18,99.0,33.08
ba00aa276bce1031f0e144282affad55,1,45cfee87da128a8f939226bedd92a72d,718539d38d07dd351c76db862760e2e2,2017-09-26 20:25:22,32.64,11.73
ba21f24f06b977e43ce37b317a6974f6,1,fb783e3e545937820b57fe539b2c5a6c,da8622b14eb17ae2831f4ac5b9dab84a,2017-09-21 10:15:22,99.9,13.72
ba3a51757fdcfef1274e42c81786e4ff,1,7fb04722aba7a2b632bac8f9819796f3,f3b80352b986ab4d1057a4b724be19d0,2017-09-18 09:44:32,79.0,19.79
ba4f4ffc1063e52435824b76fc7933a6,1,191bd142a00d0d95fa54118635886d9e,7142540dd4c91e2237acb7e911c4eba2,2017-09-29 13:25:49,84.9,17.84
ba57df46d6c7801e304a57084265bd86,1,55b22991373bc1fc844500be10faf60d,0509040ea3fe50071181bbc359eb7738,2017-09-21 13:04:07,110.9,15.54
ba5ce5fa576ad02931cf1977c7f82323,1,6f66cd4cccc35d354547bca296581197,7e93a43ef30c4f03f38b393420bc753a,2017-09-25 07:24:08,199.99,16.15
ba606d3faf73e13022d13479d760cb45,1,765b1b0a0b478b2e57a71fcd873ab4a2,8e6cc767478edae941d9bd9eb778d77a,2017-09-25 03:30:30,23.12,16.79
ba69bf31fc071fd084f9967e05a7c479,1,955f8780ad5a8da545a008f6f95c1dba,b5e3e38609125694d2ea2417522a60b7,2017-09-25 13:44:10,89.2,21.42
ba6ceea3a35916e51113b91f726b1f89,1,53b36df67ebb7c41585e8d54d6772e08,4869f7a5dfa277a7dca6462dcf3b52b2,2017-09-18 11:44:07,179.9,16.01
ba6e041bd3e8e33cf1c2f2db99db6673,1,764292b2b0f73f77a0272be03fdd45f3,bd23da7354813347129d751591d1a6e2,2017-09-20 22:07:56,89.9,27.17
ba7349a4f248a6fa6c18ca067662c2c6,1,1cc8eab3e8021aa2f19391441692c477,7142540dd4c91e2237acb7e911c4eba2,2017-10-06 08:10:48,84.9,17.84
ba768e4d1d182da3fab71c3efbeaa5e8,1,20f160a9cf2e856ee5eba259e9ae33f9,17e34d8224d27a541263c4c64b11a56b,2017-09-19 13:37:49,206.11,18.69
ba862e955a05f361d3cf620519c8d587,1,2e0a8fea09b84a86e1fef3fcdf244668,46dc3b2cc0980fb8ec44634e21d2718e,2017-09-14 05:15:26,89.99,58.9
ba8c6767acf3744b63e5880f35d7e125,1,5d66715cc928aadd0074f61332698593,128639473a139ac0f3e5f5ade55873a5,2017-10-03 02:49:15,19.9,42.38
bac1117353bfc077a092eb57e24419cc,1,8924b7a8cf460f276c5fc77859b97539,fa1c13f2614d7b5c4749cbc52fecda94,2017-09-12 04:10:58,349.9,9.7
bad0467c52f23cdc71e9fa139d4a8afd,1,7fab1a1472fdd934397068931f63f3ca,3d871de0142ce09b7081e2b9d1733cb1,2017-09-14 19:03:37,69.9,27.03
bae1791d3987fa528b382adcc1de4db1,1,d0b61bfb1de832b15ba9d266ca96e5b0,66922902710d126a0e7d26b0e3805106,2017-09-25 03:34:50,45.0,11.79
bae1791d3987fa528b382adcc1de4db1,2,a4aa7c1427c31344e5f7cc3d839fe562,66922902710d126a0e7d26b0e3805106,2017-09-25 03:34:50,110.0,23.58
bae5466ca9c393da0e97709654923fdd,1,73852ee3739732147010f2be732d597c,218d46b86c1881d022bce9c68a7d4b15,2017-09-12 15:35:12,123.0,16.68
bae5466ca9c393da0e97709654923fdd,2,f97194491a605b1d0e50d631e443cb5a,c3867b4666c7d76867627c2f7fb22e21,2017-09-12 15:35:12,119.0,12.5
bae5466ca9c393da0e97709654923fdd,3,b00e24be53a1785f1f613e747809a5ff,218d46b86c1881d022bce9c68a7d4b15,2017-09-12 15:35:12,129.0,12.5
bae5466ca9c393da0e97709654923fdd,4,0e2c6b2fc22b192f824a68a0fa537aa0,c3867b4666c7d76867627c2f7fb22e21,2017-09-12 15:35:12,119.0,12.5
bae57f2adc242a88ed7589fe47efcd12,1,5f504b3a1c75b73d6151be81eb05bdc9,834f3294fba9f932f56edc879193f925,2017-09-29 16:10:07,610.0,113.72
baf84f7968a36e1c25ec1794330d5cbf,1,681e1525258578dd8a22a3c249509bf5,5cbbd5a299cab112b7bf23862255e43e,2017-09-27 16:25:58,45.6,17.63
bafee0b85090ed1545e50c2b5ae871e9,1,8473795696f49e9e79fba701f129828c,5f2684dab12e59f83bef73ae57724e45,2017-09-18 22:25:13,99.9,16.95
bb0a814e4d6cb5373c30a22b6c9fd658,1,05bee157001350b29b1e48395f6736a5,46dc3b2cc0980fb8ec44634e21d2718e,2017-09-08 15:50:11,279.99,22.45
bb13cb6c4afe0e0dbb504283c6ee7992,1,7fab1a1472fdd934397068931f63f3ca,3d871de0142ce09b7081e2b9d1733cb1,2017-09-15 13:04:06,69.9,12.83
bb13fa2703eaccdcb1e263eab3be6de4,1,e251ebd2858be1aa7d9b2087a6992580,001cca7ae9ae17fb1caed9dfb1094831,2017-09-14 20:30:23,129.0,36.98
bb1cb0653f2664a83f30a4bc0b483f94,1,ae083e4a334a4210ae0ef7323f1584c5,0df3984f9dfb3d49ac6366acbd3bbb85,2017-10-02 03:28:30,239.9,15.43
bb1e19124a79d7567645189d83030101,1,33a8f9ff2a9a41c0c49a24d12e106151,f8db351d8c4c4c22c6835c19a46f01b0,2017-09-21 15:30:42,30.9,9.27
bb20431838257fa1e72436dde825b775,1,43fc98441bf3bd68602dd4877adf4c1e,080199a181c46c657dc5aa235411be3b,2017-09-28 07:46:15,179.49,9.45
bb2333fb2f478ee47fffef086d24da16,1,08c5039f843aa1a03854fb33b713ef37,822166ed1e47908f7cfb49946d03c726,2017-09-21 15:45:10,18.74,12.35
bb2dafe8efdfb614d72a3c5932c1d49f,1,4440eee33cc4fe9710fb8b024a128bcd,70a12e78e608ac31179aea7f8422044b,2017-09-20 00:50:48,22.0,15.1
bb3b61a129aba9eeb10bb81a4770f3b1,1,7814c273ab16783d73a9863ebfa8b141,1025f0e2d44d7041d6cf58b6550e0bfa,2017-09-19 13:50:16,229.0,43.8
bb3bc9b2e2b9022f70bdac9912cf67bc,1,8338cef8355d238f43711dcb9c0657b2,cca3071e3e9bb7d12640c9fbe2301306,2017-09-25 16:10:14,45.9,16.11
bb49b2fac8a575f20a56392e3e3db294,1,12a146749cb72ebfde01a89105df1897,e9779976487b77c6d4ac45f75ec7afe9,2017-09-18 11:04:42,29.0,15.1
bb58d2adc1241af1c36272f66ab7a771,1,f1c7f353075ce59d8a6f3cf58f419c9c,37be5a7c751166fbc5f8ccba4119e043,2017-09-12 23:15:10,189.9,18.04
bb6a7f8cd819560d278d618a0673dd4b,1,504f07e36481e5e72043def3d874b92a,2e1c9f22be269ef4643f826c9e650a52,2017-09-25 10:45:12,89.99,12.97
bb7212057f59214702cd81a6bba10fdf,1,0d3343f683310b281c291419d96c8132,7b07b3c7487f0ea825fc6df75abd658b,2017-09-20 02:45:38,139.8,17.23
bb826b56d55ad8b42a01591762024f17,1,2c118aabf0b8b0f52167c7741512d699,dc4a0fc896dc34b0d5bfec8438291c80,2017-09-15 14:23:31,118.58,16.59
bb937ae1ca42e99347c215a7b0d05847,1,20ee98f10c16f05a43db060ab1cbfd7e,827f8f69dfa529c561901c4f2e0f332f,2017-09-22 11:10:17,29.9,15.79
bb95881900c6eeb4252919993f7a6660,1,339c5b81bf45deff28dabce4b8f05517,4a3ca9315b744ce9f8e9374361493884,2017-10-04 23:07:14,78.25,16.31
bbb67d2853d40d080e6e1f16f5f0a1c2,1,6cdd53843498f92890544667809f1595,ccc4bbb5f32a6ab2b7066a4130f114e3,2017-10-09 15:14:17,349.9,17.21
bbc0dd90484124e1dcc1d2428ad924ff,1,f1c7f353075ce59d8a6f3cf58f419c9c,37be5a7c751166fbc5f8ccba4119e043,2017-09-26 13:30:22,158.0,25.95
bbdf47a1093584db5d4cd4e557c07183,1,d370e908175e2f3b39bb7fd33fd4c530,751bdc4d83a466c7206cd42e8f426b03,2017-09-27 15:04:34,19.99,16.11
bbf6a647ecc68aa5e79d2cd75ef44c68,1,b1acb7e8152c90c9619897753a75c973,cc419e0650a3c5ba77189a1882b7556a,2017-09-12 10:45:16,34.99,11.85
bc107b9b5508d2356f663898c2eb1d8b,1,f9b1795281ce51b1cf39ef6d101ae8ab,3771c85bac139d2344864ede5d9341e3,2017-09-11 09:05:17,39.9,26.89
bc107b9b5508d2356f663898c2eb1d8b,2,f9b1795281ce51b1cf39ef6d101ae8ab,3771c85bac139d2344864ede5d9341e3,2017-09-11 09:05:17,39.9,26.89
bc11204edaf5b5bc0e1dc6cf8a44e400,1,201fc8c37f99b9911c8ccb421d34b0d0,25e6ffe976bd75618accfe16cefcbd0d,2017-10-04 20:05:23,99.0,15.45
bc1407516b972c301cdd874626028952,1,07acd9ac393e5b30aded00de63d80e14,7b07b3c7487f0ea825fc6df75abd658b,2017-10-04 23:49:18,58.0,14.16
bc16cd35390e6d0638d87ef92f626899,1,3c1f8775831d28ef01f05143a9be9ecc,4e922959ae960d389249c378d1c939f5,2017-09-26 19:55:12,65.0,25.73
bc23a8b8a743eb2f2b66eb86a77f8740,1,f7e0fa615b386bc9a8b9eb52bc1fff76,87142160b41353c4e5fca2360caf6f92,2017-09-13 19:50:23,98.0,17.97
bc275c0a8a5a45366f816095af0702e4,1,a9e1892ce37ec3b694e45a58e3377556,6c7d50c24b3ccd2fd83b44d8bb34e073,2017-09-28 00:36:19,49.5,15.98
bc2b2f5f5aad2762906c62abe09d5677,1,f7e0fa615b386bc9a8b9eb52bc1fff76,87142160b41353c4e5fca2360caf6f92,2017-09-25 17:30:23,98.0,16.13
bc4854efd86d9f42140c951c595d20c1,1,657aa59c6c58816ddc4f86c51a2759c9,bfd27a966d91cfaafdb25d076585f0da,2017-09-07 22:31:40,129.0,13.92
bc4bbcc74f039da59c73143881c5388b,1,5b488b474a4f2519b7826390b1873a58,f8db351d8c4c4c22c6835c19a46f01b0,2017-09-28 20:50:12,209.9,18.18
bc7a8b1110cf6edfecfcb0a1484f36dd,1,938d2bbf637fa7e013e37477da0969c0,8eb88b0acb3f90a717ad659221471fa7,2017-09-27 03:04:43,59.9,25.7
bc80892738aa55b49dfd74ce6d50cd97,1,8aa6223e400af9c97b07c75993142721,1f9ab4708f3056ede07124aad39a2554,2017-09-08 10:45:14,174.9,31.97
bc8f3d379c349098bbcd8b6f41883e59,1,cc53571eed3eb6a52148b2145955a0ef,ac3508719a1d8f5b7614b798f70af136,2017-09-22 01:06:22,329.8,39.86
bcafe5369145806f5c012da26c496a39,1,d189fbf8b5d79a670cebcaaad68d77b2,0d85bbda9889ce1f7e63778d24f346eb,2017-09-13 08:25:17,59.9,25.26
bcbb11b412d6f57c7a4a9b1d1ff56a13,1,982a0a294a593c7489a1a0a616b5e7c6,ca3bd7cd9f149df75950150d010fe4a2,2017-09-22 15:10:15,52.37,9.34
bcdd7ead3db5a78858c07e491d022d21,1,a5e66fadbb9b49dffdbf63675436a332,e9779976487b77c6d4ac45f75ec7afe9,2017-09-11 14:55:19,89.49,8.37
bceae68488231cae8418713a4f1a5a99,1,994ab76f0da3349fffcfe5d598e9babb,8b2492b7ff4468839593fafeed55bad9,2017-10-02 12:14:21,45.04,17.63
bced9d44b71edeb7df9229c6b86fd784,1,a3bb3642ad1170e55d345dbf5953f38d,557f22c76691849db52d2abccf0015d0,2017-09-22 00:15:15,21.99,25.63
bcf2e0138ecf66a8688ab369b802d57a,1,36c2fb4fa746273709c373f6d6ec6796,00ee68308b45bc5e2660cd833c3f81cc,2017-09-25 01:10:20,80.0,11.77
bd069f6bcfb7933f3c7675d5dce3692f,1,164a001b8c3c3be1c4c04f158bfafaca,be9a160a9011f627c3e121d076c1ec7b,2017-09-10 21:50:13,389.0,23.21
bd1befc72cade5c00562b4bfd1a85485,1,6b8cf2f4f294dd4b50037f061f230fba,7178f9f4dd81dcef02f62acdf8151e01,2017-09-27 14:04:06,39.9,15.1
bd47e5f8eaab83d29f99b4079683de37,1,2b828e930e3b891d3cb86864a5ed1540,a3a38f4affed601eb87a97788c949667,2017-09-28 14:24:14,69.9,18.06
bd50e1e10ed8a1e38db7af2e76a1986f,1,6642e66f26b6e23817ada36eeae229bc,e49c26c3edfa46d227d5121a6b6e4d37,2017-09-27 11:10:30,204.89,127.82
bd83b6f65b3811546509a46108ba032a,1,f32415d23c358ef1e387a7d329d9ce9f,3586b8580d9c917874e053a1bb37b5ff,2017-09-14 14:15:11,36.9,12.69
bdabc74894435691ce6c9987a61b3d55,1,08e9cbdf0ec7e3f5a265ebba500bcc73,7c67e1448b00f6e969d365cea6b010ab,2017-09-17 23:04:00,79.94,15.31
bdd374a843bda6af81c48e0680622729,1,7f064525eaaa1ce9d22c085f7ff5413a,6560211a19b47992c3666cc44a7e94c0,2017-09-26 18:24:13,49.0,7.78
bdd3ff4ef47b27548e0f1337fd6d042d,1,78f8812dd6c26f65ff9cd09b0318090c,2e90cb1677d35cfe24eef47d441b7c87,2017-09-25 17:44:50,64.4,17.7
bdf2706f341d19f5943d9a5c7355d045,1,afeeea6271148ee1bb15173b8187c431,53243585a1d6dc2643021fd1853d8905,2017-09-08 00:06:06,174.0,9.78
bdfe93bb42c76425b86540b96ef4761c,1,b6ea15ce7ec34fdebd80ef71de3a24bf,70a12e78e608ac31179aea7f8422044b,2017-09-18 04:50:47,19.95,15.1
be181c4e93f5554a73a00b207c765e8e,1,74985eecf05f5ef2d7e4c59156454e2c,080199a181c46c657dc5aa235411be3b,2017-10-02 14:35:40,179.49,9.45
be189e2867578f53e85ff49f5a1b3e74,1,fa9adbf599801a9b1f081da9bf514fb1,f5a590cf36251cf1162ea35bef76fe84,2017-10-06 17:14:08,895.0,55.01
be1b2440de60927d6a4432b36cc31c71,1,492bfd5c7a82cfd6dddccdec443b2ca4,070d165398b553f3b4b851c216b8a358,2017-09-13 19:20:05,41.99,16.11
be4e62f1eff881f7eef7fbc619128ab9,1,9d32095f76b97762307e86cfc18dd7a0,391fc6631aebcf3004804e51b40bcf1e,2017-09-27 14:43:56,49.95,11.85
be56cbf6122c89bff90a40a8d82a0288,1,3fca280b9c1738d8d7996c7373d3ecee,e0a366315b1b726b6c7832d664c0f530,2017-09-19 22:44:06,54.9,16.14
be5d9df3cb44dbb469a80581ede808a2,1,3410cbd7df2130ec3cb9300ef0fe3df1,165fc07beebdcb6190fba8a06db2a449,2017-09-18 04:50:36,59.0,17.98
be617734b5af69d1f5af08af4a1ac32d,1,b141c668aca84c5877a5c66bd94fedc8,da8622b14eb17ae2831f4ac5b9dab84a,2017-09-20 23:24:26,29.9,15.1
be617734b5af69d1f5af08af4a1ac32d,2,0a4093a4af429dc0a9334300e5c13ae5,da8622b14eb17ae2831f4ac5b9dab84a,2017-09-20 23:24:26,29.9,15.1
be70a6a2c7e50ca21ec40bbacd429e5c,1,5dbf50af9485478b933f1028e108640d,582d4f8675b945722eda7c0cb61ba4c7,2017-09-28 04:06:02,5.99,15.1
beda39ef81ca80ce3226111dd4f35155,1,3c7426b4df1386b6b355a5fa6bf85873,381c83fdca332ea6afd896da20bf6e4a,2017-09-18 17:55:09,99.0,16.94
bede3503afed051733eeb4a84d1adcc5,1,8db75af9aed3315374db44d7860e25da,4e922959ae960d389249c378d1c939f5,2017-09-26 04:05:52,100.0,15.45
bef00c92231206983bc83df7ba17289a,1,c0cd5acdd53e22c35108d81c51a0c158,e06f09ec0a4aca210779cf1cfc63cf19,2017-10-04 14:50:13,119.0,18.08
bf055d63b3d95ca9091e3578ee703a88,1,2b4609f8948be18874494203496bc318,cc419e0650a3c5ba77189a1882b7556a,2017-10-03 22:49:17,89.99,17.07
bf0fbfbaceba1d05f31c53ef4303ff9c,1,521a361808bedd9fffb32181e501e09b,5b179e9e8cc7ab6fd113a46ca584da81,2017-09-19 17:05:21,149.9,18.3
bf109fa36da244c6c5425edfda0d8aab,1,9cfd1f36525a6b46d3e0b7f1e153fa4f,c3cfdc648177fdbbbb35635a37472c53,2017-09-19 05:15:53,64.9,16.21
bf19011f60f7f394faf33366baf9fa16,1,87cb507e0daa37bbf34956fd59eba832,6560211a19b47992c3666cc44a7e94c0,2017-09-08 15:15:21,29.0,7.78
bf474eae16fef2c6a00582f52e79ccbd,1,afeeea6271148ee1bb15173b8187c431,53243585a1d6dc2643021fd1853d8905,2017-09-11 11:24:30,174.0,22.02
bf5b783279dc70c35854c1df2ec850c4,1,66b5f91356d928ae807ab4ee547f5e3e,f45122a9ab94eb4f3f8953578bc0c560,2017-09-25 04:04:30,42.99,11.85
bf63ec64b243739a224860a034cb5357,1,eb8c629f70275fd1c4f809116cce1efc,1025f0e2d44d7041d6cf58b6550e0bfa,2017-09-22 02:50:46,38.4,14.1
bf76016e244b3edad48d42375a25e8e8,1,11dcc970f7a5581e1bf777b6da3f7096,06579cb253ecd5a3a12a9e6eb6bf8f47,2017-09-27 23:24:39,68.9,23.11
bf7c6448537b35fcded92b0df9050145,1,f6bcb15602b0ca66d77ef1cf4edff1a6,e9779976487b77c6d4ac45f75ec7afe9,2017-09-13 03:04:02,97.49,12.18
bf7dc02ad247527a27900abb19306a3c,1,5ca6a40fbc611451486b6525c655c64b,e09887ca8c7bf8a4621ce481820414ef,2017-09-14 08:45:12,19.99,17.63
bf7dc02ad247527a27900abb19306a3c,2,2fab6789523833dd6179314d5c7da56f,e09887ca8c7bf8a4621ce481820414ef,2017-09-14 08:45:12,19.99,17.63
bf7dc4793cf928d5303528934bd9647c,1,caf9add3dcd98d688be0064d9faf65b1,870d0118f7a9d85960f29ad89d5d989a,2017-09-21 12:09:31,54.9,25.22
bf855e7e3d03c67755603ee3ec6f740a,1,422879e10f46682990de24d770e7f83d,1f50f920176fa81dab994f9023523100,2017-09-21 11:30:20,59.9,17.67
bf941d5fc1bc7b644937b66246ad2150,1,d63c1011f49d98b976c352955b1c4bea,cc419e0650a3c5ba77189a1882b7556a,2017-10-06 14:39:02,59.99,15.18
bf951e41c5adb873b7fdcc1e83b406bf,1,a7c71ae3c8f9ee009eaf1bdcffa55012,b4ffb71f0cb1b1c3d63fad021ecf93e1,2017-09-20 10:15:21,43.0,11.85
bfa10a79da20194eb33afb833020e3eb,1,431d674f9a4fbd0957ecf6ba3fcb6899,53243585a1d6dc2643021fd1853d8905,2017-09-13 12:30:14,299.99,35.9
bfa2d90f225e338dc4f848b58789a3e5,1,154e7e31ebfa092203795c972e5804a6,cc419e0650a3c5ba77189a1882b7556a,2017-10-05 19:49:16,23.99,14.1
bfae97f66e306e1f2832857d6d11925f,1,f71973c922ccaab05514a36a8bc741b8,5dceca129747e92ff8ef7a997dc4f8ca,2017-09-18 18:35:13,108.9,34.93
bfaf4827cdd358e6cc443e44f9f9132f,1,ea70c7ac7beedf6663e1ddbde272384a,f45122a9ab94eb4f3f8953578bc0c560,2017-09-14 20:06:03,56.85,15.15
bfb11ae717892540547adae8fea72c10,1,3373d1ed7bf5f3187f110c0e9e40a02b,fc906263ca5083d09dce42fe02247800,2017-09-19 15:30:19,39.9,12.48
bfb51c4a799c319062db833fa3c5a157,1,b532349fe46b38fbc7bb3914c1bdae07,1025f0e2d44d7041d6cf58b6550e0bfa,2017-10-02 22:56:16,38.4,16.11
bfb51c4a799c319062db833fa3c5a157,2,b532349fe46b38fbc7bb3914c1bdae07,1025f0e2d44d7041d6cf58b6550e0bfa,2017-10-02 22:56:16,38.4,16.11
bfb51c4a799c319062db833fa3c5a157,3,b532349fe46b38fbc7bb3914c1bdae07,1025f0e2d44d7041d6cf58b6550e0bfa,2017-10-02 22:56:16,38.4,16.11
bfb8512783ccd2271d2e96d3b856bf2b,1,d6160fb7873f184099d9bc95e30376af,53243585a1d6dc2643021fd1853d8905,2017-09-21 12:45:16,1649.99,33.42
bfdfa2b4742c41cf4853fd72cf7c9815,1,6f7400c1577bd99fb7c9cd196edb6ae2,0c8380b62e38e8a1e6adbeba7eb9688c,2017-09-25 19:25:24,99.9,28.08
c00241b8d22988b4f305a817f47bee80,1,ed5783fe4b2194c66043e77b648ff4cb,f84a00e60c73a49e7e851c9bdca3a5bb,2017-09-21 16:10:11,86.5,47.32
c02ba990f9573a840c307babf93b3416,1,b4546f52515517c7e25a51a13695c1f3,77530e9772f57a62c906e1c21538ab82,2017-09-12 04:36:04,59.9,16.86
c02f449466eb42e245b4ec9287aeb987,1,a45af86c4a7948f5fabbb5b0132475cd,e63e8bfa530fb16910dd6956e592bb81,2017-09-21 02:55:32,28.9,25.63
c03349d196d2c2e31e41e29d06396cbf,1,880be32f4db1d9f6e2bec38fb6ac23ab,fa40cc5b934574b62717c68f3d678b6d,2017-09-26 15:10:32,44.9,7.78
c04c611743c9b96f3727019802413a24,1,283f243bb09e48e8f324d175182d5cfa,ea8482cd71df3c1969d7b9473ff13abc,2017-09-21 00:20:17,18.9,7.78
c04ccf5367e419a74f5589f156a0b8e1,1,6a1a04054158fe995e1688d8f79605b2,9616352088dcf83a7c06637f4ebf1c80,2017-10-09 20:14:23,59.9,13.44
c057007d38fa1eb53e9eaf0602830467,1,c708ba7c6269161f89ce0683cdd7c432,6560211a19b47992c3666cc44a7e94c0,2017-09-21 02:55:44,49.0,7.78
c05a69ea679c56b6437490f5d8eb7a77,1,5f315c482ee138f3766f5a9169f16ba6,fa1c13f2614d7b5c4749cbc52fecda94,2017-09-22 11:51:28,199.9,18.68
c08029c18d0544f5f412033887287ad9,1,a0abcee0132a5aed003d98e459b37698,004c9cd9d87a3c30c522c48c4fc07416,2017-09-12 17:35:27,117.99,21.32
c09395a3ba913b8f6c2594a7df7df72b,1,6e9c52b407fea24064f7ab2b144fbf8c,855668e0971d4dfd7bef1b6a4133b41b,2017-09-21 16:30:17,270.0,55.35
c0a5ad81be45e1a04365870aab5cfb4f,1,db05baa32930ca5fbdb515b0ff8fba0d,0e982cff76cc0579f632cea8a0e38c9d,2017-10-03 02:49:14,320.0,11.66
c0ab80c9e6beca100fc0f174135e8503,1,08574b074924071f4e201e151b152b4e,001cca7ae9ae17fb1caed9dfb1094831,2017-09-13 22:10:17,99.0,33.08
c0b30438008f3085a4b78b9cd36ade63,1,3c699da37ca714bf7dfa8450413fac3b,e5475dcab1e07b63d7f6e902d8f5eda8,2017-09-14 11:15:13,16.0,7.78
c0bcf2bb8a872c09da87c174a0f4e21b,1,e899d44e1fbd1131a4c94b9f7bb1ff2a,725c32fa80c2faacc4fc88450d27314e,2017-09-29 16:15:12,99.98,13.04
c0d19224d6a56baf63302669fac4e73a,1,b596e2d70dd2f5fb5ff9ee2a1c803e5b,46dc3b2cc0980fb8ec44634e21d2718e,2017-10-02 22:28:20,269.99,18.14
c0e6a4b9d9b4fb7364f6010863708cbd,1,ec02a5d380128f7a188e9ce8f3ddd832,48436dade18ac8b2bce089ec2a041202,2017-10-04 18:49:20,132.9,43.34
c0f3e5b46a6f8a899bb3a9de4afd5525,1,f39a8b27ce90ac582103bf36f09690dd,16090f2ca825584b5a147ab24aa30c86,2017-09-28 13:50:18,319.0,36.03
c105be01f21c9df6a2579f59b95cbcd9,1,d2f5484cbffe4ca766301b21ab9246dd,36a968b544695394e4e9d7572688598f,2017-09-22 16:27:55,12.88,11.85
c10cae5ba4cb39a32bfb0fc880160cfc,1,f811e4e8228504bcdd34f2fe9f502c92,538caafddff204241cecbf3a02e6b3cf,2017-09-20 20:15:18,15.9,7.78
c10d412026c4077b8e83acf0fea04eee,1,b0961721fd839e9982420e807758a2a6,1f50f920176fa81dab994f9023523100,2017-09-18 21:55:21,59.9,28.82
c10d412026c4077b8e83acf0fea04eee,2,b0961721fd839e9982420e807758a2a6,1f50f920176fa81dab994f9023523100,2017-09-18 21:55:21,59.9,28.82
c10d412026c4077b8e83acf0fea04eee,3,b0961721fd839e9982420e807758a2a6,1f50f920176fa81dab994f9023523100,2017-09-18 21:55:21,59.9,28.82
c113870dd01779aa1c5e09b070080503,1,c6336fa91fbd87c359e44f5dca5a90ed,4c2b230173bb36f9b240f2b8ac11786e,2017-09-28 04:05:15,45.9,11.85
c113870dd01779aa1c5e09b070080503,2,c6336fa91fbd87c359e44f5dca5a90ed,4c2b230173bb36f9b240f2b8ac11786e,2017-09-28 04:05:15,45.9,11.85
c13f7e0f6e68493d056654349be6c15b,1,17ad136b7421ea8690fded631b651158,6560211a19b47992c3666cc44a7e94c0,2017-09-13 22:03:53,55.0,7.78
c147eb82165b5b541fc943d0747eede3,1,4cac1a12a6fe9ffba4a9556dbe582e28,7ddcbb64b5bc1ef36ca8c151f6ec77df,2017-10-05 15:49:40,25.99,14.1
c1784d1cbbff59b5a789abe080cfaaee,1,01ff1ff8aa5dec93e9938b989393a4ca,0c7533c71df861ec58ad7ff999ed0e8d,2017-09-15 19:55:17,51.6,3.77
c1784d1cbbff59b5a789abe080cfaaee,2,96b4ceeea5f4e3997ac6543f49a4f138,0c7533c71df861ec58ad7ff999ed0e8d,2017-09-15 19:55:17,45.9,37.67
c1784d1cbbff59b5a789abe080cfaaee,3,2efe8f5e5c3b7327473c75cf2f11bb02,0c7533c71df861ec58ad7ff999ed0e8d,2017-09-15 19:55:17,33.9,1.88
c18471a2fcb0a25a2cb68f0df3fd8174,1,6b90709b6db8b6076b0b0c71cc70d06b,f214d28e8d8e3ef068748498ccc2f813,2017-09-07 23:35:35,29.99,7.78
c186ae09d4d6b5291940be29b05cc169,1,1584ce1843990c0f62e353fd0478c2df,4a3ca9315b744ce9f8e9374361493884,2017-09-27 03:04:59,75.5,13.55
c188cb8c1687e281f8d8e8021bc0b8cb,1,3570caaeaa3f5a1ae76392bb2b4155f9,7008613ea464bad5cb9b83456e1e6a8f,2017-10-05 02:33:50,58.0,27.79
c18ddf35acd22ea390ff66a9edc66d8e,1,c0db539123a403f670c50237d970b215,f7720c4fa8e3aba4546301ab80ea1f1b,2017-09-14 17:30:23,29.1,18.89
c1a8cd7002219199c6cddff33d64d4ca,1,a8d44734cde6fbd2f5c32818da67b97a,f8db351d8c4c4c22c6835c19a46f01b0,2017-09-15 14:55:25,17.9,15.1
c1b3677443e3acb2a07e47d81889e571,1,de845f191115e91fadc9624c144488c7,87142160b41353c4e5fca2360caf6f92,2017-09-21 03:35:20,279.0,24.75
c1c1b5826946d4427c2f936e0ca1bb19,1,d3f5213b3f4e42a050935f3ccbfedf50,6a0cbc8af2e8abd1bdfb777943d174c6,2017-10-04 16:25:19,115.0,16.44
c1cc6a6a6730197d8b7fef1132942274,1,143bd097a677b205de2380a93b1f1a99,59b22a78efb79a4797979612b885db36,2017-09-14 11:35:18,169.0,21.09
c1e50c50037af907b9099da2c948e109,1,0502d1a36be75bd36b452f31c6ed264a,c826c40d7b19f62a09e2d7c5e7295ee2,2017-09-28 22:10:16,75.77,14.28
c1e50c50037af907b9099da2c948e109,2,0502d1a36be75bd36b452f31c6ed264a,c826c40d7b19f62a09e2d7c5e7295ee2,2017-09-28 22:10:16,75.77,14.28
c1eae222313b3a7eac740761313cbd27,1,3c79a7c125a368407bd03f3d8b0c4d25,41b39e28db005d9731d9d485a83b4c38,2017-10-19 14:03:38,164.9,18.4
c1f39bb1d57f413cc9d3086d546b3866,1,978ea005bbc57d3f9ee16f21056f7f63,cca3071e3e9bb7d12640c9fbe2301306,2017-09-18 14:30:32,89.65,13.65
c1f9a3a835ab0d3d2975ab179f78ab75,1,e74c906e50417096a9c1fb2c5860b010,70eea00b476a314817cefde4aad4f89a,2017-10-02 19:07:10,219.0,32.28
c1fad8c885084c5b05f3bd5e2dd56218,1,f1c7f353075ce59d8a6f3cf58f419c9c,37be5a7c751166fbc5f8ccba4119e043,2017-09-29 09:44:54,148.0,25.88
c20b8787cc61fb390fe578ddf1995933,1,4a25fe90f6685b9fc991af9a796f74c3,4a3ca9315b744ce9f8e9374361493884,2017-10-02 04:04:31,153.0,12.57
c2251dd482d3d185a7339f603c2de21b,1,c075b8e131353552218860f1c421e4ef,f80edd2c5aaa505cc4b0a3b219abf4b8,2017-09-20 15:04:25,55.9,46.92
c22f4ba5610aa110fb73444de7600a2e,1,d6160fb7873f184099d9bc95e30376af,53243585a1d6dc2643021fd1853d8905,2017-10-04 16:07:11,1599.99,35.65
c230f6e954ab2b2aed5ad7458d539258,1,f30a908aadfed5d9edd5619eef796819,dc4a0fc896dc34b0d5bfec8438291c80,2017-10-02 03:35:42,125.57,13.9
c2376b3688a7b2bad91daeccb5097ffc,1,29427de7f8a9ee983d9dbc51cec569b4,7a67c85e85bb2ce8582c35f2203ad736,2017-09-18 04:44:54,99.99,19.94
c23cb80af0f010fd4115ad42f91c7822,1,389d119b48cf3043d311335e499d9c6b,1f50f920176fa81dab994f9023523100,2017-09-13 02:44:05,59.9,28.82
c2569709e6223a9854bd1eab69c150c2,1,386eebb43722ab502f04f7900bd2451b,94144541854e298c2d976cb893b81343,2017-09-19 02:24:18,59.9,15.86
c25acd72d5c2eb2ec89c3c8d7cd7d1f2,1,9defd1ffa1cecec71bc4a269ee97938d,30a2f535bb48308f991d0b9ad4a8c4bb,2017-09-14 05:04:42,49.9,8.72
c25e9bf813225380ada966afae6d6b95,1,fa4e8255202fd921350a6fc716710dae,2b3e4a2a3ea8e01938cabda2a3e5cc79,2017-09-15 18:45:15,249.99,9.0
c2889b2085529be65218f712352769e6,1,1bfe62f326ac7bec0f5a83c10cfff228,3d871de0142ce09b7081e2b9d1733cb1,2017-09-14 03:34:06,54.9,12.72
c28cc812db8e9acb713843bb0470b7cf,1,9794fba8c8aa64ab4fece2d3cbe731e9,715bbd5ba4e6b74cb0d2f29eb45058b0,2017-09-14 00:50:11,39.9,13.37
c292c7f11802d84e8c7d9927db72870c,1,4f1a7a45b6d43fa7e4958e013923d9e5,ce248b21cb2adc36282ede306b7660e5,2017-10-02 22:49:24,46.9,16.11
c2aa930596277db8a490948feb446df4,1,30e6ca43e35febc39b93e1445a98670d,8f119a0aee85c0c8fc534629734e94fd,2017-09-15 18:24:01,22.5,15.1
c2b0a01a95828a432d2f335db23e23b6,1,fcdb929c70287379ce31deed3f733d72,dd2bdf855a9172734fbc3744021ae9b9,2017-09-24 21:33:31,209.9,17.91
c2be39a9987d992896de790f005d1bf4,1,f515fd230dbcf58eb6b51e4b4e0bd4e9,b4ffb71f0cb1b1c3d63fad021ecf93e1,2017-09-24 22:45:41,86.25,14.35
c2cf7a378143a3cc8bcd7c1cacbc3f8c,1,522f7a0f8944ac27a74436210e112821,6a8b085f816a1f75f92dbac6eb545f8f,2017-09-28 04:16:30,13.0,25.63
c2dcae7d1bbabdf58f915f41c6a9308e,1,7c1bd920dbdf22470b68bde975dd3ccf,cc419e0650a3c5ba77189a1882b7556a,2017-10-02 08:32:45,58.99,13.43
c2dccf148a1561c27d90870e67e507ca,1,f2e53dd1670f3c376518263b3f71424d,4a3ca9315b744ce9f8e9374361493884,2017-09-11 19:35:14,109.9,18.02
c2dd3125d2c742a487adbbd0704b4775,1,e6cca1e56d395424edec4a6346b5d4d0,f4c4daa86e30c7e5a553a8d518ac03a5,2017-09-21 14:35:25,148.75,15.79
c2ec4601c71af45d10781c0d50d98d63,1,68a058d125ba1544e726898f0b8c0523,7c67e1448b00f6e969d365cea6b010ab,2017-10-03 21:05:17,129.99,21.56
c304f3e442b44b23d4623712988c3734,1,11875b30b49585209e608f40e8082e65,669ae81880e08f269a64487cfb287169,2017-09-11 09:45:13,65.0,16.89
c3125124ed3dad68e667a2f7807e3e1c,1,0ae6165016bbebd759d0ac2414e59049,5dceca129747e92ff8ef7a997dc4f8ca,2017-09-29 13:24:43,49.99,7.78
c3268641873c510f155cf452759b1ace,1,742778ff0ce574b84b7ed2fb0788cfd2,638cba8be1fb599bbb76fd6948351eb3,2017-09-08 02:55:57,29.9,15.1
c337be7e160adf73d51a64678b8f7ede,1,b23ede14b480ecd0dbb08e2406b3a206,25cf099de44674fde97473224f9d59ab,2017-09-19 15:05:27,36.0,22.67
c33847415203d145000463a6976952b6,1,0fa81e7123fd0ebe03adbbe99d912827,da8622b14eb17ae2831f4ac5b9dab84a,2017-09-20 13:30:22,99.9,17.95
c33847415203d145000463a6976952b6,2,87d780fa7d2cf3710aa02dc4ca8db985,da8622b14eb17ae2831f4ac5b9dab84a,2017-09-20 13:30:22,99.9,17.95
c33847415203d145000463a6976952b6,3,fb783e3e545937820b57fe539b2c5a6c,da8622b14eb17ae2831f4ac5b9dab84a,2017-09-20 13:30:22,99.9,17.95
c33847415203d145000463a6976952b6,4,8a443635fdf9759915c9be5be2e3b862,da8622b14eb17ae2831f4ac5b9dab84a,2017-09-20 13:30:22,99.9,17.95
c34636be7a1584abe05847e5d4b1c3c8,1,57d2fa6882b789ad55e86074398826c4,afe0067131b73e40875c9b6c10bd2e21,2017-09-28 18:06:11,89.9,17.88
c3474da948bb89ce980046e431c0752f,1,a84d0660dbffebf352aefbf1a6b18d00,6560211a19b47992c3666cc44a7e94c0,2017-09-27 14:04:57,29.0,15.79
c3474da948bb89ce980046e431c0752f,2,5c692818d313aa12864b48ac0c2472c2,6560211a19b47992c3666cc44a7e94c0,2017-09-27 14:04:57,29.0,15.79
c3514a3dc150acbbf0ab547f1cdc1fe4,1,53ecbdfce48c35f53f87609dee98b4b7,5dc4bdaf869e8c77c648078cbe8d59c2,2017-09-21 21:55:07,292.99,34.5
c360d21b65fddc4ac8f8d4dabf8c946d,1,3581c0b0a9a0bcd1a49381b65b4cd7e6,cca3071e3e9bb7d12640c9fbe2301306,2017-09-11 15:10:11,166.89,21.66
c37db340dcc0235b5e71ab73787846a2,1,0d94e21c8156ffa3dcb77cb1d456ef80,40536e7ca18e1bce252828e5876466cc,2017-09-11 14:55:16,115.99,124.76
c38813ffe793f98e9c552fdd4f0a21ee,1,b6075e028451d1426b276da0441684d3,b499c00f28f4b7069ff6550af8c1348a,2017-09-14 10:30:22,54.99,15.13
c39da54f19d2aa7b89667e4817f05629,1,ae5cad88462eb7b7b61401e31c45618e,ce27a3cc3c8cc1ea79d11e561e9bebb6,2017-09-15 05:25:16,15.0,25.63
c3b0ed046ed38a0d7cf59b4d651547b9,1,f39a8b27ce90ac582103bf36f09690dd,16090f2ca825584b5a147ab24aa30c86,2017-09-29 14:30:16,319.0,10.98
c3b8c17ee15e0e798c2e178b7d4c7f42,1,1d6d7be70107889e3193819aca4dc1dc,4a3ca9315b744ce9f8e9374361493884,2017-09-07 22:31:45,48.9,12.69
c3be15258fc4adeb2c7569983b4afb99,1,f288cae3916218ec01f708d093b29d4f,c8417879a15366a17c30af34c798c332,2017-09-26 02:30:21,107.0,8.0
c3be15258fc4adeb2c7569983b4afb99,2,f288cae3916218ec01f708d093b29d4f,c8417879a15366a17c30af34c798c332,2017-09-26 02:30:21,107.0,8.0
c3be15258fc4adeb2c7569983b4afb99,3,f288cae3916218ec01f708d093b29d4f,c8417879a15366a17c30af34c798c332,2017-09-26 02:30:21,107.0,8.0
c3be15258fc4adeb2c7569983b4afb99,4,f288cae3916218ec01f708d093b29d4f,c8417879a15366a17c30af34c798c332,2017-09-26 02:30:21,107.0,8.0
c3be15258fc4adeb2c7569983b4afb99,5,f288cae3916218ec01f708d093b29d4f,c8417879a15366a17c30af34c798c332,2017-09-26 02:30:21,107.0,8.0
c3be15258fc4adeb2c7569983b4afb99,6,f288cae3916218ec01f708d093b29d4f,c8417879a15366a17c30af34c798c332,2017-09-26 02:30:21,107.0,8.0
c3d9140aabd7042153131a1e69fc6bd9,1,99aa268744e2967e0ed6d3b22a38eff2,52562a9f449c3dc3d53f5f5b9ed74903,2017-10-05 18:58:01,84.9,33.48
c3f5808c83edb107f1358fa1477bff2d,1,afeeea6271148ee1bb15173b8187c431,53243585a1d6dc2643021fd1853d8905,2017-09-12 04:36:09,174.0,18.5
c3f5808c83edb107f1358fa1477bff2d,2,afeeea6271148ee1bb15173b8187c431,53243585a1d6dc2643021fd1853d8905,2017-09-12 04:36:09,174.0,18.5
c405d436f973cb6f7c1c1523a85cdcc2,1,2a217b8a9a09c938d8db704d99d7f053,3d871de0142ce09b7081e2b9d1733cb1,2017-09-19 03:36:11,55.0,16.15
c41052b3d56ec6a841c5b54af9845a32,1,29c131c43e662b738339aafcc0ba00fc,3df020b72d3d44b3af9d110fa3940b65,2017-09-13 12:50:18,49.9,12.69
c41052b3d56ec6a841c5b54af9845a32,2,29c131c43e662b738339aafcc0ba00fc,3df020b72d3d44b3af9d110fa3940b65,2017-09-13 12:50:18,49.9,12.69
c421ebe75a8bcaabd8540cfae6aa4a7f,1,b8d682ed9fe73be0d13a38e716573f79,7299e27ed73d2ad986de7f7c77d919fa,2017-09-27 17:35:21,500.0,20.75
c425022a55c05232ef90584ea3a169c7,1,a3b994a761e7a3ef4b527ac7f1057e9c,3c7c4a49ec3c6550809089c6a2ca9370,2017-10-02 16:49:30,13.99,7.78
c425022a55c05232ef90584ea3a169c7,2,017692475c1c954ff597feda05131d73,3c7c4a49ec3c6550809089c6a2ca9370,2017-10-02 16:49:30,13.99,7.78
c439a063d60f29fa2a257b40cef5c379,1,faa69a3ce59a6d1484410df55a93444b,aafe36600ce604f205b86b5084d3d767,2017-10-02 22:35:17,59.9,27.27
c442147fb67e965dd93f9c2a185daeaa,1,fcd98736b0f93602db185e73afddefc1,431af27f296bc6519d890aa5a05fdb11,2017-10-03 14:56:08,79.9,16.32
c4424d72047fd2f2046fb0ebc5ae246b,1,422879e10f46682990de24d770e7f83d,1f50f920176fa81dab994f9023523100,2017-09-13 02:50:36,59.9,28.82
c458e938207913709f5c0cedb195defd,1,19998f21eb0c32c91d5530613a490f41,7e93a43ef30c4f03f38b393420bc753a,2017-09-13 08:45:07,1499.99,24.25
c465b4dc1929898adffb867fb70fbadd,1,14dffa241a078aeaebaef48a49e807ca,fa40cc5b934574b62717c68f3d678b6d,2017-09-11 19:15:15,64.9,10.07
c465b4dc1929898adffb867fb70fbadd,2,dd6a505f83dd3c6326aa9856519e0978,fa40cc5b934574b62717c68f3d678b6d,2017-09-11 19:15:15,49.9,5.49
c477a36e7fcc7a915483289ed00f6ee4,1,7814c273ab16783d73a9863ebfa8b141,1025f0e2d44d7041d6cf58b6550e0bfa,2017-09-18 03:04:15,229.0,60.61
c488c9d2cc2f504be29a438ffc08ee6b,1,4deaa173012071863baaf9702b34168c,e9779976487b77c6d4ac45f75ec7afe9,2017-09-15 11:43:50,87.0,8.35
c49df0876643772fc41aa1bd470fe6e5,1,b5e13c9a353102f79c6206ff5cb61a50,a49928bcdf77c55c6d6e05e09a9b4ca5,2017-09-14 11:45:15,79.9,25.11
c4b4d00148bd70871b88bfa8c318b557,1,1164c17af70425821f88bfbdc9e907a3,2d50d6282f8aa2257819a77bfaa0efe0,2017-09-25 03:34:24,35.0,11.85
c4c0c97655a014bae49ca6704a0a42a7,1,b5e13c9a353102f79c6206ff5cb61a50,a49928bcdf77c55c6d6e05e09a9b4ca5,2017-09-20 10:45:09,79.9,16.81
c4fcb1aaed780b8c213652b55617ce14,1,e1608f467393da59b31f1b40b536548d,fe2032dab1a61af8794248c8196565c9,2017-09-12 00:03:31,339.9,18.14
c501bcc74df5ad09bcabd7774b6ae383,1,3d4784f9a07ca5de370c86800589c860,c826c40d7b19f62a09e2d7c5e7295ee2,2017-09-24 21:55:11,142.9,15.75
c50ed2bf9927ae7e870560f6fb8894ed,1,af1b8b408617b07914d3fb6652859e3e,30c7f28fd3a5897b2c82d152bb760c17,2017-09-28 03:30:32,689.9,155.11
c522b045e713a7b8bd172fcc37f116bf,1,e5fe79a5ccd19d20b3b095bf73cf9b5d,620c87c171fb2a6dd6e8bb4dec959fc6,2017-09-27 07:35:10,359.9,20.09
c526aa9189a06bf511e79dbc0e0e70b9,1,080a388eb2bd1051b01f6fc4ca659450,ea8482cd71df3c1969d7b9473ff13abc,2017-09-11 08:05:45,24.99,15.1
c5317bad0d8e0da6245fb7cd76226736,1,a5e74dc2d01e8b9df1590c7160358273,59b22a78efb79a4797979612b885db36,2017-09-08 17:30:19,135.0,38.79
c5317bad0d8e0da6245fb7cd76226736,2,a5e74dc2d01e8b9df1590c7160358273,59b22a78efb79a4797979612b885db36,2017-09-08 17:30:19,135.0,38.79
c536b6b70c5e68d35e68e55e95d873f5,1,eb7fae76f525c0a4af365291e609685b,76de363de16dacc923eec8daf91df504,2017-09-28 00:42:11,110.0,18.02
c539e0e8403e4e2f09aec95e073a9f85,1,fe077ec80df6b4ee60bb4498d5ab1962,87142160b41353c4e5fca2360caf6f92,2017-09-25 00:05:51,149.0,34.84
c546e22ce132da6778538ce6aa0d867e,1,288dbc06591742c5d7fe90fbfb08943e,9add47bf45ce8e8c7db6b9cf670b1e09,2017-09-26 09:25:18,109.9,24.15
c55e1514675dc10976509a057394e27f,1,63de2743d05ab59d85caa49e49459ac1,cbd996ad3c1b7dc71fd0e5f5df9087e2,2017-09-21 01:10:12,19.9,16.79
c56db498f3d3ce91df4715ff0420c0e3,1,7c1bd920dbdf22470b68bde975dd3ccf,cc419e0650a3c5ba77189a1882b7556a,2017-10-04 02:56:45,58.99,16.66
c5715ae9ef034f7036a9de7a5e9d858b,1,98e0de96ebb0711db1fc3d1bad1a902f,f27e33c6d29b5138fa9967bcd445b6d5,2017-09-20 21:35:10,299.9,20.64
c58ffed0450c483623e8de5090e2e8b4,1,fad8f41c2919d9bea348ae5792f8fc20,0ea22c1cfbdc755f86b9b54b39c16043,2017-09-21 18:24:52,19.9,8.11
c594bf7ad43d43c22b3b2646d12d729b,1,a4aa7c1427c31344e5f7cc3d839fe562,66922902710d126a0e7d26b0e3805106,2017-09-20 19:24:47,110.0,20.26
c599664a92ecfccd2ba5b5e7d4f91fb0,1,66f1a8d90992af09e58ab4e0496054ea,7e93a43ef30c4f03f38b393420bc753a,2017-09-18 04:35:31,179.99,8.51
c5a28b8419934838e84eb4e5aef5a3b5,1,dc404a1496a08f9f5540c8b5d4b92925,46dc3b2cc0980fb8ec44634e21d2718e,2017-10-02 03:49:33,299.99,24.97
c5c851cda96cf52bcdae7c0b6a803963,1,3d8ecfb459a62c886e330583bdbb3acd,7a241947449cc45dbfda4f9d0798d9d0,2017-09-21 11:30:17,69.0,14.21
c603557da211df150d679fa72fdf25a3,1,21d512be0373dc6a55cf1c97977076d0,c864036feaab8c1659f65ea4faebe1da,2017-09-19 18:44:16,139.9,17.42
c60a00eaa33b47afb951671b7f341ced,1,6490b9f63b0b595e1c1402b46b0f50ad,99eaacc9e6046db1c82b163c5f84869f,2017-09-27 02:55:28,280.0,13.46
c60c60940d6eaab173201faf9bf1276c,1,e8ca14b6c60a3194f2353bbfe0287bbe,1da3aeb70d7989d1e6d9b0e887f97c23,2017-10-02 03:56:23,11.99,18.52
c60c60940d6eaab173201faf9bf1276c,2,3685c687db4b3d2da5085d23b408e93a,1da3aeb70d7989d1e6d9b0e887f97c23,2017-10-02 03:56:23,11.99,2.41
c60c60940d6eaab173201faf9bf1276c,3,3685c687db4b3d2da5085d23b408e93a,1da3aeb70d7989d1e6d9b0e887f97c23,2017-10-02 03:56:23,11.99,2.41
c61e31d4cd0672fe89449ab560602519,1,07c055536ebf10dfbb6c6db6dbfc36e5,cca3071e3e9bb7d12640c9fbe2301306,2017-09-13 21:30:19,45.9,16.11
c63f5ac7a6d8ee6593a8b272aa533b5e,1,9c04b0496b6216fd87416d7fb07b4330,4da0e408c99d2fdc2126dc9fce518060,2017-09-18 02:50:19,42.1,13.37
c64790d2002c1c29cc6890a8123fb222,1,c708ba7c6269161f89ce0683cdd7c432,6560211a19b47992c3666cc44a7e94c0,2017-10-03 16:49:26,49.0,14.1
c64cd8af895f9e6795a7cb35f9004e37,1,7fab1a1472fdd934397068931f63f3ca,3d871de0142ce09b7081e2b9d1733cb1,2017-09-13 21:55:22,69.9,18.06
c666476105edefde7a138ed12ccb9910,1,21d325f98c6505a72b1bcf363f3d3f88,3ca08eeb8d5595949fed424bd3677742,2017-10-02 22:14:11,44.99,15.11
c66c3d7b42dbd139f921139df1eeb31c,1,dc0e42a3f768716a158834ab59694650,7142540dd4c91e2237acb7e911c4eba2,2017-09-28 12:50:20,84.9,13.61
c66d52ab7ee1f262449a1c5aad867d82,1,550dc4417c636abc04c71404342de695,25c5c91f63607446a97b143d2d535d31,2017-09-21 17:45:40,149.89,16.81
c66d7d7161db3e10260d556577fc86ca,1,72172e982e8b92155069e4201c92c0bb,e9779976487b77c6d4ac45f75ec7afe9,2017-09-26 18:05:53,37.49,21.56
c66d7d7161db3e10260d556577fc86ca,2,bcfc64e7adc6e1ce2030d71e1af79a3e,325f3178fb58e2a9778334621eecdbf9,2017-09-26 18:05:53,23.4,8.63
c68ea4392f5b47e1dd1623a6d9af8f20,1,946cde79b9ebdfcbd56c52a405cc54dc,47f55702f598c7c6cc8458b0fbc1c49a,2017-09-21 10:15:28,75.0,19.77
c68f9fba87fb85ad8be4ae66379b138c,1,544f4b7ff50d0cfa47e70a27458c8d95,1b7e5006cb25dd23ce8686691013b121,2017-10-05 13:07:55,179.0,18.53
c693197525abfba60b35d3a99954f7a5,1,597b41d8d84933e89685ba67a4d595b7,4aba391bc3b88717ce08eb11e44937b2,2017-09-20 09:50:18,129.99,17.35
c69b33391f7f4c19f7aea12048bcd5d2,1,7c2d0df8e5fbfa71d54a400b33a8502e,7e1fb0a3ebfb01ffb3a7dae98bf3238d,2017-09-12 04:44:33,76.9,16.98
c69fef70b78954f8127bf1940e002ac2,1,ccadfeab525a9eb1569983b66e5075c4,33576ec5412fb5905d876f12f33bfde6,2017-10-03 03:35:27,79.0,15.99
c6a5f1a0e18d1cad856f95794462ecbc,1,fd9f8eff0fa910129e366594485e00dd,750303a20e9c56b2a6bc45cdce0b897d,2017-09-25 22:10:20,546.9,6.0
c6a5f1a0e18d1cad856f95794462ecbc,2,fd9f8eff0fa910129e366594485e00dd,750303a20e9c56b2a6bc45cdce0b897d,2017-09-25 22:10:20,546.9,6.0
c6a5f1a0e18d1cad856f95794462ecbc,3,fd9f8eff0fa910129e366594485e00dd,750303a20e9c56b2a6bc45cdce0b897d,2017-09-25 22:10:20,546.9,6.0
c6a7876557e3e3e31f229852dfa4f5c3,1,d1c427060a0f73f6b889a5c7c61f2ac4,a1043bafd471dff536d0c462352beb48,2017-09-29 13:44:53,149.99,63.1
c6a7876557e3e3e31f229852dfa4f5c3,2,389d119b48cf3043d311335e499d9c6b,1f50f920176fa81dab994f9023523100,2017-09-29 13:44:53,59.9,6.31
c6a7876557e3e3e31f229852dfa4f5c3,3,0bcc3eeca39e1064258aa1e932269894,1f50f920176fa81dab994f9023523100,2017-09-29 13:44:53,59.9,6.31
c6b9d35e4e9ddeeeeb374acaf98dbf2b,1,b79361867edbe85462b548334d136a8a,e24fc9fcd865784fb25705606fe3dfe7,2017-10-03 22:14:24,150.0,26.33
c6c0dc0b58d87603f5b07c6283355d5c,1,4e5a27d8bad6e3f21c8b1ce4c8269885,d2f3e277560ed4c6361284429b00f037,2017-09-26 17:30:08,41.9,25.19
c6c26ee904fd7f85a965423bec883fe6,1,588e30c9b715a9158d6431ae94c25fea,d7b2377bae6ace1b11fc69a11900ac36,2017-09-21 14:44:02,89.9,9.44
c6c99f96854560866a50760e74aca378,1,2136c70bbe723d338fab53da3c03e6dc,6560211a19b47992c3666cc44a7e94c0,2017-09-14 08:24:25,29.0,14.1
c6e7a0810e0020963c7dc5ec9087c509,1,04a4e9d8c0dc6b2b4b8e24ea78a8f318,385799a1cddbd26dfeb9157356a42282,2017-09-14 16:30:20,91.99,15.39
c6eb7d8978a0d7a7e592ef611e4daf04,1,fa1016994ec2803636ffb1018e33cf5b,a6fe7de3d16f6149ffe280349a8535a0,2017-09-27 08:45:38,59.9,15.17
c6eb7d8978a0d7a7e592ef611e4daf04,2,fa1016994ec2803636ffb1018e33cf5b,a6fe7de3d16f6149ffe280349a8535a0,2017-09-27 08:45:38,59.9,15.17
c6fdbf697f2f8af465a58ffaa4c3fa4e,1,9f7b48e2d4e4d7375f71a10791faa1b8,259f7b5e6e482c230e5bfaa670b6bb8f,2017-10-05 02:27:59,59.9,16.05
c6fdbf697f2f8af465a58ffaa4c3fa4e,2,9f7b48e2d4e4d7375f71a10791faa1b8,259f7b5e6e482c230e5bfaa670b6bb8f,2017-10-05 02:27:59,59.9,16.05
c702cb12656a8080118f76ed8256938c,1,12ae2f8641058da5952d2eedfde9d018,53e4c6e0f4312d4d2107a8c9cddf45cd,2017-09-25 03:36:36,43.9,19.84
c72c794309b49932e42cf11c75b22c45,1,0b305b6bc4dbf84489cd367380955d18,44f091b5abab8018f682fce8124b85e5,2017-09-18 04:44:59,90.0,8.82
c7528ad3eeabc9fee6d6839e687f69dc,1,617186c3d97ea56c9c683a8a3974e8c1,cc419e0650a3c5ba77189a1882b7556a,2017-10-08 21:49:26,84.99,34.39
c75886866a89a0c9a04fbcd4699f3772,1,aed75ad669fbebd5a385ac7cc2ae7573,17f51e7198701186712e53a39c564617,2017-10-13 19:14:10,550.0,117.99
c75e9a685439f75e990bcf13443f02c5,1,f3979f97b4913d696bbe9c7c425c5e4e,46dc3b2cc0980fb8ec44634e21d2718e,2017-10-05 16:35:09,899.99,97.55
c77105bc2b21c4087653efcc5bf74aaf,1,84d0e98e468edffdfe4f1f5b178d4ecc,c3867b4666c7d76867627c2f7fb22e21,2017-09-14 19:10:18,104.0,38.28
c77105bc2b21c4087653efcc5bf74aaf,2,84d0e98e468edffdfe4f1f5b178d4ecc,c3867b4666c7d76867627c2f7fb22e21,2017-09-14 19:10:18,104.0,38.28
c77105bc2b21c4087653efcc5bf74aaf,3,84d0e98e468edffdfe4f1f5b178d4ecc,c3867b4666c7d76867627c2f7fb22e21,2017-09-14 19:10:18,104.0,38.28
c7712c0f5217ae36e0539a1caea73839,1,0aabfb375647d9738ad0f7b4ea3653b1,37515688008a7a40ac93e3b2e4ab203f,2017-09-11 21:35:16,19.9,15.1
c785921c49242bfac499ee30c455154f,1,f10384f43083c71548cfe45cb5f21943,b4ffb71f0cb1b1c3d63fad021ecf93e1,2017-09-20 04:45:38,65.0,25.73
c7de1681596c4080bdf5c00d84500c1a,1,19a5dc57b9f69cff2321395f3c36f9d6,c3cfdc648177fdbbbb35635a37472c53,2017-09-15 13:43:48,329.9,31.72
c7e6c5f6d269f68287d1d2471d70bf9f,1,ff8b5a5f01bf21afd7d49b4688ca6d1f,25e6ffe976bd75618accfe16cefcbd0d,2017-09-20 20:06:09,50.0,15.1
c7ede3b9252c5a1829219f21817a846c,1,ea44caac707f7f1325182a538007f838,855668e0971d4dfd7bef1b6a4133b41b,2017-10-05 14:56:13,50.0,11.73
c82445412645dc0bd09408f535c2b86d,1,982565327a800a467fffeac070672ea6,87142160b41353c4e5fca2360caf6f92,2017-09-25 18:07:24,79.0,18.79
c835e0746829dbae8bb92fb818ba654d,1,bed9b7934576c9ba61b6ba6f3babc698,7aa4334be125fcdd2ba64b3180029f14,2017-10-05 11:24:09,28.8,13.37
c85f8d62f0ff14b199c3d6ea33e571ad,1,c155c424ae428e87e3060b8cf9453d72,4ea2f12dbe91deeacd2c1e74f069a6e6,2017-09-21 17:20:10,34.9,14.1
c86368d17ff48588fec9eae138854ea9,1,a9f480bfc49f0b85e8394e1cdf685b4e,3d871de0142ce09b7081e2b9d1733cb1,2017-09-13 05:32:59,55.0,16.15
c8659bbe606f2b5c31cc02f58fce4b5c,1,51ce083cd2b9078656a94655ab45b8a4,da8622b14eb17ae2831f4ac5b9dab84a,2017-09-22 20:36:11,219.9,9.0
c8659bbe606f2b5c31cc02f58fce4b5c,2,51ce083cd2b9078656a94655ab45b8a4,da8622b14eb17ae2831f4ac5b9dab84a,2017-09-22 20:36:11,219.9,9.0
c8714809bc84ffb9c675dcf4a6455df9,1,f1c7f353075ce59d8a6f3cf58f419c9c,37be5a7c751166fbc5f8ccba4119e043,2017-09-29 18:35:14,148.0,25.88
c8bb5e3a323ce2493a2a00f055b10f11,1,2741993686da5b94521e019e9181ed1b,376a891762bbdecbc02b4b6adec3fdda,2017-09-18 21:30:23,85.0,21.39
c8bc8f1025acaa48d5be4ea4c11c88a3,1,b8fd372c103037c02e9898f76ba0ab4c,537eb890efff034a88679788b647c564,2017-10-02 12:35:20,129.9,35.63
c8ce9a6ce9e77be6a9d5fe31e7496c34,1,7a6750f9cb558b9fc79dbfa0d121a589,d1c281d3ae149232351cd8c8cc885f0d,2017-09-27 18:25:00,117.99,13.85
c8d8247ff7baf429edc63c9a81a2fd6f,1,7c1bd920dbdf22470b68bde975dd3ccf,cc419e0650a3c5ba77189a1882b7556a,2017-09-25 20:30:10,58.99,16.66
c8da096eda1ac468af162c20d2621512,1,21b4d9c7183dd6f20f584f35c09bd361,7e93a43ef30c4f03f38b393420bc753a,2017-09-26 12:50:22,274.99,10.74
c8dd1cfd0c38b71aff04b1a4298b5b83,1,dc6012b12115251bd0f6ffd93a99c070,6c7d50c24b3ccd2fd83b44d8bb34e073,2017-10-01 23:49:19,150.0,19.93
c8fe12f276a71635e2f929eac9d2d21e,1,cd1db0c97e4b3644bb52432611e09c58,e8f6dc8e6a1dcde89d20e3995c8d90b3,2017-10-27 13:10:16,105.9,114.39
c906d290e52be53ab891c3e09074a9d9,1,0aabfb375647d9738ad0f7b4ea3653b1,37515688008a7a40ac93e3b2e4ab203f,2017-09-29 12:44:18,19.9,15.1
c92e9f25637b9515a95acd097e7d3543,1,80e8fdeeef442f075fbc30aea71f0d3f,ec8879960bd2221d5c32f8e12f7da711,2017-09-25 21:44:16,33.9,16.11
c93e4c73cba512f76817291e0de8bec4,1,f1f01d27cb8664e16d57ef4a8075f3be,46dc3b2cc0980fb8ec44634e21d2718e,2017-09-18 16:44:39,279.99,21.2
c94939ec208457c136427d40ea7bb4cf,1,9523bf75c55cbbd31a79ea86a9157a39,23d7c96d4a1160db1c726b248601b25a,2017-09-13 16:37:13,489.9,27.74
c95c70fb04bd13e4a063330b9760c411,1,12fd8665371236b5b586ea4e448902c8,4a3ca9315b744ce9f8e9374361493884,2017-09-08 02:45:39,89.9,53.23
c96fce6251b1af10a35cdf0675566dd0,1,b1acb7e8152c90c9619897753a75c973,cc419e0650a3c5ba77189a1882b7556a,2017-10-05 02:49:52,34.99,7.78
c972a78eeb0dde0aac82eb51b1450c53,1,a9f480bfc49f0b85e8394e1cdf685b4e,3d871de0142ce09b7081e2b9d1733cb1,2017-10-05 11:14:10,55.0,16.15
c9756139ee937be234c1aafe31b8722e,1,e729528d0513c6dfec158a515a47187b,955fee9216a65b617aa5c0531780ce60,2017-09-18 04:30:55,59.9,20.91
c977e225ec57bdeb592c91bacf0f2897,1,d82737410a435ec11bf7355cc6ce2d4c,4200ddf1967c5e41e48db62bc6d4b5ac,2017-09-21 03:04:51,16.9,7.78
c977e225ec57bdeb592c91bacf0f2897,2,d82737410a435ec11bf7355cc6ce2d4c,4200ddf1967c5e41e48db62bc6d4b5ac,2017-09-21 03:04:51,16.9,7.78
c991b8532e7abe41bcfae9b0ae4e8f45,1,00baba5b58e274d0332a0c8a0a66f877,d3f39f05462b79a4562d35893a28f159,2017-09-22 17:24:22,47.9,11.85
c9a34c30282dc36d017bc912f8d8dc91,1,00126f27c813603687e6ce486d909d01,cd68562d3f44870c08922d380acae552,2017-09-21 20:55:19,249.0,13.24
c9c0bd3b9db92cebece12e761bb8454c,1,3ec7c8f47e7cd1e67a54c90edf527b5f,41b39e28db005d9731d9d485a83b4c38,2017-09-18 08:50:22,54.9,17.63
c9fff6f42450201f1c5b500726598c70,1,d88d2f4938825da4771d7972d76c5da7,2f09f7d37a97956d11cc1a7cadd5262b,2017-09-29 02:25:07,180.0,131.19
ca0f56eab306ab99911de4c96727a104,1,4fcb3d9a5f4871e8362dfedbdb02b064,8581055ce74af1daba164fdbd55a40de,2017-09-18 15:35:24,143.8,30.05
ca155f4ccd7bb9e5cfac4beb82c52881,1,d97e1fd728f059a776579e16c9e69e85,633ecdf879b94b5337cca303328e4a25,2017-09-21 04:10:08,299.0,15.84
ca19d840d5e718f4b8aeec1a40d393ec,1,eab4c9985a59caadd3c0f14448eaeac3,669ae81880e08f269a64487cfb287169,2017-09-20 21:15:12,22.0,14.22
ca3b7514c4c2ab7ba612094bee631db4,1,4fcb3d9a5f4871e8362dfedbdb02b064,8581055ce74af1daba164fdbd55a40de,2017-09-18 04:35:22,143.8,18.9
ca414766885ef23fbb64dcfffe684699,1,1fd10191b0bcd5aa4020c0721372510c,855668e0971d4dfd7bef1b6a4133b41b,2017-09-29 13:30:17,290.0,29.41
ca5d34455321c329173e1c6c3fcff7f9,1,d2f5484cbffe4ca766301b21ab9246dd,36a968b544695394e4e9d7572688598f,2017-09-14 20:06:05,12.88,11.85
ca7dc685e1c6b20f8404d4f28acd96f8,1,aae1c80508d794a69456c92a49968a2b,77530e9772f57a62c906e1c21538ab82,2017-10-02 11:28:30,129.0,38.45
ca912a872db02043825792fbae103921,1,09dbbe2c4f26cad4d560aea043f9632c,c6bda72e4dbf5c5866b13cb1810c6d03,2017-09-14 17:15:22,119.9,16.6
ca99d0db69566c10a85c187406e20b76,1,24d746a5965b583493871d11f75b1068,ce27a3cc3c8cc1ea79d11e561e9bebb6,2017-09-21 16:35:23,65.9,35.78
ca99d0db69566c10a85c187406e20b76,2,24d746a5965b583493871d11f75b1068,ce27a3cc3c8cc1ea79d11e561e9bebb6,2017-09-21 16:35:23,65.9,35.78
cab08f0417a702d0f4782ec02356a4ac,1,8cfc3506cedc0626364457d254429118,dbb9b48c841a0e39e21f98e1a6b2ec3e,2017-10-09 04:28:12,89.99,17.07
cae187387a603b42f02280dffd8d2390,1,0192191cc1bc83262d6667c54c2e048f,7142540dd4c91e2237acb7e911c4eba2,2017-10-13 02:56:43,84.9,19.83
cae5561bbfbf3f71fd6a01bc0527fa78,1,d7d5562fce331ad958ca6f57057b3526,7a67c85e85bb2ce8582c35f2203ad736,2017-09-28 20:10:15,59.99,11.73
caebb338f575e41c6ff53ac124033ccb,1,c551ffaf36e5c1d8444b44bb7c78123b,7e79d65b5c6f1f544b7daea036acf720,2017-09-26 15:15:18,99.0,11.9
caff85e7dc33e7dad852a50bb19bba72,1,f1c7f353075ce59d8a6f3cf58f419c9c,37be5a7c751166fbc5f8ccba4119e043,2017-09-25 17:44:27,157.0,21.94
caff85e7dc33e7dad852a50bb19bba72,2,f1c7f353075ce59d8a6f3cf58f419c9c,37be5a7c751166fbc5f8ccba4119e043,2017-09-25 17:44:27,157.0,21.94
cb00b252d2c836eeeb1d73ec439a0849,1,d6160fb7873f184099d9bc95e30376af,53243585a1d6dc2643021fd1853d8905,2017-09-13 18:50:15,1399.9,42.25
cb0cb26c017d2cfb4e9ed39cd6ee9fa2,1,bb50f2e236e5eea0100680137654686c,f7ba60f8c3f99e7ee4042fdef03b70c4,2017-09-11 22:05:43,325.0,27.55
cb30b4382e88bfeafdbc1010a026de1c,1,807b118bfa0f764901f5a528e0e3b7f9,6219ba2359cfb97f2e38fd4c321eb309,2017-09-25 12:30:15,44.9,16.6
cb50f73cef605fc87294854be93d6636,1,d2f2c2b94c6ac44ece0bd0dd202c7939,710e3548e02bc1d2831dfc4f1b5b14d4,2017-09-19 09:45:32,35.99,14.08
cb578e3b649e02ffe6afd3eb778d6370,1,b7d35019c9f8e0eeff52b36a59eec8e8,59417c56835dd8e2e72f91f809cd4092,2017-10-02 04:32:38,1890.0,73.97
cb5ece4890234f69f2371e3179e42f73,1,6ae3f85f46a37844372252496c77b4d8,53243585a1d6dc2643021fd1853d8905,2017-09-11 18:15:16,180.0,18.54
cb61ea3467956c7b83c342c1cc488364,1,a6ad77b15e566298a4e8ee2011ab1255,1025f0e2d44d7041d6cf58b6550e0bfa,2017-09-15 14:50:23,31.8,17.92
cb61ea3467956c7b83c342c1cc488364,2,a6ad77b15e566298a4e8ee2011ab1255,1025f0e2d44d7041d6cf58b6550e0bfa,2017-09-15 14:50:23,31.8,17.92
cb80e3d30577a7af0b3b851f5f4ed92b,1,2540f260f9e39c68fa76e87c41220c28,c3cfdc648177fdbbbb35635a37472c53,2017-09-25 18:05:39,76.9,16.3
cb853e8420ad49b1a4c1a35000a24f69,1,2bc88b31190908684ebece09e5358592,12b9676b00f60f3b700e83af21824c0e,2017-10-13 09:28:11,199.0,19.63
cb9419b2db4cc2797c93a4d4cb27eafc,1,ee1bcbbf391346d60af2af0fb84ed1c6,0afccdb8a34ee5c79f7c06faf2b4d56e,2017-09-29 02:15:39,39.9,16.79
cb9dc2a38a77d7bc14a8a39841c4a542,1,44a34214a57dc373dcd80f54c919d006,7008613ea464bad5cb9b83456e1e6a8f,2017-09-15 17:55:19,29.5,16.11
cbb0c16aad97026473749dae23084e7c,1,8e50f3c86fefb2bdbb35c8eace423a9d,02ecc2a19303f05e59ce133fd923fff7,2017-09-25 14:10:45,209.8,19.36
cbb837e370beea845d4aabda89dede0b,1,7814c273ab16783d73a9863ebfa8b141,1025f0e2d44d7041d6cf58b6550e0bfa,2017-09-26 02:25:08,229.0,34.87
cbdf436a9a9c8213157a125b91ef27b9,1,b5b5a82ce5f1987b7e670f37629be51b,8b28d096634035667e8263d57ba3368c,2017-09-28 02:25:35,59.9,13.44
cbe9eae36605cf2bd005c6bc1ae5f864,1,0e95d6eef2bedaf4ecf3c33f78199059,dc4a0fc896dc34b0d5bfec8438291c80,2017-09-13 20:05:30,98.63,21.18
cbf058b13eb4a539f5e5541617bafb1b,1,cf721ee27a3c0f918f7aa1fabe7c6815,4a3ca9315b744ce9f8e9374361493884,2017-09-13 10:36:11,47.6,11.85
cbfc44c5abbea29cf520df0f68a402d3,1,9b9005cfa3747d9fa0d544fc9f994c14,a5bff0f43eb51f0cad7c37fac7244c8a,2017-10-03 15:07:27,89.0,16.87
cc02601c19d68cb1a4cde5a11aec694e,1,77ccda894b672fe1214b0101d108d7f7,13fa2a6c6b9d0f43cb588d7c82117a12,2017-09-15 00:30:19,399.0,15.81
cc225370b5daec8af404bf5c87edf766,1,694ef7517a535b054fddea9154d3e627,c3867b4666c7d76867627c2f7fb22e21,2017-09-14 10:25:22,205.0,17.06
cc2e6cf82767599713d657cd5cf8b300,1,99a4788cb24856965c36a24e339b6058,4a3ca9315b744ce9f8e9374361493884,2017-09-18 00:44:04,89.9,43.04
cc5a504c7761122bceafca452e63c2de,1,ad6cb6097e3d27661b789a84ec7cc9aa,048c2757535328e0d7dac690ad3c0aae,2017-09-21 12:24:23,157.9,29.51
cc62c4c4dc7f0bef11fd8848aebb5da7,1,2880c8710857e36b294c7b9380b2e6cd,7142540dd4c91e2237acb7e911c4eba2,2017-09-28 18:50:21,69.9,17.74
cc62c4c4dc7f0bef11fd8848aebb5da7,2,990776b3e410ccb3cc725fddb0d20db9,7142540dd4c91e2237acb7e911c4eba2,2017-09-28 18:50:21,69.9,17.74
cc72b624a933eb793860926532309a7e,1,97170c28efde1b426f1c52348fe1c086,6560211a19b47992c3666cc44a7e94c0,2017-10-02 03:56:29,129.0,8.16
cc7608c05975c4f77bb4a033825096bf,1,fa4e8255202fd921350a6fc716710dae,2b3e4a2a3ea8e01938cabda2a3e5cc79,2017-09-15 14:25:34,249.99,16.5
cc76aaca069f9c7127c3403e8eabd100,1,776ef0ee36e20757c513e64903f1fa8a,70a12e78e608ac31179aea7f8422044b,2017-10-05 10:04:19,98.0,33.14
cc947927fd992637599f2b7f487adc7e,1,3025303c80b01a0926fda2841cc31b4a,4da0e408c99d2fdc2126dc9fce518060,2017-09-17 22:03:54,66.9,20.96
ccac1a9dee556f517bdb745dd29bcb68,1,a5215a7a9f46c4185b12f38e9ddf2abc,53243585a1d6dc2643021fd1853d8905,2017-09-12 18:55:17,1199.9,43.76
cce9265db762ed6a292410cee5e5369b,1,6cdd53843498f92890544667809f1595,ccc4bbb5f32a6ab2b7066a4130f114e3,2017-09-22 11:25:41,349.9,17.21
ccf0360c8b7c2fbfd429c07b9d55b316,1,3516632e8f52b679ff83d1665ecc990e,e9bc59e7b60fc3063eb2290deda4cced,2017-09-15 03:00:22,75.9,12.66
ccfc23e8a089afcb9b3e98ad1eadb5fc,1,223d34a3d9334039f5ff9511dc044bbb,53243585a1d6dc2643021fd1853d8905,2017-09-11 23:10:09,209.0,23.78
cd01c1252b19226f4fec023234aaa41d,1,4fb651ace30be388c0e95f48f3308e5a,44073f8b7e41514de3b7815dd0237f4f,2017-09-13 13:03:43,105.0,22.6
cd1c9899cfb848c241d0b93fdfc10df9,1,0d146484c69d613fe015c0229056b065,d20b021d3efdf267a402c402a48ea64b,2017-09-27 22:24:21,10.9,15.1
cd2d1270c05b7eea6c1be319b78ce73f,1,d1c427060a0f73f6b889a5c7c61f2ac4,a1043bafd471dff536d0c462352beb48,2017-09-14 17:15:15,159.99,45.2
cd2d1270c05b7eea6c1be319b78ce73f,2,d1c427060a0f73f6b889a5c7c61f2ac4,a1043bafd471dff536d0c462352beb48,2017-09-14 17:15:15,159.99,45.2
cd49d0987575fc21d96fb52e37b16191,1,0c7dc9fcaa503c2df26419c747b39fd0,b6d44737c043328708f6749c2dbe50bd,2017-09-14 15:23:54,85.0,22.46
cd4a39bf33083486dd4d1eaa70907ce8,1,5730d73af7faffe9b95d69fd03ea51df,23613d49c3ac2bd302259e55c06c050c,2017-09-12 12:25:22,99.9,133.72
cd4f9a974c6789b89069a844779294a2,1,dce3721f89a159fed6ff8b94d7ba32b9,53243585a1d6dc2643021fd1853d8905,2017-09-14 17:10:19,315.0,17.65
cd553d196341933ae98c30c57be9f7e6,1,56b81eaffe3c2e7e54f3bdf2a935164f,391fc6631aebcf3004804e51b40bcf1e,2017-09-21 13:30:07,44.35,13.37
cd76219509e0336ea669b48075e068e1,1,6fe7ef5f743e7b92a2c74264f40d0437,38e6dada03429a47197d5d584d793b41,2017-09-13 19:43:29,148.7,25.79
cd800f9752d89c21e3fbac0e647d1d17,1,f8ca22f13e0b58c30e9a8822f20d9ba9,710e3548e02bc1d2831dfc4f1b5b14d4,2017-10-03 16:14:35,259.9,74.77
cda07ad4f2f777317f2d6b2e3621a5cd,1,5a42f73d92034010a4e00360fb0df099,373ee4a3a775a733770ca3f790b8b9ac,2017-10-02 03:24:49,41.58,8.9
cda166f7dae2993118f807e7215c7faf,1,4cd6ba4ea3112de8fc238307c4dc6307,259f7b5e6e482c230e5bfaa670b6bb8f,2017-09-19 08:24:42,39.9,16.6
cda166f7dae2993118f807e7215c7faf,2,4cd6ba4ea3112de8fc238307c4dc6307,259f7b5e6e482c230e5bfaa670b6bb8f,2017-09-19 08:24:42,39.9,16.6
cda166f7dae2993118f807e7215c7faf,3,4cd6ba4ea3112de8fc238307c4dc6307,259f7b5e6e482c230e5bfaa670b6bb8f,2017-09-19 08:24:42,39.9,16.6
cdc1504eb9521a2941c00363ee8288d2,1,94dfe961f86c1f33e5387b6c59201fc7,36a968b544695394e4e9d7572688598f,2017-09-22 02:55:57,224.9,16.32
cdc3df0761ce26f0f930079673444a04,1,d0aa4a695d9699cb8eef61acc4c6d6b0,05d2173d43ea568aa0540eba70d2ca76,2017-10-06 12:14:17,78.0,15.3
cdca52aa619c8e59bd64701d54571cc0,1,d6160fb7873f184099d9bc95e30376af,53243585a1d6dc2643021fd1853d8905,2017-09-12 04:24:15,1299.9,51.51
cdcdab9c657011a188471120c6c6accf,1,7d70db7420b99e2b74c6d4277860c327,b2ba3715d723d245138f291a6fe42594,2017-09-26 20:50:12,259.9,16.58
cdd37a2cbee3ccf5fb245f4e19971f31,1,5f3f5c80596311932d5e05800909f37c,1da3aeb70d7989d1e6d9b0e887f97c23,2017-09-14 11:30:12,12.99,15.1
cde7b4e633f0dd24536cab563a33ccb9,1,124ce940a0950f162eecf1c7f3db5a53,83deb69e889cf80f82be1dc6d5f2d486,2017-09-07 23:35:11,178.9,16.0
cde93890c51e83a6998b489c87ad6cf0,1,f1f01d27cb8664e16d57ef4a8075f3be,46dc3b2cc0980fb8ec44634e21d2718e,2017-09-14 09:45:24,279.99,30.36
cdfbf8db50d32ace172f51e989020920,1,542b3d80712d51eefe3a3cd1c5f4e8fe,537eb890efff034a88679788b647c564,2017-09-29 08:10:22,42.9,7.94
ce19416583ee035a7a8097db2c53f98c,1,2de4aa76a72feaca51fc8f83ae037c7e,41b39e28db005d9731d9d485a83b4c38,2017-09-14 08:15:14,42.9,9.34
ce1ff35e9ab20defb53717b8d56643cd,1,171787b81fa784a521d7ba199e6e9fa6,23d7c96d4a1160db1c726b248601b25a,2017-09-13 13:50:17,176.26,24.1
ce22ba2aeac996a236980d5412bcfcdd,1,820e8f306dc9ffcf6d0957516084cca1,7aa4334be125fcdd2ba64b3180029f14,2017-10-04 15:35:25,38.89,13.37
ce34eeaea4785aa1d4b7004019247aeb,1,37bc5c7b7dca15cfcbe282fb0dd0bab3,7722b1df1b0e383e000397b2c11e3e19,2017-09-14 02:45:31,19.9,15.1
ce52a7a6fba6e7475592bcb989ff0487,1,d017a2151d543a9885604dc62a3d9dcc,6560211a19b47992c3666cc44a7e94c0,2017-10-09 04:28:18,49.0,7.78
ce6923830776a5f0d2ffd91a11dd6204,1,4a69baa66a13d1adeb41cfe3bc0c27be,bbad7e518d7af88a0897397ffdca1979,2017-09-14 18:43:21,99.9,9.51
ce699ae4abc92356538ece036da1045d,1,f302b45f5aa089951788558a689713de,d12c926d74ceff0a90a21184466ce161,2017-10-03 14:56:17,49.9,14.1
ce6ff4543efa5c36ab4ee967236674db,1,c35498fbb4358837ae16850f50c3fd22,70a12e78e608ac31179aea7f8422044b,2017-09-13 12:43:47,76.0,15.28
ce76ba808390da98cbfd753c07545bfd,1,ff55834c0b3272853dfe62340f2bb91b,6560211a19b47992c3666cc44a7e94c0,2017-09-18 19:24:28,45.0,21.15
ce989095754190db3dfe99fdc63e1124,1,f699b297070aa38aaf3de9639302506a,c3867b4666c7d76867627c2f7fb22e21,2017-09-15 13:15:17,115.0,38.36
cea2fe1d50aefdd1f048eb16503e32b0,1,f1fe595ee7ef768b41bd9b246d13432d,81a1104df0f08b59c68aa5b03cfe398e,2017-10-05 19:07:14,99.9,18.94
cec79ef92819a9f1f2009e1d8cf26db8,1,ae8a92195eb75e94998a210eeb51693e,1d139e3a3b14025640d8df1b230aace0,2017-09-19 12:35:16,7.48,15.1
ced1baa7ea4e81958a7ce0353f858f96,1,d517de1f2a8247cc1ea2951c4039ae20,7ddcbb64b5bc1ef36ca8c151f6ec77df,2017-10-02 17:07:17,76.99,11.74
ced223d7a62d120ce4105b38eb399eb9,1,153c09356373389880c8dc8d701a60d7,82e0a475a88cc9595229d8029273f045,2017-09-08 08:50:18,143.35,68.13
ced5db30352d0862742574c70723c843,1,8dfb03487cbe37c4d46e3e372a7df1b7,1c5e4e49b9079480255b49d50aac1aa9,2017-09-26 13:15:15,589.0,40.48
cedc76a4705652d7e79bc6d364500ba6,1,c1d48761df449c7ca8b6bd69ac4a522c,a35ef466c6fd6d052f5d241240d3c5e2,2017-10-06 18:57:50,29.9,16.79
ceddfb05b9a267360bf733384df51e34,1,75d6b6963340c6063f7f4cfcccfe6a30,cc419e0650a3c5ba77189a1882b7556a,2017-09-13 04:25:37,56.99,15.15
cede91ea9b2186e794ef279d9aadd8f5,1,f690f2a1b0ea0a320db18661b6f24b6f,7142540dd4c91e2237acb7e911c4eba2,2017-10-02 13:44:09,84.9,28.99
ceed0f54453282dec0cc7c591237d5b6,1,d6160fb7873f184099d9bc95e30376af,53243585a1d6dc2643021fd1853d8905,2017-09-21 19:30:21,1349.99,51.86
cef147376bb33bb005a1402f6d1df975,1,e282624d8c82e04983f125e167eb4521,ea8482cd71df3c1969d7b9473ff13abc,2017-10-05 20:24:52,17.99,14.1
cef32f42c7dcdc8bcf919ba74f04da78,1,f788dd44fc883f0664693a6dea50437f,3d871de0142ce09b7081e2b9d1733cb1,2017-09-18 18:04:36,39.0,12.69
cefcc988df88b91e3c9825518535be06,1,943c812216923e4244e83099e0c62a08,5b8154610ebb21fb90eb587365e673df,2017-09-26 16:50:21,137.0,13.3
cf1bc456a0d5c63bb6c94d3b8b2c56e7,1,347a1dbb9334cebdd3f2c43bc1b34455,152ee17e4c8aaf53dac99f3462e4999b,2017-09-14 06:34:59,57.0,14.27
cf26deeff1aac4e6219050acc80573ab,1,fadc89c2a60ff96b18827644074dfd70,53e4c6e0f4312d4d2107a8c9cddf45cd,2017-09-21 13:05:38,71.0,12.23
cf2cd23374d78a2bb4d6d6058fbc1d04,1,1d2e2390743b4ac67bbd2b5d95577e2f,7d76b645482be4a332374e8223836592,2017-09-27 21:05:58,14.9,15.1
cf31da4c70df57f682299bfbc26a685b,1,b1decc9f9001d5568214927df8c02179,4e922959ae960d389249c378d1c939f5,2017-09-26 02:24:58,89.0,14.02
cf3f036c0781e6c15f19d4d661e0f640,1,4fb651ace30be388c0e95f48f3308e5a,44073f8b7e41514de3b7815dd0237f4f,2017-09-29 00:44:19,126.0,21.37
cf48dd7cb04dee070d71d4804cac6272,1,f82db1a0fde998180d60adea56e1acf4,92c8bc6e8f925792247656fed09aad65,2017-09-15 18:04:49,51.9,18.6
cf4e2fbc22f6efdf6c5988003626bf48,1,9b37a918bcf2c8e1064e867cf1df4637,f27e33c6d29b5138fa9967bcd445b6d5,2017-10-02 04:04:34,34.9,9.34
cf5bae440125a8f7eccfde72d25e1913,1,931c60354b3929e5d44693757b11b5c0,8090490573c6c0aa343a7231ebcb8c86,2017-09-07 23:07:15,267.0,24.19
cf70b7c4ec0170d19ee4259edded4b00,1,661d83b6b4988942aa9b449b57e12f81,46dc3b2cc0980fb8ec44634e21d2718e,2017-10-05 02:14:19,129.99,17.35
cf72398d0690f841271b695bbfda82d2,1,89bbac967e47033f5d8c15527de1ef9f,2528513dd95219a6013d4d05176e391a,2017-09-07 22:34:28,269.0,15.49
cf7a335e516a91cbb3a5080561ca28be,1,1b11571a0535a643bb18db34b84b7334,48436dade18ac8b2bce089ec2a041202,2017-09-28 14:10:11,69.9,9.27
cfa61e32cb4b079cb21a373580d4af62,1,04566e1a1afa83470b25c2642706fc32,b6d44737c043328708f6749c2dbe50bd,2017-09-13 02:55:41,59.9,16.67
cfda238957842ae525ab84fabaf8d4dc,1,512a2828acd7219f400d5afabe362e51,7a67c85e85bb2ce8582c35f2203ad736,2017-09-13 20:55:12,57.99,17.66
d003f1dd8a01261b3625598a4554f4a5,1,4638e41e1c53018897e12edbb2815807,04aa0a1c5ce6b222003403a3e11c3cc0,2017-10-05 02:58:33,378.0,23.3
d012bfc203fbb4ce9a0b4e19c4dcb375,1,8d74ab7fa8889c222b25920a6ad9d7bb,b1fc4f64df5a0e8b6913ab38803c57a9,2017-10-02 00:24:26,69.99,25.52
d01892cabdc79c6a7592dbe80c5d7192,1,c1e5b96342357985d492c02b4279ce9b,c3867b4666c7d76867627c2f7fb22e21,2017-09-14 19:45:08,159.9,14.14
d0269d8e6e340202e519f59cefeb094d,1,43423cdffde7fda63d0414ed38c11a73,b1fc4f64df5a0e8b6913ab38803c57a9,2017-09-22 10:55:49,55.0,7.94
d0269d8e6e340202e519f59cefeb094d,2,43423cdffde7fda63d0414ed38c11a73,b1fc4f64df5a0e8b6913ab38803c57a9,2017-09-22 10:55:49,55.0,7.94
d04e2331c1a87bfcf53605399f6445bc,1,14dffa241a078aeaebaef48a49e807ca,fa40cc5b934574b62717c68f3d678b6d,2017-09-11 17:24:03,64.9,10.7
d04e2331c1a87bfcf53605399f6445bc,2,014a8a503291921f7b004a5215bb3c36,fa40cc5b934574b62717c68f3d678b6d,2017-09-11 17:24:03,36.9,4.86
d05cf40cb923ba228822414cc52067c3,1,ffa4027b0effa4df0d5f5a9ce2788b6d,bacb1f0ed56ad24198f5810d2b3fe9a5,2017-09-28 06:36:40,210.99,31.68
d072721a35666a6441234e765e92e205,1,d3c044bd42d84a79e3b0c42662806a48,4c2b230173bb36f9b240f2b8ac11786e,2017-09-28 16:15:23,25.9,15.1
d072721a35666a6441234e765e92e205,2,d3c044bd42d84a79e3b0c42662806a48,4c2b230173bb36f9b240f2b8ac11786e,2017-09-28 16:15:23,25.9,15.1
d075def20463f58225a279f6e36d8669,1,7e6c4a0bf900e259f50ba63331fd2785,6560211a19b47992c3666cc44a7e94c0,2017-09-14 21:25:14,65.0,14.2
d0836b3ff071bfc93b8a3c5acd8b63a6,1,3581c0b0a9a0bcd1a49381b65b4cd7e6,cca3071e3e9bb7d12640c9fbe2301306,2017-09-20 15:35:29,166.89,16.8
d0842f390a190ab877648fb618b4dd56,1,3cce0d166c3fb2507956c630c1d0f87c,95e03ca3d4146e4011985981aeb959b9,2017-09-20 18:45:12,120.0,9.86
d0b7e2eb7a74f928072f23a62f4e4f58,1,6fd82d8f842424334fedf31190e54d24,6560211a19b47992c3666cc44a7e94c0,2017-09-28 02:26:15,55.0,7.78
d0b9bcb0d474f6525456037afe12820f,1,70358ca9f95694a2b9e41eed6edbd7b3,85d9eb9ddc5d00ca9336a2219c97bb13,2017-09-12 04:24:49,27.9,15.1
d0c925dd85481e3b99bbc725dc56e1a9,1,ee2a647f1a4639468bc1f9fa3de2263e,855668e0971d4dfd7bef1b6a4133b41b,2017-09-25 00:10:18,75.0,17.78
d0c9dbd8a44871e5b5624050cb44abf5,1,89b63d5c5d1e459d07b7ed8497111c4d,78744a20ee2f80ba64f6804c25def2b8,2017-09-15 20:10:10,599.0,66.59
d0e532f7dc3f516d8fcff81b062f05ec,1,cf37036bec6f6d8639d1cf0ac3f1d04e,d624126b9206f595fb3fbb6ba03b28a8,2017-10-02 22:28:18,179.9,27.8
d0e7be325a1c986babc4e1cdb91edc03,1,43ee88561093499d9e571d4db5f20b79,23613d49c3ac2bd302259e55c06c050c,2017-09-08 12:05:40,10.9,11.85
d0e7be325a1c986babc4e1cdb91edc03,2,43ee88561093499d9e571d4db5f20b79,23613d49c3ac2bd302259e55c06c050c,2017-09-08 12:05:40,10.9,11.85
d0f7da7e2de84e667e955f4def9e6698,1,c4baedd846ed09b85f78a781b522f126,a1043bafd471dff536d0c462352beb48,2017-09-18 04:30:44,120.0,21.89
d0f7da7e2de84e667e955f4def9e6698,2,c4baedd846ed09b85f78a781b522f126,a1043bafd471dff536d0c462352beb48,2017-09-18 04:30:44,120.0,21.89
d1092f5c7d5bd489e3fe4c7d0746c2aa,1,08a58baf17f52ea9cfb3dffdfda0595b,a416b6a846a11724393025641d4edd5e,2017-09-21 15:43:30,129.0,19.14
d11d6ab0c7df16a66c726f6f83ef51d1,1,c18ac1d6cc053c0ec7296b994ae6ffeb,86ccac0b835037332a596a33b6949ee1,2017-09-10 22:24:19,29.99,17.92
d122b5bb390c5b47ead6b42fb5c2f206,1,809e226beeb0526cf321f6e5664a8b68,f45122a9ab94eb4f3f8953578bc0c560,2017-09-25 03:38:05,57.99,16.17
d12e769a4e50f157d2c6cdf423dd73c4,1,62bf07cdb14270c48cf42ca0312986aa,04e38a233f726ef161074ab1c9b0399a,2017-10-03 03:07:13,199.9,55.84
d13a4ce63c7414eb0705119412532eb3,1,0a57f7d2c983bcf8188589a5fea4a8da,4869f7a5dfa277a7dca6462dcf3b52b2,2017-10-03 20:24:36,117.0,12.32
d142e450e61b3eabff86c13e6a89a720,1,e1901d5d99ca951543717ea5d1940a36,f00e21b1e91a79653163b7fd8f293ff1,2017-09-19 17:04:22,99.9,12.83
d1461b47bb0e00b0b697e55de4ab15b4,1,f71f42e2381752836563b70beb542f80,85d9eb9ddc5d00ca9336a2219c97bb13,2017-10-17 03:56:11,31.9,16.79
d1543ed643aa74672a7cb5a650e3fcef,1,84b5585dfc98bbd06e91c408c91bf226,bd697db56ff8e7c9cd1abeb7f72029b2,2017-09-18 04:35:37,99.99,7.95
d15b4a7be0aedb9cd0f4330b1703b7c0,1,2a565e1622c978b79bd6efc394ca6fee,daeb5653dd96c1b11860f72209795012,2017-09-13 17:10:13,7.9,15.79
d16883834f84a462d3863b5213fc2bc8,1,b168e4a5c3f1d25dbcc01d914ea1cf5f,e9779976487b77c6d4ac45f75ec7afe9,2017-10-09 04:05:02,159.0,15.86
d17af0e622acc56678df36ccb59c171a,1,11dc4053871ff53ff79fb1fc7e6b160f,b1ac6ea7895bc3dd6f0f6f4abbdd2821,2017-10-06 00:56:15,99.0,12.4
d1897146cbeab2b888285ca6264056a1,1,154e7e31ebfa092203795c972e5804a6,cc419e0650a3c5ba77189a1882b7556a,2017-09-18 12:05:38,23.99,15.1
d1897146cbeab2b888285ca6264056a1,2,154e7e31ebfa092203795c972e5804a6,cc419e0650a3c5ba77189a1882b7556a,2017-09-18 12:05:38,23.99,15.1
d18ed2885838f867171afaae0176226a,1,8adeb1032429e0cdb52dcc55cd422bda,c76d418370990614e89e956c7a7567d9,2017-09-18 14:05:45,152.75,25.91
d19b8c6b433223ffd798af28489ccc02,1,785365b9ad25d832bdde56f305159fdb,a3e9a2c700480d9bb01fba070ba80a0e,2017-09-18 04:55:11,56.0,13.41
d19b8c6b433223ffd798af28489ccc02,2,785365b9ad25d832bdde56f305159fdb,a3e9a2c700480d9bb01fba070ba80a0e,2017-09-18 04:55:11,56.0,13.41
d1a10e07647c7845b8590cec57d589c1,1,83ef44e104d09603c783f1cc00cff82a,fa1c13f2614d7b5c4749cbc52fecda94,2017-09-20 20:35:14,499.9,17.25
d1b60751a74a563a60ea5a1ab1ac6969,1,5e2ba75ad255ff60b1c76c5bf526ae9b,f84a00e60c73a49e7e851c9bdca3a5bb,2017-09-08 13:30:18,69.9,14.24
d1e4ea32fa9aa0cb1851fb7f6209f70b,1,a04f52ded97b5530e8783e3c002b90f0,da8622b14eb17ae2831f4ac5b9dab84a,2017-09-26 18:10:14,79.9,12.9
d1e799b4645be8aef2337253468a31f7,1,9545d45c37449ccbc376de3a04c66e71,431af27f296bc6519d890aa5a05fdb11,2017-09-28 17:10:33,121.9,18.1
d205894f6421e164996e5cc460dea4ff,1,8abe436e6720087517880868bee69fab,c3cfdc648177fdbbbb35635a37472c53,2017-09-14 04:24:11,180.0,14.99
d22b9cdf085b4c46374d974de5b98296,1,cb3756d2bb6226fdb0ed4f60711b4e84,1acde099eb406aa220b1169b188b42da,2017-09-26 02:15:18,16.9,12.69
d233c4818e81c8e59a0b974210ae88a7,1,c34a95f3587a27afcfdc7b4ba554ce37,530ec6109d11eaaf87999465c6afee01,2017-10-03 03:05:58,79.9,15.31
d23a16076a7e0b48e1f7d598df7136c9,1,b1acb7e8152c90c9619897753a75c973,cc419e0650a3c5ba77189a1882b7556a,2017-09-21 17:28:00,34.99,7.78
d23b1afea718882b7c22f47dbb27a482,1,2d7ec74c6f93ad8234f2e29817b2827b,bf3c6d2a28b2b5501e6c15448982dcc9,2017-09-28 12:04:19,119.4,20.08
d24633e7c227ea7a234d568eefb493a9,1,ec02a5d380128f7a188e9ce8f3ddd832,48436dade18ac8b2bce089ec2a041202,2017-09-28 00:24:40,132.9,21.42
d278b5de7264ce84ea98dc603be04661,1,569ffd16f8032478cbeb9800f2e94ba0,20cb7c2fde3e5bf10f0bbe7394e1c6a9,2017-10-02 18:56:15,16.9,15.1
d27c9535dfd56cfe107bc9eac1ac3e31,1,53b36df67ebb7c41585e8d54d6772e08,4869f7a5dfa277a7dca6462dcf3b52b2,2017-09-21 19:03:27,138.0,12.47
d27f68b7ab23e7d54229e59537c29176,1,52d7462298cef42b40674396746b0214,76d5af76d0271110f9af36c92573f765,2017-09-13 16:50:31,63.9,22.52
d286e7a7639e71eb3d8bd4c37264ec1c,1,c9f62bee5c17494edcb5c3f3f56d75ad,e9779976487b77c6d4ac45f75ec7afe9,2017-09-27 02:46:04,149.49,12.55
d28ebfb129706cb5bc1819c31d1a86ff,1,1261bcae25b0000829246aa58e284a2f,7aa4334be125fcdd2ba64b3180029f14,2017-09-22 09:28:18,86.99,17.86
d2d141fcfa835ec7db744de7b57de03c,1,c7bcab3a7039340cf46705f43bab3ee2,2d50d6282f8aa2257819a77bfaa0efe0,2017-09-29 10:45:38,49.0,12.69
d2d690bca31c33e38a006ee3b3b62c94,1,cbff1df298f7bfd7b65557cfc4133d62,8b2492b7ff4468839593fafeed55bad9,2017-09-25 03:36:39,168.48,9.55
d2d690bca31c33e38a006ee3b3b62c94,2,cbff1df298f7bfd7b65557cfc4133d62,8b2492b7ff4468839593fafeed55bad9,2017-09-25 03:36:39,168.48,9.55
d2f43762a6f922b1bb1cc34a9563ad28,1,7a9cf133da2a6494259ffeeab11b6276,db4350fd57ae30082dec7acbaacc17f9,2017-09-14 08:43:18,21.99,14.1
d30680568af2e9f0aeba3420292df26d,1,5ac9d9e379c606e36a8094a6046f75dc,633ecdf879b94b5337cca303328e4a25,2017-09-21 09:35:12,109.9,16.21
d3137f0d4c2ad2e593c900f406f344a2,1,b25615f18b0de81909e61be53b1351b9,b335c59ab742f751a85db9c411a86739,2017-09-18 04:45:52,37.13,13.37
d31ccf5695e6ca12b39b5b1f2eb7f6a6,1,7686fe49c98ae1c537b5cc51992f5d20,9d5a9018aee56acb367ba9c3f05d1d6a,2017-09-13 20:00:39,172.33,17.65
d32fbb7b9c7d393b293c80e66091ee4b,1,772583ef39582ddf5068eba0296c24f7,e5475dcab1e07b63d7f6e902d8f5eda8,2017-09-14 15:45:19,110.0,20.26
d3308b06bdecff9a1d9e67f39d0039e7,1,0acad8a389d9ac863b63a5bd91d18697,0432ead42b6c8a0bdf68154add917fdf,2017-09-11 14:43:47,82.9,14.33
d339c9a9c019e5beaf1cafb6cf77a23c,1,6177675afbea0665b11380c36caf10bd,4a3ca9315b744ce9f8e9374361493884,2017-09-13 02:45:10,68.45,11.98
d3439c4b5e0cbdec46f811946c2217e5,1,ee473bd1ca4e671eafbcb7453d7d7c5f,76d5af76d0271110f9af36c92573f765,2017-09-26 19:50:16,659.0,76.24
d34bf1d98a956e38ca2dd1bd44f395ae,1,7c4a8bec217df1de0df2b5aaf8175b65,7040e82f899a04d1b434b795a43b4617,2017-10-02 16:49:35,19.9,7.78
d34eb5c929ae5f0d803924b567328c56,1,fa39c60599eb6573020f07a1b4dd38cf,0bae85eb84b9fb3bd773911e89288d54,2017-09-07 21:05:25,79.08,17.8
d3617ef729315e3964c28a7404030da3,1,51ff0a0f61611dfa94e43c834c949dd3,33a17d60c64393351ebf1ef860f4e0f2,2017-09-22 09:05:43,149.97,28.43
d36c084b5daf9cfc67fb1164f2c2bd0b,1,06f18114503e7543d81252fd61a53df8,0adac9fbd9a2b63cccaac4f8756c1ca8,2017-09-29 15:30:17,199.9,18.65
d37222a038dff3570139ecf1b452dd3d,1,617186c3d97ea56c9c683a8a3974e8c1,cc419e0650a3c5ba77189a1882b7556a,2017-09-22 02:45:16,84.99,16.03
d3748b207965f75c9287b49451cbdf3e,1,154e7e31ebfa092203795c972e5804a6,cc419e0650a3c5ba77189a1882b7556a,2017-09-28 03:34:02,23.99,15.1
d39b6a20c700ff329d678922fe1dcefc,1,e0d64dcfaa3b6db5c54ca298ae101d05,4869f7a5dfa277a7dca6462dcf3b52b2,2017-09-11 14:55:26,179.9,35.06
d3a5c7e2fbe9a935e6a4a7454d4b8869,1,c6cd44f8f6b12ff7a20d0b51ff3bfc82,46dc3b2cc0980fb8ec44634e21d2718e,2017-09-08 14:10:09,149.99,26.33
d3d4b84b9e497a1bcec277409c35176b,1,82fd0e5d33b58ad696f75449679c1470,20b54c376b794ed028df09a3cd88e8dc,2017-09-27 20:10:29,169.76,16.95
d3d6788577c9592da441752e8a1dd5e3,1,7c1bd920dbdf22470b68bde975dd3ccf,cc419e0650a3c5ba77189a1882b7556a,2017-09-27 07:55:14,58.99,17.66
d3e4806c215167243c919d64a4df8f9b,1,4e8e75a504c8a16c96f6f7e2d618c42e,1835b56ce799e6a4dc4eddc053f04066,2017-09-22 11:15:22,56.99,11.9
d3feb75cb4e8d372a35e074fc1175bcd,1,d6bcc9649c52a826c656563ffb87a036,e5a3438891c0bfdb9394643f95273d8e,2017-09-08 12:55:16,29.9,34.15
d4068e9d72451b844cf7aae5bd7ec922,1,5f504b3a1c75b73d6151be81eb05bdc9,834f3294fba9f932f56edc879193f925,2017-09-14 14:55:15,610.0,37.54
d412e855fc7d9c1019d9fcec73c0f7c6,1,9d99a79d596f4a054c7ace6068b446a7,4917cee8d902e13428c3ec4b1ca6f315,2017-10-03 22:10:21,154.0,40.07
d4156493c21d6dc99c265f66e3943122,1,bce474cc95b6e77657e10939b0b4248c,fa1c13f2614d7b5c4749cbc52fecda94,2017-09-15 19:15:23,249.9,15.5
d42ae55fee4d8a4b11a86804fbfc0e34,1,9cb1c8fe9936376b813bd401471faaf8,6edacfd9f9074789dad6d62ba7950b9c,2017-09-14 06:34:07,91.9,9.46
d42ee092dd327bf569aa4406ceb2ec61,1,fda130b26c5b4ddabb0cec19a06abff7,1d8dbc4f32378d715c717c1c1fc57bae,2017-09-21 18:30:13,399.9,19.28
d44be4540d1a35533a9f5c89377b77f1,1,00126f27c813603687e6ce486d909d01,cd68562d3f44870c08922d380acae552,2017-09-21 20:50:13,249.0,16.49
d44edbc930d60ec8a8d787bdda46334f,1,31639956e7fac87ecfd9d608040638bd,aac29b1b99776be73c3049939652091d,2017-09-26 23:35:17,70.9,26.82
d455a8cb295653b55abda06d434ab492,1,a2ff5a97bf95719e38ea2e3b4105bce8,0015a82c2db000af6aaaf3ae2ecb0532,2017-10-12 22:24:16,895.0,21.02
d45738e3173a63ac6deeaa1b2168314f,1,5c76a53f09257b80bd0ff36472ef6b82,41b39e28db005d9731d9d485a83b4c38,2017-09-18 04:35:41,71.9,12.0
d45ccf00bbb028620024ed708518f15a,1,d189fbf8b5d79a670cebcaaad68d77b2,0d85bbda9889ce1f7e63778d24f346eb,2017-09-12 04:30:59,59.9,25.26
d4618e481090308279190e070dfc3c4b,1,edf78e9c664f8713bb06e61eff191ef8,0432ead42b6c8a0bdf68154add917fdf,2017-09-08 14:04:53,89.9,8.82
d46d30516947c87bbcb5d6ce98da510c,1,b395922ca8e9ba82b2a81822968d0cf5,391fc6631aebcf3004804e51b40bcf1e,2017-09-18 04:45:43,24.75,11.04
d46d30516947c87bbcb5d6ce98da510c,2,50b2ddbf47bd0b8eecabb404613e2a45,259f7b5e6e482c230e5bfaa670b6bb8f,2017-09-18 04:45:43,39.9,21.66
d4720dbbca128b0bf8d6c03b640445cf,1,2b4609f8948be18874494203496bc318,cc419e0650a3c5ba77189a1882b7556a,2017-10-05 22:24:23,89.99,9.44
d4732fc61490420e42d4dbdce8c3c6bf,1,431772d0bf9d5e9a46fc78cb834a28ee,6560211a19b47992c3666cc44a7e94c0,2017-09-18 07:45:07,89.0,21.42
d47849b6270308431459122a2750535b,1,b1631003bdbc3b1e876f83a7d851d74a,cc419e0650a3c5ba77189a1882b7556a,2017-10-04 19:10:15,56.99,15.15
d47a277ee3c0a6d83aac8548c06263cf,1,f1c7f353075ce59d8a6f3cf58f419c9c,37be5a7c751166fbc5f8ccba4119e043,2017-09-25 02:50:15,165.99,22.0
d48c5016ab8af7b122d630cd75a63627,1,e9a69340883a438c3f91739d14d3a56d,1b4c3a6f53068f0b6944d2d005c9fc89,2017-09-21 02:50:12,179.9,28.64
d497ded2ccd602dd16411b12b379f432,1,dce3721f89a159fed6ff8b94d7ba32b9,53243585a1d6dc2643021fd1853d8905,2017-09-13 12:43:38,315.0,19.49
d49f3ce01bf8ca94897ccf96b1e4f45c,1,096e14458100c2b6d10f72d69f80cf34,46dc3b2cc0980fb8ec44634e21d2718e,2017-09-20 11:05:45,269.99,22.38
d4aafc8bfe399e9955d634af4dbc7d8e,1,ebad99212b472ad37b106807248d5f47,bfd27a966d91cfaafdb25d076585f0da,2017-09-08 15:44:37,59.0,16.17
d4b9a0a5998cc96610a91b5de647f440,1,e2bb00220a167d9e60b6776ac33717bc,6560211a19b47992c3666cc44a7e94c0,2017-09-28 01:30:15,56.0,21.19
d4e093fd69adbd71da43cf5f3bf204d4,1,952670bc019a73f0933157ec82ff6e4f,37be5a7c751166fbc5f8ccba4119e043,2017-10-04 14:49:40,159.0,14.72
d4f63c1e71dd7a25aaf45fd89286d760,1,30ccf4724f5227265f837e9ba0246278,dbc22125167c298ef99da25668e1011f,2017-09-12 14:45:17,85.4,14.33
d4f7b7fdd579913c3de8124f653eb667,1,154e7e31ebfa092203795c972e5804a6,cc419e0650a3c5ba77189a1882b7556a,2017-09-18 14:43:56,23.99,14.1
d5027313478d5f0f54b719e6f96d095f,1,4fcb3d9a5f4871e8362dfedbdb02b064,8581055ce74af1daba164fdbd55a40de,2017-10-03 10:14:22,143.8,23.33
d5059794ce5ef544e6c29ad80d4785d4,1,2cd7d0ade9eb52c856a16dce303397ad,d2f3e277560ed4c6361284429b00f037,2017-09-20 23:25:14,4.85,15.1
d566543182412210d24ad79aa1b4330d,1,ead6d52e3dc075669af5d7a1958b0f07,46dc3b2cc0980fb8ec44634e21d2718e,2017-09-26 13:44:18,94.99,21.46
d568db372124bae10404acba43558652,1,72172e982e8b92155069e4201c92c0bb,e9779976487b77c6d4ac45f75ec7afe9,2017-09-08 11:30:13,37.49,15.1
d57a8498a051a1204ba403a8879e33b5,1,af1190b9fff9a3c0ea7bc29ef8dfd8c1,e7f3bf1ecd8526eb7f3b18059e6716e5,2017-09-26 02:35:17,89.5,12.13
d57d9345daadd30b1ce4c22c40250583,1,753531d6b13f62a1aae9baefa606a470,95e03ca3d4146e4011985981aeb959b9,2017-09-19 11:37:34,29.99,16.79
d592b9dfd1c2dba8bbf5f398c6aaa65b,1,431d674f9a4fbd0957ecf6ba3fcb6899,53243585a1d6dc2643021fd1853d8905,2017-09-25 13:15:15,299.99,22.9
d59d8415ba3a51ac2edc13616065868e,1,353f9040451759cc7153da959db1e531,46dc3b2cc0980fb8ec44634e21d2718e,2017-09-29 09:35:15,399.99,84.66
d5d2c0e9c55c60e47dd370479d8775d7,1,01caf54032309b518a584331b8a673f6,dbc22125167c298ef99da25668e1011f,2017-09-14 17:55:11,54.9,13.4
d5e892687c8916b17cafe284780d01b0,1,a8fe47ad6f852f93cc92c7b408687de3,aaed1309374718fdd995ee4c58c9dfcd,2017-09-14 16:04:48,72.9,16.27
d5ffe90efc926eb06d91f74d75dc28d3,1,2028bf1b01cafb2d2b1901fca4083222,cc419e0650a3c5ba77189a1882b7556a,2017-09-14 19:30:19,56.99,15.15
d607cf247d8e19a82548c3a30cb2d173,1,2136c70bbe723d338fab53da3c03e6dc,6560211a19b47992c3666cc44a7e94c0,2017-09-19 20:35:15,29.0,7.78
d6106cbb6358d276ba42e0bdc2f264a3,1,cc158c284564106f4b668ae02389e2c3,ef506c96320abeedfb894c34db06f478,2017-09-18 22:04:15,21.99,7.78
d621888cede8755cd9ddc50a33e1b398,1,1bfe62f326ac7bec0f5a83c10cfff228,3d871de0142ce09b7081e2b9d1733cb1,2017-09-19 19:10:23,54.9,35.7
d62af11a434a8ee473d29426f6b5ff8d,1,4d153cd0e49c232e55168aff53489c07,94e93ce877be27a515118dbfd2c2be41,2017-09-19 10:15:16,80.0,16.19
d63279c7841cf2d97a81b2bf2a777af6,1,cec09725da5ed01471d9a505e7389d37,4d6d651bd7684af3fffabd5f08d12e5a,2017-09-08 15:10:12,69.9,16.12
d67ab4b4a971f5584ab838fa8ed37d34,1,be3eb52ad733d7f7fff631a0cad35e81,522620dcb18a6b31cd7bdf73665113a9,2017-10-06 15:07:15,165.2,14.18
d684607dd5f758bea02fedbfbbb9d37e,1,8db8c6b5b338e7a8d3332037c2c218f7,7d76b645482be4a332374e8223836592,2017-10-05 14:14:09,29.9,15.1
d6a1328be8ee25bcec02c6c659e41618,1,44f90f085c7a825863cbf867990e1513,b83cedfb587e7911540e3f576d6917ce,2017-09-08 12:30:15,31.5,7.78
d6a3975b1c9b18752ebf945128ff9c3f,1,4025ee582ef6b8c478af3b44cf89054b,da8622b14eb17ae2831f4ac5b9dab84a,2017-10-02 22:28:22,24.9,11.85
d6a776e8248eb3fa42586dd0ffc0f628,1,461f43be3bdf8844e65b62d9ac2c7a5a,4869f7a5dfa277a7dca6462dcf3b52b2,2017-10-06 14:49:12,159.9,15.87
d6b2b9dc8bf43a16cb94c37a1ba3a9a6,1,821ae2896de474efe8116ed6863682cd,5bc237df65098fe211bb4818f4d26d78,2017-10-02 03:37:03,66.9,42.5
d6b40eecfed664621ea3e0076d2a58aa,1,4ebab6a2135a2477b657bda38646b64b,7aa4334be125fcdd2ba64b3180029f14,2017-10-09 04:14:23,25.6,16.11
d6c586c22c45b70b766fef19e469e86d,1,3c9f96101518a345e28a86181196b45a,38102b031c2a15e54623d711bfc753d3,2017-10-09 04:14:29,48.0,35.67
d6c586c22c45b70b766fef19e469e86d,2,3c9f96101518a345e28a86181196b45a,38102b031c2a15e54623d711bfc753d3,2017-10-09 04:14:29,48.0,35.67
d6d0323138c510e3816e00ac900d17b0,1,4c65515115c33a1c4c21e9b40f85942d,96493fab2fbb13a14d0c0e8772eef5c3,2017-09-08 10:25:45,269.0,10.7
d6d19a688e4325d068ef11d205a4c92f,1,4338d9da0d2fabd85d1f0adb30b2789d,6ec1a01e866584bb679eb9b098345919,2017-09-15 13:50:34,35.99,8.27
d6d59c5812d95b8d6500ff342ff60d48,1,d322eb25f02924adba73e58dbc36b29c,4869f7a5dfa277a7dca6462dcf3b52b2,2017-09-27 13:25:48,235.9,13.15
d6d8d3958008d2514a3a9ef0a43edc56,1,3b30fb3ac17cda9e7e5b5112c692f665,bf100ecb7997df312b285358fb32f92c,2017-09-12 21:45:19,149.9,21.54
d6d993e7d10a1d9f783038e18d115a90,1,b8be700cb8f91067761b685ac5d1664f,7d76b645482be4a332374e8223836592,2017-10-04 09:56:19,18.9,15.1
d6df48bb0f7ae326cc10448785ab0a11,1,31639956e7fac87ecfd9d608040638bd,aac29b1b99776be73c3049939652091d,2017-09-14 13:03:54,70.9,26.82
d70eae092adeb15c5bf4f8aba1819cd2,1,4cac1a12a6fe9ffba4a9556dbe582e28,7ddcbb64b5bc1ef36ca8c151f6ec77df,2017-10-05 15:24:36,25.99,7.78
d71ce9a8dfdd7b011e375b0d3b172e6d,1,3efd399c5d016b9e6a5ad3196eade44f,503c1de08ae81a2d86f17951b204db55,2017-09-21 09:35:20,213.0,17.74
d7203e6dcc106b75d1515673a179c873,1,fb7a100ec8c7b34f60cec22b1a9a10e0,d98eec89afa3380e14463da2aabaea72,2017-09-28 21:15:09,49.99,15.79
d72a8a7f89ec91dd2f7d1436be8645a6,1,99a4788cb24856965c36a24e339b6058,4a3ca9315b744ce9f8e9374361493884,2017-09-18 11:04:45,89.9,16.26
d7484d6207c35d75a99882ac7de536c3,1,5d7c23067ed3fc8c6e699b9373d5890b,6560211a19b47992c3666cc44a7e94c0,2017-10-04 02:56:34,49.0,7.78
d76473e476b8f58cf984cd8208c9a987,1,4d38a4daf13a87012b73156f834afec0,41b39e28db005d9731d9d485a83b4c38,2017-09-18 04:23:55,29.9,12.69
d77c90347fa4a918af7227743da9ecff,1,2b2d98d1e9b6f68a472c5ace64d704fa,897060da8b9a21f655304d50fd935913,2017-09-21 02:55:55,21.9,12.69
d784639512baf997ba554af514e51246,1,4a300735bc293723103db0d0c1bc1585,6f892e20a171e98efe17fdb971ff319b,2017-10-11 03:56:26,70.9,34.3
d7902cb5d7fd1f143aff7375644c6d7a,1,cfb763496d9fc48751a27db4fd02aa2d,391fc6631aebcf3004804e51b40bcf1e,2017-09-13 13:50:17,49.95,15.1
d79a5defeb5c3d2d81229a4cea976476,1,6a1a04054158fe995e1688d8f79605b2,9616352088dcf83a7c06637f4ebf1c80,2017-09-18 05:04:06,59.9,16.86
d7aadb230c928f33f25ed853f8de7e5e,1,422879e10f46682990de24d770e7f83d,1f50f920176fa81dab994f9023523100,2017-10-05 11:44:06,59.9,17.67
d7c70fb2bee123c2d2e46338c1b35f1c,1,ba091f760e02c4b603a0a6a52c2d31d8,712e6ed8aa4aa1fa65dab41fed5737e4,2017-09-15 19:15:12,129.0,50.77
d7c70fb2bee123c2d2e46338c1b35f1c,2,ba091f760e02c4b603a0a6a52c2d31d8,712e6ed8aa4aa1fa65dab41fed5737e4,2017-09-15 19:15:12,129.0,50.77
d7dae570e71ae10816a515139d00c985,1,52b3af7304d611855714d9b3d1724ea7,4a3ca9315b744ce9f8e9374361493884,2017-10-05 10:28:20,48.9,12.69
d7eb562631f3f08adc0a2428d057fc5e,1,b4fc7e84dcaf2fcf3edb234e30362929,c3867b4666c7d76867627c2f7fb22e21,2017-09-28 11:50:10,125.0,16.5
d7f48a8882bf0e1c1282d5204e96e24f,1,0a57f7d2c983bcf8188589a5fea4a8da,4869f7a5dfa277a7dca6462dcf3b52b2,2017-09-28 16:44:18,117.0,26.1
d7fba1b443490052282949e0f188dff7,1,41bbc4286da4cd2380514863440e9a9d,d50d79cb34e38265a8649c383dcffd48,2017-09-21 18:55:10,599.99,34.95
d824a4f31c8c8abaf5c415c8dd473a59,1,1f180c96859564dd5857185f5914d2c7,4a3ca9315b744ce9f8e9374361493884,2017-10-02 21:04:51,270.0,14.23
d82ef777bb562af6d9a927bd6f3e7357,1,aee1ce7ad6628e95724fb80c24479c57,8f2ce03f928b567e3d56181ae20ae952,2017-09-18 04:45:57,89.9,16.26
d838d4f27cfd8fefb3ad286dda195b12,1,1c9a944d6bfe1ff027b2836e96277f2c,f27e33c6d29b5138fa9967bcd445b6d5,2017-09-19 03:35:16,199.9,17.16
d85c21edbd2d9fc056908945b37bb577,1,12485f9cdebb6ca179826ede539554ad,7901646fdd36a55f564ffaf2dbccaaf7,2017-10-04 11:14:17,719.99,32.05
d87565906f3fd865c7d42113ba3bc703,1,c21afe62d4629a660593fd9b5e6223bb,ea8482cd71df3c1969d7b9473ff13abc,2017-09-15 13:15:17,29.99,15.1
d87a96586b2257de297aa1added6124b,1,6ae3f85f46a37844372252496c77b4d8,53243585a1d6dc2643021fd1853d8905,2017-09-08 11:25:18,180.0,17.7
d891fcff7f5720b6a87ecd0a3dbf0c27,1,764292b2b0f73f77a0272be03fdd45f3,bd23da7354813347129d751591d1a6e2,2017-09-08 12:30:15,89.9,15.39
d8a31a8693c0ed38aa974021d1ba3e65,1,f1c7f353075ce59d8a6f3cf58f419c9c,37be5a7c751166fbc5f8ccba4119e043,2017-09-24 21:35:38,157.0,17.81
d8a72b506828f3aed76e36c3f4fd47bc,1,422879e10f46682990de24d770e7f83d,1f50f920176fa81dab994f9023523100,2017-09-27 14:10:18,59.9,19.66
d8b5d1ea87d75046c7b453b1b128fcc3,1,848064637fb2f160e5456e94f1f58d5c,a3e9a2c700480d9bb01fba070ba80a0e,2017-09-21 15:05:09,65.0,16.08
d8cb3d9dfc6d55658cf0a1f231d03fd8,1,ce066f4a83649651549d717c9b566816,4d6d651bd7684af3fffabd5f08d12e5a,2017-09-29 05:05:23,69.9,16.12
d8cbc79d1dd84f3c87cb2ca7663c930e,1,76f3a48853690a1aacb7c3adc9831ccc,218d46b86c1881d022bce9c68a7d4b15,2017-09-25 00:35:21,210.0,96.28
d8e44f5b26cd539b50d9be42ecbe5d92,1,d77688ff55bbbc28706814a06538c8bc,dd2bdf855a9172734fbc3744021ae9b9,2017-09-15 18:10:26,39.9,16.6
d8e82d1f482cdb6ddce0701ace3bc6c8,1,7d280add4441effb2c942c68738b3faa,7c67e1448b00f6e969d365cea6b010ab,2017-09-08 02:56:10,176.99,25.75
d8fce10541af787a5946afd52056e8ec,1,480e6d74b9b908faec73816883591ee4,dbb9b48c841a0e39e21f98e1a6b2ec3e,2017-09-19 10:07:12,29.9,7.5
d8fce10541af787a5946afd52056e8ec,2,9c46567584228684abb9695a398d0f18,4992e76a42cb3aad7a7047e0d3d7e729,2017-09-19 10:07:12,29.9,9.0
d8fdddcd258b88c4919c52ce44756a39,1,ebee6703e867082f455a058a8bd04092,fc906263ca5083d09dce42fe02247800,2017-10-05 11:20:12,29.9,14.1
d905856c062516e1bd43377034e5c615,1,d0d16f5960bcd2ebeea321a525f44067,7e1fb0a3ebfb01ffb3a7dae98bf3238d,2017-09-26 18:45:41,254.0,13.28
d9249bddb2097479f5b0eede146ed02d,1,cdeefdce9704b2a961a01e89b1f19e7b,34d1ca11b242c0fee2c834ae8d788566,2017-09-25 16:37:19,240.35,19.25
d961b0820bb2a8d47f4277d39ddf9efc,1,588ec31c89dea5de5dc87e15790df3f4,17ca9b9e9b9ef8fdb529001b49ebb50f,2017-10-02 19:49:13,59.97,16.67
d974716b98a0c162cd1e80fbf0d882bf,1,6cdd53843498f92890544667809f1595,ccc4bbb5f32a6ab2b7066a4130f114e3,2017-09-27 23:10:12,349.9,20.02
d9971834a50b8fc323aa7f527978169d,1,72d3bf1d3a790f8874096fcf860e3eff,0bae85eb84b9fb3bd773911e89288d54,2017-10-03 00:49:42,38.25,16.11
d9971834a50b8fc323aa7f527978169d,2,72d3bf1d3a790f8874096fcf860e3eff,0bae85eb84b9fb3bd773911e89288d54,2017-10-03 00:49:42,38.25,16.11
d99c420247e75649dd121c367f391348,1,5e434712653feed8cd837cbd10ea9b18,a36ac007a4d18f865c8d32c3b2402c2d,2017-09-13 15:50:15,359.86,18.22
d99e6849f7676dade195f20c26f0eb4f,1,1081ae52311daac87fb54ba8ce4670ac,4371b634e0efc0e22b09b52907d9d469,2017-09-07 22:50:15,120.0,15.59
d9b83939c87f115af94149c7cfb516c4,1,09481a6dfe9eb590dc8b265b54dc4c97,165fc07beebdcb6190fba8a06db2a449,2017-09-26 17:44:29,999.0,56.86
d9e85a628a68f162d46b273ae52d0119,1,cbdb31ccb8741d52e26bf2a42c1648d1,7040e82f899a04d1b434b795a43b4617,2017-09-20 02:55:20,79.9,14.31
d9e91ad92dc450af3e22b7f79352d93f,1,72a30483855e2eafc67aee5dc2560482,c3cfdc648177fdbbbb35635a37472c53,2017-09-27 20:30:12,99.9,16.95
d9eb574d9db751d3a86c7bf179ec2853,1,f8e5d2574bedbb98efe044c829386487,cac4c8e7b1ca6252d8f20b2fc1a2e4af,2017-09-19 14:35:20,99.99,25.15
d9ecc8b761d39b31d40aaa07434b2c37,1,11dcc970f7a5581e1bf777b6da3f7096,06579cb253ecd5a3a12a9e6eb6bf8f47,2017-09-21 01:10:33,69.9,39.42
da0a6ee487d278ae0fc77b10e9c18d8e,1,eb8c629f70275fd1c4f809116cce1efc,1025f0e2d44d7041d6cf58b6550e0bfa,2017-09-29 18:25:11,38.4,11.85
da0a6ee487d278ae0fc77b10e9c18d8e,2,eb8c629f70275fd1c4f809116cce1efc,1025f0e2d44d7041d6cf58b6550e0bfa,2017-09-29 18:25:11,38.4,11.85
da28bbd0cc0e923ee858fdeb0039a0b9,1,38f3677364ecf032090b33915b155161,ce7d1888639e6fb06b2749cbfdac1ff7,2017-10-03 16:14:30,138.0,38.11
da30a0f292c1564f3957b348353eb52b,1,4338d9da0d2fabd85d1f0adb30b2789d,6ec1a01e866584bb679eb9b098345919,2017-09-08 11:55:21,35.99,15.1
da39b7bb959252bc4980dd9bc21d3415,1,25d6edcd216a9ee579f19f92d694f7d5,b76dba6c951ab00dc4edf0a1aa88037e,2017-09-20 03:36:22,12.97,15.1
da532e87f26c130e0b3184bdd837982b,1,91ad72a5e0313d764d9603f18f2c3658,7040e82f899a04d1b434b795a43b4617,2017-09-20 17:44:11,99.9,14.45
da54ad083bc7a0be3d23ddbf932d24a8,1,8c591ab0ca519558779df02023177f44,a1043bafd471dff536d0c462352beb48,2017-10-05 07:04:27,99.0,21.74
da647e80e38239a2e8f026b3f011c8af,1,e0d64dcfaa3b6db5c54ca298ae101d05,4869f7a5dfa277a7dca6462dcf3b52b2,2017-10-01 22:56:17,158.0,21.6
da6f3c22dc38f6e133f8a8f14f5d3cdb,1,7bcf2266b78ccc737b8f26f925d3c5d4,1464afc72f696af775557a821c2e253f,2017-09-25 03:33:16,42.9,15.1
daaee3046c061f111811d2fa55699a0a,1,7fb04722aba7a2b632bac8f9819796f3,f3b80352b986ab4d1057a4b724be19d0,2017-10-05 00:08:24,79.9,18.8
dab1208f2886c43e8bd155b40523d343,1,60ee9861f35c13d4a3a2bc10e86bb05b,9d5a9018aee56acb367ba9c3f05d1d6a,2017-09-29 10:15:18,119.33,38.39
dab1208f2886c43e8bd155b40523d343,2,60ee9861f35c13d4a3a2bc10e86bb05b,9d5a9018aee56acb367ba9c3f05d1d6a,2017-09-29 10:15:18,119.33,38.39
dab1208f2886c43e8bd155b40523d343,3,60ee9861f35c13d4a3a2bc10e86bb05b,9d5a9018aee56acb367ba9c3f05d1d6a,2017-09-29 10:15:18,119.33,38.39
dab1208f2886c43e8bd155b40523d343,4,60ee9861f35c13d4a3a2bc10e86bb05b,9d5a9018aee56acb367ba9c3f05d1d6a,2017-09-29 10:15:18,119.33,38.39
dab1208f2886c43e8bd155b40523d343,5,60ee9861f35c13d4a3a2bc10e86bb05b,9d5a9018aee56acb367ba9c3f05d1d6a,2017-09-29 10:15:18,119.33,38.39
dadbb2544ed83c09ede8683c93c5f080,1,ef4ed7b0ea758f6fb2866ce40f7ac1c7,46dc3b2cc0980fb8ec44634e21d2718e,2017-09-14 07:25:10,899.99,70.74
dade40d579e42a82a4744858cb60194b,1,ee406bf28024d97771c4b1e8b7e8e219,7a67c85e85bb2ce8582c35f2203ad736,2017-10-04 10:50:14,149.99,18.3
daf2a6548710139ae39eec18beb70a17,1,f1c7f353075ce59d8a6f3cf58f419c9c,37be5a7c751166fbc5f8ccba4119e043,2017-09-28 22:04:44,148.0,14.64
db22016bef74b6dc92aabe8713dd0eef,1,89427567da9c9b075c9dca131535104d,3d871de0142ce09b7081e2b9d1733cb1,2017-09-12 14:35:19,25.0,12.69
db30bf3b1cc383459bf7f3a938528cea,1,18297d6ba9247aa8fb22c28df54bbcd4,bfd27a966d91cfaafdb25d076585f0da,2017-09-18 17:20:06,45.0,12.69
db4d1cf54509ad6f47b9e8b09d2a2c40,1,9e0e152552a1323f7e5dcf63d50cdae3,cc419e0650a3c5ba77189a1882b7556a,2017-10-03 05:34:11,56.99,8.72
db4d1cf54509ad6f47b9e8b09d2a2c40,2,22c5ddc22ea8cae84fc9917def682dc6,cc419e0650a3c5ba77189a1882b7556a,2017-10-03 05:34:11,56.99,8.72
db4d39113d1f1f359709384518d81e31,1,f15dfa318985df28b020ca9fa88552aa,d20b021d3efdf267a402c402a48ea64b,2017-09-25 11:28:11,79.99,17.81
db7974217c78bbcb9b81412ef8268596,1,0a57f7d2c983bcf8188589a5fea4a8da,4869f7a5dfa277a7dca6462dcf3b52b2,2017-10-09 20:35:10,159.0,15.86
db9458d0bbfff27cf6ff5b9342087fd0,1,6a1a04054158fe995e1688d8f79605b2,9616352088dcf83a7c06637f4ebf1c80,2017-09-12 12:25:14,59.9,16.86
db9458d0bbfff27cf6ff5b9342087fd0,2,6a1a04054158fe995e1688d8f79605b2,9616352088dcf83a7c06637f4ebf1c80,2017-09-12 12:25:14,59.9,16.86
dba6fefb7f441ba6ec433320366d3037,1,322b149a56769e166a6fc004f3181622,51702dc2a3e106c76dbff722b5bf0726,2017-09-13 22:04:14,169.9,31.94
dbc097913df341f30b9f9e92f459cee2,1,e0d64dcfaa3b6db5c54ca298ae101d05,4869f7a5dfa277a7dca6462dcf3b52b2,2017-09-11 12:30:30,179.9,12.76
dbe8ecd957db3aaa6a15609223afe9a6,1,d902e8400cd0c58b64ea157af940e670,05f51e13da97139648b8125c31e5f51b,2017-09-20 03:06:06,145.9,20.51
dbeb15c52e114604b6f96141f354fbc6,1,43423cdffde7fda63d0414ed38c11a73,b1fc4f64df5a0e8b6913ab38803c57a9,2017-09-21 09:55:15,55.0,34.19
dbec6fd4540dcda2662baf24a0bc8f0f,1,368c6c730842d78016ad823897a372db,1f50f920176fa81dab994f9023523100,2017-10-03 00:49:49,59.9,12.48
dbf76ef1323584fa387945f83b324534,1,154e7e31ebfa092203795c972e5804a6,cc419e0650a3c5ba77189a1882b7556a,2017-09-29 07:55:12,23.99,15.1
dc0026d5ff685eb725a42925ff3aa5eb,1,9963a54f50b2db19fb8ad3297d087f03,7e93a43ef30c4f03f38b393420bc753a,2017-09-08 13:25:37,199.99,12.82
dc103edeb857e3480e63f64cd8f7411b,1,97ab901f90b75df669b546a1d68d0512,2f09f7d37a97956d11cc1a7cadd5262b,2017-10-05 11:35:23,510.0,48.04
dc1c38562bafbecca9a27dd77d6bdf5a,1,99a4788cb24856965c36a24e339b6058,4a3ca9315b744ce9f8e9374361493884,2017-10-02 06:35:20,89.9,16.26
dc1c38562bafbecca9a27dd77d6bdf5a,2,99a4788cb24856965c36a24e339b6058,4a3ca9315b744ce9f8e9374361493884,2017-10-02 06:35:20,89.9,16.26
dc30c49cdd7a0bbf562cd24386ea1a5f,1,67d2d3861a68afa1c91b8b909df0ac7d,67225bff54a172ff67579aaf583efd78,2017-09-21 10:50:18,99.0,35.75
dc66d93a6a91154ab8dd2e7779e9a1ac,1,a889574d5db0d088abd953112ca2318b,14d7985702e72162bbf13b6beb74ab2b,2017-09-19 03:25:23,65.0,11.73
dc825a422ff7a8e462852fc476ba5686,1,588531f8ec37e7d5ff5b7b22ea0488f8,53243585a1d6dc2643021fd1853d8905,2017-10-03 18:56:13,1599.99,40.61
dc8cf8a0844543e3cbebc3917b08d00f,1,88f606f44d39cbba19b301f79a51d7fd,1025f0e2d44d7041d6cf58b6550e0bfa,2017-09-08 17:10:11,53.0,25.65
dc95c77dd5f88e79576808b9ed5e4df3,1,bb7181410b4e02f93f3697f765db53c7,855668e0971d4dfd7bef1b6a4133b41b,2017-10-04 19:25:25,109.99,27.21
dc9aa7c79b289abf941ccbacf11e3780,1,4f47791b7d4e127b53fdfceea592e926,b2ba3715d723d245138f291a6fe42594,2017-09-22 15:05:43,769.9,32.75
dccf5f082deff344c087201ccbd2d1d6,1,64805d6d421c30f6bcba4b28c41a1635,f00e21b1e91a79653163b7fd8f293ff1,2017-09-20 18:04:33,125.9,42.91
dceff4e9cefb999404dd921642d20111,1,a237de12bdf0bfe4fe220bae65a89731,6c7d50c24b3ccd2fd83b44d8bb34e073,2017-09-15 15:15:24,37.5,17.6
dcf6157fe1c8921c1cedcc687593d877,1,627025506c84c8b1d34791a89aa3a8dd,e0a366315b1b726b6c7832d664c0f530,2017-09-14 16:45:34,139.9,8.23
dcf6157fe1c8921c1cedcc687593d877,2,627025506c84c8b1d34791a89aa3a8dd,e0a366315b1b726b6c7832d664c0f530,2017-09-14 16:45:34,139.9,8.23
dcf6157fe1c8921c1cedcc687593d877,3,627025506c84c8b1d34791a89aa3a8dd,e0a366315b1b726b6c7832d664c0f530,2017-09-14 16:45:34,139.9,8.23
dd1dfe88448d5571a97af819c52776b4,1,5b226d7c52f86ac72457617f78cff95d,1835b56ce799e6a4dc4eddc053f04066,2017-09-18 09:10:12,56.99,11.9
dd4b9b281b3184e347d861b12e4d617d,1,471e714759273827991f1746906737d1,cd52a8efd71af3336b14b5039b951cc1,2017-09-19 08:30:17,55.9,14.14
dd4cb06a82daaa4a3853003208a89799,1,4eba76ab901d06e619d8d7ac69b3579a,c500367424994318b9e779ff1ae9a330,2017-09-14 06:35:28,89.9,14.38
dd674328887ef6d0b5b56c06c29c594b,1,d8de812ed5d981fc6a3984f4caa2aa05,54a1852d1b8f10312c55e906355666ee,2017-10-05 11:35:20,59.99,9.34
dd73d93a25e576d8dae52c7c66b3becf,1,386486367c1f9d4f587a8864ccb6902b,cca3071e3e9bb7d12640c9fbe2301306,2017-09-29 19:25:09,113.57,13.81
dd8895e91847869a1317a8ef7313e241,1,72f47ace173a4fa96b05a1462e025aee,dc4a0fc896dc34b0d5bfec8438291c80,2017-10-01 22:29:19,147.13,16.66
dd8df609ed4683bda8dd7515115f3b50,1,431d674f9a4fbd0957ecf6ba3fcb6899,53243585a1d6dc2643021fd1853d8905,2017-09-14 08:45:09,299.99,27.38
dd8f044a145ebf7152fc8a718cbd3412,1,74a86d4a9f05585758fcf89d91f9d378,17a053fcb14bd219540cbde0df490be0,2017-09-11 10:50:12,246.9,69.77
dd8f044a145ebf7152fc8a718cbd3412,2,04cb9679db724268544436f40166c3ed,17a053fcb14bd219540cbde0df490be0,2017-09-11 10:50:12,292.9,62.02
dd8f044a145ebf7152fc8a718cbd3412,3,04cb9679db724268544436f40166c3ed,17a053fcb14bd219540cbde0df490be0,2017-09-11 10:50:12,292.9,62.02
dd8f044a145ebf7152fc8a718cbd3412,4,74a86d4a9f05585758fcf89d91f9d378,17a053fcb14bd219540cbde0df490be0,2017-09-11 10:50:12,246.9,69.77
dd8f044a145ebf7152fc8a718cbd3412,5,74a86d4a9f05585758fcf89d91f9d378,17a053fcb14bd219540cbde0df490be0,2017-09-11 10:50:12,246.9,69.77
dda427569144edf4a458f8fed9d5ca4a,1,e7890707ac0e4e190a74aa46c92e2c94,6560211a19b47992c3666cc44a7e94c0,2017-09-13 02:50:33,59.0,15.16
dda49ab2822cbc8fa455bd3f699b39c3,1,fd06ee724785658f80f21107c42352a8,86ccac0b835037332a596a33b6949ee1,2017-09-28 15:44:34,119.9,18.09
dda6159b6aed44fa0e12c2e7ebc710d3,1,76df076d70248fa44de6ed8c31a1a9b5,3dbbce181edfaa4a597ec858c382d2ec,2017-10-05 20:14:18,40.0,58.9
ddc3d480190a889acc51fb21d634c044,1,5af8eddd880e2463740be6828d2b51dd,4a3ca9315b744ce9f8e9374361493884,2017-09-13 12:45:22,259.9,13.32
ddec8781012135eae3bc327d84072388,1,a6ad77b15e566298a4e8ee2011ab1255,1025f0e2d44d7041d6cf58b6550e0bfa,2017-09-21 22:35:14,31.8,16.6
ddec8781012135eae3bc327d84072388,2,a6ad77b15e566298a4e8ee2011ab1255,1025f0e2d44d7041d6cf58b6550e0bfa,2017-09-21 22:35:14,31.8,16.6
ddec8781012135eae3bc327d84072388,3,a6ad77b15e566298a4e8ee2011ab1255,1025f0e2d44d7041d6cf58b6550e0bfa,2017-09-21 22:35:14,31.8,16.6
ddec8781012135eae3bc327d84072388,4,a6ad77b15e566298a4e8ee2011ab1255,1025f0e2d44d7041d6cf58b6550e0bfa,2017-09-21 22:35:14,31.8,16.6
ddec8781012135eae3bc327d84072388,5,a6ad77b15e566298a4e8ee2011ab1255,1025f0e2d44d7041d6cf58b6550e0bfa,2017-09-21 22:35:14,31.8,16.6
ddec8781012135eae3bc327d84072388,6,a6ad77b15e566298a4e8ee2011ab1255,1025f0e2d44d7041d6cf58b6550e0bfa,2017-09-21 22:35:14,31.8,16.6
ddff0e1a8a73007a387e5edb05973958,1,6a83dafadbcf4112388e8173860dd3b7,888faa8bfb0b159c37de6d898b961c31,2017-09-14 12:50:20,42.69,16.11
ddff0e1a8a73007a387e5edb05973958,2,6a83dafadbcf4112388e8173860dd3b7,888faa8bfb0b159c37de6d898b961c31,2017-09-14 12:50:20,42.69,16.11
de06e436fbb3dd6e10bafb5f24ed5530,1,418d8bb517562fb8e8a2f1c5de0afa70,9646c3513289980f17226a2fc4720dbd,2017-09-13 02:00:15,19.9,16.11
de09b3dcf54cf0c8f1f503336f3110b3,1,5856763b975347ea6ea65dc890897b0a,712e6ed8aa4aa1fa65dab41fed5737e4,2017-09-19 15:03:23,310.0,95.47
de10731f0b37b49c3359218ea1062b36,1,2028bf1b01cafb2d2b1901fca4083222,cc419e0650a3c5ba77189a1882b7556a,2017-09-18 12:35:15,56.99,15.15
de1f7486e03b78ba57d0f814b925ead3,1,b6082890c14103b3f5f7b63c46e0791c,a35ef466c6fd6d052f5d241240d3c5e2,2017-09-28 22:46:05,145.0,26.29
de69cf4dccde4da4632bc662829f19b0,1,dfb92838905ead933a01256a80edc894,76d5af76d0271110f9af36c92573f765,2017-09-22 16:45:17,320.0,17.0
de886fcb580e685359a5d359555bf1cd,1,f1d4ce8c6dd66c47bbaa8c6781c2a923,1f9ab4708f3056ede07124aad39a2554,2017-09-21 09:45:12,174.9,31.97
de8a1cc20f0f3f44aded9ac6a1e8eaa1,1,d07c0177e489e871713b83a518446ac7,53e4c6e0f4312d4d2107a8c9cddf45cd,2017-10-02 03:49:31,72.0,18.74
de8f695cc30ff739ee50c1209638549d,1,c8a93a4386deccaca35baaaf72ec918b,6c7d50c24b3ccd2fd83b44d8bb34e073,2017-09-21 23:20:29,143.6,48.3
de8f695cc30ff739ee50c1209638549d,2,04c4a4b9c924494fcf82e0fba966f955,86ccac0b835037332a596a33b6949ee1,2017-09-21 23:20:29,29.99,32.2
de951feb6c754b2c61f0ed3c66569f4a,1,a9b7d6445491f7108ce079d4f783dbf1,17f51e7198701186712e53a39c564617,2017-09-26 08:25:29,990.0,87.41
de951feb6c754b2c61f0ed3c66569f4a,2,a9b7d6445491f7108ce079d4f783dbf1,17f51e7198701186712e53a39c564617,2017-09-26 08:25:29,990.0,87.41
de95c0af6d85e644eed2ee08c4766606,1,3863a6df816f3b8ce0358a1243541fcb,1b4c3a6f53068f0b6944d2d005c9fc89,2017-10-02 06:34:37,74.9,14.39
de983bdf0e92645dd32e0ba39d8e7dd8,1,84412fdf17ffe7f7b52913a82e73b5b2,c3cfdc648177fdbbbb35635a37472c53,2017-10-06 02:56:10,169.9,21.59
dec806358e32446003f5fea8111b10e8,1,f4d450a6163f21cf9db8bcdf8c7e50f8,67bf6941ba2f1fa1d02c375766bc3e53,2017-09-21 20:55:18,274.0,62.66
dec8174d065c241bf96331b867fe47ad,1,62c89abe1afe3a23c17765d462718a4c,fe2032dab1a61af8794248c8196565c9,2017-10-04 19:56:16,259.0,17.57
ded9b5ad95de67a5c760e7941c8309c1,1,c028e45b1d245ae576fcf069f68265ed,282f23a9769b2690c5dda22e316f9941,2017-09-19 03:25:01,164.0,6.0
ded9b5ad95de67a5c760e7941c8309c1,2,c028e45b1d245ae576fcf069f68265ed,282f23a9769b2690c5dda22e316f9941,2017-09-19 03:25:01,164.0,6.0
ded9b5ad95de67a5c760e7941c8309c1,3,c028e45b1d245ae576fcf069f68265ed,282f23a9769b2690c5dda22e316f9941,2017-09-19 03:25:01,164.0,6.0
ded9b5ad95de67a5c760e7941c8309c1,4,c028e45b1d245ae576fcf069f68265ed,282f23a9769b2690c5dda22e316f9941,2017-09-19 03:25:01,164.0,6.0
ded9b5ad95de67a5c760e7941c8309c1,5,c028e45b1d245ae576fcf069f68265ed,282f23a9769b2690c5dda22e316f9941,2017-09-19 03:25:01,164.0,6.0
dedbecf3e315db42fb3c7437a18b12f9,1,8a1fccc6b1baa3ff391c89b916176091,dd533b429f380718b70ad9922c294bae,2017-09-28 02:25:10,19.99,15.1
dedbf4a9f32dd77fa0d5db00bbf70b31,1,c31e1b9e61e5cdcc727c10d01581d2bb,aafe36600ce604f205b86b5084d3d767,2017-09-21 11:10:16,84.9,17.16
defe6c6f7875ec5d8409143a3d850eaa,1,752cc72634eb0d850747733e9bd4b0b6,791cfcfe22fe4a771ece27f90017da92,2017-09-29 11:30:15,298.13,39.64
df07571cefaed71337a66295010ddb44,1,d63c1011f49d98b976c352955b1c4bea,cc419e0650a3c5ba77189a1882b7556a,2017-10-06 15:14:25,59.99,9.34
df0bfbf54e085e793d7b164f7c4304e1,1,06f0e85c7892d5df893f332706340af1,3d871de0142ce09b7081e2b9d1733cb1,2017-09-27 21:30:19,179.0,14.27
df3166e4db1badb2414e9e95790a1771,1,eae50b5c9a18c296b7fa904cf04406a5,1da3aeb70d7989d1e6d9b0e887f97c23,2017-10-04 00:07:18,12.99,8.72
df54015966b3fa00a42222b5a0e21348,1,c329abd2a10fad4a2f83377956328c67,adbe70ab2c97442046d393988c8d1d27,2017-09-15 17:45:21,59.9,15.18
df5c9b471c8cb2bf4fd5d986d8811ed1,1,e48cff5b3591c9466cd84fcea1f1b3e4,4e922959ae960d389249c378d1c939f5,2017-09-19 22:30:17,18.0,15.1
df791a445f1901f4183b4e04eb4bc3f2,1,48aacddd51c3196ea66bf15d9f131c6b,d5c530f4884a75ae0dba9c148718d278,2017-09-21 14:05:05,19.99,15.1
dfafca185f2fc62924f857e85569b923,1,ccadfeab525a9eb1569983b66e5075c4,33576ec5412fb5905d876f12f33bfde6,2017-09-29 08:24:17,79.0,21.35
dfafca185f2fc62924f857e85569b923,2,ccadfeab525a9eb1569983b66e5075c4,33576ec5412fb5905d876f12f33bfde6,2017-09-29 08:24:17,79.0,21.35
dfc227d5e6d4ba1e696be1e730e9e796,1,b99e4f4fa3f421e0ffbd512d9f152dec,128639473a139ac0f3e5f5ade55873a5,2017-09-28 14:42:23,19.9,12.48
dfc62a9be450bc1488b82749356c90ff,1,f1c7f353075ce59d8a6f3cf58f419c9c,37be5a7c751166fbc5f8ccba4119e043,2017-09-25 01:25:07,157.0,25.94
dfc7bfc60d0dfafee75e8eec014851f9,1,4b7758a4177f67648ad233ef07da2b44,d93844a9c55ba7ce353388bcf849ea56,2017-09-13 13:15:23,179.9,24.64
dfc9bc36d5db98182f4b1dc41fe8e258,1,4cd6ba4ea3112de8fc238307c4dc6307,259f7b5e6e482c230e5bfaa670b6bb8f,2017-09-27 13:35:21,39.9,11.73
dfd973e5e8ca86a5abccf718e6ad264e,1,e0d64dcfaa3b6db5c54ca298ae101d05,4869f7a5dfa277a7dca6462dcf3b52b2,2017-09-28 02:30:08,158.0,16.74
dfe94fc0123a2667259503f695edf46e,1,023473d9db1c319f2bcd010e043b2ba2,b92e3c8f9738272ff7c59e111e108d7c,2017-10-03 15:50:13,149.9,20.96
e0172fe93d1e49afb84d1b9041640b18,1,1463ac0b4db553452c58c71a65c395cf,f5b44895715ddfe3087dc414f30268f3,2017-10-04 02:50:05,19.0,8.11
e01ad9a69b8b245bbe1076417c1d3f44,1,4cac1a12a6fe9ffba4a9556dbe582e28,7ddcbb64b5bc1ef36ca8c151f6ec77df,2017-09-15 14:03:57,25.99,7.78
e0206b3fc791d710a2498a32e0ba1310,1,7942dc4e2a8873cc25cf1c5dc6036390,218d46b86c1881d022bce9c68a7d4b15,2017-09-26 20:10:25,204.99,21.92
e02aa5434b7b4336b260b5f8c7202d55,1,9e10ae46a3021a02f1692448ef9fa1db,8b28d096634035667e8263d57ba3368c,2017-10-02 17:04:38,37.9,15.1
e02aeb8a43d1603416dec00e3e77cd94,1,62725a92101c725a6430182a7261416f,d98eec89afa3380e14463da2aabaea72,2017-09-20 15:26:08,24.99,17.63
e02dfcd5979ef519870fcf1404cbbace,1,4cc8bfa581f41841ce5e24aba773a44a,1835b56ce799e6a4dc4eddc053f04066,2017-09-27 02:55:37,56.99,12.74
e037080aea2d8cf5434282000d67c1ee,1,8c4851c8c9bb79e51a0f3c16cb499cd7,5656537e588803a555b8eb41f07a944b,2017-09-18 20:24:11,29.89,25.63
e037d33d32c17a7903d0b8132af49838,1,a237de12bdf0bfe4fe220bae65a89731,6c7d50c24b3ccd2fd83b44d8bb34e073,2017-09-12 04:25:53,37.5,13.37
e0409d7f1bbf560cbc2472a046339c3c,1,187e7d92b8168c3661824809d0c5dffb,431af27f296bc6519d890aa5a05fdb11,2017-09-11 22:55:13,119.9,18.09
e051052721cb64f972da9bf551be79e4,1,656e0eca68dcecf6a31b8ececfabe3e8,e9bc59e7b60fc3063eb2290deda4cced,2017-09-25 09:10:21,98.9,12.82
e051052721cb64f972da9bf551be79e4,2,656e0eca68dcecf6a31b8ececfabe3e8,e9bc59e7b60fc3063eb2290deda4cced,2017-09-25 09:10:21,98.9,12.82
e070ab9017bae918597b4998a81dca1f,1,e97db2f16b7a99a5f7d7452e48610286,7142540dd4c91e2237acb7e911c4eba2,2017-09-28 16:55:14,59.9,25.26
e078f7da1a6312d4103ba33cd4abd3b4,1,c9dbe2eec19a8093cb5ac57486531c18,cca3071e3e9bb7d12640c9fbe2301306,2017-09-25 23:15:18,96.9,13.7
e097ac66f292d985c83f3e00b4169170,1,46ead842b29537e02adb2ef48b03b01b,e62b2d6ac10570a035a30bafcf01d263,2017-09-21 20:55:21,85.9,16.36
e0b23ee5e7134cc220b6bbba915ee91c,1,b395922ca8e9ba82b2a81822968d0cf5,391fc6631aebcf3004804e51b40bcf1e,2017-09-25 20:04:05,24.75,12.69
e0b3f7f3d068cffc29d9dfc97fecd016,1,37d2e3656244fd840ebd0460360455cd,dbc22125167c298ef99da25668e1011f,2017-09-19 03:25:20,40.9,17.92
e0b7de0aa24eda55bbc841b5a19e3fb4,1,25e92e61080ad303ea52797f2879577d,c731d18cea9bf687ffee82a241c25b11,2017-09-28 04:32:30,230.0,32.28
e0ba11a8f559fa965f2e848bf086d197,1,f9025647e0a95c843a2d85c23df34c6c,3586b8580d9c917874e053a1bb37b5ff,2017-10-06 04:04:46,48.9,16.11
e0bb8d950282b26db2d1090b296244fe,1,b2c4be88b59f29df2e70ade6bbd04ba0,7d76b645482be4a332374e8223836592,2017-09-21 18:10:16,16.9,15.1
e0bd62e007e5e88656338ab10a5c0f42,1,9e054ea2f5ebbccf726cdbd0b9b00267,b4ffb71f0cb1b1c3d63fad021ecf93e1,2017-09-26 22:44:12,43.7,7.78
e0c12aa623c335d47b20986efb7bbd74,1,6a1a04054158fe995e1688d8f79605b2,9616352088dcf83a7c06637f4ebf1c80,2017-09-25 02:15:15,59.9,16.18
e0cb0ba1185dd69ffe2123622fc8e4ec,1,c82c977a03a931a50b77e934538a89ec,218d46b86c1881d022bce9c68a7d4b15,2017-09-17 21:50:24,261.0,22.32
e0dbe64f00bd054951b1981f99a58f4b,1,ba77d921f1966cc601feb066362548d4,3d871de0142ce09b7081e2b9d1733cb1,2017-10-04 14:25:20,19.9,15.1
e0f6f4313a61689a0a03dbafbcb5e97f,1,f497ba62f1d6b4f6a3a3266fa8623ad3,6df688df543f90e9b38f4319e75a9d88,2017-09-10 23:15:10,58.2,14.16
e10784ce2ff19f0a34f8b748efac518a,1,6413f7a28e149a324c4a914000399fb2,7a67c85e85bb2ce8582c35f2203ad736,2017-09-17 22:15:15,149.99,20.29
e11b41677b48150784cf28b5c87055e0,1,32d058f0f2989cd05c927c0f481a1e43,080199a181c46c657dc5aa235411be3b,2017-10-09 04:14:26,179.49,9.45
e11c0a03163b8110243cfb64df2b07d4,1,0521fe3eb04940304b489d0fb49a37dd,e99e927c81e3f51739c94fcdfca9f10f,2017-09-20 02:55:28,104.53,43.14
e1274faf1894745f9ace27e525cc2ba7,1,f1c7f353075ce59d8a6f3cf58f419c9c,37be5a7c751166fbc5f8ccba4119e043,2017-10-02 04:10:26,148.0,25.88
e12aeddf85ba20f8e2d865a28b32fbd8,1,2d7ec74c6f93ad8234f2e29817b2827b,bf3c6d2a28b2b5501e6c15448982dcc9,2017-09-18 09:45:41,129.9,29.31
e13329e37a8f95bafe7bbef35d07fb24,1,ba4c06dba31764d34fd6446894754568,cca3071e3e9bb7d12640c9fbe2301306,2017-09-08 10:55:19,104.9,16.49
e1458d8518d1632318cd88ead53c633a,1,235458528f907463ec55ebb1e16b69f0,dbc22125167c298ef99da25668e1011f,2017-09-13 06:50:18,45.9,16.11
e15e937a644b742c6083b44d0f9a0ab4,1,dd6a505f83dd3c6326aa9856519e0978,fa40cc5b934574b62717c68f3d678b6d,2017-09-18 20:50:22,49.9,15.38
e15e937a644b742c6083b44d0f9a0ab4,2,014a8a503291921f7b004a5215bb3c36,fa40cc5b934574b62717c68f3d678b6d,2017-09-18 20:50:22,36.9,12.81
e1621bf755f6bd6cd7a8969768f6b2d6,1,6f19f41a7c7ac7e45f4070d07ed80a75,75fbb52eda0cbc24f479d3b2fbfa8d3e,2017-09-28 20:15:13,19.9,25.63
e163e5d0bd1d8d33300401819c279e06,1,81de659bfde3389fc8614bfba92e585a,1025f0e2d44d7041d6cf58b6550e0bfa,2017-09-28 20:15:12,250.0,54.35
e1666defbb1e17b545b7ce2b98d99f27,1,6c3effec7c8ddba466d4f03f982c7aa3,37515688008a7a40ac93e3b2e4ab203f,2017-09-07 22:32:11,19.9,11.85
e169b880e5f68fbd4500941ac7107168,1,90fe2fe298ee4705129235c33958fea2,1430239a858e7682bbc43b20758af153,2017-09-15 13:35:26,39.9,14.1
e1c1e7f914409797c3cf9d3bb9f93356,1,8b8702416a4fecb685fc70b056cac372,8b28d096634035667e8263d57ba3368c,2017-09-25 03:37:39,15.48,25.63
e1c58cc2bf1f241d4ab2e557f7ab52a6,1,d0d9ae9cac6217cb49b4f19ce50b8e22,3078096983cf766a32a06257648502d1,2017-09-20 02:43:53,82.59,13.6
e1d1213b6608018866541300bc7e095c,1,ac99022a225e4eada5377fc101a4f68c,82e0a475a88cc9595229d8029273f045,2017-09-22 12:30:20,198.0,18.64
e1d1213b6608018866541300bc7e095c,2,ac99022a225e4eada5377fc101a4f68c,82e0a475a88cc9595229d8029273f045,2017-09-22 12:30:20,198.0,18.64
e1d476e141862d870436d761b312032d,1,2c42bf0cba650bd08bfeac2412b06ef6,2d50d6282f8aa2257819a77bfaa0efe0,2017-09-14 14:15:13,49.0,16.11
e1d90e4b5616214b451c589d55a6914c,1,82fd0e5d33b58ad696f75449679c1470,20b54c376b794ed028df09a3cd88e8dc,2017-09-21 18:06:24,169.76,16.95
e1ecfe26de4293cc0e26bac6c0359f09,1,8a2c3b7ed6d098de813279ade9a1d0de,3b15288545f8928d3e65a8f949a28291,2017-10-02 19:50:20,169.99,34.46
e1fdc6e9d1ca132377e862593a7c0bd4,1,de9db16814cdc52a0211f27c12e172ba,218d46b86c1881d022bce9c68a7d4b15,2017-09-26 00:35:20,550.0,41.4
e213b5e8d4900ec6176f5489d057e5a7,1,9e788f261082b67568bcb9f75c8c629c,2addf05f476d0637864454e93ba673d5,2017-09-25 19:10:23,795.0,21.01
e218234621ce56589ca6157a7cf827ac,1,0b148966d6d89f4ab8fd3472df4a8648,18a349e75d307f4b4cc646a691ed4216,2017-09-25 09:55:24,24.66,8.72
e218234621ce56589ca6157a7cf827ac,2,0b148966d6d89f4ab8fd3472df4a8648,18a349e75d307f4b4cc646a691ed4216,2017-09-25 09:55:24,24.66,8.72
e22decac5ed99a0335532a753f62e935,1,08f7d5ada29287296d46f79ec4d397d5,ebd2d60905fb58271facef5596b620d3,2017-09-11 16:25:43,149.9,16.68
e2301ba70a8f5a2873aaa909c1b2ca33,1,abad2a82d0a25653323cec918ba3e54c,900ba814c251a692506d7834c1218441,2017-09-14 04:50:15,141.64,14.01
e23e45778ae735856e12dd12750e2b14,1,1491a8ff192d4b5c369b0eaa2fe33ee5,37be5a7c751166fbc5f8ccba4119e043,2017-09-11 13:25:18,189.9,22.17
e25282d3cadf7b4c3a491dfb533dfdb0,1,6b1b29dd58c0342e04f9063e070bd6ac,23d7c96d4a1160db1c726b248601b25a,2017-10-04 21:49:20,219.9,17.17
e27da7442d05c49f4fa6388704a81663,1,b79361867edbe85462b548334d136a8a,e24fc9fcd865784fb25705606fe3dfe7,2017-09-21 13:55:26,150.0,34.85
e2899c01b0665046758356f4e338aca0,1,cf71bfa06fb0f932bc3775020acde164,c3867b4666c7d76867627c2f7fb22e21,2017-09-14 14:55:11,139.9,43.39
e2b182ec1154718a19aaa02dfd8c4722,1,820e8f306dc9ffcf6d0957516084cca1,7aa4334be125fcdd2ba64b3180029f14,2017-10-02 03:28:21,38.89,17.6
e2b405ccb5839931cae6f89767eada9b,1,eaaedcf6f1fee559b27b286e16afdf88,18a349e75d307f4b4cc646a691ed4216,2017-09-26 06:45:08,47.7,15.79
e2c83f97c1de922cd2db1cd278fda544,1,fcdb929c70287379ce31deed3f733d72,dd2bdf855a9172734fbc3744021ae9b9,2017-09-28 22:36:03,209.9,16.22
e2d43cdbee2a18383c6d8ce8c63d3f1c,1,ade881d3a9e73b511c630460c74dd92f,85d9eb9ddc5d00ca9336a2219c97bb13,2017-09-20 15:45:17,27.9,14.1
e2e62108a0daf44573986d823484239a,1,ee99026a2d04ff2294f42f8cf337029b,79ed755314cfe6df0daef2c6cd3022cd,2017-09-21 12:50:34,129.9,18.16
e2ecc8a06aa292e6cf6f88f2826dd141,1,43f911ac50adc19a96cd523ade4e7cca,620c87c171fb2a6dd6e8bb4dec959fc6,2017-09-28 18:44:21,49.9,13.92
e3071b7624445af6e4f3a1b23718667d,1,88159bac10e3d4f4b69b157406c7f70f,fdaaf5bfda82b7b80535610c831b8d09,2017-09-12 22:30:56,39.9,11.85
e30a7c7a102b26de0c86e424f9eada78,1,03c526c6224e8b74620b3b1ff4d0f3ad,cca3071e3e9bb7d12640c9fbe2301306,2017-09-28 18:50:10,196.36,18.08
e32090de3a5936c84fa211a2b22342ad,1,2f1927c926303d27159849d2601d5d96,33ac3e28642ab8bda860a2f693000e78,2017-09-12 04:10:39,104.9,18.01
e32738e1f9a8c0b2af32e78bf6f892b2,1,c9c455f9fd8ca66d3ff7f90a249753b4,96804ea39d96eb908e7c3afdb671bb9e,2017-09-14 15:35:16,109.95,16.53
e352178ae3b81e3d7d67ee7edd973a43,1,bd6e6fce9ada76ea2db0f1912e8e478f,1835b56ce799e6a4dc4eddc053f04066,2017-10-05 02:54:17,56.99,12.74
e359056f7d7b5f57f57e4d8f61b5659d,1,98e0de96ebb0711db1fc3d1bad1a902f,f27e33c6d29b5138fa9967bcd445b6d5,2017-09-21 15:06:00,299.9,16.86
e35a9e312880dfa98135b6a97237b272,1,39ec33e08b0f9ffb9767b819f8588361,cb3dd9ce66268c7a3ca7241ac70ab58c,2017-10-03 11:04:30,34.7,29.76
e35cd7f16895b57bcfa47358049adb16,1,776ef0ee36e20757c513e64903f1fa8a,70a12e78e608ac31179aea7f8422044b,2017-09-13 10:37:29,98.0,17.94
e36a4fbf27caa37b5430a40dfef1c8a2,1,cbdcb07438032e11d74bbb913fbcd8a0,b4a476fbd28de64b1e347abf9089366a,2017-09-12 18:06:47,157.5,16.86
e375d0d9503a5e95db66e6a83833b5cc,1,7552749c1a1124b5590d5b7206324daa,e8f6dc8e6a1dcde89d20e3995c8d90b3,2017-09-29 10:15:19,32.9,49.09
e3789526cc0c6ef10b87251d5be32b33,1,8febd25000a51cdc5957b40c1d1a78ca,520b493b57809f446cb0a233bb3e25c7,2017-09-26 11:25:49,28.0,22.53
e3789526cc0c6ef10b87251d5be32b33,2,8febd25000a51cdc5957b40c1d1a78ca,520b493b57809f446cb0a233bb3e25c7,2017-09-26 11:25:49,28.0,22.53
e37de8ebd6b9572f9265b56ea828b645,1,422879e10f46682990de24d770e7f83d,1f50f920176fa81dab994f9023523100,2017-10-03 02:56:23,59.9,17.67
e38d9183e9b3d19b748b3af7732d2ef4,1,1de1332e38dc2f575edfeae165edea4e,4a3ca9315b744ce9f8e9374361493884,2017-09-15 06:45:20,135.0,21.44
e38fb0d87dea5ab1a9c8e257fa716b80,1,210a8305d79b2f5719cbafb2c026797f,f8db351d8c4c4c22c6835c19a46f01b0,2017-09-20 09:25:41,36.9,9.94
e39fd2e5443413710adca912ade28b4a,1,7340a3839a1de1e99d149b8cf052a2ec,4a3ca9315b744ce9f8e9374361493884,2017-09-14 19:23:28,69.9,16.25
e3a83a19707a6f27e4fde8d6b13d43f4,1,9a36241ab9d33e23d58b50eddb5097c9,1acde099eb406aa220b1169b188b42da,2017-09-18 04:50:37,159.0,18.36
e3dfc1d63188473e77b32f94f94aeea3,1,781de17434dbb8244fd1d0e3ef55d3bb,5c6d4016c2a288f074fa0848a2b653d2,2017-10-05 02:28:56,69.9,21.29
e3ef3902f4da2bf727f00602d912d034,1,d6160fb7873f184099d9bc95e30376af,53243585a1d6dc2643021fd1853d8905,2017-09-21 08:45:13,1349.99,31.32
e4200b9952be20987657b4536b4b0292,1,4e0d588f8e002f2bad9cbe0b8f66f6f6,fc906263ca5083d09dce42fe02247800,2017-09-08 16:50:19,39.9,15.1
e437a323d90b04581fd8418d4afcce4f,1,fdfb90feb49d2b41b8283a8ec6e95590,f5a590cf36251cf1162ea35bef76fe84,2017-09-20 03:15:49,690.0,33.2
e43a8e7bb3db31ab15c10dfc9ef4e419,1,6a7410f88fe57e3fd4e353cfc04e7b31,7aa4334be125fcdd2ba64b3180029f14,2017-09-20 00:30:18,56.0,13.41
e43d4fe81a0a7828e55dc60e33ce7921,1,be588e939ab09c7ca4d4046266619de5,f97e2b0650c2068227e1d366140eb62f,2017-10-06 14:10:22,265.0,44.05
e43e7a3a8ac3cfe7bb59dfe7de389ce1,1,f9e4900e477f557c368d218065353b5a,2138ccb85b11a4ec1e37afbd1c8eda1f,2017-09-26 22:30:16,19.99,15.1
e454f35044003de39e10f976817edc27,1,c3ba4e8d3cb30049213b682e751e9d00,6560211a19b47992c3666cc44a7e94c0,2017-10-13 15:14:17,95.0,15.42
e465c5ff84ef7091d582b275cb0dd7de,1,617186c3d97ea56c9c683a8a3974e8c1,cc419e0650a3c5ba77189a1882b7556a,2017-10-04 12:04:20,84.99,8.79
e4701cf302a9b3cc9efc51f06f354ecf,1,1de74e63d630007567726953a4eb2b36,a49928bcdf77c55c6d6e05e09a9b4ca5,2017-09-28 10:45:32,79.9,19.8
e484f4c3e8793e447052654990533c23,1,bc7783fa09789dd5984d2c9213413a97,94144541854e298c2d976cb893b81343,2017-09-18 04:45:14,259.9,18.26
e48bf703c3d5e80776e4d036425edddb,1,83e68070fbf16ac859fc13285a5ba9ba,ef506c96320abeedfb894c34db06f478,2017-09-12 04:30:18,28.99,7.78
e49756b486c722bb970c4cadf35a2cc3,1,6186a25dd2b885087bbf0863e5245d46,7040e82f899a04d1b434b795a43b4617,2017-09-19 16:55:11,89.9,14.38
e497e633dd1b677fbebaaf15c973e903,1,8f3e68cbfd56c030ceed9696c2e78620,23613d49c3ac2bd302259e55c06c050c,2017-09-27 07:05:42,249.9,107.26
e49d66c37f294666b5c6ef847567226d,1,c45f017c36f9112a8bb4f170edfb1870,dbc22125167c298ef99da25668e1011f,2017-09-25 08:06:01,86.9,14.34
e4a1a7de8d097ef8862da4fa66798f53,1,c22ae79dc52790933cd1b5e129b893ee,0be8ff43f22e456b4e0371b2245e4d01,2017-09-15 14:55:26,120.0,9.66
e4a4be9057b0723c5014f56c6d4ba6ca,1,144fc7abb16b6f6d92d2c9f34d3c3452,e9d99831abad74458942f21e16f33f92,2017-09-22 12:30:18,35.99,8.72
e4b8672f8079cde3f79ec04e8d22a842,1,c6336fa91fbd87c359e44f5dca5a90ed,4c2b230173bb36f9b240f2b8ac11786e,2017-09-13 02:55:14,45.9,11.85
e4b86afb67e591d71050d108a2672dbb,1,e573d90224029758a6430e5c3e9beeb2,36a968b544695394e4e9d7572688598f,2017-10-06 02:50:39,63.9,11.95
e4cf3be0bfaec7868f5c8ac4f977f997,1,154e7e31ebfa092203795c972e5804a6,cc419e0650a3c5ba77189a1882b7556a,2017-09-25 02:45:20,23.99,15.1
e4dd475ba157a8f4d4dd4f0b8e7c92b3,1,9c9c0e6325bd947d1468817769ed4197,2156f2671501a81034d7d07f217609d0,2017-09-15 16:55:30,72.0,12.0
e4e0be4d6409eac95f01919debf6ca7a,1,14555ba663de8689feacf1d0819cc3b3,dbc22125167c298ef99da25668e1011f,2017-09-17 23:35:14,96.9,19.92
e4e486faca6effbf54e6325fd207319f,1,0b6f7f321aeac91ef72512bbae664b13,2745f798279e0ed033addcc1474776d7,2017-09-12 19:10:20,119.34,18.09
e527fadf4133cb83320eba9c12a0db68,1,bc45f8d4954ef77dcaad81627640cb2e,391fc6631aebcf3004804e51b40bcf1e,2017-09-14 18:50:14,49.7,13.37
e54a8ab3ead9bbdf681b8e18273f2cde,1,067e1aaf685cc3da73e97a0abf22561c,5160d23075764e18e07c1f4a87fad743,2017-09-22 16:10:25,75.0,7.78
e54ac9a4438ed19f1367717699a2863e,1,30011d8ee44c9842921cbc7c1445544e,4bf2f4ee540798a61f9636d12cd9cc80,2017-09-28 15:50:13,192.0,16.09
e55fb3457f263ce9c93e88a934d7cc17,1,5a419dbf24a8c9718fe522b81c69f61a,3504c0cb71d7fa48d967e0e4c94d59d9,2017-09-13 10:05:16,48.9,11.73
e56705e29ca62edcbae910d46fbcb427,1,0a904457e165bf24b90921754b4a5888,c3867b4666c7d76867627c2f7fb22e21,2017-09-21 15:35:13,159.9,18.37
e56a1cb152fd9b915de07e0f4f5b462b,1,bc4cd4da98dd128c39bf0b8c2674032f,53243585a1d6dc2643021fd1853d8905,2017-09-13 16:05:18,1299.9,44.46
e582cfe4b3a98c739d268bea062b2f8f,1,81e7937893af4703d4d14ca3e3765b59,855668e0971d4dfd7bef1b6a4133b41b,2017-10-04 18:14:09,64.99,15.89
e5a7c745f93cb381d78042cdef65b05b,1,63de2743d05ab59d85caa49e49459ac1,cbd996ad3c1b7dc71fd0e5f5df9087e2,2017-09-21 02:25:56,19.9,11.85
e5b6006d8448540e314215fd9924e384,1,cf45cea95e6b4d46e80fe098eda10c8f,cc419e0650a3c5ba77189a1882b7556a,2017-09-25 00:35:12,84.99,8.79
e5c3b007071722adcd1fbe55751149eb,1,ea44caac707f7f1325182a538007f838,855668e0971d4dfd7bef1b6a4133b41b,2017-09-15 18:24:05,50.0,11.73
e5c4134a422573e560cba643f9318bc1,1,4fb651ace30be388c0e95f48f3308e5a,44073f8b7e41514de3b7815dd0237f4f,2017-09-13 11:45:19,105.0,22.6
e5ce0260311bb22e88a68521703a29e3,1,ca38c039b717207dec906f4fa9a21db7,59fb871bf6f4522a87ba567b42dafecf,2017-09-14 10:23:47,189.99,16.09
e5ddbd23174123100cd4e3eb36be5b2b,1,69d1a2681324d48bb7f38a7bb7b2646f,3c7c4a49ec3c6550809089c6a2ca9370,2017-10-02 03:35:42,13.99,14.1
e5e9d05da853226a6446801043dddd01,1,7f064525eaaa1ce9d22c085f7ff5413a,6560211a19b47992c3666cc44a7e94c0,2017-09-25 03:35:14,49.0,15.1
e5f7dd43f840110435bdff296a628437,1,13641c883402cc251cdb1f7f817e9148,8444e55c1f13cd5c179851e5ca5ebd00,2017-10-05 19:55:17,109.0,13.78
e5fa00efafb88eb508afaa778eae8a6a,1,fa4e8255202fd921350a6fc716710dae,2b3e4a2a3ea8e01938cabda2a3e5cc79,2017-09-15 17:45:12,249.99,27.03
e61f21c687d3607657f3799b5e182916,1,f046f5847e49bd22fcb24ecc59572165,f5b44895715ddfe3087dc414f30268f3,2017-10-05 03:21:55,19.0,15.1
e641155b00bb2461d65e69ad8dbabb47,1,deecc62b2db3d87ff4d9fe364fead01f,403aa86912527d730337ffcb0fb096ab,2017-09-19 13:10:26,269.99,15.64
e658e8dc29fc5581482829dbcc127aac,1,1de74e63d630007567726953a4eb2b36,a49928bcdf77c55c6d6e05e09a9b4ca5,2017-09-19 03:26:15,79.9,18.8
e65b6de1ae31aa66d1601342f04806a4,1,6b80b94c131c21e8a80f8139fa458329,4e7c18b98d84e05cbae3ff0ff03846c2,2017-09-25 03:36:40,119.0,40.82
e6644b4a8ee7cbabd5f50b29eb478cf4,1,2ccd049c8e7ea210e079a1aa8ad92477,3d871de0142ce09b7081e2b9d1733cb1,2017-09-12 17:10:14,79.0,13.57
e67ff3fa4043001cd351f27b12a64eda,1,4293865e4ead3d446609086b4cfedb4f,da8622b14eb17ae2831f4ac5b9dab84a,2017-09-27 23:15:15,119.9,18.09
e684d169c6ce5450a7cf6af58dfeb900,1,3db75f31b76375c502f64d550dcd1166,85d9eb9ddc5d00ca9336a2219c97bb13,2017-10-10 16:10:16,31.9,14.1
e69ef8c934605e67c1ecde95ad2a1b46,1,5f504b3a1c75b73d6151be81eb05bdc9,834f3294fba9f932f56edc879193f925,2017-09-26 20:44:14,610.0,90.89
e6b2afa6b02c9f066002cfdab6d53080,1,ed2067a9c1f79553088a3c67b99a9f97,cbd996ad3c1b7dc71fd0e5f5df9087e2,2017-10-01 22:48:01,56.97,16.16
e6c487a027692996435c701644f98080,1,150c699262a053229e89213dc9c358d2,cd68562d3f44870c08922d380acae552,2017-09-28 08:05:51,116.0,15.56
e6d1b2275402fa4946ee8a3d37712c93,1,74a92612f70f4ae7bb26ead72c53b5d3,4a3ca9315b744ce9f8e9374361493884,2017-09-10 23:50:08,78.25,12.05
e6dfc4ce09d6557361948d3648ccb670,1,7600ad0c8b6aec897862eb7944ae0856,bfd27a966d91cfaafdb25d076585f0da,2017-09-29 15:06:31,189.0,17.08
e6e34e47fd3eabdfe4b6c2662cc2a04c,1,cec09725da5ed01471d9a505e7389d37,4d6d651bd7684af3fffabd5f08d12e5a,2017-09-14 10:05:11,69.9,20.98
e70216ba107820e5ae3a74bae559bc6a,1,550dc4417c636abc04c71404342de695,25c5c91f63607446a97b143d2d535d31,2017-09-28 08:30:19,149.89,10.46
e713d3a85b6b64756bc80519c7fb2832,1,e3d56b75987accb32f776ba6c710913e,bd4889b5e9133b35b66e42a8665cea5c,2017-09-25 09:35:06,65.0,11.73
e71a1248d8a46799adbbd50262053732,1,4638e41e1c53018897e12edbb2815807,04aa0a1c5ce6b222003403a3e11c3cc0,2017-09-13 20:30:12,378.0,60.82
e71f1d602c3b94eb593d48a61a2163fd,1,d6160fb7873f184099d9bc95e30376af,53243585a1d6dc2643021fd1853d8905,2017-09-07 22:07:51,1300.0,44.46
e72a5280a46ca876b0fd05c1a1ee605c,1,75d6b6963340c6063f7f4cfcccfe6a30,cc419e0650a3c5ba77189a1882b7556a,2017-09-20 20:10:21,56.99,15.15
e72a8568c8622825a95439791f668e85,1,5194b89392be2982beeb37174bf7dcba,c878515173c84a492ebe50d6b493230b,2017-10-01 23:15:18,63.99,19.69
e730263138d4e66152a694fd4ec32280,1,cf37036bec6f6d8639d1cf0ac3f1d04e,d624126b9206f595fb3fbb6ba03b28a8,2017-09-20 02:50:40,179.9,16.02
e747b099854432937d27178c640102bf,1,186fe07c8b8005ec6a498587ffbc1352,6560211a19b47992c3666cc44a7e94c0,2017-10-04 03:34:20,29.0,7.78
e74d9394729b685d668169c86cd0b30c,1,6ae3f85f46a37844372252496c77b4d8,53243585a1d6dc2643021fd1853d8905,2017-10-02 00:24:54,212.4,17.25
e7519cd023554b4884a8df704a4ed7b9,1,6a1c65dbbecc1ece8c22856122a774ac,1025f0e2d44d7041d6cf58b6550e0bfa,2017-09-24 23:35:45,250.0,58.42
e7541673fccb361d1221c62bb45ad1cb,1,45dc67310ca176b5df98262187d7bf41,6560211a19b47992c3666cc44a7e94c0,2017-09-19 20:10:21,59.0,16.85
e75a94d6e8bdba1aa2a9946c3837a636,1,0e6e9a3510d7c927145921c00077a726,2709af9587499e95e803a6498a5a56e9,2017-09-08 10:35:15,6.0,11.85
e76334c93e9af507d48bc63dba788ae1,1,d493f5a208254fe85b3ab55d898461a1,e9779976487b77c6d4ac45f75ec7afe9,2017-09-18 20:24:08,21.49,9.27
e76334c93e9af507d48bc63dba788ae1,2,d493f5a208254fe85b3ab55d898461a1,e9779976487b77c6d4ac45f75ec7afe9,2017-09-18 20:24:08,21.49,9.27
e77070db7fd22ebeaba41a390fe93a53,1,c629f814c92825a1e5ec157ce8a25bd9,87142160b41353c4e5fca2360caf6f92,2017-09-25 03:35:06,36.9,9.74
e77eb7578799cc588feca0f6cf56a49e,1,9e61f47367a7a1d6cafa44817f88f8db,4371b634e0efc0e22b09b52907d9d469,2017-09-12 07:50:24,10.0,7.78
e78088a3b62d70382758f12a326a8503,1,e1b7ea96e1ebb2524b943e22bf5e31b7,1554a68530182680ad5c8b042c3ab563,2017-10-02 08:49:30,39.99,17.92
e7859e16ed08be3d7231bcb239b8903e,1,f081174cf4cde1e4f75cd45b4518bbe6,7e93a43ef30c4f03f38b393420bc753a,2017-09-11 23:10:10,129.99,17.35
e793e2ffd549447018149bce4de2850c,1,cbd27a4cfb94137cd08a4fda812d686b,404e1ba01358af4cd63f679b2c4d1fa1,2017-09-12 11:24:17,19.9,16.79
e7af9428d8b5d65f0fd7d3eb98595308,1,d9bdf643d95cb89844c0da1a0df1d16e,058fd0aa2bfdb2274e05e1ae971dabb6,2017-10-09 04:14:16,145.0,26.29
e7bf5b3305b73ad31a0306f433c8dd84,1,fb8c11da2e1b1634e879d1c3c6762dc2,53243585a1d6dc2643021fd1853d8905,2017-09-14 13:30:10,850.0,28.82
e7d9d1c03c10e6edb7aa4a91581cf871,1,e5eadf9be70a4a9fa514019542fc330a,4559697a8f7e637227c2eeaed843baff,2017-10-02 03:56:30,69.9,17.74
e7eceb7362eb746b29dc6205f732067c,1,7fab1a1472fdd934397068931f63f3ca,3d871de0142ce09b7081e2b9d1733cb1,2017-09-18 04:25:51,69.9,12.83
e800de8b707b17c4fbe19fd465346dea,1,7a10781637204d8d10485c71a6108a2e,4869f7a5dfa277a7dca6462dcf3b52b2,2017-09-27 13:44:11,212.0,16.23
e8065f2f83d1c35a12ece8d1c0699267,1,2aca750f46a021f1d74607ac2b46e8fa,fa1c13f2614d7b5c4749cbc52fecda94,2017-09-20 16:50:19,479.8,18.11
e813b971361575cd2511e900b7003c34,1,e6f927322d3e315ea72b768b52126b9b,c3867b4666c7d76867627c2f7fb22e21,2017-09-08 02:50:26,466.0,23.75
e81cc4ef80e506f656341f4906927b32,1,4338d9da0d2fabd85d1f0adb30b2789d,6ec1a01e866584bb679eb9b098345919,2017-09-28 15:44:11,35.99,8.27
e81d8a5a53ef4c96396e5aa7115cafe8,1,2c8e38b2b220b65a306d88444defb4fd,c8467937e403e76a8ee9f0ab13f6f5ef,2017-09-27 15:30:19,19.99,16.79
e8291f4bc553c5ac2a42ee7737836480,1,02a0c276d5a252215b48269dea73a6e7,b90e891671cffd9557f33a97dc523645,2017-09-08 10:25:46,100.0,15.45
e847ea44928b27b43984d79532b7ae20,1,1c6b8ed36259a0971b3fd58692b60f9c,48162d548f5b1b11b9d29d1e01f75a61,2017-09-26 18:10:21,592.8,50.86
e85a4861022f27b6764e4fc0372323e0,1,b4fc7e84dcaf2fcf3edb234e30362929,c3867b4666c7d76867627c2f7fb22e21,2017-10-01 23:50:12,125.0,21.36
e8606bd877aee06d98501a6436ee8576,1,d578aee40a4952269523e4295839781f,4c03b9dd4c11ee2cb35c96c49efc9420,2017-09-22 18:25:13,35.5,11.85
e865bd184ea97ef3be5f3a47a0be59f0,1,b79361867edbe85462b548334d136a8a,e24fc9fcd865784fb25705606fe3dfe7,2017-09-15 13:35:11,150.0,15.8
e8861a9f094841902cf93913969fbb7f,1,f832d1b20241274bc51c2d691b0f4b94,70a12e78e608ac31179aea7f8422044b,2017-09-12 15:55:39,85.0,15.34
e8899387e52fb6a10ae971c69eb09bf5,1,b5e13c9a353102f79c6206ff5cb61a50,a49928bcdf77c55c6d6e05e09a9b4ca5,2017-09-14 15:50:23,79.9,20.96
e8b64378ad79a0463f32ec53ecc00881,1,22c5ddc22ea8cae84fc9917def682dc6,cc419e0650a3c5ba77189a1882b7556a,2017-09-26 22:36:48,56.99,8.72
e8b925dae758913bf3c48971ce416c57,1,617186c3d97ea56c9c683a8a3974e8c1,cc419e0650a3c5ba77189a1882b7556a,2017-10-04 04:07:12,84.99,14.34
e8bbc1d69fee39eee4c72cb5c969e39d,1,310dc32058903b6416c71faff132df9e,0e44d110fa6a54e121cb2c095a77762f,2017-09-19 19:25:38,2.29,7.78
e8c12bea30d2a23cd334b456cf469112,1,471e714759273827991f1746906737d1,cd52a8efd71af3336b14b5039b951cc1,2017-09-15 15:45:38,55.9,20.16
e8c12bea30d2a23cd334b456cf469112,2,d017a2151d543a9885604dc62a3d9dcc,6560211a19b47992c3666cc44a7e94c0,2017-09-15 15:45:38,49.0,8.07
e8c31684699efc784688d7ab3396b77f,1,a3ccb9eeebc476c5a34811bedb6188b3,ce27a3cc3c8cc1ea79d11e561e9bebb6,2017-09-18 08:50:20,19.9,16.11
e8cc3493dceef3aa38080e02b1a35646,1,6cdd53843498f92890544667809f1595,ccc4bbb5f32a6ab2b7066a4130f114e3,2017-10-03 05:34:49,349.9,46.3
e8dbddc8a7fd19aaf321cf4e7b00c787,1,1be9a7b25f7ddfe1dfda88b9b64f595c,fa1c13f2614d7b5c4749cbc52fecda94,2017-09-21 17:55:16,124.9,8.13
e8ecb472cb1a0f18c82e2d358f8e2128,1,1bfb290d7273a442c874dbe74b4abae6,7c67e1448b00f6e969d365cea6b010ab,2017-09-20 05:24:01,79.99,36.22
e91d77b27ccd3bac6b23a34a44ae3db1,1,fff6177642830a9a94a0f2cba5e476d1,7a67c85e85bb2ce8582c35f2203ad736,2017-09-11 11:45:17,109.99,17.02
e929082d2d58e7c69ca9d06715ef551f,1,11dcc970f7a5581e1bf777b6da3f7096,06579cb253ecd5a3a12a9e6eb6bf8f47,2017-09-27 16:56:07,68.9,18.0
e9376d90b28f9cdea83d4d850e4bb1a7,1,391a014a66920fa0ce468319264e0232,ce27a3cc3c8cc1ea79d11e561e9bebb6,2017-09-11 15:15:30,129.9,9.72
e9483453c3f193f0b632a569b103bbbf,1,811f973313e8219988a69cc140c447f0,dd2bdf855a9172734fbc3744021ae9b9,2017-09-26 14:55:24,99.9,19.94
e9483453c3f193f0b632a569b103bbbf,2,811f973313e8219988a69cc140c447f0,dd2bdf855a9172734fbc3744021ae9b9,2017-09-26 14:55:24,99.9,19.94
e95634044d70b26eef37fbe32fc3ea9c,1,dbe30cd7571498ff45963ea671014c6a,17ca9b9e9b9ef8fdb529001b49ebb50f,2017-09-20 14:05:59,29.97,16.79
e989ba2c566a8bba506c12084cf211f1,1,2e06288cce0a0fdfeb537263dd3b3f3f,42bde9fef835393bb8a8849cb6b7f245,2017-09-29 17:10:21,544.0,22.05
e99ad24ae882053c1748c15ce2fdb0d7,1,154e7e31ebfa092203795c972e5804a6,cc419e0650a3c5ba77189a1882b7556a,2017-09-19 02:34:04,23.99,15.79
e9a203017644039168e4c5b62e6ec9c8,1,9290dcd745e8dcacde07c289f4af71c4,004c9cd9d87a3c30c522c48c4fc07416,2017-10-04 06:35:20,89.99,12.97
e9b735c3e357b0f402a642f5f20365df,1,d61d270aa0862b38a2eb6cb38c05f60d,cd68562d3f44870c08922d380acae552,2017-09-21 18:35:22,229.0,17.36
e9cdba9b8112d2c4cd5cd65431742977,1,c6336fa91fbd87c359e44f5dca5a90ed,4c2b230173bb36f9b240f2b8ac11786e,2017-09-20 17:05:38,45.9,8.72
e9d2ee85d4e02fd80bd039f3eb4d549d,1,ed6d2fe9a24cfdfd0f4c40094db5145b,83e197e95a1bbabc8c75e883ed016c47,2017-09-18 21:55:13,122.5,17.11
e9fd172d2d2a77f5c09321b9c69e223e,1,6e1b14d3cbb5fb3a2c00351007127dfd,7a67c85e85bb2ce8582c35f2203ad736,2017-09-19 08:55:20,239.99,22.17
ea1ac32e51a066d17b2ae8647eac38a8,1,9545d45c37449ccbc376de3a04c66e71,431af27f296bc6519d890aa5a05fdb11,2017-09-12 20:23:55,119.9,13.86
ea3f7480344322038931bca4a6e6f858,1,869335bdf5f8389362b55e97c83ea1ef,b499c00f28f4b7069ff6550af8c1348a,2017-10-04 03:05:23,99.99,25.54
ea497a8fb762e77015ca8d85236d6e47,1,9e10ae46a3021a02f1692448ef9fa1db,8b28d096634035667e8263d57ba3368c,2017-10-02 04:04:44,37.9,11.85
ea70e5a90428412625a4e4167b83a370,1,86da2c247cca57fe5928cc175e2a65e3,b2ba3715d723d245138f291a6fe42594,2017-10-02 14:14:16,104.9,21.57
ea8d1e7bfa0a8f264082703401aafe11,1,11dc4053871ff53ff79fb1fc7e6b160f,b1ac6ea7895bc3dd6f0f6f4abbdd2821,2017-09-18 17:50:22,99.0,19.93
ea95fbd737e51563fea85200471ce4d6,1,46b173c179c7e6904a5728959bee5b3a,7299e27ed73d2ad986de7f7c77d919fa,2017-09-25 03:33:14,160.0,16.88
ea9b010cf2c27393c24c5e0b8a9c07d2,1,a5cd90e0939b756beb465c31ec689e58,e0a366315b1b726b6c7832d664c0f530,2017-09-08 12:45:15,279.9,22.45
eab0944c40c304c769e5c24309caa8cc,1,4dddd45aa241530edb5412e8846361fa,093805f8f2aeb63881444571e1f48f30,2017-10-02 23:35:17,39.9,8.72
eadbc9a7655e5554ca49399874f7e2fe,1,5e34d2963378695699827b6e629392b4,38e679b9e0064cd94c6f035707344dae,2017-10-02 03:56:14,79.27,16.99
eae2128fd4c171cf698f967f1e7fbd16,1,1ec486885049bbb9b79351d150ed18c4,cab85505710c7cb9b720bceb52b01cee,2017-10-05 02:31:08,49.9,15.1
eae3ed41188ee048187bd4841ae52b9c,1,283dc451ad3918badb976d56ff887289,da8622b14eb17ae2831f4ac5b9dab84a,2017-09-19 12:10:19,89.9,17.88
eaf817b1e9460ea656747c70aa8d9c6b,1,f26687a556d96d5ba708b2ae3db5fbed,d4e4b5192cba4e0e66eb12a9d347239d,2017-09-19 18:15:10,54.9,17.66
eafbef87f34e01cecad90ee40d94050d,1,8650c4bacaf0a2cd9ce38bd72004c276,8444e55c1f13cd5c179851e5ca5ebd00,2017-10-03 14:10:25,55.23,13.41
eb1a3c0954dacb5159740856bd53a3ec,1,4fb651ace30be388c0e95f48f3308e5a,44073f8b7e41514de3b7815dd0237f4f,2017-10-04 14:28:18,139.9,16.42
eb2783fdb369d57e19ea74d5247c0816,1,61937887eb6ee0b405a5759756426486,bba3293d6f5d5af2f415e004e8b93ae3,2017-09-15 19:10:12,790.0,14.34
eb3453fe7cce2e88a56d3621c7cc2d7d,1,80dfe643d04536672f84431155e07728,ef506c96320abeedfb894c34db06f478,2017-09-08 14:55:20,16.99,14.1
eb3496e5ea096b0366a2e552fd7ab470,1,06c6e01186af8b98ee1fc9e01f9471e9,fc906263ca5083d09dce42fe02247800,2017-09-14 12:05:33,29.9,25.63
eb35db98d775865c0bb75c8cd18101fb,1,3a05a947f28cf46d789adedc107d7595,87142160b41353c4e5fca2360caf6f92,2017-10-02 04:32:38,119.9,15.04
eb7333448f495b554d301e38d3da9608,1,b2572a992f6ea1d1a7eb518d54e64620,6edacfd9f9074789dad6d62ba7950b9c,2017-09-27 22:45:30,113.9,17.05
eb7469eb92114d9ad0fec862b33ed95d,1,8b3340da906941fd51ccdbf7b0e77d07,6a8b085f816a1f75f92dbac6eb545f8f,2017-09-26 19:35:20,16.9,11.85
eb7469eb92114d9ad0fec862b33ed95d,2,8b3340da906941fd51ccdbf7b0e77d07,6a8b085f816a1f75f92dbac6eb545f8f,2017-09-26 19:35:20,16.9,11.85
eb79e3366c1e8ef5a331f96b5c73995f,1,53759a2ecddad2bb87a079a1f1519f73,1f50f920176fa81dab994f9023523100,2017-09-13 02:55:33,59.9,17.67
eb79e3366c1e8ef5a331f96b5c73995f,2,53759a2ecddad2bb87a079a1f1519f73,1f50f920176fa81dab994f9023523100,2017-09-13 02:55:33,59.9,17.67
eb7a14bc7848b286eec69794221438a8,1,2be42830d259637be25f3290e0495f5d,855668e0971d4dfd7bef1b6a4133b41b,2017-09-19 20:06:08,250.0,15.95
eb7ac481803eb5bc5b7cfe431a03d39a,1,2136c70bbe723d338fab53da3c03e6dc,6560211a19b47992c3666cc44a7e94c0,2017-09-19 21:55:11,29.0,7.78
ebb5116440ccdfdc111d58849b096401,1,1034b97aafcca692c8a2157f58f5b637,cca3071e3e9bb7d12640c9fbe2301306,2017-09-21 00:55:10,52.11,11.86
ebb5affa057893d369c438b0eee8e2b0,1,de17feec1983829fec4bc58cadaa43f3,835f0f7810c76831d6c7d24c7a646d4d,2017-09-08 13:10:16,69.9,11.73
ebb9db2cf338e9643c0335094dcd0299,1,8e26479962cb257aba82c608c10469e5,1ca7077d890b907f89be8c954a02686a,2017-10-04 21:25:05,45.0,15.1
ebdaf57f968f138db2203c944dafd49a,1,6c3effec7c8ddba466d4f03f982c7aa3,37515688008a7a40ac93e3b2e4ab203f,2017-09-19 03:36:05,19.9,15.1
ebdfc2a2bfba1c888ea6011aec355151,1,c2ece64199af7a53793ed9612a89a8cd,6c7d50c24b3ccd2fd83b44d8bb34e073,2017-09-15 14:35:09,75.0,28.99
ebdfc2a2bfba1c888ea6011aec355151,2,5bfc7506459ae2a7b4b573fe557a58e1,4a3ca9315b744ce9f8e9374361493884,2017-09-15 14:35:09,69.9,8.28
ebe034eebbc469b11fd6836b190dc42a,1,a87229f9d53610c8fa59579c82e1da8f,b499c00f28f4b7069ff6550af8c1348a,2017-09-25 11:15:19,24.99,11.85
ebe034eebbc469b11fd6836b190dc42a,2,a87229f9d53610c8fa59579c82e1da8f,b499c00f28f4b7069ff6550af8c1348a,2017-09-25 11:15:19,24.99,11.85
ebf2e7e7b736b66853e7a984a54cd3dc,1,e3263eb093d88b95abce97fe0c864421,f7720c4fa8e3aba4546301ab80ea1f1b,2017-09-28 10:45:42,29.1,17.92
ec0731e8ffcfd31006b6653b5c0fe392,1,8bd66662b25462ac84d850fbb7e71f43,59b22a78efb79a4797979612b885db36,2017-09-13 18:05:14,1099.0,26.55
ec0fa04fd1dffd9f00f92312214d7eac,1,54e5939fcd9ae70ad0f59f612d6d29bd,48436dade18ac8b2bce089ec2a041202,2017-09-28 02:30:39,42.9,16.11
ec108f8c96f1037449cfb5e118d9a008,1,cc158c284564106f4b668ae02389e2c3,ef506c96320abeedfb894c34db06f478,2017-09-14 18:30:38,21.99,17.63
ec13417c22246237142725ec35601c99,1,20992273fc264d0a559e37c346090fe6,ec8879960bd2221d5c32f8e12f7da711,2017-10-04 13:49:15,34.9,9.34
ec16a756476054ae786f87878df0e047,1,431d674f9a4fbd0957ecf6ba3fcb6899,53243585a1d6dc2643021fd1853d8905,2017-10-05 09:23:48,299.99,19.38
ec1d59af701d0a11971efcbfaad002e8,1,07c055536ebf10dfbb6c6db6dbfc36e5,cca3071e3e9bb7d12640c9fbe2301306,2017-09-26 21:15:28,45.9,16.11
ec1ecce6ed2f4a351a045a8de255e3af,1,35afc973633aaeb6b877ff57b2793310,4a3ca9315b744ce9f8e9374361493884,2017-09-21 10:10:20,89.9,14.95
ec1ecce6ed2f4a351a045a8de255e3af,2,99a4788cb24856965c36a24e339b6058,4a3ca9315b744ce9f8e9374361493884,2017-09-21 10:10:20,89.9,14.96
ec24ea9acb22b2520d36d72a75eab525,1,2028bf1b01cafb2d2b1901fca4083222,cc419e0650a3c5ba77189a1882b7556a,2017-10-09 22:56:40,56.99,14.15
ec29c5db787234b1b76acd71b82224e1,1,dc404a1496a08f9f5540c8b5d4b92925,46dc3b2cc0980fb8ec44634e21d2718e,2017-09-08 13:50:13,319.0,18.54
ec3883b4ed5e5fc1913ad14630cfd4e9,1,3410cbd7df2130ec3cb9300ef0fe3df1,165fc07beebdcb6190fba8a06db2a449,2017-09-15 17:50:20,59.0,16.17
ec3883b4ed5e5fc1913ad14630cfd4e9,2,3410cbd7df2130ec3cb9300ef0fe3df1,165fc07beebdcb6190fba8a06db2a449,2017-09-15 17:50:20,59.0,16.17
ec38e40a750810e337a528576f0090e7,1,555b27dfb2ed94d001c28e5624dd6961,004c9cd9d87a3c30c522c48c4fc07416,2017-09-18 17:50:36,82.99,19.82
ec5542a8bc5944e2401ce66b372fcffa,1,3ac29f1f25166dcc60b97e65d9a5885c,440dd6ab244315c632130ecfb63827b1,2017-09-27 12:55:15,139.9,27.52
ec68d155d466ea0d763c7ae6b1f7b360,1,a7bcee285291a97650b40fa9fa888e4e,4d6d651bd7684af3fffabd5f08d12e5a,2017-09-26 00:46:24,59.9,11.92
ec9f9865708006552e26ff7a0e56738b,1,a096400f2b6fbe9c868f7dd5f1333e5a,cbd996ad3c1b7dc71fd0e5f5df9087e2,2017-10-02 14:42:11,43.2,15.1
ec9f9865708006552e26ff7a0e56738b,2,a096400f2b6fbe9c868f7dd5f1333e5a,cbd996ad3c1b7dc71fd0e5f5df9087e2,2017-10-02 14:42:11,43.2,15.1
ecac9efb8edbf004c521a0cc86b0a167,1,8a34e97a5098e93f13e0573591fcab5e,21e83881401b92b49fb09a16d3852291,2017-10-10 06:35:24,189.9,18.95
ecc7087acdf5c36b3e115a2638bcfb92,1,2b4609f8948be18874494203496bc318,cc419e0650a3c5ba77189a1882b7556a,2017-09-20 17:30:11,89.99,14.38
ecddcda2888ce6554c6202c651d73838,1,278fad1b533c93f58f93856792a87078,3a734b715d333a2588a3d54a0c9b8746,2017-10-04 12:49:22,39.0,15.11
ece3ab91bd67ba73563dd0468fc3bde2,1,20f160a9cf2e856ee5eba259e9ae33f9,8444e55c1f13cd5c179851e5ca5ebd00,2017-09-15 16:45:36,207.5,36.77
eceb81b6addc38540d1ba8e218c0c896,1,30ccf4724f5227265f837e9ba0246278,dbc22125167c298ef99da25668e1011f,2017-09-20 23:15:25,85.4,19.84
ed0094f95927e35ebb97a275ed02d046,1,fa1016994ec2803636ffb1018e33cf5b,a6fe7de3d16f6149ffe280349a8535a0,2017-09-26 00:46:45,59.9,11.92
ed0b6f8c8617370e53735a5d963bb5b6,1,1269d60fc5efbcf03e7eea49213091c6,4200ddf1967c5e41e48db62bc6d4b5ac,2017-09-22 19:05:23,16.9,5.18
ed0b6f8c8617370e53735a5d963bb5b6,2,55363f487ca324087a49ddfcfb91b971,4200ddf1967c5e41e48db62bc6d4b5ac,2017-09-22 19:05:23,16.9,5.19
ed0b6f8c8617370e53735a5d963bb5b6,3,7b49e585ac8c80b14c9b2815d4db465f,4200ddf1967c5e41e48db62bc6d4b5ac,2017-09-22 19:05:23,16.9,10.38
ed0b6f8c8617370e53735a5d963bb5b6,4,7b49e585ac8c80b14c9b2815d4db465f,4200ddf1967c5e41e48db62bc6d4b5ac,2017-09-22 19:05:23,16.9,10.38
ed13c5b7c83748412c1331493e28e36e,1,dc8128d60372ee4869b22114e3bc4957,fc906263ca5083d09dce42fe02247800,2017-09-26 02:35:12,39.9,14.1
ed1ebc0780061795a30c800423075f78,1,d017a2151d543a9885604dc62a3d9dcc,6560211a19b47992c3666cc44a7e94c0,2017-10-02 23:04:30,49.0,17.63
ed3b18e876bbc16bfe330cd934aa0f68,1,491067a4bc3ca4303e9fba74d629412c,5075aaa8404020ae6aa8bf4792099b41,2017-09-19 20:23:37,49.99,19.21
ed4ccc558360a6e5cd53d123b4d4b7eb,1,4cc8bfa581f41841ce5e24aba773a44a,1835b56ce799e6a4dc4eddc053f04066,2017-09-19 12:45:42,56.99,15.15
ed510933339bd7b6d8e16d6c83026998,1,cec09725da5ed01471d9a505e7389d37,4d6d651bd7684af3fffabd5f08d12e5a,2017-09-08 08:15:21,69.9,16.12
ed5495fbd35104360dbf954d7fece421,1,d12736e1616a8837c8e9d945a60608bc,a3a38f4affed601eb87a97788c949667,2017-10-04 23:14:19,69.9,19.73
ed58aa22f4aad849189015b374336629,1,15cd17d090c2d99322fbbe56d7571fb6,066a6914e1ebf3ea95a216c73a986b91,2017-09-08 17:45:55,89.99,18.2
ed58e77f9c5a53fc829b4baee5a51176,1,ee918a5c4e95f273708c2582a5314325,7e93a43ef30c4f03f38b393420bc753a,2017-09-08 16:45:13,589.99,18.88
ed6b3b6afee46b97b6fbd13ce3856908,1,d55f7acfb1c10beb91b70cddfce29e3e,ca3bd7cd9f149df75950150d010fe4a2,2017-09-22 16:04:44,169.0,43.38
ed71db1a67b318e8a56778f4f380e267,1,c6336fa91fbd87c359e44f5dca5a90ed,4c2b230173bb36f9b240f2b8ac11786e,2017-10-04 23:56:07,45.9,15.1
ed8ac79c99c0289b3ed850eb54ddd2bf,1,4372c58b785f6a6e66899e62099b6ef2,f45122a9ab94eb4f3f8953578bc0c560,2017-09-15 01:55:06,89.99,10.04
ed8e14b139eb5a477f7e330eff821103,1,015e652da4f31f2f7a051a6de66094c0,dc4a0fc896dc34b0d5bfec8438291c80,2017-09-21 02:24:44,74.9,12.86
eda1c58c902319868f5053e8fda15c2e,1,a6b56b20f93907299eef6ea711338269,729f06993dac8e860d4f02d7088ca48a,2017-09-15 11:50:44,144.9,9.0
eda1c58c902319868f5053e8fda15c2e,2,3bbacbe586e957acbf26c63b3ed532a3,729f06993dac8e860d4f02d7088ca48a,2017-09-15 11:50:44,144.9,9.0
edde00d72b1354fd951171a2c702f5ae,1,f861a4d17125be291c6996bb79ff59b2,1ce3ae5a399804d1a87e706f8a813c3e,2017-09-21 03:05:48,28.9,18.27
edde00d72b1354fd951171a2c702f5ae,2,9b65ba680d68ae7e44234b79cb7ca584,86ccac0b835037332a596a33b6949ee1,2017-09-21 03:05:48,33.99,16.44
ede9991379672ca99196a7e9363e984c,1,0c3cd8d63839bed6f80aca6388766417,86ccac0b835037332a596a33b6949ee1,2017-09-14 22:35:21,29.99,26.89
edee5e7cf341c4b22a2cf863e94670b2,1,f2260011ffd0ed4238e48fc8dc2319de,f9244d45189d3a3605499abddeade7d5,2017-10-05 08:35:20,999.99,79.72
edfb04977a2d0a919e5c3bd40e053440,1,e6b6e13cf71449a457269f425b89dc74,b2ba3715d723d245138f291a6fe42594,2017-10-02 10:35:19,98.9,12.19
ee0ceef4f6b0b57613eedaf1568bff02,1,b7514da5a1afd83af30e0a524b561d3a,5a8e7d5003a1f221f9e1d6e411de7c23,2017-09-28 11:55:23,59.9,9.74
ee0ceef4f6b0b57613eedaf1568bff02,2,b7514da5a1afd83af30e0a524b561d3a,5a8e7d5003a1f221f9e1d6e411de7c23,2017-09-28 11:55:23,59.9,9.74
ee0ceef4f6b0b57613eedaf1568bff02,3,b7514da5a1afd83af30e0a524b561d3a,5a8e7d5003a1f221f9e1d6e411de7c23,2017-09-28 11:55:23,59.9,9.74
ee116eb6355020a3addabb2a821ec818,1,664e36c9f1780f33973e063ae2cdcc66,dd7ddc04e1b6c2c614352b383efe2d36,2017-09-08 12:45:16,29.9,20.75
ee1e5461125181b29a98058b3e16d26a,1,4372c58b785f6a6e66899e62099b6ef2,f45122a9ab94eb4f3f8953578bc0c560,2017-09-18 04:45:43,89.99,35.95
ee21a244d02c03d23adaa14fe3049b88,1,26a4f62a409a78816adb31e0d729a163,b45d7ebfb7378630f1bcd74b6ff86ff7,2017-10-13 15:35:15,299.9,22.01
ee379f722c4341641c16be92f2175437,1,f97a136cf6e5f5d9333b513afc8b153e,1900267e848ceeba8fa32d80c1a5f5a8,2017-09-28 02:25:34,32.99,11.85
ee5c259515ecb317e1e70dc9e84fdab4,1,540a93038cc8b4c42ef0821b2cf067d3,17ca9b9e9b9ef8fdb529001b49ebb50f,2017-09-12 04:30:13,49.97,16.11
ee72cc3828a08dc0672d88d212db3452,1,635fc0b4d628df01648c6b2624a04b46,43753b27d77860f1654aa72e251a7878,2017-09-15 07:06:03,23.9,42.38
ee7ea70b0b47cb7cd9db025c348510ad,1,097d5a4bed2be012b4e46e6f5ae0694b,17eea220a40cc0d2c0c5346379682398,2017-09-21 18:35:16,358.99,23.31
ee7f3ec19dc1fa90d0ee6316dffbfab9,1,d8707dd860f966067547d4cff53496f8,31da954dc0855f2495c6310f70a2f931,2017-09-27 22:46:53,47.0,11.85
ee8725c782f35716fe7a9e445bbf0a78,1,f25bbb88c1a219c21b1af6b99895b960,aaed1309374718fdd995ee4c58c9dfcd,2017-09-18 04:46:05,65.9,27.0
ee876df28481f4593364685acad97f87,1,57e089e3103f5cda6a4ce23b77399bdb,aafe36600ce604f205b86b5084d3d767,2017-09-15 17:15:16,59.9,13.57
ee8901b336ba6d83efea88efc3aeca49,1,08574b074924071f4e201e151b152b4e,001cca7ae9ae17fb1caed9dfb1094831,2017-10-02 13:35:22,99.0,33.08
ee8f5d7599c575d8f8eb1a2ea7d66686,1,82c3ea364e5480f335f6743ee725a921,70a12e78e608ac31179aea7f8422044b,2017-09-13 08:50:21,25.0,15.1
ee9df944ee0ef8a7fdfdce6eb400a5f7,1,0b349a8595d271e85a0514fe541953fd,620c87c171fb2a6dd6e8bb4dec959fc6,2017-10-04 06:07:33,89.9,12.63
eea3b82592545485f32b998f94ecc03c,1,ad7c531c2001111873dcfed9d8317439,7a67c85e85bb2ce8582c35f2203ad736,2017-09-25 03:34:55,59.99,17.67
eeb001d21f4952518b004776f88265a0,1,47b79f5ea10f53895fc25eecb71a6d03,6a8b085f816a1f75f92dbac6eb545f8f,2017-10-03 10:49:40,16.9,16.79
eed7032833c20585a8c215c9e45e6362,1,3fda13f397426103abde1f106676f0bf,b2ba3715d723d245138f291a6fe42594,2017-09-28 20:45:41,64.9,14.2
eeee28417bb0a24c511c9b96a03fb29b,1,66a0a6e02b7f543e5b021ce361f267d4,7a67c85e85bb2ce8582c35f2203ad736,2017-09-13 23:30:18,119.99,12.04
eef06779a3b6d4c50bb9dd92796a9782,1,97170c28efde1b426f1c52348fe1c086,6560211a19b47992c3666cc44a7e94c0,2017-09-14 08:24:26,129.0,8.16
ef02392a4753ae9d3777f16b5feca9c7,1,72d68b642dd7c1a360b571d247989e25,16090f2ca825584b5a147ab24aa30c86,2017-09-19 03:36:19,295.49,16.82
ef041ca26484a13a31e77758edcf34c5,1,7775d718fa8dfebe8015e6e5ee3dc5be,c24173065483e421f9e5e7f599de101d,2017-10-04 08:07:12,45.99,16.92
ef1003827eb818ccc2c41557e21b2aec,1,dcf00c265f631025da14f1a5850bacb7,ffdd9f82b9a447f6f8d4b91554cc7dd3,2017-09-25 04:06:14,69.6,15.25
ef137e631f460658afb0d315771fad30,1,8c292ca193d326152e335d77176746f0,7e1fb0a3ebfb01ffb3a7dae98bf3238d,2017-09-24 23:30:13,169.0,34.98
ef160b1ef2464ef2521274c790ee0cef,1,62c89abe1afe3a23c17765d462718a4c,fe2032dab1a61af8794248c8196565c9,2017-09-22 15:31:05,259.0,14.97
ef160b1ef2464ef2521274c790ee0cef,2,e7f79c79a485447b88964a9d0b86fe45,3c7c4a49ec3c6550809089c6a2ca9370,2017-09-22 15:31:05,105.0,3.65
ef29d8249c4f5670c259bda87461e3e4,1,41fe836a60674d3d25645e3698651f6b,eeb6de78f79159600292e314a77cbd18,2017-09-20 19:04:52,209.0,18.71
ef3f0f39681fd089fef832371fe8ef35,1,b6a1a729d84991c54d232ed0fb0b8deb,04aa0a1c5ce6b222003403a3e11c3cc0,2017-09-27 22:30:12,338.0,35.73
ef4927f51923ddcf7b75fb84f51126b7,1,57f2bc497c1a3ebe41ba7a06d78ed159,6560211a19b47992c3666cc44a7e94c0,2017-09-17 23:43:23,55.0,7.78
ef79852572532629bfd78b06d07055c5,1,7c1bd920dbdf22470b68bde975dd3ccf,cc419e0650a3c5ba77189a1882b7556a,2017-09-29 19:50:15,58.99,24.96
ef7a5dc729f1b870d114de326d4ab611,1,cb5f0bd874f7d1ffc270139294225462,95e03ca3d4146e4011985981aeb959b9,2017-10-11 13:28:11,79.9,14.31
ef82fc4c2d59e67b942de26791b617c9,1,cdeefdce9704b2a961a01e89b1f19e7b,34d1ca11b242c0fee2c834ae8d788566,2017-09-28 06:25:06,240.35,17.44
ef9f995bbc827989f4c21bb6fcf93f77,1,ed22e5834e262559c99d7b0975e1032e,520b493b57809f446cb0a233bb3e25c7,2017-10-05 20:07:19,29.0,16.11
ef9f995bbc827989f4c21bb6fcf93f77,2,828c579b949972bdea5cf2203faf4563,520b493b57809f446cb0a233bb3e25c7,2017-10-05 20:07:19,29.0,16.11
eff124e4c7161cdbc3ecd912e716715e,1,2083a6feb4bbb31f6abc92fc24e468c0,cc419e0650a3c5ba77189a1882b7556a,2017-10-08 21:07:10,7.0,7.78
effafe41a13010ada8a0e7a8f1412a30,1,f11d6bc6c73bf0326ae129cb88ca04c4,cd68562d3f44870c08922d380acae552,2017-10-03 20:49:21,90.0,15.38
effbd7f83c0f10ef73b5704c87b1d168,1,f788dd44fc883f0664693a6dea50437f,3d871de0142ce09b7081e2b9d1733cb1,2017-09-20 02:43:56,39.0,16.11
f01059d0d674e1282df4e8fbbe015aa2,1,c7dc39bcc7f9bf8a9b253b8727a0cde5,7299e27ed73d2ad986de7f7c77d919fa,2017-09-18 14:35:39,40.0,15.1
f01febc4e81a79e1db53bb8bd0be50bc,1,af62c06a5e8bc086ba8b49063306ead6,1da3aeb70d7989d1e6d9b0e887f97c23,2017-09-18 22:24:29,42.99,15.1
f027ecaf5002b6e557ccdfaedbda2ac6,1,3c242072afadf856cb9471ea7ead620d,46dc3b2cc0980fb8ec44634e21d2718e,2017-09-13 08:43:37,89.0,8.04
f03420f7fe5633764a9eed270f0cf359,1,199dfdf7a1862dbcd8ad039e48d58355,0bf0150d5b9d60d9cd2906003332f085,2017-09-27 03:40:07,95.9,20.16
f03420f7fe5633764a9eed270f0cf359,2,199dfdf7a1862dbcd8ad039e48d58355,0bf0150d5b9d60d9cd2906003332f085,2017-09-27 03:40:07,95.9,20.16
f03420f7fe5633764a9eed270f0cf359,3,199dfdf7a1862dbcd8ad039e48d58355,0bf0150d5b9d60d9cd2906003332f085,2017-09-27 03:40:07,95.9,20.16
f03883bef2ed1452c4de6bb070ab2717,1,92d9e76c3678dc402b5d1a49f1ccc7f2,004c9cd9d87a3c30c522c48c4fc07416,2017-09-22 12:24:35,117.99,16.46
f04bfdbef5359607d39e66fccc9cc0de,1,482c25dc8512547962854dfff5ac057b,48162d548f5b1b11b9d29d1e01f75a61,2017-09-19 15:25:15,217.85,129.84
f04bfdbef5359607d39e66fccc9cc0de,2,027325f946f1b3d8f94c3496e9a59a10,4a3ccda38b2129705f3fb522db62ca31,2017-09-19 15:25:15,142.9,8.66
f04bfdbef5359607d39e66fccc9cc0de,3,027325f946f1b3d8f94c3496e9a59a10,4a3ccda38b2129705f3fb522db62ca31,2017-09-19 15:25:15,142.9,8.66
f04bfdbef5359607d39e66fccc9cc0de,4,482c25dc8512547962854dfff5ac057b,48162d548f5b1b11b9d29d1e01f75a61,2017-09-19 15:25:15,217.85,129.84
f04c7589129e26f1a095e07ffc2158bf,1,7fda46e6f8996ebe3acf684cca0124c2,3b15288545f8928d3e65a8f949a28291,2017-09-21 17:10:29,99.99,17.41
f064e104da3589eb8d9fe106c866b953,1,272c04ff0de2f13b78cefa1d769593df,4c03b9dd4c11ee2cb35c96c49efc9420,2017-09-15 20:10:15,55.5,12.73
f07401e4337f90835db57d8bacabd310,1,e12f70be6bbe9361e612c973fcf15dcc,5dceca129747e92ff8ef7a997dc4f8ca,2017-09-08 10:35:11,887.0,21.84
f084543786418b1f552673e4c213632e,1,422879e10f46682990de24d770e7f83d,1f50f920176fa81dab994f9023523100,2017-09-08 01:24:50,59.9,17.67
f084543786418b1f552673e4c213632e,2,53759a2ecddad2bb87a079a1f1519f73,1f50f920176fa81dab994f9023523100,2017-09-08 01:24:50,59.9,17.67
f09126bf1e12e8ed060f26f510be949f,1,d0b746fab0f305184f317eab7547fec3,a416b6a846a11724393025641d4edd5e,2017-10-03 14:35:16,72.34,16.76
f095f540bdb49344ad5fc17cc494e88e,1,b0961721fd839e9982420e807758a2a6,1f50f920176fa81dab994f9023523100,2017-09-25 04:05:47,59.9,17.67
f095f540bdb49344ad5fc17cc494e88e,2,b0961721fd839e9982420e807758a2a6,1f50f920176fa81dab994f9023523100,2017-09-25 04:05:47,59.9,17.67
f09b9aa6920cc3061b54d2febae19ded,1,86133a2151bd98a3ed2ad758709e6d1b,f27e33c6d29b5138fa9967bcd445b6d5,2017-09-12 04:15:52,59.9,17.67
f0ac8024ca852f443c16cb778445a4e0,1,ea44caac707f7f1325182a538007f838,855668e0971d4dfd7bef1b6a4133b41b,2017-09-13 12:35:19,50.0,17.6
f0d0b94bec48f0f61bfe9ff4cfc97662,1,d1c427060a0f73f6b889a5c7c61f2ac4,a1043bafd471dff536d0c462352beb48,2017-09-18 04:45:07,159.99,40.45
f0da5a090ddf3d220d76c0cd17fb2775,1,c25174e1e4fd7fe5c3420869d61fe2a6,3d871de0142ce09b7081e2b9d1733cb1,2017-09-12 16:15:16,54.9,16.14
f0dd29734578caa3db607e173070e2a9,1,252dc1fbd22786a5305623453f8eaf8b,e9779976487b77c6d4ac45f75ec7afe9,2017-09-27 15:25:36,69.49,15.24
f0dd9af88d8ef5a8e4670fbbedaf19c4,1,0c877471e35049402bca235e06cb8063,dd7ddc04e1b6c2c614352b383efe2d36,2017-09-12 04:24:12,84.9,15.35
f0e4f948ae4bea319a1a234026b3e22b,1,38f3677364ecf032090b33915b155161,ce7d1888639e6fb06b2749cbfdac1ff7,2017-09-28 02:25:36,138.0,25.81
f0f2afc6bc6d17723eaf3a95ff93f674,1,f0f25035bed5ba1a75a678c0f9f09190,1554a68530182680ad5c8b042c3ab563,2017-10-02 18:28:18,62.9,12.48
f11629e7c6c4597bf578e1f3ba39dd78,1,4c2394abfbac7ff59ec7a420918562fa,cc419e0650a3c5ba77189a1882b7556a,2017-09-21 08:25:16,84.99,15.35
f11868435bfed696829e3e512e62ca08,1,50f1880f1989251727fbbfe8c0a346a6,7a67c85e85bb2ce8582c35f2203ad736,2017-09-20 10:36:27,129.99,12.11
f12ef7eed107de3791b1db5b8cd4852b,1,53524b8441311984f975500f1e8f1702,dd7ddc04e1b6c2c614352b383efe2d36,2017-10-02 21:28:20,29.9,11.73
f1392a30909dbd81bbe5973e40ebba37,1,2e7980421ad7946eab8a71b637955704,8e6cc767478edae941d9bd9eb778d77a,2017-09-21 20:50:15,79.9,23.43
f15da8ecf7448df2333a470d2637bffc,1,a8fe47ad6f852f93cc92c7b408687de3,aaed1309374718fdd995ee4c58c9dfcd,2017-09-18 04:44:55,72.9,35.83
f161009fa560294248d76cf02ea7443f,1,d6bd998d3d01aaf250bd790a3dab71ac,822166ed1e47908f7cfb49946d03c726,2017-09-28 04:32:37,12.49,15.1
f161009fa560294248d76cf02ea7443f,2,d6bd998d3d01aaf250bd790a3dab71ac,822166ed1e47908f7cfb49946d03c726,2017-09-28 04:32:37,12.49,15.1
f162c6cbd93bb5eebd520d6f654cf7cb,1,aaa31e14a24ce654af7f6f2061d1b7ed,272f092de69afedd4d2969440b37f18f,2017-09-19 03:36:12,39.9,21.15
f162c6cbd93bb5eebd520d6f654cf7cb,2,aaa31e14a24ce654af7f6f2061d1b7ed,272f092de69afedd4d2969440b37f18f,2017-09-19 03:36:12,39.9,21.15
f18578a9083482b2be8c3b35075568c2,1,d017a2151d543a9885604dc62a3d9dcc,6560211a19b47992c3666cc44a7e94c0,2017-09-18 21:25:42,49.0,14.1
f1860618b7674572f1f08801ab36833f,1,d6160fb7873f184099d9bc95e30376af,53243585a1d6dc2643021fd1853d8905,2017-09-14 10:25:22,1299.9,38.51
f18cb9c90909f11a7adabc63fb188f19,1,805967bd91579942b3caac4ebcc39a54,391fc6631aebcf3004804e51b40bcf1e,2017-09-28 11:05:42,49.95,15.1
f1a325f15bbf16509adf17167330a905,1,57fb124210d7dd98867b5b798c668eca,76d64c4aca3a7baf218bf93ef7fa768d,2017-09-28 15:15:14,329.9,67.4
f1beb4a73d643e796b824e6f680528f9,1,bf2ce842e3094204d338854ad96ba5ae,4a3ccda38b2129705f3fb522db62ca31,2017-09-22 13:35:13,436.9,16.08
f1e419ef48040a2bfda456af0e345ad6,1,596faa581e9b1ca7d28a1c0777a8423b,46dc3b2cc0980fb8ec44634e21d2718e,2017-09-21 19:04:06,99.99,12.7
f20149c97a729f673c9dfdcb181f8b97,1,29427de7f8a9ee983d9dbc51cec569b4,7a67c85e85bb2ce8582c35f2203ad736,2017-09-21 02:50:26,99.99,17.95
f205c6826655efc71379acaa53d3b83b,1,1fafb4fdc8f7b3d202cb39f1218934e7,6bcb2352a2a0c38b845f598298ab9d26,2017-10-06 01:07:07,15.9,12.48
f2096a3d2bb2743b500f6e6711cbf438,1,6336e61e06e1a49c55f632beab8217f2,17a053fcb14bd219540cbde0df490be0,2017-09-12 16:15:19,205.9,74.16
f211ae6ccda8a2087cb211dfb3226331,1,7fab1a1472fdd934397068931f63f3ca,3d871de0142ce09b7081e2b9d1733cb1,2017-09-15 19:23:25,69.9,16.25
f2120851611e040d268c3be41ac51228,1,aa280035c50ba62c746480a59045eec4,fa40cc5b934574b62717c68f3d678b6d,2017-09-20 19:44:16,39.9,7.78
f23155f5fa9b826631c5b8e038b38393,1,052b8660ee8a9ee18815d9b276694a10,74c7dec0a384d8a05950e629bd23bde9,2017-09-27 02:45:30,19.99,15.1
f232d1da0838df24b1d767072fb6ad31,1,3ce7358fb633d033a700464c6a82e0bb,edf96ef93ed595084bbcbd9224bd2894,2017-09-21 12:25:14,199.0,18.13
f25089f2ef76f59d6eeda680cebb8b01,1,cd5f3705d31440675796beb0ee641fa8,46dc3b2cc0980fb8ec44634e21d2718e,2017-10-03 09:07:25,194.99,10.38
f26be57b128ad749636740a15bf6752c,1,99f8a7e47970133c14b3d79c27d921c8,718539d38d07dd351c76db862760e2e2,2017-09-18 10:24:26,32.64,16.6
f26be57b128ad749636740a15bf6752c,2,45cfee87da128a8f939226bedd92a72d,718539d38d07dd351c76db862760e2e2,2017-09-18 10:24:26,32.64,16.6
f2774b2721b0f7d1a617a955bafdc9a8,1,6413f7a28e149a324c4a914000399fb2,7a67c85e85bb2ce8582c35f2203ad736,2017-09-28 16:04:25,149.99,17.3
f28b59f3a9d27b5a7ea86d0ede1b99d0,1,54e5939fcd9ae70ad0f59f612d6d29bd,48436dade18ac8b2bce089ec2a041202,2017-10-03 12:49:47,42.9,13.23
f29044e048ba222cad4d3d69dc591186,1,b68cf84ede4fd1e14b1740de5b727d55,13fa2a6c6b9d0f43cb588d7c82117a12,2017-10-03 06:33:43,459.0,14.42
f29044e048ba222cad4d3d69dc591186,2,b68cf84ede4fd1e14b1740de5b727d55,13fa2a6c6b9d0f43cb588d7c82117a12,2017-10-03 06:33:43,459.0,14.42
f2b609cb8300d9cf7f2731582909bd61,1,de4fb1ddae276a3503afed39c8227cff,1da3aeb70d7989d1e6d9b0e887f97c23,2017-09-26 16:45:32,149.99,16.75
f2d850d01efdfbf69fb172441527d824,1,5b226d7c52f86ac72457617f78cff95d,1835b56ce799e6a4dc4eddc053f04066,2017-09-25 21:30:18,56.99,16.16
f2d850d01efdfbf69fb172441527d824,2,5b226d7c52f86ac72457617f78cff95d,1835b56ce799e6a4dc4eddc053f04066,2017-09-25 21:30:18,56.99,16.16
f2db192253fbe0e938681e583c8e99e4,1,2701fc4808fcb783d1347510b8b16698,7f02656561b680def9986c0795a8a080,2017-09-29 11:27:36,42.0,15.98
f2fd76c4a6a18c5be5d960963e114737,1,e60e632d39df1e129df5b7f0245716f7,855668e0971d4dfd7bef1b6a4133b41b,2017-09-22 10:55:41,75.0,11.73
f30e8dff78289bedf547826b43376e36,1,ee3cfb33869693f2a7e8417c795d8cfc,0c7533c71df861ec58ad7ff999ed0e8d,2017-09-27 13:30:33,35.9,7.78
f325e51d89497ec9679f6419ab7a3c13,1,b0961721fd839e9982420e807758a2a6,1f50f920176fa81dab994f9023523100,2017-09-13 23:45:14,59.9,13.44
f32ab6433a3b9bedad85ce3730b861e3,1,c1b908d9b4d79147d9ce5f0289745353,31da954dc0855f2495c6310f70a2f931,2017-09-29 12:35:19,59.0,8.11
f32c4d2b078bc5a354f4c1184522b5ff,1,0f789be671fe3bd93cabfbb4a710f282,259f7b5e6e482c230e5bfaa670b6bb8f,2017-09-22 13:15:08,29.9,9.34
f37a7291679f74e07ce56bd863b9d6f7,1,9e4a852f41aff52bafff133d9deb5eee,3d871de0142ce09b7081e2b9d1733cb1,2017-09-27 15:25:38,99.0,13.71
f3946e7bb785f6ad1f6747355f2f0707,1,f25bbb88c1a219c21b1af6b99895b960,aaed1309374718fdd995ee4c58c9dfcd,2017-09-21 02:10:39,65.9,16.22
f399b1b1cbfba9dbe26183ac60e6eae8,1,b5e13c9a353102f79c6206ff5cb61a50,a49928bcdf77c55c6d6e05e09a9b4ca5,2017-10-02 10:14:12,79.9,17.81
f3b7643e42ed973c3f506f7ba18a6723,1,8dcd68068a61eed3028761a74238dd1e,822166ed1e47908f7cfb49946d03c726,2017-09-14 17:04:32,59.99,14.01
f3bd213a969549dd53ed48872f4bb69d,1,b8d682ed9fe73be0d13a38e716573f79,7299e27ed73d2ad986de7f7c77d919fa,2017-10-02 03:49:17,500.0,20.75
f3cdcfb1e284df216c693101dfd1f864,1,ca9f737e072e224e365c503a128293cd,5a8e7d5003a1f221f9e1d6e411de7c23,2017-09-13 21:55:25,59.9,16.18
f3d17c77cd1914628822564052e6ca02,1,7c1bd920dbdf22470b68bde975dd3ccf,cc419e0650a3c5ba77189a1882b7556a,2017-10-04 18:35:16,58.99,11.73
f3e92f44e615fe19fd17a8c517224040,1,d70c831282615555625658baeb52eaa6,0ea22c1cfbdc755f86b9b54b39c16043,2017-09-15 16:25:26,34.9,16.79
f3f075558b483bc41012c816ef977100,1,74e901ea4caa0b0488e8350431c558e9,855668e0971d4dfd7bef1b6a4133b41b,2017-09-15 12:05:29,290.0,15.63
f4137fa658be7e7bbc2e17e4da6806bc,1,81288df52439985f610be64465e53f57,54a1852d1b8f10312c55e906355666ee,2017-09-15 18:45:17,119.0,17.08
f417219cc64e796bb6bcd1a41d3fe308,1,9e10ae46a3021a02f1692448ef9fa1db,94144541854e298c2d976cb893b81343,2017-09-12 21:10:15,39.9,15.79
f418966cc0628d3b0e54c9c61ebd32f8,1,09f3400d8c8a707c448a94f977f81968,1f867308a0ce13133a4e639ff4de0c02,2017-10-02 03:24:34,7.18,14.1
f418966cc0628d3b0e54c9c61ebd32f8,2,09f3400d8c8a707c448a94f977f81968,1f867308a0ce13133a4e639ff4de0c02,2017-10-02 03:24:34,7.18,14.1
f418966cc0628d3b0e54c9c61ebd32f8,3,09f3400d8c8a707c448a94f977f81968,1f867308a0ce13133a4e639ff4de0c02,2017-10-02 03:24:34,7.18,14.1
f418966cc0628d3b0e54c9c61ebd32f8,4,09f3400d8c8a707c448a94f977f81968,1f867308a0ce13133a4e639ff4de0c02,2017-10-02 03:24:34,7.18,14.1
f41b642bbc6b114869453f29da96d041,1,746c36df2702006bac777bbb9bf8a0a5,cb3dd9ce66268c7a3ca7241ac70ab58c,2017-09-19 05:15:19,58.9,17.98
f431c479d2300988a101976210bc2ef7,1,53759a2ecddad2bb87a079a1f1519f73,1f50f920176fa81dab994f9023523100,2017-09-28 15:10:27,59.9,37.97
f459d85f58bc7103cc87a3659e6e3591,1,930987da9df8e7d52d8072b5d7de5f6b,1127b7f2594683f2510f1c2c834a486b,2017-09-07 21:15:06,32.83,9.09
f4660b7c97cbe88dc80816c67548c5ee,1,eab1309765ca0c3ba5c2ae2b85b28b00,c3cfdc648177fdbbbb35635a37472c53,2017-09-27 16:55:18,199.99,17.88
f4660b7c97cbe88dc80816c67548c5ee,2,eab1309765ca0c3ba5c2ae2b85b28b00,c3cfdc648177fdbbbb35635a37472c53,2017-09-27 16:55:18,199.99,17.88
f47e4063d6bc1a7b8ae44e93faa70fc1,1,580ac70ff46f836dcc769fa584f85273,6c177e38df6d3f34182b1f1d427231bf,2017-09-13 18:50:25,129.0,16.34
f49051d4b155a83c8d939a1c6a850689,1,7248b99ff380f23a1094ff737a1112fb,1900267e848ceeba8fa32d80c1a5f5a8,2017-09-14 04:55:12,104.99,14.06
f49051d4b155a83c8d939a1c6a850689,2,829b1d3da6a5e54d51055338281a5dfe,1900267e848ceeba8fa32d80c1a5f5a8,2017-09-14 04:55:12,88.99,9.38
f49051d4b155a83c8d939a1c6a850689,3,829b1d3da6a5e54d51055338281a5dfe,1900267e848ceeba8fa32d80c1a5f5a8,2017-09-14 04:55:12,88.99,9.38
f49051d4b155a83c8d939a1c6a850689,4,7248b99ff380f23a1094ff737a1112fb,1900267e848ceeba8fa32d80c1a5f5a8,2017-09-14 04:55:12,104.99,14.06
f49051d4b155a83c8d939a1c6a850689,5,7248b99ff380f23a1094ff737a1112fb,1900267e848ceeba8fa32d80c1a5f5a8,2017-09-14 04:55:12,104.99,14.06
f491c8a7d687daaf24c15726af6477b7,1,f5156ca9a225d3e26c8fa66210808c37,43f8c9950d11ecd03a0304a49e010da6,2017-09-12 14:43:54,169.99,8.44
f49ac798b81a51189639cb0a04d2bb69,1,2e9ebd07bf8a1740376abd8be93f6fb9,4a3ca9315b744ce9f8e9374361493884,2017-09-18 15:50:18,175.0,15.98
f49de64f8655abdc94a86603570e10ec,1,242edc6b84c00f0d48c664a020a92c52,6cd68b3ed6d59aaa9fece558ad360c0a,2017-09-26 13:30:47,54.9,17.95
f49f77badfc3933812e76370092e7995,1,34d6306314a47fe15c1efdbc23302020,229c3efbfb0ea2058de4ccdfbc3d784a,2017-09-19 03:10:19,69.0,8.11
f4b56fe7668e96ac977ad7bb6471bacb,1,0e1cd2215a878ad18b2c0b482330a9aa,17eea220a40cc0d2c0c5346379682398,2017-10-05 20:14:08,158.0,36.43
f4b7becde70d564135f8ba225f70abd7,1,9b9d1c4bd979b93c138044e032f99780,7a67c85e85bb2ce8582c35f2203ad736,2017-09-11 15:44:18,99.99,17.95
f4c47c5163aecbdc7ce04fa55857b332,1,b2b938c46aafdbf702d73e7edb9cb263,f8db351d8c4c4c22c6835c19a46f01b0,2017-10-05 16:49:35,22.9,15.1
f4d52c8679d7de408090a7c7ec487cf3,1,dca8cbb1c9d8a2db0fbc0c36b8d1a7bc,6560211a19b47992c3666cc44a7e94c0,2017-09-19 03:26:15,89.0,7.88
f4da7d0ac805794a8e666416f2c20f60,1,580f59d167b4ded91943ef2b1f3d0077,4a3ca9315b744ce9f8e9374361493884,2017-10-05 14:49:49,26.9,11.85
f503049e1fdf861c98ca1668862c3534,1,bb50f2e236e5eea0100680137654686c,f7ba60f8c3f99e7ee4042fdef03b70c4,2017-09-29 13:10:32,325.0,23.07
f5306185c917952d794bb6da1280a050,1,f51dde119b9a90e3c7464f0cc45c0953,128639473a139ac0f3e5f5ade55873a5,2017-09-21 01:04:02,18.9,15.1
f5327a56946560898f7ddeb8a9ad57ae,1,e672fbe634ad07cce9d85f412becb2c0,7a67c85e85bb2ce8582c35f2203ad736,2017-09-20 03:04:32,129.99,13.93
f54121f8a2be85c0f0014bd1ea6c9136,1,a7c73814e6894bc049f7aac7d37f7175,6f892e20a171e98efe17fdb971ff319b,2017-09-27 18:45:13,254.9,27.06
f5594a5beff0da9f2ae31381e7f4195f,1,1bfe62f326ac7bec0f5a83c10cfff228,3d871de0142ce09b7081e2b9d1733cb1,2017-09-21 14:55:31,54.9,35.7
f55a684badae11bd4d494dd474d82130,1,bc4cd4da98dd128c39bf0b8c2674032f,53243585a1d6dc2643021fd1853d8905,2017-09-13 10:38:11,1299.9,38.51
f577c78346131418552c3d7fea582723,1,fa9cf28beaafe4f4bec59550f6c76481,1554a68530182680ad5c8b042c3ab563,2017-09-15 11:50:51,36.99,24.39
f577c78346131418552c3d7fea582723,2,f48eb5c2fde13ca63664f0bb05f55346,f7ba60f8c3f99e7ee4042fdef03b70c4,2017-09-15 11:50:51,60.0,4.88
f57d1c0df61322155f9afd92596de339,1,9e4a852f41aff52bafff133d9deb5eee,3d871de0142ce09b7081e2b9d1733cb1,2017-09-14 15:30:22,99.0,13.71
f5931f16ce0aba5c5f948d17919d04cc,1,fe6a9515d655fa7936b8a7c841039f34,dc317f341ab0e22f39acbd9dbf9b4a1f,2017-09-25 16:05:59,249.9,83.61
f594ab1eab2b9d5a646c989c1bc5eb3e,1,53b36df67ebb7c41585e8d54d6772e08,4869f7a5dfa277a7dca6462dcf3b52b2,2017-09-10 21:50:15,169.9,15.94
f597474362522875e95179c13835e408,1,431d674f9a4fbd0957ecf6ba3fcb6899,53243585a1d6dc2643021fd1853d8905,2017-09-19 19:35:14,299.99,22.9
f5b1cfba9fe979f87dcfefc578010e8a,1,321fd48981c751663bc43487274e7609,1430239a858e7682bbc43b20758af153,2017-09-21 16:25:12,12.9,21.15
f5b3d7bf340b33e9fac5e7f314525614,1,9bb2d066e4b33b624cbdfec7d50b3dcb,5cf13accae3222c70a9cac40818ae839,2017-10-02 22:44:32,99.9,16.46
f5ccdd828561c205992f7e38be419560,1,a4fdd00347db855f614a18bf51606df5,6d803cb79cc31c41c4c789a75933b3c7,2017-10-04 16:35:16,179.9,18.51
f5d8546541a4875d1b5702fa3a24711a,1,dc9471db933efad7bf0ce685380578bd,25c5c91f63607446a97b143d2d535d31,2017-09-26 02:24:49,278.0,19.2
f5d8546541a4875d1b5702fa3a24711a,2,dc9471db933efad7bf0ce685380578bd,25c5c91f63607446a97b143d2d535d31,2017-09-26 02:24:49,278.0,19.2
f5d86f3c8e7c0b6594104ac90b9fffbb,1,41e0c51896d728080432ffa1de66e992,b335c59ab742f751a85db9c411a86739,2017-09-21 10:30:10,16.5,16.11
f5d9f447bc24dbd0e76b74d0bbe0b4ed,1,5b226d7c52f86ac72457617f78cff95d,1835b56ce799e6a4dc4eddc053f04066,2017-09-22 08:45:11,56.99,16.16
f5faad333010a9fc0ecb1ac6014a842a,1,368c6c730842d78016ad823897a372db,1f50f920176fa81dab994f9023523100,2017-09-11 15:44:20,59.9,17.67
f63f9a7699e3674c80a4ba92e56dfbb8,1,6ae3f85f46a37844372252496c77b4d8,53243585a1d6dc2643021fd1853d8905,2017-09-28 02:26:32,212.4,23.81
f6557fb0a00716c9af72d15943e20704,1,3fda13f397426103abde1f106676f0bf,b2ba3715d723d245138f291a6fe42594,2017-09-25 13:35:38,64.9,7.78
f65abc0b3f3401b14505a57fb6113cf1,1,85b39215c2d7de985b5a34b759255d03,f80edd2c5aaa505cc4b0a3b219abf4b8,2017-09-18 16:05:44,51.9,46.89
f679a32d796c71a12390e0f05fbba42d,1,e7db7c40ea6647c808d48581f1308d88,1d8dbc4f32378d715c717c1c1fc57bae,2017-10-04 02:50:05,109.9,14.5
f6974499820661b92dd1922750d6f0d0,1,2078312a2dcf1fcd8a38eabcf5dd033a,30a2f535bb48308f991d0b9ad4a8c4bb,2017-09-14 17:23:39,49.9,8.72
f6c83f331fa7998140a4cbe44f87b38d,1,f35927953ed82e19d06ad3aac2f06353,669ae81880e08f269a64487cfb287169,2017-09-12 04:35:55,115.0,15.56
f6cd41298d06413e39c491540baf2745,1,9a99bb9931fce41bda596488d0653c39,8b28d096634035667e8263d57ba3368c,2017-09-20 08:05:23,103.8,17.98
f6e97f91d62582f47862f629306f4311,1,288dbc06591742c5d7fe90fbfb08943e,9add47bf45ce8e8c7db6b9cf670b1e09,2017-09-20 11:24:57,110.8,25.62
f6eb2f9a7f09d846ead6c089f9ffeab7,1,277a12fc4d8cd5dae85d0071015bb745,b83cedfb587e7911540e3f576d6917ce,2017-09-20 02:50:42,109.78,16.4
f6f5da11ef603df65572d4a9444e1030,1,07f40f14df320969f0bb8cfc5cff5d3b,0ebd97a106433a45a4aebe57c1799778,2017-09-13 18:50:18,129.9,14.66
f70e7bfddfbd645f0a0b45d6b1815e98,1,3d2c99e2be6594fc0a56af7754498c7b,b39d7fe263ef469605dbb32608aee0af,2017-10-03 23:07:18,109.9,54.2
f70fd9d62d604dd8ac70938c59b6a93d,1,c2fcb87c4c426b677d85cbc8c7e75f3e,3d621842b2ed28e2b474132480edac3c,2017-09-27 16:15:23,379.0,27.49
f7286cad79bffb23e77a11e113977387,1,7c1bd920dbdf22470b68bde975dd3ccf,cc419e0650a3c5ba77189a1882b7556a,2017-09-27 19:45:40,58.99,13.43
f76a4a871a67dc644379c09dc683c967,1,1de74e63d630007567726953a4eb2b36,a49928bcdf77c55c6d6e05e09a9b4ca5,2017-09-28 00:30:14,79.9,17.81
f7827c2a34b42e02f5f75571d008c2cc,1,afc9c24c2970ecab57c83652161bc5b1,4da0e408c99d2fdc2126dc9fce518060,2017-10-05 07:50:48,22.9,15.1
f79585e401509fe06dda49a4cc8f22b4,1,58e03c2c00f9e4f3a35b6cf0d13cbb67,17a053fcb14bd219540cbde0df490be0,2017-09-26 02:10:16,149.9,18.0
f7a6067a1669a4d0b6a58e933098da0c,1,24d7b551f0ea7c3cea080d402b211132,d2374cbcbb3ca4ab1086534108cc3ab7,2017-09-18 21:25:52,30.7,16.11
f7b96bbcf705300fbb449595521d470e,1,127d3b28487be63864af02f25333decd,b76dba6c951ab00dc4edf0a1aa88037e,2017-09-19 00:15:09,12.97,14.1
f7bb51594cfc866efaf10953ccb34f85,1,0a8b35c2fbc824f7e1015cf330e6cc3c,a17f621c590ea0fab3d5d883e1630ec6,2017-09-27 12:06:45,45.33,17.92
f7e76d88532589dec3eca969d70af654,1,f538d01bc771eed83997a9e729627b73,9d5a9018aee56acb367ba9c3f05d1d6a,2017-09-14 07:03:46,25.33,16.79
f7e889d34a2cae92d50c09d7689dabe7,1,b1631003bdbc3b1e876f83a7d851d74a,cc419e0650a3c5ba77189a1882b7556a,2017-09-28 04:05:41,56.99,8.72
f7ef6a6afaeb05b9f32f440bf4ef732f,1,77fa3381855b6763c52ca3b72824f508,6560211a19b47992c3666cc44a7e94c0,2017-10-05 20:14:17,49.0,17.65
f7ef6a6afaeb05b9f32f440bf4ef732f,2,a1250bbcaa645885c9165eab1573b5c6,6560211a19b47992c3666cc44a7e94c0,2017-10-05 20:14:17,49.99,17.65
f7ef6a6afaeb05b9f32f440bf4ef732f,3,69c1a709ba2ac6511ef8553b93074ec1,6560211a19b47992c3666cc44a7e94c0,2017-10-05 20:14:17,58.0,17.65
f7f84dc96924f895eeee8f89515012c3,1,2cf9ec82c2ca858baedfb2c2e5c06b6f,57c764b4a836300be881e2ff86e449f9,2017-09-13 02:51:10,9.9,15.1
f80549a97eb203e1566e026ab66f045b,1,d5991653e037ccb7af6ed7d94246b249,25c5c91f63607446a97b143d2d535d31,2017-09-19 03:15:47,137.9,38.81
f80549a97eb203e1566e026ab66f045b,2,d5991653e037ccb7af6ed7d94246b249,25c5c91f63607446a97b143d2d535d31,2017-09-19 03:15:47,137.9,38.81
f80549a97eb203e1566e026ab66f045b,3,d5991653e037ccb7af6ed7d94246b249,25c5c91f63607446a97b143d2d535d31,2017-09-19 03:15:47,137.9,38.81
f80549a97eb203e1566e026ab66f045b,4,d5991653e037ccb7af6ed7d94246b249,25c5c91f63607446a97b143d2d535d31,2017-09-19 03:15:47,137.9,38.81
f80549a97eb203e1566e026ab66f045b,5,d5991653e037ccb7af6ed7d94246b249,25c5c91f63607446a97b143d2d535d31,2017-09-19 03:15:47,137.9,38.81
f80549a97eb203e1566e026ab66f045b,6,d5991653e037ccb7af6ed7d94246b249,25c5c91f63607446a97b143d2d535d31,2017-09-19 03:15:47,137.9,38.81
f80549a97eb203e1566e026ab66f045b,7,d5991653e037ccb7af6ed7d94246b249,25c5c91f63607446a97b143d2d535d31,2017-09-19 03:15:47,137.9,38.81
f80549a97eb203e1566e026ab66f045b,8,d5991653e037ccb7af6ed7d94246b249,25c5c91f63607446a97b143d2d535d31,2017-09-19 03:15:47,137.9,38.81
f80549a97eb203e1566e026ab66f045b,9,d5991653e037ccb7af6ed7d94246b249,25c5c91f63607446a97b143d2d535d31,2017-09-19 03:15:47,137.9,38.81
f80549a97eb203e1566e026ab66f045b,10,d5991653e037ccb7af6ed7d94246b249,25c5c91f63607446a97b143d2d535d31,2017-09-19 03:15:47,137.9,38.81
f80aba8d439df1fe6269f1b52d5b2893,1,75d6b6963340c6063f7f4cfcccfe6a30,cc419e0650a3c5ba77189a1882b7556a,2017-09-15 13:55:16,56.99,11.9
f8165cb41863e5548cdf01f1463b405c,1,75d6b6963340c6063f7f4cfcccfe6a30,cc419e0650a3c5ba77189a1882b7556a,2017-09-22 13:25:51,56.99,8.72
f816e2d1a8c3f47837c88fc08ba39dce,1,056063b2634974ef86ccb7da2d3d0dbf,165fc07beebdcb6190fba8a06db2a449,2017-09-13 02:55:55,429.0,16.73
f816e2d1a8c3f47837c88fc08ba39dce,2,056063b2634974ef86ccb7da2d3d0dbf,165fc07beebdcb6190fba8a06db2a449,2017-09-13 02:55:55,429.0,16.73
f816e2d1a8c3f47837c88fc08ba39dce,3,056063b2634974ef86ccb7da2d3d0dbf,165fc07beebdcb6190fba8a06db2a449,2017-09-13 02:55:55,429.0,16.73
f81ed3e1a19bd4246ee3e90b01359eb0,1,c6336fa91fbd87c359e44f5dca5a90ed,4c2b230173bb36f9b240f2b8ac11786e,2017-09-21 20:10:17,45.9,15.1
f825ff64b7a15cd4f3483fb00b6ad59c,1,b5aa3dc3e3492bfa3dfed618a413e779,4ba52dfeba874da5b9ee7b17c7494f04,2017-10-09 04:28:28,109.0,16.39
f8268f009c38528d7c7840a5d46ef8ca,1,dc2410804cf782c5d87dbcd201b74e9b,897060da8b9a21f655304d50fd935913,2017-09-13 06:35:13,150.0,16.81
f829a70601d740aed0868f3aee51da03,1,6b120063aeece762b2ef81da00c75ab9,bfd27a966d91cfaafdb25d076585f0da,2017-09-26 09:05:28,99.0,16.45
f837f3ebff8ee27bdac13d56cb22e5be,1,fadc89c2a60ff96b18827644074dfd70,53e4c6e0f4312d4d2107a8c9cddf45cd,2017-09-28 20:10:11,71.0,16.75
f85b00b88275bb213518b0ebacca0544,1,a10e0fcb1c409869c3c6da4eb13b7612,855668e0971d4dfd7bef1b6a4133b41b,2017-09-21 11:44:16,50.0,17.6
f864cbdd90b9140661a4c7e3807a86fc,1,fad824f446c61e0e6e1e8644c17a9f59,53e4c6e0f4312d4d2107a8c9cddf45cd,2017-10-03 19:28:21,18.99,22.67
f86e20fe6ce750c00d7ed08e8c67384f,1,0152f69b6cf919bcdaf117aa8c43e5a2,d2374cbcbb3ca4ab1086534108cc3ab7,2017-10-13 09:45:32,13.9,15.1
f8853e328e43ca676354e48e5b70543b,1,2043cae78c8b731c405c7329a05154b2,4830e40640734fc1c52cd21127c341d4,2017-09-12 22:25:20,69.0,35.8
f88c3f1ac28fc3ba05c46d0e7f2ed8b9,1,b5e13c9a353102f79c6206ff5cb61a50,a49928bcdf77c55c6d6e05e09a9b4ca5,2017-10-02 23:28:09,79.9,11.76
f89a86148310b5d6a02fbab8f1c9fb77,1,5e2ba75ad255ff60b1c76c5bf526ae9b,f84a00e60c73a49e7e851c9bdca3a5bb,2017-09-18 04:25:52,69.9,14.24
f8ebe0a43498e8d689afbbfec4b3eaba,1,af0a917aec9cea3b353ece61a8825326,da8622b14eb17ae2831f4ac5b9dab84a,2017-09-15 15:50:47,89.9,17.88
f8ff5b18bc19c8bf59c91bf6cda39f38,1,ba9943916136c9959e24f71bdae28faa,8c16d1f32a54d92897cc437244442e1b,2017-09-22 10:44:19,44.9,15.1
f9488f6dc3dcb5de76f7ba040405de01,1,b0961721fd839e9982420e807758a2a6,1f50f920176fa81dab994f9023523100,2017-09-20 22:45:41,59.9,17.67
f9488f6dc3dcb5de76f7ba040405de01,2,b0961721fd839e9982420e807758a2a6,1f50f920176fa81dab994f9023523100,2017-09-20 22:45:41,59.9,17.67
f9488f6dc3dcb5de76f7ba040405de01,3,b0961721fd839e9982420e807758a2a6,1f50f920176fa81dab994f9023523100,2017-09-20 22:45:41,59.9,17.67
f97a6e53615dfc1488e4bcf3dfe1cb2f,1,0900e9b18da6627157a7e47a8ac8fc08,6560211a19b47992c3666cc44a7e94c0,2017-09-18 04:30:15,29.0,15.1
f98a06b99cbcc7caef174bc5efa78a31,1,5cde85235c4ae7747e9b48de95178a14,17e34d8224d27a541263c4c64b11a56b,2017-09-14 20:25:27,218.36,16.28
f99baadda882046359a8c3d699e0267c,1,0c80d4d910506b4e1db996ff1fa5c658,391fc6631aebcf3004804e51b40bcf1e,2017-09-25 04:05:10,189.48,26.17
f9a56a1e02546f0d1baf56f282fa0659,1,c9c455f9fd8ca66d3ff7f90a249753b4,96804ea39d96eb908e7c3afdb671bb9e,2017-10-04 03:04:44,109.95,16.53
f9a6aec1708cd20b564a6b2a29ed2290,1,43423cdffde7fda63d0414ed38c11a73,b1fc4f64df5a0e8b6913ab38803c57a9,2017-10-03 07:49:07,55.0,7.94
f9b8f31744dba7c23d41cb9ae8e025e9,1,bef6177f54efb9a6218e124b629fc152,620c87c171fb2a6dd6e8bb4dec959fc6,2017-09-08 04:50:38,339.9,10.12
f9b91536d4ba5625abb8769a3183b657,1,422879e10f46682990de24d770e7f83d,1f50f920176fa81dab994f9023523100,2017-09-08 14:44:02,59.9,17.67
f9c78e6e58306dc81efbbada1ac11f24,1,1d2d3b19f5c3d093d4dbccd3cd963a8f,7ddcbb64b5bc1ef36ca8c151f6ec77df,2017-09-07 22:23:53,194.99,20.85
f9c8a2771f663e15460ae6ba93205354,1,1528d0673079ce2d79d29753b800d76e,01fdefa7697d26ad920e9e0346d4bd1b,2017-09-27 22:50:07,59.9,13.44
f9cb71e454be8a1f13fe574dd261a6a8,1,a4cb01ef37cd2734263f1ea9f1f8e7e4,ececbfcff9804a2d6b40f589df8eef2b,2017-09-14 16:04:50,27.99,15.1
fa099a53d48227d20d9eb52f139a6d8c,1,f3720bc68555b1bff49b9ffd41b017ac,4b5f66b7adcf57f1ecc0d3c07dd6b177,2017-09-18 11:38:32,175.5,18.8
fa1ad0a29c6a88101f0eb2e1504eb9ba,1,729834518009d0ecf002340e2b9e34df,f8201cab383e484733266d1906e2fdfa,2017-09-22 14:04:52,99.9,16.46
fa25b9a1756347af70473e84988d016c,1,1c36a5285f7f3b1ed2637d7c528ce5ff,d1b65fc7debc3361ea86b5f14c68d2e2,2017-09-20 17:55:28,89.99,24.94
fa2925bdbb799073bec7b6fe2bd88a1b,1,35afc973633aaeb6b877ff57b2793310,4a3ca9315b744ce9f8e9374361493884,2017-09-22 10:55:48,89.9,17.88
fa2f3e66fa5ba473c46b0329d4e5773f,1,75d6b6963340c6063f7f4cfcccfe6a30,cc419e0650a3c5ba77189a1882b7556a,2017-10-06 02:24:46,56.99,11.9
fa666f44d0e5c50dad23a1bc4a8c2a50,1,35bc6c77029697004675d3a2ce505916,897060da8b9a21f655304d50fd935913,2017-09-26 02:36:27,155.0,52.31
fa666f44d0e5c50dad23a1bc4a8c2a50,2,98354ddeaeae40bd6b705381191a9ffc,165fc07beebdcb6190fba8a06db2a449,2017-09-26 02:36:27,150.0,31.23
fa68c8eaee429c95ac88e1034d583057,1,9165e7a5f9ef266f66ca19a816cdc657,48436dade18ac8b2bce089ec2a041202,2017-09-08 10:25:16,132.9,14.33
fa83009fc243c5d6981fa7c5b71b13aa,1,62d8daeee0db3a60c234c2d1bfd10651,d2374cbcbb3ca4ab1086534108cc3ab7,2017-09-25 12:50:21,24.9,15.1
fa8532f1342354a78b42f2072b1d6dea,1,4b7de4748108b5353b211255e867cf6a,eeb6de78f79159600292e314a77cbd18,2017-09-14 20:05:26,729.0,25.59
fa906f338cee30a984d0945b3832e431,1,79ad39409fa4bcc36b4b7f734c79c2a2,1da3aeb70d7989d1e6d9b0e887f97c23,2017-09-21 16:15:13,69.99,15.24
fa9ef315051f18a68686aca274ae8f2a,1,750a49a83f6ad13ccdf4a761309483f2,4a3ca9315b744ce9f8e9374361493884,2017-09-28 16:15:22,89.9,17.88
faa4ccbf5f173ece3de4cc37664ece62,1,2028bf1b01cafb2d2b1901fca4083222,cc419e0650a3c5ba77189a1882b7556a,2017-09-19 15:05:21,56.99,7.78
fac209312c95149afe74f4cbcdd87c85,1,c5944369a5cc96d600713f640e46ab5e,850f4f8af5ea87287ac68de36e29107f,2017-10-03 18:49:25,49.0,15.1
faca9e4481d72f438626ae69cf2bbaf0,1,b07d4d53510cb94a50f0088119134afe,c4fb51fb1c5b7c07bc5e67be6e7e8f6e,2017-09-19 19:04:16,186.5,50.05
fad130916dfec1c29b876fae7113f4df,1,4a0938478787f49dc07af734b86be96c,6560211a19b47992c3666cc44a7e94c0,2017-09-08 16:55:14,149.0,18.32
fae03cbde1d0ebd4786c55260bb5c640,1,ea922d4a264635e1c479157377deb623,9add47bf45ce8e8c7db6b9cf670b1e09,2017-09-25 03:33:42,59.9,23.8
fae7dc0d8a654c758ccafa1a6bb974d8,1,6a1a04054158fe995e1688d8f79605b2,9616352088dcf83a7c06637f4ebf1c80,2017-10-09 12:25:14,59.9,13.44
faeccb7dc26c1f48cdfc3881c6644f8b,1,82e4ad16521ca131d95e198d507db370,128639473a139ac0f3e5f5ade55873a5,2017-09-13 02:50:18,18.9,12.48
fb08991a4d87f7fb84cd0dadc7399850,1,764292b2b0f73f77a0272be03fdd45f3,bd23da7354813347129d751591d1a6e2,2017-09-14 08:43:14,89.9,9.44
fb0fbc6ffba8082982c615400442faec,1,186fe07c8b8005ec6a498587ffbc1352,6560211a19b47992c3666cc44a7e94c0,2017-09-26 12:55:22,29.0,14.1
fb3579e233140aac61c80d50536941b4,1,b5e13c9a353102f79c6206ff5cb61a50,a49928bcdf77c55c6d6e05e09a9b4ca5,2017-09-27 08:26:17,79.9,11.76
fb662b5ba362e72d75d486ca4d29c9e4,1,24dea9b9a1d450d96702d46a0a835ff3,835f0f7810c76831d6c7d24c7a646d4d,2017-09-14 10:30:25,69.9,15.93
fb662b5ba362e72d75d486ca4d29c9e4,2,e8c68ed99b73a85e2c22388f4a702bc0,835f0f7810c76831d6c7d24c7a646d4d,2017-09-14 10:30:25,69.9,15.93
fb662b5ba362e72d75d486ca4d29c9e4,3,8cf306b87f5f0832d70505004465e39f,835f0f7810c76831d6c7d24c7a646d4d,2017-09-14 10:30:25,69.9,15.93
fb845e7ec3f9c9eec92c1f2b163a7895,1,461f43be3bdf8844e65b62d9ac2c7a5a,4869f7a5dfa277a7dca6462dcf3b52b2,2017-10-09 13:24:45,159.9,12.62
fb8e4428d340ab5bfa482ef6fc97efbc,1,53b36df67ebb7c41585e8d54d6772e08,4869f7a5dfa277a7dca6462dcf3b52b2,2017-09-08 08:44:16,169.9,12.69
fb8e4428d340ab5bfa482ef6fc97efbc,2,53b36df67ebb7c41585e8d54d6772e08,4869f7a5dfa277a7dca6462dcf3b52b2,2017-09-08 08:44:16,169.9,12.69
fb8e4428d340ab5bfa482ef6fc97efbc,3,53b36df67ebb7c41585e8d54d6772e08,4869f7a5dfa277a7dca6462dcf3b52b2,2017-09-08 08:44:16,169.9,12.69
fb8e4428d340ab5bfa482ef6fc97efbc,4,53b36df67ebb7c41585e8d54d6772e08,4869f7a5dfa277a7dca6462dcf3b52b2,2017-09-08 08:44:16,169.9,12.69
fb8e4428d340ab5bfa482ef6fc97efbc,5,53b36df67ebb7c41585e8d54d6772e08,4869f7a5dfa277a7dca6462dcf3b52b2,2017-09-08 08:44:16,169.9,12.69
fb8f03cec06678a33b2782cb3f5a9942,1,d8de812ed5d981fc6a3984f4caa2aa05,54a1852d1b8f10312c55e906355666ee,2017-09-15 14:50:32,59.99,26.96
fb98500e6403d8d8848509d3e8665aeb,1,574597aaf385996112490308e37399ce,febab0275244b9a49a623f0bd613ca2f,2017-09-08 20:15:14,49.0,16.6
fba74a1f9422c616cd75a7a9577d2058,1,5296c5bfef0fca38d0572263011f6e35,45d33f715e24d15a6ccf5c17b3a23e3c,2017-10-02 17:07:19,29.93,9.94
fbad56f6a1339fecaa323b209c423b1e,1,6c3effec7c8ddba466d4f03f982c7aa3,37515688008a7a40ac93e3b2e4ab203f,2017-10-03 05:49:13,19.9,15.1
fbad56f6a1339fecaa323b209c423b1e,2,6c3effec7c8ddba466d4f03f982c7aa3,37515688008a7a40ac93e3b2e4ab203f,2017-10-03 05:49:13,19.9,15.1
fbb12f53a3985ca2a92e718f7b6a8162,1,7c65bcd66be0ad761948bfeda4e7bd2f,4a3ca9315b744ce9f8e9374361493884,2017-09-27 13:55:20,76.9,28.94
fbc5d211d0c021def45daa17a0d271ba,1,39ec33e08b0f9ffb9767b819f8588361,cb3dd9ce66268c7a3ca7241ac70ab58c,2017-09-20 15:30:18,34.7,13.08
fbe0c9de23b755ebf9b74e6954f927a8,1,f2f411f86bd5bd427e28e2a30771761f,da8622b14eb17ae2831f4ac5b9dab84a,2017-09-29 16:04:25,89.9,13.65
fbffb0b287b62d10b5a1c24a29ae16ea,1,f0a06cc25ae22358b10378bf4dafdf0a,977f9f63dd360c2a32ece2f93ad6d306,2017-10-02 11:04:34,128.8,58.9
fc0505833ea55953cb885d6694daa689,1,42f25a7251d847a86c1849731bf166ff,7178f9f4dd81dcef02f62acdf8151e01,2017-09-25 16:50:22,139.0,27.51
fc34a24a0463d8668b0c6e270eb71358,1,d1c5f5c04952de3143b1cb8820a73f53,e26901d5ab434ce92fd9b5c256820a4e,2017-09-18 23:04:14,79.9,15.31
fc355d449ceaea8f858ef33c4eba83fa,1,4cc8bfa581f41841ce5e24aba773a44a,1835b56ce799e6a4dc4eddc053f04066,2017-10-09 04:07:20,56.99,12.74
fc397591bee787fb156a971904c4b51f,1,f636021ab0248325d2b69e3bcfc489bd,dd2bdf855a9172734fbc3744021ae9b9,2017-09-29 02:55:29,39.9,25.63
fc3eb1dcbbc011d4693b4efc280fc462,1,f177b434709ecb652dbee4f4b19aef2f,d98eec89afa3380e14463da2aabaea72,2017-10-05 02:56:07,29.99,15.79
fc49594233f3f2be65bbb04bb82140b6,1,c7bcab3a7039340cf46705f43bab3ee2,2d50d6282f8aa2257819a77bfaa0efe0,2017-09-13 15:25:24,49.0,16.11
fc4b2a0590430c3cef1c11dc737e4517,1,422879e10f46682990de24d770e7f83d,1f50f920176fa81dab994f9023523100,2017-10-02 12:07:21,59.9,13.44
fc570e267c5c6bd72f926b1e075e9840,1,154e7e31ebfa092203795c972e5804a6,cc419e0650a3c5ba77189a1882b7556a,2017-09-19 14:50:19,23.99,14.1
fc664ce755b461e5eaa3acd0be4e2118,1,3a44acb2ab18bafe83e7f6c55a1fc5fe,f1c1ac3f3efc07e659c035008e615e66,2017-10-04 13:07:25,49.99,17.6
fc664ce755b461e5eaa3acd0be4e2118,2,3a44acb2ab18bafe83e7f6c55a1fc5fe,f1c1ac3f3efc07e659c035008e615e66,2017-10-04 13:07:25,49.99,17.6
fc664ce755b461e5eaa3acd0be4e2118,3,3a44acb2ab18bafe83e7f6c55a1fc5fe,f1c1ac3f3efc07e659c035008e615e66,2017-10-04 13:07:25,49.99,17.6
fc664ce755b461e5eaa3acd0be4e2118,4,3a44acb2ab18bafe83e7f6c55a1fc5fe,f1c1ac3f3efc07e659c035008e615e66,2017-10-04 13:07:25,49.99,17.6
fc8088acbc3136f9baf41c1d43d2599d,1,57f2de7e1c6028c7d38a50cff155c794,9616352088dcf83a7c06637f4ebf1c80,2017-10-03 18:10:13,39.0,17.92
fc8fa04a6621b92f945b8d0224feac74,1,2b4609f8948be18874494203496bc318,cc419e0650a3c5ba77189a1882b7556a,2017-09-26 13:04:18,89.99,7.88
fc956251c8eb3a139e862178fe18b68d,1,308a7360ee2e0ecfb6aa7708428692af,128639473a139ac0f3e5f5ade55873a5,2017-09-11 21:24:07,25.9,15.1
fc991324e1f2eb85fdc4157435754a30,1,8d070077591cb06503a4933e5050bc69,7c67e1448b00f6e969d365cea6b010ab,2017-10-04 15:05:32,129.99,20.88
fc9cfa2de496ffeee8c591c87070664f,1,ffa0824a2b01e5ce24d6883413b72f14,9674754b5a0cb32b638cec001178f799,2017-09-19 17:15:29,27.0,9.34
fcaae2ec3667a30a9164785ba78306b9,1,283f243bb09e48e8f324d175182d5cfa,ea8482cd71df3c1969d7b9473ff13abc,2017-09-29 11:30:24,19.9,14.1
fcaf5f5131e3480217cfa4c664cc8875,1,7ace8e994998f636a12d3cdc71c6b942,897060da8b9a21f655304d50fd935913,2017-09-08 12:04:03,29.9,15.1
fcaf5f5131e3480217cfa4c664cc8875,2,7ace8e994998f636a12d3cdc71c6b942,897060da8b9a21f655304d50fd935913,2017-09-08 12:04:03,29.9,15.1
fcaf5f5131e3480217cfa4c664cc8875,3,7ace8e994998f636a12d3cdc71c6b942,897060da8b9a21f655304d50fd935913,2017-09-08 12:04:03,29.9,15.1
fcb25cc2887d15b5373673a0630ad13a,1,47ac3d02c68a76bc97b3b305f6e1192f,749e7cdabbaf72f16677859e27874ba5,2017-09-08 17:30:19,41.9,19.84
fcb63e17705ee5985c6f40ac3ee72296,1,11fd9d7ba552e1d28872e008acf1e050,cb8bcce248bb1fb274ba762d8b971456,2017-09-18 00:23:57,139.9,13.11
fcc16b06bc5d641f05d936cc17e6be7f,1,67c6521bb9e469276f84cbb19baff9e3,b2ba3715d723d245138f291a6fe42594,2017-09-15 17:35:30,49.9,17.63
fccc01060b3a8f4c458f942871da6bd8,1,724fe07643503d3d092cd5017207c164,004c9cd9d87a3c30c522c48c4fc07416,2017-09-18 11:55:12,62.9,17.69
fccfd7d65e6d0ffd540eebaf81c2a29b,1,e4d325bd1eea550509bdbbc5c3301fc1,7178f9f4dd81dcef02f62acdf8151e01,2017-09-27 23:05:15,349.9,18.21
fcd8b3a2ce5ad445e576820a3655052f,1,ea44caac707f7f1325182a538007f838,855668e0971d4dfd7bef1b6a4133b41b,2017-09-18 00:15:12,50.0,13.37
fce5031b8cd60863c55256f9d930d269,1,b5e13c9a353102f79c6206ff5cb61a50,a49928bcdf77c55c6d6e05e09a9b4ca5,2017-09-26 06:30:12,79.9,11.76
fce8ff96dc39e6ad674a20032e22b435,1,ed00a8453145186b3f071f1e3edef33d,5b664594895aefb418afaee6d40a9a23,2017-09-21 15:05:40,38.9,8.27
fd05ef579e1c9eac0e68b75b7c7ec5b1,1,4d9e8a6d8d07e4f47e093b8c2999ae01,e9d99831abad74458942f21e16f33f92,2017-09-21 11:45:08,38.99,14.1
fd0bec7902ba3d0b3a658291cdfd1a40,1,a12fc4a1c79238df0015e1a0c48f0314,da8622b14eb17ae2831f4ac5b9dab84a,2017-09-20 21:50:17,119.9,13.86
fd0ea050aa7cb8693f02b9176d021a0a,1,86d2c13e1ce5c85177a6e7729892b501,f44b6f775a2b390380e0e30b5c9d3eee,2017-09-14 17:04:16,369.0,47.04
fd13223292a59ace605fd1f8b0956183,1,bdeaa675b32e0db47bbb9d469cae4b25,7c67e1448b00f6e969d365cea6b010ab,2017-09-26 22:05:37,92.99,28.01
fd174ef3d3535971d1bea4398b2248bd,1,607ef4aa416b93fdeb2a811c2c73ad81,da8622b14eb17ae2831f4ac5b9dab84a,2017-10-03 04:32:50,119.9,13.86
fd3c2f37b535d300e61e63b029edfd20,1,c4d513d82ef46690cc4bedd562795aa3,40d54b51e962dbe09cabbcfd33298dee,2017-09-13 22:35:15,249.9,133.3
fd4440c3eff791f70d022bdcb82dbbd2,1,a11b842166a17bc29bcdcb3cb45a50e3,f84a00e60c73a49e7e851c9bdca3a5bb,2017-09-13 13:25:21,79.3,21.66
fd4b42de96e38f3ff9bfc0072f2bd40c,1,d54a454ab7bb07b89d29f0b9714c9d2c,1554a68530182680ad5c8b042c3ab563,2017-09-18 15:25:11,179.99,27.58
fd61441ba2a7b57e6342862e779b10b0,1,bb15f9ba2ec6e36ab6c9e88d17430d64,b372ee768ed69e46ca8cdbd267aa7a38,2017-10-10 15:04:28,35.0,11.85
fd64b6e4f72f238a3462a975c6bb6644,1,a8fe47ad6f852f93cc92c7b408687de3,aaed1309374718fdd995ee4c58c9dfcd,2017-10-02 22:07:15,72.9,16.27
fd700d48d34b0b4f75767e4502c3fce2,1,5605e265607c01c1242a18219d7e396e,3771c85bac139d2344864ede5d9341e3,2017-09-21 01:10:11,59.9,19.66
fd83958bf029de1ca6903c3d8d9a9227,1,6c81db10f914c4d032b14fa93aa0a818,d98eec89afa3380e14463da2aabaea72,2017-09-13 03:03:44,29.99,34.15
fd856e3b03eb3e97aff228fc3914ae39,1,07c055536ebf10dfbb6c6db6dbfc36e5,cca3071e3e9bb7d12640c9fbe2301306,2017-10-10 13:28:27,45.9,7.47
fd856e3b03eb3e97aff228fc3914ae39,2,75d67b030a777f5f1081b8830606abb5,cca3071e3e9bb7d12640c9fbe2301306,2017-10-10 13:28:27,89.9,18.87
fda622cad4b8247deacafdb16ea67c73,1,ddc1d8513943b57455b160acf77e6507,33ac3e28642ab8bda860a2f693000e78,2017-09-08 13:05:16,82.99,14.33
fdafcfbadd88c33d4798432d3bcf6004,1,4b6b3a7072d549354c3743dedbf4170a,6560211a19b47992c3666cc44a7e94c0,2017-09-15 12:25:12,55.0,7.78
fdb64e7a41f724c8b968b87ad729c6ce,1,75d6b6963340c6063f7f4cfcccfe6a30,cc419e0650a3c5ba77189a1882b7556a,2017-09-20 16:44:05,56.99,15.15
fdc259a28a8f4ba4ea007b10244a8272,1,17d8b8e9c21ec0fc5b33724e32fe422e,d2374cbcbb3ca4ab1086534108cc3ab7,2017-10-01 21:49:49,58.9,8.07
fdc259a28a8f4ba4ea007b10244a8272,2,8df1a3abe96355f4a037a5345cc8594a,d20b021d3efdf267a402c402a48ea64b,2017-10-01 21:49:49,46.99,24.21
fdc4c75dff7c1545dd19c597436d6f1e,1,a9f480bfc49f0b85e8394e1cdf685b4e,3d871de0142ce09b7081e2b9d1733cb1,2017-09-20 08:15:11,55.0,12.72
fdc4c75dff7c1545dd19c597436d6f1e,2,1bfe62f326ac7bec0f5a83c10cfff228,3d871de0142ce09b7081e2b9d1733cb1,2017-09-20 08:15:11,54.9,12.72
fdcf099f6b0c76b932c7edea455576d8,1,1cf0c9095608952cb1c65c4789946375,b2ba3715d723d245138f291a6fe42594,2017-09-29 10:30:13,54.9,9.34
fdd86f104c7f379d881d8bf34c6838ce,1,8db4ee0e7e76083bd7d2d8ba3085b3a2,ececbfcff9804a2d6b40f589df8eef2b,2017-09-08 02:55:18,27.99,15.1
fde8ee361a63b2ee323ac574ee41524f,1,6d811b6e8cada9a8f7f38bb315620e1b,80e6699fe29150b372a0c8a1ebf7dcc8,2017-09-12 22:50:27,173.9,85.25
fdfc39ba2a42ef960515eb82d4dd84e2,1,2b4609f8948be18874494203496bc318,cc419e0650a3c5ba77189a1882b7556a,2017-09-21 19:35:15,89.99,14.38
fe25e6ae3200a0fd420ba45277d19fc5,1,81e02af7d00fcf604270221efe1d1b95,89c127985a8b130cfa45c1d36764017a,2017-09-15 14:04:13,640.99,32.48
fe2acdc8b73107a92358adf3005a5433,1,4b05791ca096d2b0b87fd292dbd751a1,59b22a78efb79a4797979612b885db36,2017-09-07 21:50:24,26.9,15.1
fe2acdc8b73107a92358adf3005a5433,2,4b05791ca096d2b0b87fd292dbd751a1,59b22a78efb79a4797979612b885db36,2017-09-07 21:50:24,26.9,15.1
fe47e32d0b287864d6165d74e35dbb24,1,1491a8ff192d4b5c369b0eaa2fe33ee5,37be5a7c751166fbc5f8ccba4119e043,2017-09-14 13:55:18,189.9,26.17
fe62bcdcf8ce8da3e223a41f588abdce,1,effa78286556d5e79cda2b4aba96a534,3d871de0142ce09b7081e2b9d1733cb1,2017-10-04 21:49:10,34.0,13.37
fe721d76e7a56091b5aa323f9634719f,1,4e31a347129c0a0928d3c620d4f013ba,b76dba6c951ab00dc4edf0a1aa88037e,2017-10-03 18:26:03,18.99,15.1
fe86dfed53c5a20c5ee0647ee04af884,1,83a5fc7d4c50025d288099ef0ab3456c,e81e1f9c3e762e620f3fb60a51499e16,2017-09-15 15:10:21,159.0,15.86
fe8c0bf415cf9f05b4f32539a80f83fa,1,c23bb9673ec1f70f31171d5a7dff1260,1835b56ce799e6a4dc4eddc053f04066,2017-09-28 20:50:12,55.99,11.89
fe8c0bf415cf9f05b4f32539a80f83fa,2,c23bb9673ec1f70f31171d5a7dff1260,1835b56ce799e6a4dc4eddc053f04066,2017-09-28 20:50:12,55.99,11.89
feb856bfe5b756097c5d2ff2773f5ed3,1,7a9cf133da2a6494259ffeeab11b6276,db4350fd57ae30082dec7acbaacc17f9,2017-09-28 14:10:18,21.99,11.85
fedcd9f7ccdc8cba3a18defedd1a5547,1,0554911df28fda9fd668ce5ba5949695,7c67e1448b00f6e969d365cea6b010ab,2017-10-05 17:44:41,79.99,22.88
fedcd9f7ccdc8cba3a18defedd1a5547,2,0554911df28fda9fd668ce5ba5949695,7c67e1448b00f6e969d365cea6b010ab,2017-10-05 17:44:41,79.99,22.88
fee26dd998861d207782234217b367ec,1,8a443635fdf9759915c9be5be2e3b862,da8622b14eb17ae2831f4ac5b9dab84a,2017-10-04 20:14:15,99.9,16.61
fee26dd998861d207782234217b367ec,2,1eaf224c19e07b6e50bf0119eea1dd26,da8622b14eb17ae2831f4ac5b9dab84a,2017-10-04 20:14:15,99.9,16.61
fee26dd998861d207782234217b367ec,3,607ef4aa416b93fdeb2a811c2c73ad81,da8622b14eb17ae2831f4ac5b9dab84a,2017-10-04 20:14:15,119.9,20.77
fee5a1127dde04aca98c3dd84e96d471,1,dc2cab354de46ca82b8cf4cb24e16614,7c67e1448b00f6e969d365cea6b010ab,2017-10-11 11:14:21,119.99,18.55
fee5a1127dde04aca98c3dd84e96d471,2,dc2cab354de46ca82b8cf4cb24e16614,7c67e1448b00f6e969d365cea6b010ab,2017-10-11 11:14:21,119.99,18.55
fee62e6f13b8b6d7d343319f224376ff,1,77f11bb30ec0116ada15b3ff106b744d,ea8482cd71df3c1969d7b9473ff13abc,2017-09-13 02:45:33,18.49,15.1
feea5d59f129549eaf0fcf3d32e07498,1,95f8862124d526f3151c7dba46c01df8,f00e21b1e91a79653163b7fd8f293ff1,2017-09-12 21:05:21,55.9,12.52
feeafa1686889fcf9d24e97b81c34f63,1,0b2c18d8e73e17348a011241525cb089,6560211a19b47992c3666cc44a7e94c0,2017-09-22 19:30:16,199.0,26.67
feebdfdb4759bd4600d52547c81b4fa8,1,0c7536abc1af51a81fa806097dfe3597,7d76b645482be4a332374e8223836592,2017-09-29 09:10:09,24.9,21.15
fef03ab88c27c81b7561d599d4018589,1,422879e10f46682990de24d770e7f83d,1f50f920176fa81dab994f9023523100,2017-09-27 22:50:10,59.9,13.44
fef33d02a77400304a29dc5bbfe6bc4b,1,11875b30b49585209e608f40e8082e65,669ae81880e08f269a64487cfb287169,2017-09-25 22:30:18,65.0,15.2
ff0d3c8b486f123087d9d9da102afaf6,1,04a3191f211edc97716020026d05d260,0c8380b62e38e8a1e6adbeba7eb9688c,2017-09-08 00:55:12,115.9,18.06
ff0d5a38b85fbd18f685047969739467,1,f71f42e2381752836563b70beb542f80,85d9eb9ddc5d00ca9336a2219c97bb13,2017-10-18 17:49:23,31.9,14.1
ff269db61cf306545ee8f5ada41a4a3f,1,e06f99e79036d681effa3de75989bf22,6560211a19b47992c3666cc44a7e94c0,2017-09-25 15:44:17,59.0,15.16
ff2ac13b0f36dffb6af9699f59b18377,1,fb8c11da2e1b1634e879d1c3c6762dc2,53243585a1d6dc2643021fd1853d8905,2017-09-11 14:35:25,850.0,35.36
ff2d29f5e9893f6157d8fa1cce0278d6,1,ed2067a9c1f79553088a3c67b99a9f97,cbd996ad3c1b7dc71fd0e5f5df9087e2,2017-09-17 23:50:12,56.97,16.16
ff2d3362026397b4633ed312ffcdab9f,1,2b2d98d1e9b6f68a472c5ace64d704fa,897060da8b9a21f655304d50fd935913,2017-09-25 03:37:56,21.9,16.11
ff2e9b2298b4e147dd0e57c182d42528,1,542b3d80712d51eefe3a3cd1c5f4e8fe,537eb890efff034a88679788b647c564,2017-09-08 17:50:20,42.9,14.1
ff36dfa12cb7e25f1e145ad701e2f994,1,09c3a2ea33f044aebffecd6681e00133,1025f0e2d44d7041d6cf58b6550e0bfa,2017-09-15 13:45:11,66.0,14.21
ff386915a251d61bc728a414a25ecb88,1,1a69b9ec6d25d7656d024ad51f55c0ec,9e6229250fedbe05838fef417b74e7fb,2017-09-29 00:10:12,179.9,21.75
ff455a4ac6c4471e4e1ddc55f6610e60,1,431d674f9a4fbd0957ecf6ba3fcb6899,53243585a1d6dc2643021fd1853d8905,2017-09-28 10:15:14,299.99,20.08
ff50008f24df5da8799bd7804c77686c,1,16fdd3b0ce3c745e93bb6809113649c1,b4ffb71f0cb1b1c3d63fad021ecf93e1,2017-09-12 10:30:09,18.0,15.1
ff564b0dff20427ba484d7e2efe7e7e5,1,4cac1a12a6fe9ffba4a9556dbe582e28,7ddcbb64b5bc1ef36ca8c151f6ec77df,2017-09-20 12:15:12,25.99,16.79
ff60bb891018547f7e6b79f9286ff166,1,8340594577e768fdc5ceb3c3973a064b,b499c00f28f4b7069ff6550af8c1348a,2017-09-27 19:55:18,59.99,11.92
ff61c865c1495e71465c79009005611c,1,fc8b21a0fa8ae9622a79bd557b380961,7178f9f4dd81dcef02f62acdf8151e01,2017-09-25 01:10:13,129.9,15.66
ff67a8af06a0fd9a0493480efccf9bda,1,e282624d8c82e04983f125e167eb4521,ea8482cd71df3c1969d7b9473ff13abc,2017-09-19 11:30:25,17.99,15.1
ff8780cfb4535054cc5b56046b170cc0,1,880be32f4db1d9f6e2bec38fb6ac23ab,fa40cc5b934574b62717c68f3d678b6d,2017-09-28 05:34:34,44.9,17.63
ff8bf9c080a3d7c12864f7eba1fdd0c2,1,420575f8e2c456d57fd9ea8fe99090f9,44073f8b7e41514de3b7815dd0237f4f,2017-09-19 16:05:13,125.0,16.31
ff96ea4ad10c612930198ecb923eb7a9,1,d5d7ab11292e030edb97398b69235779,0c7533c71df861ec58ad7ff999ed0e8d,2017-10-01 21:49:53,6.3,7.78
ff9a99c60b18acf7c678d38e0549ca67,1,6490b9f63b0b595e1c1402b46b0f50ad,99eaacc9e6046db1c82b163c5f84869f,2017-09-20 23:43:58,280.0,13.46
ffa378a0d8e871367fbe51bdd9e12a1f,1,6a83dafadbcf4112388e8173860dd3b7,888faa8bfb0b159c37de6d898b961c31,2017-09-28 20:30:15,42.69,16.11
ffbae9b91be0cb7c3cc9a38a35c29210,1,f893b82f0fc3ba3686ca2d65eaed5a00,dbb9b48c841a0e39e21f98e1a6b2ec3e,2017-09-25 18:07:15,44.99,15.1
ffea79d8c5fecc22cbff0c54eda9b65c,1,ea44caac707f7f1325182a538007f838,855668e0971d4dfd7bef1b6a4133b41b,2017-09-12 04:24:39,50.0,19.59
fff6889749958e42b47a7977a4cf0ea0,1,75f6a4f019ec1322758d53b2fee2cc12,058cb5aeb36d7c0fcae20fc85d5e0a59,2017-10-01 22:56:15,92.0,31.6
fff6b8ca971f8e3ec822e99d0f2d3d21,1,9afaad66aca8b0c79e4f084a89c9c92b,42bde9fef835393bb8a8849cb6b7f245,2017-09-21 12:04:29,199.0,16.83
