order_id,payment_sequential,payment_type,payment_installments,payment_value
0573b5e23cbd798006520e1d5b4c6714,1,boleto,1,51.95
b2bb080b6bc860118a246fd9b6fad6da,1,credit_card,1,173.84
10d9871bed9fb8d0887d3b9022edd1ff,1,boleto,1,84.14
e1b4ee0e390fbac1dec439d72b45a115,1,credit_card,3,77.7
4c2e1a95586c815795a324d1599e7b5a,1,credit_card,8,117.71
198298d54f269d8c5fe89e85a859af61,1,credit_card,10,342.56
b19ca559688b49e8cf7f88c1aa3f0009,1,credit_card,7,73.34
5be8d4719fe2e3669e2d07dddf3b6b0c,1,credit_card,4,117.85
d4fdb2be174c84a6409a3968c55b01c5,1,credit_card,1,39.92
0435b65bfd0a1cd1c48a82f5b405ea78,1,credit_card,4,154.14
f553b61e2a7f6dc62c5f8de4ffb4a031,1,debit_card,1,194.91
2e2dd1119ebf597a9c05d80b5d6eeace,1,credit_card,2,105.42
57bfb7a49bcdecb20d9dbb778d7d7590,1,credit_card,4,102.03
2d5b43766328f55157cae1e85e1dd475,1,credit_card,1,56.85
9a8743fed3cc7a477eb92cb0ca0e7d26,1,boleto,1,50.1
16b6123f7077419424bf89af74e2d054,1,credit_card,10,642.02
46c7c115d719ca780eebedf719fbd4e1,1,credit_card,4,59.71
fd26702a3f7ee5d86580de591ff53e3f,1,boleto,1,56.42
aa4f33b236ebf41f573308022ef7496b,1,credit_card,8,193.5
a6afa7362f8ec053b0b61cdc8f1c8b25,1,boleto,1,48.1
0ec392fc56b5d2e7e4279c19c51b6460,1,credit_card,5,127.53
9c5bfba7de6a4abbb6ba0baab78d1622,1,credit_card,10,231.27
d3454c86a9d5b5a519364756eea7e275,1,debit_card,1,149.14
6ad99bac95eceb8ee72b78585c5baf88,1,credit_card,8,203.54
fbbc0a864330509c41ca4b4f0ff9b780,2,voucher,1,140.08
3f4870bf4008a2351a4855a865c454c7,1,credit_card,10,223.14
a10e6749400b3ea4a674cec3fd3a9605,1,credit_card,4,64.0
68986e4324f6a21481df4e6e89abcf01,5,voucher,1,16.54
2f9892eb8df4a437d90cc5b1486f3b02,1,credit_card,3,121.09
972c2e78e9af23a750a48184aadfca4d,1,credit_card,3,51.09
f75517cfb973c21eab8559a870263794,1,credit_card,10,231.27
6de0a6791e7af4ed0514498e5100370b,1,credit_card,4,186.92
6bf0f652ea13e6773172c1899a925bb4,1,credit_card,1,65.47
f03c93c7441f0edaa7987c4313467110,1,boleto,1,66.78
dc282855b102a2d5cffe41332d73c196,1,credit_card,1,71.14
6a2979d48eda14bfbe2d632638ae16a2,1,credit_card,1,210.56
2fd35ca971609b8f8f878d87262e6fbd,1,boleto,1,50.1
530ed5c74fd86562fe50456702b65599,1,credit_card,7,129.0
42ed2aeb956c92e3c3bb6933ecea1d89,1,credit_card,6,159.39
57cf629636cf674f91cdf37b7118b27f,1,boleto,1,137.97
d482cb92e40c8f1f96da881196ddd956,1,credit_card,3,117.94
f7535fb641a71ca3e0a6f2657dbfc51d,1,credit_card,1,131.94
de25b0f0bc16aa46db52a0cb9963b764,1,boleto,1,213.03
37efc102e49c3219c6ca92ce169327c9,1,credit_card,1,57.8
3b26d4fe0e3bb6427ae7d3b446bd8c85,1,boleto,1,75.17
d7c320185a2f9b32f5e2370ff3f8bd64,2,voucher,1,3.9
5bec9dad5626dc4e86bf625a3a6d0523,1,credit_card,6,63.06
2934b40bb9305d3b5d74747be3181435,1,credit_card,10,194.48
eca3005a4f60ceb77b67a30b74095ddf,2,credit_card,1,3.99
41d5636cfaa3b8436beab84388cf73d0,1,credit_card,1,171.69
f13f5fdf45611c82c2e37a20c065ddd1,1,credit_card,1,115.78
f264e75375a41310e31722cb8c28cb8d,1,boleto,1,306.78
7525e8f8b1a51d44f9912ce81146ac7d,1,credit_card,10,221.58
5b97959bc8102d72edcb01bdb5a0e9df,1,credit_card,2,26.59
9095f0efd46352f74ec4937fedfeb0be,2,voucher,1,100.0
e062a8654d4b657cdf2b673c0b2bac8d,1,credit_card,8,921.05
6049ab061f1a014ee71d10cf04e045ef,1,credit_card,2,53.6
518556dca9ef8c42a63ae02ced2a479b,1,credit_card,2,971.1
d181dfce5d8355bc51c2370c6910d4bc,1,credit_card,10,497.62
06b2c7035561ef12b16045ef4bf459e2,1,credit_card,6,68.02
198078b833ce5c6249ea278d2bb3e220,1,boleto,1,119.84
12788f3056c6392e73afcd37df5482ad,1,credit_card,8,89.62
33504b554c6fd21bee085f5a180a7fa3,1,credit_card,2,67.83
3ca6693c62bcb94cf84a1c9f89191483,1,credit_card,10,204.53
1233838f2d670d7e4d115557ddcc52bb,1,credit_card,5,178.89
ab9524b08e09e4acde1a3f40b8228870,1,credit_card,6,100.33
381d16906fcc904fe66028d7438ebc3c,1,boleto,1,116.94
57990cc544625b86e3401474cdc330c4,1,credit_card,2,43.1
f082f28d8497b7ec4f89389dc373c7a6,1,credit_card,2,50.09
137e61abfdecd3bfc15f45999fbe8809,1,credit_card,2,40.09
34df7484b616fc09350bd58d5abd1355,1,credit_card,1,67.13
af4f0dc6b4ccb0aab19367dd0d19ffbb,1,boleto,1,168.29
cdc80ab03580d7d907ecd33ae7818caa,1,boleto,1,102.03
673242a6057d4287cb24379d405cf5ac,1,credit_card,10,115.3
f59af974d2e7a5dcdb1aabdefd024c2b,1,boleto,1,28.17
6fe56ea74b5cf6242766596550cd2d0c,1,credit_card,6,137.28
ef26a1bd5203cf613f8150597210abdc,1,credit_card,3,215.14
e79151590aa7ee3040361aa72796c4b4,1,boleto,1,157.3
1671068b64a9cdbffb5bdba38a07382f,1,credit_card,4,97.87
e880c960b083af6aae64e809acf0693c,1,credit_card,2,347.7
055a2893cb600bebc05a16d06e3de36f,1,credit_card,7,76.08
e12d873b226207d68d316a6bcf65123f,1,credit_card,2,45.1
d6e86df5b1614d493da54c4c87ce7f2d,2,voucher,1,163.58
491a1961ff53513a57fa193570a11311,2,voucher,1,50.0
c55cdae2f69a79de4fe44a6437391c64,1,credit_card,1,36.77
c4583fb919a75c51dfb38e60c34d29c2,1,credit_card,9,96.71
d19a87282922be2fe89f5234b1bb6c14,1,credit_card,2,74.05
5c78dd4658f7e317f7e2b71fe2abf783,1,credit_card,1,37.44
3c91e3497ee8a38751b01e5d549a9bf3,1,credit_card,1,26.24
02c6f38cbd2d15df19cf2621019823fd,1,boleto,1,413.96
34763d94ee16ecffb979852f4ee83571,1,credit_card,5,110.12
5f2dab3e956c0fd71c9df923c30faf33,1,credit_card,3,34.75
65292b5890e7f0ef333b4a4904db838d,1,credit_card,4,97.87
522b2777aac040e0393106af251e3a1a,1,boleto,1,149.16
85d7c5b41a94729aa45792bc7b344b79,1,credit_card,2,64.62
69bf2d63fa24ceda9a9045233d315833,1,credit_card,6,126.89
a622a08f7c22608bf1f2c546a830de74,1,credit_card,1,105.28
7fa8a261aff75638a6a7fae15425728a,1,credit_card,1,47.69
cf9d149b8f8e534901d64f8b10320133,1,voucher,1,25.28
0afcd5d6405dd1fbe9554f4ffa99d2b8,1,credit_card,4,202.76
6f6d300a348d527dbd7f0ae9cb12aa86,1,boleto,1,111.8
2e506fd7d44cb2a909964a9328d86e01,1,credit_card,10,223.14
e8f1a30189522698bfce82adf60472e7,1,credit_card,2,52.77
2cd690a78448d2d942353c66dd6f6064,1,credit_card,1,26.07
253bf86c38be4d6ffa40eb641a356d69,2,credit_card,3,31.68
9dd764f96e7bebcba02aa61d0785c173,1,credit_card,10,776.39
12e6f847bdf86df79a51931bbd0798b9,1,credit_card,1,73.16
94153bbf95f273c5b6c342d2acc6d017,1,credit_card,3,61.05
e760cfb29c60e22956a48ad4c4e6a639,1,boleto,1,31.84
abbf6b153da3839e0c12cb1e78c1569a,1,credit_card,3,79.56
baa6a79da6b02b2a756bafd22ca73636,1,credit_card,3,66.78
29182856a24c6eeb1d7b81ba1fe63190,6,voucher,1,6.55
d62cc2763a30054a5d55992b3c88d3d4,1,credit_card,6,183.73
0fadbc4e1debdc934ab72ff157d8be79,1,credit_card,4,97.8
1e721ce42c736da389dc1e266e969acd,1,credit_card,10,100.82
e64219e0a4f33d57e6dbb217dfa73564,1,credit_card,4,46.84
e5db5ce380f52125b3748bf78fdc7971,2,voucher,1,55.0
de694f11ec11e5fe9863ef978ebee3dc,1,boleto,1,86.02
c6701e6d9b17bfd2a252ecb5aa4c7949,1,credit_card,4,106.88
dceb62e8fa94b46006c9554fed743df0,4,voucher,1,142.75
bf5e738a4999370cea8ac59801c748e8,1,boleto,1,231.27
cd89724850cc66ec67af22f8513e7010,1,credit_card,9,117.85
25ff38b3eac37d28ac1fd35e41393218,1,credit_card,4,112.71
20109f40b1a81ce4ec90a30f1e625046,2,voucher,1,78.01
3d48ddecaa9e06e1bb64461135dd7be2,1,boleto,1,121.09
480d258f10c520532aca9659d5df87ea,1,credit_card,2,142.1
37c5a6df9c11a51d43f647c3fdd0904d,1,credit_card,4,117.94
bbc289789c7c2753320ce35b3fb773a2,1,credit_card,10,671.8
a0d8479e0bc26a5baa9988711c4320b1,1,credit_card,1,25.78
05123197f45cd213617dbd9523bd23f7,1,credit_card,6,136.5
f556a3fc910afcacd3b1df7c7f120ecd,1,credit_card,1,326.53
f2052987962f815b4cc4f293e5a3868b,1,credit_card,1,154.14
53a1210daacade25d3e5ba8c7119ad0a,1,boleto,1,88.72
0f3d9a2f9aad2a8e778efe652994aced,1,credit_card,3,66.29
4072620bfe789dfeb38ae264e8e7fb35,1,credit_card,2,103.62
0203892ed7a2b76401830f4b82a5a34c,1,credit_card,1,48.62
d142143fa24d4a2bef6ed627060e7754,1,debit_card,1,73.34
aba950b9cde84070da405636a28d6ad2,1,credit_card,5,417.0
5564c14d026bf6c92241f070bb98fb5b,1,credit_card,2,133.46
9e5fd9b33580d845c54855ee2e3965b0,1,credit_card,7,158.71
e9c638926bb5ae1721803a4947acd5dc,1,credit_card,5,415.02
d0af04d05d7d5f1b5e65ae9b6278f57f,1,credit_card,3,360.26
de6ecf000012d5db3960671b364f9c33,1,credit_card,3,66.69
52b39f7d5f670b983cae0ae2607bb1bc,1,credit_card,5,52.59
3933b7e5a1db4b87455b4c0a6c561690,1,boleto,1,57.53
9a7d887bfce614393f07fa23c246e26a,1,credit_card,10,347.26
ad15c9a28a11dd4bd654f655432b931a,1,credit_card,1,77.57
d8460f226ff46cc80847aa244ac3d478,1,boleto,1,148.88
8c1d9edae3eb31bec39a9bc12b0b1368,1,credit_card,2,41.71
0470834755105bf0bb1c3062a73f1d99,1,boleto,1,51.5
5b6d199e9bbb33ac85dccad58acb53fa,1,credit_card,1,28.38
bd4e1aca3bf7bf2885e95ac5072be970,1,credit_card,10,360.66
cf101c3abd3c061ca9f78c1bbb1125af,11,voucher,1,8.46
2ca9036cf880a76f0a41894ede902e55,3,voucher,1,7.3
a001b4bdccb41f62d0c780dcfa1f6ab1,1,credit_card,3,64.1
ecfac5c29a3281d0ccd4cd7b53ae7ece,1,credit_card,1,26.43
0d21189c5494d8288ee358b3b24f85b4,1,boleto,1,253.79
9e7147a6ff3d5299da2672e1c64c9c49,1,credit_card,6,87.44
39597e816452d67775b185a4de2f583f,1,boleto,1,116.36
37f50248620b9081be972779cc175160,1,boleto,1,105.28
ab291c01a71273689c1e6ea624b083dc,1,boleto,1,71.82
afd71840756746edd2c71bd69b2e904e,2,credit_card,2,21.68
f280a33d2c98180e655aaca0e9b48cfe,1,boleto,1,319.11
dc96a12713fb7cbfd8feac4ab0b8f2a2,8,voucher,1,30.0
5ab5ab13fd02495f204ffe2724aecf49,1,credit_card,4,47.68
710e2c5ff9a94d1abd06aee65f2ab524,1,credit_card,1,187.34
3cc8411a4e4c202d794d444154b17835,1,voucher,1,21.15
07e8a98c9affe8a0d02edf6229912b90,1,credit_card,7,167.62
d7dfe1042cd73f6cdd20a71ed7fef816,1,credit_card,6,61.09
7ebc6754bb5e6f1cfafe6b2c9bb6df44,1,credit_card,2,56.75
ebc54f9d25f320184ed5cd3953e6a2cc,1,credit_card,3,78.7
ca3bf4af04cea159087307d0826d5ddf,1,credit_card,3,186.7
c5bbc2e1ea510338b16c37d3bd7437cc,1,credit_card,10,178.9
1c2ed37904500c8dfad13c54d3ed8043,1,credit_card,3,702.07
2dea508202fbd39c677502defdef2d21,1,credit_card,10,514.6
96fbf81fa0815632ed37610e1ab103b6,1,credit_card,3,72.56
d744783ed2ace06cac647a9e64dcbcfd,11,voucher,1,1.47
00335b686d693c7d72deeb12f8e89227,1,boleto,1,80.79
ee4d37f7666f4649a942fad1192bb2f4,1,credit_card,9,267.02
4f5045d7a7d322ba928da791f6d5c9f4,1,credit_card,1,120.19
da91ef7fcad23d653d582725ded9b667,1,credit_card,3,31.1
13de2b3aeb8d30a32011cb0017beaff8,1,credit_card,1,93.68
315525dbd71c2330c3f38a92d8fbba32,1,credit_card,1,77.08
d0a83a557633b44cd383dd6e539be7fa,1,boleto,1,65.71
18e404d32cdbd8bd2886579e59240685,1,credit_card,7,234.19
e13f9d9f79f8325d4f77d26e7384e9fd,1,boleto,1,59.0
59a98d09bcae9400968b67411edc5840,1,credit_card,2,98.13
da779b6680b82d9dc38f900be7380323,1,credit_card,2,65.79
048f3e9b77a965f84a501a7f29076128,1,credit_card,10,454.48
32931b358e8eb9042cf278a4e233321f,1,boleto,1,512.9
0a31cb63d4483ffbef1d5503752a0b5d,1,credit_card,2,46.09
fe9dfb5a8e406ad9ebccdae758e0bdaa,1,credit_card,3,62.01
df6741b0ea621f28515a537c85037507,1,credit_card,9,184.84
b82ba1f1f32eec47bc90651a5bb6dbbe,1,credit_card,1,27.77
d4ca24b86fdfe3b7d4d13f19974a2bce,1,credit_card,3,290.58
b044c65688e70eb150a89745a0016177,1,boleto,1,32.09
25133adfabbfa91f52ed184519933c11,1,boleto,1,41.0
958261a4492225848848d654759efa34,1,boleto,1,1046.56
67416a990d28642694e91be43a750284,1,boleto,1,316.85
24b1c4d88fdb7a2dc87f8ecc7d8f47f1,1,credit_card,4,356.13
d56cf7e9548584ea9583339b170f8314,1,credit_card,2,156.51
f889a5a0b44adc29c5465b99395ac3c1,1,credit_card,5,59.69
600c05aa649cdbeaaf763a60cd0a12cf,1,credit_card,1,52.68
f464100249386ed908422e3834b42607,1,credit_card,2,115.36
3b37ea038e53ec7ddd17eaf745201db2,1,credit_card,4,327.94
16979f290362d23a71acd4371ff49295,1,credit_card,2,72.66
a6a7393d9243496c42984148541c0bc0,1,credit_card,1,36.69
b81a52facd8a7b45a8227755b5578bb5,1,credit_card,2,158.38
73ed85f5462f78670fcd66c2ccd79f06,1,credit_card,8,163.72
bc23a4f24db6f84f1efcfe44847ba135,1,credit_card,3,219.42
ba8b9d2af2cab78e1ea29076e3b2b95d,1,boleto,1,48.01
f5bbdd05dbb39401798ee5b4aabe5532,1,credit_card,10,111.03
a6402daad4bcaddba5bcd6e7ce6336b4,1,credit_card,5,251.02
ec7450aa92a97c3397d0f535a6a78030,1,credit_card,6,149.04
9079f0a7009de87ec70254bdf060369f,1,credit_card,3,61.01
5778366745f5c8c33f8c7f0432373788,4,voucher,1,12.49
e94197623546186601aa880a31269468,1,boleto,1,66.72
66c251b81283a4147f2ba97851126741,1,credit_card,6,62.8
67f2f913bb16abed933504fb19d4ade4,1,credit_card,1,43.5
d9f085069cebe18379f8a966f47e4cbe,1,credit_card,1,43.1
0c7f49fc339a1aa66222dc4af4eeafd7,1,boleto,1,76.88
e352772318715f95a959d998f92158af,1,boleto,1,53.09
ee5cc68a9c849b21b595655a944b417c,1,credit_card,1,73.17
19a63221f98db001dbb52ad0d4990d75,1,credit_card,1,38.2
34d5a7f77e0207e1ff6a91a51aafaa43,1,credit_card,5,73.09
08d138a502fa05af63ac4005311484f9,2,voucher,1,41.45
ed3f087b848244c46b0f1844ca35bb1b,1,boleto,1,38.09
a3ed04e61d69f848fe6fbc4c904d497c,1,credit_card,1,37.72
f16ffb0adaf293c11fafb51770e1202f,1,credit_card,8,256.24
34dd52587fd9744fa3850f58049bb93f,1,debit_card,1,98.19
fc96b98d9e8a75af45c0d41844b50f35,1,credit_card,3,117.93
2b16c7fbd95d6e9c114f73e4d8bdf536,1,credit_card,2,54.0
38b40f7c313e9e6b08f38e7bce6d93fd,1,credit_card,2,84.05
df0b4d4ca3e37ebafbe0610b32fb69f7,1,credit_card,3,71.15
74be6f225276a31288092c4fe6664b42,1,credit_card,6,129.01
d228a9c137a2d23357ac9c661da7285e,1,credit_card,2,84.27
66794c8e67490721d1650537f7d82026,1,boleto,1,76.85
2f09f8c80542f3260ec457517de0a463,1,boleto,1,1442.84
a8b2111a24cd1ebe4246f720de1b238b,1,credit_card,2,126.92
38bbb94deba996cc4485e25cd0b27a20,1,credit_card,3,70.17
376fa786ca009c39d2d78a87ecd0d4af,1,credit_card,2,334.34
1db32e420783e3347ae3f1c6e65baf37,1,credit_card,9,94.24
d0462d19e9c58af6416a06e625c58f13,1,boleto,1,557.62
b7862d8553509d146df534b47d0fe1c3,1,credit_card,3,69.85
17d98bdb9b550bc6b435062e09aee717,1,credit_card,2,44.59
a2c173a8905b6e8f3c6ea83b7d9c6b91,1,credit_card,8,169.6
4e3a1311d6cf029c30c9ead449bfbd43,1,credit_card,1,84.13
fc31a63e2f4e1c8cab6b97ec8eee6f84,1,credit_card,1,89.17
ac244956f757aeeb76242334254bf9a5,1,credit_card,1,0.58
ba2500147cc381c7d587dede7f034f2b,1,credit_card,3,722.05
d3e38f61c91f2cdbf65e9e2c025f34ea,1,credit_card,3,116.94
762f77c76e347a456797effdee512496,1,credit_card,1,85.14
1057bf6391c17f9b6960dd996029e1dc,5,voucher,1,24.22
aa7968b0028d36ccc666016b18193b0b,1,credit_card,1,366.12
297b78c63260d89009ce4a807842a5c0,1,credit_card,2,146.23
1ef3f20960d2c64d49f7154f3fd63a43,1,credit_card,2,117.94
33fe1cb532ac16a48902980e00c26da6,1,credit_card,1,65.0
8d38f0c621183c4e95c8c65aba625120,1,voucher,1,61.25
b124d85cd6e55467812fa1bab3dce946,1,credit_card,1,64.77
859a1faf872d345b39b31e3c9e044325,1,credit_card,3,79.56
26bb5de8af735f6720c8ed5eba9c0e9c,1,credit_card,4,48.82
79d6c28185a5be065bf1931dc36a289b,1,boleto,1,105.28
67d83bd36ec2c7fb557742fb58837659,7,voucher,1,1.27
51bd57353e3e9dc73134394fac6f3ba5,1,credit_card,10,111.19
db29d18874ddbb8ca9f062c7b801a4e6,1,credit_card,1,89.41
62299c8f38bd519b17ca538c3232004b,1,credit_card,3,47.13
52888b8403ad3056c4f04bd686f5bd61,1,credit_card,10,246.97
f7c13c71907b58b590da46643fda3bbc,1,credit_card,5,105.28
c4935bcfe1d63ab17b37fac83c9f05b8,1,boleto,1,37.72
35725e258cb9737116914bd049f987d4,1,credit_card,4,88.62
45c9dc054d45b20502714951e49729e4,1,credit_card,10,311.71
27f2c6d84c40154475f997b5d6884f0c,1,credit_card,7,79.2
f2cdef1ef7aa4977aec14761e7254580,1,credit_card,1,77.57
5837a2c844decae8a778657425f6d664,1,credit_card,1,25.59
e5af3df04e781dc26254b1bec2563848,1,credit_card,3,107.15
28dfb1ca8926269a4cf22394487f6a83,1,credit_card,1,22.98
71e416d9d84276bdc21bbe8e5897f908,1,credit_card,10,130.0
30b0c07d80784b7d59b1a276ccdb0ae3,1,boleto,1,61.8
b77af0f085899f41789146b20028f90a,1,credit_card,1,77.57
b1746c7d13f52567b4cd6710249240c9,1,credit_card,2,56.78
ad679e9379f7d33db28625c0c859114f,1,credit_card,2,226.09
eee762de005b77487718377a445e292a,1,credit_card,5,1044.03
b4f8309e1091470cf3ffe3514ea93e82,1,credit_card,4,178.27
cf101c3abd3c061ca9f78c1bbb1125af,10,voucher,1,8.46
91dcd3e6ecaee5bd1d977fefc7b26bb5,1,credit_card,1,61.8
de4531ed564f2599a82ff123bc6f07c7,1,credit_card,1,40.19
17b296b73ebefd6213299342b09f097f,1,credit_card,4,94.76
8b1dd2533fbec1b2a1db8a602791dfcd,1,boleto,1,73.34
f081180e44957b00bf43b18a823e8819,1,boleto,1,70.63
80b0d3793468761fc92ec09064ef6223,1,credit_card,5,155.63
1e7f171b11eff2ba0ffbf95130c2f18a,1,credit_card,1,52.77
1491421ac3483cac70a09399f5ea1556,1,boleto,1,173.85
100ba6d6b73b6ff81956ec722bc10fc5,1,credit_card,2,146.66
68986e4324f6a21481df4e6e89abcf01,4,voucher,1,19.06
b65589b94530126b587553d33874aaf7,1,credit_card,8,113.92
6856cecc107b0c5ddfb732c3b370b0d5,1,boleto,1,237.87
0205c3dd6f4d8e348ee72fffd114fec4,1,credit_card,5,74.67
241a31d78d0e20975a8e070a4882505a,1,credit_card,1,69.81
17421d31a07ce8e9c61fe6b1adecfdaf,1,credit_card,2,357.13
a9c1797126d283581f739c4c96640963,1,credit_card,3,65.09
08320dbc54cab8156a9a9f7c74a8b078,1,credit_card,1,154.2
d744783ed2ace06cac647a9e64dcbcfd,10,voucher,1,1.47
4b09fc170c84e10e4caeff4d880db358,2,voucher,1,50.0
5921bd0f088c44dc7f90bd2f6b9c1816,1,credit_card,5,135.61
dabe75dc242585e529fea2c265e70da3,1,credit_card,4,86.6
aadce7a39633733ac0e5f23e3021e534,1,credit_card,4,49.09
52a9379019132afc103b9249b85ae705,1,credit_card,9,97.87
67d83bd36ec2c7fb557742fb58837659,9,voucher,1,8.0
6afee4d1cd8a4356cf91e4d9247824f4,1,credit_card,3,71.14
a824d8daf564c79aa91695c4126d0a06,1,boleto,1,44.09
356c676af9d2b3828c504330ea74ed73,1,credit_card,6,137.56
e91d272e6028aee005564c010fb10661,1,credit_card,5,66.78
fd628778e4d2c610c8806d7b69b4e749,1,credit_card,10,159.56
7af37eeddc46c55638ce1c2b0594261b,1,credit_card,4,117.78
9095f0efd46352f74ec4937fedfeb0be,1,credit_card,3,90.33
35b0df750240d1b187d59e193db40612,1,credit_card,3,31.69
9f6efc0aee217956f49ec6db05922667,1,credit_card,3,253.71
04c35d9b971c2df38635b6c4a1983c35,2,voucher,1,578.01
89e2bc56c561f718d762250d9d6eb0bc,1,credit_card,2,112.92
b9c7e6ae0060bbf1898ea61f765ca121,1,credit_card,2,86.02
65ef477f43ef52f4234fc5fff8df97e4,1,credit_card,2,28.78
6dd0cc64fed627388bf95943af884f70,1,credit_card,4,48.0
7ae9706fae7d40d10193ccda71fd0a62,1,credit_card,1,34.09
992d2942e83c306157957d54bf84fa18,1,credit_card,2,41.14
2e3400d43bbd1c921a404c654a0e7bf7,1,credit_card,1,27.69
d1084d0eb1f01efd194221baec7185a3,1,boleto,1,90.22
05c3b5a011d47cd6cd88d4c5d6c15b90,1,voucher,1,116.94
93ee9cb7db8225691be98c521eac1e28,1,credit_card,2,186.92
effac4ec58d76962fb4ffbee25d18215,1,boleto,1,74.16
a67bbe8654df3531b7c870495843dfb4,1,credit_card,10,152.11
f40a640657c0a3e1eb9d081b320875b3,1,credit_card,1,50.5
fb0a4ef54889cea0b3b2f144938b8bd3,1,boleto,1,138.15
44b7f7a59d7d3d4c6d72380e3af10e80,1,credit_card,1,68.62
75f433fd5ff62807235cb08b520c3c49,1,credit_card,3,165.57
829d14a0e060598e3de477687e72a312,1,credit_card,4,89.32
d4f742f7a223add48641c06ac0b96a25,1,boleto,1,246.23
3c31676dda1c2731a56d31f4157f72b4,1,credit_card,2,141.15
b4408ccc8e2918d17baf170da937ef2f,1,credit_card,1,59.09
a0b86c319dde7542c0899dbd2a4905ef,1,credit_card,8,115.35
485ebaf1444009348caf87a4fcb8f0f4,1,voucher,1,25.0
75808f860a87d99fd802237327cbef81,1,credit_card,10,218.25
9757bb9b0d295ca539b1b15c3eab9b2e,1,credit_card,10,231.27
53239db74c7835641f106ef90b3d0100,1,credit_card,1,154.9
f1d6d7277ac0980ac1b522e9502d87c9,1,credit_card,2,75.07
a6ae83eedb05638e88dace7706d71c26,1,credit_card,7,116.36
7cf5260aae0f17d544a95f631e3f5d03,1,credit_card,1,111.03
b20dd961dbee68e4ec89fc7d71e111cf,1,credit_card,5,161.48
241b1a5ff1d152dc47bf2093ea154edf,1,credit_card,6,60.27
2e14638c2db98313a31bd3078307ab2d,1,credit_card,6,148.19
57c2914d78f0d7f4b76089b7844e77ea,1,credit_card,4,93.78
082e1d9362de402518ac4c47b4d82dd0,1,boleto,1,58.17
136d740adc5aa0d3ad07f279eeb5b665,2,voucher,1,70.67
f192cff10ef337b0ec9028f2cb9bf874,1,credit_card,1,15.25
33db6a64af296383d427caeecd193d87,1,credit_card,6,125.15
621b885e17980cd76471b8414029617a,1,credit_card,10,1150.54
425a576f4dbce35f760bff4c6d50015a,1,boleto,1,95.21
17977c94608050b43e782e6f72874c0e,1,credit_card,10,347.26
744c590b667776f5108a23623d7e5b91,1,credit_card,1,38.75
95f9129acfa02eeb9182aea571c1854b,1,credit_card,8,168.32
f5af61697fe43fe2063f350ab4e80fa5,1,credit_card,2,109.07
315c80dae5ee1a5febcce0b470a821a1,1,boleto,1,77.13
d40d0673164267d3615028b9043b264a,1,credit_card,4,318.7
a086251b34a5cee0b8f56c7de72dba72,1,credit_card,3,116.23
902864b6c62e404e8a57ca48c90657e8,1,credit_card,1,82.7
6fa12c96b3e4f807bef7f5fa4c6a1b58,1,credit_card,2,27.77
b267fbd57af5b01a2d8b334b4215a51d,1,credit_card,2,56.62
ca64fa08707e6364a46a92d4092695ba,1,boleto,1,90.6
3bf64404e90aaf774854f9d82327af00,1,boleto,1,35.0
c1c74d57ba4aa420f6f3399f322cf82f,1,credit_card,5,241.76
c051db846130791230b85293e902d3a9,1,credit_card,3,80.11
73fef4e3ee8931c3e71fd76d01433bf3,1,boleto,1,169.0
090df55d4945ec96f88731875465407d,1,credit_card,4,73.34
5df5b6ce88b311095393f226e4366bcf,1,credit_card,2,48.44
66c3589804f5f5a67eb867cd5717a537,1,credit_card,5,116.46
98d327b68db476d9384f34d87a4244cf,1,credit_card,3,106.9
803d00122f7202a5dc14ec896930c5a2,1,boleto,1,102.87
066daea9ca27bdce0b0ef5e832427b6d,1,credit_card,2,41.34
41c45378fe62363faf80c45523a198f1,1,boleto,1,117.42
a201a3d5774c7b81c6a50dad1be5f488,1,credit_card,1,94.12
3ee6694bb99d5a6db0deceffcd099597,1,credit_card,5,54.92
a78de2cc0d6bc691e86e944979c373eb,1,credit_card,9,193.99
70e38e6c6f3ff404a97ab901da03db56,1,boleto,1,96.8
926f4d2c77e865137fca6a656848dc74,1,credit_card,4,54.0
cb655436a926b3051ca8d308eee56323,1,credit_card,2,64.9
67d83bd36ec2c7fb557742fb58837659,6,voucher,1,8.0
5e99406dbc4e63affa6367a3fd43c8af,1,credit_card,5,261.16
456305699578d4ca0be9fa96f39efe0d,1,boleto,1,312.39
132b39be91080ce2062bb6bede4d45c0,1,credit_card,2,227.27
8a42544dd494aebf0d95467be030d2d7,1,credit_card,1,35.0
c930f0fb9c6fed6ef015de48ea8dd5ea,1,credit_card,1,50.68
b483e46d6e6756224ac7bfebadf91e15,1,credit_card,2,58.99
6be65d2a1acba9c3882fe845f097c354,1,credit_card,4,163.39
b3fab805e1464e66b1cdeada30e954c6,1,credit_card,4,136.99
fdf3b97e92962b8843c67a2c85c21f58,1,credit_card,6,120.09
d71b1c42c6f9f86a5a60c831f0824337,1,credit_card,2,149.08
ae40329a07e105f799f1b2d7c2f4c81a,1,credit_card,3,76.76
315263a000cbcf3e4fce4e3c8dfd7603,1,credit_card,1,28.0
e548f19535ce3b22126e497bcc5d6e16,1,boleto,1,75.54
1231cdfeb0162a6f71bf9d6f9a8bf2ae,1,credit_card,5,94.3
a1b9f97c297857f45e57da6387381de5,1,credit_card,4,65.0
c214276ccd69c3953f880b487209f47e,1,credit_card,3,85.54
95aea1bd0c0c6fc2b84567b86c270a3d,1,credit_card,1,127.15
ff10b62db3f289f07be76e4ca32af5a4,1,credit_card,1,176.26
12aa4d1dee3557fe772894b57cb0fad6,1,credit_card,1,218.63
39a14db0962dfaf89800218567a80c1f,1,credit_card,8,91.67
3b9de7cf25713aac3ab7e5cc48d83983,1,credit_card,3,135.05
b5bce4a3cda26884862a0c05cc4effb1,1,credit_card,3,180.29
675abab9ccc9b20646e60d1846641618,1,credit_card,1,27.07
6f01b35ce046bc721e6d87e5a073c620,1,boleto,1,113.13
5618163d0f03dc885bbdbf56c08fcc99,1,credit_card,3,288.39
bb7d5814e355ecb8a9a70a80a13a0fb7,1,credit_card,6,67.3
00bcee890eba57a9767c7b5ca12d3a1b,1,credit_card,10,772.5
353c2d85938ff4228ec749b7b461561b,1,credit_card,2,89.1
2451b9756f310d4cff5c7987b393870d,1,credit_card,6,349.7
30e5fcd06cb431cd8941809a3f2f0f32,1,credit_card,1,32.09
021f26893462ec6a677baba7f06ce4c1,1,credit_card,6,61.8
cf229e9a3df6543d25bd826262a12a8a,1,credit_card,1,20.75
62b7574be0b7a8465822312be8cb07b8,1,boleto,1,292.37
465bf9fa1326d9215c7f699901a7b30a,1,credit_card,1,35.0
c936f9b318f6683d2b902e1219ed2490,1,credit_card,5,257.66
9ccdba05192bfa286b86afb44d5296c6,1,boleto,1,62.78
9e528d40350e823ff188831cb38696c3,1,credit_card,3,108.0
e80d57705140f5094ac949c1c982fe70,1,credit_card,1,228.61
d7fc8d99795c8cd82eeab767e889e645,1,voucher,1,62.01
a15cd71dd4db516dde35ccc4ca07c3e3,1,credit_card,4,52.47
cc3ec3d8a0adc29d2f942ec3b743559f,1,credit_card,2,141.5
d7c320185a2f9b32f5e2370ff3f8bd64,6,voucher,1,5.69
f37d444498e3442d5896c6d98a89eb09,1,credit_card,2,81.72
bd5a9582291175251c3dee0c4a87761a,1,voucher,1,146.12
d7de9dbe0c0b04bf4402594c60a4991f,1,credit_card,3,145.74
c9cdc25f8eedefdbf5ddf8323c013010,1,credit_card,2,173.07
dca5f2eb158a0d0ad2f5596084f13fc9,1,credit_card,2,85.13
fc024e7a7e5a5ac73800730c0b388063,1,credit_card,5,118.17
a51972957a794d949aa4f39ca52249fc,1,boleto,1,22.78
0611a79fca63467aea19ba6f75536058,1,credit_card,5,89.56
8f836421e8adb99ac1f8075c27949f7c,1,voucher,1,116.74
0f12cbc174814d0b137bb00d87bea3ee,1,credit_card,1,58.9
8ba82ebd20e0c7f083b53f3b3e78614e,1,credit_card,4,220.04
13fd69ecde7da52a8d2a2d5eb5cccf6e,1,credit_card,3,67.57
d10e793014e73d34ac716fc8e8b721a2,1,credit_card,1,24.09
71a9bc15cae2d58e86e4be7ae0ddc592,1,credit_card,6,134.01
9ea3e77998212b1f268aa1753f3d421d,1,credit_card,1,21.97
dce845cf61098865d01085518184dbb9,1,credit_card,4,86.73
c4d1c7a8479672cfedc8850e5ab6f3c8,1,credit_card,5,353.6
e9ce52cd563d0124dced659e69eab10a,1,boleto,1,312.91
c9c703564ad4d6fb43a1cff5524574ac,1,credit_card,11,170.58
f422fc9079ad77e0ec5a6ef2fbfc51cb,1,credit_card,3,135.12
af93940eed198259e7d1964a641155a9,1,credit_card,2,63.27
68986e4324f6a21481df4e6e89abcf01,2,voucher,1,21.11
cf3b788513af1a4ad6085b96b4954656,1,credit_card,2,61.59
46184b89fda9079331dc0f7dceb061c6,1,voucher,1,238.86
293cc84f84b10fcc962fb304ff3fdc8a,1,credit_card,2,1199.47
b787096bc96d359f4bacc2f80047c2af,1,credit_card,3,85.08
efb954f0f94973f526cbb1c0492bcffc,1,credit_card,7,77.57
6c0f95353e3e9b3daa3a9521da645453,1,credit_card,6,77.52
b072d6d510b1444975b212db037ab429,1,credit_card,3,80.2
5ef19cbded760e407b107f1be0e293f0,1,credit_card,2,43.53
76bcb1e332f23e1b82baef84baaae1df,1,boleto,1,78.75
aa9e7e290697c3c9494307fe13cad72b,1,credit_card,10,233.81
2b99bf6a37b3b643b24ca08289526f96,1,credit_card,4,44.35
68986e4324f6a21481df4e6e89abcf01,1,voucher,1,14.27
f4b76dbfe0f911217da5adaa458f5b5b,1,credit_card,5,165.71
ef70e4d6b81be0fc423f1b77e4481e44,1,credit_card,2,28.74
aa7ec2352031fdede37174861e5b20ad,1,credit_card,1,75.76
05afef1c185862cab9062b322ff25cc5,1,credit_card,6,101.32
91116032517d91c1180ea2bd34db30c3,1,credit_card,8,261.47
543208567174edffa48d4c3262b0343e,1,boleto,1,328.67
3e7abccf10d4c0df7c6923d7852657f2,1,credit_card,4,48.01
8b0b0bb16bfbee0b827837e8d27e4a35,1,credit_card,9,159.86
ea3c8982e2aaa8f92872beb90375f41a,1,boleto,1,77.57
4fb64bb04e5235a2c7b3290e21c2938c,1,credit_card,10,227.27
2e87cd077eb729dac6f6035112105f51,1,credit_card,1,35.1
359b8545fa52faae433eea1788c2556d,1,credit_card,6,62.01
05b126974a95c4a8c2ed51e8e0334c6e,1,credit_card,2,144.65
fc9ba70734085a86473b191412439627,1,credit_card,6,153.52
c75a93873120c5c97163a9b43af4a159,1,credit_card,2,43.91
be844f368fa6d0d3ea9f81f72d668b67,1,credit_card,10,366.19
2429083883078c31cf2337ce0dd425ee,2,voucher,1,331.69
18a9ccf08fbcc3c0bf4ad9ceb583f2b6,1,credit_card,4,97.71
d6f69373bd8e19dddb4c20e6d01ea72e,1,credit_card,1,68.02
99f10393ec3328b3b416a154afd5d714,1,credit_card,5,155.14
b2f6d9c004d4df667af498c97106b8f1,1,credit_card,1,178.89
e5b028d46d9a166f78ac079067c847c2,1,credit_card,5,170.84
c2bd00a4ebada36e6e2b5457048020c2,1,credit_card,3,220.04
58d21ad5a9ab4a46289353de5219fefd,1,credit_card,1,29.24
a91ebde34a74e0a0116aeed6da3709bc,1,credit_card,2,116.94
94aa11237bc16075072bb3569a0bf5c5,1,voucher,1,16.77
2f900d5a897afc4d898757b047f67052,1,credit_card,4,64.62
abff5d60e5e2c3597532dd698c8b7e1d,1,boleto,1,44.1
5ad674ed6e835a39a6a7d73bc989ce57,1,credit_card,10,396.1
727d6f1c0f045a1a301ea6484e83697c,1,boleto,1,56.78
a509a0a8522e394f8a140c7e3046731d,1,credit_card,8,210.47
7208ed743ba6f3fb18b053cceca90240,1,credit_card,1,50.0
3f5e0a232057280398c649839e3fc4c7,1,credit_card,1,43.1
7ea643d8802c6875dc51108bd2386c8d,1,credit_card,8,419.04
ac56367131672fa50d4af1148bdb1f19,1,credit_card,8,246.36
1ce0acf125f1bcd636276dd213363196,1,credit_card,2,55.18
969845b1c24ed7c5f3d07b64667967f8,1,credit_card,5,119.66
0ce15b4615f37580142c31f7da6147e3,1,boleto,1,41.0
8a22adf86aba1b368f60fc28338e466d,1,credit_card,6,137.99
72169ffd15efc268ce012f931a368c4e,1,credit_card,1,37.61
218de7dde39167d2389f3cfd479228b1,1,boleto,1,70.74
bab35d4bee5e00cef20aed6a2cb89dd4,1,credit_card,5,287.53
e914968a4a80318986033740e89717d8,1,boleto,1,64.0
904a8c5eecb566b06d4737b0cde3e0ab,2,voucher,1,37.98
77ac4951da6c2361c816314422cf20e4,1,credit_card,1,26.68
c8947a583ab9791a5a9d02384cb84302,1,credit_card,4,59.85
9117cb1453a713abe416e4bc1503b2e0,1,credit_card,4,90.05
b9aa04fee730826d066fd6b7f63def15,1,credit_card,2,51.2
81ba9566702881081845a0cde9767e2e,1,boleto,1,465.42
237b7387b0657475c4aea69a0fdd6ab4,1,credit_card,10,137.99
196dbe48685e509293d3214cc1872d3e,1,boleto,1,35.0
c14cb154425639c9d91bd601bd5afe89,1,credit_card,3,87.03
9b4ddd2d21877e12b98da60f30858d4b,1,credit_card,1,90.85
f82a3c6e1e4ad29964e50eb40ba50ea8,1,boleto,1,166.81
dafb12075abc3168e9addb5ccf7a02c5,1,credit_card,3,97.78
61a9adbc73db5e5c33e5d6d528f8846e,1,credit_card,2,61.8
d14713175ab3ff245a441613d7242f3b,1,credit_card,7,236.88
ad66f64c10df4649e7b50b942f5f4bd8,1,credit_card,3,350.84
56eb83c381de8a63428ca988db654080,1,credit_card,5,105.28
b2bb080b6bc860118a246fd9b6fad6da,2,voucher,1,24.08
eecc1b7c0a139c574d4f9f7e707bf083,1,boleto,1,81.89
8b1358b5d34e45d8a7a08698b494afee,1,credit_card,4,83.8
346ad2942aeb4695a2e69faa2479aee7,1,credit_card,1,56.63
2cd690a78448d2d942353c66dd6f6064,2,voucher,1,100.0
8c564f7121a056c75bc5a1357cc4c5aa,1,credit_card,2,118.01
7d57370d053b938c6dda99e5b72ad270,1,credit_card,3,70.72
862811aea831afcc63f6155283f1a922,1,credit_card,3,92.62
c770a2c821be1649e3bff529f0e97b7d,1,credit_card,1,37.6
c3b3b91815037977b255690978788e1a,1,credit_card,1,77.65
92576d1a063e02c36301ba8edac515f8,1,credit_card,3,121.38
d9ef01ac2f68b2c46dd0440941e6e70c,1,credit_card,1,28.0
82d8553c3dd123ec5e37807edc69fc76,1,boleto,1,76.89
6f46d42016226f77893ed3978d6903d0,1,credit_card,2,43.0
67fa9997945e53898352ceff7d7b37a6,1,voucher,1,20.0
85b7fb0f1d1623de1a0d5dc4c4ca6879,1,credit_card,2,25.38
9260673a73f65b3c54fdca21a92183fd,1,credit_card,4,103.55
04c3f7aeb511208363bae893105bd410,1,credit_card,1,141.79
f498aab8c4d72194623c6dcdb2561b3c,1,credit_card,5,144.78
bddeec8b20313e26adb47e0293e54a7d,1,credit_card,1,68.38
f0107a10578d0418c07ddd6bbec0f94c,1,credit_card,5,53.98
08933455a78346ec6d1d170ddd9bdb3c,1,boleto,1,37.77
1cee73866d7513dbc499639d14020ce4,1,credit_card,1,61.75
b0c677ad0ea26bc5e9e3fd85bf05c9c3,1,credit_card,2,114.14
119a3c5bf983f0498c0c21c1aca734e0,1,credit_card,1,123.8
30ebb82a012b4f82c32dda68a80a0622,1,voucher,1,99.7
0c2c3c3a68e0c7184832879c6fe55a94,1,credit_card,1,33.69
2f2df159f26ddb73d55ee72372200d3e,1,credit_card,8,166.81
773e052382094f4af5d9a4a7be618971,1,credit_card,5,74.72
527f95bc978265984802f8ef4ed9dd51,4,voucher,1,4.84
ee76c8b8bd42ca7913d033a9dea1383f,1,credit_card,1,231.27
c5c439c95db69979fd8f66c6eec564e5,1,credit_card,3,112.94
29182856a24c6eeb1d7b81ba1fe63190,7,voucher,1,8.1
28071571611dcdb56bb375c9d6ad3fab,1,credit_card,3,64.77
fca69dd3e60777ea363bd9d95a9bc86b,1,credit_card,4,48.09
b81fc2a4875952a72ef06b533847377e,1,credit_card,2,183.64
26a4c5b97bdf4e499a22334ea494e883,1,credit_card,5,349.07
1501377ae464c309dd74f2ec71daf9b5,1,credit_card,2,86.73
14c9f30dcfd7bff68d5663ce8626cc19,1,credit_card,3,292.39
e227bbccb113df7570b250faab62f29b,1,credit_card,4,87.73
d8d2a08b724c4ce7446dea366703745c,1,boleto,1,152.94
d643b90035abc9dd9c5dccfa857bb12c,1,credit_card,1,155.64
31b7099f02dfb1ef54bf9b3c44aaf417,1,credit_card,1,8.47
b4569b2bb5498e383b5e2bc4065a2a41,1,credit_card,5,145.29
0c325ea6925de749e1420be0cf43587c,1,credit_card,1,156.64
069d3deb0a2f7dec8447aa0140aea178,1,credit_card,8,89.63
0f0238a7185cf8f3f3f6404d1f5ea306,1,boleto,1,220.04
011b8dd4f8c36fd4fcf50643ce91d58a,1,credit_card,3,265.98
de5881f12fd365b2a48dbcccf5241510,1,boleto,1,87.73
60243a953c19e3606e7757264ea2ad3e,1,credit_card,5,102.03
db9b55d97dbfb1c7cc31a62b7983597d,1,boleto,1,104.37
4fb3b317ad7e8e1d246e73b8ab6de2fa,1,credit_card,2,61.88
22c95bbadd1ed008fe46549ad83e820c,1,boleto,1,59.85
12b69999b64f73f3cdfa23512584c8d5,1,credit_card,1,59.28
edc8ed56158af55c22d0d8153e921879,1,credit_card,2,44.67
6a5c14e6b9a898873a371e04d2e8f4d2,1,credit_card,2,116.1
4749ee8fe12594e5e3b2170f35ed441d,1,credit_card,2,211.83
5e7610e3386d2abd9358070c4b9e29e8,1,credit_card,10,271.38
bfaf2a2f0abc56602d3b0fcf99576126,1,boleto,1,115.81
8411b2a445133d0ab0a16801f7b22f8f,1,credit_card,3,36.75
1cef8c054a99de4870f9f34b4822f206,1,credit_card,9,218.63
67d83bd36ec2c7fb557742fb58837659,1,voucher,1,8.03
647b9b6ca86146f9f4c6cc9cc9778bfe,1,boleto,1,584.84
e424fb3a9a9c116a762d83cdcc872c58,1,credit_card,10,105.0
d4bf1286601648f75bf89839e7991d17,1,credit_card,3,172.03
b92773553b06cfc1042db69dc1a5b70b,1,credit_card,1,105.28
793d6cba27a505c143022119b8f313f8,1,boleto,1,65.09
bd5fb1f78168328d1f86591c9c631171,1,credit_card,1,66.24
dec35be986f60651db9bd0edded4ff75,1,boleto,1,126.92
5a00b4d35edffc56b825c3646a99ba9d,1,credit_card,1,157.13
529bc1df87311518b0facbd66aa23964,1,credit_card,3,84.23
ef58bcf242133d6cfd9931ba4061e39a,1,credit_card,1,63.5
f8276f728f18fb120f0404c7444fdc30,1,credit_card,5,102.03
4b71e4e408d1d7ba09ce9de51e198215,1,credit_card,4,48.69
c2682afdb84368351a76f8b0c8cc47d9,1,credit_card,6,136.14
23640b43da6ae4ac5a21782ca8c17c39,1,debit_card,1,49.09
a96e4916afbe040afbe005d10eb41523,1,credit_card,10,202.74
dca3b709f4c0389495cb4fa1a063440c,1,credit_card,4,47.63
f2afcdfbf3e9be7b7561ccd2a7e4a9cc,1,credit_card,8,267.51
dcd7bf0e4548b5a99e81cca7a7160042,1,credit_card,3,34.09
e27677cc62d6c8851e3b143c2e020291,1,credit_card,1,40.1
9c77966338b7a4afae520a5723c937a3,2,voucher,1,66.27
f00444f4b3ac26cef3dcd0fba5d09ad8,1,credit_card,7,156.33
32779f6285849a399d09a038397d8e8d,1,credit_card,1,35.0
8c8eb180639e9bf917a45e7acef96a42,1,boleto,1,163.67
b7e0017e946ce377e3e0559d5cb1200c,1,credit_card,3,332.62
d3a2d71aecfd58b0ddd6b9d7b56ed55d,1,credit_card,3,101.71
a4393c3b5a8769765b6bffedbb5c72e1,1,credit_card,3,32.43
f56fc50c76285f17b655e6bd5a210799,1,credit_card,6,61.05
fa481f6753c67fbae9e5c33ad91c5049,1,credit_card,5,280.63
bf92c69b7cc70f7fc2c37de43e366173,1,credit_card,3,166.71
a45f14114281e909364e9833b3c22047,1,credit_card,3,86.15
db963ee03edcabe98f2df559e84a353f,1,credit_card,1,462.56
9eb250f89f6131900dc80bf8e8389de7,1,credit_card,5,202.82
f88efafe68a38b479def426923166490,1,credit_card,4,204.62
baf34be6cfe3f776452debc5836c7c4f,1,credit_card,5,129.91
c4b7a58ef60f4839159cd08137d4a18d,1,credit_card,1,136.5
2c8ae71873abf8c37c3dbf4322dc9a24,1,credit_card,1,125.23
43a57d07af3699cb326ea4b1f6d0bae3,1,credit_card,6,102.03
9da45042d8eb6c75611db8ff1a176f8f,1,boleto,1,163.06
da3bac2656a4b63f668843b70a0a38b8,1,credit_card,3,65.0
b3108f27643eea40f4f48165e702ec26,1,credit_card,7,85.75
3ec7827aef6348ae5387e7dd08a53de2,1,credit_card,3,102.03
688a1fb5a54c53aa2933100d86c19f72,1,credit_card,7,253.87
a93a771dcf97a2cca0be3bb159792b1d,1,credit_card,3,64.0
b3e2b81932a8bc32dfffd128937c3c5e,1,credit_card,10,220.04
21ff9e52b420083bfc502b827916d069,1,credit_card,10,266.38
4b32a4cdfc1b80066a8ee3a4b7a2094f,1,credit_card,7,173.85
cd0898805c856f3bd20017a200c6f581,1,boleto,1,116.59
f44290da5e8c6072226e24963b341e8e,1,credit_card,1,82.4
5e5e7f7a2ede19230d510a4319015e48,1,credit_card,2,47.71
9704b8f76b77e74be19dd79d9371b6b4,1,credit_card,5,134.15
d4a3fcb38e99c7475fc42900f4254301,1,boleto,1,20.75
3a77a7ed1713621145e55291dc896c5d,1,credit_card,3,173.33
d3d3517767529dd0eb9e27a460be3497,1,boleto,1,134.94
f40832d895b3e03277b9ef60c23d323c,2,voucher,1,100.0
969c73dd2cf6f487633983f1e4eba3e7,1,boleto,1,68.89
a87171ad4e0cf849208c21afd0e1edcf,1,credit_card,4,91.05
16fdf4a442f237c6092adf2a86443dc9,1,credit_card,5,146.68
873c64b7d2c1e3856c72b20334b38dd2,1,boleto,1,121.59
39afaebde7eee782d3af7b62ead3e32d,1,voucher,1,60.85
09224348db675e0c2a00ebe2bd9599db,1,credit_card,5,153.7
1a95dfd9e13740601984c50db97e0848,1,credit_card,3,150.14
40cc859428c50619d8053998d45aa202,1,credit_card,4,137.08
c89639dcbe79b6451bdfa3143a968d57,1,credit_card,10,368.69
e666d7fa06d295372a716b917c2f94de,1,credit_card,2,43.53
b197c69f9dfbfc27ce0254caf81ea16c,1,boleto,1,107.85
addef08806ad9aecf14f8577435cc798,1,credit_card,5,119.66
676909a2d3e6b18493578ed09d3e9e03,1,credit_card,3,62.62
1be1c706ca05fafa2f99d335601e9293,1,boleto,1,77.89
d9a40c62c40151c4710705c2b92b4a50,1,credit_card,1,96.93
ed07e6cb75956d0f36991bc3de035296,1,credit_card,9,93.58
7de03e8d15c7de252f740627b5f666a0,1,credit_card,1,31.75
69461f29dab0cf81b5f953ae062a767c,1,boleto,1,27.77
8f5c0b7943a43043c30c4ed2cc43fda3,1,credit_card,1,70.17
1e20cf4705f6ebc093f591e8bcde44a3,1,credit_card,1,40.68
d6a4e0f6f17d5eda710c204339ec6e51,1,credit_card,1,65.55
429879e52accbd209d4e3c7994cbce25,1,boleto,1,156.33
e69bfb5eb88e0ed6a785585b27e16dbf,2,voucher,1,161.42
cf101c3abd3c061ca9f78c1bbb1125af,12,voucher,1,8.46
0d4ec8ac8110edc00c3f378607191877,1,boleto,1,61.05
807d573c36fdd71594efae0ca1db554e,1,voucher,1,62.62
8c24ab6e056330685aa0bc69893f0ff5,1,credit_card,5,79.47
07efb6b65a21feb31a7567eb0dbd2476,1,credit_card,1,28.19
958e577696e108a5f94c9b0f1b6f763c,1,boleto,1,145.57
adb868b8d7d0bd7fa24ed186543075ca,1,boleto,1,71.14
1f9624a22a45c44073523bcf6f1c47a2,1,credit_card,5,114.33
abe6fc40cd1fe4d8d308811303a443ec,1,credit_card,1,221.0
c9c3b33329e09fe7ca7bbe36ba2e439f,1,credit_card,4,119.5
1816604dbb7f5d2f152dec74b3379aa2,1,credit_card,3,77.57
dacb2204acffacf83274bceb72cf34c0,1,boleto,1,32.58
6c4e1e1b0508d7c73164b8890daa28c6,1,credit_card,5,80.94
5db44e5b8064f2de158539b19c8e3ad8,1,credit_card,3,39.75
07fc346abda30b632be799f5b4be2bd8,1,credit_card,6,231.67
780bb1875afb8783be7fab39382d8eee,1,boleto,1,37.54
9e8bf3ebc81cc29ee6e934d95370e5bc,1,credit_card,3,70.12
fcdc0725071f9d22fbb097c56f249f97,1,credit_card,5,119.31
152066afaaba08a8a38cb198f0b9b38a,1,boleto,1,50.38
c75113aa2bd1c8e9b847c8c8c6490a12,1,credit_card,4,48.1
d3959554e1b8636f9d873e650d4eb407,1,credit_card,3,139.87
0eae12a41feb1afc14ffe3ec81feb168,1,voucher,1,64.82
9103eec003eec6e15daddb31db5d756d,1,credit_card,5,77.66
f65b97e0ce63435e9d58afec633f3f69,1,credit_card,1,48.62
d744783ed2ace06cac647a9e64dcbcfd,12,voucher,1,1.47
b8801cccd8068de30112e4f49903d74a,1,credit_card,2,27.77
59a0b1e1b934789d033dfb98797d9d34,1,boleto,1,160.3
f161d2927f0847f8fd74ebeb8a7b3a80,1,boleto,1,100.77
bb0c84a759545be3fa2155ad0d43444d,1,credit_card,3,220.04
bebea877b428a591d93c72cccc33f53b,1,credit_card,2,124.4
191abde9c3bf77d1ce67d100d8db6d15,1,credit_card,14,148.4
8aa41a2ff86625ff13d88f289b48714c,1,boleto,1,148.15
e7a7c3f23a94a1094f891ae30eeeccd3,1,credit_card,5,168.37
dc942b12a2d1c261d42dbf4ecd4451f5,1,boleto,1,172.03
7579e83c4b3105eb739458f2e6fee4f8,1,credit_card,1,64.62
44c279ea1dfb53fe8e70511726cddece,1,boleto,1,52.01
f84c351f8ea512e04301c11470be273b,1,credit_card,3,167.29
bda572f45be73ea760e1284b291abdca,1,credit_card,2,54.0
31ee7866f7203208e59eba90498ead4c,1,boleto,1,103.0
26a44b28ac942b09a771479c880882d9,1,credit_card,3,77.57
c8d07bf0161cd0a2aacc163c238f397e,1,credit_card,6,235.19
d62dee82fbbff8937958215d8eddf5dd,1,credit_card,6,204.06
fbb8b95a779702d51ecf6fa530a997d4,1,credit_card,5,51.69
6a8df9094f1d1367d930609a1c7b5448,1,credit_card,2,69.99
f9fbe9f30c594fc18da81ade79348518,1,boleto,1,97.71
97eb626e84ddfbb1d30de510d7dbac1f,1,boleto,1,30.0
f9b9315ba69bd868c7a741f96f944dfb,1,credit_card,3,77.66
d47f38bfac7123996aa56e7dfa5ba657,1,credit_card,2,63.07
0e5f95185b8be5365f07906c419286a4,1,credit_card,1,38.32
098899a1fca44446ebcd6eb00297d33b,1,credit_card,10,236.21
4ed4a6e12e74982dd78c78df1ed3f372,1,credit_card,10,151.7
cc523a6c97b639bed8ed02ec7b87165a,1,boleto,1,131.44
c0aa0e99afe6f6dac845326a854690fd,1,credit_card,1,131.33
9028c9884410afc6037fa0ade14eb571,1,credit_card,8,203.39
4d51efabbf910d08f6cd53443acfb25e,1,boleto,1,52.0
729a7bb44995146ae1829243068341ef,1,credit_card,1,61.06
05c5fe623dddb59ad7462d5adf24885f,1,credit_card,5,166.4
88fdf07e2e8bcf581835191551224be7,1,boleto,1,117.23
ebb7be9b346d08fc0d788e3b9e4bd02e,1,credit_card,9,95.21
6066fbcebeaf378770ad9fbe8e30d1f0,1,credit_card,7,71.63
4c225b047eda6a8fcff282ce94b8fcc8,1,credit_card,4,272.23
ee2201177cf7e3f0d85cfb44a6a548d3,1,credit_card,6,738.19
f126672370e29ca70e98d927eabcadfd,1,credit_card,2,48.62
745153dbea0349a835594747a878f5d8,1,credit_card,1,162.45
c3fdd79a248296dd41d7369eb034db97,1,credit_card,2,150.67
3e7bc2221b2c46fafa06f741386784fc,1,credit_card,1,240.0
b2e2410ac54dcb51230fd94aef5bcd2c,1,voucher,1,25.0
fa15822d98611a4ab8e33249b788ca7d,1,credit_card,7,141.48
7876404b81dcee26d47be1c7131b16ec,1,credit_card,5,67.6
de339d3dab036509a47753ddb94f1d55,1,boleto,1,307.24
6e8ff76e6abbdfadc22d6569bf5b1ae8,1,debit_card,1,50.09
33c951f1c58e9cffbb5d580ba22a7158,1,credit_card,2,97.71
0a8c0b59c2efaacc405838782a56c156,1,credit_card,5,113.72
a1a904e8b9bcacd940d9e8f476467cce,1,credit_card,6,134.2
1571408d523ba0bd850d9621252be53a,1,credit_card,10,447.09
4d87feffe740c5cd3c00ed67233c29dd,1,credit_card,2,77.57
5716624efc4b08c1811ea65d40e31427,1,credit_card,5,167.29
adbca6192a6df354651cfc657e0935db,1,credit_card,3,173.34
66ed65fb801b44984e7a79b2d0496772,1,credit_card,10,255.84
25fe494885908cc898eceec3e6594d2f,1,boleto,1,49.1
51c1232b13f85df0b7704af559d49c07,1,credit_card,1,45.38
c65b423dfdccf2b3fb6fec8446116d32,1,credit_card,2,58.71
79563470c891926bb9507d1ad1ff661d,1,credit_card,1,172.85
81a091e3899d0cf00a11d67dbefd9ad8,1,boleto,1,125.47
2ef7655210817ffa67b86a61331b4c92,1,credit_card,1,196.92
782a9da702917cb4033b7a78c342fa71,1,credit_card,1,55.69
19b9083421d73aac95bbafa1972dbc45,1,credit_card,2,34.27
485ebaf1444009348caf87a4fcb8f0f4,3,voucher,1,22.83
e04cfa713960b9fe50d64e5082155c8b,1,credit_card,3,199.51
f392f7aa851a5da079d2a4fb24357b46,1,credit_card,10,127.21
b431ef5386c1579fc784586883d7ac91,1,credit_card,1,46.0
30e476c243252bdf160c2490607bc3f0,1,credit_card,1,37.17
435361f134c9396bdb0de6ed227fd883,1,voucher,1,130.31
aa9216f0e8af39eb6edc7e44fafabb41,1,credit_card,2,68.89
d167a1099cf2b9ccd885c665394f5fd9,1,credit_card,3,70.82
ad299d950f0e7f4950182f81129885f4,1,credit_card,3,160.23
39010dbe92bbbfaf08e8d13f7c9bb118,1,credit_card,3,336.59
a4b45ae5dd9fc64c6ad2093aa51dbc30,1,credit_card,4,151.92
593732bc7133b31a809050a3df77f34c,1,boleto,1,57.28
20e223f06b4ead7a6d8ed147dae59b12,1,boleto,1,75.08
8f666421a7087098ff93d80f26e0bd6d,1,credit_card,4,42.38
cf55d16f64505cb0732aeb401f30b591,1,credit_card,10,212.43
746c571ef93dfd0c1ee0a6d4e9d983c7,1,boleto,1,37.68
9ff3e241540e425f38d0d2d2ba90bbfb,1,credit_card,4,65.6
2c082256a8471418c6cccd10c289051b,1,credit_card,4,86.27
cec9f2d01230a5ec8b92b222bdcb3c41,1,credit_card,8,354.9
d7918e406132d7c81f1b845276b03a3b,1,boleto,1,153.15
d3a49d9f4c7efe1107f8a4a8c140af05,1,boleto,1,58.71
364d745d7d2b5bc2dd6348b8e71b5d03,1,credit_card,10,622.42
448795135b904d057254f5fd0d5a6a4c,1,credit_card,15,723.08
c89196f74a201cf6b6a9f51b860c1614,1,credit_card,8,197.95
764f7137987817d50f0c30066b8557d3,1,credit_card,2,61.05
67d83bd36ec2c7fb557742fb58837659,10,voucher,1,0.74
844b8b73a94f61b9ff8dc1e88c081365,1,credit_card,4,44.07
6feadaaee762109cbc3bfaf93254fab9,1,boleto,1,37.77
fdd4a2c5c0d42678df8d78ec3af7d314,1,credit_card,2,239.0
e2f630b53cb2637be372c3810b089868,1,boleto,1,175.32
b67babff39aeeae3f39e5575b7886f32,1,credit_card,1,32.7
76b8ef6b0f6db30a373e60af37961b2f,1,boleto,1,483.85
dcae1a4fbc7d4b516388c70ee2cb9cd0,1,credit_card,10,137.99
61b62438062a85e41edce3f024afe81e,1,credit_card,2,96.71
2faf6894dfaf3faace515f0a830d69b4,1,boleto,1,61.75
4fc7e9c8c1ed5a3c716070a42e80c5eb,1,boleto,1,64.07
dad7fd1c4434137c836f09ae15ec86a4,1,credit_card,3,185.05
2ca9036cf880a76f0a41894ede902e55,2,voucher,1,7.3
76ac5a9b38c945eb910681d171e98c55,1,boleto,1,223.14
cea892923b3775abd19f80626d4b5d37,1,credit_card,1,155.14
988e590d97e4ab6873f71ae33427afed,1,credit_card,2,56.85
b29bd22b23303a9d539e7dafa573e282,1,credit_card,5,116.94
e45b8a62c43866e3c9989324547db51c,1,credit_card,4,98.98
b514b1f7c5528c90353b809b62621ea5,1,boleto,1,81.72
3d4369dcce579868d4629c19b96260c9,1,credit_card,5,302.37
ec604748dfe7d284c0316cf22cac3b33,1,boleto,1,137.51
0392bc239ce28b0377e6b3073df2c674,1,credit_card,1,35.49
04276973bd289a01c0eb40a277fd919d,1,credit_card,5,79.09
e1da8361c76cab67aa3588a1fbf1af54,1,boleto,1,253.4
9d4f64a1f986f46f1a1b1ffe3237c5d8,1,credit_card,10,346.88
77398a0f3a4c177f2c4c7010abb1d9d9,1,boleto,1,464.89
9f3458f0433d4cfa472f4682654b8d49,1,credit_card,4,78.18
17c378811f6ab30e2c7d554f2d4fbd44,1,credit_card,1,1300.57
e23cd9d0832eeac3bc6e9c55cbb64a53,1,boleto,1,41.54
6a2a2625b249a88c6ec1b37192c30c6d,1,credit_card,1,130.26
dceb62e8fa94b46006c9554fed743df0,1,credit_card,1,35.75
14a76254fd8b520137f06d37b1cdb8d2,1,credit_card,4,175.26
8bd34a173d34d6aa86d5e4a0627f7b97,1,credit_card,2,47.35
121c96617b2e0acee04016a0f37c1c7b,1,credit_card,2,55.0
ab6ccded40dba2056dfa826368b5adf3,1,boleto,1,34.75
049bad09d9281445edb6dd1d6ece7395,1,credit_card,2,87.71
fe2a11e8a3b98effc469854cd38fafec,1,credit_card,5,156.45
3e0f5ef6c203acda1961682cdfe47606,1,credit_card,4,94.25
e077480e5c55c37d64833e295eab9b3b,1,credit_card,6,136.44
538c04c1b131ec55fcb33857d597c05e,1,boleto,1,74.16
2dd878438308a6896f7a9f44d4343435,1,credit_card,3,274.87
75ea013a92015fd0672cd754e3258b33,1,credit_card,6,673.34
c72888e51a36defb7b5d49201fcbccf7,1,credit_card,1,47.15
672260490e5b2772766e523be71a3a9b,1,credit_card,1,74.78
64950372e63fcd4b20cbbae2b34a487c,1,boleto,1,52.49
0cd445b0eedab80706bb88ed32325d08,1,credit_card,7,73.64
d6e86df5b1614d493da54c4c87ce7f2d,1,credit_card,1,24.79
3af9626db61282e337587628095b992b,1,credit_card,5,288.26
84351e90a3987cf17e6a6a451d7d4904,1,credit_card,10,220.04
64e827a2a04dc6dd5adcb685b1d26ed1,1,credit_card,10,393.38
646410b7c77f0bae163c4d4cbe4d78de,1,credit_card,3,102.03
dd57685b48de5c49dd9c140d48079aab,1,boleto,1,48.27
a199f382a03b7dc25c0dbecbf862d8ab,1,boleto,1,143.92
e98de168acf11b1a80cea2ad5e8a5c61,1,credit_card,4,157.28
231acde8e06eda65e8b7d6b04bc7260b,1,boleto,1,168.2
b8fd80779b8e6a73a172dc448cb0a0a8,1,boleto,1,151.29
7114c189256c666ea43b7230a66ff2a7,1,boleto,1,360.6
8f0d2087347d1dff81d3b4f38b72ebfd,1,credit_card,5,179.35
52b72b336dbd155b3d75bb3fcc799ac3,1,credit_card,1,56.78
724851759f03251eb3a9e209916f07db,1,credit_card,4,131.34
14e4ba20c3a5b38de7c1e5edab904bf9,1,credit_card,2,72.14
b7c509157b933de261d2bb20abe06829,1,credit_card,2,366.19
dc3a6fce0933ac9fd82c5b80bc036192,1,credit_card,2,132.03
05640486a5e0b8140b20506acf791af2,1,credit_card,5,398.9
5226003c0580585a8fe4e9b6d2935c2a,1,boleto,1,171.85
c490ab8919445b94a43d55c6bf91eab8,1,credit_card,6,127.81
708d24301975cd5be16d65c280b4b2f0,1,credit_card,4,44.69
261f7ff907490323f35d83f257331429,1,credit_card,7,157.74
3da9b6dcdc5ef9a54af76280c750bb11,1,credit_card,3,76.73
eeeef97bf3c86c4a53f1cf963efca5f1,1,credit_card,2,142.42
0fc3e31f16aa4bc4bff4d14fe1e169f8,2,voucher,1,109.92
09ff9d4a5ba285dcea027de9e7c3adba,1,credit_card,3,96.93
ee95946f63d71c44f715e74b27adb2cd,1,credit_card,4,144.65
db92613c074f00e53066388d48ad7512,1,credit_card,7,97.87
f37bdf37547266e7d6760e52bc87dfe3,1,credit_card,1,2.77
a0a8509664c6583fbd77dc8ffa673662,1,credit_card,1,61.72
f7791fd674aa787f1f33ae0fc5bb0e3c,1,credit_card,3,726.71
3944367288e7bcdbf7c948a4076d0fc8,1,credit_card,2,115.45
bea39233e56405aa80613120fa0faae9,1,credit_card,1,94.06
f6c08fc8e2fae4534791140858e82621,1,credit_card,3,144.4
33ab0cb68dc067249bec9f7360d03d88,1,credit_card,1,74.16
d396adb7e51ca1bcb4a84cb786fee813,1,boleto,1,722.05
389d99caa7584786ee8a27df1638f6ad,1,credit_card,3,64.6
72d35321453b32c80a4427da5f385c9c,1,credit_card,8,220.04
5255f1faed117d0031d5f1c17d645d61,1,credit_card,2,150.69
f017a9decac739e813123c172cc00276,1,credit_card,3,84.14
6e7d56b33e25e67ee602c9bfb9a63018,1,boleto,1,43.77
a006b205e3eb2c6f672a5a4ca2513d6e,1,credit_card,3,33.78
d229d9c8f88ad9cb25a36803dc7a9a90,1,credit_card,12,136.5
f10cf325dd9d6daac881e5ce69289900,1,credit_card,1,47.0
879789a8903f3f832bf5ab0417ea3a31,1,credit_card,3,198.9
f3d070c8b094a00980b59d97ff3d95ca,1,credit_card,3,34.09
cb1134f9010d242e9515ad1c78ec0c39,1,boleto,1,140.06
b4bd3f1c1c19dd899d3a534abb0b8eb0,1,credit_card,3,805.95
4509ce51e5c9ab113add9aac39e97512,1,credit_card,1,28.09
56bc98e6d5b88c2cdb905f2fbec2ca3a,1,credit_card,5,155.63
fcceb7beda0bafc845956f10e4aebfd8,1,credit_card,5,484.94
27f9fff9f14236589804b62bce39f526,1,credit_card,2,140.61
b029a781059e5676835a903e614e845d,1,credit_card,1,125.21
203dbe40ec45996d84616718e573d60f,1,credit_card,4,107.08
17e62f08a374da7740ffded4b25d4f31,1,credit_card,3,369.86
f67e9b8dc50a6d514738faf418d8de69,1,boleto,1,76.63
e23c2f015311b3a6b0c33082a2bd4da2,1,boleto,1,43.75
94e8d2b7d72b40f0392a9398aae8b46b,1,credit_card,1,28.0
f3872a70d527514cb6d7d12853405e1d,1,credit_card,3,143.12
d298ea5c4ab89055dffb4f0cf994925f,1,boleto,1,70.53
839f4f226f1d843a3922ddb8b3637cc3,1,boleto,1,49.1
cd7d3f3c6078491ea7af392d220f9d4a,1,credit_card,1,44.9
f518949d44e76c5b33a8d2019191acae,1,credit_card,10,209.11
ba05596e1b0875fac4abdf6a6d036743,1,credit_card,7,105.28
203763b580fdf4ab6596f692370d27a7,1,credit_card,1,22.9
3e9a88f66e0a7f0a46ddf240f5370047,1,credit_card,5,147.06
ec0a4a160c4311f1a8c9d4d79872de75,1,credit_card,5,206.07
3f81bec0a9a43000562b9aea4ba6c2af,1,credit_card,2,45.51
e19a16df2a341d8b50812fe1ae800366,1,boleto,1,105.28
3c784c52abcec93d0e21c36b169ac4e0,1,credit_card,3,343.07
49fde3867303e9ee8b2b2fb6c657636e,1,credit_card,6,65.0
28058755b955447f48e26d3f939a1df5,1,credit_card,1,56.78
e1cce1b92d11a7a2edd0cbcb4de05aa5,1,boleto,1,90.73
a3bf941183211246f0d42ad757cba127,1,credit_card,2,52.77
6c4b00d2f2c7cbac0902dd6367da9f97,1,credit_card,4,88.55
ce021ef42ff5227b0658faac2069ab5a,1,boleto,1,46.14
bf49f84a0580ef6751e13357776b7ed9,1,credit_card,6,61.14
aa0596266302830741057cd61bdc2194,1,credit_card,1,14.2
0d5ce32fbaa548555dac4bee840d7705,1,credit_card,1,266.22
37872280df31defa5a1f4ff1f120fd8e,1,credit_card,7,265.04
57ebffcbf30e5b8850f0e4c8713fd2dc,1,voucher,1,72.45
c3a4a4d55ef55a85bedb1493ba5f6b30,1,credit_card,5,178.27
f71ddf3d0916592b8bad2ec379bd10ce,1,credit_card,1,53.27
29964b4c50c938f079b2c345c7ea0eea,1,boleto,1,136.6
471f14841f8ced80a4c1c6dc08a32eec,1,credit_card,3,33.17
e4a53fe147c7b6b2fbd68ebf30c48226,1,credit_card,1,73.38
a1e3ae78b2bf6dedf2c6a37f96e17900,1,boleto,1,661.08
00cb18db3d9c03f8386e7fc70cad2504,1,credit_card,1,144.03
7cc511af09f6c0b54385d08aaca28680,1,voucher,1,43.84
712f25b2ae7f5b20df02ac0c361a71bd,1,credit_card,2,139.62
afda537d43a9276025c26c4a47347548,1,boleto,1,140.2
a64f82f41fc81e3678647332227ab689,1,credit_card,5,54.1
8c7ece8da5896cd96a7b9a10a7c96082,1,credit_card,1,233.04
4069c489933782af79afcd3a0e4d693c,10,voucher,1,38.38
16f5ff14af497212a69fb3b390173e87,1,credit_card,4,70.14
e0e47d80d9dc5f2b0ca6ce6427733c35,1,boleto,1,126.15
0403bed7b44fb735b6af72505c57fdd3,1,boleto,1,102.03
294fb274681bed90131ca92ded8f6467,1,boleto,1,76.34
c4bca20f52c2d6a327cdae08b535cced,1,credit_card,1,125.0
48ed90a16494e16357d2fd32fb1e1ac8,1,credit_card,3,78.56
4399f0c95ac804e27baf82ea7799b102,1,credit_card,3,85.34
efe6d4dfee60757b66595c5fd2920f10,1,credit_card,4,167.81
64d08d57c3320c16b1e8db97bfc9b314,1,credit_card,1,73.34
0b5cb81ddd693dca629e9931e85f00c9,1,credit_card,2,107.02
3ce8c5cf3d6b4356d90656b6ac73ab9a,1,credit_card,2,46.85
867323864f390e786132fb596893b398,1,credit_card,9,94.21
2283bc123debf0264cfbdef89f109122,1,credit_card,4,125.42
50501e525eae308e75363c0606adb973,1,voucher,1,30.0
935be32550a2544a4fba77fca77c8dd2,1,credit_card,4,204.06
5ba96da244b3eb9310e1f91bc3c6acff,1,credit_card,1,90.73
fba7187883a7973a78590253a251bd4d,1,credit_card,3,71.14
1d56a69c61d4c1cfa98fd5379f4f22fe,1,credit_card,3,357.08
a9263deb65aa2311eebaafc5305d9ecc,1,credit_card,3,105.37
8f055c77c73f1b08a6c9f588657ab8c1,1,boleto,1,33.77
4fa1f3386053fb83bfcb80df2abb0ed5,1,boleto,1,124.69
1e62c84c858e09d44e8612fd6efeeb32,1,boleto,1,250.84
bac5dc94cc5dbf0810f1919c2aac13cd,1,credit_card,1,79.24
ceca47d82e889cd6dc7b1fcb59e79df0,1,credit_card,3,31.75
ef695119f97b2c8165bdf9688b5362b5,1,credit_card,5,110.02
1ecad0e8ea57760ebd5ea7863ec48b06,1,credit_card,5,494.46
fa0516e60526f3547106618fe2482801,1,credit_card,2,24.34
10f34fc8a567488225794fc598c3c9f4,1,credit_card,6,143.92
3206db48a35131540e67f96b35a30ceb,4,voucher,1,20.0
956e905489c92b9c9478e8bd23609261,1,credit_card,1,77.79
3a842b225282ff435d63bba66a7ca5e8,1,credit_card,3,113.62
9566b36fbba7756a79b5d2cba4e058d9,1,voucher,1,85.52
95c8f9cfbfbc4726a1a3f3405b1ae666,1,boleto,1,168.37
ae5fe00be1af79fd3662e2696e3eab95,1,credit_card,5,117.94
f083654dfd0f9ad9ae0356bf7c68f246,1,credit_card,5,317.53
b1cc3e65937e4d01bff18495b5577f57,1,boleto,1,84.12
19f7b4b5c61de325dbfcf2547a700024,1,boleto,1,88.08
9a8fb2a3a77dab1c301506cd5af2e845,1,credit_card,3,154.36
4967290be75b3d8578beea482d48ceff,1,credit_card,1,77.57
0bb96548fdaf9fb98f6a72c4936a54d1,1,boleto,1,198.03
2baa3f7b53010552fadf54405bc0f0b1,1,credit_card,3,155.82
7c294f26474f8acff99c9fb53540a110,1,boleto,1,147.59
5177d1217cafa2ba15337cd62cb1fc78,1,credit_card,1,85.14
f37bdf37547266e7d6760e52bc87dfe3,2,voucher,1,50.0
e77577d115ded33e62a5874c383452a4,1,credit_card,2,31.75
7fb9240a1a18bc95290744b4277a0244,1,credit_card,1,41.34
e1b7512618fd9b1dc5bba0cfe3a7aee4,1,credit_card,6,137.99
90168dcfab7b04546b03342f246250e0,1,credit_card,1,36.78
71717b68820ab37f844d6799422804d7,1,boleto,1,161.46
40596a0f1a0f7334d7ced24f901fbf46,1,boleto,1,56.78
02701a0103fedd7310a8d575f9a8d291,1,boleto,1,190.75
42f16bb187fd5584e599c7c2e74aa39e,1,boleto,1,148.47
f2e97c3464ad5fb53d6be7afcd0e3eaa,1,credit_card,2,33.75
8e273b415f677580d23c68ac51bcc470,1,credit_card,8,161.37
de273694b3cd5827467dbc63a115382b,1,credit_card,3,146.71
b34e0fe701f0a4fd62a44b88b142ab67,1,boleto,1,73.15
aae977c782835b108e46fa36a02dbe1f,1,credit_card,1,171.44
593dcbc6068648f021eb48b2d55ae96c,1,credit_card,1,37.07
489cbb0cbc1600b7b5a6d703004f606a,1,credit_card,10,190.95
37d771671deec34e8685db30cf503d2d,1,boleto,1,420.24
efee98b139c9167c141b4892eecb215b,1,credit_card,2,95.22
845af102c87e1c1bbcb900956ca08e90,1,credit_card,6,68.02
dc188b1cd6c74761acf8a9fad52c1797,1,credit_card,1,31.6
c887c09a3acf3b6fe0ba319d68d385a8,1,credit_card,10,441.25
34e63d1843fa8269ed932133c6b58a3f,2,voucher,1,31.2
181544d1a7128358afb29daed7793e9d,1,credit_card,4,218.64
b26ee85b15728fcd633f442f61e8c828,1,credit_card,2,136.6
3b07fa165117888d45604ca27f44940e,1,credit_card,3,119.18
b3c04e10f26d07b42c0a956f11eb18ff,1,credit_card,10,408.69
94faf92860aca2dd583802d6673fd794,1,credit_card,10,427.93
93b94a19e5546ce4eac9c4eac62f5465,1,boleto,1,159.41
eb2e026bae01f340ff4c0cc9aad6aecd,1,boleto,1,141.3
3f8e641fbeeebd6f2d786d0b280e300c,1,credit_card,1,171.63
4fc7baf99c39f26dc14168981f918554,1,boleto,1,47.69
2d4725d49513bce62ea366e8f0e213ed,1,boleto,1,150.47
a5f76c8d3b285a86d564ee16eec3f013,1,boleto,1,958.84
a4eb9fa781defbbdd53c5864fc4802fc,1,credit_card,10,233.05
8d09be7463c1efeee8b602d1f0d3bf50,1,credit_card,10,152.31
26d5146a6a102a692d0b159821a3d520,1,boleto,1,140.08
79e2067169f58128a02eb6d4ea2a7372,1,boleto,1,29.27
963b30eb819d6ba60329a7510e4e3d0c,1,credit_card,9,94.0
fca51312326fac3f7def0bf11016a269,1,credit_card,10,350.54
7785a907a1eb9355527aa59cb42a8e5b,1,credit_card,6,92.2
54229efe6f82fe1823cd30d0cb839c3e,1,credit_card,6,96.8
26499163fd30a5493b2e498337e9e2a7,1,boleto,1,242.02
dc37184f657b0a29cc075bb4b6adffad,1,credit_card,6,123.79
d2b9580c38485b5aa4eb815c689c3164,1,boleto,1,148.58
9a46cdc990154fdd2ebac949bf7ebbfc,1,credit_card,3,38.2
0cabc61e5deb17c32904e1b512204efd,2,voucher,1,71.23
dbc578f6daf094e54db6224e96514e09,1,credit_card,10,222.1
352b9aec1e649ed93ea863e41dc39439,1,boleto,1,33.77
810f22c9d640f959cfaddb6c05be5504,1,credit_card,1,202.48
68986e4324f6a21481df4e6e89abcf01,3,voucher,1,68.26
1e35e26cfef4f75615b68acd81d89ffb,1,credit_card,4,220.04
c71ea8a5b6871328f8f6fc3998b96e2f,1,credit_card,3,175.5
fe7b642fb30e2a103d1dc36f861b44cd,1,credit_card,9,97.87
42a8e0f928664b27f631001fbddf0f26,1,boleto,1,107.37
e6a2252129858aee352dc9c99712afa9,1,credit_card,2,46.54
780501d599a0f944ab933f5609e358f7,1,credit_card,8,85.21
18a4fa1a7c0e324a18cc81cdf6bc577a,1,boleto,1,81.82
7c4281b08578a1e5e13e56814b3c6123,1,credit_card,10,175.0
e0fcccf3321e9e3cf530ac4944551958,1,credit_card,1,28.69
23a67c03abc9968c561353d66f48acc4,1,credit_card,8,134.47
54e5e62447690f816827f631866b0e4b,1,boleto,1,76.78
d744783ed2ace06cac647a9e64dcbcfd,4,voucher,1,1.47
c206a65ab93069f7a79c0ac5f4512e02,1,credit_card,1,48.71
458ce9ed0016410eb81b196544fd987f,4,voucher,1,28.59
5fa31572cddd9405f1eda482f8106353,1,credit_card,4,195.69
cd2e2ff68721cedbf8b5887479475a81,1,credit_card,5,374.58
88639fdb042f2080a58a9ed47b6d6a70,1,credit_card,3,90.28
cc24eeca0b974f0489000f9f0fd82ed4,1,credit_card,5,154.64
2823f47e6fb0f2a1e5a8f221ebb5aa15,1,credit_card,1,104.62
6319539d7990a9ba049730057b2612de,1,credit_card,5,454.54
d190d15996631437cb3efddfa547aba9,1,boleto,1,196.5
b4172815f53972366f125cc2b0e28ca7,1,credit_card,1,65.0
eaf2e70dfee5cc04c4cf2b2b5d99ff6a,1,credit_card,2,63.36
36740de778429748e1ff6077c7d85e5f,6,voucher,1,21.71
219a2bae1ef407852a764879147986b7,1,credit_card,4,44.21
f1cca725e736dcc2534a57415b0ae4a4,1,credit_card,2,237.16
631252ac24a799cf8f1c7823248527d5,1,credit_card,4,69.36
e72618bee51ae5e11af9d42ce16be85d,1,credit_card,6,148.12
b4860a5b1e68976794cbe548c4ecf0a7,1,boleto,1,165.48
750a504dabdd1c0910ec98db80d14ea2,1,credit_card,1,36.1
cf101c3abd3c061ca9f78c1bbb1125af,4,voucher,1,8.46
8647ff7e5f9536a33f5e6fd7f2c08d2a,1,boleto,1,145.57
afed4265a8b956d840bc032e54dfccd1,1,credit_card,3,100.82
5cfb9fad9f8d6f2ef8a17144088bb622,1,credit_card,1,199.51
017499de14d22ef9e9a83ca54727480e,1,credit_card,6,209.45
9d861ac27142c9f86a4787f50247f486,1,credit_card,4,278.16
7d04189e83c072cfdde15bcd1deaa23b,1,credit_card,10,636.74
294a10c9e4939e8c4f1974b73970ff96,1,credit_card,5,189.04
7525e8f8b1a51d44f9912ce81146ac7d,2,voucher,1,100.0
bf0310bae1a889330a16496d6f7b8628,1,credit_card,2,175.77
3985e11135ade6c95dffad95edc3d117,1,boleto,1,25.0
3438253f6ad093b9a0051a04700d125f,1,credit_card,1,30.1
9eecf4b8716283fcb0f026e1308cc805,1,boleto,1,359.91
2dc5ca4f77839266648dbc98c8c13142,1,credit_card,3,58.59
83adfa2f33c7fbd2cc7b211fb01dcadb,1,credit_card,1,30.43
4fded332eaac22d47981cbf6eb6e7eb5,1,credit_card,3,175.86
8cf934bd823646de5fc0daf4d918c396,1,boleto,1,227.51
29182856a24c6eeb1d7b81ba1fe63190,1,voucher,1,59.93
728460a91df8d89f83b5dbf46a9f112b,1,credit_card,1,37.09
68b3b77e74b7ad7bb9d25331580ddcdf,1,credit_card,10,1021.24
a8e3fb06a9b74bd1950e46982e31785b,1,boleto,1,55.75
4a086aa623133c7141b0c9c6759c79ad,1,credit_card,2,74.38
189711984919a2bdda375153d796d096,2,voucher,1,43.38
01c0514b1f2a7375948323b959cc5682,1,credit_card,3,32.69
e67c98054d83d2b7a9ba6e37eb2ca005,1,credit_card,2,57.14
ad29d62dc7e0a18661b20a1ad16217bd,1,voucher,1,45.01
7f802d7c70300edaea3d120f8c34843a,1,credit_card,3,51.5
1d03e29afa208b835f77145e0348170e,1,boleto,1,130.01
bc4cc0e6280520545652f31936abe65e,1,credit_card,4,565.25
acdaa16a13bbe2ca9983c730d0e29c2c,1,credit_card,5,56.78
a1c5bd54b96608a794debe3190cdb0ac,1,credit_card,3,70.82
68986e4324f6a21481df4e6e89abcf01,6,voucher,1,21.11
bb26b9f1f2801c2bd60622b82bbb533b,1,credit_card,1,5.83
b5f45148cb552bb72d183e82cf6a36d1,1,credit_card,10,308.13
9cc24e01fbb1cfd8cbb426c88f52ab23,1,credit_card,2,48.27
ef5c29cd9f6ba37c0363b4d739709b70,1,credit_card,10,268.18
bb0053cdec4b5850b4682e029eb3347f,1,credit_card,2,245.86
9a9b8909d5262facaf818727cf3c9251,1,credit_card,5,57.72
b05bd539cf70694e3270a23f22156f3a,1,credit_card,8,102.03
2f655d9169f2159a439e96af86d28c12,1,credit_card,5,520.65
7cd48500c7fb8fb359e9b91fbb2a23e5,1,credit_card,2,73.34
2da6634703a5d34c99536f58334e9700,1,credit_card,3,97.87
4fd95287834e5721e6dd034110ea149e,1,credit_card,1,35.85
5770d4a84c1a09336d4c93063323d21d,1,voucher,1,72.66
f530e66c74816309f2bf8eb5a619b3ab,1,credit_card,4,199.49
36740de778429748e1ff6077c7d85e5f,4,voucher,1,18.93
0c77e9308e3c15bbeb6c16405a2da080,1,credit_card,1,112.71
aa9df3f4f57834f6997ff9c958411ce3,1,credit_card,1,87.71
62f45e4a3ac45d14c761131a05fc32cf,1,boleto,1,72.14
3303092810c37e9ab22a711ae3afb197,1,credit_card,8,559.26
40b6f922d06bf5d0ccd2dfc2df2b6a50,1,credit_card,1,214.14
18dfe50d6b2dbbbe6508b1b5eea3eae8,1,credit_card,10,123.89
8caa967e048f7c1e27144a219ad123f9,1,boleto,1,92.8
88953f14c276491e60e060e8ef21b769,1,credit_card,1,46.01
e7c984c7684388a750178a7187b29cc4,1,credit_card,4,96.88
9502098c0c48725f2b3dc32ff2a01466,1,boleto,1,61.07
a46944cf9b2c78431a4619ef5f308ab8,1,credit_card,5,92.25
ad297cd9b29f35474be512a2ee427c4b,1,credit_card,1,48.69
9125c1064ed28a581538a66da2a84750,1,boleto,1,91.28
ea45c5d93de960e552a6a9987e6ea044,1,credit_card,2,134.94
bfc8542b30ac37f22fb53ab41e8fdf20,1,credit_card,10,128.02
6d8487b198d566c788aea67710f430ef,1,credit_card,4,119.48
94bce2ab6f38b41d29ebbd9d755677bf,1,credit_card,3,464.59
48dcd7368e7d1b9bedc55f16a3cc8188,1,credit_card,3,36.75
62640a90dbc0dc6dedc1ce5925e36e00,1,credit_card,2,180.77
9df520859ce9b45d0374814efd12f9fd,1,credit_card,1,117.35
4bf039bc14b92335f7542d3d7f5e6395,1,boleto,1,79.87
ec038c4d9946cec9042787452aa18aea,1,credit_card,3,57.59
70de7b6034bc0e9a1f6074627ffab810,1,credit_card,1,65.79
bc46c2cc4bdb50a72e172392fd97672b,1,credit_card,8,171.44
e4cf57dc41ad53ef127bb5cad28a8d9d,1,credit_card,3,33.78
53892f0dd25da0289fbdb0053853bc34,1,credit_card,6,129.59
7ae485d40dde266f84845e1f34d74753,1,credit_card,1,27.77
076203a3df21fb25c8b59f881f2b37c9,1,credit_card,2,95.21
ae8978d20234f0da191a909faba05574,1,credit_card,6,62.17
1527c3b9bc481583f9752e89841e4686,1,credit_card,8,164.7
121cee5f26a6ad83236f8348386a035e,1,credit_card,4,178.3
960de6b16b5ce4196d243baeb9d1a699,1,credit_card,3,178.44
b6a89d6b9a0f7e821a59bdb3e44d8420,1,credit_card,1,13.05
c5ed30fdf86f49873cb59b43a39d667f,1,credit_card,3,108.1
4069c489933782af79afcd3a0e4d693c,8,voucher,1,9.42
b5247f083ab1483738dc1a173aac237a,1,credit_card,4,276.27
657db8ff40cea3fd850bed1681373336,1,credit_card,3,99.94
f406a7c4fc4512aa60c7240e3973597e,1,credit_card,1,86.02
346222690118b5713fed10ff0c262bda,1,boleto,1,55.0
3c684901fa9faba86ade5863ee9e7a40,1,credit_card,2,111.89
2e05e404dbee7a30852c84523f222b1e,1,boleto,1,138.02
f46d8920524f004a5819d1e715715135,1,boleto,1,117.18
1fbf8f4fb186a87e85db3cf5ad3a0354,1,credit_card,4,247.83
dcc94a4d78476fb4123a1cfc3c8669f6,1,credit_card,8,166.02
ca82748f931a241022a6d939bf1f4f84,1,boleto,1,68.39
a2b98e0d4c46ef327bb78d902bfaf7b3,1,credit_card,2,93.29
a5b5af395ebf623545b0777166d99f5b,1,credit_card,3,115.32
cf101c3abd3c061ca9f78c1bbb1125af,1,voucher,1,8.48
94e3a1e85a53a8ec73ca2453f310aa5d,1,credit_card,5,137.3
82abb29aa619c2fd597a4267ea7069d3,1,boleto,1,202.82
2662cbd5b6c9e285a0babfe5ec248494,1,credit_card,4,43.01
057134090fb19405548e54bbcf377f59,1,credit_card,3,186.4
f9772fe1819ff19a370a234d7697b841,1,credit_card,3,269.01
ef4d010c07e5ac58d6b9b8f0210df881,1,boleto,1,84.13
5b10d29307d564e7cba05fe2ecf7334b,1,credit_card,1,203.51
605c8d6c4fd713a7d4315efb447367ef,1,credit_card,7,76.27
b522474ba0639dd0385e4918d46ddcba,1,credit_card,1,83.14
d56a6e6511ca428852199722032e8fe6,1,credit_card,3,77.57
67d83bd36ec2c7fb557742fb58837659,2,voucher,1,8.0
06ae350afd844b7e1dc14f9322504baf,1,credit_card,1,50.53
1fe85ed3aac60c497e9a22a39fcd715a,1,credit_card,3,90.81
5e51393cd4562accba29a68b5db784c6,1,credit_card,3,34.3
a0965651e1058585af3d91274b10886e,1,credit_card,10,227.27
de6ed885a8151d0cee622e51585ff6c7,2,voucher,1,62.28
8ecf756527d9cf65da9905fc38ce191f,1,credit_card,1,35.19
10bedcbb416f0f53e5791b3f61807625,1,credit_card,8,102.03
12809f06294a669708dc0edcb403b507,1,credit_card,3,131.82
44ef2f97744ca6676b7c4089ebfb305c,1,credit_card,2,48.68
87e628a37d874ec67e4573f102c4c4ac,1,credit_card,10,850.56
dde801d2a66d76cddaff0a12600d459d,1,credit_card,1,134.94
ffefb169ddf34cecc0622a6d3cc387f8,1,credit_card,3,142.1
b98ba7d83dc0bf983c1c6b6fb5636b5d,1,credit_card,2,35.09
3d8e9d3181857e64419e3f61f40f9645,1,boleto,1,70.14
30556d57d6a8a68bbfc00619bceaeedf,1,boleto,1,115.84
4aba2130d53fd001fc18322c94b58105,1,credit_card,6,138.65
07320b1c77905dc3d2e11126b143221e,1,credit_card,6,147.35
dfee9d960da703c1db1d2e9d32792dfb,1,credit_card,10,280.61
1057bf6391c17f9b6960dd996029e1dc,8,voucher,1,9.46
adc5d4b4ff1723e6a68bb73bb1eda4a8,1,credit_card,2,102.03
e549600509a13c599199c6fa86fa836a,1,boleto,1,295.61
9100fae7ed5a8787b6d4a9e50ffbf273,1,credit_card,3,70.12
fc9478f69096b445f096798b968fbbd3,1,credit_card,1,31.58
f548b0d880ad07026110a7acc47f77c7,1,boleto,1,68.89
40c4ddc2d5c871c28df2d3f804f02340,1,credit_card,6,137.31
43960d2cd4437218da00d3b8e83b2819,1,boleto,1,91.36
64a34c8ee5041e4d48d904db6dade006,1,boleto,1,30.0
d18824f4c7dfc9d5725eaec88f267ea3,1,credit_card,10,304.73
c1242f927f71ac91fcd9df26cdeba9fa,1,credit_card,1,38.12
d07d8db4850966f820d3775360ccd6b8,1,boleto,1,148.15
9ed5fb43923ff520458d675521c4f9a7,1,credit_card,2,86.81
992820d1ce536d61c8eecb0352245944,1,credit_card,2,115.15
36c1e781ba921a540893e160e063c581,1,credit_card,10,314.84
0e98c70fb06024ae560719cace52421f,1,credit_card,4,96.78
0a8ab5666933ac4865f2c36c5e7b5a0c,1,credit_card,10,429.41
a006e96e455871265c8ca46cf83bf54c,1,credit_card,4,99.22
d48af423b2e9d7e208f37ba365eebc1a,1,credit_card,9,97.13
76d4ae1832cf14e630c878e83e011442,1,credit_card,5,57.24
7bbfb7b266a0dd8e46dce73cbd9a64b5,1,credit_card,4,42.68
ba3d14eca4818e2e0c5968ab26883114,1,credit_card,1,46.01
ca86cad784127e59fdec418b22c6a800,1,boleto,1,45.0
7226faa7c52097729fa37ede3e8a625b,1,credit_card,6,459.5
39897c1c37144a25b897e4d5c98fed20,1,boleto,1,126.39
421eaa852399cc515551fab116db12fe,1,credit_card,3,34.09
ace93d8571d1d9638e9b7b0d70b9b5db,1,credit_card,5,108.7
5b2e79428198e5ce482f9ec1bd1014c3,1,boleto,1,175.32
deb733aececa59120f37a6395d57c4c0,1,credit_card,3,86.73
35e41c28433f3cea03fb0cdf48cf0175,1,credit_card,1,41.69
69f6c952c081cc5dcc49173473630516,1,credit_card,6,120.87
31a5ceecee11538790f99ae1081e5c25,1,credit_card,5,160.4
4bdc72a43c134005e672c71df83dde1e,1,credit_card,10,217.9
387d33b2be3d1d8dd063941d1b57d3fb,1,credit_card,2,39.62
6631941f15912a0be1a1951cfbfaf3f3,1,credit_card,4,49.14
14cdf6b0e28c9bea424092db68bd3847,1,credit_card,6,153.01
439ef6a75b6c80e6d36b5c660dffc1bd,1,credit_card,4,116.85
cc5e67fa8185e51d52282cabf20dd8ba,1,credit_card,5,248.83
53649523b54a1a986fe35c9cbb2bd082,1,credit_card,5,57.68
cb3de7d61844179c7014160319550eb1,1,credit_card,3,133.76
1eeb6d55147169da97608b38ece2b761,1,boleto,1,343.5
eb504f547e9f4d8c739ddcf0d8efc9a7,1,boleto,1,41.09
d9fee3504f55226ed8e155bdc0a36a06,1,credit_card,5,197.6
18c3417287d1c86d7176f72fe1110be3,1,credit_card,1,29.47
ebf58142d429fa41ece5f8e0308d8908,1,credit_card,5,101.63
e4d06000ac16498e7b6b7614cf7a4b09,1,credit_card,8,83.54
eea4bc8cadd431cb46a8349ae705a2f3,1,credit_card,6,130.18
b3656ff96573b07910d0f54a4505454b,1,credit_card,4,43.89
cd02db25220d623f419da3b1fa2921ff,1,credit_card,1,80.98
f409f5ae35c08a9135d9e5d15ec6ab67,1,credit_card,1,132.64
40ea731f6fa10cf721b503b64f3b178e,1,credit_card,2,21.91
5bb903913b74e92c0fc1cde7dc26bb66,1,credit_card,1,87.96
c3ac4b19799a35a01102113da6feb6bc,1,credit_card,3,61.63
b3b4fa618f64e34ba2f7279eceb646e8,1,boleto,1,47.11
928292f8c5111a3b8bbe94e6cfc7900f,1,credit_card,1,43.48
183d37c4e4e642bb223c42532298c6f0,1,credit_card,2,48.55
816fe8936e5c28c98b057320b5725fbb,1,credit_card,5,181.51
855f884557e71149b525fa5fd8bf8a30,1,credit_card,2,116.94
8b0128d6fee114eb818400897a13c6e7,1,credit_card,1,37.72
0ecce757e49491027052d532cc6335f0,1,credit_card,2,146.68
9e67c3e636eba026d3e123d0c8466d4b,1,credit_card,3,386.24
f09ab6762312942497f5c45240901ead,1,credit_card,2,195.91
861c9fbad462917e9c57742085a3e2dc,1,credit_card,2,62.01
19d7b8e60189f7bf1e3be29ec3aef2ad,1,boleto,1,66.63
b14ae2aa6b78c0919c5199b5f6cd3b05,1,boleto,1,77.32
bd948f34444b602f314108a393c1f49e,1,credit_card,8,178.27
67d83bd36ec2c7fb557742fb58837659,11,voucher,1,4.0
a72d0db4daa2d7a8a1a4a8e499cc2ae5,1,credit_card,5,105.28
989349701595e3faf7560eed7aabc830,1,credit_card,2,514.6
dd8c2ff157394afacbcc50a161e1af4e,1,credit_card,10,272.02
7694252f454aa20f5bc63f72363c3167,1,boleto,1,51.78
0170fdd7ac7c7bbad5308207bd25a679,1,credit_card,1,42.77
39f8aaf58db880948c0d55e578166fc3,1,credit_card,1,30.0
d054a3b4ad29e6dfbf833d1be8ac3779,1,credit_card,9,190.89
f6dd1aa8fa3044414e22a55d943ab7b1,1,boleto,1,27.78
fa13371966ea8d560a9f52d266d68a63,1,credit_card,5,118.1
3d8ed993d912b6305a7e18299ee3f9b9,1,credit_card,1,52.68
36afb06434ab81a7645257e4cf980c2c,1,credit_card,1,21.75
7652086d66b18b3e2f19c1a28d6cc670,1,credit_card,10,101.25
325aaded48f3d27932d49793acc90b9b,1,credit_card,1,31.53
c849168aa8c91a3346f9a62fff05da71,1,credit_card,2,61.11
92ea21bbb9c9b6f286602dc4c563d087,1,credit_card,4,386.76
604ed3ff72a9c67c6fcf940e6ba3bec0,1,credit_card,5,54.1
0fe9c7ad9288ff24bb738af81a27ef4d,1,credit_card,2,44.24
f34e0df97c804d04e00ec61cd77cf9da,1,credit_card,1,1084.71
b3656ff96573b07910d0f54a4505454b,3,voucher,1,28.28
8d04cc6c75bba21874268deda821055d,1,boleto,1,216.67
a2a53e824841856d25e9fe22467e4209,2,credit_card,8,413.58
cf4f9b14dc732f5f824b66bc35c3cf69,1,credit_card,2,33.0
4c8649cbc5b80495a3d6df0ef599072c,1,credit_card,2,85.75
3a18acaa3bee904f8de00e2dad0f6878,1,credit_card,5,55.1
dc7b936d5f26f7506fc2242764d07424,1,credit_card,7,153.9
7d4101163410b1380268da3933e691f1,1,credit_card,4,213.94
b5e7a885c4a373e5aef1caffa539d967,1,credit_card,1,148.15
08f20d527e3a4331f254f4063920c6e4,1,credit_card,3,71.81
2c9015a3c9e7ded7dc344a1536b2c72f,2,voucher,1,104.98
9b17ed1512fbdda27807b8f2f5de6584,1,boleto,1,117.46
b3ba9e96f5d04c8c20e37e9ffd2e79a8,1,credit_card,4,96.8
8a52017e0f9d904528367d756eb6d4f9,2,voucher,1,33.63
c14ecd7b2fd9b06640b5ef67f195ee36,1,credit_card,5,103.91
40e6624f975fba72e2ca10754a14e078,2,voucher,1,244.0
020bc32fbdded2a43147c70a5eb3ec21,1,credit_card,5,116.74
fd85f9c9bfe9cc5b55c648a96a4f2598,1,boleto,1,78.68
6e23f1780ea332cff417e817aea1336d,1,credit_card,1,138.17
086336eee2f5956e2a6a18369abd023d,1,credit_card,9,190.58
32cf225a72e589313cd8d967203effc6,1,credit_card,2,47.27
b4436efe3712c1bbce803adc1dc032d8,1,credit_card,10,290.32
aec6c9f96db18be9eaa8730d376a916d,1,credit_card,1,82.6
d2f6f1bd3f3261623c3a807d0945bbd9,1,credit_card,8,81.89
1eed3691b23af50a487c4f8828287734,1,voucher,1,19.99
cf9d149b8f8e534901d64f8b10320133,4,voucher,1,14.33
20bc33ea85750fd7d20d7b72c5c4b36d,1,credit_card,10,573.0
dc1b86dca769213b0db63c4922bd6a73,1,credit_card,1,5.18
f3e6ac6fd3a4db946a2820323b58ab3d,1,credit_card,2,101.05
71ccac4998b863217b4480c50294b465,1,boleto,1,52.49
59629349b860bb43899ea07bf4ec9633,1,credit_card,1,9.12
0eb7be028002e3ece83dc67396d6568b,1,boleto,1,90.56
79ad637a926169cb9163785096512c03,1,credit_card,1,28.76
eb91c7ed6338d0cbeb9c25bdf152de4f,1,boleto,1,56.85
9ad89864a2f76f00c0d73d78e7a6aa1e,1,credit_card,5,189.7
742a36775534b588ed2a62ba4c2d9cd7,1,boleto,1,54.94
82d1cc65b6ffc4c9eec8803be7132040,1,credit_card,3,128.04
ab2e18197d676ace96bcaab0aeb2a820,1,credit_card,8,1172.26
ec252f08021dea98d64f0ae822846768,1,credit_card,8,141.23
5e7960ca1956b257f72a16a05c127cdc,1,credit_card,10,210.64
8db53c9ad7debeabb7cc7136cd7c6786,1,credit_card,2,223.14
951c9001e1a85a1a91441b1830726ce6,1,credit_card,3,205.57
bfce66de4bbac659ab1d0763b8796a58,1,credit_card,4,76.08
f5ec8fa19f01a0d2c106bddda5f5aa7f,1,credit_card,2,40.85
ac5daeb29c4fe812e7e48753b886f6f1,1,credit_card,3,220.04
60229238a1d7386617d6f8352e246cbf,1,credit_card,10,194.0
b7633aa5145342cd219d1488b70ef2a6,1,credit_card,10,336.6
a9451e0c97199724d8edfc301ea8ca65,1,credit_card,1,255.69
c32cfe30ac8d846c41d6695f9967bd04,2,credit_card,4,70.45
a97107c0b3df262ab4454ad8c3a91d0b,1,credit_card,1,81.89
52a3cfb8a44b79a2e8d6e52ea5ff5b13,1,credit_card,1,29.69
5a4761b64c03fa0c4663d7ebba05bc33,1,credit_card,1,40.0
8ba3f3a9292fbc22a8b7dff752bbcd37,2,voucher,1,20.0
9d64f8c659b3ac3490cbe4dbdbf522b0,1,credit_card,1,69.12
2beb7e011571a837462a006a779881e8,1,credit_card,3,78.18
8892341ba39887f2133640516707066b,1,credit_card,4,124.69
4cf7b60ee5bf3891424ddb434b261cd5,1,credit_card,6,1733.34
f690cb26ababaf40550a4623359c3298,1,credit_card,2,42.78
044d4643b22cf71e768701acd9fc55ef,1,boleto,1,114.84
e347e50c95a9f11701dfa070189e7e57,1,credit_card,5,140.08
5115b5f8076ff01f14782576bbfafb16,1,credit_card,3,53.49
37e32b54f25d2472acbc642f7e539a36,1,credit_card,4,99.33
dc2d6dd2c769970b0b1ecc92378641d2,1,boleto,1,89.87
9ccfe5d0484872e6df585a289fc12206,1,credit_card,2,165.57
6681163e3dab91c549952b2845b20281,1,credit_card,2,29.0
593dcbc6068648f021eb48b2d55ae96c,2,voucher,1,14.78
e5cc27d75a954127a43ba4588677c697,1,credit_card,1,163.06
2475c5c954f98701b93b7ceb0f5bb669,1,boleto,1,76.08
19135c945c554eebfd7576c733d5ebdd,1,boleto,1,43.14
d84ce4acc4a19690d7a7b6f5df4d3023,1,credit_card,1,204.06
205b109336cc8efa4ff08f231919f4bc,1,boleto,1,246.36
d6935883de7964fcdc68585bac9166a7,1,credit_card,3,345.05
5029ba60b47d5397fdfe41f9923b7b8b,1,credit_card,1,52.49
877ea935e0ce1786032071a571b40cf3,1,credit_card,1,64.1
38cfc106ae21ad50379975e828f5863e,1,boleto,1,106.78
279e00e0fbb287131056b0612f84ab6d,1,credit_card,6,300.36
d7c320185a2f9b32f5e2370ff3f8bd64,4,voucher,1,0.2
4b8e7be134dcdd11881a5e7de6c88627,2,voucher,1,34.95
68442190a6c60659698fde46bcaf0e9e,1,credit_card,1,77.57
be73d4698f2f4939662dd7788cf3dad3,1,credit_card,1,45.0
897b5491a20140b265bdfc2fc760e84e,1,credit_card,1,57.53
d03db25190f9915dd3f9df74b394f63f,1,boleto,1,106.51
5f81f8debb479300dc3ae13616afb823,1,boleto,1,122.98
60e8b42fc95ec83d1e3bc2c7f7b4350d,1,boleto,1,148.06
eb0b86031f7ecc48bdea37fedd25166c,1,credit_card,3,130.25
03e7fbb471b77e2baedac2662bd76db8,1,credit_card,1,257.21
c714dc1b4064a670401d208c1f67e7e1,1,credit_card,1,47.69
6ece1db0bcaf312af8d04af0cecb15e6,1,credit_card,4,73.74
35ea8c2abca283eff2f0d5c1168bf31c,1,credit_card,2,46.0
46a1ac51daefad9fbb8e65caacd43539,1,boleto,1,141.26
9c7495bbff3f9fdbd9320ba46b827a2f,1,credit_card,4,175.88
c9e24a111a89474ce28ed0bd70b94eb7,1,credit_card,1,36.09
c6c0485c02e45b1f484c318d540257a1,1,boleto,1,77.79
05f215a71e36c6985cb764b530d1e45c,1,credit_card,1,35.8
79b3ba7b7296b5c683e4ec7b173e4020,1,boleto,1,97.87
8c39f8c248ad24b41345fbdc827861d1,1,credit_card,6,142.1
6deb828ed16ff2bd22abbd97663de110,1,credit_card,10,117.44
4493e45e7ca1084efcd38ddebf174dda,1,boleto,1,254.75
9d4be303e6a9cebfccda2d29624ca472,1,credit_card,2,114.45
b6b375071cc968750ab3deded827b864,1,credit_card,10,119.48
4ecd4654955a39a165e7cde49b3ec0fb,1,credit_card,3,180.25
7a2dc95ee0da0f352df3379029aef42f,1,credit_card,2,199.07
fe78b46c19e9737d82d7dc5d7ea6ee77,1,credit_card,5,115.02
6e07f46972023a8c972489cd0278592f,1,credit_card,1,37.38
68986e4324f6a21481df4e6e89abcf01,11,voucher,1,15.75
77959eeab7515802d0b17bd97ca522b7,1,credit_card,2,75.53
e3cc61bbc1cfe072879400a8d82f10a2,1,boleto,1,183.92
8672bdfa7cfd0d340791c247562d9bd6,1,credit_card,3,99.22
c9b4d99b4e9c827fbf0a40d2aec43d89,1,credit_card,4,148.32
aad0caf83fc9dd12e8f3f87eb37b5b6b,1,credit_card,4,102.03
3087da82d2601b8b5d7eb062012632b3,1,boleto,1,94.98
60e2a7b97548f877f76232cd2bf807e7,1,credit_card,1,2.03
f192fe5e9b2eea0553f09566de94b5b6,1,credit_card,10,260.5
a1abe44712c1781003be14dfbafdc284,1,credit_card,9,158.52
2d26f440845a3b31ac584864e2d1a82e,1,boleto,1,69.03
3e10da3f366b635d6a1e0d380b32da95,1,credit_card,2,104.17
ca3d75df70f40faa8b83505b242d83f1,1,credit_card,1,45.11
81e5f25cdc0610fbdf2d8fd215b45e0a,1,credit_card,10,158.71
5190f963681eb5a3db66961c4fa05a66,1,credit_card,4,163.91
b8bbc0cd7d3fd77fba9ddba23261efc8,1,credit_card,1,116.13
50501e525eae308e75363c0606adb973,4,voucher,1,23.7
00584d79015452d19fd3d044ba3abdc0,1,credit_card,3,122.17
0bfb3ca2ac0d1d45fff422a646f5c1b5,1,credit_card,11,116.24
e236416fb32f25eb00a7da9097cf36a4,1,credit_card,4,115.05
9274ee9bcaf62df44b458bb765015331,1,boleto,1,53.5
d0359a27da2f3d0cec9b39779d622b95,1,credit_card,2,206.96
a2ec9e724d3526894d9d1a8868623e9b,1,credit_card,1,179.78
c44883fc2529b4aa03ca90e7e09d95b6,1,credit_card,6,66.72
094df781ddda90e70dd08ad95476b181,1,credit_card,5,53.05
189c034bd0ef4966a8f86ed7b5df5797,1,credit_card,4,40.55
f6fb987bc7494802dc112987999e04fe,1,credit_card,10,150.45
c0110f04e66e7426bdc005f555bcdc40,1,credit_card,10,124.4
0eb9c33251284f7417deb0b30e4f1109,1,credit_card,6,225.99
0070092bb6004faafa287e5fc35971e9,1,credit_card,2,163.06
e39fab126fb47dd2f1a47b2af6422bc5,1,credit_card,1,34.09
2ec63bd84c4e873ee8bf8786f4942673,1,credit_card,8,189.9
ed6104a0027e6a269ce0269f21c67f0c,1,credit_card,4,115.81
51ad0046ea33a9c6f8835234fc73b8c3,1,credit_card,4,115.45
799236014ffd7f07bb4ab4172f2f9a56,1,credit_card,1,112.71
91663de20f19686d62e4dbc0087fcf62,1,credit_card,4,104.28
b8c503a5f3008e2e698409cfd9b51538,1,credit_card,5,56.01
d2404c15c71863f869f71c9fb72c2af6,1,credit_card,6,127.24
7774c3eec02b65eb352e0847cca6b9d5,1,credit_card,3,65.71
afa40d3f2980e13e3f7df71f881074e6,1,credit_card,4,69.5
1057bf6391c17f9b6960dd996029e1dc,3,voucher,1,29.43
fbd9022ebf9271e1952ca884a972d1bd,1,credit_card,1,119.6
c35c0040e09990a95e79c617fafe8c10,1,credit_card,4,79.62
1d5cf40416bcb8a9d98d2f759f9f1839,1,credit_card,5,128.6
3cb7837e1a9c1bffae26ac626bc51b54,1,credit_card,4,125.12
401485117f5375fd119981d95deb2303,1,credit_card,1,80.2
513b6592fe9a0b61ad5be337680b84d0,1,boleto,1,96.22
deb556fbebd4343315d9ab970392674c,1,boleto,1,256.24
3859aef969659dcc5439967f8ffbbc07,1,credit_card,3,114.95
13293961429976917597dafca90e49d3,1,boleto,1,62.17
2565582c3ffde36251dbe19595831796,1,credit_card,5,161.37
64b81667bcaa20ee36e42ba4997349f5,1,credit_card,2,87.73
b59eaa8e4e60d7bb5f7dc3ead40dbb52,1,boleto,1,201.1
d3e20e12dd625bc8aa36a78636912b0f,1,credit_card,10,2487.24
e5ca14277889553a80cd3b8379bb9389,1,credit_card,3,120.87
5f2e2fd04b4cc06cc8a3e8ceddfb67a5,1,boleto,1,165.44
6647dee3862547714250f0c6e40b51a0,1,credit_card,10,171.44
dd3f154e8c5ad253511759c5abb14797,1,boleto,1,54.13
057c13c6bd8799710c70ad3c7b2087ca,1,credit_card,3,61.05
d40b517fa96d195400e9b446117a13ab,1,credit_card,6,237.4
fa7c7045419850f12653d3ab75810322,1,credit_card,3,73.34
1b7d6a3703a98513b60768df8d6c30b7,1,boleto,1,166.16
cf101c3abd3c061ca9f78c1bbb1125af,8,voucher,1,8.46
65d94fd101d96f0d048472f89b348703,1,credit_card,2,124.69
86f353da4086de44a6acd7faf109e47d,4,voucher,1,25.0
6106af2a0590979c9d7c7918f6eae6ae,1,credit_card,2,70.03
fd076cf6644d84dfecebce0088006304,1,boleto,1,74.16
8b1a244fd71d5bc234197998cd5bc59a,1,boleto,1,73.34
2955100a3a62bfef50d22b0cbe150f0d,1,credit_card,2,209.2
8dab252811afef5ef25d5cf29263f9fb,1,credit_card,1,30.49
b6fa3751148ad8ba139779f6543951d9,1,credit_card,4,47.84
c42fc2236969fb19c13d8ca77e1d4133,1,credit_card,5,220.27
3e65f930729bc14824ce41dc1e8084d1,1,credit_card,5,225.67
8d63ca46a0e069de89f99f9957fbe517,1,credit_card,6,356.54
2b32434b3f10a1b43c3e150614a63934,1,boleto,1,73.34
061abe3150d5be34c25d2d6055a88575,1,credit_card,9,189.42
6363b59d2e7f542672e0f11910c0c708,2,voucher,1,194.98
653fb84a9e7359c05777a5332a48a876,1,boleto,1,84.23
826221f0c1a1915308dccb83b841eb2f,1,credit_card,1,23.88
1b46c5cd349b4c1e7bda383bb8d64731,1,credit_card,1,1253.86
32a5bc9d3f2a71d05c275cfb8d2adccf,1,credit_card,3,155.14
5a8cbc60b032f344459aae65f0c01d26,1,credit_card,10,114.36
534100b99398bfa0b9ffbf40fc8c7757,1,boleto,1,79.24
4dc7e4499db06c25a94a1b3cbdd9c8df,1,voucher,1,30.32
a5c2a3264abb412912756339fbd24c0c,1,credit_card,4,285.45
610a42c3d738d3a80c0f95b8cde6db91,1,credit_card,4,117.94
7f8345ecf528aa9b47423c9cc5ab3986,2,voucher,1,250.0
ceb3c39e59f9912e923667e9fa91a144,1,credit_card,5,117.13
78f08da30e84bed8ec2f91fa7566d314,1,credit_card,2,111.43
93551f1b5b26ad94ad36349d4a4ef81d,1,credit_card,1,28.59
f7a7ff7ed71be9695fcaa57975abe814,1,voucher,1,85.95
d43ec367e36ab5844465e6127f159862,1,boleto,1,77.57
ff4118746eaaed0d632211903070df50,1,credit_card,5,235.7
af524958ddebae54e99bf50866e0bc29,1,boleto,1,135.92
ddea5624735479277afba6faccdcc28c,1,credit_card,1,64.09
1df2775799eecdf9dd85024255c611b7,1,credit_card,2,53.05
080353b05fa842120b49deabe1613a37,1,credit_card,10,217.82
08632fe0bc1f85190f242268f3410561,1,credit_card,10,229.81
617b88590cdd5883e40eedd5ecc48026,2,voucher,1,19.74
1e098529b9705a78dba4c6b24ee2ef35,1,credit_card,1,76.78
2ba9a0408f6084acab89be7aa689e5b4,1,boleto,1,75.07
21030293cc104b1a83a93d3fbba3bd6a,1,boleto,1,72.57
56ccc1571462d48192dc45fba66fb7d5,1,credit_card,2,50.69
f8e3202e9cd8c0fa7214e81340786b36,1,credit_card,10,313.29
a9e82e27071377dd0aeea6b3f4352cd1,1,boleto,1,216.63
5d2d954e72e7ec31baa0a784aa82a1d6,1,boleto,1,77.08
2fc1313d91489f3f305f00305b493ec5,1,credit_card,5,104.28
87dbf189fd5e4ff0a6846675d7fe9d0e,1,credit_card,1,119.45
f8ce8242387e2e8b654ae2de173eae5c,1,credit_card,1,125.23
d3244b7027fc12dbc070c6994d29ad50,1,credit_card,1,92.8
41d047e77cc83775301117a02c15b4ca,1,credit_card,1,75.62
cf893eae56a00ef5d7a02f3db19dd687,1,credit_card,2,76.85
d744783ed2ace06cac647a9e64dcbcfd,8,voucher,1,1.47
5e7ac1d3afa3583411b284bebd5dcdcb,1,credit_card,4,173.85
32b65057542330adb6513a62849221be,1,credit_card,3,35.09
9555e91e7977061b2d8bcc8820fc40c4,1,credit_card,3,265.75
f15a1e73acaf52cc00304cd1c2b5f09d,1,credit_card,5,137.99
f46d498479ef20f7cbe0d471d9ca0bcd,1,credit_card,5,272.64
a2e13e9b62a2a53c4f78d2af3707155e,1,boleto,1,227.27
2ffc1bd0212c5ba712e1da786b4328c2,1,boleto,1,74.16
20109f40b1a81ce4ec90a30f1e625046,1,credit_card,1,5.19
851edd7bad3021e86dd7fa72e9a5688a,1,debit_card,1,165.48
453d23c01dc7a572130a7bd307202429,1,boleto,1,208.74
54d6ae8b557cebe3a01965a54c4e4106,1,credit_card,5,105.0
68986e4324f6a21481df4e6e89abcf01,8,voucher,1,56.15
4c4590c53b8582812e4bf510d3e55e58,1,credit_card,4,77.6
3c885cdc499dd0042129083823a88e7d,1,credit_card,8,241.02
5c5e60b90539d3fdf6ea923f19567ee5,1,boleto,1,28.68
3367d93673eeafe8986194cfce4f2770,1,voucher,1,64.1
04e289ce03d58b279959796d73dee219,1,credit_card,1,47.0
6f14ef9e1c67a1ca8e572a477c1b58b1,1,credit_card,1,264.06
9dda75f3a1a15b58eadee893d4d4263a,1,credit_card,8,167.29
efb61fe94b0b5ebe0926dcf8228e29a4,1,credit_card,10,207.32
883781be689361196e762b3dbeed6cce,1,credit_card,5,215.14
3457d1d203987e3898c4516a101b5d36,3,voucher,1,30.0
2c96c827c0d1b349e1d4f1c3a4040f49,1,boleto,1,168.36
b484611f9ad9c46b51c31beb40598bfe,1,credit_card,2,75.07
182e6edb8cb190cada2690d7c7d78e76,2,voucher,1,14.25
4fd1eaa23a51a767193af5013ae6dbff,1,boleto,1,64.77
aa380313c19905dd1651bd21e75f09bd,1,credit_card,2,115.94
a2e7ee5b65839d1ba92e67c6f3f50269,1,credit_card,1,101.54
82d92bb4cb757bd10c5a06e13c7ebcab,1,credit_card,10,210.09
35aa2c55c4f28de4a5fba10c0952561d,1,credit_card,2,122.27
f0f32c83bd4335d68622f39d68724658,1,credit_card,1,14.78
8e1e84cffb2c5174a4d5d9026c0a5013,1,credit_card,5,51.5
9e89b029e7fb38004f9e2d3b4055610e,1,credit_card,3,149.14
c7b9761071cad0c921090525b7f5fbae,1,credit_card,5,60.85
3aa0bcd95f24f4a91c0ca3f0a160ec9f,1,boleto,1,31.84
171c9f9a5667b0bea55d8b78c27bc5bd,1,credit_card,9,95.22
bd12688625f6f378f5892c777f735b1d,1,boleto,1,105.28
e30b9cda599826e24ad3f5eddf966583,1,credit_card,7,75.24
4e376d36ceeae3f2cbf66cb0ca84c799,1,credit_card,8,173.59
309c31aec3cca9036a92e4e789e79e40,1,voucher,1,90.88
93e01af1a5d9d9d64c5668ec037ed020,1,credit_card,5,53.36
59798edc300f7563a9bdf18b2740def9,4,voucher,1,30.0
70b125b1e127de57a1145f484705786c,1,credit_card,6,137.99
d41cca426db55a5cffe764e4ebfc5527,1,boleto,1,65.0
da911c95ac6e4e0d008a7ec3d961554a,1,boleto,1,69.74
78532828d00531b29b635848828001f9,1,boleto,1,76.79
0922ee1619de7b995648e5a8407afb91,1,credit_card,5,249.09
310cddf7fcf3d915e764a4b145a42d7a,1,credit_card,2,129.55
bf5d8018171eeb0788be7f1c871eb981,1,credit_card,10,248.85
b9374fefc8bd25caac04f6223e7649ab,1,credit_card,6,362.93
13ca8b0d0c4f16e99ce917e1ffc06622,1,boleto,1,62.5
4f39a9f31c5a7d46ecfc92571700a6f9,1,credit_card,4,196.35
47fa6cef6180f216b6beddc92ce718c3,1,credit_card,2,76.76
b7137352bdf2d8985750a6b13d49b2d4,1,credit_card,5,57.1
122804b6e70597eca700595473d8297b,1,credit_card,3,70.03
8fbf78773c7c8165b1fcbc024f923678,1,credit_card,9,93.48
35a3fda780d64bcef27e2922fe37b24d,1,credit_card,6,65.79
b3154d5a5a7c0b01993f0768a1fd4b8a,1,credit_card,1,72.9
edd98ff7bdddaa8e3330534fb8f02792,1,credit_card,2,46.28
40fdebf7099c66b23f5856729f82a68a,1,boleto,1,141.92
b8376096f4d2956da3ab2e311c30c504,2,voucher,1,23.0
aa3aed786cbca7fa2c6eaf17148c63e4,1,credit_card,10,319.34
1f32e76e92fc0ebf756639dad26ebaa9,1,boleto,1,220.04
83d214da3624ec29a433e01e7ec0f492,1,credit_card,1,91.66
bb5a46301dcca0ca265b0bd999f9dd52,1,credit_card,2,177.12
bac0803bc0669a1e85a35ce2acec9348,1,credit_card,5,145.56
22fc44f6f4d13ad1c7a07054e0b42e24,1,boleto,1,33.75
c25173539a29a9b22d85fefd55e89a85,1,credit_card,10,142.53
b40cc33d658c4e802526de2bf8a56d43,1,boleto,1,39.01
156d020e7c34fa12b2b61a68ba9c7c0e,1,credit_card,1,55.36
298244895a58e73db105ff38993ca7b5,2,voucher,1,56.38
7d448da1a22951eccabbaf1d9b380f91,1,credit_card,5,51.5
d0b9352507407461f1092bd2fafa7df1,1,credit_card,4,222.97
2d7d83fd96dd73654af01305b5c917b7,1,credit_card,7,74.05
e5db5ce380f52125b3748bf78fdc7971,1,credit_card,1,50.89
5b35972421686a8a4758f542bf3fce74,1,boleto,1,43.0
67e7cace5deab160cedd95c80e6f60a8,1,credit_card,1,13.05
295f0c892077fab482adb25cfc37aa79,1,boleto,1,92.99
f1f58481b84bb57156f86cf3d5b2a1c2,1,credit_card,2,60.85
4a94f985ef69a52bcd0562790587a857,1,credit_card,2,46.53
f26d3cc4231c7230b8603f2beede9ea9,1,credit_card,10,320.91
5e8632a278dbe421d1c5d75e542dfffb,1,boleto,1,208.74
56cdfcbf34dbccee2a6ee43ac8382ec1,1,credit_card,2,95.21
4b8e7be134dcdd11881a5e7de6c88627,1,credit_card,10,219.57
50182b772092990f9c237c00c8c24996,1,boleto,1,48.62
5acce57f8d9dfd55fa48e212a641a69d,1,boleto,1,43.0
0bb9de1ada893b1bb35472e2bc19cdd4,1,credit_card,3,62.25
628ccc2ae8281f79434840fcfa0988c5,1,credit_card,2,132.03
b3ba29e94137bda882f9d0f41796363b,1,boleto,1,236.29
12aef789cfc998f5f44ddf27c24e354d,1,credit_card,3,138.24
2de2f2ccac0ff270f62bbd95984922bf,1,boleto,1,40.09
db38b153b053e72dea0f69d14d429ac6,1,boleto,1,175.64
2b9adeb55e0bd21f06e9dbcb10855229,1,boleto,1,76.78
ab9244e30226615cfb558ec7b5815ed1,1,credit_card,8,81.12
f6fe071c40a5c65d2756f92dac3506e0,1,boleto,1,80.1
b221f4ca79ae394f43b4fec8815e4b92,1,boleto,1,38.59
0ea01a9be52b4c9fdd44188e854643b8,1,boleto,1,107.35
0f637da50b3c7da105d5a5c6579110d7,1,credit_card,9,96.35
788dadfe475fc16d5e7562f1a5fa8e82,1,credit_card,3,133.08
777bf4670edce6de8fa9aa0b68b57b28,1,credit_card,5,275.56
c17bc584fe68bdf389241631455fc2a5,1,credit_card,5,52.06
910b6236c4771f905eeb252718b05b6e,3,voucher,1,24.3
f78331069dda1305cb2f9c835e08b12c,1,credit_card,2,79.33
1facf0f943e2e863012876581d779f16,1,boleto,1,102.22
f14ffd28776719a57c5bbf16cce58dd4,1,credit_card,7,157.32
e3f172aaf1f60065be92d36fc71fab65,1,credit_card,4,105.28
c4993abaceb6176663e5f493a418cf28,1,credit_card,1,74.14
142b0e3de54c110a3109b26c79d6ec2e,1,credit_card,4,72.14
d9bd19ff1f9e434a5d633944430a97ec,1,credit_card,10,183.79
7713ab7b0cf6f5db39f126a99108de93,1,boleto,1,142.72
671d3f16cc641e15fb8b5df50be64cac,1,credit_card,6,125.22
1ba9bc470dd2df7a0951759dd7b88b8b,1,credit_card,4,97.9
c91819424b628993175c3629a8b4fdd6,1,credit_card,1,74.88
b1e28e5f9eb777c98432e77404ae6492,1,credit_card,2,26.99
aef93cd9ec286c68d9f73fe1505fa2cc,1,credit_card,1,30.0
a4591c265e18cb1dcee52889e2d8acc3,1,credit_card,6,175.26
2262f6e2778c369031168e981215c70d,1,credit_card,5,336.99
d748300bae0831aec703a878ee43a401,1,voucher,1,170.44
d90f196173cdfc41f134770a43409e7f,1,voucher,1,76.17
1edf161379e2ac13eec051cacdf6e543,1,credit_card,4,115.9
f545c6d66e2fa494386ccbdd3e6762cd,1,credit_card,5,61.05
623a8e9b048078646d4f089d9a89acc6,1,credit_card,1,53.62
de2076727d0a51dfe4889b9cf85198e6,1,credit_card,1,27.38
9f8e1e683e02e3aef599ac6fa4cc6b21,1,credit_card,5,55.7
852b442a5bc38e624ea9f60305418cea,1,credit_card,4,89.57
f5b14001d7b69026a8e08343e5f4c423,1,boleto,1,57.1
ed3c1f5d71f3d6ca31d19d9393eb950d,1,credit_card,4,62.17
b1a4d93b091b621c2080d96449ded73a,1,boleto,1,189.15
52e0ef964835e225bef5565b7cb87f0c,1,credit_card,4,168.2
b0c2fc04c1c8fbb03073c15316fa9242,1,credit_card,1,50.77
3899e902fbfaabd1e7172e0f62fde3b7,1,credit_card,1,40.1
500b81d8def329a51bfbf84cfaa693a5,1,credit_card,1,55.62
2dacc81722bbde834907930ea0ea3377,1,boleto,1,134.15
dabde7f69f293cf7ab67a2b346573c07,1,boleto,1,35.61
050db8a61ea366db684e7d127082b5da,1,credit_card,2,102.03
be3b8d058b8100d8a2539ce0b2c6ec0b,1,credit_card,10,1223.06
81b2c7683a251dc0ea48059bef94597c,1,credit_card,10,1038.56
98035d9057b5e23020bd00138e680409,1,credit_card,2,24.09
1810618b56a9acf3df4d8a4945bd909e,1,credit_card,1,130.16
807303007d46225288462ecc115905fe,1,boleto,1,66.72
27438ef67f15928318b5aabed4908e74,1,boleto,1,40.68
49aefd30af1b6402e41a7bbcedd42e9f,1,credit_card,4,158.3
596f8123fe4a804da55175cc9c0a2a12,1,credit_card,10,341.33
864bd5ba759c631c93986c49f5c42168,1,credit_card,10,173.52
64ffd968be8339d1911ef7957f314421,1,credit_card,5,56.78
369736d4fdf5f12b5b823fe2abb3e485,1,credit_card,3,72.66
3742e108eff3341dbaa5e22f6e2fd38b,1,credit_card,1,50.0
243a969145fd8c5e4b6789857fc5d877,1,boleto,1,62.17
b4db538b7e17b5575cfdc4566a7f36d6,1,credit_card,3,39.24
e5bcc19af03dc9c714d381752e9f724f,1,credit_card,3,355.08
b9d42ba20409a35fd5e832fad2beebd5,1,credit_card,2,132.95
dc03cba6a1d6cf5c28d1fde5dab9a0bd,1,boleto,1,2034.48
f3da9dfd7e7fc1da0f3a6b4455969c04,1,credit_card,10,248.29
7079818788ceda52a3142be6aa82dee2,1,credit_card,10,868.19
df72ecb8ddf6db1e392ca1f148fb8f9c,1,boleto,1,133.46
26afe95380acef2da970a89cc128ebe4,1,credit_card,10,207.63
5c533da06d7dfe10d9d44dbcc8bdbc6b,1,credit_card,6,185.88
dc96a12713fb7cbfd8feac4ab0b8f2a2,4,voucher,1,30.0
4a0b498204bb56ab863db1f1acd84288,2,voucher,1,133.98
511618fe3d5724a254ffb7ebada30e0c,1,boleto,1,111.43
3c50df1d72d2138948a5e64fbc4a2b9b,1,credit_card,8,84.62
ea61ed29f4c6dd7b047e92ac87e73392,1,boleto,1,75.53
157728e3687cd5012c1e732721098570,1,credit_card,5,225.01
05fcd933547be81890bc4d62357fdf3f,1,credit_card,9,408.12
cd503c4ebaea202ada676515dad4d180,1,credit_card,6,264.09
8b97abc734f59ea448e08b7e84695fbc,1,credit_card,5,227.27
4a57b5cc52a26431753d6ad8668a3e54,1,credit_card,5,220.04
3d905f2c25bbcb26fc068e0ca62a4315,1,boleto,1,102.05
f0132f94c77357b3524b93786987c97a,1,credit_card,3,76.76
e9e76f41dadb7c83d5f8dcbd2ca7473a,1,credit_card,3,39.68
2eb11181a958eb5193fd521fd5110b5c,1,credit_card,5,94.06
c063c67e34bfcffe2492295dc03b8afa,1,credit_card,5,111.54
402571417385ea134265f371272b0cce,1,credit_card,6,372.16
a8a92512496f02da00cf23fc2066121c,1,boleto,1,100.34
ec48402bbc28b1e4f252da4031bd502a,1,credit_card,5,397.03
89e77e980d3b5a87724b660c307a6204,1,credit_card,7,292.45
18e83381f06c519894068bc3434fb638,1,credit_card,2,118.41
9b67fd3ee844d811949db406b78a4576,1,boleto,1,133.76
0cbe02c76316799a31b1de5bed001c5d,1,credit_card,3,37.62
f6d067206524168938aa5ef598260e4c,1,credit_card,6,220.04
2395fd4999715780712fd089ccc57d50,1,credit_card,10,844.51
3eeee3b998098a2c5f50ce39ab462a20,1,credit_card,4,715.9
ad7d7321653c0e39e1563ff97f273341,1,voucher,1,167.29
2c6fd1ff4fd89ac1fed1ca1d12af7e26,1,credit_card,6,64.1
c2215076050fa358934105b15c34cf3b,1,credit_card,2,102.03
59629349b860bb43899ea07bf4ec9633,2,voucher,1,67.89
daed2231418803be9327f1b4a2cec04d,1,boleto,1,76.78
faf6d4b65126b7e12030723b3c8373bb,1,credit_card,3,43.14
81192041563939605a3e86ae0d6d8579,1,credit_card,4,41.79
1d9f8648651f574a2e2e5d8728384f7d,1,credit_card,1,110.9
67d83bd36ec2c7fb557742fb58837659,3,voucher,1,8.0
25989a7e7af41df0616109b8776aa0f7,1,credit_card,2,125.15
46c2e1dc685486650310781268c4c885,1,credit_card,1,191.46
bb0d79335145208b9dc833ad7edb99fd,1,boleto,1,147.15
56a5173d04a558bb3ad9f8b2c5901c60,1,boleto,1,61.75
b25f39c89d2229961d464a9606aa8582,1,credit_card,10,611.35
41277f3a6a9033447c24bd3e1ff04c86,1,credit_card,8,171.51
a0171ff239b3463e4813e36663dac6f8,1,credit_card,1,102.0
0c4fc2ece57a1567b1839585c797cef6,1,credit_card,1,146.68
210c564437a3ed150b4ac174eb4282fa,1,credit_card,2,27.77
8d38f0c621183c4e95c8c65aba625120,2,voucher,1,17.65
17c7247e36a481d564a5ec8c28861709,1,boleto,1,47.68
cf229e9a3df6543d25bd826262a12a8a,2,voucher,1,50.0
340f6a494c2beb062b582296fa626746,1,boleto,1,147.15
5d32f74219b2e35ba14aba07eb94c981,1,credit_card,2,53.01
455df7bac21225d8e684c0712d10fe99,1,credit_card,3,110.19
5d4f99cbe5d36d97c16689770008cfc1,1,credit_card,10,281.31
801ff9fd867535b5d27f82019cfef7e1,1,boleto,1,51.01
ee708af463026757088ec8811920ad51,1,credit_card,7,223.14
2caedb75be9b0acd4a4aa3562e5f898f,1,voucher,1,44.0
336aa930110aba578d1a4471144a3271,1,credit_card,10,234.78
7599f0394aa4e7aea57ca87897378014,1,credit_card,10,220.04
86eb56a83df068fafba35f1a76537ce2,1,credit_card,2,125.23
f99c42cf20b64fe3dc045ae83e56f4e1,1,credit_card,3,566.0
cc72c534117f6b66be178c5ac9235adc,1,boleto,1,59.01
4069c489933782af79afcd3a0e4d693c,4,voucher,1,9.83
57ed8be469a185c4797b2d3e82572315,1,credit_card,5,66.74
b1927b1b40d5a2c5e0d49a6bb76fc273,1,credit_card,3,231.27
088683f795a3d30bfd61152c4fabdfb2,1,boleto,1,46.82
5d22221b90c2b5e609b04d8f026e79a4,1,credit_card,3,81.92
c4bb1fcbb98d9733607ea0c7ab067e11,1,credit_card,4,136.66
53ec902459673efbbcb34dec981931d3,1,credit_card,1,61.11
78bb9cb1e0d5fd2fb179e3a8205f0e4e,1,credit_card,6,62.01
0dab99a238b965b106fea183eccaee3b,1,credit_card,2,103.37
20e8787aafedddc04670cbfd2c24953e,1,credit_card,1,64.1
610d998ea61935583bd897dd101d0e1d,1,credit_card,1,3.67
9f3f85ddc354be372be6cde53a577cd5,1,credit_card,2,56.85
bacfb12b369a42b37e0246c786bf4637,1,boleto,1,373.9
aebbdfa5636b87a2886bf445dfceeaf0,1,credit_card,4,87.24
aee7c19a75c89bf126f4ffc9cfea0d0d,1,credit_card,10,253.87
da94973fbafcabffb6188856684f342c,1,boleto,1,71.14
96e78a16640bdff7370dd73cb821fc01,1,boleto,1,41.99
73745cfd1447d2cb71537b662d59b3b8,1,credit_card,5,106.87
e4bed70dad1c8ff6bfb51ce87e9df866,1,credit_card,10,257.45
d2fb62d4ff8956f8a837609a902cd531,1,boleto,1,46.37
1721eb90ee8c1fb7d6c2f81e8acd2a22,1,credit_card,4,130.42
6bf198e21fd4b87c035d4e94da5d1f85,1,boleto,1,154.01
154ff64668cf2822704c69bd957a8c6e,1,boleto,1,97.24
94d98977316e4a4775c4d7dc3f94e326,1,boleto,1,50.82
f9537b9d24a68ee87a6ea92286bcccc9,1,credit_card,6,127.04
3282d3194ddf7794d2ac89795ed74cd1,1,credit_card,9,212.03
125065dcda5fb5549b43a1ce085bec63,1,credit_card,6,156.33
0fc3e31f16aa4bc4bff4d14fe1e169f8,1,credit_card,1,16.36
68986e4324f6a21481df4e6e89abcf01,12,voucher,1,7.5
c6926f41a94f1069b4f549fdf98110e1,1,credit_card,1,27.77
ba0c09b77bd8f01147e2e0cd34bc30a9,1,credit_card,7,212.8
a29ab32710213cb26d652ffae0386f44,1,credit_card,1,33.85
6353efc1d0d95c4b6b631151651307d3,1,credit_card,4,168.29
5f9b2cafa834aef683c653590c8918f2,1,credit_card,2,134.01
230c3aecc2d5f855e6dd4ce8a98ecf13,1,credit_card,4,40.85
9f34a57aebc01d6ad4268ec70c75bd2d,1,credit_card,10,354.53
64c4cb66d0d00f017802b2f46c80f74c,1,boleto,1,54.38
b8643ed80a2602a3562b8cb0d6f7a3b1,1,boleto,1,27.38
728aada863981162c695a2b288d9b410,1,boleto,1,60.05
3af6b9f9ea8f6b9c7fcf82f988e895e2,1,boleto,1,26.77
f123bcb9f930077822decd40b6b633f3,1,credit_card,3,105.37
6459b5f821625917c621e74c69b48cda,1,boleto,1,112.02
d8315a97f7666b5ec33f0f34dabc7856,1,credit_card,10,313.51
2590e980b10a80b8a69f0120addc6590,1,credit_card,3,105.28
57caee5837cc4a8f605f3a83bff208db,1,credit_card,10,325.93
5f9d46795c3126674e52becb3a1a517f,1,credit_card,8,223.69
1b1b3a4e0fe992985df0687e28917050,1,credit_card,2,65.0
82053c99a8faf111b6fee27c87af56c7,1,credit_card,3,148.15
74f6a72d401864d8a0d5b73e2533a3bb,1,credit_card,3,74.64
9fa022506ea0764d8987a060dd6cd2a6,1,boleto,1,62.31
f834e3467ee8fd252a9cf386dfac6991,1,credit_card,1,104.58
203763b580fdf4ab6596f692370d27a7,2,credit_card,2,63.35
62899f7b8e4122204fc3d26d8d2c3737,1,credit_card,10,148.86
468459668c11750c4d0a52b54045bf48,1,credit_card,4,106.97
617b88590cdd5883e40eedd5ecc48026,1,credit_card,3,33.35
c4d230f9c5f9e41364d44602902bdaa3,1,credit_card,3,207.76
d219d37e7efeb5f720d562521eef772b,1,boleto,1,84.59
31be4a9a42c356eb746eee159757c1b5,1,credit_card,1,52.38
1b04338248209667c231e726e312c9fd,1,credit_card,10,210.29
53bfe1a75c6a15a54e6452b167689ef4,1,boleto,1,50.75
e107625561f106fc1d9acae20a7cb794,1,credit_card,4,91.28
45d40c41efa3e7f0603b753465305bab,1,credit_card,2,127.16
ff82173a9821071cdd3e554219a376c1,1,boleto,1,66.05
28b555be47c43251934a9396c88f76bb,1,credit_card,10,153.58
9f94198afddf148dacf5f49751ab3072,1,credit_card,5,91.18
090eeebdb88e50484b9d37e863df829b,1,credit_card,3,73.34
e1b489d5811a2f0401eb7bfb88887cd1,1,credit_card,2,132.14
a637905e494eb896191ea94949fc6d50,1,credit_card,7,171.13
8240adde075daa46a7635c1fb7bc26df,1,credit_card,4,87.64
d873fac825acde118d8302108e56afff,1,credit_card,5,228.79
49af403fd43b8ca8b5f7b74845bf1f66,1,credit_card,3,79.27
97d03d6144f96be066dcfb67ba92f4c5,1,credit_card,2,77.08
69f5eed47613a9d3cd0ae94d398cdd4e,2,voucher,1,30.0
5923d27ea800706e7c11665595951851,1,credit_card,1,40.01
f600e48affe0d3aefb6e206a0ead6dd4,1,credit_card,3,41.69
5b4e9a12d219f34f5c2de9f8d620b19d,1,credit_card,1,100.18
10a0658843edd18524653f81513ef60d,1,boleto,1,78.56
3f5abd933258e53656eb4368f0762fec,1,credit_card,4,223.8
9b7130a90e8f2c23cba417fd1e9be425,1,credit_card,3,66.17
49e809b11c0445fb0229f28378d3d30d,1,credit_card,3,225.72
9937c97886894167e73d617373b4d91f,1,credit_card,9,97.06
a7126b0cb60c6a688dfdac0b29f66f4c,1,credit_card,5,115.89
f8207caf0d0b8d07ebb64c397a72793a,1,boleto,1,216.23
a5931d87676f8226c1157c5d68be6969,1,credit_card,1,144.78
c774090f7e672d0718f1ea7e9a3a8590,1,credit_card,1,216.83
01428962dce3b65e5433eaeb16c0f48f,1,boleto,1,403.16
046afc54df6dd8bc98ee2c0e653b70d8,1,credit_card,4,43.1
7f64d5e4a277230448eebf7956e29706,1,credit_card,1,35.0
dab61751be110f17c309fed535523372,1,credit_card,1,295.36
2ce76cebf99f85d0ab90dc021c02c59d,1,credit_card,1,115.36
eb2eb20abe0258707c152cc393dfcb16,1,credit_card,9,206.07
7ba5aa75c36b0fc349ba94b289d8adeb,1,credit_card,2,75.77
910b6236c4771f905eeb252718b05b6e,1,voucher,1,65.59
6793b8d767d2608a93635c0657012443,1,credit_card,2,59.79
36740de778429748e1ff6077c7d85e5f,2,voucher,1,18.91
f7181480c46ca65d102f4e43f01ee2d1,1,credit_card,1,95.59
527f95bc978265984802f8ef4ed9dd51,3,voucher,1,21.95
6a98404a0f7370f4922f570f83cd508f,1,boleto,1,40.85
8d5522903eb78728024e688cd6ee9dbf,1,boleto,1,81.89
ca77a77fa11ce045321673afb2743d83,1,credit_card,3,165.81
bc52ee2d28a015510123067432c70c17,1,credit_card,3,157.28
486b47061ec8cb9d23cda4e69b20ecd2,1,credit_card,6,151.7
ab64c36dcdcc73e28c565187f757e3b0,1,credit_card,10,213.38
8ba3f3a9292fbc22a8b7dff752bbcd37,3,voucher,1,20.0
73c0fc13039b78072f6504565ebe2693,1,credit_card,3,70.12
5a93cebb38f427b7931b20739631c9fa,1,credit_card,10,137.99
8d60c8a11e4eefd1b431f3c126e0b3c4,1,credit_card,1,109.5
55ef70439e782ff2c553a03782800960,1,boleto,1,39.0
939e85580cc5404abd2ba9df25330fb8,1,credit_card,4,57.2
bf237ea364c3113c48cb2815b7bbe2c9,1,credit_card,4,85.52
4069c489933782af79afcd3a0e4d693c,7,voucher,1,15.84
afcbcc62e1ddbcad592c172eb3e409cb,1,boleto,1,181.46
e0aadee588e476e3a004e56c8fc3c645,1,credit_card,1,1101.51
295ad751198b4f1a2651400773795227,1,credit_card,4,87.71
9d9f932c7a747d08ec9b2c5e3e0ffa84,1,boleto,1,324.87
21c9e1884faf91f5fc65224d92b2ef83,1,credit_card,5,108.44
3f470bc5e780dbb1a62275692b9ba0f8,1,voucher,1,112.95
dceb62e8fa94b46006c9554fed743df0,3,voucher,1,53.9
4bc3b7398353cdab6f94ca83978ed833,1,credit_card,3,166.71
a2e3d40e411a2dd9b89be4aaca991101,1,boleto,1,73.34
922c88e7a4c04efc1aa1b468c8b7b54c,1,credit_card,1,61.8
b1052e92ac8aabc3374c0a9bfdd33c41,1,credit_card,5,358.28
d8711cd641288f4e2e1a84dc3c6ade21,1,credit_card,5,132.48
10870ce1b8fbb2c59df2c544b74d1b54,1,credit_card,5,719.65
7bc2a035233bdec3f84bef1cc364a2bb,1,voucher,1,45.0
657b8dbc222ac9b5b61eab078c16b3c2,1,boleto,1,28.0
7c24ba395c0e8eedbf5458052dc2bba3,1,credit_card,10,343.07
d2d2b46f15aac179d92c40438fb3a4e6,1,boleto,1,55.54
95fba842978e008c75e640b1908f1867,1,boleto,1,232.39
cbdd479f38ee1e515fba2abac4ab132b,1,credit_card,10,253.08
228dba745fdc79fe3b74e70f3e8f67db,1,credit_card,1,41.75
afd71840756746edd2c71bd69b2e904e,1,credit_card,2,20.82
767e77d7d76d75ea5309d5345699cc44,1,credit_card,8,113.24
0cae0419c5938004fa8b8dba302552d1,1,boleto,1,61.05
bb07507a35cae0089d4c6d94ed9476ca,1,credit_card,6,123.89
79151db05c0fc610003d38e917bbb5fe,1,credit_card,2,88.74
c158cfb02733d33c18b815afb0d8d49b,1,boleto,1,57.5
f3f2e46eae87e5684cd1f5a61c7d0835,1,credit_card,1,128.1
fac313dbb6add2eb12c5dc3cb6e6e807,1,credit_card,1,47.5
b211f8c759ee7993a37f65cf5c9fa72e,1,credit_card,5,118.41
367feab81137b698b971aa3bc25233d7,1,boleto,1,56.78
6d7401af6d68c81a5958578eedcdd778,1,credit_card,1,40.0
50a790149ec089ab00a4630204396f0f,1,credit_card,1,82.6
413158eae01863d8624661dc2aafcfce,1,credit_card,7,70.12
29354cb2b4aa066762853d685a2b224d,1,credit_card,4,138.96
84a8ab2b1def6828368f56b359215428,1,credit_card,18,501.08
67348b916dece1709eda43da06e03fed,1,voucher,1,35.1
304e7fc7db4a67a8ab0403ce4eb42ae0,1,credit_card,1,68.62
c429015a547bb07b324a714d0800f1be,1,credit_card,3,150.67
137ee4a7c28123eb6bfdfb1a93b61156,1,credit_card,6,175.24
26d3771b463a99f7dca5a96346871d48,1,credit_card,1,805.06
ec97666defb2e1fade6931649731f776,1,credit_card,1,144.11
4fcde2536e61edddfbf8d3be91b70eec,1,credit_card,4,66.69
a1b21ec2261790512fee2636be05ae42,1,credit_card,2,113.57
1149d72adba9246665c80103bd7011c5,1,credit_card,1,17.29
a0f9d2f4fe6a25a06ee6888f635ba456,1,credit_card,10,110.17
a5ea4a54db4df8ed51c9044097d480ea,1,credit_card,5,259.96
be2833555cf50be44d494f1fb8c95ec3,1,credit_card,2,27.77
5a126b3da47d5cc3b50eedf4ed1a2070,1,credit_card,4,42.59
4189fe8c734261c2d73d1d42be33b3e4,1,boleto,1,135.39
a00e73405373c561c9df18fa53fb1af2,1,credit_card,8,82.12
109b43dc12d67a5107cbbfb7fe98d0ae,1,credit_card,6,195.91
ce2d26887805bd860b4ed0368e29ae95,1,credit_card,1,32.04
6914acb0f52f56529563f4f97062b90b,1,credit_card,3,83.41
5498bf7c13194844d474e73da1ab8bb1,1,boleto,1,70.32
14b61cb802c6c32f64f9fa632cdaa60b,1,credit_card,2,90.88
538c572a252f5c6e5cc6a9f172c47a0e,1,credit_card,7,99.7
278f41386e50a73ab83b1253a6f98267,1,credit_card,2,100.34
14f478070db62f51c33367debce4f1d1,1,credit_card,3,72.05
760aa40d309654d447f272293804ff2d,1,credit_card,8,157.38
3d98c6327fa1c45b931c31e7ca2c97cb,1,credit_card,2,74.77
40937e994b9bf8d1d1d545e2605e3834,1,credit_card,3,51.01
9f5630ff3b1445ec3e06b2cbe5c47258,1,credit_card,3,119.08
085bc46be56c7b3c4d5d805843d02e5e,1,boleto,1,46.01
f7c82561ae5213f3564251a07c475d1e,3,voucher,1,11.39
56e857607d894b7e1d6bfca0b5ebb9e8,1,credit_card,4,46.63
fe8d684a306224786c4e05733a48129a,1,credit_card,3,226.23
59448c2e076491032bae1cb956f03ceb,2,credit_card,1,2.38
47b3fc542306133e109f00371870c632,1,boleto,1,224.09
9899f511f5fad599e46683421fd9e6d3,1,credit_card,3,64.77
48fa6f60d62fb1e0d0ada35a50180531,1,boleto,1,64.09
c02a5571a92c4122218c6471c440567a,1,credit_card,3,102.74
d360a6c1f7b7eb35282e2c574c5cbf8c,1,voucher,1,28.43
de76f809479b8391b6166b1448d83f3f,1,credit_card,10,202.82
788981eeae5e313081bd50e623f540f8,1,boleto,1,34.75
718780b93362dd897e0d9f9982c87736,1,credit_card,2,82.28
8a9de8d81c80f26c6ed99cfe3fc60154,1,boleto,1,145.88
f19b9413f2deb98fbb76c8f57ca52a95,1,credit_card,1,38.3
8f0ef9fa114bf453c16ffc0350da8581,1,boleto,1,116.94
cdc6ceaabb2f687c33736de20f6c0b98,1,credit_card,5,117.94
b8376096f4d2956da3ab2e311c30c504,1,voucher,1,30.0
628fedcd693f3b7d66306884d2c043c6,1,credit_card,1,46.02
059bbeb3477ed66fd7e670c3f879009a,1,credit_card,4,42.85
d78bf5f7b32db25ce7cd2f808c72512e,1,credit_card,2,62.01
834780043eaf86f9e26f352161b6dfa8,1,boleto,1,91.96
29182856a24c6eeb1d7b81ba1fe63190,4,voucher,1,7.33
c71168b3286e7c26a34e005edb6a63e8,1,credit_card,3,140.08
8ba27d0eebcbab5fb3680d1fa19f7657,1,boleto,1,101.63
9ea3e77998212b1f268aa1753f3d421d,2,voucher,1,126.18
5d5128a0dbb59102263b66505895c98f,1,credit_card,9,95.02
fe185068c0d733ffb18fe6636ac8e498,1,credit_card,1,66.01
e0c8a0e62ecd027577c1cfdb38c8f1ee,1,credit_card,8,166.4
07684a430f124ffa76c3415f04fb2ed5,1,boleto,1,72.45
c92a1e5ecc2f42594b4c40567e387039,1,credit_card,1,34.09
e453260163d404cf3b07e977df27f993,1,credit_card,3,313.54
62fd4c233bdcfa43057b8a4810a855eb,1,credit_card,1,64.0
fc12a57ca0e1e2e7dd16b215f473c70a,1,boleto,1,102.03
f71c22b4583654c7bd72c16388ab4e07,1,credit_card,3,33.78
ccbd198eb55e22f3b2240d1605961c5f,1,credit_card,10,293.46
202dc36450b101f8ce80320437f258f9,1,credit_card,2,152.47
8366bc5a7f299fe8b982e7e3e4aada34,1,credit_card,6,137.28
2a52e807fc3aaa0dc36fb7b01b56e59b,1,credit_card,10,231.27
8a0164c3828be538fd5a402c8bcca508,1,debit_card,1,105.29
b1fd045765d02d216fa215c6ab6461cc,1,credit_card,3,61.11
08b9d47b3be61595c61eddc50b42ee02,1,boleto,1,219.72
a833470057703c13293c5d7c2bd5bd05,1,credit_card,2,42.77
5b30af3b150295616c6564e91b8ec214,1,boleto,1,293.36
8890828f16facb8b8a9c48194daccb85,1,credit_card,5,92.67
0b54477549051598bd77d59bee6182a7,1,credit_card,2,104.19
e488e6bcbb9d0e1aa301b9c649dbc5fe,1,credit_card,6,184.93
5935197a3a64cf91a125aa939d5eac7b,1,credit_card,3,226.22
73adddab7cd7e4f606280f98c137656a,1,credit_card,2,45.69
5778366745f5c8c33f8c7f0432373788,1,credit_card,1,3.13
28ec57c2ba11d394a43df3a4846055b6,1,credit_card,7,167.29
782c3666584e68ee1fe25859e30cfbe8,1,credit_card,1,102.46
4a0b498204bb56ab863db1f1acd84288,1,credit_card,1,24.15
02a059e99249511338c51476bf3d942e,1,credit_card,3,132.03
091b6eccc5e978d6c77d8da3f3cec254,1,credit_card,3,173.74
4a69d6c8790e0f6d2ffdf98e6522fef7,2,voucher,1,39.22
b7f45bcd6165e360a95cb43ced5d5ea3,1,credit_card,1,105.37
d50b42288a180cabdc414b2d43b67a3d,1,credit_card,2,151.29
54e5702667dea09e5e5c511966be57f2,1,boleto,1,79.56
c7381c0615627260eabd7cf94bdad2c2,1,credit_card,3,153.01
527f95bc978265984802f8ef4ed9dd51,1,voucher,1,39.79
85c86d629e3c5e477f457be9db748d3b,1,boleto,1,92.05
e9d424615d8805614e254bf5c170bef8,1,voucher,1,76.98
643072b191b07f013f4d88ec43acb812,1,credit_card,3,227.98
f97bbed1ebd38ac39d7335b1ff49ab71,1,boleto,1,44.0
43925f942d825dff700fae3187ee8e59,1,credit_card,2,88.93
080a96bd106fabe8c9a74df5cb5d8d26,1,boleto,1,163.06
520e9b73b66dd639c67ced184953ca2d,1,boleto,1,358.89
93dacd550574d8a7b38362c2a6f040b8,1,credit_card,3,113.71
b99f2ac35db6241badc2e0a4d74e79a7,1,credit_card,6,126.58
344b189b705831ff56d313993ebdd789,1,credit_card,4,98.51
284705e9a68479f4ef401d31e5400948,1,credit_card,4,212.73
77f6506ba8fcfa8c923e3297a1cefbe4,1,credit_card,3,40.0
72221bc9de65dc6a45b9156909d2b6c9,1,boleto,1,50.0
899cbfad4bc94409cc6bddd6b602ef39,1,credit_card,10,327.82
9f15e7cf61018edf0f17edb4c4d77b5b,1,credit_card,2,59.22
7575d831a96234bf02a093daaf34e375,1,boleto,1,42.0
e64aa875cf76866ccbf740143d575f24,1,credit_card,4,146.68
7c33b548f0fee23cb4a8afe1f1333ee8,1,credit_card,2,275.98
7575f0c5a89cdb0c577224d9efde0266,1,credit_card,2,69.03
4ce5e2d15628c2277ca6ed81ee60f9de,1,credit_card,4,130.94
6e00f1b6909c139001c7df4ccadc97bf,1,credit_card,10,168.29
91fbaf43eacf41ac78b17d7b7ff38156,2,voucher,1,44.49
b0dd307838694a75cf71bf19c41a98cb,1,credit_card,1,50.09
ef800505ac201cb58850d693b4de0512,1,credit_card,2,182.3
f5c7e6dffe1ba6e19b7e8ed0d2605078,1,boleto,1,160.23
e21124ab31068ff2d96510278646010d,1,boleto,1,133.46
7bddd9e6b1537e5eddb67e890e80119b,1,credit_card,2,41.59
d74c7ba612504db83fd0437803bc9b49,1,credit_card,5,199.76
3eb03e7a4a9a9197c4f0481415bec34d,1,boleto,1,94.21
3d3bf2f6415d93b07c9b1fa798a19239,1,credit_card,5,117.94
c94ddd241e51ad691efa43aaee5b7f7d,1,credit_card,9,231.27
a33506544926e8200ef81a92ce3c3280,1,credit_card,3,74.16
dfc5a5525471e9341af3ad103adbef79,1,boleto,1,149.04
11dae77988d96fdf02834d83d7d018e2,1,credit_card,1,227.27
1702c32d41f309e6e1180ba330a5c8e5,1,credit_card,2,150.05
8ff75375a7a2cbf26e7fbac0c52c9810,1,boleto,1,52.68
56181fe566dd895c41cb4c0665207b81,1,boleto,1,70.41
baa7b830de0ad8d2e0b18ebe21372cf6,2,voucher,1,100.0
eeb395f21c0508f1593722cd5058462b,1,credit_card,1,64.1
904a8c5eecb566b06d4737b0cde3e0ab,1,voucher,1,27.11
1fdc2609d5cf7bbc42f1af8ff3072049,1,credit_card,2,64.62
d6a41a84e4678642f3d747326570ce4d,1,credit_card,1,26.44
ea048e4dd31fbc0e639a1aade37c7f3e,1,boleto,1,219.23
d94f4fe5fee370911b2bdde33dadb1ac,1,credit_card,2,163.15
b081a69c4b6f19636549667b897d9761,1,voucher,1,30.0
1bd28aade2a26491d158189d9682208f,1,credit_card,6,148.15
5bb0a15df451de753efe768d4c907d4c,1,credit_card,2,167.48
1dca8b6025f7b613456a828b3e273900,1,boleto,1,69.03
782bc6a39d1541304f6111016c820437,1,credit_card,3,30.69
a7e3060436ba43bda8a76ac20cb33c5b,2,voucher,1,50.0
7bfbe70d2fa4f8b872ec86a7a51d099b,1,boleto,1,77.57
27240c0c08c0744d4070effa2394ba4c,1,credit_card,10,155.45
cb8bb113b2281d7f3ff7faace4549b97,1,credit_card,1,34.0
a8f00328470170750a47056654893c08,1,credit_card,2,112.34
a5a315fbb356c78710a6c0c4129525d0,1,credit_card,1,85.14
2a1c4654d546835fd2e3abee7f9e9761,1,credit_card,2,79.56
db3a01453250325c27f1b54a5dabf495,2,voucher,1,17.5
d1846813d43b3ddbf1b6394b223a4d6c,2,voucher,1,100.0
4b0ad428488cc1b132333a293f9c1370,1,credit_card,1,72.14
67d83bd36ec2c7fb557742fb58837659,5,voucher,1,8.0
dc549de29b05dad7e04a830974bd9278,1,credit_card,2,27.68
c23cbe2fda508079dda241b040935e11,1,credit_card,5,137.99
bc546e284ba8c6c9895808284985b24a,1,credit_card,1,36.75
bb5dc4553cd94f942c0b3eb3ca1147eb,1,credit_card,3,35.09
e2c88417e46c8c861873841204bc5816,1,boleto,1,55.0
70ad2dc48af913cd86faef1c08d45c2c,1,credit_card,1,46.75
ce7364e31a5ed0653bfcfc6d7f2b9785,1,credit_card,3,78.5
43e6d698fe37c6ba287d6b20d552a8aa,1,credit_card,3,67.02
19c37103c79e5f4a03f5fcc5b1fe97e7,1,boleto,1,32.6
c43d312cae83cf5e4a99152bf27be2ee,1,credit_card,1,237.98
b9ec77884b9b01c77b08f954cbc97fd4,1,credit_card,2,67.68
672d0085da7d96c6350cb54170e4b944,1,credit_card,2,324.64
165c8cb6857ddef74549e79056c60b06,1,credit_card,2,69.64
be33f61fd2cab2493c81b0810b31da89,1,credit_card,6,128.83
cf418da45661447c99c40a5786bca1a8,1,credit_card,5,139.5
de6ed885a8151d0cee622e51585ff6c7,1,credit_card,1,4.51
59ec56fb4a12d230d24b71e77b3bda8e,1,credit_card,10,102.66
fb11780dd534a4af0611d27c007b88b0,1,credit_card,3,243.57
cf101c3abd3c061ca9f78c1bbb1125af,13,voucher,1,0.68
a7a423a542937b74dff48feaf2dd1126,1,credit_card,3,178.89
c80568cc3de3ee4efd40e9329b74b233,1,credit_card,4,138.24
28128672c14c30346043c3627ff76011,1,credit_card,1,172.59
29182856a24c6eeb1d7b81ba1fe63190,3,voucher,1,5.28
706c158ac8d8096858c505dadcee23b8,1,credit_card,2,58.59
285d05509f58145ec6c82cc3407ee55b,1,credit_card,1,27.77
b9b690e003beef9acdde2502dfc565e2,1,credit_card,6,124.4
265dd67c951ed49718e284b11333e376,1,boleto,1,42.28
beaaa51d8c9cf4009ff933505cdaf101,1,credit_card,5,149.48
da1bae15304a82479da9efcbc567e7b0,1,credit_card,2,53.87
891e419a9019fb81b67212a708cb5f83,1,credit_card,8,442.72
78a32c3d793fba4ffb5fe75dd8ce64c2,1,credit_card,4,61.75
439edb60e53e317f8ca366718a648400,1,credit_card,5,95.22
479765879ed1ad45202a56cd35a89e8f,1,credit_card,4,107.95
2301c13c9dc02b9c8d61919206e15e1c,1,credit_card,9,95.7
df90edc2d012375fadf5be70b1b6ddc9,1,boleto,1,44.59
f40832d895b3e03277b9ef60c23d323c,1,credit_card,1,86.57
f1208c0ad97a9de898809def9cc34d7f,1,credit_card,1,174.86
962d15facd986392ded1944582624593,1,boleto,1,26.77
c5f2a2829db09bd21fbbb46215b74a2c,1,credit_card,8,167.87
d65ec1b28617b16c0747b22c49a979a6,1,credit_card,8,81.76
df5f65d2dec68b07404b0aa6f09aee32,1,credit_card,1,84.23
5b33e5b23e569f404e6eccbbce3e0aa4,1,boleto,1,636.74
4388bfaee1fd1126906a13064ebf3f61,1,credit_card,5,189.21
85b34a1af5137701810e71076fa9cc33,1,credit_card,10,102.74
e83b7d67d157caf4635a91869f0993f2,1,credit_card,2,50.5
4f62d593acae92cea3c5662c76122478,1,credit_card,1,21.77
ec0dc4b572563095782c3e96a9f4d205,1,credit_card,3,160.37
9c77966338b7a4afae520a5723c937a3,1,credit_card,1,9.81
06d68cf3fe78e8d27c1047fe0346abc4,1,boleto,1,69.84
fa79b2c18a8bd1dd7fe6c20ea3986434,1,boleto,1,95.21
8c759a2fd3a1de7793ba07dcd96abe4e,1,credit_card,1,72.05
d09e3fd9caced8c85a2db6da7c0fbcdd,1,boleto,1,45.78
a67f04f0a3022835f86664a0070fe36e,1,credit_card,6,83.23
cf58f2b85e58aa578ff307fe1a3adbea,1,credit_card,1,75.07
e699e3eba235aee5f9c5d48559430616,1,boleto,1,253.33
224a802cf146cefcba3907e02acce34e,1,credit_card,3,151.99
3f7fd60d67674509240c45196f94cf0f,1,credit_card,1,17.59
067c946a70abc2e1e8d9185ae309b48a,1,credit_card,10,231.27
4e71da193c31f98d4b7c85960d89cdd2,1,credit_card,10,231.27
458ce9ed0016410eb81b196544fd987f,2,voucher,1,40.75
488e18847dc4c18696d2e992f89a7b8a,1,credit_card,1,29.69
d8541096e0d84a41ea8e5761296a7ab9,1,credit_card,3,77.57
bfc0684b4ba39c70fe4866744af09f40,1,credit_card,5,118.75
7c259a397799aa0b7043c30ff9d042a5,1,credit_card,12,156.33
a2429c5b2d967e5f28f4bbf162d72548,1,credit_card,4,100.82
8a52017e0f9d904528367d756eb6d4f9,1,credit_card,4,85.85
6164f657084f27df744b7ba94beee2e1,1,credit_card,5,81.3
bb26b9f1f2801c2bd60622b82bbb533b,4,voucher,1,28.36
c504f1f5fd54cc8398d57dc0da49de01,1,credit_card,2,69.49
70e4c52c261e4b62fa3d02aa61c45378,1,credit_card,5,315.11
95251874fe384d74df990ccb85bea4ab,1,credit_card,8,162.27
e52223f2c81fa3a68e1bbd37037abc5c,1,credit_card,3,39.1
48e816000dabe8c0fa48760793be1be1,1,credit_card,5,371.68
81d4e3ab663ca6c51e659ad5b31457e7,1,boleto,1,97.8
a916a97323dee3f33707e4a752c22c9e,1,credit_card,3,38.76
a50e5978ea225733e3885163fe1d81bc,1,credit_card,1,50.5
c02b94fd5ea9686eeb34331524f3bef9,1,credit_card,5,195.93
1550ad5373660bdeb5c52239b456396e,1,credit_card,1,186.33
1ae621120c3aa70ed2cb1388a641ffc9,1,boleto,1,43.0
0392bc239ce28b0377e6b3073df2c674,2,voucher,1,100.0
dea1c68b20fccbaec97b0d385e91d0a2,1,credit_card,3,68.04
240891986117bf8fdfbed747309a06e9,1,voucher,1,38.12
4069c489933782af79afcd3a0e4d693c,2,voucher,1,9.33
0ccec03928b91e74f73a46d5b77c60e5,1,boleto,1,48.01
464cedd739a103ce68a9fbf5812523ed,1,boleto,1,54.0
793d5734dbcacd65ede9e18d93ff8c84,1,boleto,1,51.69
9c7b78b186d8f105e716025272a904b4,1,voucher,1,59.27
fddd8f5e5947098f75c2967d7cb2c3de,1,credit_card,2,48.72
a36018fd34ab00dbd34e54db5ec3dbd2,1,credit_card,8,107.0
241decf89353e0c1f231b985214d8404,1,boleto,1,64.44
917fa8f40024e6e7bd1533221767ff65,1,credit_card,8,220.04
52e6988a13f9dd7d567b0816dba52a03,1,boleto,1,3041.73
8f22c3d28fe3bfa49067957987c0c8d1,1,credit_card,10,326.34
52cb5ef0eb334c9b6c21119fc55f608c,1,credit_card,1,45.34
474871bbd62988ab38f2d15c093f3233,1,credit_card,3,392.72
0bea543455029a72056bd0e781a8dca7,1,boleto,1,140.02
1ceb3108c68b70110cbeb7b7061e1a38,1,boleto,1,290.3
3c1098cb17277b62cfc709c7a9b500f5,1,credit_card,3,71.53
4d31272d8cb07c4ab84562c8ae2e0fdb,1,boleto,1,501.5
257045bb76e4c622aa9767a99ee56fc6,1,boleto,1,140.75
03f83b59e7c7355647462745b18119f1,1,boleto,1,27.6
1e2ecf33949aeb71c490a6670f311f13,1,credit_card,10,283.99
3a4952f6d090b5349392cbc64b971d1f,1,credit_card,6,328.32
c83eba0508195fff1529210cfe30385a,1,credit_card,3,35.0
fa62460ddee7c6bec9b869108ae5d32d,1,credit_card,2,85.8
a3f048db7f6523ded5c260c1ea0bf007,1,credit_card,3,185.99
970390fb495e959776145e1bfe58de8a,1,credit_card,1,31.77
43488f856ed3fa3e7d3f8228755d383b,2,credit_card,2,27.77
2721cdbb603d7ab34553d2e44a6f9ae0,1,boleto,1,104.37
3457d1d203987e3898c4516a101b5d36,2,voucher,1,30.0
ad3989d776d90e85011ba488a267f5a0,1,credit_card,10,213.38
0620816b111616c1a7c0e03f8929bc4a,1,credit_card,2,65.71
7d0d148810ae67b1aa1f2d450d26e952,1,credit_card,9,96.22
8cdad83f1beddcb376779fde102b5b76,1,credit_card,2,57.5
124fb051a9788c8feb53429fb1612760,1,credit_card,8,165.48
f23793738e43d0f06f5c84486239ef45,1,credit_card,1,384.7
ce771c5895b52f1d306746c60afba9b0,1,credit_card,3,225.71
eb9d7441dd3a370bd4c5e2c99f660af5,1,credit_card,1,133.85
308256913db7cca26b82a45703a10432,1,credit_card,2,56.58
6155f621f8b443117634830dbf1ecd62,1,credit_card,3,697.09
6b2d24ed79ed33468e02675c7e93fed8,1,credit_card,10,347.74
6c36ce692e5f1eac162de71b7e369805,1,credit_card,3,106.97
558269f572e3a3884ce996dc0d4f1426,1,credit_card,4,237.99
69dc71661dcaa2145e4788d004eb250b,1,boleto,1,72.14
7db3c476a7eed0f931dfe7e69deeb54e,1,credit_card,4,144.56
9c782cb7854e5dfa91927cfca8949eb8,1,credit_card,3,61.11
1843a612dd545ac2586d886db26c7af1,1,credit_card,6,223.14
d6f9e75b25f4d86db87bf9c7e6d14a4b,1,credit_card,2,200.25
7a9197f998e7889b9e93303ec3dac531,1,credit_card,2,59.1
7ea0cd46b9a8fbf664e537374947787c,1,credit_card,4,86.73
61685f5d646af5b5f7fbba31e885c7ec,1,credit_card,2,485.29
9ca84d8b801d8d14cf479b5ad04b8139,1,credit_card,1,254.82
b2583516574ac20b8b3ee77ff7418f66,1,boleto,1,32.0
c530daceee851aa18846a89c050d4dfe,1,boleto,1,56.24
2c44ef48e157c9a43e9998da9a3248bd,1,boleto,1,107.03
03a3628434dd670dd5b9896337451c86,1,credit_card,8,393.84
5e9a82a7ea8034ac99aa27cbb7bff356,1,debit_card,1,83.41
c37699d5260dd482b08d717de0b06cd7,1,credit_card,2,55.69
280b1ac31119367d8766fcd8eb8b38ce,1,credit_card,2,51.8
da32e0ec629676994bea2c2fa8f0584a,1,credit_card,1,241.89
6e7c58476aeeb4f0a2313cdd43477570,1,credit_card,5,96.94
1ee88e85cf794f80da02cfa6aec108fa,1,boleto,1,85.72
0f7f3fcd5523d759e8e17084e45439d5,1,boleto,1,142.56
86f353da4086de44a6acd7faf109e47d,5,voucher,1,25.0
27f94439147cec2228561de8e5775ac1,1,boleto,1,115.94
321b1257cfaf6c0ca8a709d230158920,1,credit_card,4,440.08
36740de778429748e1ff6077c7d85e5f,3,voucher,1,18.93
84ce3bfa332a0a5e57045f91f6dce21e,1,credit_card,6,127.4
960df7e0ec50c4c9e4502930d59783a1,1,boleto,1,50.1
eef924919d7199a92f9a37712b57885d,1,credit_card,1,233.69
6ae8d599fd407bfba5bce00a72c32544,1,credit_card,10,379.2
332c91ab63b630c1ecd7d5b100ce43bd,1,boleto,1,243.57
c90ef87499ee07a754b9ee41fa82463a,1,boleto,1,127.6
40aecb2022cf80ba1efc9b0ddf5cd690,1,credit_card,8,82.42
3a93b4a83b7cfce5720745425c43a856,1,boleto,1,87.71
33168d284b0de378e726ed35e42c16d8,1,credit_card,3,76.17
e69bfb5eb88e0ed6a785585b27e16dbf,1,credit_card,1,8.34
ed9bbe818219ab13fd2023dc0d984706,1,credit_card,2,44.01
28f9563bda992bf8aaefc7310e12b44c,1,credit_card,1,23.36
b2b4ad3f3df69da791d642a9bfc387e6,1,credit_card,1,120.65
2588c3896757567ab46a721e4b36c8c8,1,credit_card,1,130.01
99aa8e638a0b9c72a30f52a0018c1e41,1,credit_card,10,259.46
b41cfe56ae135b607c1210cd3dd73744,1,credit_card,10,117.85
c8e6cc0d58104bbddf6c5c8d07f58bf7,1,boleto,1,35.0
a5efe4e83ffd7dbdb8c8102c47331c63,1,boleto,1,97.87
191019adbccb0d2a1f8bf25e117c9252,1,boleto,1,275.72
5ca8f6d85ddd134a1a7fb558f60bf4d6,1,credit_card,8,165.8
2f56e94e1ffe8f9d0af6c89ec43a13e3,1,credit_card,3,218.35
b51513f98ab50006e3b2b4a888cdec14,1,credit_card,3,91.26
a4f587088f6fd162bb6ccf903d7dd582,1,boleto,1,262.33
4bd68cb4a5f7a692f05af3eb298c4039,1,boleto,1,33.68
0abb65aa29ab57e5f52f657d22b47648,1,voucher,1,24.6
80b812cc3f7609fc00fba1b9beec3065,1,credit_card,5,105.28
e3960d3d8d627408b6715b07daa508a0,1,credit_card,1,40.0
90c1326a722fcac3511de49d6ba70b20,1,credit_card,3,225.75
eaf80141a987237c1a57a7aa5f61b937,1,credit_card,1,112.02
54d84dc0eff0132dfeae935a6c27eb45,1,credit_card,4,86.72
e16f4887f57e05d5e8379d954bae6785,1,voucher,1,95.99
59629349b860bb43899ea07bf4ec9633,3,voucher,1,67.74
3b28f0058ea921e275c87efadc8f7c32,1,boleto,1,37.53
b73095e1b4a660f696d90a6f5446b58c,1,credit_card,1,64.71
34f3d7a06bd0a5c40afb874d68bb5cd5,1,boleto,1,99.79
673426deedf113369fd0f139e97ed084,1,boleto,1,164.71
3e60f029bab712985ebe5bb542730b6e,1,credit_card,5,272.7
ed8e52d1265866c8e90410e3404bd82e,1,credit_card,2,143.71
674b5854c864054e51eb71ed516fa04d,1,credit_card,5,283.29
6389c29392c5959831de3e0875ae1cb3,1,credit_card,1,37.75
e5aff9f0f4b4bcae611f419c900e94a6,1,credit_card,2,102.03
499689fc885e9c2bb31f4a13fc67f499,4,voucher,1,11.37
3b37c28e5a147931346414ca89db2978,1,boleto,1,102.03
3ef716b6f672d016c160b4187f0b071f,1,credit_card,1,144.41
b210c676cae65f95f7e08a49d195e1a1,1,credit_card,2,85.14
49a898ddad77a56cfcf158749854222f,1,credit_card,10,520.65
d3ba6df689ba5bceee30291f5a28e7bc,1,credit_card,1,20.62
31e94b867c30c7627862d2311ec5e9b7,1,boleto,1,72.66
f23a6c3f9461a9b3486cc71611f046f4,1,boleto,1,50.09
9501815b70e6b43cffb8d668ad5010ee,1,boleto,1,132.75
909d3b2480dfb32ec3a81fb0e9a69627,1,credit_card,8,87.64
e19e0055828458457bb47794c262b00e,1,boleto,1,28.26
b90dbb242e04b393fad2f1df17bc90dc,1,credit_card,10,152.38
bc85efebf9bf2dabe2669439f67d1f75,1,credit_card,3,94.3
0dfd5d2f0b9f06775f9630defe80d510,1,credit_card,4,46.84
101fb6bec0516b433cb73c6833f34cc1,1,credit_card,10,816.93
8d7c561ff34d8fb665da2d7cd9eea5ea,1,credit_card,6,227.27
88c2f1df68b3360d2a6c71cf40941035,1,credit_card,5,150.05
1a41f24ba682e06e82dd1ce5f77b6f5e,1,credit_card,1,54.27
9b7cadbb92caa7ecc994bc25a7932963,1,boleto,1,189.42
f61eeda8256c36df8e063f003a07c464,1,boleto,1,73.47
485ebaf1444009348caf87a4fcb8f0f4,2,voucher,1,25.0
5caa8760b7cf9282010fa67a60dffff5,1,credit_card,1,28.17
3180df618dceb8b0fc74ea13612333fe,1,credit_card,1,84.75
2398edac04de9e5283b7c76995623906,1,boleto,1,162.15
3453f6956295695e0125cf11b651bce7,1,credit_card,3,225.67
fbfb6fccd8f50100dfb9a416960ad0f5,1,boleto,1,82.8
24f926887373bfb98b4f309ecabab893,1,boleto,1,173.36
fb454622174e0c8226d0959a17d45112,1,boleto,1,34.09
af264f3527e94e431f0dcd56cd6b406d,1,credit_card,1,46.69
7729e4f24027d10a411f2ca08df03327,1,credit_card,2,137.44
189c034bd0ef4966a8f86ed7b5df5797,2,voucher,1,1.29
cd53e0cf7df727e89a75127f22a178c3,1,credit_card,4,264.49
153838ce98aa788f035477b4ee3b102c,1,credit_card,9,97.88
b3656ff96573b07910d0f54a4505454b,2,voucher,1,63.42
4134d857ea0e2009e02f6f90888fa583,1,credit_card,1,2.65
a94ef235b449b3aecceeb9b582658216,1,credit_card,10,1090.68
0bae1ef5e585b8bb8d250d4a75736bf6,1,credit_card,1,65.17
52c22e292217edc013570013d1580fcf,1,credit_card,2,115.94
5a1c2be64df8ac1e3316c96fb1280479,1,credit_card,3,221.1
a915d736d392c278f5220c55f8275393,1,credit_card,4,108.27
65d20cd74349cb427d7feec3567a6fd0,1,credit_card,3,200.06
292690a1c17b64307e5b90203f3adc84,1,credit_card,1,75.17
b3312a188dae0d167f15c025aab9852a,1,credit_card,5,121.38
d29ae0621668d3103fb590b63560b9e0,1,credit_card,10,524.86
4f5c54be4162fc29637f7fc1237ba307,1,credit_card,1,20.87
96f08e1a226e8be6f46542c2d6567377,1,credit_card,1,106.39
d0b370edbe33be9a8b8eb1e6c526984d,1,credit_card,3,76.17
e3ad77f2683cf57ced740ece64eea3b7,1,credit_card,6,60.75
7f0cc9a8528cca2dc63cddba3940474f,1,credit_card,3,137.3
01667048de265bad400b945f29b52526,1,credit_card,10,246.36
4c82feb16c97c5a06a2ef8df484892c8,1,credit_card,1,102.03
cf101c3abd3c061ca9f78c1bbb1125af,6,voucher,1,8.46
9f59586295a7d2e6c788a21e6cf5d8a9,2,voucher,1,54.98
1fa227c2175161fa52871ff9113080f5,1,credit_card,2,148.06
d33982acfe99b8e0b0383c2ce8ae19bf,1,credit_card,10,420.05
cee3d35c01c3ae1ed31809bdb2272afb,1,boleto,1,419.44
0a681d622e6b5d09ddfa071a5785c916,1,credit_card,10,368.6
7e37205095a33d75e22174f95e4d0ddd,1,credit_card,10,193.5
b059fad2b2e545a813a04d3a482bc50f,1,credit_card,3,39.24
9cb889253dc2c8b7e04d285ac7728853,1,credit_card,1,73.34
c94ad4f97a88391955fc080a1a4e74cb,1,credit_card,3,96.02
902b131c259343f5ed33793abe78e408,1,credit_card,1,27.69
1b1e286604c515e5961b55551d7751fe,1,credit_card,3,138.41
b6d9338eee161115391cb4c93bb1a0fc,1,boleto,1,219.63
371b049c9d62976cab18a153edf57963,1,credit_card,2,37.77
9b065fb66bb55fb371de21a292a25d63,1,credit_card,2,102.03
1c796e58181a405d61b3c861feb64dc1,1,credit_card,8,84.61
d744783ed2ace06cac647a9e64dcbcfd,6,voucher,1,1.47
0cf8368e4bd533308d1d3b77bd9f2844,1,credit_card,1,305.59
87c4efb4c0e03d492ca4660004846a89,1,boleto,1,37.38
da0361ddfa13e2463678f03b44cd7c7c,1,boleto,1,58.71
081acb555a1113c7c97b5c19a34852a1,1,credit_card,1,34.53
582cf4da048ab21901845f7aa0a92dfa,1,boleto,1,65.69
db3a01453250325c27f1b54a5dabf495,1,voucher,1,20.0
a9b90916ddc087b5ba5b9168b82e3d7d,1,credit_card,4,40.0
e8c8faf5a3bf5f4897ae8ca83902afe8,1,boleto,1,163.67
876ac30251a0518e1fd87b6ec049df00,1,credit_card,6,216.75
026381d57420b32237d7d89a8daf21c9,1,credit_card,1,32.1
8f9b22316e1f46393055fe217699461a,1,credit_card,4,46.0
c0fd44a850f90e4e1276d407876e28a8,1,credit_card,6,62.01
29182856a24c6eeb1d7b81ba1fe63190,9,voucher,1,8.99
3f041e89d354fb02648077875c4ad67b,1,credit_card,1,40.01
4c0e7658ee833bf5d9523ef57e6c202f,1,credit_card,1,85.14
dc6cece6890d0a1710dff80a6f1090d9,1,boleto,1,116.94
be16722a27c9d9dcf7054c682b72b3f0,1,credit_card,10,119.8
df3c03ee5c240bfffaa5e3dfaeb4699b,1,credit_card,9,96.22
a8dfd32371cae5bb9f2373b0be0d924a,1,credit_card,1,69.31
ff74b64335bd668e3eeea5343cd65f74,1,credit_card,3,33.69
9d35caf510e8c2497b6982952e1a3f83,1,credit_card,2,237.94
bacd96c90a381b246902e1882c0fb7d1,1,credit_card,4,90.28
d0960a14d090b93a0007c17713f2ed0b,1,boleto,1,58.1
483911cb189b99a0f8f7278c240c2975,1,credit_card,3,45.09
4d6508666e706d6dbbdea72b4ac1a05b,1,credit_card,10,125.88
d36515bd9fb81a3374b1979478926fbc,1,credit_card,10,231.27
b4d8f10490d096bae561f1c0bb3c5557,1,credit_card,10,195.69
70848392a2b1c4ea647d7206bf1b5b47,1,boleto,1,123.39
d4c6540209a24e7769655f55d8a20493,1,credit_card,6,133.36
dc96a12713fb7cbfd8feac4ab0b8f2a2,2,voucher,1,30.0
68e4d7b489562de5ca0a4486d7d0c3d8,1,credit_card,7,77.8
da606ec845c4d88420f977fc45aef3bc,1,credit_card,8,176.35
6fd1dd6138481494d4b90327ceca7dee,1,boleto,1,54.0
24cdfd401a113857553214161447483a,1,credit_card,6,65.0
81e59ee7e0269d15ff2b3c7dc8377f3e,1,credit_card,1,27.69
4ee3b0b0e73dea59d1548c92994c3838,1,credit_card,1,45.0
efb0cacb1ed48693e7edc6e10d9d1790,1,boleto,1,171.84
05c163d46637e5c0c23a0075dc1c854c,1,boleto,1,65.68
5b6ceef2a759462c5010f414622dd1e9,1,credit_card,4,371.32
631f239214469de434c64b7d2b34ab0c,1,boleto,1,40.85
06c28b87569a91a7c96e7f62e828827b,1,boleto,1,511.74
9eb45b0aa6ff6baf71a20c68414f8089,1,credit_card,1,10.49
aeb9bfe5d28008d6373db7e8dc80bfa9,1,boleto,1,65.09
645d89884725deda9a632a1cd0658149,1,credit_card,4,95.2
dc1b86dca769213b0db63c4922bd6a73,2,voucher,1,100.0
38639a0e5f4778171fd90e2233972555,1,voucher,1,39.27
542a2c666cc61a67907e200c8cce4a78,1,credit_card,6,126.92
ae7a6fcae37c4fd96e077ee1fde4d819,1,boleto,1,250.02
d5cac48034e29bfee12d867943eb64e4,1,credit_card,2,75.16
e744cff6248bcb9a86e72ca9693fb3a5,1,credit_card,7,77.57
f25bdf0565e54301739c402947f7644e,1,credit_card,6,135.04
a8820cdff4c7f3a17ccac2b31c42340e,1,boleto,1,38.71
b7a0ea17f1dbc85ecfa3dd355610d472,1,credit_card,2,214.41
9e13610356ba6774adf5c06c32f8448f,1,credit_card,3,223.14
efabea2bf6185e12d09484abcc4bff85,1,credit_card,4,133.85
dfb257681efc64103bc309ffee479b9f,1,credit_card,2,26.54
8f531b05318eb9f4b470e52c7d935cb8,1,credit_card,2,191.58
222078339afa2788819420928e8b859c,1,boleto,1,55.0
6c4e1e1b0508d7c73164b8890daa28c6,2,voucher,1,126.76
e39a42a73eda90d2876d17017239f6d4,1,credit_card,7,76.79
685b6ac77f0d5c2dc070c3016e8bfe4a,1,credit_card,6,163.48
30d3248b5934e2b1e6e6974fd27d0720,1,credit_card,4,107.78
0e2783bb1c680d7ff6b56a267982e44f,1,credit_card,10,156.33
f09f3f77745d7ca1975a8c080123a68a,1,credit_card,6,140.68
29b864f0e9959e828d0be8a00fba46bc,1,credit_card,10,266.92
50501e525eae308e75363c0606adb973,3,voucher,1,30.0
08f41db8292c5a8be5d68f0a18492781,1,credit_card,2,77.57
ea0f64679be1b080d448187df10e8a1b,3,voucher,1,16.13
94aa11237bc16075072bb3569a0bf5c5,2,voucher,1,16.77
71796280d9fba67ea5ff0458a8e48544,1,credit_card,2,172.45
05c32a488871489caad8b008dc77b890,1,boleto,1,524.81
d9b926f382e364900c6af21aeaede034,1,boleto,1,100.33
d470b00bc3d705453cd02a793aaddb07,1,credit_card,2,174.89
b214fcdd8f4dcd52ce3cb58499a15ea4,1,credit_card,4,191.58
f2fe33e91924ce0b0182264712504584,1,credit_card,1,135.49
c6984432d9f4eefb72712f14a8103b6e,1,credit_card,9,180.6
e0fd296b15be54dfdffe8accfcd8620e,1,boleto,1,245.12
5d0603425fc99ce2d2f5b3eec417a09c,1,credit_card,3,81.12
614c5211366c8eba5a0e31614d3444be,1,credit_card,2,113.72
7263686303ac0eabc2a7fc96d65405cf,1,credit_card,10,188.2
8f4af5bc8345e13d9b92eb4d75aec7d1,2,voucher,1,50.0
e1113bc148318e5f088060910693116b,1,credit_card,4,391.73
51b00c5a9b0224f467f74d55424b4235,1,credit_card,4,89.63
0cabc61e5deb17c32904e1b512204efd,1,credit_card,1,13.38
a83bbd7210fc35296b93c16a48be49b8,1,credit_card,3,66.6
30c03e784f1c82b58bdbdf321132067f,1,credit_card,5,114.45
c52d58426aab3759ad2cf6fcb69e4add,1,boleto,1,113.98
33c00e6b5e5d1f829753828969590a33,1,credit_card,10,102.03
a1e04e78fc657db74aaba58eca1e87a9,1,credit_card,2,153.99
a69be533137eff298fcc82d52bb95a2c,1,credit_card,5,69.14
cd9616ec5b7a5113c3b46502ec8fecd4,1,credit_card,4,174.86
baa7b830de0ad8d2e0b18ebe21372cf6,1,credit_card,1,3.55
e714cb78e6724b4f5c52e1119ec0ac9b,1,credit_card,9,189.65
c577aae17cbefe7f45972f2b2f06a760,1,credit_card,6,66.06
293ec51a1a182acaee7fab9845e8cfc4,1,credit_card,6,73.47
8ecf44036c8ef6743d6bc46fb6d40af4,1,credit_card,9,187.89
d20ff68be39696c887cfee476a5ff0be,1,credit_card,3,85.14
ca228c2c6dc307c077c98d26bb8de09d,1,credit_card,3,71.14
19cc900610a7e4a2d7691cc93384d224,1,credit_card,6,176.26
b20c4853eeabf3094cf40ce7fcacacca,1,credit_card,7,156.64
53d515fbf0a0d3b35e47a45a398c551d,1,boleto,1,36.1
34e63d1843fa8269ed932133c6b58a3f,1,credit_card,1,15.49
52b8659b9d786b77d4e4f25c26ed0b91,1,credit_card,3,118.93
94efce41dfeea273248d6b60b98fdf71,1,credit_card,6,148.73
8b5056c432a43ae02436c309892d84ff,1,boleto,1,75.08
c9ac1cc11d801a9be848b342877bb077,1,credit_card,5,149.23
4b7168ae01a376742edb415217f11712,1,boleto,1,77.97
4baa890f39672eca09e8d4cf0ffdd4d5,2,voucher,1,50.0
8faf0ebac1a886f5df3dc9bd7ed39b58,1,credit_card,2,114.45
1eed3691b23af50a487c4f8828287734,3,voucher,1,58.08
b6ac23b0a5a98032edb0d8b1974fca75,1,credit_card,2,57.68
e8bf6d7173ae20431feec1819bb00fec,1,credit_card,8,167.12
cc127d6da252fcf95e31933ee207923d,1,credit_card,1,31.69
174a6f88e36eb7f3307cebbc424d032c,1,boleto,1,165.39
54e52b3d64eaadee5422554c2f2a7056,1,credit_card,4,137.39
4d9d0b428174582a413b99766ffcb53c,1,credit_card,4,81.89
d744783ed2ace06cac647a9e64dcbcfd,9,voucher,1,1.47
6e2195905a29e13f764109b542ca65cd,1,credit_card,4,44.24
2da401a4708b2c6309e7cdf0cfa5419a,1,credit_card,1,80.2
0d6a64885a982f58d718b69ccab80755,1,credit_card,10,220.04
d430c6c36d198f044555a51a5cbd4e68,1,credit_card,1,112.6
fbd87e9a66a24294c9f8deb5efca45a1,1,boleto,1,42.84
9ac4df93702b3a7d40156ef4b6c81417,1,credit_card,1,56.84
6f1a8d85b71101ab1e342aa9b8dfa5ff,1,credit_card,4,46.8
079b79bacc6e0a0c7ed93cd6e3624f6e,1,credit_card,1,77.04
be9544c2dfb58675d21a0a735fa1d32a,1,credit_card,1,82.67
ab74c0e5d243c75a0289ac0ed8811a97,1,credit_card,3,37.82
c63112181863ee049837cf2a0ecbfab7,1,credit_card,10,220.04
827a916734ee2f155b25cd4ff2d8022f,1,credit_card,8,163.25
e940dfc11f35a222dc7dd0e6700aecc0,1,credit_card,6,227.27
34cb7aea9fb1df274bca0a4ade9c4f05,1,credit_card,3,102.03
96fbb3c21966b51cc6e5176010070f2b,1,credit_card,1,17.66
a173a87bc70963a0ab33b92dd6f193dd,1,credit_card,2,76.98
b73c273d02a8045c60df03ae7c03dc4b,1,credit_card,6,159.3
9ae00b090b685955827797fede111392,1,boleto,1,61.79
4205a3c89c70026b43d90706a98e2f17,1,boleto,1,76.88
b57b0acd76c7d8a845ed77134b2a1af8,1,credit_card,1,53.01
bbfc7badbed2f1828e22b6d629201bd4,1,boleto,1,50.85
fb2547a335f4231f46fd7b70e9aee046,1,credit_card,1,48.62
65c89cbb9f1da66608c81d78485e3cdc,1,voucher,1,59.01
ab98ae53ea3aa5c0c205452e32cc099b,1,credit_card,10,370.05
8ba312c27b6123e1c49276f0d9b84598,1,credit_card,10,156.33
9cff260db4eb043dedd6f2f62286c602,1,credit_card,2,124.97
a0f9acf0b6294ed8561e32cde1a966bc,1,credit_card,1,82.83
910b6236c4771f905eeb252718b05b6e,2,voucher,1,27.96
0641dec5794661d69c598d2535bc0b40,1,credit_card,5,70.43
f10d89887008fbf26e4ac9027716360f,1,credit_card,1,25.26
1bf3cf4f3a842f629a7a52e336d96263,1,credit_card,4,117.51
3f8de2b9993f91abd12ec356200ba02c,1,credit_card,3,86.02
8ef83b451028f1c25c509274028ee1a1,1,boleto,1,38.0
891d3c75ab79901d8faa6437f1cfeb43,1,credit_card,2,107.03
6196e4f322b4f0af89d0900e2990dab8,1,credit_card,1,57.77
e3a77965ebb85517b83f95f176ed1e57,1,credit_card,3,116.94
8b32d043b4691117dda2b93f3a18fd8f,1,boleto,1,60.68
fb8425454beb1c6cd18683ddb5e5dcfb,1,credit_card,2,47.6
d7c320185a2f9b32f5e2370ff3f8bd64,3,voucher,1,0.2
806b3c21802d3221a944281399d2a6a8,1,credit_card,1,86.15
2c9015a3c9e7ded7dc344a1536b2c72f,1,credit_card,1,39.77
f7a282c5fe8addefb48793a1a8c2ea83,1,credit_card,10,298.48
ba9010430233c7f3cfea464354fed620,1,credit_card,10,164.28
a65820c7e4307f72117e77fce6be1074,1,credit_card,3,131.33
6c766a1a2f228cc57a2aab47f7fb58a7,1,boleto,1,77.57
236293984935d06140c6776d2e3570b4,1,credit_card,2,40.0
b8722b30ef2c3090b0f15cc03481049d,1,credit_card,1,52.68
cf101c3abd3c061ca9f78c1bbb1125af,9,voucher,1,8.46
c70d255a582e4ffcdf4bbe6bb0ffdc12,1,credit_card,1,75.07
183d37c4e4e642bb223c42532298c6f0,2,voucher,1,98.83
0c83ae77e6509fbaec6d9ae8844ccef7,1,credit_card,1,35.0
4d0a364f71f715f93b8b96eaa4c2dcb6,1,credit_card,1,103.55
d75ec4cf8c3c2afb8cd60498e725dfe3,1,credit_card,10,441.21
5d790fe3637a350e66c1f7f6d91f4c4e,1,credit_card,3,65.5
6a98e607278ee9f5ad38602191a60843,1,credit_card,1,294.76
c766c5324b94b64c7580dff991a977d7,1,credit_card,1,141.53
a90b081d0efa436e072d5328ecd904a4,1,credit_card,1,51.5
eca3005a4f60ceb77b67a30b74095ddf,1,credit_card,1,17.23
499689fc885e9c2bb31f4a13fc67f499,2,voucher,1,1.28
9582525f4356350d097a44d90372e024,1,credit_card,4,94.78
a738e9e6770c9eac21287cc96d82dc76,1,credit_card,10,471.33
1614605e8fe6174a4352c23452985f64,1,credit_card,4,97.79
15cdcd219ea658eb94b6630f3224a960,1,credit_card,3,46.0
164aa207e1b3a4ae050656051249e753,1,credit_card,10,520.65
9eb45b0aa6ff6baf71a20c68414f8089,2,voucher,1,250.0
3f8a2bff65c16d22759ba92a4b7e1912,1,credit_card,5,102.03
e2f058d7261e0cfb0eea8f8d556269ef,1,credit_card,2,69.03
0e5d6a7f18b77c72f681911eaf6c011a,1,boleto,1,77.57
afd6fcb99a54aac6b88ff635b2e687ea,1,credit_card,10,226.68
19bb130ea3cc2dab25b3bcf2097aa462,1,boleto,1,358.94
1d24b01e4ad4214409a4cfea16ab3000,1,credit_card,4,83.58
16e27874a42f09b20f86847e6f976126,1,credit_card,10,185.05
a006ea86ca084e35d8b24250d1321ef2,1,credit_card,2,79.92
92d132b6237a2bb7de6b7eac0f203773,2,voucher,1,13.91
c0ab546d7eeab2e210dbc49084319e46,1,credit_card,7,236.13
b55f989e51d27606cb280adc72525743,1,credit_card,8,359.17
afcbb3c01317e203538feaa1bac05741,1,boleto,1,168.61
934f4052b4cd86c9fe17e5ea7ceead8b,1,boleto,1,59.79
39abbbed01c79f6b367a56bf5905da34,1,credit_card,4,40.77
800c2d74bc71b0e27ce365ad43cf16dc,1,credit_card,2,27.09
188a143816707d77b3976b77d4c0966d,1,credit_card,3,187.99
834f1f6bfd5b32cabaa2d0d31dfcf63c,1,credit_card,3,105.28
cf9d149b8f8e534901d64f8b10320133,2,voucher,1,25.28
ac699d120c768095409c6a373ed364de,1,boleto,1,43.98
0662642f8ec31225fd369ca4026cb610,1,credit_card,3,73.83
4d19a84d4fe92e95e982b879faa52c20,1,voucher,1,52.09
b2c336b44ecbf140c6eb570121e4d7e9,1,credit_card,2,417.31
482d48c0b0eb255bd818a6e6895fb686,1,credit_card,10,119.84
c3a8c3c9ace4452ea16d331ba3c44c50,1,credit_card,1,278.52
db636ab6ce613a2d9be8a77fb2f6c47a,1,credit_card,1,106.38
166a835dcb0ffdb5d917db2a93358502,1,credit_card,4,141.14
c8b73d9b612b087c59a7ef061b1f9e7b,1,boleto,1,40.0
3dcc4c9174a04ed82d42905c7dd139e7,1,boleto,1,36.68
0757cb4ec76f9d0456800e40957db304,1,credit_card,1,27.84
9cb058418ca948d8b6c3f369d031ab90,1,credit_card,4,112.71
ba05479675b661ae63c431bcae09728e,1,credit_card,5,97.09
d744783ed2ace06cac647a9e64dcbcfd,1,credit_card,1,4.68
0755976647cbb58f1c4aeabeed997490,1,credit_card,4,80.8
204d4d908a640f0b6f4f0d306dc97fab,1,credit_card,4,97.08
31b7099f02dfb1ef54bf9b3c44aaf417,2,voucher,1,72.35
59fa657243310e5db82d2c476568a74e,1,boleto,1,26.38
e45956d693225b91e3cb777279bce585,1,credit_card,1,131.16
a5be0f3a1b2874d7a949d0234acd688f,1,credit_card,1,312.39
23a0c1ef37b1e2599235e834bbb55673,1,credit_card,9,189.16
4baa890f39672eca09e8d4cf0ffdd4d5,1,credit_card,1,9.73
7ddd225286ba5817d36116c8d2300407,1,credit_card,1,95.02
0360de67db844d693e3060a8b79eac4b,1,credit_card,3,65.0
aff838e0ae35f413200f05a7f9e42510,1,boleto,1,116.14
d0004524a4d6c8fbf404f73e72e72c53,1,boleto,1,87.73
1f7b1777ff930e68714185203983f11c,1,credit_card,1,34.09
1eed3691b23af50a487c4f8828287734,2,voucher,1,37.3
79a1e2d3510d26bc14308f2e691a9804,1,credit_card,2,66.05
f6a0e9f2ee368264a84d69d92c9a5b3f,1,credit_card,4,55.01
6259deeab2f6daedf07d0574adda7fff,1,credit_card,4,41.01
253bf86c38be4d6ffa40eb641a356d69,1,credit_card,3,36.19
7baced6bdf14d532d806d32f4e9649c0,1,credit_card,3,139.91
b60cb82db24efcb2f5d0df26426c3af2,1,credit_card,5,54.0
fef549363384f9b965c942a7eaf0e6a9,1,credit_card,4,50.09
cc0485e2a281cfbca6a95b727a5c8f9a,1,credit_card,1,158.62
05bb540accb9a3fc966280b894023c9c,1,boleto,1,34.09
29c7811622a48f352c1ad6ed24f6936c,1,credit_card,9,265.49
4f3fee0fa922d1575e5b0e5f6a160629,1,credit_card,2,143.92
499689fc885e9c2bb31f4a13fc67f499,1,voucher,1,16.03
11c3a6a4df79c35fcbb2c1ff0dc10e37,1,credit_card,5,176.87
b888541e85bd60bfb0c0851ab1146c2a,1,credit_card,10,113.62
b6b73b9c0cab8ac7a2b02a49623d4cfe,1,credit_card,1,52.73
ba8b7845d823368d4400a8ecc26333ac,1,boleto,1,164.38
e87fe257e39252f5ed241bcb6222d2f7,1,credit_card,4,84.14
ba8d16a572292d042403094d3c0fc354,1,credit_card,4,43.78
db2ab2d67b7e072882b87621025cc8d6,1,boleto,1,32.78
c118773394d9e3b4d9fbfcb61838a14f,1,credit_card,5,239.68
ba305eaf10df01ecdb8d805b1a46d402,1,boleto,1,36.75
9b4fc5c379134e1329bd48641ba285e3,1,credit_card,6,670.04
3406139dfaaeda305bd954cbaaebc2c8,1,boleto,1,139.98
30a04f020785d7dbc002c7b48d1ecb79,1,credit_card,10,248.74
fb929cad8d235bafff56bf64ff7566b9,1,credit_card,3,165.0
ec75a563a9c1e88a534f34f1280b0c8b,1,boleto,1,58.59
2ccc4ef33a6274500f8eb7b10c5f4b39,1,credit_card,4,69.84
49ed8238ac156a01d16ef8b89bc7f6be,1,credit_card,4,87.64
e907b2e33705c695c9086a8e3ba8be42,2,voucher,1,28.4
3457d1d203987e3898c4516a101b5d36,1,credit_card,1,5.71
a1a98cc3be0d262bccf1ffd3495f4e81,1,credit_card,2,394.97
316f68b737bb9d1e24ca9a1d4de6f352,1,voucher,1,92.2
cc378c27f87ead12f2c154eb5fde22d2,1,credit_card,1,80.2
07fbc4f433fc8754c492bc6dfb0b1c52,1,credit_card,1,116.13
ded094084602b9a58f2615372fd3a99b,1,credit_card,5,53.58
26ab105de6689a556ce3ab6932ee68e6,1,credit_card,1,64.17
6acf90c38bdd8b8c40950b821624787e,1,credit_card,5,152.7
6142683d7783f0d3661b6a652ef0c5c6,1,boleto,1,156.33
07c03f32b0199526169eecbbe8c029d8,1,credit_card,8,802.48
33845be1eefb9674333d4b42ac9ca708,1,credit_card,5,58.62
cc2999bc678cab0949b90c4759d7a284,1,credit_card,10,165.05
86f353da4086de44a6acd7faf109e47d,3,voucher,1,25.0
2cb099a54d7344bfd05b445214be4e7f,1,credit_card,4,60.88
c063c67e34bfcffe2492295dc03b8afa,2,voucher,1,50.0
36740de778429748e1ff6077c7d85e5f,5,voucher,1,18.93
d9334f59be2037102baca42368082bfb,1,credit_card,1,460.18
c738d688c1adff662d0e0e01f8ba756d,1,credit_card,3,206.87
cdbe57b33f10dd54db2421744ab4a045,1,credit_card,10,124.33
e9ce8d3f379bf3d70e4af85174e1841f,1,boleto,1,139.09
58d466df9508e837366847decaefcac5,1,credit_card,3,464.34
0f73f6f7bc587a2cf7cdd6584359b1ce,1,credit_card,1,44.62
e113999f205a77283a5a2d99171d77c5,1,credit_card,2,936.52
5217f40e1f6e5d799ed9234449ce7c4e,1,credit_card,1,76.95
d1846813d43b3ddbf1b6394b223a4d6c,1,credit_card,1,1.26
4d94e494f48ae38ed69167213dda833f,1,credit_card,3,35.0
3bbfc6cfb06ece2a3da05e9106aba42f,1,credit_card,8,102.03
0de497b1f069927c15c241a833bb67d0,1,credit_card,1,339.49
4c52483789e169329b0dc09e8139b7e2,1,credit_card,10,706.33
d8aa6831ce562b75f8b1974395f3eb1d,1,credit_card,7,155.45
3eede5914d6b7f238a92e405cb5ef35f,1,credit_card,10,1644.57
df7f8e668092abf15eef89b947ba2ef2,1,credit_card,4,88.56
bddfffe723d38edce40f64c4c4794249,1,credit_card,4,60.1
90a8a33a0da9f54b68d65e99feb825bc,1,credit_card,1,50.53
8f126d353c3cf5fbebe0d2de3fc3dd06,1,credit_card,1,86.64
9792e6669ba4f0e23d84a9ac8af2a423,1,credit_card,3,71.77
75fdb76bd6bd346ba369fb5c885c4dbd,1,boleto,1,44.35
38c8ba427ad6da87673e4545427e9027,1,credit_card,1,116.94
9beb5e7d5f3259ffe94f61e9766cd478,1,credit_card,2,64.09
056c24c33a180450cff18b5a17404725,1,credit_card,1,77.57
bc5b4da3794a8550eecb2faa39afaab8,1,credit_card,1,112.02
c503f01e35a4c24abaa34ddaa0c2b3ff,1,credit_card,3,85.14
c1fbc5439e7dfc2d85fef29b7353bbdf,1,boleto,1,50.09
6028bb741411d00137dc970152799c9a,1,boleto,1,68.02
ddb580e0827e6b997875e7b5612b8093,1,credit_card,1,48.75
12479ce4b03d722018ec07e6471083c3,1,credit_card,10,410.0
7716937e9e5ce7dbc5b9209c3f30afe1,1,credit_card,4,46.84
014405982914c2cde2796ddcf0b8703d,1,credit_card,7,78.43
e78dfb6eab229b4cf81d3f6bcf0c9e49,2,voucher,1,50.0
c884d72c3ddc5b65c6eb6c37f2d14578,1,credit_card,1,60.61
29182856a24c6eeb1d7b81ba1fe63190,5,voucher,1,7.09
b5be0d1904a2ec4994047e07b0104681,1,boleto,1,67.36
efe9a00980989785f6defa2602f5e4cd,1,boleto,1,196.92
fa39ee12a50a33fd85d39ba672ca300e,1,credit_card,1,33.11
1195a0ed33785e49b236c8c06a9b751e,1,boleto,1,34.15
e5db2271e5244dc30abdd52135b98586,1,credit_card,1,33.17
dc96a12713fb7cbfd8feac4ab0b8f2a2,5,voucher,1,50.0
0c54f2a2eeb0c42bd55937babb4669eb,1,credit_card,1,25.9
34fae6658f6eb42ce7f68452fa39d22b,1,credit_card,3,67.62
59798edc300f7563a9bdf18b2740def9,3,voucher,1,30.0
de8b633e3fbc018e05354a54fbc8fff0,1,credit_card,5,119.84
9b049a52ac663a7ddfa0302f5e230057,1,credit_card,1,85.14
6704cecb75359214b2a2c7ddb894b89e,1,credit_card,2,98.79
6deb7a78bc1450778b8dd23455fd883e,1,credit_card,3,173.86
44e627595178bc26a4df0aa4b4e002e8,1,boleto,1,198.47
9576a9f6ff95799162bcc6559622eedc,1,credit_card,8,88.65
aca9d1c54db4b2896b2097b04a5d5cd3,1,credit_card,10,755.57
f30b0f98bf4dd642e36ee8185aba1329,1,credit_card,4,237.52
6d182a625d3780efba31f2ad22cec6ba,1,credit_card,3,121.09
28c05e313e0aaaed61e9d07ad5a62f7e,1,credit_card,10,426.34
c3e0d294fd277124450f8776d63dee4d,1,boleto,1,56.84
71f52dc8aed2976ea632b8888e4c18b8,1,credit_card,1,34.0
cb5b5d9d111d57e734d8e22a09ddffaa,1,credit_card,4,96.92
d8ab6e868995a618b7abea3119b56789,2,voucher,1,25.0
a5d8e75b33301e9d3dac461f5660fc37,1,credit_card,4,47.69
f66e22fa5ae59f9dbf674b28f1c8d318,1,boleto,1,148.58
f432f3c0fa070bf9e7fc4d4598124027,1,boleto,1,94.21
d5911e5558cc0fdc917ff7421fe7e704,1,credit_card,6,66.82
e6a2252129858aee352dc9c99712afa9,2,voucher,1,25.0
5b2c5ecc56d504463b1e5d8e918f6069,1,credit_card,5,69.18
08d138a502fa05af63ac4005311484f9,1,voucher,1,28.7
c5f692a4e47f015faa3f8a9b9d36aa03,1,boleto,1,50.0
ffed7e90414c1477a6b92554661d465f,1,credit_card,5,166.71
1f061ee76d5c329ef464f0dbacd60173,1,credit_card,8,167.29
cee9b5953fbfa530733f94ddce959a15,1,credit_card,5,186.74
c2d00a9eb60169824e8b8cd5b0baf2d1,1,credit_card,4,100.77
3817a19e1f3eafba5a0c9bf28cd7f877,1,credit_card,1,29.29
dfc311b4185eab2d5db5e8bb9425f079,1,credit_card,3,117.94
2001c0c8545591add8b8dbb31c36c30a,1,credit_card,7,210.29
52c3edf18680e4785029db436e8c22c0,1,boleto,1,167.29
2d59688444fe2c77837f198bb74f4485,1,credit_card,4,87.64
9804e30eb21a5fe72b152d69138887e9,1,credit_card,8,175.22
81fe59dfdb8538cc9b604380742323e4,1,boleto,1,87.64
c9c52a54f8c144ef40de99a8a74a3ec6,1,credit_card,5,57.53
26bfc6c6251ef7eda55f7bc7f11e9647,1,credit_card,1,264.66
8a63f21ccf7c1cf79bfd5495f8bd327a,1,credit_card,7,157.84
a1abeb653a4d4cd1e142ccb8c82cd069,1,boleto,1,304.56
3061eeeda2ce6bbe56d21c705f5d083c,1,boleto,1,589.08
1647b45719e7eb15e1a8c1601666017e,1,credit_card,2,85.14
39e89b39b5cc8b5e3a38f23e915d1823,1,credit_card,4,47.32
13b2cd56f806ffc7938f53c374085817,1,credit_card,3,36.78
49bd813b3976d7df68484922185f646d,1,credit_card,10,188.32
2117b238b6ae0929164d1cf41f3ecb87,1,credit_card,10,202.7
d64dc080a9163c5e593b591e6c8e32b8,1,boleto,1,46.62
c29b0d97f5a9e53bc9d5449d4c8378de,1,boleto,1,303.12
7d3c222c835eb5ed8a43158bc0779abe,1,credit_card,2,116.94
35ffe37898d6f8bccb4fb1a1f7e545dd,1,boleto,1,94.3
dfb257681efc64103bc309ffee479b9f,2,voucher,1,42.26
adc4e509a9b11c13575e75e6defef283,1,boleto,1,263.47
b0ae3c04778f1acb9c96dfef3d0357af,1,credit_card,10,145.56
60a26e7da163421d81c18e6e23375ead,1,credit_card,1,78.65
343146b92daf167255eed8e706a25d2d,1,credit_card,3,31.75
9cb560230b18aed833770219fd165e16,1,boleto,1,82.5
6750058e05720fff77d640735d0802d4,1,credit_card,2,620.03
a9fc33bc08db61779f55bc0ade473da7,1,boleto,1,81.89
226dda5620db063cd962833766480273,1,credit_card,4,43.69
7bd9450970b012adae7125eaca6c0df4,1,boleto,1,43.5
144a5ef7256b54349a17954a14e72ad2,1,credit_card,2,68.02
5df5b6ce88b311095393f226e4366bcf,2,credit_card,8,87.51
4e87464c041dbe651c4a28dfb19f987f,1,boleto,1,57.69
bb26b9f1f2801c2bd60622b82bbb533b,2,voucher,1,28.36
e9f267751db5678db874f632592a2c0d,1,credit_card,4,663.24
cb5968b2e24851bf4bce1c48fdcaac37,1,credit_card,2,105.28
dbbe850a4424a2c03caa29c644644511,1,credit_card,1,34.0
d2b9baaec80a1a1d4516a2228b5694d5,1,credit_card,1,107.78
d396cdbf2645bb1ea08108de01ef308a,1,credit_card,3,70.14
485f9c30887ed3b1fb49d2f123ac3b08,1,credit_card,2,220.04
e662f080948818831b03ae9386ddab42,1,credit_card,2,71.53
c7cefd037d7b587c65b07893be7f6753,1,credit_card,5,133.05
5f6212b4deba7d596254d55825e21cc3,1,credit_card,7,71.36
84e0fd31977e457ca804a61921bc5c59,1,credit_card,3,61.48
afe8d7e9dde448bad109d536c3dba7c7,1,voucher,1,17.77
dceb62e8fa94b46006c9554fed743df0,2,voucher,1,97.66
278550fe90b7bf4e300467f0afc9b781,1,credit_card,4,51.82
c101853f695b94e64c34f41941ff1048,1,boleto,1,48.69
416fe69769d22a8d2d34645ef7a5348e,1,credit_card,3,32.09
934f5cbffbb010f2c0b4a1663d2c14fd,1,credit_card,10,291.12
86f353da4086de44a6acd7faf109e47d,7,voucher,1,25.0
a20c09b177ec895365fad749123260d4,1,credit_card,3,155.14
5cd63812f35304841de07758daef7b4c,1,credit_card,1,824.17
63bde94a8549279fd4c13235516932f9,1,boleto,1,51.63
c8fc63e28cfdb28172db4303396499ed,1,credit_card,2,88.48
7d5ab17890987effd9d8a3224a8935fa,1,credit_card,6,136.5
ce0661ac44c65ee78aa7c28ba03c429a,1,credit_card,1,215.83
b7dc42271c71663ceed71350d60a5559,1,credit_card,3,65.74
faa0bc258daa11bbbcc1797a59d3996f,1,credit_card,2,84.23
ef22314f23b0d51d6d5566207622a6c0,1,credit_card,8,102.03
7211c756d86050df0a304e211994b12d,1,boleto,1,36.68
eddeac0c76b621e75409d5ed0531fe0d,1,credit_card,10,116.04
f6fbf7907913892ffc12ada3bff286ba,1,credit_card,4,128.08
985d0c0ccec26ad02366fa0039af6fb3,1,credit_card,6,66.6
e235ae899d4840a0711cbdf615ec3425,1,credit_card,4,44.1
b563a6894c8dac532fb2865e5581c3f6,1,credit_card,2,51.48
e60856926b11f52676a5408033e204de,1,credit_card,10,868.19
1dea8bb55507de40f0a05504ebc1bc7a,1,boleto,1,212.05
b6373978185cedf353f7d890ae32240f,1,credit_card,3,64.77
9e07481935df5f97ce05a674b3165bd5,1,boleto,1,64.1
a6e9d106235bcf1dda54253686d89e99,1,credit_card,4,105.38
8c62ac6305c0078f826e3db23723a27f,1,boleto,1,99.74
fcf819c2f6fb3772c2fe09e127697ba3,1,credit_card,2,45.61
d17ebef6117650c283479ff4dca49c6f,1,credit_card,5,50.2
457bb809dc185c4a253943522fa1577c,1,credit_card,10,167.29
45d6496459628cafb729eca97ed10f4b,1,credit_card,9,231.67
ea33d2e32db7734d3c36091ea506493d,1,credit_card,2,29.33
d74c7ba612504db83fd0437803bc9b49,2,voucher,1,100.0
0757cf1c2a32b4597b8192f2c4912adf,1,boleto,1,125.25
47273c48a7c7bb72eefff6de63be0b9b,1,boleto,1,32.0
d04eac33e07f50f9ca76062f344a3dbd,1,credit_card,2,192.66
4467dd578066b5d41c3c401cb0b3f628,1,credit_card,1,176.36
bcf9e8202b0b23d6b2b27c7e7e9358e9,1,credit_card,3,137.97
fc01b3ae390d2a2ed60bc4a3d68b577f,1,credit_card,3,215.54
a61d617fbe5bd006e40d3a0988fc844b,1,credit_card,2,251.09
2ef87cb1b6109775d8ebcca2ad5f1022,1,credit_card,4,109.87
c95fbcf33d5ba15af6f43da58b673828,1,boleto,1,106.87
7c7a7c7d1fa3b3c8f867224389d3d8bd,1,credit_card,2,129.64
294d70a37f9e32ceb08958fd03ee49fc,1,credit_card,2,57.68
3eb6d6c16c2b144b83985bcacd6ed72a,1,boleto,1,44.71
8ea4a5894120c659405242f39659da6c,1,credit_card,2,56.85
09b866628e60ce05f3e25fcfde9722c4,1,boleto,1,357.62
4b09fc170c84e10e4caeff4d880db358,1,credit_card,1,1.1
f1f707a756579d773b3c1a28d213e85e,1,credit_card,7,78.08
585b27112176e2d9ca8a1fdbaa247c22,1,boleto,1,94.3
237f43cab0bd638f4fd760618fde8246,1,credit_card,2,111.03
1c3ff8273ec39c058ff80da86f9ca2c4,1,credit_card,1,42.77
c7a54ce7b7ea4ea4ef38fbcfd8dc7ddc,1,credit_card,1,32.77
f6a592a6464704c725035dc88f616539,1,boleto,1,146.68
e877a1c6d322958919dfd00c07fb8e56,1,credit_card,5,220.04
a174a2f4aab0749f03c14609ac07a059,1,credit_card,5,52.47
86f5f7fe2f0e743fa54095370a545033,1,credit_card,6,214.14
3d930fd5aa8b9cdcb646c31196f0886a,1,credit_card,1,44.24
ea0f64679be1b080d448187df10e8a1b,2,voucher,1,145.21
5b52d2172210855d8037cb1610042498,1,credit_card,9,198.26
4b71930df17d95315e7217a05cff3c17,1,credit_card,2,26.85
2b05f56f631529c762126ac8d9e572d1,1,credit_card,1,33.09
084f5caa157d28601e72b588e656e3ec,1,credit_card,10,696.08
f417ccdabd3037e9fbb9d32dedc69828,1,credit_card,6,124.9
0c81fc19191e17701fb34579f8eb7840,1,boleto,1,42.69
0581cc006c5d0b4351b5435336828add,1,credit_card,1,17.25
871134d4fa39345ca2bcb99597ba1e32,1,credit_card,3,77.57
5753fab4ca88fe20c5a7e8c843941287,1,credit_card,2,116.36
d1a6e1e7cadfe1427229d6a8afc29222,1,credit_card,7,168.14
f5cb64e08217d29ba1f07601994e2e22,1,credit_card,7,630.99
16656bc6faba3fd5740dd2305e5a9a94,1,boleto,1,50.5
1f1812e687e3fe5ba82f09ebd3b93027,1,credit_card,2,51.5
2aed1964a2e598f25618107fbb3aabb4,1,credit_card,3,66.92
d4ab53c2b21a94c8b21d3008b2506ba2,1,boleto,1,1021.48
9b2b20d1efc055576f23913a4c4c3641,1,credit_card,3,36.75
4069c489933782af79afcd3a0e4d693c,1,credit_card,1,0.47
d25cff887d30200ad3668bc69804a495,1,boleto,1,234.95
3a05158275b431c21a0f5969d602c890,1,credit_card,10,687.43
1f3128e8dcdc994a80f83cff1c576a35,1,credit_card,5,58.4
0b8b249ad3dde632e5f162167e0b9f07,1,credit_card,2,41.69
2112e59b69d2f316f9fe16796ca0db5e,1,credit_card,4,97.94
d69964b656a7ccf534ecca1716e557c1,1,credit_card,1,31.84
76cc7d9d3b078509cc976957f2671283,1,credit_card,4,98.8
e37f11cae9985ca58f0b56f268720537,1,boleto,1,220.86
1427ef2af9580d8d943b1f0ed1f8e050,1,credit_card,4,92.51
cb589c751e6f002a96214f3a5c9284d4,1,boleto,1,150.76
39e4a19de5e525773a320f33b599c445,1,credit_card,10,256.34
d5b1124327e83f25ce12d9c48c9ecfe3,1,credit_card,1,120.04
1babef33391c6533d250cf41948dcb04,1,credit_card,2,73.54
f3cb950f0d57842dbbd55317ceaeaa71,1,credit_card,1,401.45
dcec6d766a2bc76144372192c66bbe87,1,credit_card,1,28.63
64c8df7b4890817fdc2023304306f58f,1,boleto,1,25.38
4f4aab3539f49d375bf09c03c7f9fac1,1,credit_card,3,35.78
dc96a12713fb7cbfd8feac4ab0b8f2a2,3,voucher,1,30.0
709c6595b82e501a8c6a767b30aaefbb,1,credit_card,2,64.0
a5e142b2b206377c9b2df6a871c1f284,1,credit_card,3,87.64
1057bf6391c17f9b6960dd996029e1dc,4,voucher,1,33.46
f4acccb08d320d53aaec17225c6c7198,1,credit_card,9,96.93
622596b79ec52eb416560462950da160,1,credit_card,18,359.62
3e28393f83efb34c56df093513721d60,1,credit_card,10,149.14
d9f89fa3c42508045a71a54f39f1b789,1,credit_card,1,183.38
a054d68189a478a9884aef3fc2fcb6f9,1,credit_card,2,82.23
ca51acb0ea778cd548d56dadc66f014f,1,credit_card,2,369.98
cdf76ad4d66f6cdc8fc19e44f4d17c6f,1,credit_card,3,33.77
b364561ec1da2bd9c795360c47956c21,1,debit_card,1,65.71
64c15e081bb2e9a729b96f24d61e6807,1,credit_card,2,42.92
4f5c54be4162fc29637f7fc1237ba307,2,voucher,1,100.0
1057bf6391c17f9b6960dd996029e1dc,1,credit_card,1,0.33
121570884a708ffcfe5e2b083ed54d88,1,boleto,1,146.57
1057bf6391c17f9b6960dd996029e1dc,9,voucher,1,16.15
07429f7601b56a66d1854c79a2f5c9e5,1,credit_card,5,232.22
6a418aa9198fd6a8b3defc233ca92c3a,1,credit_card,2,204.07
9d0912814b7389806874b7dcc00a3870,1,credit_card,2,59.0
6eac247f4bce09d7fe35d7cf903c74b3,1,credit_card,1,61.11
da7af77d5f98212a8c1ad0b1c552f102,1,credit_card,10,464.34
0d8f485ffe96c81fe3e282095e942c2e,1,credit_card,1,50.72
acf93693a6780a86fb735f6743d5bcf7,1,credit_card,1,153.1
abd0736f947aa672d9254ad3cfaca4ff,1,credit_card,2,173.9
8a869c5b11ad7a70c229a9d119f245a8,1,credit_card,1,199.03
ed12012358de9d92498c1be2444db261,1,credit_card,2,40.09
054316a4a3afc149108b6b1431d11274,1,credit_card,1,54.0
08cede37de35a7af6d659a2ea4b17707,1,credit_card,1,25.38
9f59586295a7d2e6c788a21e6cf5d8a9,1,credit_card,1,8.12
e6e659582f910de84f3b722cb6ac905c,1,credit_card,3,32.59
d02adc4aef085f611aaf9e975642926a,1,boleto,1,85.16
b85b4d3eb7887ec7b9479e2f45362dc6,1,credit_card,1,168.29
019b8e16e30c8b9ad9bf87e039a27765,1,credit_card,8,113.71
08accb1f1ce9ae08483229dd246b8911,1,credit_card,3,34.09
9f15a49b06a232b78c96d3f7becb99b0,1,boleto,1,22.71
22f5a4d80d9f247d6970456d5211d30d,1,credit_card,2,23.91
db47a089bc272d77b480a33e5286eaf5,1,credit_card,10,562.25
5bbe496e9e32884e4f0260f1b6bd6c3d,1,credit_card,6,132.95
e305fbc65af17a0b60a9fcff63ebcbe8,1,credit_card,4,109.77
33dc48eb58efc42018bce39ab27ea6d8,1,credit_card,1,36.75
9dec1346eeebe57e1353b6c2dbc06f94,1,credit_card,10,703.6
2047058984e5864a83158101943495bb,1,credit_card,3,65.53
8bbab789f26e4e4c95c0a795b568d688,1,credit_card,1,265.49
33c70a68187133539aee97d653537d3f,1,credit_card,8,246.55
2669093ac4da5e6445749e5e36e24c6c,1,credit_card,2,24.84
4438691d291f7a436db5665e8d010ac9,1,boleto,1,185.55
613c7ca2a39bae57ee5d85632c821555,1,credit_card,4,257.98
f6a88671e8773e56db1b3d82d29a01ce,1,credit_card,2,131.33
cc7075176f9fce6189a5fb6850d52ab3,1,boleto,1,45.09
081bfb811c30ac2ba75d0013a7fc1d65,1,credit_card,3,105.37
b2242476ef6b4f7c004e019f34f5d0a1,1,credit_card,3,288.54
67d83bd36ec2c7fb557742fb58837659,4,voucher,1,8.0
da1bae15304a82479da9efcbc567e7b0,2,credit_card,1,18.27
53f260008dbb42fdc2b7a59b451f20d3,1,credit_card,4,129.79
5b04f0ecb275afdd0e5d3f09ac07453c,1,boleto,1,89.84
e102b2494339fab55c3daf18187409a6,1,credit_card,2,46.0
73756076fcc66ccd661bb81c5ce0c5fc,1,credit_card,3,50.09
95e97906186d7174caa3a682de6d7653,1,credit_card,9,189.16
de0fbaf67bf0e605797e7ec002340869,1,credit_card,1,153.01
449701a6fe005e6ccd257c9096e85b3f,1,boleto,1,108.1
75facca3570bf0f7f953b469dbe5b8db,1,credit_card,2,212.59
7ca78299e5ac08885988b1cc259d16a9,1,boleto,1,75.07
3f14020e95c3f2ebedc219ecbe1f42ff,1,credit_card,2,609.27
17630ee81adaa153933991eef88dfa45,1,credit_card,1,134.59
0791c9a8e89bfcc422ab718dd43f2dca,1,boleto,1,50.09
d3ba6df689ba5bceee30291f5a28e7bc,2,voucher,1,20.0
7fc9bc524999371333a753158b5569ce,1,credit_card,2,149.14
3a9ba33848c6a55cf77b2d4ac73d18b3,1,credit_card,4,78.31
5f2959503561ff228a9b4c82b01b9f97,1,boleto,1,35.09
ba3e8a6783a3aafe0d02eeb6a415dd94,1,credit_card,5,150.14
1353506aaf9cbe711a4d41f9442d4167,1,boleto,1,117.85
20c60f23d0f1231ad895fde039554666,1,credit_card,10,422.2
7f8345ecf528aa9b47423c9cc5ab3986,3,voucher,1,100.0
31fdb0a221bd4379d02682eea1692731,1,credit_card,3,148.15
23289a87ad267a113c014020edf79ea2,1,credit_card,8,163.06
38beac7cca7c937da89f8aedee76f944,1,credit_card,8,88.65
048e579f89c9b3ca9a05550876740754,1,boleto,1,86.72
5837e636f693fdd5742b60106640886b,1,credit_card,3,112.07
34513ce0c4fab462a55830c0989c7edb,1,credit_card,1,114.13
0b41129fd5aa1fc7c44db1eaee43862f,1,credit_card,10,374.85
96ae30a2357a999e6010b2f1401af374,1,credit_card,1,38.75
eddf262f362444dbd097ffd397117611,1,credit_card,2,61.73
998b90bcfc77ff711912c1c14dcff885,1,credit_card,1,49.17
66dd11eed8eb0d72f0acf755122c4a13,1,credit_card,10,115.89
92a22732300af8e83d6f973c1d000818,1,credit_card,1,71.72
076594c6ae7f8e1157b7321c148efa86,1,credit_card,1,198.95
2fb340dbc607498b2929f3f6b2a29fb4,1,credit_card,1,68.62
e0940e87c03215f63faf04c6d7675616,1,credit_card,2,45.01
bf58fdaaab7ac1fa204ea7f60aeb4e45,1,credit_card,1,41.69
248deb3ef512379585029c544c063a3b,1,boleto,1,95.37
7622da48f027d5659a0d7b0a43597354,1,credit_card,1,16.97
31944c223e12e51000bbca2b8705ebf7,1,boleto,1,206.07
6ab790c532a5a61fce7ca20ce27df42e,1,credit_card,1,178.58
4aeb09d2415c840cd427f9b0e5dabfb6,1,boleto,1,236.29
ca3e4f02c7e6d10a27225305edaee9da,1,credit_card,10,394.29
d6dde74bdeb424af6b660214881b4845,1,credit_card,3,170.4
70644768ae200b063d8fc6d47cc85ce4,2,voucher,1,22.0
62ffdc08aacc0d5763a38e07039234d8,1,credit_card,2,184.7
59754064fe4ffec6c0149904a6573d81,1,credit_card,3,126.71
358c07225db43293b308aebae58669ec,1,voucher,1,160.37
ce14d0bfa18669c84f4f4f4f97cdb917,1,credit_card,2,81.21
d7537253b8b150b7fa2be482da1e7719,1,credit_card,3,178.53
c1d91e3480554147fdc3523ddd32409b,1,boleto,1,57.59
6507d11b47f03730a0014e69a270b438,1,credit_card,10,296.61
61790fe4ff4404bb97422d5a31978cb9,1,credit_card,5,136.6
94aa11237bc16075072bb3569a0bf5c5,4,voucher,1,15.22
2706b6af8a8845d261e9f79645138452,1,boleto,1,108.14
535f87c5f4a6b1a5201afdeb0103b2ab,1,boleto,1,54.0
2de3fd67d98a4f98e0e05357aa124c05,1,credit_card,10,259.56
0084209c576daad6ff4534902fcb4892,1,credit_card,8,85.14
59c153fdba2562afd8554a380231559e,1,credit_card,4,43.65
cd9d1d8f26cd28414908863fd4538ef6,1,boleto,1,57.69
7ffcf0c67ae44cd430cf6dae850cb79b,1,credit_card,1,44.09
5772e7bcf14445f0aecc59de975ecaef,1,credit_card,4,182.6
5d586b9ec73856b3d60e387282a1294f,1,credit_card,10,237.07
ededa5cad112d720146424acff90d158,1,credit_card,10,227.51
c51d2278e29d32e380430c62dc81608a,1,credit_card,5,61.68
1d35be28af536ed23f7e3ae4daa91aaf,1,credit_card,1,23.38
24726ba5765952ef5ee938ed34d73844,1,credit_card,1,76.63
e99bb46d32c47a666290f7c5928f7236,1,credit_card,10,154.38
ea10bafdf9e136fa51a7d9a436ad9bae,1,credit_card,1,67.62
e2747b7f8ef2d891fc5c127dc44c68b5,1,credit_card,10,161.71
f42d66ddca55a1f750b6797c4269cb30,1,credit_card,8,147.51
fc24f286ad7ece4fc7817a96eceaf896,1,credit_card,8,195.0
8e0bd9ecbefeaa01eb857eef12a3d0f9,1,boleto,1,406.65
bfd78b312cc39789d717553c3e611abf,1,credit_card,2,105.28
93aaf8d530bf22398286f3e0dc709412,1,credit_card,10,188.29
a9fa8567c21a5f8e4450af02a87f26cb,1,credit_card,4,128.54
891ba4502e28c6f12a1413e7b915c15d,1,credit_card,3,44.1
164935244f7bc83874bad6ca0150ebd1,1,credit_card,10,236.88
8dc119de90a425151daffdb131bbc779,1,credit_card,3,65.09
d261f742e37c276d530490e42afd81ba,1,credit_card,1,149.07
6f1a8d85b71101ab1e342aa9b8dfa5ff,2,voucher,1,18.9
8b2a0ec9c603b19e5b32deaea59ec02c,1,credit_card,5,148.14
c2e8b417a29b392b9f49a30a868489cf,1,credit_card,2,164.79
df4e9da89d40a57390fdc2eebce4e0e2,1,boleto,1,77.66
b7aa6fd1a55a501926e5f7253617ac90,1,credit_card,10,297.62
29182856a24c6eeb1d7b81ba1fe63190,8,voucher,1,9.16
9743ae99d7c809d4fe6e83fe7c72cd54,1,boleto,1,242.02
9325417ccf2008bcf613acffa684a24e,1,credit_card,1,15.16
60b3fa9424e97cd3b6b95ca799d511c6,1,credit_card,8,116.94
f9697e263e9eec082f1ced4fa81d2faa,1,boleto,1,269.17
afa55ffba5406e8d57a55d54dbc341dd,1,credit_card,4,46.74
0972cd8199019b252faf977c4d3da6ea,1,credit_card,6,60.1
d1749cbe74d71c33859e8acbdcbc2aeb,1,credit_card,1,25.38
8a9c92e30e40b3396b2b697f38273972,1,boleto,1,231.27
f72c493e7f65e42101baca23c7c2fd90,1,credit_card,7,211.77
cd3181fe74393d54f51abead6ff1abb9,1,credit_card,3,73.63
6a45bd0eaa9f36460b442d6c149fb97e,1,credit_card,4,130.74
4d9bdec93e39b15084f7e5fac6e37c9c,1,credit_card,10,127.92
4cddfa3db1f20697139ba4a46c4fd399,1,credit_card,2,47.69
ea1dcb4757a844d2642547797bd5feb0,1,credit_card,9,187.59
b6b73b9c0cab8ac7a2b02a49623d4cfe,2,voucher,1,86.19
67e7cace5deab160cedd95c80e6f60a8,2,voucher,1,135.1
a8098c74d0b6846c8dd5ea90952879ce,1,credit_card,3,36.6
4374672f40f26ec3646cdc22c5f57733,1,credit_card,2,156.73
196130ff8b98e8406f66bac8b2cd9fca,1,boleto,1,214.41
4ed2338dc000b3d9acaf348a1fc6a395,1,credit_card,1,39.98
f3e6ac6fd3a4db946a2820323b58ab3d,2,voucher,1,21.21
a64331bb3f2dc9398fc61964bbf99296,1,boleto,1,139.98
f49a6f58212cfa59614b93f6a2378572,1,debit_card,1,39.17
a129b99db0bdcd92c62d71279de0670c,1,boleto,1,859.36
e62912b263a0f5d857c4bc391a058bd7,1,debit_card,1,126.89
c6c503c80e66a33d6e643178cd943e7b,1,credit_card,3,71.62
caae7bbaec61968f200bdb5a27df0d4b,1,credit_card,2,55.55
e4a15d634030ab198f2c262701ef1a43,1,boleto,1,585.92
dc96a12713fb7cbfd8feac4ab0b8f2a2,7,voucher,1,30.0
ee5e59dd35aa71f46adcd545eee0c87e,1,credit_card,2,214.41
8ba3f3a9292fbc22a8b7dff752bbcd37,4,voucher,1,20.0
0a32ad9d3be8a5b1ce582225aa1cd166,1,credit_card,4,41.59
dbaaebf6a6e547abe2187a376dfc80cb,1,credit_card,1,28.0
d0843f8d9dcf8320e48984dd4a52d652,1,credit_card,1,67.98
c8114f17241723311fd349c747e151b0,1,boleto,1,215.37
672b229b951f5c0e6a574808b406bd53,1,credit_card,6,91.75
cb131af379d402c6f6c9b62bde622e75,1,credit_card,2,42.77
f30e9b83b1b7557b48c20dc8cf2e383f,1,boleto,1,68.34
b48a5fd9da47758b7a3d89365b50f811,1,credit_card,1,25.79
8f22b4b97d1fd2f187f3106ffb0021c4,1,boleto,1,163.78
a23fbd072d8da0e629163b930de177c8,1,credit_card,9,92.67
46795c1677a7a4a3d2f8687940051b57,1,boleto,1,33.68
8d204be4884a2307f1486df7260010f4,1,credit_card,5,97.87
3393e0117eefaf7abdee7c0ec9582632,1,credit_card,2,57.84
1a82d77d4c9fde66fd0fa74017f0c8b2,1,credit_card,3,162.15
a37d2d7219fd59058812f25e500a9a59,1,credit_card,2,78.1
b11a56abf15c11b6a5c248689c6525af,1,credit_card,2,21.72
c046afaf1c43c061d5347d5ac3c6ff5e,1,credit_card,3,555.94
1181230c4743b8e0ace4ef00a84670e5,1,boleto,1,209.48
42c45d946a9e7492bfa6da1ab459d23e,1,boleto,1,192.66
ad4e4232930ccc325c9ff5017caf7486,1,credit_card,1,122.21
3f3bc6783bd7e2ae55ee7d50e0a855f5,1,credit_card,2,76.66
6accfe462d11561b2b80a59a91a8702e,1,credit_card,1,90.88
99f48f57d8e3a6f6bcc13902ee0067c7,1,credit_card,3,76.08
b61baa7b1523a2a7e4e1382f25e6f9de,1,credit_card,6,129.56
95247e44ffe87a1402f04c0023650fb4,1,credit_card,1,204.98
7b8c32f57706909aaebed84fe68d191f,1,credit_card,10,102.03
cab82738404ec4bf9389ddd56a7aa784,1,credit_card,8,174.41
461db8ff8e4b904c586c0547afe2b8fd,1,credit_card,7,208.56
d3c0900d545b18474cff0e9d577c3043,1,boleto,1,51.5
4eff3ad36f5e69d4d33d9798ecf22bf6,1,credit_card,5,89.91
f6aad304ac6a3281e219e202367f6feb,1,boleto,1,85.14
4069c489933782af79afcd3a0e4d693c,5,voucher,1,13.6
c66d11687a807ceb590246a11aa1bc48,1,boleto,1,140.08
accc70091bea9b16050ec5a5a61823a7,1,credit_card,2,73.34
ec31537c89ffa5a4bf45b611c840708e,1,credit_card,4,64.24
2e99a8c55fe4b528eb671351410cd81d,1,credit_card,1,44.1
67ff6057a78f38214118680c4a286f2c,1,boleto,1,68.3
28ac52cca188141d6fb38c1e8bee7e1c,1,credit_card,5,56.79
7e58fa9d237f327d3779827e62ed965f,1,credit_card,1,71.81
355a4f037048ba07c6bc1b564d6a8448,1,credit_card,3,85.92
ce1e2803ea11245b2537f957d011f115,1,credit_card,3,35.88
8f4af5bc8345e13d9b92eb4d75aec7d1,3,voucher,1,50.0
8886ee70beb8a41ff67ea24b357ea228,1,credit_card,2,77.57
ee0b134993ab33ad14fbebf2da7e8b59,1,credit_card,3,74.05
a867d77ca2a1f66f8ef67750c711d074,1,credit_card,6,62.27
aa42ef5836ab019b44061dc0531788e2,1,boleto,1,66.29
a44895d095d7e0702b6a162fa2dbeced,1,credit_card,5,67.41
bbcf00c96709a5a97e49bb661522fdd0,1,credit_card,7,172.52
f22ef2baecb171381117e0ce752cf282,1,boleto,1,70.15
8ba3f3a9292fbc22a8b7dff752bbcd37,1,credit_card,1,16.08
2ed947abad5777127c51b3c509163ec2,1,credit_card,1,70.0
b36f3343300f81c5687549dbf17aee3c,1,boleto,1,61.05
0da9ad216b1827c67a72f0c852666c40,1,credit_card,2,96.09
22021e0f490fa77f0ccb20d9e8b50f22,1,credit_card,10,107.9
00f5fbdc777e8198c1ee008122e28ae3,1,credit_card,5,221.07
19a47ae035d15a52dec979602867b2da,1,boleto,1,418.24
054db90b78e9a5af5983855572b4e6d8,1,credit_card,1,170.82
1acdd343f32412c986586a4f0c828460,1,credit_card,4,107.78
224bd0a94ce4f3eeebe2ef447e596863,1,boleto,1,29.47
b11f3e9b7dec8dbe0c00f5bbb408126f,1,credit_card,4,89.2
96c46a67e142856457aed166609e8ce1,1,credit_card,3,133.06
2a7e107ff56b9383af21afdab55ad2d7,1,credit_card,5,183.93
2de291f751850e8d254b73ddae39bb91,1,credit_card,2,64.09
1c7d5b99ae1fb1927efe678ca28af86e,1,credit_card,10,770.46
8272b63d03f5f79c56e9e4120aec44ef,1,credit_card,2,196.11
f52f1f17c2bea20943049ec6a170f751,1,credit_card,4,115.81
db32ee8b0e87ee3a544e6bdb2a69d749,1,credit_card,10,136.28
746347ecc5cc9cb88a346545608fb635,1,credit_card,1,49.76
ee038389c9f437f7c0e2d1b105a26038,1,credit_card,1,306.11
60e2a7b97548f877f76232cd2bf807e7,2,voucher,1,100.0
ad263bc9111c1e0cbb780c4b7c1009e6,1,credit_card,1,59.28
83073309378cf709e67e8368e97447c4,1,credit_card,2,27.77
51aa2039fc98dc9e49bc883ead78ae54,1,credit_card,2,120.08
9ccd75b5f3444a2dbf104b9cdc1183a1,1,credit_card,3,32.0
cdaf5a7fe3c5eba30ef0cc6b9c1913dc,1,credit_card,4,183.84
ba89a3d7d01c8a2a0bbdb514a851e9f1,1,boleto,1,100.18
90ea1a3defd31881bd311c87249c6fdb,1,credit_card,3,97.23
be66cd0bcc6ba78c707158c1c6eb0c09,1,boleto,1,47.0
94aa11237bc16075072bb3569a0bf5c5,3,voucher,1,16.77
a7e3060436ba43bda8a76ac20cb33c5b,1,credit_card,3,77.02
e9d424615d8805614e254bf5c170bef8,2,voucher,1,119.98
8d39667dd1c683e4a8b9dc1f16d08cb9,1,credit_card,10,641.82
0e39a2860c79b45dfca72b9153461a8b,1,voucher,1,94.35
3e35125284d6fd68b3f5db725d146fa6,1,credit_card,1,217.13
50501e525eae308e75363c0606adb973,2,voucher,1,30.0
5097dff6bbed76071da15d650ab36173,1,boleto,1,498.82
edaa7615642fab560c9e1d293c787d56,1,credit_card,3,129.01
ba39bd17a7fd2e7a495e6435781434ff,1,credit_card,1,45.09
c0677fabaec4a0491225d78c6ee269f5,1,credit_card,2,54.0
3c3ed7a6847dfa5dce7ea4ee42925a48,1,credit_card,10,333.54
de5b7ea79803e2993efb698c480ba599,1,credit_card,5,359.56
a5f8be1ccc8cce1123e2201f43d98fbf,1,credit_card,2,54.0
0526ac4e6b594d943d1865fcbbe8047c,1,credit_card,10,105.28
a2aed6a87add50ebbbd74434cfcd1ba0,1,credit_card,3,54.49
4c9bccc9e2d922b92bc00ab2e7c8903e,1,credit_card,6,142.1
61b3b6333b91d2908d5b7ab095ffb8f1,1,credit_card,1,50.0
ad3dafe2480678851b0a52f6d5ac00a3,1,boleto,1,81.4
30ab10f32069755262133fbe9579be9a,1,debit_card,1,222.65
906fa2ba215b24e3888dc3f8c0950f78,1,credit_card,10,687.43
4f04cf5f96101782fbd1b6cf9ec942ea,1,credit_card,4,276.11
dbaaa77999c0f5d953d543efe0f080f9,1,credit_card,3,35.31
9f5539e7e62b26f49edf43566859bb44,1,boleto,1,105.28
b6e1fc67adee494c3288b775cbae5227,1,boleto,1,60.0
db59e4d919b738f6f1b8b9b56345b567,1,boleto,1,116.94
6f14ef9e1c67a1ca8e572a477c1b58b1,2,voucher,1,150.08
191bf2b9fb050515f22b85c7011efe08,1,boleto,1,55.36
29dd98e6aa533a04b48bbdf6427eb090,1,boleto,1,154.19
e5bc812e034a9041261c8637e4dc4497,1,credit_card,9,91.44
483b20142703235aad52bdf6033346fc,1,credit_card,2,102.03
684e1a86f45edfeeec53b6e903bcf15c,1,credit_card,5,321.58
acb57c5603a88c7f205dab4c1d8cd344,1,credit_card,7,143.29
b7bd14c5af1532736b0e1e432e73d69e,1,credit_card,2,75.07
2c67429ed3521f3a95fa98f4bad3919a,1,credit_card,6,127.92
15a31c39dee81bc534abff1f9b5ec6c2,1,credit_card,3,75.62
641a6b3010ebd6619b68befb30b05092,1,boleto,1,48.69
4df270f9f4c835c878f4aa5a2239216b,1,boleto,1,138.06
9cfec34f8256fbe0883789ae021eed0c,1,boleto,1,125.36
a4dffcd8f52c47996a8b9b2243e2cacc,1,boleto,1,132.02
15e301d9539aa985be48cdbe90348c75,1,credit_card,4,112.84
68986e4324f6a21481df4e6e89abcf01,9,voucher,1,10.84
7551853e324ae2235f75bdc6d843069a,1,credit_card,1,75.48
23a8531948bc865dee9fcdbacea311eb,1,credit_card,10,102.03
1704f22579a5be1ff00ac2cdcc1e582c,1,boleto,1,85.14
417b131e29d2a7f71397ed5fd21ff40d,1,boleto,1,87.76
afbc5dc3c3d0255f644df560b79f1b32,1,credit_card,2,53.59
42e16f7e030bc2ecf9a63678bc4e3380,1,credit_card,1,34.09
54d65a8b1ad01bcbb24c929d99b3a4e8,1,credit_card,2,332.16
4ecdafc07882d357b5607a05e3a1a46f,1,credit_card,2,41.59
3363886715280209c8fb0bba5cc4ab95,1,credit_card,5,227.27
182e6edb8cb190cada2690d7c7d78e76,1,credit_card,1,19.75
364ced4c215dfadfacf5ee28844f4c83,1,voucher,1,150.78
b551afd1cbe632e6dd51f14132235d27,2,voucher,1,100.0
0a7888b4a8bdf63a03f4e7db63a6fc59,1,credit_card,2,85.6
caa321f911edb4b272c5e4aa6df6be81,1,boleto,1,39.54
bb4b102d5638ad779ed3316a3a537680,1,credit_card,10,117.85
ae134de5629ae433d7a526ffb396750a,1,credit_card,4,93.78
d0c74e12dbbf527b5557190c591ac98c,1,debit_card,1,62.17
35f6a9b17cd336ceb1ac0c37f4ec5c1a,1,boleto,1,143.49
f7bb6bf5a28b347af13018a4b21ced6d,1,credit_card,3,102.03
86f353da4086de44a6acd7faf109e47d,2,voucher,1,25.0
c1dbad5d0fae5060e2be3adf8d36839c,1,credit_card,3,33.0
31e2d0fd6a89e7bd4d343d5de73a68ea,1,credit_card,2,420.13
897906e548506a4549f5d1bcffd371e9,1,credit_card,1,73.06
57d7dd14ff04ad97e8fd20fbd41a358a,1,credit_card,1,249.16
fca198bd1d114ed57b786f347a0e4a61,1,credit_card,3,38.78
96af728f7572efd778b4f382d094b5f3,1,credit_card,1,48.62
5c6972bc5c283af10fb784b857ce63ff,1,credit_card,4,107.09
dca86af3a25e55e88e77e0197f4b6c2b,1,boleto,1,434.26
a001b704f3b4f4d26206555271f83e45,1,credit_card,5,69.84
24afc354365baea8f460c85b4d78b9e4,1,credit_card,5,170.84
43ebb44129e36dee79fef2ff7343a806,1,credit_card,2,50.1
b14de6bc86a59d15cc7fff0abbadbcdf,1,credit_card,10,220.04
7fa29c5dbd1f9eec7b00227f5c389220,1,credit_card,2,55.85
642d9648ee8c3cd7d0a2be2b8816cc91,2,credit_card,8,114.87
5de467fc62321ccf52146c24a059da7b,1,credit_card,2,62.17
5da572f1c63aacf97fb438f54d622546,1,credit_card,3,107.25
31ffb6cc39a3b2eefd1fe323f00c96f6,1,boleto,1,29.47
aa4a7de098f44e8ab3764edd1e82f34c,1,boleto,1,118.41
27d9d312e04f1893b26836442d680000,1,credit_card,1,55.0
efdaf1dc3d38b68061394b681ca45ff8,1,credit_card,3,169.84
15816297ce3f82c12bdfacebb7f445b5,1,credit_card,2,253.84
33f7f48fbeb5932ce834c34dd204a6d3,1,credit_card,5,161.19
a6ab143f24e590dc7c72a62bc4eab3af,1,credit_card,1,150.67
e72faf0f877e7b070bd36d848b45b9cd,1,credit_card,1,60.85
0dd96ab2fca2927658c83b7e2e954ec9,1,credit_card,1,54.0
2940960e08448a8a6fa88c7f7803f2d1,1,credit_card,10,170.38
17fa7da2f2250f22adb5ca2578972618,1,credit_card,1,115.45
0a65d1c730fc9bce9b5d353ff4f81bbe,1,credit_card,2,105.18
617feb6ceb857d95ee0250e05f43e70e,1,credit_card,10,231.27
adc9ecec979258a539392d070254720f,1,voucher,1,129.79
af03699b22d265d410e2b7167756157f,1,credit_card,3,47.62
44b218c956eb8b585056872617ba3577,1,credit_card,5,123.51
9561a9943b36636b3756df14b0aa72fc,1,credit_card,4,258.89
dff4ec81cddf051671aa0402bb29fd3f,1,credit_card,10,266.4
258dc8334fda68e1474385c00298c877,1,boleto,1,26.0
e8373361f5e06afd6a7e7971e68512dd,1,credit_card,4,106.08
4134d857ea0e2009e02f6f90888fa583,2,voucher,1,43.36
d251b81035d3fd507b708ce3c3cbb5d6,1,credit_card,10,388.96
28d3eb0dd357cb5e31b30493e2cf767c,1,credit_card,3,65.09
1057bf6391c17f9b6960dd996029e1dc,6,voucher,1,14.96
c43428e158013a24ec4a18007fd99082,1,boleto,1,61.8
7fe630fd69c00ef54c9124d78e124256,1,credit_card,1,186.37
fb48412e17956a7f4696c7724d60f330,1,credit_card,3,31.84
d65f26752fd6834bfb0a567b581dde3b,1,credit_card,2,78.2
982bda28a7b217851c89aec9e7ea5c6d,1,credit_card,2,191.58
4cd1d5d35a2f441b1c2f4de2d63e424c,1,credit_card,2,255.44
ea5ed9fcddf7faecd1b82db7841fa558,1,credit_card,3,51.5
7263db988c07c61845869e0708739119,1,voucher,1,63.01
b29e21660ec21d241b0b2fdb161bf7d8,1,boleto,1,86.64
eea15eff73fcb780a208b80fff38e457,1,credit_card,1,35.77
d23fbf0412fd632a83af7dbd5cb2e948,1,credit_card,2,23.72
0e3ebfb7eba3e1653e21e5931f7720a2,1,credit_card,9,223.26
168d3552147af1da6282c46975968c45,1,credit_card,10,370.51
2c36e21ba9c9ffb56e431113b7af7073,1,credit_card,4,42.85
a0151737f2f0c6c0a5fd69d45f66ceea,1,credit_card,2,52.77
317e9689b222bc8a5b08dfcb0c91b515,1,boleto,1,45.0
9e9f909cd250058d062bb2b0b0161c92,1,boleto,1,153.69
1ce0acf125f1bcd636276dd213363196,2,voucher,1,100.0
2ec9a4e04a3eaafb24145d4b619d4e5b,1,boleto,1,54.05
1c6f522187684a43d8e63af5fa10ef9d,1,credit_card,10,167.82
705c73692cee1d4b25042f00e09d7688,1,credit_card,1,32.85
285b9fa3d538bc3e3391de43dd51e3c9,1,credit_card,1,842.06
9c231099e037a07c32d043f7596a9c5d,1,credit_card,2,48.69
c520b0227dd173299c9739a4d65500f5,1,credit_card,3,70.14
b5f45148cb552bb72d183e82cf6a36d1,2,voucher,1,100.0
207d7288d0109d3973a94a8d382dce54,1,boleto,1,170.29
e7d942c97ee9fd9ff765a96b3f34c48a,1,boleto,1,242.94
e70dca4e435f94f18fe4debbf80323c9,1,credit_card,5,50.0
529a18626bb2bb7907cfcb5b5f2b0e6e,1,credit_card,5,71.82
e9b44c3b09fed11135323660e10e73ae,1,credit_card,2,141.32
a722399a4edf2b67d2d662c619d1f0eb,1,boleto,1,31.75
5778366745f5c8c33f8c7f0432373788,6,voucher,1,12.49
76aed3603faee7c84cb4b6857f655a9e,1,credit_card,10,119.41
99c272b1c830220b1aa0047b42e9964e,1,boleto,1,73.83
ca9e949cdccd6ccd93a7d31c7bbb90ae,1,credit_card,10,240.0
807df0c56461a3ea59823e4144307dd8,1,credit_card,2,118.93
94ab04bddd7b1b7e183c95cce062c3f5,1,credit_card,3,92.99
b2b4949fa00ed92fd42edc6d301163d9,1,credit_card,3,153.33
716d94482440b2b6bbd8346eb9fb3e14,1,credit_card,7,864.98
ef6705ee8f12d45eabd6549c3e10c790,1,credit_card,12,126.2
b6fdb0554332e6bf06894ae00ce7dd1c,1,credit_card,3,120.71
d04a002f83f53de3e76df5f6c7873213,1,credit_card,2,75.08
944dd13721d42e317c58c9613d714d67,1,debit_card,1,35.05
bd079e124423421864694666ae29277c,1,credit_card,2,35.05
6b7e44ace55db40da866f0266049775a,1,credit_card,6,69.41
833c7c18fb30f61e0d89316ff562c1a8,1,credit_card,10,224.94
31ce9eca5cbb13db5867cc427003c308,1,credit_card,2,27.77
945974d480bc501f2da3b39ec23fa369,1,credit_card,4,87.64
cbc90985c7072faac06292f2a5b32529,1,credit_card,5,125.58
cf9d149b8f8e534901d64f8b10320133,3,voucher,1,25.28
9b6087eeb4053c31b372777c39078167,1,credit_card,1,24.38
032445a7ba9d6dc90dfc011a48e5c954,1,boleto,1,142.31
86f353da4086de44a6acd7faf109e47d,1,credit_card,3,113.47
1550ad5373660bdeb5c52239b456396e,2,voucher,1,138.63
dca9c66e66baef1acdb9d05297bf59e3,1,credit_card,3,72.14
a642fa6ce51876af02674a0997845469,1,credit_card,6,88.72
af5eca8e6b44dcb050c7a8ecb66fb6cc,1,credit_card,4,91.77
206a9f788eabd24e87d7475ce4382a9d,1,credit_card,10,105.28
3ffd74445bc80b19d008b3281f332bee,1,credit_card,5,68.04
4aa36d64bbdf0ebd46f1910fc4595373,1,boleto,1,121.3
86e6162676905a8c6ad0bcbd7df8debe,1,credit_card,1,40.6
f5ef2dc393fb470c2dbd4293efcc160e,1,boleto,1,31.75
3324048ac2f2df01f583f71758589776,1,boleto,1,92.59
8eee4e1e428f76520ca03af043ace939,1,credit_card,5,148.15
8b27e6702c707795bb5e0efff050d2ed,1,credit_card,1,57.0
b33f1a863ad391e162a9f459117f53e9,1,credit_card,1,100.34
b3214fd3a99a63b619aa677c9b69017e,1,credit_card,3,154.2
6df657a95f9bdff5c5c8552e4823d469,1,credit_card,6,61.74
d27a4fbd0d3a4cfdf8a109dd88743502,1,credit_card,2,116.83
521178899813b6116b4bbe4e64dc5285,1,credit_card,4,62.23
3cb69ccd08eea344a68a66e8ce49a282,1,credit_card,1,72.84
2e8be4cb1a41afbbe6efc1c84831a55e,1,credit_card,1,40.01
92d132b6237a2bb7de6b7eac0f203773,1,credit_card,3,162.25
dcb0129b79be40bd74ffc19d5113bd70,1,credit_card,10,223.14
fd85ec210522091e1e3e0318218860c8,1,credit_card,3,159.21
4069c489933782af79afcd3a0e4d693c,3,voucher,1,14.69
fe6de2a2f0a13307c3b9718817d14c7c,1,credit_card,3,66.21
80ea2d5cf20fdda59217af697130bcf7,1,credit_card,1,24.09
52b7f26dd95604cb836ba17f96a6b056,1,boleto,1,38.01
0e559702749c8ecac2272fa97d1624dd,1,credit_card,2,158.36
9783d3dd1819fa6e14a26427b1989137,1,credit_card,4,40.01
91c743d287fad03a614394bf50338369,1,boleto,1,84.26
f184018d4bdb5a578d594906fdff974e,1,credit_card,4,48.51
102dff93d9ff9180027b57feff2f34cc,1,voucher,1,1.16
191bb83e4a502bb51e6dd4d229082939,1,boleto,1,98.23
525ef5459736975ad3586bef388ea0f6,1,credit_card,10,1351.94
2fa365c3be59336941f0c1b054917bb8,1,credit_card,4,146.68
f16cee914b281d60bc64534a18952330,1,credit_card,1,121.62
a48091d43904feab22b133cf47e96816,1,credit_card,4,454.97
ab65887d04b631b6d83004bfb47fba02,1,boleto,1,95.21
7b553267b4a47c97b6c27a6aafb549f3,1,boleto,1,92.57
3f8c8dc789ca737939667e090ea91e29,1,credit_card,1,60.0
b40456ac26df93f73f7cac7e9d87de5a,1,credit_card,3,85.25
2d82dd44bd4ea2cb852068142568d5ce,1,credit_card,4,168.2
69a2a91fc2f5cf8fd09cf5e9ed2b56ff,1,credit_card,7,73.48
b07078baf6a1bbbc998cdfa28e7f8230,1,credit_card,5,59.27
e22de883eaec82ecd47950dffc8e63f4,1,credit_card,10,104.37
f7c82561ae5213f3564251a07c475d1e,1,voucher,1,106.76
2429083883078c31cf2337ce0dd425ee,1,credit_card,1,121.9
ed01b0d507054bcaacdbc689704d3eb5,1,credit_card,1,64.1
7ac2d00b969e92c7ff873e5a751f3b3d,1,credit_card,1,77.57
b19cf86000f4fdfdf23b75a1f4fcec9c,1,credit_card,8,107.87
bb26b9f1f2801c2bd60622b82bbb533b,3,voucher,1,28.36
baceff219fc0248362312e53ade80ec3,1,boleto,1,44.0
298244895a58e73db105ff38993ca7b5,1,credit_card,1,14.23
be91ce89605c63dbe7f8d347a665e19b,1,credit_card,5,102.03
07efb6b65a21feb31a7567eb0dbd2476,2,voucher,1,50.0
4f04661f0e0a1a23f6d87956884f4a02,1,boleto,1,107.38
eac67648168ca5875a655452939cf2d6,1,credit_card,10,171.49
87fa3e925b3406c52f70ca7c5faccce6,1,credit_card,2,72.68
42a356367b6ad82cb9655b48a378579e,1,credit_card,1,32.43
7019575db90695209de9c7d983557bac,1,credit_card,2,46.27
67d83bd36ec2c7fb557742fb58837659,12,voucher,1,2.13
854963422ef4369edb2416355e8323bd,1,credit_card,1,150.7
e9822c89d083afa24f5613792a5851c2,1,credit_card,4,218.64
7658df283ca8d2e1a258dfc456fd4e74,1,credit_card,2,196.35
8259a05b7ec596413201d74e896333d1,1,boleto,1,64.1
ba3f824b4ebed08a7a4bf92937017703,1,credit_card,1,86.73
dfcff7794f6db4501f11326cde0e1f8e,1,credit_card,1,35.09
5210b81b464dc0a92a977632cb6e8a6e,1,credit_card,5,139.0
d907363eb029510b5ebe3bb438dec976,1,credit_card,6,223.41
e78dfb6eab229b4cf81d3f6bcf0c9e49,1,credit_card,10,336.72
ee26442f130a74cb3b1d184ece5acd12,1,boleto,1,37.77
18f4bd3e68ff66e98c8c5afefd502ee3,1,credit_card,10,130.1
9d71dfb3ebb4e219c2d5b658c31cc476,1,credit_card,4,63.1
edee11c6be644a02ad79dabf630c41ee,1,boleto,1,50.75
39b208d309c95588bf7a4ae2f20b9232,1,boleto,1,344.44
2873848ac91aacd7879b4ef97d16a609,1,credit_card,8,163.06
9fcb5798168a0661c0dec96bf0682e92,1,credit_card,10,148.15
45477fa590eedcc1f123ccf3fb69fd6a,1,credit_card,8,99.22
da6605100e54eca7235efaeb6d9717a0,1,boleto,1,38.94
4bdcfd987a364d49dd8423ba6c971c09,1,credit_card,4,98.79
774f5065182baf2e88e084e3f5eacf56,1,boleto,1,89.38
3e23de8d32d97af718ef5d441b322ec3,1,credit_card,2,27.09
3a6a2dc663f0fb80336d420f85643ec2,1,credit_card,3,77.68
1a9f85c859f73034acc85057b4899a8e,1,credit_card,3,361.27
654b59e70552dabe9932c36967607cfc,1,credit_card,3,66.38
a87ac74e82a6dc5d976c350530f2655b,1,credit_card,10,910.98
1253425c1b76191a5ff742f11d80e1fa,1,boleto,1,65.78
aa0596266302830741057cd61bdc2194,2,voucher,1,26.65
8d3912511f0a7ca8ee5d4a637a53972f,1,boleto,1,162.15
ee89958a185022844bd25342c31208bc,1,credit_card,10,210.29
4cbc1adfd77a6cac701ee1f06cbfe633,1,credit_card,10,163.06
5d67a487bcc575e994f0e84e84823af2,2,voucher,1,100.0
1dcf1d0893b367c602c4af8db66a5a18,1,credit_card,6,68.38
76df775e41e31a9af3a69d5bcd3575d7,1,credit_card,3,78.1
a94d0b841df6a23bdb275b89448d1d3c,1,credit_card,1,54.82
1c8eb5af70baf6e4b24cb34d8a8df501,1,credit_card,2,64.1
fc50fee6054e9b82a376cae3bdc097f0,1,credit_card,3,37.0
d1f4dfa01135ba65f2013f1c9e8dcc58,1,credit_card,4,135.92
ce02b2c6e70d5b2fe24d103952d389bf,1,credit_card,1,67.62
f401f2b28163b7debb21e18ba755b088,1,credit_card,1,134.46
8208bbf85f1571dd07e86e66adddc395,1,credit_card,5,145.15
3044d11f2c5790298aa2fa9959961876,1,credit_card,2,86.6
db80ebec0cd5d08e1d9e9c10f691f491,1,credit_card,5,54.0
728a1252743f5ae1e79a50ba485ff102,1,credit_card,4,83.41
fe89b0d8ed4855fadd959956eaf4cbda,1,credit_card,2,67.62
8b44dee1be7ea62fbe90e84feeffd4bc,1,credit_card,1,27.77
36344f0d9c19b77add7676d9fd40d9d7,1,credit_card,1,31.8
59798edc300f7563a9bdf18b2740def9,2,voucher,1,30.0
87a7993a41d542a5b33757b3a453efb0,1,boleto,1,72.14
6c7b7abbea636930355172ccc20e3ee5,2,credit_card,2,23.48
1decf741e38f6bb92236968ffff3b2dc,1,credit_card,3,660.8
c0a44fead1bf940766c68e73c9224dd2,1,credit_card,1,34.0
0d9a4836459b4ededef3b8dfd7978d3b,1,boleto,1,56.34
97f24c8a0a4dc245b0a8c4e9b7139e0e,1,boleto,1,635.91
d3506e0ae259db768a156a6c229b7f81,1,credit_card,2,91.36
9f0435827aaddad9ab9f562a39c408d4,1,credit_card,1,37.77
3066824e203de546e458d51386ea14ce,1,credit_card,2,128.04
1cf718e4825b60483e960187443209f1,1,credit_card,4,94.3
0e485d1f54cf7d8e93339478d9e1d884,1,credit_card,1,289.14
c4c3e8d7834453acd59e70aee27a0b98,1,boleto,1,282.87
6649d935be7a1df58b2dc3754fb17379,1,credit_card,1,37.75
2c2a6805300ebc04837ff33a647a7938,1,credit_card,10,119.93
b80154273cbd7248eccd7d13128b99c0,1,credit_card,1,133.06
57e4d66f6a96e23b22aa96ab91040275,1,credit_card,10,215.14
19025d18b19c3708839cb8d53432255a,1,credit_card,2,23.6
e16efc3cc50ac44b70f993463b609174,1,credit_card,3,102.03
d9544a5262bc4ab34c701c37a69635c2,1,boleto,1,56.0
2e83b6485b7379a38d52f8cbb8a1bcc7,1,boleto,1,637.13
9130f021ebec02fff9a8bf9e04e8101a,1,credit_card,2,52.27
118ec9ddef528c64a545169b898e7699,1,credit_card,1,26.0
ce2d26887805bd860b4ed0368e29ae95,2,voucher,1,55.6
15d972c5dd4501e8d219acbe1bea1519,1,boleto,1,303.64
bb4c68c40aab77380324d2d741782056,1,credit_card,2,65.05
1be26189c5971cf28b268e3ab43b3a6f,1,credit_card,2,85.23
fd05016059d759a3d1cd9f1068be4907,1,credit_card,10,105.28
789be7af719fd7c9ac8ece69f76f876f,1,boleto,1,101.93
1057bf6391c17f9b6960dd996029e1dc,7,voucher,1,20.54
00e5b655df1cc911466758210325c67c,1,credit_card,1,113.5
59a0441d0335d0179d1077e2dcb46cdc,1,credit_card,2,25.84
e0149a54492fa20c168e6c4929d7c53c,1,credit_card,2,119.48
b3f296816426c556cdf428974ffa9543,1,credit_card,2,158.71
6c7b7abbea636930355172ccc20e3ee5,1,credit_card,1,16.21
4ae4606647c85995f3123bc2047f9ab2,1,credit_card,6,117.94
ad4f45ebcf8664ef5e1bb5073359f9f1,1,voucher,1,77.57
dd65ebf209e7f649ebd0db15a8f61b24,1,boleto,1,37.44
610d998ea61935583bd897dd101d0e1d,2,voucher,1,81.49
37104fd8b73d0691fda9491fe8906808,1,boleto,1,122.22
39863c5c4361d19d8c48522f77fb3bed,1,credit_card,3,34.3
4a04b801500a7b7f5dbaefe223e00338,1,credit_card,2,111.91
861d85972797c770a5139774b13efc48,1,boleto,1,55.1
dab24a5b64be23f0c6c7a4ebcded8f0d,1,credit_card,5,101.02
46d276d1bd7ed3c213c4a8b2f19e19cb,1,credit_card,1,45.19
6d2723b45ea982b9ea010813e96115ba,1,credit_card,2,56.79
6cd61eadfcf9bee43e7cf8068b937f55,1,credit_card,3,79.68
69844f176919a975b85b1098214d4c2d,1,credit_card,5,105.28
dc079c0bf55da9490de9675a9c407230,1,credit_card,10,223.14
824417a658c64fabf08b55e981b184fe,1,credit_card,1,62.5
c8f631b81829af9fd4cddced8a695dac,1,credit_card,2,24.17
c9b70da85e0373973856f7a37dc6f5d4,1,credit_card,3,70.27
84aaa1a774e37a0a7c1a5413dc49e168,1,credit_card,1,52.77
25748bf4790c5ff77d7f5f283fde9129,1,credit_card,10,399.9
123f71cca05589d95c28c582ccb1d864,1,credit_card,3,145.66
ce48e13a260d1585d74a5c4e0a830e6c,1,boleto,1,45.0
3c6e9cb84555b442fd5622e552195a14,1,credit_card,5,231.27
e28f13b07a04dff7a7e52c0aee29c342,1,credit_card,1,77.08
f43852197ba26a2152a47dcb6d17ffe3,1,credit_card,10,193.5
f0efbfe7e1091577a93ddcf0d02e6119,1,credit_card,2,196.02
a2bdc6e2bf658b3187d81eb953ab1689,1,credit_card,7,159.21
709df241f93833a67ecb2e47e4ab4be6,1,credit_card,5,156.33
9e0e712546092840f5d209f6d4864f8e,1,credit_card,10,223.14
216466e0c94bda506e25adf7e905c5ef,1,credit_card,5,106.3
54e94d7472f210caad2b04b193bb4817,1,boleto,1,36.75
d6237fdd4409fc71fc2c074235e97f73,1,boleto,1,77.57
7b20d43785c16252f51ca77bceaa5ea0,1,boleto,1,377.27
fce519e8efb0019251a9379e9bd86a0c,1,credit_card,1,25.97
942f5d4acc0e606d70eecd14fb69bb2a,1,boleto,1,746.96
d37d275bf870e1d9a50b888717929495,1,credit_card,6,62.7
102dff93d9ff9180027b57feff2f34cc,3,voucher,1,30.0
b753953aa026ea44872473a3fa57c576,1,credit_card,3,156.64
1272198ea0829564b49fe8bb6ad3ea27,2,voucher,1,31.1
a07c319b821b5707ba0b018c7ad63aef,1,credit_card,6,61.8
ee40c6051d9d3a4c45904eaa1e5fe733,1,boleto,1,227.27
86e9770b85541565274b041849e909e3,1,credit_card,2,89.57
e554faec14ac84b923b5b62b78b89c4e,1,credit_card,3,33.17
64f037d43d71fa8da3cd062e493252da,1,credit_card,2,187.82
bdbe67b7e2faaeff27efc72ea1a1bf0b,1,credit_card,10,240.33
d65137e8832d68f38fd35e84cbacd4f5,1,credit_card,3,47.47
dfcf78d03c529afb0f155890a276536d,1,credit_card,1,29.17
7d9ce17cffaae5fd7a74b0b5621f7ee4,1,credit_card,3,71.72
ea2fc3ee961d93cc0a7b657aad5b30e5,1,credit_card,1,46.82
4069c489933782af79afcd3a0e4d693c,9,voucher,1,7.67
f0c04ce2856f738a0d783b126692a0ff,1,credit_card,2,51.75
3c6631c103dfde64020db02048759dd9,1,boleto,1,55.31
2583b27eb8957bea688a9cd41b7c0f47,1,credit_card,6,278.06
2cb5d5cb410ad0b66df87bacd021c021,1,credit_card,4,183.79
e5af3df04e781dc26254b1bec2563848,3,voucher,1,20.0
cd077df405bc0e52ce5534344785b0a6,1,credit_card,3,253.87
22c8faafaa73e4f93daabfd551279c41,1,boleto,1,170.84
3eb78d52f39f1e6f40814845897b7453,1,credit_card,1,49.0
225c2d5256f969a58d04909cccbdbed0,2,voucher,1,35.45
fcd8e0bfd20989bd07e3cabb10f2349e,1,credit_card,10,426.06
a9d6b730b2ad516caeb90d9fd52c7300,1,credit_card,2,66.69
f3d15fc6394b30a6a35e4c3886208777,1,boleto,1,266.18
c945ff06cb8663806353c094c328ff56,1,debit_card,1,288.37
1b8d897de53143a7b639d4870e6e3cdf,1,credit_card,4,117.42
7e3e92dc3eaf5389f32da97228f7dd0e,1,credit_card,4,95.21
136d740adc5aa0d3ad07f279eeb5b665,1,credit_card,3,33.06
b1ef037554c96c88feab7fdb033e212f,1,credit_card,1,97.8
753785118f46f1281ace9f302faffeb4,1,credit_card,2,502.98
9e94c3cecb444012ef6ee92df4ef0b0e,1,credit_card,4,97.78
b0b3dc7e3c7cdba072b4e086dc5c3cec,1,credit_card,1,66.78
1f40ace91ba066aaaeb2a36066eb5391,1,boleto,1,42.68
3b2cfa22d9226264ad6c05510c4a3ef3,1,credit_card,10,294.7
6903c26b793d77caa16eb23e3d238ceb,1,credit_card,5,129.43
dfd3b2df64ce5d1f5378d2e211743bbc,1,boleto,1,105.86
ad027a119833cf7571f234523b2c5522,1,credit_card,3,86.15
1bf58291ea0f8500caa766193e776307,1,boleto,1,105.32
81192041563939605a3e86ae0d6d8579,2,voucher,1,16.37
ba81383846b0b6c97b5160f986fa3707,1,credit_card,1,23.33
d0b8fae6095efc549a71c97c8c6f4f73,1,credit_card,6,329.12
b99a2af18c8b691f20039d4696badee2,1,credit_card,1,32.29
f981f066bfdadabcbba7c2dc9f076303,1,credit_card,4,94.3
8618461ee5428f56dcc6d2794ccc59cc,1,credit_card,5,50.0
314bb8fdc89b0dafae07549f10aaa5e0,1,boleto,1,169.73
4bff39e06ff6b0753c960a52a6b4cf18,1,credit_card,1,52.77
a5db0385f8aea138fbbb47e6bb8c03e5,1,credit_card,2,77.57
c153c3e2641c89800b30e8f469869495,1,boleto,1,178.51
6720f9096736db7c2427635f7d31361c,1,credit_card,4,47.59
2a3a8593aad8c5ddedc827304dfedbab,1,credit_card,10,260.55
7c0bdaba8498278860946b0083d258b8,1,boleto,1,140.71
93e66102f38a99ee0f9f24af6d0ce1d8,1,credit_card,4,184.77
15df7a02fcbb09063980097ca2adb931,1,credit_card,5,424.68
c7c821c9f5e125961eeb3e195dc8fcb4,1,credit_card,3,39.14
40af1ae902bbec62efba703b0fc0e8ea,1,credit_card,10,227.27
d45824690fce3cbb2a729f519ad2728a,1,credit_card,2,122.17
7321b3d6dabc180e041d57f60a5b838c,1,credit_card,4,45.9
2aae4e73f4fa9bac9378f94c794a47d9,1,boleto,1,125.21
458ce9ed0016410eb81b196544fd987f,1,voucher,1,63.73
09d7ebb0b2075f15dc48bd8da3961fe0,1,credit_card,1,64.79
81ab0b4068c1bae0e818206c28b2c9ca,1,credit_card,5,76.08
5d05ba02d8d5d85144c3c1d7ea3f0aa5,1,credit_card,6,61.58
8d1c5a867cd01e45e5fc57dddd896f00,1,voucher,1,79.64
bd80b9345b95ad0a5ce3c064ed1b978e,1,credit_card,2,201.51
f856b8b90a83c3e6c6bccd3b1665fb79,1,credit_card,10,236.12
18bb1c0caaacf9daae70e0bac6e5956c,1,credit_card,3,216.83
e1128622c7f0329d26b10007c562e1a5,1,credit_card,1,35.0
c32cfe30ac8d846c41d6695f9967bd04,1,credit_card,5,165.84
a57d721718cc0b154e604581529a9832,1,boleto,1,39.45
61a4e749e6975384980e883fc5653d8b,1,credit_card,1,1591.24
b172a003a35f407e54bc6d8ba4c5b1fa,1,credit_card,1,57.62
721ba0a3a5e7b741323fd37db5e04efe,1,boleto,1,87.71
27d9557d8fa3dbdc0c64911fe231fdb7,1,credit_card,3,134.01
92334fdb7655bac1a99685a2a4c09d25,1,credit_card,8,107.78
87db8617d2382ef822c02612327f52f3,1,boleto,1,44.59
02a266b82c117c3bffd894e713438484,1,credit_card,10,231.27
968daeb20a9a0e6c8433cad2c886756a,1,boleto,1,71.14
771fbabfc064df2faba7d317dda924b4,1,credit_card,10,902.72
cb8fb99234763886ee0253fd8fcd3d18,1,credit_card,6,357.32
58ce513a55c740a3a81e8c8b75e2582a,1,credit_card,1,65.71
3b50e88820d1c12c90d08d5c8efb49a6,1,credit_card,2,52.0
99332f462c856f28c1581e91c169b488,1,credit_card,4,47.68
c270fc5fb7d62ae87e5b2907ed6f2d02,1,credit_card,2,70.72
cf5e18822d6c886902d93a7a709a8950,1,credit_card,2,24.1
ff71fa43cf5b726cd4a5763c7d819a35,1,boleto,1,81.89
6b9b73174454a8a1b0a255b448f5e5bb,1,credit_card,4,92.3
e7abb502445a0ba93c9b41be49573b5a,1,credit_card,3,79.56
d401e4eb313c624cb7c140e43e38192e,1,credit_card,2,45.0
5778366745f5c8c33f8c7f0432373788,2,voucher,1,15.61
8facae71080d66f3601522b0f6e143bb,1,credit_card,4,51.14
3d56216916c4f573940c222a4d3e763d,1,boleto,1,157.32
8dae11cb6c1305e2756cef677ac2f4dc,1,credit_card,1,56.01
d47c2d8c2b87d0d6ef7d4db06bf359ee,1,credit_card,1,50.0
3e77cb3c65a1bac64d0516085c2dda55,1,boleto,1,67.62
161e4f0fcbfb31c1e305d6d228c49345,1,credit_card,2,241.76
935c371b7a2e36eb22eb8e1031186ec4,1,credit_card,2,50.79
b9ea5c162239db0802dc052780f572c9,1,credit_card,2,116.94
79aba1aabcd2384589da97533c60c626,1,credit_card,8,85.14
23b8bfc2f57aaf36121b2c631d5724b8,1,credit_card,4,125.52
1e3b30b2e066ae1200400ef9d72963c3,1,credit_card,4,45.08
a9bfa6ed984d0688f6e53d537d9f69b0,1,boleto,1,35.77
11bd7edbef6a822b220f48085472871b,1,credit_card,8,81.72
7f3f24575ff9378ce7df685115ba3695,1,credit_card,6,155.15
0188777fe321843a18be24a6e9aa1e53,1,voucher,1,65.84
2f4fd11540a5bce987fa7ca6204081e0,1,credit_card,2,141.48
a358ba5ce5b7dbcdcf204310f665a61d,1,boleto,1,148.06
49bf7e68b5263b604955ac02aa4fbb9a,1,credit_card,7,124.96
4ce9d69b3090e93c33e18de78c029403,1,credit_card,2,36.78
f888aadfaf9861131a6b24882e4c5ee4,1,credit_card,1,93.57
bb26b9f1f2801c2bd60622b82bbb533b,5,voucher,1,56.72
c8de7faa920cdcbe41252449a3fd36c0,1,credit_card,1,170.48
0e40a411ec0cb464b5d17a84ff95cc25,1,credit_card,6,153.01
a4b2d7506db2672210d0411c4a08e8a3,1,credit_card,1,119.85
0ac907873c6fb32bfa8a58be269f0c3f,1,boleto,1,141.53
7052e36ae417756ec2f9d6239f311d8d,1,boleto,1,117.93
349de605467ed7131cc22d614313551a,1,credit_card,3,297.39
bb4eb0196897c20281a61f75ce23211c,1,credit_card,9,111.42
fb1d2527c581c02fc24ea10dd0a0a012,1,credit_card,4,44.59
cd331b21d76d7ea924a7bac8d8fd2f54,1,credit_card,3,353.75
df63c768307f82dcc0d2ad7a7d72b2ac,1,credit_card,6,156.92
8b1e13eab551b0db42daba4bf0d87728,1,credit_card,2,58.4
ade8acb24d7c09d93b8d4e9837309c05,1,credit_card,2,76.95
204b7bb2c7b43f52e126fc4aed7c97d2,1,credit_card,1,152.16
b25081e0843bf437bc7ae7edf71ccb4a,1,credit_card,5,313.29
01dd288e8605af239a3a35e550e89235,1,credit_card,9,186.62
67d83bd36ec2c7fb557742fb58837659,8,voucher,1,8.0
c8aa4f194c31e8abee2df7dbe3a42222,1,credit_card,6,77.65
92de9d5b7edc1d927072c1cfc562dc5d,1,boleto,1,82.0
7ab41e111c9259cb0c56f80621a6ebf3,1,credit_card,1,125.43
744b5f76be2964239912826181a4cf54,1,credit_card,5,148.22
b31abb023394a29b43fecccb03f6f2b1,1,credit_card,1,29.69
949c80f001e60528e8bc8c30b312ac5c,1,credit_card,2,76.08
75ceee59b8189aba5543675b806600ae,1,credit_card,1,57.68
d4181bfdc2de0b7a83418bb197ca5334,1,credit_card,10,143.12
d0db1abdd06cc1539b6dad30898d02bb,1,boleto,1,58.94
d036b12f69efa48855cbfa30a2db23c6,1,credit_card,10,244.15
5faa7dafdf19e1e0e96dc20cff3a5f6b,1,credit_card,2,121.38
6d3a35145c6143c2315b64321be56041,1,credit_card,1,42.78
850bdb83409632771907268b16c60bb7,1,credit_card,3,100.86
cae1cef56202db2581379f836268bfda,1,boleto,1,32.09
68986e4324f6a21481df4e6e89abcf01,7,voucher,1,57.52
5b66cfa802ab8ec833c1b80d28788f4a,1,credit_card,5,583.38
d502fd1e974fe51d60f448759321cac3,1,boleto,1,60.85
65fc7195f2f70e60bd81a12c69d7389d,1,credit_card,8,410.03
fe51eca8b5e241e101a5bc2e9720f877,1,credit_card,1,39.24
8591fef6d807e0044487787892dec80e,1,credit_card,1,126.2
d002eb4aca4f571c8be423868a738f93,1,credit_card,2,100.85
09a72b0eeb69a0a5727d321f51fc313b,1,credit_card,6,424.57
85a0b57d401cf8eabdad7f818e087799,1,credit_card,10,222.97
627c1c31327bda6f11b5e7c613f1d366,1,credit_card,1,180.45
aab057eadca2981f30e045529272020c,1,credit_card,5,308.82
642d9648ee8c3cd7d0a2be2b8816cc91,1,credit_card,2,63.57
04cbdd6817839ed5c7ac28f811ed8c0f,1,boleto,1,56.85
4c18e8ddd12e99c9a83af114dd400891,1,credit_card,2,133.29
cf5b244fd1f7002efc7929be945f1d44,1,credit_card,10,227.27
f76c7ba4fae56c0b11495becf4574415,1,boleto,1,61.23
06a6627d9cc91a04e9d146bf65fee0a2,1,credit_card,1,113.62
5976280bcb9e91bcff848a26a932af9e,1,boleto,1,97.09
5685bb72678077930e5c1f790e2995c5,1,credit_card,1,75.07
2002ea16e75277eaa0b5d78632048540,1,credit_card,2,24.94
eddfc2187c80775af2e7aa42cfed8989,1,credit_card,3,155.14
9f9df59d8852ad5630e576aa48249c26,1,credit_card,5,106.29
bcb9cb204fb7137dcb5dc3fdb94f11e5,1,credit_card,2,30.29
d0ba905881285a45bc5a1b6bd5c6f079,1,boleto,1,29.27
ef3b6bd27aca9b9f50e6ad8be5a2b8e5,1,boleto,1,116.94
4069c489933782af79afcd3a0e4d693c,6,voucher,1,16.55
b1c1cc09ffd5666fc13da046dc5900e3,1,credit_card,3,133.76
f503bf4df121d79cc4907029e84dc441,1,boleto,1,131.73
e9d9bbc83efa26a046a8ce46ed30fd9b,1,credit_card,4,86.64
e544af259c17461504ff139fd5783179,1,boleto,1,27.77
54eb0622bfe39fbc377326bc9f327a6a,1,credit_card,1,124.94
3d02ec65652eef72551f7d3656206f7f,1,credit_card,2,61.75
b78392b7c33c7ebd00d3ed0566813802,1,boleto,1,231.27
275c954b14ae960e2f512856c198c8fb,1,credit_card,1,116.94
4cc0192e89c70ee61b2c1cd8ae665a5f,1,credit_card,2,260.17
ba657defc0b541ac3a861fa8827f1866,1,credit_card,1,50.09
53ae19e61b64511503fe8e4ccd3f7f7b,1,credit_card,5,129.42
4ebadc22cfcf79aee972ae7009d6b2d7,1,credit_card,1,34.0
21fd7f6e3a1bdecc5bffcb8838a911e8,1,credit_card,1,65.47
e15b3b93174a7c20a233c102141b99fb,1,boleto,1,284.73
d82b18538d54e63389c7a2a8bf8a875d,1,boleto,1,77.57
d7c320185a2f9b32f5e2370ff3f8bd64,1,credit_card,1,5.91
d85b0457ca24686fbe089a39aab111bd,1,boleto,1,55.0
c16191c3fe1ec95b47261b2d7e0cf6f3,1,boleto,1,28.96
41e26896c2835821f7622124a8ebf047,1,credit_card,5,127.6
5f9571ac1f7bd358f3fcfa9d07900869,1,credit_card,5,103.33
d58f40cb087ccfcba229691ca63c5082,1,credit_card,10,225.87
4eff3ad36f5e69d4d33d9798ecf22bf6,2,voucher,1,75.9
c91d40fb2f63b537cae12ea716b46350,1,credit_card,4,206.07
3f62abd470c4d6aecea1ef66a8b2d3f3,1,credit_card,3,94.3
3dc4c0506f878aebd3490dc72c1e77e2,1,credit_card,1,39.24
33d8795f04dd631f3480d7aaf90da3dc,1,credit_card,5,59.69
5a2cf4049320a6a52486e4287fbdb2c7,1,credit_card,1,97.79
f3c6775ba3d2d9fe2826f93b71f12008,1,credit_card,1,194.48
4f73244a226bb31dd99853458f70c537,1,credit_card,10,203.09
d6fe866c25e509c883dbd97e14075a9d,1,credit_card,10,387.67
21df9077cc34b937131aa902d45be9c5,1,boleto,1,139.98
c160f6700bd4211635ad29e7f0ae6626,1,boleto,1,236.29
aafa435d6e4fc6b6bbd3f62a49ccafc1,1,credit_card,1,71.82
1149d72adba9246665c80103bd7011c5,2,voucher,1,33.76
9e1516d69461cbce6204729191230717,1,boleto,1,156.33
394bd8c3711009590ecf308602f1dfeb,1,boleto,1,94.1
0da7c9db070f692a9851de83c90a4371,1,credit_card,2,25.77
1d7333d43cb82721ccd24b78ad520676,1,credit_card,5,102.03
6363b59d2e7f542672e0f11910c0c708,1,credit_card,1,32.29
a969d2592327e7f49ce1f3edfc7658eb,1,boleto,1,142.92
239960d8af96f541e9a7153b57c0f4de,1,voucher,1,55.88
906368486fd64a44a16e7190972e3f3d,1,credit_card,5,116.67
f71900fc3435a929b2d4ecc3860bfc56,1,credit_card,1,18.84
d6f9e75b25f4d86db87bf9c7e6d14a4b,2,voucher,1,37.43
02457250c331120c9dea3bf840316d54,1,credit_card,10,368.75
96b38b3c9a1ed37a972519924e133f63,1,credit_card,9,96.02
3eaa0a2e223ae1b2ed934e0274bdd0cb,1,credit_card,5,110.18
a39390147d69c333ddd022bdd14614e1,1,boleto,1,160.46
41b57867809d384e30064b7b36656b0e,1,credit_card,8,163.39
361f034789232a97f47cc1d000c930ae,1,credit_card,4,231.27
8057ce8ffded1481446ada68f97941d6,1,credit_card,2,263.47
9325417ccf2008bcf613acffa684a24e,2,voucher,1,135.0
c48fcca52ed71dddb6f8433c2d7d49e3,1,credit_card,3,37.84
b40f817b50535e75d1708b22ef4f6484,1,credit_card,1,29.38
b551afd1cbe632e6dd51f14132235d27,1,credit_card,3,76.36
47e90f9c867597102381120afab2be4c,1,credit_card,10,218.63
f409f5ae35c08a9135d9e5d15ec6ab67,2,voucher,1,100.0
90ce0511d1c55fdb081fc064ff96ecd9,1,credit_card,2,220.27
7ba6bafa2332bb4f844e2a2a29946773,1,credit_card,2,72.45
7bba6be8b33b014bb9523db5f992d070,1,credit_card,1,117.94
ac244956f757aeeb76242334254bf9a5,2,voucher,1,89.7
417f9f65f61787a7bec245c5e8c589dc,1,voucher,1,44.89
3a754d9436ef0dd5d52e94a0e7ee2f0c,1,voucher,1,49.24
44e4e6de79505211800da6a7b4489511,1,boleto,1,149.71
35ae4b5e235b60c40502a1a5cab8f2c3,1,credit_card,3,152.1
5e73c84a4d8bfcb7f5f1aca946e843c7,1,boleto,1,219.79
54840a5ed7a4f22b46151119aa560fbb,1,credit_card,1,117.94
39af19b1c6ebb39c4e7100d28e4330b6,1,credit_card,10,974.17
25fd9ab410ed941187c41224aaecd049,1,boleto,1,279.52
f8bbef6f308acd23949b5560c282ede9,1,credit_card,2,46.0
e8e805e78f96e0ff9ba477f9cc5e3448,1,credit_card,1,94.3
ae5c6e1388284e38412e62dd4bdbd966,1,credit_card,1,282.43
9695b39a3c85c3d4651b63f03864fd38,1,credit_card,1,33.78
b68aee1125f73ebb79b5283c7498650f,1,credit_card,5,101.77
b88d7ae9bd78eac18e8b6ceb04695fb8,1,credit_card,2,46.0
c513aa3d06f7b36a3e3a95d73e91374b,1,boleto,1,636.74
de70c6f08877949ed4973bb0e4aaaa77,1,credit_card,3,165.81
4af4d191d7e83818829a9af9ea7fcdfc,1,boleto,1,88.02
5446ddcc7951680ce606991e1d953e6d,1,credit_card,1,217.64
90353280ac36134265557e340e97032e,1,credit_card,2,96.59
9a6c669a7f59b8d550c7a68fb1ab559f,1,boleto,1,78.09
4ed44a3f31464867648d26ef5ddb9826,1,credit_card,8,175.64
595f5439ed1b17a564eaa4eea9312db4,1,credit_card,2,97.8
bced2783b02e37169d1ab308b2d5eda4,1,credit_card,10,296.71
ebbca2b2d601a4f4d2b6bf1bfaeed836,1,boleto,1,414.75
8d812dbf931bbd85b3b5b528b75ef9bb,1,credit_card,2,124.02
80bd739a3930c25c28845586dae882cc,1,boleto,1,105.37
dc96a12713fb7cbfd8feac4ab0b8f2a2,9,voucher,1,30.0
7597c7c4c83261b22f9e17126dd703e3,1,credit_card,4,220.04
eb46d05c021b6c642a9bb429a4a2eb2d,1,credit_card,2,97.63
4962467df8bbf58b2f212f805a473446,1,boleto,1,99.79
0136390286be8a34efdc801ed150568f,1,credit_card,4,40.56
267f545fd1427476ab844f4ceeeb9d7a,1,credit_card,2,55.81
ea90d633d13ac21849cee301594b8a64,1,credit_card,4,190.42
36740de778429748e1ff6077c7d85e5f,7,voucher,1,1.82
d9d133e8194b34d22ce9157f4f2ab959,1,credit_card,1,27.77
7954c75cf9a8876258be26911d9e9501,1,credit_card,1,425.7
0ced306b608e9bc80ef960368a3414a4,1,voucher,1,10.34
b1a3ef26d011b2ef46b8787429aab2a8,1,credit_card,4,40.74
37965120652845efe3e27796c9a4386d,1,credit_card,3,106.97
3812d41936079a1ccfa6e04ff9ea83e7,1,credit_card,1,62.59
102dff93d9ff9180027b57feff2f34cc,2,voucher,1,2.02
faff16fc16c4344af7f60cedbbf6cb2c,1,boleto,1,74.16
f28f39649e3b855c1e269fde05f2629f,1,credit_card,5,97.87
2866ad7dcb3cfdab34405a82b8a77215,1,credit_card,10,1220.72
36740de778429748e1ff6077c7d85e5f,1,credit_card,1,5.69
fa3e37584f4fdb1ded0e0de700dfcb4e,1,credit_card,1,111.21
f07b0af882cdeef616def36fd78fbb23,1,credit_card,10,256.33
a078dc6e0c09350ed278918b2d30a5e7,1,credit_card,6,595.59
458ce9ed0016410eb81b196544fd987f,3,voucher,1,25.06
a8d5b616150d16469de71f4099a76148,1,credit_card,6,163.06
44d3984d00152b899eff3953948a0124,1,credit_card,5,61.59
e2add76d15b3e6cd98abe9947f421800,1,boleto,1,218.28
75156818c2863d3be5ab7b08e728e43d,1,credit_card,5,313.23
711246846695fa895c1776f0ddc30b20,1,credit_card,7,77.22
dd79da6ae3b43617470e33f38ebeed76,1,boleto,1,33.17
01fba151a6fa8315ff6dc6f29fe2f2d4,1,credit_card,1,58.38
a39d683227f5d57b1222a84651b03b1c,1,credit_card,3,78.86
126778d3b4dab2077cf95c20808141bd,1,credit_card,5,223.14
90cc566706d738d2c3c67cc806e0b4ff,1,boleto,1,230.85
527f95bc978265984802f8ef4ed9dd51,2,voucher,1,6.1
da4c436373694f136c48e1ead3632f06,1,credit_card,1,35.94
f039d9e86fb732c181b3ab58957e9b70,1,credit_card,1,56.78
405894653b2f151f3eb662b80f9b8a92,1,boleto,1,102.0
8dea586c46b239e29ba83efef7e28ec2,1,credit_card,10,293.39
8babefcbfff85cc907e0ec86e9f0ffd8,1,boleto,1,54.82
f1c60caa5875e546517b8564cd97cfee,1,credit_card,5,226.9
7da3005df84ce7059e9123070c62877e,1,credit_card,3,34.01
c339883c001902289c0283631cfa22f2,1,credit_card,8,175.77
d1e15a79329ed78d7982521b3b3b2a8f,1,credit_card,10,214.03
36e93f41a4f115938915bf5add9a68a7,1,credit_card,1,59.85
6bdcc275fba0fb4ece1d33e9d7126f6a,1,credit_card,10,300.87
efd9ab80b2abae957f5b9b34328ea36c,1,credit_card,5,57.69
e28fb6cbf050a8cde2b9af4ae94f3241,1,credit_card,6,799.23
ce32ad6f5dd0a93b62069747ee97d2f3,1,boleto,1,35.0
68986e4324f6a21481df4e6e89abcf01,10,voucher,1,21.11
8d9341adb50a81fee7dd3480e9f34c2a,1,credit_card,5,112.01
499689fc885e9c2bb31f4a13fc67f499,3,voucher,1,0.54
79c6130ca63ec6a1dfbf2b33fa9a87c6,1,credit_card,2,65.09
7b9f5e24a87d548effb470329e3705ea,1,boleto,1,87.71
f4cff4fb06f75d3b4ecebbc7e42fbdcb,1,credit_card,5,118.41
50345d40b0f9c76464f67c9971bf823e,1,credit_card,4,55.88
d8e17d5f7dacf0970d316e7c03e741e8,1,credit_card,2,27.77
6dae4c54052a2dbf519b0ea3d1afefb2,1,credit_card,10,221.79
7f8345ecf528aa9b47423c9cc5ab3986,1,credit_card,2,100.89
f255dee03c0e577afd1457dbcfe7c264,1,credit_card,1,49.59
b23a0369bc067f164e116241fc186d13,1,credit_card,8,267.28
2c323f358d850442d6bc5ab01cda8608,1,boleto,1,27.0
74b7f4373a78df8c16862d9d0875c5b4,1,credit_card,1,18.15
b7c31842ba974282794a900f7913fab2,1,credit_card,10,320.3
a4cab55a223b91d0013b1f7d634eff40,1,credit_card,4,40.84
735ad119a24ea4a9d6fbfcd9f296920a,1,credit_card,10,783.62
7dcb3c2cc15f5bcb73f79ee65a917b0f,1,boleto,1,426.25
387bbb4e54caa3042c96943f795721ab,1,credit_card,6,206.61
340c580a7c6f6c2440518a9458779277,1,boleto,1,229.99
1c5be2940a0e9dae8e4ec24c9c630d21,1,boleto,1,18.59
f44bd380c9a5926518a4714089e68c89,1,credit_card,1,210.56
fbffbaaa30f4077e87ec6acdb835b278,1,credit_card,4,129.68
48c7312fc36fbae321c1d9b49803304b,1,credit_card,1,47.69
19f96944a3a31111c47399caff25b6f6,1,credit_card,2,27.77
fec4d19f04178e4adbe16ebfc8c7ebd7,1,credit_card,10,227.27
7416d9c6f5591dce41f59d37ad4bb455,1,credit_card,3,118.41
fbbc0a864330509c41ca4b4f0ff9b780,1,credit_card,3,91.19
a7abe735fa002a72636ab38fcac70330,1,boleto,1,62.92
b6a89d6b9a0f7e821a59bdb3e44d8420,2,voucher,1,49.69
a9d045793a3a75774ac0fedb5d7d46c6,1,credit_card,1,160.81
9fa4ce47e1ab92d83988552a89dc3ed8,1,credit_card,6,229.81
5990cd4266558bd21aa365d33ab9747f,1,boleto,1,61.84
77aa92a7fa7631318d976cdade65422d,1,credit_card,9,95.18
cc5a08847378509a7fbf5fe301bbd57b,1,credit_card,5,343.07
0c41f512e2783cc1d84227b9afee153d,1,boleto,1,163.83
e8a6076acc910f75cb8b149ecc89441e,1,credit_card,7,146.57
31dda941b6ee5942d784d50d6b3092b2,1,boleto,1,116.94
3a7d30daaa31a87149374d946dc745e8,1,credit_card,3,69.5
dfa6911d9e73fc699350f724c6af35bf,1,credit_card,10,163.48
9c9579e034d68cb04baf60a509029827,1,credit_card,8,80.67
189ae4e1cde214b94b2311aec85f39e3,1,credit_card,1,63.82
6672f82679e65c575e7d00564c1dd239,1,credit_card,2,28.0
fe755232f249d0844951831268c55593,1,credit_card,10,271.32
bc8de2ce88f2522d4df000c2af088a11,1,debit_card,1,46.62
b1fdceb28f70830d69114860d8b1175a,1,credit_card,3,132.95
69c5ed61a7bd20a9761c8fb11d727833,1,boleto,1,122.88
a0148d30bd60b1529214a696f8be8aea,1,credit_card,4,117.93
67bf20df4e87ad1c8103649d48afdcf1,1,credit_card,3,76.79
54b267f79786d7ac585ab0aac88d6da6,1,credit_card,4,89.87
9fbe3fca2706c665022b219b8ff8d27d,1,boleto,1,231.27
1f90220e4ad97915593771b65c25ee3c,1,boleto,1,180.3
2a186eb2b1f153aed4218fbf557c5d41,1,boleto,1,42.0
8f578fbe296dae4b9f11a4996da9c47d,1,credit_card,10,741.44
1f3fcd02b6ab99b6b499dcd412076175,1,boleto,1,154.76
70265e39902a914077a038864209d3c6,1,credit_card,1,253.38
7f4988e3479541a14ffd638419c902b1,1,credit_card,1,32.47
4a69d6c8790e0f6d2ffdf98e6522fef7,1,credit_card,1,18.98
d95551ac89d6513a7df861906c4f40ca,1,credit_card,3,314.55
8e0ea21ee6cfe4bbb2269955fb3967cc,1,credit_card,10,380.94
3d5aa3b04a54208866a9a716d80e6b89,1,boleto,1,95.67
8e65fdbf220572dfd3430631b5d89947,1,credit_card,4,98.18
e9171e375d76592a7c88e9f155664869,1,boleto,1,59.33
2535db807a19b29005b159580bb7f9e5,1,voucher,1,35.09
63cb2376233663b05e9beb6bd9206c65,1,credit_card,8,84.25
804e0b86e8fe8f4b319d850c87dd79bd,1,credit_card,1,36.78
a9e69217c4501f0f3f8159a6f262f80a,1,credit_card,1,129.79
a2e6b3c462fbefc8709b2eb5f51f809b,1,boleto,1,156.92
cf101c3abd3c061ca9f78c1bbb1125af,2,voucher,1,8.46
227dc3bf463f4ce14249fcaa42d9710e,1,credit_card,2,27.77
0a8b7ed1fb705a8af99575dc742cd328,1,credit_card,3,66.29
d1d5e63e127f2c8bfa668d7073a89299,1,credit_card,4,108.24
cf699a6dbb4ec7e28f2cd7a5e1eb0e18,1,boleto,1,162.55
5d67a487bcc575e994f0e84e84823af2,1,credit_card,1,39.89
5778366745f5c8c33f8c7f0432373788,5,voucher,1,12.49
edc8ed56158af55c22d0d8153e921879,2,voucher,1,100.0
a3e6dc5e759b4b070c4b5d8c6aa67d20,1,voucher,1,99.22
7122630ed5f706d6cc7faddb780673d9,1,credit_card,10,326.46
0693ed674763a4fc34e2c763c7fd25c2,1,boleto,1,642.62
d744783ed2ace06cac647a9e64dcbcfd,2,voucher,1,1.47
31b9cf3309387ffd343b19690e6985a0,1,credit_card,1,199.81
9e563813ce9ecf0328846e51263bf069,1,boleto,1,56.94
053996f442ec9eb8666d97d3b911a15c,1,boleto,1,43.09
194c41a679d0bdc8d7de9762d9e7ea98,1,credit_card,6,156.33
5bd66069fada7fd89c98b9a329d9737c,1,credit_card,1,96.69
87d24c5a20d8d416def2c6ef81d4045e,1,boleto,1,165.77
27ac4b49ad26b510e55da059e19b57a1,1,credit_card,3,142.28
491a1961ff53513a57fa193570a11311,1,credit_card,2,40.28
591398abee6f2509ff5cdb6e5068dc27,1,credit_card,10,289.95
34dcbc5c082a2153b21955ef457e8c04,1,credit_card,4,42.8
6367055387daca23e4b22b6fdf4b4ed8,1,boleto,1,34.0
414aa35f4bb723e9b5787467f282450e,1,boleto,1,38.09
b26d0e4b269b9370121538ab116bb04a,1,credit_card,2,47.59
0581cc006c5d0b4351b5435336828add,2,voucher,1,353.43
08003b4e485e934387afc41448692e0a,1,credit_card,5,54.0
0691811195a83594b0377267a8050e6f,1,boleto,1,105.37
53f4a393eb9126386cfc207f1aa6ac34,1,credit_card,1,196.01
28fb48574c983c05540825d1abf49e26,1,voucher,1,26.68
2dd14275918584fb2a28d4a4300d01e0,1,credit_card,2,54.69
6922a9ced1ae0dcc65cf9b784c8b7251,1,credit_card,4,84.62
71eb50917f5fc3dad71d5db670959dc5,1,credit_card,1,61.69
dc96a12713fb7cbfd8feac4ab0b8f2a2,6,voucher,1,30.0
ee29bed70e80a64a4f9536787477d196,1,boleto,1,86.2
1a0f86a669f41850ec641339c19c8792,1,credit_card,1,84.94
133fde906cdebbd7cae1889f1a8300dc,1,credit_card,5,159.46
7ed12a1423ed9b6c596c5e0e2f92dadc,1,boleto,1,80.72
5cd025a902f47f78979cdf88fb880fd7,1,boleto,1,167.2
d626131b771ffd6c88169da39f702900,1,credit_card,2,63.1
182da967fecc5ce77f31cbdf8c33f95b,1,credit_card,5,204.02
647c2286962851bb7b82d2238a2af37e,1,credit_card,4,153.01
782c81c8b7e670a75b50ca317ed4f758,1,credit_card,4,244.34
d9b18c43acea3eda3c9e95c0c0f98591,1,credit_card,10,220.04
d2545da4dd93f38a15c5babeef77209e,1,credit_card,10,152.25
e1cf77d2496e5b490b421f882d2cb6d3,1,credit_card,1,50.09
6e718fd90e0bd9069986459dfe185056,1,credit_card,3,64.1
0a42de5dfb223e924d95bccacc00fc78,1,credit_card,3,145.29
cb5084e6d5109655821d2054b7bec84c,1,boleto,1,141.24
fcab6437822c11cb1be696ca48db49a3,1,credit_card,1,40.0
89369c30d40142dde7d12c55b1c67bdb,1,credit_card,10,271.43
150b0776d65cc88c98cb4d10d0bc27b3,1,credit_card,3,79.38
b16fc35ee8e5ad2889854407c7046d18,1,voucher,1,58.13
353452698ed9b7e594c057af6d63c95f,1,credit_card,4,216.89
6666c6388feee9456acf73eb0c0b2e6e,1,boleto,1,512.19
47c99bccd0e7674a94f97d36e8b00dbc,1,credit_card,3,357.52
69f5eed47613a9d3cd0ae94d398cdd4e,1,credit_card,1,5.06
6f4e7312027dba2bba5c1b75addfd1ef,1,credit_card,5,59.59
29d81f9fcfa8f77ad68afa83d9fbf83b,1,credit_card,5,92.97
172d924daf19043deff749396e9eebf3,1,credit_card,2,149.59
c0141f939a5a2e130bb9e329eaa20e2a,1,credit_card,3,71.15
309c3acdc3ee0846604b0db436a91e94,1,credit_card,1,105.28
89d22b5f5b664ae7a22078070d93244a,1,credit_card,1,50.1
b67babff39aeeae3f39e5575b7886f32,2,voucher,1,50.0
90b0e0aa2d8c26868122bbc82de97b46,1,boleto,1,77.57
a2a53e824841856d25e9fe22467e4209,1,credit_card,8,413.58
3a8d035c2ed963a9abdb531ed8a34086,1,credit_card,3,66.69
92008ae86d495f8b9098a932b499688e,1,credit_card,1,163.8
2b02cfd07deb1e5bf28fea9334be0b9b,1,credit_card,3,201.82
23face56b7b7b6a17d4759b7c86d6a9c,1,credit_card,3,68.04
1dbaa81e10d320cf7b6278931481e284,1,credit_card,8,144.56
949fa1f29e978e421be9ae66cfc59ab2,1,credit_card,2,43.0
922d138450226b11bca8925c60766321,1,credit_card,9,185.94
fce7ca4f8fc4109d4988bd6de96da69b,1,boleto,1,154.16
fa0516e60526f3547106618fe2482801,2,voucher,1,136.45
b3352e49bf919f038ea9f9953bb2be4a,1,credit_card,2,82.67
fa6b2d45eec5e550786c4adf6de7303e,1,credit_card,5,134.83
93430185e43190a6a3f456ac4cd38c21,1,credit_card,1,20.28
6055deb46d2d0a116e20655c435797e3,1,credit_card,5,125.42
8f4af5bc8345e13d9b92eb4d75aec7d1,1,credit_card,10,682.97
830189cecc91f11c9dd9405976aa5538,1,credit_card,2,125.43
0ecd7312b4a222a3a86590e46f1c2b90,1,credit_card,8,286.82
61924caaf0facc4cb3c580d9bdc2f690,1,boleto,1,109.22
3206db48a35131540e67f96b35a30ceb,2,voucher,1,20.0
16cdedbb1542ddfe411a0b979b43aa64,1,credit_card,5,112.02
4d4c70fd93cbc8282de897a5bc68e7b6,1,credit_card,10,598.71
da5d2d1110b8d715a8e0b0f34e8dc744,1,boleto,1,102.03
82ddf38783ac58b33eb4a6e617f85a22,1,credit_card,2,72.05
0f0786fde25cb2b2b4cfc59128ef8f83,1,boleto,1,75.24
edf0616bd376b3416b676c10dffad049,1,credit_card,10,165.51
bbcbe43eab7a6c93f7f05992378953d3,1,credit_card,1,75.07
a10b332599146f5dbbbb25f38dd85fc1,1,credit_card,1,72.14
c4589f9bf514a6f65302fdb08ae87b6b,1,credit_card,1,96.42
7b2c820a0c74e5a87489ee2463ae2492,1,credit_card,2,107.78
8dce53ad5166f6c592b532a4cd4e2aa7,1,credit_card,3,111.43
eef74475f10dcef7d91f261873e054fe,1,boleto,1,231.27
b5694945c5538eaf411c76300dd2af47,1,boleto,1,155.12
cc2fbd0261b53beb38cfd06e5a482bdc,1,credit_card,10,391.73
6a843358bc668f6e6b3c4b13de5e1b33,1,credit_card,2,25.77
d0acc83d2ff6361a1b46385f475b723c,1,boleto,1,428.88
86dc6d6365151fcdab6e43c4bd3c2dfb,1,boleto,1,167.32
a46ca44d1b7cf49a346dbab87d2344ac,1,credit_card,1,28.07
a9e1e09c442625a16637e162f6d212ca,1,credit_card,4,175.77
63020d26ebaf7d3f0b7b2a79b9f76124,1,credit_card,2,41.75
8daaa56188fbcc1390ce4d2292f614a6,1,credit_card,6,63.6
8c08df56684ae2bb49a58393665eee49,1,credit_card,3,65.05
50dd2a49e14604137b84567d5c9e0c8c,1,credit_card,1,47.38
e20560466a7eee243aeda872e0e7b95e,1,credit_card,3,77.68
469bf2fdc06cac665ecf178281ecffbe,1,credit_card,10,104.82
6ff5660ec1019c0a3c3f90871174467b,1,credit_card,1,72.05
11d4183301045a75d359c663b8804adb,1,credit_card,1,234.08
dc96a12713fb7cbfd8feac4ab0b8f2a2,1,credit_card,1,305.58
43488f856ed3fa3e7d3f8228755d383b,1,credit_card,2,27.85
8bb932f44e796fe5ea0bb0707157461b,1,credit_card,10,306.79
eafabcffc7f9fa583030d9cc7210741c,1,credit_card,8,107.92
9320275e627cc0d374f04e77e1ee2f0e,1,credit_card,2,197.95
da051f6d0cd445a2e8bbdcc9e8e189e7,1,boleto,1,115.94
506905ea049bb2c4d984a023b70a3035,1,credit_card,2,56.01
8a354bb43e2659551a9e6abdc9d1e933,1,credit_card,1,79.24
1c8cfd2e1e836008b0ebaa67b1e6e3e9,1,credit_card,4,91.75
db16d8eeb2104cc17c8d6ca293e7bbc2,1,credit_card,1,85.14
9a241cf50d0939eefbc81c1b084cec0a,1,credit_card,1,25.28
8f753686e2b205ad19e9cc220b649df3,1,credit_card,8,105.28
5778366745f5c8c33f8c7f0432373788,3,voucher,1,15.61
d26e860e3ac65bc579e93d847f16673d,1,credit_card,10,192.1
4b219c12fdb241d6c04908f66f8133bd,1,credit_card,2,373.78
6bcd251ea229d32710e7690cb3641ba6,1,boleto,1,78.26
2df0ce07f5323bf3fa5d7fbc0bb28ce4,1,credit_card,1,37.0
f3988a6f6afe000b1617ab4429c5396c,1,credit_card,10,249.14
def0457f3544c33499ba8f27f14c937c,1,boleto,1,67.98
ea0f64679be1b080d448187df10e8a1b,1,credit_card,1,33.66
d0d30d1f6b48c8e1266d9b960dc191d5,1,credit_card,10,105.28
5f12f5808949a84f28f6b6efa02a77e9,1,credit_card,10,320.01
650877e1fc44c2f52a0b494da9c78020,1,credit_card,10,118.41
aed5fd4c4ada58504679761465a6486e,1,credit_card,1,57.05
1b951d324afaebc435f2fcac5f8fef1b,1,credit_card,2,129.36
876ccdbffe8b9e0d081dd74f449ba339,1,boleto,1,30.1
e462b9c1dbe3c306a5b7b78d72dd7f79,1,boleto,1,183.84
3b681dd1f8baba1507d1f484f7f289c2,1,boleto,1,232.77
fddb24fad8de291576e80726636d7a7f,1,boleto,1,85.05
1a529550bb541c8c6d58b9a83d089824,1,credit_card,4,364.55
0d266849a05d14eb00b7c5db250a2943,1,credit_card,3,138.08
3c5261ee6c155b81e82cb5cdc60b045f,1,credit_card,4,119.48
8c8527960c6b98fe66936cff2603d394,1,credit_card,2,58.78
504d232ad4b0cb2e0d3e8c99a98c9938,1,credit_card,2,90.88
d88a95c7c4efaba57a8640854aa16bad,1,credit_card,10,188.62
43633b4950869ad500817fb5326e1864,1,credit_card,3,65.0
3206db48a35131540e67f96b35a30ceb,1,credit_card,1,26.83
9d9963c450921c5db41bfa4095ea57ba,1,credit_card,3,141.48
7674a39ac1ba0b1ca68a18cfbd151b1b,1,credit_card,1,84.28
23575ff1c8a0669132c47e895a24b5fb,1,credit_card,1,35.0
1549221b1b6e8fec6d2f9890932333f1,1,boleto,1,57.97
1780bf20851f38ed7aae08ee09438f6a,1,credit_card,1,111.11
b9cd12cbf3bc726135ede88877aca4bf,1,credit_card,6,359.19
761f951c436266ce8269f9aeb52ee5e1,1,credit_card,1,115.35
b6197060d52f84eea9f7b3a2a6d70379,1,credit_card,1,182.55
940f98f306f127ddd621e4a991e03478,1,credit_card,8,106.97
e907b2e33705c695c9086a8e3ba8be42,1,credit_card,1,3.29
12437f8c2f1cd4825ce82cc6e42ec5a6,1,boleto,1,41.59
a3c53273ed47fb96dac35247ea42a371,1,credit_card,5,163.79
1b57522ebd11e3c3cdd09a554847b237,1,boleto,1,148.94
33a67fb276caf546d718a4b4d19fea26,1,credit_card,3,74.03
f76b5b738102e664c0fee7647646074e,1,credit_card,7,74.07
5c94016e2e826e386554fe7e183161e0,1,boleto,1,47.82
7cbdd21eaf3b8934a3b11338c0f3aa7f,1,credit_card,2,59.24
20b35fad7bb43c9b2e1d1b2e7b894ac5,1,credit_card,4,230.25
9d230d6d2c7b315e6420c9f2c0a85938,1,credit_card,10,146.4
1b90f9331b9a9fa6f2563ea6a3bacf1b,1,credit_card,3,313.6
bb18523b647231a531a5d3e5fe1687fe,1,credit_card,10,519.65
5ba2ed250b6f47416b0a787bd4deba63,1,credit_card,2,52.05
e17f915ae8dee836e44f72c948c09d13,1,credit_card,10,228.82
793c2f0661686b1d7e18efec8c4b43be,1,credit_card,3,104.73
e93728e408aedf27cdd31aaebdca3638,1,credit_card,2,215.6
79fc35987a8701e074d350a33925d818,1,credit_card,5,137.46
e5af3df04e781dc26254b1bec2563848,2,voucher,1,20.0
1bb21adc611ec6709cf108492c166a18,1,credit_card,1,85.82
7c5fc2c7ce20f9ea338589aa4fa568b2,1,credit_card,4,227.27
70644768ae200b063d8fc6d47cc85ce4,1,voucher,1,30.0
0560d129c1357ea719aab1cf2cd4f03b,1,credit_card,1,44.34
f3e6630a5af677b1d0b22aea7600ac12,1,credit_card,7,145.56
b11fba7d4e0cad817d24e2c77032fa0a,1,boleto,1,44.0
67fa9997945e53898352ceff7d7b37a6,2,voucher,1,19.0
0c42ffbb7daabd630cbe785466d587c0,1,boleto,1,431.18
60d5461dab300c5e833a29ac2f534ac4,1,credit_card,3,97.81
fcdcf0cd9b77731f38b0c97a27038042,1,boleto,1,28.17
16f6daf2cfb47f8c8525ddbabc5aa5ef,1,credit_card,4,46.28
88ce73cc24548143016810f81a9e53d4,1,credit_card,10,2026.54
b52b4c23e1d9e705c8d31ab607ae9b50,1,credit_card,1,34.29
7c433051dfca2ce91591ddaeb96b414d,1,boleto,1,67.02
b3729cd1670144c7b451137853e3f46a,1,credit_card,4,175.28
42682e26483a7308854ae17e8ff408dc,1,credit_card,3,38.08
3b67b88a0baffb745d55e7f74416756c,1,credit_card,8,81.72
d438c9e78430036ea02538cca576c53b,1,credit_card,10,124.33
ed6ada37adc9a45f54f9378a5b1361a7,1,credit_card,3,60.0
03e1f719ea43e7eb59344cf78cd99ff4,1,credit_card,1,57.68
4246497ce0c7f8915544d27745f2e6c7,1,credit_card,4,130.16
d83d899f5a20b2d05342270eab088987,1,boleto,1,717.82
54489dc43b208728294699a03e704d91,1,boleto,1,51.5
fbc769defaa6da4bbabdbbb7c93feccf,1,credit_card,5,138.49
4a6309669545b27a89528e2afcf76b6e,1,boleto,1,418.92
0d6fbe13e1bee14aa67cfcda25ee1781,1,credit_card,2,131.02
14a2ad28d59053cc7bf0e2b40660294f,1,boleto,1,37.62
af66c46c49bdb3bf2f862efb1eb67d81,1,credit_card,1,59.85
5898109e955bbfdb67655f3aa64ecd72,1,credit_card,3,91.96
4c004439e63485114caf4e97ed9befe1,1,credit_card,3,87.8
e1ff3178bf322c2f131cdf7f3cd63613,1,credit_card,4,85.34
c235e3fbe42d171c9177e6664107170d,1,credit_card,2,21.94
31b91033dcb0502e616f40ced16dccc6,1,boleto,1,169.38
c17bc584fe68bdf389241631455fc2a5,2,credit_card,1,14.72
fe09fd9d707ff0915cdf61375ff70a69,1,credit_card,1,75.07
c70715c3111d10111116543cfc29f3ca,1,credit_card,5,58.59
f6165d8d9da67968c00f198d4b053690,1,credit_card,5,528.68
2ca9036cf880a76f0a41894ede902e55,4,voucher,1,6.99
d446c3b58885af902aa7182d140afd0f,1,boleto,1,49.01
383aa8b2724fe452d9ccd9934a8c628b,1,credit_card,7,111.24
b3ef4de1762699288ca5c55a1e574a12,1,credit_card,6,253.84
fa23ac72814ef3312abee6d83bba7665,1,credit_card,1,34.68
b0edeeb83cb7a8e727e06255357cd7a1,1,credit_card,3,176.55
cf2012c5bb2a858db95ead15c5f1595b,1,credit_card,6,68.49
a044e4274dc3344dd938742300828892,1,credit_card,3,233.81
4993ef6ff0e62c90c51232f5164acb56,1,credit_card,6,61.79
7caa0a770f1010526a3e5f65757755f0,1,boleto,1,298.4
8576190c64f6d9d9ed5055185aeefe31,1,credit_card,10,235.13
e01f636edc7155ddecc78f311b1f2cd0,1,credit_card,1,23.72
9b4a1422c8b4e65d9ab330d8d32deddf,1,boleto,1,90.46
59fa9c0df154e7b3b8bb9eb70cd4ec86,1,boleto,1,77.77
e78b67e290369f9663f14d37b7f64c52,1,boleto,1,57.68
6ea71515224447ac719ce8df5da2037d,1,credit_card,5,50.1
d7c320185a2f9b32f5e2370ff3f8bd64,5,voucher,1,3.1
d0ee2ae87e093d006aed295d79e325f4,1,credit_card,3,152.34
29182856a24c6eeb1d7b81ba1fe63190,2,voucher,1,5.42
46502a9584712989d3872f32e0e2176c,2,voucher,1,17.19
9722eff1585170140d33d9ba863ba74e,1,credit_card,1,155.14
07c86971c5f40e822bd71ab44f684fad,1,boleto,1,588.66
7f630339b7d16d7f1a6c058f630c1810,1,credit_card,4,464.34
83af4399868a710fb5c825aa05704bbb,1,credit_card,4,83.23
6192bdc9139ad21eb4e63055f1a7c8ce,1,credit_card,5,166.81
9f858808ec5a86b30a41acb6dd729b45,1,credit_card,4,46.0
d228964643ea1bbbf7ef2d4381d2c4fb,1,credit_card,1,57.69
938ce9437524223bf05a48b84add7375,1,credit_card,8,322.58
e78a6ebf08a820b5ce4a82208d912130,1,credit_card,3,101.93
ea4b6713b8009eaeb7d72827ee097dc0,1,credit_card,2,116.94
c72888e51a36defb7b5d49201fcbccf7,2,voucher,1,100.0
855a13de235eda92e5acdf19d0157b67,1,credit_card,1,52.77
b87afc89cd215f60565ed29fd804b4c8,1,debit_card,1,26.77
ba97c57ecadaf7dafa0a372f38210d0c,1,credit_card,7,72.27
54740211161142390c454785bc1e9fbb,1,credit_card,10,231.27
2e1cd6330c3813613972ac6976386c33,1,boleto,1,27.77
225c2d5256f969a58d04909cccbdbed0,1,credit_card,1,26.34
eb25b57cce5990ecc259c59e8052fece,1,credit_card,5,147.38
45d708b533e84fc3718ffde7cbbc6537,1,boleto,1,27.6
47cfe9af9909fdf08517478edef903ec,1,credit_card,3,71.92
fb8b96cba85572e4fbdaedd04f44fdb6,1,credit_card,1,144.13
727732b8eb487f1ff4dbd15c610f994e,1,credit_card,2,277.48
25bf0be37db626d23704fecb85729aca,1,boleto,1,90.26
3eb2926661890add37ff467c6c5ead88,1,credit_card,2,34.63
50062ac5439ceb5198b6091b3d7dc288,1,credit_card,1,270.92
1c55f7ccb17dea1623c2fc6be250ca6f,1,credit_card,4,82.61
5e08f8357b3660485f47d00381feaa6f,1,credit_card,3,171.22
1eeff18e275e2d98a4701b328d2214c0,1,credit_card,4,96.9
029863af4b968de1e5d6a82782e662f5,1,credit_card,4,41.09
da6e14bf496bcc88c9a7e04053030e11,1,credit_card,1,146.47
01cbdb2a8c075eaf248af643b3389f73,1,credit_card,5,145.2
ab6a6b7a25c62e6f6c332f359ac4764f,1,boleto,1,327.66
fa63bd85298f3d5a0d7750094e271e57,1,boleto,1,136.99
f3673235fed9c71ed5d7ae997aba157c,1,credit_card,1,230.25
46d45c02db0c16939f8f1c45a9c8a344,1,credit_card,10,125.42
62d1fe3b4b56a1fdd8b36c6337feb134,1,credit_card,3,200.64
2f26a96c2724ad15bc65ec1660e6dc20,1,credit_card,3,568.59
c85fdce6723ece9066d59f3a049c683d,1,boleto,1,81.72
b6f445cf5a3df2567435ce41a1ad3708,1,credit_card,10,102.9
674957a5e7051291e2b937c5867a06b4,1,credit_card,1,129.43
21986ad587b4a2c379e191e22a03deac,1,credit_card,1,30.0
02593f8472d9ab3c2620b1b46166c231,1,credit_card,3,510.65
387e3755441d1da1712321040008a4e3,1,credit_card,2,84.57
6c483afc20c0d15a5d0d7d35e2aa6231,1,credit_card,1,144.78
73d34a2bf529090b8e28797f2169823c,1,credit_card,5,231.27
1d8747e28d2a17848780cacc9b445280,1,credit_card,10,222.19
807451448a665b991d8608a4890e6059,1,credit_card,2,40.42
b0e40a3e61447dd4231b10489ab96b8e,1,credit_card,3,73.34
36a179cea5792575e6b9682f13e44287,1,boleto,1,58.79
d744783ed2ace06cac647a9e64dcbcfd,5,voucher,1,1.47
7f85fa1f7de6eeb7a5cce13ea6863126,1,credit_card,5,59.29
e646fcb007accf97545bc0df54258f70,1,credit_card,4,81.89
e87543e4e7ef577c892735018fb134a8,1,credit_card,4,62.47
d6b18764545dfde7b5ee30af60e6fc0c,1,boleto,1,87.16
fc8cfb0445794a015aae85ee6bdcf12b,1,credit_card,1,130.01
dfb04e7088e5e8c05d7b8a21be219457,1,credit_card,1,140.07
5d136bf14df35a987ca6ee6264518d08,1,boleto,1,44.38
aff32ddeb1d4fcd7baa9d10d9b5941eb,1,credit_card,3,75.03
4b6661abf2da1932d74ee64f19a5ca41,1,credit_card,2,163.48
40e6624f975fba72e2ca10754a14e078,1,credit_card,1,32.03
17c70949f9ee364f767f1f54395597c9,1,boleto,1,53.01
83aae23d3e3e6446e3dd43b893082a71,1,credit_card,3,43.0
ae7c4721024efe600df6ac3fa7e52c58,1,boleto,1,263.8
199bd4c4070dcd4d99f63896213e032f,1,credit_card,10,144.11
667d3f09efc825c4155dbbc820f01666,1,credit_card,3,675.77
18a83c7532fc2dc3a10fd55ff3655588,1,credit_card,6,133.35
14f737727f2b0000ca63eb288357c13c,1,credit_card,1,76.76
d6b655645db45dd1b22bcad86e108278,1,credit_card,6,120.87
0143924743f240e1fdcd6a8918fbe147,1,credit_card,3,111.89
53802dd14f00658bd63315e41be39610,1,boleto,1,134.58
68563d59274431d3b5c6e618ed8504fa,1,credit_card,2,91.05
04c35d9b971c2df38635b6c4a1983c35,1,credit_card,1,147.42
9099fbdbf8ce8489a7546442a0881f93,1,credit_card,2,139.69
cf101c3abd3c061ca9f78c1bbb1125af,5,voucher,1,8.46
31b7099f02dfb1ef54bf9b3c44aaf417,3,voucher,1,6.71
b5e50b7fddcc5f12ecb97b4d5f455f61,1,credit_card,10,202.76
5f7252bf13701d879f6fc28e72b71a9b,1,credit_card,4,105.39
8fbf896e2592896433876e70d88863aa,1,credit_card,10,231.27
d579ba069db1e48f36231244a9a83736,1,credit_card,1,347.46
ccdd16bba48215215c7d17240f07eb66,1,credit_card,3,114.45
b990622bf95aadc14c973b3e914444a7,1,boleto,1,153.01
ea402a52e47bbc683974efe466ed5271,1,credit_card,2,63.1
5374b46099586d58a0e7b55f0dd1371f,1,credit_card,4,45.11
824fa8179b9911d58831e0b09eedde13,1,credit_card,3,39.34
cbfe43d4a7e8df6def7f9247e1c6120e,1,boleto,1,54.74
011105c3b5b8693eda1bfb1f152cec2a,1,credit_card,5,251.59
97fdf3115437c18e71138bdaa80ec60b,1,credit_card,4,81.61
445af51c029e740dfb8f62d31375b889,1,credit_card,5,50.0
67aad3026d50e2928d6925136a0be9e7,1,credit_card,4,72.85
d64ee3fd40afdbc9f1d4af84423995ed,1,voucher,1,46.0
91c67084c8053e40be5dc547d3e9a01e,1,credit_card,10,375.37
4e376d36ceeae3f2cbf66cb0ca84c799,2,voucher,1,250.0
a10a91a376b8f910600da4c459245e9f,1,debit_card,1,36.0
38581282d219040b90a904e154ad8cf3,1,credit_card,4,100.34
1cf13598b7e6449603960c24184dee24,1,credit_card,2,42.18
ae471dc7860dcb671837ae421a18733e,1,credit_card,10,1046.56
9a5e801a0c51ede9c94e91758554d57d,1,boleto,1,73.34
304a864fcbebfc86399b988f1fef0ceb,1,credit_card,1,47.84
597793d262bf35d4ff6b50360f836d82,1,credit_card,2,74.63
66abfb1d97049527979ada02f3ade6ac,1,credit_card,3,93.38
4140fb83a84c614859497ddf5333334f,1,credit_card,2,42.5
193c6e3830b91df8472db1d2cdd6a876,1,boleto,1,60.14
2b0a7970a6bf2282bd4f9af0e2bf073e,1,credit_card,7,223.8
fae07f01dfeea5a98b59ba06f1fa7bba,1,credit_card,2,89.57
2b73dbb992c0aa00a2f031c7222d8792,1,credit_card,4,366.65
cd12238095fc7765f26477b48b9cb3b2,1,credit_card,3,77.57
c8b5a04212ccaad7ba2b0a39fb8d0a1d,1,credit_card,5,240.68
80f3b3dfb90795a9b5bf61ed8e8df267,1,boleto,1,777.76
b4b82a96ad1cd1dd5071980861bb2575,1,credit_card,2,50.69
c531e20fbbaf3e7302ff967fb3c7340b,1,credit_card,4,636.74
d4a82e0a8772db180275f4160d9eb12d,1,credit_card,1,74.16
272f2c7a76c95a5f4bae0c236a21df6e,1,credit_card,3,66.01
59798edc300f7563a9bdf18b2740def9,1,credit_card,1,14.07
74da1d033cecf62865d267673aeec395,1,credit_card,4,190.25
68ffb6a8abb783325c37e66d91eeb191,1,voucher,1,68.89
c276a6bf017d697f864fa8b703ce1b36,1,credit_card,10,199.51
3c8f1081e21484680c3885d3bb35272c,1,credit_card,10,230.74
ff09be38535fa5ed89ee63099283986c,1,credit_card,6,69.03
f6822e0fe1a0a216386fb50209b80229,1,boleto,1,138.55
335c699e72e2554d20656295439bdcb5,1,credit_card,4,266.4
8dd157f9e9b6d962be4a88d78a5c1d45,1,credit_card,5,115.04
06ca213ef85421d96ee0fe529d0f5885,1,credit_card,3,61.11
7f54da866a82d947b1a3dc9a7c226dd1,1,boleto,1,77.57
a496afd4157983f3262ad36c6afde886,1,credit_card,5,490.36
f74d94774320327d0d48e3cc7eff82ba,1,credit_card,3,70.63
47c3ce4efeeff5eae692f5d31ef009e3,1,boleto,1,233.81
a433d013a850ada87efa1fc9d3195a9c,1,credit_card,5,129.97
d02bfb7e0c24da3338699d38469e3e12,1,credit_card,2,119.84
6c8d10bff26c00a7e916fa8fd5ce56d9,1,credit_card,3,48.89
3b786bf128186200f49a2d025c9148f4,1,boleto,1,84.14
96fbb3c21966b51cc6e5176010070f2b,2,credit_card,1,19.09
1c80798b60e75536e4c008facd7e9263,1,credit_card,10,398.74
81352f62b2d216f1f6a45bcbb978b078,1,credit_card,3,55.59
55239e09e4cd4de5e2e69452283e9b36,1,credit_card,10,360.95
5c79b8c0c788c246d099ed0ac689359e,1,credit_card,4,149.6
01d0cbd002be92b5a970cb8f233349c2,1,credit_card,10,376.29
74b7f4373a78df8c16862d9d0875c5b4,2,voucher,1,15.6
06a521049a08d59361b1ae229b3efcc7,1,credit_card,2,113.71
0651282cd5dd7e7103729d800b143334,1,credit_card,3,187.44
9fde8604e48e3fb51e7768a2c218b76c,1,credit_card,1,25.0
d167a1099cf2b9ccd885c665394f5fd9,2,voucher,1,100.0
b20a448c655e1a13099ec0a1fdfc01ca,1,credit_card,4,49.0
f192cff10ef337b0ec9028f2cb9bf874,2,voucher,1,88.85
aa074a04e180e1202a8e0500297a2570,1,credit_card,8,233.81
e204c9b2f4c4eda05420bea7f4b7ac03,1,credit_card,1,37.68
e7ac1f7da9fc50f093b196993cb761e3,1,credit_card,4,42.5
a037897ffc90e9b89c16d0b6c55e9a0d,1,credit_card,4,168.45
86f353da4086de44a6acd7faf109e47d,6,voucher,1,25.0
c024c03c4a963e554041ee4a7a2add43,1,credit_card,2,57.53
6a1b1c85cb88090b0bc406c8a6fd8965,1,boleto,1,153.9
a10bb0a8c070d2988fbbc21d66641704,1,debit_card,1,244.15
7fa41d59cc693e0ed84f2668b7ebe4d7,1,credit_card,8,84.02
0173e291db71c3e688829f7f03e2d34a,1,debit_card,1,48.69
21a17809c28668e0099cb74b70fd32d6,1,credit_card,3,30.69
6ba12cf8ea93dd8fbc3b6aa38295b708,1,credit_card,5,153.22
2ac69ee25b6ceeb2cc1675c34254f0f3,1,credit_card,1,160.23
961dff69f04ce00334131fdd62ee57c0,1,boleto,1,174.33
0d249476ca7de9b29cfa25d9bb8f3e05,1,boleto,1,45.0
39ea1041ff8ce5011a3032a46ccf30e3,1,credit_card,1,14.78
8932f7d67eec4b3ed9a4d5ae0b30e06a,1,credit_card,5,193.07
ef394b6ac2a7a089f6142d4449472073,1,credit_card,10,227.62
11b60d2ade27b3b62de1a84efc95ecdd,1,boleto,1,60.09
a15a0b2ddcff917321e721b84d7217cd,1,credit_card,5,201.04
77ae1cf0361cb41c1637cc79e170c9c1,1,credit_card,1,99.22
da726e4e14776093627536acd474872c,1,credit_card,7,147.15
1c8eded3a8ddf56d2909d4713110501a,1,boleto,1,173.23
5d9a4411068892bb475d32879e076e1e,1,credit_card,2,92.57
0e5f95185b8be5365f07906c419286a4,2,voucher,1,50.0
c8b4b3301b8839f14ea92722cd395e72,1,credit_card,5,151.09
45cd1a6af2fc3bbb9c5869ace4eef304,1,credit_card,2,57.61
ebae502e2bd29a26838c7469280f43dd,1,credit_card,2,81.72
3fa90d1a16450a2ad12d9b7fde5fc990,1,credit_card,3,84.62
b926487e2247dc151723b4c67a252eca,1,boleto,1,74.05
7b511d9d317e777fb4552fa4c7dc717e,1,credit_card,1,159.51
b78ba2e791199cc6293f8abf411fa386,1,credit_card,2,152.89
0ced306b608e9bc80ef960368a3414a4,2,voucher,1,1.67
2ca9036cf880a76f0a41894ede902e55,1,voucher,1,0.22
1e90871264623f5f891409abac3dc0a7,1,credit_card,8,96.99
7f69be6a74d05db1d62cff32b2049b6e,1,credit_card,1,24.84
148946b469e7c2af2231c7c2ba0c5681,1,credit_card,5,105.37
d32800fe9aa5928f98b923bfaa6e7a9b,1,boleto,1,34.09
128db96d96f727da26afde4579e68d48,1,credit_card,5,130.01
7c4c0055ea628addbaf69f0e09eba744,1,boleto,1,37.75
d58bf4dd85230e05725202c1f0b4b800,1,credit_card,10,225.7
f238657140944de62a948d0c66b25f73,1,credit_card,3,37.0
efdd6716d5125862a11d4e354bd4ec3c,1,credit_card,3,84.23
898f13bcf377cfaa6cf7a53ab25b7afe,1,credit_card,1,65.71
2459150b1b6791d5e62fc0752dcf6b91,1,credit_card,2,63.11
a052b4ec749ff1fecf61228b8dd68a4e,1,credit_card,1,119.48
d8ab6e868995a618b7abea3119b56789,3,voucher,1,14.97
e7803fdf4f98120deed486a41a0f4fa9,1,credit_card,3,81.72
f69d0a58330775f717bb47e9640e4c04,1,credit_card,5,55.0
dfaedd65a3ca2a4cc07753c583a535d9,1,credit_card,9,90.72
cf18cc607f8e7571b9df511e66edb910,1,credit_card,6,64.6
2c7051c176c93c8ebbf5f8a23dc16e9a,1,credit_card,2,372.16
acb08a83f62cfd54a98e76c21cd268fd,1,credit_card,4,41.05
f47c8a5f13b399d0e46beaf4e9d8b952,1,credit_card,3,193.6
ce07c393d8aef25ec77567483aac364d,1,credit_card,1,369.01
d829ae9ca5e0a9749f2574b62eb7ac10,1,boleto,1,167.51
722472fb65236469ae8a7934269a980f,1,boleto,1,131.02
fa1ef91c1e8b0e6058d8d16cfe230ff4,1,credit_card,1,77.99
6fc4b5c7dea29fb5062b9fb57e3d958e,1,credit_card,10,636.74
55aa5052d111a948144ba6bcbc4016ef,1,credit_card,1,71.82
8dd65fba2478cb614c25783cd1be3449,1,credit_card,3,62.68
06c82be9b8551eb37a9b8e7e05dec631,1,credit_card,3,100.34
e6773c853a5c599fd82b2289c538a1a5,1,credit_card,9,93.55
2a426febb90cb52eb50b9fb0f23a2866,1,credit_card,4,94.31
df1673f73c6ab875ce62808a1e5e460b,1,voucher,1,38.3
fa390c33c5c4b2d0f270fb0050e8fb40,1,credit_card,4,48.62
41e866f2cb3db6d51b8e5dc6ef961a0c,1,credit_card,1,61.84
008eaf9004164883520d0bd32b107261,1,boleto,1,157.34
0527142b56f235b4936a8573f33b020b,1,boleto,1,206.07
431e57fb445e35e908a2d4867bfc9b27,1,credit_card,1,94.26
8bade36d5fb562974296bcca22a7a064,1,credit_card,2,296.61
4d9e1d72435984adb22e59511ff36b7c,1,credit_card,5,85.42
843be4a0dcdb9716de7652d53af4acab,1,credit_card,10,227.27
d35fa2f0829d8cb22065f23bb19a6768,1,credit_card,3,41.63
795c0e28181b5f39aaa6e2ea7c708439,1,boleto,1,71.62
6f20546433de334abe46b79336ead4b8,1,boleto,1,197.95
6eb14a9fb7ce26c557bcf1e0f3eda606,1,credit_card,10,119.74
03518b1ed227311405c355ccbda81a80,1,credit_card,5,77.53
b0ef0058ac844b1e34ee3a8c396a21d8,1,credit_card,5,77.57
482da3676133323daf4d73c1125ed257,1,credit_card,4,81.89
5ddb2ce1958a158606319b7a9204fd8e,1,credit_card,1,93.3
71bd2fa6e6df2e5082610ae574d0b86b,1,credit_card,5,223.14
d744783ed2ace06cac647a9e64dcbcfd,7,voucher,1,1.47
fbbaa04b3e0910f8ae8711ff03a32fa7,1,boleto,1,79.17
2a02e0744a44c3062272575a439947e4,1,debit_card,1,133.85
e98ccd0d8ad323ec4feea57417d08a99,1,credit_card,1,94.12
0f266223a9b8d9e61f09b6e50bf8a757,1,credit_card,1,65.0
65a6146689b83878d498e1a7d03782c7,1,credit_card,4,86.73
c62832207ec12a716aea2fee061b5ba7,1,credit_card,4,42.68
54ff9c7f5e48a0e6ba2ec182428b10d7,1,boleto,1,565.25
0dfbfe4feb12cdb98beff8efb1c013c9,1,credit_card,5,420.06
adef101539535147ca5d0159a80ff7c4,1,credit_card,2,27.77
7e429b54c3c0a8b4206c8d42b6a55bf8,1,boleto,1,479.42
7b909c21ef8b4027fc9bda5c7efe0717,1,credit_card,2,77.57
b302801106ed1f5eb6f08ccdae6fea99,1,credit_card,7,170.28
b6b01d3d01c6df1ff950084e0f9ec7f4,1,boleto,1,84.12
e01f636edc7155ddecc78f311b1f2cd0,2,voucher,1,42.28
e16650a3a92e18a06ea6653a3144fbbe,1,credit_card,3,262.38
5f892cf10a419532141018e4f162d429,1,credit_card,1,50.0
2528fb34afc8310d8f94f0c29aa72e4e,1,credit_card,1,141.23
1d52ecb64812aade8eda623f0a2f0c79,1,credit_card,6,137.16
9aaa81b734b180a0c3f2aa1295666bdf,1,boleto,1,41.69
64f342fec608b8d7ec942b807e01652d,1,credit_card,3,144.76
e11f0b384abcb645f460256db2f8795a,1,credit_card,1,63.35
8b903d86c7982e5c63625f062c56f854,1,credit_card,3,31.58
9f563a8656b5ff2aadf5febbec9cbaf4,1,credit_card,1,63.1
ef1c20996f869e915c278c7c6e996d25,1,credit_card,5,136.5
e9d424615d8805614e254bf5c170bef8,3,voucher,1,30.31
e154bd31074cedc28398f95da6dddd55,1,credit_card,2,40.0
581df21026c7ba80ffbaa5c3c21a6788,1,credit_card,3,43.1
74ba3677f15f456d0cf9f7081f3b1f30,1,credit_card,7,155.14
d2d3a710d923a0349be09988ab8d5ae3,1,credit_card,3,35.9
a6b4e78fd33ff998a908e7251bb769d1,1,credit_card,7,223.14
d9bc6265a0fd5fd74e4c1db0ee72d753,1,credit_card,6,135.49
c80e3da5b9dc27c8ab6cd05b1c72daeb,1,boleto,1,91.18
eea701bd5c437bfaf0e473c9012e9aae,1,credit_card,6,155.73
d3b793b04fe8ed20805d6c19cf00c0d3,1,credit_card,4,246.97
9099fbdbf8ce8489a7546442a0881f93,2,voucher,1,213.89
ee6a5eda1f6348ce77dd734f59499ac0,1,boleto,1,48.69
5922f7c7645fe4c84b8074f7574dcacf,1,credit_card,1,48.68
26df1f409adf3bbb2f057e1ebb11b019,1,credit_card,1,137.9
2905a2371d7b1d8e0142fa8ccd78f28a,1,credit_card,10,192.12
80c3447167bed567a8646b0802408d48,1,boleto,1,76.78
f2a4a108d09aa4b93643e9702d32d6de,1,boleto,1,45.61
1946c4925cef4f63c6d90302b3d8caf4,1,credit_card,1,26.77
32521e17a0b60adf739498f61d563ccd,1,credit_card,10,171.6
6a9cfa8ed7b1cbe09dfe3dbba0f4d8f0,1,credit_card,1,533.82
46d69313b61b50a82923f811db17de3b,1,credit_card,10,168.2
8800d14eb6eb6031624538ca8750b921,1,credit_card,6,125.42
2db55bc45408ca33aa8ff88bbe7fc720,1,boleto,1,28.69
7a8aa142cba05fb6a982d779ded4b72f,1,credit_card,1,40.1
7b1219cc26d69c357880055b52d87960,1,boleto,1,78.7
c7cd3c19aef809218b54579be10b4209,1,credit_card,10,321.98
0e33e4ed66579e92794c46a5232e51dd,1,boleto,1,44.0
cc06f04e742657f674ab020cdb9ab887,1,credit_card,1,36.1
3d984081eecebc3fd30edbe5ae5e7d41,1,boleto,1,177.44
50cf8b336667ffa7386d24568d6716e5,1,voucher,1,31.84
cf101c3abd3c061ca9f78c1bbb1125af,7,voucher,1,8.46
b0bfe907b9812101e7b442221ffb8f07,1,credit_card,4,163.06
c86653fc19a4c3bf738d4d94e59008b3,1,boleto,1,350.12
871f526d138c30fdbcecbcf72a3588b5,1,credit_card,1,85.92
55966b3807b78c9c7eaf6a2c0c820abe,1,credit_card,1,216.64
3a8841b93b2522714e4143cff4f54ca4,1,credit_card,6,124.96
613c63ad0aab038e86c572a39cd06979,1,credit_card,2,77.57
4947e751fe684314c040cac7a908143c,1,credit_card,1,45.01
bb82d1c94323c38a3d8124414a6a5ca5,1,boleto,1,34.53
2d79c4e3754b1f344d6695435b1a92a6,1,credit_card,2,57.63
0ced306b608e9bc80ef960368a3414a4,3,voucher,1,9.71
fc24613395700f29adf22b2383c12bb0,1,credit_card,7,71.14
dc87bbf90ab840098d1b349a5a8e6fb9,1,voucher,1,228.7
cd833669dc6a68cd473eac313fe69a6c,1,credit_card,5,224.94
4e60165d68af3fa7c25bfa95ea5803ff,1,voucher,1,56.78
42fa07019d8252444a920c348dc8b011,1,credit_card,1,98.43
49c534c4015249b8c5faf61de763c6e8,1,boleto,1,86.63
f77c5146e7248e3ce7934c1a2396ee70,1,boleto,1,59.01
a910935f581c2ed30ed200064dafbaab,1,credit_card,10,345.87
650d7fd7f019e7381b5687b901db2340,1,credit_card,6,125.85
3206db48a35131540e67f96b35a30ceb,3,voucher,1,20.0
69f5eed47613a9d3cd0ae94d398cdd4e,3,voucher,1,19.99
63a306de6b0e6a648212275a6e0171d9,1,credit_card,10,368.79
31198c57e7c220ab18af604edd8609ec,1,credit_card,2,24.85
c7716af159290b14d5c7e68534ec4b50,1,credit_card,2,171.22
9980064d9817bacc9e261e7f5fcf3fe5,1,credit_card,7,145.56
102dff93d9ff9180027b57feff2f34cc,4,voucher,1,14.5
38e65d97a722fcc306a1ae87f68c5b45,1,credit_card,3,77.94
9c7da05dae70be359391ea6cd8790045,1,credit_card,5,125.23
85415bb7b40d0a71544ed9d6dc1d9d02,1,credit_card,1,59.0
bfb7ce007bc3f08b946a9c620bbf344e,1,credit_card,2,83.23
b3ea3f6381d1b6d2683698960134fe13,1,boleto,1,107.0
c15a8fc276881ee3f43d709f3ab7792a,1,boleto,1,120.09
415b8ac19f5bc8c2f9796aebb5f4b84a,1,credit_card,6,156.33
08acb70a4f06f300068802d8776fefaa,1,credit_card,1,55.27
82a71647905d5965a2d4c6e237ad3e61,1,credit_card,2,50.5
b1a79ef890283bdf9f95a4a4ef07f4f5,1,credit_card,4,93.58
010b0f6bd323a9effd095a743e660f26,1,credit_card,3,36.71
74bc5cd043ebb6cf75b835d27249782f,1,credit_card,1,84.81
adeaede19791cc3d2eb6f340a6249aa7,1,credit_card,3,154.4
8e64c8a9ce934e47e871b0a4eaa973f6,1,credit_card,7,148.15
f400b5ccbb7d891e27f429355562d529,1,credit_card,2,54.1
a889c83e9d58375bd1747f31daa8ad8d,1,credit_card,2,74.0
1272198ea0829564b49fe8bb6ad3ea27,1,credit_card,5,77.0
5664fde64525f1c1c6a8ef23aa35dc22,1,credit_card,6,247.95
fd0be5d2bf919cd944fb8c57a5e89771,1,credit_card,2,47.59
a2cfec2310701eb38801890faf296d4d,1,boleto,1,140.24
7f4fc31e180fd06c1de45a945223f877,1,boleto,1,116.94
04dd35719b3865db080c89c54b9f5b6a,1,credit_card,6,146.9
f7c82561ae5213f3564251a07c475d1e,2,voucher,1,50.34
6190a94657e1012983a274b831d9e811,1,credit_card,2,61.28
9054fc68ad061d062b078986216388df,1,credit_card,1,464.34
fc4e3d907bbca064eee88088667f4e98,1,credit_card,10,218.64
1777a8edd4a86d8162c65687bce598b4,1,credit_card,8,119.48
2f3efd5594cd02b721bf3a23bdd52aeb,1,credit_card,10,265.49
d5af7f6e2db2c527fe19decfc2d37a83,1,credit_card,1,220.02
1057bf6391c17f9b6960dd996029e1dc,2,voucher,1,18.12
29decd7404f211c01bfcc6d216ca6c7d,1,credit_card,3,71.53
a65f614a7b51b56f47bb90f4d9fdf16f,1,credit_card,1,26.77
f16d36e918e76d6b9afabb3d8189f313,1,credit_card,5,133.56
6cd468d56fed6e899e7c7405b3e405f8,1,credit_card,3,73.34
a915738f85206d05281dba3e9aa80688,1,credit_card,5,52.84
a90923ac16a91b92fe65f33d0858827b,1,credit_card,1,38.38
ffc29f864fd689fab9ae81be82baf8ef,1,credit_card,8,84.26
7bcfe636f4605ba8f3e44cae6a4058a4,1,credit_card,3,66.01
4ecf6d1c743c3a78cb1e0d1da3b9ebb3,1,credit_card,3,77.57
b1674ac203b25f2cc27d68eea3e81efa,1,credit_card,3,33.69
7001dd0c9104e283cc76e35b1a73d2e9,1,boleto,1,107.87
e21a007c09bc0fffafa1ab3ca7a65a26,1,credit_card,1,1629.33
a2b80bbb76333d5b553483db7cc4fafd,1,boleto,1,37.75
30241f57ca64887323c3cb0c63b407bb,1,credit_card,4,43.27
fc8e80016b6a2c96e85ae7ebf6f33ae9,1,credit_card,4,88.55
5b0290e4420f938665a61fda8ee5ced6,1,credit_card,3,61.0
1a1712253479ea7fd8c020c572ff78cc,1,credit_card,1,32.69
78f48d9a0bb09969516a9fb25e05311e,1,credit_card,1,93.7
b44d797bd9259818b8e3655230d25879,1,credit_card,1,57.68
622cd02bfa274728c8d0260bc7c492a2,1,credit_card,1,91.71
4efb9f3d8ba57d35f9f884744e757265,1,credit_card,1,64.09
e9edc2608eea850423e15031ee579dd6,1,credit_card,1,34.0
90ae2acb5c326eaeafc0565e38efb480,1,credit_card,1,39.79
25b62036b2db47025c3d61123d159c2d,1,boleto,1,36.72
2c78914d7d6e6d7a648d2fcdd67e8c3c,1,credit_card,1,69.49
aa7c822797dc5690dd629ea428f25822,1,credit_card,2,29.67
d4cb2cf063b936e3836fb62b7f296367,1,credit_card,10,146.27
8f5e238b871f4bf8132d533e4c41d871,1,boleto,1,150.67
04bef5ebaab368e72d66decdad88fddf,1,credit_card,5,86.64
a9893544355d8abefe6473f21f162c5b,1,boleto,1,144.28
e4bf4cf0817d499ec9e8807b121129f7,1,credit_card,10,354.59
8eea47916641c4c869d6cf2b20d7de6c,1,boleto,1,167.29
25453993dba7bcda3607e0f745672b1a,1,credit_card,5,202.62
77cee551ec0bfd054f82bd2495d2fcd6,1,boleto,1,240.34
cb5a90448282b7b65850b10544dbb22a,1,credit_card,1,154.14
1bf3cf4f3a842f629a7a52e336d96263,2,voucher,1,50.0
a6aef11a3026e113df62739da7de964e,1,credit_card,2,30.75
d8ab6e868995a618b7abea3119b56789,1,voucher,1,50.0
fd54e2afe76bb472b26d47b2aea174d5,1,credit_card,1,94.21
028ffc48d3a4004a010e5847d7266cdb,1,credit_card,2,27.07
1e55ec3322465b5b6dc07d7f5ef45f99,1,credit_card,4,84.25
d744783ed2ace06cac647a9e64dcbcfd,3,voucher,1,1.47
5394217c78ea24ee2b377c043b6bd7d9,1,credit_card,10,686.1
ff21d2af725ac280e439dc584456e19f,1,credit_card,2,71.14
40ea731f6fa10cf721b503b64f3b178e,2,voucher,1,18.84
033cec9a46b0dd28fc10c800f9f3d878,1,credit_card,1,1226.84
59448c2e076491032bae1cb956f03ceb,1,credit_card,3,70.0
91fbaf43eacf41ac78b17d7b7ff38156,1,credit_card,1,4.6
46502a9584712989d3872f32e0e2176c,1,voucher,1,17.9
b38eef08b40fc62c878cc175dd26cd8d,1,boleto,1,46.18
dbe0b2da93e4487aef10a366e1aa6efe,1,credit_card,1,71.82
69916f0664db53d3c547f4a5644f701a,1,boleto,1,84.04
a42b8e89c40b20239fd256bd449eb7b7,1,credit_card,3,143.78
393123cf50678c8c2e0921146719d7a9,1,credit_card,3,77.96
f7c5c5ff5045e13c98901bbbf8e871d4,1,credit_card,10,231.27
9dc7932b1c116c2d56c1a2c52442d0cb,1,credit_card,3,573.62
4696cae9482bc7043c17dad5cd2e50d6,1,boleto,1,45.0
be1aff1e5ed8adabab251a979e96bdb9,1,credit_card,6,532.77
cc1ae65f9da3e917ded9ef6cc5325e84,1,credit_card,5,143.83
a90f2cf8d5c323e4a3de7437de1ff1b7,1,credit_card,1,24.77
284f45ebbf2b9dae5ad6699417798e08,1,credit_card,1,97.2
ab82b0d931d692c586fadda4ef9c1397,1,boleto,1,73.34
e5e48a59f8f3bf0f381be370b1ccb35e,1,credit_card,1,49.1
64104832b73ed5ba84d57f80a05cf01d,1,credit_card,4,233.21
fc22b5be95b78b75981e0941fde2d34c,1,credit_card,6,155.63
b646230340125ccb34ad274da72e2d55,1,credit_card,10,215.14
35a23162541ebaf7dafa1a7f30cfc9ee,1,credit_card,1,48.27
f64838e53785a6d7f2f0b9814e11a55f,1,boleto,1,182.76
398c8e07a36c8e10448623bb36a16bec,1,credit_card,2,55.0
4bcb31b6a61c7fdbcb397a502edd29a1,1,credit_card,4,44.1
3b0dd50dc2aa331331704962064c8a8d,1,credit_card,5,356.79
d8393142319e943a9b883adab79e9561,1,credit_card,2,57.68
1228dac9977828d7f61c8785ee414064,1,boleto,1,102.03
9df975b38ffcb2931968b4949c8b29a2,1,credit_card,5,138.63
70c77e51e0f179d75a64a614135afb6a,1,boleto,1,263.47
a5002a450fa93774a5c3f26f67889bf9,1,credit_card,3,77.95
d5a71b64c3592b5ca24b856cba608940,1,credit_card,2,366.24
4069c489933782af79afcd3a0e4d693c,11,voucher,1,11.37
b3ccff708b4d00e9f5ddbbadfdf427b3,1,credit_card,4,48.69
c88b1d1b157a9999ce368f218a407141,1,credit_card,4,42.77
d062df7045ef15cdfd841bb52d798a0e,1,boleto,1,97.23
35c31bbf66e9a7ff9c29f0e1ff07af3c,1,credit_card,3,97.09
fbf96285c7d996a4ddcc48002f857af1,1,credit_card,2,133.83
e339dedb65f3cb8513ffe6dfa54addae,1,credit_card,1,63.1
ce22c4e0009f3c42ea02d36a32e2b91b,1,boleto,1,76.17
cf101c3abd3c061ca9f78c1bbb1125af,3,voucher,1,8.46
d8893f2dcbccd15e2dd6d29ef69636ae,1,boleto,1,38.11
189711984919a2bdda375153d796d096,1,credit_card,1,0.54
2c3bfbf5ecf75f13c01dd54f87ebbc36,1,boleto,1,96.8
1096a1eeabcd71f259a741685744a77a,1,credit_card,1,102.03
bc307d2f421c01c51c15f828da785142,1,boleto,1,147.67
9bb6a265f3bbeee30eefc244d21ae1d3,1,credit_card,6,120.09
