order_id,order_item_id,product_id,seller_id,shipping_limit_date,price,freight_value
00143d0f86d6fbd9f9b38ab440ac16f5,1,e95ee6822b66ac6058e2e4aff656071a,a17f621c590ea0fab3d5d883e1630ec6,2017-10-20 16:07:52,21.33,15.1
00143d0f86d6fbd9f9b38ab440ac16f5,2,e95ee6822b66ac6058e2e4aff656071a,a17f621c590ea0fab3d5d883e1630ec6,2017-10-20 16:07:52,21.33,15.1
00143d0f86d6fbd9f9b38ab440ac16f5,3,e95ee6822b66ac6058e2e4aff656071a,a17f621c590ea0fab3d5d883e1630ec6,2017-10-20 16:07:52,21.33,15.1
0026a368634b6e6f34f33b1499773a30,1,892832da5b05b0f54578e1f14f193c22,12b9676b00f60f3b700e83af21824c0e,2017-11-10 21:26:45,149.0,15.8
0036887767dea4bd43b1a88cd0d9477a,1,3a264b078bf20e98f315ff65c23fa263,46dc3b2cc0980fb8ec44634e21d2718e,2017-10-19 01:07:30,399.99,23.64
00418a49a685c6bb60633291c3fab17a,1,5e21d5cab5d33e770d8150a4ee6117db,6560211a19b47992c3666cc44a7e94c0,2017-10-09 20:50:45,49.0,7.78
005d9a5423d47281ac463a968b3936fb,1,fb7a100ec8c7b34f60cec22b1a9a10e0,d98eec89afa3380e14463da2aabaea72,2017-10-24 12:28:16,49.99,18.12
005d9a5423d47281ac463a968b3936fb,2,4c3ae5db49258df0784827bdacf3b396,d98eec89afa3380e14463da2aabaea72,2017-10-24 12:28:16,24.99,13.58
005d9a5423d47281ac463a968b3936fb,3,4c3ae5db49258df0784827bdacf3b396,d98eec89afa3380e14463da2aabaea72,2017-10-24 12:28:16,24.99,13.58
0087889a1c836be17f58afd7f1729a4a,1,62c89abe1afe3a23c17765d462718a4c,fe2032dab1a61af8794248c8196565c9,2017-10-27 11:35:25,259.0,10.63
009742b43f4530bc3db7f62332c50f4b,1,ee3e94e918d05a5da04a4cb547e91dcc,17e34d8224d27a541263c4c64b11a56b,2017-11-01 03:09:33,133.74,12.44
009e11afa25aa95ae78e60a793995c9b,1,519f3a4ea67cdce4923fbc76badd6bd2,582d4f8675b945722eda7c0cb61ba4c7,2017-10-26 00:15:00,30.99,34.15
00a3a334aec7455a6d3319981499a3da,1,0aabfb375647d9738ad0f7b4ea3653b1,37515688008a7a40ac93e3b2e4ab203f,2017-11-01 21:30:14,24.5,11.85
00c405bd71187154a7846862f585a9d4,1,c4cf7c2e1f190d51517eba7e8211c8e6,f3295428338a40977a03f555246a70f4,2017-10-27 15:14:13,29.9,16.79
00c81b6675ef9ecaaff5fc1d6720b96c,1,ace05b62c79dffc86cd12b281dc05b93,4e06067cc08b3f41d837768d392c3ee3,2017-10-30 18:14:26,24.99,14.1
00d8d65b666158b633f96054d31af43b,1,a0450529bd974ebeaf93b1731184396a,f8201cab383e484733266d1906e2fdfa,2017-10-23 04:24:35,94.9,35.98
00d9ac423c9ad6781c0ed04e87666691,1,6cdd53843498f92890544667809f1595,ccc4bbb5f32a6ab2b7066a4130f114e3,2017-10-13 12:07:19,349.9,29.3
00f98eaeddb9debc8df8cb27e08216d4,1,01ff1ff8aa5dec93e9938b989393a4ca,0c7533c71df861ec58ad7ff999ed0e8d,2017-10-26 02:56:27,51.6,9.34
00fdb72e467da6f3b000b19b368a6cf6,1,a157e6178c6f7a8355999fa9cb3d136e,ca3bd7cd9f149df75950150d010fe4a2,2017-11-08 21:49:17,18.25,17.6
01006620eb4732deec44be4b0d9e33cd,1,2c3210fa1dfe1fdf8b8e3254287c9e4c,3b15288545f8928d3e65a8f949a28291,2017-10-22 23:03:58,126.99,18.14
010ff1cfe12f3094577e72b7bcecdf98,1,3fe46d73f7527ad59e36c21c3e783041,e06f09ec0a4aca210779cf1cfc63cf19,2017-10-30 00:14:21,249.0,13.24
01218a8a807fc187849529e6f12237a9,1,98f34b46fd3c8edec3b0e453e0095e77,e48cc16ab70bfa09e1401740dce0b3d7,2017-10-26 23:14:25,13.99,16.11
012d8cbea490e6102cee6a2088aaa785,1,aede48631330269f65a8d680de491657,dbc22125167c298ef99da25668e1011f,2017-10-25 21:27:58,83.9,28.99
012f255bd5034b8e7fb3c91566a91cc8,1,a04f52ded97b5530e8783e3c002b90f0,da8622b14eb17ae2831f4ac5b9dab84a,2017-10-13 09:49:37,79.9,12.9
01311f2795d8463a11f9422173687696,1,c4baedd846ed09b85f78a781b522f126,a1043bafd471dff536d0c462352beb48,2017-11-01 03:08:40,89.99,38.47
0135675503322d804abef7ec5ed4824b,1,5c6a3e484e7aebf406c2045718dea406,01fdefa7697d26ad920e9e0346d4bd1b,2017-10-26 19:35:26,104.99,17.98
01358622f65717728b3b2ec2cf4e8812,1,017692475c1c954ff597feda05131d73,3c7c4a49ec3c6550809089c6a2ca9370,2017-11-02 22:10:14,13.99,7.78
013b811ba81339b7634ab5231c547e6a,1,e2c3ed9aaddfd2312a6a5fe9b3ddadd3,46dc3b2cc0980fb8ec44634e21d2718e,2017-10-30 22:49:21,99.99,16.95
01614e3e58906ab6c7e2f27e9b349f1a,1,f7a17d2c51d9df89a4f1711c4ac17f33,f8db351d8c4c4c22c6835c19a46f01b0,2017-10-10 03:03:50,52.9,9.09
016d1bdf6efab4f6b805df1c03043113,1,9aed412277ca4485a7bf6e0c53e65786,0db783cfcd3b73998abc6e10e59a102f,2017-10-10 20:35:24,36.9,34.15
01725657be56c432d5aaa2f914ae2c56,1,fbd4031ddbc3d02b95834b62769d3ad0,ce7d1888639e6fb06b2749cbfdac1ff7,2017-10-23 09:07:28,138.0,25.81
0173932ad60ecb31c620fc523d9f40bd,1,33a8f9ff2a9a41c0c49a24d12e106151,f8db351d8c4c4c22c6835c19a46f01b0,2017-10-23 15:34:34,30.9,15.1
01855f880aae9a984c7c33b26fcf2e02,1,12bc892d6fff0dc42c8177f3665ef00e,e9779976487b77c6d4ac45f75ec7afe9,2017-10-25 15:35:35,39.49,8.27
01855f880aae9a984c7c33b26fcf2e02,2,12bc892d6fff0dc42c8177f3665ef00e,e9779976487b77c6d4ac45f75ec7afe9,2017-10-25 15:35:35,39.49,8.27
018778568fad26695334c784563c08d4,1,2de4aa76a72feaca51fc8f83ae037c7e,41b39e28db005d9731d9d485a83b4c38,2017-10-19 13:35:20,44.9,15.11
01908071e35fdc75bc0d7764f153abc2,1,ccadfeab525a9eb1569983b66e5075c4,33576ec5412fb5905d876f12f33bfde6,2017-11-13 02:55:19,89.0,25.65
019a242bea1553b3b7e12bc38cb57a23,1,5ce6a6914bbb228f4cb4ee93c1cd0d15,46dc3b2cc0980fb8ec44634e21d2718e,2017-11-07 04:06:21,349.99,18.53
019c4b64cf3d733807ef5bc8bcf6d123,1,53ea9da485f6aed8a6f03a85831fe021,7e93a43ef30c4f03f38b393420bc753a,2017-10-20 14:27:29,249.99,18.0
01c2d2ffe8349c5eef0ab33e8ff1f41c,1,4a300735bc293723103db0d0c1bc1585,6f892e20a171e98efe17fdb971ff319b,2017-10-19 11:06:09,70.9,16.94
01cadf993df82ff0e318addbd022f0fe,1,8dfb2df51786c583001deb21b4a94080,4391ea5c5990502176a1dcda44a2373d,2017-10-19 20:20:24,398.0,29.11
01cadf993df82ff0e318addbd022f0fe,2,8dfb2df51786c583001deb21b4a94080,4391ea5c5990502176a1dcda44a2373d,2017-10-19 20:20:24,398.0,29.11
01d3d4cb8c553d507dfd26fbd8b41e95,1,33e77eecc23c25a65d10f627e5053617,7c67e1448b00f6e969d365cea6b010ab,2017-11-09 15:10:11,114.94,34.16
01dbd2da9b685e6d444416f7825d0931,1,165948b2c41e846df7d09b56826a747f,e5a3438891c0bfdb9394643f95273d8e,2017-10-10 22:35:27,33.6,15.1
01e4121d4b2dcfb2ba6b8f367652aee8,1,40161099308e1f5f784d57e2b88b31b5,04aba03279157f6d4e0fe8ccaf21963c,2017-11-06 11:09:50,98.0,12.69
01e84dcdea7f8180214c9cf9f058f0dc,1,c6336fa91fbd87c359e44f5dca5a90ed,4c2b230173bb36f9b240f2b8ac11786e,2017-11-08 02:31:12,45.9,15.1
01f04ef1bf8714247c5286afd8579353,1,81825b8f118d301ef4933de64545b307,ce7d1888639e6fb06b2749cbfdac1ff7,2017-11-06 13:10:24,165.0,68.13
0218c7a4fb8d5b1bd22c82b783b8359c,1,2155593e689475e40e4c8b93143c0287,daeb5653dd96c1b11860f72209795012,2017-10-19 14:09:23,34.9,15.11
021f21b778ea0a81da47ebe141b1b29c,1,b532349fe46b38fbc7bb3914c1bdae07,1025f0e2d44d7041d6cf58b6550e0bfa,2017-11-03 16:49:35,38.4,12.69
021f21b778ea0a81da47ebe141b1b29c,2,b532349fe46b38fbc7bb3914c1bdae07,1025f0e2d44d7041d6cf58b6550e0bfa,2017-11-03 16:49:35,38.4,12.69
021f21b778ea0a81da47ebe141b1b29c,3,b532349fe46b38fbc7bb3914c1bdae07,1025f0e2d44d7041d6cf58b6550e0bfa,2017-11-03 16:49:35,38.4,12.69
022790f69760d0a1c025cd3acdf13927,1,aefd95d8fa48ead0bcdec7fb758daea0,478bfe564db21eeb44386606aa30b650,2017-10-13 20:35:23,22.9,14.1
0245631f7bd55dbee7c6b441629bba94,1,2b10e945dae5434075c8bb2be0d17325,da8622b14eb17ae2831f4ac5b9dab84a,2017-10-11 18:45:20,279.9,30.84
0245631f7bd55dbee7c6b441629bba94,2,eb53f94fdc60278efcef123bb275658a,da8622b14eb17ae2831f4ac5b9dab84a,2017-10-11 18:45:20,329.9,33.82
0245631f7bd55dbee7c6b441629bba94,3,372645c7439f9661fbbacfd129aa92ec,da8622b14eb17ae2831f4ac5b9dab84a,2017-10-11 18:45:20,119.9,13.13
0245631f7bd55dbee7c6b441629bba94,4,525947dbe3304ac32bf51602f9557c12,da8622b14eb17ae2831f4ac5b9dab84a,2017-10-11 18:45:20,119.9,12.33
0246b043b8ae041912cc7651ceb1ba2f,1,ec2d43cc59763ec91694573b31f1c29a,1c129092bf23f28a5930387c980c0dfc,2017-11-01 11:16:07,45.9,15.11
024d4ef645f204e4f95cb2a0d9cc61f9,1,5b226d7c52f86ac72457617f78cff95d,1835b56ce799e6a4dc4eddc053f04066,2017-11-07 04:10:21,56.99,16.16
024d4ef645f204e4f95cb2a0d9cc61f9,2,5b226d7c52f86ac72457617f78cff95d,1835b56ce799e6a4dc4eddc053f04066,2017-11-07 04:10:21,56.99,16.16
0252299d97791cd5879873cba920d1f7,1,fafb498dd2f33cbb55cbd0f7d7706047,ad420dd0c4f92f8af951ac24b86d0cf5,2017-10-30 03:35:32,89.99,17.07
0257956857cf61994611a0a19f4bc247,1,de64d6bf725afcae6b5bb5f3304646f3,76d5af76d0271110f9af36c92573f765,2017-10-20 20:49:09,54.89,15.13
02624f7cd7272b3e027320023dbdc99b,1,3db75f31b76375c502f64d550dcd1166,85d9eb9ddc5d00ca9336a2219c97bb13,2017-10-30 03:31:56,31.9,16.79
026f3440c258a87c9f6fb9c8e1bbb6e7,1,4d9e8a6d8d07e4f47e093b8c2999ae01,e9d99831abad74458942f21e16f33f92,2017-10-26 02:46:06,38.99,8.72
027fb2504084c231e857f6cf558a9992,1,a55b9bc476c34d53d8f3f27c922f6374,6b243f80ed07b10f0e8aa0f21a205f3c,2017-10-17 00:14:41,124.9,17.12
0286c83491d80e29a5f16c150abb76b2,1,e19ddcc85537b41f22116c8d5425ef46,8a32e327fe2c1b3511609d81aaf9f042,2017-11-03 17:06:08,29.99,7.78
0286e258217733541e80588e29c208c1,1,3c4223262d31fa35043380da246fb0fa,cb3dd9ce66268c7a3ca7241ac70ab58c,2017-10-18 21:49:20,58.9,22.73
028f5779c98e7df5dc803824bdaae40b,1,3fa43718c1d128c8d2f148530e9493f5,259f7b5e6e482c230e5bfaa670b6bb8f,2017-11-08 03:31:17,74.9,25.04
02b9a87c19eb57b9ebaebb3a6850de9f,1,aa74ebe862c9061d4272681810675a01,c3867b4666c7d76867627c2f7fb22e21,2017-10-31 15:46:00,97.0,17.93
02beac5428ccbd30f4b3fbded058289f,1,566f6035da0eb2a5d974ac66ae6d148c,2009a095de2a2a41626f6c6d7722678d,2017-11-07 04:15:16,21.99,26.84
02beac5428ccbd30f4b3fbded058289f,2,3516632e8f52b679ff83d1665ecc990e,e9bc59e7b60fc3063eb2290deda4cced,2017-11-07 04:15:16,75.9,1.8
02c8bbea821df770f3665094a0ecfc1c,1,2ea92fab7565c4fe9f91a5e4e1756258,3d871de0142ce09b7081e2b9d1733cb1,2017-10-09 04:07:39,79.0,13.57
02d5935847b855f189ad0391968773b2,1,d5b703c271f43f9c588a6f512a00f77e,fa40cc5b934574b62717c68f3d678b6d,2017-10-19 13:49:09,34.9,16.79
02d9d1d66bff41ffbce36cb7248351f3,1,f83a5f8708629c8efc042168299e8641,1835b56ce799e6a4dc4eddc053f04066,2017-11-03 21:10:14,107.99,12.26
02e6bcccce2e88560389846400e74e50,1,0a27cbaaeacef635e4aa37885a1e5e93,522620dcb18a6b31cd7bdf73665113a9,2017-11-03 20:26:09,219.0,45.38
03054d8a8eefc2981cfad06f58e27979,1,3e31fd1419cc4cd6adad1925e72e3a03,48436dade18ac8b2bce089ec2a041202,2017-10-09 10:35:11,58.9,15.16
030f7abd700a4ceae9a8c4cff4b3dc95,1,6d1befe53a3d28e0d0d8b3bfcce11195,bba74270a87732727b5a3b4fd9ac1c39,2017-10-25 18:26:43,399.99,19.05
031d26635bd08bb7f773e40be986cce0,1,3fc18e3aefe7b9346bd15de863fa0365,53e4c6e0f4312d4d2107a8c9cddf45cd,2017-10-26 15:49:25,71.0,19.99
0328d8f9de9ac416aef56ea44972a5d8,1,ee14580a079d31644603ec91e37c7ed2,d3674f271c91f824f82d24d92011f669,2017-10-24 16:29:33,98.0,16.13
03681e41ebddb2ca0241b148a40773d0,1,36c2fb4fa746273709c373f6d6ec6796,00ee68308b45bc5e2660cd833c3f81cc,2017-10-27 11:10:18,70.0,16.74
0372d2e3d0ac2600aa8e08e6c46cb7dc,1,7c1bd920dbdf22470b68bde975dd3ccf,cc419e0650a3c5ba77189a1882b7556a,2017-10-09 13:04:41,58.99,17.66
037ded3ba29ebe9a96acb1177cc52b51,1,f6ba4f9e6851627ea2d5ec8b06d471d2,6a8b085f816a1f75f92dbac6eb545f8f,2017-11-03 03:07:07,49.9,11.85
038721fd1802532dae558bac820968d4,1,a7c73814e6894bc049f7aac7d37f7175,6f892e20a171e98efe17fdb971ff319b,2017-10-26 11:50:08,227.9,13.1
039330ccdc3eeb07d44541457391fcae,1,22a0a4cfaf39559db703230823bdc13a,4170f6a9367e6b5d6401d03ce6d54569,2017-10-30 03:49:21,139.0,17.41
039330ccdc3eeb07d44541457391fcae,2,22a0a4cfaf39559db703230823bdc13a,4170f6a9367e6b5d6401d03ce6d54569,2017-10-30 03:49:21,139.0,17.41
03a9581b10792275c52316cbbca5810f,1,4520766ec412348b8d4caa5e8a18c464,16090f2ca825584b5a147ab24aa30c86,2017-10-19 13:14:50,40.0,15.1
03b566bccfbc64cf92b82db663a243f8,1,617186c3d97ea56c9c683a8a3974e8c1,cc419e0650a3c5ba77189a1882b7556a,2017-11-10 02:26:55,84.99,27.13
03e327642028582cff3316f1726a9f00,1,5373e18844eec682770d139ba29cd32c,efcd8d2104f1a05d028af7bad20d974b,2017-11-03 08:10:08,50.0,15.1
03ee388839265510fa5edd811e0e1485,1,9d8a0e115e802d845b4ce1eb794d1260,d05ae8f7a5bd1d2a690a44cd079e4e27,2017-10-19 02:58:41,120.0,16.28
03f0804333673c7f86f8d68acd97e57b,1,0e323ee8f8dc60a0b875e9ac4daf1337,e62b2d6ac10570a035a30bafcf01d263,2017-10-19 21:56:27,49.9,14.1
04011f820bf820fa27cf4cc1fc06d3be,1,e1b36152443e58d382896be5d3af22d4,d4e4b5192cba4e0e66eb12a9d347239d,2017-10-30 13:06:25,19.9,25.38
040b98b117606d34ba51c4d274a15e2d,1,cba32576375902a87170bedaed045b71,5dceca129747e92ff8ef7a997dc4f8ca,2017-11-07 03:50:34,887.0,26.7
04132c02a610a19773963143ba1b5bb4,1,0fa690a43af8987193508e22fd5b32ac,53336f97ddbe53e2a617d07b17447b95,2017-10-11 09:24:20,599.5,75.33
04396584556ebf06343678f29cb10832,1,f42892b40225227fe465626ff509a92e,4a3ca9315b744ce9f8e9374361493884,2017-10-26 19:49:32,89.9,17.88
0446aaa642b81cd046c44edda61ed010,1,d3ab527ab0d134eb8a034cab8e52a589,3b15288545f8928d3e65a8f949a28291,2017-10-23 13:49:20,74.99,27.06
044cd7ffb6a41e6e5513c6595a2893ca,1,62c2b9bd44500d0305b1e50e2c9bd34d,002100f778ceb8431b7a1020ff7ab48f,2017-11-07 04:10:20,19.9,15.1
044cd7ffb6a41e6e5513c6595a2893ca,2,cb790fa02cc6097dcbf8f9f05904a005,002100f778ceb8431b7a1020ff7ab48f,2017-11-07 04:10:20,19.9,15.1
045b7b7bf230ace5044f87ad5de18dd0,1,db4e12399028c661997d99981af68642,3d871de0142ce09b7081e2b9d1733cb1,2017-10-27 16:14:31,15.0,11.85
046af6e24851f4a0a0e7849112980219,1,437caf429e4e9beec15877117a13bb45,f181738b150df1f37cb0bd72e705b193,2017-10-20 17:14:20,14.9,14.1
047d7bce997c4e73c6efe724711fd3b8,1,0e323ee8f8dc60a0b875e9ac4daf1337,e62b2d6ac10570a035a30bafcf01d263,2017-10-23 03:56:21,49.9,8.72
0489c7b710f3ebccafbd087c3c53bc2d,1,68120d970296eb097cc07cbfce29475b,42bde9fef835393bb8a8849cb6b7f245,2017-10-18 03:21:05,69.0,12.61
04ab36803e2945bace40db80eaa54bc4,1,d1859a58e608b68f4066e0c77e526ef1,1900267e848ceeba8fa32d80c1a5f5a8,2017-10-17 19:07:56,38.99,16.11
04ab36803e2945bace40db80eaa54bc4,2,d1859a58e608b68f4066e0c77e526ef1,1900267e848ceeba8fa32d80c1a5f5a8,2017-10-17 19:07:56,38.99,16.11
04ab36803e2945bace40db80eaa54bc4,3,d1859a58e608b68f4066e0c77e526ef1,1900267e848ceeba8fa32d80c1a5f5a8,2017-10-17 19:07:56,38.99,16.11
04ab36803e2945bace40db80eaa54bc4,4,d1859a58e608b68f4066e0c77e526ef1,1900267e848ceeba8fa32d80c1a5f5a8,2017-10-17 19:07:56,38.99,16.11
04cfd74948a554f6f404e78f54f26b22,1,cedbdbe58192cf6de6833ae9c4edaac7,dd533b429f380718b70ad9922c294bae,2017-10-26 17:49:31,44.9,12.69
04d545b51bf8586200b03f1e22db97e2,1,aeb2f7fc62c8a2a56ae6e2f1b04d4e62,8d46553a36e68f95350a200c12f8f2e2,2017-11-06 02:58:58,16.9,8.11
04d545b51bf8586200b03f1e22db97e2,2,3dc95ebe4e59153d4655472acb2c0785,8d46553a36e68f95350a200c12f8f2e2,2017-11-06 02:58:58,16.9,8.11
04f2e46bdb0ab9fb67a417100fb3ca71,1,55b04296824029ae20bbeb3b200e69d0,6c7d50c24b3ccd2fd83b44d8bb34e073,2017-10-17 05:14:47,37.5,17.6
050f9344068b604a9df9c01b12ded455,1,112e1856649c6762c1ca6058d07f2633,440dd6ab244315c632130ecfb63827b1,2017-10-17 04:56:16,109.9,13.11
0512553e39efd59a9572ce7eebacd43a,1,1acb18fc869c5489d5f76abcd681165e,6d803cb79cc31c41c4c789a75933b3c7,2017-11-06 03:06:45,135.0,13.97
0517f595d01e0c246ac759a754c6ca64,1,2b4609f8948be18874494203496bc318,cc419e0650a3c5ba77189a1882b7556a,2017-10-23 17:08:39,89.99,12.97
0518657f142278ad13d645c6b5b0a669,1,2190082493d586e315bfbb93762ab3e3,43f8c9950d11ecd03a0304a49e010da6,2017-10-27 08:49:13,49.99,14.1
052514b6411113b9d1d289f49bf414e5,1,407e01944d78001dbd21da4c2059b8dc,e8f6dc8e6a1dcde89d20e3995c8d90b3,2017-10-16 09:28:19,29.9,14.1
053fdca16d1f69bd52f908f070a19049,1,ed2067a9c1f79553088a3c67b99a9f97,cbd996ad3c1b7dc71fd0e5f5df9087e2,2017-10-17 15:07:24,56.97,12.74
0548ea59d2970d4c0fc2bca54cedfd54,1,0ad9bbfebaadb488b2fe87504b871c88,2ec6e37d992a95eaddb3369dcbcc76d9,2017-10-13 02:28:22,79.9,17.13
05606ddf8218cebe483228af6f9031ba,1,13944d17b257432717fd260e69853140,cfb1a033743668a192316f3c6d1d2671,2017-10-18 03:30:28,59.9,9.94
0566f139f1d1dff8ebfb3b1233ef4dd0,1,4d1cb16db8705120e188da9c8a10ba93,8c16d1f32a54d92897cc437244442e1b,2017-10-20 13:14:15,44.98,16.79
056857abb03503b756f596e42d86e10b,1,b5e13c9a353102f79c6206ff5cb61a50,a49928bcdf77c55c6d6e05e09a9b4ca5,2017-10-13 02:28:39,79.9,11.76
056ab23f23c13e810d9ab8cbf9fd477d,1,0f3de29f8370072525a20385ebbe889a,fa1c13f2614d7b5c4749cbc52fecda94,2017-10-24 14:14:21,669.9,16.19
0573f95b59b51f2d7d98d882d64e05dd,1,b623b7cb05ee3248fbe4a6ecbeed79a4,7aa4334be125fcdd2ba64b3180029f14,2017-10-24 23:28:18,73.76,17.77
058b47cafcb62845676917a46cf732e4,1,b791d5d05f0c974d148d358efcd21d84,7aa4334be125fcdd2ba64b3180029f14,2017-10-10 22:28:23,25.99,16.11
058b47cafcb62845676917a46cf732e4,2,b791d5d05f0c974d148d358efcd21d84,7aa4334be125fcdd2ba64b3180029f14,2017-10-10 22:28:23,25.99,16.11
0597a201736db0915eac0e92b5e0f6d9,1,29427de7f8a9ee983d9dbc51cec569b4,7a67c85e85bb2ce8582c35f2203ad736,2017-10-18 08:36:49,99.99,11.9
05ad33706a0ad42482ba7f17236d4bba,1,27672da99215b426dc0ced05731bccc6,6560211a19b47992c3666cc44a7e94c0,2017-10-18 10:46:17,79.0,15.3
05be03ef1c99159686f59d8a51dd17f9,1,6255356ea20f71ebc7015ca970718bb6,6edacfd9f9074789dad6d62ba7950b9c,2017-11-06 14:50:44,49.9,15.79
05d4aa8f649013fe68b769fa43ba7646,1,4dddd45aa241530edb5412e8846361fa,093805f8f2aeb63881444571e1f48f30,2017-11-07 04:06:39,39.9,8.72
05d5a67b06f86425711075939a164657,1,2a592642399b33baf3a5729a6335b21c,b83cedfb587e7911540e3f576d6917ce,2017-10-30 09:28:15,9.99,7.78
05d7aaa733ad65477075a3b5bf0f1017,1,6c3effec7c8ddba466d4f03f982c7aa3,37515688008a7a40ac93e3b2e4ab203f,2017-10-30 03:49:38,19.9,11.85
05dbe6bf3e09d4e05160a98d0a926bb1,1,29d5359e5182f2c0632e139faf56b663,c3cfdc648177fdbbbb35635a37472c53,2017-10-11 19:14:32,150.0,23.92
05e6501cdfbd86fe9a3a788c3d411091,1,ef703385b2707af7f9af3e185679811c,a3e9a2c700480d9bb01fba070ba80a0e,2017-10-22 22:33:05,75.0,13.55
05f99bfc5053a88e0955bea396422a81,1,0e687d00ba3214b4aca6397a14d49373,4917cee8d902e13428c3ec4b1ca6f315,2017-11-07 23:35:16,159.0,30.15
05fcb26e37b34aa73157fa81401b6b15,1,d04857e7b4b708ee8b8b9921163edba3,9f505651f4a6abe901a56cdc21508025,2017-10-19 00:08:05,64.99,14.2
0611e51b65ca1c2274c5a2463141dcb6,1,7bc637a5504e0cfdf08490124d681fd3,1987cd4be10fe09ee50454f9c354d1c6,2017-10-18 16:06:47,430.0,36.81
0627a80d6b5c65e9b212271f845e34da,1,32ad146ce66014dd98fdc2190bc995d6,b6dc74ed30f124f95227bed4e43a3bed,2017-11-14 03:30:34,33.8,42.38
062e5ab5d16890def5883cd9fe35615e,1,461f43be3bdf8844e65b62d9ac2c7a5a,4869f7a5dfa277a7dca6462dcf3b52b2,2017-11-01 06:34:56,146.0,12.52
0654ec8b2a748a63a67ea1e763857357,1,7c4a8bec217df1de0df2b5aaf8175b65,7040e82f899a04d1b434b795a43b4617,2017-11-01 06:35:20,19.9,7.78
065be848b8cc9a907f12d443b2e4df7f,1,1002287b975c051e4f283579598cf6d2,b6d44737c043328708f6749c2dbe50bd,2017-10-23 04:24:39,69.9,13.08
067c29bb966641e04d1d7a924aa3157c,1,4d37ead6e95bf651d4ab59453425e7fa,7142540dd4c91e2237acb7e911c4eba2,2017-10-08 21:07:26,59.9,17.67
067ce97888318cd8d89a45bcb4adc94b,1,7fda46e6f8996ebe3acf684cca0124c2,3b15288545f8928d3e65a8f949a28291,2017-10-19 18:56:27,99.99,25.54
06aea78197dd41a649372acb8dbc33fb,1,d42c1eec0891869c034f031ec9b81ecc,ca3bd7cd9f149df75950150d010fe4a2,2017-10-18 11:14:14,34.2,11.73
06b29dbcb820a53c15525933a91ada27,1,c7e02747ef9366a4fb7f4ac4fd261c36,974cf2cb8f4b7add98709c30df02fe10,2017-10-22 22:49:29,96.99,13.7
06b39bf7a5569f632e2ba8b3bb03498f,1,3b91132e7eebaa17b615edbcdb5baa8e,5656537e588803a555b8eb41f07a944b,2017-10-26 10:05:55,160.0,18.69
06ca6a54b34081bd1f5b84385021ac78,1,764292b2b0f73f77a0272be03fdd45f3,bd23da7354813347129d751591d1a6e2,2017-11-03 11:48:19,89.9,11.83
06db57a9e774a7fbdb7c8ee188baef65,1,75d6b6963340c6063f7f4cfcccfe6a30,cc419e0650a3c5ba77189a1882b7556a,2017-10-24 14:14:37,56.99,15.15
06e084d4ca3391eeec0a110051d0cb29,1,a69f9b04d1e45bb3ee9f544c91a23b29,4e922959ae960d389249c378d1c939f5,2017-10-26 22:28:16,79.9,27.1
06ebe0964f3c6ad099d9117fb1e66980,1,cc971e0365873137b8bef2ebad633e6f,7a67c85e85bb2ce8582c35f2203ad736,2017-10-23 23:06:26,239.99,22.17
06f2e7e5aa8764a77b596c6eb6d56fd6,1,586d2dcb4ad3f344da859b44a01d2080,d354c38a7182125a748cb10474fe963b,2017-10-19 04:46:21,99.99,15.45
07055a132b3dcf9a44b88259dea3e3b5,1,880be32f4db1d9f6e2bec38fb6ac23ab,fa40cc5b934574b62717c68f3d678b6d,2017-11-03 13:30:15,44.9,14.1
071251fe3b3493294536f03737a8a679,1,d2085f7e0f9533605386960fc7e987ec,aac29b1b99776be73c3049939652091d,2017-11-06 02:56:07,12.49,15.1
071251fe3b3493294536f03737a8a679,2,d2085f7e0f9533605386960fc7e987ec,aac29b1b99776be73c3049939652091d,2017-11-06 02:56:07,12.49,15.1
071429b44ba39c70ea22550070670c00,1,130482add9fd75ccb6c57ba007694a2d,87142160b41353c4e5fca2360caf6f92,2017-11-01 11:35:30,105.0,28.11
075b7434a196cea1b664c1446bee2ff7,1,1a428b685ede76217c9efb550c4aaa59,d2374cbcbb3ca4ab1086534108cc3ab7,2017-10-18 14:49:16,22.9,17.61
075b7434a196cea1b664c1446bee2ff7,2,642a40d4d73b4b2604968937de13634a,d2374cbcbb3ca4ab1086534108cc3ab7,2017-10-18 14:49:16,12.9,12.58
076e07cd8d9c8b47dfc2fbb22c58e895,1,58e3dad74a022a8e41571be503143e5b,f805b96fa705ba7995a221f1749dc141,2017-10-24 09:49:14,799.0,57.95
0778921b814304f85cb9188625e50625,1,6deaf130a6ca84c4f96de7804880660b,e8b3a3a38279a82f0e5d006d5e5b7d2c,2017-11-08 14:06:03,101.9,44.56
07ae1be141672315e599bc7ebf23c5f5,1,6f3b5b605d91b7439c5e3f5a8dffeea7,fa1c13f2614d7b5c4749cbc52fecda94,2017-10-11 02:03:16,239.9,9.26
07b6b194d5b1f0c26bbc794748048aeb,1,fa3bc8d73fe3b0ec061190651433a417,5b925e1d006e9476d738aa200751b73b,2017-10-24 23:56:30,229.0,12.81
07b9e5abd7254b1a85eb14ad3a1117e5,1,92d2d88b37a70060bd536b8790d9edaa,59b22a78efb79a4797979612b885db36,2017-10-16 09:23:28,135.0,58.9
07bebda8aee4b9a600d9c2c1a73f93a5,1,2196663031bcde078cede855ac0b5739,c9c7905cffc4ef9ff9f113554423e671,2017-11-01 17:14:16,65.0,15.89
07cbd6088d2dc5108e16680fa00b7045,1,46cf6ca1bc419149e40e461be15b92c9,f45122a9ab94eb4f3f8953578bc0c560,2017-10-18 16:56:22,69.99,8.11
07dcf38560b8c50e101b3281edda6112,1,083ffd30820b592e294de7ed668ff975,f8db351d8c4c4c22c6835c19a46f01b0,2017-10-10 02:49:20,45.9,11.85
0801f0d06dea3e577f48276a2a225597,1,6b90709b6db8b6076b0b0c71cc70d06b,f214d28e8d8e3ef068748498ccc2f813,2017-10-26 02:46:00,29.99,25.63
081e5884f403fbe66f3bce77c72c9230,1,7b85e3deef35afd6ebed5461ee8f0641,897060da8b9a21f655304d50fd935913,2017-11-09 15:29:15,30.21,13.37
0825a0aa574e4d49396e37335aa640f1,1,8934769521d632e65c27992662f05673,cb8bcce248bb1fb274ba762d8b971456,2017-10-18 14:14:25,149.9,43.08
0829f68cdf3850bb5977ac321e0fb8d5,1,102b1fe1f933799b59ec8fd2ae89d7e6,76d5af76d0271110f9af36c92573f765,2017-10-26 02:49:18,13.65,15.98
082a40b17edc8dee91ba95b20b555815,1,29427de7f8a9ee983d9dbc51cec569b4,7a67c85e85bb2ce8582c35f2203ad736,2017-10-16 20:14:37,99.99,38.25
082d1a4833001c9e4d9a97109ea180d6,1,c4d513d82ef46690cc4bedd562795aa3,40d54b51e962dbe09cabbcfd33298dee,2017-10-24 08:56:30,249.9,14.77
08445c33aae15e7639ae685a2763bf58,1,9545d45c37449ccbc376de3a04c66e71,431af27f296bc6519d890aa5a05fdb11,2017-10-17 04:28:29,121.9,13.87
0852e5a61869a064200caa569e5291a5,1,e59dd207c69d86e890febadc796d1078,1c68394e931a64f90ea236c5ea590300,2017-10-27 12:34:15,169.9,15.94
08597f2b3cec1c223f1b7950bda0a9fc,1,a7be9caca74a79278d40cd95bca4531b,bbad7e518d7af88a0897397ffdca1979,2017-10-27 13:49:23,29.9,15.1
086731f4ad521c4094b1eda75986b88e,1,fe3d99587f58ad918a2241f5c7dfa274,c3867b4666c7d76867627c2f7fb22e21,2017-10-31 20:49:29,466.0,40.4
0893d3e08dffcc94ba62238512c798b6,1,42a2c92a0979a949ca4ea89ec5c7b934,813348c996469b40f2e028d5429d3495,2017-10-17 07:32:13,59.9,14.13
08bc5baa3da6ce0746413cd9cf227e9e,1,35bc6c77029697004675d3a2ce505916,9c0e69c7bf2619675bbadf47b43f655a,2017-10-23 15:49:39,155.0,10.5
08c50a01a3260630c82c21826c0061e4,1,dbd55362ec13c706503b1c71a5068a1a,e24fc9fcd865784fb25705606fe3dfe7,2017-10-18 04:49:28,102.0,36.03
08cbb1d4cd574b126569b208fd4b26ea,1,588531f8ec37e7d5ff5b7b22ea0488f8,53243585a1d6dc2643021fd1853d8905,2017-10-19 19:35:15,1437.0,34.51
08cdab6e94bb86120c0041ba5ce8697a,1,ef8856db4e302ad33dc4d91e40f7593c,dbc22125167c298ef99da25668e1011f,2017-10-17 03:44:04,94.9,14.39
08cdab6e94bb86120c0041ba5ce8697a,2,ef8856db4e302ad33dc4d91e40f7593c,dbc22125167c298ef99da25668e1011f,2017-10-17 03:44:04,94.9,14.39
08d0d3587fdedecc31be9c29c74b819b,1,3e34352aa9c04170d941a9a8c6a895bb,1987cd4be10fe09ee50454f9c354d1c6,2017-10-31 07:28:08,167.9,13.31
08dae4aaedc034ee67385e739d42d0a8,1,9686ff1a707a2d304c547f82535c5ee5,6560211a19b47992c3666cc44a7e94c0,2017-10-05 17:28:20,85.0,7.85
08dfcccb31a3a2b6f527d245ebd3310b,1,c4baedd846ed09b85f78a781b522f126,a1043bafd471dff536d0c462352beb48,2017-10-09 10:07:17,99.0,38.53
08f47d708b29e500be7ee1576343f2f9,1,30d55419015a4d9c2ca68586923d5a9f,19e0f40a907ec568c34bfac15de4f4a1,2017-10-24 03:14:39,44.5,7.78
08f70652fecc748f3ab45ccaac355cb1,1,2028bf1b01cafb2d2b1901fca4083222,cc419e0650a3c5ba77189a1882b7556a,2017-10-19 23:26:23,56.99,15.15
08fc40afed49b10079c4c6a31ffc093b,1,c73628b1c3144b2e0c9c88072f21a213,3f995f07c49d0d55a99d5c54957f7d81,2017-10-13 19:28:31,139.0,17.22
0901941512e5bef7c9fb39452262234d,1,e0e83e0b538dc1d9a1c6568d3a94034a,4d6d651bd7684af3fffabd5f08d12e5a,2017-10-17 22:08:18,69.9,20.98
090ece27665c1cc89eda287f8e834e11,1,19fee5d5b066841b45bc3e97832fa654,113e3a788b935f48aad63e1c41dac1bd,2017-11-08 18:46:40,11.64,1.98
090ece27665c1cc89eda287f8e834e11,2,19fee5d5b066841b45bc3e97832fa654,113e3a788b935f48aad63e1c41dac1bd,2017-11-08 18:46:40,11.64,1.98
090ece27665c1cc89eda287f8e834e11,3,19fee5d5b066841b45bc3e97832fa654,113e3a788b935f48aad63e1c41dac1bd,2017-11-08 18:46:40,11.64,1.98
090ece27665c1cc89eda287f8e834e11,4,19fee5d5b066841b45bc3e97832fa654,113e3a788b935f48aad63e1c41dac1bd,2017-11-08 18:46:40,11.64,1.98
090ece27665c1cc89eda287f8e834e11,5,19fee5d5b066841b45bc3e97832fa654,113e3a788b935f48aad63e1c41dac1bd,2017-11-08 18:46:40,11.64,1.98
090ece27665c1cc89eda287f8e834e11,6,19fee5d5b066841b45bc3e97832fa654,113e3a788b935f48aad63e1c41dac1bd,2017-11-08 18:46:40,11.64,1.98
0911bde30c594a8d02279916da2ece61,1,3e7ca2ff3d372303c5773c8018746fc2,05f51e13da97139648b8125c31e5f51b,2017-10-31 15:27:41,64.99,15.2
0923b9182325b77894f97a1a532c7102,1,e00994390ccf605aec4a0389c80e0ba7,4e6015589b781adaa5ce7f1892d06bb1,2017-10-18 21:49:36,228.0,22.09
092ae6b690ac68b7ced1f67eaf5e37ff,1,12c27e1b053851f5d71c8f551a4a724f,77530e9772f57a62c906e1c21538ab82,2017-10-18 13:56:27,148.0,38.59
0930b4554e6a2135e7132b897c3809f7,1,036c967e979f490c3890acef838d9f44,db4350fd57ae30082dec7acbaacc17f9,2017-10-19 01:14:12,21.99,7.78
09356cee7d8fee33dcb3ee80c1ccb14f,1,0aabfb375647d9738ad0f7b4ea3653b1,37515688008a7a40ac93e3b2e4ab203f,2017-10-18 17:35:44,19.9,15.1
093cbde1b401404fd6dffc827e4b86e8,1,22c5ddc22ea8cae84fc9917def682dc6,cc419e0650a3c5ba77189a1882b7556a,2017-10-23 22:14:26,56.99,8.72
09442375307dcece0366e86601bf99f9,1,7c1bd920dbdf22470b68bde975dd3ccf,cc419e0650a3c5ba77189a1882b7556a,2017-11-06 03:06:59,58.99,20.81
094dbecbb0ab054a620f21c04e82df03,1,4ebab6a2135a2477b657bda38646b64b,7aa4334be125fcdd2ba64b3180029f14,2017-10-05 13:49:22,25.6,16.11
0960eb7bc90d80c2f02eddc17c25ee2f,1,3d74d787086b0e22ac320ae43b240aea,ce27a3cc3c8cc1ea79d11e561e9bebb6,2017-10-16 11:42:22,40.0,24.8
097abce97e431993434adabc1aaec4e4,1,54b755678728b84472c2b654ac4de777,a3dd39f583bc80bd8c5901c95878921e,2017-10-15 23:28:20,52.0,21.16
097c6926697b318e2e49c0d92843211a,1,a096400f2b6fbe9c868f7dd5f1333e5a,cbd996ad3c1b7dc71fd0e5f5df9087e2,2017-10-20 04:28:37,43.2,11.85
097c6926697b318e2e49c0d92843211a,2,a096400f2b6fbe9c868f7dd5f1333e5a,cbd996ad3c1b7dc71fd0e5f5df9087e2,2017-10-20 04:28:37,43.2,11.85
097c6926697b318e2e49c0d92843211a,3,a096400f2b6fbe9c868f7dd5f1333e5a,cbd996ad3c1b7dc71fd0e5f5df9087e2,2017-10-20 04:28:37,43.2,11.85
097c6926697b318e2e49c0d92843211a,4,a096400f2b6fbe9c868f7dd5f1333e5a,cbd996ad3c1b7dc71fd0e5f5df9087e2,2017-10-20 04:28:37,43.2,11.85
098e7344bff99946b1a3c2c4357503bf,1,54dc796ba7aa0086b6404d1207e627e0,897060da8b9a21f655304d50fd935913,2017-10-27 03:13:59,18.65,12.69
098fd8628d7e76c7dfb58d651899ff39,1,35afc973633aaeb6b877ff57b2793310,4a3ca9315b744ce9f8e9374361493884,2017-10-11 15:56:22,89.9,38.18
09951c1a8c91dc28f008c3ccc634f1fe,1,5bfc7506459ae2a7b4b573fe557a58e1,4a3ca9315b744ce9f8e9374361493884,2017-10-22 23:49:16,69.9,16.25
09956a4d0066f2ef4e70f7ae51e2c9f3,1,cf262d646b27e22488de0494b5d08da0,f7496d659ca9fdaf323c0aae84176632,2017-11-10 08:56:24,129.9,17.16
099c89b21c9d60fe648ec0bbd837bb3e,1,e6b6e13cf71449a457269f425b89dc74,b2ba3715d723d245138f291a6fe42594,2017-10-06 13:49:37,98.9,7.95
09c636e254bb18eeef943452017249f4,1,fc84057c7ba16fe04a3c66cf104e02a6,b92e3c8f9738272ff7c59e111e108d7c,2017-12-05 14:55:20,169.9,70.41
09d062f6e1122b61b5ebf287cfd6be11,1,d04857e7b4b708ee8b8b9921163edba3,9f505651f4a6abe901a56cdc21508025,2017-10-24 03:06:02,64.99,14.2
09d3cd95f911da31613353ea97a651e6,1,46195ad0b1fda769ee883a305ac7eb66,5cbbd5a299cab112b7bf23862255e43e,2017-10-30 17:49:29,75.0,15.28
09f7918cf38caeef665ddea1a74a6a5c,1,f71e07cf6e6d621aef3ff698bc4f2819,7d76b645482be4a332374e8223836592,2017-10-10 03:07:25,19.9,11.85
0a03b50bb658dc86547261ba8cd5676e,1,148f68f014d7729ff8193dd7fefd1c7c,3bb548e3cb7f70f28e3f11ee9dce0e59,2017-10-24 20:44:57,169.99,27.73
0a13aec53ae766fb150be89f7c93a73f,1,e55ba61cd47a02e2b5479c63c7db13fd,128639473a139ac0f3e5f5ade55873a5,2017-10-05 21:20:06,19.9,15.1
0a2407e0197d11314604cf01105f648c,1,70b487a87fee25bc56455501bdc83501,da8622b14eb17ae2831f4ac5b9dab84a,2017-10-25 18:21:32,179.9,21.75
0a2d80bb09b766e032d077eb834788e4,1,cc07679fe101c4fa74d93e08145463f9,f84a00e60c73a49e7e851c9bdca3a5bb,2017-10-19 20:14:27,8.65,14.1
0a3e09ae60d6eb7338e353c0c323eabf,1,49770e2e1a22b61e15a13c2cbfbfcbbd,ac3508719a1d8f5b7614b798f70af136,2017-10-13 14:14:10,139.9,17.23
0a485e9f82800bf8b36ae34ad2a91aa2,1,036734b5a58d5d4f46b0616ddc047ced,ea8482cd71df3c1969d7b9473ff13abc,2017-10-19 11:35:15,27.99,25.63
0a505a7b63a33e72ba4159e3db1208c9,1,85df978207ed4024ea16570dbb64fd6e,10076e5788b8ee532724bcd460baf762,2017-11-03 14:05:59,24.0,15.1
0a53fca4f1040863a7aa5e7b0634ac09,1,3373d1ed7bf5f3187f110c0e9e40a02b,fc906263ca5083d09dce42fe02247800,2017-10-19 17:35:10,39.9,14.1
0a62a2ee479a419db8aebf78129b2f5e,1,386486367c1f9d4f587a8864ccb6902b,cca3071e3e9bb7d12640c9fbe2301306,2017-10-05 22:04:56,113.57,18.04
0a671900301b8fcb176e26d685aa7fb2,1,381db5acd0b7163fc12b8efc2fda6e9e,e0a366315b1b726b6c7832d664c0f530,2017-11-08 02:30:49,64.9,8.72
0a6a4a209e43892afeacdecd8a5cfdff,1,9696fc4ef13aa92c9933cc364d18ac40,520b493b57809f446cb0a233bb3e25c7,2017-10-23 21:14:26,47.0,16.11
0a6b6d3fb4616f5b647bc8b0b8f69e0d,1,14137f0fd56e4d0b8102dcfcc9b0a4fe,57e632711dec9ec14ca7546769483e7e,2017-10-23 10:35:24,37.9,15.1
0a82501b7148667eaff8dc8811a58f06,1,3a05a947f28cf46d789adedc107d7595,87142160b41353c4e5fca2360caf6f92,2017-10-30 20:56:13,119.9,21.68
0a8724bf3ecd49bce712851bbbecaf35,1,48698ba0cfe847b41430fa00081b5619,5962468f885ea01a1b6a97a218797b0a,2017-10-27 00:35:26,39.0,14.1
0aad58aeffa6b60c76d25a4bcda14815,1,ead6d52e3dc075669af5d7a1958b0f07,46dc3b2cc0980fb8ec44634e21d2718e,2017-11-03 20:06:57,99.99,16.95
0aaf8268ec2a56cb1befff78bd5cc190,1,f0e62aeebadb31681187c9548d8aae40,fffd5413c0700ac820c7069d66d98c89,2017-10-06 12:49:15,85.8,12.1
0af28d87520565eb3b57c9b2abe1a2cc,1,34f99d82cfc355d08d8db780d14aa002,a00824eb9093d40e589b940ec45c4eb0,2017-10-11 20:28:06,2999.99,126.51
0b020adf769218b4661b301ce96c0ca3,1,50b671fa06a05828948cd518088eba27,855668e0971d4dfd7bef1b6a4133b41b,2017-10-18 22:07:06,20.0,9.34
0b192907ec8563bda5210247497aa9af,1,b01d34f6d2545269d348181768eca049,6560211a19b47992c3666cc44a7e94c0,2017-10-30 02:25:37,55.0,11.89
0b1e280f28b576497838ec7684444971,1,1cc5f038fa8645580602fb2423d3a50a,17e34d8224d27a541263c4c64b11a56b,2017-10-18 09:56:22,105.43,9.48
0b30e59b6e985ef789c83d08753d59aa,1,811f973313e8219988a69cc140c447f0,dd2bdf855a9172734fbc3744021ae9b9,2017-10-05 18:49:17,99.9,14.43
0b36b5725c37564b933ec5845f63b635,1,3a05a947f28cf46d789adedc107d7595,87142160b41353c4e5fca2360caf6f92,2017-10-19 15:35:22,119.9,25.68
0b3b6b78bd15a0e28176f25fab4eb472,1,8a4505505378c8f5d983f3201e9c25da,06bb3a2fe5e7b7a845b13e8fb91bd944,2017-10-26 00:06:04,74.5,15.27
0b3c0b254cd889f96d5426417aa548cd,1,9bf39940ea9c92c0036e06c6cd577cbd,218d46b86c1881d022bce9c68a7d4b15,2017-10-25 16:49:25,200.0,21.89
0b4379c15168b7275dd2ee52a06f4294,1,ec2d43cc59763ec91694573b31f1c29a,1c129092bf23f28a5930387c980c0dfc,2017-10-10 13:24:28,45.9,15.11
0b4bc06ede46442d11b5b22710cefcf4,1,fb55982be901439613a95940feefd9ee,3d871de0142ce09b7081e2b9d1733cb1,2017-10-24 03:27:32,79.0,17.8
0b50bea7ba1e8ba7a21b01b7c9d1350b,1,3db75f31b76375c502f64d550dcd1166,85d9eb9ddc5d00ca9336a2219c97bb13,2017-11-13 10:14:27,31.9,42.38
0b7d200784c21ea7b4f3484da9a4a484,1,54f757fd2efc9fdaddaa3234ea537a2a,46dc3b2cc0980fb8ec44634e21d2718e,2017-10-12 21:15:21,149.99,9.77
0b8315fe345e3639eb0a1a2d6e122d36,1,cf02395ed36c61d5ce31bdecce9767a3,c9c7905cffc4ef9ff9f113554423e671,2017-10-06 02:33:30,159.99,27.97
0b886faaea82e30898a5dbf0ffa73e51,1,bcb4f6803e8889a70dc5ed14c2f5f785,897060da8b9a21f655304d50fd935913,2017-10-23 03:49:22,45.65,15.1
0b95f3147f8a038de06187063d90008e,1,c708ba7c6269161f89ce0683cdd7c432,6560211a19b47992c3666cc44a7e94c0,2017-10-26 21:49:23,49.0,7.78
0b98d69e5b550f6727dc0beb88d1694b,1,2bb3e85f2a403543fdb64e266e70c792,76d64c4aca3a7baf218bf93ef7fa768d,2017-10-18 14:49:27,329.9,67.4
0b9e3cb461332c63fffd742e522832a1,1,b92a7304ebad1ca5b393b53b2de5c70a,7c67e1448b00f6e969d365cea6b010ab,2017-11-09 18:30:23,139.99,21.63
0ba4b12916fc52234012c61ed7ebce94,1,946344697156947d846d27fe0d503033,1835b56ce799e6a4dc4eddc053f04066,2017-10-25 23:26:29,29.99,16.93
0ba4b12916fc52234012c61ed7ebce94,2,2a478a360a293f087e352e88f10af8af,1835b56ce799e6a4dc4eddc053f04066,2017-10-25 23:26:29,34.99,16.92
0ba4b12916fc52234012c61ed7ebce94,3,ec72148301904394ad2c3f6204781102,1835b56ce799e6a4dc4eddc053f04066,2017-10-25 23:26:29,34.99,1.69
0baf7e063341d21b649aa73045ce5395,1,418d480693f2f01e9cf4568db0346d28,12b9676b00f60f3b700e83af21824c0e,2017-11-03 19:49:16,159.0,20.35
0bc4a984d79279c843421830f595273c,1,21a53da27d4b830f32f475a09f0bd54a,4a3ca9315b744ce9f8e9374361493884,2017-10-23 18:35:10,72.0,13.52
0bcb782ba7956aa53f7f565159107488,1,6c3effec7c8ddba466d4f03f982c7aa3,37515688008a7a40ac93e3b2e4ab203f,2017-10-19 06:07:17,19.9,11.85
0bd46f135d0346fb97b4901188374829,1,63f7a4366da7b3a3cb5bd2336ca15f7e,53243585a1d6dc2643021fd1853d8905,2017-10-25 19:35:26,329.22,19.58
0bec54b12e30ef962cea0714ea592545,1,8d9d31dc8d8c05062987d883cefa98be,41b39e28db005d9731d9d485a83b4c38,2017-12-04 21:27:56,49.9,15.11
0bec9641279215e466966512f6b444cb,1,63f7a4366da7b3a3cb5bd2336ca15f7e,53243585a1d6dc2643021fd1853d8905,2017-10-13 17:49:24,329.22,36.1
0bece47d86c4c6000ca551001a15669d,1,68361925fcb61b3627e79dd95137ae7f,87142160b41353c4e5fca2360caf6f92,2017-10-18 03:29:07,59.9,9.09
0bece47d86c4c6000ca551001a15669d,2,68361925fcb61b3627e79dd95137ae7f,87142160b41353c4e5fca2360caf6f92,2017-10-18 03:29:07,59.9,9.09
0bece47d86c4c6000ca551001a15669d,3,68361925fcb61b3627e79dd95137ae7f,87142160b41353c4e5fca2360caf6f92,2017-10-18 03:29:07,59.9,9.09
0bf46c25ca29bae81f4632b02f593f1d,1,4910917f05092f331bf3a477f791cc01,3d871de0142ce09b7081e2b9d1733cb1,2017-10-27 20:28:29,19.9,11.85
0bff41f23a1260a23cfe070af558eef7,1,b76364870c38ddd7dcc9dd9ab5abeeb4,2a6fbeaa7ab9e5d59a35841a8da71ce4,2017-11-06 22:45:59,40.0,17.6
0c021596b865eb54c02ad64bf7d55aea,1,2b0ee2d07306f7c9ac55a43166e9bb4b,1900267e848ceeba8fa32d80c1a5f5a8,2017-10-11 03:07:14,59.99,12.76
0c0c250234e385578b31a38b198cf900,1,be7f0912ba01126704c81b3f705aaaf2,620c87c171fb2a6dd6e8bb4dec959fc6,2017-10-31 02:26:29,149.9,15.8
0c35d1433b7a71747b7bcddd12c40ff5,1,2132979d9b6f64e99b8c9bb4da4e0323,45d33f715e24d15a6ccf5c17b3a23e3c,2017-10-18 04:14:46,89.99,12.97
0c47c8eb31ce1b27d2cc41c7475aeab8,1,333f47c19a1c3870d1ce94cfc51a4f5e,fa1c13f2614d7b5c4749cbc52fecda94,2017-10-20 19:49:37,319.9,15.99
0c4a1120fa16a1ccbb365aae4f54b16d,1,44a34214a57dc373dcd80f54c919d006,7008613ea464bad5cb9b83456e1e6a8f,2017-10-23 13:56:16,29.5,16.11
0c4a1120fa16a1ccbb365aae4f54b16d,2,44a34214a57dc373dcd80f54c919d006,7008613ea464bad5cb9b83456e1e6a8f,2017-10-23 13:56:16,29.5,16.11
0c4a1120fa16a1ccbb365aae4f54b16d,3,44a34214a57dc373dcd80f54c919d006,7008613ea464bad5cb9b83456e1e6a8f,2017-10-23 13:56:16,29.5,16.11
0c5c5872985d8382ec1df7d0ec721875,1,07b6a3b7bd0e9c54119f7c679edccca4,fa1c13f2614d7b5c4749cbc52fecda94,2017-11-01 14:29:25,309.9,18.61
0c68e2888d3fde2067bee5cc1c638f09,1,b2855c4e42b8a50f359904c6763eeddc,17a053fcb14bd219540cbde0df490be0,2017-10-24 03:27:44,269.9,33.49
0c6a35b799f52f904a18f2810c4d1772,1,a22f707cfd269773138c3bf3a43f6180,23613d49c3ac2bd302259e55c06c050c,2017-10-06 12:24:36,45.9,20.84
0c78080d6694709647442e7efb1d2a5e,1,95c1a931a9c24a30577e9af5a5c420ea,0249d282d911d23cb8b869ab49c99f53,2017-10-25 12:56:47,36.0,14.1
0c88a53b9198ad46968371a374433183,1,729e4dedfa3ed50a3fd4898b6f11c715,3c487ae8f8d7542beff5788e2e0aea83,2017-10-19 11:56:17,389.9,36.53
0ca1bac7f133e0eced641bff853f52ea,1,c6336fa91fbd87c359e44f5dca5a90ed,4c2b230173bb36f9b240f2b8ac11786e,2017-11-08 03:15:34,45.9,15.1
0ca8999f0176e37f35b6e49a9b2569da,1,ff6caf9340512b8bf6d2a2a6df032cfa,38e6dada03429a47197d5d584d793b41,2017-10-13 10:49:27,7.79,8.85
0ca8999f0176e37f35b6e49a9b2569da,2,b88d27345de2feed45475bb48cca74b1,38e6dada03429a47197d5d584d793b41,2017-10-13 10:49:27,14.01,8.86
0ca8999f0176e37f35b6e49a9b2569da,3,90a57d62c9b9f884fae33a10dff953b4,38e6dada03429a47197d5d584d793b41,2017-10-13 10:49:27,15.36,4.43
0ca8999f0176e37f35b6e49a9b2569da,4,b88d27345de2feed45475bb48cca74b1,38e6dada03429a47197d5d584d793b41,2017-10-13 10:49:27,14.01,8.86
0ca8999f0176e37f35b6e49a9b2569da,5,ff6caf9340512b8bf6d2a2a6df032cfa,38e6dada03429a47197d5d584d793b41,2017-10-13 10:49:27,7.79,8.85
0cacc6e732b7bc8f08cca2ba2604fb1e,1,fb7a100ec8c7b34f60cec22b1a9a10e0,d98eec89afa3380e14463da2aabaea72,2017-10-10 21:35:23,49.99,15.1
0cd4d3d4e2831e2089f43b6d7402c2c7,1,61d4de5bc97fe391e6a42d7520a3551f,1336efc61c316ddf92c899eb817f7cae,2017-10-23 23:49:10,22.0,11.85
0cd4d3d4e2831e2089f43b6d7402c2c7,2,61d4de5bc97fe391e6a42d7520a3551f,1336efc61c316ddf92c899eb817f7cae,2017-10-23 23:49:10,22.0,11.85
0cd4d3d4e2831e2089f43b6d7402c2c7,3,61d4de5bc97fe391e6a42d7520a3551f,1336efc61c316ddf92c899eb817f7cae,2017-10-23 23:49:10,22.0,11.85
0cd4d3d4e2831e2089f43b6d7402c2c7,4,61d4de5bc97fe391e6a42d7520a3551f,1336efc61c316ddf92c899eb817f7cae,2017-10-23 23:49:10,22.0,11.85
0d0134057a1e1269759c85b8a1696966,1,e31e8a63c7576088f21c33a8365823e1,534a01cc6df1e034e05c32028a291fa2,2017-10-25 14:14:16,48.99,14.1
0d084d7d6f5d7b6a97582e1dc74dda2a,1,20c3404e9bea9621d876e152794ba2d1,35fb511489d9ee3ee27a76debce9df06,2017-10-31 16:49:56,24.0,16.11
0d140a890cdc7ac00c5540b11c5ee93c,1,e899d44e1fbd1131a4c94b9f7bb1ff2a,725c32fa80c2faacc4fc88450d27314e,2017-10-18 04:14:23,99.98,9.51
0d29f866f714402153c7a02ca8bf6134,1,c2b89f69031e68bf1a02822eea9c155b,9b013e03b2ab786505a1d3b5c0756754,2017-11-06 21:31:38,76.49,4.14
0d29f866f714402153c7a02ca8bf6134,2,c2b89f69031e68bf1a02822eea9c155b,9b013e03b2ab786505a1d3b5c0756754,2017-11-06 21:31:38,76.49,4.14
0d2d1445891e7aba669fa2069d695601,1,72d3bf1d3a790f8874096fcf860e3eff,0bae85eb84b9fb3bd773911e89288d54,2017-10-18 04:49:33,38.25,13.5
0d360c12bebf4e2fd772baa3c9336472,1,14137f0fd56e4d0b8102dcfcc9b0a4fe,57e632711dec9ec14ca7546769483e7e,2017-10-26 03:05:49,37.9,15.1
0d3c7f1597c769bd28269d06b31acbaf,1,3d15cfddaaad1a981e05901ad88fa50c,7ddcbb64b5bc1ef36ca8c151f6ec77df,2017-11-06 19:55:25,76.99,8.73
0d404657f01231a876c9a25b6c91e329,1,12877fc7456089310c5e6c441e696886,c3867b4666c7d76867627c2f7fb22e21,2017-10-08 23:04:00,54.0,25.22
0d4381c5179436609adcf581b55639e5,1,d15010eecc80e3a843ccb15865c328da,17f51e7198701186712e53a39c564617,2017-10-24 17:04:58,760.0,85.81
0d831c5aa932379c1cf5b0b1b40b214b,1,a9516a079e37a9c9c36b9b78b10169e8,7c67e1448b00f6e969d365cea6b010ab,2017-10-25 11:49:47,116.99,34.18
0d8d74c25da3888411cba598d37dac61,1,4cc8bfa581f41841ce5e24aba773a44a,1835b56ce799e6a4dc4eddc053f04066,2017-10-10 11:07:18,56.99,16.16
0d9046ee305e5a360380ac6598561380,1,163ba96993ec61eac36239e7301827c4,7142540dd4c91e2237acb7e911c4eba2,2017-11-07 16:14:26,84.9,17.84
0d9e86e02c1a823b20c03ea29d616607,1,f93213a23c50edc16c27b96333f734dc,46dc3b2cc0980fb8ec44634e21d2718e,2017-10-19 11:49:48,269.99,19.46
0da30436a667e82020c86b5da53c0b21,1,8135b72ac72267bd0dd2fe06bcee1320,7299e27ed73d2ad986de7f7c77d919fa,2017-10-06 13:49:17,249.99,37.07
0dcbdac8c6463d75e774a3ba98d11561,1,da7e1b2f8c91cbf61a22b55e8cd49bcd,98dac6635aee4995d501a3972e047414,2017-10-16 18:51:31,76.1,13.09
0dd10699d5b56b4bfc60c02e8ac6533e,1,601a360bd2a916ecef0e88de72a6531a,7a67c85e85bb2ce8582c35f2203ad736,2017-10-23 03:49:21,119.99,12.04
0dd1400bcb0a842a18f9f659e724f7ff,1,1600dcf1cea8c0c83702e07b577ab231,6560211a19b47992c3666cc44a7e94c0,2017-10-13 14:49:14,44.0,6.31
0dd1400bcb0a842a18f9f659e724f7ff,2,e57eb018e37376580079825eb29a3419,b1fc4f64df5a0e8b6913ab38803c57a9,2017-10-13 14:49:14,80.0,15.78
0dd1400bcb0a842a18f9f659e724f7ff,3,1600dcf1cea8c0c83702e07b577ab231,6560211a19b47992c3666cc44a7e94c0,2017-10-13 14:49:14,44.0,6.31
0dd1400bcb0a842a18f9f659e724f7ff,4,e57eb018e37376580079825eb29a3419,b1fc4f64df5a0e8b6913ab38803c57a9,2017-10-13 14:49:14,80.0,15.78
0deba00189593870535a63ad3e6d9ab9,1,be0dbdc3d67d55727a65d4cd696ca73c,165fc07beebdcb6190fba8a06db2a449,2017-11-06 21:15:18,79.8,15.31
0dfa0cd73d2c16254c2cf4ee72d13c3f,1,d86963242e7dda7eed04f57e492ed655,a3a38f4affed601eb87a97788c949667,2017-10-09 16:24:50,74.9,18.09
0dfedf3d432d2cdca59a3ef16b313db6,1,2b4609f8948be18874494203496bc318,cc419e0650a3c5ba77189a1882b7556a,2017-10-20 04:28:18,89.99,35.95
0e308535f2149cdf7ea180fa7495d659,1,38cc17614e78b88b0cb0d44063572e22,edb1ef5e36e0c8cd84eb3c9b003e486d,2017-10-11 11:49:21,295.0,14.07
0e31f844aae10fe7dc2369bc0340bf21,1,15fdd6032f35d4add5066fb90be28630,6560211a19b47992c3666cc44a7e94c0,2017-10-23 17:46:49,89.0,15.37
0e4d9bad6fdffcf00307782a4200ec64,1,9f65cd1fc2c7cf6ad8bc3d8c038abe44,7178f9f4dd81dcef02f62acdf8151e01,2017-11-08 12:55:28,89.9,12.88
0e819cea051490ffa56c86778fe28c9d,1,eab1309765ca0c3ba5c2ae2b85b28b00,c3cfdc648177fdbbbb35635a37472c53,2017-11-06 11:27:48,210.0,21.96
0e8594074c3143aa6b56a3ec70a46e12,1,99a4788cb24856965c36a24e339b6058,4a3ca9315b744ce9f8e9374361493884,2017-11-07 13:31:27,89.9,43.04
0e8bbbedc5dffd859a8386d68d138c10,1,30469bb5ea377eae7121981e2f0778e4,80e6699fe29150b372a0c8a1ebf7dcc8,2017-10-19 13:14:31,113.0,36.81
0e917a8ba3f90f05c907ca832b61ea16,1,d1c427060a0f73f6b889a5c7c61f2ac4,a1043bafd471dff536d0c462352beb48,2017-10-17 22:26:04,149.99,45.13
0ec103f06387894b54be12b9ba367b4c,1,4cee3d875eb2f9d331aae01b8c4781e8,602044f2c16190c2c6e45eb35c2e21cb,2017-10-26 10:14:28,69.99,15.24
0ec20e561e76d49aa3ca434872643de2,1,154e7e31ebfa092203795c972e5804a6,cc419e0650a3c5ba77189a1882b7556a,2017-11-06 11:07:09,23.99,7.78
0ed5043fe7d3f4f88353697330bbc020,1,72c4d61f2a2924a2d4515bc9c7fcd704,293dee954235e4e4e43f129313625ebe,2017-10-19 04:00:11,50.99,25.64
0ed863ae64e541253de34411c0b0280a,1,da6f9d8ce4950ad572b7b4fe7d7e6c90,8b28d096634035667e8263d57ba3368c,2017-11-03 11:50:22,97.9,25.97
0f0dcb31ebe72939367eaebbcd5699c5,1,7825a7c4f9edb6b219eb94c29e86e7b9,de23c3b98a88888289c6f5cc1209054a,2017-11-06 18:47:03,169.9,10.0
0f30dd4c9af7aabbce81fc381ce2e807,1,4e0d588f8e002f2bad9cbe0b8f66f6f6,fc906263ca5083d09dce42fe02247800,2017-10-17 12:35:25,39.9,16.79
0f3a5047f59b6a2df32f4471eedb41c5,1,1ca99da10c4b800de39096631ed2e773,fdaaf5bfda82b7b80535610c831b8d09,2017-11-08 12:30:22,379.9,15.56
0f3d2ca532c34901392f4d86e4a1e5ba,1,4b7de4748108b5353b211255e867cf6a,eeb6de78f79159600292e314a77cbd18,2017-10-06 14:49:14,729.0,25.59
0f537c28b416c542bd58984e8d51b4ef,1,c556dfe03a2efef617497a3de58cb44d,7e93a43ef30c4f03f38b393420bc753a,2017-10-26 12:49:20,185.99,17.06
0f545ca99d61315ccd4d3dac78987db4,1,820e8f306dc9ffcf6d0957516084cca1,7aa4334be125fcdd2ba64b3180029f14,2017-10-23 04:08:45,38.89,13.37
0f5661c2134ca73a132194dde6558006,1,aca11cfc608a458947b3038e5e70312f,dbb9b48c841a0e39e21f98e1a6b2ec3e,2017-10-18 21:35:11,49.9,9.34
0f72cb4b59a055ff45e334ecfe7cfee1,1,d017a2151d543a9885604dc62a3d9dcc,6560211a19b47992c3666cc44a7e94c0,2017-11-01 02:33:04,49.0,18.34
0f72cb4b59a055ff45e334ecfe7cfee1,2,ff9032482857269e8683f0c2f8ba4709,0ebd97a106433a45a4aebe57c1799778,2017-11-01 02:33:04,69.9,3.67
0f7f5047fb2535359f03240b1697085a,1,7fb04722aba7a2b632bac8f9819796f3,f3b80352b986ab4d1057a4b724be19d0,2017-10-27 09:56:23,79.9,18.8
0f90e415a1696862991f4ec94ed7ed47,1,59eec1e2c2e1a415ad74e82178f251fb,784ba75dd9d20200c4caed3d7a77141a,2017-11-06 11:48:20,27.99,7.78
0fc43892a2c1a8aaa96eef7d27a85017,1,2ac0cca735ca6684053d28a17883b765,7aa4334be125fcdd2ba64b3180029f14,2017-10-05 14:35:11,119.9,13.86
0fcddd81b836920211d255a9bd25ae50,1,d189fbf8b5d79a670cebcaaad68d77b2,0d85bbda9889ce1f7e63778d24f346eb,2017-10-25 09:49:25,79.9,27.94
0ffdb6473bc02f6e0b767083d21457d0,1,d1c427060a0f73f6b889a5c7c61f2ac4,a1043bafd471dff536d0c462352beb48,2017-10-16 16:15:26,149.99,23.85
103d0206c9c5da0f26a2bf6381c953b6,1,f71c0f4ee48321ba6b82205b2fc9e08f,bd23da7354813347129d751591d1a6e2,2017-10-18 04:35:43,98.9,11.9
104b40dd524ac48e7b814ed5eeebcea6,1,ec2d43cc59763ec91694573b31f1c29a,1c129092bf23f28a5930387c980c0dfc,2017-10-12 23:44:22,45.9,16.92
1051983b1aca1ef8f4f6827378c12c8a,1,073ed404e3aec5b0a486334c05ee2fe9,7e93a43ef30c4f03f38b393420bc753a,2017-10-20 19:35:18,399.99,17.56
1061bc32577c6b8beb107bf1b5a65175,1,32b168004f17c743f16bcf5bab0de982,562f8cfc51f265411f487d07e9c40e7f,2017-10-24 12:28:27,47.92,15.79
106dccd8cf01a9d15921ba6b3028a09d,1,4af81c9413dcb40e03e2a1bc15a6448b,525e75a6fb1454a2325ab1734bcec221,2017-10-06 13:04:35,49.9,7.78
1087ede9a334cc652bfecf7e944aad0b,1,555b27dfb2ed94d001c28e5624dd6961,004c9cd9d87a3c30c522c48c4fc07416,2017-10-24 16:07:50,82.99,17.83
108db8c088de8e42c648bc520cec8c44,1,9fe0fae81aacd72bbec601b9ceb9c25e,17e34d8224d27a541263c4c64b11a56b,2017-10-09 12:07:28,10.14,15.1
1090567d21a127642a40ee3423dc19e8,1,439dee65f97bb5e70b021e1e7cf54a5e,f27e33c6d29b5138fa9967bcd445b6d5,2017-10-17 04:28:30,59.9,16.67
109ff01cec6b68a8e70ed431552b9be0,1,83b00325c13c44245b2c3a2befa62a0e,ad781527c93d00d89a11eecd9dcad7c1,2017-10-06 20:35:22,159.99,103.25
10a4fba332df93580200cc555d2166ab,1,9af9fb5e25c1c09f035e01b7936f6c6e,aafe36600ce604f205b86b5084d3d767,2017-11-03 08:25:10,69.9,15.25
10b21177ed3e0f82c350c7f5961d1e1c,1,c05445666d793190048c0ec1d0bb7f0f,d91fb3b7d041e83b64a00a3edfb37e4f,2017-10-17 11:56:36,113.4,28.17
10b97b234e1968822a4e3b7b3ecffde4,1,68a058d125ba1544e726898f0b8c0523,7c67e1448b00f6e969d365cea6b010ab,2017-11-09 11:50:15,119.99,45.3
10f19649ff10ef887aee3d8d536f5da1,1,d881c75404b591b0912840f5401ae57a,744dac408745240a2c2528fb1b6028f3,2017-10-05 12:24:10,529.0,17.45
10fda92f9390e0b13e41ce5ce692a2cc,1,9363662bd84410483083a4fe6f06242a,b2ba3715d723d245138f291a6fe42594,2017-10-25 04:49:29,24.9,15.79
110d11411569c88d2745d55180027f3e,1,3d3c4219b64b1a968490e7bdfa43bf1f,0bae85eb84b9fb3bd773911e89288d54,2017-10-09 13:07:41,49.9,20.84
110f190bf49ab04f3ead4f860570e902,1,10c2160beca6757676b447aab88e5129,1660ad786c27fd935378b6192a90b417,2017-10-09 15:56:20,130.0,12.11
1111ae8786d1dd62967c733d41fa4bb3,1,6af89b97a841482f79c52765bfe0d699,c3cfdc648177fdbbbb35635a37472c53,2017-10-30 03:07:39,289.9,21.52
111e8cdb5890a7e3beae3e717737ca51,1,ba82e510acd9a0fe69a44cafea53f9aa,0e44d110fa6a54e121cb2c095a77762f,2017-11-08 12:30:27,4.2,11.85
1131444207572a61609f9be4f5308af3,1,eb46bd8f6499638557d2daf6874d14db,0b90b6df587eb83608a64ea8b390cf07,2017-11-08 15:07:29,193.8,17.12
114b8cdf01e21ff5631995283f233d67,1,afce90df29b9a0c1bfe5e1033f1197b1,2138ccb85b11a4ec1e37afbd1c8eda1f,2017-10-26 18:28:16,19.99,16.79
11778e1b85f6b679bcaf60a9d114a005,1,bef6177f54efb9a6218e124b629fc152,65b081a070633e057c462abdd6fb9dd8,2017-11-03 02:50:19,399.99,28.08
119132da8a360ce8e81841456844b962,1,362b773250263786dd58670d2df42c3b,4c2b230173bb36f9b240f2b8ac11786e,2017-10-30 14:56:22,49.9,14.1
1192d161975e75d0b5c3a018937df110,1,f81b171b346c639cb5a7cbab8dfac7c4,1c68394e931a64f90ea236c5ea590300,2017-11-01 02:56:08,159.9,15.87
119c9e36858ecf81f6a55cf7f7b327d2,1,a695ab8413ea83619cde9b18292d6aa1,8b28d096634035667e8263d57ba3368c,2017-10-10 21:35:17,59.49,11.92
11a239a4801f822c98f826b625fc9baa,1,0cdb6853db40cd5d117e1828fcef99af,c3867b4666c7d76867627c2f7fb22e21,2017-10-09 18:24:37,99.9,17.95
11a796cad7c6b05637304fc15b8cb488,1,b532349fe46b38fbc7bb3914c1bdae07,1025f0e2d44d7041d6cf58b6550e0bfa,2017-10-16 15:49:19,38.4,15.11
11ac54d963e31673b888efff34e5b33c,1,6f422d8cc7a2f0dc9936dabad9db6828,cca3071e3e9bb7d12640c9fbe2301306,2017-10-13 11:35:13,95.03,13.69
11c2867ad1d8599464e84641b31338f1,1,b3132d56d4953f40e977e0534603e148,46dc3b2cc0980fb8ec44634e21d2718e,2017-10-20 18:24:27,259.99,17.58
11c8a3b7adc8c5c3f5ae4f0257c5e953,1,f4685661dba7a38783007afb3e5fe8ac,f680f85bee2d253556ac91be391d2c82,2017-10-20 19:35:17,43.99,9.34
11cc652169638a4d794c1d0d040ae120,1,edc9d1ff2bc5d9610f292c313d5c861c,fa1c13f2614d7b5c4749cbc52fecda94,2017-10-30 21:49:36,159.0,14.86
11de19a6b9ccdeeb0b0ef48d91cfd78b,1,dd841bf589f05e0948ddb0c8d2c749ab,77530e9772f57a62c906e1c21538ab82,2017-11-03 17:24:56,119.0,12.54
1204cdb049baac2f6aad4233ce740cd8,1,11dcc970f7a5581e1bf777b6da3f7096,06579cb253ecd5a3a12a9e6eb6bf8f47,2017-10-19 21:56:17,69.9,23.11
121191d52387cd00dc63011edaeb8af2,1,75c06ee06b201f9b6301d2b5e72993f8,3c7c4a49ec3c6550809089c6a2ca9370,2017-11-03 17:10:40,13.99,15.1
12158685d93b3a6dcb6efad25cd8e056,1,88a1223b29fac4c3abef8d1369dbbaea,5abb8ea023c77787f2c15da891c8d384,2017-10-26 02:49:23,69.0,38.0
121e0f10f4428cad6b8e0c2f584c822f,1,5145cef9f9e1293cf8cba2c924eb94e9,17a053fcb14bd219540cbde0df490be0,2017-10-09 14:49:24,259.9,66.63
12281975d2de5af133e549f49a1b9093,1,e44030e694bab50c9fdfb329cc114833,83645b1645cdee8953ee54c29ceed564,2017-10-23 04:25:12,99.0,16.45
1237d70df58d4f9a8bd929b9943f9b8a,1,3e6f2d0265ff6265eb639a8d3027f5a3,6219ba2359cfb97f2e38fd4c321eb309,2017-10-17 05:06:11,58.0,17.66
124d67dd63d2412c950eadb79bf29006,1,28a652ff04e43c1bc57937a9f8770f9b,3d871de0142ce09b7081e2b9d1733cb1,2017-10-24 18:06:06,99.0,19.93
12767fe9ec8d9dcab0b972043cffb8d3,1,2155593e689475e40e4c8b93143c0287,daeb5653dd96c1b11860f72209795012,2017-10-17 20:28:50,34.9,9.74
127ddd8ed5c8c31ad7d8f4c54d58997c,1,0e90009c14c8245b4ec2646c22ca8b7d,02c988090b766852e088c69d7fb3b551,2017-10-19 11:49:19,119.4,12.04
12a354dc524e4fbe8b97dc45cf53a504,1,e8bcdbe05fc628060f32e367d5e5f4d1,c8b0e2b0a7095e5d8219575d5e7e1181,2017-10-17 17:30:51,7.99,8.72
12acc7b15e7e65ef48a7b01d3f42f1ae,1,094efc8b088034585ebda1a32da7181d,3078096983cf766a32a06257648502d1,2017-10-13 01:25:19,71.99,27.04
12b490136db583be9f294988ccdce8b1,1,21fd3b391a97c2fedab9d0efdd183a93,9de4643a8dbde634fe55621059d92273,2017-10-26 21:49:46,497.99,45.9
12b63c9981f087f01de97adb7f885540,1,fa7be99321f2dbb1e518d2139ccb1d39,54a1852d1b8f10312c55e906355666ee,2017-10-09 00:49:17,59.99,9.34
12bab4379a646f08ae89ed0561f5481e,1,4a300735bc293723103db0d0c1bc1585,6f892e20a171e98efe17fdb971ff319b,2017-10-30 02:49:34,70.9,14.25
12c281ebecb5a750bfb59174f5660243,1,7e786406ac65b91c288fe2be1d93bddc,7e93a43ef30c4f03f38b393420bc753a,2017-10-25 11:49:22,159.99,17.56
12d5570966b69e36f603e3ff8aac9d4f,1,3fda13f397426103abde1f106676f0bf,b2ba3715d723d245138f291a6fe42594,2017-10-13 09:04:13,64.9,7.78
12deecd130a055a8d709a6b62c807f66,1,7f064525eaaa1ce9d22c085f7ff5413a,6560211a19b47992c3666cc44a7e94c0,2017-10-10 15:04:55,49.0,14.1
12e41d433221ec81392012706ab20ff7,1,25d22295e68fa5bc9fff2b947a3eaeb5,dbc22125167c298ef99da25668e1011f,2017-10-11 11:49:30,105.9,14.47
12e8c054bdee17bfc0fd3d92d8cbda10,1,a8fe47ad6f852f93cc92c7b408687de3,aaed1309374718fdd995ee4c58c9dfcd,2017-10-20 01:35:10,72.9,16.27
12f2f3174deba94de2aa43ad4adf6d3e,1,a5215a7a9f46c4185b12f38e9ddf2abc,53243585a1d6dc2643021fd1853d8905,2017-10-18 22:26:18,1340.0,32.25
1313a242a48f98101da4d48b310bf517,1,e672fbe634ad07cce9d85f412becb2c0,7a67c85e85bb2ce8582c35f2203ad736,2017-10-20 16:20:41,129.99,18.16
1330176f6500125ff6e8e10922fb714c,1,ec19f9bc37a920964abe324dfb169c68,7d76b645482be4a332374e8223836592,2017-10-25 00:05:28,19.9,7.78
1330176f6500125ff6e8e10922fb714c,2,a0cb23ea9b98f51407ac7bd1fcd29c2e,7d76b645482be4a332374e8223836592,2017-10-25 00:05:28,28.99,7.78
1376095cf526ffe25c7f4783254ec3c4,1,31a2f42a87890f87d77daebdfabc182e,4c03b9dd4c11ee2cb35c96c49efc9420,2017-10-13 16:26:25,149.9,14.07
1394e025297d62db2c4e7b15df476489,1,d04857e7b4b708ee8b8b9921163edba3,9f505651f4a6abe901a56cdc21508025,2017-11-08 03:10:13,64.99,11.95
139f0fd024db90e226eaf668da4f5f91,1,eaac80e3f50c54437cdeb9980d8e974b,adbe70ab2c97442046d393988c8d1d27,2017-10-18 18:15:31,49.9,16.11
13b8bebe558b8424a4ccf23df4c01f77,1,827c4a77226a3e7ef259d61eaa775df9,b14db04aa7881970e83ffa9426897925,2017-11-03 19:45:27,39.9,37.9
13b8bebe558b8424a4ccf23df4c01f77,2,827c4a77226a3e7ef259d61eaa775df9,b14db04aa7881970e83ffa9426897925,2017-11-03 19:45:27,39.9,37.9
13b8bebe558b8424a4ccf23df4c01f77,3,827c4a77226a3e7ef259d61eaa775df9,b14db04aa7881970e83ffa9426897925,2017-11-03 19:45:27,39.9,37.9
13e5354115bbe8a836521ae423852ffe,1,e71ce72b19b83080d97cf4f06c90d096,376a891762bbdecbc02b4b6adec3fdda,2017-10-10 03:07:25,72.0,17.78
13fba1a42e51558ae3e8a86e0bbd9dd3,1,347a1dbb9334cebdd3f2c43bc1b34455,152ee17e4c8aaf53dac99f3462e4999b,2017-10-17 07:32:11,57.0,17.65
140d5c0a692987d62971b1e5f8c02397,1,43d9ce1b4573a087677c2bd656131b94,1835b56ce799e6a4dc4eddc053f04066,2017-10-08 21:24:56,27.99,11.85
14154a306b926b62ae99f4ad34bfb206,1,6e835aea84ae8eb68b8c14878dd43b30,4d6d651bd7684af3fffabd5f08d12e5a,2017-10-31 14:45:40,69.9,20.98
14154a306b926b62ae99f4ad34bfb206,2,6e835aea84ae8eb68b8c14878dd43b30,4d6d651bd7684af3fffabd5f08d12e5a,2017-10-31 14:45:40,69.9,20.98
1434f15909999c1562d1c4a24a4409cc,1,6800d91175b6abde04b1d70ff2474746,6560211a19b47992c3666cc44a7e94c0,2017-10-26 13:14:21,69.0,15.23
14419beee19b41341bead9fe7fc49d76,1,657247f6f60543b93e3cc708a8e6329c,7ddcbb64b5bc1ef36ca8c151f6ec77df,2017-10-24 13:27:06,294.99,77.08
1445b855fa0df69380dbc1c056659617,1,b1dc70b2d3b0d42b355529c4026a35a7,b499c00f28f4b7069ff6550af8c1348a,2017-10-23 09:14:23,59.99,9.94
14476cba4d3587039214504002fd09ab,1,68a058d125ba1544e726898f0b8c0523,7c67e1448b00f6e969d365cea6b010ab,2017-11-09 03:10:27,119.99,21.49
144bc17d37931097a63d8dbb87bfd2a9,1,f9b1795281ce51b1cf39ef6d101ae8ab,3771c85bac139d2344864ede5d9341e3,2017-10-31 02:08:37,39.9,16.11
145117b20943d6de15b374d474d2c6b1,1,59c5e6e108b88212fb98525c9000ecfb,7c67e1448b00f6e969d365cea6b010ab,2017-10-17 02:01:47,144.94,42.24
1457abef78cd241e85fd946503cb4e16,1,a5215a7a9f46c4185b12f38e9ddf2abc,53243585a1d6dc2643021fd1853d8905,2017-11-03 13:30:09,1340.0,33.83
145afae38debe68ec37d5671526db93e,1,f1fe595ee7ef768b41bd9b246d13432d,81a1104df0f08b59c68aa5b03cfe398e,2017-10-26 02:45:42,99.9,16.95
146f48c486ae970836ac642ed6168ecd,1,d4b65aedaa1a847abd993dced5ed2e30,5a93f3ab0ef4c84ed5e1b5dbf23978bc,2017-11-10 02:57:26,38.97,11.85
147973f607023fb30b72b31fc2744d13,1,0db4869ac8a908414823d44d742f5ba3,7c67e1448b00f6e969d365cea6b010ab,2017-11-03 09:14:19,196.99,49.05
147973f607023fb30b72b31fc2744d13,2,0db4869ac8a908414823d44d742f5ba3,7c67e1448b00f6e969d365cea6b010ab,2017-11-03 09:14:19,196.99,49.05
147973f607023fb30b72b31fc2744d13,3,0db4869ac8a908414823d44d742f5ba3,7c67e1448b00f6e969d365cea6b010ab,2017-11-03 09:14:19,196.99,49.05
147973f607023fb30b72b31fc2744d13,4,0db4869ac8a908414823d44d742f5ba3,7c67e1448b00f6e969d365cea6b010ab,2017-11-03 09:14:19,196.99,49.05
147973f607023fb30b72b31fc2744d13,5,0db4869ac8a908414823d44d742f5ba3,7c67e1448b00f6e969d365cea6b010ab,2017-11-03 09:14:19,196.99,49.05
148e062419478699b7c98e0666e538a8,1,9666f6aaf24141e6d17f7d56921f364d,002100f778ceb8431b7a1020ff7ab48f,2017-10-10 15:25:30,13.9,11.85
1498068c608b11a2902e212d4d65d62c,1,bb1ee1154c7f9b5329328e3fab9e6bb2,38e6dada03429a47197d5d584d793b41,2017-10-26 16:49:11,239.36,43.69
1498068c608b11a2902e212d4d65d62c,2,980a05f1865790c75cf9a22ae4771c1c,38e6dada03429a47197d5d584d793b41,2017-10-26 16:49:11,83.45,43.69
14a074fe3d79fc38758adda996f83e00,1,6881872c707ad95aa81fdd385223eca5,4a3ccda38b2129705f3fb522db62ca31,2017-10-27 17:07:43,74.99,12.02
14a678af0f9ccd309467a5d6feb5a829,1,5140431c54f26f3706d901fef4b1a528,ac3508719a1d8f5b7614b798f70af136,2017-10-11 07:49:18,139.9,17.23
14bd8f178a9b993e9c9e9e93c0179130,1,2c6c5761d3367fd186effcf2922d125e,ad420dd0c4f92f8af951ac24b86d0cf5,2017-10-11 02:49:34,14.99,25.63
14bd8f178a9b993e9c9e9e93c0179130,2,eaeca85086b0c4f68351e52deb944e16,ad420dd0c4f92f8af951ac24b86d0cf5,2017-10-11 02:49:34,14.99,25.63
14e4354a0f5d87e8db773937a3f2331e,1,293ee8ac0a45f559cdeba37b938fdb66,4a3ca9315b744ce9f8e9374361493884,2017-10-19 13:49:23,55.6,17.96
14f0429b74bbb862693e5a88af6f6f6a,1,5bfc7506459ae2a7b4b573fe557a58e1,4a3ca9315b744ce9f8e9374361493884,2017-10-30 03:49:29,69.9,6.03
14f0429b74bbb862693e5a88af6f6f6a,2,be4f6fe1a36e3a7abc3c966be0925070,d20b021d3efdf267a402c402a48ea64b,2017-10-30 03:49:29,22.9,4.52
14f0429b74bbb862693e5a88af6f6f6a,3,314fa2ee03eff6af10bc8f7ff0c4dc9f,d1c281d3ae149232351cd8c8cc885f0d,2017-10-30 03:49:29,58.99,30.16
15006f85b1559aaab8fc9798055d0e94,1,4cc8bfa581f41841ce5e24aba773a44a,1835b56ce799e6a4dc4eddc053f04066,2017-10-25 10:14:31,56.99,12.74
1508d47584249ae1045eb47cf1653ded,1,aede48631330269f65a8d680de491657,dbc22125167c298ef99da25668e1011f,2017-10-25 14:07:38,83.9,14.32
150fae57c8b1d3015eb9f7147073cb81,1,f35927953ed82e19d06ad3aac2f06353,669ae81880e08f269a64487cfb287169,2017-10-23 10:28:03,115.0,26.09
151bc75d5cb7b7cf250eee3e3277dead,1,66a0a6e02b7f543e5b021ce361f267d4,7a67c85e85bb2ce8582c35f2203ad736,2017-10-19 11:50:04,119.99,18.09
152c2472d13abe1c989b66d0a8c2dac9,1,44907e5763ed2255fff21e4fb12a635a,b45d7ebfb7378630f1bcd74b6ff86ff7,2017-11-20 15:14:09,59.9,18.96
152caeaa0e795b4b0def4ce51a118dda,1,75936c7c56bb713ac42fd32183535958,36a968b544695394e4e9d7572688598f,2017-10-26 16:49:24,169.9,16.95
1534abac962760cbb058568f7dffc105,1,8c591ab0ca519558779df02023177f44,a1043bafd471dff536d0c462352beb48,2017-11-02 22:35:15,89.99,50.5
153d4e278c168447fd03d0f8494f7f03,1,2028bf1b01cafb2d2b1901fca4083222,cc419e0650a3c5ba77189a1882b7556a,2017-10-24 11:14:13,56.99,14.15
155809b08fd56a13a541ff3ea4e9db2a,1,7c1bd920dbdf22470b68bde975dd3ccf,cc419e0650a3c5ba77189a1882b7556a,2017-11-03 13:14:25,58.99,16.66
156824260a71270937eda941cd291a58,1,fe6a9515d655fa7936b8a7c841039f34,dc317f341ab0e22f39acbd9dbf9b4a1f,2017-10-19 19:28:14,249.9,74.7
1578453b93b542fbde0dd65c46a7dbf7,1,7b717060aa783eb7f23a747a3a733dd7,c0563dd588b775f2e37747ef6ad6c92c,2017-10-30 01:14:07,139.9,9.79
157ce7659b9b7262b5f2676b198356eb,1,5d0a7cb413c5b59233c57177fe2f20b0,fa40cc5b934574b62717c68f3d678b6d,2017-11-03 10:15:13,49.9,7.78
157fa4382ef233561294d5b9e279df5c,1,c6336fa91fbd87c359e44f5dca5a90ed,4c2b230173bb36f9b240f2b8ac11786e,2017-10-16 19:15:42,45.9,8.72
15a67f90313578833383de224d57675b,1,276a758b93931a65bf302f5b052678d9,1127b7f2594683f2510f1c2c834a486b,2017-11-07 04:26:37,65.23,12.8
15a67f90313578833383de224d57675b,2,276a758b93931a65bf302f5b052678d9,1127b7f2594683f2510f1c2c834a486b,2017-11-07 04:26:37,65.23,12.8
15d975f1c3d089ac26a9b8b40df63d7b,1,b659034bc6cfc3d9baeda101c0c281fe,834f8533b2ecb6598dd004ff3de7203a,2017-10-30 17:49:27,88.6,20.11
160fec373d1524d70a0adcc4922e3f5f,1,5f96ea82b7c80d875fd5337033db3b6e,0ea22c1cfbdc755f86b9b54b39c16043,2017-11-07 20:10:23,34.9,15.1
163ad1666638554c03eff2545773c4b3,1,892198c42c50014fa460d71bed876d7b,7d76b645482be4a332374e8223836592,2017-10-09 03:49:16,29.9,14.1
163f329bfca575046bce743f0ec1f553,1,595fac2a385ac33a80bd5114aec74eb8,058fd0aa2bfdb2274e05e1ae971dabb6,2017-10-26 16:56:52,142.5,12.5
165a2e916fc69271b37274d45032b3cb,1,d00bce745bd975885049ee1b125ce4ea,7299e27ed73d2ad986de7f7c77d919fa,2017-10-17 04:26:19,69.99,16.93
165db2f7901b38055fe76db6894683d2,1,4ac50dbde931c0a5ed8c33d3dc047351,2e1c9f22be269ef4643f826c9e650a52,2017-10-10 11:04:38,33.49,7.78
1662d64304e6e02a627e29b14898060c,1,86133a2151bd98a3ed2ad758709e6d1b,f27e33c6d29b5138fa9967bcd445b6d5,2017-11-01 02:56:31,59.9,11.73
166848a10d57ced4d9e4b34c593b5627,1,437ae72c066abf24996b52549bbb6432,76833248bbc0e65a0293ec62023e4396,2017-10-16 11:35:12,1699.99,87.73
16a73b59c868ed5c7152b96b0ebc7693,1,1347d4320dcd0acd750e37bb3d94a918,ffeee66ac5d5a62fe688b9d26f83f534,2017-10-25 23:28:21,129.99,77.98
16c8f9fcd71cc027920cc259a7b1b604,1,995f41643437250fce96885e56dd05d3,a36b125ac6d5fdbc7f50de85c9157bdc,2017-11-06 12:27:33,49.99,11.85
16da11712ebb71eea9d451ac99d0bc52,1,34b91723112fa9ebf6b4d6b4db4a6741,850f4f8af5ea87287ac68de36e29107f,2017-10-26 13:49:47,579.0,20.3
16e149da07062935e510ddb0f573299b,1,fa05a3cc2d44ecc49e3e6c5a80958845,0bfd0b434243adc5c2e1aa6baf19c6aa,2017-11-08 22:28:28,69.9,14.24
16f4a05a36f470dbed1f1c2ca6e2a616,1,0aabfb375647d9738ad0f7b4ea3653b1,37515688008a7a40ac93e3b2e4ab203f,2017-10-06 11:49:24,19.9,15.1
16f7bcfa3d20c4e61a2ae69c2132d25e,1,97373049bc86f3b3245c07a56795b2d7,5656537e588803a555b8eb41f07a944b,2017-10-18 10:49:20,46.89,16.79
16fd7497db9ad42ca340acfda623c1e9,1,4ce6c1b5cfe26c9f980438fc1c810f8d,d51e0a403fe2e689ece6c73359d96e12,2017-11-07 08:49:13,255.0,19.04
16fd7497db9ad42ca340acfda623c1e9,2,4ce6c1b5cfe26c9f980438fc1c810f8d,d51e0a403fe2e689ece6c73359d96e12,2017-11-07 08:49:13,255.0,19.04
16ff340ba4219b1117ea9ec2ea0a6b47,1,c9e6b23635a83b700579ba235b53eaf3,77530e9772f57a62c906e1c21538ab82,2017-10-27 00:45:44,299.0,22.58
17154f3e0cb2f2ecf1f80653696ec3eb,1,4d9e8a6d8d07e4f47e093b8c2999ae01,e9d99831abad74458942f21e16f33f92,2017-11-07 21:31:11,38.99,8.72
17154f3e0cb2f2ecf1f80653696ec3eb,2,4d9e8a6d8d07e4f47e093b8c2999ae01,e9d99831abad74458942f21e16f33f92,2017-11-07 21:31:11,38.99,8.72
171943be812c8876efe42743bb176c04,1,dca43bf1f5d44f76105f0633b7fd7ea1,95e03ca3d4146e4011985981aeb959b9,2017-10-24 20:28:23,95.0,18.91
171a55934d8bc5775c30ce0537f5e4cb,1,df4fd40ed581541a23712510b6ef6588,6338ea67c41078a46ad99cc009654956,2017-11-03 02:55:24,42.9,16.11
174118fa0e1dc8d43eaea511a68402e0,1,981a5c407ac880b5bcbabb9436825238,4d8809767a5bafe22909c77951fb6b41,2017-10-31 17:28:24,50.0,8.72
1747c5b6d79e2facdab870f3ba6c6839,1,6cdd53843498f92890544667809f1595,ccc4bbb5f32a6ab2b7066a4130f114e3,2017-10-17 14:49:33,349.9,18.21
174e79bb542ecdb5565ec80e1c2d1faf,1,b0ff378136f25567d2913b3bf7fd7ea1,c3867b4666c7d76867627c2f7fb22e21,2017-10-11 01:35:20,218.0,14.55
17547f11b8930d4e945f484ec24b1154,1,624a71194ff2a5badf71b7870f88f24f,2dee2ce60de9709b1a24083217181a1f,2017-10-23 11:56:29,108.0,18.33
175d5d1ff76c0ea865a58e125e22743d,1,de845f191115e91fadc9624c144488c7,87142160b41353c4e5fca2360caf6f92,2017-11-07 21:35:14,279.0,51.82
1777f6d0dafb34a24cffac1c7ad5d618,1,c24d97e07dcb8f32a8bfbe755731950a,cfb1a033743668a192316f3c6d1d2671,2017-10-29 22:06:36,194.9,30.15
178b158907db264674bbb552dd781169,1,c4baedd846ed09b85f78a781b522f126,a1043bafd471dff536d0c462352beb48,2017-10-25 16:49:42,99.0,22.83
178ca782e5105b917275138274960c52,1,0bcc3eeca39e1064258aa1e932269894,1f50f920176fa81dab994f9023523100,2017-10-18 10:20:16,59.9,17.67
17903614dfca588bfc80bd00f94dd8d2,1,a47674ec5bdc46617bc532a9839390db,d71d863e5ef30d94e440c11be17dcd8f,2017-10-19 20:23:09,79.0,15.31
1797ee9d6bb9bd0edfc40d6dc7320c8e,1,b98546b83abd474d9517e36a1eddbc22,bba74270a87732727b5a3b4fd9ac1c39,2017-10-24 17:14:24,36.99,13.37
17a99f37c9e5cdf9e15df2b7d7e4df3a,1,4d0322b5ddf89ce6a3564aca2e261a3a,05feb94f19d094d4b0f9281f0b1d4c99,2017-10-05 22:35:24,1688.0,67.21
17aa9a5c5b88ebd15ca795d8058eccad,1,99a4788cb24856965c36a24e339b6058,4a3ca9315b744ce9f8e9374361493884,2017-10-25 18:56:25,89.9,21.12
17afe0bafc1638d46b55c1d56b393015,1,0aabfb375647d9738ad0f7b4ea3653b1,37515688008a7a40ac93e3b2e4ab203f,2017-10-16 12:23:05,19.9,11.85
17afedb7e5fad837f54bacf5c66c99f8,1,016f3b29107ed03252e477b08445cec4,35857757f553273b1056c1cabdace7fb,2017-10-05 11:35:13,54.9,16.01
17affe817f6b2a24ec4a9b5bb67a1671,1,d6160fb7873f184099d9bc95e30376af,53243585a1d6dc2643021fd1853d8905,2017-10-11 18:25:22,1599.99,27.85
17c27a26080bebdb67c4807b9b51b8ff,1,79d7da51bcd8d7722a6db7b3c285e218,751bdc4d83a466c7206cd42e8f426b03,2017-10-17 23:34:03,69.99,34.29
17c6fca3637ae29093221f080840ff9e,1,548ace38f22cc53db6f049c551d31397,79ed755314cfe6df0daef2c6cd3022cd,2017-10-26 17:49:30,179.9,17.02
17e5131fe1d4b1a8dc14d4a66914f9d7,1,422879e10f46682990de24d770e7f83d,1f50f920176fa81dab994f9023523100,2017-10-18 18:55:17,59.9,13.44
17e8356af05cf890ac4604347b3c17a6,1,588531f8ec37e7d5ff5b7b22ea0488f8,53243585a1d6dc2643021fd1853d8905,2017-10-17 20:56:18,1437.0,42.51
17f6b36b21f52d18d86ad4b667495d03,1,dfb97c88e066dc22165f31648efe1312,8581055ce74af1daba164fdbd55a40de,2017-10-26 19:35:14,139.0,27.29
17fc4628dc62ac11a17e27e75ae9afdc,1,2136c70bbe723d338fab53da3c03e6dc,6560211a19b47992c3666cc44a7e94c0,2017-11-03 21:44:48,29.0,7.78
180b4ae191a63f7b4b84273c98470fef,1,4aa6014eceb682077f9dc4bffebc05b0,b8bc237ba3788b23da09c0f1f3a3288c,2017-10-13 11:49:27,269.99,46.35
1825a3f130b2692290f29b53f5dd1c66,1,9ddd762ee8a13576a809dc66f22aa2b5,da8622b14eb17ae2831f4ac5b9dab84a,2017-10-19 10:49:22,219.9,17.17
1844430a4130a112771839a244829457,1,42a2c92a0979a949ca4ea89ec5c7b934,813348c996469b40f2e028d5429d3495,2017-10-15 22:56:20,59.9,14.13
184470638d1eed17dd8215b62c63221d,1,d03b85d1b98bbeb63b41182721312e17,db4350fd57ae30082dec7acbaacc17f9,2017-10-31 15:46:15,21.99,25.63
18530f1c685d2cb6b271cba538274056,1,2a5806f10d0f00e5ad032dd2e3c8806e,7c67e1448b00f6e969d365cea6b010ab,2017-10-31 09:28:19,169.99,36.85
185567188e9560063ce82e8a30f82e03,1,53759a2ecddad2bb87a079a1f1519f73,1f50f920176fa81dab994f9023523100,2017-10-10 10:28:14,59.9,17.67
185567188e9560063ce82e8a30f82e03,2,368c6c730842d78016ad823897a372db,1f50f920176fa81dab994f9023523100,2017-10-10 10:28:14,59.9,17.67
18566c7a35287580c5ae220d2e5c84f4,1,223d34a3d9334039f5ff9511dc044bbb,53243585a1d6dc2643021fd1853d8905,2017-10-17 21:49:47,246.62,28.27
1860bb27ce7233f70443a1abacfca7a4,1,0c22c51625fc11357a8356efa31fe89f,81ed90f07c0bacb7594940ba2ef676aa,2017-11-03 02:55:17,149.0,18.29
186e57039f508947e4bdc91cf933b1bf,1,422879e10f46682990de24d770e7f83d,1f50f920176fa81dab994f9023523100,2017-10-22 22:32:54,59.9,17.67
186e57039f508947e4bdc91cf933b1bf,2,422879e10f46682990de24d770e7f83d,1f50f920176fa81dab994f9023523100,2017-10-22 22:32:54,59.9,17.67
18764fc087692375474d650fd8eda879,1,ae7d8348fbef50928a680454fffbca00,a3a38f4affed601eb87a97788c949667,2017-10-19 04:36:33,69.9,25.77
188368c093f06fe58e813bd61137b3e1,1,1a3ed2c0aa5c7beccd817b6b71282e99,7178f9f4dd81dcef02f62acdf8151e01,2017-10-23 23:07:07,59.9,25.7
1888f26c742f0f49046de7b25b975fc1,1,742a85d0c5a5b777484c139c7c07bd0d,23613d49c3ac2bd302259e55c06c050c,2017-10-09 19:28:10,89.9,25.47
188ee57c8c41550345490675b44167be,1,88ef4dcecbad145f927ebce34fbdde97,850f4f8af5ea87287ac68de36e29107f,2017-10-10 17:35:22,539.0,21.02
189a53cf93264d51ff7b5a92601c7a34,1,cd6efbd49aaf6ab8c3eb9605aae7e942,1da3aeb70d7989d1e6d9b0e887f97c23,2017-10-26 12:07:16,19.99,7.78
189a53cf93264d51ff7b5a92601c7a34,2,cd6efbd49aaf6ab8c3eb9605aae7e942,1da3aeb70d7989d1e6d9b0e887f97c23,2017-10-26 12:07:16,19.99,7.78
18a2975cf60c93ee6d1b866f3f040633,1,e2e426d1332240070b0a836a854d057b,cce6ab8d1682639fe45ab70234f1665f,2017-10-13 16:49:29,40.0,17.6
18ba3d012aee2a0c106807bff9be53c5,1,6109d0cae3bcb57d579bc0fab6e61814,dbc22125167c298ef99da25668e1011f,2017-10-13 02:14:10,84.9,14.32
18c89078cd21364b7ad7f4d652e0cb84,1,500870614ddcf5bd84f7d26861026c8a,ef506c96320abeedfb894c34db06f478,2017-10-23 17:46:06,25.99,7.78
18cd6a9b0923b2bbedcd5f6751ce3737,1,601a360bd2a916ecef0e88de72a6531a,7a67c85e85bb2ce8582c35f2203ad736,2017-10-19 12:14:19,119.99,18.09
18dcad31c503873cc41e0ed48581b80c,1,4db04f1ae830079ac83e0fc9c63216a3,7e93a43ef30c4f03f38b393420bc753a,2017-10-31 17:35:18,150.0,9.24
18dd8615f61fd478f88cac66f1e5c00f,1,2291d090b69f60fc0ffd95ae394daa77,c847e075301870dd144a116762eaff9a,2017-10-24 03:09:11,109.9,36.09
18edd05059b88de37d5667ff54a192bd,1,b0961721fd839e9982420e807758a2a6,1f50f920176fa81dab994f9023523100,2017-11-03 00:28:03,59.9,18.0
18fa032cf65a1c5c2820d16276b4741a,1,854dea7019a248cec54711ded4744e30,fa1c13f2614d7b5c4749cbc52fecda94,2017-11-07 19:30:13,349.9,16.2
18fd191bbcbb295354d8d5a6f299206d,1,e1e932dfb67414e80b87ad97688cf2a3,fde0cc9ea29c8ccfc0a2c22256a58c71,2017-10-18 14:45:47,99.0,23.01
19171b9b900193fe84dc711a2dffe56d,1,c80525a7dab2df6000ca88a2e7197323,2a5b78b41cd05baeac8df54c6606b92c,2017-10-12 21:56:28,157.77,15.85
1919a9eacb9ae555e3125f1ce713fe1a,1,aa8d88eb4b9cb38894e33fa624c4287f,6560211a19b47992c3666cc44a7e94c0,2017-11-03 21:26:40,55.0,7.78
1921024da7f9d26bae5f85b4e382fe07,1,bdb4be6ce2f7f2b5be0a16088028c7fc,955fee9216a65b617aa5c0531780ce60,2017-11-07 10:15:27,85.0,14.2
19259f0b5b74280e512323b689882554,1,54bb3470c28291c7252832f0437ca469,da8622b14eb17ae2831f4ac5b9dab84a,2017-10-13 18:26:04,39.9,16.11
192fa3a13695ed2ce3bb341e3313d69d,1,657aa59c6c58816ddc4f86c51a2759c9,bfd27a966d91cfaafdb25d076585f0da,2017-10-22 22:49:22,129.0,18.15
1932b344119786d8f945d699f339ee91,1,461f43be3bdf8844e65b62d9ac2c7a5a,4869f7a5dfa277a7dca6462dcf3b52b2,2017-11-07 10:28:48,146.0,34.82
19546679faff011a366725587c0d944d,1,aca2eb7d00ea1a7b8ebd4e68314663af,955fee9216a65b617aa5c0531780ce60,2017-11-09 02:15:37,75.0,10.51
19546679faff011a366725587c0d944d,2,aca2eb7d00ea1a7b8ebd4e68314663af,955fee9216a65b617aa5c0531780ce60,2017-11-09 02:15:37,75.0,10.51
195dc38d3441455e6f25b23f9cd6afc3,1,4a69bf67fa5c94b8e301ef9c94950755,c0563dd588b775f2e37747ef6ad6c92c,2017-10-26 18:56:28,139.9,15.74
1962912d9cd5fccb64ac53c3811a2ce1,1,1c56f826f3a1fdf255e3fb5fa7637d3e,325f3178fb58e2a9778334621eecdbf9,2017-10-26 18:56:20,19.9,7.78
196750f3a540bf20f0d449337221bd1f,1,a4d44eb9f68b301db3a15c9a346f395c,bfd27a966d91cfaafdb25d076585f0da,2017-10-18 02:14:09,229.0,26.44
197d84e2ece06ce7dadc32767ef5bf0e,1,396fb20791c69a78b3ec80ccc7e9edad,fa1c13f2614d7b5c4749cbc52fecda94,2017-10-18 08:14:19,129.9,15.66
19ba831bc3128a65996fed4c4c4823ee,1,bf66f5d110af02b50af37038afe90bd9,66922902710d126a0e7d26b0e3805106,2017-10-09 04:23:59,25.0,2.81
19ba831bc3128a65996fed4c4c4823ee,2,a4aa7c1427c31344e5f7cc3d839fe562,66922902710d126a0e7d26b0e3805106,2017-10-09 04:23:59,95.0,37.51
19c36691fd116059bf49b7960f1db743,1,94972ba3b1856e8453d8a0b4d522aa36,1900267e848ceeba8fa32d80c1a5f5a8,2017-11-01 03:09:41,14.0,6.47
19c36691fd116059bf49b7960f1db743,2,46d9734c42793de762a7ca5db95ecdd1,1900267e848ceeba8fa32d80c1a5f5a8,2017-11-01 03:09:41,15.0,32.36
19c36691fd116059bf49b7960f1db743,3,94972ba3b1856e8453d8a0b4d522aa36,1900267e848ceeba8fa32d80c1a5f5a8,2017-11-01 03:09:41,14.0,6.47
19c85c4f70bebdba25d77c3881cffb2b,1,eebbed5ed3b134eceb717496c47652ba,d1c281d3ae149232351cd8c8cc885f0d,2017-10-13 15:14:38,99.99,21.19
19cafdf7469104c432959892a04920a2,1,e791e580a2421e4471aebb0629c705c1,9f505651f4a6abe901a56cdc21508025,2017-10-31 21:07:15,13.99,25.63
19d4c970e6cc7d33e2669b256238e307,1,a096400f2b6fbe9c868f7dd5f1333e5a,cbd996ad3c1b7dc71fd0e5f5df9087e2,2017-11-10 03:30:17,43.2,15.1
19e2f4888f56504ec0f7e0765c9e36dc,1,001795ec6f1b187d37335e1c4704762e,8b321bb669392f5163d04c59e235e066,2017-11-03 18:30:22,38.9,8.72
19fa597ff1023ec1294c43cee05955e1,1,0f784f8f15179b9e101beb85796efc1a,92d14edfb62ee5ae7fdff70b0f4e7233,2017-10-25 14:28:22,26.0,11.73
19fa597ff1023ec1294c43cee05955e1,2,0f784f8f15179b9e101beb85796efc1a,92d14edfb62ee5ae7fdff70b0f4e7233,2017-10-25 14:28:22,26.0,11.73
19fb3160f1bdded8463061ab9385fbfc,1,00f179926ae5965cd6ff548d765d8a61,8b28d096634035667e8263d57ba3368c,2017-11-03 02:50:09,15.87,15.1
1a03dc5bbc2707562b5874fa0253154f,1,0c159d7ce798ebc726ad977f9ade848a,1127b7f2594683f2510f1c2c834a486b,2017-11-01 17:31:53,79.95,14.31
1a0947b062b99b0dddceccfdf2405039,1,3b91132e7eebaa17b615edbcdb5baa8e,5656537e588803a555b8eb41f07a944b,2017-10-13 17:26:36,140.89,27.53
1a0947b062b99b0dddceccfdf2405039,2,3b91132e7eebaa17b615edbcdb5baa8e,5656537e588803a555b8eb41f07a944b,2017-10-13 17:26:36,140.89,27.53
1a0947b062b99b0dddceccfdf2405039,3,3b91132e7eebaa17b615edbcdb5baa8e,5656537e588803a555b8eb41f07a944b,2017-10-13 17:26:36,140.89,27.53
1a0947b062b99b0dddceccfdf2405039,4,3b91132e7eebaa17b615edbcdb5baa8e,5656537e588803a555b8eb41f07a944b,2017-10-13 17:26:36,140.89,27.53
1a2b31addf5b14004c2064dfc912ed79,1,efeaa7462b9fac16b6684016efd28fd2,b2ba3715d723d245138f291a6fe42594,2017-10-18 16:09:35,209.9,16.23
1a3ccc1695931b2cb7a95065e0c81e4b,1,b1acb7e8152c90c9619897753a75c973,cc419e0650a3c5ba77189a1882b7556a,2017-10-26 02:56:40,34.99,9.26
1a3ccc1695931b2cb7a95065e0c81e4b,2,2b4609f8948be18874494203496bc318,cc419e0650a3c5ba77189a1882b7556a,2017-10-26 02:56:40,89.99,22.22
1a402828d6f17017c6b85b1f90dea327,1,d1e21bab9f1729613433a8a4374f58fa,669ae81880e08f269a64487cfb287169,2017-10-27 16:56:34,39.99,16.79
1a5c38fbcc67a6ffb19496befa8e96a3,1,a75b732b129c2fe3d8e371dd8333cd00,78a4d36f65a019172c6154468831a69f,2017-10-26 00:56:29,228.0,27.0
1a5c3dad7f8ccf75ce213a3726a25af2,1,54d7ad85b648d3cb2b7069ed446d7f35,25c5c91f63607446a97b143d2d535d31,2017-10-30 03:56:38,149.91,59.49
1a6106220209223cef1d0e09d629c677,1,846145e9b8d412bd1c9bb478a52ab4a0,432c37c9dfba871172ec162e20118b8c,2017-10-19 11:49:17,25.0,15.79
1a62946a1ba2a18532e900bc385e972f,1,0aabfb375647d9738ad0f7b4ea3653b1,37515688008a7a40ac93e3b2e4ab203f,2017-10-30 03:15:07,19.9,15.1
1a783a61e77481647e463b2ea0f911a2,1,a4fdd00347db855f614a18bf51606df5,6d803cb79cc31c41c4c789a75933b3c7,2017-10-18 14:49:23,179.9,18.51
1a867802edf4f74cef9de8cfe691e5f3,1,5804729aafca1ebee7b26895d830586e,d94a40fd42351c259927028d163af842,2017-10-06 12:49:26,139.0,25.81
1a9324555dd1b3d5bfde1ebbe9f765b2,1,de480e3ae31eea2d2d97d694c43172fc,1838dd9b8977065acf51d95e0053ea7a,2017-10-09 06:34:15,28.9,14.1
1aaf27bab389531a50d1a6b86c24e6b7,1,d982791b03ad95faaa03fc746ad04672,f08a5b9dd6767129688d001acafc21e5,2017-11-07 16:15:15,935.0,33.93
1ab25645a921fdbe187d77753727daa9,1,87b73d2916d30401b87dff20844af6db,17e34d8224d27a541263c4c64b11a56b,2017-10-18 16:45:56,103.46,15.47
1abad641fc19ed94a5eefb34fecbfc0d,1,cae79e3b5c787c231543fa415a20b5cc,56642bcb79900e777d68e91915cb4267,2017-10-25 17:35:18,25.0,15.1
1abad641fc19ed94a5eefb34fecbfc0d,2,cae79e3b5c787c231543fa415a20b5cc,56642bcb79900e777d68e91915cb4267,2017-10-25 17:35:18,25.0,15.1
1ac07c9b7a1884eef11bf47d3630dd74,1,7fb04722aba7a2b632bac8f9819796f3,f3b80352b986ab4d1057a4b724be19d0,2017-10-23 09:14:10,79.9,19.8
1ac1cd9823b09ef5a14a07fdac1aee94,1,e806a78165ce0f336140978e90640d27,23d7c96d4a1160db1c726b248601b25a,2017-10-10 10:56:13,159.9,14.14
1aca9e580244f9953137f85a9eb5d143,1,6a1a04054158fe995e1688d8f79605b2,9616352088dcf83a7c06637f4ebf1c80,2017-10-16 07:49:19,59.9,35.74
1ae3a362085a74b0934c19b2533b9265,1,20317fb1b6bc61c03c53d595462f4e96,dc4a0fc896dc34b0d5bfec8438291c80,2017-11-01 14:56:22,62.7,16.07
1b0bc086985717610dbca11d3324771c,1,1e618d311a1b7f88a9d96ec50aa85582,d94a40fd42351c259927028d163af842,2017-10-26 14:21:18,129.0,18.52
1b151132de254c39a49f595684c80b41,1,4630761de87581e8b659dc77bb7eb4ee,dbc22125167c298ef99da25668e1011f,2017-11-01 19:07:09,72.9,35.83
1b151132de254c39a49f595684c80b41,2,ca753b1e379d59868172ac9d8d62d14f,dbc22125167c298ef99da25668e1011f,2017-11-01 19:07:09,72.9,35.83
1b2e44e830918f5c5e04b447ba4e9060,1,36c2fb4fa746273709c373f6d6ec6796,00ee68308b45bc5e2660cd833c3f81cc,2017-11-07 00:15:21,70.0,11.73
1b3550f21eaa62e5626ebc18a3def944,1,06bf70b6e1d67d96308235ef350edc61,2c9e548be18521d1c43cde1c582c6de8,2017-10-17 04:28:14,89.9,14.38
1b37c11d1b330f2f5a3ad3676bb9c07d,1,0414ce6ba3643b59fd1e5c8e146c1d8d,238fac594e170b59c6d228f5a4f4f1d9,2017-10-13 10:56:15,65.0,17.7
1b45f3d92af5691c2409e2a40332875b,1,3d36ef6c6d553500f4240920658689e3,46dc3b2cc0980fb8ec44634e21d2718e,2017-10-05 16:28:17,299.99,18.35
1b4a0e6b19d0034b531655b41ea89623,1,9e10ae46a3021a02f1692448ef9fa1db,8b28d096634035667e8263d57ba3368c,2017-10-06 08:56:53,37.9,11.85
1b4d9a7458ed02052dc6311884a2b1d6,1,87d780fa7d2cf3710aa02dc4ca8db985,da8622b14eb17ae2831f4ac5b9dab84a,2017-11-10 08:05:56,99.9,17.95
1b64aaf7875fa6e17e1a2013a03ef46b,1,523adcd9eeda8b1adc61c990e5c0042b,8bb48dc19fccaa8613b6229bf7f452a2,2017-10-24 10:07:23,24.0,11.85
1b737f58cb00f95d1513899b6e637eba,1,6b3c88110203820df52c762cd2d2e80f,25e6ffe976bd75618accfe16cefcbd0d,2017-10-18 16:35:12,55.5,9.34
1b9c491d2bd15c21c2e2cfdda8769335,1,46ca9515def9ceb56e338c86ca765ba1,18a349e75d307f4b4cc646a691ed4216,2017-10-30 02:49:21,48.0,19.59
1b9c491d2bd15c21c2e2cfdda8769335,2,46ca9515def9ceb56e338c86ca765ba1,18a349e75d307f4b4cc646a691ed4216,2017-10-30 02:49:21,48.0,19.59
1b9c491d2bd15c21c2e2cfdda8769335,3,46ca9515def9ceb56e338c86ca765ba1,18a349e75d307f4b4cc646a691ed4216,2017-10-30 02:49:21,48.0,19.59
1b9c491d2bd15c21c2e2cfdda8769335,4,46ca9515def9ceb56e338c86ca765ba1,18a349e75d307f4b4cc646a691ed4216,2017-10-30 02:49:21,48.0,19.59
1b9c491d2bd15c21c2e2cfdda8769335,5,46ca9515def9ceb56e338c86ca765ba1,18a349e75d307f4b4cc646a691ed4216,2017-10-30 02:49:21,48.0,19.59
1b9c491d2bd15c21c2e2cfdda8769335,6,46ca9515def9ceb56e338c86ca765ba1,18a349e75d307f4b4cc646a691ed4216,2017-10-30 02:49:21,48.0,19.59
1bc7db82fdfd333b6bc74fa6643c694b,1,0db04bfc9ca0d0dc2c530e7f2d023160,870d0118f7a9d85960f29ad89d5d989a,2017-10-11 07:14:16,42.9,17.97
1bc7db82fdfd333b6bc74fa6643c694b,2,0db04bfc9ca0d0dc2c530e7f2d023160,870d0118f7a9d85960f29ad89d5d989a,2017-10-11 07:14:16,42.9,17.97
1bd0359d89e511c3c49753133e831bb8,1,d2f2c2b94c6ac44ece0bd0dd202c7939,710e3548e02bc1d2831dfc4f1b5b14d4,2017-10-19 12:14:35,35.99,46.88
1bda6a57a0819d9483894ff53a9fb742,1,c92f0e7b9d49a9543558d6532772441b,5dceca129747e92ff8ef7a997dc4f8ca,2017-10-25 02:56:58,147.9,37.13
1bed42b5193345848c17de4d32e42a5d,1,a5b3765e039c488320f7a082460b1894,4e7c18b98d84e05cbae3ff0ff03846c2,2017-10-10 16:04:37,10.0,15.1
1bfde5e32fa7b177c2c0f313c67ee333,1,17da5d80ea0eeabd565083183027d588,e9779976487b77c6d4ac45f75ec7afe9,2017-11-06 08:30:17,65.0,16.21
1c01393da2894cbd6b7225c45425ebf2,1,652698dafbccac29d78c7ba70dceef10,44073f8b7e41514de3b7815dd0237f4f,2017-10-19 07:00:11,65.0,18.99
1c1f7eae34c850ca47fe6b8305995c79,1,36f60d45225e60c7da4558b070ce4b60,229c3efbfb0ea2058de4ccdfbc3d784a,2017-11-07 18:30:22,167.0,14.92
1c31afd294c1f1247b7d61bd29296562,1,3cfabfc4cf61ee4c29199d346f5653c1,a673821011d0cec28146ea42f5ab767f,2017-10-26 18:26:01,79.9,17.81
1c366a6fab2801f8b19036b3fc66ef17,1,964dd0fcba2ca4eff8e31ec74a77d41d,259f7b5e6e482c230e5bfaa670b6bb8f,2017-10-08 22:28:16,35.99,16.6
1c366a6fab2801f8b19036b3fc66ef17,2,964dd0fcba2ca4eff8e31ec74a77d41d,259f7b5e6e482c230e5bfaa670b6bb8f,2017-10-08 22:28:16,35.99,16.6
1c4c5941a5469a3259096232a68c3e70,1,741e14d6cfe9c7dfcace49c4a0989bf3,adbc26658d6c7b4b6219f9d934598091,2017-10-31 15:28:38,130.0,18.16
1c5ea09d670777647e55f734e3d784b2,1,7eb9c68704af5effea1cee6f3a6b4b4b,7142540dd4c91e2237acb7e911c4eba2,2017-11-17 12:35:11,84.9,13.61
1c68c68cddc15f7e365dc53a0e91e8f5,1,f0f5a9211c208c91441a70cb5241214e,e9779976487b77c6d4ac45f75ec7afe9,2017-11-03 00:45:47,76.49,8.28
1c8453ac180e833c992dc135bd9302c5,1,f7bb503725fb4d7bb55301d5bceba728,55a5b51f93f2b70ea513f5a047b0262a,2017-10-05 16:07:19,99.7,17.14
1c8e00e4aaed0f2b8d35db6abcd8e512,1,f9207fac331224217b3ee2db75d7a49b,77530e9772f57a62c906e1c21538ab82,2017-10-19 19:33:53,59.9,15.17
1c9d3054ad510a747ec88979fc23ba1b,1,855b12ca88fe958e9076503d8c716c4e,dbc22125167c298ef99da25668e1011f,2017-10-17 13:40:13,36.9,17.92
1c9de8c33db00893baeef2b9d1035bc7,1,37069e4948699834521d16065d934abd,5160d23075764e18e07c1f4a87fad743,2017-10-09 17:56:27,45.0,15.11
1ca552f5ea38aeab2f2c52a03fa32942,1,10876ffa7227a74d878729d3f6bea35d,dd7ddc04e1b6c2c614352b383efe2d36,2017-10-18 09:28:19,49.9,13.08
1cb784620db9daf2fb6c870684c2aa1f,1,af2d506fb01b724e03591349ad36b67e,4b9750c8ad28220fe6702d4ecb7c898f,2017-10-18 13:56:24,48.9,16.11
1cdc67161aa715aed86ab60be5ca8fef,1,a12fc4a1c79238df0015e1a0c48f0314,da8622b14eb17ae2831f4ac5b9dab84a,2017-11-08 00:31:12,119.9,18.0
1ce39c59919c8b2e788a6e5e3ce6e418,1,e2b02dadb01104e3f9f588311b3f2612,3bb548e3cb7f70f28e3f11ee9dce0e59,2017-10-20 11:49:41,109.9,12.9
1cfcd5c4f5a2993d6afb0d7b0227bbbf,1,a10e0fcb1c409869c3c6da4eb13b7612,855668e0971d4dfd7bef1b6a4133b41b,2017-11-07 22:10:28,50.0,17.6
1d037b45a3e5aa5599d4c06a31bc6ffd,1,9fc98e39f04be8e382d8aa5e259f5489,d2374cbcbb3ca4ab1086534108cc3ab7,2017-10-30 18:28:09,44.9,12.69
1d1cd1be4eb8ccedea997348b859065d,1,e7261ba9b589b73ac45411a15058403e,f6122bc84774df1b372bdb3bb88ddb9f,2017-10-10 09:56:22,1399.99,27.05
1d205ebf60a8861d97019102c645668b,1,6c3effec7c8ddba466d4f03f982c7aa3,37515688008a7a40ac93e3b2e4ab203f,2017-10-19 19:33:36,19.9,11.85
1d28088d0d3f5967393dad85006377b2,1,7c4a8bec217df1de0df2b5aaf8175b65,7040e82f899a04d1b434b795a43b4617,2017-10-11 03:04:21,19.9,7.78
1d297b4800ed1a3c5b0944d84c01ee99,1,ac934f1d1da9eb814b1158a2b5e20cf5,0241d4d5d36f10f80c644447315af0bd,2017-10-18 10:14:14,89.0,25.17
1d549356573aec2c60e329901bdba77e,1,983a67406e3e74f6b7b27168cf61d6d8,cd68562d3f44870c08922d380acae552,2017-10-18 23:28:16,239.0,35.47
1d6d9a8de318b9f17f16afee53adc469,1,d950ce1f38b6772552be4523baf94c7a,ebd2d60905fb58271facef5596b620d3,2017-11-08 03:26:17,59.9,17.67
1da92dd75ffc36cc14317d51cabcc67e,1,ea5e798481ff9bb1edc6823d98d83634,1900267e848ceeba8fa32d80c1a5f5a8,2017-10-13 17:14:11,47.99,16.11
1da92dd75ffc36cc14317d51cabcc67e,2,ea5e798481ff9bb1edc6823d98d83634,1900267e848ceeba8fa32d80c1a5f5a8,2017-10-13 17:14:11,47.99,16.11
1daecbe2a13ab0881c418e978f1e08c1,1,d191e54bd50ba045ac5bc9336572886f,20d83f3ef0e6925fd74bfd59170babf7,2017-10-24 12:49:41,29.9,9.34
1daecbe2a13ab0881c418e978f1e08c1,2,d191e54bd50ba045ac5bc9336572886f,20d83f3ef0e6925fd74bfd59170babf7,2017-10-24 12:49:41,29.9,9.34
1daecbe2a13ab0881c418e978f1e08c1,3,38cd38029795797c97b73421fdad08cf,8602a61d680a10a82cceeeda0d99ea3d,2017-10-24 12:49:41,35.0,4.67
1daecbe2a13ab0881c418e978f1e08c1,4,a50c606310374ff8660bbe03010e021b,20d83f3ef0e6925fd74bfd59170babf7,2017-10-24 12:49:41,39.9,4.66
1daecbe2a13ab0881c418e978f1e08c1,5,dea564fb3ed59db512cb4df9c491c1ef,20d83f3ef0e6925fd74bfd59170babf7,2017-10-24 12:49:41,29.9,9.34
1daecbe2a13ab0881c418e978f1e08c1,6,dea564fb3ed59db512cb4df9c491c1ef,20d83f3ef0e6925fd74bfd59170babf7,2017-10-24 12:49:41,29.9,9.34
1db10009e008df42edeea48899edf595,1,d363e421b1d15376b299089946fed127,870d0118f7a9d85960f29ad89d5d989a,2017-10-10 18:07:15,46.99,25.22
1db10009e008df42edeea48899edf595,2,d363e421b1d15376b299089946fed127,870d0118f7a9d85960f29ad89d5d989a,2017-10-10 18:07:15,46.99,25.22
1db135327d0fc7840c151b4ea5d5a21a,1,d5991653e037ccb7af6ed7d94246b249,25c5c91f63607446a97b143d2d535d31,2017-10-24 02:57:37,137.9,43.34
1db135327d0fc7840c151b4ea5d5a21a,2,d5991653e037ccb7af6ed7d94246b249,25c5c91f63607446a97b143d2d535d31,2017-10-24 02:57:37,137.9,43.34
1dc515b4707d902bf791694a88e51d83,1,d1c427060a0f73f6b889a5c7c61f2ac4,a1043bafd471dff536d0c462352beb48,2017-10-26 16:14:35,149.99,23.85
1ddf18d3e2bd8005383de4ce76165fd4,1,32edb2bfa4cfffed1e335945b86bc872,17ca9b9e9b9ef8fdb529001b49ebb50f,2017-11-06 16:50:29,69.97,16.74
1de11af0216efe10b1cbe006026cf569,1,1f30aacc69904c0d0bf8d05cb2abef72,4a3ca9315b744ce9f8e9374361493884,2017-10-19 15:14:48,135.0,21.44
1de68bbabb4e7529e046e0eb6f6907b3,1,f3a67aed340d9b5f218c2d177cc720e3,dee656f0f566ed1aa85bd137c943f08f,2017-10-26 23:07:17,49.99,11.85
1deb4eb0317ca755e8f5f2f3c3193fbf,1,fa35b4bf358c776e80d08e8079dc1d4e,835f0f7810c76831d6c7d24c7a646d4d,2017-10-17 12:35:54,139.9,14.73
1ded184dd48db815347b0742c2a4da2b,1,50562cf6349c8e6b13a79d9dce87c4c7,4bf2f4ee540798a61f9636d12cd9cc80,2017-11-06 17:08:25,110.0,12.27
1dee115122070f803ca49fe0dba3be48,1,fc623b74602f30f00e2e3ce320b8dafa,b2ba3715d723d245138f291a6fe42594,2017-10-26 03:05:45,114.9,16.56
1e27216416d628fcdc4528fe1cae4c0a,1,577651d818a476142703089bae8e6f7c,86ccac0b835037332a596a33b6949ee1,2017-10-26 15:28:19,38.94,12.6
1e54ddebe12a41afeba0ff4dff0613f8,1,389d119b48cf3043d311335e499d9c6b,1f50f920176fa81dab994f9023523100,2017-10-09 07:49:10,59.9,17.67
1e718fdf3c8a1ab6f3831f7e61ed9e3e,1,6f33a4a09ae1180a0ee1ff4682b2d21f,725c32fa80c2faacc4fc88450d27314e,2017-11-03 14:06:05,139.99,16.74
1e74416e1dbc181320083b6e4402cd10,1,b8c89a9d4b89606a42a4ee8f3cf16d5e,ef506c96320abeedfb894c34db06f478,2017-10-08 22:14:19,22.99,11.85
1e80928c1e41dacaab0a0409f3e0b130,1,7c4a8bec217df1de0df2b5aaf8175b65,7040e82f899a04d1b434b795a43b4617,2017-10-13 05:33:55,19.9,15.79
1ea7acde8dacf11a098d0b85b13cdc0e,1,588531f8ec37e7d5ff5b7b22ea0488f8,53243585a1d6dc2643021fd1853d8905,2017-11-03 16:35:40,1437.0,42.51
1eae54a6465971a0a8814ed25dbafec8,1,29a42e500c8eae1e055a5ad893b46119,f615fe7efbef0f4f08fd3086bc7a3e60,2017-10-16 21:35:35,129.99,16.67
1eb1c9ea2b136f9dd002a9653253f916,1,2b0ee2d07306f7c9ac55a43166e9bb4b,1900267e848ceeba8fa32d80c1a5f5a8,2017-10-26 20:35:16,59.99,12.76
1eb9a93c492ef0337c6855555dea8ae2,1,461f43be3bdf8844e65b62d9ac2c7a5a,4869f7a5dfa277a7dca6462dcf3b52b2,2017-10-23 16:14:57,159.9,12.62
1ebb46fa1c7a6bddbd0362271a096e89,1,95c1a931a9c24a30577e9af5a5c420ea,0249d282d911d23cb8b869ab49c99f53,2017-10-05 12:24:12,36.0,8.72
1ebcf69fa275bb588691ece37ef82a30,1,17c4bd4269902c84acc14c497f282ddb,75d34ebb1bd0bd7dde40dd507b8169c3,2017-11-06 14:35:20,299.99,27.38
1ebcf69fa275bb588691ece37ef82a30,2,17c4bd4269902c84acc14c497f282ddb,75d34ebb1bd0bd7dde40dd507b8169c3,2017-11-06 14:35:20,299.99,27.38
1ec4b633f3c13e37a6207860df692d33,1,97170c28efde1b426f1c52348fe1c086,6560211a19b47992c3666cc44a7e94c0,2017-10-20 21:35:13,129.0,26.18
1ed6e841e1074b772338730aad5285bb,1,ac73a545907ecae37cf969833e3a7959,aced59e9b31ef866a94f9e7f29d8d418,2017-10-13 20:56:30,55.9,16.15
1eeda8dc8c730c5f2a0ebb4e5207ee0c,1,f4685661dba7a38783007afb3e5fe8ac,f680f85bee2d253556ac91be391d2c82,2017-10-23 21:46:11,43.99,9.34
1ef7cb5f7b16f51098a0010102cdde77,1,fc7d2de677b4aec44e4c6c900d3f8b79,4a3ca9315b744ce9f8e9374361493884,2017-10-18 16:49:31,199.9,26.24
1effaa7e1288ba5f3eb6864da4b3f06b,1,7c1bd920dbdf22470b68bde975dd3ccf,cc419e0650a3c5ba77189a1882b7556a,2017-10-27 03:07:35,58.99,19.65
1f03ec4b4ae0bb2870a451ecedbd3644,1,17823ffd2de8234f0e885a71109613a4,46dc3b2cc0980fb8ec44634e21d2718e,2017-10-24 00:49:19,279.99,28.1
1f151cb71f4f48164123b34c0b753ddf,1,b0ee5b44e0d84e8112aba1492bab0a60,478bfe564db21eeb44386606aa30b650,2017-10-19 00:14:21,69.9,16.93
1f26d6dc18f5315e3177b291a579b492,1,fe01b643060a6446e59f58e3021e66b3,2dee2ce60de9709b1a24083217181a1f,2017-10-18 18:36:32,143.0,38.55
1f3be0325231ba927e78b6b517db7455,1,4737840499dd8ffb4c3e54caf8a3ab9a,d93844a9c55ba7ce353388bcf849ea56,2017-10-24 03:14:45,179.9,22.81
1f3be0325231ba927e78b6b517db7455,2,497afaeae8d825d8938d01e92007f654,d93844a9c55ba7ce353388bcf849ea56,2017-10-24 03:14:45,179.9,22.81
1f484f0337419fecf42ab5861ff70ceb,1,ef61c4fb4f364316676e231990ac97e0,46dc3b2cc0980fb8ec44634e21d2718e,2017-10-24 06:49:17,259.99,28.67
1f4c55439dfb0750759521284d322815,1,7fb04722aba7a2b632bac8f9819796f3,f3b80352b986ab4d1057a4b724be19d0,2017-10-12 22:14:25,79.9,18.8
1f640ae3c57af032c880e2814a991e34,1,8368aba9a583e38eb9db42881c92c473,7e93a43ef30c4f03f38b393420bc753a,2017-10-24 10:04:56,859.0,22.45
1f77203b7fe6e2c54ddc8dde5276b9e3,1,3cc4b421c1f28dd22e86fc4aaafb600e,da8622b14eb17ae2831f4ac5b9dab84a,2017-11-08 15:08:45,89.9,17.88
1f84f9ceb5c60dc9d3ecb4bbc0555dfa,1,a282446835c36ab70ca9fd48edbbc4e6,cfb1a033743668a192316f3c6d1d2671,2017-10-29 22:28:20,169.9,18.44
1f87ac3f856bae9e742538bc551bdf5b,1,6dde44b4172999f35f08654d06bad633,7c67e1448b00f6e969d365cea6b010ab,2017-11-10 12:50:11,194.99,17.76
1f87ac3f856bae9e742538bc551bdf5b,2,6dde44b4172999f35f08654d06bad633,7c67e1448b00f6e969d365cea6b010ab,2017-11-10 12:50:11,194.99,17.76
1f89989c5a2afd61cf38495462b55b16,1,d1133fab4bf2da55f3ebdd4de51d8587,86ccac0b835037332a596a33b6949ee1,2017-10-22 22:33:46,58.9,13.56
1fa3578be8d670ef139e0216365d71dc,1,3b473a6b1c280e0345e876648a61a032,4a3ccda38b2129705f3fb522db62ca31,2017-11-03 21:50:17,199.9,12.9
1fb66111a1c0bdc6fdaab7101429f9df,1,fe01b643060a6446e59f58e3021e66b3,2dee2ce60de9709b1a24083217181a1f,2017-10-13 16:42:16,143.0,38.55
1fe7be398f57b2c40691376b673de1bb,1,869c418f22e0c0ed9207ff691f279e46,e63e8bfa530fb16910dd6956e592bb81,2017-10-26 11:07:13,32.9,17.63
1fe8768ce3370c4346be3f5747682f37,1,81f2207ce3ae8962616872cb75497dd2,381c83fdca332ea6afd896da20bf6e4a,2017-10-23 01:07:39,99.0,21.09
1ff2f747b6a41ef8d418ef81411604b8,1,900a1000340c354f62ee5f07f3a080ac,48162d548f5b1b11b9d29d1e01f75a61,2017-11-01 03:09:32,166.0,14.18
1ff2f747b6a41ef8d418ef81411604b8,2,900a1000340c354f62ee5f07f3a080ac,48162d548f5b1b11b9d29d1e01f75a61,2017-11-01 03:09:32,166.0,14.18
2002527d89799a0cfb0adf6f4710bf95,1,3b037eb584c1cf92fb419eab507121c6,4324dd16853115efb0fd9d0d131ba6f4,2017-10-17 18:15:09,78.85,35.25
2002527d89799a0cfb0adf6f4710bf95,2,e59dd207c69d86e890febadc796d1078,e9bc59e7b60fc3063eb2290deda4cced,2017-10-17 18:15:09,174.0,0.21
2009bc59edeb703f6656ed6103650c3a,1,1a0971a6f39f04118207a7308d451e9d,3d871de0142ce09b7081e2b9d1733cb1,2017-10-25 16:49:43,159.0,20.35
20176fe1ddb4756918024acdffd0cb05,1,3373d1ed7bf5f3187f110c0e9e40a02b,fc906263ca5083d09dce42fe02247800,2017-10-25 03:27:40,39.9,14.1
201a1768a7050d53fdc64d42ff882422,1,4d9e8a6d8d07e4f47e093b8c2999ae01,e9d99831abad74458942f21e16f33f92,2017-10-23 04:08:20,38.99,14.1
20246bd1767d916d618e27b8e4fcb8fd,1,cb6d69daafeddab34122e1de88e1274c,8e6cc767478edae941d9bd9eb778d77a,2017-10-17 04:35:24,26.9,13.37
20343beb23f60b10de8ede4f709752cb,1,4a9947ec1fcec2b3321193ed5590e8cb,6560211a19b47992c3666cc44a7e94c0,2017-10-18 15:39:54,59.0,7.78
204b7236f949dcd799519c1e74136821,1,98e0de96ebb0711db1fc3d1bad1a902f,f27e33c6d29b5138fa9967bcd445b6d5,2017-11-06 12:27:42,299.9,16.86
2066d72ba98377b5d57dcb234c70c2a1,1,47b8c79d616369fd222f0bb68ea0293b,b2ac621f0d0322434d04a12b078b9369,2017-10-26 14:21:20,205.0,18.0
20824837882dd673707e0adfcaec1bc1,1,79ad39409fa4bcc36b4b7f734c79c2a2,1da3aeb70d7989d1e6d9b0e887f97c23,2017-11-03 18:45:36,69.99,14.24
20944cd8392f8ef8aa2badeda97adf33,1,b65214d387c754bb0f858a4a5a0f41ad,de23c3b98a88888289c6f5cc1209054a,2017-10-25 12:07:20,69.99,9.34
20944cd8392f8ef8aa2badeda97adf33,2,28447390cfd2a411fcb8c008b6163da2,de23c3b98a88888289c6f5cc1209054a,2017-10-25 12:07:20,69.99,9.34
2094b975f1178cef2cf51c4e73ff0e94,1,6109d0cae3bcb57d579bc0fab6e61814,dbc22125167c298ef99da25668e1011f,2017-10-18 21:28:13,84.9,19.83
20a2e132c352b08f18529a9478c011c1,1,407729653f67fdfa6e588c6b0853edd7,ef506c96320abeedfb894c34db06f478,2017-10-16 18:09:48,25.99,15.1
20ae21b63b409890b6f852c06d2458f8,1,ffb97eb64c6fe1baada2410288c04457,26d8a1c7c75d513045798992ead43aa2,2017-10-15 22:35:11,182.99,14.3
20ae826906b71180a5dff1439bb5a100,1,179d856fee39496cee35298e31e2bc6d,4da0e408c99d2fdc2126dc9fce518060,2017-10-18 04:28:23,68.9,15.23
20b31044d7b2de91090a6c4ffbcb7f86,1,39aa98469aa7460a9764311b3f8efb12,391fc6631aebcf3004804e51b40bcf1e,2017-10-23 12:07:42,45.95,11.85
20c98a39c44583471ee358e7fa0db82f,1,6109d0cae3bcb57d579bc0fab6e61814,dbc22125167c298ef99da25668e1011f,2017-10-17 21:49:31,84.9,14.32
20ed9112468e53910662943593702290,1,84f456958365164420cfc80fbe4c7fab,4a3ca9315b744ce9f8e9374361493884,2017-10-13 17:14:24,99.0,17.94
20ef96a94887a09470ce16449d10b185,1,ec5b3c8bb77ad22278f6e9d719a83de3,4a3ca9315b744ce9f8e9374361493884,2017-10-20 14:28:21,12.9,15.1
2107e0af867c766772a8f4501ccd1671,1,e43da23e8c063291ca4e887e6ee98107,2528513dd95219a6013d4d05176e391a,2017-10-26 12:14:50,269.0,22.72
210f6de2695396bc0cc864241676e17a,1,7b07f25dab76a821beca96d40ee0553e,4a3ca9315b744ce9f8e9374361493884,2017-10-31 21:49:29,19.9,11.85
2121cb62043eb2269ab8bc218100c2e4,1,5f0a49e6e539d4e186eeddfd69db9863,c9e5ad1f6647f5dbd1172adf6ae3cada,2017-10-31 02:08:21,44.3,17.63
2124d1e1d8114cf8b7637b46d40ce9c2,1,3c5b21c421b047cc64c31c3a2517b1de,85d9eb9ddc5d00ca9336a2219c97bb13,2017-10-27 15:49:08,31.9,8.11
21265f499055fc933501ce3a66c1ef9a,1,cb5d3d2427c53fde437c52bde24840e8,30a2f535bb48308f991d0b9ad4a8c4bb,2017-10-05 14:56:07,74.9,12.02
21265f499055fc933501ce3a66c1ef9a,2,cb5d3d2427c53fde437c52bde24840e8,30a2f535bb48308f991d0b9ad4a8c4bb,2017-10-05 14:56:07,74.9,12.02
213ede0c70c581ede2b365194da6d2fe,1,08574b074924071f4e201e151b152b4e,001cca7ae9ae17fb1caed9dfb1094831,2017-10-09 12:56:48,99.0,41.08
214f01607529c68623e62bcf73e8397f,1,63085bb4366ded27bcb63cbb59b4103a,5dceca129747e92ff8ef7a997dc4f8ca,2017-10-26 02:56:28,388.0,15.27
215f3324d1e0ac9abd788d1ac6d65b9d,1,4cac1a12a6fe9ffba4a9556dbe582e28,7ddcbb64b5bc1ef36ca8c151f6ec77df,2017-11-07 10:07:14,25.99,15.1
216bc8ebe70b73bb6e7e3270d9a5df56,1,7c1bd920dbdf22470b68bde975dd3ccf,cc419e0650a3c5ba77189a1882b7556a,2017-10-10 19:49:19,58.99,11.73
2199c1bff4b83c7fbfe37f9f8818326b,1,92d9e76c3678dc402b5d1a49f1ccc7f2,004c9cd9d87a3c30c522c48c4fc07416,2017-10-16 17:37:27,117.99,23.7
219f8f81c1e54b614ed44df445a563f2,1,13797c377f05e2e9698a6a46c9098639,e5a3438891c0bfdb9394643f95273d8e,2017-11-03 02:50:39,20.3,8.11
21acf351fd39c8a80aa62aed0b2fd28a,1,53759a2ecddad2bb87a079a1f1519f73,1f50f920176fa81dab994f9023523100,2017-10-19 19:34:58,59.9,17.67
21b0a5108bb56f3391fa2db965e76bd0,1,4914f8796af2ecd359fd8f44b9b92339,c826c40d7b19f62a09e2d7c5e7295ee2,2017-10-17 07:33:12,49.77,15.1
21c3a36070a838388e823449f206f263,1,154e7e31ebfa092203795c972e5804a6,cc419e0650a3c5ba77189a1882b7556a,2017-10-23 14:26:08,23.99,11.85
21c4eaa80017bdc1e03506f96acd248a,1,331a9e69c95aad991177b0f1ef85a261,70a12e78e608ac31179aea7f8422044b,2017-10-18 04:14:41,98.0,27.23
21e28426bf49f15032c93153c7a3e206,1,c1b350ede922e02138912a3192bcc86d,5962468f885ea01a1b6a97a218797b0a,2017-10-25 21:56:39,149.0,16.48
21f024b91cfeb5f135ceef69fe99fa50,1,1a300f482e35d7eac74b229be067aefd,e9d99831abad74458942f21e16f33f92,2017-11-07 11:30:14,19.99,15.1
21f1d47d575b225fabd423c4282b73f4,1,1ab21d1c80e214bc2cedfcb7a5ade550,7c67e1448b00f6e969d365cea6b010ab,2017-10-11 19:35:13,299.99,123.52
21f27570ef536f54c3f27f4c9e9c9709,1,79366d6a24de9351b7ca6e3cf75a68ec,cc3d14116804f7209f3884f6367f1152,2017-10-19 22:35:27,193.0,18.6
21f6b3be8acde5fe76fc6641b467f3da,1,d4257bb9c6abde06be66858be5e4e6e7,5058e8c1e82653974541e83690655b4a,2017-11-09 23:26:34,116.99,39.75
21fb27ca0d5674a275138792e721612a,1,ce49d8be84e535ca2a5eb0e76c09c348,d2e753bb80b7d4faa77483ed00edc8ca,2017-11-03 14:05:45,89.0,25.9
21fb27ca0d5674a275138792e721612a,2,6760d30ebea15ef6773a57346f9990ca,d2e753bb80b7d4faa77483ed00edc8ca,2017-11-03 14:05:45,89.0,25.9
221075271fec0f4230ccfb754b0282d0,1,6c3effec7c8ddba466d4f03f982c7aa3,37515688008a7a40ac93e3b2e4ab203f,2017-10-26 14:35:40,19.9,11.85
221fd74ddfd27876ddf1738cce22dd4f,1,c76ce8f19e21cfc8226f0551ed5da750,7a67c85e85bb2ce8582c35f2203ad736,2017-10-20 09:28:10,199.99,12.6
222a4ecb303224740262f80306a3a959,1,1261bcae25b0000829246aa58e284a2f,7aa4334be125fcdd2ba64b3180029f14,2017-10-19 15:14:12,86.99,13.63
2251c2ae48921e06fee59a7779d9bd47,1,62f68be290c2e9c8403e306bd023041c,e5a3438891c0bfdb9394643f95273d8e,2017-10-18 02:04:09,35.7,8.27
225563d7314189cce48116ae11188371,1,eb8c629f70275fd1c4f809116cce1efc,1025f0e2d44d7041d6cf58b6550e0bfa,2017-11-06 03:06:59,38.4,12.69
225a4e4eed0a18dec33ca9f375a86a45,1,2516615ef3ab70913809f9d5fc363740,dee656f0f566ed1aa85bd137c943f08f,2017-10-26 11:07:29,49.99,15.1
225f34a7e6f830686955292528e3dbdb,1,9ecadb84c81da840dbf3564378b586e9,1025f0e2d44d7041d6cf58b6550e0bfa,2017-10-30 20:49:13,38.4,17.92
225f34a7e6f830686955292528e3dbdb,2,9ecadb84c81da840dbf3564378b586e9,1025f0e2d44d7041d6cf58b6550e0bfa,2017-10-30 20:49:13,38.4,17.92
225f34a7e6f830686955292528e3dbdb,3,9ecadb84c81da840dbf3564378b586e9,1025f0e2d44d7041d6cf58b6550e0bfa,2017-10-30 20:49:13,38.4,17.92
226e081eeb9e359389b212a6b26f84dd,1,45ba26803dbbdb26ec5757546929ac89,f45122a9ab94eb4f3f8953578bc0c560,2017-10-11 18:45:28,69.9,12.83
226e081eeb9e359389b212a6b26f84dd,2,45ba26803dbbdb26ec5757546929ac89,f45122a9ab94eb4f3f8953578bc0c560,2017-10-11 18:45:28,69.9,12.83
22761d4348c7b25a9597938295f16fc2,1,ba4a91633739ceceb2b73b627e2cfbc3,7c67e1448b00f6e969d365cea6b010ab,2017-10-24 22:49:14,139.99,38.82
22761d4348c7b25a9597938295f16fc2,2,ba4a91633739ceceb2b73b627e2cfbc3,7c67e1448b00f6e969d365cea6b010ab,2017-10-24 22:49:14,139.99,38.82
227fa80844be0bd82d292dbfcb79dfe4,1,d90d7857e8369bf261bcbaeb9731b64e,7040e82f899a04d1b434b795a43b4617,2017-10-24 03:06:19,139.9,9.79
22b4202b17bc3ba77ee0b82dce7640f4,1,656e0eca68dcecf6a31b8ececfabe3e8,e9bc59e7b60fc3063eb2290deda4cced,2017-11-08 03:10:32,98.9,18.26
22d58ab98a59a304fd61d116c625ec4a,1,805bf2490cf3dfc00aa1ce921ffde7ef,2addf05f476d0637864454e93ba673d5,2017-11-06 13:07:27,945.0,108.74
22deaa695e6bee4bb06af5da6cdcdabe,1,3468c85c5c4de55707fd08e4f5b665dd,725c32fa80c2faacc4fc88450d27314e,2017-10-25 22:49:14,25.99,9.34
22fbdd6f729be005701007029d8e0d16,1,e10d888b873f7479560f0b2606bf2c02,aafe36600ce604f205b86b5084d3d767,2017-10-06 17:07:24,59.9,16.18
2301a0f5629f3d66f880849265f50515,1,5115d8cd6438c0c4d8abdf38d5d41ebd,6560211a19b47992c3666cc44a7e94c0,2017-10-10 10:14:25,69.0,15.23
231184521047214c5f9a91d0cfa84df5,1,0aabfb375647d9738ad0f7b4ea3653b1,37515688008a7a40ac93e3b2e4ab203f,2017-10-19 10:05:46,19.9,11.85
232a2ccad012f3cb2ebe4ea479e0b1af,1,0649f548e3fa70d40eb8fd98ecfe6322,2138ccb85b11a4ec1e37afbd1c8eda1f,2017-10-18 04:49:34,19.99,14.1
233962c509ebbdb05dacfbe831d15d5b,1,515bd603359b578cf72ec3524f57be73,ef506c96320abeedfb894c34db06f478,2017-10-18 21:49:19,38.99,15.1
233962c509ebbdb05dacfbe831d15d5b,2,1bc1199ed7fbe6f13ea973952868b93e,ef506c96320abeedfb894c34db06f478,2017-10-18 21:49:19,38.99,15.1
234b6c84609fdd57caa4701bc727cf16,1,23bcd6822a33df5534f9b290216eec1f,ac3508719a1d8f5b7614b798f70af136,2017-10-19 13:20:10,129.8,21.75
2356e9b211b952c07f32b7addb1250fa,1,b99e4f4fa3f421e0ffbd512d9f152dec,128639473a139ac0f3e5f5ade55873a5,2017-11-08 03:26:30,19.9,15.1
236087c146bdb55ebd6d5316b00308d9,1,6a23c2eb9acc78f8ec403be9c6210dd4,7c67e1448b00f6e969d365cea6b010ab,2017-10-24 22:28:10,114.94,55.07
237037d23ef38af0bc36cc20fa48da43,1,2002fc3ec2d8a30a7588628fe7aff958,e9d99831abad74458942f21e16f33f92,2017-11-01 21:50:10,30.0,8.72
23713e469663e0ccff987496dbdf6428,1,0fce35c0b7338bda3e52e2389f0c0762,391fc6631aebcf3004804e51b40bcf1e,2017-11-07 22:46:02,189.15,26.16
2377613b828f1d12f44e8ee282dcd85d,1,90b58782fdd04cb829667fcc41fb65f5,7c67e1448b00f6e969d365cea6b010ab,2017-10-24 02:26:16,189.99,51.2
2377613b828f1d12f44e8ee282dcd85d,2,90b58782fdd04cb829667fcc41fb65f5,7c67e1448b00f6e969d365cea6b010ab,2017-10-24 02:26:16,189.99,51.2
2377613b828f1d12f44e8ee282dcd85d,3,90b58782fdd04cb829667fcc41fb65f5,7c67e1448b00f6e969d365cea6b010ab,2017-10-24 02:26:16,189.99,51.2
2377613b828f1d12f44e8ee282dcd85d,4,90b58782fdd04cb829667fcc41fb65f5,7c67e1448b00f6e969d365cea6b010ab,2017-10-24 02:26:16,189.99,51.2
237be87efc86c6329fe3faad9a8c2592,1,b2f041d29dd572b298f0f74de6297b6d,46dc3b2cc0980fb8ec44634e21d2718e,2017-10-23 11:10:09,159.99,16.88
2391d80f2ab2e4c4cc2ddd489c5ce8ea,1,ffce5ed9e0bcc2e46796b988cdac733b,66e0557ecc2b4dbea057e93f215f68d8,2017-10-31 12:07:16,454.0,11.99
239bb6bf3c69a8b5a8da5eab92f1444b,1,a1ca62481619b02ad09535f2b418bb75,4e922959ae960d389249c378d1c939f5,2017-10-22 22:49:33,75.0,9.27
239f74c0158f39fe889ec4ee537aa964,1,5e485a77230bcac5c7506a77a9f71267,7a67c85e85bb2ce8582c35f2203ad736,2017-11-01 15:08:06,119.99,18.09
23b4d2d1a00f2773d2a15d8068b21ff2,1,f9146f84a0ad9aa621d8c51735f5610d,3be634553519fb6536a03e1358e9fdc7,2017-10-25 14:49:19,21.45,8.72
23b757203bd90a6deafcd069bdcb1fde,1,d0825229639d1afa9bd533314e27d7c8,fce62094ffe6a4009188ec44e681dfdd,2017-10-17 04:56:15,299.0,47.84
23b757203bd90a6deafcd069bdcb1fde,2,d0825229639d1afa9bd533314e27d7c8,fce62094ffe6a4009188ec44e681dfdd,2017-10-17 04:56:15,299.0,47.84
23b757203bd90a6deafcd069bdcb1fde,3,d0825229639d1afa9bd533314e27d7c8,fce62094ffe6a4009188ec44e681dfdd,2017-10-17 04:56:15,299.0,47.84
23cb4df42223720155bea8a496cfd0a1,1,431d674f9a4fbd0957ecf6ba3fcb6899,53243585a1d6dc2643021fd1853d8905,2017-10-18 14:56:13,289.0,10.59
23e66af5124d410917df9e4afff7ed82,1,b0961721fd839e9982420e807758a2a6,1f50f920176fa81dab994f9023523100,2017-10-18 12:20:11,59.9,13.44
23e66af5124d410917df9e4afff7ed82,2,b0961721fd839e9982420e807758a2a6,1f50f920176fa81dab994f9023523100,2017-10-18 12:20:11,59.9,13.44
23e7258eff14f598753311325d867bbb,1,2edda1e590d6c19e5da8e72acfd2a492,87142160b41353c4e5fca2360caf6f92,2017-11-07 22:15:08,12.9,8.11
23e7b127e0b192c6d4d455425d54d44e,1,0c1d0960b623420908c75911c93d8615,b2ba3715d723d245138f291a6fe42594,2017-11-08 10:49:18,59.9,17.99
23fbbf4e70a72006ecb1a4bdd72a5d0f,1,b551128533846968d8752358d1f7f365,76d5af76d0271110f9af36c92573f765,2017-10-13 02:24:49,43.9,19.59
23fcffe57a7d7ba1b95f489fffb19bb0,1,6fa96cbd1d917acb1ef4bc8040116105,048c2757535328e0d7dac690ad3c0aae,2017-11-03 00:06:08,199.7,18.65
24478be9ca0e4fb3515ac0403e35ad82,1,f731f8587d4088c174397e010cf892a9,cc419e0650a3c5ba77189a1882b7556a,2017-11-07 02:28:10,56.99,15.15
244eca4c9c8dd0dd793f6ea85d5ddc7b,1,817e1c2d22418c36386406ccacfa53e8,624f4ece8da4aafb77699233d480f8ef,2017-10-23 23:25:41,159.0,16.82
24542fef4b2b37dac9fb137a1a71fc39,1,6c56299e19ae706d1907a4b19162435e,85d9eb9ddc5d00ca9336a2219c97bb13,2017-11-16 14:31:08,27.9,16.79
2456c2028c3aba19df5529d6fc81531f,1,b8a69a36a5ebf7a558bf12a864f2e0bb,7040e82f899a04d1b434b795a43b4617,2017-10-09 17:56:12,34.9,15.1
246e8f5dd934761c8badf86d43225bdb,1,58306668d7263e8ebd2d5c69ef31cc23,6ec1a01e866584bb679eb9b098345919,2017-10-18 04:00:14,72.99,19.75
24843df655e56c3713485a7880677287,1,a02d0123079f4ae96001ba2010d1a2df,1025f0e2d44d7041d6cf58b6550e0bfa,2017-11-08 12:31:18,250.0,81.2
24a79b2260e2a5084dfe1a16ce5e6b3a,1,7d08c685504c66533015d5366856da12,1da3aeb70d7989d1e6d9b0e887f97c23,2017-10-09 12:49:35,64.99,8.72
24b0555959f9e29bcb212e1b0ed0b878,1,fdc0fe1b7ae4cdf11202504eb045b0b9,b18dc380845b24038cfc48006478f099,2017-10-17 07:49:09,81.0,8.76
24d2a265bbb8e667b3482b868457b7d6,1,1bef08f119466a85a83919d5b80facd3,d2374cbcbb3ca4ab1086534108cc3ab7,2017-10-17 03:49:25,15.9,15.1
2504a8e58ea5a99cad95669ca061e307,1,0b5c0ecd14105464e2b879a307092e3f,dbc22125167c298ef99da25668e1011f,2017-10-26 00:37:27,48.9,14.08
2504a8e58ea5a99cad95669ca061e307,2,89039f76a4c1ed8e4c13f4b531f158ca,dbc22125167c298ef99da25668e1011f,2017-10-26 00:37:27,48.9,14.08
2550dc57beb900517cb6bb7afb5703ab,1,01a900ffd5609ad754c38f9dcbce8c6d,4aba391bc3b88717ce08eb11e44937b2,2017-10-16 17:07:23,99.0,27.23
25543b7ffda86344f6aed4e83816cb42,1,624763d3909ffa36098f91ce1e458ed4,5160d23075764e18e07c1f4a87fad743,2017-11-03 14:10:33,70.0,7.78
2562ccbc8b82dce043c308d63e884370,1,226be9996759442f90f73b7d24c6baff,c6a7539d424a8402232c2228d7a03c5e,2017-11-03 03:09:46,40.5,19.84
256b2d808e8a564c42dfdb92b485219c,1,1dfcfcbfaae79f18090fc9e3c336b62c,113e3a788b935f48aad63e1c41dac1bd,2017-10-13 20:56:28,8.68,11.85
256cb711364e60ad3e99bbf41a2d9136,1,1f48020881e631a1f4077698cc78204a,f8db351d8c4c4c22c6835c19a46f01b0,2017-10-17 20:49:45,34.9,8.27
256cb711364e60ad3e99bbf41a2d9136,2,1f48020881e631a1f4077698cc78204a,f8db351d8c4c4c22c6835c19a46f01b0,2017-10-17 20:49:45,34.9,8.27
2582e280d624a46c545db9c09f6cd424,1,550dc4417c636abc04c71404342de695,e9bc59e7b60fc3063eb2290deda4cced,2017-11-01 03:09:43,149.0,44.89
2582e280d624a46c545db9c09f6cd424,2,550dc4417c636abc04c71404342de695,e9bc59e7b60fc3063eb2290deda4cced,2017-11-01 03:09:43,149.0,44.89
2582e88a3e8a129cc809ccaf9a6d35d6,1,e004a3b7f9524967fdb68bb70f850eb0,53243585a1d6dc2643021fd1853d8905,2017-10-22 22:05:57,730.0,80.13
25bd8989456dd7df432ee769b7b3438e,1,f177b434709ecb652dbee4f4b19aef2f,d98eec89afa3380e14463da2aabaea72,2017-10-26 12:14:21,29.99,15.1
25bdb01ef5c61f25fb821a72b1223a8d,1,9d32095f76b97762307e86cfc18dd7a0,391fc6631aebcf3004804e51b40bcf1e,2017-10-25 23:28:16,49.95,11.85
25d9bae08f05016b8afec9061834e1d4,1,677d8ace413e0060fa8686cde56eaf10,fa1c13f2614d7b5c4749cbc52fecda94,2017-10-19 15:07:15,269.9,10.08
2601721455b7ad9852fb9ae9d0583221,1,84a87daa85c8b432d90bc1baa0cb4388,aafe36600ce604f205b86b5084d3d767,2017-10-31 09:49:19,59.9,16.99
2618381879ed242e21138d73f79374d2,1,e2c3ed9aaddfd2312a6a5fe9b3ddadd3,46dc3b2cc0980fb8ec44634e21d2718e,2017-10-15 22:35:21,94.99,14.41
261d62f3e26bd7761b0421b16e91653a,1,28fff36d13d492328583ee2b1d72f78f,d2f3e277560ed4c6361284429b00f037,2017-10-13 13:49:32,5.2,15.1
2628a8a365fb7f3cf467c72cbe6f6566,1,d177efa9bee6dfa421c10f7b1bcf51c7,2bd05d410a8fd26dc4184a15f4f2f588,2017-10-26 11:35:25,51.37,13.38
2628a8a365fb7f3cf467c72cbe6f6566,2,d177efa9bee6dfa421c10f7b1bcf51c7,2bd05d410a8fd26dc4184a15f4f2f588,2017-10-26 11:35:25,51.37,13.38
263a9500469f59675e1b68ea13bc8b2a,1,ad1128daf194f4b6ac4256e16233497c,1ca7077d890b907f89be8c954a02686a,2017-10-18 04:14:44,45.0,11.85
263e751209908b03a2f97de2b669f831,1,7adebeebd22a2f3271bdb33ebe37caaa,7142540dd4c91e2237acb7e911c4eba2,2017-10-19 16:36:32,149.9,14.07
263f5778d1130e9c186958780172a107,1,0350ac874c8937571b129554110ec3b6,75fbb52eda0cbc24f479d3b2fbfa8d3e,2017-10-18 10:06:26,19.9,25.63
265858f2ac3e966d6f2e63e5f7a51092,1,2136c70bbe723d338fab53da3c03e6dc,6560211a19b47992c3666cc44a7e94c0,2017-11-03 03:06:46,29.0,7.78
2660126af4e803af991f7e254f69563b,1,4a534b5650f13219a0de4ce5af039d2c,1c68394e931a64f90ea236c5ea590300,2017-11-01 17:25:58,84.95,12.72
2662b5b8405b56ac3b36ed2b4e9c50c7,1,dc404a1496a08f9f5540c8b5d4b92925,46dc3b2cc0980fb8ec44634e21d2718e,2017-10-24 14:35:42,299.0,22.58
26967c9a40c842f7e0067b4ef5489082,1,b84c4c7f1845f068f40e350865b803fa,01fdefa7697d26ad920e9e0346d4bd1b,2017-11-03 15:55:52,118.9,10.04
26967c9a40c842f7e0067b4ef5489082,2,b84c4c7f1845f068f40e350865b803fa,01fdefa7697d26ad920e9e0346d4bd1b,2017-11-03 15:55:52,118.9,10.04
26a3a890da3f4724d81df62f315000db,1,77f11bb30ec0116ada15b3ff106b744d,ea8482cd71df3c1969d7b9473ff13abc,2017-10-09 20:14:17,18.49,15.1
26aaee2edab376ed50356a504172fe42,1,937a43407f2cf75f612cef2795160860,fffd5413c0700ac820c7069d66d98c89,2017-10-13 20:49:36,174.9,43.45
26bcf00f6206386e2fc106eeaffefb0a,1,32762549e61c9115d70c8267c00d1c13,b6dc74ed30f124f95227bed4e43a3bed,2017-10-30 23:49:21,24.9,12.48
26bd0671edd018403939ee3037e81af4,1,2b4609f8948be18874494203496bc318,cc419e0650a3c5ba77189a1882b7556a,2017-10-20 11:14:14,89.99,15.39
26bd26a21d87b4594128d26b3b24e8d8,1,a72df9d6b4412dbd03d886846a438a3c,7299e27ed73d2ad986de7f7c77d919fa,2017-11-08 13:50:14,99.99,28.03
26bd26a21d87b4594128d26b3b24e8d8,2,0aabfb375647d9738ad0f7b4ea3653b1,37515688008a7a40ac93e3b2e4ab203f,2017-11-08 13:50:14,24.5,4.21
26c4ac9998f72d4fcdca3c6e27089f1b,1,3a0a3519bcf5912cff87d401e007c5db,41b39e28db005d9731d9d485a83b4c38,2017-10-13 02:14:35,49.5,17.92
26d4d0baf40502a8e679e615378b7243,1,f908d3bf313a1308bfb2a46ea2685347,25e6ffe976bd75618accfe16cefcbd0d,2017-10-25 20:05:07,35.0,7.78
26df00352f2528817ab4065c2f3f519b,1,fac0337908b983ba98c810f03d25f278,54965bbe3e4f07ae045b90b0b8541f52,2017-10-31 02:26:24,160.0,25.96
26e5ea27a6fddbbf4b360bdcd90c30c8,1,95fcb44ada4cefca4f03cc0b4b69ee33,2e1c9f22be269ef4643f826c9e650a52,2017-10-30 10:56:14,144.49,18.26
26ed76d9ca565506c2d4c50fd5fc323b,1,2155593e689475e40e4c8b93143c0287,daeb5653dd96c1b11860f72209795012,2017-10-27 10:37:03,34.9,9.74
2703a0a31bb43692da23f4da8cf531d0,1,c0603988d17e4588dfce0f7f01978557,17ca9b9e9b9ef8fdb529001b49ebb50f,2017-10-23 17:28:35,35.97,14.65
2703a0a31bb43692da23f4da8cf531d0,2,de6613726492b95ae1c23f0c2a0121e1,1835b56ce799e6a4dc4eddc053f04066,2017-10-23 17:28:35,64.99,14.65
270f5a5025de7523edbc65d690647f33,1,431d674f9a4fbd0957ecf6ba3fcb6899,53243585a1d6dc2643021fd1853d8905,2017-10-25 10:14:11,289.0,27.3
2728209b1b0553533bce4afc52716b60,1,b573e2860f2732edf610345956e81bb9,165fc07beebdcb6190fba8a06db2a449,2017-11-01 02:56:19,175.0,16.99
2728209b1b0553533bce4afc52716b60,2,b573e2860f2732edf610345956e81bb9,165fc07beebdcb6190fba8a06db2a449,2017-11-01 02:56:19,175.0,16.99
2728f05b0714bfb8af3dc31e0abf0901,1,b532349fe46b38fbc7bb3914c1bdae07,1025f0e2d44d7041d6cf58b6550e0bfa,2017-10-30 12:28:24,38.4,9.34
2728f05b0714bfb8af3dc31e0abf0901,2,b532349fe46b38fbc7bb3914c1bdae07,1025f0e2d44d7041d6cf58b6550e0bfa,2017-10-30 12:28:24,38.4,9.34
2728f05b0714bfb8af3dc31e0abf0901,3,b532349fe46b38fbc7bb3914c1bdae07,1025f0e2d44d7041d6cf58b6550e0bfa,2017-10-30 12:28:24,38.4,9.34
27446e58f8fae19b8a6bcd15ca43f0ac,1,f90781e8e990b7e051be89afa85ee625,59b22a78efb79a4797979612b885db36,2017-10-19 09:28:08,479.0,50.27
27446e58f8fae19b8a6bcd15ca43f0ac,2,7b3baec97c107a6869809313ee7262ac,59b22a78efb79a4797979612b885db36,2017-10-19 09:28:08,289.0,50.27
2759e33a8d084b097aaf4d4b8393e38c,1,368c6c730842d78016ad823897a372db,1f50f920176fa81dab994f9023523100,2017-10-11 02:56:21,59.9,13.44
275c73799ff2fa10ad41cbc15fcadb05,1,b59fb744c6f3cd1dc23b10f760848d98,916748bc99315c2d202898ae58b1617e,2017-11-03 11:00:14,9.9,15.1
2763f1160bd67f35911edc254052a2d8,1,617186c3d97ea56c9c683a8a3974e8c1,cc419e0650a3c5ba77189a1882b7556a,2017-10-19 20:07:15,84.99,25.87
277ef68319aa0ee0561831fab6e9e0aa,1,4cc8bfa581f41841ce5e24aba773a44a,1835b56ce799e6a4dc4eddc053f04066,2017-10-11 01:52:19,56.99,12.74
27898da84be67ffaac7dfd170663529f,1,173581ced381362760c476bec9de53ff,391fc6631aebcf3004804e51b40bcf1e,2017-10-23 12:56:42,139.22,21.46
278ffae8d541775ba53338a54ee391a3,1,b8355aca8662d7e0c913ed67412d8ecc,da8622b14eb17ae2831f4ac5b9dab84a,2017-10-09 14:49:17,39.9,17.92
2790c1db6fab421570c3a789c96ffd46,1,3d3204ab08bb14fe5114502ad7809384,d673a59aac7a70d8b01e6902bf090a11,2017-11-08 02:31:17,65.5,16.22
279b0128499fe319bfc49512b1612eb7,1,54e5939fcd9ae70ad0f59f612d6d29bd,48436dade18ac8b2bce089ec2a041202,2017-10-26 15:49:35,45.9,16.11
27a1fa63452ccc6fff17e6b258e794fe,1,1b55611367793363c3aa1c9d888be7ed,3db66a856d18a9cba7c9241fc5221c50,2017-10-11 20:44:48,129.9,29.31
27b26761047c76d67bee79dc2274df52,1,cf5c32ddb1e39da9fd4a6a919e42b6e2,432c37c9dfba871172ec162e20118b8c,2017-10-26 13:15:05,120.0,18.12
27caf2d2f406488cb17f200b98a2079e,1,b06e4ddd013b4a1a81e80fe575d9b762,cca3071e3e9bb7d12640c9fbe2301306,2017-10-09 11:24:40,87.85,17.86
27d948e8e3d9abb11648cfa05b1ce3f7,1,e14736de1aa61cedecf657207bce5ffa,c89cf7c468a48af70aada384e722f9e2,2017-10-11 15:14:22,37.0,15.1
27d95e0beb662ced7cf7378fd8544584,1,368c6c730842d78016ad823897a372db,1f50f920176fa81dab994f9023523100,2017-10-26 03:05:48,59.9,17.67
27e7d98172136e7499081a19101218ca,1,84f456958365164420cfc80fbe4c7fab,4a3ca9315b744ce9f8e9374361493884,2017-10-10 19:05:32,99.0,13.71
27eebc49f55d8e9b8192f11c2570d6f1,1,f2d80346f1dd6986e9e6611db7b708aa,94b9108d4b637ba65bb4f1e53cfcf8d8,2017-11-03 20:35:22,3.85,7.78
27f190f6efe898d203f09dacc0d5e6cf,1,741a31499a578979be85db7f80139e62,cca3071e3e9bb7d12640c9fbe2301306,2017-11-08 03:49:51,45.9,16.11
27feef8b6702f1d6ccdffd697e7f4334,1,b80921007ed3f68cf6e536e6daf08610,ea8482cd71df3c1969d7b9473ff13abc,2017-10-10 13:03:35,27.99,7.78
28156e3f154f44bf5cb8c3ee9978d332,1,205604b962ebdae1c924e0d14e6e8ac1,1b938a7ec6ac5061a66a3766e0e75f90,2017-10-13 13:24:29,43.9,27.73
28383d85696543514548a51a43c03936,1,880be32f4db1d9f6e2bec38fb6ac23ab,fa40cc5b934574b62717c68f3d678b6d,2017-10-13 12:56:26,44.9,15.1
2850b44a6ac24793c4c0dc86095ff024,1,461f43be3bdf8844e65b62d9ac2c7a5a,4869f7a5dfa277a7dca6462dcf3b52b2,2017-10-24 20:28:25,146.0,12.52
28535142350a39b7645bf9afd946e1fd,1,de3e60701787a602b30be9c75937242c,3be634553519fb6536a03e1358e9fdc7,2017-10-06 19:28:15,252.14,21.25
286f5f216f1c33c728468b8049169006,1,f4f4debbcfcafe6858d1e37a1f6e436e,7c67e1448b00f6e969d365cea6b010ab,2017-10-26 04:14:34,159.94,35.28
287b0bab443f35ac8aaeef8efdbc3a74,1,422879e10f46682990de24d770e7f83d,1f50f920176fa81dab994f9023523100,2017-11-06 21:55:17,59.9,17.67
287ea13612e32e59331f254bb4f15f91,1,0521fe3eb04940304b489d0fb49a37dd,e99e927c81e3f51739c94fcdfca9f10f,2017-10-09 04:04:34,104.53,21.22
287ea13612e32e59331f254bb4f15f91,2,0521fe3eb04940304b489d0fb49a37dd,e99e927c81e3f51739c94fcdfca9f10f,2017-10-09 04:04:34,104.53,21.22
287ea13612e32e59331f254bb4f15f91,3,0521fe3eb04940304b489d0fb49a37dd,e99e927c81e3f51739c94fcdfca9f10f,2017-10-09 04:04:34,104.53,21.22
287f07f2662d6fece557157bb5f87fd4,1,f5765f6aff97015236abc132d8983b89,002100f778ceb8431b7a1020ff7ab48f,2017-10-26 02:49:11,19.9,11.85
2881b13af2b1dee73ff94bad8d235e16,1,e71f3cd0a0ef69b7fd173b32322dc6da,520b493b57809f446cb0a233bb3e25c7,2017-10-26 14:14:17,28.0,9.94
289a45b09606de7a3d7003baa2b650d0,1,df5032e775a51867fcd72f5b742f2f33,f5a590cf36251cf1162ea35bef76fe84,2017-10-18 22:06:17,1260.0,110.26
28a6deb28d6d4f156d94669fcb9ca8ce,1,9545d45c37449ccbc376de3a04c66e71,431af27f296bc6519d890aa5a05fdb11,2017-10-17 05:14:28,121.9,13.87
28a9bfa90eb24efe91bfc50b7cc1b4d1,1,cce3ce6484896041ae3dafdd4308a39c,7ddcbb64b5bc1ef36ca8c151f6ec77df,2017-10-20 08:29:19,1004.99,29.35
28af310ca56736384bc8833117dd048a,1,9f65cd1fc2c7cf6ad8bc3d8c038abe44,7178f9f4dd81dcef02f62acdf8151e01,2017-10-31 10:14:17,89.9,17.07
28bb8d06f88bafeaa80c809e2366daa7,1,ac50a885bf3b6a817bf6a0a2f1e27af4,113e3a788b935f48aad63e1c41dac1bd,2017-10-18 17:37:52,19.83,34.15
28c3483a3f62b4b5bb0121055f94c951,1,53ea9da485f6aed8a6f03a85831fe021,7e93a43ef30c4f03f38b393420bc753a,2017-10-30 21:49:27,249.99,12.95
28c3c716d01cc934376d3bebea04da92,1,82e4ad16521ca131d95e198d507db370,128639473a139ac0f3e5f5ade55873a5,2017-10-13 09:24:36,18.9,15.1
28d07cf52af4d36587d0347032cebdfd,1,694e58e56c74114ee0628c25f3f26f8c,7008613ea464bad5cb9b83456e1e6a8f,2017-10-18 03:47:02,52.5,16.13
28dc400a3035ba60273edf910c7c05f4,1,4cac1a12a6fe9ffba4a9556dbe582e28,7ddcbb64b5bc1ef36ca8c151f6ec77df,2017-10-31 13:28:30,25.99,8.72
291595e7702bf69af75b873bc983601f,1,b623b7cb05ee3248fbe4a6ecbeed79a4,7aa4334be125fcdd2ba64b3180029f14,2017-10-19 19:34:20,73.76,19.76
292d96807fa8b6df10efed3dde855721,1,bbe05c2eab883788c25cb9c6422a3cbd,2e3be8a987a30d7544dbbda6861cc14e,2017-11-06 22:46:15,66.99,14.22
29345ccb0ecccd723beb7de346e0528f,1,a47b91f0ff85b3a24108985252501e12,7c67e1448b00f6e969d365cea6b010ab,2017-10-27 19:45:54,199.94,41.79
29378e35942d709318a61535d08a23c1,1,a72209f6ea270769cecf0ed4168d3893,42bde9fef835393bb8a8849cb6b7f245,2017-10-13 12:07:52,59.0,15.85
293de03695b43b231adb3dcf835d08cc,1,03a22dc9d5b99f07ca366f91aa7f7e4b,e06f09ec0a4aca210779cf1cfc63cf19,2017-11-09 00:07:22,45.0,16.6
294910a301fb69b5ed0b34e8cd946088,1,399b5ae65ca9680e1d5d1b314439e4d1,4e922959ae960d389249c378d1c939f5,2017-10-23 11:56:16,87.0,33.06
294d6eb8004bc9fbc7d7f970a51924fc,1,c69ee3d090e5c25f7e8633b164fc001b,8581055ce74af1daba164fdbd55a40de,2017-10-20 14:28:19,90.0,15.38
294e00584d3afc45c9a512eb21c66fe2,1,e5249837b36a63c71e6708fd6a1fdc6f,e8f6dc8e6a1dcde89d20e3995c8d90b3,2017-11-12 22:14:13,29.9,7.78
296b1479f16b9b8b7ac30b42d5b35c49,1,a5887cc02e8b2ee7e724408a38187ac9,813348c996469b40f2e028d5429d3495,2017-10-23 13:49:42,33.9,7.78
296e1020c48c85d07b3fb22436e3e65b,1,2b4609f8948be18874494203496bc318,cc419e0650a3c5ba77189a1882b7556a,2017-10-25 15:14:22,89.99,27.17
297d104669f1daa3d656ca1bd1c34750,1,2da8e82c3ddd9c8f784930f7d2db4d34,9674754b5a0cb32b638cec001178f799,2017-10-10 02:56:46,74.9,17.77
29815bc0973b33856eeba7b668101f16,1,c7dc39bcc7f9bf8a9b253b8727a0cde5,7299e27ed73d2ad986de7f7c77d919fa,2017-11-08 03:26:26,40.0,15.1
2992972c3d2aff1e457a1b320c51e278,1,ca3fd09ef832923ccad790506d6e0385,3f0e48d209018b466fcd3bb4ccfeb520,2017-10-12 21:44:31,499.9,26.88
29b60cd6f3760507c1e5271a67086333,1,9330504b97ecb321002b3f0af1f0f467,cca3071e3e9bb7d12640c9fbe2301306,2017-10-22 22:34:34,52.64,15.12
29e2bbe8a5ae911930d4212767050067,1,e78506414d2563b6414cfd84b7fa0802,fe2032dab1a61af8794248c8196565c9,2017-10-27 15:07:22,179.0,12.75
29eb489b23b22ac3a867b2408dac5575,1,ec2d43cc59763ec91694573b31f1c29a,1c129092bf23f28a5930387c980c0dfc,2017-10-23 22:49:10,45.9,9.34
29fd35acc2205a78e40f2141e78a839a,1,27608e96f596b295c68b1d7ed7e639ce,bbaff50f3b708fda865918715276cd87,2017-10-13 09:35:15,18.6,16.11
2a11e293888cfc616767f5be01e7e5d2,1,97fd40ea17a0e785880ce09373b2900a,82e0a475a88cc9595229d8029273f045,2017-10-19 19:34:41,217.8,17.77
2a11e293888cfc616767f5be01e7e5d2,2,97fd40ea17a0e785880ce09373b2900a,82e0a475a88cc9595229d8029273f045,2017-10-19 19:34:41,217.8,17.77
2a11e293888cfc616767f5be01e7e5d2,3,97fd40ea17a0e785880ce09373b2900a,82e0a475a88cc9595229d8029273f045,2017-10-19 19:34:41,217.8,17.77
2a1a1f086c448fa487f63805dcaf4974,1,5b226d7c52f86ac72457617f78cff95d,1835b56ce799e6a4dc4eddc053f04066,2017-10-09 09:32:42,56.99,16.16
2a1a4f4ee767e53596c8202e5bc041e6,1,b53f20c2b12a4b9821ce57f46a7d1cae,4d6d651bd7684af3fffabd5f08d12e5a,2017-10-20 18:35:18,49.9,15.1
2a30544fe172214cd038679fd1e6c4ef,1,f98dbc219c0bcd7fb37420dff826912f,2e1c9f22be269ef4643f826c9e650a52,2017-10-20 20:14:51,81.49,16.82
2a4390df447b55c9fc49b6b97a786292,1,2b4609f8948be18874494203496bc318,cc419e0650a3c5ba77189a1882b7556a,2017-11-09 12:47:42,89.99,9.44
2a4408332d5a4d37e075056a8b46d59e,1,71da6d6632902431cdca2b3a8e681b80,3078096983cf766a32a06257648502d1,2017-10-24 08:28:11,184.6,18.54
2a4f7453c73c4b1383b45944fd590c25,1,a3ceb95649a48c0c54ae4bd1dd66d035,6c177e38df6d3f34182b1f1d427231bf,2017-10-16 18:49:28,149.0,8.63
2a55ad6ead4d012a771ab7ec0ca683dd,1,e0d64dcfaa3b6db5c54ca298ae101d05,7e93a43ef30c4f03f38b393420bc753a,2017-10-20 00:56:12,239.99,10.49
2a5e2ec255be0a5cb7bc1bb5d21deb07,1,9e1a035b7f489ddeb062d776a37e470f,6560211a19b47992c3666cc44a7e94c0,2017-10-19 16:27:29,95.0,21.47
2a661a72ecdfcc8872e968ce3856d59e,1,371c121dc86b3821f720e7dbe1928207,4830e40640734fc1c52cd21127c341d4,2017-10-26 02:49:16,15.99,14.1
2a7c74e0d94688e2a05240e3831ebb84,1,e7db7c40ea6647c808d48581f1308d88,1d8dbc4f32378d715c717c1c1fc57bae,2017-10-27 15:28:25,109.9,14.5
2aac5c4d129759ae26c259e49082856d,1,8a5835aeef83efa6aa947f84f92deb0e,6560211a19b47992c3666cc44a7e94c0,2017-10-13 13:07:13,65.0,15.2
2ad4b2ebb217758686f791210a03d02a,1,43f88c8353708451babf9bcdd1fda92a,cab85505710c7cb9b720bceb52b01cee,2017-10-06 19:49:12,49.9,15.1
2ade26ce6c23d8df75d4e7444128fc84,1,a4aa7c1427c31344e5f7cc3d839fe562,66922902710d126a0e7d26b0e3805106,2017-10-10 02:56:27,95.0,20.16
2aed9e5e9721d155da677d5b09e6ecde,1,8f7b3d3c85fad2b4ecda1cef9a45b760,6fc26fe110feebd80a433e1f012a84f9,2017-10-23 18:28:22,59.0,12.75
2aed9e5e9721d155da677d5b09e6ecde,2,8f7b3d3c85fad2b4ecda1cef9a45b760,6fc26fe110feebd80a433e1f012a84f9,2017-10-23 18:28:22,59.0,12.75
2aed9e5e9721d155da677d5b09e6ecde,3,8f7b3d3c85fad2b4ecda1cef9a45b760,6fc26fe110feebd80a433e1f012a84f9,2017-10-23 18:28:22,59.0,12.75
2aed9e5e9721d155da677d5b09e6ecde,4,8f7b3d3c85fad2b4ecda1cef9a45b760,6fc26fe110feebd80a433e1f012a84f9,2017-10-23 18:28:22,59.0,12.75
2af9701415be32ee9f0f4b6e218e66c8,1,9ebfbbb1a5a173f758cb76d6ecc75f9b,d12c926d74ceff0a90a21184466ce161,2017-10-30 10:07:34,26.5,14.1
2b0b75a2e7ebb3fa4a95e3b6ab121e86,1,7c1bd920dbdf22470b68bde975dd3ccf,cc419e0650a3c5ba77189a1882b7556a,2017-10-13 20:24:42,58.99,11.73
2b4da54d791ba338407fa772e336b880,1,18290697e1929309b3195d2931c91b09,a1474fd46fd3430168f7ec202da39408,2017-10-13 08:44:25,214.0,39.05
2b5a652c5e22d7c846b463c4888c5896,1,362b773250263786dd58670d2df42c3b,4c2b230173bb36f9b240f2b8ac11786e,2017-10-17 23:34:13,49.9,14.1
2b5a652c5e22d7c846b463c4888c5896,2,362b773250263786dd58670d2df42c3b,4c2b230173bb36f9b240f2b8ac11786e,2017-10-17 23:34:13,49.9,14.1
2b766b959bb75e5cfef89489c1f26c6c,1,f5badee8a0e679f057ec0ca4f0f32dcb,e0a366315b1b726b6c7832d664c0f530,2017-10-12 22:07:28,109.9,17.21
2b781b53b653523cf1337a742b71aed3,1,4eda54569384f6cbe0511828fc574fb0,b2ba3715d723d245138f291a6fe42594,2017-10-18 10:49:25,104.9,17.44
2b7d922e73fbd058099b6ff4b33e99f7,1,228f57b1acb5bdce9401c58653c8cc14,7e93a43ef30c4f03f38b393420bc753a,2017-10-06 18:14:22,169.99,17.76
2ba3a1bb5c86f2fbe8024229ca45290c,1,1a0971a6f39f04118207a7308d451e9d,3d871de0142ce09b7081e2b9d1733cb1,2017-11-02 23:15:08,159.0,29.51
2ba7606d460463236bcf10ed3f6510d6,1,ea6617ab48bb467d615214e7de71c864,863d2ebcd347ce4922de7a0f9a5581d6,2017-11-01 02:56:16,55.65,7.94
2ba82c07689c3a256a124747f1289937,1,6b9def857487cb25057f162bce6520d5,5f1dc28029d2c244352a68107ec2b542,2017-10-30 18:49:19,19.9,7.78
2ba82c07689c3a256a124747f1289937,2,6b9def857487cb25057f162bce6520d5,5f1dc28029d2c244352a68107ec2b542,2017-10-30 18:49:19,19.9,7.78
2baa8f1505935ad18a9409ec365c1988,1,53ea9da485f6aed8a6f03a85831fe021,7e93a43ef30c4f03f38b393420bc753a,2017-10-30 06:33:49,249.99,19.0
2bb1a4f728190ce6d581058525ed83ba,1,2d18f4de9707f38c7bfa9f0a26aee05c,1900267e848ceeba8fa32d80c1a5f5a8,2017-11-07 17:35:25,26.0,11.85
2bb3ab4d835c05bf0567c0d74ad1d95a,1,fe75529a267b76ac6e96f0c322a899a4,620c87c171fb2a6dd6e8bb4dec959fc6,2017-10-26 20:07:10,89.9,16.39
2bb5962dc45a9c428a888aa99d8deb46,1,369dfa384d5ad2a0cb97cb4cda846c47,e9779976487b77c6d4ac45f75ec7afe9,2017-10-10 03:03:49,171.0,15.95
2bc4e677f1913a63cf631fa0e18c1525,1,c9845573653d06921e63975a8eca331e,ef506c96320abeedfb894c34db06f478,2017-10-26 17:49:08,28.99,7.78
2bcf4e578cdef71f59c90c4c50ce5853,1,9afaad66aca8b0c79e4f084a89c9c92b,42bde9fef835393bb8a8849cb6b7f245,2017-11-03 16:31:14,189.0,8.91
2bcf4e578cdef71f59c90c4c50ce5853,2,9afaad66aca8b0c79e4f084a89c9c92b,42bde9fef835393bb8a8849cb6b7f245,2017-11-03 16:31:14,189.0,8.91
2bcf4e578cdef71f59c90c4c50ce5853,3,9afaad66aca8b0c79e4f084a89c9c92b,42bde9fef835393bb8a8849cb6b7f245,2017-11-03 16:31:14,189.0,8.91
2be42939cac09105b9839ead73abb79b,1,389d119b48cf3043d311335e499d9c6b,1f50f920176fa81dab994f9023523100,2017-11-03 06:50:06,59.9,17.67
2c085be01cf9f459a741b95e7d81860f,1,4b24b35ca762a17e416dfcd4f647c28b,53e4c6e0f4312d4d2107a8c9cddf45cd,2017-10-13 15:49:29,42.99,9.34
2c293bd3c9f41735731112a36cbcaf81,1,bd0c8fe7ca76c396baeb6968121eb825,d2e753bb80b7d4faa77483ed00edc8ca,2017-10-19 14:49:26,87.9,12.62
2c293bd3c9f41735731112a36cbcaf81,2,5373e18844eec682770d139ba29cd32c,efcd8d2104f1a05d028af7bad20d974b,2017-10-19 14:49:26,50.0,33.65
2c2a19b5703863c908512d135aa6accc,1,03e1c946c0ddfc58724ff262aef08dff,98dac6635aee4995d501a3972e047414,2017-10-18 04:26:49,20.7,16.11
2c2a19b5703863c908512d135aa6accc,2,03e1c946c0ddfc58724ff262aef08dff,98dac6635aee4995d501a3972e047414,2017-10-18 04:26:49,20.7,16.11
2c2a19b5703863c908512d135aa6accc,3,03e1c946c0ddfc58724ff262aef08dff,98dac6635aee4995d501a3972e047414,2017-10-18 04:26:49,20.7,16.11
2c2a19b5703863c908512d135aa6accc,4,03e1c946c0ddfc58724ff262aef08dff,98dac6635aee4995d501a3972e047414,2017-10-18 04:26:49,20.7,16.11
2c2a19b5703863c908512d135aa6accc,5,03e1c946c0ddfc58724ff262aef08dff,98dac6635aee4995d501a3972e047414,2017-10-18 04:26:49,20.7,16.11
2c2a19b5703863c908512d135aa6accc,6,03e1c946c0ddfc58724ff262aef08dff,98dac6635aee4995d501a3972e047414,2017-10-18 04:26:49,20.7,16.11
2c2a19b5703863c908512d135aa6accc,7,03e1c946c0ddfc58724ff262aef08dff,98dac6635aee4995d501a3972e047414,2017-10-18 04:26:49,20.7,16.11
2c2a19b5703863c908512d135aa6accc,8,03e1c946c0ddfc58724ff262aef08dff,98dac6635aee4995d501a3972e047414,2017-10-18 04:26:49,20.7,16.11
2c2a19b5703863c908512d135aa6accc,9,03e1c946c0ddfc58724ff262aef08dff,98dac6635aee4995d501a3972e047414,2017-10-18 04:26:49,20.7,16.11
2c2a19b5703863c908512d135aa6accc,10,03e1c946c0ddfc58724ff262aef08dff,98dac6635aee4995d501a3972e047414,2017-10-18 04:26:49,20.7,16.11
2c2a19b5703863c908512d135aa6accc,11,03e1c946c0ddfc58724ff262aef08dff,98dac6635aee4995d501a3972e047414,2017-10-18 04:26:49,20.7,16.11
2c2a19b5703863c908512d135aa6accc,12,03e1c946c0ddfc58724ff262aef08dff,98dac6635aee4995d501a3972e047414,2017-10-18 04:26:49,20.7,16.11
2c45397dc5512200c931a12dfd62b627,1,5d10b3779b68d58be0fcc46a1ee79689,45d33f715e24d15a6ccf5c17b3a23e3c,2017-10-11 17:26:02,139.9,10.39
2c5871f32e23db4f41bf1c58df2f1bee,1,389d119b48cf3043d311335e499d9c6b,1f50f920176fa81dab994f9023523100,2017-10-18 10:34:54,59.9,13.44
2c68510f2fa96a537e4c75da3b3bada8,1,70869aae4d447a8815db20569604a9e7,bccf933e006e9b94a6184af782963e77,2017-10-23 14:27:26,98.99,21.18
2c7166305c873b61875185c04a58fce5,1,fe01b643060a6446e59f58e3021e66b3,2dee2ce60de9709b1a24083217181a1f,2017-10-17 10:45:48,143.0,47.53
2c7fa9ba8159b3183ee63a7ac9148038,1,20d7a48524eae8d2694bd40031fe12b2,8648b1e89e9b349e32d3741b30ec737e,2017-10-10 21:56:18,32.0,8.27
2c8aa83a58bbe76256c06fce899aa4aa,1,8c73649206e6aa4cb38d6fc019d5f95e,83645b1645cdee8953ee54c29ceed564,2017-10-18 06:22:43,58.9,15.16
2c8d335aabf96328d817f48bdbccc430,1,bd69e6d599b9a3d9c298617c14e46f9f,1900267e848ceeba8fa32d80c1a5f5a8,2017-10-25 06:49:06,80.0,12.9
2c909dcd674aa5bc39eb0841b7b8484b,1,a9516a079e37a9c9c36b9b78b10169e8,7c67e1448b00f6e969d365cea6b010ab,2017-10-13 17:49:34,119.99,34.2
2ca97ee9ac987bf566133bbde9f82593,1,77b22dbf8c7b5ba7b64f212c1344f7a9,76d64c4aca3a7baf218bf93ef7fa768d,2017-11-06 14:31:56,140.0,20.47
2cace2864447738573effeabd83eaa32,1,8f40f0b0018b8f6fd449c4c0713e3118,9de4643a8dbde634fe55621059d92273,2017-10-23 02:50:40,547.99,20.49
2cb1dbf399fd85ab146055c539b09ccf,1,9ebfbbb1a5a173f758cb76d6ecc75f9b,d12c926d74ceff0a90a21184466ce161,2017-10-11 02:56:32,26.5,16.79
2cc93fd6f68e6cfcb968814de8a14296,1,eed5cbd74fac3bd79b7c7ec95fa7507d,5d378b73ab7dd6f0418d743e5dcb0bd1,2017-10-20 20:00:08,1989.0,34.58
2cd4d457a1de3adcdb9d8237cb975c6d,1,797db4aaf1d7db19f13d21423f07b8e1,2fdde51ad3e12f297da656d4fbd5d0b5,2017-10-27 17:14:32,1490.0,115.14
2d15973f99e220f278677b903faa8dbd,1,6d2cb25a03acb6dd4e83969a770e772d,f45122a9ab94eb4f3f8953578bc0c560,2017-10-19 01:49:37,19.99,15.1
2d15f5afd65b730a72135678ea3487d2,1,3fb4a7a71f6e781489ced64b438c055f,7e93a43ef30c4f03f38b393420bc753a,2017-10-25 10:49:17,899.99,21.05
2d27207b384323a3320175c9dd0b6784,1,905a4d693124aa4be9299d68ee7ebd91,3be634553519fb6536a03e1358e9fdc7,2017-10-26 10:25:42,49.9,20.84
2d288e83d37a0c4589564d5b679693de,1,d1c427060a0f73f6b889a5c7c61f2ac4,a1043bafd471dff536d0c462352beb48,2017-10-27 20:14:43,149.99,40.38
2d296a65254039cec32b6f47fa89b269,1,169e1fedd1319ca92e90e057e7123005,e9779976487b77c6d4ac45f75ec7afe9,2017-10-27 10:50:10,69.49,16.25
2d40e4509fd3b132931c957812969adc,1,cad39e71c0fe2f6ce875040d4ac43a4b,4869f7a5dfa277a7dca6462dcf3b52b2,2017-10-10 18:28:09,318.0,27.51
2d5179fa58ed22b21f86902df78f8584,1,e2efd37edf851a99f9707f165ef0fb13,06579cb253ecd5a3a12a9e6eb6bf8f47,2017-10-23 04:25:05,161.9,31.44
2d58f989c5e9344556ea2a9526699249,1,504f07e36481e5e72043def3d874b92a,2e1c9f22be269ef4643f826c9e650a52,2017-10-05 10:56:10,89.99,16.39
2d5ace7adfe7a22628453f05952b4ebd,1,5804729aafca1ebee7b26895d830586e,d94a40fd42351c259927028d163af842,2017-10-19 15:14:09,139.0,25.81
2d5fe300d9ae2c54ed035449aac94391,1,8fadf68a98d539874e3365004f8bb2e7,3d871de0142ce09b7081e2b9d1733cb1,2017-10-24 00:14:28,69.9,0.04
2d5fe300d9ae2c54ed035449aac94391,2,0cbeda603059c985268afd35128be303,3d871de0142ce09b7081e2b9d1733cb1,2017-10-24 00:14:28,69.9,35.43
2d7c53f72873bc693d040a48c3f2b5e1,1,921d31a1daa51460b7a95ea5f3ab64d5,0df3984f9dfb3d49ac6366acbd3bbb85,2017-10-19 16:35:52,99.9,21.5
2d8589819360cb6c6603825b50230ba4,1,b0961721fd839e9982420e807758a2a6,1f50f920176fa81dab994f9023523100,2017-10-10 03:07:22,59.9,17.67
2db1d0694f169b74b5bbee207ca7cc64,1,94f584e1a1158e97314c59b190dfb899,2528513dd95219a6013d4d05176e391a,2017-10-10 09:56:20,399.0,18.5
2dceebebb97f2c0222194e9c24c28296,1,7703b8cb5b77fbb36518ea91e2ca734f,6560211a19b47992c3666cc44a7e94c0,2017-10-27 21:56:09,39.0,7.78
2dceebebb97f2c0222194e9c24c28296,2,7703b8cb5b77fbb36518ea91e2ca734f,6560211a19b47992c3666cc44a7e94c0,2017-10-27 21:56:09,39.0,7.78
2ddcc2305498e7f001b65b9c28b48072,1,51d6e4daf9bf0f6a2920a4bd23be3960,5c6d4016c2a288f074fa0848a2b653d2,2017-10-30 03:56:17,102.0,14.46
2de2a81f489e7ac7cc08d8e49dbd6c13,1,28695d1fbc87ba371ee1a55dbb422f0c,004c9cd9d87a3c30c522c48c4fc07416,2017-11-07 20:05:51,47.9,13.37
2e175b759e9d426f83e9b55b6a0661b2,1,380b4664ba5bb18cc9db78ee6bac3558,6560211a19b47992c3666cc44a7e94c0,2017-11-03 02:50:54,29.0,7.78
2e59385ec33f6734c6e53346083771aa,1,368c6c730842d78016ad823897a372db,1f50f920176fa81dab994f9023523100,2017-11-07 22:55:15,59.9,17.67
2e5a718ad46c5b831c15ef289d4dbfcb,1,f9d151cf2fc10d41cce64b782856320f,e9d99831abad74458942f21e16f33f92,2017-10-19 17:15:16,19.74,14.1
2e79e51b96cf9b836ce81f55548d018e,1,144fc7abb16b6f6d92d2c9f34d3c3452,e9d99831abad74458942f21e16f33f92,2017-10-13 13:14:11,35.99,25.63
2e84df8fa5a2f0d5eab815d6c157b1f3,1,5eedf4c1aa6ce63c49b7e0c547bf0ad9,244c2f1bff6afe1f2eaf9bfe9b2aed38,2017-10-16 12:40:21,99.0,52.7
2e84df8fa5a2f0d5eab815d6c157b1f3,2,5eedf4c1aa6ce63c49b7e0c547bf0ad9,244c2f1bff6afe1f2eaf9bfe9b2aed38,2017-10-16 12:40:21,99.0,52.7
2e8d9e986f6497677962424952e47f48,1,2029248294c186017ecfc48cecd47bbd,d50d79cb34e38265a8649c383dcffd48,2017-10-09 00:56:12,129.99,25.75
2e98befb6d10b5b83de9d9b4a6f836f9,1,f69c0a81b54c02376872d8bab620c55c,12b9676b00f60f3b700e83af21824c0e,2017-10-27 11:56:15,199.0,47.92
2ebc2fcb2f8e8a378323a13893adb1eb,1,8345f12ea3fe16a74912415280296b3d,8603f0038fe0e52fedd3382d266723de,2017-10-16 12:49:27,254.0,54.16
2ec3fb192c828ca618c797ccb2c22a3e,1,8af4a717d0442a5fbe332dc587583296,b92e3c8f9738272ff7c59e111e108d7c,2017-11-24 03:31:20,139.9,36.04
2ecc1d9cebb1daded906e43f4c445a5f,1,8c591ab0ca519558779df02023177f44,a1043bafd471dff536d0c462352beb48,2017-11-01 20:10:23,89.99,26.25
2ee77ee9cd8288db14b7af33ba98c163,1,17a019676883dce326999c11a46a14f0,9f505651f4a6abe901a56cdc21508025,2017-10-26 13:28:07,23.99,7.78
2ef3dc148b9087149e2b5673eea276ac,1,0a57f7d2c983bcf8188589a5fea4a8da,4869f7a5dfa277a7dca6462dcf3b52b2,2017-10-25 15:49:41,109.9,12.27
2efb042198dc29d88f506b0f0a607b15,1,5a47c5b5c3866f29177d497727f22f38,218d46b86c1881d022bce9c68a7d4b15,2017-11-07 21:06:34,128.56,18.15
2f0d37ea567190781b905fe413d187b1,1,a50acd33ba7a8da8e9db65094fa990a4,8581055ce74af1daba164fdbd55a40de,2017-10-09 19:14:31,117.3,14.43
2f126b65184ad1af3f36fcbf07ae078c,1,2b4609f8948be18874494203496bc318,cc419e0650a3c5ba77189a1882b7556a,2017-10-17 17:56:27,89.99,9.44
2f5e6eaf3119b2864514aa0a2a0cfaff,1,f3a67aed340d9b5f218c2d177cc720e3,dee656f0f566ed1aa85bd137c943f08f,2017-10-23 20:35:19,49.99,15.1
2f6251551aaa1868831b65a26562a692,1,db4e53a9c9aa94503fbeb12a2fdbf7ba,50c9975695009e5e6473912e83a6d1da,2017-10-19 03:35:15,75.6,56.32
2f6251551aaa1868831b65a26562a692,2,03ba2b6c24374d16022585b6b1b385e1,50c9975695009e5e6473912e83a6d1da,2017-10-19 03:35:15,50.4,37.55
2f62dbff060e1fc79791d3f079b62769,1,aede48631330269f65a8d680de491657,dbc22125167c298ef99da25668e1011f,2017-10-10 00:04:10,83.9,14.32
2f7e28557591670c3bafadee171c72b0,1,386486367c1f9d4f587a8864ccb6902b,cca3071e3e9bb7d12640c9fbe2301306,2017-10-16 20:42:18,113.57,18.04
2f8fcfe0b82ecb5bf95a056e04b3181f,1,500870614ddcf5bd84f7d26861026c8a,ef506c96320abeedfb894c34db06f478,2017-11-14 19:56:20,29.99,14.1
2fa486d029393f1935691163d018a843,1,368c6c730842d78016ad823897a372db,1f50f920176fa81dab994f9023523100,2017-10-26 16:14:22,59.9,17.67
2fb18b13a1be48e919574ffb28831cc8,1,ac850a749748b386d598124ae34ba1b0,fffd5413c0700ac820c7069d66d98c89,2017-10-09 09:49:33,298.6,82.4
2fc0b908e1bad9c0182c663a45cad564,1,9afaad66aca8b0c79e4f084a89c9c92b,42bde9fef835393bb8a8849cb6b7f245,2017-11-07 13:50:09,189.0,16.76
2fc8b6f01e0884f61ab625d07bfad865,1,ea5dab9d789df7f5cef0e41002bdf47b,db4350fd57ae30082dec7acbaacc17f9,2017-10-16 18:14:30,21.99,15.1
2fcb286cb29d51ba670d1ae35aeacab6,1,c0400a62c5019cdc69bfc76d39b1cfb4,cfb1a033743668a192316f3c6d1d2671,2017-11-05 23:45:08,28.9,18.55
2fcb286cb29d51ba670d1ae35aeacab6,2,c0400a62c5019cdc69bfc76d39b1cfb4,cfb1a033743668a192316f3c6d1d2671,2017-11-05 23:45:08,28.9,18.55
2fcb286cb29d51ba670d1ae35aeacab6,3,4bc15899b2cd7ade6db2fb0a5188cd24,cfb1a033743668a192316f3c6d1d2671,2017-11-05 23:45:08,59.9,9.28
2fcb6263976614e8dda6b72f13366a6d,1,9bc7d25a36d620cf449cfdebe3de132f,01fdefa7697d26ad920e9e0346d4bd1b,2017-10-31 02:26:17,57.99,13.43
2fd592f3553f88b7489e09179c93f261,1,ebe8bbf509715e46f138ac98b1cbb12e,4a3ccda38b2129705f3fb522db62ca31,2017-10-13 02:35:24,65.9,11.96
2fd592f3553f88b7489e09179c93f261,2,ebe8bbf509715e46f138ac98b1cbb12e,4a3ccda38b2129705f3fb522db62ca31,2017-10-13 02:35:24,65.9,11.96
2fd592f3553f88b7489e09179c93f261,3,ebe8bbf509715e46f138ac98b1cbb12e,4a3ccda38b2129705f3fb522db62ca31,2017-10-13 02:35:24,65.9,11.96
2fe20445486504c74cc44e58bef7545d,1,8a26f391ab8b209f67d87dd358f6f004,cb9fb4ca75d7ba8437480e8dde64fe98,2017-10-18 10:56:24,46.98,19.84
300222059680c43ac9e49247244f8391,1,adf67f81126a8ec9e0968dadbb49083f,8c16d1f32a54d92897cc437244442e1b,2017-10-17 07:33:32,21.8,15.1
300222059680c43ac9e49247244f8391,2,adf67f81126a8ec9e0968dadbb49083f,8c16d1f32a54d92897cc437244442e1b,2017-10-17 07:33:32,21.8,15.1
3022bc9eee8087dad85d0832b67b37b9,1,0dd8f23d6e66d8b4246e3068d13091f9,822166ed1e47908f7cfb49946d03c726,2017-10-24 15:26:41,18.74,12.35
3022bc9eee8087dad85d0832b67b37b9,2,0dd8f23d6e66d8b4246e3068d13091f9,822166ed1e47908f7cfb49946d03c726,2017-10-24 15:26:41,18.74,12.35
30290113513bda95268bb542dfa87acb,1,08574b074924071f4e201e151b152b4e,001cca7ae9ae17fb1caed9dfb1094831,2017-10-25 22:35:14,99.0,89.82
3030f0e22d19c6ba1366d9628972bec4,1,75d6b6963340c6063f7f4cfcccfe6a30,cc419e0650a3c5ba77189a1882b7556a,2017-11-03 10:29:40,56.99,15.15
306193c0f58d9f95461c43563b65166c,1,4d272fe20c57c64dc74b3db191fc31ef,d2374cbcbb3ca4ab1086534108cc3ab7,2017-10-19 18:28:09,24.9,9.94
30833901a5dd334649ed9090a103fc35,1,78819ab10b4a44927c832a21c06849e0,34d1ca11b242c0fee2c834ae8d788566,2017-10-26 02:49:41,580.27,17.08
308d6f3a55688463299b7763b12bfbae,1,17ebb5f3d26d2db3afcd24d2d68072a0,d354c38a7182125a748cb10474fe963b,2017-10-17 04:35:22,18.99,12.35
30a5599988bbbbed7e082d19cb225431,1,ba9f160a6ae1c23f25d690fd06fe4fd8,ac3508719a1d8f5b7614b798f70af136,2017-10-13 10:49:20,120.9,53.21
30a8343ec44216954bf765295fc0c65f,1,5eedf4c1aa6ce63c49b7e0c547bf0ad9,244c2f1bff6afe1f2eaf9bfe9b2aed38,2017-11-03 09:28:16,99.0,52.7
30c47a84e4f1b12042a90134ab4640ad,1,7c1bd920dbdf22470b68bde975dd3ccf,cc419e0650a3c5ba77189a1882b7556a,2017-10-17 15:47:27,58.99,13.43
30c4f4b428ca348c766ab59fbb03cf79,1,2002fc3ec2d8a30a7588628fe7aff958,e9d99831abad74458942f21e16f33f92,2017-11-08 15:33:16,30.0,14.1
30cd92bf673cad5ee8cbc69432e5b951,1,542b3d80712d51eefe3a3cd1c5f4e8fe,537eb890efff034a88679788b647c564,2017-10-26 14:25:58,42.9,16.11
30d6ee4a4d29531562ae9ca6c0635d61,1,1f7d5ed869623b79db194aaed277d963,c3867b4666c7d76867627c2f7fb22e21,2017-10-19 03:21:04,106.0,16.37
30eb68f1adec947261593a874308f991,1,43944a8f8f0b7ae86b6c3d3c2f257375,0adac9fbd9a2b63cccaac4f8756c1ca8,2017-10-17 00:14:19,699.0,57.49
30f0c1cbcfb334c331b788655f973cae,1,bb42f37fc3d9130e4a4339d24a47dd7c,da8622b14eb17ae2831f4ac5b9dab84a,2017-10-19 23:07:11,44.9,11.85
30fb68ec9b460ddad4e36bf5b4c457e4,1,dd30ac2295f4efcd58173d3043f8216b,1771297ac436903d1dd6b0e9279aa505,2017-10-31 15:27:40,49.3,29.76
310665e6326967af1b7df9e9ce885ff6,1,fecf6223a3494f35362f670e571d2a04,3db66a856d18a9cba7c9241fc5221c50,2017-11-27 02:26:47,69.9,8.12
310665e6326967af1b7df9e9ce885ff6,2,fecf6223a3494f35362f670e571d2a04,3db66a856d18a9cba7c9241fc5221c50,2017-11-27 02:26:47,69.9,8.12
31116b5bedeace2fc1202e1e5288be14,1,461f43be3bdf8844e65b62d9ac2c7a5a,4869f7a5dfa277a7dca6462dcf3b52b2,2017-11-03 18:28:16,146.0,15.77
31148380343ee0a6d9c87f7e80e574ec,1,39eef1b4d9ab7a5a121d3436b03ce7d3,f1ed6bd0a9b11b581f16c851c6a5a527,2017-11-03 08:46:01,97.47,47.21
3122051cc85fb10cbfcd789c0f8afa3b,1,4583e308182e4e78d5b71b5af1804def,cd68562d3f44870c08922d380acae552,2017-10-13 10:28:16,169.0,18.75
312c70dd46ea96e94028c87931320097,1,c1b851dcfa2dd09a9349f396b2daeacb,6c7d50c24b3ccd2fd83b44d8bb34e073,2017-10-26 02:45:53,99.0,25.53
3138d38716dc5218c15ef572927fa93e,1,2c9729f1ad01461013c463866b72509a,744dac408745240a2c2528fb1b6028f3,2017-11-01 16:29:06,168.0,34.98
3146c0c437f6206198d8934ace1935e1,1,1c63d0a4d75df524d4605a43285925d7,45d33f715e24d15a6ccf5c17b3a23e3c,2017-10-13 02:25:15,51.87,16.12
31491a6bf618385b8b23b9924a119e4c,1,22bd45d50bed841763d6f7f58cb7b6ac,3c7c4a49ec3c6550809089c6a2ca9370,2017-10-13 08:56:27,13.99,7.78
3155d8e868068ec1a05318b9289b81e2,1,7bd42138fcc3aec6e8a0494f5a34bd25,7299e27ed73d2ad986de7f7c77d919fa,2017-10-26 12:15:19,79.99,15.31
31570df15e703d337b7b8a1d1ddcab6b,1,98a8c2fa16d7239c606640f5555768e4,001cca7ae9ae17fb1caed9dfb1094831,2017-10-26 09:49:15,110.0,36.85
3158707358b447fc894a497446d1acbe,1,5a3320037d5922a7708647c81ecc1f15,b6d44737c043328708f6749c2dbe50bd,2017-10-23 09:07:24,79.0,16.18
3158707358b447fc894a497446d1acbe,2,5a3320037d5922a7708647c81ecc1f15,b6d44737c043328708f6749c2dbe50bd,2017-10-23 09:07:24,79.0,16.18
3158707358b447fc894a497446d1acbe,3,5a3320037d5922a7708647c81ecc1f15,b6d44737c043328708f6749c2dbe50bd,2017-10-23 09:07:24,79.0,16.18
3158707358b447fc894a497446d1acbe,4,5a3320037d5922a7708647c81ecc1f15,b6d44737c043328708f6749c2dbe50bd,2017-10-23 09:07:24,79.0,16.18
31593a3048f6d0e061a4101a6e5fe24f,1,0442663b51251c398df7f53c29e29812,c864036feaab8c1659f65ea4faebe1da,2017-10-11 10:07:21,199.9,16.15
31725408e39733c6fbccf9559d25f0e4,1,6e1b14d3cbb5fb3a2c00351007127dfd,7a67c85e85bb2ce8582c35f2203ad736,2017-11-01 11:35:28,239.99,24.55
317d836ac628026b3639e69c710946b3,1,522e80f11e2431474e70300f12a6e45f,5eeb9c756d9780b96283e5a2ac6da334,2017-11-06 15:28:00,317.0,27.06
318160e821f4c754080f46f95afc1ded,1,57f2de7e1c6028c7d38a50cff155c794,9616352088dcf83a7c06637f4ebf1c80,2017-10-26 02:49:49,39.0,17.92
318a41eb5de685684d15e6ce68fa5ab7,1,edba1f070ba4f8137a89925f6c016bfa,0df3984f9dfb3d49ac6366acbd3bbb85,2017-10-10 08:49:23,44.9,14.1
3190cee126ad6894778d3f21c28b0a55,1,e1da6ab77f4859eb17950e5df1c0f815,dd7ddc04e1b6c2c614352b383efe2d36,2017-10-25 11:49:37,45.9,11.73
3190cee126ad6894778d3f21c28b0a55,2,e1da6ab77f4859eb17950e5df1c0f815,dd7ddc04e1b6c2c614352b383efe2d36,2017-10-25 11:49:37,45.9,11.73
31957bf1aaecfc2956d1b81300cf0dcc,1,8ae1198dd85742fe30b74a96968f250e,3b15288545f8928d3e65a8f949a28291,2017-10-31 21:28:33,115.99,13.83
31bc09fdbd701a7a4f9b55b5955b8687,1,e5ff2945f13a69162a72acc5170ba684,a3e9a2c700480d9bb01fba070ba80a0e,2017-10-19 01:14:32,166.0,98.53
31c2a4ddeb6a9db03922009a2dfcb254,1,1600dcf1cea8c0c83702e07b577ab231,6560211a19b47992c3666cc44a7e94c0,2017-10-31 19:07:43,44.0,15.1
31c4bc4f07ff54c35fce88b58ac90113,1,f71f42e2381752836563b70beb542f80,85d9eb9ddc5d00ca9336a2219c97bb13,2017-10-25 03:25:11,31.9,21.15
31c54ed1a4d3fa48b61341540f1197f8,1,76fffd0056ad48fbddac939c05e05cff,6560211a19b47992c3666cc44a7e94c0,2017-10-25 03:15:27,49.0,7.78
31e77c77690b6d70901ee51f324ab4f5,1,090481b27cff4d143f62be584cba5ed1,41b39e28db005d9731d9d485a83b4c38,2017-10-10 14:14:08,35.9,11.73
31ff2ab0bf20340ff13605c65e38387f,1,4c2394abfbac7ff59ec7a420918562fa,cc419e0650a3c5ba77189a1882b7556a,2017-11-06 15:55:51,84.99,16.35
32041c13aeb87f7faadf1f7e8344263e,1,53027b8270c2c4b97acb3907e39e999e,6df688df543f90e9b38f4319e75a9d88,2017-11-03 01:46:35,19.63,13.37
320eb048096c018a52cf175bb6630898,1,dd30ac2295f4efcd58173d3043f8216b,1771297ac436903d1dd6b0e9279aa505,2017-10-17 00:14:40,49.3,23.22
32219b8b14d2170cb4d16cf24c5d6025,1,4a300735bc293723103db0d0c1bc1585,6f892e20a171e98efe17fdb971ff319b,2017-10-27 02:56:38,70.9,14.25
322605f2be4d493376dd7fdf8efc47f6,1,f71973c922ccaab05514a36a8bc741b8,5dceca129747e92ff8ef7a997dc4f8ca,2017-10-17 05:08:08,129.9,36.53
3239c022d37dc6c0fd3b8749bb7a0b1e,1,cf8316c961640d38321241895b7811c2,da8622b14eb17ae2831f4ac5b9dab84a,2017-10-30 23:25:50,119.9,13.86
323bbdc2ccee2a7f26f2a66fca94e58b,1,aaa391b7c35a628a6318851e8e933e0b,e5a3438891c0bfdb9394643f95273d8e,2017-10-10 03:04:04,20.3,8.11
324390b70e40e80315c594d323f03798,1,42a2c92a0979a949ca4ea89ec5c7b934,813348c996469b40f2e028d5429d3495,2017-10-16 11:14:24,59.9,14.13
3243b6004aa13062aab8b5d81b54fc98,1,79706e79825f7409ef032653a271fba2,7c67e1448b00f6e969d365cea6b010ab,2017-10-25 04:46:25,189.99,69.69
3249b34ae4cc68e38502abbad5c972b7,1,675f0378d4f337bc076b40d006202ab4,dc4a0fc896dc34b0d5bfec8438291c80,2017-10-16 09:28:17,116.59,13.84
32a125a6a8216eaa745d0e33eabc4218,1,f1261761d91b574288d60a6390a007b6,4a3ca9315b744ce9f8e9374361493884,2017-10-10 02:56:31,104.0,12.23
32a4b9871a273951733039d98aafff79,1,a4aae1a5593180418f46f1dd9f5d3793,ac3508719a1d8f5b7614b798f70af136,2017-10-10 20:04:50,159.9,19.36
32bcd8b7a5501464ffa9586eb4794f53,1,a0de6ed943a47ab1ea06555cb9fddbab,66e0557ecc2b4dbea057e93f215f68d8,2017-10-31 15:05:56,354.0,16.23
32cba3ccd7c1594ef6f9bc886ae3a460,1,fe1b6867dcd2f3336f259476b77f5edd,cb3dd9ce66268c7a3ca7241ac70ab58c,2017-11-01 12:21:20,89.9,16.88
32d5345315b43fe6681946d54874262c,1,37fe4cdce8bd0f643d3f943a6a3b8e89,259f7b5e6e482c230e5bfaa670b6bb8f,2017-10-30 06:36:44,34.99,16.6
32def7b7a945df79e300466f674dde0b,1,d8a3b568800dd60242c366e5e02184e4,f8db351d8c4c4c22c6835c19a46f01b0,2017-10-25 22:25:47,55.9,16.15
32e229fa77e1933548f2304a2b4d7dc7,1,386eebb43722ab502f04f7900bd2451b,8b28d096634035667e8263d57ba3368c,2017-10-10 18:04:30,57.9,11.91
3303a91e8a879bd0c64fe750485298b0,1,76b8dd5ed5596a060e722e0032d2d9da,a3a38f4affed601eb87a97788c949667,2017-10-31 20:35:15,69.9,18.06
33083ef1b98c3ffaf1c217ec67963aeb,1,24d1e0447bc0f9b43af49837d0a4efd8,98dac6635aee4995d501a3972e047414,2017-10-13 20:49:27,39.1,16.6
3311cd7f364b477a3538e0f96acc9403,1,648058594991ac2fa9af20f5f9e6677c,e21a1e8be4715b0fcfd5385643bc49c4,2017-10-19 16:49:33,19.9,16.79
3311cd7f364b477a3538e0f96acc9403,2,50f5f13adab483598dfb6a40afaf70b6,e21a1e8be4715b0fcfd5385643bc49c4,2017-10-19 16:49:33,19.9,16.79
331ec8fd37b237cfe255176db487a755,1,35557c68a22ecebcf066e25ca2ddc144,f8db351d8c4c4c22c6835c19a46f01b0,2017-11-07 19:15:19,16.9,8.27
332e264249f30a888b81bffd7a84e03c,1,23bb156d1ade824158d1b0c799f9a641,71039d19d4303bf9054d69e9a9236699,2017-10-17 04:49:20,109.9,21.57
335339ec0db35157e0c110604ca053d2,1,79366d6a24de9351b7ca6e3cf75a68ec,cc3d14116804f7209f3884f6367f1152,2017-10-27 09:49:11,193.0,15.08
3369b9e1711af775c57b7ad52baf8017,1,9163c7e81fd68452472912c4cde810aa,b499c00f28f4b7069ff6550af8c1348a,2017-10-13 10:56:14,34.99,26.89
336a16de6914823ae7487a9023eb6d20,1,2a2d22ae30e026f1893083c8405ca522,1a3df491d1c4f1589fc2b934ada68bf2,2017-10-27 13:35:20,149.9,33.5
3375c68ecbc81a56191ced194ca3f760,1,bcf28e2680bbdb599383f24b32d8d5f2,ec933281fb017b5020d06df29c3f77e8,2017-10-20 11:10:10,169.0,17.43
337ed97aec5fea9e7e8169cf04876433,1,53090d94b00b6613c77382b7f4617d2b,7040e82f899a04d1b434b795a43b4617,2017-10-16 21:35:51,24.9,15.79
338515ff7c1216299678e18a593799a5,1,588531f8ec37e7d5ff5b7b22ea0488f8,53243585a1d6dc2643021fd1853d8905,2017-10-26 17:49:24,1437.0,42.51
3389e2333066b728a245423a73f3f82c,1,4520766ec412348b8d4caa5e8a18c464,16090f2ca825584b5a147ab24aa30c86,2017-10-09 04:04:58,40.0,15.1
3398f00480d402f9b8522e6bda2c29d5,1,4c2394abfbac7ff59ec7a420918562fa,cc419e0650a3c5ba77189a1882b7556a,2017-10-27 20:35:23,84.99,15.35
33a08d5c54f24e209c3a1c2c9fc40c97,1,36940188c2ad1a212b94931a08cc3c29,2138ccb85b11a4ec1e37afbd1c8eda1f,2017-10-17 10:56:18,49.99,14.1
33a0cbee893f2c8ed0a6abfdc48926b6,1,dd5cf159767b4074d203d21283df2ef6,e8b3a3a38279a82f0e5d006d5e5b7d2c,2017-11-09 12:27:30,39.9,13.37
33a2d5e5c1eda20e8a1ce9445bec4086,1,041644fcb6426ab2a7c992fac010771a,bba74270a87732727b5a3b4fd9ac1c39,2017-10-27 03:06:03,89.99,17.07
33a87700d69548a4c5e19b95ac6f7612,1,b18e0067418085fab0785606c86d875c,6d803cb79cc31c41c4c789a75933b3c7,2017-10-23 08:56:32,179.9,14.28
33b1b34b5bb565c5bdea6e2995ac1cab,1,820e8f306dc9ffcf6d0957516084cca1,7aa4334be125fcdd2ba64b3180029f14,2017-10-11 02:56:34,38.89,17.6
33ba4f801135f88f6836ade6260d0623,1,76b8dd5ed5596a060e722e0032d2d9da,a3a38f4affed601eb87a97788c949667,2017-10-23 16:06:47,69.9,13.64
33ceaf4ebfd2f04f54236b86d61c8770,1,2b4609f8948be18874494203496bc318,cc419e0650a3c5ba77189a1882b7556a,2017-10-25 12:56:41,89.99,18.2
33dbd2002d80438989cc32296d1a2ed9,1,446e83f3f31931e9eda31363bde07293,5058e8c1e82653974541e83690655b4a,2017-10-31 18:14:17,24.99,15.28
33dbd2002d80438989cc32296d1a2ed9,2,446e83f3f31931e9eda31363bde07293,5058e8c1e82653974541e83690655b4a,2017-10-31 18:14:17,24.99,15.28
33ec97b423d769023dbd71f138aca94a,1,7c20caef078d055077dcf2c8a6f49b46,25e6ffe976bd75618accfe16cefcbd0d,2017-11-06 22:06:47,340.0,5.47
33ec97b423d769023dbd71f138aca94a,2,7c20caef078d055077dcf2c8a6f49b46,25e6ffe976bd75618accfe16cefcbd0d,2017-11-06 22:06:47,340.0,5.47
33ec97b423d769023dbd71f138aca94a,3,7c20caef078d055077dcf2c8a6f49b46,25e6ffe976bd75618accfe16cefcbd0d,2017-11-06 22:06:47,340.0,5.47
33ec97b423d769023dbd71f138aca94a,4,7c20caef078d055077dcf2c8a6f49b46,25e6ffe976bd75618accfe16cefcbd0d,2017-11-06 22:06:47,340.0,5.47
341f9a0cecbdf48fcb1ba6975fe2cbda,1,186fe07c8b8005ec6a498587ffbc1352,6560211a19b47992c3666cc44a7e94c0,2017-10-19 13:14:22,29.0,7.78
34276839abbc2d596eb36540d36c624c,1,83b00325c13c44245b2c3a2befa62a0e,ad781527c93d00d89a11eecd9dcad7c1,2017-10-10 23:14:17,159.99,57.79
342aec7e6313f37e8c61478fa378b7dc,1,f788dd44fc883f0664693a6dea50437f,3d871de0142ce09b7081e2b9d1733cb1,2017-10-18 17:35:19,39.0,16.11
342b32ffd8aaa93d30dcf0497eeefbcc,1,d5991653e037ccb7af6ed7d94246b249,25c5c91f63607446a97b143d2d535d31,2017-11-07 04:10:22,137.9,38.81
342cf69b4246df3d10f217d51f73d01d,1,6d83ca45d94919027131b87caf3b2a6c,1900267e848ceeba8fa32d80c1a5f5a8,2017-10-09 22:14:22,14.0,15.1
342cf69b4246df3d10f217d51f73d01d,2,6d83ca45d94919027131b87caf3b2a6c,1900267e848ceeba8fa32d80c1a5f5a8,2017-10-09 22:14:22,14.0,15.1
344fa1eebc59a2edab43baf1e0a171fc,1,c9fbc1aa8e59ad7525f82fd8a5cb2337,a81466620e46a6970b22ef40379fdfc9,2017-10-18 11:28:13,160.9,18.7
3480c6733692db0895d7f240dc18d9d6,1,d017a2151d543a9885604dc62a3d9dcc,6560211a19b47992c3666cc44a7e94c0,2017-10-23 17:14:35,49.0,7.78
348f8709fce4309c6eb7f768d4388645,1,209c968305b3c2ab858608fc0b21e7e0,ea8482cd71df3c1969d7b9473ff13abc,2017-11-03 15:46:24,17.99,11.85
348f8709fce4309c6eb7f768d4388645,2,209c968305b3c2ab858608fc0b21e7e0,ea8482cd71df3c1969d7b9473ff13abc,2017-11-03 15:46:24,17.99,11.85
34a254b2668083c77b9158c151571877,1,e4d1cdc6559e08672c98c73a21305521,d354c38a7182125a748cb10474fe963b,2017-10-13 17:26:39,18.99,15.1
34a9dd848ef0ebd4ae4b60d31720497d,1,c03d44fcdfabbabd5185c8eb60f77aea,48436dade18ac8b2bce089ec2a041202,2017-10-19 13:13:47,48.9,16.11
34aed6e4313d7573b0d3b459f3a805ea,1,588531f8ec37e7d5ff5b7b22ea0488f8,53243585a1d6dc2643021fd1853d8905,2017-11-08 07:06:26,1437.0,52.47
34b5c4f2b088c66075f85fc2291cfa06,1,d57df0660328af2e535fa009f227d575,391fc6631aebcf3004804e51b40bcf1e,2017-11-08 02:27:04,139.85,7.33
34b5c4f2b088c66075f85fc2291cfa06,2,efa91c03c750cf82e0e9fc5523aca73c,391fc6631aebcf3004804e51b40bcf1e,2017-11-08 02:27:04,73.35,11.06
34b5c4f2b088c66075f85fc2291cfa06,3,efa91c03c750cf82e0e9fc5523aca73c,391fc6631aebcf3004804e51b40bcf1e,2017-11-08 02:27:04,73.35,11.06
34bfe8d474f4b345e99b22b2ed46472f,1,ff29d8cb1cd0cd5ea37b80dac9939e1c,8b321bb669392f5163d04c59e235e066,2017-11-03 15:48:17,18.9,16.79
34d7c2c94f8f4d4f2153adcb60b22145,1,6c3effec7c8ddba466d4f03f982c7aa3,37515688008a7a40ac93e3b2e4ab203f,2017-10-05 12:03:54,19.9,11.85
34ea00820ec035b5002e8c3b026a3db8,1,e2e426d1332240070b0a836a854d057b,cce6ab8d1682639fe45ab70234f1665f,2017-11-09 08:10:06,40.0,19.59
34efa0681bf639559e9739d0b5a703a7,1,5af87403ae95da1184c5035ef7e10c07,75fbb52eda0cbc24f479d3b2fbfa8d3e,2017-11-03 03:06:58,19.9,21.15
34fe5a39b9e65ac47aac2872c3538c41,1,a7c73814e6894bc049f7aac7d37f7175,6f892e20a171e98efe17fdb971ff319b,2017-11-07 16:35:15,254.9,9.98
350508df3bad3da1cf8a3ac50f8c0406,1,64b4fdd3c24f7e8c49133cad3718bfc4,5abb8ea023c77787f2c15da891c8d384,2017-10-11 14:35:15,399.0,166.91
351ddc87c9428b377765b7f1d3e478a9,1,b5aebb467d9a92162173cbd234e00d99,d9e8c084b68fe958861d8f2c21202e6b,2017-10-13 02:28:23,35.0,8.72
3534b435f58c0e6148212006204d843a,1,3fda13f397426103abde1f106676f0bf,b2ba3715d723d245138f291a6fe42594,2017-10-05 17:56:14,64.9,17.73
3538ead6f9b48a09ea5f84cce99614f1,1,9b564ab4807c6c00dcc56a91c5e1c8a3,46dc3b2cc0980fb8ec44634e21d2718e,2017-10-12 22:49:14,99.99,9.71
353f19bd937d256e95b40e479616f7f7,1,bc9f168ac01066f4f007d17ee4e2ea6a,dd2bdf855a9172734fbc3744021ae9b9,2017-11-01 02:56:29,29.9,15.11
3558178e8d339107c501b79be5836b47,1,f03859e4cc21018569f5ae7a03897ff4,7299e27ed73d2ad986de7f7c77d919fa,2017-11-03 00:45:47,49.99,25.97
3562b1452ae270e6b3ebc1f464cadc0c,1,d2085f7e0f9533605386960fc7e987ec,aac29b1b99776be73c3049939652091d,2017-10-30 08:56:22,12.49,15.1
3562b1452ae270e6b3ebc1f464cadc0c,2,d2085f7e0f9533605386960fc7e987ec,aac29b1b99776be73c3049939652091d,2017-10-30 08:56:22,12.49,15.1
356f68057b81e3a00ee64a8e16051517,1,e0d64dcfaa3b6db5c54ca298ae101d05,7e93a43ef30c4f03f38b393420bc753a,2017-10-09 13:28:16,209.99,15.9
356f68057b81e3a00ee64a8e16051517,2,53b36df67ebb7c41585e8d54d6772e08,4869f7a5dfa277a7dca6462dcf3b52b2,2017-10-09 13:28:16,134.9,6.81
3582fb0b1a99491e556c896ea2565708,1,eb7172d8a3c64298d2d767f6603c231e,725c32fa80c2faacc4fc88450d27314e,2017-10-30 03:28:30,44.95,7.78
3594036dc631b02c14cd17fd933d3068,1,75d6b6963340c6063f7f4cfcccfe6a30,cc419e0650a3c5ba77189a1882b7556a,2017-10-25 02:53:48,56.99,8.72
3597f6476c27b4e1cc2f58588116f8f5,1,2d72cf7f8c3240028550efb165045073,83deb69e889cf80f82be1dc6d5f2d486,2017-10-10 03:04:14,69.9,15.24
3599e4616c45ae9b879c2e6c54d76120,1,42f61cf5c925b4e7fad27faee993c145,ea8482cd71df3c1969d7b9473ff13abc,2017-10-31 22:07:17,27.99,15.1
359d29ab40f1d5211a391308f9078c8e,1,6c8b2975a4a05d1f36948b20753b29ca,955fee9216a65b617aa5c0531780ce60,2017-10-19 17:28:21,60.0,16.67
35a837720015a5cf47f5ff1f1f3a898a,1,3ce21e38e6a3060c20f4e74bdab770c8,1b938a7ec6ac5061a66a3766e0e75f90,2017-10-18 20:14:20,58.9,17.12
35ab20ce8b706d54507640a4a7b0ff35,1,f819f0c84a64f02d3a5606ca95edd272,4869f7a5dfa277a7dca6462dcf3b52b2,2017-10-26 16:49:12,689.0,17.84
35c369ca367805c6b6c59ce554768eef,1,617186c3d97ea56c9c683a8a3974e8c1,cc419e0650a3c5ba77189a1882b7556a,2017-11-01 21:49:24,84.99,9.41
35d522f468310fd81c065ee66f126cb9,1,d401d9445df5a515a304b386278b4844,afe0067131b73e40875c9b6c10bd2e21,2017-11-07 04:06:29,104.9,21.22
35d8452c4085b7bad1b14bc47d24091b,1,3377b442347c19fe5f5d740892c180e6,b2ba3715d723d245138f291a6fe42594,2017-10-26 18:49:24,69.9,11.73
35e5585976ac906f5b04e7f491ec300c,1,154e7e31ebfa092203795c972e5804a6,cc419e0650a3c5ba77189a1882b7556a,2017-10-27 13:27:06,23.99,15.1
35e6a07f069c2483b3e23c5bbb94a770,1,42a2c92a0979a949ca4ea89ec5c7b934,813348c996469b40f2e028d5429d3495,2017-10-20 20:49:17,59.9,14.13
35f32d2298ac8db3508621c20afca845,1,5a24564e1fe7c08ef367b0151564ceae,bfd27a966d91cfaafdb25d076585f0da,2017-10-13 08:35:19,89.0,29.02
35ff30856e32d0b5a4a2abe36bc26f4e,1,288dbc06591742c5d7fe90fbfb08943e,9add47bf45ce8e8c7db6b9cf670b1e09,2017-10-11 20:49:31,109.8,24.15
3607a5c1a425d6896e8327401100e0b2,1,150c699262a053229e89213dc9c358d2,cd68562d3f44870c08922d380acae552,2017-10-31 22:28:16,116.0,16.57
36102c60cdae5d6d01fd40b0b5db5857,1,be75efb07aff79cef2eec7ddc5de3952,8f2ce03f928b567e3d56181ae20ae952,2017-10-13 00:28:33,99.9,13.25
363aa2fb205fb8cc8568919310f793aa,1,fe01b643060a6446e59f58e3021e66b3,2dee2ce60de9709b1a24083217181a1f,2017-10-11 19:46:00,143.0,38.55
364578a2d4829f6a7aeccb9f1e25f5be,1,f17d1aa5300d268089a9c5136dbeb6b0,1f1bb1f0859883505541bdd6606193e5,2017-10-19 05:06:26,439.0,10.33
36543b4a82c2c12ec60edfe8b5f67e3c,1,6ab41d7f15e7af9d6c7cd912055acc1a,a2e85714b56b1cb6bb24a9a6e6cad36f,2017-11-06 15:06:50,114.9,18.46
36543b4a82c2c12ec60edfe8b5f67e3c,2,9ede6b0570a75a4b9de4f383329f99ee,a2e85714b56b1cb6bb24a9a6e6cad36f,2017-11-06 15:06:50,109.9,9.14
366e36538aace156a4d280994494b604,1,481aad97c80d6786a7c6096991003274,95e03ca3d4146e4011985981aeb959b9,2017-10-25 04:37:06,29.99,16.79
367464e5d1a4656c498410bf2523ed78,1,23bcd6822a33df5534f9b290216eec1f,ac3508719a1d8f5b7614b798f70af136,2017-10-17 16:50:14,129.8,21.75
3689194c14ad4e2e7361ebd1df0e77b0,1,b532349fe46b38fbc7bb3914c1bdae07,1025f0e2d44d7041d6cf58b6550e0bfa,2017-10-26 16:14:29,38.4,12.69
3689194c14ad4e2e7361ebd1df0e77b0,2,b532349fe46b38fbc7bb3914c1bdae07,1025f0e2d44d7041d6cf58b6550e0bfa,2017-10-26 16:14:29,38.4,12.69
3689194c14ad4e2e7361ebd1df0e77b0,3,b532349fe46b38fbc7bb3914c1bdae07,1025f0e2d44d7041d6cf58b6550e0bfa,2017-10-26 16:14:29,38.4,12.69
36970c35cfe02cb355e55690bae4ac02,1,d22625c4bd160a54f96629f139153c74,df56d7b40d437f88407c5f78b63bc328,2017-10-25 10:28:19,155.9,23.96
36a654dce46c360c165a2c3e8f54a42a,1,cdbb028dcdcdb294fd86a808b3569c11,25c5c91f63607446a97b143d2d535d31,2017-10-30 22:49:16,151.9,16.82
36be18e3150e2d20d92f20b5c11863ac,1,36c2fb4fa746273709c373f6d6ec6796,00ee68308b45bc5e2660cd833c3f81cc,2017-10-23 17:11:09,70.0,11.73
36d2de07c140425e7bd617c3665b5f80,1,cfc665b462ccc3a43b1a1283e678b1a0,5c6d4016c2a288f074fa0848a2b653d2,2017-10-27 11:10:31,59.0,13.08
36da3594f270f9d28bae07df5974d240,1,24c66f106f642621e524291a895c9032,620c87c171fb2a6dd6e8bb4dec959fc6,2017-10-26 12:49:21,149.9,14.64
36e05888e17fa68e55b13477d9b53d3e,1,3e0a5e0397b6477f6366c2dff5f0e04e,16090f2ca825584b5a147ab24aa30c86,2017-10-24 19:28:36,105.49,8.48
36e14a46e5b025f82308a10f7a942db0,1,11dc4053871ff53ff79fb1fc7e6b160f,b1ac6ea7895bc3dd6f0f6f4abbdd2821,2017-10-19 16:56:21,99.0,16.94
36e2905ab14ea657095b38b36727ad07,1,2c42bf0cba650bd08bfeac2412b06ef6,2d50d6282f8aa2257819a77bfaa0efe0,2017-10-26 17:56:34,49.0,26.89
36e954e851bc552fe31416b9cb10afd9,1,7f1a77bec0639e473392e91a504272a5,48436dade18ac8b2bce089ec2a041202,2017-10-10 14:56:15,58.9,17.66
370cebd070cc2fd363ebad1645a6b1ff,1,431d674f9a4fbd0957ecf6ba3fcb6899,53243585a1d6dc2643021fd1853d8905,2017-10-18 19:20:13,299.99,14.35
3751745dfce1d1e272f8eb38c1424a18,1,651fe753ea1d6ad3d5744c1bffd3d6e1,7178f9f4dd81dcef02f62acdf8151e01,2017-11-13 02:16:03,19.9,42.38
3755381b59f0d1e1540c0d3f1d6fc1ff,1,25c774ad0d618117638d514f121dc66f,aaed1309374718fdd995ee4c58c9dfcd,2017-10-17 18:14:25,33.9,12.6
3770238340791fdcdaa3354fddeff2c7,1,84f456958365164420cfc80fbe4c7fab,4a3ca9315b744ce9f8e9374361493884,2017-10-30 08:35:22,99.0,17.94
37732eb932f8b2b2b3d7cef77833eec1,1,655110abedc57d73d3b2150d8ba2092a,8160255418d5aaa7dbdc9f4c64ebda44,2017-10-26 22:26:16,103.9,13.07
3778f227b2036fdc76e56d070ea45c8b,1,ee3cfb33869693f2a7e8417c795d8cfc,0c7533c71df861ec58ad7ff999ed0e8d,2017-10-26 15:05:52,35.9,11.85
377eef73ad584b24afe1da9bb3edd04b,1,47ed478ee7b2696c2c49229fcad56e98,afe0067131b73e40875c9b6c10bd2e21,2017-10-26 02:56:24,104.9,17.21
3785ffb02b0b201a23df7daf357c271d,1,2052b3c5e08893e567c2fb7778476c75,be8e909810184b9b19e886129149d8e5,2017-10-09 13:49:19,44.99,9.94
379479b61c5dd31389733154ce9a6237,1,89ecac14896f9d0c3d6d44c2095ae987,c3867b4666c7d76867627c2f7fb22e21,2017-10-12 23:56:19,159.9,48.56
379608a8412e127ea99752f0ae297408,1,0e10dd7cc1cc793351f0a259df91cdfa,2953ce3a88f5e3c3b696d77fc9e4c8eb,2017-10-05 10:28:15,35.0,15.1
37aad43a35469ffb431732b5df426faa,1,aefae62335aa97901109f0c0f08ff0bd,c3867b4666c7d76867627c2f7fb22e21,2017-10-19 21:28:20,194.0,16.11
37b8c558c5edf11ec6b82f288bcdcf8c,1,b9c742d2c1b06bc064c7aee11440e5ad,ef506c96320abeedfb894c34db06f478,2017-10-13 01:24:58,22.99,7.78
37c4b7482cfdefce314280ba93d718db,1,ee75970e2871fe4204cf7bcdda61d08a,04fdea0c111866e6cf812f1570d6b5bd,2017-10-23 10:27:19,95.0,9.48
37cc4fa744f5c8577269cc56624a21a1,1,7097e685b988cf5b54211dbea82fb80a,1464afc72f696af775557a821c2e253f,2017-10-10 12:56:26,28.9,8.27
37e2f07d315a41d5a272a4bb61fa0b01,1,19a5dc57b9f69cff2321395f3c36f9d6,218d46b86c1881d022bce9c68a7d4b15,2017-10-24 07:56:17,337.0,22.85
37f48ff33f63fbc3ec775459f0ae5943,1,66d92b0c49af34728904a73c26e9e59a,7e93a43ef30c4f03f38b393420bc753a,2017-10-18 07:26:20,359.99,14.02
37f74ee624eec2d1ca28deaa62d04602,1,3bf95cf337a8c87435a2949c48350fc7,e9779976487b77c6d4ac45f75ec7afe9,2017-10-10 02:56:43,99.49,17.95
3824a5d087901938c0b9f72f6008bd6c,1,3b25a71267a8d5926e53ad9b88b97326,59b22a78efb79a4797979612b885db36,2017-10-09 17:49:34,169.0,46.77
3832a9766706c5e6bbfa5d101f782873,1,ca38c039b717207dec906f4fa9a21db7,59fb871bf6f4522a87ba567b42dafecf,2017-11-01 08:56:15,184.99,10.11
38886f218185dea64ae0c39a629d89de,1,00250175f79f584c14ab5cecd80553cd,b499c00f28f4b7069ff6550af8c1348a,2017-10-30 15:56:26,54.99,9.09
388b2569708a53d1d960db2579b1b2ab,1,afeeea6271148ee1bb15173b8187c431,53243585a1d6dc2643021fd1853d8905,2017-10-10 03:04:09,215.94,18.79
388de25316d9a1c7eb4ffe3f7d73814d,1,141bfc7707c259668ab7d5c4017dce4a,3d871de0142ce09b7081e2b9d1733cb1,2017-10-13 16:07:20,20.0,15.1
389a2342cf14ac39a661c9b08a3cdfa6,1,a5e130225bfc3dde1f8ec32d8c37b66d,1025f0e2d44d7041d6cf58b6550e0bfa,2017-11-01 13:14:23,32.0,16.11
38b5e5b5e96a6cf2a6aa7b93542a0c29,1,425966339f6d9c933d8f5f23310d86a6,620c87c171fb2a6dd6e8bb4dec959fc6,2017-10-23 18:08:27,119.9,15.59
38bff8bbf4905806b94884c0124dff22,1,7d23cee1130604fd310cd483d918540f,e82de6494d91d3c4c54450f59b227a94,2017-10-17 04:28:48,38.0,11.85
38c08fbad68f49682733a8d83e997aa6,1,b84520a57891e7a8ae2c68741dcc7146,6560211a19b47992c3666cc44a7e94c0,2017-10-05 00:35:17,45.0,7.78
38dcebae9b5bd88cd2acd6f8f787336d,1,389d119b48cf3043d311335e499d9c6b,1f50f920176fa81dab994f9023523100,2017-10-16 23:26:34,59.9,17.67
38e47cf95d95719dfbececfd1cfde0cc,1,fe01b643060a6446e59f58e3021e66b3,2dee2ce60de9709b1a24083217181a1f,2017-11-08 19:30:27,143.0,19.28
38e47cf95d95719dfbececfd1cfde0cc,2,fe01b643060a6446e59f58e3021e66b3,2dee2ce60de9709b1a24083217181a1f,2017-11-08 19:30:27,143.0,19.28
38e9133ce29f6bbe35aed9c3863dce01,1,014a8a503291921f7b004a5215bb3c36,fa40cc5b934574b62717c68f3d678b6d,2017-10-19 04:28:24,36.9,11.85
39036e9122762c9b45c239ddbc452651,1,1347d4320dcd0acd750e37bb3d94a918,ffeee66ac5d5a62fe688b9d26f83f534,2017-11-03 02:55:31,129.99,34.27
392b29c08332cc1f57af36e3e094c276,1,f819f0c84a64f02d3a5606ca95edd272,4869f7a5dfa277a7dca6462dcf3b52b2,2017-10-18 04:14:47,689.0,17.84
393654d81daf611630ac2068a7c9b12b,1,a237de12bdf0bfe4fe220bae65a89731,6c7d50c24b3ccd2fd83b44d8bb34e073,2017-11-06 18:10:20,37.5,17.6
393d3838b419167a5bfff37dffb2ca77,1,a6621d4ee609f3f917d04c11ca8f0161,7aa4334be125fcdd2ba64b3180029f14,2017-10-11 14:50:17,86.99,13.63
394dd790418f78501396d1a2912d74ff,1,624763d3909ffa36098f91ce1e458ed4,5160d23075764e18e07c1f4a87fad743,2017-10-25 03:27:27,70.0,7.78
394f1635c89b6816274552e7caa43099,1,14bc0f89b7126bb00dfa6432d85340de,4869f7a5dfa277a7dca6462dcf3b52b2,2017-10-13 11:56:11,188.0,16.07
394f1f9eb241c99e0090bc9f19e5ccc7,1,0a8b35c2fbc824f7e1015cf330e6cc3c,a17f621c590ea0fab3d5d883e1630ec6,2017-11-01 02:57:16,45.33,12.69
39519d02af9b0ab69cd51e3b81fe2dc5,1,a3c485c1ba93a314a9606492aeb0072c,d71d863e5ef30d94e440c11be17dcd8f,2017-10-26 14:56:20,119.0,52.84
3953c29762c8e3546dfb140558084530,1,cef4f90ce027751d3acd18e554ca3e4c,86ccac0b835037332a596a33b6949ee1,2017-10-30 03:25:31,155.8,17.53
3955a17bc8a7cef95b535fb96e2abac0,1,c7e27b85b78d4949e880590746f55a2b,cd68562d3f44870c08922d380acae552,2017-10-13 13:49:08,75.0,15.28
3955b3cc807588a07752d36d78afb900,1,d1c11e104455ab36d3e5b7458a9189d2,2c4c47cb51acd5ea5db5e0ae0e26542a,2017-10-18 12:06:19,149.99,15.8
3957b45bce42070cac232014ad4d001b,1,52c80cedd4e90108bf4fa6a206ef6b03,a1043bafd471dff536d0c462352beb48,2017-10-19 01:56:25,179.99,26.88
3957b45bce42070cac232014ad4d001b,2,52c80cedd4e90108bf4fa6a206ef6b03,a1043bafd471dff536d0c462352beb48,2017-10-19 01:56:25,179.99,26.88
39686ff32951169c125d4f2bf5666774,1,3e7ca2ff3d372303c5773c8018746fc2,05f51e13da97139648b8125c31e5f51b,2017-10-13 14:14:17,64.99,12.58
397fbd7be8f44b1e8bd7499ed8fab4a4,1,b06e4ddd013b4a1a81e80fe575d9b762,cca3071e3e9bb7d12640c9fbe2301306,2017-10-26 15:05:57,87.85,13.63
398769344b1dcb8e4c13da1adc6bb4e3,1,9b76503b35ee45adf532e291d5c7de0d,d1c281d3ae149232351cd8c8cc885f0d,2017-10-22 22:14:22,108.99,16.39
398906d8d8773226777eeb90031d7f90,1,3b473a6b1c280e0345e876648a61a032,4a3ccda38b2129705f3fb522db62ca31,2017-10-25 23:28:16,199.9,12.9
39959ff1a251b948e61c0fc006e74d85,1,7b024909c999cdbddc27bcd2a1eaf889,95e03ca3d4146e4011985981aeb959b9,2017-11-07 06:49:15,120.0,17.09
39a2adce13ad153c1153a05130f65727,1,4222fa433d71c969509acc408f343e89,1b8356dabde1d35e17cef975c3f82730,2017-10-20 20:26:03,18.99,14.1
39b264b9ada30f099e6584c09c902745,1,569ffd16f8032478cbeb9800f2e94ba0,20cb7c2fde3e5bf10f0bbe7394e1c6a9,2017-10-09 14:07:12,16.9,15.1
39b264b9ada30f099e6584c09c902745,2,569ffd16f8032478cbeb9800f2e94ba0,20cb7c2fde3e5bf10f0bbe7394e1c6a9,2017-10-09 14:07:12,16.9,15.1
39b264b9ada30f099e6584c09c902745,3,569ffd16f8032478cbeb9800f2e94ba0,20cb7c2fde3e5bf10f0bbe7394e1c6a9,2017-10-09 14:07:12,16.9,15.1
39b264b9ada30f099e6584c09c902745,4,569ffd16f8032478cbeb9800f2e94ba0,20cb7c2fde3e5bf10f0bbe7394e1c6a9,2017-10-09 14:07:12,16.9,15.1
39bed80f240ec8f46e7ab30e6dcd343c,1,57fdf4c63141659fe6ba88cde482267b,5b33b527da3c5b969cc99dc435cad09a,2017-10-18 11:56:11,38.0,15.1
3a02bd4d9f710f7720c8e36d15bbc6d1,1,7c4a8bec217df1de0df2b5aaf8175b65,7040e82f899a04d1b434b795a43b4617,2017-11-03 03:06:59,19.9,14.1
3a0bae7f6e06392212474608b9093e00,1,786733d317255508bd4d648585977611,3d871de0142ce09b7081e2b9d1733cb1,2017-11-03 03:07:12,69.0,17.73
3a0e2e2771b84c2fd7e321c15624517e,1,b7a58cab4a8f4016e27298891cbf47e6,9b00ed88b7fdb95d6ff76e27c1b52d16,2017-10-09 06:33:55,22.0,15.1
3a2727b6397e6a6d5f7dad0d5d47e97e,1,52c80cedd4e90108bf4fa6a206ef6b03,a1043bafd471dff536d0c462352beb48,2017-10-26 21:28:17,179.99,51.13
3a28b975c176565c52fc1af2b84197cf,1,57d87687241f1aeb1a202f93ceccb0f3,da8622b14eb17ae2831f4ac5b9dab84a,2017-10-19 20:28:20,119.9,13.86
3a438588c7446ebe249ca2658e5e99bb,1,3bbacbe586e957acbf26c63b3ed532a3,729f06993dac8e860d4f02d7088ca48a,2017-10-13 02:49:15,159.9,21.61
3a4e44cbd3bff237fa62857370a2214e,1,02fb2d61da1247bf732360ea76b16240,6cd68b3ed6d59aaa9fece558ad360c0a,2017-10-09 14:35:14,109.9,17.02
3a5b3bfc6a2277d612dbf7eb03faebb5,1,4f90c408cc89d73465ffd286ac21ae4b,238fac594e170b59c6d228f5a4f4f1d9,2017-10-18 17:14:12,78.0,13.57
3a96902e49651bc6e89660a93d5c6f60,1,583f158587cdecda3e8bdea694021e39,955fee9216a65b617aa5c0531780ce60,2017-10-13 11:25:44,45.0,15.11
3a96902e49651bc6e89660a93d5c6f60,2,583f158587cdecda3e8bdea694021e39,955fee9216a65b617aa5c0531780ce60,2017-10-13 11:25:44,45.0,15.11
3aa7ede1b23edf1284d91439d5ccaadc,1,fb55982be901439613a95940feefd9ee,3d871de0142ce09b7081e2b9d1733cb1,2017-10-18 13:28:14,79.0,13.9
3aa7ede1b23edf1284d91439d5ccaadc,2,b5e87f53476b0084bd9ff8ae015fe05b,835f0f7810c76831d6c7d24c7a646d4d,2017-10-18 13:28:14,99.9,20.84
3ab06142761c8a779015c0f3ec16c276,1,b679d5bb7f856462949885d34fad2622,33ac3e28642ab8bda860a2f693000e78,2017-10-18 16:27:48,104.9,15.49
3ab974ac744bd19a111d5e19f0a90649,1,a1a97164f38cfb98511eb68e6b40ad94,1c68394e931a64f90ea236c5ea590300,2017-10-17 09:28:25,78.9,16.99
3acfefca1b7d510f944c782689681753,1,dc404a1496a08f9f5540c8b5d4b92925,46dc3b2cc0980fb8ec44634e21d2718e,2017-10-25 13:21:19,299.0,14.93
3ad540acc809c0ce95b1dfe9cb4b4343,1,c4baedd846ed09b85f78a781b522f126,a1043bafd471dff536d0c462352beb48,2017-10-25 16:49:44,99.0,38.53
3adf1c191833181e2e17f0639140b2cd,1,a3cdb889819a08cb9f6a68de568329e5,e8b3a3a38279a82f0e5d006d5e5b7d2c,2017-11-03 13:31:18,19.9,35.67
3aefaf9d41208dba8b2c336def99b00f,1,54bb3470c28291c7252832f0437ca469,da8622b14eb17ae2831f4ac5b9dab84a,2017-11-06 09:48:58,39.9,16.11
3af48ad0934525e604c7f4329131ad43,1,820e8f306dc9ffcf6d0957516084cca1,7aa4334be125fcdd2ba64b3180029f14,2017-10-09 11:56:18,38.89,13.37
3afc0f9406e119df79d4b5ea3b236712,1,2028bf1b01cafb2d2b1901fca4083222,cc419e0650a3c5ba77189a1882b7556a,2017-10-25 07:14:09,56.99,15.15
3b4a1c677a8c6c11d2564b52b6eb636b,1,d12736e1616a8837c8e9d945a60608bc,a3a38f4affed601eb87a97788c949667,2017-10-09 16:56:42,69.9,17.74
3b4f91054cb9728a62114d3103612374,1,37f9b5f1e37fc317e03a93b80915992b,7c67e1448b00f6e969d365cea6b010ab,2017-10-27 21:50:21,139.99,17.42
3b5d81f92e4a18f0fc0752f02f47a5ab,1,fe01b643060a6446e59f58e3021e66b3,2dee2ce60de9709b1a24083217181a1f,2017-10-18 21:36:28,143.0,38.55
3b6699603c3eec3ca54e7d4b96b1bc53,1,f41f2bc23bbc617dd7fe3bbe1168754a,f4db9b37944bcb8873e6b456ee190bbf,2017-11-03 10:29:41,79.99,16.81
3b68e7d1f8cbedb79ef05647835dcd6c,1,9fc0c73ce4d0eaaead44e81eeefebeb0,c3867b4666c7d76867627c2f7fb22e21,2017-10-31 17:49:25,68.0,15.23
3b6d25fd68816e26589206485ce69735,1,906d93d08e875d127239f1fcb1561500,ac3508719a1d8f5b7614b798f70af136,2017-10-16 23:07:26,119.89,29.24
3b9e35c74ea3d790373a88640019ed9b,1,7c1bd920dbdf22470b68bde975dd3ccf,cc419e0650a3c5ba77189a1882b7556a,2017-11-06 15:10:09,58.99,17.66
3ba290d869362a67994eede4e78130f0,1,617186c3d97ea56c9c683a8a3974e8c1,cc419e0650a3c5ba77189a1882b7556a,2017-10-10 00:49:19,84.99,17.87
3ba2a040080e83d936f7121ae9cc993d,1,63d6e7ab30f482382c9dfbbccae7da54,b2a6d334e2833acea353624840e25a0e,2017-11-06 00:49:08,68.7,9.34
3bb0635cfdd779b10da72af7d39f9ccf,1,c154ff1c4c87fe2e76bf46db6cd29d59,7299e27ed73d2ad986de7f7c77d919fa,2017-10-20 10:56:26,189.99,18.9
3bc1ef297e5cc49434e331eea09faec4,1,4ceab0364ce2bef8363b89f4719bbff7,da8622b14eb17ae2831f4ac5b9dab84a,2017-11-06 21:10:12,99.9,16.33
3bc5517fcadd466c8f345fef8e529e95,1,389d119b48cf3043d311335e499d9c6b,1f50f920176fa81dab994f9023523100,2017-11-01 03:08:28,59.9,17.67
3bc5517fcadd466c8f345fef8e529e95,2,389d119b48cf3043d311335e499d9c6b,1f50f920176fa81dab994f9023523100,2017-11-01 03:08:28,59.9,17.67
3bccfd7e1731434bef6a720c0411bb06,1,2028bf1b01cafb2d2b1901fca4083222,cc419e0650a3c5ba77189a1882b7556a,2017-10-23 13:56:26,56.99,15.15
3bce4193e30b36d4d3284df3fa96d77f,1,5a1a5bb0e9e3dbd18e6d8d3c326d3fed,da8622b14eb17ae2831f4ac5b9dab84a,2017-10-23 12:07:35,74.9,12.86
3bd43a26499bf56a2fff6adb8464f172,1,8ed094bfe076c568f6bb10feada3f75d,7c67e1448b00f6e969d365cea6b010ab,2017-11-15 22:45:53,196.99,31.68
3beed0e86cd5296d2481066ba4cdf9fd,1,96bbf32ba8cc8686a26742f4ede4aa34,d57e18d5f73c7ccb7f7339b61166898d,2017-10-19 11:56:21,117.9,9.64
3bf8bde9ea71a7f34051c164fa01b939,1,be3b8f91ced393f1ce60aacfb6a04c1d,46dc3b2cc0980fb8ec44634e21d2718e,2017-10-19 23:49:17,269.99,18.14
3c0a8fee9785ffbf4381ff1eac0d220f,1,c33d78b97260227119fb2b71be168fca,a3e9a2c700480d9bb01fba070ba80a0e,2017-10-19 12:49:12,83.0,18.15
3c113bd44b17824938911bd89a2df4f7,1,519693b7e29749ed7b6ad60cb07b9400,2f3d8b4c9e2ee165075331fea3f3095a,2017-10-19 12:14:22,130.0,17.35
3c21b0106dae1dae82f648a22f94a98c,1,8e6530e49c89cea1759a5876a193a777,04e38a233f726ef161074ab1c9b0399a,2017-10-17 17:46:32,19.9,15.11
3c25eb3ea386cf546da2ec2f471aa6b9,1,6862b28b66bffc7da9f9c4fffa2b5cdf,2138ccb85b11a4ec1e37afbd1c8eda1f,2017-10-24 03:27:19,19.99,15.1
3c31094fbd7da6168cc190beedf23888,1,2423252b2432f1803e4f29e0974c6cf7,48436dade18ac8b2bce089ec2a041202,2017-10-23 03:46:00,139.9,20.22
3c3578cbe37cf7af07897091fa676eb4,1,3a65f793b3e854ca1f31c6d7c636f117,f25e239052084705e17a982bc600ab2a,2017-10-19 21:28:19,1980.0,29.62
3c38b53bb7d6f3c9f00d993a80f8cdd5,1,976a11a50bf0ca3c4411b44877ec5612,c3cfdc648177fdbbbb35635a37472c53,2017-10-26 16:14:43,285.0,15.11
3c3ca087887f2b8c2f3ef5abfb394b34,1,59c5e6e108b88212fb98525c9000ecfb,7c67e1448b00f6e969d365cea6b010ab,2017-10-20 15:07:27,139.94,40.31
3c438ee632629e70a91116ac30f8d511,1,c55c10c2e37e534c37d1e6694612664c,d57e18d5f73c7ccb7f7339b61166898d,2017-10-27 15:49:36,35.9,8.72
3c4e225b9b32cc19fcefee42082df53f,1,cfc665b462ccc3a43b1a1283e678b1a0,5c6d4016c2a288f074fa0848a2b653d2,2017-11-03 13:07:18,59.0,16.04
3c4f9e52d069bbf6d9dd15cd45ab6ef2,1,516ccdc0667fe7e260156d1998ef9546,7c67e1448b00f6e969d365cea6b010ab,2017-11-13 03:55:25,114.94,17.54
3c664925dceff7ac6d1ce0533c40e07e,1,33bfc11487d18d2405f84661bc164f0f,6601ee6383e7f452be71929f8de48bbb,2017-11-13 17:35:15,99.7,12.2
3c6c89e079dd7a3a2b71fe55bb30bc08,1,d017a2151d543a9885604dc62a3d9dcc,6560211a19b47992c3666cc44a7e94c0,2017-10-11 14:56:20,49.0,14.1
3c81b1eb31a46822410a4fb9b43f0678,1,84f7fd2c1044599c234663aee75a2fcd,a420f60ff1aa9acc80d0e42959f2b313,2017-10-17 18:05:32,109.0,49.29
3c8fc3d2e9a8fee24a671599d99befaa,1,5ef9e1c3025c9f6e28f8c3406de6a456,6560211a19b47992c3666cc44a7e94c0,2017-10-19 20:27:08,145.0,15.76
3c929aa6cf724e32eae163e008bacbb0,1,130482add9fd75ccb6c57ba007694a2d,87142160b41353c4e5fca2360caf6f92,2017-11-06 14:06:07,105.0,21.57
3c9c79dc3332e66966706737e6b0f721,1,158102fe543dbaeb84d87811bfe06d0d,002100f778ceb8431b7a1020ff7ab48f,2017-11-01 00:07:44,17.9,15.1
3cabf3e464629648b819dd1bb6899bad,1,86b5eb8613c4a7bbeaedb2fa28e0a6c1,a3a38f4affed601eb87a97788c949667,2017-11-03 17:55:21,159.9,16.88
3cb36784c17acb3eca55ded497da243d,1,768ea53ea10b7fb3bfa4d3cc4f918772,7b07b3c7487f0ea825fc6df75abd658b,2017-11-03 03:06:47,12.0,7.78
3cb615977522175b4a3af08f44b44dce,1,2c6aed9079a451ea112d03a78ccc9235,5160d23075764e18e07c1f4a87fad743,2017-10-19 15:14:11,35.0,34.15
3cc541809872382b28df3d51b420c807,1,5f96ea82b7c80d875fd5337033db3b6e,0ea22c1cfbdc755f86b9b54b39c16043,2017-10-23 04:09:44,34.9,10.38
3cc541809872382b28df3d51b420c807,2,a12d9f996527844ba7beaa1abe2bcfcb,efcd8d2104f1a05d028af7bad20d974b,2017-10-23 04:09:44,39.99,15.56
3cc744d9a46682c354778726d30e384f,1,43423cdffde7fda63d0414ed38c11a73,b1fc4f64df5a0e8b6913ab38803c57a9,2017-10-31 00:56:57,55.0,16.83
3cc744d9a46682c354778726d30e384f,2,43423cdffde7fda63d0414ed38c11a73,b1fc4f64df5a0e8b6913ab38803c57a9,2017-10-31 00:56:57,55.0,16.83
3cc744d9a46682c354778726d30e384f,3,43423cdffde7fda63d0414ed38c11a73,b1fc4f64df5a0e8b6913ab38803c57a9,2017-10-31 00:56:57,55.0,16.83
3cc744d9a46682c354778726d30e384f,4,43423cdffde7fda63d0414ed38c11a73,b1fc4f64df5a0e8b6913ab38803c57a9,2017-10-31 00:56:57,55.0,16.83
3cc744d9a46682c354778726d30e384f,5,43423cdffde7fda63d0414ed38c11a73,b1fc4f64df5a0e8b6913ab38803c57a9,2017-10-31 00:56:57,55.0,16.83
3cc744d9a46682c354778726d30e384f,6,43423cdffde7fda63d0414ed38c11a73,b1fc4f64df5a0e8b6913ab38803c57a9,2017-10-31 00:56:57,55.0,16.83
3ccbc3e759cb926efed7463e36ac6344,1,7c1bd920dbdf22470b68bde975dd3ccf,cc419e0650a3c5ba77189a1882b7556a,2017-10-10 18:44:17,58.99,17.66
3cd99c2644261f4b3bf7f70f67e4b5f2,1,e058c61cf68327217d4bc8b13d07cd64,fa8d335d68129e464e60c1826a683e96,2017-10-26 09:06:10,139.9,34.78
3ceb8926c7d570d68d8307beb320f2ae,1,5a419dbf24a8c9718fe522b81c69f61a,3504c0cb71d7fa48d967e0e4c94d59d9,2017-10-16 13:26:07,48.9,16.6
3cf35e66383eac0fa651e99728d09c8c,1,24c66f106f642621e524291a895c9032,620c87c171fb2a6dd6e8bb4dec959fc6,2017-10-26 00:07:19,149.9,18.3
3d04fcbde2cc394bab5c41ac0a5dbfa3,1,5e0d3b97fa004233902791dba775bfb6,46dc3b2cc0980fb8ec44634e21d2718e,2017-10-18 17:56:47,179.99,49.79
3d1f855ec049b6a053eb6bd7aa3d19df,1,fe01b643060a6446e59f58e3021e66b3,2dee2ce60de9709b1a24083217181a1f,2017-10-20 11:27:26,143.0,38.55
3d2538dbdbc283f9cb3e187912cf770a,1,6782d593f63105318f46bbf7633279bf,325f3178fb58e2a9778334621eecdbf9,2017-10-30 03:14:09,27.9,7.78
3d405e0a87373212241dce93b31909ad,1,8aa6223e400af9c97b07c75993142721,1f9ab4708f3056ede07124aad39a2554,2017-11-07 03:50:28,174.9,20.1
3d4747e5a741a90f0c60acf8ce8399a2,1,47ca7005be6de4f29ad906d744f6c7b0,c990d6cf976a5718aaedc539f383ab88,2017-10-22 23:14:10,28.9,14.1
3d5857f4fdb1061d247dea2544782580,1,2b6726ab177dc4ec000e5fcfc6926cf2,e7df4cd29ab5abab70fb0783ddb53987,2017-10-31 15:14:19,339.0,10.57
3d5eced976da12ad3c2f05314fa911ba,1,c397f1164e9f4e6e47328af65a5e485c,9c068d10aca38e85c50202e17b4a7e88,2017-10-19 04:49:21,219.9,28.92
3d7049015382ca6c580e571399607c30,1,a79c0d179a6de79b23a81b64b3980c04,4a3ca9315b744ce9f8e9374361493884,2017-11-03 08:15:21,54.9,13.4
3d80b910459d47a70e18d444514005cf,1,4f1a7a45b6d43fa7e4958e013923d9e5,ce248b21cb2adc36282ede306b7660e5,2017-11-03 20:10:22,46.9,17.92
3d894f368ae702ec71a9db9d4d21291d,1,00de7f393d962717eeeb2d7131a40dba,6f892e20a171e98efe17fdb971ff319b,2017-10-20 04:35:14,97.9,34.49
3d9acad4fc9c38c213fea53a19562ecf,1,7c1bd920dbdf22470b68bde975dd3ccf,cc419e0650a3c5ba77189a1882b7556a,2017-10-20 04:36:07,58.99,28.81
3dadb2b03a23e46461f8a31a340e3476,1,68de8d992d087d6b480879f43b178c98,31344c16881c08a8a72c6d2eb29918c1,2017-10-11 20:35:17,189.9,20.47
3dadb2b03a23e46461f8a31a340e3476,2,817e1c2d22418c36386406ccacfa53e8,624f4ece8da4aafb77699233d480f8ef,2017-10-11 20:35:17,159.0,25.58
3daeecbd44a76530c8e9d0ac1ea4f581,1,1defdb58e117d7cfc318d002c2783b6b,aba1721a889e04decc910aa13b768ef4,2017-10-06 15:50:28,19.0,7.78
3dd3af0c0ea3929f82a3851cfb25f0a3,1,14bc0f89b7126bb00dfa6432d85340de,4869f7a5dfa277a7dca6462dcf3b52b2,2017-10-18 16:27:50,188.0,16.07
3de96b35ed547a94451b30a4254f2c16,1,6bda3bc4a9032dc7f18b635e051d0c72,acf974e4d5950ad143a247471b831eb9,2017-11-06 13:47:26,32.6,15.1
3de96b35ed547a94451b30a4254f2c16,2,6bda3bc4a9032dc7f18b635e051d0c72,acf974e4d5950ad143a247471b831eb9,2017-11-06 13:47:26,32.6,15.1
3df2e99994d26322522f7c8221831a80,1,9afaad66aca8b0c79e4f084a89c9c92b,42bde9fef835393bb8a8849cb6b7f245,2017-10-30 21:14:27,189.0,17.76
3dfbb4a1925fb940c975dc4c5855a7d2,1,e8ca1ff2d0a28edb5be8bfbf2964dc3a,6b536a23086fba0d58c08d68814397f6,2017-10-31 15:14:35,49.0,15.11
3dfc13832b153601db135cc36760ddb1,1,0a57f7d2c983bcf8188589a5fea4a8da,4869f7a5dfa277a7dca6462dcf3b52b2,2017-10-25 20:49:15,109.9,15.52
3e0b3c646992114caf984bb1987e23ea,1,0a57f7d2c983bcf8188589a5fea4a8da,4869f7a5dfa277a7dca6462dcf3b52b2,2017-10-27 02:18:00,109.9,26.05
3e0f66626b1d306ce899a69a2b474034,1,d7d5562fce331ad958ca6f57057b3526,7a67c85e85bb2ce8582c35f2203ad736,2017-10-10 09:24:28,59.99,17.67
3e13370769d925ef48e37780ca13c86e,1,57ea8ad500d0af10bc5fbf3bf2b7d400,95e03ca3d4146e4011985981aeb959b9,2017-10-20 08:41:05,79.9,14.31
3e1932d12fea3c82f976273812475645,1,75c06ee06b201f9b6301d2b5e72993f8,3c7c4a49ec3c6550809089c6a2ca9370,2017-10-10 03:03:58,13.99,7.78
3e1ad9b01933fc3e801cb95ecf40c14f,1,77bf7a2b26ff90d99d4af927102f1e8d,7d76b645482be4a332374e8223836592,2017-10-16 23:26:29,19.9,15.1
3e25999bf7aaaa6030eae32f9ec7a7e3,1,7fb04722aba7a2b632bac8f9819796f3,f3b80352b986ab4d1057a4b724be19d0,2017-11-01 16:29:11,79.9,38.11
3e4c2286500a9d3194bd7d92434c8233,1,98a8c2fa16d7239c606640f5555768e4,001cca7ae9ae17fb1caed9dfb1094831,2017-10-10 02:44:09,110.0,40.1
3e61448e4e84529ceb5c325efe9f078b,1,339dfa68c25548e53903cd44e090f28f,6560211a19b47992c3666cc44a7e94c0,2017-10-31 02:26:37,29.0,7.78
3e776417570f21480752629ab325af0a,1,4cac1a12a6fe9ffba4a9556dbe582e28,7ddcbb64b5bc1ef36ca8c151f6ec77df,2017-10-30 14:06:35,25.99,15.1
3e7d62de8eab0ea8d37a2983df8f7af9,1,119618b5b8b80a24cd99506dd5424864,ad420dd0c4f92f8af951ac24b86d0cf5,2017-10-17 07:34:12,14.99,15.1
3e8de743dd3009df8fc34e0555124ed8,1,2d0090282bd77e1ae0f6336ba500facf,4371b634e0efc0e22b09b52907d9d469,2017-10-26 20:28:21,30.0,7.78
3e927dfcc405632ef96885c77e6e5d83,1,be3b8f91ced393f1ce60aacfb6a04c1d,46dc3b2cc0980fb8ec44634e21d2718e,2017-10-17 18:35:42,239.99,17.93
3ec57f387771800e135888860c546cf8,1,21937020c7e5f15e9ec26ebb88d3c26d,b6d44737c043328708f6749c2dbe50bd,2017-10-09 13:49:26,12.0,9.34
3ef58c03dbc4c10cc2abb67fc6078763,1,2155593e689475e40e4c8b93143c0287,daeb5653dd96c1b11860f72209795012,2017-10-17 13:49:25,35.9,15.11
3ef9cbaa0a848de9dd30b1953d31a730,1,03566b85189259c49476f004ad2afd08,cc419e0650a3c5ba77189a1882b7556a,2017-10-18 01:14:20,44.99,52.13
3ef9cbaa0a848de9dd30b1953d31a730,2,7c1bd920dbdf22470b68bde975dd3ccf,cc419e0650a3c5ba77189a1882b7556a,2017-10-18 01:14:20,58.99,62.55
3efba7364d1d66dba86a76169ba169bc,1,87cc2aef12eddf0b170234138b0946e0,34d1ca11b242c0fee2c834ae8d788566,2017-10-13 14:56:17,185.81,18.87
3efba7364d1d66dba86a76169ba169bc,2,87cc2aef12eddf0b170234138b0946e0,34d1ca11b242c0fee2c834ae8d788566,2017-10-13 14:56:17,185.81,18.87
3f113daaf8b405bcc4349a2812061fa4,1,2c28b6fda526be32ed276b4dfc421acb,e5a3438891c0bfdb9394643f95273d8e,2017-11-03 18:35:15,20.3,8.11
3f237a4d4808dafcc954a7667cd0ad0a,1,bbe2718f3f392fdea27314d5e2f3287e,e9779976487b77c6d4ac45f75ec7afe9,2017-10-18 22:56:18,98.49,8.43
3f35c6738385d5ce2e765fc1743efe80,1,e7d7558873ff13253317bd0aac27f072,2138ccb85b11a4ec1e37afbd1c8eda1f,2017-10-30 03:25:52,15.99,0.88
3f35c6738385d5ce2e765fc1743efe80,2,dbfc3878e8b8a96816236363e132e6e3,2138ccb85b11a4ec1e37afbd1c8eda1f,2017-10-30 03:25:52,19.99,29.31
3f41f3048b0987af5338a7f006741d2a,1,1cf0c9095608952cb1c65c4789946375,b2ba3715d723d245138f291a6fe42594,2017-10-13 11:28:22,54.9,9.34
3f606b2bc4208fc4186a5105ccef5197,1,967f92d9c1776171b28840fb8b644c36,bd0389da23d89b726abf911cccc54596,2017-10-19 04:27:47,94.9,21.46
3f6a8913c968855b8dd129dabbaae898,1,5716717fcac28d7783b530d6678cecca,412a4720f3e9431b4afa1476a1acddbe,2017-11-06 01:15:12,22.0,17.6
3f77b361a73925a9c1250b4a31dcb58c,1,389d119b48cf3043d311335e499d9c6b,1f50f920176fa81dab994f9023523100,2017-10-23 18:56:24,59.9,13.44
3f77b361a73925a9c1250b4a31dcb58c,2,389d119b48cf3043d311335e499d9c6b,1f50f920176fa81dab994f9023523100,2017-10-23 18:56:24,59.9,13.44
3fd2e795e444c9c82eb0ec7108bfea33,1,ef1c671d636510846d72e7aa3af1e0a5,ea8482cd71df3c1969d7b9473ff13abc,2017-10-26 21:07:15,23.99,15.1
3fd855fbfc51b1fc63f68bd33ed6d9b8,1,f7a17d2c51d9df89a4f1711c4ac17f33,f8db351d8c4c4c22c6835c19a46f01b0,2017-11-03 15:30:16,52.9,15.12
3fffdbcdd7ed6b3acdb0bdbc5c96df52,1,d87ee5661dc46c5bc7bc19780f6f8360,6e2d3e2dc84fb30f6078f39dd3bddd6f,2017-11-06 16:29:05,219.0,16.28
401ecf90579c9023a8f503e3a58cfa77,1,a1efabfd513c691eeb2650e5f04e5cb6,7ddcbb64b5bc1ef36ca8c151f6ec77df,2017-10-29 22:28:26,37.99,16.11
40264a7f65d4daae1b8d018951250573,1,431d674f9a4fbd0957ecf6ba3fcb6899,53243585a1d6dc2643021fd1853d8905,2017-11-07 11:30:24,289.0,35.82
404427f6508b6a779e273ad67a7ba350,1,d902e8400cd0c58b64ea157af940e670,05f51e13da97139648b8125c31e5f51b,2017-10-18 21:28:22,169.9,22.03
406a59cb4b044ee714963cd2c70fbb6e,1,6acecf7108cde510886d761f5d107fe1,ac3508719a1d8f5b7614b798f70af136,2017-10-19 14:28:16,120.9,17.42
407408433ee2a9ed77984aa5a06e2b2e,1,126789406f4159e6f8ceb1910c164fe9,1da3aeb70d7989d1e6d9b0e887f97c23,2017-10-10 11:49:17,59.99,16.18
40789dad22231468ebb1cc58cc892d6b,1,aede48631330269f65a8d680de491657,dbc22125167c298ef99da25668e1011f,2017-10-12 23:14:25,83.9,14.32
40882c452ec4e7cc53c1a084173f79a5,1,2d110366dd24a714cb50dddc30b4101c,9b00ed88b7fdb95d6ff76e27c1b52d16,2017-10-26 03:05:52,24.0,14.1
40b84381ff8cf557a3be3ad7b29421a9,1,c708ba7c6269161f89ce0683cdd7c432,6560211a19b47992c3666cc44a7e94c0,2017-10-24 06:34:19,49.0,7.78
40bdd1ba5a9602677ba0603dfb0a659a,1,17ad6786808ab3fedfb261a70a5932d6,b2ba3715d723d245138f291a6fe42594,2017-10-18 17:49:23,124.9,9.07
40dc2ba6f322a17626aac6244332828c,1,38841dec90eddf2f43cdfabc48b3831a,1354d51653f645349064725ed204e85e,2018-01-10 22:49:21,40.0,14.1
40dc4c4de919b652200754bad3125d2c,1,e489b41419c7d7d00445dc5d3c9966a4,6560211a19b47992c3666cc44a7e94c0,2017-10-31 11:26:23,159.0,18.39
40ea2ea8a722cafe20d875802ea20dd7,1,42a2c92a0979a949ca4ea89ec5c7b934,813348c996469b40f2e028d5429d3495,2017-10-26 15:56:21,59.9,21.26
40f27de71845c6aebc742107208b5c2b,1,12667a519a4a3094eab02f5841b07409,6560211a19b47992c3666cc44a7e94c0,2017-10-18 11:49:31,39.0,7.78
40f27de71845c6aebc742107208b5c2b,2,91442659f31ec0f0fc73215e77854fac,6560211a19b47992c3666cc44a7e94c0,2017-10-18 11:49:31,55.0,7.78
40f48d5dd944f114806d064c0f06b9d6,1,e7d26dd6742baca292020c158e6720c3,6cd68b3ed6d59aaa9fece558ad360c0a,2017-10-30 00:56:21,54.9,14.13
4105ca90d9e907e648f52d22593d140c,1,34b61264ecf24043cc09e6f4dbf6c0f4,b2ba3715d723d245138f291a6fe42594,2017-10-19 17:30:39,224.9,50.1
411753995b9d6dde2c840f9b96ad946a,1,738da8ddda2e593acfdc53c2d1520dfa,6d66611d7c44cc30ce351abc49a68421,2017-10-18 22:35:18,79.9,11.76
41272756ecddd9a9ed0180413cc22fb6,1,2345a354a6f2033609bbf62bf5be9ef6,ef506c96320abeedfb894c34db06f478,2017-10-18 21:49:17,25.99,17.63
413cde030a614ac044fdc905c6849453,1,d5991653e037ccb7af6ed7d94246b249,25c5c91f63607446a97b143d2d535d31,2017-11-06 16:50:11,137.9,23.11
414a90ed19b714b5176c78ec8bbd8388,1,19f9a0f38a553e626086e4f0dee261c9,3d871de0142ce09b7081e2b9d1733cb1,2017-10-25 14:29:02,48.0,15.1
4157bbe2d286aea97eced684d71b229e,1,39b5afc4814b4e72b2bfe4f4806aac25,fa1c13f2614d7b5c4749cbc52fecda94,2017-10-26 14:49:42,539.9,11.03
4172088f591c8a42cad3f5ee56f678c8,1,83aae8023b8feda53259f63e0ec06390,715bbd5ba4e6b74cb0d2f29eb45058b0,2017-10-20 17:10:19,89.9,12.97
41836f397274f4d68b799f26e6a8ea2f,1,183b0c895605218dbd34cdcfcfa8af28,4917cee8d902e13428c3ec4b1ca6f315,2017-11-01 13:56:05,145.0,31.76
4187736882d8e8b4e374d201151c0fa2,1,31639956e7fac87ecfd9d608040638bd,aac29b1b99776be73c3049939652091d,2017-10-18 16:35:11,70.9,26.82
418cd8f1328f8746e2483646f1d1b250,1,6fa3c1e1bd22cd9f9c3d07f0be351d38,0432ead42b6c8a0bdf68154add917fdf,2017-11-03 21:25:50,89.9,15.38
41929ebe6ccc16768bbe9d5977c470b1,1,d8737a754ac6dd6d2d255b9bae326388,1b4c3a6f53068f0b6944d2d005c9fc89,2017-10-23 04:09:34,39.9,15.1
419a5db6d2b2929fde6db58ea884dcb0,1,29427de7f8a9ee983d9dbc51cec569b4,7a67c85e85bb2ce8582c35f2203ad736,2017-11-06 20:46:22,99.99,16.95
41aaef897083574b4390bb24fbb25dd7,1,422879e10f46682990de24d770e7f83d,1f50f920176fa81dab994f9023523100,2017-10-30 14:06:34,59.9,17.67
41aaef897083574b4390bb24fbb25dd7,2,422879e10f46682990de24d770e7f83d,1f50f920176fa81dab994f9023523100,2017-10-30 14:06:34,59.9,17.67
41be6772462ac0053519d7f2e957211e,1,a92930c327948861c015c919a0bcb4a8,6560211a19b47992c3666cc44a7e94c0,2017-10-13 18:28:38,78.0,14.3
41cb9d97fc1bb4dd341d2f383972d178,1,7367e6c268b9dca6187b2576a496d471,0241d4d5d36f10f80c644447315af0bd,2017-10-25 17:28:31,34.9,22.67
41d988f5ce84da983c265612abf2400a,1,c7dc39bcc7f9bf8a9b253b8727a0cde5,7299e27ed73d2ad986de7f7c77d919fa,2017-10-10 15:49:24,40.0,16.79
420652c95bb5904543369757b02c0b20,1,3a5dc69f4360ae2f4561d165c2ee8fae,7a67c85e85bb2ce8582c35f2203ad736,2017-10-23 12:07:38,69.99,16.25
4207ad8e0e4e4070f271c930d25f72d7,1,368c6c730842d78016ad823897a372db,1f50f920176fa81dab994f9023523100,2017-10-18 00:09:13,59.9,17.67
4207ad8e0e4e4070f271c930d25f72d7,2,368c6c730842d78016ad823897a372db,1f50f920176fa81dab994f9023523100,2017-10-18 00:09:13,59.9,17.67
420937423f0cb3d3fe689330b5d385a9,1,83808703fc0706a22e264b9d75f04a2e,4324dd16853115efb0fd9d0d131ba6f4,2017-10-26 02:49:13,39.71,16.11
420937423f0cb3d3fe689330b5d385a9,2,83808703fc0706a22e264b9d75f04a2e,4324dd16853115efb0fd9d0d131ba6f4,2017-10-26 02:49:13,39.71,16.11
421458b47a5a081467392d21eb42aeb4,1,35bc6c77029697004675d3a2ce505916,9c0e69c7bf2619675bbadf47b43f655a,2017-10-09 13:49:21,155.0,16.85
423a74bc335eb62b36ac17941c6eb309,1,9b37a918bcf2c8e1064e867cf1df4637,f27e33c6d29b5138fa9967bcd445b6d5,2017-10-31 15:07:35,34.9,15.11
424983e66da021899eb8f8c0b0c4672c,1,ea3be87c5c6c69043c9eb7836199c200,4a3ca9315b744ce9f8e9374361493884,2017-10-18 00:29:10,59.9,15.17
42560dfc8d7863a190293678f01f6bbd,1,f5d9f6be389c406755cbe9f20954dd9a,f181738b150df1f37cb0bd72e705b193,2017-10-27 01:49:12,14.9,7.78
42560dfc8d7863a190293678f01f6bbd,2,f5d9f6be389c406755cbe9f20954dd9a,f181738b150df1f37cb0bd72e705b193,2017-10-27 01:49:12,14.9,7.78
4258b5bedf2331953c0b974849dd7b24,1,9df634af5c467f3b07f3d92f7765aa64,8bd0f31cf0a614c658f6763bd02dea69,2017-10-24 03:07:39,82.0,16.82
425c277055776f14d8d66b86692a6428,1,80c57749d2f15bd7e9a1339d0ce883c4,850f4f8af5ea87287ac68de36e29107f,2017-11-06 10:35:19,129.0,18.01
425c277055776f14d8d66b86692a6428,2,db34e1e6f14cc3755d9149fe8a1de9fd,850f4f8af5ea87287ac68de36e29107f,2017-11-06 10:35:19,599.0,32.43
42668f834ab1750edde339550084f090,1,30f3fd0e7b5d822bcd4ec6611b1e2c91,4371b634e0efc0e22b09b52907d9d469,2017-10-19 20:35:13,50.0,9.34
4266cc59dbee85121deb59ebfcf36eae,1,9359cb8632f702a16b12ff5464d82d03,cca3071e3e9bb7d12640c9fbe2301306,2017-10-11 13:28:15,119.9,13.18
426ae4dd4be2e6836ef89763d45f2149,1,11dc4053871ff53ff79fb1fc7e6b160f,b1ac6ea7895bc3dd6f0f6f4abbdd2821,2017-10-20 13:29:35,99.0,18.93
4274c629dbb28e0ca783cf3a7673acb4,1,99a4788cb24856965c36a24e339b6058,4a3ca9315b744ce9f8e9374361493884,2017-10-30 18:34:01,89.9,21.12
427a7d86c1800330df14b3feb61f7254,1,6490b9f63b0b595e1c1402b46b0f50ad,99eaacc9e6046db1c82b163c5f84869f,2017-11-03 12:26:18,280.0,16.71
42a05f75800f7b2f57f1c57a63955911,1,429de6049b45a9fcb96aff1603f55d3c,9f505651f4a6abe901a56cdc21508025,2017-10-16 03:28:21,29.99,11.85
42a64eac09d0a6be5a307753093d45e8,1,e2c3ed9aaddfd2312a6a5fe9b3ddadd3,46dc3b2cc0980fb8ec44634e21d2718e,2017-10-31 09:06:11,99.99,12.15
42bf504cb251a0831211edbffa19c28e,1,e0cf79767c5b016251fe139915c59a26,da8622b14eb17ae2831f4ac5b9dab84a,2017-10-13 19:28:13,29.9,11.85
42c01179f293a47a1986fcc2bf8117ca,1,222efa72a47277d611b8b38d71149afd,cd06602b43d8800bd0afad514919d35c,2017-10-23 10:49:37,9.9,15.1
42c37b18445759836227d8f05e252d10,1,c3f6113d5b61bc95468432072b27e23d,897060da8b9a21f655304d50fd935913,2017-10-16 22:14:14,18.9,15.1
42e0ff710ef5d9ead0c1fee8ac7d3ed8,1,12722654d210214a6fa95baae1e37941,77530e9772f57a62c906e1c21538ab82,2017-10-23 19:35:15,119.0,19.07
42ecdc74095df67319b9d2ce16c43329,1,07b90e3c7e287977b2e8cd54a98ddb89,48162d548f5b1b11b9d29d1e01f75a61,2017-10-23 16:50:19,13.0,15.1
42ecdc74095df67319b9d2ce16c43329,2,07b90e3c7e287977b2e8cd54a98ddb89,48162d548f5b1b11b9d29d1e01f75a61,2017-10-23 16:50:19,13.0,15.1
42ee4f991900767ba353278c7c4f4df3,1,45ba26803dbbdb26ec5757546929ac89,f45122a9ab94eb4f3f8953578bc0c560,2017-11-07 09:06:19,69.9,4.87
42ee4f991900767ba353278c7c4f4df3,2,45ba26803dbbdb26ec5757546929ac89,f45122a9ab94eb4f3f8953578bc0c560,2017-11-07 09:06:19,69.9,4.87
42f0558cf0b5c9b1fa75df04ca0e901e,1,617186c3d97ea56c9c683a8a3974e8c1,cc419e0650a3c5ba77189a1882b7556a,2017-11-03 14:26:04,84.99,19.13
42f2f38b2e99615f8fa65dd99a455294,1,00d2add85b1f5aba6bb3d5d977314e25,37dd29b36c458d82f74a953c40c43645,2017-10-26 16:28:15,346.32,71.13
431b44bec24dab56f23207e21a689082,1,6bd4c564d1f96b0db5d02d376b4daed6,b6d44737c043328708f6749c2dbe50bd,2017-10-30 16:41:53,67.0,13.08
431eb716029df1431f4ff0fbe57d2f06,1,cae2167feedb9388aa9baffbff44e5f4,db4350fd57ae30082dec7acbaacc17f9,2017-11-07 04:10:13,21.99,7.78
431edc9c63424518da8f273659cafa77,1,5c9e8cde14498f5d4dbe4d7c70c0d5f1,3bdff180c7e1f6551a643b99c265a120,2017-10-11 10:14:21,99.9,23.02
432ca501b6803f37fe26134bedda2972,1,03d19e503abb1698d26d630c0017b11e,2b1a40c1daabc6ca280c4b815c101841,2017-10-13 10:07:14,299.98,30.25
432ca501b6803f37fe26134bedda2972,2,03d19e503abb1698d26d630c0017b11e,2b1a40c1daabc6ca280c4b815c101841,2017-10-13 10:07:14,299.98,30.25
432f3cbc9941551c41eb9884f7bfb879,1,363218ba55c610b750224f90bdd34be1,00ee68308b45bc5e2660cd833c3f81cc,2017-10-20 09:28:19,88.0,16.87
434c4ed860ba78b06eb3333f8184dbee,1,0ec63d4c614fff936b02b10d242bf955,4a3ca9315b744ce9f8e9374361493884,2017-10-26 16:21:23,89.9,12.97
43542fbe2e7b735e5db10cb3588d63d0,1,6a8631b72a2f8729b91514db87e771c0,128639473a139ac0f3e5f5ade55873a5,2017-10-30 03:28:35,25.9,15.1
4369045e59969c285151e194c6ff699e,1,d199462b8361a3e047e64595bce5b6ea,02dcd3e8e25bee036e32512bcf175493,2017-11-03 12:26:17,75.0,15.29
4369045e59969c285151e194c6ff699e,2,fc2d17e60bdd3349a25f3ca6a802a91e,02dcd3e8e25bee036e32512bcf175493,2017-11-03 12:26:17,75.0,15.29
4379c802ba499c2c871ee501a835c33c,1,3519403062e217f433e0bbdc52e0b19f,0432ead42b6c8a0bdf68154add917fdf,2017-11-03 03:06:12,39.9,14.1
437eab927fbbc0dcfef153692c06c2cb,1,3b4ea3aae09e99353a54922da11954c3,3d871de0142ce09b7081e2b9d1733cb1,2017-10-23 21:56:16,89.0,35.94
43820afb33cfe47a6bbdc81d3fb51aa0,1,d862ce2954329a2af9498e8568ee9b1c,f789d2c4f2c2eb38fc4373e7a4b35264,2017-10-30 18:28:25,134.99,15.69
43a0b611abb9eb69cf8acffad7392e7f,1,542631a181ee1e3bf2b774a7c5344102,d4e4b5192cba4e0e66eb12a9d347239d,2017-10-18 05:14:48,39.9,15.1
43b0f3918e48dcebe9582038c9d4d466,1,73addce461f9a4a22c793886b6d53ffa,866558b3bccef2dbc6d29a2b5995016f,2017-10-26 14:49:41,119.9,96.41
43bc7c4536c8e9551370565d9b101904,1,38c56c5c5b16958d95bf8254498ad555,fa1c13f2614d7b5c4749cbc52fecda94,2017-10-25 16:27:03,799.0,14.41
43c77c1881febf0c89c17b98fa782d6d,1,368c6c730842d78016ad823897a372db,1f50f920176fa81dab994f9023523100,2017-10-10 14:28:54,59.9,13.44
43d60e5304df2b3b2d51d32499266433,1,0a783d7ce18a37749c3a059cf829564b,7e1fb0a3ebfb01ffb3a7dae98bf3238d,2017-10-16 19:49:38,160.0,15.87
43d8ac2e1b472f06ae2c8c4dea29fe7c,1,7c1bd920dbdf22470b68bde975dd3ccf,cc419e0650a3c5ba77189a1882b7556a,2017-10-06 12:24:11,58.99,16.66
43deb523bd34a18110a37cdbfbd79096,1,b2572a992f6ea1d1a7eb518d54e64620,6edacfd9f9074789dad6d62ba7950b9c,2017-10-30 22:56:25,113.9,12.0
43e8cdbf9dd6228a4f277835f9176770,1,601a360bd2a916ecef0e88de72a6531a,7a67c85e85bb2ce8582c35f2203ad736,2017-10-25 02:56:34,119.99,29.24
43ea1d83ee54086e26f0d9b65336975f,1,03fbf722447bf7fb4a99aff40b8ede7a,f5a590cf36251cf1162ea35bef76fe84,2017-10-27 14:49:28,525.0,24.68
440d8c2b46ef6f71cfa424597bbc6744,1,7c1bd920dbdf22470b68bde975dd3ccf,cc419e0650a3c5ba77189a1882b7556a,2017-11-01 21:25:11,58.99,17.66
4412edc425c04a3e8eede540f84ecf85,1,fb7a100ec8c7b34f60cec22b1a9a10e0,d98eec89afa3380e14463da2aabaea72,2017-11-03 16:32:00,49.99,34.15
441cf7155f976d42536081646f9f4714,1,72c4ed817b3980cf86101f5fa7b234f7,c24173065483e421f9e5e7f599de101d,2017-10-25 13:49:25,31.99,15.1
442651ec03ad04b3ba5cd034cc8853c8,1,ff5d7f21d255435967dfbe72b5dcdb57,70a12e78e608ac31179aea7f8422044b,2017-10-13 15:07:14,39.0,15.1
443b9c04691b94da8860a4b73512f94a,1,f4cd1164757f2f82e7f949e9ba129664,520b493b57809f446cb0a233bb3e25c7,2017-10-18 18:28:22,30.0,12.69
444262e0348a6fbd695402228e0ba8ef,1,5411e9269501a870cabf632f05655131,3d871de0142ce09b7081e2b9d1733cb1,2017-11-03 09:10:15,99.0,19.93
44437f0cd12aae191555f66ce8dc2d5f,1,0d69c82f1bc2991a5ec6fff3d803876b,d2e753bb80b7d4faa77483ed00edc8ca,2017-10-26 15:21:21,87.8,34.41
4447244b60640d0067069c680995049d,1,c5e9b73e5f4c644885862ba3e1137b57,46dc3b2cc0980fb8ec44634e21d2718e,2017-11-03 02:55:08,199.99,18.97
445dfa2b420c1f20eba83ec3d5ce8993,1,422879e10f46682990de24d770e7f83d,1f50f920176fa81dab994f9023523100,2017-10-20 17:08:30,59.9,19.66
445e35406984b81b3f9109de8994e197,1,f06059b7624d79f0c063e5d45bffcafa,218d46b86c1881d022bce9c68a7d4b15,2017-10-24 16:30:04,85.0,17.84
445f70d8cd0cc47a45c806cf81e37b61,1,3454a52c75a86e23aa6c2c2bfc330dc6,f8db351d8c4c4c22c6835c19a46f01b0,2017-10-26 09:49:13,15.9,15.1
4467611bf43834b28dee6d7eecfe201c,1,45bb83550ff78aa259858ff41921129a,052577151711aec5c744fe12e66db3e1,2017-11-01 19:07:14,687.0,42.65
446872ecf144444c683b8e2774cdf3e9,1,089447f48055194b36dd135e1a353cff,a1474fd46fd3430168f7ec202da39408,2017-10-26 11:45:21,91.0,47.17
446e94f0a6c617e2444bee5ee7ed7050,1,f2466c43ec41d6b64dcc6337d5e5a6ea,412a4720f3e9431b4afa1476a1acddbe,2017-10-17 23:21:06,29.0,15.11
4473dab90d5c08b597499e973725804a,1,b1631003bdbc3b1e876f83a7d851d74a,cc419e0650a3c5ba77189a1882b7556a,2017-11-07 17:08:09,56.99,8.72
447b7c9b6b51381a908e562384313068,1,aeb2f7fc62c8a2a56ae6e2f1b04d4e62,8d46553a36e68f95350a200c12f8f2e2,2017-10-30 04:14:38,16.9,11.85
448665b537bdab4bf716e851df213e2f,1,2cd21984c5d25eacc22b5b6d9e6396e3,b33e7c55446eabf8fe1a42d037ac7d6d,2017-10-20 18:15:34,199.0,12.89
449ddd1e13fed7e12cc60600ffeb3158,1,0f1734abf5ee5d3b99353b7ccb117426,08d2d642cf72b622b14dde1d2f5eb2f5,2017-10-06 17:49:14,17.9,15.1
44a0eec1375288c11308ac7d16892f6f,1,010c79af51e82f60de174b6da6060c0a,45d33f715e24d15a6ccf5c17b3a23e3c,2017-10-17 16:49:21,87.9,9.36
44afcef35a5f8874ce556826e49769a8,1,2e19ac96fc0b777c7e0c821618eaf98a,7e93a43ef30c4f03f38b393420bc753a,2017-10-11 18:45:21,175.0,13.27
44afcef35a5f8874ce556826e49769a8,2,228f57b1acb5bdce9401c58653c8cc14,7e93a43ef30c4f03f38b393420bc753a,2017-10-11 18:45:21,169.99,6.15
44b243b9ac18357e1388b0459d54af02,1,28beefcab28e6a3b659bae1bf1cbe453,18a349e75d307f4b4cc646a691ed4216,2017-10-31 02:46:00,25.0,11.73
44ccf756bc48c94e659d97924203664c,1,363a742635cc645c207ce8102de9b837,6c7d50c24b3ccd2fd83b44d8bb34e073,2017-10-24 03:08:45,112.5,18.68
44d404776504ffd7bb6d7b36723f8295,1,35afc973633aaeb6b877ff57b2793310,4a3ca9315b744ce9f8e9374361493884,2017-10-26 13:14:50,89.9,13.65
44e91d629da568d5df404a8dc5895336,1,4c1e109ecdf58453de365d217cefa64c,4e922959ae960d389249c378d1c939f5,2017-11-09 15:27:58,139.0,18.22
44ee123dd806e5be0cd47203126e26c8,1,eb7b82602a7931947d3a2708d9b88bb3,1da3aeb70d7989d1e6d9b0e887f97c23,2017-10-11 10:56:20,29.99,8.72
44ee123dd806e5be0cd47203126e26c8,2,eb7b82602a7931947d3a2708d9b88bb3,1da3aeb70d7989d1e6d9b0e887f97c23,2017-10-11 10:56:20,29.99,8.72
44fd51f28b86bf431a4438f957259ea2,1,c4baedd846ed09b85f78a781b522f126,a1043bafd471dff536d0c462352beb48,2017-10-16 11:49:37,99.0,43.06
450b307a6465207415ab38df48d94073,1,a2a1d57880bb40e60b59530ba0177ccf,6fd52c528dcb38be2eea044946b811f8,2017-11-16 23:05:55,58.67,9.34
450f27b39a6a905c37a6acf203f98e6e,1,431d674f9a4fbd0957ecf6ba3fcb6899,53243585a1d6dc2643021fd1853d8905,2017-11-01 03:57:05,289.0,10.59
450fa7604128b5ab721a6bca04843efc,1,d8de812ed5d981fc6a3984f4caa2aa05,54a1852d1b8f10312c55e906355666ee,2017-10-20 21:50:20,59.99,9.34
450fa7604128b5ab721a6bca04843efc,2,d8de812ed5d981fc6a3984f4caa2aa05,54a1852d1b8f10312c55e906355666ee,2017-10-20 21:50:20,59.99,9.34
452045e853d5fa6f87a6ebed979b3134,1,422879e10f46682990de24d770e7f83d,1f50f920176fa81dab994f9023523100,2017-10-13 17:28:18,59.9,17.67
452045e853d5fa6f87a6ebed979b3134,2,422879e10f46682990de24d770e7f83d,1f50f920176fa81dab994f9023523100,2017-10-13 17:28:18,59.9,17.67
452045e853d5fa6f87a6ebed979b3134,3,422879e10f46682990de24d770e7f83d,1f50f920176fa81dab994f9023523100,2017-10-13 17:28:18,59.9,17.67
45211f00dfa76aed1c20d6910d973222,1,928c2c0fdf465581daac95380af04b3e,5b51032eddd242adc84c38acab88f23d,2017-11-06 15:46:14,149.0,20.09
45211f00dfa76aed1c20d6910d973222,2,c777355d18b72b67abbeef9df44fd0fd,5b51032eddd242adc84c38acab88f23d,2017-11-06 15:46:14,199.0,20.08
4528d2df0746ab4a83a886d17f66a9de,1,b8c89a9d4b89606a42a4ee8f3cf16d5e,ef506c96320abeedfb894c34db06f478,2017-10-18 17:07:00,22.99,7.78
4540273b4f01534b24124542bc34568a,1,ea650c84a7d5aaf2a2c5f1b108de8f7c,cd68562d3f44870c08922d380acae552,2017-10-11 17:49:11,29.0,25.63
4542fb157f4694bfdef42f42edbd28aa,1,1f30aacc69904c0d0bf8d05cb2abef72,4a3ca9315b744ce9f8e9374361493884,2017-11-01 16:49:47,135.0,16.58
454645a3375b0ecfa430922acc9dc990,1,218f5d32f520df3b8517cdd86da09466,44f091b5abab8018f682fce8124b85e5,2017-10-08 22:56:21,229.9,17.24
4547e931fe370c3853e4afebc234811a,1,195a72beccf48da20d71e2d7530b470a,8d956fec2e4337affcb520f56fd8cbfd,2017-10-20 04:46:34,29.99,15.1
4549b64678720dc5a26b734faa820d93,1,4cc8bfa581f41841ce5e24aba773a44a,1835b56ce799e6a4dc4eddc053f04066,2017-10-09 20:56:32,56.99,16.16
4552d969c2ffe2ac446b7a970e6953fc,1,6f657bbc44514ab511c65b891301208d,febab0275244b9a49a623f0bd613ca2f,2017-10-13 19:49:18,76.0,15.84
4552d969c2ffe2ac446b7a970e6953fc,2,e3e8e08714c40e0101bd225f06bf4fef,f8db351d8c4c4c22c6835c19a46f01b0,2017-10-13 19:49:18,24.9,5.17
455a25fb79e199f6568a9965cc2ad66a,1,b480b78b6faef44b44a532fca67a9c92,5160d23075764e18e07c1f4a87fad743,2017-10-09 04:07:29,85.0,14.34
455d05ce8b86b6e2b3c2e6e0a7994942,1,3eda91c4ed75e3ce93482a5eed64868d,aaed1309374718fdd995ee4c58c9dfcd,2017-10-09 09:20:05,127.9,16.66
45863486f903e4fbfe9a18dd7aebb8d3,1,db6065d633b0e40022ef1de6181bd1dc,0432ead42b6c8a0bdf68154add917fdf,2017-10-26 16:32:34,82.9,8.78
4587bf1bd378047abcecf8a3193bbbc8,1,8d1cfc0463b545928bfb4e589e017bd4,aae3bfea055532c57fb453ed3ec80b30,2017-10-11 16:14:30,62.8,14.19
45ae42280548c03b6b40058b455c462f,1,19f0917ba5781b978298ffcd9ae225c1,43f8c9950d11ecd03a0304a49e010da6,2017-10-24 12:04:53,89.99,12.13
45af143724bdd26ce96b34fbb2d98f0c,1,e0ce26ae52c9ab0b8c8e42129d6c1996,391fc6631aebcf3004804e51b40bcf1e,2017-10-27 11:32:28,24.9,13.37
45e12e19713820e099be97aaeb65b4d4,1,17823ffd2de8234f0e885a71109613a4,46dc3b2cc0980fb8ec44634e21d2718e,2017-10-19 11:28:16,279.99,49.4
45f14ab2b316bbd9eec1c8af6458e2c9,1,681e1525258578dd8a22a3c249509bf5,5cbbd5a299cab112b7bf23862255e43e,2017-11-07 14:45:47,45.6,15.1
45f3c6b73e741b9f127da84371a0cd90,1,0aabfb375647d9738ad0f7b4ea3653b1,37515688008a7a40ac93e3b2e4ab203f,2017-10-09 04:28:24,19.9,15.1
45f538a7067ec91ebf71a1bc95a63be4,1,992197904e1d4f0bf3994652373188e4,a3dd39f583bc80bd8c5901c95878921e,2017-10-26 20:07:14,215.56,26.06
45fbd1cc1bb5257f84d6f5f283489de3,1,461f43be3bdf8844e65b62d9ac2c7a5a,4869f7a5dfa277a7dca6462dcf3b52b2,2017-10-30 13:49:21,146.0,15.77
4603a894cef0fb5ec82378b5e1ecd710,1,b2802bfbd4800fbac8b9554cbea43894,1d8dbc4f32378d715c717c1c1fc57bae,2017-10-27 12:14:31,109.9,20.01
4609e3dffa747068028fe0a5962b41f2,1,1e618d311a1b7f88a9d96ec50aa85582,d94a40fd42351c259927028d163af842,2017-10-26 09:56:21,129.0,86.7
4609e3dffa747068028fe0a5962b41f2,2,4dda033e39cdc37ce2932b7ba6e8a0f7,1900267e848ceeba8fa32d80c1a5f5a8,2017-10-26 09:56:21,203.99,7.22
46347dc54e84dc7863cb5c90cf57a9d3,1,f91a53ddc9bba002d1f3d77e9a39c07e,12a8eb0f8d1cd3270695bf2a99f55966,2017-10-19 02:35:15,135.0,13.29
463a5ead09af7e15b525773f2d081b37,1,788f25ce10487e2a8bf8080d2d10b27c,7202e2ba20579a9bd1acb29e61fe71f6,2017-10-08 23:35:11,499.9,18.25
46401f2377e0c45bb5483227a21b812c,1,154e7e31ebfa092203795c972e5804a6,cc419e0650a3c5ba77189a1882b7556a,2017-10-17 15:49:59,23.99,14.1
464cd296e96f72dc09a9601842cc0893,1,a2981aad285aa55f2b0f5f2e7dadf5a3,1b1ae47a313a825a7ccceb8e2e30fa9d,2017-10-25 10:46:22,109.9,14.52
4668e269b27ff744f3bd603a9c444d32,1,165f86fe8b799a708a20ee4ba125c289,7ddcbb64b5bc1ef36ca8c151f6ec77df,2017-11-08 12:32:22,146.99,20.52
4677cd3fce18a3a30369628353085578,1,6a1c65dbbecc1ece8c22856122a774ac,1025f0e2d44d7041d6cf58b6550e0bfa,2017-10-23 21:46:06,250.0,58.42
4677e6e3e54b79b7ae98dede52d8f2b0,1,422879e10f46682990de24d770e7f83d,1f50f920176fa81dab994f9023523100,2017-10-11 16:49:24,59.9,28.82
4677e6e3e54b79b7ae98dede52d8f2b0,2,422879e10f46682990de24d770e7f83d,1f50f920176fa81dab994f9023523100,2017-10-11 16:49:24,59.9,28.82
4677e6e3e54b79b7ae98dede52d8f2b0,3,422879e10f46682990de24d770e7f83d,1f50f920176fa81dab994f9023523100,2017-10-11 16:49:24,59.9,28.82
4677e6e3e54b79b7ae98dede52d8f2b0,4,422879e10f46682990de24d770e7f83d,1f50f920176fa81dab994f9023523100,2017-10-11 16:49:24,59.9,28.82
4677e6e3e54b79b7ae98dede52d8f2b0,5,422879e10f46682990de24d770e7f83d,1f50f920176fa81dab994f9023523100,2017-10-11 16:49:24,59.9,28.82
4679373170bfd9727d75f2cbefa4a50a,1,5ed2407e517ceac8615bb4d1ea238fe6,ef506c96320abeedfb894c34db06f478,2017-11-03 13:30:31,22.99,15.1
468cfd01fbf123dc6840ef293f916228,1,49e038a7b8ba2e18d9a7a26c1f238544,55d3daac7c404d59e51c2aa2f4dc5a23,2017-10-19 19:34:00,146.0,39.05
469efe9b7784ec97f17da1643f3e327d,1,2028bf1b01cafb2d2b1901fca4083222,cc419e0650a3c5ba77189a1882b7556a,2017-10-31 03:07:18,56.99,8.72
46a960198503941a98246a108f151e0b,1,95ae4833a7cd4f9f7f90c3b77a993c1b,1025f0e2d44d7041d6cf58b6550e0bfa,2017-10-16 20:35:22,78.0,15.3
46a960198503941a98246a108f151e0b,2,95ae4833a7cd4f9f7f90c3b77a993c1b,1025f0e2d44d7041d6cf58b6550e0bfa,2017-10-16 20:35:22,78.0,15.3
46a960198503941a98246a108f151e0b,3,95ae4833a7cd4f9f7f90c3b77a993c1b,1025f0e2d44d7041d6cf58b6550e0bfa,2017-10-16 20:35:22,78.0,15.3
46ab3e1c2c3eed0ed5bd72930759d25e,1,6c3effec7c8ddba466d4f03f982c7aa3,37515688008a7a40ac93e3b2e4ab203f,2017-10-06 13:49:48,19.9,11.85
46ad8f532d3f76a1747288a6a5a88a18,1,f5c3f6159135311269c45b2b88f67464,da8622b14eb17ae2831f4ac5b9dab84a,2017-10-16 12:14:08,199.9,21.89
46c38e73577fd75b4bbf5d57b18197fb,1,6822a8b4d3a03eb8cc23f296bda7525f,18a349e75d307f4b4cc646a691ed4216,2017-10-31 17:35:24,51.15,16.61
46c940200f4d91b4cf260d705849bbe2,1,b7605b5b483063d12bd90a772bff9d21,4a3ca9315b744ce9f8e9374361493884,2017-10-18 21:27:51,48.0,11.85
46cfd37753bbd00f768165cf4cb7ace1,1,ed38e11473775cde0d65f698aa0a4d27,3d871de0142ce09b7081e2b9d1733cb1,2017-11-01 01:49:09,89.0,10.05
46cfd37753bbd00f768165cf4cb7ace1,2,7b83c11ac78f11bde67542beb12e8163,431af27f296bc6519d890aa5a05fdb11,2017-11-01 01:49:09,54.9,15.07
46cfd37753bbd00f768165cf4cb7ace1,3,7b83c11ac78f11bde67542beb12e8163,431af27f296bc6519d890aa5a05fdb11,2017-11-01 01:49:09,54.9,15.07
46cfd37753bbd00f768165cf4cb7ace1,4,7b83c11ac78f11bde67542beb12e8163,431af27f296bc6519d890aa5a05fdb11,2017-11-01 01:49:09,54.9,15.07
46cfd37753bbd00f768165cf4cb7ace1,5,786733d317255508bd4d648585977611,3d871de0142ce09b7081e2b9d1733cb1,2017-11-01 01:49:09,69.0,10.04
46f09635953d421a1c088a6e28cea5e0,1,24c66f106f642621e524291a895c9032,620c87c171fb2a6dd6e8bb4dec959fc6,2017-10-26 13:56:07,149.9,29.45
46f4a081ff99f052875639e33bf5d1d5,1,83b00325c13c44245b2c3a2befa62a0e,ad781527c93d00d89a11eecd9dcad7c1,2017-10-17 21:49:57,159.99,32.15
46f6ed73fe09537a68e37e5b67fcdd01,1,f40876e0ef3cd5f9132b1f16b04b1346,620c87c171fb2a6dd6e8bb4dec959fc6,2017-10-20 15:07:18,99.9,13.58
470aaf67aea3ff90fa50bada79776333,1,d60c7a798d6fb6242ca9ace328f624e0,de23c3b98a88888289c6f5cc1209054a,2017-10-16 22:14:38,309.99,16.93
4722880b47a0cc081c878a5a1ba8fc21,1,a4b5771bb3bd270e2baacfc4430798cf,e9d99831abad74458942f21e16f33f92,2017-10-10 09:28:11,8.5,17.63
472ce7491b9e1d5409e48c3717a8072e,1,f25b4b41194b370120c42e1b19bd2a8a,41b39e28db005d9731d9d485a83b4c38,2017-11-28 22:07:19,144.9,12.22
472da07b7704c63a67ef872b922ab5c3,1,cec09725da5ed01471d9a505e7389d37,4d6d651bd7684af3fffabd5f08d12e5a,2017-10-11 16:49:16,69.9,16.12
4749a1374297f0088e587cf8cd9cc3f6,1,b9f0de89fde69dc44e3bd2a9c578a5ea,4a3ccda38b2129705f3fb522db62ca31,2017-10-13 02:24:57,109.9,12.27
474eb7e66d3c88d69883090e5d308390,1,cd48f265a63e13b762601f5f794c5fca,e9779976487b77c6d4ac45f75ec7afe9,2017-10-23 11:36:01,65.0,15.2
478887cd708081a72d53f271fe615bae,1,2b939dc9b176d7fa21594d588815d4a4,dbc22125167c298ef99da25668e1011f,2017-10-09 19:07:11,88.9,29.02
4789ca04239c99a9256e59d23ca3bd2c,1,c9c455f9fd8ca66d3ff7f90a249753b4,96804ea39d96eb908e7c3afdb671bb9e,2017-10-20 14:50:11,109.95,16.53
478f8fb5c6eb0790e401598d9391c30b,1,d30115c5c4af6437de4bbf9faa668de1,d2374cbcbb3ca4ab1086534108cc3ab7,2017-10-18 17:47:10,18.9,11.85
4798ef2f0de08baa8ddd97ceee3f7c60,1,ec2d43cc59763ec91694573b31f1c29a,1c129092bf23f28a5930387c980c0dfc,2017-10-19 20:28:22,45.9,15.11
47f5956f0545ab50be4333cf70997aec,1,7281fb0ce17b91ad3102548544f07981,4e17c65a516f69d023a2ae78b84f28d6,2017-11-20 04:25:07,79.0,16.31
480b3512a26cbc632bd11abaf0fcb43e,1,aede48631330269f65a8d680de491657,dbc22125167c298ef99da25668e1011f,2017-11-03 19:26:53,82.9,19.82
481010fdaf8e172cda436faedf27159d,1,f392159099324f7f068dbc69e456562b,1da3aeb70d7989d1e6d9b0e887f97c23,2017-10-19 17:35:20,12.99,10.37
481010fdaf8e172cda436faedf27159d,2,af8033e2e2919480bf64674af8dc453a,1da3aeb70d7989d1e6d9b0e887f97c23,2017-10-19 17:35:20,12.99,5.18
4830bd8fff96f1bb97dd5db5220f4817,1,f7a17d2c51d9df89a4f1711c4ac17f33,f8db351d8c4c4c22c6835c19a46f01b0,2017-10-19 20:28:18,52.9,15.12
483c0f7f44eec6fd0fbd90914d187226,1,cfdea8fdeffa0be98a7e7d3e1dd71dcd,fffd5413c0700ac820c7069d66d98c89,2017-11-07 15:50:12,178.6,18.5
484041967269ab057b79f27c33a68f52,1,154e7e31ebfa092203795c972e5804a6,cc419e0650a3c5ba77189a1882b7556a,2017-10-19 11:49:41,23.99,14.1
486189e06030d36779e10e55b6220d87,1,5d10b3779b68d58be0fcc46a1ee79689,45d33f715e24d15a6ccf5c17b3a23e3c,2017-10-23 08:56:21,139.9,10.39
4862027da7986ac571a0bd91458ec358,1,95c1a931a9c24a30577e9af5a5c420ea,0249d282d911d23cb8b869ab49c99f53,2017-10-18 08:36:48,36.0,15.1
4885cd7658f4cc5aa7f5955a69540387,1,aa5d6a9bd4be367ae1a3a29c323c7c11,e9779976487b77c6d4ac45f75ec7afe9,2017-10-12 22:35:23,130.0,15.66
489e9a78bc86403a43eed56b15c7c266,1,bdfa2e2829c9ce3595af56cec003e9e2,3db66a856d18a9cba7c9241fc5221c50,2017-11-07 17:15:10,59.9,17.99
48a57e0bc8bf84266cba1916fc7ed49c,1,b7103dda72118193411fe5667525c139,25e6ffe976bd75618accfe16cefcbd0d,2017-10-16 16:49:24,99.0,9.51
48aa7e4eb5522e310f74f208a4bd3199,1,b532349fe46b38fbc7bb3914c1bdae07,1025f0e2d44d7041d6cf58b6550e0bfa,2017-11-03 20:50:22,38.4,12.69
48abd4dcc16f0885de523602c047d437,1,50843862efe2e06ab1758601c6509700,7aa4334be125fcdd2ba64b3180029f14,2017-10-13 02:28:14,79.99,13.58
48ac627a65c15df7cebf426bda6e6077,1,6e86c76c9073070701739dc4fae68a6b,1025f0e2d44d7041d6cf58b6550e0bfa,2017-10-27 00:40:57,108.0,39.69
48ac627a65c15df7cebf426bda6e6077,2,6e86c76c9073070701739dc4fae68a6b,1025f0e2d44d7041d6cf58b6550e0bfa,2017-10-27 00:40:57,108.0,39.69
48acec853641fe35696ffb5b01c44dd9,1,569ffd16f8032478cbeb9800f2e94ba0,20cb7c2fde3e5bf10f0bbe7394e1c6a9,2017-10-11 14:26:30,16.9,12.48
48acec853641fe35696ffb5b01c44dd9,2,569ffd16f8032478cbeb9800f2e94ba0,20cb7c2fde3e5bf10f0bbe7394e1c6a9,2017-10-11 14:26:30,16.9,12.48
48bf48be5229515b4e7beebaf2eb2d98,1,165f86fe8b799a708a20ee4ba125c289,7ddcbb64b5bc1ef36ca8c151f6ec77df,2017-11-01 13:29:24,146.99,13.58
48c8c4c032915f7f1d6c34979e7f703e,1,bed9b7934576c9ba61b6ba6f3babc698,7aa4334be125fcdd2ba64b3180029f14,2017-10-11 02:49:26,28.8,13.37
48d2c84bcaaa40dfb9f0cf5edcb614f8,1,7425866c309c057d4a7a4631c78e84d1,229c3efbfb0ea2058de4ccdfbc3d784a,2017-10-19 21:20:34,487.0,19.98
48dc9da96439abcac0c2f2b7fb9ca3aa,1,6a1a04054158fe995e1688d8f79605b2,9616352088dcf83a7c06637f4ebf1c80,2017-10-23 19:35:12,59.9,16.18
48dcae389be2ddd6ad3ba930055ebe4f,1,a9fa0428bc677ac4d0a948fe2982ad1d,2e1c9f22be269ef4643f826c9e650a52,2017-10-13 11:07:10,40.49,17.63
48e1896554de2ecc2b58a5ee81b21960,1,3d17d0ed8da715ae25763ce8225b50a3,de23c3b98a88888289c6f5cc1209054a,2017-11-01 19:46:05,129.0,30.77
48e1896554de2ecc2b58a5ee81b21960,2,32539e75c9d0748f5e063f60e395cc57,aba1721a889e04decc910aa13b768ef4,2017-11-01 19:46:05,42.0,0.99
4900f8f1421400535834a94765872825,1,d065729477709c73459cad1d32cf311f,4a3ca9315b744ce9f8e9374361493884,2017-10-20 11:49:37,72.5,15.26
4900f8f1421400535834a94765872825,2,d065729477709c73459cad1d32cf311f,4a3ca9315b744ce9f8e9374361493884,2017-10-20 11:49:37,72.5,15.26
4914b5077b095b26dbd6edf293259136,1,252dc1fbd22786a5305623453f8eaf8b,e9779976487b77c6d4ac45f75ec7afe9,2017-11-03 21:55:06,75.49,8.27
4919b841634d8ba6547af2e05ad3ea1b,1,84f456958365164420cfc80fbe4c7fab,4a3ca9315b744ce9f8e9374361493884,2017-10-26 10:24:59,99.0,13.71
49267f83c9f436f1147915577fdeb110,1,82c3ea364e5480f335f6743ee725a921,70a12e78e608ac31179aea7f8422044b,2017-11-06 09:08:00,49.0,15.1
492d9d1a1eb3b5a079dff6d1eb3f4b67,1,77cc62dc80ebe12a0452d1ce0565acdc,218d46b86c1881d022bce9c68a7d4b15,2017-10-10 07:14:17,113.0,21.28
4932be6399a0d89ba5396fc1ccf0a7d4,1,ce098d2a36ef6a9b6658f0ffd3e37ae4,6560211a19b47992c3666cc44a7e94c0,2017-10-30 03:14:54,29.0,15.1
4942bdcf4479ff8d6885299338758784,1,0bcc3eeca39e1064258aa1e932269894,1f50f920176fa81dab994f9023523100,2017-10-18 16:28:14,59.9,13.44
49546e578022b62f674f28784482c34b,1,fb306b50f9757b8b49a3d45b4099d929,5debea795b07621e1f90532e18f96145,2017-11-03 17:24:55,18.49,12.48
49546e578022b62f674f28784482c34b,2,fb306b50f9757b8b49a3d45b4099d929,5debea795b07621e1f90532e18f96145,2017-11-03 17:24:55,18.49,12.48
496fbba28bbf72d2b8a2a55cb32b1935,1,a412e6de2f924b291fcd8911e0f25eae,b2ba3715d723d245138f291a6fe42594,2017-10-09 20:50:07,59.9,15.17
4971e25e83d731df760b10a30fc6db6b,1,6109d0cae3bcb57d579bc0fab6e61814,dbc22125167c298ef99da25668e1011f,2017-10-26 14:14:16,84.9,14.32
4971e311356ab2972110bcebd76e48c0,1,fe6a9515d655fa7936b8a7c841039f34,dc317f341ab0e22f39acbd9dbf9b4a1f,2017-10-19 12:35:23,249.9,83.61
499779bd7b24368c556437767a73189c,1,3149cc41e8223dce87f99a27e7934730,dbb9b48c841a0e39e21f98e1a6b2ec3e,2017-11-08 19:06:15,44.99,9.34
49a76356bba249478a61707cb37319ea,1,7f4e034245e45549110139d1de248f83,4b9750c8ad28220fe6702d4ecb7c898f,2017-10-24 08:49:09,48.9,26.89
49b1291e3a53100a17731adbbb76eb8c,1,b06e4ddd013b4a1a81e80fe575d9b762,cca3071e3e9bb7d12640c9fbe2301306,2017-10-22 22:49:39,87.85,13.63
49b28a42d5f67ef10024f70bd79e229e,1,0383c4d17410e421f6a8b905fb9adcbc,81a1104df0f08b59c68aa5b03cfe398e,2017-10-30 03:49:37,169.9,20.68
49cb71f6609cd6b341acb1cb3ea392b1,1,9ecadb84c81da840dbf3564378b586e9,1025f0e2d44d7041d6cf58b6550e0bfa,2017-10-27 21:14:47,38.4,12.69
49cb71f6609cd6b341acb1cb3ea392b1,2,9ecadb84c81da840dbf3564378b586e9,1025f0e2d44d7041d6cf58b6550e0bfa,2017-10-27 21:14:47,38.4,12.69
49ccb99fe3aaec6e4926dfd025cd9d0f,1,b980f3256c981fc178514325143b1fc8,4e922959ae960d389249c378d1c939f5,2017-10-25 11:45:20,99.0,25.97
49d4786fdea2f533a5aadced38470d5e,1,9cbe4a1fd4db99c14512e9b2ff033ec4,d2374cbcbb3ca4ab1086534108cc3ab7,2017-10-18 19:24:33,27.9,15.1
4a02e985c7239d866a632f07ed20d9c0,1,9834262f81613c7215955ac3b7081919,7040e82f899a04d1b434b795a43b4617,2017-10-11 11:44:56,39.9,8.72
4a0436180e98ee8a37cef37e46e84646,1,1a080577618e7fe4d9ddd8fb2b47a964,4869f7a5dfa277a7dca6462dcf3b52b2,2017-10-31 18:14:18,619.0,19.08
4a0c442614599b83a064e2889049712c,1,1cf0c9095608952cb1c65c4789946375,b2ba3715d723d245138f291a6fe42594,2017-10-08 23:00:07,54.9,9.34
4a3810dd72f7bd6972e0c9eda2923446,1,54f7278e25e80c7cb083d509fd5535c9,efcd8d2104f1a05d028af7bad20d974b,2017-10-30 06:33:58,60.0,11.92
4a3848a973c57b3f244f9a2433b43a0f,1,b3cf0a98f31b76ed0cec13d9c77102c4,1bb2bdb95f4841f1bba2c0d2cd83d3c9,2017-10-31 02:14:28,27.93,8.72
4a4c6f9e81a1b6f7f8512a987f9fc7e7,1,c73628b1c3144b2e0c9c88072f21a213,3f995f07c49d0d55a99d5c54957f7d81,2017-10-24 17:28:15,139.0,21.37
4a4d085561af094aeffaeb7fdaeac8ac,1,5411e9269501a870cabf632f05655131,3d871de0142ce09b7081e2b9d1733cb1,2017-10-26 21:28:12,99.0,38.24
4a500df6bccc8012825a767ea8d04a28,1,defce8530200d29d2c50f4ca66400e06,b19f3ca2ea475913750f25a5c37c8d8f,2017-10-18 00:35:59,321.89,25.51
4a53124ff0021d4eb276c76766d45f71,1,c64490cdfe40f9e25abd222c541a06f0,5a8e7d5003a1f221f9e1d6e411de7c23,2017-10-16 17:07:26,59.9,15.18
4a58db81127d824c22ca14ae7724d8d7,1,31dc242ed95b9fdccc80ecbc5cecf132,2e1c9f22be269ef4643f826c9e650a52,2017-10-31 15:56:23,55.49,15.14
4a5906e48505c6f9113eb64d283949a6,1,569ffd16f8032478cbeb9800f2e94ba0,20cb7c2fde3e5bf10f0bbe7394e1c6a9,2017-10-20 16:37:19,16.9,15.1
4a5906e48505c6f9113eb64d283949a6,2,569ffd16f8032478cbeb9800f2e94ba0,20cb7c2fde3e5bf10f0bbe7394e1c6a9,2017-10-20 16:37:19,16.9,15.1
4a5906e48505c6f9113eb64d283949a6,3,569ffd16f8032478cbeb9800f2e94ba0,20cb7c2fde3e5bf10f0bbe7394e1c6a9,2017-10-20 16:37:19,16.9,15.1
4a5906e48505c6f9113eb64d283949a6,4,569ffd16f8032478cbeb9800f2e94ba0,20cb7c2fde3e5bf10f0bbe7394e1c6a9,2017-10-20 16:37:19,16.9,15.1
4a67d501fffed1c90df7fabf5d40b861,1,94ad63831117fac82c6054d2056ed118,54a1852d1b8f10312c55e906355666ee,2017-10-26 10:14:21,65.99,9.34
4a6f0a7bedd3542b8dc4900bf2a2b2ae,1,a1fcd4b731530eed7fa5531f3f0c2fe0,dc4a0fc896dc34b0d5bfec8438291c80,2017-11-03 18:05:43,134.55,18.19
4a84096c064c8cd3d887cf815a923c06,1,252641aa4855aef622089db60c4ad90a,06e5eefc71ec47ae763c5c6f8db7064f,2017-11-03 03:07:25,169.97,13.32
4a9dc2faaef0d40f57769730138a0be2,1,652ab2a1bee7f7f0ab475b06cd290865,a2fa0bdc798ee84cdb08281337cf4fb6,2017-10-09 04:05:08,45.0,17.92
4a9dc2faaef0d40f57769730138a0be2,2,652ab2a1bee7f7f0ab475b06cd290865,a2fa0bdc798ee84cdb08281337cf4fb6,2017-10-09 04:05:08,45.0,17.92
4a9dc2faaef0d40f57769730138a0be2,3,652ab2a1bee7f7f0ab475b06cd290865,a2fa0bdc798ee84cdb08281337cf4fb6,2017-10-09 04:05:08,45.0,17.92
4a9dc2faaef0d40f57769730138a0be2,4,652ab2a1bee7f7f0ab475b06cd290865,a2fa0bdc798ee84cdb08281337cf4fb6,2017-10-09 04:05:08,45.0,17.92
4aa0af6a36b380f42a173210f1d15a1e,1,d1c427060a0f73f6b889a5c7c61f2ac4,a1043bafd471dff536d0c462352beb48,2017-10-25 16:35:33,189.99,40.66
4ab03c392cee35c50b2bb0c1190618de,1,422879e10f46682990de24d770e7f83d,1f50f920176fa81dab994f9023523100,2017-10-17 21:56:22,59.9,13.44
4ab27bfc7c06209a6e08813ca2da35af,1,067a7177d086c25f597516184a07f05a,6a51fc556dab5f766ced6fbc860bc613,2017-10-26 11:49:18,250.0,18.46
4ab7de78c72f664992f3171d28974c87,1,7f27a510cfe7b7c16bdba4e185dd7940,23613d49c3ac2bd302259e55c06c050c,2017-11-01 02:56:43,89.9,36.14
4abc32e9c706c58cae553dae3c2c914b,1,a4800b5d0f4850922208a6cefcffed51,218d46b86c1881d022bce9c68a7d4b15,2017-10-16 19:36:25,263.92,19.1
4ac47dc578518440150fbf3780d83a30,1,9f890da4bf8473aca1996ca037005902,dc4a0fc896dc34b0d5bfec8438291c80,2017-10-09 21:24:05,28.38,12.69
4ad1105e12f275c3475462d6811caf8b,1,cc971e0365873137b8bef2ebad633e6f,7a67c85e85bb2ce8582c35f2203ad736,2017-10-13 09:35:11,239.99,31.09
4adf69cec5c1814bd171dafc4c12ba73,1,f0d32532e5d3c1acbf87f4bc139d59cc,ea8482cd71df3c1969d7b9473ff13abc,2017-10-06 10:49:40,19.94,15.1
4ae136c7611e6052ec06035442490f24,1,b17808303e15dd50538c011b44295427,4a3ca9315b744ce9f8e9374361493884,2017-10-29 23:28:07,85.5,13.62
4af5a3b197af9f20f2ad9f856fdcc301,1,d90b49224b5d6eb131a51e53824934d3,cca3071e3e9bb7d12640c9fbe2301306,2017-10-10 23:07:12,109.82,20.01
4b1130720b31500948a942732f0befc1,1,72172e982e8b92155069e4201c92c0bb,e9779976487b77c6d4ac45f75ec7afe9,2017-10-25 02:56:19,37.49,9.27
4b3c7f8318b056586e0407857f44a136,1,e2bb00220a167d9e60b6776ac33717bc,6560211a19b47992c3666cc44a7e94c0,2017-11-08 03:26:13,56.0,7.78
4b4f4465ed0f3c314fcd6e082d00c288,1,06a7a571bc9fbb103a9c2eb90f89432c,2a1348e9addc1af5aaa619b1a3679d6b,2017-10-05 20:28:19,29.9,15.1
4b5bd8e6ef37808d82dab7b2a81b18d4,1,35bc6c77029697004675d3a2ce505916,9c0e69c7bf2619675bbadf47b43f655a,2017-10-06 19:05:28,155.0,13.43
4b5e7707371fb7f696930fc47efff1f0,1,fe01b643060a6446e59f58e3021e66b3,2dee2ce60de9709b1a24083217181a1f,2017-10-22 23:14:13,143.0,38.55
4b5fdd555b6aced1f150146b9c7a9e1d,1,7c263994ef32b8ced2fa464a5d4312a8,7142540dd4c91e2237acb7e911c4eba2,2017-11-01 03:56:19,84.9,28.99
4b66db573efbc335f72d1f88cc5c712f,1,2136c70bbe723d338fab53da3c03e6dc,6560211a19b47992c3666cc44a7e94c0,2017-10-09 09:56:14,29.0,17.63
4b6aca1937b0119de6bd8be675067173,1,a1250bbcaa645885c9165eab1573b5c6,6560211a19b47992c3666cc44a7e94c0,2017-11-03 09:44:57,49.99,7.78
4b6aca1937b0119de6bd8be675067173,2,d103baa8d35783ff2772704ed17ddd45,6560211a19b47992c3666cc44a7e94c0,2017-11-03 09:44:57,59.0,7.78
4b71239d777b69336e70a98790387836,1,165f86fe8b799a708a20ee4ba125c289,7ddcbb64b5bc1ef36ca8c151f6ec77df,2017-11-01 10:56:10,146.99,30.44
4b87f012cca8b66163cea1b82d4afc2b,1,d7ae861cd4272698b4ae0c9f9c44a095,6560211a19b47992c3666cc44a7e94c0,2017-10-18 20:25:38,39.0,15.1
4b87f012cca8b66163cea1b82d4afc2b,2,0eb14dca77e29c41da121dfa88b4b0ea,6560211a19b47992c3666cc44a7e94c0,2017-10-18 20:25:38,39.0,15.1
4b9359b6bad98027f7a428063413d090,1,015e04445dedbd5da301ef29cbb03f83,dc4a0fc896dc34b0d5bfec8438291c80,2017-11-06 02:56:44,62.7,16.2
4b938d32f7c4a575aea3a5cbb5ef03e0,1,f23459b2e5eda87926f1f1a12dd87723,41b39e28db005d9731d9d485a83b4c38,2017-10-25 19:14:18,39.9,20.84
4bc0038f8b89dafcf62622334c66ba0d,1,e336c656869480e20d04ca9389b12167,cca3071e3e9bb7d12640c9fbe2301306,2017-10-18 14:07:45,59.9,12.76
4be2cc8a10974da63ebe8651f2dcc5c7,1,2481a472d98c582b46bc2dfeae6f539f,391fc6631aebcf3004804e51b40bcf1e,2017-10-18 23:26:15,59.55,13.44
4be3435a18d709c7bec9b8d5651088b4,1,f4f4debbcfcafe6858d1e37a1f6e436e,7c67e1448b00f6e969d365cea6b010ab,2017-10-23 14:05:02,159.94,41.11
4bf9917773b973b77d02d12241387084,1,6cdd53843498f92890544667809f1595,ccc4bbb5f32a6ab2b7066a4130f114e3,2017-10-24 20:49:21,349.9,17.21
4bff82a994068f564e54b52b08ef4512,1,24d8da2d499efba175b1092826b7e390,d12c926d74ceff0a90a21184466ce161,2017-11-07 12:06:48,22.5,14.1
4bff82a994068f564e54b52b08ef4512,2,24d8da2d499efba175b1092826b7e390,d12c926d74ceff0a90a21184466ce161,2017-11-07 12:06:48,22.5,14.1
4c09b402a17b72a4a9338d51a8759b4a,1,764292b2b0f73f77a0272be03fdd45f3,bd23da7354813347129d751591d1a6e2,2017-11-06 11:35:33,89.9,17.88
4c16132abeae3fd9a70253acff71ee2f,1,165f86fe8b799a708a20ee4ba125c289,7ddcbb64b5bc1ef36ca8c151f6ec77df,2017-11-01 20:46:31,146.99,20.52
4c1f94303cb0dd867863ad2259197ab1,1,73824b1ce8126cd05ce6e1a0aedb4797,7e93a43ef30c4f03f38b393420bc753a,2017-10-18 09:14:12,159.99,16.88
4c22be46e1fe5c05c6ced534449f7432,1,165f86fe8b799a708a20ee4ba125c289,7ddcbb64b5bc1ef36ca8c151f6ec77df,2017-10-27 17:49:06,146.99,22.9
4c342c53eed805e5712a130cccf665ee,1,601a360bd2a916ecef0e88de72a6531a,7a67c85e85bb2ce8582c35f2203ad736,2017-10-13 02:25:13,119.99,38.39
4c4ac3e2dfb16b17d057cf101265b24c,1,02fbee632a2044d48ab16d57eec4db58,4a3ca9315b744ce9f8e9374361493884,2017-10-18 12:56:09,89.9,17.88
4c4dfbd9dceafac8eb2e502352559f18,1,386486367c1f9d4f587a8864ccb6902b,cca3071e3e9bb7d12640c9fbe2301306,2017-10-27 20:28:20,113.57,13.81
4c520618a0cc5957cd116b12a553770d,1,42a2c92a0979a949ca4ea89ec5c7b934,813348c996469b40f2e028d5429d3495,2017-10-25 14:30:24,59.9,14.13
4c5ad8021308604b11f7badf742189dc,1,541d7793096f512080b5b5c25ce3c44f,e9d99831abad74458942f21e16f33f92,2017-11-03 19:46:39,8.5,17.63
4c62b34217c704b6986322911ea89c80,1,d1c427060a0f73f6b889a5c7c61f2ac4,a1043bafd471dff536d0c462352beb48,2017-10-23 14:32:26,149.99,72.18
4c65a418483996868f2e6a6fde9538b2,1,4413a608a42bd21bbf9d5abbd58c249a,7ddcbb64b5bc1ef36ca8c151f6ec77df,2017-11-03 14:25:07,146.99,21.52
4c7e4677d9f5435660f9dcb903e709fd,1,242edc6b84c00f0d48c664a020a92c52,6cd68b3ed6d59aaa9fece558ad360c0a,2017-10-24 12:35:36,54.9,16.14
4c7e4677d9f5435660f9dcb903e709fd,2,242edc6b84c00f0d48c664a020a92c52,6cd68b3ed6d59aaa9fece558ad360c0a,2017-10-24 12:35:36,54.9,16.14
4c892e84219a67197b564a1458748023,1,5e485a77230bcac5c7506a77a9f71267,7a67c85e85bb2ce8582c35f2203ad736,2017-10-17 17:46:34,119.99,13.86
4c965a6b51f418eb66abfe9e102e98b3,1,6c81db10f914c4d032b14fa93aa0a818,d98eec89afa3380e14463da2aabaea72,2017-10-26 21:14:13,29.99,8.11
4c9765e8d244352198202cf29ffee005,1,9bf49e13f79afe62919c79d125d81cf8,dfc5fb7259bb2b599ca565e6e9448f0f,2017-10-19 19:56:16,199.99,64.76
4c9765e8d244352198202cf29ffee005,2,d316be2b41acc6a122548a0d08570ca6,09f952a5f58d2285b0372551ae8f9b01,2017-10-19 19:56:16,424.2,71.96
4ca4a1922b582950b25cce6e7ef34315,1,1b7384e0f9f5e4cb914cd3f5535a4cab,325f3178fb58e2a9778334621eecdbf9,2017-11-01 15:56:25,23.8,0.21
4ca4a1922b582950b25cce6e7ef34315,2,7b49e585ac8c80b14c9b2815d4db465f,4200ddf1967c5e41e48db62bc6d4b5ac,2017-11-01 15:56:25,16.9,20.94
4ca4a1922b582950b25cce6e7ef34315,3,08ef02b6aae73ad3a385cf1342f609c7,4200ddf1967c5e41e48db62bc6d4b5ac,2017-11-01 15:56:25,16.9,2.41
4ca4a1922b582950b25cce6e7ef34315,4,9e164b4afdecc7c67fb9b6f12c104e21,218d46b86c1881d022bce9c68a7d4b15,2017-11-01 15:56:25,64.0,12.57
4ca8a781d1f4b13e966bf35cdc333f56,1,af0a917aec9cea3b353ece61a8825326,da8622b14eb17ae2831f4ac5b9dab84a,2017-10-24 04:46:19,89.9,13.65
4cc1863df594e8a20303a29626ca0834,1,2136c70bbe723d338fab53da3c03e6dc,6560211a19b47992c3666cc44a7e94c0,2017-11-07 03:55:20,29.0,14.1
4cc95216e51190048472a2baf6fa53ee,1,78d303c22b280fead3c845d03958cdae,0509040ea3fe50071181bbc359eb7738,2017-10-23 04:08:46,34.9,21.15
4cda214be361d0c1d78e4beaac96496b,1,6109d0cae3bcb57d579bc0fab6e61814,dbc22125167c298ef99da25668e1011f,2017-10-17 18:49:20,84.9,17.84
4cdf8813fc5f4c3d74041453f606868c,1,ba230fc7bcaa2f503c46d73098caeb66,13d058e4eeac2ce8217660b2f8a05812,2017-10-17 11:26:55,229.99,49.28
4ceda92a516e1a970460bedc58d3431d,1,98a8c2fa16d7239c606640f5555768e4,001cca7ae9ae17fb1caed9dfb1094831,2017-11-01 21:35:20,110.0,32.1
4cf6a6de996beb9d4b190c7983be98d9,1,0bcc3eeca39e1064258aa1e932269894,1f50f920176fa81dab994f9023523100,2017-10-10 18:28:22,59.9,13.44
4cf6a6de996beb9d4b190c7983be98d9,2,0bcc3eeca39e1064258aa1e932269894,1f50f920176fa81dab994f9023523100,2017-10-10 18:28:22,59.9,13.44
4d20a88009a1ccbe54db2c4c7e184228,1,420921e97463577fd5cc62c687d90bca,53243585a1d6dc2643021fd1853d8905,2017-11-03 12:10:19,283.2,27.26
4d2280f2d019f91aa6cb3e4e4188d984,1,8c7919d7fc63673f2f77a11774044ca1,f45122a9ab94eb4f3f8953578bc0c560,2017-10-24 14:28:17,80.04,35.88
4d2db50dfe6a6d7304be0d7ac81fe039,1,9d8a0e115e802d845b4ce1eb794d1260,d05ae8f7a5bd1d2a690a44cd079e4e27,2017-10-17 18:15:12,120.0,15.59
4d552c5c82094dbeb98a8048f8b31adb,1,88f723b1cc87199862c31b071276b0f5,4b5f66b7adcf57f1ecc0d3c07dd6b177,2017-10-13 11:14:12,199.99,14.42
4d6aaa0dbe2223eac880e1aad0137929,1,5804729aafca1ebee7b26895d830586e,d94a40fd42351c259927028d163af842,2017-10-24 15:35:27,129.0,18.52
4d6dca1dbb561c5c5af9a4c8fbc38375,1,bbbfa3b8e4c5b134e919e37e46acbe14,1025f0e2d44d7041d6cf58b6550e0bfa,2017-11-07 10:50:34,230.0,15.36
4d7abbf4bd3bb90f0dc241c1a6b2f1a1,1,c34e6febc00a74a0eb3decfc3f2f3322,d1c281d3ae149232351cd8c8cc885f0d,2017-11-08 19:35:20,47.99,15.1
4d938cb9756669aa9adb5e4e06db4850,1,83d199d296c44101c8c3b5c9c0cce9ea,850f4f8af5ea87287ac68de36e29107f,2017-10-16 14:49:19,69.99,22.81
4da38cd7084ce9fdeae2412858379255,1,2423252b2432f1803e4f29e0974c6cf7,48436dade18ac8b2bce089ec2a041202,2017-10-18 01:32:21,139.9,38.53
4dc5ab28582ada8b30536d03787d2d12,1,ce776bb92d4579d4ea61c2a009a2ab67,7e93a43ef30c4f03f38b393420bc753a,2017-11-06 20:10:20,849.99,20.7
4dcbd5ebfc13eef35e0fcb0ca1c2807e,1,08574b074924071f4e201e151b152b4e,001cca7ae9ae17fb1caed9dfb1094831,2017-10-27 17:49:12,99.0,33.08
4dcebe90e2424ee4fc1a68c8d39aa533,1,f2fbc2d1b24e4244986270c22432847c,ccada0ef508e698917a6eab263375905,2017-10-13 02:14:31,119.9,27.16
4dda09475b079b01d1c3cf79baac5791,1,4bb4fb9c85785b75ab4f6559900c7ca1,ef506c96320abeedfb894c34db06f478,2017-10-31 08:07:16,37.99,15.1
4de273e695a489841193c7a5bd6911cd,1,828c579b949972bdea5cf2203faf4563,520b493b57809f446cb0a233bb3e25c7,2017-10-23 14:49:48,30.0,9.94
4e0665384670c0b50c2d6857e56c35e0,1,87d780fa7d2cf3710aa02dc4ca8db985,da8622b14eb17ae2831f4ac5b9dab84a,2017-10-23 12:46:33,99.9,17.95
4e075adf6d3b9cb5ae61093b5e61a14a,1,62d2c177dc54994c9103c09e92a05c04,46dc3b2cc0980fb8ec44634e21d2718e,2017-10-18 15:26:21,349.99,11.46
4e296794d96b6f50740af9a477b6e9c6,1,3db5b7214a98ceddbe12ed6c0d3d04b2,897060da8b9a21f655304d50fd935913,2017-10-31 02:26:25,366.3,19.27
4e29914b0cadd0ff96950fc78cd19bf9,1,23601216d4de33d54c6801f27dc59357,1d8dbc4f32378d715c717c1c1fc57bae,2017-10-31 21:49:28,109.9,14.5
4e2d28262ad5baef8cc21e74985535ac,1,ec2d43cc59763ec91694573b31f1c29a,1c129092bf23f28a5930387c980c0dfc,2017-10-18 23:56:19,45.9,9.34
4e40816dfae91a37e97704c0ef372ace,1,820dd5eac7a0890ebab9d0866afe62b0,0bae85eb84b9fb3bd773911e89288d54,2017-10-10 14:44:23,86.7,19.85
4e6a80e9e0629461dbf8735ef09cf392,1,c4baedd846ed09b85f78a781b522f126,a1043bafd471dff536d0c462352beb48,2017-10-09 16:24:45,99.0,43.06
4e759d3af1eb92cd808db2a87ce21282,1,83aae8023b8feda53259f63e0ec06390,715bbd5ba4e6b74cb0d2f29eb45058b0,2017-10-19 17:08:36,89.9,16.39
4e78c8e6f00a4ca7409db04227837738,1,b8c5642287f25d5e0e166199264eff95,dc8798cbf453b7e0f98745e396cc5616,2017-10-09 00:35:09,59.9,35.74
4eb71835d8c9c5ecc87678a05e24a3a4,1,362b773250263786dd58670d2df42c3b,4c2b230173bb36f9b240f2b8ac11786e,2017-11-01 09:56:24,49.9,15.1
4eb910d27cb13ee96a5e5c6dacfe4e4a,1,5bfc7506459ae2a7b4b573fe557a58e1,4a3ca9315b744ce9f8e9374361493884,2017-10-26 15:06:05,69.9,12.83
4ec007fa66327a51919a32d840b49395,1,a2e23998b013d26d049d721aa7a32e1b,3504c0cb71d7fa48d967e0e4c94d59d9,2017-10-19 13:26:18,24.99,14.1
4ee1c064b695ca29aec6dbcc3d7d1b3c,1,5b226d7c52f86ac72457617f78cff95d,1835b56ce799e6a4dc4eddc053f04066,2017-10-19 04:56:23,56.99,12.74
4ee5490fc0c66d4c9a1f30055af9b7be,1,f2bb1681ac26e3993d10ff79cba282d5,06579cb253ecd5a3a12a9e6eb6bf8f47,2017-10-10 21:14:11,19.9,13.37
4ef2dc299b0885933a8773c1aa3656ae,1,b0961721fd839e9982420e807758a2a6,1f50f920176fa81dab994f9023523100,2017-10-11 03:04:33,59.9,28.82
4f3ca5ff0917ab7f5c33e83a98ca7a83,1,777d2e438a1b645f3aec9bd57e92672c,4a3ca9315b744ce9f8e9374361493884,2017-10-11 19:07:12,69.9,17.74
4f3cb3a319d8831801c9a952f6bc6b81,1,a5e130225bfc3dde1f8ec32d8c37b66d,1025f0e2d44d7041d6cf58b6550e0bfa,2017-10-24 03:08:33,32.0,7.78
4f4cdcc0b6af1eb7d23872ddc92b5d05,1,a7d06b7704b157e36c45b898fa555dd5,534a01cc6df1e034e05c32028a291fa2,2017-10-20 10:35:16,38.9,7.78
4f533b4e7c45ae5248904a961cf710e6,1,98ae511715bfce7d97ef0ff1859ad05f,973f21788dfab357250f69a8dcb7ddee,2017-10-11 02:44:25,45.0,33.71
4f591c77d914c5f445f3f1165d015080,1,90b86c830114ddc888f6380a223ee285,d2374cbcbb3ca4ab1086534108cc3ab7,2017-10-27 11:35:28,21.9,15.1
4f6919f0144dfbe984adb649c1fea46d,1,d6b4d1a0d7b4224aa86e3ceff1d78217,bb7a14e229b1c95156719c3d9552eeee,2017-11-07 10:30:12,388.9,51.26
4f6a2e10ee405f1e0541c66c72d068bc,1,30bb6ba21f546713a3c72e22461c1a3b,0ea22c1cfbdc755f86b9b54b39c16043,2017-10-13 02:44:59,19.9,14.1
4f7efc5c210804c2178266d4e12d6968,1,7cdba2b188d18b2054e22e431ffff829,2e1c9f22be269ef4643f826c9e650a52,2017-10-25 00:07:42,46.49,8.72
4f8aa330d043e9db140284db7a6c3359,1,d401d9445df5a515a304b386278b4844,afe0067131b73e40875c9b6c10bd2e21,2017-10-30 22:26:12,104.9,43.14
4f8c4fa99a873ffb8452acc0e0c9c515,1,edd633de6667d87ad7e3f83d2e0e382c,dbb9b48c841a0e39e21f98e1a6b2ec3e,2017-11-07 03:55:28,64.99,16.21
4f916177e07bacaaaf3d51df3cc133a6,1,99a4788cb24856965c36a24e339b6058,4a3ca9315b744ce9f8e9374361493884,2017-11-03 14:48:02,89.9,21.12
4f9b8c1bedc66f4bd34725cfdee6833b,1,1f30aacc69904c0d0bf8d05cb2abef72,4a3ca9315b744ce9f8e9374361493884,2017-10-26 12:28:20,135.0,16.58
4fa82fd6944531bec3422230e90cffc1,1,2b2d4af07dd8444944230535d91bebd1,750303a20e9c56b2a6bc45cdce0b897d,2017-10-23 15:56:45,42.9,18.89
4fcd9b66261e3288dcf98c7d6f6d07da,1,b5e13c9a353102f79c6206ff5cb61a50,a49928bcdf77c55c6d6e05e09a9b4ca5,2017-10-11 20:44:45,79.9,38.11
4fddd233c42ca366f24daa034b3adacf,1,9df634af5c467f3b07f3d92f7765aa64,8bd0f31cf0a614c658f6763bd02dea69,2017-10-10 12:04:15,82.0,11.78
4fdddb85c674036842fa2c86494e8890,1,2e64d11879c5bbda600381dbb5452a38,1eade46fba20122dc4aefb379f8c636b,2017-10-18 14:14:18,81.9,17.82
4fe9c22aa06ba861bb93d65446eb73c6,1,c1f5307decb89342351bec53668cffd9,ea8482cd71df3c1969d7b9473ff13abc,2017-10-26 03:05:47,24.99,14.1
4fed7e164d72f95835ee9b4fdd2ebbe1,1,205cf43d203186d5eb440a791a5b7404,d98eec89afa3380e14463da2aabaea72,2017-10-13 14:36:28,29.99,21.15
4fedc3e39af106c703916b9e7fdc5e5f,1,0fc7f4e83e0ddb5b32b62487c4bd31c4,05f51e13da97139648b8125c31e5f51b,2017-10-23 19:49:21,65.9,14.21
500febf9812db6f84aa020734956a140,1,b2e22c958b453a43a650a579dcac2e43,7e93a43ef30c4f03f38b393420bc753a,2017-10-27 10:30:25,399.99,11.61
5010ecbb29633b8a98b4e6b6075b238b,1,7161466081eb75dbc357bd171fa5e94e,6562efe88ce0826a4ca4f189f03b4b84,2017-11-07 21:49:32,59.9,17.99
501682cc04eeadf3d0bc64b399d78b5d,1,b93f2b23015548acbb6f8ee47a1fafa7,be8e909810184b9b19e886129149d8e5,2017-11-03 09:44:59,19.99,8.11
502fcc6b96f393f4aba791d5ba89b409,1,e68a5a5626c4b1bfc5ca78202f898300,7a67c85e85bb2ce8582c35f2203ad736,2017-10-11 16:49:17,199.99,19.64
5040757d4e06a4be96d3827b860b4e7c,1,f80214fd7d681d1dcf12b3acaf4f0da7,7c67e1448b00f6e969d365cea6b010ab,2017-10-31 23:14:10,196.99,56.66
505e3b83ecc630a2507a9d9c8bfedd8b,1,b8a69a36a5ebf7a558bf12a864f2e0bb,7040e82f899a04d1b434b795a43b4617,2017-10-13 02:07:11,34.9,15.1
5067e58e7d7a2e2f96c222a0335df18a,1,f172934b37c68afdb4b93ca53d8d536c,cb3dd9ce66268c7a3ca7241ac70ab58c,2017-10-23 16:49:25,79.99,22.88
50767c383e0ad56bb2cd8cdf8f6c1d3a,1,9cb2ed2f273027b8daa3b0863368105c,76d5af76d0271110f9af36c92573f765,2017-10-25 15:30:07,39.9,9.34
5077a1b94d4072142bd61997c902af34,1,e54cb69cc7bf5d21921991aae48501fb,cce6ab8d1682639fe45ab70234f1665f,2017-10-11 14:14:16,40.0,20.75
508ef00c7a0d53b647c360ff7780a69d,1,3215010238fcd9cab6ba7d2b81a6973d,aae3bfea055532c57fb453ed3ec80b30,2017-11-01 09:33:56,28.99,16.79
509e23091b0dc6edfc5fffc94dc3dd0a,1,60349023b5385947aa3a395689868518,77530e9772f57a62c906e1c21538ab82,2017-10-26 19:49:09,49.0,15.1
509e842f25a95f3f7d53fec4c0b66501,1,7c4a8bec217df1de0df2b5aaf8175b65,7040e82f899a04d1b434b795a43b4617,2017-10-26 19:49:33,19.9,7.78
50a04b6bf216061cb0f7d4a120d6a85a,1,2acce4db469045e8f9a863028abce19d,92eb0f42c21942b6552362b9b114707d,2017-10-17 00:49:23,17.99,9.34
50a444b891ba3221c5b7c4b48a194ed4,1,1ddab42b003ae1166c20d48725f780c0,ebd2d60905fb58271facef5596b620d3,2017-10-25 18:14:11,148.9,43.45
50aaee0222d8f029430e6be4270f235f,1,e6d3e381889aa6e9d222ad50cb30ac43,4869f7a5dfa277a7dca6462dcf3b52b2,2017-11-01 06:49:09,219.0,28.07
50b043a46bc9296628ad3ea3e0ca01b8,1,44a34214a57dc373dcd80f54c919d006,7008613ea464bad5cb9b83456e1e6a8f,2017-10-25 03:14:39,29.5,16.11
50bc1ac9db5f38b0982adba11e35b948,1,a734287b931bd7a03b9e30261ddc08ef,7e93a43ef30c4f03f38b393420bc753a,2017-10-19 04:56:28,179.99,16.01
50bc3ad74263a2d98d61098a008bf166,1,86133a2151bd98a3ed2ad758709e6d1b,f27e33c6d29b5138fa9967bcd445b6d5,2017-10-26 02:49:39,59.9,16.67
50be9eb370672ac7e49a1c1741cef069,1,7a10781637204d8d10485c71a6108a2e,4869f7a5dfa277a7dca6462dcf3b52b2,2017-10-25 14:14:19,209.9,18.72
50bff5996e5e67f6043d3c38633df3ea,1,2367943ffa6af39caabaf4f8f90e0d3a,77530e9772f57a62c906e1c21538ab82,2017-10-09 13:49:39,49.0,14.1
50c2a6b25b1df03eff6f7249da47f931,1,223d34a3d9334039f5ff9511dc044bbb,53243585a1d6dc2643021fd1853d8905,2017-10-20 12:28:32,246.62,24.05
50cbc0ce14ba62ab76c2c353dbf6bb7d,1,f5f0e64686adaf487590fbb8a75a1d2c,c3867b4666c7d76867627c2f7fb22e21,2017-10-17 13:49:15,193.0,16.98
50dca56efe42d2213549482d6a885d6f,1,0f8016710ce920034150241f0b8b5def,004c9cd9d87a3c30c522c48c4fc07416,2017-10-26 03:15:19,199.99,26.24
50dcbb2a2604b38d231b84bde3f62227,1,6c037f9ff2d13c4236a23910ca598f42,0ed6ce5d87fd9c69eaacaeb778d67235,2017-10-13 17:49:32,69.9,16.25
50ec90e7d2e95d073208b9bb8010846b,1,f2610c932aaabc3eb24c3512b498a838,f680f85bee2d253556ac91be391d2c82,2017-10-17 04:28:26,49.99,11.73
50f1da608adf7f52978abb3906273dad,1,9c641212505630421d3b17272d126434,5160d23075764e18e07c1f4a87fad743,2017-10-19 12:28:19,40.0,14.1
50ff05d6d0da8a197889efe41244b0ee,1,65cee62426275381ec64d04922ee8a22,26d8a1c7c75d513045798992ead43aa2,2017-11-01 02:57:28,79.99,13.58
510c6acb378271d88724c354faf156e1,1,c4baedd846ed09b85f78a781b522f126,a1043bafd471dff536d0c462352beb48,2017-10-16 09:17:51,99.0,38.53
5128a1fb5fd9f44d87fc13d784b3b9b9,1,75d67b030a777f5f1081b8830606abb5,cca3071e3e9bb7d12640c9fbe2301306,2017-11-16 08:05:57,89.9,17.88
5154e5ccfca219d687ea397ab3b64f34,1,2002fc3ec2d8a30a7588628fe7aff958,e9d99831abad74458942f21e16f33f92,2017-10-30 21:35:23,30.0,8.72
516044c173990b53b7a49309c39925ce,1,7a10781637204d8d10485c71a6108a2e,4869f7a5dfa277a7dca6462dcf3b52b2,2017-10-26 18:08:34,209.9,18.72
516dd8f615e6c71be4e8e1b1ad5de684,1,4d4321549f8f978a19a4d17588b1e770,2528513dd95219a6013d4d05176e391a,2017-10-16 02:28:15,269.0,22.72
517b4b7e7f723df3693ae71473078d73,1,60c93709754c1b56d6fcc7187a4810f3,53e4c6e0f4312d4d2107a8c9cddf45cd,2017-10-17 08:04:33,72.0,17.75
518407e9cd288a59d32297bc40aebfaf,1,adf67f81126a8ec9e0968dadbb49083f,8c16d1f32a54d92897cc437244442e1b,2017-10-30 03:15:02,21.8,15.1
5188cf1701fceace6ec6f14b40773f97,1,4e5e41fb7d296a6f776c63fee5cb9fac,b33e7c55446eabf8fe1a42d037ac7d6d,2017-10-17 21:56:34,589.0,15.62
518a8da3b54c804945688f06fa29ee97,1,f361fccba568fabe00db466f80626d1e,85d9eb9ddc5d00ca9336a2219c97bb13,2017-11-03 04:08:36,15.9,15.79
51a78fb31e4d1dc9a712c428af94ce6d,1,3ae1230d17a23cd85318a2b902269d72,4049512728d969bec69f84088b012416,2017-11-01 02:56:47,53.0,34.17
51a78fb31e4d1dc9a712c428af94ce6d,2,3ae1230d17a23cd85318a2b902269d72,4049512728d969bec69f84088b012416,2017-11-01 02:56:47,53.0,34.17
51abb20be6330420d4528fe527d3f90e,1,215ec1620e0f8475dcf0a38866aed21e,8a32e327fe2c1b3511609d81aaf9f042,2017-10-16 01:49:18,69.99,16.74
51b75c5c75f715e5c1fbe8300ede89bc,1,500870614ddcf5bd84f7d26861026c8a,ef506c96320abeedfb894c34db06f478,2017-11-14 14:56:22,29.99,15.1
51bba23b6fd5b430636450f273aadd8a,1,2423252b2432f1803e4f29e0974c6cf7,48436dade18ac8b2bce089ec2a041202,2017-10-09 15:35:07,139.9,20.22
51c8ce1ad9c1fdebc69cc37fbff27f5a,1,88ab3ce1ded665150c5cd6adcc5287e0,4a3ca9315b744ce9f8e9374361493884,2017-11-03 00:26:48,59.9,15.17
51f0da744909f18ed535301a19e52bd0,1,13f7fc9df5f3c16d2757b7421bc40ba7,9c0e69c7bf2619675bbadf47b43f655a,2017-10-13 18:14:13,185.0,10.71
5209e430c4a82e1eb7cd636ecbb573a3,1,187e7d92b8168c3661824809d0c5dffb,431af27f296bc6519d890aa5a05fdb11,2017-10-13 20:07:12,119.9,18.09
521b078e216e7456ac9a31737c4e77b2,1,f07dfd51b27ae763526ca43745920b7d,3771c85bac139d2344864ede5d9341e3,2017-10-24 02:58:54,13.9,15.1
521bbed0033539e0f0a361abacccc71e,1,7a10781637204d8d10485c71a6108a2e,4869f7a5dfa277a7dca6462dcf3b52b2,2017-11-02 23:30:20,219.9,14.56
522527427b29a3fefe865a02a7a78962,1,e2c3ed9aaddfd2312a6a5fe9b3ddadd3,46dc3b2cc0980fb8ec44634e21d2718e,2017-10-13 07:35:43,99.99,15.45
523f7d5ee2ea5775addb6d622b17f92b,1,a50acd33ba7a8da8e9db65094fa990a4,8581055ce74af1daba164fdbd55a40de,2017-11-07 17:07:51,117.3,25.66
524e1be52afa977f77d263a35041c19f,1,3bdc103ff400f1e4c1136dfe4ebadbd1,1354d51653f645349064725ed204e85e,2017-10-13 18:28:34,95.0,7.92
52597890ec6f46d79c0cc61f35b1cbc7,1,42fd6f72ca3e6f53b25d7a19b0536630,4a3ccda38b2129705f3fb522db62ca31,2017-10-09 13:07:46,122.9,15.61
525c6480bf01aa4830bef2e133f4ccda,1,0d0cffac9618a8f05f06bdd397a47813,1b8356dabde1d35e17cef975c3f82730,2017-10-10 13:07:28,19.99,14.1
526fc45095e2adeba18063d4c0700d3c,1,368c6c730842d78016ad823897a372db,1f50f920176fa81dab994f9023523100,2017-10-11 02:44:40,59.9,17.67
5288a5c8ebb19306a1564b85ddb068f0,1,5328338cfaa16ba10561cd970c73ca11,12b9676b00f60f3b700e83af21824c0e,2017-11-03 08:56:25,199.0,60.56
5289007f1e5b5752ea61bd32cc51cb04,1,3f9e3d09e34ab9b3235a0e9d584bba25,b499c00f28f4b7069ff6550af8c1348a,2017-10-30 13:56:24,34.99,9.09
5294773561960806e1eb6ce0a58e12e0,1,d2e2039bfa892fff14da3e244787b6b5,520b493b57809f446cb0a233bb3e25c7,2017-10-13 02:14:20,42.0,15.1
52b43c7c16aebb445e080760016d4350,1,fe01b643060a6446e59f58e3021e66b3,2dee2ce60de9709b1a24083217181a1f,2017-11-01 14:06:31,143.0,38.55
52b5d9c64618868f5f1367c7934dbf1f,1,baa1af9bc7467e619e2bb2876386ae55,2745f798279e0ed033addcc1474776d7,2017-10-24 13:36:10,92.34,47.18
52b783557d95971d0b42195e6bacdc68,1,419cb1b441eda9b92ebd1a1b96090c26,ea8482cd71df3c1969d7b9473ff13abc,2017-10-26 07:28:14,24.99,7.78
52c61c311129f8dc9cc4f8f1c84b0b2d,1,1b5978db99f7114b364fa0a0123eda05,7e93a43ef30c4f03f38b393420bc753a,2017-10-11 09:14:09,1099.99,21.45
52c78ab2fcf49fd1ce67211ee597483d,1,47142ed1919db60640a061ee6dabb534,1554a68530182680ad5c8b042c3ab563,2017-10-10 12:24:23,29.9,13.37
52c78ab2fcf49fd1ce67211ee597483d,2,47142ed1919db60640a061ee6dabb534,1554a68530182680ad5c8b042c3ab563,2017-10-10 12:24:23,29.9,13.37
52cb69feb3ca641836c8150716a8d2d7,1,bb7181410b4e02f93f3697f765db53c7,855668e0971d4dfd7bef1b6a4133b41b,2017-10-10 02:49:25,109.99,27.21
52de3d5a01b5243a279fa5a6b64ebafe,1,d5991653e037ccb7af6ed7d94246b249,25c5c91f63607446a97b143d2d535d31,2017-10-19 04:27:55,137.9,55.24
53022ba8b7cdb370c2fbabfa7b943df1,1,3efd399c5d016b9e6a5ad3196eade44f,503c1de08ae81a2d86f17951b204db55,2017-11-01 16:14:25,243.0,20.94
5337d26d14027f547caacb7fee230f81,1,02623b0e4e6b951aefb23575de1f3886,ad273c9eb54ecb4532de4bf75bae9e4e,2017-10-13 17:56:13,54.0,26.33
5337d26d14027f547caacb7fee230f81,2,ec2d43cc59763ec91694573b31f1c29a,1c129092bf23f28a5930387c980c0dfc,2017-10-13 17:56:13,45.9,6.2
5337d26d14027f547caacb7fee230f81,3,40a4dfa74a737d541b3c2413edf9cdf6,ad273c9eb54ecb4532de4bf75bae9e4e,2017-10-13 17:56:13,49.0,23.24
5337d26d14027f547caacb7fee230f81,4,ec2d43cc59763ec91694573b31f1c29a,1c129092bf23f28a5930387c980c0dfc,2017-10-13 17:56:13,45.9,6.2
5342639ad4af90638a48134b744df827,1,d9ee0c2943c9663aef6a2bc0411cbc14,cca3071e3e9bb7d12640c9fbe2301306,2017-10-19 21:20:12,107.61,18.0
53544829cdc8e89c9fb03d74ba13a4f7,1,b5e13c9a353102f79c6206ff5cb61a50,a49928bcdf77c55c6d6e05e09a9b4ca5,2017-10-05 19:14:12,79.9,16.81
535981e0e0cb431bfd3a85a4279f03d9,1,aa0d48704d551d1247be98ca06dfa990,d4e12e7884759a14fa0f5f896c791cae,2017-10-19 13:49:24,49.8,14.1
537be38441cb6b55c59979427abe99ef,1,7cee15aa6f33557c7056ba1fee542b79,7aa4334be125fcdd2ba64b3180029f14,2017-10-30 03:14:11,82.99,13.6
538d5b9c472ee5e0f766651adc2e016d,1,6d5172990dbf91301b99da2fc11c9609,b2ba3715d723d245138f291a6fe42594,2017-11-03 14:50:15,39.9,16.6
539fbc059a691c7fa7d239e2d495f60b,1,382db2ed3015c04d4b844d2a0712494c,dc4a0fc896dc34b0d5bfec8438291c80,2017-10-26 23:14:26,95.03,17.92
53bf54ff6a143b00070ba1dd2c571465,1,b188dcf56044f0301917cd129630fd14,1f9ab4708f3056ede07124aad39a2554,2017-10-06 07:43:31,174.9,46.81
53d2e274628757ebe6882d41339d46af,1,08574b074924071f4e201e151b152b4e,001cca7ae9ae17fb1caed9dfb1094831,2017-10-10 19:56:18,99.0,45.99
53de14b6f2880327550fe827416010c8,1,f4f63288f5e6ff5cb8262bdfb626c85a,c8b0e2b0a7095e5d8219575d5e7e1181,2017-11-01 21:06:43,124.99,18.12
53f3f52eca823461e5ee857dd46fb101,1,3225c54bb2785c33f49f50398fcdb88c,4869f7a5dfa277a7dca6462dcf3b52b2,2017-10-19 18:08:12,278.0,16.7
54051e01a81a788d5a87b405a9cde833,1,22c5ddc22ea8cae84fc9917def682dc6,cc419e0650a3c5ba77189a1882b7556a,2017-11-03 09:27:15,56.99,8.72
5418b42df41271111a970b30657f32b1,1,ca38c039b717207dec906f4fa9a21db7,01bcc9d254a0143f0ce9791b960b2a47,2017-10-13 15:35:16,158.7,16.87
541bb2ccd254b84fbaabf01e82324cb0,1,764292b2b0f73f77a0272be03fdd45f3,bd23da7354813347129d751591d1a6e2,2017-10-13 16:26:23,89.9,15.39
5420abaef4ca382f6916df704a0d54b0,1,6ea6babb12521a80daebf65b6d0c864f,751bdc4d83a466c7206cd42e8f426b03,2017-10-06 08:28:16,249.99,18.0
54249baa8f0143c895313b50999164ca,1,cad39e71c0fe2f6ce875040d4ac43a4b,4869f7a5dfa277a7dca6462dcf3b52b2,2017-10-16 17:14:20,318.0,13.73
5427a9679337de4d57c9c59275f5336f,1,09a9117d69aeb6275e4f3187bd2eb45c,537eb890efff034a88679788b647c564,2017-10-25 22:05:43,34.9,16.79
542d82c2299fd92243549f4e402ab62b,1,67682f5c5170c72b398941e2193735a4,406822777a0b9eb5c50e442dd4cd3ec5,2017-11-08 03:15:17,44.9,16.11
542d82c2299fd92243549f4e402ab62b,2,67682f5c5170c72b398941e2193735a4,406822777a0b9eb5c50e442dd4cd3ec5,2017-11-08 03:15:17,44.9,16.11
544789a536e56050d352f95b48062912,1,dca8cbb1c9d8a2db0fbc0c36b8d1a7bc,6560211a19b47992c3666cc44a7e94c0,2017-10-19 13:49:31,89.0,14.37
546217c016be73136e22021e4d63985f,1,a133d679c63597e416572ee64d9d6436,d4a5e99e0dd915df64ba55a7fbd583fd,2017-11-02 23:10:08,27.9,14.1
546925c91dae6410ea5a21172f637370,1,af210e7b5709fdeb3984f93a10da094e,900ba814c251a692506d7834c1218441,2017-10-19 16:49:25,459.08,18.97
54787cae1cb90fdafe197fe2bc300cd0,1,6d426dd1336e5a7d34470ae65bc68abf,180c3376aff0e43dd5788709df48a843,2017-10-19 10:56:17,1380.0,35.8
547e498e91ae72271cccb2278a3b28d7,1,00de7f393d962717eeeb2d7131a40dba,6f892e20a171e98efe17fdb971ff319b,2017-10-20 11:21:18,97.9,15.44
5499acc5807b92e82c4789054f71c37a,1,54aa236e8ff33e6f8bccd2ba26daa29b,6fd52c528dcb38be2eea044946b811f8,2017-10-20 20:07:08,52.82,2.69
5499acc5807b92e82c4789054f71c37a,2,896d1ba1aff2ffd509007edf7de92e98,6fd52c528dcb38be2eea044946b811f8,2017-10-20 20:07:08,105.6,26.86
54abf521e33bacc71760b64de5b06e4d,1,90efe66f56959c0750c866fd59f9f92e,60562ab00b8054280520d390c8c0045c,2017-10-25 08:56:29,165.0,15.91
54c7a05b85b8bfb331d77346f1241e49,1,af0a917aec9cea3b353ece61a8825326,da8622b14eb17ae2831f4ac5b9dab84a,2017-10-26 22:14:25,89.9,13.65
54da7175584d635f528324b1098ac57e,1,a10e0fcb1c409869c3c6da4eb13b7612,855668e0971d4dfd7bef1b6a4133b41b,2017-10-17 01:14:23,50.0,16.6
54e7f1eb822580ef0e389f94a0500f3b,1,56c0a9eb43edf8247a0a2ef0f08af0f5,6fd52c528dcb38be2eea044946b811f8,2017-11-17 18:10:24,129.98,28.98
54e7f1eb822580ef0e389f94a0500f3b,2,56c0a9eb43edf8247a0a2ef0f08af0f5,6fd52c528dcb38be2eea044946b811f8,2017-11-17 18:10:24,129.98,28.98
54e7f1eb822580ef0e389f94a0500f3b,3,30ed2f5bb848bade9d8906ef78dd880a,6fd52c528dcb38be2eea044946b811f8,2017-11-17 18:10:24,105.6,14.49
54fa0e4cca081fc9d0a5c6759cc53adf,1,0a783d7ce18a37749c3a059cf829564b,7e1fb0a3ebfb01ffb3a7dae98bf3238d,2017-10-16 12:49:32,160.0,34.92
550ab3611f668c6d97e8d17e4ae901e2,1,940bcece77e20a1f6a21c1b7d4be75c6,2156f2671501a81034d7d07f217609d0,2017-10-24 03:16:01,72.0,12.0
55534471fcbe2dd1436234e7cfa4de5a,1,c07d367dd7b78b0558e7a3e1e1a975c8,4a3ca9315b744ce9f8e9374361493884,2017-11-03 00:28:17,422.0,30.0
5553543e89ef381e4ff08f6b91b94690,1,78f5f8f4547e4be0449bce34eb0557f2,82e0a475a88cc9595229d8029273f045,2017-10-19 19:34:51,109.78,16.53
5553543e89ef381e4ff08f6b91b94690,2,78f5f8f4547e4be0449bce34eb0557f2,82e0a475a88cc9595229d8029273f045,2017-10-19 19:34:51,109.78,16.53
5553543e89ef381e4ff08f6b91b94690,3,78f5f8f4547e4be0449bce34eb0557f2,82e0a475a88cc9595229d8029273f045,2017-10-19 19:34:51,109.78,16.53
556e899478cd993a24f43d8aa8b3cf17,1,47cd48073d67f91f09cb5ef9496c920b,00ee68308b45bc5e2660cd833c3f81cc,2017-11-07 15:46:36,90.0,17.88
55746788165fdcc86610e34f6096d321,1,51fe26bc4bb0f89f07096d8c96b35476,e5a3438891c0bfdb9394643f95273d8e,2017-10-18 00:52:50,27.3,15.1
557de3912df820904b9204e0d1879256,1,c075b8e131353552218860f1c421e4ef,f80edd2c5aaa505cc4b0a3b219abf4b8,2017-10-30 13:07:20,58.9,24.96
557eb42ce0b29c86666b04ec9496ea59,1,7ae8d9b8eca8a6daf066e53ddc7034d3,128639473a139ac0f3e5f5ade55873a5,2017-10-27 20:14:18,18.9,15.1
5595480d373b37e5738fc085dd9bcb8e,1,0a783d7ce18a37749c3a059cf829564b,7e1fb0a3ebfb01ffb3a7dae98bf3238d,2017-10-17 04:35:27,160.0,26.4
559609410c90dc1792181a5f260a6600,1,ee406bf28024d97771c4b1e8b7e8e219,7a67c85e85bb2ce8582c35f2203ad736,2017-10-19 04:27:44,149.99,14.07
5599a0eebfc7ecac5cffa25fe2d57e47,1,60a3aec19dc1a866e9cf6a6b4430916d,4a3ca9315b744ce9f8e9374361493884,2017-11-07 11:06:18,84.0,13.61
559d83199eaa46854cd06da9ce8961fa,1,2028bf1b01cafb2d2b1901fca4083222,cc419e0650a3c5ba77189a1882b7556a,2017-10-24 03:35:08,56.99,8.72
55a9c84ae1f73c6a9d0bbcbf5da26e2c,1,6a1a04054158fe995e1688d8f79605b2,9616352088dcf83a7c06637f4ebf1c80,2017-10-17 21:56:26,59.9,16.18
55af3f02d418fbfae46c0e04bffe4676,1,34dabb8af33b3756cf72df05fb327011,0db783cfcd3b73998abc6e10e59a102f,2017-10-13 02:28:14,99.0,12.19
55c0b6b41ce482c3f77407ef43fc6bad,1,88bd8458fdc2ceec3e71ef1d867a7b45,92eb0f42c21942b6552362b9b114707d,2017-10-24 03:15:32,18.3,7.78
55c5ffea3ddcde9c94cf5218e02be4cc,1,8e6dfa2ec54784c9cc3b54dbfc03cf28,1835b56ce799e6a4dc4eddc053f04066,2017-11-07 10:07:14,76.8,15.79
55c5ffea3ddcde9c94cf5218e02be4cc,2,b9ec59c34a1b048fa9c2bbe3296a7842,1835b56ce799e6a4dc4eddc053f04066,2017-11-07 10:07:14,75.99,15.79
55ccd4969754c36c0e5d45ce55594aa4,1,0bb1142b8037490f29e8f322ad5b538c,2709af9587499e95e803a6498a5a56e9,2017-10-26 20:14:27,22.0,11.73
55e2d723733c45033e71cb4d44690234,1,38d3d8beb882d46c0ecbd12cf224753f,9dda5bbacd45e18d6485fee649205d09,2017-10-19 04:46:30,69.9,19.73
55ea42c21b83d2496cbaea27a33ca8d4,1,6c222e25e3d3c28a643590b836585b4e,b9c0ffa92f3ff9a5a3d45ef7213c0842,2017-10-26 22:26:16,180.0,21.75
55f2d8cb4b644ca9cc2da77732fd1117,1,c43ab4269cbf91b373263db4c2973cad,48436dade18ac8b2bce089ec2a041202,2017-10-19 14:14:18,49.4,9.94
55ff9b1565b988a5125bc8f70a9df367,1,22c5ddc22ea8cae84fc9917def682dc6,cc419e0650a3c5ba77189a1882b7556a,2017-10-31 13:28:06,56.99,8.72
56030114e560e8093abc06e38626e871,1,da9278e44c4ae00f02a965792a392ea3,054694fa03fe82cec4b7551487331d74,2017-10-27 20:56:36,497.0,28.32
561d2ce55a3b6c040a6ba77fa5428056,1,b11308cde5c2dc1c7f2f947c62409e76,4e17c65a516f69d023a2ae78b84f28d6,2017-11-07 05:07:59,75.9,14.28
562e2ed068c6e2de3e56da6209337375,1,d1c427060a0f73f6b889a5c7c61f2ac4,a1043bafd471dff536d0c462352beb48,2017-10-25 03:12:44,189.99,45.41
565764e1a977efdce1789541c08aef07,1,9834262f81613c7215955ac3b7081919,7040e82f899a04d1b434b795a43b4617,2017-10-09 13:28:15,39.9,17.63
5662e7f8bbc6abe55e104ac06994a731,1,3ddc568a05383c2f24b4d47d1b41f819,6d22a1fcebb6dd08c9cd90b92a93e8d0,2017-10-06 12:07:21,40.9,16.79
5667755369e8d8198dc1ecabb443abf0,1,6cdd53843498f92890544667809f1595,ccc4bbb5f32a6ab2b7066a4130f114e3,2017-10-31 21:05:31,349.9,31.98
566d1e57b2fc70ca4a32dadbd0bbd0a1,1,31c1d1dfbb4b2730140b8bd9248bcd58,da8622b14eb17ae2831f4ac5b9dab84a,2017-10-13 15:42:17,24.9,15.1
569fce9b205731d6e0c9f31e9cabd8f5,1,2fa5da96109ea94cc9fb50cc589ed65e,86ccac0b835037332a596a33b6949ee1,2017-10-25 03:40:44,129.9,25.75
56b3437c01d796a7b06aa2b4fefa1008,1,63d6e7ab30f482382c9dfbbccae7da54,b2a6d334e2833acea353624840e25a0e,2017-10-27 12:35:25,68.7,22.8
56beb5fd73b90e8bc46a9d551c30340f,1,9190ce23001d7618017faae67788ea09,cfb1a033743668a192316f3c6d1d2671,2017-10-25 10:46:03,79.9,36.91
56ddb62cd43497b05a7deb575d7547d7,1,389d119b48cf3043d311335e499d9c6b,1f50f920176fa81dab994f9023523100,2017-10-26 14:49:23,59.9,17.67
56e46f9fbf0e165946433a74fc1fe7c8,1,c039bfc3873f620fa1dea96f79530522,272f092de69afedd4d2969440b37f18f,2017-10-19 04:28:11,28.99,7.78
56ecd129e9283080044e40f77065b350,1,c7f8c040002615c99a0aa2ddec4c41e6,4371b634e0efc0e22b09b52907d9d469,2017-10-19 04:46:18,72.0,14.25
56fcad23d524d139c18ce601575e06db,1,b01d34f6d2545269d348181768eca049,6560211a19b47992c3666cc44a7e94c0,2017-10-11 14:50:22,55.0,7.78
56ff65d43900d5ae69573bbf9369c417,1,2136c70bbe723d338fab53da3c03e6dc,6560211a19b47992c3666cc44a7e94c0,2017-11-06 18:33:04,29.0,14.1
56ff65d43900d5ae69573bbf9369c417,2,1600dcf1cea8c0c83702e07b577ab231,6560211a19b47992c3666cc44a7e94c0,2017-11-06 18:33:04,44.0,14.1
5705f0ab5240ded54a1da959e74813c3,1,111d0b1e69f349615615113cf6b275fa,6d66611d7c44cc30ce351abc49a68421,2017-10-23 16:56:28,25.9,15.11
570b8c11496979f54bf5bb027e86fcd2,1,62ad9a8972411e333e16347051a98e2a,128639473a139ac0f3e5f5ade55873a5,2017-10-24 02:57:44,28.9,25.63
5711d8a02451fd508dc8911ee1fb4ac9,1,59bcfc096cb9fa35b5c5294582c78486,5ab05b6d86d417796c69ffd6774ec832,2017-11-08 16:55:24,199.0,18.1
57274b4596c5c76c54168e88dbcf922f,1,c0db539123a403f670c50237d970b215,f7720c4fa8e3aba4546301ab80ea1f1b,2017-10-06 10:49:19,29.8,16.11
574e7fa647bceaebe16109cf9380cb2b,1,28e2aedad93288312a4929b8dd91ec73,f680f85bee2d253556ac91be391d2c82,2017-10-10 15:28:09,49.99,11.73
575c5e709dbf9b5b4672e38d7972e728,1,30469bb5ea377eae7121981e2f0778e4,80e6699fe29150b372a0c8a1ebf7dcc8,2017-10-17 14:50:32,113.0,21.84
576e5a5f6d1ed0b333acc88bee3b8c25,1,908c23dd2b637d8ff1a4e593a5b249ee,897060da8b9a21f655304d50fd935913,2017-10-30 15:28:12,39.58,11.85
5798e78e71a22ca63000082377a15073,1,0aabfb375647d9738ad0f7b4ea3653b1,37515688008a7a40ac93e3b2e4ab203f,2017-10-10 10:14:23,19.9,11.85
57a82955454fb2a9a18633d841ac480d,1,8db7c6497625f4f17d770bd01912cbe8,7a67c85e85bb2ce8582c35f2203ad736,2017-10-19 11:56:23,12.99,9.34
57cc72d3e635bf57199d76328279b875,1,332f784cac57e18f1194e8156ad5bd9d,fb89df7f89fd1b8f03fa2acca1ba7364,2017-10-17 21:35:23,214.5,21.99
57da72fe3874a5e5770131fc98e0b309,1,57e089e3103f5cda6a4ce23b77399bdb,aafe36600ce604f205b86b5084d3d767,2017-10-26 17:26:00,59.9,13.57
57eede1060c3e289d5be82560b4874b7,1,586328f570ac0b651d452f1227db4d1c,522620dcb18a6b31cd7bdf73665113a9,2017-11-06 11:48:28,79.0,16.99
57f6d3bb73ed5867cdf53c4acff3f994,1,8c591ab0ca519558779df02023177f44,a1043bafd471dff536d0c462352beb48,2017-10-06 09:07:12,99.0,49.71
57fe0a3ea5f2eab0a68f2f9fac4e10bd,1,5e53af05c040b01584b81b3549945faf,c8467937e403e76a8ee9f0ab13f6f5ef,2017-10-17 04:49:35,29.9,14.08
5808d10c07526976aa6125ada6f73fc0,1,e8b2fecb5049dcecf8c1ff4cfdb03c61,18a349e75d307f4b4cc646a691ed4216,2017-10-27 03:09:20,29.35,16.11
581c795a0fba4d5e258484943a5ab0fb,1,e3dd336775af78a83fc27ed85f0f15da,edb1ef5e36e0c8cd84eb3c9b003e486d,2017-10-09 14:56:16,395.0,17.52
581e5298655b47d098b024c86e9239e3,1,71acaef19d5812b0a4d90b82a7b52ff8,21e83881401b92b49fb09a16d3852291,2017-10-16 16:49:44,399.9,63.54
5834f9328e03de05af52d90c525b9606,1,515b41ca147ad5a57a9b952fb2d3b775,76d5af76d0271110f9af36c92573f765,2017-10-19 20:35:13,44.1,16.11
5834f9328e03de05af52d90c525b9606,2,515b41ca147ad5a57a9b952fb2d3b775,76d5af76d0271110f9af36c92573f765,2017-10-19 20:35:13,44.1,16.11
583daa63abcdc20ed6eab2e6a99e44a2,1,04a67e69edfb208f784da30294f69c5b,218d46b86c1881d022bce9c68a7d4b15,2017-10-31 19:28:17,182.0,18.52
58654344ef4d9b4aefb2ee36618d9751,1,5115d8cd6438c0c4d8abdf38d5d41ebd,6560211a19b47992c3666cc44a7e94c0,2017-10-17 12:07:48,69.0,15.16
58654344ef4d9b4aefb2ee36618d9751,2,77fa3381855b6763c52ca3b72824f508,6560211a19b47992c3666cc44a7e94c0,2017-10-17 12:07:48,49.0,15.16
58729d1779fe85020c40886d6bb99fa4,1,7931ea69470092f7eb4a395d6360c0fe,ac3508719a1d8f5b7614b798f70af136,2017-10-26 18:56:19,120.9,17.1
588744e58324f97535572e7444a87001,1,2028bf1b01cafb2d2b1901fca4083222,cc419e0650a3c5ba77189a1882b7556a,2017-10-23 23:11:03,56.99,8.72
58a905d84e652e79a19de830f2209bd3,1,86c43103446290e7efacad3701cd654d,6560211a19b47992c3666cc44a7e94c0,2017-11-06 11:10:05,35.0,14.1
58a905d84e652e79a19de830f2209bd3,2,2d27434c710806b971a721da337a112a,6560211a19b47992c3666cc44a7e94c0,2017-11-06 11:10:05,39.0,14.1
58ab05a43a2649047ae3906759cea594,1,1a41f6016e828ff1d37f2ecc2f2a0dfd,d1b65fc7debc3361ea86b5f14c68d2e2,2017-10-17 08:12:04,289.9,28.58
58d90a8e6350bfd47d94056f4e47d190,1,ee1bcbbf391346d60af2af0fb84ed1c6,0afccdb8a34ee5c79f7c06faf2b4d56e,2017-10-25 12:49:34,39.9,16.79
58e49d5a213ab0b61bf261ddf8332f5a,1,aa280035c50ba62c746480a59045eec4,fa40cc5b934574b62717c68f3d678b6d,2017-10-12 21:24:41,39.9,7.78
5907e533018f059b3a3c50af1855e2dd,1,31c1d1dfbb4b2730140b8bd9248bcd58,da8622b14eb17ae2831f4ac5b9dab84a,2017-10-23 03:49:36,24.9,11.85
594d743c86778bb2e583167a751f3daa,1,ef6fb97da4e206dd38306ba55b9d5cbe,46dc3b2cc0980fb8ec44634e21d2718e,2017-10-06 17:28:23,149.99,14.8
594d9204df0349e9b6ddaeeecc1f0748,1,2b4609f8948be18874494203496bc318,cc419e0650a3c5ba77189a1882b7556a,2017-10-24 20:14:15,89.99,15.39
596428e20f127315255e853fb6f851fe,1,1612209b0b37fbe80e1e8e1b7d19ca1d,87142160b41353c4e5fca2360caf6f92,2017-10-10 03:49:27,99.0,17.94
59697a047029d320ad8cd20be053f39d,1,c35498fbb4358837ae16850f50c3fd22,70a12e78e608ac31179aea7f8422044b,2017-10-17 13:14:30,76.0,15.28
598788f17f3dca25dc5a133e532c4281,1,44f0d2f26b22303cf2c673c696402f47,8a32e327fe2c1b3511609d81aaf9f042,2017-11-05 22:26:13,59.99,17.67
59880d8439b6a1a697727592bdab4b96,1,a10e0fcb1c409869c3c6da4eb13b7612,855668e0971d4dfd7bef1b6a4133b41b,2017-10-24 11:06:31,50.0,18.59
599f88486aefa57adef7d260eb589778,1,90a57d62c9b9f884fae33a10dff953b4,38e6dada03429a47197d5d584d793b41,2017-10-13 16:49:35,15.36,14.1
59a19c83ff825948739dd1601cc107b6,1,eb38a7604070a2b8465101ed53cba72b,e6a69c4a27dfdd98ffe5aa757ad744bc,2017-10-10 16:24:26,14.78,15.1
59a9185f4ae4b284bf06962763f4317d,1,c201a862c6018d402222594d5229c613,c8b0e2b0a7095e5d8219575d5e7e1181,2017-10-10 09:07:24,117.99,18.08
59de68e3ef040153cc9ea7978eaec149,1,f731f8587d4088c174397e010cf892a9,cc419e0650a3c5ba77189a1882b7556a,2017-10-24 00:35:20,56.99,8.72
59f0c755f151fc512bfc8a38e3b192ba,1,d285360f29ac7fd97640bf0baef03de0,7e93a43ef30c4f03f38b393420bc753a,2017-10-13 12:14:22,349.99,16.2
59f6f39258d9b1c7e60848000b3af9ea,1,eb7172d8a3c64298d2d767f6603c231e,725c32fa80c2faacc4fc88450d27314e,2017-10-16 12:28:16,44.95,14.1
59fb9bc4a2f049228ee64f5073bc9165,1,93201ae32ea7725876739ba9f0d2c851,c8467937e403e76a8ee9f0ab13f6f5ef,2017-10-18 09:49:37,199.9,29.8
5a04c1749a15cae43d54621e2f1bc596,1,fe6a9515d655fa7936b8a7c841039f34,dc317f341ab0e22f39acbd9dbf9b4a1f,2017-11-01 03:08:58,249.9,83.61
5a07e91ff0df440fc9e39922aa973b9d,1,2e8eb076261eb842a7e1bdf64e1facda,7142540dd4c91e2237acb7e911c4eba2,2017-11-06 22:14:19,84.9,17.84
5a07e91ff0df440fc9e39922aa973b9d,2,a07713fa6def350398642fcb700db2f9,7142540dd4c91e2237acb7e911c4eba2,2017-11-06 22:14:19,84.9,17.84
5a0e61bf3bfdda7dd3ac0aae7dfb86ec,1,165f86fe8b799a708a20ee4ba125c289,7ddcbb64b5bc1ef36ca8c151f6ec77df,2017-11-08 03:15:25,146.99,13.58
5a169456a6ecf7c4cbd88cdf18c23c83,1,9c5568dc227ccef3089ef6c37082a464,cd68562d3f44870c08922d380acae552,2017-10-19 13:13:22,159.0,12.61
5a2659fdf85dadabc979ad8b8c0d6ce2,1,0e687d00ba3214b4aca6397a14d49373,4917cee8d902e13428c3ec4b1ca6f315,2017-11-13 15:29:14,159.0,27.43
5a2de8e8fb6ea695b64d70e0adf68c45,1,eecc2c78b528d8073b4f1c4bddf92aae,897060da8b9a21f655304d50fd935913,2017-10-13 19:35:17,29.9,12.69
5a2de8e8fb6ea695b64d70e0adf68c45,2,eecc2c78b528d8073b4f1c4bddf92aae,897060da8b9a21f655304d50fd935913,2017-10-13 19:35:17,29.9,12.69
5a2de8e8fb6ea695b64d70e0adf68c45,3,eecc2c78b528d8073b4f1c4bddf92aae,897060da8b9a21f655304d50fd935913,2017-10-13 19:35:17,29.9,12.69
5a2de8e8fb6ea695b64d70e0adf68c45,4,eecc2c78b528d8073b4f1c4bddf92aae,897060da8b9a21f655304d50fd935913,2017-10-13 19:35:17,29.9,12.69
5a328406a89e62a595591f1a4cdeaa91,1,6c3effec7c8ddba466d4f03f982c7aa3,37515688008a7a40ac93e3b2e4ab203f,2017-10-26 02:49:10,19.9,11.85
5a3b1c29a49756e75f1ef513383c0c12,1,99444c1e11fc38755dae86f5c67d3d1a,d2374cbcbb3ca4ab1086534108cc3ab7,2017-10-24 13:06:21,49.99,7.1
5a3b1c29a49756e75f1ef513383c0c12,2,17d8b8e9c21ec0fc5b33724e32fe422e,d2374cbcbb3ca4ab1086534108cc3ab7,2017-10-24 13:06:21,58.9,2.66
5a3b1c29a49756e75f1ef513383c0c12,3,399f54c06661d06ca45c6e24ed238e0e,d2374cbcbb3ca4ab1086534108cc3ab7,2017-10-24 13:06:21,61.9,11.98
5a3b1c29a49756e75f1ef513383c0c12,4,6a0713a63e990052795623e76cc2995e,d2374cbcbb3ca4ab1086534108cc3ab7,2017-10-24 13:06:21,72.9,2.66
5a3b1c29a49756e75f1ef513383c0c12,5,99444c1e11fc38755dae86f5c67d3d1a,d2374cbcbb3ca4ab1086534108cc3ab7,2017-10-24 13:06:21,49.99,7.1
5a3b1c29a49756e75f1ef513383c0c12,6,399f54c06661d06ca45c6e24ed238e0e,d2374cbcbb3ca4ab1086534108cc3ab7,2017-10-24 13:06:21,61.9,11.98
5a3b1c29a49756e75f1ef513383c0c12,7,d25bbb182b51d1594fe3b54a27ae143e,cfb1a033743668a192316f3c6d1d2671,2017-10-24 13:06:21,69.9,33.72
5a3b1c29a49756e75f1ef513383c0c12,8,e95fb3a80ca294f39de925b6428f3a32,d2374cbcbb3ca4ab1086534108cc3ab7,2017-10-24 13:06:21,78.9,7.98
5a3b1c29a49756e75f1ef513383c0c12,9,e95fb3a80ca294f39de925b6428f3a32,d2374cbcbb3ca4ab1086534108cc3ab7,2017-10-24 13:06:21,78.9,7.98
5a3b1c29a49756e75f1ef513383c0c12,10,d25bbb182b51d1594fe3b54a27ae143e,cfb1a033743668a192316f3c6d1d2671,2017-10-24 13:06:21,69.9,33.72
5a3b1c29a49756e75f1ef513383c0c12,11,399f54c06661d06ca45c6e24ed238e0e,d2374cbcbb3ca4ab1086534108cc3ab7,2017-10-24 13:06:21,61.9,11.98
5a3b92a2c03f3b83b187d713f47ebe8e,1,dd1d87b703e4d762b3ecbb5146295361,c990d6cf976a5718aaedc539f383ab88,2017-10-13 02:14:36,19.9,7.78
5a43a71d1ddc76ba951f292c1b4c66c2,1,2b4609f8948be18874494203496bc318,cc419e0650a3c5ba77189a1882b7556a,2017-11-07 10:55:24,89.99,15.39
5a44c448d2ec7d62bb57cf35e6154e20,1,a2d0bc51c6731d860c169cc9f18b2b7a,4b9750c8ad28220fe6702d4ecb7c898f,2017-10-24 13:49:28,41.9,13.37
5a7b5740e46471f028be84f6424ca854,1,33bdebc0eb4a1862d1c9a9c4dc9d3010,70eea00b476a314817cefde4aad4f89a,2017-11-03 03:06:37,220.0,17.17
5a85e924259fbcb51878c4fd7182b252,1,a8c6827a8a59c4b3bd37a9761715f3d8,70eea00b476a314817cefde4aad4f89a,2017-10-13 19:28:31,340.0,23.22
5a872b37ac143343156a0dc43f1a19fc,1,a5f1e2bdbdb0cd9e44001c416fc3162e,e48b04bf1aa1ef711caebeb7aede6180,2017-10-18 04:14:11,69.9,19.73
5a896322e3b42b9993f240317102cb0a,1,69428fb5c0da1fac708bdb33868b42d8,c3cfdc648177fdbbbb35635a37472c53,2017-11-06 17:14:34,430.0,23.85
5a902cc5a20f8cd076f116d16d5aef9d,1,d6160fb7873f184099d9bc95e30376af,53243585a1d6dc2643021fd1853d8905,2017-10-09 20:25:04,1599.99,53.61
5a962ab275ff0511438ef6b791d5d31b,1,3fadfe202fc3ad333cdd51870f1ddb03,725af026f869236a8dd0ceb98564d156,2017-11-09 11:35:18,220.33,26.38
5a9a47ffffcb78789debc0271980c57a,1,0cf13ac73dbcf6586ba63b89dd1f780a,b14db04aa7881970e83ffa9426897925,2017-11-07 03:55:17,55.0,16.15
5ab3ac23bb4fcf50895b04971819b545,1,7bcf2266b78ccc737b8f26f925d3c5d4,1464afc72f696af775557a821c2e253f,2017-10-13 02:14:21,42.9,15.1
5ab6412ef2b60684cba4139fe9eff658,1,780d24bfcf24b143f013354507158385,e9d99831abad74458942f21e16f33f92,2017-10-06 19:05:25,44.99,15.11
5ab71d2f8c1457987d8674d6f6090483,1,83e68070fbf16ac859fc13285a5ba9ba,ef506c96320abeedfb894c34db06f478,2017-10-18 04:28:28,35.99,14.1
5aca40f90bd2bb6a441b083a2e215d50,1,8d441ed10f519b5a689d263b009ebf85,3d871de0142ce09b7081e2b9d1733cb1,2017-10-13 09:14:19,19.9,16.11
5ad82a9fb12ff34f8883ccfaddf3da4f,1,17ad136b7421ea8690fded631b651158,6560211a19b47992c3666cc44a7e94c0,2017-11-03 03:06:36,55.0,7.78
5ad82a9fb12ff34f8883ccfaddf3da4f,2,17ad136b7421ea8690fded631b651158,6560211a19b47992c3666cc44a7e94c0,2017-11-03 03:06:36,55.0,7.78
5af2c148f1516ec3a6480292f74363f2,1,21fecd254a3103704126b28478ea7980,001cca7ae9ae17fb1caed9dfb1094831,2017-11-02 23:26:33,119.0,35.2
5af80546b286dc85189a2fddf63733a8,1,5bfc7506459ae2a7b4b573fe557a58e1,4a3ca9315b744ce9f8e9374361493884,2017-10-19 01:28:26,69.9,12.83
5b02e3190400ea2755927d0ee0647d73,1,7605fbdad270936646b0ce6c3427b295,af4a0e4cfe1d9c26b6712b1be25a72e5,2017-10-18 22:07:17,234.91,16.53
5b02e3190400ea2755927d0ee0647d73,2,47de5f36ace720b578ca1b30d0b45b8d,af4a0e4cfe1d9c26b6712b1be25a72e5,2017-10-18 22:07:17,248.91,18.37
5b0cb832563a9fc75605f9edea8fba22,1,fe01b643060a6446e59f58e3021e66b3,2dee2ce60de9709b1a24083217181a1f,2017-10-19 00:25:41,143.0,38.55
5b163ebdd5ac559f04d06af2069e23d3,1,d41a23bd2bc3ec10cfffc66c0611a290,391fc6631aebcf3004804e51b40bcf1e,2017-10-31 18:26:01,31.9,16.11
5b18b03607394168a3dd744501c2dd00,1,1a300f482e35d7eac74b229be067aefd,e9d99831abad74458942f21e16f33f92,2017-10-18 22:35:11,19.99,15.1
5b18e0708f150becd4334b9e3d79fbd4,1,9d9734db712d5ab6c3ff4c33700eb34c,7c67e1448b00f6e969d365cea6b010ab,2017-11-06 06:36:55,114.99,28.16
5b19559d742224610c730e73362fd0e4,1,dd6a505f83dd3c6326aa9856519e0978,fa40cc5b934574b62717c68f3d678b6d,2017-10-13 02:45:11,49.9,7.78
5b26d9049a86fab0a83280e17de710ee,1,810cb3c5af006624fa32d362077af85f,373ee4a3a775a733770ca3f790b8b9ac,2017-10-20 10:49:27,49.0,18.59
5b4bb0879cfe7c5a182da9ee3783811c,1,57f2de7e1c6028c7d38a50cff155c794,9616352088dcf83a7c06637f4ebf1c80,2017-10-10 18:07:26,39.0,16.11
5b4bb46d2cabe7e960a2b8bf70af105a,1,154e7e31ebfa092203795c972e5804a6,cc419e0650a3c5ba77189a1882b7556a,2017-10-27 16:45:38,23.99,7.78
5b567e97fb4f455c9305e7890ffc45a1,1,7340a3839a1de1e99d149b8cf052a2ec,4a3ca9315b744ce9f8e9374361493884,2017-10-26 17:35:26,69.9,16.25
5b57e9de57b0d980b9a9049aeacc5955,1,382132cf96c88a277a65226833af5f61,b2ba3715d723d245138f291a6fe42594,2017-11-08 03:31:16,49.9,11.85
5b738ce26271347810fcc1f0b853fdb5,1,a9a7a63a3f3c6ddc6aba7b37fa85caf4,534a01cc6df1e034e05c32028a291fa2,2017-10-25 02:18:26,48.9,15.1
5ba1e204119e95eb1b943b861e788a7a,1,2b4609f8948be18874494203496bc318,cc419e0650a3c5ba77189a1882b7556a,2017-10-31 13:14:24,89.99,15.39
5bcc0d98a5287486bbe51150e6ed90f9,1,b48ac8fbef9f889656ccef21bd7ca87b,da8622b14eb17ae2831f4ac5b9dab84a,2017-10-30 19:49:38,179.9,17.97
5bd09c25c13fd88f4f9928d25cba13e3,1,461f43be3bdf8844e65b62d9ac2c7a5a,4869f7a5dfa277a7dca6462dcf3b52b2,2017-10-17 03:24:56,159.9,12.62
5bd9862e9eb167d733096279f6b353ed,1,869c418f22e0c0ed9207ff691f279e46,e63e8bfa530fb16910dd6956e592bb81,2017-10-09 08:14:15,32.9,17.63
5bdb0867cd3ddd505f79a2fc7b2d315d,1,bb3ba3a4e6d7471b6754e8e3f13f1464,ac3508719a1d8f5b7614b798f70af136,2017-10-05 22:56:45,89.9,47.16
5bdb1effd4c3c8074b27522b4f0f7af2,1,61bb78313bc87f6637f26b39d8008ea7,cd68562d3f44870c08922d380acae552,2017-11-07 13:31:27,76.0,25.81
5be3afe5bff7f589f89e10c9d3951b3d,1,389d119b48cf3043d311335e499d9c6b,1f50f920176fa81dab994f9023523100,2017-10-19 08:14:14,59.9,13.44
5c046e4039e459e61961dce13fdf1d7b,1,97462c7ce5f69a26ace2c3c5da81a86b,f8db351d8c4c4c22c6835c19a46f01b0,2017-10-25 12:35:17,118.9,15.58
5c23f0b32904be1b015b14086f097dfd,1,e0e83e0b538dc1d9a1c6568d3a94034a,4d6d651bd7684af3fffabd5f08d12e5a,2017-10-11 13:07:25,69.9,20.98
5c31daa6b8fe52296b49b6776c8d2749,1,dd6701abf8ccf81f932abdb773d15b15,784ba75dd9d20200c4caed3d7a77141a,2017-11-06 03:05:51,9.99,9.34
5c347356bed376c15129f3ab48c5dcdb,1,154e7e31ebfa092203795c972e5804a6,cc419e0650a3c5ba77189a1882b7556a,2017-10-18 15:35:20,23.99,7.78
5c3a8f58f95a93d61a60220d61ea851a,1,6c96a2727d7c8e30804367b7341c7b9c,c3867b4666c7d76867627c2f7fb22e21,2017-10-10 02:56:29,89.0,12.12
5c3d25dae7f74c1b5578883338afdd5e,1,8e4359ade56e8a653deb63400dcd994c,ac3508719a1d8f5b7614b798f70af136,2017-10-18 18:55:11,69.9,17.06
5c54271ee917cae6f59c5609f8baa986,1,7814c273ab16783d73a9863ebfa8b141,1025f0e2d44d7041d6cf58b6550e0bfa,2017-10-31 23:25:39,250.0,50.49
5c63162ff15f6e39ca02c3dbc82ecf65,1,5a419dbf24a8c9718fe522b81c69f61a,3504c0cb71d7fa48d967e0e4c94d59d9,2017-10-18 23:45:31,48.9,11.73
5c6f08e3231f7cff6e6853e225cb7eef,1,bea6df30df5a4d9e7edb50d44857dd54,850f4f8af5ea87287ac68de36e29107f,2017-10-20 12:35:01,789.0,22.77
5c73abbb11b2fecca387746f9bee479c,1,0ab20af8197d84bc8831765be67b4cc6,5dceca129747e92ff8ef7a997dc4f8ca,2017-10-26 13:56:13,388.0,23.21
5c758925752d0e3f0c7b35f5f0571bf9,1,401b5632c06c51319df083f1245a96ca,5656537e588803a555b8eb41f07a944b,2017-10-18 21:10:47,76.89,15.98
5c7fb4191236c0b1404e9e97af9691c9,1,9d8a0e115e802d845b4ce1eb794d1260,d05ae8f7a5bd1d2a690a44cd079e4e27,2017-10-17 18:35:55,120.0,8.26
5c8d479eeb47c38de98d8ab2d956e04d,1,0aabfb375647d9738ad0f7b4ea3653b1,37515688008a7a40ac93e3b2e4ab203f,2017-10-18 13:35:11,19.9,11.85
5c9a09fd2021bf429b060aa68282c87a,1,9616caad30917a469d87d2f95cd603cb,9c0e69c7bf2619675bbadf47b43f655a,2017-10-13 02:28:31,170.0,27.73
5ca272bd8784e32d2442848efe0f8c87,1,1fe7c14d5b10473294330ae485559ea1,2e3be8a987a30d7544dbbda6861cc14e,2017-10-18 00:14:51,59.99,14.17
5ca57aaa41a5c6f09fb5e21506809d3b,1,43423cdffde7fda63d0414ed38c11a73,b1fc4f64df5a0e8b6913ab38803c57a9,2017-10-23 00:07:27,55.0,21.19
5cc643c866ee7077eea087b9a7bb60ac,1,d011223de539cd224b5c5c8082313d46,1025f0e2d44d7041d6cf58b6550e0bfa,2017-11-06 20:45:11,276.0,18.18
5cc9158bdd66e341bc4085933657d306,1,c15d29dd019b316a74a82f67c69e2865,44073f8b7e41514de3b7815dd0237f4f,2017-10-24 01:10:55,19.6,15.1
5cd0bfe5f8c93fa85da717bcf8987fc5,1,28a652ff04e43c1bc57937a9f8770f9b,3d871de0142ce09b7081e2b9d1733cb1,2017-10-05 14:35:15,99.0,17.94
5cf5c176bf686e84240099820ce175ac,1,fe6a9515d655fa7936b8a7c841039f34,dc317f341ab0e22f39acbd9dbf9b4a1f,2017-10-18 13:49:14,249.9,60.3
5cf7c6f44cabbd8c1c348873022e395d,1,475e8a9ddbebf13af503d1c7eccadb1a,f8db351d8c4c4c22c6835c19a46f01b0,2017-10-11 19:49:16,129.9,48.35
5cfd514482e22bc992e7693f0e3e8df7,1,38faaf77a4cd4dfb50ea8512e66285b0,7e93a43ef30c4f03f38b393420bc753a,2017-10-19 19:06:56,689.99,20.59
5d025adca7f94a2bdfd06c914a9bc601,1,1c63d0a4d75df524d4605a43285925d7,45d33f715e24d15a6ccf5c17b3a23e3c,2017-10-18 04:20:13,51.87,9.94
5d0b508f52e300518b26bdf4807a29a6,1,1b8ee158f59c098470fad33f39660964,1554a68530182680ad5c8b042c3ab563,2017-10-10 16:46:00,139.9,72.83
5d31808356c1ecbf7eeadc61144a098c,1,0364c36f8e845e4d309c0a3accc04b1c,7c67e1448b00f6e969d365cea6b010ab,2017-10-30 03:27:23,196.99,31.68
5d333a08c9bce16bf18ed14c4469c1ce,1,f25bbb88c1a219c21b1af6b99895b960,aaed1309374718fdd995ee4c58c9dfcd,2017-10-09 23:07:12,65.9,13.61
5d384e0ab579db9d8e3e60baa0637f91,1,ead72457c58dcea14f94c2223c684716,4305fe92735c8a43d154ff6dd2b8d927,2017-10-26 02:49:39,139.9,17.42
5d3e1dc4bcf34ae3292fdd4dfb5c65a9,1,49454c6dad93119e2815c43df82b2f57,7d76b645482be4a332374e8223836592,2017-11-03 21:10:14,12.9,15.1
5d6a226e826a98e31be8fa150a5a6952,1,39295d6c2311ab7091b5fc95bb51bbe7,15aac934c58d886785ac1b17953ea898,2017-10-25 20:14:16,161.0,23.45
5d7f0dc1e401127edfe8b79e174a52c8,1,2f4a64fe9c6430a9626b4745227cd0e8,0bae85eb84b9fb3bd773911e89288d54,2017-10-19 11:28:15,51.8,16.12
5d9e2e83cfb9ded5dec80767e1d2226f,1,165f86fe8b799a708a20ee4ba125c289,7ddcbb64b5bc1ef36ca8c151f6ec77df,2017-11-03 15:10:18,146.99,16.66
5df3e4bdf3b11255c6c73bd401826bae,1,9a2659459e90b81f2894abe1c615597e,0c7533c71df861ec58ad7ff999ed0e8d,2017-10-09 13:07:24,5.9,15.1
5df3e4bdf3b11255c6c73bd401826bae,2,9a2659459e90b81f2894abe1c615597e,0c7533c71df861ec58ad7ff999ed0e8d,2017-10-09 13:07:24,5.9,15.1
5e01885b1098b78c3631fe7653e3ae58,1,b756577e274d3a4793fc27209d7072db,11bfa66332777660bd0640ee84d47006,2017-11-07 09:15:15,10.99,15.1
5e4c3ad24632f5a0a597858f3d008967,1,dbf66e3a8f833012d2da362c443111af,888faa8bfb0b159c37de6d898b961c31,2017-10-20 10:28:23,48.99,16.11
5e4ef21263c26f393f06c68bb2ac73c0,1,9df634af5c467f3b07f3d92f7765aa64,8bd0f31cf0a614c658f6763bd02dea69,2017-10-25 03:14:00,82.0,11.78
5e53b775597f422cfe12f743bb0b59ba,1,17823ffd2de8234f0e885a71109613a4,46dc3b2cc0980fb8ec44634e21d2718e,2017-10-19 13:13:19,279.99,39.1
5e5530068f0392de72f1683629e5e8db,1,99a4788cb24856965c36a24e339b6058,4a3ca9315b744ce9f8e9374361493884,2017-10-25 22:56:09,89.9,14.96
5e5530068f0392de72f1683629e5e8db,2,35afc973633aaeb6b877ff57b2793310,4a3ca9315b744ce9f8e9374361493884,2017-10-25 22:56:09,89.9,14.95
5e5e74b102f501b1f57aa7ee1a7b84de,1,36b5bbad82f37ff2276398395227af7d,27a56ff04b34c2ba34ce6ba4d3b9d616,2017-10-19 12:07:35,35.9,11.85
5e793b3edb0a058ff685ad346ce284de,1,c1af2dbb7ddaa89a57094a6fde7578bf,6ec1a01e866584bb679eb9b098345919,2017-10-23 03:56:30,52.99,28.77
5e7d51bfc94acb16cfcc272c581f85cc,1,c23381297fa734ea441a15d723199fb5,9646c3513289980f17226a2fc4720dbd,2017-11-06 17:06:08,28.0,8.27
5e8e582525594804c28f6044d23809aa,1,e91f88846bc20e4ae032b9bacecaa625,0be8ff43f22e456b4e0371b2245e4d01,2017-10-19 19:49:27,47.9,14.1
5e93017b6f1f803a8daebd361ac1f98f,1,8c292ca193d326152e335d77176746f0,7e1fb0a3ebfb01ffb3a7dae98bf3238d,2017-11-03 02:55:29,160.0,15.87
5ebc45d58a177164134dc9fd38f05d93,1,3ab181ea2f9cc4be74bad27ef8a03492,4a3ca9315b744ce9f8e9374361493884,2017-10-18 12:06:18,259.9,26.66
5ebcd996db1f75a4d7b20b792a4a8258,1,e6aa64e6ca59df52c7bd02829516f6e4,751bdc4d83a466c7206cd42e8f426b03,2017-10-20 16:08:19,179.99,19.5
5ed751a2307994faf9dec6fea755e58d,1,fe01b643060a6446e59f58e3021e66b3,2dee2ce60de9709b1a24083217181a1f,2017-10-19 04:56:19,143.0,38.55
5ed9945dd12f94f9b11d0bf198bf68e1,1,077599a82ee54960bc4f4c941b0d1359,900ba814c251a692506d7834c1218441,2017-11-01 03:08:53,125.02,12.58
5ed9ceb0ba3f0b51619c859aae89f1ae,1,7c1bd920dbdf22470b68bde975dd3ccf,cc419e0650a3c5ba77189a1882b7556a,2017-10-16 18:49:29,58.99,16.66
5eeac31e1838a5a8563b9d111cd09a5d,1,906b11f3bc3c98f883afa0eb67b0fac7,440dd6ab244315c632130ecfb63827b1,2017-11-03 13:55:14,124.9,13.99
5ef46c939902d5213ce1ce081146a410,1,2028bf1b01cafb2d2b1901fca4083222,cc419e0650a3c5ba77189a1882b7556a,2017-11-10 04:26:54,56.99,11.9
5ef51d70e6249c4a8c9fa866ebf3146a,1,ca5c923962558430573f83661dbe36d6,66922902710d126a0e7d26b0e3805106,2017-10-09 09:49:15,100.0,21.19
5ef8f0f9c9d95604cd61fd97ab176835,1,54d7ad85b648d3cb2b7069ed446d7f35,25c5c91f63607446a97b143d2d535d31,2017-10-31 02:14:30,149.91,31.8
5ef8f0f9c9d95604cd61fd97ab176835,2,54d7ad85b648d3cb2b7069ed446d7f35,25c5c91f63607446a97b143d2d535d31,2017-10-31 02:14:30,149.91,31.8
5ef8f0f9c9d95604cd61fd97ab176835,3,54d7ad85b648d3cb2b7069ed446d7f35,25c5c91f63607446a97b143d2d535d31,2017-10-31 02:14:30,149.91,31.8
5ef8f0f9c9d95604cd61fd97ab176835,4,54d7ad85b648d3cb2b7069ed446d7f35,25c5c91f63607446a97b143d2d535d31,2017-10-31 02:14:30,149.91,31.8
5efb55c3cc550a13a9af885e225f8d9e,1,2a5806f10d0f00e5ad032dd2e3c8806e,7c67e1448b00f6e969d365cea6b010ab,2017-10-24 10:14:11,169.99,36.85
5f00e8736eecc85c0f944342a6a8679a,1,8bbc072e9ad5dfad286bf7965b945217,7722b1df1b0e383e000397b2c11e3e19,2017-11-07 15:55:20,26.9,9.34
5f04f4d6318ce8bdd9043545285b4def,1,24d7b551f0ea7c3cea080d402b211132,d2374cbcbb3ca4ab1086534108cc3ab7,2017-10-16 09:56:24,30.7,12.69
5f134bb3f194debb9b0fe39ca07f2b41,1,4e5e41fb7d296a6f776c63fee5cb9fac,b33e7c55446eabf8fe1a42d037ac7d6d,2017-10-26 03:05:46,589.0,18.87
5f303c97922b4eed59bca1e3b503f984,1,98a8c2fa16d7239c606640f5555768e4,001cca7ae9ae17fb1caed9dfb1094831,2017-10-23 03:46:06,110.0,23.8
5f303c97922b4eed59bca1e3b503f984,2,98a8c2fa16d7239c606640f5555768e4,001cca7ae9ae17fb1caed9dfb1094831,2017-10-23 03:46:06,110.0,23.8
5f41ba651ddd43c1070bd2db77b00b00,1,f264c1d9b20b5e4a340254d0405e613b,7a67c85e85bb2ce8582c35f2203ad736,2017-10-17 13:14:55,69.99,17.74
5f4727d9a2d6c472c961c9f21c508132,1,ec2d43cc59763ec91694573b31f1c29a,1c129092bf23f28a5930387c980c0dfc,2017-10-23 04:06:09,45.9,16.11
5f5d82c66499b9a72f7e8071477aee00,1,1c9b5793de6c3d9117b6218552c87a8f,3c7c4a49ec3c6550809089c6a2ca9370,2017-11-07 19:47:09,13.99,7.78
5f674c43ef69fe052df34f1519f7bc12,1,6a23c2eb9acc78f8ec403be9c6210dd4,7c67e1448b00f6e969d365cea6b010ab,2017-11-07 19:07:39,114.94,18.52
5f74f266ac9d15d865ced07f7486c597,1,de480e3ae31eea2d2d97d694c43172fc,1838dd9b8977065acf51d95e0053ea7a,2017-10-13 02:45:04,28.9,9.09
5f85459f27e5e4c8cca0a18f9576c6b5,1,8b10d9525f4806f9a1e9d1665506ab4f,7e93a43ef30c4f03f38b393420bc753a,2017-10-19 12:26:46,799.99,21.36
5f85f13b7f5a2f767c222724ec8f2525,1,ec2f95440d5e5376e3a25c8106f5ba76,b2ba3715d723d245138f291a6fe42594,2017-10-26 14:28:24,199.9,15.15
5f8f11858f0aa38dd3dac7d851aced95,1,b944aabf1fc45c01599ee96c7f4d533e,128639473a139ac0f3e5f5ade55873a5,2017-10-18 16:27:52,18.9,42.38
5f9500d487e1ab13436ab55d3b1c27d6,1,b497d0032ea073dd58bbd2d7809d25b3,4e922959ae960d389249c378d1c939f5,2017-10-13 16:49:19,99.0,18.26
5f9e4b231676bfe9ead7e5ed49d06dfc,1,eed5cbd74fac3bd79b7c7ec95fa7507d,5d378b73ab7dd6f0418d743e5dcb0bd1,2017-10-26 01:10:56,1989.0,94.09
5fa64c45b0cb986d05533f91c67c801e,1,57d2fa6882b789ad55e86074398826c4,afe0067131b73e40875c9b6c10bd2e21,2017-10-05 08:28:14,89.9,14.36
5fae8446818acd6c452f8dead61ba683,1,6c3effec7c8ddba466d4f03f982c7aa3,37515688008a7a40ac93e3b2e4ab203f,2017-10-19 15:07:13,19.9,11.85
5fae8446818acd6c452f8dead61ba683,2,0aabfb375647d9738ad0f7b4ea3653b1,37515688008a7a40ac93e3b2e4ab203f,2017-10-19 15:07:13,19.9,11.85
5fb33bff8f41b3adeec3852d10c5f9fb,1,b5e13c9a353102f79c6206ff5cb61a50,a49928bcdf77c55c6d6e05e09a9b4ca5,2017-10-11 02:44:21,79.9,11.76
5fbad22605b487c2794be60878143398,1,b79d7f5b95f27eb1f3e1b95e7808c08a,9996ae921c50e8dff411ac69c0b4bb8b,2017-10-23 15:49:31,9.9,15.1
5fbad22605b487c2794be60878143398,2,c67cd635f352f381fa2936b55e744d37,9996ae921c50e8dff411ac69c0b4bb8b,2017-10-23 15:49:31,9.9,15.1
5fc0077c7ba092d24743a55d05cad3fa,1,6beae1a9c914c4e2ca45868d6317a27e,7142540dd4c91e2237acb7e911c4eba2,2017-11-17 21:06:46,84.9,13.61
5fce8f6bc4ab72e0f367e21d181bf6d2,1,389d119b48cf3043d311335e499d9c6b,1f50f920176fa81dab994f9023523100,2017-10-05 23:56:10,59.9,17.67
5fcfb33c8c186d01f979db1bc99405e3,1,bb50f2e236e5eea0100680137654686c,f7ba60f8c3f99e7ee4042fdef03b70c4,2017-10-18 04:35:16,325.0,16.02
5fd03333c4c020a7eff08e6ef26ef8cf,1,329c661807f085964b1877bfeca6ff73,391fc6631aebcf3004804e51b40bcf1e,2017-10-17 12:06:16,189.45,26.17
5fd42e84b68c024a8dca0dbd781279aa,1,20090bcd0d43eb49feb63d53d387780b,05ff92fedb5be47920fea08e501238b9,2017-11-06 20:31:35,158.4,43.14
5fd4cc6625fe077304f6fd2ffd3681d9,1,8545c123b6133483604696b62b081e92,e333046ce6517bd8bb510291d44f0130,2017-11-08 03:26:12,35.0,13.37
5fd9a69139ba87e71880fd5936171fe9,1,165f86fe8b799a708a20ee4ba125c289,7ddcbb64b5bc1ef36ca8c151f6ec77df,2017-11-03 11:45:11,146.99,21.52
5fe6f70927bdb4accb737c56c5602f4e,1,c0d8d4693da67263b21c9b485cd02898,9add47bf45ce8e8c7db6b9cf670b1e09,2017-10-16 16:32:01,179.5,15.01
5fe6f70927bdb4accb737c56c5602f4e,2,c0d8d4693da67263b21c9b485cd02898,9add47bf45ce8e8c7db6b9cf670b1e09,2017-10-16 16:32:01,179.5,15.01
5feed08e8f66735ba71592e68d15a602,1,f7f7a305e9312614a635f453cf6be7a8,06bb3a2fe5e7b7a845b13e8fb91bd944,2017-11-03 15:32:15,89.9,15.39
5fff1e31dcee73af47628c1a40edb24d,1,57f202d5e0ed7a3a2d75e479e1579cfe,3d871de0142ce09b7081e2b9d1733cb1,2017-10-27 10:35:07,29.9,12.69
602a7458f2248260d368f81cd86377a8,1,5af8f974918d5e68bc22ea894296adb6,0bb738e4d789e63e2267697c42d35a2d,2017-10-10 23:24:20,19.9,17.92
6031c93a0f6704e27f6135d9efcd7f5a,1,fd0e6b3e2ab6191b59d373995a5b747a,7d76b645482be4a332374e8223836592,2017-10-19 19:45:37,29.9,11.85
6041616fca20babe9d45128ecc8d3b4a,1,b65214d387c754bb0f858a4a5a0f41ad,de23c3b98a88888289c6f5cc1209054a,2017-10-23 17:35:03,69.99,12.83
604b550c04e61700ab7bcb2ac5b5ca53,1,1c3122302b284dc602555cee331847da,091065b789659bc3cd9af9cb3a6253ff,2017-10-23 03:49:37,690.0,20.23
604d4d8f967d87d742da674124602dfe,1,81a715d81e8758ea2cc757359c2272a4,cca3071e3e9bb7d12640c9fbe2301306,2017-10-13 20:25:01,99.9,17.95
605fa1deddee0b912495c101e187f4e7,1,e168af8b2f0d9319737c6a7a37904f9e,3586b8580d9c917874e053a1bb37b5ff,2017-10-24 04:35:35,29.9,25.19
60622e02fde39a42fe9654c41a6bba8d,1,c40719220792e9a4b4bdfeebb4f350d1,3bb548e3cb7f70f28e3f11ee9dce0e59,2017-10-13 10:24:39,172.5,18.78
60702368f14268a42d95a4da7cea0632,1,ec2d43cc59763ec91694573b31f1c29a,1c129092bf23f28a5930387c980c0dfc,2017-11-03 20:25:34,45.9,12.69
607d8f6570c73e6a2e553908d572abc7,1,d2e131d6f19ae0d665fc1a6c420b4f4c,7e93a43ef30c4f03f38b393420bc753a,2017-11-03 21:46:27,599.99,18.96
608570b95a49743971fb82089b960070,1,dea837d4f3f30b541725d258c15e4ff1,c3867b4666c7d76867627c2f7fb22e21,2017-10-16 16:45:29,60.0,15.17
6087f204aede647ef4720e5585966962,1,8097e6d8de77768d9f72295263e440fa,01bcc9d254a0143f0ce9791b960b2a47,2017-10-26 18:36:44,128.0,26.18
609054aa2204f8dccb3f474165d1d411,1,fd1eb7fd67e76cf3283618735a57cbcd,7040e82f899a04d1b434b795a43b4617,2017-10-26 03:05:38,149.9,18.3
60927505586ab381b9b50e3c6e75d736,1,ee406bf28024d97771c4b1e8b7e8e219,7a67c85e85bb2ce8582c35f2203ad736,2017-10-27 10:50:14,149.99,12.25
6098632af482e77f99ea9888da679c98,1,69d3ff4f45d52d69e4b06760e0e154e2,7b0df942f46435babab05d49b744b2c4,2017-10-26 16:07:03,1058.0,24.66
60a348897e04524c8ab3287426da6417,1,f7bd9877cbaebdd3c596190ac46802b9,5b581417df4480f632484ba681e53944,2017-11-03 12:47:53,159.0,16.55
60c903f5cb6055bf5a3b4f09ba288c9c,1,1a0bed98d47b5923948a6a49612aeb83,abe42c5d03695b4257b5c6cbf4e6784e,2017-10-08 22:28:20,389.0,19.16
60d9a5e952b00c9a481aa0e3d641b354,1,e5fe79a5ccd19d20b3b095bf73cf9b5d,fe2032dab1a61af8794248c8196565c9,2017-10-09 21:43:46,359.0,10.71
60de67cf35d9303bbbb7b559c9eadc84,1,28779f909a42ab24127dd742496e00f8,c1ed9e3daf6154542826a6996af0fb8c,2017-10-23 22:35:23,15.0,17.92
60e233aaaa492c07368a9bac1c0ee2d4,1,e004a3b7f9524967fdb68bb70f850eb0,53243585a1d6dc2643021fd1853d8905,2017-10-16 20:42:20,730.0,35.78
60f3f9491829925ea17e99fb1f84f992,1,a2a0ecb37f7e027a81081a34fd1cce4d,5c6d4016c2a288f074fa0848a2b653d2,2017-10-17 04:49:32,75.0,15.29
60f7281dad555389b327a7fc60e13840,1,2d110366dd24a714cb50dddc30b4101c,9b00ed88b7fdb95d6ff76e27c1b52d16,2017-11-07 04:06:50,24.0,15.1
610550e46b3a0a7f45723db57f2170f3,1,7c1bd920dbdf22470b68bde975dd3ccf,cc419e0650a3c5ba77189a1882b7556a,2017-10-26 23:25:44,58.99,17.66
61181b6edca2c3a0b58c77e58d91a8a3,1,ed2067a9c1f79553088a3c67b99a9f97,cbd996ad3c1b7dc71fd0e5f5df9087e2,2017-10-26 23:56:39,56.97,16.16
612122563fa653c20d2ee959472a96c9,1,f98dbc219c0bcd7fb37420dff826912f,2e1c9f22be269ef4643f826c9e650a52,2017-10-19 12:28:11,81.49,18.81
6129370214b115f45a7b9b13e33c83d9,1,a8fe47ad6f852f93cc92c7b408687de3,aaed1309374718fdd995ee4c58c9dfcd,2017-10-09 04:05:02,72.9,16.27
612d140e314dab491efb33ec8219c2ee,1,155815f7173905f1e5cde0b82adfc113,4200ddf1967c5e41e48db62bc6d4b5ac,2017-10-26 02:49:40,16.9,13.62
612d140e314dab491efb33ec8219c2ee,2,67fc455b96e0908bc5e0d917237b2977,4200ddf1967c5e41e48db62bc6d4b5ac,2017-10-26 02:49:40,16.9,14.22
612d140e314dab491efb33ec8219c2ee,3,3d870b8af7dbdc91b10cfb0139f3d44d,1900267e848ceeba8fa32d80c1a5f5a8,2017-10-26 02:49:40,13.99,5.92
612d140e314dab491efb33ec8219c2ee,4,3d870b8af7dbdc91b10cfb0139f3d44d,1900267e848ceeba8fa32d80c1a5f5a8,2017-10-26 02:49:40,13.99,5.92
612d140e314dab491efb33ec8219c2ee,5,155815f7173905f1e5cde0b82adfc113,4200ddf1967c5e41e48db62bc6d4b5ac,2017-10-26 02:49:40,16.9,13.62
612d140e314dab491efb33ec8219c2ee,6,67fc455b96e0908bc5e0d917237b2977,4200ddf1967c5e41e48db62bc6d4b5ac,2017-10-26 02:49:40,16.9,14.22
612d140e314dab491efb33ec8219c2ee,7,08ef02b6aae73ad3a385cf1342f609c7,4200ddf1967c5e41e48db62bc6d4b5ac,2017-10-26 02:49:40,16.9,13.62
612d140e314dab491efb33ec8219c2ee,8,08ef02b6aae73ad3a385cf1342f609c7,4200ddf1967c5e41e48db62bc6d4b5ac,2017-10-26 02:49:40,16.9,13.62
61409da3655a093963f861bd9a96c600,1,3d5c815469b90f2f4b1bf62ddf6aed25,6edacfd9f9074789dad6d62ba7950b9c,2017-10-26 19:35:27,107.9,15.52
615d26dd80fd83e9f66e00ab0d36b764,1,b7545fcb6846edbe119f90a80889b31d,4a3ca9315b744ce9f8e9374361493884,2017-11-01 15:08:08,178.5,17.96
6170e7d09524ad908eea19146523706e,1,45441cbbcc1a9ff79903bb3b7c2e6670,20b54c376b794ed028df09a3cd88e8dc,2017-10-20 19:56:22,77.97,17.26
6171832455ac3fe3e62f97359da15c2b,1,a35a9f46dcee0a67c8c7ad8493eb4135,85d9eb9ddc5d00ca9336a2219c97bb13,2017-10-25 11:27:02,31.9,15.1
6181e544115300a8f280b66fb5867454,1,820e8f306dc9ffcf6d0957516084cca1,7aa4334be125fcdd2ba64b3180029f14,2017-10-05 15:21:22,38.89,17.6
618450817fba79842e9347f1c03714d3,1,a1231816b47b24a6fa3de97f2147a8b6,3d871de0142ce09b7081e2b9d1733cb1,2017-11-07 11:10:06,38.0,44.81
61845fa79785f181ff99f39e39f40740,1,cce679660c66e6fbd5c8091dfd29e9cd,d2374cbcbb3ca4ab1086534108cc3ab7,2017-10-30 22:26:15,17.9,11.85
61877f26b314bbf4aef8f12f4cf0ed7e,1,26a4f62a409a78816adb31e0d729a163,b45d7ebfb7378630f1bcd74b6ff86ff7,2017-11-03 16:28:20,299.9,22.01
61cbfd453bec6d149c4607df0632496f,1,c224f464aeeb2c6af33f0682a181efa7,53e4c6e0f4312d4d2107a8c9cddf45cd,2017-10-20 19:49:27,129.0,27.45
61d3a2143232a765152de0a29583bcf1,1,7358faf3ccce6ed3a2913667ffc1a395,972d0f9cf61b499a4812cf0bfa3ad3c4,2017-11-07 21:55:16,73.5,15.26
61dd0efaf7b949ec0c1d45cd9bc731a9,1,21634fadc73ca34ac36813b02f1f10c8,7722b1df1b0e383e000397b2c11e3e19,2017-10-19 00:25:37,34.9,9.34
61e65f86ab3c3c64379719d4353f13fb,1,fe9dfbe7f974621789683b7b78be2a16,900ba814c251a692506d7834c1218441,2017-10-16 08:14:12,326.16,60.72
61f6bdb47b62e119d6cbe6b3af05ceb6,1,681e1525258578dd8a22a3c249509bf5,5cbbd5a299cab112b7bf23862255e43e,2017-10-27 20:06:30,45.6,15.79
61f6bdb47b62e119d6cbe6b3af05ceb6,2,681e1525258578dd8a22a3c249509bf5,5cbbd5a299cab112b7bf23862255e43e,2017-10-27 20:06:30,45.6,15.79
61f82b319ee0352b3b8525dfa467e0f2,1,17ad6786808ab3fedfb261a70a5932d6,b2ba3715d723d245138f291a6fe42594,2017-10-23 03:49:23,129.9,26.19
61fa17b757ab7e6e7900e8ea76786e0d,1,e4bc98f06b9893b763bb17a152219b87,2d50d6282f8aa2257819a77bfaa0efe0,2017-10-26 15:49:10,85.0,16.98
61fa17b757ab7e6e7900e8ea76786e0d,2,c7bcab3a7039340cf46705f43bab3ee2,2d50d6282f8aa2257819a77bfaa0efe0,2017-10-26 15:49:10,49.0,16.97
61fba313862d5071658794c520745397,1,ad7c531c2001111873dcfed9d8317439,7a67c85e85bb2ce8582c35f2203ad736,2017-10-26 03:07:29,59.99,29.95
61fbc4a76e5b3db28d2dd737ace32716,1,47125061c86148a6f08a9e8708cef1ff,c500367424994318b9e779ff1ae9a330,2017-11-06 16:29:05,299.0,22.49
620955f27d3e918a0d703400e7a54692,1,d902e8400cd0c58b64ea157af940e670,05f51e13da97139648b8125c31e5f51b,2017-10-08 23:35:15,149.9,25.89
6212219326faa53d27b3f4c41e98b997,1,777d2e438a1b645f3aec9bd57e92672c,4a3ca9315b744ce9f8e9374361493884,2017-10-24 23:28:19,69.9,14.63
6212219326faa53d27b3f4c41e98b997,2,a0ef8572cd061badd81ffc48dc04d1fa,cca3071e3e9bb7d12640c9fbe2301306,2017-10-24 23:28:19,113.0,24.39
621b8e90f6fd06a792af8bdbbaf64a92,1,aaa09cd0acd316f7816145408dd73449,cab85505710c7cb9b720bceb52b01cee,2017-10-13 00:49:15,69.9,15.24
621e9c63cf00647b721e1798a1690c74,1,ee59699c00f92af8c00c6c9e470a6ff0,75fbb52eda0cbc24f479d3b2fbfa8d3e,2017-10-18 19:28:23,109.9,34.57
621eb879252e1ef32bfbe6f3eab23b57,1,64fb265487de2238627ce43fe8a67efc,4a3ca9315b744ce9f8e9374361493884,2017-10-13 02:45:06,99.9,21.19
622e1ac05d77a0fe978afdbb3d174017,1,691c1cc8a89f47bf99b00a7aeee5c4f3,a416b6a846a11724393025641d4edd5e,2017-10-06 12:24:39,493.0,25.77
626167e3684a7c5f8920b89c65b38d30,1,422879e10f46682990de24d770e7f83d,1f50f920176fa81dab994f9023523100,2017-11-07 04:10:19,59.9,17.67
62686dac3e596036e72fe0beb571e45e,1,84bfcd816fd74a36bfaee19837bb4b38,a9ae440659f48b7849df83e82734150b,2017-10-23 14:26:51,285.0,27.02
628892249eb28e0376c57474af8ffb26,1,df8951356a3ac20689379dffca179561,3bb548e3cb7f70f28e3f11ee9dce0e59,2017-10-15 23:14:18,197.5,13.51
6289ee54f79f145b31d94596c21ff419,1,7736ea239e147291f6adb766c992beb1,d2374cbcbb3ca4ab1086534108cc3ab7,2017-10-29 23:56:12,15.9,11.85
6289ee54f79f145b31d94596c21ff419,2,7736ea239e147291f6adb766c992beb1,d2374cbcbb3ca4ab1086534108cc3ab7,2017-10-29 23:56:12,15.9,11.85
628b831e2fdf2322f2aab4ab14fc9cbb,1,03a20f79e4c056b48ce29b3e30beb0fb,6fc26fe110feebd80a433e1f012a84f9,2017-10-09 15:36:55,59.0,16.17
62a2786bc58bb6ccba3e93b2d9664045,1,293ee8ac0a45f559cdeba37b938fdb66,4a3ca9315b744ce9f8e9374361493884,2017-10-27 14:56:36,55.6,16.15
62a68781c6f891e4e7032cc4f0fede03,1,42a2c92a0979a949ca4ea89ec5c7b934,813348c996469b40f2e028d5429d3495,2017-11-07 12:31:40,58.9,17.12
62a68781c6f891e4e7032cc4f0fede03,2,42a2c92a0979a949ca4ea89ec5c7b934,813348c996469b40f2e028d5429d3495,2017-11-07 12:31:40,58.9,17.12
62ad575f01f34c4defb94b0a1f56b577,1,5804729aafca1ebee7b26895d830586e,d94a40fd42351c259927028d163af842,2017-10-17 04:26:50,139.0,48.41
62be3a00ba095e9cdbe1fe482e6130a4,1,b66270a5d5b3a8585f8314b2f14420fb,9b013e03b2ab786505a1d3b5c0756754,2017-10-26 02:49:29,48.89,16.79
62c71810c2add37afce40e5e272e0544,1,d7718dae97c4e5cbbfbfc528873b43db,381c83fdca332ea6afd896da20bf6e4a,2017-10-27 14:06:23,155.0,17.66
62e177f7144113315a7baf514a10e307,1,9a29b754b7fc0aa8eeb990103fcea4fc,0bf0150d5b9d60d9cd2906003332f085,2017-10-17 18:56:08,106.0,13.3
62e177f7144113315a7baf514a10e307,2,9a29b754b7fc0aa8eeb990103fcea4fc,0bf0150d5b9d60d9cd2906003332f085,2017-10-17 18:56:08,106.0,13.3
62e975f28aa68109d68f92298a9327ac,1,54e5939fcd9ae70ad0f59f612d6d29bd,48436dade18ac8b2bce089ec2a041202,2017-10-31 15:14:19,45.9,16.11
62ef149989532929ee727f458049bb98,1,f8f93700c26007f74716eca57d217cfd,d57e18d5f73c7ccb7f7339b61166898d,2017-10-20 10:49:17,55.9,9.34
62fb68c86804042f32e43982f71ebb1d,1,32d058f0f2989cd05c927c0f481a1e43,080199a181c46c657dc5aa235411be3b,2017-10-19 13:13:19,179.49,16.01
63003bf6e2058e236f3f9ebb2872b234,1,dbd55362ec13c706503b1c71a5068a1a,e24fc9fcd865784fb25705606fe3dfe7,2017-10-27 11:56:21,102.0,10.13
6305aec3fc288054e3c30457795f98a8,1,8a1fccc6b1baa3ff391c89b916176091,dd533b429f380718b70ad9922c294bae,2017-10-06 08:49:20,19.99,34.15
634d0a0f8ec5eb8078eb64340dcd355b,1,34e83bed8d615779f4ed501e7033fc60,5656537e588803a555b8eb41f07a944b,2017-11-06 20:31:29,46.89,9.09
6365be88d51d66dbac002c738a56bae9,1,8d139b1550c8cc91a3babc9cfe9fc147,c9c7905cffc4ef9ff9f113554423e671,2017-10-19 06:23:23,55.0,9.34
6368194f43f0df34f328862f0e48ca56,1,f9d151cf2fc10d41cce64b782856320f,e9d99831abad74458942f21e16f33f92,2017-10-17 04:35:36,19.74,17.63
636f0241ddc83a3b9e37a8088167bd45,1,deecc62b2db3d87ff4d9fe364fead01f,403aa86912527d730337ffcb0fb096ab,2017-10-26 18:33:27,274.99,15.67
63897b6705887543f6b7e7a468ff337f,1,32b2a45c7698faf599ad250c65f6f633,e8b3a3a38279a82f0e5d006d5e5b7d2c,2017-11-10 03:26:23,39.9,6.68
63897b6705887543f6b7e7a468ff337f,2,32b2a45c7698faf599ad250c65f6f633,e8b3a3a38279a82f0e5d006d5e5b7d2c,2017-11-10 03:26:23,39.9,6.68
638dd0cfabf15189b7ce42b077f9fb9d,1,53ea9da485f6aed8a6f03a85831fe021,7e93a43ef30c4f03f38b393420bc753a,2017-10-18 18:15:40,249.99,18.0
63a82c6ebb8ce1c3327cf686be3c4a6e,1,438b5ad4eda7949fae4a4b834a69bcd6,c3867b4666c7d76867627c2f7fb22e21,2017-10-05 14:07:15,41.0,11.85
63c7797265c51bbc8aadc80de737f96c,1,5096c7c3620e53dda164502e228d4779,8ca5b19e0263150d2c57afdde2b3d011,2017-11-01 13:14:22,18.9,7.78
63d6b7bc7b40bda892a917e735970c67,1,74706845a60b5ad457b7fa501aca8b93,f5a590cf36251cf1162ea35bef76fe84,2017-10-18 14:49:25,899.0,54.82
63df944db623c7313fae09f61564ff64,1,31b2d2c76c5862d941847e7a99172bc0,7722b1df1b0e383e000397b2c11e3e19,2017-10-13 17:28:30,59.9,15.18
63ed672e6186f743116b93ccbf6d48d0,1,4b23856b5ce1e62e9c09c7b952cfd9cf,8b87cd0d43d49b9bdf40f56229364d59,2017-10-18 08:36:09,250.0,80.52
6404e2bea6a36a8fd5bf64660a5e5187,1,d40788ec5b01ba52711983b9c54b36e6,835f0f7810c76831d6c7d24c7a646d4d,2017-10-18 08:56:13,139.9,15.73
641260b6b13348c1853886a738a7f9b0,1,e5fe79a5ccd19d20b3b095bf73cf9b5d,620c87c171fb2a6dd6e8bb4dec959fc6,2017-11-07 04:07:21,369.9,18.35
6434ca73491ebf0b471702a2506eb871,1,65841ad29fc48cd40902e03da7511e05,8b8cfc8305aa441e4239358c9f6f2485,2017-10-19 21:20:13,968.0,70.36
64390314a38d7795bad0cd9fbbb8e9f0,1,b12b0d3152f2b6de0f82723bd656c00a,f27e33c6d29b5138fa9967bcd445b6d5,2017-10-24 02:58:50,64.9,14.2
644a4d69c39a2ed9ae0b84f27a442b71,1,0aabfb375647d9738ad0f7b4ea3653b1,37515688008a7a40ac93e3b2e4ab203f,2017-10-26 02:56:40,19.9,11.85
644c9c6187a3cad1f1102c0c6715b094,1,8852d1878bd27d8e1fe4e403c2a0100d,b2ba3715d723d245138f291a6fe42594,2017-10-25 17:35:06,269.9,57.41
64582c699f99b4dd3c326b13c3bdc644,1,e004a3b7f9524967fdb68bb70f850eb0,53243585a1d6dc2643021fd1853d8905,2017-10-16 11:36:58,730.0,73.92
6463c23b6850a055b0facc3baa597e91,1,c2c6d6cfda3171733ed7af121e46f6a9,76d5af76d0271110f9af36c92573f765,2017-10-18 13:28:17,19.9,15.1
646879122624b2217adfed3a0c2dc91a,1,4413a608a42bd21bbf9d5abbd58c249a,7ddcbb64b5bc1ef36ca8c151f6ec77df,2017-10-27 15:37:42,146.99,16.66
646e62df54f3e236eb6d5ff3b31429b8,1,a98657f6c266c87a5477b593aa1b7a80,218d46b86c1881d022bce9c68a7d4b15,2017-10-27 09:49:26,182.0,14.29
646f1971e7c3a05fe0ce5fba3d67cda9,1,2ca29ce3a9c64e55103356a459e97cf4,80e6699fe29150b372a0c8a1ebf7dcc8,2017-10-20 16:07:37,39.99,42.38
64784a51c7c5763b0693ed5ab75a2596,1,3db75f31b76375c502f64d550dcd1166,85d9eb9ddc5d00ca9336a2219c97bb13,2017-10-30 15:36:32,31.9,21.15
648baaf2d0ad94dfad6cb960e3133012,1,ea70c7ac7beedf6663e1ddbde272384a,f45122a9ab94eb4f3f8953578bc0c560,2017-10-05 19:49:40,56.85,0.03
648baaf2d0ad94dfad6cb960e3133012,2,605d46a84a57229d7380e9e6a45fe180,1336efc61c316ddf92c899eb817f7cae,2017-10-05 19:49:40,84.0,33.83
64a49ec4515de1ebb60ba7e7b26a3893,1,17ad6786808ab3fedfb261a70a5932d6,b2ba3715d723d245138f291a6fe42594,2017-10-20 20:14:39,129.9,9.1
64aa2d5878fc863f40dc4698a4feff6e,1,9d8a0e115e802d845b4ce1eb794d1260,d05ae8f7a5bd1d2a690a44cd079e4e27,2017-10-17 04:35:44,120.0,8.26
64bf74354f2ce35678e99356584d3a2f,1,a64f5291d8f2aa4d9d5f034a5c469dec,343e716476e3748b069f980efbaa294e,2017-10-18 12:29:54,22.9,8.11
64c448c5b11157c64585eb51d17eafe6,1,d7d5562fce331ad958ca6f57057b3526,7a67c85e85bb2ce8582c35f2203ad736,2017-10-17 12:31:02,59.99,16.67
64d68b5e88c8e4cda34a9d46314132a1,1,dad27486af34282fef3bef995d0fda7b,7a67c85e85bb2ce8582c35f2203ad736,2017-10-13 17:14:20,199.99,18.65
64f0da9068715955d37b40377363ecc7,1,0f91b6a95a57a43203a9b17de98960d9,058fd0aa2bfdb2274e05e1ae971dabb6,2017-10-11 20:07:15,140.0,15.73
64f1dbc00645c1bd7e70f69b19f95976,1,431d674f9a4fbd0957ecf6ba3fcb6899,53243585a1d6dc2643021fd1853d8905,2017-10-26 20:35:22,289.0,19.3
650db225e0b89075a07e6ca5e4c2d941,1,80c2ccc80085da41e8c055401fef8e3d,066a6914e1ebf3ea95a216c73a986b91,2017-10-25 11:06:23,575.99,37.39
6530850720ec1ab866eabcb399ccaf7d,1,44a34214a57dc373dcd80f54c919d006,7008613ea464bad5cb9b83456e1e6a8f,2017-10-16 12:14:31,29.5,26.89
6560fb10610771449cb0463c5ba12199,1,dc2410804cf782c5d87dbcd201b74e9b,897060da8b9a21f655304d50fd935913,2017-10-05 22:35:22,150.0,16.81
6560fb10610771449cb0463c5ba12199,2,dc2410804cf782c5d87dbcd201b74e9b,897060da8b9a21f655304d50fd935913,2017-10-05 22:35:22,150.0,16.81
65728b4e76bd429d053d9577654076da,1,8ce5f222608f6e18ea3b7acb84313c6b,41b39e28db005d9731d9d485a83b4c38,2017-11-07 14:55:12,84.9,14.34
6573371c19a6169b6ec350eb61b8cea1,1,158102fe543dbaeb84d87811bfe06d0d,002100f778ceb8431b7a1020ff7ab48f,2017-11-08 03:10:43,17.9,34.15
657b1c44f7dec3444fa26c61a3b539c6,1,368c6c730842d78016ad823897a372db,1f50f920176fa81dab994f9023523100,2017-11-02 23:46:17,59.9,13.44
6586e869984a35a55b2a67b4b494f8e5,1,f3ccdb9f9c7f31e0efd626e9110b85f5,0d85bbda9889ce1f7e63778d24f346eb,2017-10-13 17:49:18,116.9,38.37
6597e9dbbb1d813a8807828870c2a0ba,1,d19e5d8dfe80f249d215c3e5f9a4b6d2,4a3ca9315b744ce9f8e9374361493884,2017-10-30 14:35:22,294.0,16.81
659c573bcaa6bdd994c304a2de2b621c,1,1015bdc42b2ec0548e728cdc0ad72380,f5a590cf36251cf1162ea35bef76fe84,2017-11-01 02:28:20,810.0,39.03
65a096a4c493679dde9d1c264f065a2d,1,154e7e31ebfa092203795c972e5804a6,cc419e0650a3c5ba77189a1882b7556a,2017-11-10 18:50:27,23.99,34.15
65a94ea3c1392f150ad232c92d64c3f8,1,1ae80eade3400d1468bf84ce7bd6b479,4a3ca9315b744ce9f8e9374361493884,2017-10-16 00:49:13,51.0,12.7
65b9fc7c003b0fa663d00ae47abbf012,1,8f4e5f5e6323576768b835363a3fb0f1,835f0f7810c76831d6c7d24c7a646d4d,2017-10-19 17:08:37,69.9,14.24
65c1539b20cda15011ae449cc1378b5e,1,2028bf1b01cafb2d2b1901fca4083222,cc419e0650a3c5ba77189a1882b7556a,2017-11-08 10:55:22,56.99,8.72
65e6b525bace662c8db890bd33df5299,1,5328338cfaa16ba10561cd970c73ca11,12b9676b00f60f3b700e83af21824c0e,2017-10-17 23:23:43,199.0,38.94
65eba24f6b354696a553f0fe9719ac31,1,117d03b1d09e534e76b4f4ac9d908b49,de23c3b98a88888289c6f5cc1209054a,2017-10-05 08:35:15,169.0,13.52
660ad30c11df22cad81d8a3b30af6cee,1,dca9904850a1b13faa65450fbd000a3d,1da3aeb70d7989d1e6d9b0e887f97c23,2017-10-17 13:56:38,24.99,7.78
660ad30c11df22cad81d8a3b30af6cee,2,dca9904850a1b13faa65450fbd000a3d,1da3aeb70d7989d1e6d9b0e887f97c23,2017-10-17 13:56:38,24.99,7.78
6612d335f397178518a4fc1e95f89446,1,31c92d83aa85cd3c98fcc6fa9ce6329b,77530e9772f57a62c906e1c21538ab82,2017-10-18 23:49:12,49.0,15.1
662d5b772be59b4a08a18e2b219555a3,1,2083a6feb4bbb31f6abc92fc24e468c0,cc419e0650a3c5ba77189a1882b7556a,2017-10-23 04:36:32,7.0,15.1
6638967e5dd4744b8bb5be1be7901f07,1,3ce21e38e6a3060c20f4e74bdab770c8,1b938a7ec6ac5061a66a3766e0e75f90,2017-10-23 10:56:18,58.9,25.25
663918d7ceace41e4d29388d75162e8b,1,211293b50935ced8d4370f552c482d74,e9779976487b77c6d4ac45f75ec7afe9,2017-10-17 22:14:15,33.0,9.27
664411dc25ffd21164cc72805f249313,1,55a257b8a93fa8ce0b4774de48718126,4aba391bc3b88717ce08eb11e44937b2,2017-10-10 01:01:59,669.0,16.93
66480b6a7d8c4b5debd250de643ac7ed,1,431d674f9a4fbd0957ecf6ba3fcb6899,53243585a1d6dc2643021fd1853d8905,2017-10-31 02:26:13,289.0,14.27
664c5e57eb8479a79caeb79fc79699ca,1,6bd8c7dc9695bdc48adc5960f4fee0ff,b92e3c8f9738272ff7c59e111e108d7c,2017-11-07 10:10:24,49.9,14.08
66528ad3bb480c8959bb478cc37becdd,1,7002de80666aef110fc6b91f41e111d5,643214e62b870443ccbe55ab29a4dccf,2017-10-10 20:28:11,74.58,7.78
66573bb355bdba7b6df55fba794b800d,1,a9516a079e37a9c9c36b9b78b10169e8,7c67e1448b00f6e969d365cea6b010ab,2017-10-25 10:49:15,112.99,28.15
665f2994ddf4e79dc7a0dbe27e851e8e,1,b4882f0e38fb340c102d225f85b446df,7178f9f4dd81dcef02f62acdf8151e01,2017-11-03 03:35:46,199.0,26.67
665f8239a02c9cc0b3ea7ad51278f05e,1,a1b951b4a7ac3dcd035bc6532b95ffed,528bcf6680c36dddf07620bd35b33a6f,2017-10-25 13:49:28,439.99,25.4
6660735419b67a222968c81cd4e3fc9b,1,df480c7d3f979093ac4c2d1109e78289,7e93a43ef30c4f03f38b393420bc753a,2017-10-20 11:49:29,669.99,19.45
667ab8124d743a73a082c04d1ad8baf0,1,7d1a667dbc183583078324f912d42c6b,2089a6d640999f9b9141ac719b2af596,2017-10-31 02:08:45,107.0,15.5
667f0f4fcbbabc42c5cf7b38540b8108,1,84d0e98e468edffdfe4f1f5b178d4ecc,c3867b4666c7d76867627c2f7fb22e21,2017-11-03 19:46:45,104.0,19.61
66823322383fb178187b76028b8f8eab,1,a1ca62481619b02ad09535f2b418bb75,4e922959ae960d389249c378d1c939f5,2017-10-23 12:14:12,75.0,16.97
66992d85a03399bdd59dde2b786c8e31,1,7c4a8bec217df1de0df2b5aaf8175b65,7040e82f899a04d1b434b795a43b4617,2017-10-13 11:56:25,15.9,14.1
66b090d3b031a3fc0d1e296a209b0de1,1,af940e731a7251787895cdd64cfc3f21,fa1c13f2614d7b5c4749cbc52fecda94,2017-10-16 19:56:54,369.9,16.34
66b6c9de0e92006f30f97b90313ad624,1,9d8a0e115e802d845b4ce1eb794d1260,d05ae8f7a5bd1d2a690a44cd079e4e27,2017-10-24 10:50:04,120.0,26.12
66b7aa4a53c5c138ffe0aa7ac74dbea1,1,dc2bd3d07579e7f3b185c7118e33c33e,17e34d8224d27a541263c4c64b11a56b,2017-11-01 21:46:13,721.35,18.07
66c2a643ac74cde86624a0c15a95327a,1,7a10781637204d8d10485c71a6108a2e,4869f7a5dfa277a7dca6462dcf3b52b2,2017-10-24 19:28:38,209.9,14.49
66eee0f0bae09aa30b023e20bc83ee80,1,547b95702aec86f05ac37e61d164891c,001cca7ae9ae17fb1caed9dfb1094831,2017-11-06 23:25:28,129.0,33.29
66f60a049e91f3849e5f8f328ccca54f,1,dc404a1496a08f9f5540c8b5d4b92925,46dc3b2cc0980fb8ec44634e21d2718e,2017-10-24 16:07:54,299.0,15.59
66f60a049e91f3849e5f8f328ccca54f,2,ec2d43cc59763ec91694573b31f1c29a,1c129092bf23f28a5930387c980c0dfc,2017-10-24 16:07:54,45.9,15.44
6701aa5b4bfd2579fa419b7915d3daeb,1,06ad93d66e91d09df5ce746906d9658b,da8622b14eb17ae2831f4ac5b9dab84a,2017-10-19 15:56:14,219.9,18.25
67379aa14908a0e17c8de56896b1cfa9,1,f819f0c84a64f02d3a5606ca95edd272,4869f7a5dfa277a7dca6462dcf3b52b2,2017-10-18 21:28:14,689.0,22.07
6739ec850ef337d6dd99504b01b4574b,1,e2c3ed9aaddfd2312a6a5fe9b3ddadd3,46dc3b2cc0980fb8ec44634e21d2718e,2017-10-31 02:08:07,99.99,16.95
673f22f1a5f0f4bc22143d42b7c60fbb,1,6c712952b8ef62f8d06a0314917400c8,04aba03279157f6d4e0fe8ccaf21963c,2017-10-26 17:35:13,118.0,14.42
6741c985ef8aed8442026a557e8a9220,1,a5e66fadbb9b49dffdbf63675436a332,e9779976487b77c6d4ac45f75ec7afe9,2017-10-11 02:44:39,89.49,8.37
6741c985ef8aed8442026a557e8a9220,2,a5e66fadbb9b49dffdbf63675436a332,e9779976487b77c6d4ac45f75ec7afe9,2017-10-11 02:44:39,89.49,8.37
6741c985ef8aed8442026a557e8a9220,3,a5e66fadbb9b49dffdbf63675436a332,e9779976487b77c6d4ac45f75ec7afe9,2017-10-11 02:44:39,89.49,8.37
67475f71985adf5fc4111756430c2366,1,2cbc1ae9dc8c4d81b096db0ee01ae0e6,6560211a19b47992c3666cc44a7e94c0,2017-10-11 14:50:15,29.0,7.78
6751421a5f8978f08dab6b35213d769d,1,f327c74114a7eabe18ba572a0ad10105,cfa5ab0e4d3fc212fd0b3410e7081c62,2017-10-26 06:49:55,799.99,19.33
675a6fde0b4a8f78243d9ca2ec8be1be,1,f71156bb4025fc2944b25e8b6f0efec8,b4ffb71f0cb1b1c3d63fad021ecf93e1,2017-11-13 00:05:58,120.0,15.6
676d6ec8daa75f6ab88d0b539523aa0c,1,aba86c093ccdbac75b09111d57e50004,7c67e1448b00f6e969d365cea6b010ab,2017-11-13 12:35:27,114.6,9.9
676d6ec8daa75f6ab88d0b539523aa0c,2,aba86c093ccdbac75b09111d57e50004,7c67e1448b00f6e969d365cea6b010ab,2017-11-13 12:35:27,114.6,9.9
676d6ec8daa75f6ab88d0b539523aa0c,3,aba86c093ccdbac75b09111d57e50004,7c67e1448b00f6e969d365cea6b010ab,2017-11-13 12:35:27,114.6,9.9
676d6ec8daa75f6ab88d0b539523aa0c,4,aba86c093ccdbac75b09111d57e50004,7c67e1448b00f6e969d365cea6b010ab,2017-11-13 12:35:27,114.6,9.9
676d6ec8daa75f6ab88d0b539523aa0c,5,aba86c093ccdbac75b09111d57e50004,7c67e1448b00f6e969d365cea6b010ab,2017-11-13 12:35:27,114.6,9.9
67713bd0ca39cfc934fcec04d0fa476a,1,62e2471b884366ac7e2f2b28c3ed62a5,46dc3b2cc0980fb8ec44634e21d2718e,2017-10-16 21:35:31,149.99,13.05
677e38d339f46ff8cd648fa4ed787ab2,1,a6b5c06253205267d5a66952a4524a83,48162d548f5b1b11b9d29d1e01f75a61,2017-10-11 17:49:52,805.0,50.09
677e38d339f46ff8cd648fa4ed787ab2,2,a6b5c06253205267d5a66952a4524a83,48162d548f5b1b11b9d29d1e01f75a61,2017-10-11 17:49:52,805.0,50.09
677f9173f4c3d73675716a1200c8486d,1,d285360f29ac7fd97640bf0baef03de0,01ed254b9ff8407dfb9d99ba1e17d923,2017-10-18 17:56:22,349.0,10.64
67ac603e90054a9d303d24bd48fecaa5,1,e3b71bff5fb99ff546aec54b38aa760f,5160d23075764e18e07c1f4a87fad743,2017-11-03 19:46:27,85.0,21.39
67afac235ed5f057e1112fea45ddfb05,1,bca66c2fcd992d2efac1dd904524edc6,44073f8b7e41514de3b7815dd0237f4f,2017-10-06 18:28:17,136.12,10.17
67b0f99f4462dd93418ed97b21a6c725,1,6070b7a31286e70e682b07423492f35c,ca3bd7cd9f149df75950150d010fe4a2,2017-10-23 11:56:17,49.87,15.11
67b5447a2cf4e164c948e2ef8e2c41e0,1,ca84f66aece31f9e2298a1b53d9f39ee,ad420dd0c4f92f8af951ac24b86d0cf5,2017-10-25 23:56:14,49.99,15.1
67b5c76910e9bc4fa2e067cafe0ad722,1,5f504b3a1c75b73d6151be81eb05bdc9,834f3294fba9f932f56edc879193f925,2017-11-03 15:48:30,610.0,65.01
67c2939389900ee5ef95296df8691336,1,6df3e292ba834323d4d8164d4c88e698,7a67c85e85bb2ce8582c35f2203ad736,2017-11-02 23:06:07,9.99,21.43
67c2939389900ee5ef95296df8691336,2,0b3f6a2323c814e1b19fd44838c160ef,1900267e848ceeba8fa32d80c1a5f5a8,2017-11-02 23:06:07,19.99,2.14
67d760ec323d2c9f0292ec4cdafc676e,1,c8a4cbaafa1f0579063ec64cf40ae153,b4ffb71f0cb1b1c3d63fad021ecf93e1,2017-10-31 20:14:23,19.55,14.1
67d760ec323d2c9f0292ec4cdafc676e,2,3f4269f81421aadbfc643a23d5dbf3ff,b4ffb71f0cb1b1c3d63fad021ecf93e1,2017-10-31 20:14:23,19.55,14.1
67e1523ecabbe030f525c66b8cc57fa2,1,f71e07cf6e6d621aef3ff698bc4f2819,7d76b645482be4a332374e8223836592,2017-10-06 15:28:23,19.9,14.1
67ec1ff2fc90decdce72e2299a384ee1,1,bb7181410b4e02f93f3697f765db53c7,855668e0971d4dfd7bef1b6a4133b41b,2017-10-23 04:09:42,109.99,57.44
67fa670663f748061f866f748dcef27d,1,a00cd7752fb98e0a8382def60ecc0b17,ea8482cd71df3c1969d7b9473ff13abc,2017-10-11 20:04:35,20.99,7.78
67fdc329b2ca0a11de2819f353d19ebb,1,6abd84909e8ed79ef808c16f90b91093,da8622b14eb17ae2831f4ac5b9dab84a,2017-10-20 21:26:19,29.9,11.85
68047069acb8883614bc980ad28ae9af,1,8aa6223e400af9c97b07c75993142721,1f9ab4708f3056ede07124aad39a2554,2017-10-24 21:56:26,174.9,59.66
680d7235e89a19239f2562d940e7c86d,1,7a3bc1b5f3ad201ecd5d03d51d34bedd,7e1fb0a3ebfb01ffb3a7dae98bf3238d,2017-10-17 16:07:18,359.0,27.79
6810999b773bffdb94e8d02004603720,1,cd657380345b2ab760f39105fb163005,ea8482cd71df3c1969d7b9473ff13abc,2017-11-03 21:46:13,24.99,11.85
68129c60d17ca69bb5fb45039751eb42,1,66a0a6e02b7f543e5b021ce361f267d4,7a67c85e85bb2ce8582c35f2203ad736,2017-10-13 16:49:36,119.99,18.09
681fc152c63481373cecdd46e390fe6b,1,98a8c2fa16d7239c606640f5555768e4,001cca7ae9ae17fb1caed9dfb1094831,2017-10-18 04:35:21,110.0,40.1
682dc4cd6b8eeb68f00866564d1f546b,1,5b226d7c52f86ac72457617f78cff95d,1835b56ce799e6a4dc4eddc053f04066,2017-10-10 11:24:29,56.99,16.16
686167f2fe956e81a6bbf02cf8885516,1,2423252b2432f1803e4f29e0974c6cf7,48436dade18ac8b2bce089ec2a041202,2017-11-03 16:05:59,139.9,12.93
68706b8abe45aa264f07ee944684ca28,1,e06f99e79036d681effa3de75989bf22,6560211a19b47992c3666cc44a7e94c0,2017-10-05 17:24:24,59.0,15.16
688c77c72e79654a39228923333fc18f,1,ec5b3c8bb77ad22278f6e9d719a83de3,4a3ca9315b744ce9f8e9374361493884,2017-11-03 07:26:05,12.9,15.1
688c77c72e79654a39228923333fc18f,2,ec5b3c8bb77ad22278f6e9d719a83de3,4a3ca9315b744ce9f8e9374361493884,2017-11-03 07:26:05,12.9,15.1
688c77c72e79654a39228923333fc18f,3,ec5b3c8bb77ad22278f6e9d719a83de3,4a3ca9315b744ce9f8e9374361493884,2017-11-03 07:26:05,12.9,15.1
688caf637d0fff2abbdcc0303cd47b1e,1,d531e4f4234b93eb3d8efc4a53f7e7c1,7ecef8194babfec876ca720714327841,2017-10-19 22:56:17,129.9,45.37
689bab76a2f9102a2fe1eaa764c34942,1,8e5e831d742acedb1758e90e18974231,25cf099de44674fde97473224f9d59ab,2017-10-09 18:25:11,30.0,7.78
689e8820798347950a2649f71c734bd0,1,954ed36fcf28237749ef5616ab0eff87,6560211a19b47992c3666cc44a7e94c0,2017-10-18 22:07:15,79.0,15.99
689e8820798347950a2649f71c734bd0,2,27672da99215b426dc0ced05731bccc6,6560211a19b47992c3666cc44a7e94c0,2017-10-18 22:07:15,79.0,15.99
68a001baa8dbd45ba5096b470f57a498,1,3e96989101b99f1189a9f03bdd29464e,41ab63a91b8b264e8c8780368bf1dd5b,2017-10-30 18:45:47,45.0,14.1
68a903e76c9eb6216932113b01e811af,1,439dee65f97bb5e70b021e1e7cf54a5e,f27e33c6d29b5138fa9967bcd445b6d5,2017-10-13 11:04:59,59.9,24.97
68b1551079ac4d4fb25abea8c47fbfa8,1,60567eaf5cdf794639e94508ec387a82,f4db9b37944bcb8873e6b456ee190bbf,2017-10-12 23:05:02,169.99,26.03
68cf478815ffa4303ea186d76a791cdd,1,af3c32ffb86784d96ad53372364b9d3d,6c177e38df6d3f34182b1f1d427231bf,2017-11-09 18:55:26,150.0,15.8
68dfe33ed363b170a0bb5b8a03cb2c14,1,29b9d74c083ef891b8869d31cffb2a3d,530ec6109d11eaaf87999465c6afee01,2017-10-06 19:35:19,105.9,47.27
68ebbbf9a7236276c1c324a5c4abbcbf,1,9b9d1c4bd979b93c138044e032f99780,7a67c85e85bb2ce8582c35f2203ad736,2017-10-20 02:07:35,99.99,16.95
69077141219d094a1413c873be09cc9c,1,a25583531530c0913ea4dee2c5c73685,4e06067cc08b3f41d837768d392c3ee3,2017-10-24 17:14:18,7.0,2.56
69077141219d094a1413c873be09cc9c,2,521527593ca1726b992318e034dd5690,4e06067cc08b3f41d837768d392c3ee3,2017-10-24 17:14:18,19.99,25.63
6939929750f1b79c68d653a9402d14a3,1,1c33c71830d320620439a3236a1c4ae1,527801b552d0077ffd170872eb49683b,2017-10-11 20:44:47,108.9,23.63
693a9ad555486a066084766cdf4936b4,1,34c84b2e246f5904a5b3597b00240ea2,4b9750c8ad28220fe6702d4ecb7c898f,2017-11-06 21:31:32,48.9,9.74
693d0d4622b8c4324e34ae71fe19a58f,1,ca36223e14b83df526098afff99de992,8f2ce03f928b567e3d56181ae20ae952,2017-11-03 03:10:13,19.0,9.34
694226194013138c43ca10eff850b78c,1,86b8032cbb666ec9ca1f2aa4d4cace06,dee656f0f566ed1aa85bd137c943f08f,2017-11-07 22:25:49,59.9,25.7
695c5f386b78f79a4c1606cb71ae311c,1,9ae64e1163bf254bad20d5155cffb99d,3d871de0142ce09b7081e2b9d1733cb1,2017-10-17 04:49:22,79.0,45.02
69697763300040978b1c88f1bb60ad24,1,793ee3bd01e3ecec7ab94aed9aeee415,9c0e69c7bf2619675bbadf47b43f655a,2017-11-03 09:28:59,179.5,10.67
696a92d8c4f0b9ad34106f5caa0813f6,1,19b75a8a23f10ec7a6af4e4644c4d71a,0d4c8269e7f0401201794deef160edd6,2017-11-06 18:10:56,185.16,12.8
697495e65867be26f25a3b5df26fcdac,1,dc404a1496a08f9f5540c8b5d4b92925,f615fe7efbef0f4f08fd3086bc7a3e60,2017-10-26 11:21:20,297.9,19.98
697a3f72fadd1e5af4740ab0fccd99ed,1,3dee4915c4189291d7c8b79da897ca3a,41b39e28db005d9731d9d485a83b4c38,2017-10-13 17:28:20,119.9,20.33
6988ade6a7cc2fe8e65c7a1a622fb6c0,1,d285360f29ac7fd97640bf0baef03de0,4869f7a5dfa277a7dca6462dcf3b52b2,2017-11-03 16:08:37,334.9,17.09
699376e68c8a6abbf01e7160a239c641,1,b0961721fd839e9982420e807758a2a6,1f50f920176fa81dab994f9023523100,2017-10-09 04:28:23,59.9,17.67
6997560e71f5b7034a1d4fdb2c3ce436,1,87283a98b24f9f1ac3a31b631073cf47,cab85505710c7cb9b720bceb52b01cee,2017-10-27 10:56:31,49.9,15.1
69b12121d8945a3eb37c23bfd3a9d0c9,1,798e4e153e7141eb95d330765208c63b,dd7ddc04e1b6c2c614352b383efe2d36,2017-10-19 12:28:21,129.9,9.72
69ce5a9c71e938c852ea2142a90dddb7,1,ecf60cb41ee36163755ee427f85ef680,1b8356dabde1d35e17cef975c3f82730,2017-10-16 17:07:26,18.99,15.1
69d222536063d171fcbccf22d45f0eae,1,3061ea0592ecce3a2d477f638b1cd282,4049512728d969bec69f84088b012416,2017-10-26 02:49:34,42.0,15.1
69dea4ea9a898ecbe8c6af9360483b82,1,dea9b88ceaceff342424e0a74ae36af7,37be5a7c751166fbc5f8ccba4119e043,2017-10-20 04:00:16,219.99,22.38
69f57d3eb1a981a8fd71d99c39bb6109,1,fad4e554c85c77f187ef2c6744495d31,b6e1504972665f739dec4facb9943775,2017-11-03 07:50:08,126.99,15.64
69fcace72b3a059246d1c34b5ebdb325,1,c13c5440806b11208f75186e47cc8013,3a734b715d333a2588a3d54a0c9b8746,2017-10-17 18:49:27,179.52,9.45
6a0bb0ba8a97dd4ed115462820be7e1f,1,9c48f48fd32ee1915d62d3670e2d1ba9,e8b3a3a38279a82f0e5d006d5e5b7d2c,2017-10-22 22:14:19,71.9,16.94
6a0c96e8fd6d1c42bbfa1f5d49f3d3cb,1,5aeece828f56fe1d486e1c5e6a7cb61c,fa1c13f2614d7b5c4749cbc52fecda94,2017-11-06 11:11:10,194.9,8.62
6a117de68e34eca0b676d6813e59b48b,1,3ced865c94d3396f990864fa7aef9104,ea8482cd71df3c1969d7b9473ff13abc,2017-11-01 19:15:09,24.99,14.1
6a28a5e505dfe81886f90148b240b98e,1,70869aae4d447a8815db20569604a9e7,bccf933e006e9b94a6184af782963e77,2017-10-31 08:07:12,98.99,16.32
6a436bfc9dcfaf12d5075d521f38afe9,1,8dfb264673631eed595f12828b0ff2c6,10ff823eda2b032e2c93d17a7d294736,2017-10-09 20:56:23,189.99,16.96
6a469666ec55c8ac48cca2b1160f10e3,1,e14736de1aa61cedecf657207bce5ffa,c89cf7c468a48af70aada384e722f9e2,2017-10-27 18:14:26,37.0,12.35
6a4d41fb9165f032ec025794db381fa7,1,601a360bd2a916ecef0e88de72a6531a,7a67c85e85bb2ce8582c35f2203ad736,2017-10-11 12:49:36,119.99,17.09
6a5504144883c3de1333210ad6c6ff28,1,5176d8670222d50ebbe4d4c5dfba2b49,128639473a139ac0f3e5f5ade55873a5,2017-11-08 03:26:15,18.9,12.48
6a5743b4fba3fe11bd82fb9a759f703d,1,40cb225d40f0acc7c8a2dc7b27176874,48162d548f5b1b11b9d29d1e01f75a61,2017-10-13 02:07:18,287.1,27.29
6a5b5b3fdbfa3701498dcddf6979dff4,1,992197904e1d4f0bf3994652373188e4,a3dd39f583bc80bd8c5901c95878921e,2017-10-26 19:05:58,215.56,29.91
6a5c530eab233c31e30ba74a78ac72cf,1,231b36f9858956ff85f4e71640188ca1,7a67c85e85bb2ce8582c35f2203ad736,2017-10-06 02:14:19,129.99,12.11
6a5f6e137c8ecd4e1389645cfee6182b,1,a237de12bdf0bfe4fe220bae65a89731,6c7d50c24b3ccd2fd83b44d8bb34e073,2017-10-13 18:07:25,37.5,13.37
6a5f6e137c8ecd4e1389645cfee6182b,2,a237de12bdf0bfe4fe220bae65a89731,6c7d50c24b3ccd2fd83b44d8bb34e073,2017-10-13 18:07:25,37.5,13.37
6a7e99c1218ca32aefdff408295eb467,1,f6847515f58b8f340dcc75d150d6a0ab,aaed1309374718fdd995ee4c58c9dfcd,2017-10-09 08:50:35,149.9,16.81
6aa0a6611260e7a3288dd6e2864f67eb,1,cdb19f3ee5c8bd5e98f566e4670612da,dc4a0fc896dc34b0d5bfec8438291c80,2017-10-17 14:49:18,59.9,11.92
6aa12b7bccdfe9396d5feb50030e1b3f,1,cbdb31ccb8741d52e26bf2a42c1648d1,7040e82f899a04d1b434b795a43b4617,2017-10-13 12:07:17,69.9,16.12
6ab7569ca759f8bc38432f315743fcd3,1,165f86fe8b799a708a20ee4ba125c289,7ddcbb64b5bc1ef36ca8c151f6ec77df,2017-10-31 11:28:14,146.99,13.58
6ab8dac189301e155d1ff9208d98db3f,1,9b125b82780e1bbb7716c906ff46f89b,6d66611d7c44cc30ce351abc49a68421,2017-10-10 12:49:21,59.9,11.73
6ac9e7249ef5df977218e8251e151355,1,75d6b6963340c6063f7f4cfcccfe6a30,cc419e0650a3c5ba77189a1882b7556a,2017-10-23 13:14:45,56.99,8.72
6acb950e03dd47135b13ab25534934a5,1,71382293e7e1570ecfca5410c546267e,4e06067cc08b3f41d837768d392c3ee3,2017-10-17 05:14:22,39.99,15.1
6aeec0cf09e8cd90c75cdd0ece396867,1,d3c044bd42d84a79e3b0c42662806a48,4c2b230173bb36f9b240f2b8ac11786e,2017-10-16 00:13:58,35.9,14.1
6aeec0cf09e8cd90c75cdd0ece396867,2,d3c044bd42d84a79e3b0c42662806a48,4c2b230173bb36f9b240f2b8ac11786e,2017-10-16 00:13:58,35.9,14.1
6af6633de36925111b10a688783d004b,1,9bc0b0cf5d074be7d532d216a92ec874,731ef20c231d9a7103a425e83fd91271,2017-11-03 17:21:05,564.0,237.84
6b0de1567f1212f98b815cf9dd0197a7,1,0f2210490db477cfc80743481d0b6399,b56828a9f9027f3c918c04ca720d9e3c,2017-10-10 14:14:20,120.0,64.26
6b2909c0acee3c3cd2b71bcc89e6a7df,1,152397b614be35e54106663bd5671f7d,48162d548f5b1b11b9d29d1e01f75a61,2017-10-13 19:50:00,506.0,19.98
6b3badf7183e5f197eaba0dc24fb28f2,1,0aabfb375647d9738ad0f7b4ea3653b1,37515688008a7a40ac93e3b2e4ab203f,2017-10-23 13:26:30,19.9,15.1
6b4a30b5616dfc8267ae9d39b34e3a26,1,a5c90160c3e379f7a99ea8052e6c5f9e,5dceca129747e92ff8ef7a997dc4f8ca,2017-11-01 13:56:20,235.0,50.39
6b512d6dbced14a60725ffbc129d4e29,1,c0c4cfd8255da22de900ac9e613e2a73,79ed755314cfe6df0daef2c6cd3022cd,2017-10-25 15:35:28,119.9,16.6
6b5e3dbfa9a0da1777b2fcf36d09c0f8,1,150c699262a053229e89213dc9c358d2,cd68562d3f44870c08922d380acae552,2017-10-13 14:36:49,116.0,17.25
6b62e2b730a85cfa0ed45351bb31291d,1,cde75c133e1a001c3ffff4f164ce5ef2,897060da8b9a21f655304d50fd935913,2017-10-06 16:56:38,19.9,15.1
6b6a02cd68662e796263b55aeced16ad,1,992197904e1d4f0bf3994652373188e4,a3dd39f583bc80bd8c5901c95878921e,2017-10-23 15:49:19,215.56,18.08
6b7f286d1c41eb87f19bc62c31043740,1,5c1548dadfd64a5fd07c57e378c170f9,05ff92fedb5be47920fea08e501238b9,2017-10-31 20:35:23,44.9,15.1
6b8a03d40f75b75ec65ed5ba13d80f95,1,588531f8ec37e7d5ff5b7b22ea0488f8,53243585a1d6dc2643021fd1853d8905,2017-10-30 22:56:26,1437.0,45.42
6b8f597844181710961184cee39a2aa4,1,0aabfb375647d9738ad0f7b4ea3653b1,37515688008a7a40ac93e3b2e4ab203f,2017-10-31 12:06:10,24.5,15.1
6b9a9e40ac9cdf69e9d4c2643e7d9e21,1,1491a8ff192d4b5c369b0eaa2fe33ee5,37be5a7c751166fbc5f8ccba4119e043,2017-10-26 21:49:16,219.99,32.98
6ba06eb3610c318076f9f5c01afb34ef,1,ca38c039b717207dec906f4fa9a21db7,59fb871bf6f4522a87ba567b42dafecf,2017-11-03 13:48:15,184.99,13.63
6baaa4f22af711c8b15dba8f8269edf8,1,c21390fcf82d68f3a008468547cc3e66,7178f9f4dd81dcef02f62acdf8151e01,2017-10-23 22:35:22,14.9,15.1
6bb2dae600af273ea2bf76856368fa70,1,8df56ba30e76d09f57ca93ee364616a0,4a3ca9315b744ce9f8e9374361493884,2017-10-27 12:56:08,126.0,3.05
6bb2dae600af273ea2bf76856368fa70,2,30fdc68482fb0487e68aaf09260b22cf,d1c281d3ae149232351cd8c8cc885f0d,2017-10-27 12:56:08,71.99,22.84
6bccb079bb15008eb3a71c4ed74cf9b5,1,0a57f7d2c983bcf8188589a5fea4a8da,4869f7a5dfa277a7dca6462dcf3b52b2,2017-10-26 21:56:42,109.9,12.27
6bd41909d90c9f91e22ad236ea395623,1,c5e9b73e5f4c644885862ba3e1137b57,46dc3b2cc0980fb8ec44634e21d2718e,2017-10-09 16:49:50,199.99,16.16
6bf83087dc6176ce753398bf1a976f0b,1,6987398dff454a3138231540e2a6ec61,25c5c91f63607446a97b143d2d535d31,2017-10-23 16:07:48,134.0,31.09
6bf83087dc6176ce753398bf1a976f0b,2,6987398dff454a3138231540e2a6ec61,25c5c91f63607446a97b143d2d535d31,2017-10-23 16:07:48,134.0,31.09
6bf83087dc6176ce753398bf1a976f0b,3,d5991653e037ccb7af6ed7d94246b249,25c5c91f63607446a97b143d2d535d31,2017-10-23 16:07:48,137.9,25.91
6bf83087dc6176ce753398bf1a976f0b,4,d5991653e037ccb7af6ed7d94246b249,25c5c91f63607446a97b143d2d535d31,2017-10-23 16:07:48,137.9,25.91
6bf83087dc6176ce753398bf1a976f0b,5,6987398dff454a3138231540e2a6ec61,25c5c91f63607446a97b143d2d535d31,2017-10-23 16:07:48,134.0,31.09
6bf83087dc6176ce753398bf1a976f0b,6,d5991653e037ccb7af6ed7d94246b249,25c5c91f63607446a97b143d2d535d31,2017-10-23 16:07:48,137.9,25.91
6c06950ffc1acaa875164203a8334192,1,30469bb5ea377eae7121981e2f0778e4,80e6699fe29150b372a0c8a1ebf7dcc8,2017-10-30 16:49:26,113.0,43.16
6c0c06748330cb44b0e4d49f295251c3,1,99903e1e018dd80869032e7e79802059,2c9e548be18521d1c43cde1c582c6de8,2017-10-18 22:35:27,14.99,14.1
6c1d2589bb92157989da84b6f7ac8ef6,1,bbc5419bc92d76e27795c9ec2c233c64,17f51e7198701186712e53a39c564617,2017-11-07 19:14:24,680.0,184.98
6c4a7301e854d61f245807b71ec7642b,1,87283a98b24f9f1ac3a31b631073cf47,cab85505710c7cb9b720bceb52b01cee,2017-11-03 03:06:52,49.9,17.63
6c6de9251e9be0fba786819778705796,1,afc244a6c3db6832df12a4b8b34f515c,aba1721a889e04decc910aa13b768ef4,2017-10-31 13:14:42,59.0,14.16
6c6e45db63667bd55633d47a10d77607,1,3a5d57db958f4fec143599e2c7113f17,4d6d651bd7684af3fffabd5f08d12e5a,2017-10-23 20:24:57,113.9,16.56
6c7132d0849d1aba9e36d48456b3f5fd,1,7d7c88bfb43544f54910ae927de849b6,46dc3b2cc0980fb8ec44634e21d2718e,2017-11-03 12:26:18,259.99,22.66
6c7dad15df3c2284a7dd2a9a35b73e91,1,b623b7cb05ee3248fbe4a6ecbeed79a4,7aa4334be125fcdd2ba64b3180029f14,2017-10-19 19:56:09,73.76,13.54
6c9fa8bfb266b4c7de3e162fb28f46d8,1,6dde44b4172999f35f08654d06bad633,7c67e1448b00f6e969d365cea6b010ab,2017-11-01 02:49:13,199.99,35.56
6ca2f0c1ba04fa2c59259ccaf7e0c44d,1,c47c31505404caa7fa20edad4b971746,dee656f0f566ed1aa85bd137c943f08f,2017-10-23 19:34:06,29.9,15.1
6ca5c63fb52f32ccf5309fddb636c3a8,1,2fb86e1c12f26a5878c7f4db9d0b7e80,3bdff180c7e1f6551a643b99c265a120,2017-11-08 03:31:19,26.9,17.92
6cb2e47e3a5794ff1a6157838c9e32e5,1,c7fd13b5e515bffdab855d0812842edb,1025f0e2d44d7041d6cf58b6550e0bfa,2017-11-06 13:27:55,78.0,8.16
6cb2e47e3a5794ff1a6157838c9e32e5,2,c7fd13b5e515bffdab855d0812842edb,1025f0e2d44d7041d6cf58b6550e0bfa,2017-11-06 13:27:55,78.0,8.16
6ccb433e00daae1283ccc956189c82ae,1,2ee4be9805f228255a38a6f9b03fff1a,da20530872245d6cd9d2f5725613c430,2017-11-03 00:46:58,94.0,28.04
6ce44e655ce6545d9637e72f7529cb5b,1,32b2a45c7698faf599ad250c65f6f633,e8b3a3a38279a82f0e5d006d5e5b7d2c,2017-10-31 20:35:18,39.9,13.37
6ceabf34d230c31f161988dd2ff8fa92,1,3ce21e38e6a3060c20f4e74bdab770c8,1b938a7ec6ac5061a66a3766e0e75f90,2017-10-19 21:35:17,58.9,25.25
6cf8b5d146910e3d1b0f23f82a132194,1,c80525a7dab2df6000ca88a2e7197323,2a5b78b41cd05baeac8df54c6606b92c,2017-10-09 04:05:13,157.77,13.23
6d04c19bc701d2f56dcc0a92e929de0c,1,52b1c0366d4346d02fe4ca6e7c88e32e,c3867b4666c7d76867627c2f7fb22e21,2017-10-18 14:28:55,66.0,12.8
6d15ab11184942cfb824b1946fc00aee,1,a4973d5ec3762f17b42d73f0326c7169,e9779976487b77c6d4ac45f75ec7afe9,2017-10-24 18:06:08,49.49,8.27
6d1e97bacd68745af282bb942bf82a6b,1,073afdaeb2d71d4da3ce0c6935614289,4a3ca9315b744ce9f8e9374361493884,2017-10-26 12:49:29,96.0,10.85
6d1e97bacd68745af282bb942bf82a6b,2,341c7cf0d9806592075c3090658f5c81,cac4c8e7b1ca6252d8f20b2fc1a2e4af,2017-10-26 12:49:29,19.99,21.69
6d230bed2f78fb2634dc7b6910c036d1,1,81d879a43537a2803762ce12282ccbc9,9674754b5a0cb32b638cec001178f799,2017-10-16 22:56:17,57.39,9.34
6d2d513c85c6b40a59a24c477959acdc,1,c0c4cfd8255da22de900ac9e613e2a73,79ed755314cfe6df0daef2c6cd3022cd,2017-10-10 23:35:09,119.9,10.05
6d2fc09d62a66a0e432cb3d6e98a504e,1,8b2e2ee3c4042bdb5b3c5fa6b8663b33,e06f09ec0a4aca210779cf1cfc63cf19,2017-10-17 23:49:13,79.9,11.76
6d306f5d7fbcb1959017af34579fb7a6,1,88a3a882d28c386d79c18ac2141eaea1,8160255418d5aaa7dbdc9f4c64ebda44,2017-10-17 00:14:29,84.9,17.84
6d46be495109b4798339bb7ac0bfaa9e,1,d1040cea3114b6e9f7e2170dc39af1db,2709af9587499e95e803a6498a5a56e9,2017-10-23 04:14:50,44.0,14.1
6d4836ff2cb88dc5916769bc7cbfaefc,1,9d82a263e18f0b5ede827b8dd9825e74,822166ed1e47908f7cfb49946d03c726,2017-11-01 12:14:22,99.99,30.66
6d4836ff2cb88dc5916769bc7cbfaefc,2,bd4b8ef786f95b66ded2f483293318ea,4a3ca9315b744ce9f8e9374361493884,2017-11-01 12:14:22,159.0,4.02
6d4e57d7c544dcf34b3dd4c1afb12c60,1,b92a7304ebad1ca5b393b53b2de5c70a,7c67e1448b00f6e969d365cea6b010ab,2017-10-16 20:56:22,144.99,47.93
6d6491e68b2e416f68ec6e23e004d3a3,1,13a58c8c026b664e412003b4cbdc30a3,98dac6635aee4995d501a3972e047414,2017-10-30 20:49:53,9.6,16.11
6d6491e68b2e416f68ec6e23e004d3a3,2,13a58c8c026b664e412003b4cbdc30a3,98dac6635aee4995d501a3972e047414,2017-10-30 20:49:53,9.6,16.11
6d6491e68b2e416f68ec6e23e004d3a3,3,13a58c8c026b664e412003b4cbdc30a3,98dac6635aee4995d501a3972e047414,2017-10-30 20:49:53,9.6,16.11
6d6491e68b2e416f68ec6e23e004d3a3,4,13a58c8c026b664e412003b4cbdc30a3,98dac6635aee4995d501a3972e047414,2017-10-30 20:49:53,9.6,16.11
6d6491e68b2e416f68ec6e23e004d3a3,5,13a58c8c026b664e412003b4cbdc30a3,98dac6635aee4995d501a3972e047414,2017-10-30 20:49:53,9.6,16.11
6d6491e68b2e416f68ec6e23e004d3a3,6,13a58c8c026b664e412003b4cbdc30a3,98dac6635aee4995d501a3972e047414,2017-10-30 20:49:53,9.6,16.11
6d771a62f8e59777188b20db61acb214,1,1c36a5285f7f3b1ed2637d7c528ce5ff,d1b65fc7debc3361ea86b5f14c68d2e2,2017-10-09 15:07:16,89.99,45.09
6d77e82393612bee76e53595fd945726,1,83d199d296c44101c8c3b5c9c0cce9ea,850f4f8af5ea87287ac68de36e29107f,2017-10-22 23:35:39,69.99,9.34
6d7b9cba0e798f9b68b2c0745b38859a,1,da6f9d8ce4950ad572b7b4fe7d7e6c90,8b28d096634035667e8263d57ba3368c,2017-10-20 12:28:26,97.9,12.19
6d7f89c34bd6171fd439f8f7c2404460,1,ba9100151f4fc29a675a8e1ddee0764f,709e16e2b25c7474d980076c6bfc4806,2017-10-23 22:50:03,43.9,11.85
6d987387b063e94301514187b362d3f2,1,154e7e31ebfa092203795c972e5804a6,cc419e0650a3c5ba77189a1882b7556a,2017-11-10 12:47:17,23.99,7.78
6da45c88a41888408e61bfe388d93f01,1,eaaedcf6f1fee559b27b286e16afdf88,18a349e75d307f4b4cc646a691ed4216,2017-10-16 03:44:06,47.7,8.72
6dccfb3ecc8d480f75f2b28c745a30fd,1,b80921007ed3f68cf6e536e6daf08610,ea8482cd71df3c1969d7b9473ff13abc,2017-11-01 00:28:08,29.99,21.15
6ddda171d214be5f13055479d8b41364,1,d285360f29ac7fd97640bf0baef03de0,fa1c13f2614d7b5c4749cbc52fecda94,2017-10-17 22:49:28,348.8,16.19
6de3383be650cfe96aed26171ad65c47,1,9d8a0e115e802d845b4ce1eb794d1260,d05ae8f7a5bd1d2a690a44cd079e4e27,2017-10-24 16:56:50,120.0,7.94
6de3383be650cfe96aed26171ad65c47,2,7666acd3cb60e97bf02449e36be0c02a,d05ae8f7a5bd1d2a690a44cd079e4e27,2017-10-24 16:56:50,204.0,23.83
6df212c57a455b3e79feb0739f1ebecc,1,2197e985613d6f73425b6baf8401c728,14d7985702e72162bbf13b6beb74ab2b,2017-10-27 08:14:25,79.0,15.31
6e00490e8e97e8522f6f3b2d440ec3de,1,9b9d1c4bd979b93c138044e032f99780,7a67c85e85bb2ce8582c35f2203ad736,2017-10-12 23:42:12,99.99,16.95
6e19c0ff384b7d4685333ee0a9342f21,1,c3adcd846a294794059da678fb939220,4a3ca9315b744ce9f8e9374361493884,2017-11-03 17:31:33,93.9,17.91
6e1a982b49ab5d583b645b1bf892ea3f,1,a92930c327948861c015c919a0bcb4a8,6560211a19b47992c3666cc44a7e94c0,2017-10-26 17:14:45,78.0,7.8
6e1e856a0fa5c51efd83408e3f8d1fe3,1,083ffd30820b592e294de7ed668ff975,f8db351d8c4c4c22c6835c19a46f01b0,2017-10-31 02:28:21,45.9,8.27
6e3a62e4b3150455350d30705dc23ac3,1,00f42e56821b1779fbf397fe72639054,cac4c8e7b1ca6252d8f20b2fc1a2e4af,2017-10-19 17:34:57,99.99,24.75
6e3a62e4b3150455350d30705dc23ac3,2,e357a8646a17191f03fd9f833a0fa29b,bd23da7354813347129d751591d1a6e2,2017-10-19 17:34:57,99.9,11.14
6e3d694de21b9149410f92a43ece1186,1,824d0f65de327bae9d13bbc23528c79a,7d76b645482be4a332374e8223836592,2017-10-18 00:09:41,21.9,15.1
6e3d694de21b9149410f92a43ece1186,2,824d0f65de327bae9d13bbc23528c79a,7d76b645482be4a332374e8223836592,2017-10-18 00:09:41,21.9,15.1
6e5eb9bf354b388aac8561d04e9b0ef0,1,9c9c0e6325bd947d1468817769ed4197,2156f2671501a81034d7d07f217609d0,2017-10-31 10:31:05,75.0,16.97
6e717532e0002abd1bdb69428673bbce,1,53759a2ecddad2bb87a079a1f1519f73,1f50f920176fa81dab994f9023523100,2017-10-30 10:07:13,59.9,28.82
6e89707fcdbc3ebec7af18514966cc90,1,e0f33a3329af6716a0bb47fd7a664439,7e26c750b4cb9f6766f58265ff9ebe95,2017-10-19 13:56:30,48.9,12.48
6e8e9748010ab5cc3d63563f8ac5b784,1,f96de3be9535f89737fa62e14eaf7ace,1b8b75e227c9a9c100d0c210fb6176ce,2017-11-06 07:55:07,89.99,16.39
6e924d48f1cd0e231543fef06a3a99ac,1,4cafc445fc7535c3b41b8978c0ce68dc,0bb738e4d789e63e2267697c42d35a2d,2017-11-09 03:15:21,79.9,25.4
6ee07bb000ad56123f660b23dabed4ab,1,aede48631330269f65a8d680de491657,dbc22125167c298ef99da25668e1011f,2017-10-17 22:56:16,83.9,14.32
6ee6857d32f80cabca7367048d5a2808,1,d9de30e71874dfe17522cbfbc5c72921,81a1104df0f08b59c68aa5b03cfe398e,2017-10-31 10:14:30,94.9,47.19
6ee745e53a6ca0336b04b022ac01ac73,1,5570e58fb62fc2a83e5bda3974e35be5,da8622b14eb17ae2831f4ac5b9dab84a,2017-10-09 00:56:13,99.9,13.72
6eec5e9b67eca054d3bf4b3092fa8e26,1,bd6e6fce9ada76ea2db0f1912e8e478f,1835b56ce799e6a4dc4eddc053f04066,2017-10-27 15:49:36,56.99,16.16
6ef8f6ed00303d5d81cdab508d586dcb,1,3468c85c5c4de55707fd08e4f5b665dd,725c32fa80c2faacc4fc88450d27314e,2017-10-19 19:07:19,25.99,15.11
6f1cb864f765abe2a420395e16689a13,1,d6c17244033c5af6859b05cc925c8478,4869f7a5dfa277a7dca6462dcf3b52b2,2017-10-17 21:35:20,245.0,16.46
6f3a2c8b196fb74e743e30c4cfa59ccb,1,1ed5f2a2e075f5f245029c6b61420dae,cb3dd9ce66268c7a3ca7241ac70ab58c,2017-10-18 11:49:34,89.9,16.88
6f585e3d1235b5a3e6a640b8858e1b4f,1,a92930c327948861c015c919a0bcb4a8,6560211a19b47992c3666cc44a7e94c0,2017-10-13 15:01:31,78.0,14.3
6f634fcca0b64bdf097263da788326b5,1,9b5020f2bc3043b993be2559c465e380,99002261c568a84cce14d43fcffb43ea,2017-10-25 00:14:21,120.0,44.69
6f64881752fecf2f3a74cb41f7197495,1,c10426af8413edc42015b10a76b43651,7040e82f899a04d1b434b795a43b4617,2017-10-26 00:05:50,79.9,15.32
6f678401da533b025aedf90ee59ab1d6,1,907215e5a3f79b3afa2d846c6209760e,bba74270a87732727b5a3b4fd9ac1c39,2017-10-23 15:07:19,53.99,19.62
6f69c7d5b18941f0e58ce99742b93694,1,eefb750a45a4ba505ffd4813ecaf2b18,870d0118f7a9d85960f29ad89d5d989a,2017-10-24 03:15:47,19.9,14.08
6f69c7d5b18941f0e58ce99742b93694,2,eefb750a45a4ba505ffd4813ecaf2b18,870d0118f7a9d85960f29ad89d5d989a,2017-10-24 03:15:47,19.9,14.08
6f69c7d5b18941f0e58ce99742b93694,3,eefb750a45a4ba505ffd4813ecaf2b18,870d0118f7a9d85960f29ad89d5d989a,2017-10-24 03:15:47,19.9,14.08
6f6b5c08b8746e5c1ea778afcf6ec2da,1,ecab3fa721d1b06c225f23c30f02eb5e,e9779976487b77c6d4ac45f75ec7afe9,2017-10-19 16:51:39,123.49,8.61
6f6fb5a1685d21efac70b753fd9f70a3,1,dd6a505f83dd3c6326aa9856519e0978,fa40cc5b934574b62717c68f3d678b6d,2017-10-17 01:14:25,49.9,7.78
6f834f2bc49204574e674eaefec43d14,1,86133a2151bd98a3ed2ad758709e6d1b,f27e33c6d29b5138fa9967bcd445b6d5,2017-10-12 22:56:12,59.9,24.97
6f836daf60e4b6e978d737f822dab814,1,d537e54e990d95194a5733e79f1af1aa,4305fe92735c8a43d154ff6dd2b8d927,2017-10-13 20:24:54,139.9,34.78
6faf5506e03c48ca5cd8fec8b1d7d1f0,1,aca2eb7d00ea1a7b8ebd4e68314663af,955fee9216a65b617aa5c0531780ce60,2017-10-20 04:28:26,75.0,21.02
6fc04dd62f16cf5d1986c91166a2125f,1,7cc23d3a974be45542366d35eaec7965,282f23a9769b2690c5dda22e316f9941,2017-10-13 02:14:12,42.0,16.6
6fcafc7a7cd30fd93d2e40a26a81d5d5,1,083ffd30820b592e294de7ed668ff975,f8db351d8c4c4c22c6835c19a46f01b0,2017-10-10 02:56:42,45.9,8.27
6fd59e3ae7e24c50131f6bc97c4c7776,1,588531f8ec37e7d5ff5b7b22ea0488f8,53243585a1d6dc2643021fd1853d8905,2017-11-08 20:45:15,1437.0,19.74
6fd59e3ae7e24c50131f6bc97c4c7776,2,588531f8ec37e7d5ff5b7b22ea0488f8,53243585a1d6dc2643021fd1853d8905,2017-11-08 20:45:15,1437.0,19.74
6fec4ed02a4de8f4e7e064591aa2c5eb,1,368c6c730842d78016ad823897a372db,1f50f920176fa81dab994f9023523100,2017-10-31 02:28:06,59.9,17.67
6feeca05362a431b585a63a6043e7c1c,1,f06301dd6d54c3e4300920991f2af380,6fd52c528dcb38be2eea044946b811f8,2017-11-16 15:10:19,105.6,16.67
6ff5c2acb22a3ecf21cf46bef548f5c6,1,a5341e3f8155dbb3e62323d3ea289729,ff063b022a9a0aab91bad2c9088760b7,2017-11-03 04:10:14,79.5,22.43
7001abbf1e0f0ba850285e46d880346d,1,36c2fb4fa746273709c373f6d6ec6796,00ee68308b45bc5e2660cd833c3f81cc,2017-10-12 22:14:18,80.0,17.81
70110517388311cb851a9e9ba1d499cc,1,9348cf658c9f20576186a9f3b82c58c3,7dc8c42cc750eeafea6c85712ffee9bf,2017-10-12 21:15:10,89.0,25.46
7019f5477dbad7fdefd5d328efb829d6,1,817e1c2d22418c36386406ccacfa53e8,624f4ece8da4aafb77699233d480f8ef,2017-10-22 22:28:16,159.0,59.55
701ba4e30193470253a5e099210a2054,1,a84d0660dbffebf352aefbf1a6b18d00,6560211a19b47992c3666cc44a7e94c0,2017-11-07 04:30:14,29.0,8.63
701ba4e30193470253a5e099210a2054,2,43423cdffde7fda63d0414ed38c11a73,b1fc4f64df5a0e8b6913ab38803c57a9,2017-11-07 04:30:14,55.0,21.58
701ba4e30193470253a5e099210a2054,3,2136c70bbe723d338fab53da3c03e6dc,6560211a19b47992c3666cc44a7e94c0,2017-11-07 04:30:14,29.0,8.63
7029824369e12a2c4102565ad3f2bd50,1,2d000576ada7098440d09be3e8b6ff5d,9646c3513289980f17226a2fc4720dbd,2017-10-27 11:14:13,18.9,16.11
7033853f56455c1b2c26f0d135c8abd4,1,b6075e028451d1426b276da0441684d3,b499c00f28f4b7069ff6550af8c1348a,2017-10-16 14:35:33,54.99,26.92
7040178baab72ebdfd434cb84ff6e863,1,e4366034fc8fd74e6db36502e0166259,527801b552d0077ffd170872eb49683b,2017-10-19 12:14:27,38.9,16.11
704374e26cb18a00afd45c327fe8d3ce,1,186d7d472f062ca6ef30689faa935d2e,53e4c6e0f4312d4d2107a8c9cddf45cd,2017-11-03 02:55:33,28.0,15.1
70498ad5af42884a122355352f008c14,1,992197904e1d4f0bf3994652373188e4,a3dd39f583bc80bd8c5901c95878921e,2017-10-26 14:35:16,215.56,23.83
70498ad5af42884a122355352f008c14,2,992197904e1d4f0bf3994652373188e4,a3dd39f583bc80bd8c5901c95878921e,2017-10-26 14:35:16,215.56,23.83
705172254d979af1ed7ec13222ed5532,1,93f9c7eb069e7ef8685ebe71ca606135,70a12e78e608ac31179aea7f8422044b,2017-10-11 16:25:47,140.0,12.48
7060af1357b2b39a2545d6f54b30c774,1,7ae8d9b8eca8a6daf066e53ddc7034d3,128639473a139ac0f3e5f5ade55873a5,2017-10-09 20:07:12,18.9,12.48
70623d7ff2e126f3688dba1042ec9531,1,588531f8ec37e7d5ff5b7b22ea0488f8,53243585a1d6dc2643021fd1853d8905,2017-10-27 16:38:36,1437.0,34.51
707b6f03abbbc071c056f47706c0d43b,1,7814c273ab16783d73a9863ebfa8b141,1025f0e2d44d7041d6cf58b6550e0bfa,2017-10-26 20:15:01,250.0,62.49
70824d82746ebb9193cceee2e1bc99d8,1,17823ffd2de8234f0e885a71109613a4,46dc3b2cc0980fb8ec44634e21d2718e,2017-10-19 15:14:30,259.99,49.26
708cb5e8cac7d35e5acd85d630125653,1,fe6a9515d655fa7936b8a7c841039f34,dc317f341ab0e22f39acbd9dbf9b4a1f,2017-10-30 03:25:56,249.9,78.77
70b9629a764d2247cf5995014b7204d2,1,525947dbe3304ac32bf51602f9557c12,da8622b14eb17ae2831f4ac5b9dab84a,2017-10-26 13:49:28,114.9,18.05
70b9629a764d2247cf5995014b7204d2,2,525947dbe3304ac32bf51602f9557c12,da8622b14eb17ae2831f4ac5b9dab84a,2017-10-26 13:49:28,114.9,18.05
70b9629a764d2247cf5995014b7204d2,3,525947dbe3304ac32bf51602f9557c12,da8622b14eb17ae2831f4ac5b9dab84a,2017-10-26 13:49:28,114.9,18.05
70cd45f4715c8840b197efee2b9d533c,1,e16045eef2ff02ee2a6469e167958bb0,c6381d2d013342748761e906d45aff76,2017-11-10 00:05:57,67.99,16.68
70cd45f4715c8840b197efee2b9d533c,2,e16045eef2ff02ee2a6469e167958bb0,c6381d2d013342748761e906d45aff76,2017-11-10 00:05:57,67.99,16.68
70d311beea4bad34a599296c2095e449,1,ff80f0538290775336ee74b4997a855c,4869f7a5dfa277a7dca6462dcf3b52b2,2017-10-20 13:14:27,136.9,15.71
70dc1650fbe7679b733b3d80d3073765,1,617186c3d97ea56c9c683a8a3974e8c1,cc419e0650a3c5ba77189a1882b7556a,2017-10-16 14:25:01,84.99,14.34
70de10a1734ff16b0e8e5f6f14b3bfcb,1,1ccef988a8dd457a93b0b4833b8f0724,1ca7077d890b907f89be8c954a02686a,2017-10-19 10:28:18,35.0,14.1
70e028766affefb2a0c1dbe2cc075f2a,1,096e14458100c2b6d10f72d69f80cf34,46dc3b2cc0980fb8ec44634e21d2718e,2017-10-08 23:14:16,269.99,24.76
70e381b75e694797015e96006a8b78cd,1,4a8c87facc0a20b726d5e1112ff3069f,bf3c6d2a28b2b5501e6c15448982dcc9,2017-10-06 11:04:04,119.4,17.09
711231d01dea504ad47e0d6b7a229592,1,601a360bd2a916ecef0e88de72a6531a,7a67c85e85bb2ce8582c35f2203ad736,2017-10-19 04:45:55,119.99,12.04
7123f52d364ee0592e24743d2714f05d,1,b94d8ea73a0921d4019e67239784e7f6,82e0a475a88cc9595229d8029273f045,2017-11-03 14:05:55,284.9,16.75
7141b87b44fdcff68e7feeb4a99fd6c8,1,8d99a7ed81f061ceed740d8900be880a,4a3ca9315b744ce9f8e9374361493884,2017-10-19 19:35:07,48.9,31.1
7182e129d91eb324a925d8f1f8221d88,1,5cd47d379b62715339c690e8ffe65df4,744dac408745240a2c2528fb1b6028f3,2017-10-13 18:29:35,198.0,16.14
71865a55cb13d1685ed2ea7db1cb24d6,1,530a9cb93b8b670336305e39f24a68d2,99eaacc9e6046db1c82b163c5f84869f,2017-11-01 13:29:33,42.99,15.1
718db37c9161a7d6124c332ea8780b19,1,3831462c36ead78cff9e8fb704dbb879,3d871de0142ce09b7081e2b9d1733cb1,2017-10-26 10:49:29,120.0,13.86
71a378f8b8ef5f17a1518d5bf92f57c4,1,c9087c6bffed15d6cd627121fb818386,b4ffb71f0cb1b1c3d63fad021ecf93e1,2017-10-18 12:49:28,117.48,17.26
71ad99b8dbf07cd53f96b3dd7cd0ebbd,1,6856ab01ef22301e08a45d5842ccb247,4a3ca9315b744ce9f8e9374361493884,2017-10-27 17:14:14,129.9,18.16
71b99494e76e07a7deacaf4cba75afe1,1,42a2c92a0979a949ca4ea89ec5c7b934,813348c996469b40f2e028d5429d3495,2017-10-26 02:56:34,59.9,17.13
71bc814a4b756aa6d80e9769f0c5ef37,1,fb3230a295c320ca2a32fc1047e8715f,b4ffb71f0cb1b1c3d63fad021ecf93e1,2017-10-29 22:28:20,160.0,26.4
71bcd4c93050ae4b9814ed49894c2a8d,1,5e34d2963378695699827b6e629392b4,38e679b9e0064cd94c6f035707344dae,2017-10-18 21:35:23,79.27,16.99
71bed795590c5696341284d24a4d845d,1,811f973313e8219988a69cc140c447f0,dd2bdf855a9172734fbc3744021ae9b9,2017-11-06 11:32:00,99.9,18.94
71c8043c2b2900e423ad544aa00bbd8b,1,a44915c1c247c7de4b5ea38ae2fcf657,06bb3a2fe5e7b7a845b13e8fb91bd944,2017-10-13 15:56:17,55.9,16.96
71ca3bab201007339dfb592df2d185d4,1,d89ba268c7abe3819f2d39f0a359077c,46dc3b2cc0980fb8ec44634e21d2718e,2017-10-27 19:45:46,269.99,17.65
71d8ad12c759cd9f8f9083bc6a540007,1,bd4b8ef786f95b66ded2f483293318ea,4a3ca9315b744ce9f8e9374361493884,2017-11-03 14:05:55,159.0,21.6
71e0f584a78d917d459abe222c67b1dd,1,f819f0c84a64f02d3a5606ca95edd272,4869f7a5dfa277a7dca6462dcf3b52b2,2017-10-31 02:08:32,689.0,17.84
71ebd46bcd6c3ff32ce6da77c9a6702a,1,f9259c9e7c0f12c70f7a81409680a5ff,3db66a856d18a9cba7c9241fc5221c50,2017-11-07 03:50:42,69.9,13.51
71f3711def0641f613b693af7bf61083,1,fe95eb948375116da759c8ef60295001,4a3ca9315b744ce9f8e9374361493884,2017-10-10 03:04:13,65.9,16.22
7216ce968c7d0e2648617fbdbf7933d1,1,777d2e438a1b645f3aec9bd57e92672c,4a3ca9315b744ce9f8e9374361493884,2017-10-13 09:07:13,69.9,13.51
724d428017f2d1e905e1e695296e90f5,1,5264bb8a8395e30c0d59ac73be2c7613,2138ccb85b11a4ec1e37afbd1c8eda1f,2017-10-19 05:14:17,18.99,7.78
727e96ab29834171ff0fe393453467e0,1,c081e0bd900ca695285255e5588f2ae0,7aa4334be125fcdd2ba64b3180029f14,2017-10-30 03:14:17,102.5,13.74
72824c152aa4963ec6ea310bad44c907,1,8db4ee0e7e76083bd7d2d8ba3085b3a2,ececbfcff9804a2d6b40f589df8eef2b,2017-10-26 11:35:16,27.99,15.1
7283af6d0a493a44ede5ffbdd7b32c23,1,576b0f2b5001819adda7c2512b9f69b9,38874e327ce94d11390b96eb42d61928,2017-11-07 03:07:16,139.99,15.73
728bab0ec00db2d2385200ce1b5a3ec7,1,8ed094bfe076c568f6bb10feada3f75d,7c67e1448b00f6e969d365cea6b010ab,2017-11-03 03:05:53,196.99,20.0
728bab0ec00db2d2385200ce1b5a3ec7,2,8ed094bfe076c568f6bb10feada3f75d,7c67e1448b00f6e969d365cea6b010ab,2017-11-03 03:05:53,196.99,20.0
72a200617f45c76ab4e2c202a681958f,1,77d1b9fb8d3858f503316105e9ac6c51,2138ccb85b11a4ec1e37afbd1c8eda1f,2017-11-06 13:30:48,18.99,7.78
72bbfb1326267dae6346125615032442,1,b0f007aa08f8289b1b3471eda48c8d9c,2745f798279e0ed033addcc1474776d7,2017-11-03 20:50:19,147.14,21.52
72c061dd658608d47b290082ddbb976d,1,74985eecf05f5ef2d7e4c59156454e2c,080199a181c46c657dc5aa235411be3b,2017-10-13 10:49:22,179.49,9.45
72c43226251f106407afcfe2b2f2e247,1,e6b1fb4c720a25db36b934075d87b42a,59b22a78efb79a4797979612b885db36,2017-10-17 23:28:55,169.0,31.93
72c6b387a8a7211c63a087c477cc8458,1,091af6c2d579fe0926b4fcb8db07f78e,4d6d651bd7684af3fffabd5f08d12e5a,2017-11-03 11:30:04,79.0,12.05
72e44b7d63b447ef53a8a281314c6a9d,1,c72edc98e7d77f0c4c04ec80730c05f5,5b925e1d006e9476d738aa200751b73b,2017-10-13 12:07:19,79.0,22.87
72effeb8a2be92644dddb7dbf5df144a,1,ca9c04665b3deab07935392e7432cdbe,5a8e7d5003a1f221f9e1d6e411de7c23,2017-10-16 18:51:56,59.9,14.17
72effeb8a2be92644dddb7dbf5df144a,2,ca9c04665b3deab07935392e7432cdbe,5a8e7d5003a1f221f9e1d6e411de7c23,2017-10-16 18:51:56,59.9,14.17
72effeb8a2be92644dddb7dbf5df144a,3,ca9c04665b3deab07935392e7432cdbe,5a8e7d5003a1f221f9e1d6e411de7c23,2017-10-16 18:51:56,59.9,14.17
72f065b9ff2994a7d3b887878e7f88c0,1,154e7e31ebfa092203795c972e5804a6,cc419e0650a3c5ba77189a1882b7556a,2017-11-10 20:06:21,23.99,7.78
72fcaaf6f276ca11244c4a82bb009eaf,1,badc98cb4b92b5452a49c1a9e7406b51,1900267e848ceeba8fa32d80c1a5f5a8,2017-10-13 14:49:26,47.99,15.1
730817800ec1c4805e8a41e67459d4e2,1,4413a608a42bd21bbf9d5abbd58c249a,7ddcbb64b5bc1ef36ca8c151f6ec77df,2017-10-27 14:56:28,146.99,13.58
732b59a6f2d05d4b23beade8d0a16a0d,1,0aabfb375647d9738ad0f7b4ea3653b1,37515688008a7a40ac93e3b2e4ab203f,2017-10-31 13:06:06,24.5,15.1
732f26c55f8366066c096f572cb73854,1,06a7a571bc9fbb103a9c2eb90f89432c,2a1348e9addc1af5aaa619b1a3679d6b,2017-10-24 01:35:20,29.9,5.57
732f26c55f8366066c096f572cb73854,2,3e7ec3672e5549ba74cf635752bfc70b,5a8e7d5003a1f221f9e1d6e411de7c23,2017-10-24 01:35:20,59.9,22.28
733382d1468823c8be556d7aa233e8da,1,72172e982e8b92155069e4201c92c0bb,e9779976487b77c6d4ac45f75ec7afe9,2017-10-11 18:06:26,37.49,9.27
733f13d4010ca0422b13297afec0871e,1,bdb4be6ce2f7f2b5be0a16088028c7fc,955fee9216a65b617aa5c0531780ce60,2017-11-03 02:57:01,85.0,14.2
7343951818332032146c6e09dd824443,1,111a3ef82d77e13260a73fbf58c41da5,dee656f0f566ed1aa85bd137c943f08f,2017-10-17 21:06:15,34.9,15.1
7343951818332032146c6e09dd824443,2,96b4ceeea5f4e3997ac6543f49a4f138,0c7533c71df861ec58ad7ff999ed0e8d,2017-10-17 21:06:15,47.9,15.11
734ed62862ce8c5abdbb1311173e7a95,1,49adae85b53072da0eb9a88c3f0d2c7b,3d871de0142ce09b7081e2b9d1733cb1,2017-11-07 17:55:24,95.0,17.92
735349ca95c43f6af88a10437821de08,1,6cdd53843498f92890544667809f1595,ccc4bbb5f32a6ab2b7066a4130f114e3,2017-10-24 13:49:21,349.9,17.21
735cd7df0237de24454fd5b5b4195515,1,1cc5f038fa8645580602fb2423d3a50a,17e34d8224d27a541263c4c64b11a56b,2017-10-25 14:27:02,107.15,17.19
737319bd7dfa30305a850b2735236896,1,a1ebb47a48200e6566603de49b83f621,46dc3b2cc0980fb8ec44634e21d2718e,2017-10-19 23:14:17,269.99,18.2
738958f1bd5348249ab7a14f6a9959e3,1,ba9943916136c9959e24f71bdae28faa,8c16d1f32a54d92897cc437244442e1b,2017-11-08 03:26:22,44.9,15.1
739b9020863344c26e8215b55208591e,1,461f43be3bdf8844e65b62d9ac2c7a5a,4869f7a5dfa277a7dca6462dcf3b52b2,2017-10-30 01:49:07,146.0,12.52
739bb836f89badf6feddbbb049eef241,1,8f83335d6508c667813ff14dc437bc81,058fd0aa2bfdb2274e05e1ae971dabb6,2017-11-05 23:05:56,142.5,15.75
739ee9313185c60eb018bf03f642fc61,1,60a82b9f55ecd2035ad8d9c61e2afe18,cfb1a033743668a192316f3c6d1d2671,2017-10-26 19:25:30,25.5,15.1
73b6681d5b9ead3f8fbc883a3592a34a,1,ee0c1cf2fbeae95205b4aa506f1469f0,cc419e0650a3c5ba77189a1882b7556a,2017-10-23 22:49:17,53.99,14.13
73d5596cd40ea2ece8accb9b4e5fc938,1,c9845573653d06921e63975a8eca331e,ef506c96320abeedfb894c34db06f478,2017-11-01 03:08:51,28.99,25.63
73d70dce05cb08ecad51b47c4fd26925,1,646ce272adff96b1ace27e81c9bdf29d,dbc22125167c298ef99da25668e1011f,2017-11-03 18:10:15,126.9,14.62
73d8fbbc006da6a68bb49f8cebc05a50,1,96b84df3582b12cc062543cee325b38e,0ea22c1cfbdc755f86b9b54b39c16043,2017-10-10 02:43:40,24.9,15.1
73df19345d0de1ae473fdfd37070f16c,1,6cdd53843498f92890544667809f1595,ccc4bbb5f32a6ab2b7066a4130f114e3,2017-10-30 09:28:12,349.9,19.02
73ee5d9bf5f571053d72b662d6011341,1,a5eb994011cc41631b483ed58190bc61,1dcfa3835714681d4ba4a93bc1e0fd41,2017-10-23 01:35:13,79.9,16.19
74040cd9562ffaf774035a7eeb2c6327,1,a8626e1c9d4273aa4bb5065747148d30,59b22a78efb79a4797979612b885db36,2017-11-07 18:55:12,219.0,41.92
745f8e8e54805aa546f8083a70649d82,1,ba4a91633739ceceb2b73b627e2cfbc3,7c67e1448b00f6e969d365cea6b010ab,2017-11-01 03:07:20,139.99,38.82
7463f829999f41a9eea1e98f4e52b48d,1,a72209f6ea270769cecf0ed4168d3893,42bde9fef835393bb8a8849cb6b7f245,2017-10-10 02:49:22,59.0,25.69
746abc8ae9eb8c8f21a6c916527ff5ba,1,1c63d0a4d75df524d4605a43285925d7,45d33f715e24d15a6ccf5c17b3a23e3c,2017-10-23 03:56:21,51.87,16.12
7472a7af8da923995455305668975074,1,6f46af5fc09325dce08d1e8173d157d6,0432ead42b6c8a0bdf68154add917fdf,2017-11-01 03:09:39,109.9,34.57
747472f67c6d285c60bd732fc28beaf9,1,8ae1198dd85742fe30b74a96968f250e,3b15288545f8928d3e65a8f949a28291,2017-11-06 15:08:20,115.99,29.21
747472f67c6d285c60bd732fc28beaf9,2,8ae1198dd85742fe30b74a96968f250e,3b15288545f8928d3e65a8f949a28291,2017-11-06 15:08:20,115.99,29.21
747472f67c6d285c60bd732fc28beaf9,3,8ae1198dd85742fe30b74a96968f250e,3b15288545f8928d3e65a8f949a28291,2017-11-06 15:08:20,115.99,29.21
747cce3ab1f2a36846e013700b93f0ba,1,f4f67ccaece962d013a4e1d7dc3a61f7,8581055ce74af1daba164fdbd55a40de,2017-10-17 00:49:39,241.1,39.53
747f604b7af55628b51cec5d2d80c779,1,d58e6a832075e2743bc96d14b2ef91d3,dbb9b48c841a0e39e21f98e1a6b2ec3e,2017-11-03 08:10:14,44.99,15.1
748197f229fe836211d7e6df5c1a6a8a,1,e4d1cdc6559e08672c98c73a21305521,d354c38a7182125a748cb10474fe963b,2017-10-26 19:14:12,18.99,16.79
748c52d1621e759a512c6175e674dfbe,1,d722e6d632fdc8f3ba9375c599087ab3,5c243662ce92d84573bfaff24c3e3700,2017-10-09 21:24:24,362.99,11.36
74960f1e9b23374fc910ece2c75a8f20,1,8d99a7ed81f061ceed740d8900be880a,4a3ca9315b744ce9f8e9374361493884,2017-10-09 04:28:27,48.9,19.23
7497a05fc173872d55f1e764de3c3a5f,1,d1fbb5683c8e93f314d0f2bf40d07761,dc4a0fc896dc34b0d5bfec8438291c80,2017-10-26 03:07:27,95.03,17.92
74a5900cf86c1ea72e09040bd744e793,1,25f86162fee18735fffdb762dcb10d7c,1a3df491d1c4f1589fc2b934ada68bf2,2017-10-27 12:35:21,149.9,23.92
74a9f427a3c1a76a0af9ddf92aced07c,1,eed5cbd74fac3bd79b7c7ec95fa7507d,5d378b73ab7dd6f0418d743e5dcb0bd1,2017-10-20 16:28:33,1989.0,34.58
74cc0ed335d038500396da34763043a6,1,caa41bf17e27022341da028e79152c4c,f84a00e60c73a49e7e851c9bdca3a5bb,2017-10-18 18:46:31,46.4,7.94
74da3383cde17137b2241e3b7e40c78b,1,ace5d86cf1ac63cdb76f49e5cd23d2f8,cca3071e3e9bb7d12640c9fbe2301306,2017-10-10 11:28:28,50.9,12.7
74dd410abd613e48dcee781aeb269181,1,aeb2f7fc62c8a2a56ae6e2f1b04d4e62,8d46553a36e68f95350a200c12f8f2e2,2017-10-24 15:49:26,16.9,7.78
74f5cfdfc86cca4b0ca48d0c310bc6ed,1,677c80cd5ba8c0099fac5606e53648ae,4a3ca9315b744ce9f8e9374361493884,2017-10-26 11:07:29,259.9,13.32
750465ac3478d2b4483153fcd61b9c13,1,c60da43ed0fc0f33c57242c2f631e99e,52f976b17ea7f2f087f56dcc419328f6,2017-10-13 10:35:34,1459.0,233.59
751161aadc4b3f4e09ace1f4ea2c146a,1,e4bc98f06b9893b763bb17a152219b87,2d50d6282f8aa2257819a77bfaa0efe0,2017-10-18 00:21:31,79.99,13.83
751161aadc4b3f4e09ace1f4ea2c146a,2,908071e6f99433fe356fcfaa41fd1d1e,7722b1df1b0e383e000397b2c11e3e19,2017-10-18 00:21:31,17.9,13.83
751161aadc4b3f4e09ace1f4ea2c146a,3,51930b8934b8991edff523246feb9ae7,0c8380b62e38e8a1e6adbeba7eb9688c,2017-10-18 00:21:31,99.9,22.19
751faf67487905eeaf337644003ff82c,1,6506fe6d39dbfe5539082b749f6654c8,1900267e848ceeba8fa32d80c1a5f5a8,2017-10-25 19:35:27,38.0,11.85
7526e6e32c9eb710b8afc4c01dd785d4,1,11dcc970f7a5581e1bf777b6da3f7096,06579cb253ecd5a3a12a9e6eb6bf8f47,2017-10-31 02:26:13,69.9,23.11
7529dd1778a9d75bcd367a8ddc1e9d14,1,3cebb9158a3aa0b3f78ee0f934c9f032,7008613ea464bad5cb9b83456e1e6a8f,2017-10-05 21:07:02,59.9,17.67
753c4a66ef772332b78edb65a317f903,1,ec2d43cc59763ec91694573b31f1c29a,1c129092bf23f28a5930387c980c0dfc,2017-10-26 13:49:35,45.9,15.11
753ea01a5062671540a89514bd6b554a,1,e84997d75938765ef99930f908ceedf4,dbc22125167c298ef99da25668e1011f,2017-11-08 03:26:15,127.9,14.63
754edc03c66f1bd22203c465db885cbf,1,e282624d8c82e04983f125e167eb4521,ea8482cd71df3c1969d7b9473ff13abc,2017-10-09 04:28:24,17.99,16.79
754edc03c66f1bd22203c465db885cbf,2,e282624d8c82e04983f125e167eb4521,ea8482cd71df3c1969d7b9473ff13abc,2017-10-09 04:28:24,17.99,16.79
7551a449a88847c6b76206cc5fbe5993,1,9b9d1c4bd979b93c138044e032f99780,7a67c85e85bb2ce8582c35f2203ad736,2017-10-26 17:35:13,99.99,17.95
756707b801841459446c7e0e8c0862bc,1,3e7ca2ff3d372303c5773c8018746fc2,05f51e13da97139648b8125c31e5f51b,2017-10-25 10:14:32,64.99,15.2
756904aced1cc1a8c19a65e81e94d0bb,1,a42d9c825894f96fc6ed02610891454d,4d6d651bd7684af3fffabd5f08d12e5a,2017-10-06 00:56:20,69.9,18.0
757a2790de00320b5025c522b180baf2,1,59a0529af96d3d459965f044c5cd1296,30a2f535bb48308f991d0b9ad4a8c4bb,2017-10-23 12:49:18,49.9,16.79
757a2790de00320b5025c522b180baf2,2,59a0529af96d3d459965f044c5cd1296,30a2f535bb48308f991d0b9ad4a8c4bb,2017-10-23 12:49:18,49.9,16.79
7581fe5b727dc11254a7c1d17733e0c1,1,fe6a9515d655fa7936b8a7c841039f34,dc317f341ab0e22f39acbd9dbf9b4a1f,2017-10-13 19:28:19,249.9,60.3
7585d4e21b02da91dd6b9dae232f96f8,1,ceb43e52119b25c8f2b6049a5534c339,6b243f80ed07b10f0e8aa0f21a205f3c,2017-10-25 22:28:22,64.9,15.21
7587c428b98d8c3ce7111bae4ca910e6,1,98615693c104cb69e8746bdbad198317,f08c008c8a8d31417763738a1788a2a8,2017-10-19 19:35:07,39.9,14.1
7588fbb6c9001d45b0f2bafb4be7ef56,1,6b9cd06d7020fdbbffa996fcf9707b0a,46dc3b2cc0980fb8ec44634e21d2718e,2017-10-19 17:56:25,249.99,14.63
758d60d6a43952b7dd1e130edd26a18d,1,d1fbb5683c8e93f314d0f2bf40d07761,dc4a0fc896dc34b0d5bfec8438291c80,2017-10-06 15:35:19,95.03,12.62
75a603587f83062993751067174b8cbe,1,389d119b48cf3043d311335e499d9c6b,1f50f920176fa81dab994f9023523100,2017-10-09 03:56:32,59.9,19.66
75a603587f83062993751067174b8cbe,2,389d119b48cf3043d311335e499d9c6b,1f50f920176fa81dab994f9023523100,2017-10-09 03:56:32,59.9,19.66
75a603587f83062993751067174b8cbe,3,389d119b48cf3043d311335e499d9c6b,1f50f920176fa81dab994f9023523100,2017-10-09 03:56:32,59.9,19.66
75a9ffb4a9abf77fae3bf11aff5fedc8,1,60495adb1f1a49c8aea75e5e56a47a48,0df3984f9dfb3d49ac6366acbd3bbb85,2017-11-06 22:06:52,92.9,15.41
75ac904a1ba87fab8d6d93751d68ddb1,1,ef8856db4e302ad33dc4d91e40f7593c,dbc22125167c298ef99da25668e1011f,2017-10-31 22:14:22,96.5,14.41
75bd4b8877dbbc7d78b0cae0dddcff55,1,7a10781637204d8d10485c71a6108a2e,4869f7a5dfa277a7dca6462dcf3b52b2,2017-10-11 11:04:32,249.9,19.0
75c72037b139a024cbebfdce5f58d213,1,f731f8587d4088c174397e010cf892a9,cc419e0650a3c5ba77189a1882b7556a,2017-10-30 02:18:26,56.99,8.72
75cc0defdf90cda65066ce0ac171e2ab,1,369dfa384d5ad2a0cb97cb4cda846c47,e9779976487b77c6d4ac45f75ec7afe9,2017-10-13 16:56:27,171.0,15.95
75cf2fc3704f159000d1c5ae5e005f83,1,e8ca14b6c60a3194f2353bbfe0287bbe,1da3aeb70d7989d1e6d9b0e887f97c23,2017-10-16 15:26:53,11.99,7.78
75cf2fc3704f159000d1c5ae5e005f83,2,e8ca14b6c60a3194f2353bbfe0287bbe,1da3aeb70d7989d1e6d9b0e887f97c23,2017-10-16 15:26:53,11.99,7.78
75cf2fc3704f159000d1c5ae5e005f83,3,e8ca14b6c60a3194f2353bbfe0287bbe,1da3aeb70d7989d1e6d9b0e887f97c23,2017-10-16 15:26:53,11.99,7.78
75f7b50b5222f09346ec8672c17121a3,1,8c591ab0ca519558779df02023177f44,a1043bafd471dff536d0c462352beb48,2017-10-30 23:06:16,89.99,26.25
76031077492a53bea99bb3eb41516b94,1,ed50991bf7ccfa075d2cb1ca9a29adae,4a3ca9315b744ce9f8e9374361493884,2017-10-13 02:24:59,99.9,13.72
76103be5bcccf8ca4360b4ae36af30e8,1,eecc2c78b528d8073b4f1c4bddf92aae,897060da8b9a21f655304d50fd935913,2017-11-08 03:26:15,29.9,4.23
76103be5bcccf8ca4360b4ae36af30e8,2,eecc2c78b528d8073b4f1c4bddf92aae,897060da8b9a21f655304d50fd935913,2017-11-08 03:26:15,29.9,4.23
76103be5bcccf8ca4360b4ae36af30e8,3,eecc2c78b528d8073b4f1c4bddf92aae,897060da8b9a21f655304d50fd935913,2017-11-08 03:26:15,29.9,4.23
761d39ded287ade72b1e8bdd95fe0253,1,2078312a2dcf1fcd8a38eabcf5dd033a,30a2f535bb48308f991d0b9ad4a8c4bb,2017-10-26 02:49:36,49.9,17.63
762264d81c3f54fa5e5a4e02b84eb85c,1,5cde85235c4ae7747e9b48de95178a14,17e34d8224d27a541263c4c64b11a56b,2017-10-25 22:56:21,213.39,16.24
76263f760191f470b92de7f5ff14053a,1,708cf9598cc7a8ed22f6f060d3ab547c,a416b6a846a11724393025641d4edd5e,2017-10-19 20:14:22,386.4,18.95
7653f0e54956ba6711e889c7556220d8,1,c3adcd846a294794059da678fb939220,4a3ca9315b744ce9f8e9374361493884,2017-10-24 16:35:57,93.9,13.68
76622c01fca584f77626ddafa70d17a2,1,00de7f393d962717eeeb2d7131a40dba,6f892e20a171e98efe17fdb971ff319b,2017-10-17 22:28:14,97.9,8.88
76705ff9a7f4bf78bb4f8918c2dc564f,1,0521fe3eb04940304b489d0fb49a37dd,e99e927c81e3f51739c94fcdfca9f10f,2017-11-06 11:10:10,104.53,21.22
76733b53268aeb701189fb974dde101f,1,5215505db2113a032810c3644c346a38,6560211a19b47992c3666cc44a7e94c0,2017-10-30 23:56:13,99.0,14.44
76754c0e642c8f99a8c3fcb8a14ac700,1,588531f8ec37e7d5ff5b7b22ea0488f8,53243585a1d6dc2643021fd1853d8905,2017-11-01 09:49:20,1437.0,34.51
76863cb4cf1a8ca82f55c78c02cb47a1,1,33a8f9ff2a9a41c0c49a24d12e106151,f8db351d8c4c4c22c6835c19a46f01b0,2017-10-26 02:56:13,30.9,15.1
76a2657666ce6a681245c40f6e019f02,1,29427de7f8a9ee983d9dbc51cec569b4,7a67c85e85bb2ce8582c35f2203ad736,2017-10-26 20:49:07,99.99,11.9
76b1653b8b73dfc5eee0a0cb25c88801,1,99444c1e11fc38755dae86f5c67d3d1a,d2374cbcbb3ca4ab1086534108cc3ab7,2017-10-27 13:14:46,49.99,16.11
76b25bee64215dc674a3715b71322c86,1,150c699262a053229e89213dc9c358d2,cd68562d3f44870c08922d380acae552,2017-10-05 10:24:09,116.0,15.56
76d297b7eeb8abdaeb5d573e33336449,1,98cd3776d33bddd0ebf8ad8b4732d1b4,184a67a8f9f63234d3a92340bbdb727f,2017-10-17 10:14:19,22.37,34.15
76d3da933ea02dff5b27a64415350c37,1,3ae687254f61c1ee2d53a48299fc2cc7,7142540dd4c91e2237acb7e911c4eba2,2017-10-30 06:36:45,89.9,17.88
76e240e4908ef93d0701e8627b46fb98,1,af4e4eefc358246062956d3d2930e6f8,46dc3b2cc0980fb8ec44634e21d2718e,2017-11-06 13:27:06,249.9,18.0
76eb969a695f694952f79db129b24c46,1,c4baedd846ed09b85f78a781b522f126,a1043bafd471dff536d0c462352beb48,2017-10-16 10:25:57,99.0,69.4
7708627520d1045aae5a3e31f89d3491,1,d493f5a208254fe85b3ab55d898461a1,9b013e03b2ab786505a1d3b5c0756754,2017-10-30 17:14:28,20.49,9.27
7708627520d1045aae5a3e31f89d3491,2,d493f5a208254fe85b3ab55d898461a1,9b013e03b2ab786505a1d3b5c0756754,2017-10-30 17:14:28,20.49,9.27
7708627520d1045aae5a3e31f89d3491,3,d493f5a208254fe85b3ab55d898461a1,9b013e03b2ab786505a1d3b5c0756754,2017-10-30 17:14:28,20.49,9.27
7708627520d1045aae5a3e31f89d3491,4,d493f5a208254fe85b3ab55d898461a1,9b013e03b2ab786505a1d3b5c0756754,2017-10-30 17:14:28,20.49,9.27
7708627520d1045aae5a3e31f89d3491,5,d493f5a208254fe85b3ab55d898461a1,9b013e03b2ab786505a1d3b5c0756754,2017-10-30 17:14:28,20.49,9.27
7708627520d1045aae5a3e31f89d3491,6,d493f5a208254fe85b3ab55d898461a1,9b013e03b2ab786505a1d3b5c0756754,2017-10-30 17:14:28,20.49,9.27
7714757e3e3208a4bb46a46e52596c78,1,aca2eb7d00ea1a7b8ebd4e68314663af,955fee9216a65b617aa5c0531780ce60,2017-11-08 12:47:12,75.0,13.08
7715d67827702c066f8a4d2d638449b0,1,742a85d0c5a5b777484c139c7c07bd0d,23613d49c3ac2bd302259e55c06c050c,2017-11-03 10:30:11,89.9,17.34
771f049b47569f18fea22b7022cf409f,1,681e1525258578dd8a22a3c249509bf5,5cbbd5a299cab112b7bf23862255e43e,2017-11-01 13:33:30,45.6,14.1
7743e2bae1581bacb82f160d1c69a54c,1,b9ac7314894a193a11fd3150f8c69307,edb1ef5e36e0c8cd84eb3c9b003e486d,2017-11-03 00:26:05,599.65,29.48
7747d3dc79a4f212bfe6870c8eed1247,1,3e7ca2ff3d372303c5773c8018746fc2,05f51e13da97139648b8125c31e5f51b,2017-10-24 15:35:29,64.99,16.89
7758efb652718b8224924d2ada0ad50c,1,dca8cbb1c9d8a2db0fbc0c36b8d1a7bc,6560211a19b47992c3666cc44a7e94c0,2017-11-03 20:05:50,89.0,14.37
775dfb31da346e5cf77c2fda51ae7bd4,1,dca8cbb1c9d8a2db0fbc0c36b8d1a7bc,6560211a19b47992c3666cc44a7e94c0,2017-10-26 19:56:26,89.0,14.37
7775f1a362c378b553296a6ac824ad0e,1,49e142d8098b20ff2dc9ec73cdd5afec,8f119a0aee85c0c8fc534629734e94fd,2017-10-26 08:49:19,36.0,14.1
777ee9a9950b655601a65012d4e45584,1,601a360bd2a916ecef0e88de72a6531a,7a67c85e85bb2ce8582c35f2203ad736,2017-10-13 15:07:11,119.99,36.96
777ee9a9950b655601a65012d4e45584,2,90c6d279023ee6c3b1f494883e90b6a8,977f9f63dd360c2a32ece2f93ad6d306,2017-10-13 15:07:11,90.9,1.85
779894f35a3337987b2d76170506c25d,1,99a4788cb24856965c36a24e339b6058,4a3ca9315b744ce9f8e9374361493884,2017-10-20 18:35:39,89.9,21.12
779a7c41849463b9f08aacd3d948a82c,1,0502d1a36be75bd36b452f31c6ed264a,c826c40d7b19f62a09e2d7c5e7295ee2,2017-11-01 17:08:03,75.77,12.03
77b27c29ab339345ecc7678db3e23049,1,f03859e4cc21018569f5ae7a03897ff4,7299e27ed73d2ad986de7f7c77d919fa,2017-11-03 21:55:08,49.99,50.22
77c820f0779ad518a4a2c6ddba08477c,1,5028e33329174553ee04adc728f3e918,dd7ddc04e1b6c2c614352b383efe2d36,2017-10-25 23:49:42,249.9,87.37
77c885e668bc660993cbf7789930675a,1,1e618d311a1b7f88a9d96ec50aa85582,d94a40fd42351c259927028d163af842,2017-10-30 16:49:25,129.0,58.69
77ce8174ece613ac99bd6506f3d679d8,1,a4c27cf9767fe2b589251c764b891eda,17e34d8224d27a541263c4c64b11a56b,2017-11-01 11:16:18,312.84,13.69
77e5da65e4012cf642b5c84559cad7a2,1,03df27817e9494be978b56cc083a0beb,db4350fd57ae30082dec7acbaacc17f9,2017-10-31 02:28:17,21.99,7.78
77f0ae10c13cc7c78a5393b27d121044,1,46c57742071cc875558cc230df1aa9a4,86ccac0b835037332a596a33b6949ee1,2017-10-11 18:56:14,29.9,15.1
77ff15a95ac5dbc2c62ece6326365ad4,1,657aa59c6c58816ddc4f86c51a2759c9,bfd27a966d91cfaafdb25d076585f0da,2017-10-10 01:33:47,129.0,18.15
77ff5083402e50189ad3477e7dfcbaad,1,3db75f31b76375c502f64d550dcd1166,85d9eb9ddc5d00ca9336a2219c97bb13,2017-11-07 02:56:29,31.9,12.48
780865d48893bd12dd23eb85abed0c6e,1,c7858457bc43561ccb96aaa2932cb085,f7496d659ca9fdaf323c0aae84176632,2017-11-17 19:26:35,279.9,28.4
7829e4ed1e8cf1b45eca5790a96bd2b0,1,c9c455f9fd8ca66d3ff7f90a249753b4,96804ea39d96eb908e7c3afdb671bb9e,2017-10-18 03:47:06,109.95,16.53
782d2a64a6133bc3512a372661880972,1,0aabfb375647d9738ad0f7b4ea3653b1,37515688008a7a40ac93e3b2e4ab203f,2017-11-07 17:25:14,24.5,11.85
785011ed7352847ae26ea2336ef45af9,1,11dcc970f7a5581e1bf777b6da3f7096,06579cb253ecd5a3a12a9e6eb6bf8f47,2017-11-06 11:11:14,69.9,23.11
78668b283d34d8c72670a44109fbbe09,1,38fe6c6d09fdd00ab33136f622b36788,cca3071e3e9bb7d12640c9fbe2301306,2017-10-19 12:14:23,49.9,16.11
7888c674da87585ee031e3b68a377499,1,db7f3f42ccab32fa6328b3063b278bcc,7299e27ed73d2ad986de7f7c77d919fa,2017-10-18 21:10:46,38.0,16.79
7893bf5e938b5606e3d38d4d778a4d1c,1,ed2067a9c1f79553088a3c67b99a9f97,cbd996ad3c1b7dc71fd0e5f5df9087e2,2017-10-19 11:34:01,56.97,16.16
78a192ee84633d7c3a125c57c6e4d970,1,84c79830527ae823029ee6b904cf948c,8bb48dc19fccaa8613b6229bf7f452a2,2017-10-26 18:06:04,30.0,17.06
78a1fb3bd56a7b18a8212fdc2da6656a,1,7bc637a5504e0cfdf08490124d681fd3,1987cd4be10fe09ee50454f9c354d1c6,2017-10-18 04:35:17,430.0,15.14
78a567dacc45a1f72d4ad754a6cf82b0,1,069b1293b22c9d000af947225ce14791,058cb5aeb36d7c0fcae20fc85d5e0a59,2017-10-13 15:14:27,92.0,65.45
78ce488a8f58dbbb19e93dfd9d8d07be,1,1a46dafd2935eadb540039ce3e8a3d29,8b28d096634035667e8263d57ba3368c,2017-10-19 08:56:11,99.9,15.45
78e38ba7bc74953eaff8343cc184b692,1,2ac0cca735ca6684053d28a17883b765,7aa4334be125fcdd2ba64b3180029f14,2017-11-01 20:06:46,119.9,18.09
78f804c76174954a76f38e6f3a326275,1,ed2067a9c1f79553088a3c67b99a9f97,cbd996ad3c1b7dc71fd0e5f5df9087e2,2017-10-16 23:07:12,56.97,16.16
78febd227f47ed46eff1966e2b0b9b97,1,5483dc3f61a1d385ccc49cec3a560617,822166ed1e47908f7cfb49946d03c726,2017-10-25 21:49:19,49.9,16.11
790b06e5fd09d2f10757cb554a34eb92,1,18aee3ce70a5fc870a85f59f409c91f9,3be634553519fb6536a03e1358e9fdc7,2017-11-07 04:06:34,49.9,11.73
790b06e5fd09d2f10757cb554a34eb92,2,18aee3ce70a5fc870a85f59f409c91f9,3be634553519fb6536a03e1358e9fdc7,2017-11-07 04:06:34,49.9,11.73
79177aaac7c3c0dd8e8a84db027512a4,1,550dc4417c636abc04c71404342de695,25c5c91f63607446a97b143d2d535d31,2017-10-25 03:15:05,149.89,18.3
79177aaac7c3c0dd8e8a84db027512a4,2,550dc4417c636abc04c71404342de695,25c5c91f63607446a97b143d2d535d31,2017-10-25 03:15:05,149.89,18.3
791b4a44bd8319b5598f703141db400f,1,f72144308168311d3ca5926e40e784e5,31ae0774c17fabd06ff707cc5bde005f,2017-10-23 18:56:20,849.98,98.37
7921190dc054e6839a4cfc253a578377,1,0b6a32b32a7dc68b12e8a0e0805c44d5,fa1c13f2614d7b5c4749cbc52fecda94,2017-10-18 13:14:13,195.9,8.63
792bb673f614c5eec62086b083eb9355,1,d5991653e037ccb7af6ed7d94246b249,25c5c91f63607446a97b143d2d535d31,2017-10-26 02:49:30,137.9,38.81
792bb673f614c5eec62086b083eb9355,2,d5991653e037ccb7af6ed7d94246b249,25c5c91f63607446a97b143d2d535d31,2017-10-26 02:49:30,137.9,38.81
793e8a915e5cab9e60a0315c67380b12,1,c6dd917a0be2a704582055949915ab32,7a67c85e85bb2ce8582c35f2203ad736,2017-10-09 09:49:45,99.99,16.95
7945d0d21f1940b67932b2541985e179,1,8904945d082f72652bf4a89f155c83bb,fa1c13f2614d7b5c4749cbc52fecda94,2017-10-18 23:46:50,199.9,8.65
7950da660ed653b5a9b6ee668da63857,1,68a806c992c807c249f0a433a4e9a1f4,7040e82f899a04d1b434b795a43b4617,2017-10-06 14:28:18,89.9,9.44
795365a1900969b1025ba6722a40950e,1,c45f017c36f9112a8bb4f170edfb1870,dbc22125167c298ef99da25668e1011f,2017-10-13 12:57:10,85.9,19.84
79600d8903faf815002622ab515263c4,1,c92b08d0ac42564075b8103bb99cb424,1acde099eb406aa220b1169b188b42da,2017-10-31 15:56:14,16.9,9.34
796815d64065ff9881199a4807c02415,1,9b9d1c4bd979b93c138044e032f99780,7a67c85e85bb2ce8582c35f2203ad736,2017-10-25 03:40:16,99.99,17.95
7969cdbcf6e0f319751fd9a0c1994400,1,4413a608a42bd21bbf9d5abbd58c249a,7ddcbb64b5bc1ef36ca8c151f6ec77df,2017-10-24 19:09:15,146.99,21.52
7977a7516e5cf6cf6bf670061c886126,1,e000ecbb2e86143e74b3b2c3cf15f21e,25e6ffe976bd75618accfe16cefcbd0d,2017-11-03 02:50:14,120.0,9.04
7978aa5d3192f689ad92bcb96ae2fef0,1,f71f42e2381752836563b70beb542f80,85d9eb9ddc5d00ca9336a2219c97bb13,2017-11-16 10:26:16,31.9,21.15
797b565b282c371004d602d05ae7d3b2,1,4413a608a42bd21bbf9d5abbd58c249a,7ddcbb64b5bc1ef36ca8c151f6ec77df,2017-11-05 23:25:37,146.99,43.44
79a5b94dea7a9f15cc10b5c7b54c6774,1,389d119b48cf3043d311335e499d9c6b,1f50f920176fa81dab994f9023523100,2017-11-01 07:27:26,59.9,17.67
79a5b94dea7a9f15cc10b5c7b54c6774,2,389d119b48cf3043d311335e499d9c6b,1f50f920176fa81dab994f9023523100,2017-11-01 07:27:26,59.9,17.67
79b57d07c97ba24547cc8ec969785e64,1,5e864d9858dc9a7b55f937ed8998ffe8,48436dade18ac8b2bce089ec2a041202,2017-10-17 20:14:11,259.4,19.07
79b7b2178c759fa227cafb377193cd83,1,7e78ca7b03df674ba01752a0344b3ebe,92eb0f42c21942b6552362b9b114707d,2017-11-07 19:27:24,45.0,3.89
79b7b2178c759fa227cafb377193cd83,2,7e78ca7b03df674ba01752a0344b3ebe,92eb0f42c21942b6552362b9b114707d,2017-11-07 19:27:24,45.0,3.89
79ba63b5e2113df41f0097eb9e9d143a,1,c21d0cfb10ff3cef881d63e1be43f260,7e1fb0a3ebfb01ffb3a7dae98bf3238d,2017-10-31 02:26:37,98.0,15.44
79c294f3f4e5a5957b8a02e8a7c8cf17,1,e5fe79a5ccd19d20b3b095bf73cf9b5d,620c87c171fb2a6dd6e8bb4dec959fc6,2017-10-25 22:05:54,369.9,15.47
79c786a94283e846deec8681219bc144,1,43423cdffde7fda63d0414ed38c11a73,b1fc4f64df5a0e8b6913ab38803c57a9,2017-11-03 17:09:10,55.0,21.19
79e8e10e18151e5d8b8223a0ce9ee34f,1,44b36c8a125b604c4597100ef4b16538,0ea22c1cfbdc755f86b9b54b39c16043,2017-10-31 02:28:39,39.9,14.1
79f6acecdfe4f7768f5f399a6be52167,1,431d674f9a4fbd0957ecf6ba3fcb6899,53243585a1d6dc2643021fd1853d8905,2017-10-26 17:56:29,289.0,27.3
79f6acecdfe4f7768f5f399a6be52167,2,431d674f9a4fbd0957ecf6ba3fcb6899,53243585a1d6dc2643021fd1853d8905,2017-10-26 17:56:29,289.0,27.3
79fc134b916a8831d03be5a38144e016,1,5e7f8e7aeb1f57dd83aae171dec38a73,63b464dbf392c7b80d12d932fa7cafed,2017-10-17 11:24:04,179.0,17.99
7a16d8eadd3c788ef0386c78218da6cc,1,575617410387f4e614f39628fe8e81bd,615005a3ef192c00c6f0e977cee3d2bc,2017-10-10 02:49:27,33.1,15.1
7a16d8eadd3c788ef0386c78218da6cc,2,575617410387f4e614f39628fe8e81bd,615005a3ef192c00c6f0e977cee3d2bc,2017-10-10 02:49:27,33.1,15.1
7a1cfb8ab21a6a46e9b7d41c0e922eb4,1,3ced865c94d3396f990864fa7aef9104,ea8482cd71df3c1969d7b9473ff13abc,2017-10-31 21:49:15,24.99,21.15
7a242c07bdf25150ab522513760d6b8b,1,a72209f6ea270769cecf0ed4168d3893,42bde9fef835393bb8a8849cb6b7f245,2017-10-18 20:00:09,59.0,15.85
7a242c07bdf25150ab522513760d6b8b,2,a72209f6ea270769cecf0ed4168d3893,42bde9fef835393bb8a8849cb6b7f245,2017-10-18 20:00:09,59.0,15.85
7a48f02683e86599fc3570c293fe4ca8,1,f4b952dd7ab601c02bb1bd06395f45f6,86ccac0b835037332a596a33b6949ee1,2017-10-31 16:14:19,89.9,17.88
7a5098bfacce471e5cec8583f0dfe4c6,1,b697c503df6dc2612e7f601a189718d0,7d76b645482be4a332374e8223836592,2017-11-07 11:30:33,24.9,15.1
7a5ff6680378afabf6b6a1e75bff8b8c,1,a47674ec5bdc46617bc532a9839390db,d71d863e5ef30d94e440c11be17dcd8f,2017-10-24 11:07:45,79.0,9.37
7a725159d3784d99725573981fcdf93e,1,d3b023772520cd1c6ea58f6701679d4b,3d871de0142ce09b7081e2b9d1733cb1,2017-10-06 16:28:35,79.0,17.8
7a73dbb7b879e915cfd13e75852d910d,1,aa280035c50ba62c746480a59045eec4,fa40cc5b934574b62717c68f3d678b6d,2017-10-11 02:49:30,39.9,7.78
7a84719435249bba3212f78aafb8ffdd,1,924d6619805478222273ab8ca2540b25,6560211a19b47992c3666cc44a7e94c0,2017-11-03 02:55:27,49.0,14.1
7a93c1b0839987c2e80e344e52173ff4,1,c9996076c21558c4878c8d2fed12c45a,6288c69c4ce638e59925e59193f98b16,2017-10-11 02:56:23,209.99,14.49
7aa6b432c4945c7b3aef906c5c3506df,1,6c81db10f914c4d032b14fa93aa0a818,d98eec89afa3380e14463da2aabaea72,2017-10-19 21:28:30,29.99,15.79
7aa7d4fb7e95700145b7cabd86b1dc93,1,5f504b3a1c75b73d6151be81eb05bdc9,834f3294fba9f932f56edc879193f925,2017-10-11 02:49:24,610.0,37.54
7aad0379bac4fe5dcb0a97650eaf957d,1,9b37a918bcf2c8e1064e867cf1df4637,f27e33c6d29b5138fa9967bcd445b6d5,2017-11-03 02:50:13,34.9,16.11
7ac3402986077088fc8185e65ec5c7b1,1,8c591ab0ca519558779df02023177f44,a1043bafd471dff536d0c462352beb48,2017-11-08 14:26:06,89.99,15.03
7ac3402986077088fc8185e65ec5c7b1,2,8c591ab0ca519558779df02023177f44,a1043bafd471dff536d0c462352beb48,2017-11-08 14:26:06,89.99,15.03
7ac3402986077088fc8185e65ec5c7b1,3,8c591ab0ca519558779df02023177f44,a1043bafd471dff536d0c462352beb48,2017-11-08 14:26:06,89.99,15.03
7ac78cb9b8592cea74cb5b1c3df6f84c,1,071e6d5971d28c9cbbf618b5123f8284,63b464dbf392c7b80d12d932fa7cafed,2017-10-25 04:00:20,179.0,26.0
7ac910f78c4cf862326b6372c1e30ca8,1,fbe6ed76eed46e62a6e2dba72745725d,b499c00f28f4b7069ff6550af8c1348a,2017-11-03 21:05:39,34.99,9.27
7ad9577a964cfb13c1f4875c1fd025ff,1,978859c6048ded0fa8bf3b9ea8236387,813348c996469b40f2e028d5429d3495,2017-11-09 02:16:00,15.3,11.85
7af014956ed06246005b5e0740fd891c,1,4b7ddf18ef3c5205f6ec288dffcd7c55,c0563dd588b775f2e37747ef6ad6c92c,2017-11-01 21:46:17,139.9,9.79
7af6541803424eeecb9ec5148df1f74a,1,389d119b48cf3043d311335e499d9c6b,1f50f920176fa81dab994f9023523100,2017-11-03 21:05:38,59.9,17.67
7afbe6ef708d0ae150028f52512230ad,1,4cd6ba4ea3112de8fc238307c4dc6307,259f7b5e6e482c230e5bfaa670b6bb8f,2017-10-05 22:07:25,39.0,16.6
7b03a8c3cad91944919f2128a8c5560a,1,d103baa8d35783ff2772704ed17ddd45,6560211a19b47992c3666cc44a7e94c0,2017-11-03 00:26:43,59.0,14.16
7b2e128ff26556462b7d217f1b67600b,1,933de9d29576bc63831e54f7b5bacb8c,4a3ca9315b744ce9f8e9374361493884,2017-11-03 15:10:07,38.9,16.79
7b38728b3f2fb3b9c622306b2ddcbe96,1,368c6c730842d78016ad823897a372db,1f50f920176fa81dab994f9023523100,2017-10-26 18:49:21,59.9,17.67
7b38728b3f2fb3b9c622306b2ddcbe96,2,368c6c730842d78016ad823897a372db,1f50f920176fa81dab994f9023523100,2017-10-26 18:49:21,59.9,17.67
7b38728b3f2fb3b9c622306b2ddcbe96,3,368c6c730842d78016ad823897a372db,1f50f920176fa81dab994f9023523100,2017-10-26 18:49:21,59.9,17.67
7b38728b3f2fb3b9c622306b2ddcbe96,4,368c6c730842d78016ad823897a372db,1f50f920176fa81dab994f9023523100,2017-10-26 18:49:21,59.9,17.67
7b4a44bc5f1454fa1a746c97a135011d,1,8efa775719397f78f79c8e5c7b0afbd4,bd4889b5e9133b35b66e42a8665cea5c,2017-11-06 16:55:28,77.0,16.3
7b4a44bc5f1454fa1a746c97a135011d,2,8efa775719397f78f79c8e5c7b0afbd4,bd4889b5e9133b35b66e42a8665cea5c,2017-11-06 16:55:28,77.0,16.3
7b80eb102c74259844e5a4fc17cc7c26,1,5328338cfaa16ba10561cd970c73ca11,12b9676b00f60f3b700e83af21824c0e,2017-11-01 10:46:25,199.0,29.79
7ba66cc7f94f613ad60852e42e42e7e7,1,c3f6113d5b61bc95468432072b27e23d,897060da8b9a21f655304d50fd935913,2017-10-15 23:25:46,18.9,15.1
7bb5a7e4263888da1c8db8cbdc6330c5,1,e71ce72b19b83080d97cf4f06c90d096,376a891762bbdecbc02b4b6adec3fdda,2017-10-25 13:49:25,72.0,12.75
7bbb2b4fd60b56329b20353470ec4080,1,a7e3c4e94e2cdb8acd51459762d4c263,2a1348e9addc1af5aaa619b1a3679d6b,2017-11-03 19:30:19,48.9,15.1
7bcfb6639ba008fcba63f5ffc157caa0,1,c4baedd846ed09b85f78a781b522f126,a1043bafd471dff536d0c462352beb48,2017-10-23 22:50:04,99.0,38.53
7bd817ef4c8ffd77578d493d6a25d69b,1,e17f3829efe631232dabc33c6ab9109f,7142540dd4c91e2237acb7e911c4eba2,2017-10-16 10:56:33,59.9,13.44
7bd985354ccd17973f86e73806cda364,1,75d6b6963340c6063f7f4cfcccfe6a30,cc419e0650a3c5ba77189a1882b7556a,2017-10-17 15:27:30,56.99,15.15
7bef8f86bcf95a926af423df1bb535c4,1,995f41643437250fce96885e56dd05d3,a36b125ac6d5fdbc7f50de85c9157bdc,2017-10-18 17:56:49,49.99,11.85
7c2074d65188839dfee681e7bb264365,1,4d8de1d60513d0a0d3665dbde171be1c,bb5bd94c8f59cc050072d2930c869cac,2017-10-19 12:26:40,49.99,7.78
7c29f6fa9efcbf410b4bbb9362b9f7c9,1,7cfb84c1323fb861a17478de42b1839f,41b39e28db005d9731d9d485a83b4c38,2017-10-26 18:35:04,129.9,33.42
7c29f6fa9efcbf410b4bbb9362b9f7c9,2,b09790edda54333116f9cf1decc580a1,d2374cbcbb3ca4ab1086534108cc3ab7,2017-10-26 18:35:04,27.4,11.96
7c29f6fa9efcbf410b4bbb9362b9f7c9,3,8b45810da2ef9860496d56f62435fc40,1900267e848ceeba8fa32d80c1a5f5a8,2017-10-26 18:35:04,49.99,2.99
7c2aefdd602f9df2ae6eb835d3973974,1,6fb42788c5ef9affaa2fec30ca8b6053,1127b7f2594683f2510f1c2c834a486b,2017-10-24 05:14:13,16.17,15.1
7c2d06820f2b145be3fb53b858618eb7,1,0e87ff05afa3ddd73b7920ff4587e0a4,12b9676b00f60f3b700e83af21824c0e,2017-10-18 19:28:19,199.0,19.63
7c303e55404bf2462c89a320c8d47688,1,574a84e6ebd42413eb6d2a7e97f04612,a416b6a846a11724393025641d4edd5e,2017-10-18 18:28:27,74.67,11.73
7c3737205cc106d15b37199a8a95d0d4,1,a52ed2fb26d435066d6613134afcb439,cfb1a033743668a192316f3c6d1d2671,2017-10-23 23:49:47,15.9,8.27
7c43fe101fb4d918fdde27a9d5c1a55d,1,05e896ddcd2490d4185badce5f9b45e4,b19f3ca2ea475913750f25a5c37c8d8f,2017-11-03 03:06:12,229.9,43.75
7c91c3456c73201bef537307835f6ac4,1,a78e2e8f49106bb2123fe7541fa86640,ea8482cd71df3c1969d7b9473ff13abc,2017-10-26 07:45:15,21.99,7.78
7cad431ecdca8fafe47f8ce701c3030e,1,b5b528db19a9a5c011aa6f444f510327,ea8482cd71df3c1969d7b9473ff13abc,2017-10-26 15:21:19,24.99,7.78
7cb35b5b001f4ea24adfb322cc509708,1,f264c1d9b20b5e4a340254d0405e613b,7a67c85e85bb2ce8582c35f2203ad736,2017-10-16 16:14:14,69.99,16.74
7cc49d0a2e133481a59d0980dce7680e,1,1491a8ff192d4b5c369b0eaa2fe33ee5,37be5a7c751166fbc5f8ccba4119e043,2017-11-05 22:06:38,219.99,18.25
7cf30c7e9430432cba6c3f562818e29b,1,fe01b643060a6446e59f58e3021e66b3,2dee2ce60de9709b1a24083217181a1f,2017-10-12 23:30:47,143.0,38.55
7cfa6258a4b606dc9223e212c6cd1341,1,30340dff35b518c0d6013617310ce278,aaed1309374718fdd995ee4c58c9dfcd,2017-10-13 13:14:16,31.5,16.79
7d3fc20e36b2ee9683b0307b1129e96c,1,380b4664ba5bb18cc9db78ee6bac3558,6560211a19b47992c3666cc44a7e94c0,2017-11-07 10:07:00,29.0,14.1
7d61ebcead33128e9bf98b49d336a1ff,1,42a2c92a0979a949ca4ea89ec5c7b934,813348c996469b40f2e028d5429d3495,2017-10-19 09:42:20,59.9,25.26
7d6c0dec1e6a1670dce5f5d97dad5051,1,d22625c4bd160a54f96629f139153c74,df56d7b40d437f88407c5f78b63bc328,2017-10-25 15:49:25,155.9,23.96
7d83d15f8cf6bff14a6be51ed7d16683,1,121b9686b9929855d823981fc655a6fe,c4fb51fb1c5b7c07bc5e67be6e7e8f6e,2017-10-30 03:35:14,57.0,22.72
7d83d15f8cf6bff14a6be51ed7d16683,2,121b9686b9929855d823981fc655a6fe,c4fb51fb1c5b7c07bc5e67be6e7e8f6e,2017-10-30 03:35:14,57.0,22.72
7d88cc8f8bebb0e650d408c374a62b29,1,35d41a97fd059a6bafe3f7c1fa00e718,b19f3ca2ea475913750f25a5c37c8d8f,2017-10-16 23:35:22,378.9,63.39
7d962b9178f5ecd3d31dd69811311e65,1,ec2d43cc59763ec91694573b31f1c29a,1c129092bf23f28a5930387c980c0dfc,2017-10-18 23:07:09,45.9,15.11
7d962b9178f5ecd3d31dd69811311e65,2,ec2d43cc59763ec91694573b31f1c29a,1c129092bf23f28a5930387c980c0dfc,2017-10-18 23:07:09,45.9,15.11
7d962b9178f5ecd3d31dd69811311e65,3,ec2d43cc59763ec91694573b31f1c29a,1c129092bf23f28a5930387c980c0dfc,2017-10-18 23:07:09,45.9,15.11
7da11ffea33e5f6e42aeb19d45e50e31,1,569ffd16f8032478cbeb9800f2e94ba0,20cb7c2fde3e5bf10f0bbe7394e1c6a9,2017-10-24 03:08:46,16.9,15.1
7da11ffea33e5f6e42aeb19d45e50e31,2,569ffd16f8032478cbeb9800f2e94ba0,20cb7c2fde3e5bf10f0bbe7394e1c6a9,2017-10-24 03:08:46,16.9,15.1
7dbfdea1e79e8d8b6d378f9e07416e74,1,2c1b63caa55c07dac2ed3b6167bababd,e8b3a3a38279a82f0e5d006d5e5b7d2c,2017-11-08 20:05:47,120.9,44.7
7dcd8e1e0e64211c270809e7ed46a766,1,2a2d22ae30e026f1893083c8405ca522,1a3df491d1c4f1589fc2b934ada68bf2,2017-10-23 22:56:15,154.9,23.95
7de9039f9657626d4d91e87919a7c363,1,c349071c40ca2919f27bd3d6a2fb6fea,9596c870880d900012f2e8e6e30d06d7,2017-11-06 17:15:16,489.9,29.05
7df5b9c1787d425d92ce5b4dacc70c34,1,19b25267e01c8587981e55ec96673eba,4e922959ae960d389249c378d1c939f5,2017-11-01 00:14:15,39.0,15.1
7e1513d1c3dcd78268465d40ac95561b,1,0d89e155a6cf12de15e19e2d67ad14ad,1835b56ce799e6a4dc4eddc053f04066,2017-11-03 00:25:48,34.99,15.1
7e1513d1c3dcd78268465d40ac95561b,2,b8f2f150810c5ddaef91dc06f045c597,1835b56ce799e6a4dc4eddc053f04066,2017-11-03 00:25:48,34.99,15.1
7e19584d74aa3faaf95a90fb32c68502,1,7b85e3deef35afd6ebed5461ee8f0641,897060da8b9a21f655304d50fd935913,2017-10-30 15:21:14,30.21,13.37
7e328722acf010241ef36b4fe0b4ff21,1,d3c044bd42d84a79e3b0c42662806a48,4c2b230173bb36f9b240f2b8ac11786e,2017-10-10 10:49:17,25.9,15.1
7e47240215d1672082248c49887b245a,1,823193e4168a61989f856c9bea47060d,cca3071e3e9bb7d12640c9fbe2301306,2017-10-23 04:24:39,212.33,82.58
7e4bb624b8936a258a162610147e0546,1,c07d367dd7b78b0558e7a3e1e1a975c8,4a3ca9315b744ce9f8e9374361493884,2017-10-20 10:27:38,422.0,33.7
7e5a1d0e245d9956f8919244b11a1da1,1,1a080577618e7fe4d9ddd8fb2b47a964,4869f7a5dfa277a7dca6462dcf3b52b2,2017-10-19 20:29:20,628.0,15.9
7e5db9e4a8de1e5908fa74963fd30e41,1,8f6e596987a0b45c0c2b2e938aa89a96,86ccac0b835037332a596a33b6949ee1,2017-10-13 02:44:43,96.6,17.12
7e5fe61e61a5f75f96daa8d7da4519cd,1,ee2405458ecf90c4d6e1c55a9680de91,76d64c4aca3a7baf218bf93ef7fa768d,2017-10-13 15:07:10,329.9,83.4
7e6c86f2c78f3ccb8f18fdace19f0fc9,1,b914a18d4547eff292fedeccc82faec6,7e93a43ef30c4f03f38b393420bc753a,2017-10-23 14:49:25,699.99,13.71
7e6c8e28ce48b444b6b6028f6aca5c72,1,f731f8587d4088c174397e010cf892a9,cc419e0650a3c5ba77189a1882b7556a,2017-10-25 11:10:11,56.99,8.72
7e6d0e5b8f1f04ddb5b183f33aec691e,1,486cebbfac430b06cf0aa980b89a3543,1b1ae47a313a825a7ccceb8e2e30fa9d,2017-10-10 21:49:27,199.9,17.65
7e7391dc612005ec78b995037a528b50,1,b76364870c38ddd7dcc9dd9ab5abeeb4,2a6fbeaa7ab9e5d59a35841a8da71ce4,2017-11-02 22:35:15,40.0,17.6
7e95334097aff5b45c6ff379ab492cf3,1,41b4baff1ceec845ba126eaeb07efa4a,86ccac0b835037332a596a33b6949ee1,2017-10-26 16:56:25,31.32,16.79
7e9eac6236b24f54d858badd77aa172c,1,41cd333a4af5e36df81fc0b83ccf8e2d,5dceca129747e92ff8ef7a997dc4f8ca,2017-11-07 18:07:02,388.0,40.47
7ebfb1659cebc1f80eb8d39b1f4d73ed,1,386486367c1f9d4f587a8864ccb6902b,cca3071e3e9bb7d12640c9fbe2301306,2017-10-23 22:28:13,113.57,18.04
7ecd6da80b57a803fc59819f59bcdc4b,1,fecf6223a3494f35362f670e571d2a04,3db66a856d18a9cba7c9241fc5221c50,2017-11-22 11:55:22,69.9,16.25
7eceac74a363199f9c55074132fb8641,1,d493f5a208254fe85b3ab55d898461a1,9b013e03b2ab786505a1d3b5c0756754,2017-11-03 02:55:51,20.49,9.27
7ed1f028ae9291bb2f0e80683526867f,1,5411e9269501a870cabf632f05655131,3d871de0142ce09b7081e2b9d1733cb1,2017-10-05 11:23:39,99.0,17.94
7f05caffe3d52e1a609b8dcb957024bc,1,764292b2b0f73f77a0272be03fdd45f3,bd23da7354813347129d751591d1a6e2,2017-10-23 10:49:20,89.9,9.44
7f17ed9fe6d0823eee3396f86c6dea63,1,564d0015be20622253aee5b6e875bea8,ef506c96320abeedfb894c34db06f478,2017-11-01 19:46:20,29.99,16.79
7f1fb6cf63b226c51ac3c92df318e2bc,1,fe6a9515d655fa7936b8a7c841039f34,dc317f341ab0e22f39acbd9dbf9b4a1f,2017-11-07 00:10:10,249.9,69.21
7f2f03f3b7e68c7b510177e04cb2b40e,1,4601231c3480315049971ea0a61d3839,6560211a19b47992c3666cc44a7e94c0,2017-10-13 09:56:12,79.0,7.81
7f39ba4c9052be115350065d07583cac,1,a2ff5a97bf95719e38ea2e3b4105bce8,0015a82c2db000af6aaaf3ae2ecb0532,2017-10-24 23:56:20,895.0,21.02
7f438a7265492dc79496a5fa80f7e5d3,1,3a840a54907a1cb180954630cda7928f,152ee17e4c8aaf53dac99f3462e4999b,2017-10-26 19:34:40,5.99,16.79
7f724def94965291ea5556ad34f72a3a,1,817e1c2d22418c36386406ccacfa53e8,624f4ece8da4aafb77699233d480f8ef,2017-11-01 15:49:34,159.0,31.86
7f7c84dc8cc814c4354d21d64ed73a35,1,d2e131d6f19ae0d665fc1a6c420b4f4c,7e93a43ef30c4f03f38b393420bc753a,2017-11-03 11:10:10,599.99,13.01
7f810862fa59153634479bde94a7dd01,1,43423cdffde7fda63d0414ed38c11a73,b1fc4f64df5a0e8b6913ab38803c57a9,2017-10-27 10:30:49,55.0,15.14
7f86b02bd852306b5695ba14f0f95fcb,1,f6eb9d00c16e94859a66c68eb8b66bdc,1127b7f2594683f2510f1c2c834a486b,2017-11-03 11:35:09,34.68,8.11
7f984c0a94661992ad50329fb29359b5,1,0db4869ac8a908414823d44d742f5ba3,7c67e1448b00f6e969d365cea6b010ab,2017-10-25 09:49:08,196.99,50.12
7f9bdca299c6f4c8f906bf2d9df27ae0,1,f027a7f215ea97926c427c5b0b313f9d,4a3ca9315b744ce9f8e9374361493884,2017-11-03 03:05:58,96.0,13.01
7fabd5670856f9508229716816520d5b,1,14137f0fd56e4d0b8102dcfcc9b0a4fe,57e632711dec9ec14ca7546769483e7e,2017-10-20 14:28:27,37.9,15.1
7fad77aba2a48a7099ce9f77f2ad7566,1,c9845573653d06921e63975a8eca331e,ef506c96320abeedfb894c34db06f478,2017-10-26 02:05:33,28.99,7.78
7fd1ad3183dcd535e1fbbd709f095a4a,1,ec2d43cc59763ec91694573b31f1c29a,1c129092bf23f28a5930387c980c0dfc,2017-10-23 03:56:29,45.9,16.11
7fd5673bbb6ae883ca5b930dd0150b80,1,652c030867f364b558eb9f7dcbcf608d,46dc3b2cc0980fb8ec44634e21d2718e,2017-10-18 23:25:58,179.99,10.27
7fda376286b806cee8955685bf02fc4f,1,75c06ee06b201f9b6301d2b5e72993f8,3c7c4a49ec3c6550809089c6a2ca9370,2017-10-25 20:49:18,13.99,11.85
7fe2184e6a2c80fe87a7ec1008364829,1,9ddd762ee8a13576a809dc66f22aa2b5,da8622b14eb17ae2831f4ac5b9dab84a,2017-10-20 16:08:18,219.9,17.17
7fe52ebfeef6316229e2078ec77ea998,1,0f1734abf5ee5d3b99353b7ccb117426,08d2d642cf72b622b14dde1d2f5eb2f5,2017-10-13 02:28:38,17.9,15.1
7fe5d75d901df671909b8224032c2df7,1,4d272fe20c57c64dc74b3db191fc31ef,d2374cbcbb3ca4ab1086534108cc3ab7,2017-10-13 13:07:26,24.9,16.11
80125daa0fddb9545d564a48f4f8caea,1,2ebe00f53430b4eb4086f08409ec7760,ef506c96320abeedfb894c34db06f478,2017-10-19 12:26:41,24.9,15.1
801d980e779937cd76e2cb8de056a680,1,b0694770dbbfebe2d48cd288cfce2f85,ad8b531ae67582f096925cff5630d0d1,2017-10-13 20:56:29,189.05,18.89
805117edd028d8e0455052681bbc7f3c,1,d738e1dea9fdf4c28741fde625c0d500,7a67c85e85bb2ce8582c35f2203ad736,2017-10-19 00:28:11,119.99,12.04
80620a1042ece99f97f3b32f50d91c79,1,2115a2dcb35d50b3726fbd24ab04aaa1,2c9e548be18521d1c43cde1c582c6de8,2017-10-31 21:56:12,35.9,15.11
806508916d09b540a66a7487473a6e7e,1,652cee66eaed09b444b43463eee56cc7,048c2757535328e0d7dac690ad3c0aae,2017-10-26 12:49:15,199.7,20.64
80742a986710e5cda30966b8d3f1ab96,1,76bc323604f948b202f4b159ac3ef4ee,b499c00f28f4b7069ff6550af8c1348a,2017-11-03 02:50:33,239.99,14.79
807baffb5f8bb605f1218ead428cd8e4,1,ddc1d8513943b57455b160acf77e6507,33ac3e28642ab8bda860a2f693000e78,2017-10-24 00:49:19,82.99,8.78
8086a62681389206d6324771e84fcb7c,1,ca06834d20745807bfae7f2184f67df8,9c068d10aca38e85c50202e17b4a7e88,2017-10-19 15:35:21,124.9,1.14
8086a62681389206d6324771e84fcb7c,2,a50acd33ba7a8da8e9db65094fa990a4,8581055ce74af1daba164fdbd55a40de,2017-10-19 15:35:21,117.3,40.13
80ac215e5fbfa62e737e8d47e2287b2c,1,5183344b5357029cfd88c7f511ed876d,7178f9f4dd81dcef02f62acdf8151e01,2017-11-09 19:31:46,1999.0,40.31
80b822f372e31deefa128214a3380eff,1,0a57f7d2c983bcf8188589a5fea4a8da,4869f7a5dfa277a7dca6462dcf3b52b2,2017-10-30 02:56:41,109.9,12.27
80c343549e07922070b0793b2eb87df4,1,46957faa8ca08af2cb0e35f42fac6141,17e34d8224d27a541263c4c64b11a56b,2017-10-30 22:26:16,149.06,21.53
80c343549e07922070b0793b2eb87df4,2,46957faa8ca08af2cb0e35f42fac6141,17e34d8224d27a541263c4c64b11a56b,2017-10-30 22:26:16,149.06,21.53
80c4ad268f53ce7cf84d89479e4e6701,1,ae1848ad278bbd5098dea4a749b333a1,70eea00b476a314817cefde4aad4f89a,2017-11-06 15:14:26,22.0,11.85
80c86e92eef37052119cf0e9a402000a,1,f908d3bf313a1308bfb2a46ea2685347,25e6ffe976bd75618accfe16cefcbd0d,2017-10-09 04:04:38,35.0,7.78
80cb2770ef2f75c1c0824d9b1c9c79e0,1,70869aae4d447a8815db20569604a9e7,bccf933e006e9b94a6184af782963e77,2017-10-26 10:26:02,98.99,16.32
80ccfbf4b2d0155bcaacdfac409fce16,1,2b4609f8948be18874494203496bc318,cc419e0650a3c5ba77189a1882b7556a,2017-10-20 02:07:21,89.99,16.39
80dabd6ee5b0e0d7d5672d511ca8cc7e,1,2b4609f8948be18874494203496bc318,cc419e0650a3c5ba77189a1882b7556a,2017-10-09 20:23:43,89.99,16.39
80ed095971ca276965730f312de98fcf,1,89387716a7138913d0233d899b959c04,42bde9fef835393bb8a8849cb6b7f245,2017-10-24 09:49:22,629.0,36.85
810233b1d86cfaff1b46b1458f7d0a41,1,da37b1e69fd193ddbdb8721c9079656b,71039d19d4303bf9054d69e9a9236699,2017-11-05 22:25:16,189.9,22.13
81039bb5e28d76cd6757558d5800a617,1,d3450bc0d7d9c8a11a079aa78614e3f3,e5a3438891c0bfdb9394643f95273d8e,2017-10-09 02:23:24,9.8,12.35
81039bb5e28d76cd6757558d5800a617,2,26a2bba56daa3e3b02eca0780176efd2,272f092de69afedd4d2969440b37f18f,2017-10-09 02:23:24,69.9,3.53
8119174bd1dd63d869875de9844752a8,1,2d27434c710806b971a721da337a112a,6560211a19b47992c3666cc44a7e94c0,2017-11-03 18:05:35,39.0,17.63
811d489212933883305dce687df36572,1,f50524ec99356b2afcfd21995cd69d9f,7142540dd4c91e2237acb7e911c4eba2,2017-10-30 21:14:25,84.9,19.83
813c637484948baa6c0e02abefc2a204,1,d3c044bd42d84a79e3b0c42662806a48,4c2b230173bb36f9b240f2b8ac11786e,2017-10-19 12:26:05,35.9,14.1
8177815f3ac5dbbcb7a0502a59a1646f,1,99a4788cb24856965c36a24e339b6058,4a3ca9315b744ce9f8e9374361493884,2017-10-27 21:14:18,89.9,21.12
817d88483f5ef3f2c934506d7d890888,1,4cb6e86e1328e77e20b5f90771683cbe,c3867b4666c7d76867627c2f7fb22e21,2017-11-05 23:10:17,104.0,13.75
818878a0bdfd8a8cf46e474a03fc5366,1,2b4609f8948be18874494203496bc318,cc419e0650a3c5ba77189a1882b7556a,2017-11-07 02:55:22,89.99,16.39
818f7c870fbe03dd57e214684293e74c,1,965ab297b516455ba5bae37d17bc51f8,b83cedfb587e7911540e3f576d6917ce,2017-10-20 11:49:12,129.78,17.16
819adcd651eaa6b9ce751285bfb7e85d,1,6d0663c395a253a37880561557f660e1,0ad80de75c811326389cfb1daba7d45e,2017-10-25 08:49:17,369.9,27.63
81a4a5d32cb95aad3ce81680b8634b11,1,b59fb744c6f3cd1dc23b10f760848d98,916748bc99315c2d202898ae58b1617e,2017-11-07 12:47:20,9.9,8.27
81ea9ed273341e95ebee97df7c324645,1,fd1061ebebbb9892c59897096066dec5,7142540dd4c91e2237acb7e911c4eba2,2017-11-01 13:07:35,84.9,9.0
81ea9ed273341e95ebee97df7c324645,2,3f6cfbf79bad1fd33c65e65cde20ab67,7142540dd4c91e2237acb7e911c4eba2,2017-11-01 13:07:35,84.9,9.0
820967deb14804facfa599c683438b09,1,9fc98e39f04be8e382d8aa5e259f5489,d2374cbcbb3ca4ab1086534108cc3ab7,2017-10-26 14:56:07,44.9,7.18
820967deb14804facfa599c683438b09,2,c403e106353e1aa40efe783ecb39ed7a,d2374cbcbb3ca4ab1086534108cc3ab7,2017-10-26 14:56:07,38.9,7.18
820967deb14804facfa599c683438b09,3,5199c64bddaad759e3cc82d7fa449570,cca3071e3e9bb7d12640c9fbe2301306,2017-10-26 14:56:07,41.14,24.39
821c1b3c87d17a24efad81096bee5f09,1,9f6e8441548dd40516cdb98f1b29c3d5,92c8bc6e8f925792247656fed09aad65,2017-10-26 17:49:28,124.9,13.43
82610088a4ce6de77c1d6ca3f3d738e1,1,f2e82987e8acd46815fda8c648580b12,5a8e7d5003a1f221f9e1d6e411de7c23,2017-11-08 03:26:18,59.9,15.17
827b48d99e470974c81fe3fe3c441146,1,9b2a0b97c2471793b067f77f2252defa,8f2ce03f928b567e3d56181ae20ae952,2017-10-27 10:56:31,89.9,13.18
8280bddb9636fd420fecbd96c5b0c877,1,b0961721fd839e9982420e807758a2a6,1f50f920176fa81dab994f9023523100,2017-10-23 04:14:11,59.9,17.67
828a705e0645673b538e803ca75a29b6,1,40c36dbe4fd510370d40e09ae7670a26,8444e55c1f13cd5c179851e5ca5ebd00,2017-10-30 22:49:13,99.0,16.45
828c3114b783f896fba059433600c471,1,368c6c730842d78016ad823897a372db,1f50f920176fa81dab994f9023523100,2017-11-03 13:55:15,59.9,17.67
828cb23d35630c92b140ab22ff23c485,1,2b4609f8948be18874494203496bc318,cc419e0650a3c5ba77189a1882b7556a,2017-11-02 22:28:15,89.99,16.39
829e9bcb88d163d9d6b6da8e8c396bbd,1,5111f663915cb81d02d4010a0025fd42,e5a3438891c0bfdb9394643f95273d8e,2017-11-03 02:50:52,20.3,15.1
829e9bcb88d163d9d6b6da8e8c396bbd,2,2bc14ec16ec416f08e39fed48eda7f2d,e5a3438891c0bfdb9394643f95273d8e,2017-11-03 02:50:52,34.3,15.1
82a1738c7a1654663209157934203633,1,5da61f03fa61bb3e2d965b98aa102ad7,6560211a19b47992c3666cc44a7e94c0,2017-10-18 17:07:33,89.0,7.88
82b0919653c8b121cf8b4beb9eda83fb,1,368c6c730842d78016ad823897a372db,1f50f920176fa81dab994f9023523100,2017-10-16 12:49:48,59.9,17.67
82b4245e0d249a436b157488d6607807,1,b6acad95bb80b9f438b3496bfdfd8257,7d76b645482be4a332374e8223836592,2017-10-17 00:49:26,14.9,7.78
82cc41708a2af46f14addaf31ad61ccd,1,4ac50dbde931c0a5ed8c33d3dc047351,e5a38146df062edaf55c38afa99e42dc,2017-10-23 11:28:31,61.8,16.68
82d3f1b33d98fe40e57af92e75f36e01,1,4a7531e96f92f841439a63a41ccb24af,1900267e848ceeba8fa32d80c1a5f5a8,2017-10-30 16:49:32,69.9,16.25
82df1040816137c724988769a4370203,1,c8abdbe349a97073e7aebc795be55bd8,6a0cbc8af2e8abd1bdfb777943d174c6,2017-10-25 21:28:11,115.0,16.44
82f8075cd1fb2c19c0913c34ccdc969f,1,985c412b0ac92ed9d8a76bbeab6d44eb,1554a68530182680ad5c8b042c3ab563,2017-11-03 21:25:49,68.9,14.21
82fb8895a278d7ff122edb5df3e4abed,1,ca873fc3d2a6186b92f8c32d685012a6,70a12e78e608ac31179aea7f8422044b,2017-10-23 07:05:47,65.0,15.2
83018ec114eee8641c97e08f7b4e926f,1,c35498fbb4358837ae16850f50c3fd22,70a12e78e608ac31179aea7f8422044b,2017-11-01 16:07:35,76.0,16.97
83078eacae0feb71b78ec731be836ab4,1,d65a890d49d3bb0209e3e727b1830cf0,a09a13f18ed27932d08438aa6f12756e,2017-11-03 19:35:13,29.9,16.11
830b3434635cb599ae37e17e90f2d0e8,1,625dac8156b3157351e7257305148f3f,18a349e75d307f4b4cc646a691ed4216,2017-10-24 19:50:34,23.99,15.11
830e4884081b78d304b38eebe75f4732,1,389d119b48cf3043d311335e499d9c6b,1f50f920176fa81dab994f9023523100,2017-10-19 09:49:42,59.9,13.44
8314d0708a7a6fe4f5e5b3ace0826a2e,1,7814c4d0c13dd09411bf75a6c3184e7f,17908cf9b444ee34047cadd5c0f4a516,2017-10-26 02:56:26,299.99,18.0
8328f0c360b46dfb1b46a1e9825c7fc1,1,7b024909c999cdbddc27bcd2a1eaf889,95e03ca3d4146e4011985981aeb959b9,2017-11-08 13:50:01,120.0,17.09
832c7364e0bee77d8763a327983c1b8a,1,4f4dce53833f830c4cc6e1a307167d0c,1acde099eb406aa220b1169b188b42da,2017-10-25 16:07:38,16.9,16.11
833161948da9dc7becc70ebebb93ef4b,1,b532349fe46b38fbc7bb3914c1bdae07,1025f0e2d44d7041d6cf58b6550e0bfa,2017-11-03 13:34:09,38.4,15.11
833161948da9dc7becc70ebebb93ef4b,2,b532349fe46b38fbc7bb3914c1bdae07,1025f0e2d44d7041d6cf58b6550e0bfa,2017-11-03 13:34:09,38.4,15.11
833161948da9dc7becc70ebebb93ef4b,3,b532349fe46b38fbc7bb3914c1bdae07,1025f0e2d44d7041d6cf58b6550e0bfa,2017-11-03 13:34:09,38.4,15.11
833161948da9dc7becc70ebebb93ef4b,4,b532349fe46b38fbc7bb3914c1bdae07,1025f0e2d44d7041d6cf58b6550e0bfa,2017-11-03 13:34:09,38.4,15.11
83649f5bef804caee20776fbd535d29d,1,1a6bdef0156314f8f852fe58564a31cb,aae5953b9edddf14749c0d65d60eb4b9,2017-10-24 23:28:17,23.1,14.1
8366b292b2a97497953e0897d8fdec25,1,e54cb69cc7bf5d21921991aae48501fb,cce6ab8d1682639fe45ab70234f1665f,2017-11-09 03:15:21,40.0,19.59
83832d7a696d54e9e32347d7cc7df962,1,d1c427060a0f73f6b889a5c7c61f2ac4,a1043bafd471dff536d0c462352beb48,2017-10-19 04:36:34,149.99,23.85
83a0a5e31aac098fd9926b97e3b15459,1,500870614ddcf5bd84f7d26861026c8a,ef506c96320abeedfb894c34db06f478,2017-11-16 02:26:28,29.99,15.1
83b2d648943450c9ec62dea697e60c4d,1,d1c427060a0f73f6b889a5c7c61f2ac4,a1043bafd471dff536d0c462352beb48,2017-10-16 19:25:32,149.99,57.28
83db5c54cc71b8c55ff3cb2034c66ecf,1,d7d5562fce331ad958ca6f57057b3526,7a67c85e85bb2ce8582c35f2203ad736,2017-10-06 14:07:27,59.99,17.67
83e34d8a4210318b0fd15ce71350db6d,1,d1c427060a0f73f6b889a5c7c61f2ac4,a1043bafd471dff536d0c462352beb48,2017-10-30 03:14:59,149.99,40.38
840cfabd91dbe1c98ad86fe2e7bc3ad7,1,bacf6a8b3c76adbf95a90d402fded27c,9bcdfa7b615b3abb9461d9e3ad9886ae,2017-10-25 02:58:57,62.79,15.19
840ee6b10ece14a3b4612f72e1fe6c75,1,0aabfb375647d9738ad0f7b4ea3653b1,37515688008a7a40ac93e3b2e4ab203f,2017-10-26 01:07:22,19.9,11.85
840fba0867d6686cd4a428f76d01f97e,1,7aa1ab866537ff58ef91e90e3df92134,17e34d8224d27a541263c4c64b11a56b,2017-10-17 09:26:21,217.01,17.28
8418f6b2abe992eedc0c136424fa139e,1,9388fcd19f74f595e79b1a302b930bf7,66e0557ecc2b4dbea057e93f215f68d8,2017-10-23 14:28:36,454.0,11.99
8426a61c687c38a2fb35080413ec9eb4,1,110adb18eeba9a0984478ee3c9302e16,080199a181c46c657dc5aa235411be3b,2017-10-31 23:07:19,179.49,9.45
842d9fa6a8cc47a3c8d3021592debe74,1,4cc8bfa581f41841ce5e24aba773a44a,1835b56ce799e6a4dc4eddc053f04066,2017-10-17 10:49:20,56.99,16.16
84499df9226b91d3b5817d5e6651a143,1,c82f1b01c42306423e552a3df6875291,391fc6631aebcf3004804e51b40bcf1e,2017-11-06 00:10:13,69.9,17.74
84499df9226b91d3b5817d5e6651a143,2,c82f1b01c42306423e552a3df6875291,391fc6631aebcf3004804e51b40bcf1e,2017-11-06 00:10:13,69.9,17.74
8458ad0c5a4b19319109dc629ac03c8f,1,34b91723112fa9ebf6b4d6b4db4a6741,850f4f8af5ea87287ac68de36e29107f,2017-10-18 01:13:46,579.0,21.3
845b246277d6bf2be20db34577513537,1,3ff90de8afa748b1f8441607fb2b1e49,4a3ca9315b744ce9f8e9374361493884,2017-11-03 14:45:31,87.0,13.63
846ddcf1c6b8e75dc7639b3ba919937c,1,dc881ef926ca402063ea142afc83874c,7aa4334be125fcdd2ba64b3180029f14,2017-10-19 10:45:14,88.0,17.87
84734d9913fc9a6eb15b3e982a15fedf,1,9d46bfe46a9812f451dfbd861f711759,381c83fdca332ea6afd896da20bf6e4a,2017-10-23 13:49:50,95.0,15.42
84877113d081df48ed8924b8cdde9c90,1,90c9742c178ef9389b82fcb1bd9ae2b6,c68fb906c8f4b4b946d8386bfa6e5467,2017-10-19 21:28:37,226.88,22.08
848a8ddc7852a84bc58017be865b58f4,1,199dfdf7a1862dbcd8ad039e48d58355,0bf0150d5b9d60d9cd2906003332f085,2017-10-18 20:28:13,95.9,21.16
8490980aaf59839a601c4184474b9220,1,4413a608a42bd21bbf9d5abbd58c249a,7ddcbb64b5bc1ef36ca8c151f6ec77df,2017-11-01 13:49:27,146.99,13.58
84a1e5108acf2786feaa63a12cdf0c09,1,5411e9269501a870cabf632f05655131,3d871de0142ce09b7081e2b9d1733cb1,2017-11-03 03:10:28,99.0,19.93
84a80b02b3af075990fc7d9d2369f066,1,f24fac234abea1ab9560893ecc15a573,9c068d10aca38e85c50202e17b4a7e88,2017-10-24 08:35:17,540.0,31.16
84b5c6eba57c5e2fa6f5c230362e8221,1,0a57f7d2c983bcf8188589a5fea4a8da,4869f7a5dfa277a7dca6462dcf3b52b2,2017-11-01 03:35:21,129.9,16.54
84bd1040859c31fc8d677a25de8093a5,1,e7bbc0d43d1f5cb09bab95b664236633,897060da8b9a21f655304d50fd935913,2017-10-18 01:17:56,51.98,12.7
84c8d881929cf4e631a02b92afbb9524,1,2167c8f6252667c0eb9edd51520706a1,0bb738e4d789e63e2267697c42d35a2d,2017-10-20 13:14:10,369.0,56.85
84c904ab766712ddf5179277e7dc07f7,1,9696fc4ef13aa92c9933cc364d18ac40,520b493b57809f446cb0a233bb3e25c7,2017-10-24 10:35:53,47.0,9.34
84c9f6b767643adeec531d7bdfddbf24,1,cc28101310964f961bf1086fa0ffc922,8444e55c1f13cd5c179851e5ca5ebd00,2017-11-10 02:49:22,129.0,13.92
84e18f4b5b541150af97e94f3cc0b2a7,1,a0045b8457877b5981ed6c79b9b0765a,ef506c96320abeedfb894c34db06f478,2017-10-18 14:28:26,19.9,21.15
84e18f4b5b541150af97e94f3cc0b2a7,2,3a3232c5a8df0895d04012fb058f4bbe,ef506c96320abeedfb894c34db06f478,2017-10-18 14:28:26,19.9,21.15
84e898dd83ad8b720859ce93c97509ba,1,d9a51912372ce82133d91ad4dccba508,bbaff50f3b708fda865918715276cd87,2017-11-03 12:50:09,18.6,15.1
84ea54523a2ce54a924e159fff3affd7,1,e9b3cf27d68caa64832c4a7c460abcb9,7d456afc660226829370f3173d14520c,2017-11-03 00:05:57,160.0,9.19
84ea54523a2ce54a924e159fff3affd7,2,3b4db17ce4f2c8731f83b093db7aa0b1,7d456afc660226829370f3173d14520c,2017-11-03 00:05:57,200.0,12.81
84ea561a36501265e6a147837868f416,1,46b173c179c7e6904a5728959bee5b3a,7299e27ed73d2ad986de7f7c77d919fa,2017-11-03 14:27:50,170.0,16.95
84f2d0f9ef0b49e2c35dd082c3258600,1,01fc56750f0d3444c4a1746ecf19dee0,6b243f80ed07b10f0e8aa0f21a205f3c,2017-10-27 00:56:44,84.9,15.35
84f9634e0295cecca0f76ae5cf5634f2,1,99f265229d46f700208ad7cb1ff48aae,ea8482cd71df3c1969d7b9473ff13abc,2017-10-18 08:33:38,27.99,15.1
84fb07b1184d14c73d4062470315b61b,1,85d187257cdbf2692d10649a11c7e78b,7ddcbb64b5bc1ef36ca8c151f6ec77df,2017-11-03 21:04:56,154.99,13.64
850a1a50b15538e71f05dab30ce0099d,1,ed5122a6a757a4fea8f32a6fb95a5135,00ee68308b45bc5e2660cd833c3f81cc,2017-10-26 10:05:56,115.0,15.57
85179ceed927a62fa1fe00697a17dd5e,1,ee99026a2d04ff2294f42f8cf337029b,79ed755314cfe6df0daef2c6cd3022cd,2017-10-09 18:07:43,129.9,18.16
851b7dd1e78cd0ff3faaa1d3df4447ed,1,c36bbb0e95d7546794ee5170baf0df93,822166ed1e47908f7cfb49946d03c726,2017-11-03 18:31:09,18.74,15.1
851b7dd1e78cd0ff3faaa1d3df4447ed,2,c36bbb0e95d7546794ee5170baf0df93,822166ed1e47908f7cfb49946d03c726,2017-11-03 18:31:09,18.74,15.1
851b8de268e532c930dc8f315d1434d0,1,f0d393949e1e06ecb628e7ad8ebd3bab,4ba52dfeba874da5b9ee7b17c7494f04,2017-10-26 16:50:11,70.0,14.24
8520caa05adaca0f5c056629e9f17fe9,1,5fdf539153cefe3f3fd8589c6c22f191,850f4f8af5ea87287ac68de36e29107f,2017-11-01 20:55:38,599.0,15.4
852586974b34f22595f8bcc918b48040,1,9c48f48fd32ee1915d62d3670e2d1ba9,e8b3a3a38279a82f0e5d006d5e5b7d2c,2017-10-20 03:21:01,71.9,16.94
8535a444df0f0b8ceb9016ddc7d49e36,1,7a10781637204d8d10485c71a6108a2e,4869f7a5dfa277a7dca6462dcf3b52b2,2017-10-25 14:56:22,209.9,18.72
854237a365a9bcdaae803b2fe7a630d1,1,4ae634441e444ca4bc85903cafe98d73,ea8482cd71df3c1969d7b9473ff13abc,2017-10-16 22:49:35,18.99,15.1
8543d2d86c69647af5e2d957c3d21b85,1,d86963242e7dda7eed04f57e492ed655,a3a38f4affed601eb87a97788c949667,2017-10-11 16:14:26,74.9,18.09
854f7c88b0fc0c1a45d66a0bf99c90b7,1,f35a1bcd7e07f3841b0490d477612fae,3d871de0142ce09b7081e2b9d1733cb1,2017-10-19 13:27:44,47.9,11.85
85837cf1f1abc43e038a12c0a1d41ab7,1,ef8856db4e302ad33dc4d91e40f7593c,dbc22125167c298ef99da25668e1011f,2017-10-11 12:28:21,94.9,17.91
85953c01cb38fbb086291bd45ad6b18e,1,4f25e5c4706d43e04c34566bfec175df,d57e18d5f73c7ccb7f7339b61166898d,2017-10-09 13:07:25,79.9,9.37
85a3602f48becf78584dbd58d22f85b7,1,ae5cad88462eb7b7b61401e31c45618e,ce27a3cc3c8cc1ea79d11e561e9bebb6,2017-10-06 19:49:40,15.0,8.72
85a3602f48becf78584dbd58d22f85b7,2,ae5cad88462eb7b7b61401e31c45618e,ce27a3cc3c8cc1ea79d11e561e9bebb6,2017-10-06 19:49:40,15.0,8.72
85b65cf0a36d51265b279d78117ea65e,1,af6099f8d0d98a9eb5c0a67be73cb9b0,7e93a43ef30c4f03f38b393420bc753a,2017-10-26 13:14:54,650.0,19.3
85ce1acca4841a84144a947b8fa4d5f1,1,5411e9269501a870cabf632f05655131,3d871de0142ce09b7081e2b9d1733cb1,2017-10-19 04:46:36,99.0,17.94
85d9731859c1d47faff637b19d102f14,1,b556497a60ced8b40679401ea55d5076,855668e0971d4dfd7bef1b6a4133b41b,2017-10-15 23:28:14,22.99,15.1
85f64d0cfe65f28d287067a0032a3b4c,1,461f43be3bdf8844e65b62d9ac2c7a5a,4869f7a5dfa277a7dca6462dcf3b52b2,2017-10-27 10:46:06,146.0,34.82
862492c97a277f223e8cb4d665d80c0a,1,13befae9b3fb34c439cf4744fd18dfa7,d2374cbcbb3ca4ab1086534108cc3ab7,2017-10-23 03:46:09,18.9,11.85
863bc53446a20a42457cad19cabdeef1,1,75d6b6963340c6063f7f4cfcccfe6a30,cc419e0650a3c5ba77189a1882b7556a,2017-10-17 22:49:30,56.99,11.9
863d4b42822d16c06f0e216b19b8233f,1,64fb265487de2238627ce43fe8a67efc,4a3ca9315b744ce9f8e9374361493884,2017-10-06 17:14:15,99.9,16.33
863d60e6027670800d65db6d2a9de10e,1,5f315c482ee138f3766f5a9169f16ba6,fa1c13f2614d7b5c4749cbc52fecda94,2017-10-26 02:49:32,198.9,12.89
86402904f3cfc1ddf74a29dde72588f5,1,158477fa4a1d33fa290291caefbc7883,cca3071e3e9bb7d12640c9fbe2301306,2017-10-27 16:34:52,96.36,16.43
864a3b3cc4c7ea1045528ea46f1848e9,1,242edc6b84c00f0d48c664a020a92c52,6cd68b3ed6d59aaa9fece558ad360c0a,2017-10-11 08:43:57,54.9,17.95
8651593cf99a9174e4b9fa453ddacf49,1,7c4a8bec217df1de0df2b5aaf8175b65,7040e82f899a04d1b434b795a43b4617,2017-10-23 21:36:02,19.9,7.78
866486663ab80949d218d95f36137006,1,cad39e71c0fe2f6ce875040d4ac43a4b,4869f7a5dfa277a7dca6462dcf3b52b2,2017-10-09 21:28:08,318.0,16.98
867a96f5ffe70eb3e90140ff7c81cfc6,1,407729653f67fdfa6e588c6b0853edd7,ef506c96320abeedfb894c34db06f478,2017-11-01 08:49:19,25.99,17.63
867ce8a588cb1805fa25762927b0ef96,1,00df6fc5f33cc3f7ceec4ec6337d9cd7,7e93a43ef30c4f03f38b393420bc753a,2017-10-13 05:49:07,999.99,15.19
86c8fd057d184ed3d5059a43d58ff5db,1,16d928f7b23b3d30bd5a9ff281eed9b8,400f221ab83037c0ea78f1267da9624d,2017-10-19 23:28:28,865.0,20.8
86d34c8f36491e984f83e8482128118b,1,b99e4f4fa3f421e0ffbd512d9f152dec,128639473a139ac0f3e5f5ade55873a5,2017-10-18 23:49:21,19.9,15.1
86f92f9e6f7eecaf30f643b1c6c3be84,1,afd34b33969fc993e14ae949c140d527,f45122a9ab94eb4f3f8953578bc0c560,2017-11-07 12:47:20,125.9,12.84
870262a84754d5ee151a8be2554a5bc6,1,5804729aafca1ebee7b26895d830586e,d94a40fd42351c259927028d163af842,2017-10-10 15:35:22,139.0,25.81
870fd43e82d46b9f89d7983527864ae5,1,55a257b8a93fa8ce0b4774de48718126,4aba391bc3b88717ce08eb11e44937b2,2017-10-12 22:28:17,669.0,16.93
871ab967b724c659c2678dc802f154d1,1,5328338cfaa16ba10561cd970c73ca11,12b9676b00f60f3b700e83af21824c0e,2017-11-16 11:26:20,199.0,17.64
872850580977b19cbd396531f4a6d0d7,1,6ddc47ca7a57816752ed7bfc1f9757e3,710e3548e02bc1d2831dfc4f1b5b14d4,2017-10-30 11:35:32,29.99,20.26
872850580977b19cbd396531f4a6d0d7,2,6ddc47ca7a57816752ed7bfc1f9757e3,710e3548e02bc1d2831dfc4f1b5b14d4,2017-10-30 11:35:32,29.99,20.26
87322429288d41c9b9216ef642e9b9fc,1,6490b9f63b0b595e1c1402b46b0f50ad,99eaacc9e6046db1c82b163c5f84869f,2017-10-09 22:14:14,280.0,13.46
8734071c7bfc4d453e59546b22c5ce0e,1,ee0c1cf2fbeae95205b4aa506f1469f0,cc419e0650a3c5ba77189a1882b7556a,2017-10-16 11:05:52,53.99,21.18
8737b567a657802c6dd1761fdf3c256f,1,cc971e0365873137b8bef2ebad633e6f,7a67c85e85bb2ce8582c35f2203ad736,2017-10-30 19:49:38,239.99,22.17
873b10344643e4206c7f04cd54a1fa72,1,85095e161b46d68305c1293b02c27d23,70a12e78e608ac31179aea7f8422044b,2017-10-25 04:14:49,189.0,16.07
8759d467df07f1bc2c4593e411959c84,1,f32941d7c00c56b8d7a3723c8ebb4be5,50c9975695009e5e6473912e83a6d1da,2017-10-26 09:56:23,239.9,115.53
8774dccac317f54e3e9b3c6096a9b2c6,1,f1ca789b4694dd683c4cb0c2ed74768e,17e34d8224d27a541263c4c64b11a56b,2017-10-31 06:28:11,223.64,16.32
879094afcd86a7e113d5923fd645dfca,1,e60af9d3fe480442e6ad248d497f6cf9,113e3a788b935f48aad63e1c41dac1bd,2017-11-05 23:35:12,55.9,15.14
87aade85679539a3976169c4ffba9019,1,601a360bd2a916ecef0e88de72a6531a,7a67c85e85bb2ce8582c35f2203ad736,2017-10-11 18:56:16,119.99,12.04
87b8f9f472fb04cdbf53fb55a3591b5f,1,b6e352d888ba31d8999af279cd63aa24,f61c63d13f7cd800549d5acdd390ae72,2017-11-01 18:46:08,59.9,12.76
87fdbf51d1ca05cd443a8cbc44c1f5ee,1,389d119b48cf3043d311335e499d9c6b,1f50f920176fa81dab994f9023523100,2017-10-27 18:21:26,59.9,17.67
8809391e10af2cf3abaef5ac8af9fc4e,1,8250ed49c0929b233a405e3ece4ce328,a99504ac23ed125aaf5302af6cc30af9,2017-10-19 14:56:14,978.0,47.24
8809eb241de20bada1a2eedfa3c47504,1,21f1d2b20d4942a15894bd1232b05a5e,46dc3b2cc0980fb8ec44634e21d2718e,2017-10-23 14:49:38,799.99,101.17
882ff3a2d501e2b7221ba143d20d5a5a,1,e2e426d1332240070b0a836a854d057b,cce6ab8d1682639fe45ab70234f1665f,2017-10-26 23:14:11,40.0,29.88
8837cc02b9f2696152b7c99ea0c1b39e,1,dc2410804cf782c5d87dbcd201b74e9b,897060da8b9a21f655304d50fd935913,2017-10-11 03:04:12,150.0,13.39
883f2b96f6b6c7dde2a3369487fb8730,1,617186c3d97ea56c9c683a8a3974e8c1,cc419e0650a3c5ba77189a1882b7556a,2017-10-30 22:26:15,84.99,9.41
884245b62173977a377007d7c62cf9f2,1,9bbe6c774ab3a4f9c5a0385e78c9641c,3078096983cf766a32a06257648502d1,2017-10-10 14:14:10,73.39,17.76
8844a6f4804668ce97f0423a434a74f6,1,47a3fbd41bb53db64dacc4562ba3aa52,cce6ab8d1682639fe45ab70234f1665f,2017-10-26 15:27:47,40.0,16.6
886090ba53919a880e66ccba31eb74ee,1,6b874ff4c71d18e91079b40396bf176a,b6e1504972665f739dec4facb9943775,2017-10-20 16:07:31,25.3,15.1
8875c81503e02bc22eae5a31637d6db1,1,167b946cfe5de05aadc151871edf7bb9,f682e0f848abafc6f41e0d4e868c66ef,2017-10-19 11:09:01,169.99,18.44
887b522c355bcd896b5168f84a11e6f0,1,bc7783fa09789dd5984d2c9213413a97,94144541854e298c2d976cb893b81343,2017-10-25 12:56:28,229.9,15.36
887b522c355bcd896b5168f84a11e6f0,2,bc7783fa09789dd5984d2c9213413a97,94144541854e298c2d976cb893b81343,2017-10-25 12:56:28,229.9,15.36
888312c0cd443652e3152019d58272ef,1,e357a8646a17191f03fd9f833a0fa29b,bd23da7354813347129d751591d1a6e2,2017-10-27 18:49:28,99.9,11.9
889d204697bec781401132649cffa867,1,98615693c104cb69e8746bdbad198317,f08c008c8a8d31417763738a1788a2a8,2017-10-25 17:56:24,39.9,12.86
889d204697bec781401132649cffa867,2,ca1551e5e36f2e68261f4d14132dba96,2e1c9f22be269ef4643f826c9e650a52,2017-10-25 17:56:24,65.99,5.14
88b09d34d523862ed31c57b3c3b310e3,1,17823ffd2de8234f0e885a71109613a4,46dc3b2cc0980fb8ec44634e21d2718e,2017-10-12 23:30:55,269.99,22.73
88b36969638ed8c7af9be0f985d142d1,1,f39a8b27ce90ac582103bf36f09690dd,16090f2ca825584b5a147ab24aa30c86,2017-11-01 03:08:27,319.0,10.98
88b6c7abc4434ef05f56d22ada8f957a,1,607ef4aa416b93fdeb2a811c2c73ad81,da8622b14eb17ae2831f4ac5b9dab84a,2017-10-24 21:56:27,119.9,18.09
88bbef3f1ea4f3bd644c960cb645c072,1,bdb4be6ce2f7f2b5be0a16088028c7fc,955fee9216a65b617aa5c0531780ce60,2017-10-20 09:14:10,85.0,20.08
88ed70c8a41eb5445e5221d691d08a7c,1,9b191ab94826390cd135c837fb7bc881,54965bbe3e4f07ae045b90b0b8541f52,2017-10-24 23:28:27,140.0,33.43
88ed70c8a41eb5445e5221d691d08a7c,2,9b191ab94826390cd135c837fb7bc881,54965bbe3e4f07ae045b90b0b8541f52,2017-10-24 23:28:27,140.0,33.43
88ff50ec153428aa5372c0276c7dd75f,1,0c4dd7ab3593c8601e53207e02d16784,b2ba3715d723d245138f291a6fe42594,2017-11-01 11:28:38,78.9,12.89
8914a09684ca4a41b8fb6cdf7d7de429,1,b06e4ddd013b4a1a81e80fe575d9b762,cca3071e3e9bb7d12640c9fbe2301306,2017-10-26 20:28:22,87.85,13.63
8914de0f43ff7668bb9b82fd774629ef,1,3516632e8f52b679ff83d1665ecc990e,e9bc59e7b60fc3063eb2290deda4cced,2017-10-17 17:08:52,75.9,12.66
892d14cfe4157476879d57275df6615f,1,1dba1b8c4782c82bec9252bc5cca3b76,0d4c8269e7f0401201794deef160edd6,2017-10-23 22:49:54,174.92,35.13
892d14cfe4157476879d57275df6615f,2,198f4a07b346797ac244a9fe3486d17a,0d4c8269e7f0401201794deef160edd6,2017-10-23 22:49:54,206.57,35.13
894688f5124158773f73df86a3b83c6f,1,b532349fe46b38fbc7bb3914c1bdae07,1025f0e2d44d7041d6cf58b6550e0bfa,2017-10-31 23:28:15,38.4,16.11
894688f5124158773f73df86a3b83c6f,2,b532349fe46b38fbc7bb3914c1bdae07,1025f0e2d44d7041d6cf58b6550e0bfa,2017-10-31 23:28:15,38.4,16.11
894ad6777d752962423e37b3d4e8a83a,1,d1c427060a0f73f6b889a5c7c61f2ac4,a1043bafd471dff536d0c462352beb48,2017-10-10 13:49:33,149.99,88.06
89561bab2f540ec47002eb8e0fbec2a8,1,ef2eed3e42cdbeedcd515745b23d7ccf,e9779976487b77c6d4ac45f75ec7afe9,2017-10-19 21:14:22,63.0,8.27
895dce73de79888b14581541cf3a811b,1,0e839be47c2dc028ca3d90e65732b14c,eed78ac17f7f795a19a709745f00cd4e,2017-11-03 13:48:09,59.9,2.31
895dce73de79888b14581541cf3a811b,2,0e839be47c2dc028ca3d90e65732b14c,eed78ac17f7f795a19a709745f00cd4e,2017-11-03 13:48:09,59.9,2.31
895dce73de79888b14581541cf3a811b,3,0e839be47c2dc028ca3d90e65732b14c,eed78ac17f7f795a19a709745f00cd4e,2017-11-03 13:48:09,59.9,2.31
895dce73de79888b14581541cf3a811b,4,0e839be47c2dc028ca3d90e65732b14c,eed78ac17f7f795a19a709745f00cd4e,2017-11-03 13:48:09,59.9,2.31
895dce73de79888b14581541cf3a811b,5,0e839be47c2dc028ca3d90e65732b14c,eed78ac17f7f795a19a709745f00cd4e,2017-11-03 13:48:09,59.9,2.31
895dce73de79888b14581541cf3a811b,6,0e839be47c2dc028ca3d90e65732b14c,eed78ac17f7f795a19a709745f00cd4e,2017-11-03 13:48:09,59.9,2.31
895dce73de79888b14581541cf3a811b,7,0e839be47c2dc028ca3d90e65732b14c,eed78ac17f7f795a19a709745f00cd4e,2017-11-03 13:48:09,59.9,2.31
8973a53fcad22a79e0ff315e7f9a0fd9,1,26f4f1d683f32cfce93292cc626d5eea,834f8533b2ecb6598dd004ff3de7203a,2017-10-26 12:35:20,71.6,16.75
8973a53fcad22a79e0ff315e7f9a0fd9,2,26f4f1d683f32cfce93292cc626d5eea,834f8533b2ecb6598dd004ff3de7203a,2017-10-26 12:35:20,71.6,16.75
89741980c62aa4ee1bedf37ae9d86c07,1,42a2c92a0979a949ca4ea89ec5c7b934,813348c996469b40f2e028d5429d3495,2017-10-31 15:27:40,59.9,17.13
897648537fbaa2faa3eecbbefda2e1b9,1,ef55549ccb7d442f4ed08cff81eba0be,5debea795b07621e1f90532e18f96145,2017-11-08 03:30:18,18.49,7.55
897648537fbaa2faa3eecbbefda2e1b9,2,ef55549ccb7d442f4ed08cff81eba0be,5debea795b07621e1f90532e18f96145,2017-11-08 03:30:18,18.49,7.55
89875030a35679ca3bb457e3e89dd7f1,1,100260bf9206d859dc8db128c8c5afc9,4830e40640734fc1c52cd21127c341d4,2017-10-27 02:49:27,25.0,15.1
899bf89aecc925140e25d370c8ac274e,1,d57e44940ef46f6384a6ce75e230ec31,abe42c5d03695b4257b5c6cbf4e6784e,2017-10-24 11:28:19,279.0,16.7
899cdd988dd7bab43d5ed87329a96dd2,1,839ae04dfa2580c962dbbf9613c3e6f9,0bf0150d5b9d60d9cd2906003332f085,2017-10-10 07:07:09,95.9,20.16
89b5845c9341e01e139bfc80ad813feb,1,985c412b0ac92ed9d8a76bbeab6d44eb,1554a68530182680ad5c8b042c3ab563,2017-10-05 22:56:13,68.9,19.72
89d7caced0290837749c7a193da64478,1,1177a4988372a9eef0836c4c875cc816,bd0389da23d89b726abf911cccc54596,2017-10-23 12:30:12,69.9,16.93
89d9b111d2b990deb5f5f9769f92800b,1,94cc774056d3f2b0dc693486a589025e,1da3aeb70d7989d1e6d9b0e887f97c23,2017-11-03 17:10:09,13.99,7.78
8a02df0db15a7e4f1ba462a2b939a532,1,6822a8b4d3a03eb8cc23f296bda7525f,18a349e75d307f4b4cc646a691ed4216,2017-10-31 14:14:21,51.15,11.73
8a0e7dc6461a019b6edd6f6cdf26f475,1,6cdd53843498f92890544667809f1595,ccc4bbb5f32a6ab2b7066a4130f114e3,2017-10-26 12:56:45,349.9,19.02
8a3b1e83e4d61d19b4a8981b81368711,1,07f7c5fe95aa4a3b8ea56a5119546939,17f51e7198701186712e53a39c564617,2017-11-07 22:14:14,990.0,143.96
8a3dcb26a8eb146af97048a590585b24,1,4d9e8a6d8d07e4f47e093b8c2999ae01,e9d99831abad74458942f21e16f33f92,2017-10-10 14:14:12,38.99,8.72
8a5fcb4314afcbf3906bd354138b674b,1,f12a26f5ddd49ba9e1bf0ec9d0239326,b499c00f28f4b7069ff6550af8c1348a,2017-10-13 02:28:31,29.99,9.09
8a690db6867c58d3ed896a9a2127746b,1,235e0d56841710b62daf088840a96ba8,1d8dbc4f32378d715c717c1c1fc57bae,2017-10-31 13:56:26,110.0,18.02
8a7323f90911d7d68c77dc684d64dfc7,1,4413a608a42bd21bbf9d5abbd58c249a,7ddcbb64b5bc1ef36ca8c151f6ec77df,2017-11-01 11:28:41,146.99,16.66
8a8d5579f5323798786ef799344781b0,1,aecc6705d25880a6fad90e305c32d875,9f505651f4a6abe901a56cdc21508025,2017-10-26 02:49:35,29.99,14.1
8a8d5579f5323798786ef799344781b0,2,aecc6705d25880a6fad90e305c32d875,9f505651f4a6abe901a56cdc21508025,2017-10-26 02:49:35,29.99,14.1
8aa5b35619d1aeb3068187d868c9aa41,1,64df949908a46fb485e56ba12c1ed052,4a3ca9315b744ce9f8e9374361493884,2017-10-10 10:49:42,173.0,14.23
8ab12616ff9cf79ce869bcfd0c7dec3f,1,85f709dd4e8f207aecdfaeba8581c1f0,8160255418d5aaa7dbdc9f4c64ebda44,2017-10-16 16:14:33,89.9,29.42
8ab162fc692c0698b0c3de0c76efc41b,1,bd5556852920e0d5ebb6044894391ca6,9b013e03b2ab786505a1d3b5c0756754,2017-11-08 03:31:16,31.49,9.27
8abc120199358d4e0a7d5902c0d62fd4,1,a339bbe3ca97f9ea3c3828f4e7de5309,093805f8f2aeb63881444571e1f48f30,2017-11-03 02:50:14,63.0,22.76
8af15bd33c34d03d1ec679cc09fc6e1f,1,1c21c1ed398eae61184065889ca3d4b0,a3e9a2c700480d9bb01fba070ba80a0e,2017-11-02 22:32:57,65.0,17.7
8afd9b152eb9ffdc3b17c6e3599136bc,1,ecbd7c0c31f1779002f5a78b2a1873ae,bf3c6d2a28b2b5501e6c15448982dcc9,2017-10-18 11:27:26,38.0,8.72
8afd9b152eb9ffdc3b17c6e3599136bc,2,ecbd7c0c31f1779002f5a78b2a1873ae,bf3c6d2a28b2b5501e6c15448982dcc9,2017-10-18 11:27:26,38.0,8.72
8afd9b152eb9ffdc3b17c6e3599136bc,3,ecbd7c0c31f1779002f5a78b2a1873ae,bf3c6d2a28b2b5501e6c15448982dcc9,2017-10-18 11:27:26,38.0,8.72
8affe9c92a920697129509ebbb623e0e,1,a734287b931bd7a03b9e30261ddc08ef,7e93a43ef30c4f03f38b393420bc753a,2017-10-30 21:28:09,179.99,16.01
8b03a3a298d3b5831724d10b7c35ea95,1,c556dfe03a2efef617497a3de58cb44d,7e93a43ef30c4f03f38b393420bc753a,2017-10-13 13:44:49,185.99,16.06
8b050d41c0452652c3f1a6cd855005b1,1,c9996076c21558c4878c8d2fed12c45a,6288c69c4ce638e59925e59193f98b16,2017-10-09 22:03:56,209.99,12.67
8b103650a25fb8cc322e23f2aabb44ef,1,e45f2a329621593cdfa31be2b8a3bb3a,4a3ca9315b744ce9f8e9374361493884,2017-11-01 14:49:15,176.75,61.98
8b17d9b0ca1fcef1952990014a1e099f,1,368c6c730842d78016ad823897a372db,1f50f920176fa81dab994f9023523100,2017-10-11 02:49:16,59.9,17.67
8b17d9b0ca1fcef1952990014a1e099f,2,368c6c730842d78016ad823897a372db,1f50f920176fa81dab994f9023523100,2017-10-11 02:49:16,59.9,17.67
8b2f26bb118efedc4e82ab2f14f64106,1,0bcc3eeca39e1064258aa1e932269894,1f50f920176fa81dab994f9023523100,2017-10-10 02:43:59,59.9,13.44
8b2f26bb118efedc4e82ab2f14f64106,2,0bcc3eeca39e1064258aa1e932269894,1f50f920176fa81dab994f9023523100,2017-10-10 02:43:59,59.9,13.44
8b2f26bb118efedc4e82ab2f14f64106,3,0bcc3eeca39e1064258aa1e932269894,1f50f920176fa81dab994f9023523100,2017-10-10 02:43:59,59.9,13.44
8b54ad5dd057cd34a1308553e2bba5dd,1,66a0a6e02b7f543e5b021ce361f267d4,7a67c85e85bb2ce8582c35f2203ad736,2017-10-26 09:28:15,119.99,12.04
8b594e0da0cf5b0a013998575d95b541,1,fecf6223a3494f35362f670e571d2a04,3db66a856d18a9cba7c9241fc5221c50,2017-10-25 21:35:31,69.9,18.06
8b5c910ccad3b27e2876ad9eb90bbb53,1,b41f1b93d5b478ecc56bcd6285c3a696,376a891762bbdecbc02b4b6adec3fdda,2017-10-24 02:57:55,75.0,17.81
8b79176e5b12024a8da1e16cc162689c,1,33506b5bbfffb69d787a9ecaa1222a5a,e49c26c3edfa46d227d5121a6b6e4d37,2017-11-07 04:15:09,222.98,39.11
8b982020bb9eb478d9cacb4d7e7f4a05,1,420575f8e2c456d57fd9ea8fe99090f9,44073f8b7e41514de3b7815dd0237f4f,2017-10-26 16:07:04,139.9,22.85
8bbd7c85404f2985106229d03d281d55,1,ea4f4b5a820fea007c6c8d7ef9a790bc,897060da8b9a21f655304d50fd935913,2017-11-01 03:28:19,45.73,11.85
8bd7f80baa0df162306e95be03bb7b16,1,869c418f22e0c0ed9207ff691f279e46,e63e8bfa530fb16910dd6956e592bb81,2017-10-19 13:49:20,32.9,16.79
8bf374450911ac76af4ba0a4f1233d0e,1,0a74b9407eaec9d6c760a1e92c10d96c,f41ce2e25237f9092cd8e6e7516c7a2f,2017-10-19 12:56:16,90.0,9.44
8bf44eb0d19208f9bde92d553a6bf064,1,c501923885535aa99ac2dd7a4e0ed7fe,cca3071e3e9bb7d12640c9fbe2301306,2017-11-15 23:31:11,89.9,27.89
8bf44eb0d19208f9bde92d553a6bf064,2,8338cef8355d238f43711dcb9c0657b2,cca3071e3e9bb7d12640c9fbe2301306,2017-11-15 23:31:11,45.9,11.11
8bf44eb0d19208f9bde92d553a6bf064,3,741a31499a578979be85db7f80139e62,cca3071e3e9bb7d12640c9fbe2301306,2017-11-15 23:31:11,45.9,11.1
8bfc63af64083bd9e303d2732bd62470,1,2e80de39baa315ca5657caf93b47593b,a3f0b55de503387383c7b1de3ad7f678,2017-10-17 18:35:48,189.9,49.94
8c038fb4554281ef77e4f7c448295fd7,1,fbd4031ddbc3d02b95834b62769d3ad0,ce7d1888639e6fb06b2749cbfdac1ff7,2017-10-26 17:49:25,138.0,25.81
8c0f6431b08ee4b975520e4ba0f45952,1,d950ce1f38b6772552be4523baf94c7a,ebd2d60905fb58271facef5596b620d3,2017-10-25 16:49:50,59.9,13.44
8c22c3283ad37daaacdf8d641f1c9cea,1,420921e97463577fd5cc62c687d90bca,53243585a1d6dc2643021fd1853d8905,2017-10-13 20:28:20,283.2,19.26
8c2366c0870df5662275e9ffe715251f,1,3cb3bb626c59ddde2c270b33131b356e,2e1c9f22be269ef4643f826c9e650a52,2017-10-23 18:42:11,119.49,13.86
8c4bbf2fb218d1ac2fc4fc082c238d64,1,4f0aa1e91719362daf498003e6ad4177,c826c40d7b19f62a09e2d7c5e7295ee2,2017-10-11 02:49:48,109.99,34.57
8c7b47a875c412c4303eefc88e9d92c9,1,5c692818d313aa12864b48ac0c2472c2,6560211a19b47992c3666cc44a7e94c0,2017-10-10 20:49:32,29.0,14.1
8c832bb62350baf5d5bf4138f91787e4,1,777d2e438a1b645f3aec9bd57e92672c,4a3ca9315b744ce9f8e9374361493884,2017-10-17 10:14:11,69.9,17.74
8c9c6d6fd1d9a3443b23579d99d52e64,1,6f19f41a7c7ac7e45f4070d07ed80a75,75fbb52eda0cbc24f479d3b2fbfa8d3e,2017-10-10 02:49:18,24.9,21.15
8cf0fd0e7dc9c106fa1f09ba6bce7626,1,23bcd6822a33df5534f9b290216eec1f,ac3508719a1d8f5b7614b798f70af136,2017-11-07 15:46:43,129.8,28.29
8cf2872446567a22b4bf3c3b713f6f8b,1,283dc451ad3918badb976d56ff887289,da8622b14eb17ae2831f4ac5b9dab84a,2017-11-07 19:26:35,89.9,17.88
8cf2872446567a22b4bf3c3b713f6f8b,2,3cc4b421c1f28dd22e86fc4aaafb600e,da8622b14eb17ae2831f4ac5b9dab84a,2017-11-07 19:26:35,89.9,17.88
8cf61a0f8eed49e1728caab2510e796d,1,389d119b48cf3043d311335e499d9c6b,1f50f920176fa81dab994f9023523100,2017-10-18 02:04:18,59.9,17.67
8cf9ba649b9084cf9c9fe4031a1850ef,1,68b9af8698585855f2503727e150d453,7299e27ed73d2ad986de7f7c77d919fa,2017-10-17 17:49:25,25.0,16.79
8d00078c87467e65796aa4032f0a0011,1,1d65224f1873af4a773096f47b5f6727,744dac408745240a2c2528fb1b6028f3,2017-11-03 10:48:26,198.0,15.14
8d032d2c8478f7aedda32fc2d5014954,1,7ca5f56188492e30c50ba64de188aae7,d2374cbcbb3ca4ab1086534108cc3ab7,2017-10-20 11:56:11,13.9,11.85
8d0fe5f8742be51a61db6ac620e4f032,1,625dac8156b3157351e7257305148f3f,18a349e75d307f4b4cc646a691ed4216,2017-10-26 11:45:29,23.99,22.67
8d0fe5f8742be51a61db6ac620e4f032,2,625dac8156b3157351e7257305148f3f,18a349e75d307f4b4cc646a691ed4216,2017-10-26 11:45:29,23.99,22.67
8d1d09cecb392f024da77ada654625c5,1,d04857e7b4b708ee8b8b9921163edba3,9f505651f4a6abe901a56cdc21508025,2017-10-27 17:35:33,64.99,11.95
8d3815553beb9e0a66908d8df19e7ffb,1,bc7952b8b83834a52bc73204ea2576f2,3d871de0142ce09b7081e2b9d1733cb1,2017-10-26 20:05:36,19.9,15.1
8d3c15519d40227c3bcca13bb5bbf6d2,1,42ed7ff87eec051d7f9364afbf091dd3,4e7c18b98d84e05cbae3ff0ff03846c2,2017-10-09 13:24:27,109.0,69.64
8d41e13abb5f09190f8323201b806210,1,505cad9f6344882dd263949375dd97f5,5eeb9c756d9780b96283e5a2ac6da334,2017-10-17 09:49:15,317.0,39.36
8d45ba0ad212829bdc547dacea18c3a2,1,bda14a918da6a4fa9168277a57d59578,6a0cbc8af2e8abd1bdfb777943d174c6,2017-10-20 13:14:14,115.0,21.3
8d51dadd16d87cc5be0ed773fd727f14,1,63d6e7ab30f482382c9dfbbccae7da54,b2a6d334e2833acea353624840e25a0e,2017-11-01 17:07:06,68.7,15.24
8d82989b46a15271fe364e6492758722,1,e95ee6822b66ac6058e2e4aff656071a,a17f621c590ea0fab3d5d883e1630ec6,2017-10-24 01:46:05,21.33,15.1
8d8ffabb7ead119624dc7701f28f9d11,1,4aaf2a3c07e710f592c5015ce8dc7547,827f8f69dfa529c561901c4f2e0f332f,2017-10-12 21:44:09,29.9,15.79
8d99c825b718517c169c33a6c94933ab,1,629e019a6f298a83aeecc7877964f935,c003204e1ab016dfa150abc119207b24,2017-10-25 23:49:24,109.9,17.48
8d9bd5e3d8b2ac2fa02f79f8dd382db0,1,b5e13c9a353102f79c6206ff5cb61a50,a49928bcdf77c55c6d6e05e09a9b4ca5,2017-11-03 18:45:37,89.9,16.88
8d9c47d02bd99ae8d7dd151ededa9281,1,f74353ffeaa55836a3cf603a2dcd855e,bb7a14e229b1c95156719c3d9552eeee,2017-10-19 17:56:24,388.5,27.47
8dde8a7517f12da7ac022d2feac7db9a,1,ee14580a079d31644603ec91e37c7ed2,d3674f271c91f824f82d24d92011f669,2017-10-11 07:49:18,98.0,16.13
8df1ba8711787d5cfe3b90f535d04dc4,1,588531f8ec37e7d5ff5b7b22ea0488f8,53243585a1d6dc2643021fd1853d8905,2017-11-07 16:55:43,1437.0,42.51
8df2feeda535c3b57a1e8fd9bbb9e95c,1,154e7e31ebfa092203795c972e5804a6,cc419e0650a3c5ba77189a1882b7556a,2017-10-24 16:56:24,23.99,15.1
8dfc586b5e7803bddec671925c1ca06c,1,82c3ea364e5480f335f6743ee725a921,70a12e78e608ac31179aea7f8422044b,2017-10-13 09:14:10,35.0,15.1
8e013dae97f228e06604de7385cdb043,1,431d674f9a4fbd0957ecf6ba3fcb6899,53243585a1d6dc2643021fd1853d8905,2017-11-08 12:30:28,289.0,16.77
8e0847012da36d4fb16338cf0ea31a6e,1,7e93d6b6ef018d488da72952ce48fb9a,46dc3b2cc0980fb8ec44634e21d2718e,2017-10-13 19:28:23,269.99,22.38
8e149b3d8483d3f623d3e6e0c9f824b6,1,53759a2ecddad2bb87a079a1f1519f73,1f50f920176fa81dab994f9023523100,2017-10-19 16:27:34,59.9,17.67
8e239d4b3f8da8e910f2ebf1e6aae337,1,a77453f011b20e66aec0d64f59106fbf,7178f9f4dd81dcef02f62acdf8151e01,2017-10-18 15:28:19,74.9,15.27
8e3944fa77034393e3a23b589af8e3ba,1,dde7139085b54e2ea1771a2f9964d344,c3867b4666c7d76867627c2f7fb22e21,2017-10-22 23:49:21,466.0,18.89
8e3cbe2ec233a68c159847fac6e43c3c,1,c9dbe2eec19a8093cb5ac57486531c18,cca3071e3e9bb7d12640c9fbe2301306,2017-10-19 21:28:18,96.9,17.93
8e4f9161e403e220dee5b8eb22f0a3c2,1,5457c026a643626249213e1e39c31d10,a888faf2d1baececa6baf9c3d603ee1f,2017-11-06 18:07:03,259.9,19.39
8e6c27f398014811b5c97729cd6ec20a,1,560ed840b584c6aef5c8959366dfd41e,5dceca129747e92ff8ef7a997dc4f8ca,2017-11-08 12:32:19,388.0,58.0
8e6df87600aae0285919b5529f7f0bfd,1,c9c455f9fd8ca66d3ff7f90a249753b4,96804ea39d96eb908e7c3afdb671bb9e,2017-11-07 04:15:21,109.95,16.53
8e6f3cb506222036edac14e7db634ae2,1,0d704e7a1f7ac1c5c03247e845d18f93,59b22a78efb79a4797979612b885db36,2017-10-19 17:00:19,39.9,15.1
8e78a66489b3861f846342d4b158c8f4,1,2423252b2432f1803e4f29e0974c6cf7,48436dade18ac8b2bce089ec2a041202,2017-10-09 19:14:27,139.9,18.23
8e7c39692005bd922dd07d56bd036e87,1,c13a9b9907f209adc406f480a2528c81,fc906263ca5083d09dce42fe02247800,2017-10-26 10:49:19,19.9,14.1
8e8937ffd86b20780f8c9ee7bc09357b,1,76c9ee3e7933e2d1f88c093448065e06,0432ead42b6c8a0bdf68154add917fdf,2017-10-26 12:56:31,79.9,7.81
8e935724e9c193a2fac95586bd2fc056,1,43944a8f8f0b7ae86b6c3d3c2f257375,0adac9fbd9a2b63cccaac4f8756c1ca8,2017-10-26 15:14:52,699.0,33.68
8e96b8e465f71da5a9cde973c3a8d726,1,5272e64de887c95d7a1c9c64886b90f5,e06f09ec0a4aca210779cf1cfc63cf19,2017-10-26 09:07:07,139.9,17.23
8e96b8e465f71da5a9cde973c3a8d726,2,5272e64de887c95d7a1c9c64886b90f5,e06f09ec0a4aca210779cf1cfc63cf19,2017-10-26 09:07:07,139.9,17.23
8e9941b8e8a7f1995a71e0b55a74205d,1,897839cf4f8719dfc89308893a53781a,14d7985702e72162bbf13b6beb74ab2b,2017-10-08 23:08:32,349.0,21.93
8eb1944a7a10d25d432ce78ad46f3436,1,3ae28b124972bb81eddcb644cd284be9,46dc3b2cc0980fb8ec44634e21d2718e,2017-11-06 22:31:34,99.99,16.46
8eb24c188d84ebe158dbca10d4799e47,1,163e6400e6dadd0fe04775c5e9331fda,855668e0971d4dfd7bef1b6a4133b41b,2017-10-23 04:09:38,50.0,9.34
8ec02de389ef4b7fdd3b0b084027c0a6,1,b1acb7e8152c90c9619897753a75c973,cc419e0650a3c5ba77189a1882b7556a,2017-10-30 00:49:20,34.99,7.78
8eda634e0a441cc94d73885ca16ecadd,1,422879e10f46682990de24d770e7f83d,1f50f920176fa81dab994f9023523100,2017-10-13 14:56:13,59.9,17.67
8eda634e0a441cc94d73885ca16ecadd,2,422879e10f46682990de24d770e7f83d,1f50f920176fa81dab994f9023523100,2017-10-13 14:56:13,59.9,17.67
8eda634e0a441cc94d73885ca16ecadd,3,422879e10f46682990de24d770e7f83d,1f50f920176fa81dab994f9023523100,2017-10-13 14:56:13,59.9,17.67
8eda634e0a441cc94d73885ca16ecadd,4,422879e10f46682990de24d770e7f83d,1f50f920176fa81dab994f9023523100,2017-10-13 14:56:13,59.9,17.67
8ee1dd1c11ed9f30a52532553ebbae2d,1,431d674f9a4fbd0957ecf6ba3fcb6899,53243585a1d6dc2643021fd1853d8905,2017-10-20 12:28:23,289.0,22.82
8ee530ebcd1df2efa8f0f5b08ef3beb7,1,98e0de96ebb0711db1fc3d1bad1a902f,f27e33c6d29b5138fa9967bcd445b6d5,2017-10-18 04:00:11,299.9,19.73
8ee530ebcd1df2efa8f0f5b08ef3beb7,2,0bcc3eeca39e1064258aa1e932269894,1f50f920176fa81dab994f9023523100,2017-10-18 04:00:11,59.9,15.79
8ef25ada03b56cd00e4021ea5b98f58e,1,037c68f178aefdd7a880a951dedc04d1,f00e21b1e91a79653163b7fd8f293ff1,2017-10-31 17:49:27,72.9,47.37
8f0f2b5c0d348422cfa6d10e61304779,1,1f9cf07059cdfc8fd3797cfe11ea589c,77530e9772f57a62c906e1c21538ab82,2017-10-25 09:49:26,49.0,15.1
8f0f2b5c0d348422cfa6d10e61304779,2,1f9cf07059cdfc8fd3797cfe11ea589c,77530e9772f57a62c906e1c21538ab82,2017-10-25 09:49:26,49.0,15.1
8f118ea8f1f2d5c3e18488776e2caca0,1,b66270a5d5b3a8585f8314b2f14420fb,9b013e03b2ab786505a1d3b5c0756754,2017-10-26 09:28:11,48.89,15.1
8f2646c107f28bd23a8b8d10764a1660,1,58a96ae04b90563cde5becdf0ee2e823,ffdd9f82b9a447f6f8d4b91554cc7dd3,2017-11-01 15:08:05,199.0,98.76
8f332ee6ffc2a01f7e78ae983f257379,1,ed71a85647afea9562cd2a14b1ac8622,6c177e38df6d3f34182b1f1d427231bf,2017-10-17 20:56:18,289.0,35.82
8f448432fec521b889d6b87b716cc01d,1,bb4f8cfc76a66cb770208b2c1d2c6269,751bdc4d83a466c7206cd42e8f426b03,2017-10-13 02:44:54,129.99,17.16
8f448432fec521b889d6b87b716cc01d,2,bb4f8cfc76a66cb770208b2c1d2c6269,751bdc4d83a466c7206cd42e8f426b03,2017-10-13 02:44:54,129.99,17.16
8f491cf3fabf128822544c78d73acfc3,1,0bcc3eeca39e1064258aa1e932269894,1f50f920176fa81dab994f9023523100,2017-11-05 23:10:16,59.9,17.67
8f50cc58ca77e14764fb138fcbde2b5c,1,6f33a4a09ae1180a0ee1ff4682b2d21f,725c32fa80c2faacc4fc88450d27314e,2017-10-20 10:28:19,139.99,17.55
8f57cd376d453764bfae6581f236952c,1,be5353e2c543ba4f67831f95d3775420,8b28d096634035667e8263d57ba3368c,2017-10-13 20:56:32,18.99,11.85
8f629e5e6b53ef4c1a6fecd77dea0b27,1,caf540627b7914ab734c86495fdc95ee,1025f0e2d44d7041d6cf58b6550e0bfa,2017-10-25 02:53:16,250.0,58.42
8f642c94980ebe5d01b42807bc732650,1,0705b33fb285827a578fce4899f1b921,318f287a62ab7ac10b703ac37435a231,2017-10-13 14:49:13,22.5,25.19
8f6467bcaef44e076b48a04fa38557f3,1,e8b61f78db501ea0ca45677d1ca27de2,3d871de0142ce09b7081e2b9d1733cb1,2017-10-06 15:35:23,29.0,12.69
8f6ac8f0dd2588b2dc8dec2898d6095a,1,135cd53710b2e374b08e9a4609d6c053,ef506c96320abeedfb894c34db06f478,2017-10-23 04:07:30,17.99,15.1
8f80c260c49e02ec6dabd0385b79e1f7,1,6a1a04054158fe995e1688d8f79605b2,9616352088dcf83a7c06637f4ebf1c80,2017-10-16 15:49:31,59.9,13.44
8f8a31db8b3bd96e4b989ce2afcdee9b,1,8317b177579dd27ff068b83205e2169b,4869f7a5dfa277a7dca6462dcf3b52b2,2017-10-18 23:35:54,198.9,26.67
8f8bc0535394094e24486da5f27ddc8d,1,7b85e3deef35afd6ebed5461ee8f0641,897060da8b9a21f655304d50fd935913,2017-11-07 03:06:30,30.21,17.6
8f9b2d4a6cd80dc716a380365561a133,1,6480f3f31b23d41c1b8ad051c201b244,128f9bfbe4c7d5185033914b1de3d39a,2017-10-19 16:28:01,171.0,26.04
8fa3ca81ea5bfd6524490d91832821b1,1,416fad0f58722ac772e8ac9b3e33a0ca,2e1c9f22be269ef4643f826c9e650a52,2017-11-03 07:06:15,33.49,11.85
8fa4704d89e249323dcdc1d6d2674caa,1,bb50f2e236e5eea0100680137654686c,f7ba60f8c3f99e7ee4042fdef03b70c4,2017-10-24 02:57:20,325.0,23.07
8fbf2ac6a908c9a2738556bfed665557,1,9592ad22708397a628e1a616131ebbad,a89e143d5211473ae18db9577ee34b64,2017-10-16 09:49:10,70.0,9.74
8fc1991bfbb78b4d939d11ffef79c398,1,2423252b2432f1803e4f29e0974c6cf7,48436dade18ac8b2bce089ec2a041202,2017-11-02 22:55:10,139.9,29.38
8ff8823e264549c3798b021e9bdc3e6a,1,10f50167caa9977081afd4052657f36c,1127b7f2594683f2510f1c2c834a486b,2017-10-19 04:28:23,16.55,7.78
9016781565d9e706d145f406bbc06d8e,1,08574b074924071f4e201e151b152b4e,001cca7ae9ae17fb1caed9dfb1094831,2017-10-25 11:07:48,99.0,37.99
9016781565d9e706d145f406bbc06d8e,2,08574b074924071f4e201e151b152b4e,001cca7ae9ae17fb1caed9dfb1094831,2017-10-25 11:07:48,99.0,37.99
9018667e72a0eed0c3ce4466639139db,1,340e3e28357bb29f7612c86c13d9729a,cc419e0650a3c5ba77189a1882b7556a,2017-11-09 13:31:26,49.99,7.78
901d12b998346d8e026c82a862c15e07,1,a42d9c825894f96fc6ed02610891454d,4d6d651bd7684af3fffabd5f08d12e5a,2017-10-30 22:07:36,69.9,16.12
9029e2cb1f2898b0ef72bf80e25bef8f,1,9545d45c37449ccbc376de3a04c66e71,431af27f296bc6519d890aa5a05fdb11,2017-10-23 17:28:25,121.9,13.87
9039bf11d9ef8467d23a4cfbc162653e,1,6a8631b72a2f8729b91514db87e771c0,128639473a139ac0f3e5f5ade55873a5,2017-11-03 02:55:35,25.9,16.79
9039bf11d9ef8467d23a4cfbc162653e,2,6a8631b72a2f8729b91514db87e771c0,128639473a139ac0f3e5f5ade55873a5,2017-11-03 02:55:35,25.9,16.79
9052568e67f195d6a8c6cd878d3eba7a,1,ec2d43cc59763ec91694573b31f1c29a,1c129092bf23f28a5930387c980c0dfc,2017-10-16 23:35:22,45.9,15.11
90558ff73a60e332ae75a7eef8d36b83,1,353453049f39e1273c7e57d80bd4d55b,43f8c9950d11ecd03a0304a49e010da6,2017-10-16 09:36:12,139.99,14.73
906dfb858a6afcaea1fb5cc0ed730147,1,33e77eecc23c25a65d10f627e5053617,7c67e1448b00f6e969d365cea6b010ab,2017-11-01 02:49:41,114.94,28.16
908c80ba9160e9d87007015b15aada39,1,17061c6ca6aaab457074d9f12c1882e6,7142540dd4c91e2237acb7e911c4eba2,2017-10-27 20:14:16,59.9,25.29
90ae88df789a81674fb44e769f09fabe,1,d8f1b415091ab79b62ac80443d865ca6,72bc2cce903c872fe376a8faaa81d237,2017-11-03 15:10:17,269.0,21.37
90d36c9ade58b86290e2b48ca7348cc2,1,43549c728834f6804c2a32ef08c086ff,76d5af76d0271110f9af36c92573f765,2017-10-31 15:27:37,660.45,25.11
90f5bc49a00bbb174525836eeacc4970,1,4222fa433d71c969509acc408f343e89,1b8356dabde1d35e17cef975c3f82730,2017-10-27 02:45:57,18.99,7.78
9111147b969505cb43b47663779162d0,1,7c1bd920dbdf22470b68bde975dd3ccf,cc419e0650a3c5ba77189a1882b7556a,2017-10-10 04:14:28,58.99,13.43
9115830be804184b91f5c00f6f49f92d,1,c982dbea53b864f4d27c1d36f14b6053,1caf283236cd69af44cbc09a0a1e7d32,2017-10-10 20:07:14,42.11,0.8
9115830be804184b91f5c00f6f49f92d,2,49d2e2460386273b195e7e59b43587c3,1caf283236cd69af44cbc09a0a1e7d32,2017-10-10 20:07:14,26.9,36.98
911ac4b6a3d83be295853192aa63fbaa,1,036734b5a58d5d4f46b0616ddc047ced,ea8482cd71df3c1969d7b9473ff13abc,2017-10-13 20:49:32,27.99,7.78
911bdca18557d7d16cfd3964cd603460,1,9bde06b382560a866ee357832761aaf0,de23c3b98a88888289c6f5cc1209054a,2017-10-06 14:35:20,499.9,16.52
9139a2f22755b6ebb19786825a9c3070,1,a47674ec5bdc46617bc532a9839390db,d71d863e5ef30d94e440c11be17dcd8f,2017-10-24 16:56:49,79.0,12.89
91501d5292dbe67f25d3c8867cd67f44,1,2acce4db469045e8f9a863028abce19d,92eb0f42c21942b6552362b9b114707d,2017-10-18 13:25:52,17.99,16.11
9156fc69417fcbcd95042aa80d9eaaab,1,2b4609f8948be18874494203496bc318,cc419e0650a3c5ba77189a1882b7556a,2017-10-29 22:05:50,89.99,9.44
916dc974baaa87d11f1f1c829694e6ac,1,2fa5da96109ea94cc9fb50cc589ed65e,86ccac0b835037332a596a33b6949ee1,2017-10-24 02:58:39,129.9,18.71
916f6a4c3dcd2f31f59a340a281e888e,1,6a1a04054158fe995e1688d8f79605b2,9616352088dcf83a7c06637f4ebf1c80,2017-10-26 02:53:29,59.9,13.44
9177fe6f8c324410d13aac7a2ac35f33,1,6ff1fc9209c7854704a4f75c9fac41b4,4e922959ae960d389249c378d1c939f5,2017-10-17 16:50:25,22.0,15.1
91b672da38fda8fcd61163ab133f7fe0,1,0a57f7d2c983bcf8188589a5fea4a8da,4869f7a5dfa277a7dca6462dcf3b52b2,2017-10-26 15:28:32,109.9,17.21
91c4fb2a013280c780ea608101fcac7c,1,c07d367dd7b78b0558e7a3e1e1a975c8,4a3ca9315b744ce9f8e9374361493884,2017-11-06 22:06:34,422.0,36.31
91e1117f4e261dce48c8dbc09d8f2d2e,1,b28428391b08e61232dcc1ccf6bf71bc,392e0502231ae2f8b29994ef6398cd77,2017-10-09 13:14:15,129.0,25.74
91fbd38c414f6f3a3450d7e5aa6e10fa,1,c40b12e92be6aee40cc2adab6693820c,a416b6a846a11724393025641d4edd5e,2017-10-26 05:34:36,190.0,12.53
92177caad9369822867c7931b5a04dfa,1,7bdb28a55646012fb3348058d629d9bc,d23019c84ffae2d5ef2270367b8605fc,2017-10-20 19:26:36,59.9,18.0
922d589aa475c4bc7935c3b9d97e6dae,1,2d063994ae4667cff3d6841e9d441d1d,13d058e4eeac2ce8217660b2f8a05812,2017-10-26 17:14:20,119.99,15.59
924002999673a9f3811a42bfd72f0ed4,1,e672fbe634ad07cce9d85f412becb2c0,7a67c85e85bb2ce8582c35f2203ad736,2017-11-07 13:10:18,129.99,17.16
924d7c4505c90dd9c3a4ab2c3c5daa15,1,3651da23518f818b7da19d3ec6c69f5e,79ebd9a61bac3eaf882805ed4ecfa12a,2017-10-30 03:28:42,14.9,15.1
924d7c4505c90dd9c3a4ab2c3c5daa15,2,0bd7e7a520ec0ac94f95b47cecc844d6,79ebd9a61bac3eaf882805ed4ecfa12a,2017-10-30 03:28:42,19.9,15.1
9259e3d95a99a224c782530615463368,1,e95ee6822b66ac6058e2e4aff656071a,a17f621c590ea0fab3d5d883e1630ec6,2017-10-31 15:27:42,21.33,15.1
925c06d3251137f2c176e80cd9b87e32,1,0a74b9407eaec9d6c760a1e92c10d96c,f41ce2e25237f9092cd8e6e7516c7a2f,2017-10-17 04:35:39,90.0,16.39
925f350ec2562f25e3431c97c2c1546d,1,e679677773e55e08f289ceeb0115f4f8,1127b7f2594683f2510f1c2c834a486b,2017-10-20 17:08:29,45.14,9.09
926c3141255b4979a0e74dca67a38216,1,438b5ad4eda7949fae4a4b834a69bcd6,c3867b4666c7d76867627c2f7fb22e21,2017-10-11 19:46:02,41.0,15.1
92719473371fb9439b386d53d12470a8,1,dc52f0f5d3ec37a93eaf956cde4e5d2c,6560211a19b47992c3666cc44a7e94c0,2017-10-19 20:46:38,49.0,21.15
9277d9d48b3a4ca5a90e365f38d095e9,1,0111ab6fb41da433e0f17d3f4ec2c8f5,5160d23075764e18e07c1f4a87fad743,2017-10-19 19:34:34,35.0,15.1
928cc774345b405181cc07ab2497e930,1,6449ec897c9c3c3bcd296df559f6e746,53e4c6e0f4312d4d2107a8c9cddf45cd,2017-11-03 10:45:43,32.0,17.6
9298c4a7ed6bd4d2cc8433f7e4053fe5,1,6c3effec7c8ddba466d4f03f982c7aa3,37515688008a7a40ac93e3b2e4ab203f,2017-11-06 22:45:59,24.5,15.1
9298c4a7ed6bd4d2cc8433f7e4053fe5,2,0aabfb375647d9738ad0f7b4ea3653b1,37515688008a7a40ac93e3b2e4ab203f,2017-11-06 22:45:59,24.5,15.1
92c55117a3367e40dd561583a49644a5,1,7b85e3deef35afd6ebed5461ee8f0641,897060da8b9a21f655304d50fd935913,2017-11-01 03:56:30,30.21,17.6
92cacd3fd45c2c93413de4c2acf69ddd,1,10c4eaf55e7f131da4a031ab54b62274,da8622b14eb17ae2831f4ac5b9dab84a,2017-10-19 19:35:39,299.9,19.99
92cadc3e20edf9c11602105c344a717f,1,9f7b48e2d4e4d7375f71a10791faa1b8,259f7b5e6e482c230e5bfaa670b6bb8f,2017-11-03 08:10:07,59.9,19.91
92cadc3e20edf9c11602105c344a717f,2,9f7b48e2d4e4d7375f71a10791faa1b8,259f7b5e6e482c230e5bfaa670b6bb8f,2017-11-03 08:10:07,59.9,19.91
92e9fd4b71a068595476e2490bb24acd,1,401b5632c06c51319df083f1245a96ca,5656537e588803a555b8eb41f07a944b,2017-11-07 19:35:21,76.89,9.1
92ece83fdd8f37cc9b8a8543fdc8c416,1,34eb0685663d60e57a9ca086c8e33423,048c2757535328e0d7dac690ad3c0aae,2017-10-23 22:14:25,199.7,18.65
930fd7026095ac4b03da401970cee5c9,1,da6f9d8ce4950ad572b7b4fe7d7e6c90,8b28d096634035667e8263d57ba3368c,2017-10-13 10:07:19,97.9,12.19
931f767ebd374809fb9cd373fb7939ad,1,7e437c1d65a7baab7e7ca6c9f4e98b84,b56906f7fd1696e043f1bcce164c487b,2017-10-18 18:00:09,65.0,20.94
9330d3796ff2bb8c7b750b4515151c42,1,582dfc3697c5f834a5ddf28460ba9222,1da3aeb70d7989d1e6d9b0e887f97c23,2017-11-03 16:15:17,19.99,15.1
9342f2bb331c6444f0a7bd8f901fd10e,1,895f8f3b562dbd4186db48121b4d15dc,01fdefa7697d26ad920e9e0346d4bd1b,2017-11-08 03:30:36,119.9,14.57
934b7f6dbf65d976b415011a2e286581,1,052b8660ee8a9ee18815d9b276694a10,74c7dec0a384d8a05950e629bd23bde9,2017-10-05 14:56:14,19.99,8.11
93709cc8ac5e38fe6622dcebd2ce72bf,1,2c7d6cb2b1eeccd3ecadf62d0e60b90b,06bb3a2fe5e7b7a845b13e8fb91bd944,2017-11-03 08:45:44,58.9,16.47
93709cc8ac5e38fe6622dcebd2ce72bf,2,f86e052042e77d7109bc4cc95f4ed9ca,06bb3a2fe5e7b7a845b13e8fb91bd944,2017-11-03 08:45:44,74.5,16.46
9378b5fa3133e86bb44a365e66c24b03,1,8222184819ebec6f4191df347b4166a9,f5b44895715ddfe3087dc414f30268f3,2017-10-10 10:56:28,19.0,34.15
9380e70cfb5ded0ce59d85fbb2f16f88,1,322c315bc0661c64fdcab7a70dbc0354,e8b3a3a38279a82f0e5d006d5e5b7d2c,2017-10-30 22:49:28,99.9,16.46
93ade3a3a8c88b0def11b5365dbe7ff7,1,c47d256557f7fa30144ecea5722eebc2,3d871de0142ce09b7081e2b9d1733cb1,2017-10-19 16:35:56,99.0,17.94
93bf5323e2c3624fdc56fc6083bc71d4,1,0f2d139d3c1f8d504bea138f27a2fad0,ac3508719a1d8f5b7614b798f70af136,2017-10-17 04:28:23,129.9,14.64
93e87829bab4127b8692f52a73df4284,1,8cc0b6265dda0e4e8aced3d1446b80bc,44073f8b7e41514de3b7815dd0237f4f,2017-10-30 19:35:24,105.0,18.01
93ef9253c47e7dfc633c01f728488cb1,1,7c1bd920dbdf22470b68bde975dd3ccf,cc419e0650a3c5ba77189a1882b7556a,2017-11-06 09:15:12,58.99,11.73
93f13382cc5261b3bb59d8f2edc52b73,1,362b773250263786dd58670d2df42c3b,4c2b230173bb36f9b240f2b8ac11786e,2017-10-31 07:56:10,49.9,15.1
93f5bba371d2fc9de34cea400e4f05ec,1,35a8c902b0ab264a24d61b0d01fc708a,b2ba3715d723d245138f291a6fe42594,2017-10-23 04:14:59,104.9,7.99
93fac531a5d1aa75846d96103217e85b,1,cf5407ad3a5c603fa46d5c2613661a09,dd7ddc04e1b6c2c614352b383efe2d36,2017-10-17 03:25:16,29.9,17.6
93fd94c99b582fd7ccdf72b3721e34ea,1,a70d74f54feefedd8108c45553766340,a6fe7de3d16f6149ffe280349a8535a0,2017-10-13 09:56:18,49.9,15.1
9403f186541e5cfa0b72d67be22cb81a,1,961d02e19e9ade3ba8aa028c87b0d8f7,70a12e78e608ac31179aea7f8422044b,2017-10-31 02:07:13,120.0,15.59
94111a59e0311e2720ce96b0b8327eee,1,abaefce0c17047c6829ff4078f2005d0,669ae81880e08f269a64487cfb287169,2017-10-06 16:07:08,21.0,16.11
943124300f49c04925947c81838ab67d,1,1a300f482e35d7eac74b229be067aefd,e9d99831abad74458942f21e16f33f92,2017-10-30 03:35:16,19.99,15.1
9438f6c0cf20659264fb0e46832b4da1,1,389d119b48cf3043d311335e499d9c6b,1f50f920176fa81dab994f9023523100,2017-11-07 03:55:26,59.9,37.97
943e40583d137bcc29887eadaa15e999,1,8370d380081c2d0956d4d134e445854f,f8db351d8c4c4c22c6835c19a46f01b0,2017-10-18 00:10:11,33.9,8.27
945bbdd66669edb480ca9f0037ed11b0,1,803f77475e1b51b47f1bfec4f2ec353f,c9c7905cffc4ef9ff9f113554423e671,2017-10-17 16:56:24,65.99,25.74
946fbd026e6cdf0c0b3c2f6a5d8a149b,1,d76e09e3182a68025076542af2726322,fa1c13f2614d7b5c4749cbc52fecda94,2017-10-26 14:28:19,229.9,8.86
94a475eca54dd55d7b506fa56a0e1695,1,9d60109d64bee97e7112ea96e57992dc,cab85505710c7cb9b720bceb52b01cee,2017-10-26 07:49:11,39.9,15.79
94a6ebbfa1179d1c4fcc0eef4e3f423c,1,b2686e2160ba51d4d34985260a25d094,7202e2ba20579a9bd1acb29e61fe71f6,2017-10-11 02:44:12,119.9,26.12
94de210268ddadb6c8e523a716f96164,1,e2c3ed9aaddfd2312a6a5fe9b3ddadd3,46dc3b2cc0980fb8ec44634e21d2718e,2017-10-18 14:07:13,94.99,9.04
94e99970c46ac11ef94327aa996b30de,1,43354a2ac9eca9f50cb31647c6d5516a,f8db351d8c4c4c22c6835c19a46f01b0,2017-10-09 16:49:25,99.9,12.65
94f98ffd128d56e74dac7bb1b700666b,1,994e65eb77f3501f497e7fd860b0ea9e,79ed755314cfe6df0daef2c6cd3022cd,2017-10-29 22:25:46,159.9,18.37
95163691e3a73076ed83f3a8c946a823,1,223d34a3d9334039f5ff9511dc044bbb,53243585a1d6dc2643021fd1853d8905,2017-10-26 17:28:15,246.62,18.3
9519371e37eebc065ffca4a20134aed7,1,1d24c180dcf6365fe1f3fc14c0cc589a,4a3ca9315b744ce9f8e9374361493884,2017-11-06 11:47:24,89.9,12.97
951e8cd4880218797b4ac75738913b7b,1,5b226d7c52f86ac72457617f78cff95d,1835b56ce799e6a4dc4eddc053f04066,2017-10-09 14:49:23,56.99,12.74
95209d82e56460c0324aefe008010b82,1,f11d6bc6c73bf0326ae129cb88ca04c4,cd68562d3f44870c08922d380acae552,2017-10-26 16:14:53,90.0,12.13
952da942e2586c7131de1381aba049a3,1,8ed094bfe076c568f6bb10feada3f75d,7c67e1448b00f6e969d365cea6b010ab,2017-11-14 17:48:18,196.99,31.68
955cfc6fc88baf05abb8692e1285a9d2,1,57e089e3103f5cda6a4ce23b77399bdb,aafe36600ce604f205b86b5084d3d767,2017-10-13 17:56:18,59.9,16.18
9567f25dfe794bcd32a2a16ec00d7e96,1,d12318481f2561883aa76eadb93f798c,4371b634e0efc0e22b09b52907d9d469,2017-10-23 17:46:04,50.0,17.6
956fa289d4963732b9c806fcc3eb3d57,1,431d674f9a4fbd0957ecf6ba3fcb6899,53243585a1d6dc2643021fd1853d8905,2017-10-17 04:49:21,299.99,27.38
957dd53876f89c2fcc4d8448da116430,1,7e637e48c425541269e7a45882397f9d,7178f9f4dd81dcef02f62acdf8151e01,2017-10-27 15:49:15,34.9,15.1
958b8e9133a304e7c9e17632ee9e7e7e,1,3e34352aa9c04170d941a9a8c6a895bb,1987cd4be10fe09ee50454f9c354d1c6,2017-10-31 13:35:24,167.9,13.31
959c17b26a28614c8e8bc4758dea8952,1,dbd55362ec13c706503b1c71a5068a1a,e24fc9fcd865784fb25705606fe3dfe7,2017-10-27 10:50:15,102.0,16.47
95a0819142cb868109a4b84a410098f8,1,2152380ff2e0afbc8c1c5b7c72732c40,cca3071e3e9bb7d12640c9fbe2301306,2017-10-10 14:24:17,49.9,12.69
95a9275ad0bdfee65c7075463fc226a6,1,ce6f74096c84567f22728c84f3d6e7fc,8160255418d5aaa7dbdc9f4c64ebda44,2017-11-06 23:10:19,109.9,16.53
95bfa2a85ef50d3192609d8f29b92cf9,1,cbff1df298f7bfd7b65557cfc4133d62,8b2492b7ff4468839593fafeed55bad9,2017-10-10 15:25:22,168.48,9.55
95c5d1b9ef8c0cfe5851a7e8130b66db,1,17c4bd4269902c84acc14c497f282ddb,75d34ebb1bd0bd7dde40dd507b8169c3,2017-10-26 16:14:45,299.99,22.9
95ca3f84b6d991becf4bf45a4f14b013,1,b0075cdedc8e455d734e6b1875336ca1,0ea22c1cfbdc755f86b9b54b39c16043,2017-10-31 02:28:28,29.9,44.43
95d8bd71f03cf8df6d7258464ac993c5,1,2481a472d98c582b46bc2dfeae6f539f,391fc6631aebcf3004804e51b40bcf1e,2017-10-30 03:25:38,59.55,17.67
95d8bd71f03cf8df6d7258464ac993c5,2,2481a472d98c582b46bc2dfeae6f539f,391fc6631aebcf3004804e51b40bcf1e,2017-10-30 03:25:38,59.55,17.67
95e19f10a6f514fa5e093e74d2e3f58b,1,52690beab08122aee391378fbf246a58,cd68562d3f44870c08922d380acae552,2017-10-13 02:28:33,495.0,15.81
961430048597ac74ad88e6aa0796df23,1,ace5d86cf1ac63cdb76f49e5cd23d2f8,cca3071e3e9bb7d12640c9fbe2301306,2017-10-13 09:07:15,50.9,12.7
962168b15dbecc9e3b3bc31b1fb9df93,1,a910254bb741f98d6d98a8286d66d14f,2b3e4a2a3ea8e01938cabda2a3e5cc79,2017-10-24 03:07:55,119.59,18.12
9626ba1be44d8a10039916f18f20abf4,1,368c6c730842d78016ad823897a372db,1f50f920176fa81dab994f9023523100,2017-10-25 08:26:19,59.9,37.97
96284b020ae337bbc78a10ed82d5d24d,1,6cdd53843498f92890544667809f1595,ccc4bbb5f32a6ab2b7066a4130f114e3,2017-11-06 15:35:57,349.9,19.7
9630c683d2abb010ae3d4c70fdc7225f,1,024553ca83fc6e9ec93f5a9c823d1834,a416b6a846a11724393025641d4edd5e,2017-11-07 21:31:16,131.25,29.32
963ac22d582d11d2bef4a834a74ddaf8,1,88c20c5a22f2ca169af8cfc2df00a7a2,f08c008c8a8d31417763738a1788a2a8,2017-10-23 19:36:16,69.9,14.24
96521e809c9baf75bf1a6881d39e0d8e,1,3af4f5bb8b0616387fe23646fa94e256,1025f0e2d44d7041d6cf58b6550e0bfa,2017-10-26 16:07:40,229.0,58.27
96521e809c9baf75bf1a6881d39e0d8e,2,3af4f5bb8b0616387fe23646fa94e256,1025f0e2d44d7041d6cf58b6550e0bfa,2017-10-26 16:07:40,229.0,58.27
9656b5e1d47c547c84ed07f9da0fafdc,1,422879e10f46682990de24d770e7f83d,1f50f920176fa81dab994f9023523100,2017-10-11 16:35:50,59.9,17.67
965755dbb84ff452c0e084ef9d1f21a3,1,1cc5f038fa8645580602fb2423d3a50a,17e34d8224d27a541263c4c64b11a56b,2017-10-17 19:49:24,105.43,12.24
9676f1e8ea577fa55c55fdf4f0083a0d,1,a5647c44af977b148e0a3a4751a09e2e,7c67e1448b00f6e969d365cea6b010ab,2017-11-06 09:49:20,149.94,29.84
967a1ffa4d1aff6e74e409fd8bc229ce,1,b8762d562d810c2f8d7ad7e9c12957be,dbb9b48c841a0e39e21f98e1a6b2ec3e,2017-11-03 19:15:13,29.89,16.11
9682fc7d34f0d1e84959ac32aca9074e,1,e9eca3b15e6ebb8296666ab1254b504e,17e34d8224d27a541263c4c64b11a56b,2017-10-24 11:06:38,25.53,12.69
969d3f02f498a3db8037e194ed29cb4c,1,a35908642db2ef18437c352a421035ef,21e83881401b92b49fb09a16d3852291,2017-10-13 16:56:30,329.9,37.37
969eb8582a6eb40b1d3a6c28b4193a55,1,c24f29c580f6317c48c8fa0661a232e9,272f092de69afedd4d2969440b37f18f,2017-10-10 03:04:05,70.0,14.24
96a03487818c437031605930844f4432,1,b68a2323ae78c8400b78aeb0e9b33ccc,9dd59e43f0c9f0553244e8f9c2fb247e,2017-10-19 16:48:49,31.9,15.1
96af65966c377d4fd97ee8968d736cdb,1,b2855c4e42b8a50f359904c6763eeddc,17a053fcb14bd219540cbde0df490be0,2017-10-30 03:14:57,269.9,66.7
96cc5b48d0612a6b8917717f1fd073e0,1,c10426af8413edc42015b10a76b43651,7040e82f899a04d1b434b795a43b4617,2017-10-30 03:56:38,79.9,15.32
96d4ceb5b0712cdd069256b87084f728,1,134e9349b6b54e115f640c6df85fd3bf,6650fcccd8cd2f7e55ffa524f30c4c59,2017-10-13 16:28:30,189.9,84.06
96d4ceb5b0712cdd069256b87084f728,2,c448475cc4766baebabe30ee6d5f3fb7,3d871de0142ce09b7081e2b9d1733cb1,2017-10-13 16:28:30,45.0,3.23
96f09035ece72cb1bbff425efa9a372a,1,d982791b03ad95faaa03fc746ad04672,f08a5b9dd6767129688d001acafc21e5,2017-10-16 14:49:37,1035.09,23.69
96f51ec3fb1b8781a86bfaf4a4c94494,1,822c9ab05e9b8114704a5b2cd8639585,a888faf2d1baececa6baf9c3d603ee1f,2017-10-20 18:55:11,259.9,45.67
9706023383737a509d67fdd3eaf88e54,1,28a652ff04e43c1bc57937a9f8770f9b,3d871de0142ce09b7081e2b9d1733cb1,2017-10-06 17:14:14,99.0,17.94
971edb451cad61fd96ae029b1248938e,1,1360c66d6c12514a024be186b7e4925a,1025f0e2d44d7041d6cf58b6550e0bfa,2017-10-25 03:04:00,15.6,14.1
9725871b2a067d972355980be11e7d1d,1,601a360bd2a916ecef0e88de72a6531a,7a67c85e85bb2ce8582c35f2203ad736,2017-10-24 17:36:56,119.99,12.04
97439bb2f0cd4c9f36612b0ed0288417,1,0fa81e7123fd0ebe03adbbe99d912827,da8622b14eb17ae2831f4ac5b9dab84a,2017-10-30 00:14:18,99.9,17.95
977c422fe0aba1010810e690cf725b20,1,2196663031bcde078cede855ac0b5739,c9c7905cffc4ef9ff9f113554423e671,2017-10-26 19:14:13,65.0,11.95
97826eac2ea69cbcffac7c3358a19138,1,368c6c730842d78016ad823897a372db,1f50f920176fa81dab994f9023523100,2017-10-26 20:35:23,59.9,28.82
97826eac2ea69cbcffac7c3358a19138,2,368c6c730842d78016ad823897a372db,1f50f920176fa81dab994f9023523100,2017-10-26 20:35:23,59.9,28.82
978564f73dadc05775f6347d1a508e12,1,e672fbe634ad07cce9d85f412becb2c0,7a67c85e85bb2ce8582c35f2203ad736,2017-10-17 04:49:29,129.99,25.46
978fe45a42f99b9534520c4a5d880af6,1,e074a31cddeee80c21fc613445def7bc,17eea220a40cc0d2c0c5346379682398,2017-11-03 16:15:16,539.0,22.01
97a00daa2a648f9c4b0493e937928b72,1,e4f77c9e32d6ed0e4902b08955d77b23,ef506c96320abeedfb894c34db06f478,2017-10-26 10:14:20,38.99,7.78
97a23886ea66e6988046edef6bbedf19,1,53759a2ecddad2bb87a079a1f1519f73,1f50f920176fa81dab994f9023523100,2017-10-16 16:14:10,59.9,17.67
97b1082dbd479f678e3eda517490413c,1,b0961721fd839e9982420e807758a2a6,1f50f920176fa81dab994f9023523100,2017-10-10 15:56:16,59.9,17.67
97bca524044b6fffcdbcc4ced6e2390f,1,aad0c94aa869497ef036b7549451134b,46dc3b2cc0980fb8ec44634e21d2718e,2017-10-09 21:49:42,49.99,8.9
97ef2707f46b7d685e1da2b0c67be7fd,1,accbae01c370247dd0aa8d735f9ff675,2089a6d640999f9b9141ac719b2af596,2017-10-23 15:14:14,493.9,12.2
98361657306551e400c1037a76c7ce44,1,764292b2b0f73f77a0272be03fdd45f3,bd23da7354813347129d751591d1a6e2,2017-10-13 13:14:23,89.9,15.39
98472d369cb742358c7e30a0cd5c4256,1,3e49ed0eb3b0fd7c15032a2e250d43d5,5058e8c1e82653974541e83690655b4a,2017-10-27 03:06:41,229.99,8.86
984c19cef3db5bdf9a997ddf67f616ce,1,cc137d09f2cf12a1a498c9775c966a09,43f8c9950d11ecd03a0304a49e010da6,2017-10-09 11:20:17,89.99,7.88
9865a513bb6f1285528404a98e6e25cb,1,cc971e0365873137b8bef2ebad633e6f,7a67c85e85bb2ce8582c35f2203ad736,2017-10-10 08:24:06,239.99,22.17
9879baaf933b4e1db31859e7118586b8,1,004154251837f6ac124ad4374b3a8148,79ebd9a61bac3eaf882805ed4ecfa12a,2017-11-01 10:07:42,14.9,12.48
98851e1a5afa44197e521fc8656fa598,1,ffb97eb64c6fe1baada2410288c04457,26d8a1c7c75d513045798992ead43aa2,2017-10-05 18:07:19,182.99,18.85
98877a509c8d712beb65e2713e61832b,1,28eb0810de6fcd773c77f246f2291b14,a3a38f4affed601eb87a97788c949667,2017-10-05 13:28:15,69.9,19.73
98877a509c8d712beb65e2713e61832b,2,28eb0810de6fcd773c77f246f2291b14,a3a38f4affed601eb87a97788c949667,2017-10-05 13:28:15,69.9,19.73
98a613c82d389a76b358d963e0390e33,1,23bcd6822a33df5534f9b290216eec1f,ac3508719a1d8f5b7614b798f70af136,2017-10-25 00:36:12,129.8,24.29
98b0796c2b195347f4f85906a2b6c373,1,c2b89f69031e68bf1a02822eea9c155b,e9779976487b77c6d4ac45f75ec7afe9,2017-10-23 17:46:51,79.49,12.06
98b1e2ab7ac5c2be52f3e1d74ce5b18e,1,c43ab4269cbf91b373263db4c2973cad,48436dade18ac8b2bce089ec2a041202,2017-10-19 19:49:25,51.9,16.12
98b44f8fc418ac64b3d764d949a94cd0,1,6c78dae2a9cfc8e02ee9cc39af4be3ca,6a51fc556dab5f766ced6fbc860bc613,2017-10-13 19:35:08,269.0,19.77
98b44f8fc418ac64b3d764d949a94cd0,2,6c78dae2a9cfc8e02ee9cc39af4be3ca,6a51fc556dab5f766ced6fbc860bc613,2017-10-13 19:35:08,269.0,19.77
98b737f8bd00d73d9f61f7344aadf717,1,223d34a3d9334039f5ff9511dc044bbb,53243585a1d6dc2643021fd1853d8905,2017-10-19 13:05:29,246.62,37.05
98d738e637930c8614a55faf0cd85e57,1,8c591ab0ca519558779df02023177f44,a1043bafd471dff536d0c462352beb48,2017-10-31 02:14:29,89.99,45.09
98dd9c43c306401e85dec3ca829faea3,1,50f1880f1989251727fbbfe8c0a346a6,7a67c85e85bb2ce8582c35f2203ad736,2017-10-23 08:35:16,129.99,12.11
9903b2c5405f73a9370435b3848f8d4c,1,0a57f7d2c983bcf8188589a5fea4a8da,4869f7a5dfa277a7dca6462dcf3b52b2,2017-10-26 00:49:57,109.9,15.52
9913ce9487d390ef37cd3b6cc3883f0e,1,f1e258360f5eb6a99119bb6febde40fd,048c2757535328e0d7dac690ad3c0aae,2017-10-10 11:28:23,199.7,29.8
9917855d5e68773f7db62f2dbfc06f71,1,0aabfb375647d9738ad0f7b4ea3653b1,37515688008a7a40ac93e3b2e4ab203f,2017-10-19 14:07:51,19.9,34.15
99330d45c3ba6f45ad5745f6de036c5f,1,972d4aba7eb9ba03a5b7950751f11f60,b4ffb71f0cb1b1c3d63fad021ecf93e1,2017-10-25 10:28:18,15.0,7.11
99330d45c3ba6f45ad5745f6de036c5f,2,e6e3140cdd035e915d6d4a9eae2ccead,b4ffb71f0cb1b1c3d63fad021ecf93e1,2017-10-25 10:28:18,29.0,14.22
99330d45c3ba6f45ad5745f6de036c5f,3,15b5d9fcf84c060e00b0883def7d10e6,b4ffb71f0cb1b1c3d63fad021ecf93e1,2017-10-25 10:28:18,15.0,7.1
99330d45c3ba6f45ad5745f6de036c5f,4,22c7191da97262f0f39de80e1951dce2,b4ffb71f0cb1b1c3d63fad021ecf93e1,2017-10-25 10:28:18,29.0,14.22
99330d45c3ba6f45ad5745f6de036c5f,5,9d240cb98df035e3ef147117b92aa0e7,b4ffb71f0cb1b1c3d63fad021ecf93e1,2017-10-25 10:28:18,29.0,14.22
99330d45c3ba6f45ad5745f6de036c5f,6,cae8c962ad47ff05a508e6fec4146e1a,b4ffb71f0cb1b1c3d63fad021ecf93e1,2017-10-25 10:28:18,29.0,14.22
99370b8fb4593d0cff3e39579b993dfc,1,5c04d019c44f9f7da2d2b9508871a243,59b22a78efb79a4797979612b885db36,2017-10-16 14:35:23,499.0,68.3
99917575a602235938d9572d18ad0caf,1,8e9ecca4227272deda7212e69c0d7429,1acde099eb406aa220b1169b188b42da,2017-10-19 21:36:35,16.9,26.89
999d0185fdc3859e118a76c1e7d8dfe4,1,abb9d7140478c19fd773dc14e8071abd,7a67c85e85bb2ce8582c35f2203ad736,2017-11-06 11:32:00,15.99,9.34
999eabcd67df73216056d2d1c4fc4d71,1,eecc2c78b528d8073b4f1c4bddf92aae,897060da8b9a21f655304d50fd935913,2017-10-17 11:27:03,29.9,16.11
999eabcd67df73216056d2d1c4fc4d71,2,eecc2c78b528d8073b4f1c4bddf92aae,897060da8b9a21f655304d50fd935913,2017-10-17 11:27:03,29.9,16.11
99a50db34d17b1f845a8ea04de3e747d,1,08574b074924071f4e201e151b152b4e,001cca7ae9ae17fb1caed9dfb1094831,2017-10-16 09:28:19,99.0,45.99
99bd93d530d8b588cc9fe65dddee7411,1,2028bf1b01cafb2d2b1901fca4083222,cc419e0650a3c5ba77189a1882b7556a,2017-11-10 14:15:26,56.99,8.72
99ca85d0497f1b958fabcd12b46168e6,1,9b77a0a174a0b29b5720de6cfcc17ba9,85d9eb9ddc5d00ca9336a2219c97bb13,2017-10-27 14:45:02,31.9,12.48
99d9290d68f3a7252778d4cfda7cd872,1,1975ce374d56d707bd8b88065779de72,b499c00f28f4b7069ff6550af8c1348a,2017-10-18 22:49:37,167.99,17.91
99e06bf542847322a117282cd1d42c9f,1,6cbb9a0a2b5565f3b3afb8185f6446f0,4371b634e0efc0e22b09b52907d9d469,2017-10-31 18:28:20,112.0,15.53
99e953d50d17e4e1d68a655b1b3f1527,1,d5b703c271f43f9c588a6f512a00f77e,fa40cc5b934574b62717c68f3d678b6d,2017-10-31 17:35:17,34.9,7.78
9a044d2530e1f6bc5ee6f8d1d6a6a330,1,15416967b480fca6c3ceac3335e57c36,53e4c6e0f4312d4d2107a8c9cddf45cd,2017-11-03 00:47:24,47.99,14.13
9a08a80ee31726cd3fbd528ae95b83fd,1,41b4baff1ceec845ba126eaeb07efa4a,86ccac0b835037332a596a33b6949ee1,2017-11-03 16:30:31,29.8,16.79
9a0b11195cf290a03146c9aa0ceaefc5,1,7cdf063c858373234611848620a5c950,1025f0e2d44d7041d6cf58b6550e0bfa,2017-10-19 13:14:19,250.0,70.11
9a0b56e930f6e5cd70a4662400e4e6b5,1,36eece49385945a72f46e8edc9a56e42,13f57c12a00ed4610db646b913a7f5c6,2017-10-19 23:28:12,41.0,15.1
9a0b56e930f6e5cd70a4662400e4e6b5,2,36eece49385945a72f46e8edc9a56e42,13f57c12a00ed4610db646b913a7f5c6,2017-10-19 23:28:12,41.0,15.1
9a0b56e930f6e5cd70a4662400e4e6b5,3,36eece49385945a72f46e8edc9a56e42,13f57c12a00ed4610db646b913a7f5c6,2017-10-19 23:28:12,41.0,15.1
9a1d40af77296d2106a872c60ec7d3b4,1,ba091f760e02c4b603a0a6a52c2d31d8,712e6ed8aa4aa1fa65dab41fed5737e4,2017-10-31 09:49:38,129.0,50.77
9a1d40af77296d2106a872c60ec7d3b4,2,ba091f760e02c4b603a0a6a52c2d31d8,712e6ed8aa4aa1fa65dab41fed5737e4,2017-10-31 09:49:38,129.0,50.77
9a439e954e5b903680ccf8db9ed6a847,1,1b1bde24cbdf36a390e1abd717b2f7b0,d2374cbcbb3ca4ab1086534108cc3ab7,2017-10-18 11:56:19,18.9,11.85
9a439e954e5b903680ccf8db9ed6a847,2,13befae9b3fb34c439cf4744fd18dfa7,d2374cbcbb3ca4ab1086534108cc3ab7,2017-10-18 11:56:19,18.9,11.85
9a4742a473129e5a7814d5319bae3092,1,4a300735bc293723103db0d0c1bc1585,6f892e20a171e98efe17fdb971ff319b,2017-10-20 17:07:15,70.9,16.94
9a48bdb3b3f610a7bc9f2d2a1c722e19,1,2255cd8a319ac848b0e25c6702f2a139,dd7ddc04e1b6c2c614352b383efe2d36,2017-10-24 10:35:35,159.9,12.32
9a54562498faf18f39a0e387976e11a5,1,2255cd8a319ac848b0e25c6702f2a139,dd7ddc04e1b6c2c614352b383efe2d36,2017-10-18 03:51:05,159.9,17.37
9a56a27f9e40fe95b274a5e618b798c7,1,820e8f306dc9ffcf6d0957516084cca1,7aa4334be125fcdd2ba64b3180029f14,2017-10-19 13:56:22,38.89,15.28
9a56a27f9e40fe95b274a5e618b798c7,2,2916f36c18811cafe280f15b803be0eb,7aa4334be125fcdd2ba64b3180029f14,2017-10-19 13:56:22,26.5,11.46
9a63315dcf91f9309c3a2307abbcb9b8,1,420921e97463577fd5cc62c687d90bca,53243585a1d6dc2643021fd1853d8905,2017-10-20 20:28:24,283.2,19.26
9a7284f20265daee38fb94a63f91bf98,1,02a56644dd5dbe6884a047f4d9ea52ea,7142540dd4c91e2237acb7e911c4eba2,2017-11-01 15:07:58,59.9,18.31
9a870e988c5cecaa5c381c345f158dce,1,078a6c96f58d2261cc4241dc9907b143,70a12e78e608ac31179aea7f8422044b,2017-10-31 13:35:08,69.0,12.82
9a918e2ef9219b192a90ce82eebe9e8d,1,8bef2f3e34f2cc22c908921e6e9eebee,6560211a19b47992c3666cc44a7e94c0,2017-10-24 03:07:38,39.0,17.63
9aa70c8fac4649c143933fedf26730f3,1,6af89b97a841482f79c52765bfe0d699,c3cfdc648177fdbbbb35635a37472c53,2017-11-09 17:25:15,279.9,11.92
9aa70c8fac4649c143933fedf26730f3,2,6af89b97a841482f79c52765bfe0d699,c3cfdc648177fdbbbb35635a37472c53,2017-11-09 17:25:15,279.9,11.92
9aaa05e5944d0625906c8e3f535e5197,1,09dbbe2c4f26cad4d560aea043f9632c,c6bda72e4dbf5c5866b13cb1810c6d03,2017-10-13 12:28:20,109.9,13.11
9aad6dbdcca5469f24d0ae9abf0977e9,1,fe6a9515d655fa7936b8a7c841039f34,dc317f341ab0e22f39acbd9dbf9b4a1f,2017-10-26 17:21:23,249.9,69.21
9aafcc551d18b973a8088ef74ced921d,1,c38ee4efdc9e1bff64ad2bb6ff88b93a,7c1fea10b5b006671d608b1d7c446ec4,2017-10-10 20:56:28,29.9,11.85
9ab0996e3fa56c0c453bdaa598164273,1,2a5806f10d0f00e5ad032dd2e3c8806e,7c67e1448b00f6e969d365cea6b010ab,2017-10-27 03:49:26,169.99,51.06
9abfcdf89ba71476090b2c80fb6ecada,1,321c788deb64e03c83312213e1ddc6f4,7e93a43ef30c4f03f38b393420bc753a,2017-10-13 19:35:24,489.0,12.24
9acd90340738747388bfb3af3f39ce47,1,54775e8961e1b9875d235541a2048ddc,25cf099de44674fde97473224f9d59ab,2017-10-20 14:56:18,20.0,14.1
9ad25d16fe851c6e868769cec5d2882e,1,b0961721fd839e9982420e807758a2a6,1f50f920176fa81dab994f9023523100,2017-10-17 04:56:18,59.9,17.67
9ad25d16fe851c6e868769cec5d2882e,2,b0961721fd839e9982420e807758a2a6,1f50f920176fa81dab994f9023523100,2017-10-17 04:56:18,59.9,17.67
9ad25d16fe851c6e868769cec5d2882e,3,b0961721fd839e9982420e807758a2a6,1f50f920176fa81dab994f9023523100,2017-10-17 04:56:18,59.9,17.67
9ad858a48fa48c6d0cf0e7d8e3024d2d,1,c4baedd846ed09b85f78a781b522f126,a1043bafd471dff536d0c462352beb48,2017-11-06 23:45:40,89.99,22.77
9ae2acea50ce1f7fcb16485ec6b4d028,1,99b7af24fd7be364e3621b9e751b048e,dc4a0fc896dc34b0d5bfec8438291c80,2017-11-01 02:56:37,166.89,17.88
9ae2acea50ce1f7fcb16485ec6b4d028,2,a1fcd4b731530eed7fa5531f3f0c2fe0,dc4a0fc896dc34b0d5bfec8438291c80,2017-11-01 02:56:37,134.55,12.88
9ae84d27762f3fddb23d96e69a81f3ed,1,ed2067a9c1f79553088a3c67b99a9f97,cbd996ad3c1b7dc71fd0e5f5df9087e2,2017-10-15 23:04:06,56.97,9.94
9aea3a72c2f44a11b792cc58320bed77,1,74ae869eb82594d9cbe6e934cf143e0c,ea8482cd71df3c1969d7b9473ff13abc,2017-10-25 16:49:58,29.99,7.78
9aec4e1ae90b23c7bf2d2b3bfafbd943,1,0db4869ac8a908414823d44d742f5ba3,7c67e1448b00f6e969d365cea6b010ab,2017-10-13 16:05:19,199.99,88.57
9aec4e1ae90b23c7bf2d2b3bfafbd943,2,47920da896bbd89e851429c78a7a7a8b,7c67e1448b00f6e969d365cea6b010ab,2017-10-13 16:05:19,179.99,0.08
9aec4e1ae90b23c7bf2d2b3bfafbd943,3,47920da896bbd89e851429c78a7a7a8b,7c67e1448b00f6e969d365cea6b010ab,2017-10-13 16:05:19,179.99,0.08
9aec4e1ae90b23c7bf2d2b3bfafbd943,4,47920da896bbd89e851429c78a7a7a8b,7c67e1448b00f6e969d365cea6b010ab,2017-10-13 16:05:19,179.99,0.08
9aec4e1ae90b23c7bf2d2b3bfafbd943,5,47920da896bbd89e851429c78a7a7a8b,7c67e1448b00f6e969d365cea6b010ab,2017-10-13 16:05:19,179.99,0.08
9aec4e1ae90b23c7bf2d2b3bfafbd943,6,47920da896bbd89e851429c78a7a7a8b,7c67e1448b00f6e969d365cea6b010ab,2017-10-13 16:05:19,179.99,0.08
9aec4e1ae90b23c7bf2d2b3bfafbd943,7,0db4869ac8a908414823d44d742f5ba3,7c67e1448b00f6e969d365cea6b010ab,2017-10-13 16:05:19,199.99,88.57
9aec4e1ae90b23c7bf2d2b3bfafbd943,8,0db4869ac8a908414823d44d742f5ba3,7c67e1448b00f6e969d365cea6b010ab,2017-10-13 16:05:19,199.99,88.57
9aec4e1ae90b23c7bf2d2b3bfafbd943,9,0db4869ac8a908414823d44d742f5ba3,7c67e1448b00f6e969d365cea6b010ab,2017-10-13 16:05:19,199.99,88.57
9aec4e1ae90b23c7bf2d2b3bfafbd943,10,47920da896bbd89e851429c78a7a7a8b,7c67e1448b00f6e969d365cea6b010ab,2017-10-13 16:05:19,179.99,0.08
9b09d38304dcaca0cd68c1e70247ca62,1,33202a8e7a645388c41ed714203d7131,8d79c8a04e42d722a75097ce5cbcf2ef,2017-10-05 08:35:14,149.9,21.89
9b0f7f462c34c45144ec11e414eccab1,1,a7d06b7704b157e36c45b898fa555dd5,534a01cc6df1e034e05c32028a291fa2,2017-10-30 06:34:50,38.9,15.1
9b156799a5b75cdf61bd52c0f7e04b61,1,da3d93a1cb86a9e0369c04900f413a5d,be9a160a9011f627c3e121d076c1ec7b,2017-10-10 19:49:22,269.0,19.13
9b1685c1d2c17bf27e16d9c7e6b1cba8,1,a2a1d57880bb40e60b59530ba0177ccf,6fd52c528dcb38be2eea044946b811f8,2017-10-26 22:56:25,39.0,8.72
9b1eadff55d63ddd89e6d914cf680769,1,a4aa7c1427c31344e5f7cc3d839fe562,66922902710d126a0e7d26b0e3805106,2017-10-26 17:07:06,110.0,21.26
9b24c8496d87684865617cdb3eff7065,1,57b46ac6f5503699255bab6cdde8222f,d1c281d3ae149232351cd8c8cc885f0d,2017-10-05 21:07:01,151.99,25.9
9b434ff82e1cc10e25641256b7ec7b15,1,d86963242e7dda7eed04f57e492ed655,a3a38f4affed601eb87a97788c949667,2017-10-09 21:24:29,74.9,16.28
9b667954862fd67b43075ae4861454af,1,be82fc52186e82fccb9c7b949f60d407,70a12e78e608ac31179aea7f8422044b,2017-11-03 03:06:23,85.0,12.93
9b808cd87ad1f00034b9059946ce0e57,1,d3c044bd42d84a79e3b0c42662806a48,4c2b230173bb36f9b240f2b8ac11786e,2017-10-19 12:49:17,35.9,14.1
9b81934297f0b5aab6474d8eb7fb2b4e,1,036734b5a58d5d4f46b0616ddc047ced,ea8482cd71df3c1969d7b9473ff13abc,2017-10-23 23:28:11,27.99,7.78
9ba31b95aa2ad7ab24bcd9f64a89ea43,1,575617410387f4e614f39628fe8e81bd,615005a3ef192c00c6f0e977cee3d2bc,2017-10-10 16:07:45,33.1,15.1
9bb19b2b2a14bfd567fa37c747c6dc96,1,53759a2ecddad2bb87a079a1f1519f73,1f50f920176fa81dab994f9023523100,2017-10-25 16:50:19,59.9,17.67
9bc5470258187bd978ad5e82284375fe,1,12a146749cb72ebfde01a89105df1897,e9779976487b77c6d4ac45f75ec7afe9,2017-10-13 02:25:05,29.0,9.27
9bd1b16f0da3ab4e8407a76b1d97be22,1,f89594c3583443e5e0d464e97284835d,530ec6109d11eaaf87999465c6afee01,2017-10-05 12:03:53,74.9,15.27
9bd77eb694253d1afc5b7e3ac6db55d1,1,389d119b48cf3043d311335e499d9c6b,1f50f920176fa81dab994f9023523100,2017-10-11 02:56:38,59.9,17.67
9be42eec91e05104d84b81e71a9e6b81,1,b4b41230d7134dd767bc903a9c773f18,624f4ece8da4aafb77699233d480f8ef,2017-11-06 19:15:25,219.0,29.91
9beb8f36f52444f84ec529e84439522e,1,d0389f20b3d11de54e1e4561df147683,37dd29b36c458d82f74a953c40c43645,2017-10-13 17:07:15,452.6,76.02
9bee6353b1a78c53133a7711049a33d5,1,35afc973633aaeb6b877ff57b2793310,4a3ca9315b744ce9f8e9374361493884,2017-10-16 14:28:16,89.9,13.65
9bfbec629efb859b1f49fcdc59e6fec4,1,281bbfe70848e0b304bef88fc2caf2c3,4b9750c8ad28220fe6702d4ecb7c898f,2017-10-24 03:27:12,48.9,9.94
9c0776f3465b8aba3e47b9eb0f034360,1,46ca9515def9ceb56e338c86ca765ba1,18a349e75d307f4b4cc646a691ed4216,2017-10-26 01:20:16,48.0,17.6
9c0edf679ee9524c3cded05020212ca3,1,4b96786612ebe7463132fce2c4dca136,d94a40fd42351c259927028d163af842,2017-10-25 19:49:08,129.0,17.38
9c0fc2500f7b845dd500f0a3a2520c2b,1,46b173c179c7e6904a5728959bee5b3a,7299e27ed73d2ad986de7f7c77d919fa,2017-10-13 16:35:16,160.0,16.88
9c1475129eb5d70df55a74bd2e7eed54,1,bab0f1cf32896c9fca000edaf3e36410,6cd68b3ed6d59aaa9fece558ad360c0a,2017-10-17 11:49:18,27.9,8.11
9c228c5070d3a5f64ff1a6f4dc44cf28,1,f943f91d49d1d1179438fb3964e1724d,efcd8d2104f1a05d028af7bad20d974b,2017-10-26 00:05:55,60.0,15.17
9c475f19f847e47760cdf04217021ab9,1,c6dd917a0be2a704582055949915ab32,7a67c85e85bb2ce8582c35f2203ad736,2017-10-18 21:07:14,99.99,16.95
9c6b445489e19c178357172589b7ef63,1,8efcb24ccca088a16dab13882f1c45e0,5f1dc28029d2c244352a68107ec2b542,2017-10-26 02:56:35,22.3,7.78
9c83e600b8c156f1b50b753f30e93634,1,6276a9c20b9182d92ffebdb0927c2653,8c16d1f32a54d92897cc437244442e1b,2017-11-07 04:10:23,49.9,34.15
9c987217fb96ab86ca15a379d251595c,1,7e07898c0f30ec34cc5d255bcc4b3747,41b39e28db005d9731d9d485a83b4c38,2017-10-11 02:56:35,59.9,11.73
9c9ade04ccd7dc42fa1e6864043468e4,1,cbc1321327e4846330530a9abcc13841,8f2ce03f928b567e3d56181ae20ae952,2017-11-03 15:50:15,99.9,20.19
9c9f7b0c21d98c81b75246bb758c386e,1,f93213a23c50edc16c27b96333f734dc,46dc3b2cc0980fb8ec44634e21d2718e,2017-10-26 00:06:03,269.99,17.65
9cac3ad2924225c89642ac6a44f5e62e,1,72d3bf1d3a790f8874096fcf860e3eff,0bae85eb84b9fb3bd773911e89288d54,2017-10-13 11:56:11,38.25,16.11
9cb31e241f37e9115ca372ccb5973ece,1,b6acad95bb80b9f438b3496bfdfd8257,7d76b645482be4a332374e8223836592,2017-11-03 15:10:12,14.9,25.63
9cb4f8b17250c5cf99d923b8a66c0f33,1,06bf70b6e1d67d96308235ef350edc61,2c9e548be18521d1c43cde1c582c6de8,2017-10-26 19:56:23,89.9,16.39
9cb8c7bd7be3365cd019f27478f6f974,1,977622028d06f47044795e2765933ea9,080199a181c46c657dc5aa235411be3b,2017-10-18 18:08:57,179.49,26.54
9cc8449aff35ffa0d977428fd75a127f,1,4c283386efa95fcc42ce7a7000afb0df,de23c3b98a88888289c6f5cc1209054a,2017-10-24 09:56:19,129.99,9.1
9cca241ed87f1ae14fc65df5c12397a8,1,e9e8ec421793c31261cde20786e9ff16,d1b65fc7debc3361ea86b5f14c68d2e2,2017-11-03 03:25:46,319.99,44.65
9ccf81055013ee5c95099ed3baf8ae4f,1,08574b074924071f4e201e151b152b4e,001cca7ae9ae17fb1caed9dfb1094831,2017-10-26 00:35:23,99.0,41.08
9cd1a38b56d3067cee2bb38aaec7a267,1,43354a2ac9eca9f50cb31647c6d5516a,f8db351d8c4c4c22c6835c19a46f01b0,2017-10-23 17:28:17,99.9,29.1
9ce6c58565a9f49c421d2c6e9f650041,1,2858d6de97a772474d7ad96a894f7166,9add47bf45ce8e8c7db6b9cf670b1e09,2017-10-24 03:09:14,109.9,30.0
9cf677fc6e42f8256b310109fe5f2333,1,f646af315b0f3a597f69213537ca2199,3df020b72d3d44b3af9d110fa3940b65,2017-10-16 23:14:24,49.9,16.11
9cf677fc6e42f8256b310109fe5f2333,2,f646af315b0f3a597f69213537ca2199,3df020b72d3d44b3af9d110fa3940b65,2017-10-16 23:14:24,49.9,16.11
9cf6e3606af3b114428d4fed81663328,1,7340a3839a1de1e99d149b8cf052a2ec,4a3ca9315b744ce9f8e9374361493884,2017-10-06 18:14:19,69.9,12.83
9cffb1e19a2d93d7959976c5d5c11138,1,47ca911aa7f3febfc2478f63fc1aed07,dc4a0fc896dc34b0d5bfec8438291c80,2017-10-10 00:07:20,195.63,27.69
9d0124aca2d9127bf007c14447f3c375,1,c45f017c36f9112a8bb4f170edfb1870,dbc22125167c298ef99da25668e1011f,2017-10-25 11:07:48,85.9,14.33
9d03d999c1103e51b47e5dff3b2b7183,1,5e6839a9bdfcd4d454d5f48b4f681f30,cca3071e3e9bb7d12640c9fbe2301306,2017-10-26 17:14:13,72.9,16.27
9d03d999c1103e51b47e5dff3b2b7183,2,5e6839a9bdfcd4d454d5f48b4f681f30,cca3071e3e9bb7d12640c9fbe2301306,2017-10-26 17:14:13,72.9,16.27
9d2d5b1aace1a7c5fd2b594e38975fbd,1,534f3427412169450d7a63330dc968e7,0be8ff43f22e456b4e0371b2245e4d01,2017-10-19 00:49:20,24.9,15.79
9d40c94d64ccd5ebd1cc2aa276e75522,1,5b226d7c52f86ac72457617f78cff95d,1835b56ce799e6a4dc4eddc053f04066,2017-10-09 04:23:39,56.99,16.16
9d40c94d64ccd5ebd1cc2aa276e75522,2,5b226d7c52f86ac72457617f78cff95d,1835b56ce799e6a4dc4eddc053f04066,2017-10-09 04:23:39,56.99,16.16
9d40c94d64ccd5ebd1cc2aa276e75522,3,5b226d7c52f86ac72457617f78cff95d,1835b56ce799e6a4dc4eddc053f04066,2017-10-09 04:23:39,56.99,16.16
9d415b5c7f8cd03fa65fc34316a8e2f9,1,adc8132abcc96431b15f204ddeef5c5f,7e93a43ef30c4f03f38b393420bc753a,2017-10-18 03:20:54,629.99,19.16
9d440eeeb611d4b50ec1cee0ca410507,1,cde75c133e1a001c3ffff4f164ce5ef2,897060da8b9a21f655304d50fd935913,2017-10-10 02:43:57,19.9,11.85
9d4638d8518c454d2aa354edcce83182,1,5809b7fd257b16bbd9bdf9507931673a,d57e18d5f73c7ccb7f7339b61166898d,2017-10-23 11:36:09,41.9,15.1
9d6dce9148e0eb3c4c1700f477b113b6,1,49adae85b53072da0eb9a88c3f0d2c7b,3d871de0142ce09b7081e2b9d1733cb1,2017-10-26 02:49:27,95.0,38.22
9d6e7e70e068602fa740fc3163cefd3b,1,26ead2db8f3cb1ee3456206dc231f94d,b2bdc5e7940a7d7ca8c4a37953b27a42,2017-12-06 04:15:15,250.0,62.49
9d74929fefd45dd3ebce40cc681596b3,1,04cfe2f4173f2acf181b3d2642a387d1,31da954dc0855f2495c6310f70a2f931,2017-10-25 02:56:53,47.0,34.15
9d7f8c7566bb8c83694361b9838d9a2a,1,5135301d684848b74276f22afcc6781c,7722b1df1b0e383e000397b2c11e3e19,2017-10-18 13:06:32,56.9,25.68
9d81bb437ca5583e95a56300b3576228,1,ecc10f919e8a150d1307eb88417a3d22,9c068d10aca38e85c50202e17b4a7e88,2017-10-19 11:49:33,60.0,20.91
9dafa19eb6a1375cea8727c41ea74ca4,1,669998ba8fa6ff5fe25cd38c8f77b368,c3867b4666c7d76867627c2f7fb22e21,2017-10-19 22:35:25,215.0,21.48
9dc0a33bcfa9c6bfa29e7434029a8631,1,fc470dc1924bf42ce34d83187505dbe4,128639473a139ac0f3e5f5ade55873a5,2017-10-05 12:56:10,22.9,8.27
9dc64ac5787edf0d88888ec315c57087,1,7fcf94eac206f052689149415c84663e,cd06602b43d8800bd0afad514919d35c,2017-10-17 23:35:14,23.5,8.72
9dc8d1a6f16f1b89874c29c9d8d30447,1,a2ff5a97bf95719e38ea2e3b4105bce8,0015a82c2db000af6aaaf3ae2ecb0532,2017-10-18 14:49:22,895.0,21.02
9dcb0d9383ad58ac986c6c8fe850be7b,1,6d37e202f4afe0a1539c872d21e45650,e8b3a3a38279a82f0e5d006d5e5b7d2c,2017-10-26 03:45:48,255.9,14.81
9dcb0d9383ad58ac986c6c8fe850be7b,2,6d37e202f4afe0a1539c872d21e45650,e8b3a3a38279a82f0e5d006d5e5b7d2c,2017-10-26 03:45:48,255.9,14.81
9dd1d19c4558ecb8601dd0305c30cec0,1,d81cbbaeb38bdc56879d408d7f607b0e,6902157ee16728322d61a1321fa79e58,2017-10-17 20:50:03,79.9,16.32
9ddf4a39b3954edb7d4d84471f3229ea,1,b30bd2570ba0ad3ce06e785a7b23d544,4a3ca9315b744ce9f8e9374361493884,2017-10-26 14:14:15,50.4,13.37
9de8f8dd965b3e33a21b3df3fe99334a,1,154e7e31ebfa092203795c972e5804a6,cc419e0650a3c5ba77189a1882b7556a,2017-10-24 11:05:58,23.99,11.85
9e1767e9e357aefade604f2b54d83ff2,1,78b3ee06d49e019869ec3ec4e356d055,3d871de0142ce09b7081e2b9d1733cb1,2017-10-09 14:07:35,79.0,12.05
9e202f5cc3f2b54ac43a077fa5caf18c,1,1acb18fc869c5489d5f76abcd681165e,6d803cb79cc31c41c4c789a75933b3c7,2017-11-09 02:16:02,135.0,13.97
9e44e89d954ea1052e1ecb4f803251fa,1,11dc4053871ff53ff79fb1fc7e6b160f,b1ac6ea7895bc3dd6f0f6f4abbdd2821,2017-10-20 14:49:26,99.0,17.94
9e4f46493d96c5842aa031c7407d2552,1,e791e580a2421e4471aebb0629c705c1,9f505651f4a6abe901a56cdc21508025,2017-11-01 13:49:29,13.99,15.1
9e5ddd73e11f7b84e460dcd20a130f62,1,cd6b772c1446156e232d62e01d4c8a25,6edacfd9f9074789dad6d62ba7950b9c,2017-11-06 16:30:23,44.9,8.72
9e6491dcf30125187adc8a3b5b5a571b,1,29427de7f8a9ee983d9dbc51cec569b4,7a67c85e85bb2ce8582c35f2203ad736,2017-11-08 03:31:16,99.99,18.94
9e7029a8fc76193e3b55064b698c4b4f,1,7a7be236d8368315680071df4209dd4e,b14db04aa7881970e83ffa9426897925,2017-10-25 03:27:19,55.0,17.64
9e7029a8fc76193e3b55064b698c4b4f,2,7a7be236d8368315680071df4209dd4e,b14db04aa7881970e83ffa9426897925,2017-10-25 03:27:19,55.0,17.64
9e7298f5bfed83404b628b69f965c94d,1,ec5b3c8bb77ad22278f6e9d719a83de3,4a3ca9315b744ce9f8e9374361493884,2017-10-23 19:46:12,12.9,15.1
9e782eef55c0f6f0a4de48f967232e91,1,2756f88aa420dd0c5aa25b2db78d4664,ef506c96320abeedfb894c34db06f478,2017-10-12 22:56:12,22.99,14.1
9e782eef55c0f6f0a4de48f967232e91,2,2756f88aa420dd0c5aa25b2db78d4664,ef506c96320abeedfb894c34db06f478,2017-10-12 22:56:12,22.99,14.1
9e7b4dc19aadc8298e2984986d3bf014,1,9798bc8585b031f32f0ba287ad22f334,855668e0971d4dfd7bef1b6a4133b41b,2017-10-19 18:08:29,159.99,33.57
9e8253539b3ac1fc283b3d570f7b53ae,1,3ece0f08943c87ee3e0f6bfb045250f3,5b35136197710e16ac5e7b7c2bd4ea85,2017-10-27 17:07:39,219.9,15.29
9e8253539b3ac1fc283b3d570f7b53ae,2,3ece0f08943c87ee3e0f6bfb045250f3,5b35136197710e16ac5e7b7c2bd4ea85,2017-10-27 17:07:39,219.9,15.29
9e86f2750fb63739aa63c24a716815ab,1,c6cae2869a248cef27c00f3340ac90a6,82e0a475a88cc9595229d8029273f045,2017-11-06 19:31:19,75.9,34.33
9e86f2750fb63739aa63c24a716815ab,2,c6cae2869a248cef27c00f3340ac90a6,82e0a475a88cc9595229d8029273f045,2017-11-06 19:31:19,75.9,34.33
9e86f2750fb63739aa63c24a716815ab,3,c6cae2869a248cef27c00f3340ac90a6,82e0a475a88cc9595229d8029273f045,2017-11-06 19:31:19,75.9,34.33
9e8835f613d3d61b5c4aeae2550b893a,1,4a300735bc293723103db0d0c1bc1585,6f892e20a171e98efe17fdb971ff319b,2017-10-26 16:56:45,70.9,14.25
9e958a07e455c09fd69aa32c2a4b2d4c,1,6d9bbcfa5f0e5aeef4157f4e6b0047c3,cac4c8e7b1ca6252d8f20b2fc1a2e4af,2017-10-17 21:49:50,69.99,18.73
9e96e482f747d3cb997cff90397a37d3,1,ee7cb55a3fb6c3f091ecbfcdc46359c6,6560211a19b47992c3666cc44a7e94c0,2017-10-23 15:56:39,49.0,7.78
9ec8b1c04bc01a42cb3896e90c2b701e,1,bd07b66896d6f1494f5b86251848ced7,7c67e1448b00f6e969d365cea6b010ab,2017-11-07 02:08:29,139.94,52.11
9eff67e8c9f0810c3ee0038f915a84de,1,111a3ef82d77e13260a73fbf58c41da5,dee656f0f566ed1aa85bd137c943f08f,2017-10-31 09:35:12,34.9,16.79
9f0a75259f61f692aadf8400a97e46a7,1,4cac1a12a6fe9ffba4a9556dbe582e28,7ddcbb64b5bc1ef36ca8c151f6ec77df,2017-10-16 20:14:25,25.99,7.78
9f1cbfd860863f340881bcfef13fc3eb,1,822c9ab05e9b8114704a5b2cd8639585,a888faf2d1baececa6baf9c3d603ee1f,2017-11-01 06:33:45,259.9,45.67
9f2da077d2d1eb6e8abcacef8776e941,1,5e3555ed62835dd67704d40a72678cfd,bbad7e518d7af88a0897397ffdca1979,2017-11-03 21:46:29,39.9,14.1
9f5054bd9a3c71702aa0917a7da29193,1,82758517d6c9cc65c509781f1e14e9f2,897060da8b9a21f655304d50fd935913,2017-10-13 02:14:23,155.0,86.6
9f5054bd9a3c71702aa0917a7da29193,2,82758517d6c9cc65c509781f1e14e9f2,897060da8b9a21f655304d50fd935913,2017-10-13 02:14:23,155.0,86.6
9f5054bd9a3c71702aa0917a7da29193,3,82758517d6c9cc65c509781f1e14e9f2,897060da8b9a21f655304d50fd935913,2017-10-13 02:14:23,155.0,86.6
9f5054bd9a3c71702aa0917a7da29193,4,54d7ad85b648d3cb2b7069ed446d7f35,25c5c91f63607446a97b143d2d535d31,2017-10-13 02:14:23,149.91,0.14
9f5054bd9a3c71702aa0917a7da29193,5,54d7ad85b648d3cb2b7069ed446d7f35,25c5c91f63607446a97b143d2d535d31,2017-10-13 02:14:23,149.91,0.14
9f5054bd9a3c71702aa0917a7da29193,6,54d7ad85b648d3cb2b7069ed446d7f35,25c5c91f63607446a97b143d2d535d31,2017-10-13 02:14:23,149.91,0.14
9f5054bd9a3c71702aa0917a7da29193,7,54d7ad85b648d3cb2b7069ed446d7f35,25c5c91f63607446a97b143d2d535d31,2017-10-13 02:14:23,149.91,0.14
9f5054bd9a3c71702aa0917a7da29193,8,82758517d6c9cc65c509781f1e14e9f2,897060da8b9a21f655304d50fd935913,2017-10-13 02:14:23,155.0,86.6
9f5054bd9a3c71702aa0917a7da29193,9,54d7ad85b648d3cb2b7069ed446d7f35,25c5c91f63607446a97b143d2d535d31,2017-10-13 02:14:23,149.91,0.14
9f5054bd9a3c71702aa0917a7da29193,10,54d7ad85b648d3cb2b7069ed446d7f35,25c5c91f63607446a97b143d2d535d31,2017-10-13 02:14:23,149.91,0.14
9f57815d406a0864b852f229ee3aadff,1,7737a63b27d4c4ec7592e8429ad7f554,e9779976487b77c6d4ac45f75ec7afe9,2017-10-09 13:35:19,109.0,8.51
9f5abaa01d419a15e448f089b1cf4b94,1,b7a60a397d4efd05c1b5d398fb9f9097,2528744c5ef5d955adc318720a94d2e7,2017-11-06 20:50:13,2399.0,68.33
9f62f8570f362ce8c44324f7cc9ca852,1,31639956e7fac87ecfd9d608040638bd,aac29b1b99776be73c3049939652091d,2017-10-06 10:49:45,70.9,19.36
9f67054716b5806d7ecb46b0f309e5c3,1,2d27434c710806b971a721da337a112a,6560211a19b47992c3666cc44a7e94c0,2017-11-06 19:46:18,39.0,15.1
9f6792a082a71398109a94b8039d3c07,1,e7e0728e9e488b0a67ef4d95e98ee4c8,13d058e4eeac2ce8217660b2f8a05812,2017-10-26 10:49:36,209.99,82.29
9f68344a0c5f9d8794de633c159cbc26,1,b1dc70b2d3b0d42b355529c4026a35a7,b499c00f28f4b7069ff6550af8c1348a,2017-10-10 21:04:33,59.99,17.99
9f711f8df6632759b268fe6b611ed87f,1,6490b9f63b0b595e1c1402b46b0f50ad,99eaacc9e6046db1c82b163c5f84869f,2017-11-03 16:35:13,280.0,13.46
9f80bbd59f6be97485be347f2da1f1b7,1,0b0172eb0fd18479d29c3bc122c058c2,1838dd9b8977065acf51d95e0053ea7a,2017-10-05 10:49:15,28.9,16.92
9f85c30188f56e233f420cb63b51d728,1,d017a2151d543a9885604dc62a3d9dcc,6560211a19b47992c3666cc44a7e94c0,2017-10-23 20:06:04,49.0,15.1
9f98d5dd7d91eb6e4b16499e2a9688c6,1,d63c1011f49d98b976c352955b1c4bea,cc419e0650a3c5ba77189a1882b7556a,2017-10-20 15:28:22,59.99,15.18
9f9dbdaa390ccbff68e07b6181e0b06e,1,bb3ba3a4e6d7471b6754e8e3f13f1464,ac3508719a1d8f5b7614b798f70af136,2017-10-19 16:07:11,89.9,18.87
9fa3a005f89a187501fa1bd63d6125fb,1,57bdf3098169cccdb62221bd3e089cbd,d98eec89afa3380e14463da2aabaea72,2017-10-16 01:17:50,39.99,14.1
9fab0f942fae1cf572b2ae5d159be064,1,3db75f31b76375c502f64d550dcd1166,85d9eb9ddc5d00ca9336a2219c97bb13,2017-10-27 05:05:28,31.9,12.48
9fdcbf4559fdbe106a9d0a99db753858,1,52c80cedd4e90108bf4fa6a206ef6b03,a1043bafd471dff536d0c462352beb48,2017-11-02 22:10:05,179.99,26.88
9feac9aefe68aad21858f5edd41855bd,1,cb9650b0b86415106d480099a14b9d6d,ebd2d60905fb58271facef5596b620d3,2017-10-20 18:24:06,42.9,42.76
a00f95f6a4d527c82baeb2593ec4b5b8,1,ae6476ef6cf588ccb0bd009b62359b97,01fdefa7697d26ad920e9e0346d4bd1b,2017-10-19 19:33:55,118.9,18.08
a017b32aea2065d82fb952ce710537a7,1,94950d6ddd0b24c0d15f7f09d61a8148,cfb1a033743668a192316f3c6d1d2671,2017-10-13 14:27:03,157.0,33.55
a03bcd3a3d6e8009b9253928c9db4d4f,1,fecf6223a3494f35362f670e571d2a04,3db66a856d18a9cba7c9241fc5221c50,2017-11-06 15:14:16,69.9,35.81
a04b5357c7eb10bccebd46d6d051e8b0,1,9bc39c44d241610638729a32026eb37a,cfb1a033743668a192316f3c6d1d2671,2017-10-19 19:28:13,269.0,43.49
a04b5357c7eb10bccebd46d6d051e8b0,2,99a4788cb24856965c36a24e339b6058,4a3ca9315b744ce9f8e9374361493884,2017-10-19 19:28:13,89.9,4.35
a04fb6341ec58dddcf7ecaa4c6322f55,1,91b3eea4ab6c21d2f61d53597e49bf3f,5160d23075764e18e07c1f4a87fad743,2017-10-17 13:29:46,75.0,7.78
a057ba313e2ecf618126061eafcebc45,1,eed6978726f666f29319519d56058469,1d29dfba02015238dfbe2449a5eaa361,2017-10-11 06:34:24,44.9,12.48
a05b1831c01baf69ce6c81050cc1405e,1,c081e0bd900ca695285255e5588f2ae0,7aa4334be125fcdd2ba64b3180029f14,2017-10-11 17:49:23,102.5,13.74
a05bbaf69d9dcde272cc101dfd1c6cc8,1,422879e10f46682990de24d770e7f83d,1f50f920176fa81dab994f9023523100,2017-10-13 13:35:14,59.9,17.67
a068308d72bb8cf6b6b7815a3ee3840c,1,8c292ca193d326152e335d77176746f0,7e1fb0a3ebfb01ffb3a7dae98bf3238d,2017-10-09 10:07:22,160.0,15.87
a06a3cf27cfd40d7af7e264e94b9829d,1,e806a78165ce0f336140978e90640d27,23d7c96d4a1160db1c726b248601b25a,2017-10-06 09:14:11,159.9,38.67
a06c43ed81f5c604287461f4d21949ce,1,6994675fdff4377e6e1b738094977cf4,b19f3ca2ea475913750f25a5c37c8d8f,2017-10-30 17:56:20,108.9,28.14
a0b1093f5f180383cf2ed2a9a6586070,1,338f1838eb9cd29b59c9c2f4ee158f15,59cd88080b93f3c18508673122d26169,2017-10-13 15:07:28,29.99,15.1
a0c2d39f96821598c6189528ce768919,1,4d9e8a6d8d07e4f47e093b8c2999ae01,e9d99831abad74458942f21e16f33f92,2017-10-26 11:28:11,38.99,15.79
a0cad5ccb5a47034235dd39c3768e900,1,281bbfe70848e0b304bef88fc2caf2c3,4b9750c8ad28220fe6702d4ecb7c898f,2017-11-03 16:31:28,48.9,12.69
a0dd16fef84e1de7791dbac7e4020bad,1,5f504b3a1c75b73d6151be81eb05bdc9,834f3294fba9f932f56edc879193f925,2017-10-24 23:56:19,610.0,90.89
a0dddffb69e48d83c22789bd03521a53,1,0e474dd27ee6b8386b49a18097d937ae,cca3071e3e9bb7d12640c9fbe2301306,2017-10-13 12:14:21,52.64,11.87
a0deb77d36e603aac0d0997a1923cc28,1,e00994390ccf605aec4a0389c80e0ba7,4e6015589b781adaa5ce7f1892d06bb1,2017-11-03 16:32:26,228.0,16.1
a0f1470a138fc60452fcfbce3a2d937b,1,10f50167caa9977081afd4052657f36c,1127b7f2594683f2510f1c2c834a486b,2017-10-24 21:56:16,16.55,7.78
a1015a6d1a3f742c8de8c7a3d0356f86,1,25437c6ccd9cdc28db375f821881224f,530ec6109d11eaaf87999465c6afee01,2017-10-10 03:04:11,105.9,19.98
a115b098eac626c6386372cbe094acd9,1,0aabfb375647d9738ad0f7b4ea3653b1,37515688008a7a40ac93e3b2e4ab203f,2017-10-19 20:08:22,19.9,11.85
a120492dcf7f876a21a0b2d2aea9cee2,1,ea44caac707f7f1325182a538007f838,855668e0971d4dfd7bef1b6a4133b41b,2017-10-23 22:26:43,50.0,17.6
a12ac41904fb4122fafbd91fbb9230ed,1,6ddcabeba730cb81a3c9570a595a12da,a416b6a846a11724393025641d4edd5e,2017-10-26 02:49:16,77.0,16.79
a14f7f38d99c7aba5db1566db11660a2,1,7fb04722aba7a2b632bac8f9819796f3,f3b80352b986ab4d1057a4b724be19d0,2017-10-19 02:14:19,79.9,19.8
a150844c1dfa605f925885746f98fe55,1,99a4788cb24856965c36a24e339b6058,4a3ca9315b744ce9f8e9374361493884,2017-10-26 13:35:19,89.9,16.26
a15a149fd87880e3377135d01822240f,1,347492a8e06a539c0861eea7e527fdaf,48162d548f5b1b11b9d29d1e01f75a61,2017-10-25 02:49:34,241.0,16.44
a15cf0c6907f5a98ca4fb8cc66731f06,1,b77ae16cc8f67cd1c0ec781d5bf4da2b,7a67c85e85bb2ce8582c35f2203ad736,2017-10-27 10:56:28,219.99,22.03
a1616f9567a92892f6b048d6a64e85fe,1,b833b995caddd97b8786370988e32ee4,aced59e9b31ef866a94f9e7f29d8d418,2017-10-26 12:35:19,9.9,15.1
a16372372eabf56cefaac3bd69b35209,1,2002fc3ec2d8a30a7588628fe7aff958,e9d99831abad74458942f21e16f33f92,2017-10-18 21:49:35,30.0,15.1
a184881e0110ee6bba45e5ba8287c638,1,83b00325c13c44245b2c3a2befa62a0e,ad781527c93d00d89a11eecd9dcad7c1,2017-10-20 20:35:29,159.99,57.79
a1bbc50582a23583fb463282d7807e6a,1,9fc0c73ce4d0eaaead44e81eeefebeb0,c3867b4666c7d76867627c2f7fb22e21,2017-10-09 08:56:30,68.0,11.98
a1c4ab09bfeec2b1739a1a7c2e4c4634,1,5b3242867b3c1f86ebe790699c88b901,0be8ff43f22e456b4e0371b2245e4d01,2017-10-30 03:35:18,119.9,30.0
a1dfba002c399f4899de69e3bc83e2f2,1,9d46bfe46a9812f451dfbd861f711759,744dac408745240a2c2528fb1b6028f3,2017-10-16 15:07:08,139.0,14.72
a1ea1bd909502b5214a0b425746fca5c,1,bca66c2fcd992d2efac1dd904524edc6,44073f8b7e41514de3b7815dd0237f4f,2017-10-09 07:49:20,136.12,23.27
a204ef2b035bc702ec72a0d80922c071,1,84f456958365164420cfc80fbe4c7fab,4a3ca9315b744ce9f8e9374361493884,2017-10-17 22:49:33,99.0,17.94
a20cc916845a71844957398db346f279,1,53759a2ecddad2bb87a079a1f1519f73,1f50f920176fa81dab994f9023523100,2017-10-17 14:50:09,59.9,17.67
a2115aed0dfabe789753c37481ea79d2,1,d4ad9721bda56413600c43c11006cb78,6fc26fe110feebd80a433e1f012a84f9,2017-10-10 16:04:33,59.0,16.17
a21f7cbfcb4757dd5866a2673dc059b6,1,2ee2275c98634bc4a8a6f86b4b08b549,4da0e408c99d2fdc2126dc9fce518060,2017-10-13 19:28:32,18.0,17.92
a2205579c150e20d06f7eb3755b475ad,1,e4d1cdc6559e08672c98c73a21305521,d354c38a7182125a748cb10474fe963b,2017-10-31 19:07:03,18.99,15.1
a22b607df785ae2bd6fada8c68de0986,1,e3263eb093d88b95abce97fe0c864421,f7720c4fa8e3aba4546301ab80ea1f1b,2017-10-24 03:14:58,30.1,35.67
a2327607847cf10fd418e7a63c12ac7e,1,a4aa7c1427c31344e5f7cc3d839fe562,66922902710d126a0e7d26b0e3805106,2017-10-20 15:28:00,95.0,23.02
a2327607847cf10fd418e7a63c12ac7e,2,955d13d7e0c184665441e35897a4f3c3,dd7ddc04e1b6c2c614352b383efe2d36,2017-10-20 15:28:00,34.9,11.51
a24330f9f979dd041f57f4c8f937c9ad,1,cf5407ad3a5c603fa46d5c2613661a09,dd7ddc04e1b6c2c614352b383efe2d36,2017-11-09 04:15:18,29.9,17.6
a24b70bd7c0e606f160120c5114a303d,1,362b773250263786dd58670d2df42c3b,4c2b230173bb36f9b240f2b8ac11786e,2017-11-03 12:08:05,49.9,15.1
a24c341da692fe0a57ba6140bf33e1a5,1,20a64c9ab614812a2634ebbd69bb4a02,850f4f8af5ea87287ac68de36e29107f,2017-10-27 12:28:12,99.99,15.46
a24e28c5eac9b7e62c315eb54a21a1e0,1,1eaf224c19e07b6e50bf0119eea1dd26,da8622b14eb17ae2831f4ac5b9dab84a,2017-10-18 03:07:35,109.9,38.32
a28afc1326ae005c8fe230354d0aee19,1,53759a2ecddad2bb87a079a1f1519f73,1f50f920176fa81dab994f9023523100,2017-11-07 09:06:23,59.9,17.67
a294a9571b11828c875657e7ea6d9a9b,1,386eebb43722ab502f04f7900bd2451b,8b28d096634035667e8263d57ba3368c,2017-10-26 13:56:22,57.9,34.21
a29af77084743dcf5b484cd0c19daa9b,1,ce49d8be84e535ca2a5eb0e76c09c348,d2e753bb80b7d4faa77483ed00edc8ca,2017-10-13 16:14:29,89.0,34.42
a2bd1f83214e09083ffd7b7320fc0948,1,7c2d0df8e5fbfa71d54a400b33a8502e,7e1fb0a3ebfb01ffb3a7dae98bf3238d,2017-10-26 18:56:24,96.0,12.17
a2c02a67462d5e75036d6c49cf26a7e3,1,a52c53c58fd2105adfe80a817dfa5a76,3b15288545f8928d3e65a8f949a28291,2017-10-20 10:49:20,106.99,18.0
a2d034676ee5e73dd49f9202b58bbb39,1,cd935d283d47f1050c505e1c39c48b67,a3a38f4affed601eb87a97788c949667,2017-10-24 01:14:26,69.9,15.24
a2dae683f3e97cc4cfc4ee2865c66ed5,1,657247f6f60543b93e3cc708a8e6329c,7ddcbb64b5bc1ef36ca8c151f6ec77df,2017-10-09 19:07:12,294.99,26.58
a2e269d426176695531c8cc824265489,1,ec1faa2edc27ce32372fee59d1f9e969,cc419e0650a3c5ba77189a1882b7556a,2017-11-08 21:50:36,29.99,7.78
a2eca95fe0a3ac12cb72449511a11fd6,1,5612648da3c29f5f0236f13c99bed154,cd68562d3f44870c08922d380acae552,2017-10-13 08:49:20,495.0,14.97
a2edced92b6709688b9b815a598bd9b3,1,461f43be3bdf8844e65b62d9ac2c7a5a,4869f7a5dfa277a7dca6462dcf3b52b2,2017-10-26 02:56:16,146.0,12.52
a2ef0b7cf1506372dbf591def053d0fd,1,23418e5faa9e642e928573220878a432,6a8b085f816a1f75f92dbac6eb545f8f,2017-11-05 22:50:15,16.9,11.85
a2f7b7dd8e50a59d16010e3d5a52b2cd,1,c43ab4269cbf91b373263db4c2973cad,48436dade18ac8b2bce089ec2a041202,2017-10-18 04:26:51,51.9,16.12
a2f7c5e2ecae30b202480a7aff91ab32,1,e84997d75938765ef99930f908ceedf4,dbc22125167c298ef99da25668e1011f,2017-11-07 21:50:16,127.9,20.14
a32f136cacf2a9b45eaeb507057b33f2,1,11dc4053871ff53ff79fb1fc7e6b160f,b1ac6ea7895bc3dd6f0f6f4abbdd2821,2017-10-08 23:29:43,99.0,16.94
a33e332399ed231007a28d4fdac21158,1,11fd9d7ba552e1d28872e008acf1e050,cb8bcce248bb1fb274ba762d8b971456,2017-10-17 12:49:35,139.9,14.0
a35238675f91b99761c23af5c842d5ef,1,2b4609f8948be18874494203496bc318,cc419e0650a3c5ba77189a1882b7556a,2017-10-27 18:56:30,89.99,15.39
a3629884bf8956b0f572069b8a20cc55,1,803f77475e1b51b47f1bfec4f2ec353f,c9c7905cffc4ef9ff9f113554423e671,2017-10-09 13:49:25,65.99,25.49
a395fd8fe6540a26c5b301e2607a1855,1,9348cf658c9f20576186a9f3b82c58c3,7dc8c42cc750eeafea6c85712ffee9bf,2017-10-31 13:49:23,89.0,14.23
a3965b3546bff7e3ec5e766fa6e8d865,1,a064fbd13bfd3d9654eeb35bb47d9caf,2a261b5b644fa05f4f2700eb93544f2c,2017-10-30 23:28:08,55.0,16.15
a39e10cd50b6f28c58ed01ed8e7b727f,1,ec2d43cc59763ec91694573b31f1c29a,1c129092bf23f28a5930387c980c0dfc,2017-10-19 13:49:17,45.9,16.11
a3b12c57a19ac7a13e56c2387b30054e,1,ccadfeab525a9eb1569983b66e5075c4,33576ec5412fb5905d876f12f33bfde6,2017-11-13 19:30:20,89.0,25.65
a3b51577e617e3ffd00a8718b05874fd,1,fb1c85ab4adb8f0fd63d3e2156e51f4b,c3cfdc648177fdbbbb35635a37472c53,2017-10-31 07:49:14,64.9,9.74
a3b689139778b720d33d0a5c8b1d344d,1,23f52db82a2a0f55b0a1c1ae5b696013,4e17c65a516f69d023a2ae78b84f28d6,2017-11-10 18:24:49,200.0,21.89
a3be6697885b394b9fa9a177c3f46239,1,72c0ede833dac61a24ac9a7c394066a5,3d871de0142ce09b7081e2b9d1733cb1,2017-11-06 13:10:38,28.9,16.11
a3d715c13af177125a462b543a9a97f4,1,77c2aff3c37f549284828851709cedee,709e16e2b25c7474d980076c6bfc4806,2017-10-19 15:26:00,37.9,11.85
a3d715c13af177125a462b543a9a97f4,2,77c2aff3c37f549284828851709cedee,709e16e2b25c7474d980076c6bfc4806,2017-10-19 15:26:00,37.9,11.85
a3de4437424406c7f28308d65d200f17,1,bdb4be6ce2f7f2b5be0a16088028c7fc,955fee9216a65b617aa5c0531780ce60,2017-10-31 03:56:19,85.0,21.43
a3df9ee0e0290b6eb2d3abb966d5346f,1,ebb4f25d7c40bb0db47874a03edca0a6,1660ad786c27fd935378b6192a90b417,2017-10-27 08:14:26,130.0,8.16
a4328dcc082fa5d74c646f511b4ef7b8,1,7fb04722aba7a2b632bac8f9819796f3,f3b80352b986ab4d1057a4b724be19d0,2017-10-17 21:14:27,79.9,20.96
a43482a55cc8d11f47b25992831a794f,1,ea697d5bbca113fdf96cf66f7aa135c8,fb89df7f89fd1b8f03fa2acca1ba7364,2017-10-18 12:07:41,61.0,16.19
a43482a55cc8d11f47b25992831a794f,2,ea697d5bbca113fdf96cf66f7aa135c8,fb89df7f89fd1b8f03fa2acca1ba7364,2017-10-18 12:07:41,61.0,16.19
a44cd7ea931ed9138c6250dd5402eb7d,1,0b60c390c7176d836fa228baa164af0d,4a3ccda38b2129705f3fb522db62ca31,2017-10-23 19:49:15,149.9,15.8
a4521fa62b4f3bbe260aecf4dbc78935,1,c329abd2a10fad4a2f83377956328c67,8b28d096634035667e8263d57ba3368c,2017-10-23 23:07:56,57.8,17.97
a4569e83b396f45f5bad001bce729da0,1,e7d26dd6742baca292020c158e6720c3,6cd68b3ed6d59aaa9fece558ad360c0a,2017-10-30 16:42:49,54.9,14.13
a45d988c5f5764f548ae6fa14a8ee773,1,90b58782fdd04cb829667fcc41fb65f5,7c67e1448b00f6e969d365cea6b010ab,2017-11-08 09:07:43,179.99,64.75
a45d988c5f5764f548ae6fa14a8ee773,2,90b58782fdd04cb829667fcc41fb65f5,7c67e1448b00f6e969d365cea6b010ab,2017-11-08 09:07:43,179.99,64.75
a45d988c5f5764f548ae6fa14a8ee773,3,90b58782fdd04cb829667fcc41fb65f5,7c67e1448b00f6e969d365cea6b010ab,2017-11-08 09:07:43,179.99,64.75
a45d988c5f5764f548ae6fa14a8ee773,4,90b58782fdd04cb829667fcc41fb65f5,7c67e1448b00f6e969d365cea6b010ab,2017-11-08 09:07:43,179.99,64.75
a45d988c5f5764f548ae6fa14a8ee773,5,90b58782fdd04cb829667fcc41fb65f5,7c67e1448b00f6e969d365cea6b010ab,2017-11-08 09:07:43,179.99,64.75
a467b6e02187433dde3d9827e8561a9b,1,c7fd13b5e515bffdab855d0812842edb,1025f0e2d44d7041d6cf58b6550e0bfa,2017-10-20 15:04:45,78.0,9.36
a4765431be6613d760a9cf57da14b9ce,1,43423cdffde7fda63d0414ed38c11a73,b1fc4f64df5a0e8b6913ab38803c57a9,2017-11-07 04:10:21,55.0,15.14
a486dfd6ae353f3b1b11f8670c57f60d,1,42a2c92a0979a949ca4ea89ec5c7b934,813348c996469b40f2e028d5429d3495,2017-10-13 16:35:21,59.9,14.13
a4b6f56ce9547b22c5e8e3e58e56ea08,1,49e9c574147c521a9bd39ab709a103f3,8d46553a36e68f95350a200c12f8f2e2,2017-10-30 17:56:47,16.9,15.1
a4b79dbc2ad1b141dcc00a17f2450a11,1,bae07c7efc89a25b04daff4b11b7d853,2d50d6282f8aa2257819a77bfaa0efe0,2017-10-18 21:36:27,85.0,15.34
a4bc1677b3d60b00fa7992831697d94f,1,3a7c9b0413d7b9cc7f4a18318fc5afb3,7a67c85e85bb2ce8582c35f2203ad736,2017-10-25 13:06:24,129.99,12.11
a4d8e20531e46f727b8723d74a39d780,1,7ada7bee4052075cf6310885da8c4392,3d871de0142ce09b7081e2b9d1733cb1,2017-10-23 21:45:55,79.0,13.57
a50031be2e7818ce082a22db3add373b,1,e41d4a95e33026918bd9946d3185b5bd,2528513dd95219a6013d4d05176e391a,2017-10-23 04:08:42,279.0,36.12
a523356c905fa032d024c70affee0897,1,53027b8270c2c4b97acb3907e39e999e,6df688df543f90e9b38f4319e75a9d88,2017-10-26 22:35:14,19.63,16.11
a523356c905fa032d024c70affee0897,2,53027b8270c2c4b97acb3907e39e999e,6df688df543f90e9b38f4319e75a9d88,2017-10-26 22:35:14,19.63,16.11
a523356c905fa032d024c70affee0897,3,53027b8270c2c4b97acb3907e39e999e,6df688df543f90e9b38f4319e75a9d88,2017-10-26 22:35:14,19.63,16.11
a5354e17680d3730453ceddfc9a58f1b,1,31a4e43f70b04f64268d63fd9193a8d5,2089a6d640999f9b9141ac719b2af596,2017-10-30 13:26:56,112.89,12.24
a53de12ebca1001d93689014bbee020c,1,728b05c29f6264ed83982354d261654a,7c67e1448b00f6e969d365cea6b010ab,2017-10-24 22:49:26,179.99,18.97
a5405fc7cbd6fd95875ab2de9709844a,1,a4aa7c1427c31344e5f7cc3d839fe562,66922902710d126a0e7d26b0e3805106,2017-10-26 03:07:24,110.0,23.64
a560e0ea63089626704c4471adbe9367,1,141bfc7707c259668ab7d5c4017dce4a,3d871de0142ce09b7081e2b9d1733cb1,2017-10-30 21:49:33,20.0,15.1
a574fbd4ec3b7064ac9a3817ee71c044,1,407bc2771e1ae0911576de1560d3adcc,1ce3ae5a399804d1a87e706f8a813c3e,2017-10-27 00:25:23,69.9,56.38
a58490145a93745e5cce4c644ecd9153,1,3e0bc37e01b5c85e125dbaef7cc3f0ad,955fee9216a65b617aa5c0531780ce60,2017-10-31 15:14:35,320.0,27.08
a596dd0667e64089cd1c927aca8a3bf7,1,d285360f29ac7fd97640bf0baef03de0,fa1c13f2614d7b5c4749cbc52fecda94,2017-10-31 07:14:13,348.8,16.19
a59a15e4b6085c752d338431dc68d464,1,ca38c039b717207dec906f4fa9a21db7,01bcc9d254a0143f0ce9791b960b2a47,2017-10-24 09:06:21,158.7,36.43
a5a322511ad2f5a5296e865cd5c23abe,1,2c612d9f04a4e74f68ce85d201c704e8,6d803cb79cc31c41c4c789a75933b3c7,2017-10-16 23:28:15,39.9,12.69
a5a76b3c38acb63a4d867b5f3f59f941,1,f71f42e2381752836563b70beb542f80,85d9eb9ddc5d00ca9336a2219c97bb13,2017-11-08 02:49:31,31.9,9.09
a5a9c92813961bdaade1939c699dbcc6,1,5aa8137e4896e7f017ab4d84c42cb784,3a1a1fec38dd360f15fc912e821e169d,2017-11-03 12:31:13,259.0,9.07
a5b03179a6007c62d80e4be38d97d5df,1,1c63d0a4d75df524d4605a43285925d7,45d33f715e24d15a6ccf5c17b3a23e3c,2017-10-17 23:35:14,51.87,9.94
a5bb45ed4fdd4becba2dd4f863580dbb,1,11fd9d7ba552e1d28872e008acf1e050,cb8bcce248bb1fb274ba762d8b971456,2017-10-17 15:51:02,139.9,14.0
a5c29e65ba3d6d39d26e1e989f10f798,1,2604055d4992311bc72b115b6d5adda9,440dd6ab244315c632130ecfb63827b1,2017-10-16 20:37:44,234.0,18.89
a5db57e596494a2570d250dea03da4ce,1,5d66715cc928aadd0074f61332698593,128639473a139ac0f3e5f5ade55873a5,2017-10-20 08:29:22,19.9,16.79
a600cbfa2fc560a5f610401df5ad1c3c,1,ea52b0eb372ab5874186bd7da72c2db4,76d5af76d0271110f9af36c92573f765,2017-11-01 10:07:42,296.0,32.82
a6059b89913127046e9a0a3b88329269,1,764292b2b0f73f77a0272be03fdd45f3,bd23da7354813347129d751591d1a6e2,2017-10-25 15:49:18,89.9,9.44
a60cc6832b1b78e7cc684d7c82b1be03,1,d2f5484cbffe4ca766301b21ab9246dd,36a968b544695394e4e9d7572688598f,2017-10-10 14:28:55,12.88,15.1
a6130d43aa3328e4a7d78ac8f8029e81,1,1886d71d2ce9c67e10e5132ef32ac4de,8090490573c6c0aa343a7231ebcb8c86,2017-10-26 18:14:35,99.0,16.32
a61a49b3dc449fa46e74d4d57063b080,1,f46fbfe2831e5813c0e41812ad5a6228,ed4acab38528488b65a9a9c603ff024a,2017-10-17 11:26:46,89.99,15.38
a6264125a9c50827b115847d47c73a13,1,389d119b48cf3043d311335e499d9c6b,1f50f920176fa81dab994f9023523100,2017-10-13 15:14:26,59.9,17.67
a6264125a9c50827b115847d47c73a13,2,389d119b48cf3043d311335e499d9c6b,1f50f920176fa81dab994f9023523100,2017-10-13 15:14:26,59.9,17.67
a6415b99aa04b9eef071655317c75cfe,1,85f709dd4e8f207aecdfaeba8581c1f0,8160255418d5aaa7dbdc9f4c64ebda44,2017-10-30 03:15:00,89.9,29.42
a64424367810e29c6d8903b27073a8c8,1,5274be797b84797764c9199c5312240c,46dc3b2cc0980fb8ec44634e21d2718e,2017-10-18 12:46:29,299.99,13.55
a65ee79ac9ef387d53a86a7195403fcd,1,65c5f70a0cc1d74c36cb5e8de51582e7,4a3ca9315b744ce9f8e9374361493884,2017-10-13 18:30:30,37.0,15.1
a663eb567d6e0db6362cc10977fef5a2,1,4a300735bc293723103db0d0c1bc1585,6f892e20a171e98efe17fdb971ff319b,2017-10-23 10:14:30,70.9,34.3
a669137c06cc23b7962d63be3a2ad6d1,1,9c8c60eaae5f2f6bcb59a42e314cb400,46dc3b2cc0980fb8ec44634e21d2718e,2017-10-24 10:07:20,119.99,8.25
a669137c06cc23b7962d63be3a2ad6d1,2,9c8c60eaae5f2f6bcb59a42e314cb400,46dc3b2cc0980fb8ec44634e21d2718e,2017-10-24 10:07:20,119.99,8.25
a669137c06cc23b7962d63be3a2ad6d1,3,9c8c60eaae5f2f6bcb59a42e314cb400,46dc3b2cc0980fb8ec44634e21d2718e,2017-10-24 10:07:20,119.99,8.25
a669137c06cc23b7962d63be3a2ad6d1,4,9c8c60eaae5f2f6bcb59a42e314cb400,46dc3b2cc0980fb8ec44634e21d2718e,2017-10-24 10:07:20,119.99,8.25
a669137c06cc23b7962d63be3a2ad6d1,5,9c8c60eaae5f2f6bcb59a42e314cb400,46dc3b2cc0980fb8ec44634e21d2718e,2017-10-24 10:07:20,119.99,8.25
a68ddd6009f7c4914e2bc86567262d3b,1,4413a608a42bd21bbf9d5abbd58c249a,7ddcbb64b5bc1ef36ca8c151f6ec77df,2017-11-06 15:50:22,146.99,20.52
a6acb34f913bfaf8367a31f75d53829f,1,40b09f33e646d488df2ca6fec4082d50,3d871de0142ce09b7081e2b9d1733cb1,2017-10-25 21:14:41,89.0,29.41
a6b1ef6078eba08fce9fdc3263d690c1,1,b532349fe46b38fbc7bb3914c1bdae07,1025f0e2d44d7041d6cf58b6550e0bfa,2017-10-27 14:49:40,38.4,16.11
a6bf292dae65f520a1f47f4df440654a,1,4182ad8f6fd91b6064f2d1097d8a4291,b56906f7fd1696e043f1bcce164c487b,2017-10-11 18:35:17,34.99,17.6
a6e620028382225481aa2f6ba5158dc2,1,9fb7b543084835bfe56b0094501dee9d,3078096983cf766a32a06257648502d1,2017-11-07 14:50:23,39.99,13.37
a6f6c66669d5b0b2c33c66780c0ef4ce,1,eb53f94fdc60278efcef123bb275658a,da8622b14eb17ae2831f4ac5b9dab84a,2017-10-23 22:26:42,299.9,20.46
a6f6c66669d5b0b2c33c66780c0ef4ce,2,429e7401fafb76436f15e86498bd7364,da8622b14eb17ae2831f4ac5b9dab84a,2017-10-23 22:26:42,239.9,15.65
a6f96f5f41817cbffc01b1c756b58b8c,1,118c95783c21dc3d1896a9cb46a240ae,44073f8b7e41514de3b7815dd0237f4f,2017-10-17 04:35:25,29.9,18.89
a6f96f5f41817cbffc01b1c756b58b8c,2,118c95783c21dc3d1896a9cb46a240ae,44073f8b7e41514de3b7815dd0237f4f,2017-10-17 04:35:25,29.9,18.89
a7085f9fc8c35a99cbd99a1becc1f7be,1,17823ffd2de8234f0e885a71109613a4,46dc3b2cc0980fb8ec44634e21d2718e,2017-10-19 21:49:23,279.99,33.4
a70cbddbc05271b2103fdd63f37034a0,1,dee98cc0394b12aefccbad334b415c10,b1fc4f64df5a0e8b6913ab38803c57a9,2017-10-18 16:28:01,55.0,14.14
a71b5dae60672865090c8de14181bb77,1,7bdb28a55646012fb3348058d629d9bc,d23019c84ffae2d5ef2270367b8605fc,2017-10-17 12:06:17,59.9,16.9
a7235101fb090a610fcbf53095fc12f7,1,bfd40187494874d9bda6626efbff3bd3,3ca08eeb8d5595949fed424bd3677742,2017-10-18 20:45:54,179.9,102.7
a72cf1dee03a23942590dff282e7182f,1,62c89abe1afe3a23c17765d462718a4c,fe2032dab1a61af8794248c8196565c9,2017-10-16 09:37:58,259.0,11.03
a732b8bd0437cccab9e945143ad0a775,1,9dfb6a06c2c6ee3127e05b422b4a7a63,dbb9b48c841a0e39e21f98e1a6b2ec3e,2017-10-30 06:33:48,69.9,9.34
a73bd3df7636cc65bc93f7a84d0ffb7f,1,7a9cf133da2a6494259ffeeab11b6276,db4350fd57ae30082dec7acbaacc17f9,2017-10-17 04:49:34,21.99,7.78
a73de8635a0cb0aee3da3736197f76b2,1,bc4cd4da98dd128c39bf0b8c2674032f,53243585a1d6dc2643021fd1853d8905,2017-10-08 22:56:20,1599.99,35.65
a74869096437cef33d04006e8480e0db,1,8b6ed41158b194711f83b8da92757544,e9779976487b77c6d4ac45f75ec7afe9,2017-10-16 22:14:37,16.48,13.92
a76350c88470281e23e8fb2a32fecd2e,1,8aea198b4506fe321e998a858a2e39c1,43f8c9950d11ecd03a0304a49e010da6,2017-10-19 19:34:49,78.99,7.81
a7737f6d9208dd56ea498a322ed3c37f,1,9cb42a0117f7a4098d69936a6e772481,2138ccb85b11a4ec1e37afbd1c8eda1f,2017-10-29 23:49:29,18.9,15.1
a7737f6d9208dd56ea498a322ed3c37f,2,57fcacc3434a1f2f2b039c1b4e61f5e1,2138ccb85b11a4ec1e37afbd1c8eda1f,2017-10-29 23:49:29,18.9,15.1
a7761506ea2b30bff4d555a4bb33acc3,1,1cf0c9095608952cb1c65c4789946375,b2ba3715d723d245138f291a6fe42594,2017-10-19 04:46:38,54.9,16.95
a77e882c9c59d8664553d1385390b6ae,1,50063fba038aabf31446889396187973,f5a590cf36251cf1162ea35bef76fe84,2017-11-01 02:08:37,301.0,16.87
a77f068fe42de19045229fa9a9380ed5,1,d500c64ef3ac31087d21f93faacec268,4ba52dfeba874da5b9ee7b17c7494f04,2017-10-27 19:06:27,188.0,18.57
a785f992778e63bfb3b2288b684217a2,1,5cb599e545ef7edd1495b2ebde57e03b,2528513dd95219a6013d4d05176e391a,2017-10-26 14:56:18,189.0,46.79
a790d27c030796b3b877c1df82635d3c,1,32b9c3230a57c4312a9419c44a2e45ef,1b1ae47a313a825a7ccceb8e2e30fa9d,2017-10-25 12:06:18,149.9,15.81
a7913947a3d9509dc24a8b9282b2f907,1,b5d6ad9c3af003e2e9bf0ad06106e41e,391fc6631aebcf3004804e51b40bcf1e,2017-10-13 18:05:07,69.81,17.74
a794a761cfa371bfef4a514d8597898a,1,3779f2d78a8cc041bcce56232d83befb,6338ea67c41078a46ad99cc009654956,2017-10-19 11:05:57,69.2,38.03
a7bb712415c546b9e2576faddd6ac5b1,1,f819f0c84a64f02d3a5606ca95edd272,4869f7a5dfa277a7dca6462dcf3b52b2,2017-11-02 22:32:56,689.0,22.07
a7db1b7bfec5e83a8fd33625e99f0d15,1,2fa5da96109ea94cc9fb50cc589ed65e,86ccac0b835037332a596a33b6949ee1,2017-10-18 13:28:20,129.9,25.75
a7db1b7bfec5e83a8fd33625e99f0d15,2,2fa5da96109ea94cc9fb50cc589ed65e,86ccac0b835037332a596a33b6949ee1,2017-10-18 13:28:20,129.9,25.75
a7db1b7bfec5e83a8fd33625e99f0d15,3,2fa5da96109ea94cc9fb50cc589ed65e,86ccac0b835037332a596a33b6949ee1,2017-10-18 13:28:20,129.9,25.75
a7e2e99e49329dff2ac305e42c7fb59e,1,5aadf21c27e505224812c9b055031c73,077c5fae4bea9500e3737b16f71b9d3a,2017-10-30 03:25:54,5.4,9.27
a7f3396e13dbf329c0ee67624aea5a93,1,53759a2ecddad2bb87a079a1f1519f73,1f50f920176fa81dab994f9023523100,2017-10-26 03:05:54,59.9,13.44
a80d0a163fe3b7a1b2b3e9a5f5453357,1,d33f1be367bc59207ebc488a28635827,1835b56ce799e6a4dc4eddc053f04066,2017-10-25 11:14:13,41.99,11.85
a80d0a163fe3b7a1b2b3e9a5f5453357,2,d33f1be367bc59207ebc488a28635827,1835b56ce799e6a4dc4eddc053f04066,2017-10-25 11:14:13,41.99,11.85
a80d0a163fe3b7a1b2b3e9a5f5453357,3,d33f1be367bc59207ebc488a28635827,1835b56ce799e6a4dc4eddc053f04066,2017-10-25 11:14:13,41.99,11.85
a818640a99640aa4728f98489c21333e,1,5570e58fb62fc2a83e5bda3974e35be5,da8622b14eb17ae2831f4ac5b9dab84a,2017-10-23 18:26:52,99.9,13.72
a818640a99640aa4728f98489c21333e,2,5570e58fb62fc2a83e5bda3974e35be5,da8622b14eb17ae2831f4ac5b9dab84a,2017-10-23 18:26:52,99.9,13.72
a823e340670fb72aaeea0c7aa697212a,1,b807683e40e7ea6ec8d74d34f2e02247,ec933281fb017b5020d06df29c3f77e8,2017-10-25 12:14:17,169.0,38.73
a82e51ce2f7042d9be38b0cee1764b46,1,83b23a333b811855258c5ec9431f6d3e,1da3aeb70d7989d1e6d9b0e887f97c23,2017-10-17 12:14:13,16.0,7.78
a831481fe241b8d8bc08c53fc98012b9,1,3ac29f1f25166dcc60b97e65d9a5885c,440dd6ab244315c632130ecfb63827b1,2017-10-27 14:49:24,129.9,29.31
a853e48c187e12b0d92211b4530df02b,1,cd4536501f4e8486f233ea0c0e7e1ee8,1da3aeb70d7989d1e6d9b0e887f97c23,2017-10-30 11:35:19,54.99,16.14
a856b544fe56eea444788271f63512d8,1,daa3da30305b9336cef3c41816ff74a8,bd697db56ff8e7c9cd1abeb7f72029b2,2017-10-20 19:35:11,219.99,18.82
a8855ad9dbd6bd7a3fddd86f1ac4011b,1,1764de90ccf31194230a1d33c9cb7dfd,f19516b9ff26bfeb091b30108db4ddbd,2017-10-18 09:49:07,53.9,17.63
a8a70200cb729aed9b87cf7a11c814ae,1,4ed6af599aa18f6bd10b5d91e7689933,c3867b4666c7d76867627c2f7fb22e21,2017-10-27 17:35:11,26.0,11.85
a8bf3c34d62fdbb261cda157deee9b0f,1,3a7c9b0413d7b9cc7f4a18318fc5afb3,7a67c85e85bb2ce8582c35f2203ad736,2017-10-18 19:28:24,129.99,17.16
a8c82838d43738e226d64ee5240f3004,1,880be32f4db1d9f6e2bec38fb6ac23ab,fa40cc5b934574b62717c68f3d678b6d,2017-11-01 00:56:26,44.9,7.78
a8cb0d4e1f45d87965b1aaa5710c2461,1,7d018f8e4f93213ba7ad276e25fe20b1,3d871de0142ce09b7081e2b9d1733cb1,2017-10-18 23:56:15,19.9,16.79
a8d0b508b8328e380a5bf1ddc810b911,1,dc85876834143377929cf89f98115506,d03698c2efd04a549382afa6623e27fb,2017-10-31 15:27:38,352.57,40.02
a8d0b508b8328e380a5bf1ddc810b911,2,dc85876834143377929cf89f98115506,d03698c2efd04a549382afa6623e27fb,2017-10-31 15:27:38,352.57,40.02
a8dcdaca6b71b71297497af76297b1d0,1,dbb9d74e911f8db0dd4d85878064ceb3,bfd27a966d91cfaafdb25d076585f0da,2017-10-17 17:56:27,59.0,16.17
a8e1abe16c229e9634213a4c3fbe8cd7,1,992197904e1d4f0bf3994652373188e4,a3dd39f583bc80bd8c5901c95878921e,2017-11-01 18:10:21,215.56,26.06
a8f8f03d4c94b67001e0f1e242ec1679,1,7fb04722aba7a2b632bac8f9819796f3,f3b80352b986ab4d1057a4b724be19d0,2017-11-01 02:56:46,79.9,18.8
a917e3eec0c937fc142b4bdb2f93aa16,1,d0f72676f0ed67a7b87d62be93e614af,1caf283236cd69af44cbc09a0a1e7d32,2017-11-07 12:47:20,22.22,9.54
a93735055445ed9a73d81caa09196c28,1,2b4609f8948be18874494203496bc318,cc419e0650a3c5ba77189a1882b7556a,2017-10-17 22:49:24,89.99,16.39
a941ab38d254e0d803027330cbfc9416,1,ac25e2fbad9f60979fc3bfeda708178b,17e34d8224d27a541263c4c64b11a56b,2017-10-11 19:35:10,41.4,11.85
a9601d068b873488daa5f72c7daa1f10,1,41db6d8062fcd38410c699743ccc0265,7d76b645482be4a332374e8223836592,2017-10-31 02:14:12,25.9,25.63
a992be673def807818acee325f1c5860,1,f7b0ee6d481a76a7bed4f0a7d574a6e2,c3cfdc648177fdbbbb35635a37472c53,2017-10-18 17:47:28,199.9,16.16
a9a01a2ee8432d4acf4e023f5259211c,1,dee98cc0394b12aefccbad334b415c10,b1fc4f64df5a0e8b6913ab38803c57a9,2017-11-03 03:07:51,55.0,14.14
a9d0ac57129ce34681afa30e779f3466,1,228f57b1acb5bdce9401c58653c8cc14,7e93a43ef30c4f03f38b393420bc753a,2017-10-18 12:26:09,169.99,16.95
a9d7007718934cce4ff47e8f50234160,1,75423b8b404590d4f2f6cf28cfc80702,431af27f296bc6519d890aa5a05fdb11,2017-10-13 17:50:13,149.9,20.29
a9d9e48bc0905664f33c53779b5edfb6,1,ac4786140c38742724f166a81c594707,4ebdc7e6cd6102a022dadc49156d4ea8,2017-11-06 21:50:30,34.0,8.72
a9de870f0ab5215e33e82eb181f7bc44,1,ad0d30ec12936a73b7b5b21c15d48963,7142540dd4c91e2237acb7e911c4eba2,2017-10-10 16:28:14,59.9,19.66
a9ebd6bcbc1aed90a92d93c774f2cdd2,1,368c6c730842d78016ad823897a372db,1f50f920176fa81dab994f9023523100,2017-11-07 22:50:11,59.9,5.89
a9ebd6bcbc1aed90a92d93c774f2cdd2,2,368c6c730842d78016ad823897a372db,1f50f920176fa81dab994f9023523100,2017-11-07 22:50:11,59.9,5.89
a9ebd6bcbc1aed90a92d93c774f2cdd2,3,368c6c730842d78016ad823897a372db,1f50f920176fa81dab994f9023523100,2017-11-07 22:50:11,59.9,5.89
a9f5f4fb236732250fc0b959e3a4b96e,1,2196663031bcde078cede855ac0b5739,c9c7905cffc4ef9ff9f113554423e671,2017-10-27 16:46:25,65.0,11.95
aa05f92f41748b3327711e6cc9ee9fc5,1,045bb60690dbae4f06160b45556463a1,4e17c65a516f69d023a2ae78b84f28d6,2017-10-29 22:07:23,19.9,17.6
aa05f92f41748b3327711e6cc9ee9fc5,2,045bb60690dbae4f06160b45556463a1,4e17c65a516f69d023a2ae78b84f28d6,2017-10-29 22:07:23,19.9,17.6
aa05f92f41748b3327711e6cc9ee9fc5,3,045bb60690dbae4f06160b45556463a1,4e17c65a516f69d023a2ae78b84f28d6,2017-10-29 22:07:23,19.9,17.6
aa05f92f41748b3327711e6cc9ee9fc5,4,045bb60690dbae4f06160b45556463a1,4e17c65a516f69d023a2ae78b84f28d6,2017-10-29 22:07:23,19.9,17.6
aa06ee45fd9abfa1aceccdf308434387,1,53759a2ecddad2bb87a079a1f1519f73,1f50f920176fa81dab994f9023523100,2017-11-01 13:07:46,59.9,13.44
aa06ee45fd9abfa1aceccdf308434387,2,53759a2ecddad2bb87a079a1f1519f73,1f50f920176fa81dab994f9023523100,2017-11-01 13:07:46,59.9,13.44
aa12e7b2813e3bd684267ce9053298a7,1,fe01b643060a6446e59f58e3021e66b3,2dee2ce60de9709b1a24083217181a1f,2017-10-10 11:24:30,143.0,47.53
aa6f6f661c3e88e007c6cb03ca1e55e3,1,130482add9fd75ccb6c57ba007694a2d,87142160b41353c4e5fca2360caf6f92,2017-10-13 14:07:14,105.0,21.57
aa9ad68979542c3f8ed32282cafdc50b,1,115e606ac8059e4cfa1c6c3310fb365c,1838dd9b8977065acf51d95e0053ea7a,2017-10-18 13:28:29,39.9,9.74
aaab96ab260f2839451f9c2839d59109,1,84d0e98e468edffdfe4f1f5b178d4ecc,c3867b4666c7d76867627c2f7fb22e21,2017-10-11 03:07:15,104.0,17.98
aac512eec9af2f337dab624bf711cad7,1,f2e82987e8acd46815fda8c648580b12,5a8e7d5003a1f221f9e1d6e411de7c23,2017-10-26 14:14:22,59.9,14.17
aac83029cedfde867c3b10c7762d84cd,1,8c591ab0ca519558779df02023177f44,a1043bafd471dff536d0c462352beb48,2017-10-10 00:07:19,99.0,34.05
aaf0b96e0592984d22ebf8aed32b8217,1,2196663031bcde078cede855ac0b5739,c9c7905cffc4ef9ff9f113554423e671,2017-10-30 22:05:56,65.0,14.2
aaff8afa47c8426e414a6d908a97713c,1,368c6c730842d78016ad823897a372db,1f50f920176fa81dab994f9023523100,2017-10-19 11:25:49,59.9,17.67
aaff8afa47c8426e414a6d908a97713c,2,368c6c730842d78016ad823897a372db,1f50f920176fa81dab994f9023523100,2017-10-19 11:25:49,59.9,17.67
aaff8afa47c8426e414a6d908a97713c,3,368c6c730842d78016ad823897a372db,1f50f920176fa81dab994f9023523100,2017-10-19 11:25:49,59.9,17.67
ab09afe5fa58419dc20bca18a0a68fc4,1,0a57f7d2c983bcf8188589a5fea4a8da,4869f7a5dfa277a7dca6462dcf3b52b2,2017-10-26 17:37:11,109.9,12.27
ab0ace3eac748a915e3dec4d62898f76,1,6a1a04054158fe995e1688d8f79605b2,9616352088dcf83a7c06637f4ebf1c80,2017-10-17 06:34:31,59.9,17.99
ab0ace3eac748a915e3dec4d62898f76,2,6a1a04054158fe995e1688d8f79605b2,9616352088dcf83a7c06637f4ebf1c80,2017-10-17 06:34:31,59.9,17.99
ab39f24d0e515ab82f849a72b61597d3,1,2028bf1b01cafb2d2b1901fca4083222,cc419e0650a3c5ba77189a1882b7556a,2017-10-25 18:23:58,56.99,8.72
ab3a6663f21c1a36401300460d3c41cd,1,f3c39c81e52f6b07a486fb78d90dbfef,850f4f8af5ea87287ac68de36e29107f,2017-10-31 17:35:12,539.0,24.17
ab3dffe6fdcd9b7b7896d000abeefc4d,1,1bcb50aa4fa11ec2f767d6eea810d8b7,701938c450705b8ae65fc923b70f35c7,2017-10-12 22:24:45,109.97,34.04
ab4fc7cc026a9ea1a616584f9cfe4b9a,1,bb6b6e173472747c5b94c0b72c4fe56c,fa1c13f2614d7b5c4749cbc52fecda94,2017-10-13 20:45:21,179.9,15.01
ab500cb1d60a0e2ae7ce02ef4e8236d9,1,8473872cbf0ba205b447e8651bd6e03e,14d7985702e72162bbf13b6beb74ab2b,2017-10-24 23:32:39,79.0,15.3
ab53b19e9f59776c6556ebf49e85a52c,1,3d82497d58f46e57e5fdb6cd68a03a2b,8b28d096634035667e8263d57ba3368c,2017-10-10 01:33:52,59.8,15.17
ab588e77cdbcc3d63e479ba2862256a5,1,25f86162fee18735fffdb762dcb10d7c,1a3df491d1c4f1589fc2b934ada68bf2,2017-10-06 17:07:13,159.9,23.99
ab7342290dcd818479042d1def7583fa,1,a4aa7c1427c31344e5f7cc3d839fe562,66922902710d126a0e7d26b0e3805106,2017-10-13 20:28:12,95.0,20.16
ab7668e66b0f2053a4ba0baec415d511,1,11fd9d7ba552e1d28872e008acf1e050,cb8bcce248bb1fb274ba762d8b971456,2017-10-13 02:25:08,139.9,18.55
ab98ab3726335315eb814d5ba24caba8,1,6e0b3bc6a8bcfcca9005f9d220fe4af8,1025f0e2d44d7041d6cf58b6550e0bfa,2017-11-03 21:50:15,76.8,38.09
abbc17763bdada83cf456bf064360a39,1,bb7181410b4e02f93f3697f765db53c7,855668e0971d4dfd7bef1b6a4133b41b,2017-10-20 21:26:18,109.99,27.21
abbfe78fd05873101e792fa04bbad963,1,47b8c79d616369fd222f0bb68ea0293b,b2ac621f0d0322434d04a12b078b9369,2017-10-09 02:20:17,205.0,28.28
abc95e6defdc8798b2f646d23e3ffcf9,1,4cafc445fc7535c3b41b8978c0ce68dc,0bb738e4d789e63e2267697c42d35a2d,2017-10-20 11:49:36,79.9,25.4
abfc66aeb626c9309463b929eacfa7b4,1,7bcf2266b78ccc737b8f26f925d3c5d4,1464afc72f696af775557a821c2e253f,2017-10-19 00:08:07,42.9,15.1
ac046375de5d50de6bb99a9bcdf592d8,1,0a57f7d2c983bcf8188589a5fea4a8da,4869f7a5dfa277a7dca6462dcf3b52b2,2017-10-25 01:06:07,109.9,15.52
ac1ba3d6cc5dbfbe4ebb5db9d2039bcc,1,44a34214a57dc373dcd80f54c919d006,7008613ea464bad5cb9b83456e1e6a8f,2017-11-07 03:55:16,29.5,17.92
ac1f454dcc22f536ef0bd5fc3d25cc61,1,e54464e95c9fb80e4edefa0ba49133c1,8f119a0aee85c0c8fc534629734e94fd,2017-10-10 19:50:16,54.0,15.14
ac243a18eff7270f50fcf5f8f94b19d6,1,91d61438eb9c4168814ac58103174e40,2138ccb85b11a4ec1e37afbd1c8eda1f,2017-10-25 14:56:31,21.99,7.78
ac243a18eff7270f50fcf5f8f94b19d6,2,2ebe00f53430b4eb4086f08409ec7760,ef506c96320abeedfb894c34db06f478,2017-10-25 14:56:31,28.9,7.78
ac28921ef185c0a4f81b4fbbdf4d645e,1,a6621d4ee609f3f917d04c11ca8f0161,7aa4334be125fcdd2ba64b3180029f14,2017-11-06 21:50:20,86.99,29.01
ac4d559cefc486f4ac59c17fc44f236c,1,dca8cbb1c9d8a2db0fbc0c36b8d1a7bc,6560211a19b47992c3666cc44a7e94c0,2017-10-31 14:35:27,89.0,15.37
ac527bd1d7b039324e6abde8f56655f7,1,6480f3f31b23d41c1b8ad051c201b244,128f9bfbe4c7d5185033914b1de3d39a,2017-10-30 13:49:19,171.0,15.7
ac5d693f43004c406ffca277f9d3e63c,1,c3fb02b29695e526cd3988bdd55ba013,7a67c85e85bb2ce8582c35f2203ad736,2017-10-09 20:50:34,20.99,11.73
ac7c3a55c9fcdbdbc31f8dec55b93d5b,1,363218ba55c610b750224f90bdd34be1,00ee68308b45bc5e2660cd833c3f81cc,2017-11-07 18:07:02,88.0,17.87
ac83b3a9b2e0357ab064f35cc0a2a557,1,4927206e432eb9e2cb9f4d182a16c7d5,dee656f0f566ed1aa85bd137c943f08f,2017-10-19 03:28:19,39.99,15.1
acade99edef372cfc2cf2f1fe6cd4d21,1,64315bd8c0c47303179dd2e25b579d00,7aa4334be125fcdd2ba64b3180029f14,2017-10-24 11:06:39,89.8,45.09
acafc5aa4a3874a56fa4deb8f00b9d66,1,a71e9a8a54f4ec1e46202a099345f838,4a3ccda38b2129705f3fb522db62ca31,2017-10-27 06:35:14,18.0,8.11
accf01093c34d22b41b9ac3fc0fa8894,1,6b8ad86f112aca07559fb0a4b03835e4,744dac408745240a2c2528fb1b6028f3,2017-10-20 17:56:29,149.0,16.48
ace21e63d47750bf1c9d30301b61db13,1,f56e93f8bec270456dd5ec3272bd42f3,6fc26fe110feebd80a433e1f012a84f9,2017-10-10 16:45:43,59.0,12.75
ace21e63d47750bf1c9d30301b61db13,2,f56e93f8bec270456dd5ec3272bd42f3,6fc26fe110feebd80a433e1f012a84f9,2017-10-10 16:45:43,59.0,12.75
ace21e63d47750bf1c9d30301b61db13,3,f56e93f8bec270456dd5ec3272bd42f3,6fc26fe110feebd80a433e1f012a84f9,2017-10-10 16:45:43,59.0,12.75
acf3b6db7983342f3be14093471c84f5,1,cce3ce6484896041ae3dafdd4308a39c,7ddcbb64b5bc1ef36ca8c151f6ec77df,2017-10-23 03:45:58,1004.99,21.79
ad15ae08ead6006cdba6fb5f19b055c8,1,44062317bd4d9fe1392633939a1dcd6b,b335c59ab742f751a85db9c411a86739,2017-10-19 10:49:16,37.87,16.11
ad165bf10431f5387bca7987e9be3905,1,500870614ddcf5bd84f7d26861026c8a,ef506c96320abeedfb894c34db06f478,2017-11-13 21:14:20,29.99,25.63
ad20d0dfe5b91c07df72dff0206aacd9,1,07c055536ebf10dfbb6c6db6dbfc36e5,cca3071e3e9bb7d12640c9fbe2301306,2017-11-08 02:27:03,45.9,6.34
ad20d0dfe5b91c07df72dff0206aacd9,2,07c055536ebf10dfbb6c6db6dbfc36e5,cca3071e3e9bb7d12640c9fbe2301306,2017-11-08 02:27:03,45.9,6.34
ad27fd2d88f7a006c5629cab52082a8d,1,17fe399dea1627d099a67438b3d562a7,6560211a19b47992c3666cc44a7e94c0,2017-10-31 13:06:05,49.0,25.63
ad27fd2d88f7a006c5629cab52082a8d,2,2136c70bbe723d338fab53da3c03e6dc,6560211a19b47992c3666cc44a7e94c0,2017-10-31 13:06:05,29.0,2.56
ad443a68e64f21acbda949c91bbe9aff,1,c9c455f9fd8ca66d3ff7f90a249753b4,96804ea39d96eb908e7c3afdb671bb9e,2017-10-15 22:56:21,109.95,18.34
ad47c55e7dc71d935ccff9650ff1beb6,1,7fb04722aba7a2b632bac8f9819796f3,f3b80352b986ab4d1057a4b724be19d0,2017-10-26 20:49:30,79.9,19.8
ad6245e3de2fc9824e89ff26e5274afd,1,2028bf1b01cafb2d2b1901fca4083222,cc419e0650a3c5ba77189a1882b7556a,2017-11-07 22:25:54,56.99,15.15
ad62ce74c314772d34c956d73fb305f3,1,126789406f4159e6f8ceb1910c164fe9,1da3aeb70d7989d1e6d9b0e887f97c23,2017-10-10 02:56:22,59.99,9.34
ad65e95a693ee0523cd2eafe78406feb,1,deecc62b2db3d87ff4d9fe364fead01f,403aa86912527d730337ffcb0fb096ab,2017-11-03 13:50:12,274.99,22.72
ad69edd5c027bb8d8647e5ad00cd2857,1,223d34a3d9334039f5ff9511dc044bbb,53243585a1d6dc2643021fd1853d8905,2017-10-09 12:28:19,246.62,28.58
ad6aec326fc31e34aaa0ff7ab3788c43,1,bea6df30df5a4d9e7edb50d44857dd54,850f4f8af5ea87287ac68de36e29107f,2017-10-18 09:49:10,789.0,18.54
ad7d9326d258f80eb37b239345f12bab,1,11fd9d7ba552e1d28872e008acf1e050,cb8bcce248bb1fb274ba762d8b971456,2017-10-27 00:25:14,139.9,36.3
ad7e012867d486bee881d0a10df0399c,1,1b8ee158f59c098470fad33f39660964,1554a68530182680ad5c8b042c3ab563,2017-10-17 19:27:41,139.9,35.5
ad9c035288b84041ed2c530e8e09db8e,1,b623b7cb05ee3248fbe4a6ecbeed79a4,7aa4334be125fcdd2ba64b3180029f14,2017-10-13 11:49:46,74.8,13.54
ad9d381a3928b29277b01f1a357a7d2d,1,b596e2d70dd2f5fb5ff9ee2a1c803e5b,46dc3b2cc0980fb8ec44634e21d2718e,2017-10-10 20:28:21,279.99,29.32
adaf9c2200eccede886e041415e89df1,1,8d117b157de0b1a41b75de2833fd4f6e,2c3d56f92f360fb89d849b84e8f50eae,2017-10-19 04:14:25,43.5,9.34
adb00f908ea2044d0001f86671d882af,1,a19b6951c75da43aad691622dd2f6abe,1025f0e2d44d7041d6cf58b6550e0bfa,2017-10-27 20:25:48,38.4,13.08
adb00f908ea2044d0001f86671d882af,2,a19b6951c75da43aad691622dd2f6abe,1025f0e2d44d7041d6cf58b6550e0bfa,2017-10-27 20:25:48,38.4,13.08
adb295eaa7acf068902018c99076d0a5,1,943d06ea87dd9b6336a4b846b104acbc,bbad7e518d7af88a0897397ffdca1979,2017-10-10 09:14:13,55.9,8.72
adb3a0386f6e1f65d5fa85ecfc0f64a2,1,0a57f7d2c983bcf8188589a5fea4a8da,4869f7a5dfa277a7dca6462dcf3b52b2,2017-10-25 21:49:22,109.9,15.52
adb6dd7e1e17a776182bc02f1385252d,1,5929e483b6df44414c047cac38873fe6,aaed1309374718fdd995ee4c58c9dfcd,2017-10-31 17:35:19,42.9,17.6
add089947b9ed98e5e257bbd4d13c8d7,1,17823ffd2de8234f0e885a71109613a4,46dc3b2cc0980fb8ec44634e21d2718e,2017-10-13 17:14:14,269.99,15.79
add3e322151e47705826b60fbe20356f,1,0d146484c69d613fe015c0229056b065,d20b021d3efdf267a402c402a48ea64b,2017-11-01 19:26:35,10.9,15.1
add5c675d73c284b0b3f62fb201bd409,1,44a6e4ecf7b48f87481c243383b1c4cf,57e632711dec9ec14ca7546769483e7e,2017-10-09 04:35:17,42.9,16.79
ade0863d75391c3ca83985f0b3c681e9,1,737d944446ee3b1e8c234bc57ecf7ca8,cca3071e3e9bb7d12640c9fbe2301306,2017-10-17 04:27:10,161.5,21.62
ade32d1b22ac2ce84c90f170c4ab1845,1,43423cdffde7fda63d0414ed38c11a73,b1fc4f64df5a0e8b6913ab38803c57a9,2017-11-06 21:10:17,55.0,17.67
ade793f46228acd3a7b6fd69a7311a93,1,fc623b74602f30f00e2e3ce320b8dafa,b2ba3715d723d245138f291a6fe42594,2017-10-10 18:14:24,114.9,16.56
adeecc8758fde854ecaaa035e0ae212e,1,368c6c730842d78016ad823897a372db,1f50f920176fa81dab994f9023523100,2017-11-07 04:06:31,59.9,13.44
adf1d1f9f725c103056bae5f78d77513,1,d5991653e037ccb7af6ed7d94246b249,25c5c91f63607446a97b143d2d535d31,2017-10-23 03:56:32,137.9,23.11
ae0f710037270a10532e4f130983cee3,1,9695ef7fc6824ad30eb18ab61ecf906a,46dc3b2cc0980fb8ec44634e21d2718e,2017-10-18 20:56:16,94.99,38.21
ae1fecb2cfb176ba7c1d0feb3aabcbfe,1,17a019676883dce326999c11a46a14f0,9f505651f4a6abe901a56cdc21508025,2017-10-26 16:14:23,23.99,14.1
ae2b8a343037817d18f1aa252696f08f,1,bcb4f6803e8889a70dc5ed14c2f5f785,897060da8b9a21f655304d50fd935913,2017-10-18 22:56:19,45.65,11.85
ae732f4ea355fcf53ca3064153c276e6,1,d3c044bd42d84a79e3b0c42662806a48,4c2b230173bb36f9b240f2b8ac11786e,2017-10-17 04:35:42,35.9,15.1
ae7b08afee9ee717c25cbd511dc5f548,1,ace5d86cf1ac63cdb76f49e5cd23d2f8,cca3071e3e9bb7d12640c9fbe2301306,2017-10-19 22:28:27,50.9,12.7
ae97d3198a682804e9f5bfacfe13355a,1,596faa581e9b1ca7d28a1c0777a8423b,46dc3b2cc0980fb8ec44634e21d2718e,2017-11-01 20:55:44,99.99,17.98
aeb4e12821bfe97432c32dae7797a35f,1,fe6a9515d655fa7936b8a7c841039f34,dc317f341ab0e22f39acbd9dbf9b4a1f,2017-10-31 23:25:25,249.9,83.61
aec47b9987c836ffee2d7664b0929ec1,1,155815f7173905f1e5cde0b82adfc113,4200ddf1967c5e41e48db62bc6d4b5ac,2017-10-17 19:49:10,16.9,1.68
aec47b9987c836ffee2d7664b0929ec1,2,cebad0ed16ecd450b97d2be843d3da86,4200ddf1967c5e41e48db62bc6d4b5ac,2017-10-17 19:49:10,39.9,14.57
aec47b9987c836ffee2d7664b0929ec1,3,67fc455b96e0908bc5e0d917237b2977,4200ddf1967c5e41e48db62bc6d4b5ac,2017-10-17 19:49:10,16.9,1.75
aec60126960aee6d77661b2358b6cea5,1,100260bf9206d859dc8db128c8c5afc9,4830e40640734fc1c52cd21127c341d4,2017-10-27 09:49:43,25.0,16.79
aefefdda7b7a272ca35c44b82b643104,1,f177b434709ecb652dbee4f4b19aef2f,d98eec89afa3380e14463da2aabaea72,2017-10-09 04:05:06,29.99,31.02
af4ba560f92b0f737ea82d5a3df6ade9,1,65ffac7c6e6c38822b7fa3f801511114,75fbb52eda0cbc24f479d3b2fbfa8d3e,2017-11-03 14:30:20,19.9,17.63
af4c2f98bd7bd3031e4e9f8db1b4e9db,1,564d0015be20622253aee5b6e875bea8,ef506c96320abeedfb894c34db06f478,2017-10-26 03:05:54,29.99,15.1
af4d4887dd4c4a74268ba4a72e49669d,1,fe75529a267b76ac6e96f0c322a899a4,620c87c171fb2a6dd6e8bb4dec959fc6,2017-11-06 19:55:21,89.9,16.39
af4e1751fceaef178caea3c840671a83,1,c4baedd846ed09b85f78a781b522f126,a1043bafd471dff536d0c462352beb48,2017-11-07 23:15:16,89.99,38.47
af5bd9a6ec17e248b6a9ad2c0f528acc,1,2b5fddc2b543ee8d6699fb8687fac6bb,7299e27ed73d2ad986de7f7c77d919fa,2017-10-12 23:42:11,79.99,15.31
af6e44b9d409160a33f41a80537af9b2,1,089447f48055194b36dd135e1a353cff,a1474fd46fd3430168f7ec202da39408,2017-10-10 02:49:34,91.0,47.17
af70302ae0086b18836d45239ace6676,1,e4bb5bd18b0b3b6e9b7107ecf4fd11cc,4a3ca9315b744ce9f8e9374361493884,2017-10-11 19:35:11,154.8,18.33
af71e9e2ee3f91d619aacab51fe2e75b,1,1f30aacc69904c0d0bf8d05cb2abef72,4a3ca9315b744ce9f8e9374361493884,2017-11-08 03:30:35,135.0,21.44
af76a45a10524549102e010f2bd9d3cd,1,59eec1e2c2e1a415ad74e82178f251fb,784ba75dd9d20200c4caed3d7a77141a,2017-11-01 02:28:34,27.99,15.1
af76a45a10524549102e010f2bd9d3cd,2,59eec1e2c2e1a415ad74e82178f251fb,784ba75dd9d20200c4caed3d7a77141a,2017-11-01 02:28:34,27.99,15.1
af76a45a10524549102e010f2bd9d3cd,3,59eec1e2c2e1a415ad74e82178f251fb,784ba75dd9d20200c4caed3d7a77141a,2017-11-01 02:28:34,27.99,15.1
afb23e950af5ba7626b9fcc4e1c63147,1,0b2c18d8e73e17348a011241525cb089,6560211a19b47992c3666cc44a7e94c0,2017-10-25 19:25:59,199.0,15.14
afb829d86325360c29829a3fb2c15a8e,1,b658e76d7f0fddb37f87ac02a5fa2554,da8622b14eb17ae2831f4ac5b9dab84a,2017-10-18 04:28:27,119.9,20.08
afc5e76e5cc169a08cec884d98173efb,1,386486367c1f9d4f587a8864ccb6902b,cca3071e3e9bb7d12640c9fbe2301306,2017-10-05 21:06:59,113.57,18.04
afc5e76e5cc169a08cec884d98173efb,2,386486367c1f9d4f587a8864ccb6902b,cca3071e3e9bb7d12640c9fbe2301306,2017-10-05 21:06:59,113.57,18.04
afc5e76e5cc169a08cec884d98173efb,3,386486367c1f9d4f587a8864ccb6902b,cca3071e3e9bb7d12640c9fbe2301306,2017-10-05 21:06:59,113.57,18.04
afcfdb7d1228a7f2886408f63eaa2647,1,1c5b28beb34835f960261f45ba22a136,0c7533c71df861ec58ad7ff999ed0e8d,2017-10-26 13:56:17,69.9,8.72
afd09879ff7489d300d0ebeab6348e35,1,154e7e31ebfa092203795c972e5804a6,cc419e0650a3c5ba77189a1882b7556a,2017-11-01 13:14:23,23.99,14.1
afd1cd812c3632816691d00b10ac9048,1,29427de7f8a9ee983d9dbc51cec569b4,7a67c85e85bb2ce8582c35f2203ad736,2017-10-17 22:14:36,99.99,19.94
afd5ca74e46f54e04d9104595814ccb1,1,d6160fb7873f184099d9bc95e30376af,53243585a1d6dc2643021fd1853d8905,2017-10-09 14:07:33,1599.99,53.61
afe661fe4e225fc1ffcaf01fb11a52c3,1,ff7fccf8513f360157f0660fe51d1d88,440dd6ab244315c632130ecfb63827b1,2017-10-05 18:49:55,159.9,14.14
afef0360db6e6f6eb46b9600cd8c5450,1,baff65b3343271414a092f28893eeb70,cca3071e3e9bb7d12640c9fbe2301306,2017-11-06 11:32:07,52.64,11.87
affd57fb0daa6ba18e47cb9f31c2bc65,1,7fb04722aba7a2b632bac8f9819796f3,f3b80352b986ab4d1057a4b724be19d0,2017-10-30 06:34:50,79.9,18.8
b002f1139d86ddfc3579ad4d0fe8556a,1,11fd9d7ba552e1d28872e008acf1e050,cb8bcce248bb1fb274ba762d8b971456,2017-10-23 13:06:26,139.9,16.74
b01d2b10f2ee7aa7aad90c41c372e2b2,1,8aa6223e400af9c97b07c75993142721,1f9ab4708f3056ede07124aad39a2554,2017-10-27 12:14:11,174.9,20.1
b0238d84c31a9da40adc77dac0a117e8,1,4d9e8a6d8d07e4f47e093b8c2999ae01,e9d99831abad74458942f21e16f33f92,2017-11-03 16:31:43,38.99,8.72
b030a71673f17a9eebed29d9a7dfa2d8,1,083ffd30820b592e294de7ed668ff975,f8db351d8c4c4c22c6835c19a46f01b0,2017-10-18 20:49:12,45.9,8.11
b038348f0efe343b8b4d649f0e66885e,1,4413a608a42bd21bbf9d5abbd58c249a,7ddcbb64b5bc1ef36ca8c151f6ec77df,2017-10-26 03:06:18,146.99,16.66
b03b6e2a421f511cd9f94627ba9910ed,1,b9754f9e21b6e6960b37594d4387fb1c,681fce914360217db47784ae28905a96,2017-10-26 11:26:44,385.0,21.23
b03db53a37db1313505cb24d4fe05052,1,9111d9c5a15a527389c6ba216623b7b4,e9d99831abad74458942f21e16f33f92,2017-10-23 04:09:30,9.99,15.1
b043c164d2bb303491fd84e4b86e4189,1,f1fe595ee7ef768b41bd9b246d13432d,81a1104df0f08b59c68aa5b03cfe398e,2017-10-20 19:35:12,99.9,21.1
b06bc7a576465f0015213ab5ab899ef8,1,a9008450835cd38eabdf07eb6dd04bdd,f4a04f7be452aa3bb31760bf00055dd0,2017-11-21 23:15:23,104.9,15.49
b073e0d7ee46b9e5b927e06130aeba6f,1,0c64fefac4191aa99cb7007bb10c6c77,c864036feaab8c1659f65ea4faebe1da,2017-10-25 22:49:19,199.9,27.72
b07914d5df46f9add3a5c708315da507,1,9f65cd1fc2c7cf6ad8bc3d8c038abe44,7178f9f4dd81dcef02f62acdf8151e01,2017-11-08 17:35:12,89.9,12.88
b085981e816dad29812a8972f65d3fc9,1,65cee62426275381ec64d04922ee8a22,26d8a1c7c75d513045798992ead43aa2,2017-10-24 23:49:22,79.99,18.13
b096b46ef5b2eababa4ceafb529f4881,1,f157fd58a4c0909428c6a06675bdde11,53e4c6e0f4312d4d2107a8c9cddf45cd,2017-10-31 16:50:02,43.0,17.6
b0b2c1eac18964a383e18b20e718e806,1,30ccf4724f5227265f837e9ba0246278,dbc22125167c298ef99da25668e1011f,2017-10-17 05:14:24,85.4,19.84
b0c24ba8fd93348465e99a9cfa27db35,1,4520766ec412348b8d4caa5e8a18c464,16090f2ca825584b5a147ab24aa30c86,2017-10-24 17:49:50,40.0,8.27
b0c4e1ead56e62a30575f0d2af9a2f95,1,f819f0c84a64f02d3a5606ca95edd272,4869f7a5dfa277a7dca6462dcf3b52b2,2017-10-15 22:56:20,679.9,42.31
b0c6b466f1a099c343926b4a538a887e,1,50360414e16500c6fa1c11e2be97dd0c,5882f40daf39bc2a465e0cb453ddc222,2017-10-19 18:49:12,640.0,58.9
b0e1d9af1bfc3a4d96489c81cf10fe69,1,63dee6756e0e8bbf04e52803409d4673,dd7ddc04e1b6c2c614352b383efe2d36,2017-10-17 21:24:52,120.0,15.6
b0f1788449620cd7f71d55b336967c24,1,06f0e85c7892d5df893f332706340af1,3d871de0142ce09b7081e2b9d1733cb1,2017-10-31 02:14:24,179.0,57.92
b0f4af5c1b06e24fef510703bfe9f0a6,1,595fac2a385ac33a80bd5114aec74eb8,058fd0aa2bfdb2274e05e1ae971dabb6,2017-11-03 15:30:22,142.5,21.8
b112f026e8295ce7ec84e17bb8ab3988,1,6a1a04054158fe995e1688d8f79605b2,9616352088dcf83a7c06637f4ebf1c80,2017-10-30 13:14:24,59.9,17.99
b123e22f74cd37a180bf61fe406c7ea4,1,fe01b643060a6446e59f58e3021e66b3,2dee2ce60de9709b1a24083217181a1f,2017-10-15 22:28:13,143.0,38.55
b124bd56472af8594cc676a304b3ed74,1,a237de12bdf0bfe4fe220bae65a89731,6c7d50c24b3ccd2fd83b44d8bb34e073,2017-10-30 22:28:30,37.5,13.37
b135bf23f8815a4a1a3d92cbee94b3f8,1,22c5ddc22ea8cae84fc9917def682dc6,cc419e0650a3c5ba77189a1882b7556a,2017-11-10 18:55:17,56.99,8.72
b13efaac3f8cb7730ba737059abc614b,1,b48d3e49914549b781c0b59f819b398e,d4a5e99e0dd915df64ba55a7fbd583fd,2017-11-01 11:35:20,7.45,14.1
b13efaac3f8cb7730ba737059abc614b,2,b48d3e49914549b781c0b59f819b398e,d4a5e99e0dd915df64ba55a7fbd583fd,2017-11-01 11:35:20,7.45,14.1
b13efaac3f8cb7730ba737059abc614b,3,b48d3e49914549b781c0b59f819b398e,d4a5e99e0dd915df64ba55a7fbd583fd,2017-11-01 11:35:20,7.45,14.1
b13efaac3f8cb7730ba737059abc614b,4,b48d3e49914549b781c0b59f819b398e,d4a5e99e0dd915df64ba55a7fbd583fd,2017-11-01 11:35:20,7.45,14.1
b13efaac3f8cb7730ba737059abc614b,5,b48d3e49914549b781c0b59f819b398e,d4a5e99e0dd915df64ba55a7fbd583fd,2017-11-01 11:35:20,7.45,14.1
b1567912ffcf619427d2b2104ea02e1c,1,07f381c65e8e66460c07781b9b1b8834,7c67e1448b00f6e969d365cea6b010ab,2017-10-25 17:14:17,196.99,33.61
b183c7bc4664d0f263a7baf78c494ab5,1,e8c6039a25765995ac7c1ec2cbef5765,3d871de0142ce09b7081e2b9d1733cb1,2017-10-27 19:56:08,19.9,20.84
b19b0d1dcf07ad7d58c75f45e9744ba5,1,57141561615b91d5fd2a630d16499212,0be8ff43f22e456b4e0371b2245e4d01,2017-10-10 11:28:19,119.9,9.65
b1a4848ea79dd95fd703aa8eebcfdf28,1,84a87daa85c8b432d90bc1baa0cb4388,aafe36600ce604f205b86b5084d3d767,2017-10-19 15:14:22,59.9,16.99
b1abc0fe22da191344832b1b462d08c9,1,76c94f57e12befc7be10fd22e96ab0c6,432c37c9dfba871172ec162e20118b8c,2017-10-31 00:56:38,33.0,17.63
b1b5b604a5e207c764779ffb50527018,1,a9008450835cd38eabdf07eb6dd04bdd,f4a04f7be452aa3bb31760bf00055dd0,2017-11-22 02:15:40,104.9,13.07
b1b74907a120888550f895aca299e24b,1,47a3fbd41bb53db64dacc4562ba3aa52,cce6ab8d1682639fe45ab70234f1665f,2017-10-27 12:07:04,40.0,16.6
b1bbf1459cd5cbb3c23aad7656250ced,1,2b6d377fa9397de28c3d3e1684bb2c4d,712e6ed8aa4aa1fa65dab41fed5737e4,2017-10-13 09:28:19,659.0,210.09
b1c3ca267130eac320fb60d3340f528a,1,fe01b643060a6446e59f58e3021e66b3,2dee2ce60de9709b1a24083217181a1f,2017-10-11 02:49:38,143.0,38.55
b1e14a73d87c4c632e2bc8a622696f6d,1,14bcfd08402831f2e770b142a1203d9e,abe42c5d03695b4257b5c6cbf4e6784e,2017-10-23 13:14:31,369.0,10.0
b207236ad11942c69cec11bb58240dd1,1,38c56c5c5b16958d95bf8254498ad555,fa1c13f2614d7b5c4749cbc52fecda94,2017-10-17 18:56:22,799.0,20.35
b21b913f441070fd0013003e71bfb5df,1,a096400f2b6fbe9c868f7dd5f1333e5a,cbd996ad3c1b7dc71fd0e5f5df9087e2,2017-11-09 21:55:09,43.2,11.85
b21f839962bbc030f2dbab44e96b92bb,1,2028bf1b01cafb2d2b1901fca4083222,cc419e0650a3c5ba77189a1882b7556a,2017-10-23 18:36:07,56.99,8.72
b226005928c0bae277c2b54cc624ad93,1,7d88ffedac5a08939ab9b5fbbc6b61ba,503c1de08ae81a2d86f17951b204db55,2017-10-05 15:06:07,223.99,14.59
b2270b13a48230d3898b0e5a2abcac01,1,83b00325c13c44245b2c3a2befa62a0e,ad781527c93d00d89a11eecd9dcad7c1,2017-10-20 11:28:13,159.99,57.79
b22fe8539dd76cacfc5337279db388b9,1,fe01b643060a6446e59f58e3021e66b3,2dee2ce60de9709b1a24083217181a1f,2017-10-06 18:33:22,143.0,29.4
b24bbb2f31c1619c038e0c393e05ccde,1,db8416b29581dc9ccea5e43e59fda317,afe0067131b73e40875c9b6c10bd2e21,2017-10-26 21:21:12,104.9,21.22
b250f7cdd416f74eabbcd4036c479be4,1,29427de7f8a9ee983d9dbc51cec569b4,7a67c85e85bb2ce8582c35f2203ad736,2017-10-19 11:56:20,99.99,11.9
b2568132625046ee9b5384ad5bd26977,1,624dfd4e171c102a6b6f50a83e522019,83b08de96980757220871b31bf6cffca,2017-10-19 17:15:17,99.89,9.71
b262d7f5db1e8a9c23bfb44558c7e4ba,1,e57eb018e37376580079825eb29a3419,b1fc4f64df5a0e8b6913ab38803c57a9,2017-10-23 16:14:44,80.0,14.31
b27251efdb174e33b4c62af317cdc06f,1,9d0487f0ac5a5c3a772771c0df6f4135,0be8ff43f22e456b4e0371b2245e4d01,2017-10-31 02:26:12,14.9,10.77
b27251efdb174e33b4c62af317cdc06f,2,8029d86aeeffd256b2b82cbe2986f386,0be8ff43f22e456b4e0371b2245e4d01,2017-10-31 02:26:12,54.9,10.76
b27251efdb174e33b4c62af317cdc06f,3,f5f5b024b9de6f4bef611bc8b1e370ec,883dd81e82754ac2c65e9790a7db8c9a,2017-10-31 02:26:12,59.9,10.76
b28cf8bc138dae69d0c5ae801401a0a8,1,0f5d0170c03b333aa1a44fa11e040e75,d2374cbcbb3ca4ab1086534108cc3ab7,2017-11-06 13:30:47,69.9,12.83
b2908d9328eb32bdb9b7ac1e197c05fe,1,06edb72f1e0c64b14c5b79353f7abea3,391fc6631aebcf3004804e51b40bcf1e,2017-11-08 12:28:41,45.95,15.1
b2950faf96b43ca9d27b0569b5251d6d,1,9c7c72948a0e56fdaa07985b71dffe18,59b22a78efb79a4797979612b885db36,2017-10-26 02:46:07,26.9,15.1
b29b6b47b5ee24d369956ae7e38d495b,1,47fe9ce1e411796d7fd0fe712100ecd8,080199a181c46c657dc5aa235411be3b,2017-11-01 14:49:37,179.49,15.01
b2b9d8d0e06e619181a4436475ca7943,1,00de7f393d962717eeeb2d7131a40dba,6f892e20a171e98efe17fdb971ff319b,2017-10-27 02:56:33,97.9,21.49
b2b9d8d0e06e619181a4436475ca7943,2,00de7f393d962717eeeb2d7131a40dba,6f892e20a171e98efe17fdb971ff319b,2017-10-27 02:56:33,97.9,21.49
b2bb8748a32f28c50d00be2461dd3e8d,1,2196663031bcde078cede855ac0b5739,c9c7905cffc4ef9ff9f113554423e671,2017-11-01 00:56:25,65.0,15.2
b2d88e5f45a8f1f5215146eeb66d49c7,1,461f43be3bdf8844e65b62d9ac2c7a5a,4869f7a5dfa277a7dca6462dcf3b52b2,2017-11-01 07:14:14,146.0,12.52
b2ec9793219a396874af11e39d08f183,1,647c7af1da03e555f64c9c97d58d88bb,1835b56ce799e6a4dc4eddc053f04066,2017-10-26 21:49:24,23.99,25.63
b2ec9793219a396874af11e39d08f183,2,b72999ed0f16aa488170a68272834792,1835b56ce799e6a4dc4eddc053f04066,2017-10-26 21:49:24,23.99,25.63
b2f633218c7a89e314ade77e1486c7b9,1,eed5cbd74fac3bd79b7c7ec95fa7507d,5d378b73ab7dd6f0418d743e5dcb0bd1,2017-10-31 19:14:17,1989.0,38.23
b2fc720676930e0f9f3c1e472e8cddad,1,6d6a3d7c546173af704995f09e1edc58,5058e8c1e82653974541e83690655b4a,2017-10-26 12:06:54,24.99,19.84
b30af538bad5d47134c88fefbad8e35b,1,7fb04722aba7a2b632bac8f9819796f3,f3b80352b986ab4d1057a4b724be19d0,2017-10-23 14:56:15,79.9,19.8
b30bd6eee81df744ad27bdb53eeb9035,1,e4bc98f06b9893b763bb17a152219b87,2d50d6282f8aa2257819a77bfaa0efe0,2017-10-18 03:30:52,79.99,13.58
b32fad437a7904a2ddcafb3f0d23fed3,1,ed5666106b8fb47b57c4b2c5f67a755b,2addf05f476d0637864454e93ba673d5,2017-11-03 10:29:49,209.0,17.9
b33d48ffe8609b55c9b3112c42b8b9cd,1,a4b4c6dda9b745b87b23da10dd2af1b7,e067ad2c1c0b48758eb1b5228bcf7a68,2017-11-03 03:10:22,25.9,8.27
b33e18d1fcf749a71353cb930defb526,1,f731f8587d4088c174397e010cf892a9,cc419e0650a3c5ba77189a1882b7556a,2017-10-10 16:56:14,56.99,8.72
b34e44cdbd34bb4655d2cfe52d3f31e7,1,0a69d717eddde56680a2f9af307f2b05,f27e33c6d29b5138fa9967bcd445b6d5,2017-10-25 10:14:10,139.9,14.73
b36055b266e36286316fa70c35de581a,1,ec2f95440d5e5376e3a25c8106f5ba76,b2ba3715d723d245138f291a6fe42594,2017-11-03 03:06:51,199.9,15.15
b37f17f36339b384dc1fbee1d7c09558,1,2b0ee2d07306f7c9ac55a43166e9bb4b,1900267e848ceeba8fa32d80c1a5f5a8,2017-11-07 21:55:15,59.99,16.18
b37fc42b9b16ca9e092edcf0c06bd1f5,1,183b0c895605218dbd34cdcfcfa8af28,4917cee8d902e13428c3ec4b1ca6f315,2017-11-07 18:35:15,145.0,35.53
b38a18864273f006f829e388b0be1458,1,2b9496ed8ff2f7b2003258b94a58772b,7a67c85e85bb2ce8582c35f2203ad736,2017-10-12 21:44:12,119.99,21.24
b38d2e3c75d7bf6d8579c98cca3e7285,1,d322eb25f02924adba73e58dbc36b29c,4869f7a5dfa277a7dca6462dcf3b52b2,2017-10-26 16:49:24,239.0,16.42
b3b5d713fc857811f634897062f23bea,1,dd60cac04e6bcbc919cb1c7dcc473211,febab0275244b9a49a623f0bd613ca2f,2017-10-16 15:07:25,29.9,15.11
b3e51e0ed55ecfc735545f286635be5a,1,2615fceb03b49ac6e17fa5b8f2e11b63,25cf099de44674fde97473224f9d59ab,2017-10-20 12:26:46,50.0,14.1
b3f053abcd9dceb75b5e7bf7e0ac557c,1,678d94b37302bea8e20690b80838f239,7142540dd4c91e2237acb7e911c4eba2,2017-11-01 03:08:50,74.9,18.09
b3f61a24a3f72625e4c6365e5f9e29a3,1,46b173c179c7e6904a5728959bee5b3a,7299e27ed73d2ad986de7f7c77d919fa,2017-10-18 16:35:13,170.0,16.95
b402f7c02c6a8e6677896d211a72a5d4,1,5f504b3a1c75b73d6151be81eb05bdc9,834f3294fba9f932f56edc879193f925,2017-10-19 11:27:57,610.0,37.54
b40a02b5c20286506b2fecd71ace2f5a,1,6e70e2f56d6f07cde6377a05d1679f79,8444e55c1f13cd5c179851e5ca5ebd00,2017-11-10 21:25:06,79.9,13.58
b43df491e0d3baf726d66ac133ddc15e,1,53759a2ecddad2bb87a079a1f1519f73,1f50f920176fa81dab994f9023523100,2017-10-17 05:08:08,59.9,17.67
b44f8d3569ffd7ae6a83002aaf061b98,1,d41fdddc347b82c2904b477df7fcea9e,f593898ec748b7a8cb81fc04edafd98a,2017-11-08 21:56:21,156.99,69.98
b45d11b61c2a68756bbbd7665d67e812,1,2b4609f8948be18874494203496bc318,cc419e0650a3c5ba77189a1882b7556a,2017-10-23 16:56:25,89.99,16.39
b4617485242633fa27f00e4f1a051e0a,1,f7e5d0186f539b61586d7ddd247d2996,8a32e327fe2c1b3511609d81aaf9f042,2017-10-23 17:34:28,12.99,15.11
b4617485242633fa27f00e4f1a051e0a,2,f7e5d0186f539b61586d7ddd247d2996,8a32e327fe2c1b3511609d81aaf9f042,2017-10-23 17:34:28,12.99,15.11
b4617485242633fa27f00e4f1a051e0a,3,f7e5d0186f539b61586d7ddd247d2996,8a32e327fe2c1b3511609d81aaf9f042,2017-10-23 17:34:28,12.99,15.11
b47199dcd5708031fdb48f2e28c4c28e,1,c9fbc1aa8e59ad7525f82fd8a5cb2337,a81466620e46a6970b22ef40379fdfc9,2017-10-19 16:20:57,160.9,14.28
b477500d4ae1723dcb01f4eac28a36ad,1,6490b9f63b0b595e1c1402b46b0f50ad,99eaacc9e6046db1c82b163c5f84869f,2017-10-24 11:35:18,280.0,13.46
b47b5e44e9e8ee3b208ddedeecb130f6,1,5594eb45b3ced02488aaf71edfb32d92,2528513dd95219a6013d4d05176e391a,2017-10-09 01:07:16,179.0,12.46
b47f9f663e41971f0d31b1caa6468c40,1,d7205c0ebebe2744d7c2e44b6d69cc95,822166ed1e47908f7cfb49946d03c726,2017-10-23 04:25:11,8.99,16.11
b47f9f663e41971f0d31b1caa6468c40,2,d7205c0ebebe2744d7c2e44b6d69cc95,822166ed1e47908f7cfb49946d03c726,2017-10-23 04:25:11,8.99,16.11
b47f9f663e41971f0d31b1caa6468c40,3,d7205c0ebebe2744d7c2e44b6d69cc95,822166ed1e47908f7cfb49946d03c726,2017-10-23 04:25:11,8.99,16.11
b47f9f663e41971f0d31b1caa6468c40,4,d7205c0ebebe2744d7c2e44b6d69cc95,822166ed1e47908f7cfb49946d03c726,2017-10-23 04:25:11,8.99,16.11
b47f9f663e41971f0d31b1caa6468c40,5,d7205c0ebebe2744d7c2e44b6d69cc95,822166ed1e47908f7cfb49946d03c726,2017-10-23 04:25:11,8.99,16.11
b47f9f663e41971f0d31b1caa6468c40,6,d7205c0ebebe2744d7c2e44b6d69cc95,822166ed1e47908f7cfb49946d03c726,2017-10-23 04:25:11,8.99,16.11
b488cfda1bfd6a90c85b2d21c47231c3,1,0a80523b7c5fcae062ee678d12df2a80,7722b1df1b0e383e000397b2c11e3e19,2017-10-27 12:21:15,24.9,8.72
b49d5f43da21654579db97f4ffc29e5b,1,7814c273ab16783d73a9863ebfa8b141,1025f0e2d44d7041d6cf58b6550e0bfa,2017-10-31 04:35:17,250.0,30.0
b4a1c1abe13b0e2adafb21da024cef98,1,150c699262a053229e89213dc9c358d2,cd68562d3f44870c08922d380acae552,2017-10-08 21:28:27,116.0,12.31
b4aba2416f85cebf2771f08bf6b50998,1,31639956e7fac87ecfd9d608040638bd,aac29b1b99776be73c3049939652091d,2017-10-30 19:49:21,70.9,26.82
b4aba2416f85cebf2771f08bf6b50998,2,31639956e7fac87ecfd9d608040638bd,aac29b1b99776be73c3049939652091d,2017-10-30 19:49:21,70.9,26.82
b4b1a36c4c7b2eefca47b21df8d5d535,1,21a2d8537730ec21c03750360cc15f68,6fd52c528dcb38be2eea044946b811f8,2017-10-31 23:49:14,39.0,8.72
b4b2761acac7e037ebf2c49040d18ce2,1,01a5038835acf17f141c7247956b72d6,da8622b14eb17ae2831f4ac5b9dab84a,2017-10-18 08:36:50,99.9,17.95
b4b9e15f3787253b781c561f2d8f7eb7,1,407729653f67fdfa6e588c6b0853edd7,ef506c96320abeedfb894c34db06f478,2017-10-17 22:07:13,25.99,15.1
b4c11d342cf73a7e8bddf87f046751c4,1,d95338f5403a401b525db6de4c2dbd0c,218d46b86c1881d022bce9c68a7d4b15,2017-10-10 03:03:53,66.0,17.17
b4d1dd77cf2c5fe4f153c568189a1e39,1,f4cd1164757f2f82e7f949e9ba129664,520b493b57809f446cb0a233bb3e25c7,2017-10-19 00:07:21,30.0,12.69
b4d23e6126fce26562cf8bb6b5ae876f,1,bdb4be6ce2f7f2b5be0a16088028c7fc,955fee9216a65b617aa5c0531780ce60,2017-10-27 01:26:30,85.0,21.08
b4e3586b63caa012721a22d0fc3fa3fe,1,ed22e5834e262559c99d7b0975e1032e,520b493b57809f446cb0a233bb3e25c7,2017-10-10 10:25:46,29.0,9.94
b4ede4780b5949c4abac521f465b05d8,1,42a2c92a0979a949ca4ea89ec5c7b934,813348c996469b40f2e028d5429d3495,2017-11-03 10:15:16,58.9,23.79
b5129d89b2b35c7c038c6e7eb0ae3e0c,1,3d649f0e12c7b5f9ec7e00f538cc13f3,06bb3a2fe5e7b7a845b13e8fb91bd944,2017-10-23 04:08:38,64.5,14.2
b5164c0cb0beb5a1936bc30fe510c0f0,1,362b773250263786dd58670d2df42c3b,4c2b230173bb36f9b240f2b8ac11786e,2017-10-18 04:26:36,49.9,14.1
b52185e6e0ed90dfd581faba787dca8e,1,b0961721fd839e9982420e807758a2a6,1f50f920176fa81dab994f9023523100,2017-11-07 21:15:17,59.9,35.93
b525cb89f39363a599eef15755cf73dd,1,f71645f75bd8cf99682825bf079b8a6e,ebd2d60905fb58271facef5596b620d3,2017-10-24 03:27:05,59.9,17.67
b534f5b64db31c82a5aadfbaa0855e5b,1,e5ae72c62ebfa708624f5029d609b160,9c0e69c7bf2619675bbadf47b43f655a,2017-11-06 11:35:34,61.9,9.94
b540418030015e66bde5d08c3f898369,1,f6e3aeb40c00aec24ade8333c2ac1b20,7299e27ed73d2ad986de7f7c77d919fa,2017-11-06 14:10:32,40.0,15.1
b54c7973502fa2cdd1b75c993dd98029,1,22c5ddc22ea8cae84fc9917def682dc6,cc419e0650a3c5ba77189a1882b7556a,2017-10-19 14:49:38,56.99,14.15
b54c7973502fa2cdd1b75c993dd98029,2,22c5ddc22ea8cae84fc9917def682dc6,cc419e0650a3c5ba77189a1882b7556a,2017-10-19 14:49:38,56.99,14.15
b55e920797f2e64157c2e9cc453e9407,1,d4b65aedaa1a847abd993dced5ed2e30,5a93f3ab0ef4c84ed5e1b5dbf23978bc,2017-10-27 00:07:20,38.97,15.1
b563e4c9abf7b930b4bad28a98c22670,1,211293b50935ced8d4370f552c482d74,e9779976487b77c6d4ac45f75ec7afe9,2017-10-24 19:35:34,33.0,15.1
b563e4c9abf7b930b4bad28a98c22670,2,211293b50935ced8d4370f552c482d74,e9779976487b77c6d4ac45f75ec7afe9,2017-10-24 19:35:34,33.0,15.1
b56797ea631520e4e802653f5b16f58f,1,9fc98e39f04be8e382d8aa5e259f5489,d2374cbcbb3ca4ab1086534108cc3ab7,2017-10-30 10:35:18,44.9,12.69
b575b2a70c40af121dafa8731ada46c5,1,6cdd53843498f92890544667809f1595,ccc4bbb5f32a6ab2b7066a4130f114e3,2017-10-16 21:24:59,349.9,24.77
b5781a5976dad5a78067d528713ef47e,1,b83ba81552d0748b45288e7e57c62888,edb1ef5e36e0c8cd84eb3c9b003e486d,2017-10-26 15:49:35,599.65,20.64
b599b60a3fa09e7a4003eb264aa99a07,1,bb4f8cfc76a66cb770208b2c1d2c6269,751bdc4d83a466c7206cd42e8f426b03,2017-10-13 09:25:00,129.99,12.11
b59ded0e2e4eb91f0a599b177a267f30,1,05696da7eee323669666f62228d00f78,cca3071e3e9bb7d12640c9fbe2301306,2017-10-20 13:07:34,241.89,32.72
b5a7d68509ebd7effa2445cff7eca791,1,d2e131d6f19ae0d665fc1a6c420b4f4c,7e93a43ef30c4f03f38b393420bc753a,2017-10-23 10:56:12,699.99,13.71
b5ba129c3461e787bf826b827b5a03ab,1,5fc604f5f76a23b94565f06a830fa835,cee48807215b30a12ca2ca10ffb5f250,2017-10-26 13:14:51,111.9,15.53
b5c568b689a9f0c35c9e008874943ba2,1,52d7a7207b9646509bdc754fed3a0cef,cca3071e3e9bb7d12640c9fbe2301306,2017-11-03 08:28:46,52.64,15.12
b5cd1b1b8ce555852f65f416ac9fb4d8,1,3d4784f9a07ca5de370c86800589c860,c826c40d7b19f62a09e2d7c5e7295ee2,2017-10-13 12:56:32,142.9,14.75
b5d3fcdf8ca84d9d3cc1fa3dd244320b,1,fe01b643060a6446e59f58e3021e66b3,2dee2ce60de9709b1a24083217181a1f,2017-10-09 23:14:13,143.0,38.55
b5d4eb6b98c48a1d20e7a7663881bdd0,1,6bd248f93425ceeb625a8a97e2404112,dbc22125167c298ef99da25668e1011f,2017-10-12 22:07:19,59.9,14.15
b5defa632178b4e058b80da1efb6dda5,1,7094fadc9773845c7d453e51b04289a8,d2374cbcbb3ca4ab1086534108cc3ab7,2017-11-08 13:06:17,81.5,13.59
b5defa632178b4e058b80da1efb6dda5,2,7094fadc9773845c7d453e51b04289a8,d2374cbcbb3ca4ab1086534108cc3ab7,2017-11-08 13:06:17,81.5,13.59
b5fee65bd894e490f09a8b389cce552e,1,322083bacc83416f56c4110e0216c2e1,1025f0e2d44d7041d6cf58b6550e0bfa,2017-10-25 00:14:27,38.4,15.1
b5fee65bd894e490f09a8b389cce552e,2,322083bacc83416f56c4110e0216c2e1,1025f0e2d44d7041d6cf58b6550e0bfa,2017-10-25 00:14:27,38.4,15.1
b5fee65bd894e490f09a8b389cce552e,3,322083bacc83416f56c4110e0216c2e1,1025f0e2d44d7041d6cf58b6550e0bfa,2017-10-25 00:14:27,38.4,15.1
b609be3f65463a74e28cebbbe7eb1203,1,461f43be3bdf8844e65b62d9ac2c7a5a,4869f7a5dfa277a7dca6462dcf3b52b2,2017-11-07 20:46:13,146.0,15.77
b614e97e742badfa8faff319efd171eb,1,ec2d43cc59763ec91694573b31f1c29a,1c129092bf23f28a5930387c980c0dfc,2017-10-06 20:35:35,45.9,16.11
b624512c534133dd5a23c9a1acb8e2b0,1,2632e16b0014b5afd885ac27e0042358,17e34d8224d27a541263c4c64b11a56b,2017-10-16 21:49:42,103.49,13.74
b62490833ad4da4f0f696c9358737651,1,2196663031bcde078cede855ac0b5739,c9c7905cffc4ef9ff9f113554423e671,2017-11-07 04:30:15,65.0,25.73
b62880756e815882264069601458b5b1,1,d39421ec4cc2bf52e35f8bf00f1ec314,cc419e0650a3c5ba77189a1882b7556a,2017-10-13 03:07:12,49.99,50.22
b62fe464ca4c4f53cf71198504f3bb05,1,389d119b48cf3043d311335e499d9c6b,1f50f920176fa81dab994f9023523100,2017-11-06 09:10:25,59.9,19.66
b63934429b72730e2046b81d20feb876,1,794c86fac605d182da0e2e7965c047f6,6e864f5c4669eff3d98140a07cc50202,2017-10-19 14:30:25,17.91,14.1
b64392414f07fbd78e933c2681f23c24,1,e672fbe634ad07cce9d85f412becb2c0,7a67c85e85bb2ce8582c35f2203ad736,2017-10-17 10:14:21,129.99,12.11
b646f4623174f3e9187b98335f3ff218,1,0dc7ffb1ae1ce3ad090cd7c467d09230,ebd2d60905fb58271facef5596b620d3,2017-10-18 21:56:25,219.0,23.16
b6502edb6fe39f81f15fd2e42c725ed6,1,fcf41b0fb1a95c8f66330d698d55a532,850f4f8af5ea87287ac68de36e29107f,2017-10-17 05:14:13,79.0,14.3
b662bdadd70714c6b51d0d66049c6afb,1,165f86fe8b799a708a20ee4ba125c289,7ddcbb64b5bc1ef36ca8c151f6ec77df,2017-10-30 03:49:41,146.99,13.58
b6713a6dc00fb0473d12bd8b08a88cd0,1,fad6e383a24adeb5feea3cffb9d89661,ab27bbbad5239bc31a34709275a70db4,2017-11-07 18:10:26,35.9,2.96
b6713a6dc00fb0473d12bd8b08a88cd0,2,fad6e383a24adeb5feea3cffb9d89661,ab27bbbad5239bc31a34709275a70db4,2017-11-07 18:10:26,35.9,2.96
b6713a6dc00fb0473d12bd8b08a88cd0,3,fad6e383a24adeb5feea3cffb9d89661,ab27bbbad5239bc31a34709275a70db4,2017-11-07 18:10:26,35.9,2.96
b6713a6dc00fb0473d12bd8b08a88cd0,4,fad6e383a24adeb5feea3cffb9d89661,ab27bbbad5239bc31a34709275a70db4,2017-11-07 18:10:26,35.9,2.96
b678d73ce87da173fe475b456dca4a7d,1,17823ffd2de8234f0e885a71109613a4,46dc3b2cc0980fb8ec44634e21d2718e,2017-10-17 04:26:43,269.99,15.79
b689fb0fc367d4d7525027003d04561e,1,d1c427060a0f73f6b889a5c7c61f2ac4,a1043bafd471dff536d0c462352beb48,2017-10-19 20:49:08,149.99,40.38
b68c27cf94ce13113c69bd86e640c41f,1,368c6c730842d78016ad823897a372db,1f50f920176fa81dab994f9023523100,2017-11-05 22:44:58,59.9,13.44
b68c27cf94ce13113c69bd86e640c41f,2,368c6c730842d78016ad823897a372db,1f50f920176fa81dab994f9023523100,2017-11-05 22:44:58,59.9,13.44
b6b37898db2f4f8ade35aeda94a19c91,1,63c0e572201a0411c48dd051f0b316ad,7aa4334be125fcdd2ba64b3180029f14,2017-10-19 11:14:12,32.37,13.37
b6bfbeea1b933b34c91ec0b216a50347,1,431d674f9a4fbd0957ecf6ba3fcb6899,53243585a1d6dc2643021fd1853d8905,2017-10-18 18:14:13,289.0,19.3
b6c70f4b37438a78c820423809997c20,1,a290d14df28cfebaa8e74935525de682,fa1c13f2614d7b5c4749cbc52fecda94,2017-10-11 20:49:30,219.9,17.98
b6cc0551cb569413dd9b470a5d485bf1,1,3fc18e3aefe7b9346bd15de863fa0365,53e4c6e0f4312d4d2107a8c9cddf45cd,2017-10-30 13:49:23,71.0,16.13
b6d8afcbedd981f81cd58c1ecf289add,1,8d8fb201f4475a184e799a7f9989cff6,2d50d6282f8aa2257819a77bfaa0efe0,2017-11-03 18:55:09,98.9,15.44
b6d950bbbac28a711a71455adc829a5d,1,ada1a8827eb941c40a281fc1be034949,44073f8b7e41514de3b7815dd0237f4f,2017-10-13 02:28:43,102.0,17.15
b6db3da1ed3c1f5a82c7e5456e212d74,1,15c8a0cce7382cf9029bfcb3998cfb7e,fbc14c0cf93505ef89f64665ffa4a7b5,2017-10-10 13:28:18,1156.99,28.59
b6e424878cf41a8038e095a39f6b790e,1,aea6413d9a7fadfe4a7479cafef92650,c89cf7c468a48af70aada384e722f9e2,2017-10-17 05:08:11,50.0,15.1
b6e916862e541946569d34420c6e9145,1,5d66715cc928aadd0074f61332698593,128639473a139ac0f3e5f5ade55873a5,2017-10-18 03:28:45,19.9,16.79
b6fbf15260de2095643a4aac7876872c,1,c67b3dcc9c4490a8f7e41abd65cf9eab,9674754b5a0cb32b638cec001178f799,2017-10-26 19:26:04,72.34,16.27
b701057e29518346f3b457eaddf5c0ba,1,0a4dea9eaeaaea5b7894a9a4ec6ed660,897060da8b9a21f655304d50fd935913,2017-10-18 15:34:35,51.98,42.39
b7077d240d1449882a2aa143b428b8b2,1,03b58043df5d7424df7eac2be2511c51,3504c0cb71d7fa48d967e0e4c94d59d9,2017-10-26 03:07:34,48.9,16.6
b708bcdd3889b8e6df7323fcb64bec79,1,2d0090282bd77e1ae0f6336ba500facf,4371b634e0efc0e22b09b52907d9d469,2017-10-18 03:20:54,30.0,11.85
b7109d0854226ce7bf1794e43363e8e9,1,5e72175cdfc45b8211c357f26d5c3b01,cca3071e3e9bb7d12640c9fbe2301306,2017-10-31 17:35:33,57.0,15.15
b7293e3014a7261f0d26d28a1e927864,1,681d59c14b2515dcc09149055ba5b0c8,41b39e28db005d9731d9d485a83b4c38,2017-11-07 04:15:14,18.9,14.1
b72f6afc986ced9a7b3ec827c073cb7f,1,d3c044bd42d84a79e3b0c42662806a48,4c2b230173bb36f9b240f2b8ac11786e,2017-10-06 13:07:36,25.9,7.78
b72f6afc986ced9a7b3ec827c073cb7f,2,d3c044bd42d84a79e3b0c42662806a48,4c2b230173bb36f9b240f2b8ac11786e,2017-10-06 13:07:36,25.9,7.78
b73517c8c0f185cef5f704b9191f994d,1,4583e308182e4e78d5b71b5af1804def,cd68562d3f44870c08922d380acae552,2017-10-26 03:06:01,169.0,16.94
b740bd4096a75c3d97e686dee682607d,1,dea837d4f3f30b541725d258c15e4ff1,c3867b4666c7d76867627c2f7fb22e21,2017-11-07 21:50:15,60.0,17.56
b740bd4096a75c3d97e686dee682607d,2,9d8a0e115e802d845b4ce1eb794d1260,d05ae8f7a5bd1d2a690a44cd079e4e27,2017-11-07 21:50:15,120.0,5.86
b7558b356867cb5e6de5c76578a29143,1,1dc7685f4fdb9622d84ae2ec658d5bbf,9c0e69c7bf2619675bbadf47b43f655a,2017-10-25 03:15:15,199.0,17.15
b76d4cfacc6733093c4f0fd3198d91b0,1,657aa59c6c58816ddc4f86c51a2759c9,bfd27a966d91cfaafdb25d076585f0da,2017-10-18 22:26:11,129.0,18.15
b7775ddf9a56a4bbabff3e2e84c08b07,1,66b538ce389d817a5123146347c3fdc8,b2ba3715d723d245138f291a6fe42594,2017-11-03 18:30:26,299.9,41.09
b77827128d71dd90667727cb430e3d5e,1,5328338cfaa16ba10561cd970c73ca11,12b9676b00f60f3b700e83af21824c0e,2017-10-18 23:24:14,199.0,47.92
b7790d729c085173e21678723b6e5381,1,55945cf4a4e6def88dcc8996a581608a,e9779976487b77c6d4ac45f75ec7afe9,2017-10-05 13:24:03,99.49,9.44
b77a901ce2de1a59489f51df38987132,1,1164c17af70425821f88bfbdc9e907a3,2d50d6282f8aa2257819a77bfaa0efe0,2017-10-18 23:14:26,35.0,2.62
b77a901ce2de1a59489f51df38987132,2,83b00325c13c44245b2c3a2befa62a0e,ad781527c93d00d89a11eecd9dcad7c1,2017-10-18 23:14:26,159.99,104.94
b7832620d1c6dec5b515fa82c3bd6577,1,564e4a218887ce7c6934723cc716d297,46dc3b2cc0980fb8ec44634e21d2718e,2017-10-23 22:56:19,259.99,20.36
b783c9b3024d047d65765937e8c506be,1,8e20986c0842f8d4d8393ae6a2f05cad,4a3ca9315b744ce9f8e9374361493884,2017-11-03 03:31:15,39.5,11.85
b786694b440fb6943dad1dcbffb42da9,1,62a5a3de0af802fb3718a83c74c3ff8d,a416b6a846a11724393025641d4edd5e,2017-10-26 13:14:47,145.95,17.27
b7944b4cf8652f861f981f38eaa1c8d1,1,759387d879934d7b6fd19846303efc10,2138ccb85b11a4ec1e37afbd1c8eda1f,2017-10-09 23:56:14,19.99,14.1
b798fc527c548bfa5f069b5b29195275,1,0fa81e7123fd0ebe03adbbe99d912827,da8622b14eb17ae2831f4ac5b9dab84a,2017-11-09 09:48:52,99.9,18.69
b798fc527c548bfa5f069b5b29195275,2,42a2bd596fda1baef5719cb74f73030c,da8622b14eb17ae2831f4ac5b9dab84a,2017-11-09 09:48:52,89.9,17.14
b7998b4687fee63c38995e856e63ae5f,1,a0abcee0132a5aed003d98e459b37698,004c9cd9d87a3c30c522c48c4fc07416,2017-10-09 03:56:25,117.99,16.46
b79a0cda08be9c158bf0709bdcc1af76,1,2a2d22ae30e026f1893083c8405ca522,1a3df491d1c4f1589fc2b934ada68bf2,2017-10-16 14:49:36,154.9,23.95
b7a4a66ce73fd0c32b0e380f5134d977,1,bd6e6fce9ada76ea2db0f1912e8e478f,1835b56ce799e6a4dc4eddc053f04066,2017-10-27 21:35:15,56.99,16.16
b7bc5ba43aa844539fff0500e51b0010,1,ec2d43cc59763ec91694573b31f1c29a,1c129092bf23f28a5930387c980c0dfc,2017-10-09 21:49:39,45.9,15.11
b7c0da6da0a4987fd0b793c77ebbb06a,1,c4baedd846ed09b85f78a781b522f126,a1043bafd471dff536d0c462352beb48,2017-11-07 22:06:03,89.99,38.47
b7e4aca3e798d20643faacb681272a9c,1,7d935f57cbfeccf7e6952dd286c3eba6,fa1c13f2614d7b5c4749cbc52fecda94,2017-10-18 18:46:20,154.9,17.52
b80ba0f0c3d2a63feac0116f533cc6a9,1,184fcfe46ee8cc3a557011888422b5e7,7d76b645482be4a332374e8223836592,2017-10-20 15:27:50,18.99,14.1
b817fcad07287a3912cbfdcd012a36ad,1,7ca5f56188492e30c50ba64de188aae7,d2374cbcbb3ca4ab1086534108cc3ab7,2017-11-06 02:57:05,13.9,11.85
b81cc4c93b45374aaf37b68eddcd9702,1,3efd399c5d016b9e6a5ad3196eade44f,503c1de08ae81a2d86f17951b204db55,2017-10-17 00:35:15,213.0,14.51
b830f1009892772f1ef2dafa14f4d937,1,e59dd207c69d86e890febadc796d1078,e9bc59e7b60fc3063eb2290deda4cced,2017-10-16 18:09:47,174.0,13.35
b83a4e483d9be76224e4d87f553361e7,1,cde89c19bf58d71bc836b1495a5ff123,855668e0971d4dfd7bef1b6a4133b41b,2017-10-17 14:29:29,50.0,15.11
b84a1e6e6311e6c40724fee7551a915b,1,2b86ffeae831b59e4fb849565cdc28ca,42bde9fef835393bb8a8849cb6b7f245,2017-10-19 13:45:19,69.0,12.57
b84a1e6e6311e6c40724fee7551a915b,2,a72209f6ea270769cecf0ed4168d3893,42bde9fef835393bb8a8849cb6b7f245,2017-10-19 13:45:19,59.0,12.57
b862519c16da1f1abeacf50d35c11f9b,1,db24f4b59ec4a5a89de0203cc7ce4287,6a8b085f816a1f75f92dbac6eb545f8f,2017-10-20 13:56:18,16.9,15.1
b86cef4892346edbcea1de0da1f3b8af,1,c32b1155b886162db8e1ec114699a799,1835b56ce799e6a4dc4eddc053f04066,2017-10-13 14:14:12,56.99,16.16
b86cef4892346edbcea1de0da1f3b8af,2,4cc8bfa581f41841ce5e24aba773a44a,1835b56ce799e6a4dc4eddc053f04066,2017-10-13 14:14:12,56.99,16.16
b86ddd788f0b18de16cd6562b3a9266c,1,f74353ffeaa55836a3cf603a2dcd855e,bb7a14e229b1c95156719c3d9552eeee,2017-10-16 10:04:54,388.9,18.77
b87287b5e32f2ab2319f41ce30055288,1,8ce5f222608f6e18ea3b7acb84313c6b,41b39e28db005d9731d9d485a83b4c38,2017-11-01 10:49:21,84.9,15.34
b88679bb25b44b2557f14eb76eb80054,1,c92f0e7b9d49a9543558d6532772441b,5dceca129747e92ff8ef7a997dc4f8ca,2017-10-16 22:35:17,147.9,37.13
b895dc7b63a9f75621e6cb8ed54cc896,1,c73628b1c3144b2e0c9c88072f21a213,3f995f07c49d0d55a99d5c54957f7d81,2017-11-03 16:45:42,139.0,18.22
b8a1d54523e7ddb0d218b888817a4d51,1,11dc4053871ff53ff79fb1fc7e6b160f,b1ac6ea7895bc3dd6f0f6f4abbdd2821,2017-10-26 07:34:17,99.0,16.94
b8b2b6e3608c39adc510b2a5bf6c9437,1,0f2d139d3c1f8d504bea138f27a2fad0,ac3508719a1d8f5b7614b798f70af136,2017-10-19 17:07:33,129.9,38.46
b8cc45abc3a6bd43c8a4f86b627de53c,1,fc1449f3ffc59fd2eb9640505aea0581,25c5c91f63607446a97b143d2d535d31,2017-10-27 09:30:52,149.88,18.3
b8cc45abc3a6bd43c8a4f86b627de53c,2,fc1449f3ffc59fd2eb9640505aea0581,25c5c91f63607446a97b143d2d535d31,2017-10-27 09:30:52,149.88,18.3
b8d5cd6eb84d7b61c5c77ac4cb0b90b4,1,53759a2ecddad2bb87a079a1f1519f73,1f50f920176fa81dab994f9023523100,2017-10-06 11:49:25,59.9,28.82
b8dc70a6cd6d0673592fae22d170ea14,1,db9fbaf0e0719205c4649729763b2c32,6edacfd9f9074789dad6d62ba7950b9c,2017-10-19 11:05:58,52.9,15.13
b8ed227712b7665deac44bd9a5fc6a6f,1,2423252b2432f1803e4f29e0974c6cf7,48436dade18ac8b2bce089ec2a041202,2017-10-10 02:44:01,139.9,18.23
b8fc6ac941d47f4562ba6eec0e20cb9f,1,b72b39418216e944bb34e35f4d3ea8c7,45d33f715e24d15a6ccf5c17b3a23e3c,2017-10-23 03:49:19,38.98,9.94
b8fe1ee18bb4fc8242cafbc4d3edb987,1,31639956e7fac87ecfd9d608040638bd,aac29b1b99776be73c3049939652091d,2017-10-12 21:14:12,70.9,26.82
b9040b3da32e7ac3e6bddf429155c114,1,a2a91fe6d8762e0371abd964cef88ec6,4992e76a42cb3aad7a7047e0d3d7e729,2017-10-05 15:06:11,25.0,11.85
b90ff29b64c30c202414b3bdab0160b5,1,e3263eb093d88b95abce97fe0c864421,f7720c4fa8e3aba4546301ab80ea1f1b,2017-10-31 17:56:21,30.1,16.92
b911d4e5f41ef43f44dd355ef2b77382,1,a5e130225bfc3dde1f8ec32d8c37b66d,1025f0e2d44d7041d6cf58b6550e0bfa,2017-10-19 01:35:21,32.0,15.79
b91b89682b68b44b95f65cd872c65b59,1,4d614d466f2eba2e50e683ebb1460351,4e922959ae960d389249c378d1c939f5,2017-11-05 23:28:09,45.0,16.79
b922c642dfb5ebad3b03394bd2ac0b61,1,ea058d00059bd1470770129498200d05,e9779976487b77c6d4ac45f75ec7afe9,2017-11-01 03:09:43,15.49,15.1
b948bdde0e60c872c56a559f349c1a66,1,74e5e7c0ad09d8fec4d30c75a70a7799,3db66a856d18a9cba7c9241fc5221c50,2017-10-10 03:04:03,69.9,14.22
b959aa201236702af91eaa10dad4a28d,1,642a40d4d73b4b2604968937de13634a,d2374cbcbb3ca4ab1086534108cc3ab7,2017-10-18 04:00:09,12.9,11.85
b965255594edcff29330c2ce35e85585,1,fb55982be901439613a95940feefd9ee,3d871de0142ce09b7081e2b9d1733cb1,2017-11-08 12:55:29,79.0,13.57
b96a6dd4f298f5e0e797e6251f2de6f0,1,f63623e4b513b69f115a2b34b9667938,128639473a139ac0f3e5f5ade55873a5,2017-11-07 22:50:12,17.9,12.48
b98a5e1f2c386eb67df00a633c98848e,1,6daadc7e6029cf01762f941e488caa1b,46dc3b2cc0980fb8ec44634e21d2718e,2017-10-16 17:14:19,294.99,14.9
b9964fe824ef79f3fe90110b41e048b2,1,63d6e7ab30f482382c9dfbbccae7da54,b2a6d334e2833acea353624840e25a0e,2017-10-31 13:49:22,68.7,12.82
b9aa836b728e0cee464400dde6a1fc22,1,70d105fdaaef81ef28419e11afe0372c,3b15288545f8928d3e65a8f949a28291,2017-10-19 21:35:27,129.99,18.16
b9ae8347ff0acee82f6bc8eea0067eb8,1,587daf296426a63860d1b5d8feddab1f,8f2ce03f928b567e3d56181ae20ae952,2017-11-07 12:47:18,99.9,13.25
b9cc0087ac70da1f27b5c2b6d4f78600,1,d5b703c271f43f9c588a6f512a00f77e,fa40cc5b934574b62717c68f3d678b6d,2017-10-11 19:49:21,34.9,15.1
b9d85f9487a067f470cf6def2889087c,1,5c087f345e870429ec3ea20a49a79735,7c67e1448b00f6e969d365cea6b010ab,2017-10-24 13:14:25,196.99,70.26
b9d93d361a6dc1b13c796267569b46cf,1,a1cb53bba48d0f315aed0019db5365fd,f4db9b37944bcb8873e6b456ee190bbf,2017-10-23 10:28:02,169.99,14.79
b9de8e8832759dcda0d6543a57db6715,1,6410668313e664e438837bf86363fcb9,0ea22c1cfbdc755f86b9b54b39c16043,2017-11-03 02:55:20,34.9,12.48
b9eb9fbcca54dfce1d087c752d0f4b35,1,70afaf5a0fe1e5947d15e7f3751f390f,e06f09ec0a4aca210779cf1cfc63cf19,2017-10-24 04:00:12,18.9,16.11
b9f036a816205e4339b9b1c914ea656b,1,641a45900528e8324c4848dda4e0a3fa,4830e40640734fc1c52cd21127c341d4,2017-10-17 23:35:15,25.99,9.34
b9f4e13f3e9c4a4d2440822966a25866,1,1cf0c9095608952cb1c65c4789946375,b2ba3715d723d245138f291a6fe42594,2017-10-25 13:21:30,54.9,15.14
ba1415261e29b897a230549d83bde015,1,583f158587cdecda3e8bdea694021e39,955fee9216a65b617aa5c0531780ce60,2017-10-13 16:49:28,45.0,15.11
ba1ffea739c021afe21346cf0cc9264b,1,eb464e3e06e2701a532c9f08a774d0d0,febab0275244b9a49a623f0bd613ca2f,2017-10-25 07:35:32,16.8,11.85
ba1ffea739c021afe21346cf0cc9264b,2,eb464e3e06e2701a532c9f08a774d0d0,febab0275244b9a49a623f0bd613ca2f,2017-10-25 07:35:32,16.8,11.85
ba1ffea739c021afe21346cf0cc9264b,3,eb464e3e06e2701a532c9f08a774d0d0,febab0275244b9a49a623f0bd613ca2f,2017-10-25 07:35:32,16.8,11.85
ba1ffea739c021afe21346cf0cc9264b,4,eb464e3e06e2701a532c9f08a774d0d0,febab0275244b9a49a623f0bd613ca2f,2017-10-25 07:35:32,16.8,11.85
ba3d396e10bb9cca83f450f0ff8c8dca,1,5a47c5b5c3866f29177d497727f22f38,218d46b86c1881d022bce9c68a7d4b15,2017-10-26 22:28:05,128.56,13.92
ba41c48ea14a8b704c1645f32aedefa8,1,6c3effec7c8ddba466d4f03f982c7aa3,37515688008a7a40ac93e3b2e4ab203f,2017-11-07 13:31:23,24.5,16.79
ba69e27c7bb11e6baab20c526c39d80e,1,a35a9f46dcee0a67c8c7ad8493eb4135,85d9eb9ddc5d00ca9336a2219c97bb13,2017-10-27 16:35:55,31.9,14.1
ba6c94c5c72b8ba88b0d92dcadbd4e69,1,b1688f579e9213539ee21cf15ac4382a,ea8482cd71df3c1969d7b9473ff13abc,2017-10-13 16:14:16,27.99,7.78
ba863950726dd067d21b2262ab48df78,1,d65b6607952f9e0d705b1cbdc92ac027,48436dade18ac8b2bce089ec2a041202,2017-10-26 14:49:15,46.9,13.23
babf3827fed8e4f27b7d8a680af07e43,1,b5e13c9a353102f79c6206ff5cb61a50,a49928bcdf77c55c6d6e05e09a9b4ca5,2017-11-03 12:55:22,89.9,17.88
bad9f9185410578b6c9c9aa9d544d0b2,1,d03e27d4f155991fbefbd25b974b543a,7142540dd4c91e2237acb7e911c4eba2,2017-10-20 00:49:24,59.9,13.44
bb00f0278f16240891573af5f83f48c5,1,77b5ea25050e269eab5d164be2be1711,9b00ed88b7fdb95d6ff76e27c1b52d16,2017-11-06 20:46:40,22.0,15.1
bb06ae08acf9f68602e0b913282b62bc,1,4fcb3d9a5f4871e8362dfedbdb02b064,8581055ce74af1daba164fdbd55a40de,2017-10-23 09:14:12,143.8,34.67
bb0bb419d930e4bc8c823fc4379347fb,1,4cac1a12a6fe9ffba4a9556dbe582e28,7ddcbb64b5bc1ef36ca8c151f6ec77df,2017-11-06 12:30:23,25.99,14.1
bb1e5e5a7e290c28d800a04c53720095,1,ce6f74096c84567f22728c84f3d6e7fc,8160255418d5aaa7dbdc9f4c64ebda44,2017-10-31 13:28:33,109.9,16.53
bb22b1f374b71ea416e466ba7ff99cea,1,5483dc3f61a1d385ccc49cec3a560617,822166ed1e47908f7cfb49946d03c726,2017-10-31 11:26:19,49.9,16.11
bb43ae69c04e445542e6d3ad2be52c4d,1,68a058d125ba1544e726898f0b8c0523,7c67e1448b00f6e969d365cea6b010ab,2017-10-26 15:50:36,119.99,50.71
bb49c47a5800aa19d5212ffb33038a55,1,e71ce72b19b83080d97cf4f06c90d096,376a891762bbdecbc02b4b6adec3fdda,2017-10-17 04:26:57,72.0,34.3
bb69633a6e4fabb8484f5d1a9a033fc4,1,2ebe00f53430b4eb4086f08409ec7760,ef506c96320abeedfb894c34db06f478,2017-10-23 09:14:21,28.9,15.1
bb6b207f81557d17e581c9fe1422e070,1,8c591ab0ca519558779df02023177f44,a1043bafd471dff536d0c462352beb48,2017-10-19 17:56:25,99.0,21.74
bb70cb558d0783914c5ebb0c37330776,1,d86963242e7dda7eed04f57e492ed655,a3a38f4affed601eb87a97788c949667,2017-10-16 08:49:08,74.9,16.28
bb7c6d87a72c89ffafb1bef12c4e23d4,1,6c9d52dc769177180599b837030b2ff2,07bf9669d84d1f11be443a9dd938f698,2017-10-11 11:38:34,48.0,16.6
bb7c6d87a72c89ffafb1bef12c4e23d4,2,6c9d52dc769177180599b837030b2ff2,07bf9669d84d1f11be443a9dd938f698,2017-10-11 11:38:34,48.0,16.6
bb853f6461f9ba28e1f12a564dabb27c,1,496f6bd86011e5a9ddea8dc96e802340,cca3071e3e9bb7d12640c9fbe2301306,2017-10-27 19:14:22,72.9,16.27
bb8b0de6aab45a9395bd46092865b6ef,1,3cc4d754aa53f733c4141170236195ec,2b3e4a2a3ea8e01938cabda2a3e5cc79,2017-11-07 19:50:13,1199.99,29.2
bb8feb5c5a3d07a1e5e2ae3670a27910,1,15b3d4c8373cd64166af5504b49d289d,0c8380b62e38e8a1e6adbeba7eb9688c,2017-10-30 06:34:09,49.9,28.75
bbcc1c8c6b1353a43012bfe1b7380a29,1,b9e247fc923da7d723c2545b76efe01e,1da3aeb70d7989d1e6d9b0e887f97c23,2017-11-03 16:52:54,11.99,4.52
bbcc1c8c6b1353a43012bfe1b7380a29,2,b9e247fc923da7d723c2545b76efe01e,1da3aeb70d7989d1e6d9b0e887f97c23,2017-11-03 16:52:54,11.99,4.52
bbcc1c8c6b1353a43012bfe1b7380a29,3,3685c687db4b3d2da5085d23b408e93a,1da3aeb70d7989d1e6d9b0e887f97c23,2017-11-03 16:52:54,11.99,6.53
bbcde37a6b3008557c47e31e37523380,1,386486367c1f9d4f587a8864ccb6902b,cca3071e3e9bb7d12640c9fbe2301306,2017-10-26 02:45:50,113.57,29.19
bbf6061c4bcfffe5fa5c22006d9a231c,1,adb5b8ee8b86e86930bc333c182bbead,9c0e69c7bf2619675bbadf47b43f655a,2017-10-17 05:07:56,189.97,10.74
bc1bec23829671b94e88b1de215f4ad6,1,06edb72f1e0c64b14c5b79353f7abea3,391fc6631aebcf3004804e51b40bcf1e,2017-10-26 19:34:09,45.95,15.1
bc2f333203bc7e7aaf60226e8c890a02,1,389d119b48cf3043d311335e499d9c6b,1f50f920176fa81dab994f9023523100,2017-10-12 21:49:09,59.9,17.67
bc314ea94634ec397df2b65d3bcb2c1c,1,7703b8cb5b77fbb36518ea91e2ca734f,6560211a19b47992c3666cc44a7e94c0,2017-10-24 16:29:31,39.0,15.1
bc328531838a1584761dc22dcfb54c2c,1,97373049bc86f3b3245c07a56795b2d7,5656537e588803a555b8eb41f07a944b,2017-11-08 03:31:15,46.89,15.79
bc3e295306ee4d3eba91aca49b0bb539,1,bae1013381fa74d68d18c89d313f97eb,bb135baca94c82fcb731335ad5b04a03,2017-10-18 08:56:17,15.0,7.78
bc3e295306ee4d3eba91aca49b0bb539,2,bae1013381fa74d68d18c89d313f97eb,bb135baca94c82fcb731335ad5b04a03,2017-10-18 08:56:17,15.0,7.78
bc3fe72748b0db594e369b6060b1e34c,1,0b5be7ee64611405f84c31be31ad0d9b,c864036feaab8c1659f65ea4faebe1da,2017-10-10 22:44:09,139.9,14.73
bc47e570a3968e7584d8b987f51ce04a,1,db7f3f42ccab32fa6328b3063b278bcc,7299e27ed73d2ad986de7f7c77d919fa,2017-10-20 19:40:13,38.0,30.0
bc4f1f54c637e35122e5e9e5fa2fe7ca,1,a872be779eba6b4c95df8ac1eea09ecb,cca3071e3e9bb7d12640c9fbe2301306,2017-10-20 11:14:08,79.9,15.31
bc50c4b649fb077defd8c5b6f1337468,1,9bd15113e791933a5d0c59c00d9add5c,98dac6635aee4995d501a3972e047414,2017-10-18 04:49:26,7.9,11.85
bc50c4b649fb077defd8c5b6f1337468,2,9bd15113e791933a5d0c59c00d9add5c,98dac6635aee4995d501a3972e047414,2017-10-18 04:49:26,7.9,11.85
bc50c4b649fb077defd8c5b6f1337468,3,9bd15113e791933a5d0c59c00d9add5c,98dac6635aee4995d501a3972e047414,2017-10-18 04:49:26,7.9,11.85
bc50c4b649fb077defd8c5b6f1337468,4,9bd15113e791933a5d0c59c00d9add5c,98dac6635aee4995d501a3972e047414,2017-10-18 04:49:26,7.9,11.85
bc6b924030f353c5ea9a83bdde14f994,1,6f3b5b605d91b7439c5e3f5a8dffeea7,fa1c13f2614d7b5c4749cbc52fecda94,2017-10-10 07:43:48,239.9,13.18
bc6c1d04178771a3ac9547f4770ab5f0,1,422879e10f46682990de24d770e7f83d,1f50f920176fa81dab994f9023523100,2017-11-03 10:35:22,59.9,17.67
bc76bb0ff492abd2cfc722349f3d62a2,1,fb7a100ec8c7b34f60cec22b1a9a10e0,d98eec89afa3380e14463da2aabaea72,2017-10-17 15:29:52,49.99,14.1
bc877ab9e18f1ce0fda75eab87a0ca8a,1,b5e13c9a353102f79c6206ff5cb61a50,a49928bcdf77c55c6d6e05e09a9b4ca5,2017-10-13 02:25:12,79.9,13.58
bca52ee5fc699061c5fbd5b7cb99d47a,1,422879e10f46682990de24d770e7f83d,1f50f920176fa81dab994f9023523100,2017-10-26 02:45:49,59.9,13.44
bcae7c1732e28817b7957e6689ffe813,1,a630323d497e2acc89574e8b792c6936,3bb548e3cb7f70f28e3f11ee9dce0e59,2017-10-26 14:25:53,169.99,13.32
bcc1910aae7e17cc762603b3dbb0299d,1,803f77475e1b51b47f1bfec4f2ec353f,c9c7905cffc4ef9ff9f113554423e671,2017-10-25 11:06:21,65.99,14.21
bcd65f5ba3529e137c55725d99f71ae5,1,7770bdde7d6bfd349bfdeabc4ce54c07,db4350fd57ae30082dec7acbaacc17f9,2017-10-26 02:46:03,21.99,15.1
bcdb2acf83fbdd65aa15e879cd8afaa5,1,54e5939fcd9ae70ad0f59f612d6d29bd,48436dade18ac8b2bce089ec2a041202,2017-10-13 15:35:17,45.9,16.11
bce0e59fd169e75aefbf4c28335c5b7d,1,68bf40b3abd5ffc25981c25df9ed9087,3d871de0142ce09b7081e2b9d1733cb1,2017-11-06 09:08:16,79.0,13.57
bcec508472612cae9bd4a21d333da376,1,bc5b673b87453987a45b11d34bb69de8,624f4ece8da4aafb77699233d480f8ef,2017-10-19 22:28:30,159.0,31.86
bd0ece9767b9088d339d9f68ed6a4738,1,cf88e5bfdc37eafcb2130a618e815438,bba74270a87732727b5a3b4fd9ac1c39,2017-10-16 20:49:59,499.99,22.74
bd1065a82272300e37b49a80d084a72b,1,14a931266aff3fb450bab1d076bdfd7d,a23266650e7c84bb93fbbba502137478,2017-10-17 04:56:21,21.9,15.1
bd4e6b477357e3e0a953996ceff60c2f,1,b6e352d888ba31d8999af279cd63aa24,daeb5653dd96c1b11860f72209795012,2017-10-13 12:49:16,79.9,16.32
bd5a6e9434ebae71399bef6eb45d85eb,1,a98a8d36f2c2f97f7d7c4c3222f2251c,c3867b4666c7d76867627c2f7fb22e21,2017-10-26 10:14:43,269.9,14.91
bd5cbf5e78a2aaafc9f6315090775f69,1,afc3541eb2b7d457d08b0b8f4526b350,4a3ca9315b744ce9f8e9374361493884,2017-10-11 14:14:33,227.0,14.61
bd8076c7068a60bf3d148350c9ad9975,1,13c9de60531ce1458551f0632a6c6d56,7e93a43ef30c4f03f38b393420bc753a,2017-10-06 14:28:27,599.99,12.39
bd95be22b2ec58c249193c6b07f45e6f,1,368c6c730842d78016ad823897a372db,1f50f920176fa81dab994f9023523100,2017-10-24 12:49:20,59.9,13.44
bdaa94a07026daf1f4f152151b223588,1,ee406bf28024d97771c4b1e8b7e8e219,7a67c85e85bb2ce8582c35f2203ad736,2017-10-16 08:20:15,149.99,18.3
bdb2bc3c571eb25e242b01f591816c7b,1,154e7e31ebfa092203795c972e5804a6,cc419e0650a3c5ba77189a1882b7556a,2017-10-11 11:28:29,23.99,14.1
bdc9a22cefa4b3ad2d837d2e0efeeab0,1,a869ec6209c361ca46dad85a5530e119,c3cfdc648177fdbbbb35635a37472c53,2017-10-13 10:49:54,159.9,20.61
bdd42e997b3dafd18ddcc233ad9c5195,1,b92a7304ebad1ca5b393b53b2de5c70a,7c67e1448b00f6e969d365cea6b010ab,2017-11-01 02:49:28,139.99,21.63
bdd6b2438d59a554a92624258e321354,1,b5e13c9a353102f79c6206ff5cb61a50,a49928bcdf77c55c6d6e05e09a9b4ca5,2017-10-17 15:41:27,79.9,11.76
bddc1c3ae5c6717f36386ee472d72217,1,35255921c732e0e9319097469d856cd5,0aea4c6ae1505b3228ddf3dd7822ee5b,2017-10-17 21:28:21,197.99,16.14
bde70300820015633b5e34e0bda10360,1,99a4788cb24856965c36a24e339b6058,4a3ca9315b744ce9f8e9374361493884,2017-10-20 19:09:40,89.9,16.26
bdf15710eda59b7ede173c565c787a83,1,6cdd53843498f92890544667809f1595,ccc4bbb5f32a6ab2b7066a4130f114e3,2017-11-09 13:35:15,349.9,31.98
bdf323b540c69988c9baca5f74e4c3bc,1,75d67b030a777f5f1081b8830606abb5,cca3071e3e9bb7d12640c9fbe2301306,2017-10-27 04:27:57,89.9,20.3
bdf323b540c69988c9baca5f74e4c3bc,2,496f6bd86011e5a9ddea8dc96e802340,cca3071e3e9bb7d12640c9fbe2301306,2017-10-27 04:27:57,72.9,13.85
bdfdaf0cec4a3710b0c2a0c91cddaa56,1,c6d0daec0037d0ac4ee036ddff197b35,3504c0cb71d7fa48d967e0e4c94d59d9,2017-10-19 15:28:18,48.9,17.6
be1339321b0b8d2b580979ffc3cbf745,1,1528d0673079ce2d79d29753b800d76e,01fdefa7697d26ad920e9e0346d4bd1b,2017-11-02 22:46:05,59.9,13.44
be19c89e952b0753ede2df15da96351d,1,389d119b48cf3043d311335e499d9c6b,1f50f920176fa81dab994f9023523100,2017-10-16 23:56:24,59.9,17.67
be19c89e952b0753ede2df15da96351d,2,389d119b48cf3043d311335e499d9c6b,1f50f920176fa81dab994f9023523100,2017-10-16 23:56:24,59.9,17.67
be40ba471371fdea735b41499c8655c7,1,a35ea299fbf8fc63d9faa23b77bf3eaf,bba74270a87732727b5a3b4fd9ac1c39,2017-10-10 04:14:24,44.99,18.59
be40ba471371fdea735b41499c8655c7,2,a35ea299fbf8fc63d9faa23b77bf3eaf,bba74270a87732727b5a3b4fd9ac1c39,2017-10-10 04:14:24,44.99,18.59
be454ec4b7cf35a9dfdb8489e9b000b1,1,8ed094bfe076c568f6bb10feada3f75d,7c67e1448b00f6e969d365cea6b010ab,2017-11-09 14:56:26,196.99,61.3
be51f350648201f7d50862749e0d4355,1,c4baedd846ed09b85f78a781b522f126,a1043bafd471dff536d0c462352beb48,2017-11-03 15:26:24,89.99,43.0
be79bec4cf283fa33ea0da903f3ca6ab,1,7cd30e51e926f2dbc750dc2443d60434,f00e21b1e91a79653163b7fd8f293ff1,2017-11-07 20:06:42,44.0,16.79
be7ef653148b80c79b5d9b8500c47949,1,53759a2ecddad2bb87a079a1f1519f73,1f50f920176fa81dab994f9023523100,2017-10-10 10:49:44,59.9,17.67
be90f928191efcd737bf75b53a1a8374,1,880be32f4db1d9f6e2bec38fb6ac23ab,fa40cc5b934574b62717c68f3d678b6d,2017-10-06 14:07:24,44.9,15.1
be92e1caeb7ca0fd9ec8a0db83c1c7cc,1,0a197d1436ea67717ce68ebe184b5832,87142160b41353c4e5fca2360caf6f92,2017-10-16 13:14:18,119.0,13.85
bea597ea1f5ff4fa02bcaf403531e944,1,c6d0daec0037d0ac4ee036ddff197b35,3504c0cb71d7fa48d967e0e4c94d59d9,2017-10-25 22:49:17,48.9,11.73
beb0371fd8e15514a2b14b1f2e023606,1,8daced7e1565e80fd1b57d24ff973a61,e333046ce6517bd8bb510291d44f0130,2017-10-19 18:08:13,67.0,20.96
beb278f2f2946133b76dd6196b02d0e5,1,cd48f265a63e13b762601f5f794c5fca,e9779976487b77c6d4ac45f75ec7afe9,2017-11-07 04:26:21,79.49,9.97
bec70b7a1c8969ad58a048aa111bec9b,1,af9418dfcdd7f19b51906a2f32cd6bc0,da8622b14eb17ae2831f4ac5b9dab84a,2017-10-17 23:56:15,169.9,21.68
bee2b7c6076a73bf21b6fef8fccd6691,1,eee02ac99af9217137a2ef5eaad20376,36a968b544695394e4e9d7572688598f,2017-10-17 14:50:27,207.9,10.2
beece9368912132712839b6b9194180d,1,34dcd1a460194e9a114524a6ec0ad39e,0432ead42b6c8a0bdf68154add917fdf,2017-10-26 10:49:19,82.9,15.33
bf1451bab7a54578f219c009aa286263,1,39c0f867b8567f91295186c270767552,2be17df1c49978426251562096c3cc09,2017-11-09 20:10:22,139.9,13.23
bf20a3dc1ce70ff4b1c392d2efb503ad,1,d10fd5adeab7535975993cbc2ce64b56,8bd0e3abda539b9479c4b44a691be1ec,2017-10-26 21:29:24,64.99,18.02
bf341a18ec4507f2c05978d31e509291,1,1a46dafd2935eadb540039ce3e8a3d29,8b28d096634035667e8263d57ba3368c,2017-10-16 20:56:10,99.9,15.45
bf3f150adb6cc38e1f3e6517534b24f6,1,b931645cdc2d9868f01544e8db63f5ab,b14db04aa7881970e83ffa9426897925,2017-10-13 10:49:23,69.0,38.03
bf41eb326b16f1484cf34ab9e3cced8f,1,ec2d43cc59763ec91694573b31f1c29a,1c129092bf23f28a5930387c980c0dfc,2017-11-03 20:50:18,45.9,12.69
bf4e354422376ccee274a76ef5f26817,1,028da1c319c010397ad1ea42db816d23,3078096983cf766a32a06257648502d1,2017-10-30 03:35:15,15.99,16.11
bf4f937c279d6f44c375450523ee9383,1,54b755678728b84472c2b654ac4de777,a3dd39f583bc80bd8c5901c95878921e,2017-10-13 08:49:11,52.0,12.61
bf4f937c279d6f44c375450523ee9383,2,54b755678728b84472c2b654ac4de777,a3dd39f583bc80bd8c5901c95878921e,2017-10-13 08:49:11,52.0,12.61
bf57d88907afc221e0eeb3e12da03657,1,67c3a22492bcb6677d6ee56b8516f537,6cd68b3ed6d59aaa9fece558ad360c0a,2017-10-18 15:36:31,118.9,23.15
bf5e4ec5374a3d9097193f671a74b42c,1,0176bf7839ab4e611dc01cdc3ef6f4e4,12b9676b00f60f3b700e83af21824c0e,2017-11-03 02:56:36,199.0,21.79
bf77be9e5c844064520fc976a02eba7f,1,4328139cbe9adde0aac493ca9871eab3,8160255418d5aaa7dbdc9f4c64ebda44,2017-10-27 10:50:11,69.9,17.74
bf7937a823a3232d50fe7a0520ae8c0c,1,9b9d1c4bd979b93c138044e032f99780,7a67c85e85bb2ce8582c35f2203ad736,2017-10-16 16:14:40,99.99,38.25
bf858b59c72c1d556a32320bf0c7a42f,1,305a8467a383809ecce974a852d55ae3,744dac408745240a2c2528fb1b6028f3,2017-10-19 08:14:17,199.0,26.42
bf905b0bfd5f17ff77b5eb80fb90dafa,1,6e38838cab9f851eb58af53b57caf709,157c3e4b42f81ac4a44e8b1ca2fe9876,2017-10-25 22:56:13,32.5,15.79
bfa8d4392d0f1d32de14ee40e286f094,1,eab67bf937aaadc19f83383a331d2dd9,7c67e1448b00f6e969d365cea6b010ab,2017-10-24 16:08:24,159.99,30.96
bfb319221f8164f860374cd0cf9f9859,1,cf1c83c0097bce11c715b94f292769b5,f4c4daa86e30c7e5a553a8d518ac03a5,2017-10-10 19:38:48,722.5,47.09
bfbf45695ada6f6c2b2bbf14d224aeb1,1,5e21d5cab5d33e770d8150a4ee6117db,6560211a19b47992c3666cc44a7e94c0,2017-10-13 02:35:29,49.0,11.85
bfc39df4f36c3693ff3b63fcbea9e90a,1,87285b34884572647811a353c7ac498a,3504c0cb71d7fa48d967e0e4c94d59d9,2017-10-31 02:14:11,29.99,14.1
bfc653d1beeb620b62d4cee364228609,1,fd424396761d9e1609c5516b7d8ce17b,8581055ce74af1daba164fdbd55a40de,2017-11-03 15:10:11,80.4,21.05
bfccbf3f4c803a60b641433bc8affe01,1,422879e10f46682990de24d770e7f83d,1f50f920176fa81dab994f9023523100,2017-11-03 11:50:21,59.9,13.44
bfead39f96afa0a674110835b6677095,1,b1e67d8a817ad0c6d4681dc28be1cb18,6562efe88ce0826a4ca4f189f03b4b84,2017-10-30 12:28:25,59.9,19.66
c00da3caac54c1d164a533d8a79c7230,1,f177b434709ecb652dbee4f4b19aef2f,d98eec89afa3380e14463da2aabaea72,2017-10-17 05:08:09,29.99,14.1
c019ee5ff9da7953b6fd6143529dad22,1,274669a78ffdf9398adbd9502e6c4915,dbc22125167c298ef99da25668e1011f,2017-10-10 20:07:22,27.5,13.37
c033e99bf02e103535766475e490aa19,1,bdb4be6ce2f7f2b5be0a16088028c7fc,955fee9216a65b617aa5c0531780ce60,2017-10-13 02:56:36,85.0,20.08
c039d465e2d9486915f6356a2660e66f,1,4182ad8f6fd91b6064f2d1097d8a4291,b56906f7fd1696e043f1bcce164c487b,2017-11-03 03:10:29,34.99,20.84
c0412e955e8866bd36d56c196d1c9d82,1,ff50a7795bf14586aeb06610fae49095,4a3ca9315b744ce9f8e9374361493884,2017-10-25 10:35:19,119.9,12.34
c075bbb88b67014143bb3d046f0b8610,1,2a2d22ae30e026f1893083c8405ca522,1a3df491d1c4f1589fc2b934ada68bf2,2017-10-31 18:21:18,149.9,21.54
c07a435151c139d66b920c7c4652aa47,1,d1ef79e3e0e25f9376eeff5d1197ff4f,e82de6494d91d3c4c54450f59b227a94,2017-10-23 23:06:21,42.9,11.85
c07afe1eb3c803b21074cff6735d7c26,1,fe01b643060a6446e59f58e3021e66b3,2dee2ce60de9709b1a24083217181a1f,2017-10-08 23:24:22,143.0,38.55
c07b6d01a2a256bc2f370788d6ff6af6,1,f4d705aa95ccca448e5b0deb6e5290ba,da8622b14eb17ae2831f4ac5b9dab84a,2017-10-25 07:34:15,24.9,11.85
c08b5d1119e91f504a884106dad8d4de,1,aa46d61405c90cb71e82f450a1d2d034,820cc752a266cdc6c1a1e61dd4583330,2017-10-30 13:26:36,89.9,15.38
c0937aec7cd0f2ff17c2586520713fd7,1,6490b9f63b0b595e1c1402b46b0f50ad,99eaacc9e6046db1c82b163c5f84869f,2017-10-23 18:35:12,280.0,35.76
c09652e16426e2ecbb85f2617192904a,1,fe6a9515d655fa7936b8a7c841039f34,dc317f341ab0e22f39acbd9dbf9b4a1f,2017-11-07 04:15:17,249.9,60.57
c09652e16426e2ecbb85f2617192904a,2,42a2c92a0979a949ca4ea89ec5c7b934,813348c996469b40f2e028d5429d3495,2017-11-07 04:15:17,58.9,29.88
c0ad22fb83f1019e8abbdf1d38ffe6aa,1,fc2053a22dde0b067898ea436a86ec6e,cca3071e3e9bb7d12640c9fbe2301306,2017-10-17 00:14:42,122.55,18.23
c0bae1d039f9f7459a21f5276b1127f4,1,7127d16c840983cf82440bff9277f6ef,db4350fd57ae30082dec7acbaacc17f9,2017-11-07 04:27:19,21.99,14.1
c0c7a73363db4d3d632ff85f6b6f614d,1,0a57f7d2c983bcf8188589a5fea4a8da,4869f7a5dfa277a7dca6462dcf3b52b2,2017-10-26 03:14:34,109.9,15.52
c0e6116a3c6c2d732ec1b43bb7b5f307,1,1c9b5793de6c3d9117b6218552c87a8f,3c7c4a49ec3c6550809089c6a2ca9370,2017-11-03 19:15:19,13.99,7.78
c0e6116a3c6c2d732ec1b43bb7b5f307,2,f2ecbb02b6da187a9f14b8ac5781faec,3c7c4a49ec3c6550809089c6a2ca9370,2017-11-03 19:15:19,13.99,7.78
c0f132a2c5e9f2bf23bf5671d6fd980c,1,d285360f29ac7fd97640bf0baef03de0,fa1c13f2614d7b5c4749cbc52fecda94,2017-10-17 16:07:15,348.8,10.03
c108072ab31ec90a754129c171577f5f,1,c744b9538213403285c97c9f7a53776f,70a12e78e608ac31179aea7f8422044b,2017-10-20 21:28:13,200.0,10.82
c10ff28c81d0b9bd2a265bb0836c8b0c,1,e070a61270050c4b1b704300f331cca6,66922902710d126a0e7d26b0e3805106,2017-10-11 06:21:20,60.0,16.67
c111660003fe3dd242a376599653b22a,1,5d66715cc928aadd0074f61332698593,128639473a139ac0f3e5f5ade55873a5,2017-10-19 11:28:22,19.9,42.38
c11a68c413a5bab666d3afe5a3ed7ef5,1,eb7172d8a3c64298d2d767f6603c231e,725c32fa80c2faacc4fc88450d27314e,2017-10-05 16:49:19,44.95,21.15
c11b9c3650e886882788fb2f834dd152,1,32b2a45c7698faf599ad250c65f6f633,e8b3a3a38279a82f0e5d006d5e5b7d2c,2017-10-25 03:49:32,39.9,13.37
c13d13f1434937c5e9539c2393e2ec87,1,00de7f393d962717eeeb2d7131a40dba,6f892e20a171e98efe17fdb971ff319b,2017-10-23 11:14:10,97.9,15.44
c1483dff7c3e7cd1018e710012ec892b,1,0ca7afae61c042aedfd973110cd8970f,530ec6109d11eaaf87999465c6afee01,2017-10-09 19:49:26,65.9,15.21
c153dd095e8ccdaa7331d24b23bd62a9,1,12ce53b5f757dfcb8e78117caa2d6ac4,128639473a139ac0f3e5f5ade55873a5,2017-10-31 09:26:07,19.9,16.79
c157dbddbf8cf9a086acf9ef8eb8cf92,1,6803077179d24889430188e03fafd31a,128639473a139ac0f3e5f5ade55873a5,2017-10-09 12:28:19,19.9,16.79
c160599d4ea4eefa0e420db0a0cc9926,1,cfc665b462ccc3a43b1a1283e678b1a0,5c6d4016c2a288f074fa0848a2b653d2,2017-11-06 07:15:06,59.0,16.04
c16ce7cb8754c1a23b18dda94ca20b02,1,0fa81e7123fd0ebe03adbbe99d912827,da8622b14eb17ae2831f4ac5b9dab84a,2017-11-08 06:50:06,99.9,17.95
c170c51c1eb31dee8f0771f19fe984a6,1,23f26aad5e170be72892a841fb2b0ab8,5160d23075764e18e07c1f4a87fad743,2017-10-10 15:44:49,79.0,15.31
c17d6a9708cfd25cb90e960da4123e07,1,08574b074924071f4e201e151b152b4e,001cca7ae9ae17fb1caed9dfb1094831,2017-10-18 15:45:38,99.0,33.08
c1b87c671fed6c43d7d20e5142646cee,1,0c4709ae5ad2750dd34dbaff9d5bbd3d,ea8482cd71df3c1969d7b9473ff13abc,2017-10-26 01:28:15,27.99,15.1
c1e8d82bfb3b9310889636c7589e8007,1,41db6d8062fcd38410c699743ccc0265,7d76b645482be4a332374e8223836592,2017-10-19 19:35:36,25.9,7.78
c1e9380db44c0a514635cbaddc570fb3,1,db7f3f42ccab32fa6328b3063b278bcc,7299e27ed73d2ad986de7f7c77d919fa,2017-10-19 12:56:17,38.0,12.48
c1eab66ff6c440a9f5d92f83b8f10550,1,a5215a7a9f46c4185b12f38e9ddf2abc,53243585a1d6dc2643021fd1853d8905,2017-11-03 04:05:37,1340.0,33.83
c1efdd2d9175b13e263d77e6ff0803ff,1,b6bdebb92f595f00c73bd42e0e3a8517,ef506c96320abeedfb894c34db06f478,2017-10-23 04:06:55,25.99,7.78
c1f0e475378c6500b5907a2134bda1da,1,5a76b277c6c31033b89362512fb80274,d1c281d3ae149232351cd8c8cc885f0d,2017-10-25 16:07:43,37.99,16.11
c1f96d0e2636bcdef5ba712724d9dd6e,1,735bfbf42adf674ab05553909b0b92af,05f51e13da97139648b8125c31e5f51b,2017-10-13 10:26:08,65.9,14.21
c20197cf31f945d8c2cbf79518530b4b,1,6e70e2f56d6f07cde6377a05d1679f79,8444e55c1f13cd5c179851e5ca5ebd00,2017-11-16 07:10:11,79.9,13.58
c202b43b446af71cf281f8d5e0bab42e,1,7ac0d3f8ac5b60c13d74b02b8cbb4623,f27e33c6d29b5138fa9967bcd445b6d5,2017-10-17 07:34:15,94.9,17.91
c21d1e70c15865d3e15e6e42c9c80b2d,1,c10b1461f47aa6d9c8aeddb05b239c4d,3078096983cf766a32a06257648502d1,2017-10-19 14:35:15,199.99,17.16
c2366de030bbb08e26d86e7489ce65c9,1,66b5f91356d928ae807ab4ee547f5e3e,f45122a9ab94eb4f3f8953578bc0c560,2017-10-18 04:49:37,42.99,15.1
c236814f448d4536d236cbe7e34f94b4,1,4182ad8f6fd91b6064f2d1097d8a4291,b56906f7fd1696e043f1bcce164c487b,2017-11-03 16:31:21,34.99,20.84
c242919a2b2fa0fec536c534c968e8a2,1,5800e9581700cc03968b7bb57f4c5978,f214d28e8d8e3ef068748498ccc2f813,2017-11-07 11:55:14,29.99,11.85
c256d21967285da68304dbc784bae3d4,1,87178532ea55e247a0cac93f4126e96a,ececbfcff9804a2d6b40f589df8eef2b,2017-10-12 22:49:12,71.99,12.0
c262a5f352a22159735734b273a4b888,1,ac43429cfe2a3933709b85dc2acacca8,1284de4ae8aa26997e748c851557cf0e,2017-10-26 02:56:33,329.99,19.88
c2646971872aa9667e99e3b4545dc747,1,0bc26e3e8475d1df57c86c60c3304a27,ec8879960bd2221d5c32f8e12f7da711,2017-10-24 11:45:19,174.9,40.21
c264b15fa68ce10784f6f22b5f7737b0,1,6924997ec2d73795bb9d76519d9dfab0,6a8b085f816a1f75f92dbac6eb545f8f,2017-10-19 19:33:32,16.9,11.85
c269cce123fb9db14b5d2cbe52b36ea5,1,1b7ce992a80ac036dd9ab73d08289712,582d4f8675b945722eda7c0cb61ba4c7,2017-11-07 03:50:29,25.5,11.85
c26f6a2ea3a573319aa40ffebdc1a43a,1,f8f93700c26007f74716eca57d217cfd,d57e18d5f73c7ccb7f7339b61166898d,2017-10-19 18:35:18,55.9,16.15
c28475e383b1ded793fe443af4d1efca,1,17c4bd4269902c84acc14c497f282ddb,75d34ebb1bd0bd7dde40dd507b8169c3,2017-10-13 12:35:19,324.99,18.71
c2b188860433e96beb3ef17cf8e69b0d,1,cd3ee451bebe79ab56e507d101897b91,cce6ab8d1682639fe45ab70234f1665f,2017-11-03 19:56:14,40.0,19.59
c2b98b5cd6c038d9115970d03ecb1f6c,1,2a2d22ae30e026f1893083c8405ca522,1a3df491d1c4f1589fc2b934ada68bf2,2017-11-09 22:25:57,149.9,17.7
c2ca2bb17ed706c909f7011c18b1ba98,1,54e5939fcd9ae70ad0f59f612d6d29bd,48436dade18ac8b2bce089ec2a041202,2017-10-09 03:56:32,45.9,13.23
c2dd88bae676f786c6d4de5c61ce17c9,1,8bfd18c7b7358231b2a3f9ae98eed105,79ed755314cfe6df0daef2c6cd3022cd,2017-10-16 17:07:12,159.9,13.46
c2dd92ed017508292d833279ee263923,1,4cac1a12a6fe9ffba4a9556dbe582e28,7ddcbb64b5bc1ef36ca8c151f6ec77df,2017-10-12 22:28:15,25.99,15.1
c2deaee5e0fe626293e81bcfb557932e,1,3904e66405ea8ec8d104534682a38c6d,e8b3a3a38279a82f0e5d006d5e5b7d2c,2017-11-03 02:28:37,15.9,16.79
c2deaee5e0fe626293e81bcfb557932e,2,3904e66405ea8ec8d104534682a38c6d,e8b3a3a38279a82f0e5d006d5e5b7d2c,2017-11-03 02:28:37,15.9,16.79
c2e2ebe5c3ed97d7d487c65bb2b1a663,1,57c02c48a650103c03cfa86b8b67b7b9,080199a181c46c657dc5aa235411be3b,2017-11-03 15:10:21,179.49,9.45
c2e3454f93d7b6dfdf292ec8c7ed9f99,1,44d097d59e8430f88a67517cd0c4f865,6560211a19b47992c3666cc44a7e94c0,2017-10-26 17:28:19,69.0,7.78
c2e945f7388f760b0bd02c22a4f6993c,1,232ae93f6ac6e6a57c1b34b312eb3826,6a8b085f816a1f75f92dbac6eb545f8f,2017-10-09 10:50:52,54.9,15.13
c2fe2f550416c0b36bad93166e4d2d1a,1,1a658f920c35086bb2f6421f240608bd,edb1ef5e36e0c8cd84eb3c9b003e486d,2017-11-08 02:30:30,59.95,16.86
c2ff08c0c7d631b32eb1040d9fb73161,1,2b4609f8948be18874494203496bc318,cc419e0650a3c5ba77189a1882b7556a,2017-10-23 16:14:32,89.99,19.17
c301f64860cec992f8d9c532fb00f867,1,2136c70bbe723d338fab53da3c03e6dc,6560211a19b47992c3666cc44a7e94c0,2017-10-13 04:05:54,29.0,7.78
c301f64860cec992f8d9c532fb00f867,2,14a0471af2a7bc596532fc8a6f29b1f8,6560211a19b47992c3666cc44a7e94c0,2017-10-13 04:05:54,29.0,7.78
c303310fc1c9bcd9fc5da93bae0ff3ec,1,fe01b643060a6446e59f58e3021e66b3,2dee2ce60de9709b1a24083217181a1f,2017-10-19 17:50:18,143.0,38.55
c30fd0cc92f2a45137dc1ae120da4666,1,43423cdffde7fda63d0414ed38c11a73,b1fc4f64df5a0e8b6913ab38803c57a9,2017-10-09 22:56:13,55.0,7.94
c31c5506867767b7649a3833086c2925,1,aeb2f7fc62c8a2a56ae6e2f1b04d4e62,8d46553a36e68f95350a200c12f8f2e2,2017-10-23 07:49:10,16.9,14.1
c31f5afc2aa6a048ea1d0f84afd0b762,1,a4e285285691cfbcc14df9e2d85bd337,45213867cefbf2cd4c6177e10216a951,2017-10-18 12:49:18,317.14,16.72
c3282d67d6e224add80f8bc4b9edc1a7,1,0fa81e7123fd0ebe03adbbe99d912827,da8622b14eb17ae2831f4ac5b9dab84a,2017-11-08 11:05:19,99.9,17.95
c32aa6c419d45714f23c9df96f217cc9,1,750dcfda0a9788bba89c94bb82a322db,53e4c6e0f4312d4d2107a8c9cddf45cd,2017-10-12 23:05:14,24.98,16.6
c3301bb3a7c95a0f36e7215526946b82,1,165f86fe8b799a708a20ee4ba125c289,7ddcbb64b5bc1ef36ca8c151f6ec77df,2017-11-07 04:06:22,146.99,21.52
c330b70c5e60bf56e90ebe09e045f79e,1,df985d02c8caa424d0e47cfa6d94f838,d71d863e5ef30d94e440c11be17dcd8f,2017-10-26 02:49:33,299.0,35.45
c35a37d0a33beb367aad6fc4dc2178ec,1,770a3a5aefbd3d48745565765cc1936b,6b243f80ed07b10f0e8aa0f21a205f3c,2017-11-03 19:45:27,84.9,16.06
c35a37d0a33beb367aad6fc4dc2178ec,2,c252ac6ba12ddd61a54b4fd73f223e7e,6b243f80ed07b10f0e8aa0f21a205f3c,2017-11-03 19:45:27,104.9,32.12
c378d1766ed412f14e38a4fd8547f9e9,1,51250f90d798d377a1928e8a4e2e9ae1,3c7c4a49ec3c6550809089c6a2ca9370,2017-10-11 12:07:19,13.99,7.78
c38c0f119b3e3e8985c68a0204872116,1,acc10c61bc17a1c18cae33d4884f7e79,a425f92c199eb576938df686728acd20,2017-10-16 20:07:14,34.0,12.48
c3c21324197aea2e6d019d16a7cab5ef,1,aeb37360d7dbf2f5136bb2ae449ac16b,3d871de0142ce09b7081e2b9d1733cb1,2017-11-01 03:09:26,29.9,16.11
c3c637478a3bd7fb492aff16c4aa8ec0,1,7fb04722aba7a2b632bac8f9819796f3,f3b80352b986ab4d1057a4b724be19d0,2017-10-25 09:49:24,79.9,16.81
c3c8c891f706a8256fb5da39ced6ceae,1,17ad6786808ab3fedfb261a70a5932d6,b2ba3715d723d245138f291a6fe42594,2017-10-16 20:39:01,124.9,14.62
c3d4a81d37e11f1aa71ee71185d71635,1,d01361dc1752562049e33f0456109c7e,3d871de0142ce09b7081e2b9d1733cb1,2017-10-31 22:28:08,59.9,31.45
c3e40fee340399205d38e93fe4fa21d1,1,f93213a23c50edc16c27b96333f734dc,46dc3b2cc0980fb8ec44634e21d2718e,2017-10-30 03:56:24,269.99,33.33
c3e5589dacc9d42e41377ef559d9a159,1,6a1a04054158fe995e1688d8f79605b2,9616352088dcf83a7c06637f4ebf1c80,2017-10-19 04:35:18,59.9,17.99
c3efd4a2e8fb35fdc26a1312de8e2ca2,1,2dc0d95288983b8c91627bab326284ae,a416b6a846a11724393025641d4edd5e,2017-10-09 20:28:20,96.35,13.69
c3fa73017c4a172907d79669eda248d0,1,d7e2d29c1596c2eb1e6e0c85f27cc81f,77530e9772f57a62c906e1c21538ab82,2017-10-16 00:14:53,119.0,20.07
c3fc148b164409876f756553d99a1e6a,1,0b1c9f47ac2b26c6bc77bebf7362eb40,b4ffb71f0cb1b1c3d63fad021ecf93e1,2017-10-19 17:08:55,117.48,18.1
c3fd670b03599718895218d479f660b6,1,1eb5b06a73df439c29be30c762965ce3,7e93a43ef30c4f03f38b393420bc753a,2017-10-10 18:28:17,899.99,21.05
c40dde193e5c66baefaaace305961861,1,f71f42e2381752836563b70beb542f80,85d9eb9ddc5d00ca9336a2219c97bb13,2017-11-08 12:28:12,31.9,9.09
c41deac864c11ed028c447061d233e3b,1,e855e71e84e8f333d5f82f54e22fda48,25e6ffe976bd75618accfe16cefcbd0d,2017-10-13 16:25:58,88.0,14.37
c456339d894d329ad45d39e3d6796b90,1,01ebdb7ca76a3c581c0d5229ed80be7c,1127b7f2594683f2510f1c2c834a486b,2017-10-23 22:05:18,28.96,8.72
c47b1491cd81b1f69d3a774637a45033,1,13ebf5c91d35332ef90cf65a7d2fff18,de09d00cfc265b8804c7df34075a68fa,2017-10-19 10:49:16,299.0,16.84
c4a4340f8f35d5289ea5eb4dd44815f4,1,de916cab431520b8d1980c24bf4dd473,3d871de0142ce09b7081e2b9d1733cb1,2017-11-03 16:10:07,19.9,2.31
c4a4340f8f35d5289ea5eb4dd44815f4,2,e4ad97ce352e46bebac92018f6ed976d,3d871de0142ce09b7081e2b9d1733cb1,2017-11-03 16:10:07,79.0,23.11
c4c6e8f064fd8995f96f6abd4c5b0e42,1,706949f5bda149a2807ebcdeb114edc4,7142540dd4c91e2237acb7e911c4eba2,2017-10-27 21:49:17,429.9,20.26
c4c8b726ad7cd3710a9cf7bbbbcff111,1,fe01b643060a6446e59f58e3021e66b3,2dee2ce60de9709b1a24083217181a1f,2017-10-05 19:07:18,143.0,38.55
c4cac393cb3ff78fe2823fc2222d1f04,1,06f0e85c7892d5df893f332706340af1,3d871de0142ce09b7081e2b9d1733cb1,2017-10-26 15:35:17,179.0,82.07
c4d20fe1dfc53b381d64e96abf1a1bea,1,dbd55362ec13c706503b1c71a5068a1a,e24fc9fcd865784fb25705606fe3dfe7,2017-10-26 18:14:14,102.0,16.47
c4e1ea7f49c3156d4ec6e597f9299c7d,1,8db7c6497625f4f17d770bd01912cbe8,7a67c85e85bb2ce8582c35f2203ad736,2017-11-07 04:06:23,15.99,9.34
c4e545bf33690bbfab5d78ae49c00564,1,f67f7aa7e27d08018022abb4bdc90a38,822166ed1e47908f7cfb49946d03c726,2017-10-19 04:27:46,39.9,13.23
c4e736f668cbfe837a8f4718225b402b,1,293ee8ac0a45f559cdeba37b938fdb66,4a3ca9315b744ce9f8e9374361493884,2017-10-05 21:24:06,55.6,12.73
c4f745840ebc0928216398dfa6093676,1,7eabb546be2a37893a361faab2b447a1,da20530872245d6cd9d2f5725613c430,2017-10-24 23:34:14,110.48,25.61
c4f745840ebc0928216398dfa6093676,2,7eabb546be2a37893a361faab2b447a1,da20530872245d6cd9d2f5725613c430,2017-10-24 23:34:14,110.48,25.61
c4fe474b612c47a9371f3404c98aa380,1,9e86427a5a9119af3ad32f27ccd9df52,432c37c9dfba871172ec162e20118b8c,2017-10-27 16:46:27,140.0,16.42
c50900d38156ee6a498f19812b8152d0,1,014a8a503291921f7b004a5215bb3c36,fa40cc5b934574b62717c68f3d678b6d,2017-10-09 16:28:18,36.9,34.15
c5132855100a12d63ed4e8ae05f9594d,1,db9e2ea2789762e3b0ecb627eb70696d,b92e3c8f9738272ff7c59e111e108d7c,2017-11-22 04:24:35,119.9,20.75
c5138f289232734a71dc949e763c3dc1,1,5115d8cd6438c0c4d8abdf38d5d41ebd,6560211a19b47992c3666cc44a7e94c0,2017-10-19 00:49:19,69.0,21.28
c53079ef16fa59b2fec31f6f48dfd186,1,86cbe3f62944a6ad224137e01f54c0b9,8d46553a36e68f95350a200c12f8f2e2,2017-11-13 02:14:26,16.9,17.63
c54e54dd1e0825cff027c9e76c4033d3,1,f0973383ec656ea00297313758897094,ca3bd7cd9f149df75950150d010fe4a2,2017-10-24 14:05:27,234.0,22.29
c55086eeed63b963d33c3253b9954895,1,8f5cb6362e19f8120f77484dc5619a6b,2b1a40c1daabc6ca280c4b815c101841,2017-10-18 04:14:40,525.98,67.26
c559ef7939489ab0ce5419d36a23938d,1,c2ece64199af7a53793ed9612a89a8cd,6c7d50c24b3ccd2fd83b44d8bb34e073,2017-10-13 11:14:12,75.0,21.02
c5816c6d12ac8e0bebace202a2774edf,1,74cee16411adfa1d4d9a343d75aa6177,1dfe5347016252a7884b694d4f10f5c4,2017-11-06 10:15:26,61.0,12.77
c5883e5be24c4f0627d36a56ed34d190,1,99a4788cb24856965c36a24e339b6058,4a3ca9315b744ce9f8e9374361493884,2017-10-05 15:06:08,89.9,43.04
c589526dcf7791fc0f41f7d0e1dce07d,1,e59dd207c69d86e890febadc796d1078,1c68394e931a64f90ea236c5ea590300,2017-10-26 12:27:41,169.9,17.63
c58da945b58d132163a5b7c3b0312903,1,389d119b48cf3043d311335e499d9c6b,1f50f920176fa81dab994f9023523100,2017-11-06 21:31:32,59.9,17.67
c5a1b0ee6416312709869716d1c54d73,1,362b773250263786dd58670d2df42c3b,4c2b230173bb36f9b240f2b8ac11786e,2017-10-18 04:49:22,49.9,14.1
c5a1b0ee6416312709869716d1c54d73,2,362b773250263786dd58670d2df42c3b,4c2b230173bb36f9b240f2b8ac11786e,2017-10-18 04:49:22,49.9,14.1
c5a1b0ee6416312709869716d1c54d73,3,362b773250263786dd58670d2df42c3b,4c2b230173bb36f9b240f2b8ac11786e,2017-10-18 04:49:22,49.9,14.1
c5c6c23c10d2df268fd5cd8c107ba622,1,43354a2ac9eca9f50cb31647c6d5516a,f8db351d8c4c4c22c6835c19a46f01b0,2017-10-31 02:14:12,99.9,21.19
c5e79fde963dea8e49adf06e70fefa9f,1,e8c6039a25765995ac7c1ec2cbef5765,3d871de0142ce09b7081e2b9d1733cb1,2017-10-10 15:28:26,19.9,15.98
c5f2bd6122735f3362d5acc3e1df7e01,1,7c4a8bec217df1de0df2b5aaf8175b65,7040e82f899a04d1b434b795a43b4617,2017-10-26 02:49:23,19.9,11.85
c5f6d3ac0511ed9303df3767bd834100,1,99797fec32d275aa8d943b11bd6dd11a,e06f09ec0a4aca210779cf1cfc63cf19,2017-11-14 09:26:20,518.0,27.42
c6007f8fb6a4e182373f412b2ee462bb,1,531e80cf1d0a71c020c1814e474a2045,8ab42aa58097fd4668d60cc648225d5f,2017-10-18 10:28:16,175.0,21.63
c614e300e4fa56844ccf198d05fc3da8,1,64b488de448a5324c4134ea39c28a34b,3d871de0142ce09b7081e2b9d1733cb1,2017-10-30 13:35:21,79.0,13.57
c617b81bdf196a2a7f3f4f9b68439ca7,1,d8de812ed5d981fc6a3984f4caa2aa05,54a1852d1b8f10312c55e906355666ee,2017-10-26 23:28:16,59.99,22.74
c618d3f25c239068c153e78f7d9edcf6,1,28153a494455c0488b2afa71fa6ea98e,4e922959ae960d389249c378d1c939f5,2017-11-03 15:29:20,110.0,16.53
c62b6637a1c509d71c093e1e950c2ece,1,46957faa8ca08af2cb0e35f42fac6141,17e34d8224d27a541263c4c64b11a56b,2017-10-06 18:28:18,149.9,16.68
c6381f3e639ac6b8e42d76ddd28229ed,1,1c33c71830d320620439a3236a1c4ae1,527801b552d0077ffd170872eb49683b,2017-10-24 23:28:59,108.9,16.39
c63f4a1a51b78e8b9c14cae50f2e1817,1,01da7f08d8327e0b4fab7edaa0c417a4,70a12e78e608ac31179aea7f8422044b,2017-10-24 18:07:25,299.0,16.84
c64988ee72ec569d6465ac91526672a4,1,86b8032cbb666ec9ca1f2aa4d4cace06,dee656f0f566ed1aa85bd137c943f08f,2017-10-26 14:14:19,59.9,15.17
c6536cd04306b9263da882ed30296aae,1,e2e426d1332240070b0a836a854d057b,cce6ab8d1682639fe45ab70234f1665f,2017-10-23 12:49:33,40.0,18.59
c671f90758b4e249a77ccaf0726e2fba,1,0a74b9407eaec9d6c760a1e92c10d96c,f41ce2e25237f9092cd8e6e7516c7a2f,2017-10-13 17:14:11,90.0,15.39
c674586a61ecaf238903f355cc490acb,1,db4e12399028c661997d99981af68642,3d871de0142ce09b7081e2b9d1733cb1,2017-10-27 16:49:26,15.0,15.1
c67d722c949fca41de36455344293ed9,1,d33f55fbec1f19c63fc6854c2fd65925,1900267e848ceeba8fa32d80c1a5f5a8,2017-10-31 22:35:26,90.0,34.43
c6923c3d37451ab418ddd917165051c0,1,461f43be3bdf8844e65b62d9ac2c7a5a,4869f7a5dfa277a7dca6462dcf3b52b2,2017-10-24 10:27:13,159.9,17.56
c6af04c6a72b5d587a620ad29c41dcad,1,5c478d826b60d0f057579a180fae4b05,f08a5b9dd6767129688d001acafc21e5,2017-11-07 03:50:20,551.0,20.34
c6af04c6a72b5d587a620ad29c41dcad,2,5c478d826b60d0f057579a180fae4b05,f08a5b9dd6767129688d001acafc21e5,2017-11-07 03:50:20,551.0,20.34
c6af04c6a72b5d587a620ad29c41dcad,3,5c478d826b60d0f057579a180fae4b05,f08a5b9dd6767129688d001acafc21e5,2017-11-07 03:50:20,551.0,20.34
c6b0cd5c0d74a8a96dfa152ec3159de4,1,d60c7a798d6fb6242ca9ace328f624e0,de23c3b98a88888289c6f5cc1209054a,2017-10-19 15:51:12,309.99,17.93
c6c8efeaf2205f11be796833a750f49e,1,0a57f7d2c983bcf8188589a5fea4a8da,4869f7a5dfa277a7dca6462dcf3b52b2,2017-10-30 10:35:18,119.9,16.47
c6e024e14773d2ff5afd6daeaaa9239c,1,c4baedd846ed09b85f78a781b522f126,a1043bafd471dff536d0c462352beb48,2017-10-10 03:07:16,99.0,38.53
c6ed8a05ecc79e1f32c89a71e67a070f,1,5f504b3a1c75b73d6151be81eb05bdc9,834f3294fba9f932f56edc879193f925,2017-10-26 21:49:23,610.0,113.72
c6f821236b635a442caa06bbe3c7e109,1,c6336fa91fbd87c359e44f5dca5a90ed,4c2b230173bb36f9b240f2b8ac11786e,2017-10-24 03:16:05,45.9,8.72
c71306562d226384a996365f61966a78,1,7764215b7e09bfc5d5d1c8fe89eef727,2f74af7a0ee5636f12c2336f9fffed47,2017-10-12 21:56:12,38.9,21.15
c714ff3ba4e1c85d122b41fa04381cff,1,af3c32ffb86784d96ad53372364b9d3d,6c177e38df6d3f34182b1f1d427231bf,2017-11-06 10:35:31,150.0,17.49
c729a2c3dd65a6880f7d4c57d792fa48,1,5411e9269501a870cabf632f05655131,3d871de0142ce09b7081e2b9d1733cb1,2017-10-12 22:07:23,99.0,17.94
c73c03cf41cc2b70000a4e461d11533c,1,4563d900cd3080ee4854e36ea7d0f156,827f8f69dfa529c561901c4f2e0f332f,2017-11-06 13:30:27,29.9,17.63
c75e8aabb43c6485091e0ed9b88ed5d9,1,4615c086d05b264e9ff7004fcb515e37,0bae85eb84b9fb3bd773911e89288d54,2017-10-26 07:49:11,38.2,15.1
c765801ff1022b82d664e0a1b114d4b2,1,22937a73f92a33040ab4e2540355a5d8,0ea22c1cfbdc755f86b9b54b39c16043,2017-10-16 15:56:22,79.9,8.14
c768b1d3a1541f992ff2a94488a364d7,1,108952e9e1c5cbd3f2b29ec2893c33da,391fc6631aebcf3004804e51b40bcf1e,2017-10-10 02:56:25,39.99,17.92
c7824980982e5311909ab52b74679d56,1,76bfc9b1b1f332cfe28e1480389a38ca,e96498ed8daaa3e9c23f7a62da76591c,2017-10-18 03:20:01,509.99,20.28
c7950b20ba9ee51a1d8e166dcfb4bb10,1,34ca28e1d0a2055f325d4275bad02073,f8db351d8c4c4c22c6835c19a46f01b0,2017-10-16 08:27:47,175.9,38.37
c79a29817509b8122a3b3c3a24414866,1,14555ba663de8689feacf1d0819cc3b3,dbc22125167c298ef99da25668e1011f,2017-10-18 15:14:20,92.9,14.38
c79f6f90ae7d5b3b63033215b568c827,1,2d8b38d9f3b8fc6659cd5aa565ec6e7c,70a12e78e608ac31179aea7f8422044b,2017-11-03 05:25:59,15.0,11.85
c79fa1e8485d41926511c2c2074a5f9c,1,154e7e31ebfa092203795c972e5804a6,cc419e0650a3c5ba77189a1882b7556a,2017-10-18 04:14:11,23.99,7.78
c7cfea0c153e6382e32e84c2a9dd7d2e,1,f48eb5c2fde13ca63664f0bb05f55346,f7ba60f8c3f99e7ee4042fdef03b70c4,2017-10-09 12:07:18,60.0,21.22
c7e061193b749f7a762209326b964dc4,1,c4baedd846ed09b85f78a781b522f126,a1043bafd471dff536d0c462352beb48,2017-11-03 13:31:19,89.99,69.34
c803c517b7b4203209bc317a912728e4,1,262573ecc3b4b8c70a61fbc90671efa4,e5475dcab1e07b63d7f6e902d8f5eda8,2017-11-03 03:06:35,48.0,7.78
c804674d437b41cf864db4bf8b66fff6,1,fbaefac04950112a7da468bc016cc257,71039d19d4303bf9054d69e9a9236699,2017-10-17 19:07:10,29.9,15.1
c81212c37109680367e3d709dddb029d,1,5f504b3a1c75b73d6151be81eb05bdc9,834f3294fba9f932f56edc879193f925,2017-10-08 22:24:00,610.0,65.01
c8149ea29f0a2d421ed6f7a82b6ed188,1,362b773250263786dd58670d2df42c3b,4c2b230173bb36f9b240f2b8ac11786e,2017-10-13 13:07:24,49.9,11.85
c82958fd016561c41f9d59212740ba47,1,75d6b6963340c6063f7f4cfcccfe6a30,cc419e0650a3c5ba77189a1882b7556a,2017-10-27 02:56:15,56.99,21.2
c829a917c62d7a244f9be7ae9189c4e1,1,d3c044bd42d84a79e3b0c42662806a48,4c2b230173bb36f9b240f2b8ac11786e,2017-10-10 10:49:40,25.9,17.63
c8426a2c3cc5c11e8aa0789c3238d4d9,1,a05f4c1d544848f9ee86f767c9cc0d4f,70a12e78e608ac31179aea7f8422044b,2017-10-22 23:49:08,39.0,11.85
c84fc53c53493ddf7c688d601056510e,1,b5e13c9a353102f79c6206ff5cb61a50,a49928bcdf77c55c6d6e05e09a9b4ca5,2017-10-11 08:56:27,79.9,11.76
c854a1f42d7cddb25891587ddd91caa6,1,a710be5818329b097a82bb26b480f5fa,54a1852d1b8f10312c55e906355666ee,2017-11-03 09:35:24,59.99,18.96
c8552e53c39ddd0a833f474899d5a966,1,4606f0b0bceceb75e7a887e6b57cae3e,25c5c91f63607446a97b143d2d535d31,2017-11-06 17:28:08,154.89,10.5
c8561f97a8ae2c73be7dc1a013203192,1,7814c273ab16783d73a9863ebfa8b141,1025f0e2d44d7041d6cf58b6550e0bfa,2017-10-30 20:05:06,250.0,111.2
c87aeaf4ab89100adcaee5b3123408fe,1,d8dd9c0b7decc04a3112159b4e6cf7be,4b9750c8ad28220fe6702d4ecb7c898f,2017-10-24 11:35:26,48.9,12.69
c87d6447fb7ef9d8eb2d7bc76a1a940a,1,c4baedd846ed09b85f78a781b522f126,a1043bafd471dff536d0c462352beb48,2017-11-07 12:30:58,89.99,38.47
c8897b5891a3195ee9cecf410341b589,1,0ba14c257ad706bacadec65dfdb3b740,eae9af4811c294c56795d70e715b7337,2017-10-23 01:49:13,15.9,11.11
c8897b5891a3195ee9cecf410341b589,2,b833b995caddd97b8786370988e32ee4,aced59e9b31ef866a94f9e7f29d8d418,2017-10-23 01:49:13,9.9,4.45
c895355af2bc9e095254d9581cd77699,1,a9f480bfc49f0b85e8394e1cdf685b4e,3d871de0142ce09b7081e2b9d1733cb1,2017-10-09 17:49:30,55.0,16.15
c89d81740da0f2eca4cdbac9c558ed6a,1,f1fe595ee7ef768b41bd9b246d13432d,81a1104df0f08b59c68aa5b03cfe398e,2017-11-03 14:30:16,99.9,16.95
c8c13c8c58d62b12f9df992a5fb5710c,1,0d0cffac9618a8f05f06bdd397a47813,1b8356dabde1d35e17cef975c3f82730,2017-11-03 01:35:09,19.99,7.78
c8c474f20a667ba003a1f6e929fc3a44,1,a336b0ac7335c30f4117c4b824332a7e,9674754b5a0cb32b638cec001178f799,2017-10-11 10:35:27,46.9,18.89
c8cd8e0f700ac1654cd0b3fe26ff99e9,1,01bd9be7c04525d23a4a901b4abbf56c,7040e82f899a04d1b434b795a43b4617,2017-10-29 22:25:37,159.9,29.52
c8cd8e0f700ac1654cd0b3fe26ff99e9,2,01bd9be7c04525d23a4a901b4abbf56c,7040e82f899a04d1b434b795a43b4617,2017-10-29 22:25:37,159.9,29.52
c8da1e97d81e786470cac73c845ff45f,1,382db2ed3015c04d4b844d2a0712494c,dc4a0fc896dc34b0d5bfec8438291c80,2017-10-19 18:14:25,95.03,17.92
c8dc34e23d7065c2f4e1788710a65ecc,1,7b35be468d9795a7529f65c50ec87668,4869f7a5dfa277a7dca6462dcf3b52b2,2017-10-09 20:14:10,615.0,20.75
c8dc9486538955f490d0a13d54f76fe0,1,408e83214d33817b4bc554f392509088,bccf933e006e9b94a6184af782963e77,2017-10-13 20:49:28,169.39,33.64
c8e348190c50484d7541f831a9fd75b2,1,c1b350ede922e02138912a3192bcc86d,5962468f885ea01a1b6a97a218797b0a,2017-10-11 02:49:34,149.0,15.79
c8e51524cf9ae78ec9f421b1054378ff,1,47a3fbd41bb53db64dacc4562ba3aa52,cce6ab8d1682639fe45ab70234f1665f,2017-10-19 13:56:23,40.0,18.59
c8f3878880e3fbd29d201ad4b47f9b81,1,c64490cdfe40f9e25abd222c541a06f0,5a8e7d5003a1f221f9e1d6e411de7c23,2017-10-13 01:24:59,59.9,12.76
c8f3878880e3fbd29d201ad4b47f9b81,2,c64490cdfe40f9e25abd222c541a06f0,5a8e7d5003a1f221f9e1d6e411de7c23,2017-10-13 01:24:59,59.9,12.76
c90735c78d397563ca13855251a0b5cb,1,4cac1a12a6fe9ffba4a9556dbe582e28,7ddcbb64b5bc1ef36ca8c151f6ec77df,2017-10-23 22:26:40,25.99,15.1
c91838d7476ccfd6cf843c084ab5c61e,1,6ab6d9589ae19abcee458918d4779fae,6039e27294dc75811c0d8a39069f52c0,2017-10-19 20:49:39,189.9,33.92
c924e1b4e4e8406a086385b5136d25a3,1,a564f50791e1677ddf2801fe1e8365c8,5656537e588803a555b8eb41f07a944b,2017-11-07 17:35:24,70.89,7.12
c924e1b4e4e8406a086385b5136d25a3,2,a564f50791e1677ddf2801fe1e8365c8,5656537e588803a555b8eb41f07a944b,2017-11-07 17:35:24,70.89,7.12
c92da1253fc8d4fc0574f937f32bc126,1,8cc0b6265dda0e4e8aced3d1446b80bc,44073f8b7e41514de3b7815dd0237f4f,2017-10-26 17:28:27,105.0,17.17
c932ba6d8ed80935ea754bb0bf682024,1,4e45c321347cc3336c76fd6350da3445,fc906263ca5083d09dce42fe02247800,2017-10-10 22:49:14,39.9,15.79
c95b280a7e851b23ca80dabb68095342,1,582dfc3697c5f834a5ddf28460ba9222,1da3aeb70d7989d1e6d9b0e887f97c23,2017-10-25 20:28:24,19.99,8.72
c95f74e4997a96f046a9e40e4d8726de,1,d475247b8adc9f4c339da83abee9a351,751bdc4d83a466c7206cd42e8f426b03,2017-10-30 03:49:46,99.99,14.45
c95f74e4997a96f046a9e40e4d8726de,2,d475247b8adc9f4c339da83abee9a351,751bdc4d83a466c7206cd42e8f426b03,2017-10-30 03:49:46,99.99,14.45
c9740baeefbade2c945acb18f4458c28,1,00de7f393d962717eeeb2d7131a40dba,6f892e20a171e98efe17fdb971ff319b,2017-10-23 17:56:19,97.9,34.49
c997b91dc02adbde398d66a919a15a81,1,cd48f265a63e13b762601f5f794c5fca,e9779976487b77c6d4ac45f75ec7afe9,2017-10-13 14:07:24,65.0,8.27
c99ca23474e04e001665cd9439b59dca,1,0aabfb375647d9738ad0f7b4ea3653b1,37515688008a7a40ac93e3b2e4ab203f,2017-10-30 10:05:59,19.9,15.1
c9a088f0077de94d4b7e57e5a234cea8,1,419ad775cb3c503c2ef135826f81065d,6edacfd9f9074789dad6d62ba7950b9c,2017-10-26 13:28:16,66.9,15.23
c9a41eaac7ef0fb40b81c58e3c7276c9,1,53759a2ecddad2bb87a079a1f1519f73,1f50f920176fa81dab994f9023523100,2017-10-13 02:24:51,59.9,17.67
c9a956d415a86a5a0c354e2032b4e502,1,e96bb423a08a118a05936e98e8278034,b4a476fbd28de64b1e347abf9089366a,2017-10-23 03:49:30,210.0,27.61
c9ac9cb5ec6a243bb9bd2338199748a5,1,bdb4be6ce2f7f2b5be0a16088028c7fc,955fee9216a65b617aa5c0531780ce60,2017-10-20 17:04:10,85.0,13.15
ca057e5d6b72a0fc19eb40cd99c188c8,1,9e4a852f41aff52bafff133d9deb5eee,3d871de0142ce09b7081e2b9d1733cb1,2017-10-09 04:14:21,99.0,13.71
ca066470fbce42af5941867af3a294be,1,f264c1d9b20b5e4a340254d0405e613b,7a67c85e85bb2ce8582c35f2203ad736,2017-10-17 04:49:33,69.99,17.74
ca0b30de0e60967b91fd5366743ba643,1,a59fb60fddcc72a9878b7ed5cb69d8e4,7040e82f899a04d1b434b795a43b4617,2017-11-07 11:30:41,19.9,7.78
ca225bf209f73268f4b3fcacf6d4b02e,1,63094ac128b54dd72d511043411df079,b372ee768ed69e46ca8cdbd267aa7a38,2017-11-01 08:14:13,250.0,35.55
ca232f56f19ba1b6db4b6cfea0d514a2,1,51b67230668746c1fe164ca744db9624,12b9676b00f60f3b700e83af21824c0e,2017-10-31 02:53:37,149.0,14.06
ca35a20423cabbc81c577f3ffe72169d,1,cd20f878813b93b6ad1df1b299775b0d,9c068d10aca38e85c50202e17b4a7e88,2017-11-08 21:50:21,139.9,20.22
ca3708e6c8014edc9292636d42479ee7,1,9794fba8c8aa64ab4fece2d3cbe731e9,715bbd5ba4e6b74cb0d2f29eb45058b0,2017-11-06 08:10:09,39.9,13.37
ca37d18bde9cdb0ba2b129d3ecabfd04,1,fcc27d197f2e7be2b9a8ecedfd1a1730,12b9676b00f60f3b700e83af21824c0e,2017-11-01 02:49:24,199.0,25.94
ca3ccd05ecdf6c73297349c485e668c3,1,b4decdbf54d275fc3c56ade817a12f29,e333046ce6517bd8bb510291d44f0130,2017-10-18 21:45:39,49.0,12.69
ca3ccd05ecdf6c73297349c485e668c3,2,b4decdbf54d275fc3c56ade817a12f29,e333046ce6517bd8bb510291d44f0130,2017-10-18 21:45:39,49.0,12.69
ca3ead5d3a8a5aa51de698e8a6f6f51f,1,1261bcae25b0000829246aa58e284a2f,7aa4334be125fcdd2ba64b3180029f14,2017-10-18 20:25:50,86.99,13.63
ca4ab73a0c2d4de618eb92c404e1f092,1,c9ea06f7fd4bd778e96031f46f60dfb9,48436dade18ac8b2bce089ec2a041202,2017-10-09 14:49:14,98.9,12.65
ca4bfcce82dcdde151327ee3be81ebe2,1,00de7f393d962717eeeb2d7131a40dba,6f892e20a171e98efe17fdb971ff319b,2017-10-26 21:56:43,97.9,16.13
ca4bfcce82dcdde151327ee3be81ebe2,2,00de7f393d962717eeeb2d7131a40dba,6f892e20a171e98efe17fdb971ff319b,2017-10-26 21:56:43,97.9,16.13
ca4bfcce82dcdde151327ee3be81ebe2,3,00de7f393d962717eeeb2d7131a40dba,6f892e20a171e98efe17fdb971ff319b,2017-10-26 21:56:43,97.9,16.13
ca5a4af4d2f58995a39865ef80e34cbe,1,10bebf92134e2365890500a92a4b2574,184a67a8f9f63234d3a92340bbdb727f,2017-10-17 07:35:32,29.9,16.79
ca66d500112900d75968df9716752250,1,62d8daeee0db3a60c234c2d1bfd10651,d2374cbcbb3ca4ab1086534108cc3ab7,2017-10-20 14:49:14,24.9,15.1
ca67ed4e41d10ddfede1632c9ccc1c8b,1,e6b6e13cf71449a457269f425b89dc74,b2ba3715d723d245138f291a6fe42594,2017-10-16 16:14:27,98.9,14.44
ca7c7cc82b6d5531b6ff87a7e232357c,1,d21bf4652c855ccafcf94116891cc7ce,aaed1309374718fdd995ee4c58c9dfcd,2017-10-18 15:49:22,147.5,16.79
ca8e9e412507bda954dc7e3cc20cb2c3,1,a634f634b444139884120ac4915d134d,e8b3a3a38279a82f0e5d006d5e5b7d2c,2017-10-31 18:28:20,299.9,44.13
ca8fdc1b534df33544ec27fed6dc5fbd,1,fe6a9515d655fa7936b8a7c841039f34,dc317f341ab0e22f39acbd9dbf9b4a1f,2017-10-09 15:49:39,249.9,69.21
caa7dcd7507e6cdcd45f7ba5d29383a9,1,24c0de23191c9450049b2b3d8749ad35,b5abf4f36adc043117b4fca82c22984c,2017-11-01 03:14:51,61.9,15.87
cabb82ac5d6b551aacf169d7ceccf521,1,f4f20f082b033ee3aaff51af1ed25a5d,ec8879960bd2221d5c32f8e12f7da711,2017-10-19 04:26:50,99.9,20.19
cad39f1647e3828163e49718ea495994,1,52c80cedd4e90108bf4fa6a206ef6b03,a1043bafd471dff536d0c462352beb48,2017-11-03 16:35:19,179.99,45.72
cb00070405704f99f49cf9e9e2794c77,1,d9293c1e73be790ec4534dfe249611ab,d1a5cc844736958c11b8efab9a2b4c87,2017-10-27 13:25:52,237.6,16.41
cb01f5da9344f4c8dce9d954754b4253,1,01f1608fbd6fc5b04308ff6157326e6d,ef506c96320abeedfb894c34db06f478,2017-11-01 02:49:14,34.99,11.85
cb0a4ac036ff43852a47ceda4d254cdf,1,043f9194337f5d8cd7092f581e0bc394,4ba52dfeba874da5b9ee7b17c7494f04,2017-10-10 02:32:54,49.0,16.6
cb0cde0092a5383a8c528f939deb7e34,1,330286b1345b8cc5abfbb74da93465a6,71039d19d4303bf9054d69e9a9236699,2017-10-26 19:35:10,269.9,35.69
cb122b9cb47f1559e0bc3dc167bc38ed,1,43354a2ac9eca9f50cb31647c6d5516a,f8db351d8c4c4c22c6835c19a46f01b0,2017-10-17 13:49:26,99.9,17.95
cb203b92888d8aa67beda73ce18054dd,1,dd47440cb56de3ab674f9208ff0edc3e,3bdff180c7e1f6551a643b99c265a120,2017-11-06 22:15:18,69.9,23.36
cb44ede59056dd2add95fb810b393786,1,84f456958365164420cfc80fbe4c7fab,4a3ca9315b744ce9f8e9374361493884,2017-10-25 07:37:06,99.0,17.94
cb4e50b143da325eb1ee32b9ecd0c80b,1,63c6d5d1d4b7b62eeac562b995ce4bbb,744dac408745240a2c2528fb1b6028f3,2017-10-10 17:50:00,188.0,15.07
cb57221532d6c0308e93781532d321f2,1,0f3de29f8370072525a20385ebbe889a,744dac408745240a2c2528fb1b6028f3,2017-10-23 22:35:20,629.0,29.43
cb803ef9c0e2f97215fed6bd31bdbd48,1,bfd4d65a528678737bcb523e5a3c5f58,d50d79cb34e38265a8649c383dcffd48,2017-11-03 09:55:09,105.99,14.35
cba168048c28675b998a0b46d19a672f,1,a72df9d6b4412dbd03d886846a438a3c,7299e27ed73d2ad986de7f7c77d919fa,2017-10-26 17:35:27,99.99,17.14
cbba3011242ca136008316701ed79229,1,22f49044bc3eaead7cadfb045391582f,4a3ca9315b744ce9f8e9374361493884,2017-10-13 13:49:17,89.9,16.39
cbd0b1bfca1e8dbbdf17f34ac37e1129,1,a9bee48e0a7a18e54e069c38a97e8b6c,dd9661d3cda1e6feb237f0c4d8b26f2e,2017-10-18 10:35:18,174.0,16.98
cbd6f379c5785a99687a2e00ae57b270,1,dd3e280f0e4930c7234596e43aa4c6f3,3d871de0142ce09b7081e2b9d1733cb1,2017-10-11 19:46:10,120.0,18.09
cbdfeec9560d60a397a4806eb64f0aa4,1,db03c4bc6a5693b6af0bfd893769a584,1025f0e2d44d7041d6cf58b6550e0bfa,2017-10-26 17:28:28,300.0,50.63
cbe22f8d51444e6cc27868a2ec81062e,1,8473872cbf0ba205b447e8651bd6e03e,14d7985702e72162bbf13b6beb74ab2b,2017-10-20 21:14:31,79.0,14.3
cbf962ea0d3753eb77e28f576f636f71,1,06ad93d66e91d09df5ce746906d9658b,da8622b14eb17ae2831f4ac5b9dab84a,2017-11-03 12:45:48,219.9,48.98
cc11801c1a3fe1bf0c3866b6890e8dfa,1,6408c33baecf128bc76222e5863f85c2,db4350fd57ae30082dec7acbaacc17f9,2017-10-17 11:49:31,37.0,16.79
cc20f1526c8c9725da26e2563d40260e,1,ac5bae85a895724330c4acddd581b02b,7178f9f4dd81dcef02f62acdf8151e01,2017-10-30 02:56:45,199.0,16.14
cc39eb27597876b3ad16c246ffcfd8de,1,da6f9d8ce4950ad572b7b4fe7d7e6c90,8b28d096634035667e8263d57ba3368c,2017-10-13 08:49:14,97.9,12.19
cc3d4ac8f11e38aebf094617bdbe0fec,1,00de7f393d962717eeeb2d7131a40dba,6f892e20a171e98efe17fdb971ff319b,2017-10-16 03:44:04,97.9,17.97
cc3d4ac8f11e38aebf094617bdbe0fec,2,00de7f393d962717eeeb2d7131a40dba,6f892e20a171e98efe17fdb971ff319b,2017-10-16 03:44:04,97.9,17.97
cc40ce12255e937ab19d9124f4d0d56b,1,c73c3f65a5c288407f6d95b367e47dee,a938325a4b357fd23a6a4d5bb126408e,2017-10-13 15:14:35,79.0,15.3
cc40ce12255e937ab19d9124f4d0d56b,2,c73c3f65a5c288407f6d95b367e47dee,a938325a4b357fd23a6a4d5bb126408e,2017-10-13 15:14:35,79.0,15.3
cc427984e779c3d1dd7e082f39a98fc6,1,9bc0b0cf5d074be7d532d216a92ec874,731ef20c231d9a7103a425e83fd91271,2017-11-03 21:10:17,564.0,133.88
cc427984e779c3d1dd7e082f39a98fc6,2,9bc0b0cf5d074be7d532d216a92ec874,731ef20c231d9a7103a425e83fd91271,2017-11-03 21:10:17,564.0,133.88
cc4687e4e102c1c8c606a5a0a8e475db,1,a5215a7a9f46c4185b12f38e9ddf2abc,53243585a1d6dc2643021fd1853d8905,2017-11-08 20:25:18,1340.0,51.79
cc65ff3459f07735c94663725a5ce22b,1,d39421ec4cc2bf52e35f8bf00f1ec314,cc419e0650a3c5ba77189a1882b7556a,2017-10-15 22:30:24,49.99,21.18
cc69d0cbc95281b9e751fe0f694ecd7d,1,ae083e4a334a4210ae0ef7323f1584c5,0df3984f9dfb3d49ac6366acbd3bbb85,2017-10-27 19:35:16,239.9,15.43
cc6e15491d167d2bd2d0eef0d14970c8,1,f11d6bc6c73bf0326ae129cb88ca04c4,cd68562d3f44870c08922d380acae552,2017-10-18 22:49:33,90.0,17.07
cc90dde77b3316b9877c87637a6f87d3,1,f1fe595ee7ef768b41bd9b246d13432d,81a1104df0f08b59c68aa5b03cfe398e,2017-11-03 02:55:26,99.9,16.95
cc91697062f893c9903a248153c34e8d,1,4520766ec412348b8d4caa5e8a18c464,16090f2ca825584b5a147ab24aa30c86,2017-10-19 20:49:13,40.0,25.63
cc91ae24c277f0bfc31ff525577f8cd4,1,a72df9d6b4412dbd03d886846a438a3c,7299e27ed73d2ad986de7f7c77d919fa,2017-10-31 17:56:22,99.99,12.83
cc91c60e003377485d9ab615895c9052,1,64fb265487de2238627ce43fe8a67efc,4a3ca9315b744ce9f8e9374361493884,2017-11-07 04:07:20,99.9,16.33
cc9354480b3cbcd3978c54317929f536,1,9fc0c73ce4d0eaaead44e81eeefebeb0,c3867b4666c7d76867627c2f7fb22e21,2017-11-06 16:50:12,68.0,11.98
cc93c76377b9408581cc455bd50de947,1,8a87e6509bce452609f32af429250f6c,e8b3a3a38279a82f0e5d006d5e5b7d2c,2017-10-26 22:28:31,309.9,18.61
cc95d1ba07d976d27802ccd9e8f15db1,1,03b29ca1beec2e03e15a3b980c1505ed,d3674f271c91f824f82d24d92011f669,2017-10-13 09:56:23,39.9,8.11
cc97c71d908caa2c0b5754b35ebaccd8,1,722dc14e0848efdb771dca6de2929c41,7178f9f4dd81dcef02f62acdf8151e01,2017-10-11 01:56:15,79.0,42.58
cca182e4a32957030e469cf249c9695e,1,fe01b643060a6446e59f58e3021e66b3,2dee2ce60de9709b1a24083217181a1f,2017-10-09 04:05:12,143.0,38.55
cca38a223ff57697753d81fdc7bc297b,1,2196663031bcde078cede855ac0b5739,c9c7905cffc4ef9ff9f113554423e671,2017-10-31 02:28:33,65.0,14.2
cca38a223ff57697753d81fdc7bc297b,2,2196663031bcde078cede855ac0b5739,c9c7905cffc4ef9ff9f113554423e671,2017-10-31 02:28:33,65.0,14.2
cca53f6baff9286b728cc328ca7a2d37,1,64315bd8c0c47303179dd2e25b579d00,7aa4334be125fcdd2ba64b3180029f14,2017-10-20 19:40:08,89.8,18.0
cca9cf1218eaed08b0a72632895408ce,1,dc4adbe80b638fa8ed7ce4d2822e05af,5f2684dab12e59f83bef73ae57724e45,2017-10-09 13:56:13,99.9,20.19
ccab2293e0214590eace61fec5947f04,1,b532349fe46b38fbc7bb3914c1bdae07,1025f0e2d44d7041d6cf58b6550e0bfa,2017-10-23 12:39:28,38.4,15.11
ccab2293e0214590eace61fec5947f04,2,b532349fe46b38fbc7bb3914c1bdae07,1025f0e2d44d7041d6cf58b6550e0bfa,2017-10-23 12:39:28,38.4,15.11
ccab2293e0214590eace61fec5947f04,3,b532349fe46b38fbc7bb3914c1bdae07,1025f0e2d44d7041d6cf58b6550e0bfa,2017-10-23 12:39:28,38.4,15.11
ccab2293e0214590eace61fec5947f04,4,b532349fe46b38fbc7bb3914c1bdae07,1025f0e2d44d7041d6cf58b6550e0bfa,2017-10-23 12:39:28,38.4,15.11
ccb44718a5b5b8bde31b24e888d56d09,1,10714d6a49c0af9ccdab2d806887c5f5,9616352088dcf83a7c06637f4ebf1c80,2017-11-03 19:07:05,59.9,16.86
ccc4274862635573537b10ab2e055926,1,84cdff92b3a55fc67a2b0bbdae9b57bf,eed78ac17f7f795a19a709745f00cd4e,2017-10-16 16:49:26,195.9,16.12
cccf9681b96cdd1beb7f99ddf8b59b18,1,3ce21e38e6a3060c20f4e74bdab770c8,1b938a7ec6ac5061a66a3766e0e75f90,2017-10-13 02:56:28,58.9,17.12
ccd7d7de58c07e32a30717c6d7f5949d,1,a09fb9f597a4b8a13ab0c72d70c77081,6560211a19b47992c3666cc44a7e94c0,2017-10-10 03:04:08,88.0,17.06
ccf19e37f66c81af8267c46cde40b405,1,35afc973633aaeb6b877ff57b2793310,4a3ca9315b744ce9f8e9374361493884,2017-10-26 02:49:38,89.9,17.88
ccf6899464ad94a5d61964bafc6a4f0a,1,283dc451ad3918badb976d56ff887289,da8622b14eb17ae2831f4ac5b9dab84a,2017-11-03 21:28:10,89.9,13.65
ccfa13cff25aa5ad005e434ac68acaaa,1,154e7e31ebfa092203795c972e5804a6,cc419e0650a3c5ba77189a1882b7556a,2017-10-31 16:14:22,23.99,14.1
ccffb7374c0c5619226394e8b85e0746,1,5f504b3a1c75b73d6151be81eb05bdc9,834f3294fba9f932f56edc879193f925,2017-11-03 10:28:48,610.0,113.72
cd0b7d7d5492c631a934cc6e1346d830,1,3a39c179470806b09fb138536170cca3,004c9cd9d87a3c30c522c48c4fc07416,2017-10-06 13:35:17,112.99,16.42
cd161a9d0a73af5eaff5b75c6f10d148,1,389d119b48cf3043d311335e499d9c6b,1f50f920176fa81dab994f9023523100,2017-10-13 13:14:20,59.9,12.48
cd40bf01af63092e8abbe10a893710be,1,4cb6e86e1328e77e20b5f90771683cbe,c3867b4666c7d76867627c2f7fb22e21,2017-10-06 16:49:21,104.0,17.98
cd4264a49b0c7d241e0ba8e454586ec4,1,6800d91175b6abde04b1d70ff2474746,6560211a19b47992c3666cc44a7e94c0,2017-10-31 15:46:06,69.0,7.78
cd466631c2bd74fbc4e744b131819ea5,1,2c42bf0cba650bd08bfeac2412b06ef6,2d50d6282f8aa2257819a77bfaa0efe0,2017-10-26 08:45:59,49.0,9.94
cd4b336a02aacabd0ef22f6db711f95e,1,9169f70b7ce1138ac35678432d1e5ff2,1da3aeb70d7989d1e6d9b0e887f97c23,2017-10-25 00:36:08,29.99,7.78
cd4f0f2193950898c8300a435c222056,1,5943b9184c3b6abd2bce573f1fa0a780,cce6ab8d1682639fe45ab70234f1665f,2017-11-01 20:14:23,40.0,16.6
cd5c3847a5c93d505f96c0ffca7f3a24,1,d696750e550fd0f733979dd7e5dff921,9de4643a8dbde634fe55621059d92273,2017-10-27 09:56:09,177.99,17.01
cd5e56b5a3ac9bab0513602f1feb6d08,1,149ab38a09937b9195cbcaa295cf4a44,4a3ca9315b744ce9f8e9374361493884,2017-10-11 17:25:32,279.9,13.46
cd5f64ebe84e37b5af53dc260e536615,1,b623b7cb05ee3248fbe4a6ecbeed79a4,7aa4334be125fcdd2ba64b3180029f14,2017-11-03 14:10:37,73.76,13.54
cd61f9e20298dcb30d7e824cad10949b,1,a50acd33ba7a8da8e9db65094fa990a4,8581055ce74af1daba164fdbd55a40de,2017-10-18 18:56:13,117.3,21.66
cd68632e7dc6d980f29dc6826a936d03,1,679c97b6819e657c506237438cacf60f,fa1c13f2614d7b5c4749cbc52fecda94,2017-10-24 20:26:20,229.8,8.86
cd725c256dd60e25a721e1fe8cccdaa6,1,2028bf1b01cafb2d2b1901fca4083222,cc419e0650a3c5ba77189a1882b7556a,2017-10-19 12:56:16,56.99,15.15
cd8f1098418f4fcc23c29232d9c04dd2,1,bd6e6fce9ada76ea2db0f1912e8e478f,1835b56ce799e6a4dc4eddc053f04066,2017-10-23 08:37:05,56.99,16.16
cd9cbb9b4a02d47f00a71acb290605a6,1,1eb44be9d824d20602d68a0f3346d8d7,d1c281d3ae149232351cd8c8cc885f0d,2017-10-08 22:03:53,260.99,17.2
cd9cbb9b4a02d47f00a71acb290605a6,2,ec03b7c4f40b96139d2ce2ef0b798284,4a3ca9315b744ce9f8e9374361493884,2017-10-08 22:03:53,212.5,34.4
cda991534f8532948f833dcfb0f3ad42,1,2acce4db469045e8f9a863028abce19d,92eb0f42c21942b6552362b9b114707d,2017-10-23 22:49:51,17.99,9.34
cdc9704cfb1c4a7a5843e3bc681be58d,1,ec2d43cc59763ec91694573b31f1c29a,1c129092bf23f28a5930387c980c0dfc,2017-10-24 03:07:15,45.9,9.34
cdcbc6b851b5053b23ca73bc17d2ba50,1,5970123d35d881c0df478289d6e2c8e9,da8622b14eb17ae2831f4ac5b9dab84a,2017-11-03 13:27:51,34.9,12.69
cdd55639e282b90007cac9a8ea6a7798,1,a2f4e28e50f60566eeb99f842ffc0fd9,f5a590cf36251cf1162ea35bef76fe84,2017-10-26 17:14:09,480.0,29.81
cddae6b27b19d9567cff159df9498da1,1,ede91e87b28599f661c5322ac25b663a,f5a590cf36251cf1162ea35bef76fe84,2017-10-17 15:27:12,565.0,53.82
cdde87555bcd91df4fa4f191cbc77774,1,72aa1e49a803b462fd0a83071c894e7b,4e17c65a516f69d023a2ae78b84f28d6,2017-11-10 16:37:16,199.0,28.24
cde3a38426f2025992e76394bfed732c,1,a7c361fef1ac09881a4d59c9b5048f0d,827f8f69dfa529c561901c4f2e0f332f,2017-10-23 04:14:15,49.9,34.15
ce44f44ee93f1deea42e493e84b5cd63,1,53759a2ecddad2bb87a079a1f1519f73,1f50f920176fa81dab994f9023523100,2017-10-12 23:28:07,59.9,17.67
ce44f44ee93f1deea42e493e84b5cd63,2,53759a2ecddad2bb87a079a1f1519f73,1f50f920176fa81dab994f9023523100,2017-10-12 23:28:07,59.9,17.67
ce4e504de23bdd613ce58b87779fbf07,1,00c3e35b00dd00ab864d4a94c1b97e66,95e03ca3d4146e4011985981aeb959b9,2017-10-31 02:56:47,99.99,9.71
ce5586df181549ebde007969801906c8,1,9592ea6bf88d20db726179927bbefeb2,7722b1df1b0e383e000397b2c11e3e19,2017-11-08 03:26:25,49.9,9.34
ce5ac3d77cca9ee37ace392eb33cee3f,1,99444c1e11fc38755dae86f5c67d3d1a,d2374cbcbb3ca4ab1086534108cc3ab7,2017-10-23 19:14:15,49.99,16.11
ce5ca80e8d65bb954be0233c815711e8,1,6b8cf2f4f294dd4b50037f061f230fba,7178f9f4dd81dcef02f62acdf8151e01,2017-10-24 11:25:43,39.9,16.79
ce5f7f7ad317c7433154353ccd683f5b,1,7cb5b984262835ef46a1ed83d04d0d44,e9779976487b77c6d4ac45f75ec7afe9,2017-10-31 13:49:45,45.0,9.27
ce6615d572a95ae4df7bcb227fa4d3a0,1,13fd915e499b787f1f4c9dbb231d0d4c,b499c00f28f4b7069ff6550af8c1348a,2017-11-03 17:30:12,29.99,15.1
ce6f7cfee3b870cc82e566f67a88a00f,1,74ae869eb82594d9cbe6e934cf143e0c,ea8482cd71df3c1969d7b9473ff13abc,2017-10-20 12:11:30,26.99,17.63
ce943243f0c85ae46078241f00eb17ac,1,3335339c7311da7d9efe5f8efb6fb00a,066a6914e1ebf3ea95a216c73a986b91,2017-10-27 14:35:30,49.99,19.59
ce9a4145e5720586690aa60fd0128597,1,4520766ec412348b8d4caa5e8a18c464,16090f2ca825584b5a147ab24aa30c86,2017-10-17 14:50:01,40.0,15.1
cea2d13406a9f18e04f5d57fae9929da,1,a84d0660dbffebf352aefbf1a6b18d00,6560211a19b47992c3666cc44a7e94c0,2017-10-26 18:14:32,29.0,14.1
cea2d13406a9f18e04f5d57fae9929da,2,2136c70bbe723d338fab53da3c03e6dc,6560211a19b47992c3666cc44a7e94c0,2017-10-26 18:14:32,29.0,14.1
ceac7232b482d926498ad8945b2624fd,1,ee4a5109a6b0bf0dd3a3347b73955c95,fdb9095204a334cd8872252ffec6f2db,2017-10-25 00:40:20,150.0,9.0
ceac7232b482d926498ad8945b2624fd,2,ee4a5109a6b0bf0dd3a3347b73955c95,fdb9095204a334cd8872252ffec6f2db,2017-10-25 00:40:20,150.0,9.0
ceae08aa0db7c452b14558ccf33dfe22,1,b48946c4c9a1d7c81916522d00d6722f,0ebd97a106433a45a4aebe57c1799778,2017-10-18 13:45:38,109.9,16.21
ceb7c08202398e1199531a274b1e9922,1,6c34d241bbd85d693f1fee6a4b8a8e2b,59417c56835dd8e2e72f91f809cd4092,2017-10-19 18:49:13,845.0,35.51
cebaf65c7b34d3f42d887421dbaa1a30,1,154e7e31ebfa092203795c972e5804a6,cc419e0650a3c5ba77189a1882b7556a,2017-10-16 20:25:51,23.99,14.1
cec49c59f35df62326835eea9dbd1457,1,d285360f29ac7fd97640bf0baef03de0,fa1c13f2614d7b5c4749cbc52fecda94,2017-10-20 20:28:25,348.8,9.7
cedde3e913410b115a589c84c79b263a,1,9cb2ed2f273027b8daa3b0863368105c,76d5af76d0271110f9af36c92573f765,2017-11-01 21:25:58,39.9,12.69
cedde3e913410b115a589c84c79b263a,2,9cb2ed2f273027b8daa3b0863368105c,76d5af76d0271110f9af36c92573f765,2017-11-01 21:25:58,39.9,12.69
cee7c7cdaff69064ef0c806f168a9269,1,efc176bdfdf6a6e5e9c4ba7c2de4978c,bfd27a966d91cfaafdb25d076585f0da,2017-10-17 14:14:31,76.0,17.78
cefe510f726c2a8d6a5f0a8a515ebf50,1,e0f99475a79890b9adaa95ceac17c1cd,ef506c96320abeedfb894c34db06f478,2017-10-27 03:14:09,28.99,15.1
cf0ac4e12ad66c28302fc103670222fa,1,c3fff1789c3ee48e562e3ce051a4fa3f,ef506c96320abeedfb894c34db06f478,2017-11-01 03:08:30,25.99,7.78
cf0e37f46e8d7069a7488a26233cbe8a,1,5a24564e1fe7c08ef367b0151564ceae,bfd27a966d91cfaafdb25d076585f0da,2017-10-09 10:51:48,89.0,17.87
cf30fe76d1505192acee1c6dccb15545,1,a2a1d57880bb40e60b59530ba0177ccf,6fd52c528dcb38be2eea044946b811f8,2017-10-27 15:29:53,39.0,8.72
cf3274a658517144c009e7a673329a7b,1,5f19455f0c3902e89f16a6042bd4221d,900ba814c251a692506d7834c1218441,2017-10-19 04:37:07,414.62,40.74
cf34f0c3c6464f6cbca4e16b810f5553,1,e61c78a7343d82c0539d27df0f7dfc31,da8622b14eb17ae2831f4ac5b9dab84a,2017-10-16 16:49:39,239.9,29.6
cf34f0c3c6464f6cbca4e16b810f5553,2,9a0620ddaf3055b7e588e936e036a529,da8622b14eb17ae2831f4ac5b9dab84a,2017-10-16 16:49:39,119.9,15.03
cf38f096dc6fb592f56dd68bb588e84c,1,fb7a100ec8c7b34f60cec22b1a9a10e0,d98eec89afa3380e14463da2aabaea72,2017-11-03 03:15:23,49.99,15.79
cf396e4f907df065cc3d876bff73266a,1,b66270a5d5b3a8585f8314b2f14420fb,e9779976487b77c6d4ac45f75ec7afe9,2017-10-16 22:14:20,49.89,8.27
cf398216aad3dfa8731970860f663dd8,1,938f95c14baec1a1fd57ce55ab5a8af5,95e03ca3d4146e4011985981aeb959b9,2017-10-13 09:49:10,100.0,17.95
cf46c4a1a3f077bf5cd7e232b9bfb796,1,75c06ee06b201f9b6301d2b5e72993f8,3c7c4a49ec3c6550809089c6a2ca9370,2017-10-26 11:56:27,13.99,15.1
cf46c4a1a3f077bf5cd7e232b9bfb796,2,005030ef108f58b46b78116f754d8d38,3c7c4a49ec3c6550809089c6a2ca9370,2017-10-26 11:56:27,13.99,15.09
cf46c4a1a3f077bf5cd7e232b9bfb796,3,51250f90d798d377a1928e8a4e2e9ae1,3c7c4a49ec3c6550809089c6a2ca9370,2017-10-26 11:56:27,13.99,15.1
cf4f44bd66792364407443876b27d1d2,1,ee406bf28024d97771c4b1e8b7e8e219,7a67c85e85bb2ce8582c35f2203ad736,2017-10-09 23:49:21,149.99,14.07
cf72ba515bbb8a0ee1723579cc7d0380,1,d9880e15196711e7f9fe7dabc5f74117,b2ba3715d723d245138f291a6fe42594,2017-10-24 17:06:35,69.9,8.72
cf942f6450b43eb334f0e34e792d12a7,1,c8abdbe349a97073e7aebc795be55bd8,6a0cbc8af2e8abd1bdfb777943d174c6,2017-11-06 18:07:17,115.0,21.3
cf9541520b3cd1d4ae5ba9ac95d0d65b,1,5c6a3e484e7aebf406c2045718dea406,01fdefa7697d26ad920e9e0346d4bd1b,2017-10-19 00:28:24,104.99,38.28
cf96b3a15cf1f61c5398ae91f1cbd75f,1,c4baedd846ed09b85f78a781b522f126,a1043bafd471dff536d0c462352beb48,2017-10-22 22:28:19,99.0,38.53
cfa958d86da20feefa27e64a6b6407df,1,da6f9d8ce4950ad572b7b4fe7d7e6c90,8b28d096634035667e8263d57ba3368c,2017-10-30 15:49:28,97.9,34.49
cfeaf2d533a561edf1924cce57d35cfd,1,bdb4be6ce2f7f2b5be0a16088028c7fc,955fee9216a65b617aa5c0531780ce60,2017-10-22 22:56:25,85.0,25.04
cfff9089e53925469975b7e3026626ea,1,9592ea6bf88d20db726179927bbefeb2,7722b1df1b0e383e000397b2c11e3e19,2017-10-19 03:26:45,49.9,9.34
d000351234683484e2ef3ad59427bbba,1,f8ea5fcf9c628485e01b9c3cf52728c2,8a32e327fe2c1b3511609d81aaf9f042,2017-11-03 03:35:12,12.99,16.6
d000351234683484e2ef3ad59427bbba,2,f8ea5fcf9c628485e01b9c3cf52728c2,8a32e327fe2c1b3511609d81aaf9f042,2017-11-03 03:35:12,12.99,16.6
d003080bcb95015f5bc092748ae52697,1,40749a37d68c1827c0ccd1844e9e3c8f,70a12e78e608ac31179aea7f8422044b,2017-10-10 21:24:31,19.95,15.1
d00fc126358622ba5ae0ba1a334b3bc5,1,5f504b3a1c75b73d6151be81eb05bdc9,834f3294fba9f932f56edc879193f925,2017-10-24 00:08:05,610.0,37.54
d025ee065bc1ef9e329d049e64d06ca8,1,af35be35db4ad0dc288b571453337376,d20b021d3efdf267a402c402a48ea64b,2017-11-06 01:06:00,10.99,15.1
d02ab2f026a474b1ab8e19dfefb80ec4,1,9e10ae46a3021a02f1692448ef9fa1db,8b28d096634035667e8263d57ba3368c,2017-10-20 20:14:54,37.9,25.63
d0387cb335169ba746948d0acddc51ae,1,bb185a3def84599e9c16a8f88bb9379a,9996ae921c50e8dff411ac69c0b4bb8b,2017-10-30 03:35:41,9.9,13.47
d0387cb335169ba746948d0acddc51ae,2,77dfeb0e34976854ba703a339ff8fb2a,79ebd9a61bac3eaf882805ed4ecfa12a,2017-10-30 03:35:41,14.9,13.47
d038a85c57a692238563950e532c2efe,1,20767ba46ff14007ce4ed2cb1c4d546a,602044f2c16190c2c6e45eb35c2e21cb,2017-10-26 10:56:10,80.0,16.32
d03ab1dd8132764e5447aba442a621ee,1,a02d0123079f4ae96001ba2010d1a2df,1025f0e2d44d7041d6cf58b6550e0bfa,2017-10-19 16:56:18,250.0,69.9
d04405124d1f94b23ab269ee4ca24058,1,1ec486885049bbb9b79351d150ed18c4,cab85505710c7cb9b720bceb52b01cee,2017-11-01 02:57:14,49.9,7.78
d052020616d502036aa7b1303965ada6,1,2028bf1b01cafb2d2b1901fca4083222,cc419e0650a3c5ba77189a1882b7556a,2017-10-19 14:28:07,56.99,15.15
d07375cf3d3ef985a796fdf0b8e08f5d,1,e1da02256dce4dee2207c36853547c7b,520b493b57809f446cb0a233bb3e25c7,2017-10-10 23:56:13,120.0,16.6
d07974902bc980d801323050a1dd1644,1,4f90c408cc89d73465ffd286ac21ae4b,238fac594e170b59c6d228f5a4f4f1d9,2017-10-17 23:21:05,78.0,19.79
d08bc243bdf75320f869b3b5bdfdb9ef,1,d1c427060a0f73f6b889a5c7c61f2ac4,a1043bafd471dff536d0c462352beb48,2017-11-03 03:07:47,149.99,40.38
d08cea64b0ea4e19362640cd4b7f5a12,1,f71f42e2381752836563b70beb542f80,85d9eb9ddc5d00ca9336a2219c97bb13,2017-11-16 21:04:57,31.9,14.1
d0953216646b79a1457c04739e8414e5,1,e5ea77a1575b40961598bca64f081976,4a3ca9315b744ce9f8e9374361493884,2017-10-08 22:36:08,109.9,18.02
d0b446af99e79a960dd8c63777fc65df,1,98a8c2fa16d7239c606640f5555768e4,001cca7ae9ae17fb1caed9dfb1094831,2017-10-26 20:35:20,110.0,20.27
d0bb06ef78b37700d2447cc76a9a71aa,1,ecd5fb40310b0f37e80e312bccc3b1ee,70a12e78e608ac31179aea7f8422044b,2017-10-12 22:49:26,248.0,14.08
d0bfc2beba8af659a7585f0f48efde83,1,ef703385b2707af7f9af3e185679811c,a3e9a2c700480d9bb01fba070ba80a0e,2017-10-11 10:04:52,75.0,13.55
d0d4207173277bb279959dc8b2c35b2f,1,eac9c1d0fccbfea24c2524ebe84b8bee,7040e82f899a04d1b434b795a43b4617,2017-10-20 21:49:51,19.9,11.85
d0d6cb9c9eae947723c51c3d492d4bdf,1,bdb4be6ce2f7f2b5be0a16088028c7fc,955fee9216a65b617aa5c0531780ce60,2017-11-06 08:35:55,85.0,14.2
d0d6cb9c9eae947723c51c3d492d4bdf,2,bdb4be6ce2f7f2b5be0a16088028c7fc,955fee9216a65b617aa5c0531780ce60,2017-11-06 08:35:55,85.0,14.2
d0dfc91485df79d57bca8e69971f9164,1,e2e426d1332240070b0a836a854d057b,cce6ab8d1682639fe45ab70234f1665f,2017-11-10 17:31:36,40.0,29.88
d0e25f97b5c712b13e725c274a17f44c,1,f84d16882251975d1c1d1c64d551c330,5ee7fd217d08dfe5d3e2f51f96a12c9a,2017-10-24 20:26:21,115.0,27.13
d0e36957b6d2a04cc21ba07f7bbad90a,1,fe95eb948375116da759c8ef60295001,4a3ca9315b744ce9f8e9374361493884,2017-10-23 14:56:32,65.9,16.22
d0ea601e79bae1c3f0c140aa4bc298c8,1,3ac29f1f25166dcc60b97e65d9a5885c,440dd6ab244315c632130ecfb63827b1,2017-10-10 01:07:13,129.9,27.45
d0f11e497c1a8f9d16eadc0c029348c1,1,64fb265487de2238627ce43fe8a67efc,4a3ca9315b744ce9f8e9374361493884,2017-10-25 19:28:29,99.9,21.19
d10131646d46d892590a283682271dae,1,4a300735bc293723103db0d0c1bc1585,6f892e20a171e98efe17fdb971ff319b,2017-10-17 17:49:28,70.9,16.94
d1014219440f60c0dafbedd79215e002,1,0aabfb375647d9738ad0f7b4ea3653b1,37515688008a7a40ac93e3b2e4ab203f,2017-10-31 00:56:55,24.5,11.85
d122e6a07a5ac7cb69a269e66b920c1d,1,d2e131d6f19ae0d665fc1a6c420b4f4c,7e93a43ef30c4f03f38b393420bc753a,2017-11-07 04:15:09,599.99,19.96
d1317386b0c2c4396a15bc89ec59b04c,1,9b125b82780e1bbb7716c906ff46f89b,6d66611d7c44cc30ce351abc49a68421,2017-10-25 02:49:44,59.9,13.44
d13d925b4c366eb57388fbf0a99db1da,1,b5c315fb01a02190500528edf520883f,6560211a19b47992c3666cc44a7e94c0,2017-10-18 00:33:50,59.0,11.91
d15f3a37c2d19f75e8910870bd5e3d71,1,bdb4be6ce2f7f2b5be0a16088028c7fc,955fee9216a65b617aa5c0531780ce60,2017-10-16 16:07:22,85.0,21.08
d15f3a37c2d19f75e8910870bd5e3d71,2,bdb4be6ce2f7f2b5be0a16088028c7fc,955fee9216a65b617aa5c0531780ce60,2017-10-16 16:07:22,85.0,21.08
d16387aa75d92aec2dbfa45f9510ec65,1,ae52b85c8712696950e9287398316251,83b08de96980757220871b31bf6cffca,2017-10-26 16:21:18,74.69,11.98
d185b3d0bd26a99d5c96601c1fcd2fc7,1,a50acd33ba7a8da8e9db65094fa990a4,8581055ce74af1daba164fdbd55a40de,2017-10-24 10:34:30,117.3,14.43
d192eacb35dd2f0aa30709fe7560ee4a,1,ae27a5524edb2c8dc4656c670f458fb7,8e6cc767478edae941d9bd9eb778d77a,2017-10-19 21:14:17,60.6,28.82
d19772e154f0929b89a1dab65648767b,1,d6160fb7873f184099d9bc95e30376af,53243585a1d6dc2643021fd1853d8905,2017-10-13 19:07:08,1599.99,43.65
d199bccd68b67266244fd9e225d6f77e,1,9007d9a8a0d332c61d9dd611fa341f4b,2c9e548be18521d1c43cde1c582c6de8,2017-10-25 10:14:33,7.5,8.72
d1a1b353059e100c7c271feb85daafe2,1,1c76b4e79bb358170ef2565779cecb38,aaed1309374718fdd995ee4c58c9dfcd,2017-10-27 14:49:17,23.2,15.1
d1ca62d0563ff1cdfe83f9bede16baa9,1,f6d1df8e2ffa44fec7c8afa46ac7ddec,77530e9772f57a62c906e1c21538ab82,2017-11-06 16:46:35,49.0,16.79
d1ccdaa4ae7486e10616fe4956e7512f,1,9bf39940ea9c92c0036e06c6cd577cbd,218d46b86c1881d022bce9c68a7d4b15,2017-10-16 23:49:14,200.0,21.89
d1d422dc16b191028b0d2eb2a06b9668,1,3b93324e4ce1bdd6526e4331f9c7120a,1838dd9b8977065acf51d95e0053ea7a,2017-10-09 19:49:11,49.9,14.1
d1d85d0d469cb9c26d7f8ee944c92cf1,1,c72d57da8ba2412527531d97106eb8ef,7d76b645482be4a332374e8223836592,2017-10-09 16:07:14,19.9,7.78
d1e25e1fe0cdb8987cf35b0fbbea7211,1,bd5556852920e0d5ebb6044894391ca6,9b013e03b2ab786505a1d3b5c0756754,2017-10-31 13:14:47,31.49,15.1
d206a5a8a29c1d4479b5d2ca40b7e102,1,d3c044bd42d84a79e3b0c42662806a48,4c2b230173bb36f9b240f2b8ac11786e,2017-10-17 04:26:58,35.9,7.78
d209a096437820f2ae09fdb0e5637474,1,d2e131d6f19ae0d665fc1a6c420b4f4c,7e93a43ef30c4f03f38b393420bc753a,2017-11-03 18:30:24,599.99,21.77
d21873cfa21e689e4dbfd43a99326424,1,d5991653e037ccb7af6ed7d94246b249,25c5c91f63607446a97b143d2d535d31,2017-10-30 23:49:21,137.9,38.81
d21873cfa21e689e4dbfd43a99326424,2,d5991653e037ccb7af6ed7d94246b249,25c5c91f63607446a97b143d2d535d31,2017-10-30 23:49:21,137.9,38.81
d21873cfa21e689e4dbfd43a99326424,3,d5991653e037ccb7af6ed7d94246b249,25c5c91f63607446a97b143d2d535d31,2017-10-30 23:49:21,137.9,38.81
d21873cfa21e689e4dbfd43a99326424,4,d5991653e037ccb7af6ed7d94246b249,25c5c91f63607446a97b143d2d535d31,2017-10-30 23:49:21,137.9,38.81
d23ae4bbdb6fd93be053d2a8e42ac668,1,25fed921a4e724b34b87435bac8cb845,dc4a0fc896dc34b0d5bfec8438291c80,2017-10-20 04:26:38,34.9,11.85
d23f875f926f3aa507fece98b8e8d80a,1,540a93038cc8b4c42ef0821b2cf067d3,17ca9b9e9b9ef8fdb529001b49ebb50f,2017-10-20 18:45:44,49.97,16.11
d23f875f926f3aa507fece98b8e8d80a,2,540a93038cc8b4c42ef0821b2cf067d3,17ca9b9e9b9ef8fdb529001b49ebb50f,2017-10-20 18:45:44,49.97,16.11
d23ff5dc2ba7e3aeb50eb93b6c3204e5,1,f90c81e1fa9b03873a387e7919e99b59,6df688df543f90e9b38f4319e75a9d88,2017-10-30 18:14:41,54.0,14.13
d26bc24224fef3d3b81a759802c26434,1,414c53fa9c5cc4a0390682aeb2e25ec1,002100f778ceb8431b7a1020ff7ab48f,2017-10-26 18:14:31,17.9,11.85
d27dcb450ff82aaf3b5c1dd27389f251,1,368c6c730842d78016ad823897a372db,1f50f920176fa81dab994f9023523100,2017-10-05 13:49:47,59.9,17.67
d27dcb450ff82aaf3b5c1dd27389f251,2,368c6c730842d78016ad823897a372db,1f50f920176fa81dab994f9023523100,2017-10-05 13:49:47,59.9,17.67
d27e244ebc24f5dccc83996e2ba9abdd,1,724dc24aa8d029d5d48b38bbbd54ec20,e9779976487b77c6d4ac45f75ec7afe9,2017-10-16 21:28:37,450.0,18.91
d28c3a1a135ca7d74ceb18e7ede17d8c,1,1b7384e0f9f5e4cb914cd3f5535a4cab,325f3178fb58e2a9778334621eecdbf9,2017-10-30 13:26:38,23.8,7.78
d28c3a1a135ca7d74ceb18e7ede17d8c,2,1b7384e0f9f5e4cb914cd3f5535a4cab,325f3178fb58e2a9778334621eecdbf9,2017-10-30 13:26:38,23.8,7.78
d2926e7840bb47e67fc52b79646cc2bb,1,5457c026a643626249213e1e39c31d10,a888faf2d1baececa6baf9c3d603ee1f,2017-11-01 11:49:37,259.9,19.39
d294199ec1bd45bdb2e62cc7d678e100,1,4c2394abfbac7ff59ec7a420918562fa,cc419e0650a3c5ba77189a1882b7556a,2017-10-17 11:34:28,84.99,27.13
d29601cbe18ae8190a14e560a413b890,1,d061d81f407dcbadbe325a56a93d80a3,43f8c9950d11ecd03a0304a49e010da6,2017-10-26 21:14:50,199.99,15.15
d2c879fe9085258d38e3cb17af134189,1,617186c3d97ea56c9c683a8a3974e8c1,cc419e0650a3c5ba77189a1882b7556a,2017-10-31 13:14:15,84.99,18.16
d2dff3a34116ee2b8d30be3c765ac94e,1,eb54d6afabdf1f96c248b81dec8f180f,43f8c9950d11ecd03a0304a49e010da6,2017-10-31 11:56:22,94.99,15.41
d2e35b4e5cffc778521aa3b668c29bcf,1,efeaa7462b9fac16b6684016efd28fd2,b2ba3715d723d245138f291a6fe42594,2017-10-13 02:35:26,209.9,20.01
d2e81202cca4ca39792d6ec435a4bfcf,1,dda99bcc1a209dcb83f788230d3ff4b4,db4350fd57ae30082dec7acbaacc17f9,2017-10-19 16:28:07,21.99,7.78
d2edbdf7b05aec925d270f089e79443e,1,3ce943997ff85cad84ec6770b35d6bcd,9c0e69c7bf2619675bbadf47b43f655a,2017-10-18 15:36:40,175.9,7.15
d2edbdf7b05aec925d270f089e79443e,2,b7d94dc0640c7025dc8e3b46b52d8239,9c0e69c7bf2619675bbadf47b43f655a,2017-10-18 15:36:40,175.91,14.15
d2f452ea9e0c96f9005879a9fe3e3cba,1,6a1a04054158fe995e1688d8f79605b2,9616352088dcf83a7c06637f4ebf1c80,2017-10-17 03:14:27,59.9,16.18
d3007af14d2bfce1fbb2875870808b9f,1,656e0eca68dcecf6a31b8ececfabe3e8,e9bc59e7b60fc3063eb2290deda4cced,2017-10-31 18:28:18,98.9,18.26
d3057dd3a0a5449de3b064393a47ecda,1,50f1880f1989251727fbbfe8c0a346a6,7a67c85e85bb2ce8582c35f2203ad736,2017-10-11 03:04:00,129.99,18.16
d310b23f08b0bb0fc0f040a5b6b285bc,1,53ea9da485f6aed8a6f03a85831fe021,7e93a43ef30c4f03f38b393420bc753a,2017-10-26 20:56:45,249.99,12.95
d310bd7091e28dd1dd215b1aae78f9f5,1,89de415e2cf869a6b1274f51913f1a49,0249d282d911d23cb8b869ab49c99f53,2017-10-13 10:49:35,21.5,20.89
d310bd7091e28dd1dd215b1aae78f9f5,2,50b9ed3a22932b28d452c73046083f5d,55a5b51f93f2b70ea513f5a047b0262a,2017-10-13 10:49:35,34.6,3.55
d322a3ba4223a4f30fb7c76c8202563d,1,e1717ed4c8d10ca8117e64019d6cb0d0,25e6ffe976bd75618accfe16cefcbd0d,2017-10-17 14:49:48,75.0,8.72
d326e75b3255dce0b8d809c02280d012,1,dda99bcc1a209dcb83f788230d3ff4b4,db4350fd57ae30082dec7acbaacc17f9,2017-10-10 13:35:20,21.99,16.79
d3397f49eba129958cca1d4ed73dba9a,1,3de88091a3ed3699a8e32f77898c6368,17a053fcb14bd219540cbde0df490be0,2017-10-09 04:05:09,211.9,33.09
d349a57c214e76cb866e64ffc04c23f4,1,1c93b38903bf11d9a9bd28f3c65481d6,4a3ca9315b744ce9f8e9374361493884,2017-10-19 20:14:30,230.0,46.08
d34e3e2c2b9826a73514ed2fed39aed8,1,8fbd36d3b045f5f38b252b1513478f38,7e3f87d16fb353f408d467e74fbd8014,2017-10-13 02:14:08,38.9,14.1
d35588da5ba45ef8d7b51fa96db86059,1,2136c70bbe723d338fab53da3c03e6dc,6560211a19b47992c3666cc44a7e94c0,2017-10-13 08:49:18,29.0,16.79
d35588da5ba45ef8d7b51fa96db86059,2,7dac8901a50cf3317d5372cbd3186ecd,6560211a19b47992c3666cc44a7e94c0,2017-10-13 08:49:18,29.0,16.79
d355c1d4bd77e3cd62085deff064434a,1,c7fd13b5e515bffdab855d0812842edb,1025f0e2d44d7041d6cf58b6550e0bfa,2017-11-06 03:10:09,78.0,16.31
d36b13fdc087b62c490a9db5c0e0a913,1,089526cae28a7fd487bfb3bab161d701,165fc07beebdcb6190fba8a06db2a449,2017-10-10 08:28:18,79.8,17.0
d3762703e4549c646c1f000b5094abea,1,20992273fc264d0a559e37c346090fe6,ec8879960bd2221d5c32f8e12f7da711,2017-11-06 20:50:18,34.9,9.34
d395487acc00973147547457dc3af3f9,1,ed5f0d58e27cf65a07283c251747936f,e8b3a3a38279a82f0e5d006d5e5b7d2c,2017-10-20 04:14:39,59.9,16.69
d395487acc00973147547457dc3af3f9,2,3904e66405ea8ec8d104534682a38c6d,e8b3a3a38279a82f0e5d006d5e5b7d2c,2017-10-20 04:14:39,15.9,8.34
d3cdf94c4dff1c314304625dd39a811c,1,837b5c6df9ceb8a9c604e78fde0e60a2,85d9eb9ddc5d00ca9336a2219c97bb13,2017-11-08 18:34:01,27.9,15.1
d3cff80fc89ebb26ca5d11beea4f3744,1,0da9ffd92214425d880de3f94e74ce39,001cca7ae9ae17fb1caed9dfb1094831,2017-10-13 18:07:25,112.0,41.17
d3e1990c95a293c07983a54bfd02f062,1,7c1bd920dbdf22470b68bde975dd3ccf,cc419e0650a3c5ba77189a1882b7556a,2017-11-08 18:35:24,58.99,13.43
d3f7c6edd379a2ad76dbbe331f422ef8,1,1e05a019251a285cb2e56c69cfad766b,46dc3b2cc0980fb8ec44634e21d2718e,2017-10-27 02:45:45,129.99,14.66
d40d7311ad7901cbd73d2669398c2035,1,4e0d588f8e002f2bad9cbe0b8f66f6f6,fc906263ca5083d09dce42fe02247800,2017-10-19 01:28:13,39.9,16.79
d4304f4104fca54e2a93b03e5b04962b,1,ea0e3d94bcd573d99c06fc115d82500f,1835b56ce799e6a4dc4eddc053f04066,2017-10-10 20:07:13,28.99,1.74
d4304f4104fca54e2a93b03e5b04962b,2,5d92abea542c2022dfee91dd630f2697,14ee35374a7876217954b5fa08e50463,2017-10-10 20:07:13,119.0,31.43
d43b7a0e941b30ad41b6ff00ce74d59a,1,9ecadb84c81da840dbf3564378b586e9,1025f0e2d44d7041d6cf58b6550e0bfa,2017-11-06 17:35:11,38.4,15.11
d43b7a0e941b30ad41b6ff00ce74d59a,2,9ecadb84c81da840dbf3564378b586e9,1025f0e2d44d7041d6cf58b6550e0bfa,2017-11-06 17:35:11,38.4,15.11
d43b7a0e941b30ad41b6ff00ce74d59a,3,9ecadb84c81da840dbf3564378b586e9,1025f0e2d44d7041d6cf58b6550e0bfa,2017-11-06 17:35:11,38.4,15.11
d44cb52677c0960afb3e43a96d79a25b,1,afdcd7fb20b2bb98322d2b1400c074cf,582d4f8675b945722eda7c0cb61ba4c7,2017-11-03 20:45:11,27.99,11.85
d454cb4d38b256a9431bf8224f239960,1,0aabfb375647d9738ad0f7b4ea3653b1,37515688008a7a40ac93e3b2e4ab203f,2017-11-06 00:45:08,24.5,11.85
d459b5202e74f12e92fd7324e3a9eb68,1,51e88d0b6beb3101d842fa6610c37edb,07bf9669d84d1f11be443a9dd938f698,2017-10-10 15:26:08,72.0,17.75
d464194574b82162a5a34d39082fb826,1,1ee1a3e374020805c935a1a99975e414,ea8482cd71df3c1969d7b9473ff13abc,2017-11-03 19:45:37,21.99,7.78
d4807c19de2116d311ed3abe6ee42d8a,1,fe6a9515d655fa7936b8a7c841039f34,dc317f341ab0e22f39acbd9dbf9b4a1f,2017-10-27 19:49:20,249.9,83.61
d482a118baf85884aef656c9d75c5c8e,1,36244ee06dc3aec1f9b7b5852e0f7bc8,1660ad786c27fd935378b6192a90b417,2017-11-07 04:26:52,90.0,27.07
d4868446e3093ed6d2174805c3e64938,1,1fbb1fca915498c75efc551f5a32f08b,1b4c3a6f53068f0b6944d2d005c9fc89,2017-10-23 00:26:06,39.9,15.1
d48b61ddc056e387c86d308c28798dec,1,efa244989cf3907d9491f323b000232d,6fd52c528dcb38be2eea044946b811f8,2017-11-20 15:00:19,58.67,14.16
d48f3d7292382595a5acf900d2ab137b,1,0f67b4ef3dcb82c257f9f14b6f694ccd,8444e55c1f13cd5c179851e5ca5ebd00,2017-10-25 21:14:25,248.25,14.76
d4903bea07e89ed0f2bd8320a65ec482,1,0a57f7d2c983bcf8188589a5fea4a8da,4869f7a5dfa277a7dca6462dcf3b52b2,2017-10-25 00:35:25,109.9,15.52
d49fdab745d226473c5d4c8d762ff68b,1,1dad4dd7924d7c81aaca41d4a716433d,6d66611d7c44cc30ce351abc49a68421,2017-10-06 20:35:26,53.9,8.72
d4a07b48835f3637cdf8baeab13c8a9a,1,d6160fb7873f184099d9bc95e30376af,53243585a1d6dc2643021fd1853d8905,2017-10-13 15:14:13,1599.99,35.65
d4ceda456a12b48a1f8a592aa2070b30,1,dbbaf4c939ff935365a67aee70c9b42a,23d7c96d4a1160db1c726b248601b25a,2017-10-17 15:41:31,68.9,11.98
d4d5d282946b01dc1d8365bd227a8b28,1,ba9943916136c9959e24f71bdae28faa,8c16d1f32a54d92897cc437244442e1b,2017-11-07 13:55:20,44.9,16.79
d4e770b405f1a265106474eaf37ded74,1,f7f59e6186e10983a061ac7bdb3494d6,729f06993dac8e860d4f02d7088ca48a,2017-10-10 18:35:08,34.9,20.84
d4e770b405f1a265106474eaf37ded74,2,f7f59e6186e10983a061ac7bdb3494d6,729f06993dac8e860d4f02d7088ca48a,2017-10-10 18:35:08,34.9,20.84
d4e8d3bb5e3673ed68ac154fe86de946,1,1dceebcc5f23c02ea23e16d5bedca000,4e922959ae960d389249c378d1c939f5,2017-11-03 11:29:30,45.0,16.11
d4f52552a58cc399ffbf49fe9e76764d,1,bc7952b8b83834a52bc73204ea2576f2,3d871de0142ce09b7081e2b9d1733cb1,2017-10-23 12:49:15,19.9,15.1
d4fde1071e39ee8e421d916f13291d2a,1,ffa1ce7f2a287ca5e369673bd77d43de,c68fb906c8f4b4b946d8386bfa6e5467,2017-11-03 09:35:18,114.4,13.82
d5369a7117efa440cea9df1c1c18362f,1,d4ad7ea401df376d63728c3646895d49,1ce3ae5a399804d1a87e706f8a813c3e,2017-10-24 03:06:18,69.9,16.25
d54233c194fdd8970ee0e9f44af097c0,1,466fa2297e694a5cd3b603c1430201a0,86ccac0b835037332a596a33b6949ee1,2017-10-18 15:10:08,168.9,17.62
d54866a45a33784f6ff81bb5cb2778a5,1,137464dece73fa2dbb54658dbc7aae58,dbb9b48c841a0e39e21f98e1a6b2ec3e,2017-10-19 19:05:52,67.9,16.73
d57be2dc327f29fd0ef3927ac58931d6,1,a52ed2fb26d435066d6613134afcb439,cfb1a033743668a192316f3c6d1d2671,2017-10-30 13:14:12,15.9,8.27
d57ee317a5cd7f23d06b203ebdc2621f,1,368c6c730842d78016ad823897a372db,1f50f920176fa81dab994f9023523100,2017-11-05 23:15:15,59.9,13.44
d589713c55157332c231aee13c4a9120,1,8a5835aeef83efa6aa947f84f92deb0e,6560211a19b47992c3666cc44a7e94c0,2017-10-26 12:14:20,65.0,14.2
d595d12a400a55972bc4a65cbfc2f6c6,1,e8b61f78db501ea0ca45677d1ca27de2,3d871de0142ce09b7081e2b9d1733cb1,2017-10-05 17:04:10,29.0,16.11
d5a4e5577531dc95e5539e0b2bdac87d,1,b84520a57891e7a8ae2c68741dcc7146,6560211a19b47992c3666cc44a7e94c0,2017-11-03 17:50:29,45.0,15.1
d5a65462eaa47bd09f5ec817f2c9851c,1,e54464e95c9fb80e4edefa0ba49133c1,8f119a0aee85c0c8fc534629734e94fd,2017-10-17 11:49:26,54.0,9.34
d5aa77f5eed8acdd598a687ccc27cfa8,1,9798bc8585b031f32f0ba287ad22f334,855668e0971d4dfd7bef1b6a4133b41b,2017-10-13 15:56:21,159.99,13.67
d5adb7496b40cf5ac248505008ba61d5,1,ee406bf28024d97771c4b1e8b7e8e219,7a67c85e85bb2ce8582c35f2203ad736,2017-10-13 15:34:27,149.99,12.25
d5baf4bcffbda9d8bb2f9ee4e942c90c,1,cc971e0365873137b8bef2ebad633e6f,7a67c85e85bb2ce8582c35f2203ad736,2017-10-13 17:14:13,239.99,22.17
d5c9d16cb39c145a934aac43316eb2a9,1,dc6518b93adefc206b0d220c057f8b56,e5a3438891c0bfdb9394643f95273d8e,2017-11-07 03:50:50,48.3,15.1
d5d4ca33b423849f8f7a0645d0919738,1,2291d090b69f60fc0ffd95ae394daa77,c847e075301870dd144a116762eaff9a,2017-10-23 21:06:40,109.9,16.53
d5f471ea9cffc82fb64e8b07d247cb3f,1,156929d95f2ef8373a04db2cb82bc3e1,20d83f3ef0e6925fd74bfd59170babf7,2017-10-18 15:45:35,59.9,7.78
d5f9f12e76db82f85d145c5c5e5b9af6,1,ec2d43cc59763ec91694573b31f1c29a,1c129092bf23f28a5930387c980c0dfc,2017-10-26 03:05:44,45.9,16.11
d6058929a46a5ce35d8b31986c2d3b28,1,63d6e7ab30f482382c9dfbbccae7da54,b2a6d334e2833acea353624840e25a0e,2017-10-30 14:14:21,68.7,15.24
d6215a45def043ea37208c33a9cfa550,1,f6ebd102f55b1d6ec28eb3cb06c26210,f00e21b1e91a79653163b7fd8f293ff1,2017-10-31 11:56:14,164.9,14.17
d63ca971879bcbc2bc28cb2b4a8d1c52,1,8c591ab0ca519558779df02023177f44,a1043bafd471dff536d0c462352beb48,2017-11-07 04:15:26,89.99,26.25
d65342a5836898c61a3ca324c2226927,1,e0d64dcfaa3b6db5c54ca298ae101d05,7e93a43ef30c4f03f38b393420bc753a,2017-10-20 10:27:29,239.99,16.44
d66dd47e562a626ad07e1a314e1e90d7,1,754bbcab20b7ec2572eea091259f65a9,ad781527c93d00d89a11eecd9dcad7c1,2017-10-16 13:28:16,159.99,57.79
d6717d9840d700bd7be08d9ca8bb791b,1,7d40b684cc830baa8f7760f6fb1528c0,8c16d1f32a54d92897cc437244442e1b,2017-11-08 02:15:53,199.0,10.94
d6717d9840d700bd7be08d9ca8bb791b,2,7d40b684cc830baa8f7760f6fb1528c0,8c16d1f32a54d92897cc437244442e1b,2017-11-08 02:15:53,199.0,10.94
d684202253f5f00621b0afd578646f3d,1,6a7410f88fe57e3fd4e353cfc04e7b31,7aa4334be125fcdd2ba64b3180029f14,2017-10-06 13:28:23,56.0,13.41
d6b77bc6a9aaaf549d60d3f5ae45fef7,1,e2c3ed9aaddfd2312a6a5fe9b3ddadd3,46dc3b2cc0980fb8ec44634e21d2718e,2017-10-18 09:28:11,94.99,15.41
d6ba22d8529806979d963f00e0698039,1,1d2d3b19f5c3d093d4dbccd3cd963a8f,7ddcbb64b5bc1ef36ca8c151f6ec77df,2017-10-13 20:06:07,194.99,25.81
d6d672062a715f1a2bd844d2797c1dcd,1,fba0d8ee4c9aa479a86833c83892e589,5a8e7d5003a1f221f9e1d6e411de7c23,2017-10-26 20:49:25,79.9,16.32
d6e4c66836507e15b054fd436417a9d0,1,cce3ce6484896041ae3dafdd4308a39c,7ddcbb64b5bc1ef36ca8c151f6ec77df,2017-10-23 10:14:44,1004.99,35.02
d6e8909db886a81c5a4087d3a837003f,1,08667ce2730ce3fb20f04fe7bff92c0b,7299e27ed73d2ad986de7f7c77d919fa,2017-10-11 12:28:27,89.99,15.38
d6eaa14b089c4b3a1a97f905d9836018,1,0bcc3eeca39e1064258aa1e932269894,1f50f920176fa81dab994f9023523100,2017-10-16 16:32:07,59.9,17.67
d6fd1a476eb810f979d9cbd33ce43bd2,1,0a57f7d2c983bcf8188589a5fea4a8da,4869f7a5dfa277a7dca6462dcf3b52b2,2017-10-27 11:49:30,109.9,15.52
d7068745ac2b7e09a164d2a6791838e6,1,55552e80f046fafe13e130e6a07745e2,c864036feaab8c1659f65ea4faebe1da,2017-10-23 08:56:22,219.9,16.98
d710c73e401b4a2ac211c25a76f5af88,1,dd47440cb56de3ab674f9208ff0edc3e,3bdff180c7e1f6551a643b99c265a120,2017-10-19 16:49:39,69.9,13.08
d71fa55fc75019aa91ab9a4a1c148540,1,5272c0e8bee8fadf0a2a23b5460da8c6,8bb48dc19fccaa8613b6229bf7f452a2,2017-11-03 15:48:31,15.6,12.69
d72f653ddc9ff2fd28a70168d20aaf82,1,4a16a14bc51cda6c35221b3beb01c037,7e93a43ef30c4f03f38b393420bc753a,2017-10-09 13:14:17,219.99,17.3
d73f657ce49ec301ac81116e74bd0571,1,5373e18844eec682770d139ba29cd32c,efcd8d2104f1a05d028af7bad20d974b,2017-10-27 00:14:23,50.0,15.1
d753cc3a7de44e6e899104d5c130d857,1,431d674f9a4fbd0957ecf6ba3fcb6899,53243585a1d6dc2643021fd1853d8905,2017-10-31 22:49:28,289.0,18.46
d76365196bbcbd01da5825472503cf32,1,e43443a05db61acfccaca5876b804ba7,5f7300535881cef3b625fd683cf7d145,2017-10-19 23:27:10,29.9,16.11
d77a74efe1dd9a668ec9813f9c3a13c7,1,2d2600c283c0c1af0528fd84c14a2c28,e48b04bf1aa1ef711caebeb7aede6180,2017-10-15 23:14:17,136.5,27.28
d77f1a81387ccc7a918fed8c5fc8815c,1,dd6a505f83dd3c6326aa9856519e0978,fa40cc5b934574b62717c68f3d678b6d,2017-11-06 21:55:25,49.9,11.85
d781433971d92b00f67ae15b2265fabe,1,0cf3ab3383c2ae6f5750e5847c749e22,4e922959ae960d389249c378d1c939f5,2017-11-10 14:45:47,79.0,16.31
d798a6f2eef74e8cd33a5c79db6a316c,1,42a2c92a0979a949ca4ea89ec5c7b934,813348c996469b40f2e028d5429d3495,2017-10-16 11:14:21,59.9,14.13
d79ade6e8f673b2bff8995540f1e468c,1,42a2c92a0979a949ca4ea89ec5c7b934,813348c996469b40f2e028d5429d3495,2017-10-23 03:56:16,59.9,25.26
d79d241a5cf403c982409819c8aaaa98,1,3519403062e217f433e0bbdc52e0b19f,0432ead42b6c8a0bdf68154add917fdf,2017-10-30 06:35:09,39.9,11.85
d7b2d3b902441cf3dd12cd125533217d,1,35afc973633aaeb6b877ff57b2793310,4a3ca9315b744ce9f8e9374361493884,2017-11-07 11:47:06,89.9,17.88
d7d428429db1dae204d07128912f5020,1,601a360bd2a916ecef0e88de72a6531a,7a67c85e85bb2ce8582c35f2203ad736,2017-10-18 18:27:46,119.99,12.04
d7ebfa9a59497087b6f2383f00689fcf,1,3ece1fcd5a64459a4e24143920178f42,77530e9772f57a62c906e1c21538ab82,2017-11-05 23:05:48,49.0,15.1
d7f99a9d27a65a88e4aba096e5ba4a47,1,500870614ddcf5bd84f7d26861026c8a,ef506c96320abeedfb894c34db06f478,2017-11-14 03:25:42,29.99,11.85
d800296ed7f572eaa43c580857d3674d,1,171787b81fa784a521d7ba199e6e9fa6,23d7c96d4a1160db1c726b248601b25a,2017-10-13 17:49:16,176.26,21.72
d800296ed7f572eaa43c580857d3674d,2,171787b81fa784a521d7ba199e6e9fa6,23d7c96d4a1160db1c726b248601b25a,2017-10-13 17:49:16,176.26,21.72
d839ea07a528e914f89702508023da37,1,1a06a6a66ab23d70e02b8f92650e268f,2a1348e9addc1af5aaa619b1a3679d6b,2017-10-18 16:08:32,7.9,4.2
d839ea07a528e914f89702508023da37,2,90916a1ae9ea5e3c8c15c37b51834f37,d1b9d4be4b6f9ebd85f8acd6745ba612,2017-10-18 16:08:32,114.15,20.98
d839ea07a528e914f89702508023da37,3,1a06a6a66ab23d70e02b8f92650e268f,2a1348e9addc1af5aaa619b1a3679d6b,2017-10-18 16:08:32,7.9,4.2
d839ea07a528e914f89702508023da37,4,944a8fa6055b8213f9e715720d4e2d5c,da8622b14eb17ae2831f4ac5b9dab84a,2017-10-18 16:08:32,119.9,31.47
d8457bd7376bc47702228915e4c4f187,1,c9845573653d06921e63975a8eca331e,ef506c96320abeedfb894c34db06f478,2017-10-31 09:26:06,28.99,25.63
d856e505d0de5e968c3b1dffca9c8940,1,7fb04722aba7a2b632bac8f9819796f3,f3b80352b986ab4d1057a4b724be19d0,2017-10-26 05:33:04,79.9,18.8
d86ec98154cea8b1c374cb343e2e0e4f,1,6f3aab861391bdb91a3899c05faac2c0,f27e33c6d29b5138fa9967bcd445b6d5,2017-10-31 02:14:23,109.9,38.32
d8764a0bfdbd63c0dbcb665b8eafb7d8,1,5570e58fb62fc2a83e5bda3974e35be5,da8622b14eb17ae2831f4ac5b9dab84a,2017-10-26 03:05:55,99.9,13.72
d87d66c849378ef6a1e7a835e8e291f6,1,130482add9fd75ccb6c57ba007694a2d,87142160b41353c4e5fca2360caf6f92,2017-10-09 21:56:25,105.0,28.11
d889a8ab0342b0b548b78963f15aa195,1,916d4d1015e94b8b525ef366b3bde796,86ccac0b835037332a596a33b6949ee1,2017-10-19 13:56:29,698.9,45.28
d8921ec6a676e398ec918a0cc755af21,1,992197904e1d4f0bf3994652373188e4,a3dd39f583bc80bd8c5901c95878921e,2017-10-30 10:56:15,215.56,21.91
d898dd2a514f62601dc99b7858023038,1,b1acb7e8152c90c9619897753a75c973,cc419e0650a3c5ba77189a1882b7556a,2017-11-06 13:14:15,34.99,14.1
d8b1b374baabf8ba477823087ddfb1a2,1,a1ebb47a48200e6566603de49b83f621,46dc3b2cc0980fb8ec44634e21d2718e,2017-10-20 12:56:32,269.99,26.34
d8ca4d3c24aed1ff86900cc75f3b6016,1,c8a4cbaafa1f0579063ec64cf40ae153,b4ffb71f0cb1b1c3d63fad021ecf93e1,2017-11-09 04:10:18,19.55,14.1
d8cac70bba1a4ab6937ceaf9c2679c20,1,fecf6223a3494f35362f670e571d2a04,3db66a856d18a9cba7c9241fc5221c50,2017-10-31 01:44:38,69.9,16.25
d8db3d42c20148fb8282efea4061f7ff,1,e225e558548f7df6a4f4f1d5ee449ff8,ebd2d60905fb58271facef5596b620d3,2017-10-19 17:30:45,28.9,15.1
d8e06a0d47d09dae630bf252bbf904b9,1,7770bdde7d6bfd349bfdeabc4ce54c07,db4350fd57ae30082dec7acbaacc17f9,2017-11-01 02:56:25,21.99,7.78
d8e243ce9c93a72de3d0edb7dfeae971,1,06edb72f1e0c64b14c5b79353f7abea3,391fc6631aebcf3004804e51b40bcf1e,2017-10-18 11:28:19,45.95,15.1
d8e45e306d71cde5968cee487d288580,1,30715b45872148dd5322eb2989228a43,4a3ca9315b744ce9f8e9374361493884,2017-10-18 04:28:22,61.8,12.77
d91340e9348bc8b0e4971c128f2c0254,1,6f67fbf87e4b17a1aa8abfe2a0ffc7e4,7e93a43ef30c4f03f38b393420bc753a,2017-10-17 22:28:33,529.0,20.14
d9248ece96bedf878b5e570f2a838c79,1,0cf41187284d7f099adc8415a743ebbd,bbad7e518d7af88a0897397ffdca1979,2017-10-19 09:35:15,35.9,9.34
d9647302d75348f06e63f8444ef95544,1,54bb3470c28291c7252832f0437ca469,da8622b14eb17ae2831f4ac5b9dab84a,2017-11-03 14:05:18,39.9,12.69
d9956b0805e324db3f2a546ef216c10b,1,34f99d82cfc355d08d8db780d14aa002,a00824eb9093d40e589b940ec45c4eb0,2017-10-17 16:06:46,2999.99,126.51
d9a79759e192eeea9d5227b706bb6155,1,fb8d7cbaede34c7601b2d5a283287d49,6edacfd9f9074789dad6d62ba7950b9c,2017-10-10 23:35:24,37.9,15.1
d9d4a02bb9f1087deec1dae728740cdb,1,83b00325c13c44245b2c3a2befa62a0e,ad781527c93d00d89a11eecd9dcad7c1,2017-10-18 16:49:25,159.99,57.79
d9dd31d18506394e89644f5e0b9664e3,1,ee3e94e918d05a5da04a4cb547e91dcc,17e34d8224d27a541263c4c64b11a56b,2017-10-18 15:37:39,131.59,12.42
d9e3d1b54f7b0b5d95fe2e5fd70b5b42,1,ca3fd09ef832923ccad790506d6e0385,3f0e48d209018b466fcd3bb4ccfeb520,2017-10-12 21:14:53,499.9,30.88
d9e3d1b54f7b0b5d95fe2e5fd70b5b42,2,ca3fd09ef832923ccad790506d6e0385,3f0e48d209018b466fcd3bb4ccfeb520,2017-10-12 21:14:53,499.9,30.88
d9e98b1f6961932f22bf340d0153bbad,1,be6ae1b41a4ba652f1947e0fae960d44,f435898e493ba0356019a0b1cb8b55b1,2017-10-13 13:35:21,235.43,18.9
d9f99a6c65ab8565ad3dfc669d80ba07,1,63d6e7ab30f482382c9dfbbccae7da54,b2a6d334e2833acea353624840e25a0e,2017-11-03 17:56:12,68.7,9.34
da00a701a6b06de5995ee998ae82ce43,1,1ccef988a8dd457a93b0b4833b8f0724,1ca7077d890b907f89be8c954a02686a,2017-10-16 23:14:12,35.0,15.1
da0661322b03e6cc7ebe7e98961b9bac,1,6e835aea84ae8eb68b8c14878dd43b30,4d6d651bd7684af3fffabd5f08d12e5a,2017-11-08 22:49:15,69.9,16.12
da0e581c499ee074995f6e997ae5cb15,1,dd9e631c9f1f8008b90fff5170d02c2a,e5a3438891c0bfdb9394643f95273d8e,2017-10-18 14:49:12,20.3,8.11
da0f627d7b76d59598f9b85b3745d2f3,1,6803077179d24889430188e03fafd31a,128639473a139ac0f3e5f5ade55873a5,2017-10-12 22:24:19,19.9,15.1
da1186aaa3f26fa851d95c2e0b3d5574,1,9798bc8585b031f32f0ba287ad22f334,855668e0971d4dfd7bef1b6a4133b41b,2017-10-23 21:28:46,159.99,21.61
da1990d1037cd108f89b13fc5db97476,1,fe01b643060a6446e59f58e3021e66b3,2dee2ce60de9709b1a24083217181a1f,2017-10-19 15:05:41,143.0,38.55
da33d249647f3e530bb7aa020a6cea69,1,6a1a04054158fe995e1688d8f79605b2,9616352088dcf83a7c06637f4ebf1c80,2017-10-19 04:26:41,59.9,16.18
da486904a2675b4a8878493429ead8d0,1,2ebe00f53430b4eb4086f08409ec7760,ef506c96320abeedfb894c34db06f478,2017-10-19 16:49:28,24.9,21.15
da60efb422f7790ed513535dc8b72172,1,986c47683f9e701e110a0cc525dfac87,7299e27ed73d2ad986de7f7c77d919fa,2017-10-17 04:27:00,120.0,18.41
da69511456c7023cd57b53b888f9ab27,1,2136c70bbe723d338fab53da3c03e6dc,6560211a19b47992c3666cc44a7e94c0,2017-10-19 10:07:06,29.0,11.85
da792ccf2fb581023240f57c7ad5c14a,1,846145e9b8d412bd1c9bb478a52ab4a0,432c37c9dfba871172ec162e20118b8c,2017-10-19 16:14:58,25.0,15.79
da9aa61ec7bb8713f483bf0bf94c71c2,1,76ad24d8518857df0f3dc45b2f5faf2d,44073f8b7e41514de3b7815dd0237f4f,2017-10-09 09:56:19,72.9,34.31
daa31883279538aaa2097f19342c2b90,1,195a72beccf48da20d71e2d7530b470a,8d956fec2e4337affcb520f56fd8cbfd,2017-10-20 04:56:17,29.99,7.78
dad4892a17667aadb726ace75b1a16b8,1,5b3c2a0b39f0a99d946e2055617d11f2,46dc3b2cc0980fb8ec44634e21d2718e,2017-10-18 16:08:44,499.99,58.9
dad86956863b4f2c6744baf0b3989a8a,1,6085250f7b172d15b2fd69b85ca4808e,96493fab2fbb13a14d0c0e8772eef5c3,2017-11-08 13:35:22,339.0,11.19
dadb01b1be2452288cad226dc8deb6d7,1,ca00817d14c90f75f3695ef75030c907,c68fb906c8f4b4b946d8386bfa6e5467,2017-10-19 17:25:46,55.88,16.11
dadcb1104ce71e829a38e9157aef966c,1,422879e10f46682990de24d770e7f83d,1f50f920176fa81dab994f9023523100,2017-11-03 19:55:08,59.9,17.67
dadd179aa43944bfe3ebc6e6188b2606,1,e6b6e13cf71449a457269f425b89dc74,b2ba3715d723d245138f291a6fe42594,2017-10-20 17:35:19,109.9,8.02
dafd4cd63e908de9d1d745fee1c89637,1,d3f4f3de0f4576184674937d1e9cecca,3d871de0142ce09b7081e2b9d1733cb1,2017-10-10 03:07:12,29.0,16.79
db00b566587066d4b94d12353f314334,1,428f4b96ba9f630e761b333673039ae6,3ade81dab5a172b88e1871c28ae05260,2017-10-13 09:49:37,179.9,45.72
db267aa9141e401f3dfd53da809cc8f2,1,6d43aa08ee344527fc3e86b90cfd2379,3d871de0142ce09b7081e2b9d1733cb1,2017-10-09 16:28:18,99.0,13.71
db26f26e8c17de720f2aa151af77f904,1,a5eb994011cc41631b483ed58190bc61,1dcfa3835714681d4ba4a93bc1e0fd41,2017-11-03 02:08:26,79.9,16.19
db2bd06455f798cb0da8e649c3aa06f9,1,f03db1ea02e265f0f1a5ae2a5e0984a7,54965bbe3e4f07ae045b90b0b8541f52,2017-10-31 02:28:35,80.0,17.81
db324d2ccb4e9f72df1e28287c339c49,1,142edaf86e4eb5d0f928534667ab63f7,53e4c6e0f4312d4d2107a8c9cddf45cd,2017-10-18 19:56:15,42.0,11.73
db43c1a570e28fe9da60a444e3616a2b,1,a1efe4a86746c22541813e22e1d23e33,da8622b14eb17ae2831f4ac5b9dab84a,2017-10-05 15:28:17,169.9,16.82
db456679d015d774c82f5a26c503a7b0,1,3ae28b124972bb81eddcb644cd284be9,46dc3b2cc0980fb8ec44634e21d2718e,2017-10-18 12:29:59,94.99,17.23
db487d71157d986ff993d6afc5de6ea5,1,073ec95c6cd3b2db5d9dc430dcb524a6,bd0389da23d89b726abf911cccc54596,2017-10-23 17:46:48,129.9,17.35
db487d71157d986ff993d6afc5de6ea5,2,073ec95c6cd3b2db5d9dc430dcb524a6,bd0389da23d89b726abf911cccc54596,2017-10-23 17:46:48,129.9,17.35
db487d71157d986ff993d6afc5de6ea5,3,073ec95c6cd3b2db5d9dc430dcb524a6,bd0389da23d89b726abf911cccc54596,2017-10-23 17:46:48,129.9,17.35
db487d71157d986ff993d6afc5de6ea5,4,073ec95c6cd3b2db5d9dc430dcb524a6,bd0389da23d89b726abf911cccc54596,2017-10-23 17:46:48,129.9,17.35
db57aa40a4bd36993047eb80281d0df3,1,bd5556852920e0d5ebb6044894391ca6,e9779976487b77c6d4ac45f75ec7afe9,2017-10-13 00:56:28,34.49,11.85
db5a41f8a08f620920c7c413e91a4438,1,1fe1f9dca96414bdc282cddb276db70e,3df020b72d3d44b3af9d110fa3940b65,2017-10-23 04:25:08,49.9,16.79
db5a41f8a08f620920c7c413e91a4438,2,1fe1f9dca96414bdc282cddb276db70e,3df020b72d3d44b3af9d110fa3940b65,2017-10-23 04:25:08,49.9,16.79
db5d80117e19d41e6bee8c7ef9615a20,1,c795f412e17c825c7765adfdb4ecdc56,f8db351d8c4c4c22c6835c19a46f01b0,2017-10-26 19:49:29,15.9,16.79
db67f190728e6864bcd380d96236677f,1,793ee3bd01e3ecec7ab94aed9aeee415,9c0e69c7bf2619675bbadf47b43f655a,2017-10-31 12:07:17,179.5,17.02
db681ddec887abf991bac122d6c6d4e9,1,c551ffaf36e5c1d8444b44bb7c78123b,7e79d65b5c6f1f544b7daea036acf720,2017-10-31 02:26:41,99.0,16.94
db6c4c19928d9acc355a54ee897bfdbb,1,cfe6e9c01d0bbb5df9a75f0e3286baa9,1d8dbc4f32378d715c717c1c1fc57bae,2017-11-06 14:15:18,110.0,20.01
db7b454406f5f1f11a4aeb0ee58f473b,1,218de70a5a63ca13ad448aa4706d8ce1,44073f8b7e41514de3b7815dd0237f4f,2017-10-24 17:07:39,27.0,16.79
db7db7cb0958ac50a74b93178394e6a3,1,f7ed5567fe5b3e1c257886976714043d,119c7f1a00ef43fad0e57604e76a747c,2017-10-19 03:05:44,149.9,9.24
db811126381db2d82359d6872e2dacf4,1,422879e10f46682990de24d770e7f83d,1f50f920176fa81dab994f9023523100,2017-10-20 19:40:11,59.9,13.44
db811126381db2d82359d6872e2dacf4,2,422879e10f46682990de24d770e7f83d,1f50f920176fa81dab994f9023523100,2017-10-20 19:40:11,59.9,13.44
db811126381db2d82359d6872e2dacf4,3,422879e10f46682990de24d770e7f83d,1f50f920176fa81dab994f9023523100,2017-10-20 19:40:11,59.9,13.44
db83da303bf20ca0e0c62da48bc6ab67,1,5411e9269501a870cabf632f05655131,3d871de0142ce09b7081e2b9d1733cb1,2017-10-11 16:49:30,99.0,13.71
db851b28d3dbaa9b1b467dad083ff8fd,1,29a0f402bfb08e1e4602102eea060d04,dc4a0fc896dc34b0d5bfec8438291c80,2017-10-30 15:28:14,44.9,15.1
db88b6343641816263ce1df8c1ad1b2a,1,4be2adcd3d80c43a90cb97d7efbeedc4,79ebd9a61bac3eaf882805ed4ecfa12a,2017-10-18 03:19:35,19.9,12.48
db97652cf517d2cd03db63dec489ca62,1,6e79f7513adfd9ac67faa19f0d4ace53,7040e82f899a04d1b434b795a43b4617,2017-10-05 09:14:07,19.9,7.78
dba9e3ca7971091087fb18b18944557a,1,4a211fb7f2b6822d48f63629207a9f7e,9674754b5a0cb32b638cec001178f799,2017-10-19 11:49:57,20.59,16.11
dbe73e59815a2106ffcba61fa14592e9,1,2eefd8ed7a9782380fe14a1efdec7418,a425f92c199eb576938df686728acd20,2017-10-24 16:08:43,39.0,15.79
dbf850ec9efcd2382a33671c011d79ac,1,461f43be3bdf8844e65b62d9ac2c7a5a,4869f7a5dfa277a7dca6462dcf3b52b2,2017-10-19 17:49:51,159.9,34.92
dc0b827df3db237adaa4fb6c4a770096,1,b137e6107ce304cd87ee01233582603d,7a67c85e85bb2ce8582c35f2203ad736,2017-10-10 13:49:08,59.99,11.73
dc0d27ec49c399d19c810f94cd9d322c,1,4c1bbc12438daec98a77243c2bf7a3ba,7c67e1448b00f6e969d365cea6b010ab,2017-10-30 20:35:04,146.99,35.19
dc0f17c86e9fac88765b96ff304994f1,1,017692475c1c954ff597feda05131d73,3c7c4a49ec3c6550809089c6a2ca9370,2017-10-19 11:49:32,13.99,11.85
dc35eb180bdb73bd01cd27509171cbb9,1,f40876e0ef3cd5f9132b1f16b04b1346,620c87c171fb2a6dd6e8bb4dec959fc6,2017-10-13 17:44:47,99.9,16.46
dc5288fd98f63b9a6162fecb9e96937d,1,154e7e31ebfa092203795c972e5804a6,cc419e0650a3c5ba77189a1882b7556a,2017-11-08 14:05:58,23.99,15.1
dc5288fd98f63b9a6162fecb9e96937d,2,154e7e31ebfa092203795c972e5804a6,cc419e0650a3c5ba77189a1882b7556a,2017-11-08 14:05:58,23.99,15.1
dc5288fd98f63b9a6162fecb9e96937d,3,154e7e31ebfa092203795c972e5804a6,cc419e0650a3c5ba77189a1882b7556a,2017-11-08 14:05:58,23.99,15.1
dc5288fd98f63b9a6162fecb9e96937d,4,154e7e31ebfa092203795c972e5804a6,cc419e0650a3c5ba77189a1882b7556a,2017-11-08 14:05:58,23.99,15.1
dc5c1e4b9f70ea51724488c3f86b7c68,1,c5038055690911ed8e218cceb07acdf8,f8db351d8c4c4c22c6835c19a46f01b0,2017-10-30 06:49:07,368.9,27.42
dc5f7bc4c5617c381a1943ba3d5cabcd,1,ed2067a9c1f79553088a3c67b99a9f97,cbd996ad3c1b7dc71fd0e5f5df9087e2,2017-11-08 16:10:37,56.97,9.94
dc6b76e937308e88a3464d0f4352b959,1,f71f42e2381752836563b70beb542f80,85d9eb9ddc5d00ca9336a2219c97bb13,2017-11-08 17:14:09,31.9,14.1
dc731e00fc45a039b43e6108a19c4db9,1,65266b2da20d04dbe00c5c2d3bb7859e,2c9e548be18521d1c43cde1c582c6de8,2017-10-26 03:06:02,19.9,15.1
dc8a0e6deb56f56aec40546b51c53266,1,bc7783fa09789dd5984d2c9213413a97,94144541854e298c2d976cb893b81343,2017-10-24 20:26:22,229.9,18.05
dc8a41c3b06bd915d57fcd0e89973744,1,150c699262a053229e89213dc9c358d2,cd68562d3f44870c08922d380acae552,2017-10-10 11:40:17,116.0,15.56
dc8db01e3bbdf8eae34d6509752ddc88,1,0aabfb375647d9738ad0f7b4ea3653b1,37515688008a7a40ac93e3b2e4ab203f,2017-10-30 14:14:22,24.5,15.1
dcab0edc586a9707944e662c0ce7d3b2,1,a4f6f1f22e3d5cae41187879ded62616,6fd52c528dcb38be2eea044946b811f8,2017-10-27 09:26:23,39.0,15.1
dcab0edc586a9707944e662c0ce7d3b2,2,24decea9d84c24b8c6c53a2df90066e9,6fd52c528dcb38be2eea044946b811f8,2017-10-27 09:26:23,39.0,15.1
dcacab0792bc5892595d62c36950746e,1,d1c427060a0f73f6b889a5c7c61f2ac4,a1043bafd471dff536d0c462352beb48,2017-10-23 03:56:18,149.99,43.05
dcacab0792bc5892595d62c36950746e,2,52c80cedd4e90108bf4fa6a206ef6b03,a1043bafd471dff536d0c462352beb48,2017-10-23 03:56:18,179.99,43.05
dcbc872c5cda84c5d6373c44570b4889,1,4e45c321347cc3336c76fd6350da3445,fc906263ca5083d09dce42fe02247800,2017-10-24 09:14:18,39.9,12.48
dcbf6ba1b6e503c2bc0a5a5e833e3174,1,e4dbc5980f1159e257a31c8eb4ecd78a,897060da8b9a21f655304d50fd935913,2017-11-06 11:11:16,25.9,11.85
dcc07c60d0b67d006e3b736ed1c75e69,1,501ba963d8353c19c7f79d8ffc268993,7d76b645482be4a332374e8223836592,2017-10-19 21:28:19,21.99,15.79
dcc63ba3bf0ced293f88135e0b666ec6,1,3410cbd7df2130ec3cb9300ef0fe3df1,165fc07beebdcb6190fba8a06db2a449,2017-10-17 16:49:16,59.0,13.43
dcd05d9cb9629d8ee695cc3f2e030bf0,1,f5b0aa2b1c596d29597ba3226353fce4,8f2ce03f928b567e3d56181ae20ae952,2017-10-12 22:25:08,99.9,21.19
dcd55caf6dcb4c4a54e6f09eecdb4822,1,22bd45d50bed841763d6f7f58cb7b6ac,3c7c4a49ec3c6550809089c6a2ca9370,2017-10-19 11:28:11,13.99,11.85
dcdfc540e42725663242bb884c28f0a6,1,c647d965c3bd45fa151a61dc4233b7cc,47f55702f598c7c6cc8458b0fbc1c49a,2017-11-06 11:09:55,52.5,16.13
dce981ab14f4becc124df8d2039fa44d,1,f8b29b398eeec313dd704d04a432af3a,7178f9f4dd81dcef02f62acdf8151e01,2017-10-20 07:34:19,18.9,15.1
dcfb709b0757c7e96301c882821adb2c,1,211293b50935ced8d4370f552c482d74,e9779976487b77c6d4ac45f75ec7afe9,2017-10-19 12:28:17,33.0,11.85
dd080c5aab990b09aebe68a9388942ed,1,6109d0cae3bcb57d579bc0fab6e61814,dbc22125167c298ef99da25668e1011f,2017-10-24 15:36:00,84.9,14.32
dd21beb23190fb08c8532bb31cd28b34,1,9c7ce59c96e74dfdfc51f13a4a6c3869,6560211a19b47992c3666cc44a7e94c0,2017-10-19 12:49:27,29.0,14.1
dd246c04c51f928314cb10f842d04532,1,d2d39433df84064b1556612cc52cefca,6560211a19b47992c3666cc44a7e94c0,2017-10-20 16:37:59,49.0,14.1
dd2e209a7ec50b29ea0f6f39891e5c5a,1,be4cd8597e81008f1372c387f620e0a9,f4c4daa86e30c7e5a553a8d518ac03a5,2017-10-20 17:02:54,191.25,13.83
dd39a3c7afa0c93e2d1e3580594f09e5,1,ca5c923962558430573f83661dbe36d6,66922902710d126a0e7d26b0e3805106,2017-11-03 18:55:14,120.0,21.33
dd49a987288a4d98ff61100ff35330af,1,637641add87a760737226d3771e1782c,2138ccb85b11a4ec1e37afbd1c8eda1f,2017-10-13 09:49:19,34.9,21.15
dd4d421872976011ae063357e010a0cd,1,f7a17d2c51d9df89a4f1711c4ac17f33,f8db351d8c4c4c22c6835c19a46f01b0,2017-10-18 22:06:25,52.9,9.27
dd7466999a78895066f04b645789deb3,1,491c6b0ec61399a890b22a6ed2d9a4b0,b499c00f28f4b7069ff6550af8c1348a,2017-10-30 17:30:02,29.99,15.1
dd7be4063f9703a51e6508165a76763e,1,787268a8ccbecd1ae02d8001b61ca46d,4a3ca9315b744ce9f8e9374361493884,2017-10-11 13:07:17,89.9,13.65
dd93431d53b71db818ff6be24051ee98,1,c5e9b73e5f4c644885862ba3e1137b57,46dc3b2cc0980fb8ec44634e21d2718e,2017-10-09 15:49:35,199.99,16.16
ddaacb72e21c68c2863a84aa4b3e281d,1,5ea3f159c3d1fbcb5f1785dbb9c984e0,7d76b645482be4a332374e8223836592,2017-10-26 17:28:31,19.9,7.78
ddaacb72e21c68c2863a84aa4b3e281d,2,56eb39314ca59c39efa1e28beb073abe,7d76b645482be4a332374e8223836592,2017-10-26 17:28:31,24.9,7.78
ddb0d201c7d2c8ce0e966d98128d16e9,1,d5852e1fab9be489b5371a70adad7494,5d9dc90a686a8fddacffab6bab5653a3,2017-10-05 10:24:04,33.0,8.72
ddb980db437e5a69e48989e4f4dab66e,1,2b0ee2d07306f7c9ac55a43166e9bb4b,1900267e848ceeba8fa32d80c1a5f5a8,2017-10-31 08:56:24,59.99,16.18
ddc3b6d5a6e5e69a831ca246a5eefce0,1,3215010238fcd9cab6ba7d2b81a6973d,aae3bfea055532c57fb453ed3ec80b30,2017-10-18 18:46:28,28.99,15.1
ddc57d09a9d61d33de3fb2ddf173f31f,1,9e10ae46a3021a02f1692448ef9fa1db,8b28d096634035667e8263d57ba3368c,2017-10-24 08:05:39,37.9,34.15
ddda97894b0f0b42d8e7a4f28dda93a6,1,1491a8ff192d4b5c369b0eaa2fe33ee5,37be5a7c751166fbc5f8ccba4119e043,2017-11-08 03:55:29,219.99,15.14
dddf3072374a44f4645fcfd6367ee77d,1,ed2067a9c1f79553088a3c67b99a9f97,cbd996ad3c1b7dc71fd0e5f5df9087e2,2017-10-17 16:49:29,56.97,16.16
dde867f83e689b0167785b684ab311cd,1,914323edd50192310dd03435b0e6ad65,2c9e548be18521d1c43cde1c582c6de8,2017-10-20 14:50:12,4.5,11.85
dde867f83e689b0167785b684ab311cd,2,914323edd50192310dd03435b0e6ad65,2c9e548be18521d1c43cde1c582c6de8,2017-10-20 14:50:12,4.5,11.85
dde867f83e689b0167785b684ab311cd,3,914323edd50192310dd03435b0e6ad65,2c9e548be18521d1c43cde1c582c6de8,2017-10-20 14:50:12,4.5,11.85
dde867f83e689b0167785b684ab311cd,4,914323edd50192310dd03435b0e6ad65,2c9e548be18521d1c43cde1c582c6de8,2017-10-20 14:50:12,4.5,11.85
ddfc5bfeb3554462248798b6670835a9,1,787268a8ccbecd1ae02d8001b61ca46d,4a3ca9315b744ce9f8e9374361493884,2017-10-19 21:07:10,89.9,17.88
de02851d6bdb931fe9bc90c4f92648b9,1,28a652ff04e43c1bc57937a9f8770f9b,3d871de0142ce09b7081e2b9d1733cb1,2017-10-31 22:14:16,99.0,27.24
de1b36816c8787f530a0c336e2598c12,1,4293865e4ead3d446609086b4cfedb4f,da8622b14eb17ae2831f4ac5b9dab84a,2017-11-05 23:25:45,119.9,15.88
de1b36816c8787f530a0c336e2598c12,2,87d780fa7d2cf3710aa02dc4ca8db985,da8622b14eb17ae2831f4ac5b9dab84a,2017-11-05 23:25:45,99.9,12.71
de1b36816c8787f530a0c336e2598c12,3,0fa81e7123fd0ebe03adbbe99d912827,da8622b14eb17ae2831f4ac5b9dab84a,2017-11-05 23:25:45,99.9,12.7
de28e8b3c44bdad3ecda851978e1599c,1,7c4dcc33f7e49dc0d25078b036baa162,7142540dd4c91e2237acb7e911c4eba2,2017-10-24 11:56:36,59.9,17.67
de3353dc4eb5012999074ce70b124fee,1,a21ff4d1a65a23c7e676469d24434a00,a1474fd46fd3430168f7ec202da39408,2017-10-17 21:14:28,435.0,40.84
de42a8e111d0e1b06aa129d163313053,1,90b86c830114ddc888f6380a223ee285,d2374cbcbb3ca4ab1086534108cc3ab7,2017-10-19 18:35:15,21.9,15.1
de555a095d66fc6e7b5a1131b4e0c31b,1,d338b69b9fffb4c3bd206b5350406873,ca3bd7cd9f149df75950150d010fe4a2,2017-11-03 17:28:35,18.25,18.59
de6208f5005c5c2719228610b5975a5f,1,880be32f4db1d9f6e2bec38fb6ac23ab,fa40cc5b934574b62717c68f3d678b6d,2017-11-07 03:50:33,44.9,7.78
de6ea8b619d37e5f86f1566fb3136a15,1,be4c9d0368829d208573322be600c95c,fa1c13f2614d7b5c4749cbc52fecda94,2017-11-07 10:35:21,123.43,15.61
de87be44e83ebc323acd6d4caec3ca57,1,64fb265487de2238627ce43fe8a67efc,4a3ca9315b744ce9f8e9374361493884,2017-11-01 14:29:15,99.9,16.33
de8f6de451fff81802c07436b095e52e,1,15fdd6032f35d4add5066fb90be28630,6560211a19b47992c3666cc44a7e94c0,2017-10-25 02:49:45,89.0,17.9
de9517fb01c6e4692d1cc9ff37c4d9ad,1,cb4ea8f55c5245555696ae22ce0ea921,80e6699fe29150b372a0c8a1ebf7dcc8,2017-10-19 11:56:16,99.9,15.45
de9b8b05fb249806b7dc8f5cd60eccad,1,1b11571a0535a643bb18db34b84b7334,48436dade18ac8b2bce089ec2a041202,2017-10-15 22:35:28,69.9,15.24
deb56ff7a4c8b6ca2a4499ad9acc3b5a,1,978859c6048ded0fa8bf3b9ea8236387,813348c996469b40f2e028d5429d3495,2017-11-08 11:30:24,15.3,8.72
dec8a288bd6ae97892bacfc5574a451c,1,39084b68d30ae3ce2bdaf467ed4f3dbc,5f1dc28029d2c244352a68107ec2b542,2017-11-13 18:27:04,39.5,7.78
dec8a288bd6ae97892bacfc5574a451c,2,39084b68d30ae3ce2bdaf467ed4f3dbc,5f1dc28029d2c244352a68107ec2b542,2017-11-13 18:27:04,39.5,7.78
dec8a288bd6ae97892bacfc5574a451c,3,39084b68d30ae3ce2bdaf467ed4f3dbc,5f1dc28029d2c244352a68107ec2b542,2017-11-13 18:27:04,39.5,7.78
dec8f082d09a6365bc6ea5a9eb542827,1,7f064525eaaa1ce9d22c085f7ff5413a,6560211a19b47992c3666cc44a7e94c0,2017-10-24 03:15:55,49.0,11.85
ded72e12bc0d3247a41683e7d9288fa0,1,2028bf1b01cafb2d2b1901fca4083222,cc419e0650a3c5ba77189a1882b7556a,2017-10-24 23:07:10,56.99,14.15
deda46d52534f8f81c482a3980bf644d,1,7b35be468d9795a7529f65c50ec87668,4869f7a5dfa277a7dca6462dcf3b52b2,2017-11-07 17:30:31,629.0,15.9
dedf47a44eef0b1ac6891db532542eef,1,4e0d588f8e002f2bad9cbe0b8f66f6f6,fc906263ca5083d09dce42fe02247800,2017-10-15 22:24:47,39.9,14.1
dee4a8731622b04d4fe7fcb6ae45647b,1,7cdffa73c5aa5471607b4ac982baa201,f84a00e60c73a49e7e851c9bdca3a5bb,2017-11-01 03:08:42,44.5,15.1
dee9aa5c49815ac54d9348b7e4899efb,1,3f0f8de616df6efb39a48f3c64eea974,cce6ab8d1682639fe45ab70234f1665f,2017-10-18 23:07:16,40.0,20.75
defa35b1f40e19ddeea7aa2aadb0ef3f,1,82c3ea364e5480f335f6743ee725a921,70a12e78e608ac31179aea7f8422044b,2017-10-18 04:49:14,49.0,15.1
defc9635e736dc57770092284a0eeee0,1,728c17e07a160fed8b31f419de75f2c4,2528513dd95219a6013d4d05176e391a,2017-10-05 22:07:26,229.0,17.23
df16628521a91b8dc473aa698aac7285,1,1c45430f3f3063bdb54d28e87824ed34,54965bbe3e4f07ae045b90b0b8541f52,2017-10-29 22:28:29,375.0,31.67
df3a7600e4fd0a2c595fa7ad6e2e622e,1,fff9553ac224cec9d15d49f5a263411f,643214e62b870443ccbe55ab29a4dccf,2017-10-13 02:28:11,32.0,11.85
df3b978476e9f9edba154f427c2f4add,1,c36b3f0e13d2e953ee290c7ded304c57,fcba71d4d5db057f43249145e4eb1e27,2017-11-07 21:55:14,154.9,16.84
df413df02c32f319cb51828513261aff,1,6a3bbf3124c96579f7cd0b2519490cd2,6fd52c528dcb38be2eea044946b811f8,2017-11-03 18:28:19,168.98,14.2
df49de84ab3bc9177615784feba35c12,1,dce4459168283eed926d7af76ba39e02,7d76b645482be4a332374e8223836592,2017-10-26 17:28:19,14.9,21.15
df4c0cdd0a9a9b0d0e9f755537a0b706,1,223d59a37896c34a98384dcbaefc322c,2528513dd95219a6013d4d05176e391a,2017-11-06 13:30:31,229.0,14.16
df5465f66ef6f3f877889281259aab02,1,497990bf1833de92aef1f3bfcda8718f,0be8ff43f22e456b4e0371b2245e4d01,2017-10-09 15:04:28,65.9,8.72
df5f436b9325e3e1716be74b6c5ce828,1,764292b2b0f73f77a0272be03fdd45f3,bd23da7354813347129d751591d1a6e2,2017-10-11 16:14:26,89.9,12.97
df6a6216c9ad1e49d9d48201dea50a9d,1,550dc4417c636abc04c71404342de695,25c5c91f63607446a97b143d2d535d31,2017-10-24 02:58:52,149.89,20.29
df6c01d270d262c21e166451f80eaa74,1,2a2d22ae30e026f1893083c8405ca522,1a3df491d1c4f1589fc2b934ada68bf2,2017-10-25 03:46:05,154.9,21.57
df7f29945c1263ebc3b787b14c326b18,1,17c52ae67ff6a495f5c73e4fe7beb56a,901b460cdce0c64e471230d7f2f9f3a3,2017-10-24 21:49:17,439.0,19.51
dfbaaa8fbe0139951467b1cc869562fb,1,6ffccc089c964ffc65eb623f5acf4a1a,7c67e1448b00f6e969d365cea6b010ab,2017-10-31 13:56:21,189.99,39.35
dfca7d8ebf03cc6118734497cd33e14e,1,1eca63a94a93dad2e0d65d2a29635d3e,218d46b86c1881d022bce9c68a7d4b15,2017-10-09 18:56:24,129.0,13.96
dfe27a883f9272758eb75f9ac80c1812,1,2ceff1056fe5bd4ee443433402962fa4,002100f778ceb8431b7a1020ff7ab48f,2017-10-24 02:50:19,14.9,15.1
e008eec42c3cdeca3e9b47a91fbc848a,1,422879e10f46682990de24d770e7f83d,1f50f920176fa81dab994f9023523100,2017-10-11 03:04:07,59.9,17.67
e008eec42c3cdeca3e9b47a91fbc848a,2,422879e10f46682990de24d770e7f83d,1f50f920176fa81dab994f9023523100,2017-10-11 03:04:07,59.9,17.67
e0491d5fa20ffe7ac96ccfdb874a8dc1,1,98a8c2fa16d7239c606640f5555768e4,001cca7ae9ae17fb1caed9dfb1094831,2017-11-02 22:25:47,110.0,32.1
e0519f85bba56ba4bd2ec14a3c2c9d92,1,a0045b8457877b5981ed6c79b9b0765a,ef506c96320abeedfb894c34db06f478,2017-11-03 12:30:07,19.9,7.78
e068f293bea19116e59f683da3f71e2c,1,dff77495e86ee63b26d521d2b196ad0d,eeb6de78f79159600292e314a77cbd18,2017-10-05 22:28:18,269.0,68.18
e0788e95b53fbcfd9955d96e0fcade45,1,663d6ef343ce527b3548d6a255f89eb8,6d66611d7c44cc30ce351abc49a68421,2017-10-24 23:49:43,79.9,9.37
e07d09400c3676a4f529453627ed9460,1,fe6a9515d655fa7936b8a7c841039f34,dc317f341ab0e22f39acbd9dbf9b4a1f,2017-10-23 03:45:51,249.9,69.21
e088d467c07c9879ddbdaaa9b1c51e85,1,6cda4e34e42ceee3bc219010c1333577,b335c59ab742f751a85db9c411a86739,2017-10-19 20:20:28,15.0,16.11
e08debbe8f44228bc16e6e292bff6f4f,1,7a5c07212703b5f01ee199d29a29a587,432c37c9dfba871172ec162e20118b8c,2017-10-24 02:51:24,75.0,17.81
e09476e56fe4f78109f7c347f0061f9b,1,7b7a748518a1e2236ae04e2f97c492d2,850f4f8af5ea87287ac68de36e29107f,2017-10-30 03:14:16,799.0,18.61
e0c8e19935331054195ca859f10e056a,1,e0ce26ae52c9ab0b8c8e42129d6c1996,391fc6631aebcf3004804e51b40bcf1e,2017-10-20 12:46:10,24.9,6.61
e0c8e19935331054195ca859f10e056a,2,a0736b92e52f6cead290e30b578413b6,391fc6631aebcf3004804e51b40bcf1e,2017-10-20 12:46:10,49.7,19.45
e0e47c0af7044370987d4b95028d9f53,1,e0bfab1a66b1f0fb4b1cbf7273121a6a,c3867b4666c7d76867627c2f7fb22e21,2017-11-01 18:14:15,54.0,27.76
e0e79f987715dab211e5e31e5e9c95e8,1,08574b074924071f4e201e151b152b4e,001cca7ae9ae17fb1caed9dfb1094831,2017-10-13 12:07:42,99.0,37.99
e0e86e74456d51674570c5ae13d36b41,1,8466762a9393a2b2b1de73f3cf6081a3,1dcfa3835714681d4ba4a93bc1e0fd41,2017-10-23 04:27:46,79.9,52.92
e0eaf809859a6844fa893ae9c9af2ddc,1,d1c427060a0f73f6b889a5c7c61f2ac4,a1043bafd471dff536d0c462352beb48,2017-10-18 20:49:13,149.99,40.38
e0f440a717f42eab01c2bfdfdf890273,1,d696750e550fd0f733979dd7e5dff921,9de4643a8dbde634fe55621059d92273,2017-11-06 18:33:04,177.99,17.01
e1065a0d77c2e2f08c58c0d4dafccecd,1,a42d9c825894f96fc6ed02610891454d,4d6d651bd7684af3fffabd5f08d12e5a,2017-10-25 17:50:43,69.9,20.98
e10b4465dc4265ab01391e25bed55c5e,1,534b02311d6e4647c43e97e8d479dab5,71039d19d4303bf9054d69e9a9236699,2017-11-08 03:26:29,269.9,9.14
e1171120e3b1615034d5372b0d3254a7,1,617186c3d97ea56c9c683a8a3974e8c1,cc419e0650a3c5ba77189a1882b7556a,2017-10-11 17:24:46,84.99,15.34
e14eb5b6674a1436f94afd67ea14ac19,1,215350c42aaf9bcdd3fab5301453d7a9,82e0a475a88cc9595229d8029273f045,2017-10-18 22:14:35,75.9,8.73
e15220c597e20a77d293f05d69bd506e,1,7c4a8bec217df1de0df2b5aaf8175b65,7040e82f899a04d1b434b795a43b4617,2017-10-18 04:14:28,19.9,7.78
e160d11c70cf606ed89a6700da4e3454,1,048dc5e495c6f5e54f22fa6cd23c3e5f,7e93a43ef30c4f03f38b393420bc753a,2017-10-05 19:14:15,169.99,12.69
e17605f30423d4d61b56a16c513c00ce,1,dbbaf4c939ff935365a67aee70c9b42a,23d7c96d4a1160db1c726b248601b25a,2017-10-05 20:35:21,68.9,11.98
e17bd911e20bf0862b784df73f0940c9,1,656e0eca68dcecf6a31b8ececfabe3e8,e9bc59e7b60fc3063eb2290deda4cced,2017-11-06 14:50:45,98.9,18.26
e17d2e2d4c3e655845a5ed84c9409490,1,d6fe3b4ddecd4a8393c6a1385de3bfb6,7c67e1448b00f6e969d365cea6b010ab,2017-11-09 21:46:13,194.97,53.37
e19a6a3393b0a8dec5b1117a0642252e,1,34b91723112fa9ebf6b4d6b4db4a6741,850f4f8af5ea87287ac68de36e29107f,2017-10-09 08:14:15,579.0,20.3
e19a8635d806af6ae2d20b3de998b0c8,1,9b1689a9d895d266ce7134329b4e905c,f8db351d8c4c4c22c6835c19a46f01b0,2017-10-09 10:51:44,98.9,21.18
e1a6a65ef3f7bc155b0e21555a728931,1,7e437c1d65a7baab7e7ca6c9f4e98b84,b56906f7fd1696e043f1bcce164c487b,2017-10-24 13:56:15,65.0,20.94
e1c3d92e7f97e0bc149440c0e3bbfe2d,1,9fc98e39f04be8e382d8aa5e259f5489,d2374cbcbb3ca4ab1086534108cc3ab7,2017-11-06 19:06:37,44.9,16.11
e1d78d7d328dc5311016ff1ef499dcc5,1,2d78dc9b1f4a5d1ceb28287b82d85b86,391fc6631aebcf3004804e51b40bcf1e,2017-10-27 15:06:20,39.9,24.7
e1d78d7d328dc5311016ff1ef499dcc5,2,a0ef8572cd061badd81ffc48dc04d1fa,cca3071e3e9bb7d12640c9fbe2301306,2017-10-27 15:06:20,113.0,12.34
e1d78d7d328dc5311016ff1ef499dcc5,3,d4fa7c305b2ffd07d12ae5a886b6cb0f,391fc6631aebcf3004804e51b40bcf1e,2017-10-27 15:06:20,44.35,12.35
e1d78d7d328dc5311016ff1ef499dcc5,4,2d78dc9b1f4a5d1ceb28287b82d85b86,391fc6631aebcf3004804e51b40bcf1e,2017-10-27 15:06:20,39.9,24.7
e1ec9566121e686526654847ac92397c,1,ffe8083298f95571b4a66bfbc1c05524,3b15288545f8928d3e65a8f949a28291,2017-10-12 21:35:18,77.99,2.41
e1ec9566121e686526654847ac92397c,2,72b781d37ad5c06da9a06f01248d3f48,3b15288545f8928d3e65a8f949a28291,2017-10-12 21:35:18,77.99,24.05
e204e879fca83906b12991cb4d455799,1,439dee65f97bb5e70b021e1e7cf54a5e,f27e33c6d29b5138fa9967bcd445b6d5,2017-10-30 03:49:20,59.9,17.67
e2106d4c268074159f4e90a33cf4e18c,1,cc971e0365873137b8bef2ebad633e6f,7a67c85e85bb2ce8582c35f2203ad736,2017-10-23 21:46:10,239.99,9.28
e2106d4c268074159f4e90a33cf4e18c,2,83b00325c13c44245b2c3a2befa62a0e,ad781527c93d00d89a11eecd9dcad7c1,2017-10-23 21:46:10,159.99,37.1
e213ae13799e8736ebbc653d21a441e5,1,ec2d43cc59763ec91694573b31f1c29a,1c129092bf23f28a5930387c980c0dfc,2017-10-13 11:14:13,45.9,15.11
e23115216f6b79bda05036f94744a2dd,1,807b118bfa0f764901f5a528e0e3b7f9,6219ba2359cfb97f2e38fd4c321eb309,2017-10-18 04:14:09,44.9,11.73
e235f2f2440fa2abd4c0777a2fda1026,1,dd735a55e6c75fb8fbe93e14d1c3bf07,8f78f0903005064036736c7173a5c2ed,2017-10-16 20:49:23,26.9,15.1
e235f2f2440fa2abd4c0777a2fda1026,2,b22be29b1a6f923436642bb5fe433071,8f78f0903005064036736c7173a5c2ed,2017-10-16 20:49:23,26.9,15.1
e23a2679ade434eac3bad78376898279,1,0aabfb375647d9738ad0f7b4ea3653b1,37515688008a7a40ac93e3b2e4ab203f,2017-10-27 15:14:17,24.5,11.85
e246ac3f62e56576a4f95864cff73495,1,f683f3a5d367251ac1a86404f15615b5,6560211a19b47992c3666cc44a7e94c0,2017-10-27 18:28:24,89.0,12.96
e25b0e7a7493d60787761f999380b492,1,9feeadd6b97835152e83e1b25b46f5c4,a2e85714b56b1cb6bb24a9a6e6cad36f,2017-11-06 20:50:16,114.9,13.14
e288fa5f1799464f8ec22b005044bf8a,1,54e68dc384678ee9280afd42a1b7d97d,7040e82f899a04d1b434b795a43b4617,2017-10-06 00:49:25,19.9,15.1
e29dccdb88a3634febb4ec0b7407702e,1,6cd51331a07b84149502aa6c9c5b536e,9dd59e43f0c9f0553244e8f9c2fb247e,2017-10-26 17:49:26,52.9,15.12
e29e00dc95dbbb50686a9fbb9bf2177f,1,f63729cf4441fe64282cd1b82281792d,70eea00b476a314817cefde4aad4f89a,2017-10-18 15:29:12,200.0,20.89
e2a0a74ea79eebb803a7752cf3b429bf,1,564d0015be20622253aee5b6e875bea8,ef506c96320abeedfb894c34db06f478,2017-11-01 11:49:08,29.99,15.1
e2c195168dcfb7f5465c1b342ac094ee,1,797db4aaf1d7db19f13d21423f07b8e1,2fdde51ad3e12f297da656d4fbd5d0b5,2017-10-16 13:35:18,1490.0,115.14
e2c9f858f7f4d4291add68fd7fcf8090,1,4c6018f41a6c2e5543cc034e94f5ce5b,be9a160a9011f627c3e121d076c1ec7b,2017-11-06 15:45:59,739.0,38.0
e2d4589339629645d85a6c1a8215edab,1,1d2498694abb5754d2a497801dc4900e,ea8482cd71df3c1969d7b9473ff13abc,2017-10-27 12:07:45,27.99,15.1
e2dac37a89ee550da5d7008a6fae1335,1,84bafdce8540f697ae16b41858256867,6a8b085f816a1f75f92dbac6eb545f8f,2017-10-18 23:49:51,16.9,15.1
e2df710c10b3d255c51ae1fb11bfcd11,1,474bb6b54fc608ca71059a6c4f7ecda3,8b321bb669392f5163d04c59e235e066,2017-11-08 02:26:59,18.9,5.03
e2df710c10b3d255c51ae1fb11bfcd11,2,474bb6b54fc608ca71059a6c4f7ecda3,8b321bb669392f5163d04c59e235e066,2017-11-08 02:26:59,18.9,5.03
e2df710c10b3d255c51ae1fb11bfcd11,3,474bb6b54fc608ca71059a6c4f7ecda3,8b321bb669392f5163d04c59e235e066,2017-11-08 02:26:59,18.9,5.03
e2f6bff876d784db1590923c91ead84a,1,a60e1868eec274b4c295fc836ea8320d,2528513dd95219a6013d4d05176e391a,2017-10-25 15:49:28,269.0,15.49
e30787025578adaddf110614dce5e399,1,f39a8b27ce90ac582103bf36f09690dd,16090f2ca825584b5a147ab24aa30c86,2017-11-08 20:55:56,319.0,10.98
e309561688d0e53d29a039914f51190a,1,fb7a100ec8c7b34f60cec22b1a9a10e0,d98eec89afa3380e14463da2aabaea72,2017-11-07 08:46:19,49.99,14.1
e31b902db540d867cf64c82630abfc61,1,5fc604f5f76a23b94565f06a830fa835,cee48807215b30a12ca2ca10ffb5f250,2017-11-14 20:46:06,111.9,15.53
e323604c8f7546deb59dee1db160e268,1,617186c3d97ea56c9c683a8a3974e8c1,cc419e0650a3c5ba77189a1882b7556a,2017-11-03 12:07:16,84.99,15.35
e326a262b6e44dcbb1df6b74f9aea574,1,ffaaddefb271481c66d4bd79844ecdae,813348c996469b40f2e028d5429d3495,2017-10-31 13:06:25,13.31,8.72
e32d08364176af6d650ccae2520230c0,1,130482add9fd75ccb6c57ba007694a2d,87142160b41353c4e5fca2360caf6f92,2017-10-20 04:46:42,105.0,18.35
e334ab4c4f7e57c1687890de298f81e2,1,321c788deb64e03c83312213e1ddc6f4,7e93a43ef30c4f03f38b393420bc753a,2017-10-26 00:35:08,489.0,27.97
e33660972fa3937195ecd1545a4e96ca,1,ed2067a9c1f79553088a3c67b99a9f97,cbd996ad3c1b7dc71fd0e5f5df9087e2,2017-10-19 04:28:40,56.97,16.16
e337cdc735f7a8764df34f678640c7dd,1,b66270a5d5b3a8585f8314b2f14420fb,e9779976487b77c6d4ac45f75ec7afe9,2017-10-13 14:14:25,49.89,19.47
e337cdc735f7a8764df34f678640c7dd,2,386eebb43722ab502f04f7900bd2451b,8b28d096634035667e8263d57ba3368c,2017-10-13 14:14:25,57.9,0.65
e347669c9f1e06e47e56b30477d2eb1d,1,221682b067ae8e8460ae2517e7e25e11,ad420dd0c4f92f8af951ac24b86d0cf5,2017-10-09 09:49:26,49.99,34.15
e34a6ebdacb6b70e573e1e3a2a97a1f4,1,7405b565a367960901d88f91c514cd90,c864036feaab8c1659f65ea4faebe1da,2017-10-18 21:05:55,139.9,25.82
e359161b033a3071a1f578ff47c8c48c,1,06f0e85c7892d5df893f332706340af1,3d871de0142ce09b7081e2b9d1733cb1,2017-10-27 16:46:23,179.0,32.28
e36361f00e1c093432050d4a52860c8f,1,2423252b2432f1803e4f29e0974c6cf7,48436dade18ac8b2bce089ec2a041202,2017-10-05 09:24:37,139.9,18.23
e36b28a5ad1829210ce96af49823ed25,1,f5a0cfa0a3289fb63ddcea79601165d0,e5a3438891c0bfdb9394643f95273d8e,2017-10-09 21:56:32,20.3,8.11
e374d352a264211feb7b8dfa292120e5,1,9163c7e81fd68452472912c4cde810aa,b499c00f28f4b7069ff6550af8c1348a,2017-10-25 16:27:02,34.99,16.11
e37e8b2274cafef8334e4f7f8e2eda80,1,53ea9da485f6aed8a6f03a85831fe021,7e93a43ef30c4f03f38b393420bc753a,2017-10-26 18:28:12,249.99,19.0
e3972eaaa49eaaa56867a035b01686b2,1,165f86fe8b799a708a20ee4ba125c289,7ddcbb64b5bc1ef36ca8c151f6ec77df,2017-11-03 03:06:15,146.99,16.66
e399c29d4401b459c761d3c58662d5d9,1,98615693c104cb69e8746bdbad198317,f08c008c8a8d31417763738a1788a2a8,2017-11-07 21:55:12,39.9,14.1
e3a45547c935293f9ab978bbfaaaf33c,1,2132979d9b6f64e99b8c9bb4da4e0323,45d33f715e24d15a6ccf5c17b3a23e3c,2017-10-30 22:28:14,89.99,16.39
e3b7e48fbae78fdbffdf354d08bfcf4a,1,894d3a43c12eefa5d5bf7e9d68520b68,8e6cc767478edae941d9bd9eb778d77a,2017-10-19 01:14:43,66.6,19.71
e3ea7db75c57be6a3779176cfa7802c3,1,7ec65ab95b82f48104a89d8765718663,95e03ca3d4146e4011985981aeb959b9,2017-11-01 18:14:17,95.0,18.91
e3ece21d7c72cb7ccac97cf62de62891,1,6fd3ed85c5487d221849813b3552aae5,1b8b75e227c9a9c100d0c210fb6176ce,2017-10-26 02:28:14,129.99,17.16
e3f36e2bde7883f92b8fe4b30e166321,1,21cba128dedfe6bf04bfde715aef5355,0ea22c1cfbdc755f86b9b54b39c16043,2017-10-19 19:34:47,79.9,12.69
e402e802747c8579d579310e0ec1ddc7,1,83de011a17eb6035fe818aa81832ac94,1da3aeb70d7989d1e6d9b0e887f97c23,2017-10-20 04:35:42,16.0,16.79
e40339cd43c38724ea64647be58ae59e,1,6413f7a28e149a324c4a914000399fb2,7a67c85e85bb2ce8582c35f2203ad736,2017-10-26 20:28:08,149.99,12.25
e4096fb3855821fb19ff9025c7ce4edf,1,ca84f66aece31f9e2298a1b53d9f39ee,ad420dd0c4f92f8af951ac24b86d0cf5,2017-11-03 18:46:08,49.99,16.79
e40ad49e77913b7176bc3268c18b3299,1,18796df281656da4036dd926561a6030,cca3071e3e9bb7d12640c9fbe2301306,2017-10-19 12:14:30,75.78,15.28
e412969c1f2644860cf80035bffa2b5e,1,9f890da4bf8473aca1996ca037005902,dc4a0fc896dc34b0d5bfec8438291c80,2017-10-30 20:25:48,28.38,12.69
e417eb578007d00c0b658bc321e625fb,1,99a4788cb24856965c36a24e339b6058,4a3ca9315b744ce9f8e9374361493884,2017-10-09 15:07:23,89.9,21.12
e4223b96432f4984fc69390438d80861,1,a611d42645c444a6c8a20c3d4f058482,7d76b645482be4a332374e8223836592,2017-10-09 10:24:18,18.9,15.1
e42bf7067f681fd8fae881e02681808a,1,e1da6ab77f4859eb17950e5df1c0f815,dd7ddc04e1b6c2c614352b383efe2d36,2017-10-17 03:56:37,45.9,16.6
e42bf7067f681fd8fae881e02681808a,2,e1da6ab77f4859eb17950e5df1c0f815,dd7ddc04e1b6c2c614352b383efe2d36,2017-10-17 03:56:37,45.9,16.6
e42d675de97fa2ce82d7090d2e1627de,1,7dd1038514093bf30a37d0865dfef351,a3e9a2c700480d9bb01fba070ba80a0e,2017-10-16 18:51:20,114.0,21.29
e4318982ed51e84596216f47f154d767,1,561cea7963070b5a99b20b962862a0e1,4830e40640734fc1c52cd21127c341d4,2017-10-26 01:26:28,19.0,9.34
e4332fcdfe53c13a7ac6feff6e31b6b2,1,0a71a1f1eefa516fe0d1121e9ad00f75,daeb5653dd96c1b11860f72209795012,2017-10-18 01:28:35,23.9,15.79
e4539a1ef30b450fe69aac4b87fe5434,1,d285360f29ac7fd97640bf0baef03de0,fa1c13f2614d7b5c4749cbc52fecda94,2017-10-18 08:33:36,348.8,9.7
e47353f32490612c3a0666507c09b8fb,1,44291e25afe160dfe5f844da1b0f8b15,3c7c4a49ec3c6550809089c6a2ca9370,2017-10-26 21:21:22,13.99,7.78
e47696af59942143e9e58d36f8a036a2,1,c924e005748982a0f58ec549a7b5e353,7e93a43ef30c4f03f38b393420bc753a,2017-10-19 15:46:26,649.99,13.36
e4803f41016244f8ce3dca5bb8b37aee,1,6dde44b4172999f35f08654d06bad633,7c67e1448b00f6e969d365cea6b010ab,2017-10-30 09:56:24,199.99,74.35
e4803f41016244f8ce3dca5bb8b37aee,2,6dde44b4172999f35f08654d06bad633,7c67e1448b00f6e969d365cea6b010ab,2017-10-30 09:56:24,199.99,74.35
e481f51cbdc54678b7cc49136f2d6af7,1,87285b34884572647811a353c7ac498a,3504c0cb71d7fa48d967e0e4c94d59d9,2017-10-06 11:07:15,29.99,8.72
e49a1046c2917c7dd73d6f9ae9a94afb,1,8296481ad888f93f5dafcd25d65b09b8,a5cba26a62b8b4d0145b68b841e62e7f,2017-10-30 21:28:26,427.0,45.02
e49a75711850aedf4206b050286373a1,1,992197904e1d4f0bf3994652373188e4,a3dd39f583bc80bd8c5901c95878921e,2017-10-31 16:49:25,215.56,21.91
e4a9759ef4977b2303b79da089cc865f,1,e357a8646a17191f03fd9f833a0fa29b,bd23da7354813347129d751591d1a6e2,2017-11-03 19:06:16,99.9,11.9
e4b0a27c86f8084e7e42e7602ecd6b29,1,bb7181410b4e02f93f3697f765db53c7,855668e0971d4dfd7bef1b6a4133b41b,2017-10-23 09:14:24,109.99,31.8
e4b6df3eb118302bd304c9d02ca19afd,1,1574ed2c73e4465c572f68dd77528203,17a053fcb14bd219540cbde0df490be0,2017-10-19 20:49:16,379.9,34.26
e4b6df3eb118302bd304c9d02ca19afd,2,1574ed2c73e4465c572f68dd77528203,17a053fcb14bd219540cbde0df490be0,2017-10-19 20:49:16,379.9,34.26
e4d30fd714b8811d4c77924ca7e95c42,1,ed2067a9c1f79553088a3c67b99a9f97,cbd996ad3c1b7dc71fd0e5f5df9087e2,2017-10-09 16:49:09,56.97,16.16
e4d596db544346c4bfb27ed2a0f74c8b,1,1d6b1ff2a0ef2336832512132b3af6aa,77530e9772f57a62c906e1c21538ab82,2017-10-18 21:45:39,119.0,18.08
e4dd49ba0611671232dcae9e0dc08206,1,3516632e8f52b679ff83d1665ecc990e,e9bc59e7b60fc3063eb2290deda4cced,2017-10-17 04:56:22,75.9,12.66
e4de6d53ecff736bc68804b0b6e9f635,1,90b58782fdd04cb829667fcc41fb65f5,7c67e1448b00f6e969d365cea6b010ab,2017-10-27 03:49:34,179.99,51.13
e4dedbcf41b39d53b8ac735d22ce670c,1,0aabfb375647d9738ad0f7b4ea3653b1,37515688008a7a40ac93e3b2e4ab203f,2017-10-19 19:33:51,19.9,11.85
e4e3b896819586eea806108a108aad30,1,97b715081a600125558bf5ebcbf80b21,5160d23075764e18e07c1f4a87fad743,2017-10-10 17:50:05,80.0,7.82
e4ee5415a0143c9daddc7d4bc0fa0389,1,2155593e689475e40e4c8b93143c0287,daeb5653dd96c1b11860f72209795012,2017-11-08 03:26:26,34.9,15.11
e4fe84926e03b0030e643318464be6a7,1,c5e9b73e5f4c644885862ba3e1137b57,46dc3b2cc0980fb8ec44634e21d2718e,2017-10-08 21:28:23,199.99,17.16
e503810be7ff9fce3bffb662632b4479,1,500870614ddcf5bd84f7d26861026c8a,ef506c96320abeedfb894c34db06f478,2017-11-01 06:56:11,34.99,7.78
e517f71dc88296f054e8c386ddce3069,1,29427de7f8a9ee983d9dbc51cec569b4,7a67c85e85bb2ce8582c35f2203ad736,2017-10-20 10:06:04,99.99,16.95
e51859ab3a4df4a9dd8d6f60a060148b,1,8e206e69d390e5a1076e0baeb446b0a0,7e93a43ef30c4f03f38b393420bc753a,2017-10-05 14:14:17,849.99,14.14
e528f5fb562c9053119f71d32acb91ba,1,cfc665b462ccc3a43b1a1283e678b1a0,5c6d4016c2a288f074fa0848a2b653d2,2017-10-26 07:05:14,59.0,20.9
e52c2cb181473eb8935fbb121d21628c,1,e6b6e13cf71449a457269f425b89dc74,b2ba3715d723d245138f291a6fe42594,2017-10-13 01:04:56,98.9,7.95
e53186db1e0e7ec88e99350b0202decf,1,a1250bbcaa645885c9165eab1573b5c6,6560211a19b47992c3666cc44a7e94c0,2017-10-13 17:49:29,49.99,7.78
e53550183258c1680dd24b5923d44e7e,1,820e8f306dc9ffcf6d0957516084cca1,7aa4334be125fcdd2ba64b3180029f14,2017-10-13 08:06:57,38.89,13.37
e53f0cfe74143e4d79c05a2df7e80411,1,84f456958365164420cfc80fbe4c7fab,4a3ca9315b744ce9f8e9374361493884,2017-10-12 22:49:18,99.0,17.94
e54b4e0bbf25f7c50de1f6c72875dbfd,1,b5e817c8734e44169acf6f9ad2445826,3785b653b1b82de85ab47dd139938091,2017-10-26 16:21:14,59.9,16.18
e5553d5b13eca7d505eef090ff6e7bfc,1,1b708fb3dcbea0831e21f2fb98d0acfe,7b07b3c7487f0ea825fc6df75abd658b,2017-10-31 11:28:22,149.8,12.25
e55eeb63fceeb994b091e9a38be6d0ad,1,414c53fa9c5cc4a0390682aeb2e25ec1,002100f778ceb8431b7a1020ff7ab48f,2017-10-18 18:46:33,13.9,15.1
e5610cab06772aed838e6db4d682722a,1,f7a17d2c51d9df89a4f1711c4ac17f33,f8db351d8c4c4c22c6835c19a46f01b0,2017-10-31 02:28:33,52.9,15.12
e562621b62675521d241e0a27a1ca900,1,6d7a4492be45dfb8e38e762efe6614a4,ea8482cd71df3c1969d7b9473ff13abc,2017-10-27 01:14:14,27.99,7.78
e577959b2a73af52e0e0f58d8c222b8f,1,50b671fa06a05828948cd518088eba27,855668e0971d4dfd7bef1b6a4133b41b,2017-10-24 08:49:25,20.0,12.69
e5a111e770d6ac9f8f3ee2a37bd23f47,1,efa91c03c750cf82e0e9fc5523aca73c,391fc6631aebcf3004804e51b40bcf1e,2017-10-18 21:49:35,73.35,16.27
e5aa5f4a57e17b84c24cd5d71905ebec,1,3225c54bb2785c33f49f50398fcdb88c,4869f7a5dfa277a7dca6462dcf3b52b2,2017-10-13 13:24:31,278.0,16.7
e5ea36284ceebc6c0ee38a30f70e357a,1,a84d0660dbffebf352aefbf1a6b18d00,6560211a19b47992c3666cc44a7e94c0,2017-10-18 23:35:24,29.0,14.1
e5fa83ee166ad4e56b60c0bc4a2e12bc,1,d5b703c271f43f9c588a6f512a00f77e,fa40cc5b934574b62717c68f3d678b6d,2017-11-08 03:15:41,34.9,25.63
e616d46210bb3e58e38c5422a895f39b,1,3c62f48140fdc7650a63b182fe3b9e4d,0c8380b62e38e8a1e6adbeba7eb9688c,2017-10-13 02:45:10,59.9,17.67
e673b9f72a66b7dcb090a3a488f17649,1,1c9b5793de6c3d9117b6218552c87a8f,3c7c4a49ec3c6550809089c6a2ca9370,2017-10-17 12:49:23,13.99,7.78
e68012ad88e7d6ba2e95112045faf3e3,1,41cd333a4af5e36df81fc0b83ccf8e2d,5dceca129747e92ff8ef7a997dc4f8ca,2017-10-24 03:07:05,388.0,23.21
e6a4c64b81f572a51ecc005e12ccb92d,1,b77ae16cc8f67cd1c0ec781d5bf4da2b,7a67c85e85bb2ce8582c35f2203ad736,2017-10-31 16:07:25,219.99,14.09
e6aa8f1226387a88bdcb5b2f0a9f95eb,1,723f62c36c298037716bf60c0ad0df3a,6560211a19b47992c3666cc44a7e94c0,2017-10-24 17:07:38,65.0,15.2
e6b06b65581e20f97ce6a161ca7523bc,1,5e98b7fecc62c3ebeaa8252269b2d6fe,b1ac6ea7895bc3dd6f0f6f4abbdd2821,2017-10-18 10:49:23,59.0,18.65
e6b52c8a1736370e10c2f79a52fe0129,1,2a04a72b11fceb1e99df5261fac8683f,18a349e75d307f4b4cc646a691ed4216,2017-10-13 04:05:19,39.83,14.1
e6b62f5711fd308616f3db4e2061673c,1,53759a2ecddad2bb87a079a1f1519f73,1f50f920176fa81dab994f9023523100,2017-10-26 00:34:24,59.9,13.44
e6cdacd5274dbf478d422d7144e0e9b5,1,5d8ad55d3f8971622b53ef88f1229af9,2528513dd95219a6013d4d05176e391a,2017-10-13 14:49:24,229.0,21.09
e6e7ffc09203a472e7a298a12281363d,1,fff28f91211774864a1000f918ed00cc,520b493b57809f446cb0a233bb3e25c7,2017-10-19 04:46:12,18.0,3.07
e6e7ffc09203a472e7a298a12281363d,2,d8de812ed5d981fc6a3984f4caa2aa05,54a1852d1b8f10312c55e906355666ee,2017-10-19 04:46:12,59.99,30.7
e6f1079796c9aa6e372d9c759310b5c2,1,10717ff440b2320081989126e858b220,00ee68308b45bc5e2660cd833c3f81cc,2017-10-09 17:56:21,165.0,16.91
e6f98f32bf5e724269a5e9cb2529f2e3,1,990246075b83e422c5b4b9005578a8dd,c0563dd588b775f2e37747ef6ad6c92c,2017-10-20 12:28:22,139.9,13.32
e70405e60d48ff7771de55e6b39a09da,1,9d8a0e115e802d845b4ce1eb794d1260,d05ae8f7a5bd1d2a690a44cd079e4e27,2017-11-06 12:10:23,120.0,8.26
e71d504f1de703f2bf1ae44d69a9d27d,1,64fb265487de2238627ce43fe8a67efc,4a3ca9315b744ce9f8e9374361493884,2017-10-12 21:35:30,99.9,33.15
e71f305bd634aa47b14ee018ec8f6f38,1,4a300735bc293723103db0d0c1bc1585,6f892e20a171e98efe17fdb971ff319b,2017-10-20 19:36:24,70.9,14.25
e7272304b5bd2b98cd2129f2f6ab06bd,1,e0d64dcfaa3b6db5c54ca298ae101d05,7e93a43ef30c4f03f38b393420bc753a,2017-10-23 22:07:27,239.99,14.02
e72ce58da5fa186692fb2a9d253c0cbd,1,2d7ec74c6f93ad8234f2e29817b2827b,bf3c6d2a28b2b5501e6c15448982dcc9,2017-10-09 10:07:16,119.4,12.04
e72e22dce48aaee824371b8e02641f15,1,588531f8ec37e7d5ff5b7b22ea0488f8,53243585a1d6dc2643021fd1853d8905,2017-10-20 10:49:22,1437.0,34.51
e74fc2142d294fafad4237ffd8b034f9,1,4ebab6a2135a2477b657bda38646b64b,7aa4334be125fcdd2ba64b3180029f14,2017-10-09 18:49:28,25.6,12.69
e7769dad49f530a8ef12ff975719c27f,1,154e7e31ebfa092203795c972e5804a6,cc419e0650a3c5ba77189a1882b7556a,2017-10-27 20:44:59,23.99,7.78
e78008ab9ec891077c0b9e1bb4cc9f29,1,99903e1e018dd80869032e7e79802059,2c9e548be18521d1c43cde1c582c6de8,2017-10-23 03:45:47,14.99,8.72
e78706c568df0b17042c66fa72a7260c,1,adef273b1a927ad364e14a52e7f4ce2c,0432ead42b6c8a0bdf68154add917fdf,2017-10-18 08:14:23,109.9,18.34
e7a1c10937aa6080039693c6dd27387d,1,6987398dff454a3138231540e2a6ec61,25c5c91f63607446a97b143d2d535d31,2017-10-18 10:28:17,134.0,18.19
e7a1c10937aa6080039693c6dd27387d,2,6987398dff454a3138231540e2a6ec61,25c5c91f63607446a97b143d2d535d31,2017-10-18 10:28:17,134.0,18.19
e7a653f38cb6073d04fbaff18f35d6c3,1,aeb2f7fc62c8a2a56ae6e2f1b04d4e62,8d46553a36e68f95350a200c12f8f2e2,2017-11-08 11:14:18,16.9,8.11
e7a65544a6dae490049ce2d3ce4af13d,1,32b2a45c7698faf599ad250c65f6f633,e8b3a3a38279a82f0e5d006d5e5b7d2c,2017-10-29 23:35:09,39.9,26.89
e7b87b156cde9f1d3a765da80d093d6a,1,564d0015be20622253aee5b6e875bea8,ef506c96320abeedfb894c34db06f478,2017-10-26 18:37:54,29.99,15.1
e7d4ae390bc647da72d2aa2a9faad141,1,2621700be84cca4a1797b54785f43b1b,0c8380b62e38e8a1e6adbeba7eb9688c,2017-11-07 11:47:31,106.5,6.0
e7d4ae390bc647da72d2aa2a9faad141,2,2621700be84cca4a1797b54785f43b1b,0c8380b62e38e8a1e6adbeba7eb9688c,2017-11-07 11:47:31,106.5,6.0
e7d4ae390bc647da72d2aa2a9faad141,3,2621700be84cca4a1797b54785f43b1b,0c8380b62e38e8a1e6adbeba7eb9688c,2017-11-07 11:47:31,106.5,6.0
e7d88c2bc8575dcebb7cc0c72c2d22c2,1,d8f1b415091ab79b62ac80443d865ca6,72bc2cce903c872fe376a8faaa81d237,2017-11-08 02:31:13,269.0,22.37
e7e312612b232f936e5f1ff9ee5bc2b5,1,dbfa741e0e5dfae13c9f023d8b8cbd96,05f51e13da97139648b8125c31e5f51b,2017-10-26 11:14:41,169.9,27.51
e7ef15bdfa637f3623e554794aca295b,1,6bd248f93425ceeb625a8a97e2404112,dbc22125167c298ef99da25668e1011f,2017-10-12 21:24:31,59.9,28.82
e7fe197c60eec45afb91acb7de6d6260,1,0a57f7d2c983bcf8188589a5fea4a8da,4869f7a5dfa277a7dca6462dcf3b52b2,2017-10-26 02:52:31,109.9,12.27
e80668d1356f3b4f4c77cbdb452adb7b,1,21767347dfdabbe42b3ca5846a4cdb48,fa1c13f2614d7b5c4749cbc52fecda94,2017-10-30 13:07:26,334.8,16.09
e82c65a674b5f012420311da34ece20c,1,f6ce2f79a280fa3c1ddc114d34ab273d,4e7c18b98d84e05cbae3ff0ff03846c2,2017-11-03 00:28:09,68.0,18.0
e83fecff545147241edc9399a93c8e53,1,4a300735bc293723103db0d0c1bc1585,6f892e20a171e98efe17fdb971ff319b,2017-10-11 03:49:23,70.9,15.25
e85cc7bf67b73e1700ee99b800496267,1,2b4609f8948be18874494203496bc318,cc419e0650a3c5ba77189a1882b7556a,2017-10-17 17:14:12,89.99,9.44
e8608de908926d0a19ad92ae1af61175,1,8d2ed4fec68ea93ec092cbab0e1a92b5,c7c7b2682c648339a0e9846bb1023a39,2017-10-20 00:28:19,56.0,8.27
e8608de908926d0a19ad92ae1af61175,2,8d2ed4fec68ea93ec092cbab0e1a92b5,c7c7b2682c648339a0e9846bb1023a39,2017-10-20 00:28:19,56.0,8.27
e866dc21d680405383a1dcad4821f2df,1,5bfc7506459ae2a7b4b573fe557a58e1,4a3ca9315b744ce9f8e9374361493884,2017-10-17 21:06:19,69.9,16.25
e876096220cbb869c0fc1b88d1ed0fc2,1,64eb8b21706b8e2c733ba16bf02a1537,2c3d56f92f360fb89d849b84e8f50eae,2017-10-16 03:44:45,40.5,13.08
e889059fa947bfca9780a3d700b5108e,1,c3fc73c51e52d3432a4e57ff9ecca467,8160255418d5aaa7dbdc9f4c64ebda44,2017-11-03 14:10:19,159.9,13.72
e889059fa947bfca9780a3d700b5108e,2,c3fc73c51e52d3432a4e57ff9ecca467,8160255418d5aaa7dbdc9f4c64ebda44,2017-11-03 14:10:19,159.9,13.72
e88bd747b9aaa829eac8fcf95461862e,1,fd78812672eb8dd819fad93951bdbe64,5debea795b07621e1f90532e18f96145,2017-10-26 11:49:16,16.9,12.48
e88bd747b9aaa829eac8fcf95461862e,2,fd78812672eb8dd819fad93951bdbe64,5debea795b07621e1f90532e18f96145,2017-10-26 11:49:16,16.9,12.48
e8b733ef6cfc7789f508ec9457122f42,1,1360c66d6c12514a024be186b7e4925a,1025f0e2d44d7041d6cf58b6550e0bfa,2017-10-24 23:49:33,15.6,14.1
e8dea63f68386b3d95962ffb4dc4aaea,1,f361fccba568fabe00db466f80626d1e,85d9eb9ddc5d00ca9336a2219c97bb13,2017-11-03 19:45:53,15.9,21.15
e8e5d972d73d38807a474519f2f23658,1,4a69baa66a13d1adeb41cfe3bc0c27be,bbad7e518d7af88a0897397ffdca1979,2017-10-17 12:07:34,99.9,15.46
e9097b40952a79c27bb515bbfd4d488f,1,b45e1c65cd9f63e06b57f502caf50b78,b2ba3715d723d245138f291a6fe42594,2017-10-13 18:35:23,479.9,22.24
e90f54c60527a57006c1beb79d15f03f,1,5b3242867b3c1f86ebe790699c88b901,0be8ff43f22e456b4e0371b2245e4d01,2017-10-26 17:26:49,119.9,30.0
e90fcc2b428a70a691e3b919ec4d8726,1,88f606f44d39cbba19b301f79a51d7fd,1025f0e2d44d7041d6cf58b6550e0bfa,2017-10-23 04:08:41,53.0,23.85
e90fcc2b428a70a691e3b919ec4d8726,2,8894c64689c2a3a29e2fff744de30e46,2a261b5b644fa05f4f2700eb93544f2c,2017-10-23 04:08:41,55.0,23.85
e910fb096edc468fd26534cb846e182e,1,2a2d22ae30e026f1893083c8405ca522,1a3df491d1c4f1589fc2b934ada68bf2,2017-11-06 18:55:18,149.9,23.92
e916d25bf69bed22eaf192830220fee3,1,35afc973633aaeb6b877ff57b2793310,4a3ca9315b744ce9f8e9374361493884,2017-10-19 17:49:53,89.9,17.88
e9223fe7529db1d11fac85d4140bb536,1,f7e5d0186f539b61586d7ddd247d2996,8a32e327fe2c1b3511609d81aaf9f042,2017-10-20 13:56:22,12.99,9.34
e9280658289b5c5215dcc3b7183c0541,1,9b0ad21bbd4384f9ebc28a688e1e81cd,128639473a139ac0f3e5f5ade55873a5,2017-10-30 09:28:10,18.9,16.79
e945c3f59acc1ba64d8c876ba137c938,1,6c75a613c78086bc739497cfc7b14f7f,5b67882648febfb6e1225e6ad7164f6b,2017-10-13 10:42:15,159.99,14.85
e957b106ffd9736003e8249630634a04,1,08574b074924071f4e201e151b152b4e,001cca7ae9ae17fb1caed9dfb1094831,2017-10-09 16:07:16,99.0,73.54
e97af7fcb2f185b68e1ef48e5c5ebb8c,1,f0f25035bed5ba1a75a678c0f9f09190,1554a68530182680ad5c8b042c3ab563,2017-10-30 03:35:30,62.9,17.69
e985c8488218e5162cef0338ba6d5236,1,d285360f29ac7fd97640bf0baef03de0,fa1c13f2614d7b5c4749cbc52fecda94,2017-10-18 11:49:17,348.8,10.03
e98f4dc2a9419b573d76de617e56f680,1,2196663031bcde078cede855ac0b5739,c9c7905cffc4ef9ff9f113554423e671,2017-11-03 11:45:36,65.0,11.95
e9afde34823f289edc4598cfc1280a46,1,2885ab45425766e3ed00f482e247c336,bba74270a87732727b5a3b4fd9ac1c39,2017-10-26 00:35:26,499.99,17.23
e9be4915bddc1b3959b291b443ed9fe3,1,54e5939fcd9ae70ad0f59f612d6d29bd,48436dade18ac8b2bce089ec2a041202,2017-10-05 11:35:10,45.9,9.94
e9e0b6e4707812a18fce7da5edd5cb41,1,e5bd4928528bfa0551202a5e1dfbd3d3,2138ccb85b11a4ec1e37afbd1c8eda1f,2017-10-17 04:28:35,19.99,16.79
e9e4f6c97c6b2d1844e0ab40e5c3a9d6,1,b92a7304ebad1ca5b393b53b2de5c70a,7c67e1448b00f6e969d365cea6b010ab,2017-11-07 22:25:40,139.99,21.63
ea0ba7257a557e66332f0a5e25d98f39,1,5c96b436c3812334679b74dc5da4cb6f,cca3071e3e9bb7d12640c9fbe2301306,2017-10-18 12:49:14,87.85,17.86
ea12bd9ee4b9a167ce287004482769e1,1,2ccd049c8e7ea210e079a1aa8ad92477,3d871de0142ce09b7081e2b9d1733cb1,2017-11-01 20:46:38,79.0,13.57
ea1746bab086c3edea7d06f8cc510bb2,1,276e9ed23a30582d125743aaed57ed22,6288c69c4ce638e59925e59193f98b16,2017-11-06 13:35:15,19.99,7.78
ea2af6a29a4586d108a72a4db3b7f6c6,1,c69ee3d090e5c25f7e8633b164fc001b,8581055ce74af1daba164fdbd55a40de,2017-10-13 16:49:33,90.0,26.95
ea7835f19dc6af291955d6e270d443f4,1,eed5cbd74fac3bd79b7c7ec95fa7507d,5d378b73ab7dd6f0418d743e5dcb0bd1,2017-11-06 10:07:43,1989.0,77.34
ea7e528106f7ea156423a2cbafd75bc2,1,08574b074924071f4e201e151b152b4e,001cca7ae9ae17fb1caed9dfb1094831,2017-10-11 03:04:19,99.0,41.08
ea87e1e6046149ed0257414f5021caa4,1,5d6bc77eb34fe7ec18a9fc50b845590c,1ce3ae5a399804d1a87e706f8a813c3e,2017-10-13 20:06:00,28.9,34.15
ea8d7eb561a1c07f203cd9af8c59873b,1,3bce6b72fbbfc2ec3bcffb83745cc24e,c3867b4666c7d76867627c2f7fb22e21,2017-10-27 12:56:26,26.0,11.85
ea9c6e10bc27bfe0cf86e4cda482979a,1,f16d9c6688f187efa6ce353d689d85fd,c26a2be5b53b7db6b276280da212a779,2017-10-23 14:32:12,499.0,26.05
eaa96511c925f79170baaff57cd261ec,1,b99e4f4fa3f421e0ffbd512d9f152dec,128639473a139ac0f3e5f5ade55873a5,2017-11-08 03:10:17,19.9,15.1
eaa99789a47020b46cb0effbc0db5c52,1,6c3effec7c8ddba466d4f03f982c7aa3,37515688008a7a40ac93e3b2e4ab203f,2017-10-25 16:35:38,19.9,15.1
eacbe7948aadfac0292211f2f352fdeb,1,30e010e9df8943899f267097d49b5c1a,28fb0829fd777877cdc350d25cb5bd5b,2017-11-06 17:24:56,169.9,24.06
ead42f8f41e34c480a4a9185ab74b37e,1,2a2d22ae30e026f1893083c8405ca522,1a3df491d1c4f1589fc2b934ada68bf2,2017-10-23 02:12:48,154.9,14.48
eae7c385faf129f9e3dfa314bda4d979,1,ec2d43cc59763ec91694573b31f1c29a,1c129092bf23f28a5930387c980c0dfc,2017-10-06 15:04:33,45.9,16.11
eae7c385faf129f9e3dfa314bda4d979,2,ec2d43cc59763ec91694573b31f1c29a,1c129092bf23f28a5930387c980c0dfc,2017-10-06 15:04:33,45.9,16.11
eb0393138e2e8b7164947608489f069e,1,e1c3325750402ab195a7759f01efa494,eddd1991bd6d9309995a480c39b95137,2017-10-13 17:49:22,265.0,60.86
eb05475e3bda2bfe63d09299a231f42b,1,f3720bc68555b1bff49b9ffd41b017ac,4b5f66b7adcf57f1ecc0d3c07dd6b177,2017-10-26 09:35:15,175.5,14.25
eb05475e3bda2bfe63d09299a231f42b,2,f3720bc68555b1bff49b9ffd41b017ac,4b5f66b7adcf57f1ecc0d3c07dd6b177,2017-10-26 09:35:15,175.5,14.25
eb05475e3bda2bfe63d09299a231f42b,3,f3720bc68555b1bff49b9ffd41b017ac,4b5f66b7adcf57f1ecc0d3c07dd6b177,2017-10-26 09:35:15,175.5,14.25
eb22a3bed09014af3e8b797ca6261a9e,1,56a59e73563d9b8d536af8b0dc9e0995,e24fc9fcd865784fb25705606fe3dfe7,2017-10-30 18:49:54,168.0,15.93
eb28ab50f433eaa5e736e420098ab5bb,1,aa6a696816c69cb3bffdf42d62642a80,897060da8b9a21f655304d50fd935913,2017-11-01 02:57:07,34.95,11.85
eb4a3d0046ad19061885dc5ce242068f,1,17636e3c15333148e25253db631a2d7d,5dceca129747e92ff8ef7a997dc4f8ca,2017-10-17 21:49:26,59.9,8.72
eb4c34f6c71f98b594e9df32d8e3c851,1,4f88323d03ffaf090b8fb0116b33c95e,8160255418d5aaa7dbdc9f4c64ebda44,2017-11-03 11:26:01,122.9,13.2
eb6027d9c2cabcf472d0ebf817b4ef05,1,389d119b48cf3043d311335e499d9c6b,1f50f920176fa81dab994f9023523100,2017-10-09 21:35:14,59.9,13.44
eb6f144be5873df2f35c4de6df60735b,1,f5a9be6a5b9fbbd35e67c6883914c1ab,17e34d8224d27a541263c4c64b11a56b,2017-11-07 11:30:32,136.26,18.2
eb7518e8e04d2c41d1884e9163dc6b34,1,03ed331c2c9bb4cd5c3d986928bc8d9c,dee656f0f566ed1aa85bd137c943f08f,2017-10-26 23:35:15,39.99,12.69
eb79d602c28b8782807ca17e4ba806cc,1,7c4a8bec217df1de0df2b5aaf8175b65,7040e82f899a04d1b434b795a43b4617,2017-10-31 02:26:16,19.9,7.78
eb9434391cf74c90a1fe25884e1a73c8,1,fb4363c293445382596484ff01de78bc,fa1c13f2614d7b5c4749cbc52fecda94,2017-10-24 23:56:30,599.0,15.69
eb999d408b8016b7bd014cf08348fe86,1,2b4609f8948be18874494203496bc318,cc419e0650a3c5ba77189a1882b7556a,2017-10-30 21:06:01,89.99,16.39
ebcb26a45847ef36be47894f2af9bfd7,1,47cd48073d67f91f09cb5ef9496c920b,00ee68308b45bc5e2660cd833c3f81cc,2017-10-27 09:35:17,90.0,17.88
ebcbb18b74dceba21fd6740890cdfb5c,1,b1acb7e8152c90c9619897753a75c973,cc419e0650a3c5ba77189a1882b7556a,2017-10-26 17:38:03,34.99,15.1
ebe03df05336a64593a9d06ed6b09db5,1,a4944a8b60acfe399f15f45892bc5639,3bb548e3cb7f70f28e3f11ee9dce0e59,2017-10-16 20:14:40,168.9,14.2
ec2382bdadbb1cac6a7e7ec1aec2a667,1,c708ba7c6269161f89ce0683cdd7c432,6560211a19b47992c3666cc44a7e94c0,2017-10-26 10:56:11,49.0,14.1
ec4d827c7096de48c5a84a438bcd8922,1,422879e10f46682990de24d770e7f83d,1f50f920176fa81dab994f9023523100,2017-10-18 11:56:12,59.9,13.44
ec4d827c7096de48c5a84a438bcd8922,2,422879e10f46682990de24d770e7f83d,1f50f920176fa81dab994f9023523100,2017-10-18 11:56:12,59.9,13.44
ec5073f5584f047f32a6375d38a66f9e,1,820e8f306dc9ffcf6d0957516084cca1,7aa4334be125fcdd2ba64b3180029f14,2017-11-03 18:44:51,38.89,17.6
ec63f4c635c0636e67e6d9a51e923bff,1,807d58831eeb7c3d2d80b696d679ff8f,c7a0a13cbcf29d5ce51c8f80afdc0b89,2017-10-12 23:35:11,18.99,15.1
ec6dc3377849564c30896b7543229e2d,1,52d828eb9a52d8cfcc750bd79254b9ec,165fc07beebdcb6190fba8a06db2a449,2017-11-08 03:31:12,154.0,27.62
ec7c488b7a5f5ddda87415ba0256abbd,1,2d4d78eecba060a7127c5f6a21cdb0c7,0eaa7e33d73809f1f925f7d07c506cbd,2017-11-06 14:10:13,119.0,9.65
ec88fe39f596d3326cf0d10ba7927811,1,957f6d6b55b78746f89e976cba785440,f1ed6bd0a9b11b581f16c851c6a5a527,2017-10-19 13:35:12,97.47,16.93
ec902ac3921edfeace159efd4f973840,1,f3720bc68555b1bff49b9ffd41b017ac,4b5f66b7adcf57f1ecc0d3c07dd6b177,2017-10-19 17:30:46,175.5,16.99
ec902ac3921edfeace159efd4f973840,2,f3720bc68555b1bff49b9ffd41b017ac,4b5f66b7adcf57f1ecc0d3c07dd6b177,2017-10-19 17:30:46,175.5,16.99
ec902ac3921edfeace159efd4f973840,3,f3720bc68555b1bff49b9ffd41b017ac,4b5f66b7adcf57f1ecc0d3c07dd6b177,2017-10-19 17:30:46,175.5,16.99
ec902ac3921edfeace159efd4f973840,4,f3720bc68555b1bff49b9ffd41b017ac,4b5f66b7adcf57f1ecc0d3c07dd6b177,2017-10-19 17:30:46,175.5,16.99
ece61a9988cb34a255aa01de896dc611,1,c725d1884dc9fac3d9a4fb790c25da21,51702dc2a3e106c76dbff722b5bf0726,2017-10-13 04:14:27,169.9,31.94
ecfedc3b6324cb92d08d241268a15046,1,2b4609f8948be18874494203496bc318,cc419e0650a3c5ba77189a1882b7556a,2017-10-31 18:49:20,89.99,9.44
ed1407b1e486fadba3e6cd4460dccd56,1,d1c427060a0f73f6b889a5c7c61f2ac4,a1043bafd471dff536d0c462352beb48,2017-10-26 13:14:28,149.99,40.38
ed18204b2bef82c1eeb3f13852c9dbdf,1,0678913581818c6056713a9b02f5ceef,17908cf9b444ee34047cadd5c0f4a516,2017-11-06 09:35:16,110.0,36.09
ed362cd4cc1db144970bc67fcf848fd6,1,b3132d56d4953f40e977e0534603e148,46dc3b2cc0980fb8ec44634e21d2718e,2017-10-26 14:49:35,259.99,21.31
ed3d1547a4d7808c9cd1b0048f414d29,1,c71e30e1285841f78393e11f76177675,9b00ed88b7fdb95d6ff76e27c1b52d16,2017-11-01 02:56:56,12.5,14.1
ed400c61a0572d54be0be7f81323ce61,1,7fb04722aba7a2b632bac8f9819796f3,f3b80352b986ab4d1057a4b724be19d0,2017-11-03 17:06:14,79.9,19.8
ed508ca755bf69c5c742f7cbc19f3ef5,1,c6336fa91fbd87c359e44f5dca5a90ed,4c2b230173bb36f9b240f2b8ac11786e,2017-11-01 02:56:26,45.9,11.85
ed5ca6f65d3f6aef9523179820d7e294,1,68749ef9499d72290629ec3f71596d34,4aba391bc3b88717ce08eb11e44937b2,2017-11-06 18:50:24,259.0,34.26
ed5ef608c882944a831992d6ca0cdc66,1,c708ba7c6269161f89ce0683cdd7c432,6560211a19b47992c3666cc44a7e94c0,2017-10-19 09:14:10,49.0,2.65
ed5ef608c882944a831992d6ca0cdc66,2,ea8961270de20e665fcbb36044d6580f,8648b1e89e9b349e32d3741b30ec737e,2017-10-19 09:14:10,16.9,26.54
ed60d6a05819396ce59802cc9c78007a,1,6c5b27706c0796f8eefd847f9bc02be3,9c0e69c7bf2619675bbadf47b43f655a,2017-10-19 20:28:15,275.9,17.69
ed630eb34ac30f8b3ddcc2c1fa0817b6,1,94cff684a6f115a32507988ff6541801,8648b1e89e9b349e32d3741b30ec737e,2017-10-18 03:47:06,56.9,11.9
ed6caf9b63bf2103757e2d3bcacc7fc8,1,cdc9d87e17ccf98f35634e6c3b77073e,4d6d651bd7684af3fffabd5f08d12e5a,2017-10-11 18:56:15,119.8,27.16
ed74b2249d7641a1a372251783b088d5,1,4407eca265d6d9f1b07ba452caa12844,dc4a0fc896dc34b0d5bfec8438291c80,2017-11-08 02:50:53,56.9,13.42
ed77ae1d4803934a1131cadffb78b41b,1,fc1449f3ffc59fd2eb9640505aea0581,25c5c91f63607446a97b143d2d535d31,2017-10-13 14:14:16,149.88,18.3
ed77ae1d4803934a1131cadffb78b41b,2,fc1449f3ffc59fd2eb9640505aea0581,25c5c91f63607446a97b143d2d535d31,2017-10-13 14:14:16,149.88,18.3
ed77ae1d4803934a1131cadffb78b41b,3,fc1449f3ffc59fd2eb9640505aea0581,25c5c91f63607446a97b143d2d535d31,2017-10-13 14:14:16,149.88,18.3
ed77ae1d4803934a1131cadffb78b41b,4,fc1449f3ffc59fd2eb9640505aea0581,25c5c91f63607446a97b143d2d535d31,2017-10-13 14:14:16,149.88,18.3
ed7b2aa82a62a84abd2c43e68d6fccfd,1,d3b6a4e19012dd1e65f587d3be501fc1,0ea22c1cfbdc755f86b9b54b39c16043,2017-10-19 05:00:07,14.9,8.11
ed8473472f2378535c5b44ca20306ad7,1,c389f712c4b4510bc997cee93e8b1a28,bfd27a966d91cfaafdb25d076585f0da,2017-10-18 23:28:10,279.0,30.35
ed8dc0be0cdb5c6d849776ef489a4bf4,1,d144b22a69d676d4a756e2da50ec9487,4992e76a42cb3aad7a7047e0d3d7e729,2017-11-01 15:49:38,28.9,12.69
ed99eda830e2097daecfceef436493d4,1,a6ae1a5c22127c9e983271623b13c63e,86bb7c4b535e49a541baf3266b1c95b1,2017-10-18 21:35:18,279.9,17.72
ed9f2f1d49ae779e0d1953d6197fbe43,1,3ce21e38e6a3060c20f4e74bdab770c8,1b938a7ec6ac5061a66a3766e0e75f90,2017-10-19 04:26:59,58.9,18.0
eda3f5678e561d64fa75367186df15ab,1,d285360f29ac7fd97640bf0baef03de0,b33e7c55446eabf8fe1a42d037ac7d6d,2017-11-08 13:50:23,334.89,18.78
edaddb20d1600fbf9e1cd5d30a7e9198,1,75e28951b0290f7f1e69d609c9ae55cf,7142540dd4c91e2237acb7e911c4eba2,2017-10-17 04:56:32,99.9,17.95
edb5ab08b946e1947a7cbb9f7752594c,1,096e14458100c2b6d10f72d69f80cf34,46dc3b2cc0980fb8ec44634e21d2718e,2017-10-10 14:07:27,269.99,14.72
ede510a059fd07ccec20bff19a227fa3,1,e4c814546f8a6ca2ff74d7a7bf8896de,18a349e75d307f4b4cc646a691ed4216,2017-11-06 02:08:13,59.0,8.72
ede510a059fd07ccec20bff19a227fa3,2,e4c814546f8a6ca2ff74d7a7bf8896de,18a349e75d307f4b4cc646a691ed4216,2017-11-06 02:08:13,59.0,8.72
ede510a059fd07ccec20bff19a227fa3,3,e4c814546f8a6ca2ff74d7a7bf8896de,18a349e75d307f4b4cc646a691ed4216,2017-11-06 02:08:13,59.0,8.72
ede7b5524ebd1997c2b828352f3e0f24,1,1fe1f9dca96414bdc282cddb276db70e,3df020b72d3d44b3af9d110fa3940b65,2017-10-30 11:29:33,49.9,16.11
edf0694bebf9fc2684735a6397a7a37f,1,c8a4cbaafa1f0579063ec64cf40ae153,b4ffb71f0cb1b1c3d63fad021ecf93e1,2017-11-09 04:26:31,19.55,15.1
edf1dea9f76f933cb288087ed17474cf,1,b9ac7314894a193a11fd3150f8c69307,edb1ef5e36e0c8cd84eb3c9b003e486d,2017-11-03 17:21:00,599.65,38.0
ee026f49fd0f7469eca393e46a073077,1,77fa3381855b6763c52ca3b72824f508,6560211a19b47992c3666cc44a7e94c0,2017-10-24 21:56:27,49.0,25.63
ee0431aa779ab9e13b643a5aaaaca67b,1,422879e10f46682990de24d770e7f83d,1f50f920176fa81dab994f9023523100,2017-10-24 02:58:31,59.9,17.67
ee0431aa779ab9e13b643a5aaaaca67b,2,422879e10f46682990de24d770e7f83d,1f50f920176fa81dab994f9023523100,2017-10-24 02:58:31,59.9,17.67
ee0431aa779ab9e13b643a5aaaaca67b,3,422879e10f46682990de24d770e7f83d,1f50f920176fa81dab994f9023523100,2017-10-24 02:58:31,59.9,17.67
ee15d0f2d62b2c0e0182e82f43e9e53b,1,f1fe595ee7ef768b41bd9b246d13432d,81a1104df0f08b59c68aa5b03cfe398e,2017-10-27 14:49:20,99.9,16.95
ee38c54d242516c9f651c8097815f90b,1,f7e5d0186f539b61586d7ddd247d2996,8a32e327fe2c1b3511609d81aaf9f042,2017-11-03 02:55:21,12.99,15.11
ee38c54d242516c9f651c8097815f90b,2,f7e5d0186f539b61586d7ddd247d2996,8a32e327fe2c1b3511609d81aaf9f042,2017-11-03 02:55:21,12.99,15.11
ee491eb103d02acce80f7c5950def51d,1,dd6a505f83dd3c6326aa9856519e0978,fa40cc5b934574b62717c68f3d678b6d,2017-10-13 18:35:22,49.9,14.1
ee49a90338eb325a8ebf67fd48663632,1,d4c1535d914696dc3b13cf725a2aa635,5a93f3ab0ef4c84ed5e1b5dbf23978bc,2017-10-17 18:04:46,77.94,16.31
ee604aa0fa0065d16fa19f49ca51ad76,1,afd664c19120c43a47e34fc71f982d86,3c7c4a49ec3c6550809089c6a2ca9370,2017-10-19 19:33:57,13.99,11.85
ee84d18908ccf2b4c57008c552b98d1c,1,108dfaacffadeceb87032609d340722c,b2ba3715d723d245138f291a6fe42594,2017-10-17 04:26:26,269.9,19.17
ee8eb8b78945c68960a7c42e6211365b,1,8ed094bfe076c568f6bb10feada3f75d,7c67e1448b00f6e969d365cea6b010ab,2017-11-08 17:36:02,196.99,31.68
ee8eb8b78945c68960a7c42e6211365b,2,8ed094bfe076c568f6bb10feada3f75d,7c67e1448b00f6e969d365cea6b010ab,2017-11-08 17:36:02,196.99,31.68
ee8eb8b78945c68960a7c42e6211365b,3,8ed094bfe076c568f6bb10feada3f75d,7c67e1448b00f6e969d365cea6b010ab,2017-11-08 17:36:02,196.99,31.68
ee8eb8b78945c68960a7c42e6211365b,4,8ed094bfe076c568f6bb10feada3f75d,7c67e1448b00f6e969d365cea6b010ab,2017-11-08 17:36:02,196.99,31.68
ee941f6c41c8ec03c25b856432b50153,1,e5130ccb07bdb4424ec93754a54c917f,abcd2cb37d46c2c8fb1bf071c859fc5b,2017-10-15 22:49:29,184.95,36.61
ee9a7a0f0c0446da13006eebdfa5e0b1,1,564d0015be20622253aee5b6e875bea8,ef506c96320abeedfb894c34db06f478,2017-11-01 21:28:17,29.99,7.78
ee9f3d0f79a91c7ea3153483af83ac3d,1,ec2d43cc59763ec91694573b31f1c29a,1c129092bf23f28a5930387c980c0dfc,2017-10-25 21:27:54,45.9,15.11
eea28ef28b84c9907e7417c41813bd34,1,f3466e14c29ba0ba18ff6362c94ecdfa,7e93a43ef30c4f03f38b393420bc753a,2017-10-17 21:49:37,899.0,21.05
eeb03bd554e175a6c6ae5cdc2e86d841,1,ffd4bf4306745865e5692f69bd237893,d98eec89afa3380e14463da2aabaea72,2017-10-13 18:30:36,29.99,12.48
eeb2e664debf2c0bd41c970e2122858a,1,6c3effec7c8ddba466d4f03f982c7aa3,37515688008a7a40ac93e3b2e4ab203f,2017-10-24 13:49:26,19.9,11.85
eeb7ec17386d00ac88c486894a069505,1,57aae7271c7c24614b0d663c6df83f35,d05ae8f7a5bd1d2a690a44cd079e4e27,2017-10-26 19:28:18,252.0,9.18
eec2067eb71189cfcb944c23485d912c,1,ea5e798481ff9bb1edc6823d98d83634,1900267e848ceeba8fa32d80c1a5f5a8,2017-10-31 02:08:43,47.99,12.69
eec2067eb71189cfcb944c23485d912c,2,ea5e798481ff9bb1edc6823d98d83634,1900267e848ceeba8fa32d80c1a5f5a8,2017-10-31 02:08:43,47.99,12.69
eec5a5f87ba565c451bd208e03ed3b2a,1,0aabfb375647d9738ad0f7b4ea3653b1,37515688008a7a40ac93e3b2e4ab203f,2017-10-08 22:49:28,19.9,11.85
eed6f74a190f23b5a8ac54a8b86aa79d,1,7be620cd314ce6460033ba9017be7a7f,7aa4334be125fcdd2ba64b3180029f14,2017-10-18 13:26:33,41.8,13.37
eed8debf59615c453bc1ebeccc519bb1,1,38969df72ffea063ee2905f51b08d428,ec8879960bd2221d5c32f8e12f7da711,2017-11-06 21:26:07,139.9,27.3
eeed74d6d3ce08beef12a41652dfc03d,1,48f866f20b5b6015a324210988e73387,4a3ca9315b744ce9f8e9374361493884,2017-10-13 17:24:57,153.0,18.32
eef277f1b21da736aeb8b4dbcdeb36bd,1,952670bc019a73f0933157ec82ff6e4f,37be5a7c751166fbc5f8ccba4119e043,2017-10-25 14:28:35,219.99,22.38
ef024a488b15cc5163a3385a3f94ebe7,1,7686fe49c98ae1c537b5cc51992f5d20,9d5a9018aee56acb367ba9c3f05d1d6a,2017-10-30 23:35:26,175.99,17.67
ef06e7945c6c75f875b06db75ea438cc,1,78819ab10b4a44927c832a21c06849e0,34d1ca11b242c0fee2c834ae8d788566,2017-11-07 14:10:16,580.27,21.63
ef0f71fb2f7a2abd24c7b7dd78907ea7,1,62d8daeee0db3a60c234c2d1bfd10651,d2374cbcbb3ca4ab1086534108cc3ab7,2017-10-20 04:26:56,24.9,15.1
ef2c378cc37b127ef373094451b9b70f,1,a10e0fcb1c409869c3c6da4eb13b7612,855668e0971d4dfd7bef1b6a4133b41b,2017-10-17 13:49:24,50.0,17.6
ef3564e02d4e2945236a1bacf894cc14,1,2e217eb628a12a225a0bfb3fc6512fcd,b2ba3715d723d245138f291a6fe42594,2017-11-08 21:15:13,154.9,36.74
ef37b19ea1b715580fb6394e75311fb8,1,6a1a04054158fe995e1688d8f79605b2,9616352088dcf83a7c06637f4ebf1c80,2017-10-10 12:35:08,59.9,13.44
ef4e154fd9b51d276fad7ed482b97e58,1,fe6a9515d655fa7936b8a7c841039f34,dc317f341ab0e22f39acbd9dbf9b4a1f,2017-10-26 16:49:12,249.9,69.21
ef524a601004635e7bd1ec43937e961f,1,f788dd44fc883f0664693a6dea50437f,3d871de0142ce09b7081e2b9d1733cb1,2017-10-24 18:36:44,39.0,12.69
ef7c07e8debe38337f6865322d146103,1,41cd333a4af5e36df81fc0b83ccf8e2d,5dceca129747e92ff8ef7a997dc4f8ca,2017-10-10 15:25:28,388.0,15.27
ef8e343c4abd7135c59d2a6179bd4351,1,3cce0d166c3fb2507956c630c1d0f87c,95e03ca3d4146e4011985981aeb959b9,2017-10-24 01:03:48,120.0,16.6
ef9948e6c8bbcd52c8164305be683daf,1,d12429bcf1d0ffe5940f9df2a8761c79,972d0f9cf61b499a4812cf0bfa3ad3c4,2017-11-03 20:35:26,138.2,15.72
ef99f25a4dd935f92a388af905f868d1,1,22c5ddc22ea8cae84fc9917def682dc6,cc419e0650a3c5ba77189a1882b7556a,2017-11-10 20:46:01,56.99,14.15
efaf4d6a16d8eac0474f3f0b6e632a74,1,e3d56b75987accb32f776ba6c710913e,bd4889b5e9133b35b66e42a8665cea5c,2017-10-10 23:00:06,65.0,17.7
efc62033f5121310c119db54930b84e4,1,a84d0660dbffebf352aefbf1a6b18d00,6560211a19b47992c3666cc44a7e94c0,2017-10-05 05:24:32,29.0,16.79
efe60d212780b2f8cd25004bc101244f,1,992197904e1d4f0bf3994652373188e4,a3dd39f583bc80bd8c5901c95878921e,2017-10-23 09:56:23,215.56,20.05
effc9e6631c38d99b27aa80a46212314,1,54b755678728b84472c2b654ac4de777,a3dd39f583bc80bd8c5901c95878921e,2017-10-16 14:05:33,52.0,17.64
f000585cce3f9d5edce0692f7e18bfda,1,4d94f51353a058d28468a03ebe1aae33,f593898ec748b7a8cb81fc04edafd98a,2017-10-13 02:14:39,225.0,43.77
f002422b59aa21ebc2c12136d1ab4019,1,b74d57e3377dd78aace6d070fc48cc88,4a3ca9315b744ce9f8e9374361493884,2017-11-03 02:55:18,65.9,16.22
f016bad9967e9cc4cb4e6337ff50ed1f,1,84f456958365164420cfc80fbe4c7fab,4a3ca9315b744ce9f8e9374361493884,2017-10-16 17:39:58,99.0,13.71
f027a72924b60764c1856fdd63de5316,1,d5b703c271f43f9c588a6f512a00f77e,fa40cc5b934574b62717c68f3d678b6d,2017-10-11 14:50:27,34.9,14.1
f027a72924b60764c1856fdd63de5316,2,8d98dedc3c19de17f1a090195e85d6b6,fa40cc5b934574b62717c68f3d678b6d,2017-10-11 14:50:27,49.9,14.1
f029d5966aa03c87e17e2482f86202b1,1,4a3b0111d9c112251e4732b44d1d118b,3a734b715d333a2588a3d54a0c9b8746,2017-10-27 21:56:09,117.0,15.57
f0306b5ed43b47782c4f72497dc5e97b,1,01f1608fbd6fc5b04308ff6157326e6d,ef506c96320abeedfb894c34db06f478,2017-10-26 20:49:37,34.99,15.1
f040548f17724acbc8219bf466b7fed2,1,911b8d269dbaa6c005b23d04e1c7fcbc,8f2ce03f928b567e3d56181ae20ae952,2017-10-19 19:26:46,99.9,33.15
f04955e9d40fccf99360d76c463cf97e,1,e2a73ef4fc3f78da8824aaec109a2676,17a053fcb14bd219540cbde0df490be0,2017-10-20 04:28:29,289.9,74.75
f04955e9d40fccf99360d76c463cf97e,2,e2a73ef4fc3f78da8824aaec109a2676,17a053fcb14bd219540cbde0df490be0,2017-10-20 04:28:29,289.9,74.75
f0496c5b6508ecfdf0af4c67896dda41,1,f177554ea93259a5b282f24e33f65ab6,8602a61d680a10a82cceeeda0d99ea3d,2017-10-24 01:10:50,45.0,7.78
f0496c5b6508ecfdf0af4c67896dda41,2,f177554ea93259a5b282f24e33f65ab6,8602a61d680a10a82cceeeda0d99ea3d,2017-10-24 01:10:50,45.0,7.78
f05357e2049ed23ef3cd55f90ab5f714,1,a9b9032e79635ad9618808cfdd644c77,0be8ff43f22e456b4e0371b2245e4d01,2017-10-17 15:30:05,24.9,15.1
f05357e2049ed23ef3cd55f90ab5f714,2,a9b9032e79635ad9618808cfdd644c77,0be8ff43f22e456b4e0371b2245e4d01,2017-10-17 15:30:05,24.9,15.1
f05357e2049ed23ef3cd55f90ab5f714,3,a9b9032e79635ad9618808cfdd644c77,0be8ff43f22e456b4e0371b2245e4d01,2017-10-17 15:30:05,24.9,15.1
f057e285395efbc0c032cf9e4ccfd146,1,f3dadecca4b876a315481c79b8adcf16,f8db351d8c4c4c22c6835c19a46f01b0,2017-10-17 20:49:17,22.9,15.1
f0691f65edb8f6ee394ea69d4e199d0a,1,31a2f42a87890f87d77daebdfabc182e,4c03b9dd4c11ee2cb35c96c49efc9420,2017-10-08 21:56:24,149.9,18.3
f086346ea98d5d90079f0d0503699d93,1,d3f53b3b397407f469efd4820b1ce250,5a8e7d5003a1f221f9e1d6e411de7c23,2017-10-18 14:49:27,59.9,9.34
f0a82a328fd64b2796242bbfddb7e1d4,1,3b3c3503539e7f917eb57a8d4bfa69f0,bfd27a966d91cfaafdb25d076585f0da,2017-10-13 18:35:26,359.0,19.83
f0bd83bfb957e7a5536e388fd49f85da,1,a1ce5cd7cb7370b16b898d24dd384c65,9674754b5a0cb32b638cec001178f799,2017-11-03 18:05:22,22.89,9.34
f0c8ddc6f3738f7bb122c0250983a494,1,7cfb84c1323fb861a17478de42b1839f,41b39e28db005d9731d9d485a83b4c38,2017-11-03 14:50:21,129.9,13.93
f0c8fa435e06ab4c026e78d690a6948d,1,9fc98e39f04be8e382d8aa5e259f5489,d2374cbcbb3ca4ab1086534108cc3ab7,2017-10-19 15:56:08,44.9,16.86
f0c8fa435e06ab4c026e78d690a6948d,2,c403e106353e1aa40efe783ecb39ed7a,d2374cbcbb3ca4ab1086534108cc3ab7,2017-10-19 15:56:08,38.9,16.85
f0d81c4925aa9ea96bc87f15da53c0f0,1,e2c3ed9aaddfd2312a6a5fe9b3ddadd3,46dc3b2cc0980fb8ec44634e21d2718e,2017-10-26 14:49:39,99.99,16.95
f0ec139085d460fe9fca9c92c1690522,1,ea70c7ac7beedf6663e1ddbde272384a,f45122a9ab94eb4f3f8953578bc0c560,2017-10-26 15:14:37,56.85,9.09
f1450c491bd196d4089076234a1b5cae,1,f1fe595ee7ef768b41bd9b246d13432d,81a1104df0f08b59c68aa5b03cfe398e,2017-10-23 10:28:04,99.9,30.23
f16ed2117bb2fa5b3d151a031c9cae37,1,dc404a1496a08f9f5540c8b5d4b92925,46dc3b2cc0980fb8ec44634e21d2718e,2017-10-19 07:28:12,299.0,21.58
f17562c57401466801e6a378f504a6d0,1,c6336fa91fbd87c359e44f5dca5a90ed,4c2b230173bb36f9b240f2b8ac11786e,2017-10-18 04:00:19,45.9,8.72
f19584f0d2c7cbccc05621c23dee5cb3,1,bb567c6c488b2d8b3baa6172d625c98c,9baf5cb77970f539089d09a38bcec5c3,2017-11-01 12:56:23,81.99,12.91
f1dfaa2d6bf27637f8996f170eb3de79,1,ca86ba8060f4ced18a06aabd5449028c,6426d21aca402a131fc0a5d0960a3c90,2017-10-10 02:49:23,39.9,12.69
f20f3bd3916e50fee33dbbb0b29164d3,1,cd2ee35bb109c0ee5b598cae174880bc,dc4a0fc896dc34b0d5bfec8438291c80,2017-11-07 16:55:34,70.74,16.26
f2289364095eca9fbc96b91e58d4aaa7,1,0296dd002a346e3bbdda4e0bc48a5073,eb3071b9f0b0ddaa2df5ea130f09f26b,2017-10-18 04:14:10,510.0,55.58
f23565614af219662cb662c56a0d2f71,1,c5e9b73e5f4c644885862ba3e1137b57,46dc3b2cc0980fb8ec44634e21d2718e,2017-10-13 19:49:57,199.99,16.16
f282ce44705a84bdcd2784a5c18ffefa,1,76acdd98759c649f3b6ecd0dc8576c8e,cd68562d3f44870c08922d380acae552,2017-10-30 03:15:02,145.0,13.35
f28e549e51f383974493cf9dbdce5d46,1,e2c3ed9aaddfd2312a6a5fe9b3ddadd3,46dc3b2cc0980fb8ec44634e21d2718e,2017-10-18 16:28:43,94.99,17.1
f2b05b43011210214069c513de56b6b0,1,759f2746cbd8fc01367864eccec63d46,d05ae8f7a5bd1d2a690a44cd079e4e27,2017-10-26 01:06:09,192.0,16.09
f2b4e20a7eeef7fd7c9b088363bd6183,1,cb4ea8f55c5245555696ae22ce0ea921,80e6699fe29150b372a0c8a1ebf7dcc8,2017-10-17 10:14:48,99.9,14.45
f2c1fe3c326767f9d341cb347f30ea1f,1,9bf49e13f79afe62919c79d125d81cf8,dfc5fb7259bb2b599ca565e6e9448f0f,2017-10-12 22:49:13,199.99,18.65
f2c6ff67de86de120cd2f5ac181e9fd5,1,dc52f0f5d3ec37a93eaf956cde4e5d2c,6560211a19b47992c3666cc44a7e94c0,2017-10-27 09:35:32,49.0,7.78
f2c9428d2c7720cb4e9f2a9634673ce6,1,32aeecc02aa5adcb7f75155a80a47836,df56d7b40d437f88407c5f78b63bc328,2017-10-26 10:28:11,138.5,17.38
f2df3f69fb9dbe0d8e932a7ec18c5a3a,1,15e71ca2be5a30e15c92ab4b36450571,7813ea3ebd9411dc600b4dd01f7a97b9,2017-10-30 18:37:45,130.0,12.41
f2e140e28d86f0b4e360012c50983e22,1,ee0c1cf2fbeae95205b4aa506f1469f0,cc419e0650a3c5ba77189a1882b7556a,2017-10-27 03:07:30,53.99,14.13
f2efe29fe1cac4dcbb6f53f87735245b,1,f71f42e2381752836563b70beb542f80,85d9eb9ddc5d00ca9336a2219c97bb13,2017-11-16 02:50:37,31.9,15.79
f2f0e2137eed28bd2c8531655ddb7d77,1,7053801e678b47c7ff38186602188679,41ab63a91b8b264e8c8780368bf1dd5b,2017-10-27 03:25:02,94.89,43.08
f2fecc6e386231f071a5ec6438b7ede4,1,5ef336462ba740ddd4727319e26207e6,8bb48dc19fccaa8613b6229bf7f452a2,2017-10-23 22:14:29,33.6,17.6
f3069a416e71d0fd68d9489752b6fe41,1,4d88bf79cfba786c4f220da5869dbd0b,46dc3b2cc0980fb8ec44634e21d2718e,2017-10-05 15:50:55,349.99,41.72
f313aef57f83601a4652dd2225bbda00,1,461f43be3bdf8844e65b62d9ac2c7a5a,4869f7a5dfa277a7dca6462dcf3b52b2,2017-10-25 19:27:13,146.0,12.52
f31e4f9ef9c06d4ec8fe2cb66c65e384,1,368c6c730842d78016ad823897a372db,1f50f920176fa81dab994f9023523100,2017-10-05 15:28:15,59.9,13.44
f31e4f9ef9c06d4ec8fe2cb66c65e384,2,b0961721fd839e9982420e807758a2a6,1f50f920176fa81dab994f9023523100,2017-10-05 15:28:15,59.9,13.44
f32506d911d029d9aa31e074798f2c2f,1,293ee8ac0a45f559cdeba37b938fdb66,4a3ca9315b744ce9f8e9374361493884,2017-11-03 20:05:48,55.6,12.73
f329e0268c6dd7c8492893d6049b7075,1,fecf6223a3494f35362f670e571d2a04,3db66a856d18a9cba7c9241fc5221c50,2017-11-06 11:35:24,69.9,16.25
f32d6929db9c0600d0b70c698f45ed71,1,53759a2ecddad2bb87a079a1f1519f73,1f50f920176fa81dab994f9023523100,2017-11-01 02:56:32,59.9,13.44
f331aa0f00901e6fac9d24f48343d282,1,62224b433a431310bf27129938ad9f64,7b07b3c7487f0ea825fc6df75abd658b,2017-10-30 00:49:18,84.94,9.41
f3458c2495b179f0e198030eb89b8ab5,1,787d8c174c475a72f50428197ca5bf49,c89cf7c468a48af70aada384e722f9e2,2017-11-08 03:10:18,200.0,24.27
f351ab7501d0f1d1874843df793c2fa6,1,a8e59319e3c44b5af3a5412d713af5bb,897060da8b9a21f655304d50fd935913,2017-10-19 22:07:14,47.81,34.15
f363b12aa89906f0696246938ec7c6ba,1,386eebb43722ab502f04f7900bd2451b,8b28d096634035667e8263d57ba3368c,2017-10-13 00:07:38,57.9,8.27
f3696a8355ea6d1732f4265a3383b707,1,884b444b6ef19272ab3adf358afcc921,74bafed391319577bce6f4d2acc0589a,2017-11-03 11:55:26,349.0,58.9
f39c23bb826de695dcc005dbb467f7e2,1,c40aad125105d258c19e6c833f4f51e5,de23c3b98a88888289c6f5cc1209054a,2017-10-11 02:49:39,99.99,17.95
f39eb130ae6b240988c071f3feb3a1a1,1,1e618d311a1b7f88a9d96ec50aa85582,d94a40fd42351c259927028d163af842,2017-10-26 22:26:17,129.0,25.74
f3a03d67d9788246863ec5fc76716777,1,7ac0d3f8ac5b60c13d74b02b8cbb4623,f27e33c6d29b5138fa9967bcd445b6d5,2017-10-30 15:07:32,94.9,17.91
f3a2f6c8a6fb28bb010f660ca61dd606,1,cd48f265a63e13b762601f5f794c5fca,e9779976487b77c6d4ac45f75ec7afe9,2017-10-23 17:34:50,65.0,15.2
f3a2f6c8a6fb28bb010f660ca61dd606,2,cd48f265a63e13b762601f5f794c5fca,e9779976487b77c6d4ac45f75ec7afe9,2017-10-23 17:34:50,65.0,15.2
f3a72c603e97e42ea0d97763df16c64d,1,19445bdaf8aa12c9f56199be2b2d56e0,1025f0e2d44d7041d6cf58b6550e0bfa,2017-10-19 00:28:18,66.0,25.74
f3c997e9b2e9848caab4687aabaee30b,1,29b18b99ca3c94cea05efa9e11465440,aced59e9b31ef866a94f9e7f29d8d418,2017-10-31 18:25:55,295.0,15.67
f3d907ca2389186613781da85106e282,1,efad749f1311a53b69d30ceed3baa52a,897060da8b9a21f655304d50fd935913,2017-11-01 13:29:37,16.16,15.1
f3d907ca2389186613781da85106e282,2,efad749f1311a53b69d30ceed3baa52a,897060da8b9a21f655304d50fd935913,2017-11-01 13:29:37,16.16,15.1
f3e4f61152aed686fbbb83e794cc246d,1,e2bb00220a167d9e60b6776ac33717bc,6560211a19b47992c3666cc44a7e94c0,2017-10-26 11:45:21,56.0,7.78
f4288260e85613d9d57f2024a18aa66f,1,8726429de3797e35c022a32137909d2b,afa6714acee029b2dfdf357e5579cc03,2017-10-12 21:28:21,99.99,21.19
f439741ef3997ceace2e3b92ad169e0b,1,431d674f9a4fbd0957ecf6ba3fcb6899,53243585a1d6dc2643021fd1853d8905,2017-10-23 17:46:05,289.0,19.3
f443f10864456cb1b27f91e05587de58,1,28ea12eefe401cceb76c6026abfbcd71,54a1852d1b8f10312c55e906355666ee,2017-10-16 14:28:10,74.99,11.73
f44bbaf60b84b0a7fd51994bb8dfc090,1,99a4788cb24856965c36a24e339b6058,4a3ca9315b744ce9f8e9374361493884,2017-10-18 03:20:16,89.9,16.26
f45eb7ff532991bec1d36d048790becd,1,c5038055690911ed8e218cceb07acdf8,f8db351d8c4c4c22c6835c19a46f01b0,2017-10-30 03:56:33,368.9,27.42
f4644597165c84bebe72a057c53a0698,1,36efd30e7c14e8ed3a6557e9104112b3,96804ea39d96eb908e7c3afdb671bb9e,2017-10-23 19:35:13,49.95,25.63
f4644597165c84bebe72a057c53a0698,2,36efd30e7c14e8ed3a6557e9104112b3,96804ea39d96eb908e7c3afdb671bb9e,2017-10-23 19:35:13,49.95,25.63
f4644597165c84bebe72a057c53a0698,3,36efd30e7c14e8ed3a6557e9104112b3,96804ea39d96eb908e7c3afdb671bb9e,2017-10-23 19:35:13,49.95,25.63
f464a113cdd89833ee98d4a56f41d8c5,1,83d199d296c44101c8c3b5c9c0cce9ea,850f4f8af5ea87287ac68de36e29107f,2017-10-30 16:09:48,69.99,15.25
f47660d3918724652c1d5a32c5724147,1,63d6e7ab30f482382c9dfbbccae7da54,b2a6d334e2833acea353624840e25a0e,2017-11-07 04:08:23,68.7,16.24
f47a74b9a5df7793d947d2dce26234f9,1,a237de12bdf0bfe4fe220bae65a89731,6c7d50c24b3ccd2fd83b44d8bb34e073,2017-10-30 03:25:34,37.5,17.6
f495e955026183e7f6bbb3dac79b88e6,1,12f749c76f15e9bf5743bebda92da24a,46dc3b2cc0980fb8ec44634e21d2718e,2017-10-10 16:35:24,319.99,18.49
f4dd7fe0a280db5ce3ad8d200ab0e93c,1,96b4ceeea5f4e3997ac6543f49a4f138,0c7533c71df861ec58ad7ff999ed0e8d,2017-10-20 17:21:12,47.9,16.11
f4fdb235ce7c1f7d3eb1b2fdd3a4f610,1,158102fe543dbaeb84d87811bfe06d0d,002100f778ceb8431b7a1020ff7ab48f,2017-11-03 13:07:28,17.9,15.1
f4fdb235ce7c1f7d3eb1b2fdd3a4f610,2,414c53fa9c5cc4a0390682aeb2e25ec1,002100f778ceb8431b7a1020ff7ab48f,2017-11-03 13:07:28,17.9,15.1
f53c55d69ec100514da4915a8a3d72b2,1,ec2d43cc59763ec91694573b31f1c29a,1c129092bf23f28a5930387c980c0dfc,2017-11-08 03:30:27,45.9,9.34
f5662da1743a5f7589fe85510a24e197,1,84a87daa85c8b432d90bc1baa0cb4388,aafe36600ce604f205b86b5084d3d767,2017-10-26 03:07:31,59.9,15.18
f5695fb0596df12b626efc77bd076d57,1,c3d0861113018ae43eaf47fcf5f0229b,6edacfd9f9074789dad6d62ba7950b9c,2017-10-25 22:14:11,84.9,19.13
f56a4744d6392378081c4d1b6d2c0285,1,7b35be468d9795a7529f65c50ec87668,4869f7a5dfa277a7dca6462dcf3b52b2,2017-10-26 16:07:57,629.0,19.15
f57f7dbab452c458aa02f002370f6501,1,e7d26dd6742baca292020c158e6720c3,6cd68b3ed6d59aaa9fece558ad360c0a,2017-10-13 07:35:38,54.9,14.13
f585ab48a4d0027744dd2912cb42a2cb,1,08574b074924071f4e201e151b152b4e,001cca7ae9ae17fb1caed9dfb1094831,2017-10-16 10:49:34,99.0,41.08
f585ab48a4d0027744dd2912cb42a2cb,2,08574b074924071f4e201e151b152b4e,001cca7ae9ae17fb1caed9dfb1094831,2017-10-16 10:49:34,99.0,41.08
f586221f29e99ec237c1779b4ca609f8,1,b532349fe46b38fbc7bb3914c1bdae07,1025f0e2d44d7041d6cf58b6550e0bfa,2017-10-20 16:28:12,38.4,16.11
f586221f29e99ec237c1779b4ca609f8,2,b532349fe46b38fbc7bb3914c1bdae07,1025f0e2d44d7041d6cf58b6550e0bfa,2017-10-20 16:28:12,38.4,16.11
f586221f29e99ec237c1779b4ca609f8,3,b532349fe46b38fbc7bb3914c1bdae07,1025f0e2d44d7041d6cf58b6550e0bfa,2017-10-20 16:28:12,38.4,16.11
f589bd1ff18deb4e471366b1aa443c84,1,db7f3f42ccab32fa6328b3063b278bcc,7299e27ed73d2ad986de7f7c77d919fa,2017-11-02 22:46:03,38.0,15.1
f5945e1d2fb8c0e83398780ccd89da61,1,31a2f42a87890f87d77daebdfabc182e,4c03b9dd4c11ee2cb35c96c49efc9420,2017-10-17 07:34:18,149.9,14.07
f5948c001130b3ffedc316eec2522996,1,3425f911c976bb4f499d02aac8cf4a96,fffd5413c0700ac820c7069d66d98c89,2017-10-24 02:58:50,132.2,16.56
f5a3eb7fb74526595623599e391ef6fd,1,811ea06b526cf16fd375cbabb9b8a99f,f27e33c6d29b5138fa9967bcd445b6d5,2017-10-09 16:56:35,119.9,23.16
f5a52747a52ed566b63d20a717778698,1,7bf085cb634a5038e227ea40490c3beb,c500367424994318b9e779ff1ae9a330,2017-11-08 17:26:51,899.0,50.97
f5d6fb800f654ebb36a1fc03bed3fcc7,1,78819ab10b4a44927c832a21c06849e0,34d1ca11b242c0fee2c834ae8d788566,2017-10-09 04:28:21,580.27,19.82
f5f3d42a187a504d4c574ba759ef3dbd,1,4a300735bc293723103db0d0c1bc1585,6f892e20a171e98efe17fdb971ff319b,2017-10-16 03:49:21,70.9,15.25
f5f3d42a187a504d4c574ba759ef3dbd,2,4a300735bc293723103db0d0c1bc1585,6f892e20a171e98efe17fdb971ff319b,2017-10-16 03:49:21,70.9,15.25
f5f3d42a187a504d4c574ba759ef3dbd,3,4a300735bc293723103db0d0c1bc1585,6f892e20a171e98efe17fdb971ff319b,2017-10-16 03:49:21,70.9,15.25
f5f61cf2cbe09e08293021b6b12d9e4d,1,e5eadf9be70a4a9fa514019542fc330a,4559697a8f7e637227c2eeaed843baff,2017-10-06 14:49:14,69.9,17.74
f607a79926e2aa68b1b220ff073a35e8,1,3d5813eaa9868b2c0e307e6c536ba492,6bb0724edf0b62fb91ac404873a97241,2017-10-25 07:49:14,249.0,54.34
f607a79926e2aa68b1b220ff073a35e8,2,3d5813eaa9868b2c0e307e6c536ba492,6bb0724edf0b62fb91ac404873a97241,2017-10-25 07:49:14,249.0,54.34
f60acdf6e4ce0842ce375a157ae600c0,1,29427de7f8a9ee983d9dbc51cec569b4,7a67c85e85bb2ce8582c35f2203ad736,2017-10-13 19:14:15,99.99,19.94
f60d6aa784f2b40b2eff64449d1e79ed,1,6bd248f93425ceeb625a8a97e2404112,dbc22125167c298ef99da25668e1011f,2017-10-13 02:07:37,59.9,14.15
f62c7996783afdbec5f6c8afc0c8a040,1,e8b2fecb5049dcecf8c1ff4cfdb03c61,18a349e75d307f4b4cc646a691ed4216,2017-10-24 04:56:25,29.35,15.11
f637d76c398963bc6fd99947a23806f6,1,a1ebb47a48200e6566603de49b83f621,46dc3b2cc0980fb8ec44634e21d2718e,2017-10-20 20:49:59,269.99,26.34
f642a23f1bb1153eeba8cc4d86a05b97,1,d12429bcf1d0ffe5940f9df2a8761c79,972d0f9cf61b499a4812cf0bfa3ad3c4,2017-10-26 15:49:20,138.2,18.38
f642a23f1bb1153eeba8cc4d86a05b97,2,5fc9976b2e864ae065866725645c716e,972d0f9cf61b499a4812cf0bfa3ad3c4,2017-10-26 15:49:20,79.99,18.39
f64dd636875aef9058782fc05a867ec1,1,fa39c60599eb6573020f07a1b4dd38cf,0bae85eb84b9fb3bd773911e89288d54,2017-10-31 20:14:16,86.36,29.0
f64e0c79388204f645a4a936b90feeb1,1,0bcc3eeca39e1064258aa1e932269894,1f50f920176fa81dab994f9023523100,2017-10-13 13:56:14,59.9,13.44
f64e0c79388204f645a4a936b90feeb1,2,422879e10f46682990de24d770e7f83d,1f50f920176fa81dab994f9023523100,2017-10-13 13:56:14,59.9,13.44
f64e25d4978b16757ebf945e3e00b85e,1,4a300735bc293723103db0d0c1bc1585,6f892e20a171e98efe17fdb971ff319b,2017-10-11 04:05:11,70.9,14.25
f66696cb1765edf51ab4e07f41687f9e,1,7a10781637204d8d10485c71a6108a2e,4869f7a5dfa277a7dca6462dcf3b52b2,2017-10-27 17:36:03,209.9,29.87
f67ed27c364607b4afba7d4d7b32f524,1,7a6aebc4c1205818e64f9275475a73e9,8bd0f31cf0a614c658f6763bd02dea69,2017-10-13 19:49:20,199.99,37.49
f680dfd841b53bc32168823c6b82e1be,1,d4c1535d914696dc3b13cf725a2aa635,5a93f3ab0ef4c84ed5e1b5dbf23978bc,2017-11-17 03:10:26,77.94,15.3
f699a49449767451582084ff8c362ab1,1,ea44caac707f7f1325182a538007f838,855668e0971d4dfd7bef1b6a4133b41b,2017-10-11 14:56:18,50.0,16.6
f6e680d7d727a699aa6a16bc524be196,1,77a399638eca91f6fa1a508a30e01565,25cf099de44674fde97473224f9d59ab,2017-10-20 17:49:43,27.18,8.72
f6eb6190398bfb32871584bd111dec04,1,b8b426747049f2d3d6e00b486d47dedb,01fdefa7697d26ad920e9e0346d4bd1b,2017-11-03 11:10:20,104.99,14.46
f6ef0c6575034b2fe19ec54a07aa3633,1,99a4788cb24856965c36a24e339b6058,4a3ca9315b744ce9f8e9374361493884,2017-11-06 12:15:18,89.9,21.12
f6f6df74cf34d7d0fc516e28dc2573c7,1,c44fd47f82e429f739693c82c73a43b4,7040e82f899a04d1b434b795a43b4617,2017-10-17 18:07:54,118.9,14.58
f7059c86772ca15e9640e43be7c31fb1,1,51967f750b0391d02137a8ecd5424452,efcd8d2104f1a05d028af7bad20d974b,2017-10-11 03:07:19,29.99,25.66
f7059c86772ca15e9640e43be7c31fb1,2,1276de9d6e6200f71cfb172a76abf703,ead2bab70821ea148476ae9bc08548ac,2017-10-11 03:07:19,19.9,1.28
f71548efb94082ec81596149dba6bc12,1,8cd9fd2917c6e1b0f29acae309d564fe,dbc22125167c298ef99da25668e1011f,2017-10-17 10:28:47,43.9,16.11
f7247b9bfe84eb166ffc3c5fce94be54,1,e55ba61cd47a02e2b5479c63c7db13fd,128639473a139ac0f3e5f5ade55873a5,2017-10-25 02:49:20,19.9,15.1
f726de924d4419207ba2ba5f81608a24,1,a44edbb4226328a7a816f3460556d638,082e0bf4cb865a6533b1e8e498cc0255,2017-11-07 04:15:27,77.3,60.22
f726de924d4419207ba2ba5f81608a24,2,5b7e1c33e4e9e477847a8a031353ff40,082e0bf4cb865a6533b1e8e498cc0255,2017-11-07 04:15:27,35.7,20.07
f726de924d4419207ba2ba5f81608a24,3,65b183dcbb9689b176730d709a0003dd,082e0bf4cb865a6533b1e8e498cc0255,2017-11-07 04:15:27,46.6,57.99
f726de924d4419207ba2ba5f81608a24,4,757172573ef8a2cc354243f3da4fa565,082e0bf4cb865a6533b1e8e498cc0255,2017-11-07 04:15:27,88.2,60.22
f726de924d4419207ba2ba5f81608a24,5,a44edbb4226328a7a816f3460556d638,082e0bf4cb865a6533b1e8e498cc0255,2017-11-07 04:15:27,77.3,60.22
f72cbb6ccc49c044b3adc2edee10f617,1,3b91132e7eebaa17b615edbcdb5baa8e,5656537e588803a555b8eb41f07a944b,2017-10-05 14:04:24,140.89,36.31
f73057ef32b68991b54f0ec78f235b90,1,e070a61270050c4b1b704300f331cca6,66922902710d126a0e7d26b0e3805106,2017-10-31 16:30:20,69.9,16.74
f73141ba0f038a2d7c632da81b6b202c,1,553e0e7590d3116a072507a3635d2877,1c129092bf23f28a5930387c980c0dfc,2017-10-17 09:35:25,45.9,15.11
f7352ff5cad83aaa79b315995aa6d115,1,2028bf1b01cafb2d2b1901fca4083222,cc419e0650a3c5ba77189a1882b7556a,2017-11-01 09:49:29,56.99,16.84
f7364d7a775833b673741fad4d394512,1,1b8ee158f59c098470fad33f39660964,1554a68530182680ad5c8b042c3ab563,2017-10-26 19:49:19,139.9,31.73
f738b7f44b5be61ae982e3ea9c87289f,1,aca2eb7d00ea1a7b8ebd4e68314663af,955fee9216a65b617aa5c0531780ce60,2017-10-16 20:49:33,75.0,13.08
f73ab50571ad3fb480ad37ed740a929b,1,568e52d4c670b4d5130bae2dbf211c40,8581055ce74af1daba164fdbd55a40de,2017-10-12 21:15:16,92.1,25.48
f73e50c9dd2f26840757a746b2c8cb15,1,a50acd33ba7a8da8e9db65094fa990a4,8581055ce74af1daba164fdbd55a40de,2017-10-09 04:28:27,117.3,17.53
f751ec155a1b03010e9ab382099e3d66,1,e2e9a22be498ad23b97170cbc20c477c,2b1a40c1daabc6ca280c4b815c101841,2017-10-13 09:56:17,299.98,82.92
f751ec155a1b03010e9ab382099e3d66,2,e2e9a22be498ad23b97170cbc20c477c,2b1a40c1daabc6ca280c4b815c101841,2017-10-13 09:56:17,299.98,82.92
f7535290d652a7fbf7dc0c271209048a,1,832755a0ea738bb04907c1558ef43e40,dfc5fb7259bb2b599ca565e6e9448f0f,2017-10-30 06:33:29,210.0,13.81
f7641c0de17b431a84de1c1b1cc508fd,1,dca8cbb1c9d8a2db0fbc0c36b8d1a7bc,6560211a19b47992c3666cc44a7e94c0,2017-10-18 14:28:14,89.0,7.88
f764bb28725fea66368cbd0a799ac39f,1,fa3bc8d73fe3b0ec061190651433a417,5b925e1d006e9476d738aa200751b73b,2017-10-30 17:29:41,229.0,17.85
f7b67c9f24f5c2da0dad8c1de5e29e40,1,fe6a9515d655fa7936b8a7c841039f34,dc317f341ab0e22f39acbd9dbf9b4a1f,2017-10-12 22:24:18,249.9,60.3
f7b7cd620fccb9f2041e9f3b569d49e0,1,9927048351cd36357bd4227c238f478b,0ea22c1cfbdc755f86b9b54b39c16043,2017-10-20 01:28:21,54.9,15.13
f7b820ea870eadff426970af299e9384,1,0d0f2c7fcae108a74c895521c62d46f6,09f952a5f58d2285b0372551ae8f9b01,2017-10-16 17:49:25,89.99,16.88
f7b820ea870eadff426970af299e9384,2,0d0f2c7fcae108a74c895521c62d46f6,09f952a5f58d2285b0372551ae8f9b01,2017-10-16 17:49:25,89.99,16.88
f7c983ea77108633138dd0ff5e2fbd3a,1,218f5d32f520df3b8517cdd86da09466,44f091b5abab8018f682fce8124b85e5,2017-10-10 02:43:39,229.9,26.06
f7d0eb24b92b2024fc86a38400664675,1,0185e6719ca5c224fc53853997fa3f68,4a3ca9315b744ce9f8e9374361493884,2017-10-18 13:14:16,110.0,15.52
f7df7f91530ad835a392fbdccf183a22,1,de480e3ae31eea2d2d97d694c43172fc,1838dd9b8977065acf51d95e0053ea7a,2017-10-10 02:44:09,28.9,12.48
f7f1d7e07ff7f3af27812ea78aa10f89,1,a30c310dda4ad467282787fee075cb69,bd149ed516d4c5d418d5781f8e18919f,2017-11-09 03:30:38,37.9,10.42
f7f1d7e07ff7f3af27812ea78aa10f89,2,a30c310dda4ad467282787fee075cb69,bd149ed516d4c5d418d5781f8e18919f,2017-11-09 03:30:38,37.9,10.42
f802f0454d62d229a457b29f0dc41173,1,6116878328502f42bbb8076639799b82,b2ba3715d723d245138f291a6fe42594,2017-10-10 20:35:09,112.9,9.61
f8033eab5248939afe7fa7feb4ac4866,1,dc4adbe80b638fa8ed7ce4d2822e05af,5f2684dab12e59f83bef73ae57724e45,2017-11-06 00:50:22,99.9,18.0
f80a22b75de2f7ef552287c042b55904,1,9bebdd5c142f3d0052c0377cc80b9385,3d871de0142ce09b7081e2b9d1733cb1,2017-10-19 17:14:38,69.9,17.74
f817d900e054fb4fbebf7b7a3c2bdb1d,1,154e7e31ebfa092203795c972e5804a6,cc419e0650a3c5ba77189a1882b7556a,2017-11-08 16:15:19,23.99,14.1
f81f3d776ffdcb6331fbc140d5a1f2bc,1,6da34f576ae8ae67eefc6284461cea8b,bfd27a966d91cfaafdb25d076585f0da,2017-10-19 20:28:10,59.0,16.17
f82a2055f59b4ccf07be7a6e9d52debd,1,8db8c6b5b338e7a8d3332037c2c218f7,7d76b645482be4a332374e8223836592,2017-10-11 14:07:25,29.9,7.78
f82a2055f59b4ccf07be7a6e9d52debd,2,8db8c6b5b338e7a8d3332037c2c218f7,7d76b645482be4a332374e8223836592,2017-10-11 14:07:25,29.9,7.78
f82b736a74919a3cd9432beae1d303f3,1,edf3fcc4ffbf81855bbf404a5274ceee,76d64c4aca3a7baf218bf93ef7fa768d,2017-10-23 15:14:27,27.9,16.11
f8337e09908840a3536231a3a198b43a,1,45f68d6b5c1bdaeb13882fdcb62e4e47,95e03ca3d4146e4011985981aeb959b9,2017-10-20 16:15:32,79.9,15.31
f833b6f8e6abdffba74178aceab06280,1,d1c427060a0f73f6b889a5c7c61f2ac4,a1043bafd471dff536d0c462352beb48,2017-10-31 02:08:33,149.99,40.38
f833d8d9545ff013eca8b27c59c3d554,1,b93bf8293a1acfbbfba6c026b16bcef4,7142540dd4c91e2237acb7e911c4eba2,2017-10-30 10:49:35,69.9,17.74
f83cf3c2b67fa69e65f769bbd1b06396,1,8f294708d3d915a85d705b2654e49ca9,fbc14c0cf93505ef89f64665ffa4a7b5,2017-10-23 20:28:14,62.99,15.19
f83e640575b80ecea64f0a11d55148dd,1,500870614ddcf5bd84f7d26861026c8a,ef506c96320abeedfb894c34db06f478,2017-10-26 03:07:09,29.99,34.15
f8573b9bf02d001ec2885d6c8193a436,1,f35927953ed82e19d06ad3aac2f06353,669ae81880e08f269a64487cfb287169,2017-11-07 13:46:05,115.0,17.25
f8599d6fa56cd679a3cd7f147a61e57f,1,1d6d7be70107889e3193819aca4dc1dc,4a3ca9315b744ce9f8e9374361493884,2017-10-17 23:45:53,48.9,16.11
f86df9fa4000285e8ba647d4c6df5b7c,1,a237de12bdf0bfe4fe220bae65a89731,6c7d50c24b3ccd2fd83b44d8bb34e073,2017-10-31 10:31:05,37.5,19.59
f86df9fa4000285e8ba647d4c6df5b7c,2,a237de12bdf0bfe4fe220bae65a89731,6c7d50c24b3ccd2fd83b44d8bb34e073,2017-10-31 10:31:05,37.5,19.59
f87ed664a5aeba70114b65138cb0c9c1,1,07f381c65e8e66460c07781b9b1b8834,7c67e1448b00f6e969d365cea6b010ab,2017-10-13 09:56:17,199.99,56.68
f8898796f33b7a0741dc0cf4f54c0001,1,363218ba55c610b750224f90bdd34be1,00ee68308b45bc5e2660cd833c3f81cc,2017-10-09 08:07:19,90.0,16.88
f88efcb15bb4da564e09c5ef905ae3cb,1,2fa5da96109ea94cc9fb50cc589ed65e,86ccac0b835037332a596a33b6949ee1,2017-10-25 17:35:33,136.0,20.19
f88fc67d4fe4e1a6d2865c88c5c36bf1,1,75c06ee06b201f9b6301d2b5e72993f8,3c7c4a49ec3c6550809089c6a2ca9370,2017-10-30 03:35:22,13.99,14.1
f8b8a77937cd83cba18622b9e1e2681f,1,75d6b6963340c6063f7f4cfcccfe6a30,cc419e0650a3c5ba77189a1882b7556a,2017-10-10 17:14:21,56.99,14.15
f8d19a0283152c2a14277f39a74da971,1,75d6b6963340c6063f7f4cfcccfe6a30,cc419e0650a3c5ba77189a1882b7556a,2017-10-13 12:49:21,56.99,15.15
f8da7d096b125f74ad5b784140c294c7,1,d65b6607952f9e0d705b1cbdc92ac027,48436dade18ac8b2bce089ec2a041202,2017-10-20 18:45:43,46.9,16.11
f8dc34a2f4d0e6c9bc9f35cc0e4f5cd8,1,10714d6a49c0af9ccdab2d806887c5f5,9616352088dcf83a7c06637f4ebf1c80,2017-11-07 12:15:16,59.9,12.55
f8f5a61defba49f13a7e21a369026f04,1,7a10781637204d8d10485c71a6108a2e,4869f7a5dfa277a7dca6462dcf3b52b2,2017-10-24 11:28:27,209.9,18.72
f8fb39acd1750678fd3d2be1d4166cf8,1,f7739485622f3dccbf3c8755adfd76af,8e6cc767478edae941d9bd9eb778d77a,2017-10-18 12:46:44,15.0,16.11
f8fb39acd1750678fd3d2be1d4166cf8,2,f7739485622f3dccbf3c8755adfd76af,8e6cc767478edae941d9bd9eb778d77a,2017-10-18 12:46:44,15.0,16.11
f9180f3f33082b5e522c46f22c4cf4da,1,7be620cd314ce6460033ba9017be7a7f,7aa4334be125fcdd2ba64b3180029f14,2017-10-26 20:49:12,41.8,15.2
f91ebd94de8a3da272808b5187316a7a,1,b914a18d4547eff292fedeccc82faec6,7e93a43ef30c4f03f38b393420bc753a,2017-10-30 15:32:48,699.99,19.66
f9286b76e6aafcf562039ff69da4ef47,1,d42c1eec0891869c034f031ec9b81ecc,ca3bd7cd9f149df75950150d010fe4a2,2017-11-16 03:55:18,34.2,11.73
f9286b76e6aafcf562039ff69da4ef47,2,d42c1eec0891869c034f031ec9b81ecc,ca3bd7cd9f149df75950150d010fe4a2,2017-11-16 03:55:18,34.2,11.73
f92d5bedc0cb67f0b4fb723b39af6a46,1,d29534bc8c74cd3d91e0f175a5c9b366,c731d18cea9bf687ffee82a241c25b11,2017-10-06 08:35:11,137.0,23.83
f943e18398079cee438234bf6482996e,1,52bd2502183574fc11a434d5d215a4cd,bfd27a966d91cfaafdb25d076585f0da,2017-10-18 12:35:19,329.0,18.06
f9650437902417384641bfcee466b737,1,9d7acafdb1af47f7a77980febab19f7c,066a6914e1ebf3ea95a216c73a986b91,2017-10-30 21:28:25,29.99,26.89
f9721d8a3f37d470af43db1d74cc9f78,1,4cc8bfa581f41841ce5e24aba773a44a,1835b56ce799e6a4dc4eddc053f04066,2017-10-15 22:49:28,56.99,12.74
f988c07fa4d593fb4b01e5990cb51c6b,1,c6336fa91fbd87c359e44f5dca5a90ed,4c2b230173bb36f9b240f2b8ac11786e,2017-11-07 14:30:11,45.9,14.1
f9a6e72c6b5a49a9aaa0a85b32adc581,1,71da6d6632902431cdca2b3a8e681b80,3078096983cf766a32a06257648502d1,2017-10-05 00:28:20,184.6,18.54
f9d90a312f7c442297e418dbf9564475,1,0f1734abf5ee5d3b99353b7ccb117426,08d2d642cf72b622b14dde1d2f5eb2f5,2017-10-24 03:14:41,17.9,15.1
f9d9fcf57feb770b0ea568f6a92bb2f2,1,64b488de448a5324c4134ea39c28a34b,3d871de0142ce09b7081e2b9d1733cb1,2017-10-26 07:07:16,69.0,13.5
f9f15e02ed74cf8a21b8266a55498942,1,2b4609f8948be18874494203496bc318,cc419e0650a3c5ba77189a1882b7556a,2017-10-22 22:56:20,89.99,22.95
fa145f6e474f19a183553a249dc5a73b,1,656e0eca68dcecf6a31b8ececfabe3e8,e9bc59e7b60fc3063eb2290deda4cced,2017-10-25 15:36:03,98.9,13.71
fa1965c98f3d6c3a1fe5589129ee48dc,1,422879e10f46682990de24d770e7f83d,1f50f920176fa81dab994f9023523100,2017-10-06 19:05:30,59.9,17.67
fa1a7d5fce60b676600d188b753759dd,1,30ccf4724f5227265f837e9ba0246278,dbc22125167c298ef99da25668e1011f,2017-10-13 02:07:34,85.4,14.33
fa22f5f8711934f18364448592c96099,1,7770bdde7d6bfd349bfdeabc4ce54c07,db4350fd57ae30082dec7acbaacc17f9,2017-10-31 06:49:17,21.99,17.63
fa292754654f17a208c5436bbfb8e18f,1,2196663031bcde078cede855ac0b5739,c9c7905cffc4ef9ff9f113554423e671,2017-11-07 03:50:37,65.0,15.2
fa3475ba2bc8960e12e2421b5883c340,1,b66270a5d5b3a8585f8314b2f14420fb,9b013e03b2ab786505a1d3b5c0756754,2017-10-25 19:49:11,48.89,8.27
fa3ed89c3b607653c3e70eaa8b2fd792,1,75c06ee06b201f9b6301d2b5e72993f8,3c7c4a49ec3c6550809089c6a2ca9370,2017-11-01 16:14:16,13.99,15.1
fa5890be67deaf578509e958eb5de248,1,53ea9da485f6aed8a6f03a85831fe021,7e93a43ef30c4f03f38b393420bc753a,2017-10-16 15:56:24,249.99,18.0
fa710f5c53997c4bbed66aedea46a917,1,ba77d921f1966cc601feb066362548d4,3d871de0142ce09b7081e2b9d1733cb1,2017-11-07 04:06:20,19.9,15.1
fa807b443e46df35d40fa3e40349057a,1,3429d7e4892a2df967fae671f4c98deb,900ba814c251a692506d7834c1218441,2017-10-13 11:14:20,370.47,33.34
fa82d85bb112828230b13452cbd18595,1,9835bbd4ce057f9d65bc826bd578c93d,2709af9587499e95e803a6498a5a56e9,2017-11-01 18:55:06,99.0,13.25
fa85a1c9a92b2fc2b5c6f61e4688f8b3,1,e8316a4667e5870c85e906b1f062bde1,7c67e1448b00f6e969d365cea6b010ab,2017-11-07 02:07:24,78.99,27.91
fa970cce95e940c0f5adae718f25364c,1,060cb19345d90064d1015407193c233d,8581055ce74af1daba164fdbd55a40de,2017-10-19 19:34:42,147.9,15.79
fa9b8a7442683f57d43860dbf63676dd,1,a4385c12734e0937f4514a3cde277925,f4c4daa86e30c7e5a553a8d518ac03a5,2017-10-25 16:07:41,403.75,17.58
faacd0beba2277101f227f7968ddbc57,1,9b1c33398191d2026558e5d3940a0d8b,7142540dd4c91e2237acb7e911c4eba2,2017-11-14 11:50:10,71.82,17.75
faae3d4acaaab21062794c932248e58b,1,169e1fedd1319ca92e90e057e7123005,e9779976487b77c6d4ac45f75ec7afe9,2017-10-27 00:28:20,69.49,16.25
faae3d4acaaab21062794c932248e58b,2,169e1fedd1319ca92e90e057e7123005,e9779976487b77c6d4ac45f75ec7afe9,2017-10-27 00:28:20,69.49,16.25
fab554de6022bbe68f2e742d63440861,1,a94036c0bb4dfce8d5762777c07b7be2,8160255418d5aaa7dbdc9f4c64ebda44,2017-10-20 20:14:50,124.9,18.12
fac0d9ee548e947e642b27cea75c2dfe,1,731599825523e54feea5f4678ca8f54f,de23c3b98a88888289c6f5cc1209054a,2017-10-17 16:49:13,59.99,9.34
fad4db0b469823e4ce0a2506a88ca08a,1,3cb35b42508b97cb50eb1f1090c9d719,093805f8f2aeb63881444571e1f48f30,2017-10-19 19:34:58,38.9,9.34
fad7b215b5580be62da9ee48752cf0f5,1,ffb97eb64c6fe1baada2410288c04457,26d8a1c7c75d513045798992ead43aa2,2017-10-06 00:56:12,182.99,14.3
fae4552fc320d851844902535c466e92,1,6dc18860905adba3a2d55fc1298f1701,d1c281d3ae149232351cd8c8cc885f0d,2017-10-30 17:14:15,36.99,11.85
fb037b16fa0ee4985e3ad5590d817f62,1,4413a608a42bd21bbf9d5abbd58c249a,7ddcbb64b5bc1ef36ca8c151f6ec77df,2017-10-31 02:08:31,146.99,20.52
fb13fbd4a34b34b577d30914e6377fed,1,6bd248f93425ceeb625a8a97e2404112,dbc22125167c298ef99da25668e1011f,2017-10-09 04:05:10,59.9,14.15
fb1bc334ae23045c45df799504ebe1bc,1,63d6e7ab30f482382c9dfbbccae7da54,b2a6d334e2833acea353624840e25a0e,2017-10-25 14:29:15,74.9,15.28
fb1bc334ae23045c45df799504ebe1bc,2,63d6e7ab30f482382c9dfbbccae7da54,b2a6d334e2833acea353624840e25a0e,2017-10-25 14:29:15,74.9,15.28
fb1ff5a3430d6e656729b29ddb15a0ab,1,dca8cbb1c9d8a2db0fbc0c36b8d1a7bc,6560211a19b47992c3666cc44a7e94c0,2017-11-03 03:06:59,89.0,14.37
fb265b2dc558a56445dfc48f8224e201,1,baf25ed4f8f70238cc87230379471454,128f9bfbe4c7d5185033914b1de3d39a,2017-10-18 21:35:15,9.9,121.22
fb346ef4f28ae1f94f8555c7364c007c,1,764292b2b0f73f77a0272be03fdd45f3,bd23da7354813347129d751591d1a6e2,2017-10-09 04:28:26,89.9,9.44
fb415a86a28d4698a9be26d2e871d31c,1,aed75ad669fbebd5a385ac7cc2ae7573,17f51e7198701186712e53a39c564617,2017-10-31 22:49:21,550.0,135.4
fb63c6ffdd965418ce463c165f2f0efc,1,38327e062df5eb11f9ff87b586df0fd4,d12c926d74ceff0a90a21184466ce161,2017-10-30 07:49:10,56.9,8.72
fb8691657006882157a1c0c0f380a585,1,dc404a1496a08f9f5540c8b5d4b92925,46dc3b2cc0980fb8ec44634e21d2718e,2017-10-19 18:24:23,299.0,21.58
fb95626ab41e31a7d219e7c626daf211,1,50147c350ddbaff0646aeac455c7473e,a673821011d0cec28146ea42f5ab767f,2017-10-12 22:35:20,119.9,16.47
fba0ec79b91f909237fd5ea8960a2a5a,1,e6a893a996e7ca82a3a9eacd0029789d,527801b552d0077ffd170872eb49683b,2017-11-08 03:10:42,44.9,16.11
fba2e820b816302cc910d1ea2980a21f,1,a475fdcc33516e3be47806479b670256,da8622b14eb17ae2831f4ac5b9dab84a,2017-10-31 18:49:17,19.9,29.63
fba2e820b816302cc910d1ea2980a21f,2,37c269354554b312f0c614582c19cf91,41b39e28db005d9731d9d485a83b4c38,2017-10-31 18:49:17,79.9,3.29
fbbd2907c49e21c3c105257b12772380,1,b73e7ccdd22c0bb891a93ec7d80b717f,cd68562d3f44870c08922d380acae552,2017-10-26 16:21:22,99.0,12.19
fbbd2907c49e21c3c105257b12772380,2,b73e7ccdd22c0bb891a93ec7d80b717f,cd68562d3f44870c08922d380acae552,2017-10-26 16:21:22,99.0,12.19
fbe75f28a6f44dc3638fa204bae1c08e,1,d04857e7b4b708ee8b8b9921163edba3,9f505651f4a6abe901a56cdc21508025,2017-10-23 15:32:33,64.99,8.72
fbff57de1609c0c4544325e9dd5559ba,1,a9e1892ce37ec3b694e45a58e3377556,6c7d50c24b3ccd2fd83b44d8bb34e073,2017-10-19 20:20:28,49.5,15.98
fc1d9429da446a147d438d41350a2932,1,b3466bdd3b91a3c8ba3f2dbe7f9e0b4f,8444e55c1f13cd5c179851e5ca5ebd00,2017-10-30 07:14:07,239.0,14.69
fc2010beb548588d1543ca8adaa132ba,1,df480c7d3f979093ac4c2d1109e78289,7e93a43ef30c4f03f38b393420bc753a,2017-11-01 14:56:22,669.99,20.45
fc273d6a4897ae00a76e8265d134098e,1,8844bd4b8ca8f93603694ca2bceb77e9,cc419e0650a3c5ba77189a1882b7556a,2017-10-20 19:33:34,84.99,9.41
fc297415452e5dc0d06afcd16e864ca8,1,d61872cce665274656bb5ea30d2bd7b0,c8b0e2b0a7095e5d8219575d5e7e1181,2017-11-07 10:28:11,94.0,21.15
fc2b731f9c539d7f27f5e598f9c14e59,1,4bf9cbdc54a2b6e26a7c00aead4fe01b,bba3293d6f5d5af2f415e004e8b93ae3,2017-10-20 10:27:12,819.0,20.49
fc2f2ef49d2a1e5465fe133f1c240324,1,3af4f5bb8b0616387fe23646fa94e256,1025f0e2d44d7041d6cf58b6550e0bfa,2017-11-03 11:47:13,229.0,61.42
fc5701b47c62ca3a3f7c2514cd5edc56,1,b3527dfb6edff14e475198b5c8bdf85e,5160d23075764e18e07c1f4a87fad743,2017-10-31 12:28:13,75.0,7.78
fc6b29ae668f5c526464fcd19d62efba,1,fc1449f3ffc59fd2eb9640505aea0581,25c5c91f63607446a97b143d2d535d31,2017-10-19 13:14:32,149.88,20.29
fc84e4c7eef7e91a7cd081a2f273f5b8,1,3eee0fd6b877331481b1ca94b2c77319,f63d8f293af3a6454377546bd9dd19ff,2017-10-19 19:36:15,87.0,16.24
fc84e4c7eef7e91a7cd081a2f273f5b8,2,3eee0fd6b877331481b1ca94b2c77319,f63d8f293af3a6454377546bd9dd19ff,2017-10-19 19:36:15,87.0,16.24
fc84e4c7eef7e91a7cd081a2f273f5b8,3,3eee0fd6b877331481b1ca94b2c77319,f63d8f293af3a6454377546bd9dd19ff,2017-10-19 19:36:15,87.0,16.24
fc84e4c7eef7e91a7cd081a2f273f5b8,4,3eee0fd6b877331481b1ca94b2c77319,f63d8f293af3a6454377546bd9dd19ff,2017-10-19 19:36:15,87.0,16.24
fc84efe54b1182d71cf7b02d2d5828f5,1,d3c044bd42d84a79e3b0c42662806a48,4c2b230173bb36f9b240f2b8ac11786e,2017-10-17 20:28:47,35.9,14.1
fc8b139247ab8779064899bfa03b2b80,1,914c9e9af640dd56f48764a225b00f89,7c67e1448b00f6e969d365cea6b010ab,2017-10-18 03:44:14,79.98,45.02
fc94dbb82eb02d7913d9f0c02eb547da,1,ce066f4a83649651549d717c9b566816,4d6d651bd7684af3fffabd5f08d12e5a,2017-10-18 21:49:38,69.9,20.98
fcba992b4475ba26d07f17a27a23096a,1,692cc2aae6f031ed4cf0ef6a9f92abcf,5a8e7d5003a1f221f9e1d6e411de7c23,2017-10-27 01:56:12,119.9,19.38
fce62b229aadb876d9be47556c0694ed,1,c11517f9dd10e879fe8bed8fdab0e3f5,c840d3fdbba0790404fdae73d253b253,2017-10-31 03:35:22,739.99,27.5
fce62b229aadb876d9be47556c0694ed,2,c11517f9dd10e879fe8bed8fdab0e3f5,c840d3fdbba0790404fdae73d253b253,2017-10-31 03:35:22,739.99,27.5
fcf380438c697a895901151d7a333c5c,1,d1802b79d2e79841cc2cadedd8d4e6a3,b8d890108a7a80e4f5d59eea9f362438,2017-10-25 12:26:11,29.9,9.74
fcf380438c697a895901151d7a333c5c,2,d1802b79d2e79841cc2cadedd8d4e6a3,b8d890108a7a80e4f5d59eea9f362438,2017-10-25 12:26:11,29.9,9.74
fd0abe8d74360c4ebadc97d5f4cb36c4,1,154e7e31ebfa092203795c972e5804a6,cc419e0650a3c5ba77189a1882b7556a,2017-10-24 19:35:46,23.99,7.78
fd247854b1d057cbfc280fd673c61933,1,d5991653e037ccb7af6ed7d94246b249,25c5c91f63607446a97b143d2d535d31,2017-11-06 15:45:53,137.9,38.81
fd403165d4dc1a2b299386f1d45f181b,1,2c8e38b2b220b65a306d88444defb4fd,c8467937e403e76a8ee9f0ab13f6f5ef,2017-10-18 04:26:59,29.9,16.79
fd4bcae925b879102eb780d2bfc495a8,1,51d683bed105788944d57dcbba5aa518,3bb548e3cb7f70f28e3f11ee9dce0e59,2017-10-18 04:35:38,399.5,15.82
fd4ebf52ca607b4487b38826f0c78adf,1,154e7e31ebfa092203795c972e5804a6,cc419e0650a3c5ba77189a1882b7556a,2017-10-27 02:56:53,23.99,15.1
fd4ebf52ca607b4487b38826f0c78adf,2,154e7e31ebfa092203795c972e5804a6,cc419e0650a3c5ba77189a1882b7556a,2017-10-27 02:56:53,23.99,15.1
fd4ebf52ca607b4487b38826f0c78adf,3,154e7e31ebfa092203795c972e5804a6,cc419e0650a3c5ba77189a1882b7556a,2017-10-27 02:56:53,23.99,15.1
fd513fb508fefbe0ce7bfb8fd1bee4fc,1,e3236035f7e0c05a72c94efd538abf1e,c3cfdc648177fdbbbb35635a37472c53,2017-10-24 09:07:24,59.9,14.17
fd74a95ccfea489d33e78d0c076a640f,1,d1fbb5683c8e93f314d0f2bf40d07761,dc4a0fc896dc34b0d5bfec8438291c80,2017-10-19 15:07:12,95.03,21.5
fd74a95ccfea489d33e78d0c076a640f,2,d1fbb5683c8e93f314d0f2bf40d07761,dc4a0fc896dc34b0d5bfec8438291c80,2017-10-19 15:07:12,95.03,21.5
fd74a95ccfea489d33e78d0c076a640f,3,382db2ed3015c04d4b844d2a0712494c,dc4a0fc896dc34b0d5bfec8438291c80,2017-10-19 15:07:12,95.03,10.75
fd984ab24b8957a92cf633abe51ba985,1,d5c736f83bf7da26b977c092c8e26946,85d9eb9ddc5d00ca9336a2219c97bb13,2017-10-27 13:26:10,31.9,25.63
fda140e135ccab872e95fb03e76ba27a,1,3410cbd7df2130ec3cb9300ef0fe3df1,165fc07beebdcb6190fba8a06db2a449,2017-10-09 13:07:21,59.0,17.98
fdcb3d84b078ed61f1432f41e60e6aa8,1,27535386be7362e36d9e78c2afb8c0e5,94144541854e298c2d976cb893b81343,2017-10-23 17:10:52,1199.9,23.16
fdd4a975a3f9bbe439a0faf0fa587f83,1,63de2743d05ab59d85caa49e49459ac1,cbd996ad3c1b7dc71fd0e5f5df9087e2,2017-11-06 10:30:14,19.9,15.1
fddce6302431a7b99fbc7159ae2726a1,1,7ae142d3ff07b80eeb7bc16b9bc5c5cf,0d85bbda9889ce1f7e63778d24f346eb,2017-10-23 19:14:14,59.9,14.15
fdf262b020267b9e928c136d05e4dca8,1,fe75529a267b76ac6e96f0c322a899a4,620c87c171fb2a6dd6e8bb4dec959fc6,2017-10-31 17:35:39,89.9,16.39
fdfd424dfca9dd4e5e8a895e20bc97e3,1,3db4edbe90c563f7b6c038f9a690fde1,bccf933e006e9b94a6184af782963e77,2017-10-17 13:28:13,139.86,18.23
fe05d1b3e709ca154c9f1377c91f6b05,1,693794dd88f66112dd42d743d2e1edb5,b335c59ab742f751a85db9c411a86739,2017-10-18 21:49:32,93.02,17.9
fe198069c03f548e40276d7c9d67c9a3,1,a270b2f4aad055863b643395b987d151,8f2ce03f928b567e3d56181ae20ae952,2017-10-09 18:14:38,99.9,20.19
fe35b95a8b1a9a4368bb624adbf8f727,1,d537e54e990d95194a5733e79f1af1aa,4305fe92735c8a43d154ff6dd2b8d927,2017-10-17 17:14:24,139.9,15.73
fe35b95a8b1a9a4368bb624adbf8f727,2,d537e54e990d95194a5733e79f1af1aa,4305fe92735c8a43d154ff6dd2b8d927,2017-10-17 17:14:24,139.9,15.73
fe550a071fd93fdf2ad73e26e878ea3d,1,98b22c1129886cbd7fcae69d1c93e442,da8622b14eb17ae2831f4ac5b9dab84a,2017-11-13 02:26:53,89.9,13.65
fe583f15d230c8ef63b9c1e8053a5240,1,1510ee95ef047969c335bac927d99bc4,38e6dada03429a47197d5d584d793b41,2017-11-03 12:10:20,18.42,22.67
fe5dc4ba2f23ea7ef3c1f05229f658b1,1,0aabfb375647d9738ad0f7b4ea3653b1,37515688008a7a40ac93e3b2e4ab203f,2017-10-24 03:14:59,19.9,11.85
fe6548d8e286a9de2a672acdd24607dc,1,4ad6730f8bcd370ac72874397a1c1467,5f1dc28029d2c244352a68107ec2b542,2017-11-03 17:20:11,27.9,7.78
fe73ff32d6e2028f4dcb6afb715e7cf0,1,c5d2126afe1fab68d8a8ada87a270d1b,96493fab2fbb13a14d0c0e8772eef5c3,2017-11-07 04:10:10,98.0,16.45
fe92769bd4a74d953a29a3878ef19b9a,1,a50acd33ba7a8da8e9db65094fa990a4,8581055ce74af1daba164fdbd55a40de,2017-10-18 19:28:17,117.3,21.66
fea5a631859ef3c5c4a7ee9ff36096a8,1,542b3d80712d51eefe3a3cd1c5f4e8fe,537eb890efff034a88679788b647c564,2017-10-27 00:14:18,42.9,22.67
feb1bffbc0aa19c5d82a2d326737877d,1,63de2743d05ab59d85caa49e49459ac1,cbd996ad3c1b7dc71fd0e5f5df9087e2,2017-10-10 23:56:15,19.9,11.85
fec1a2a1810b5d8cb301a4ddfebbd306,1,98712b7f46e0fe4f4da2f7df1b9231a7,7299e27ed73d2ad986de7f7c77d919fa,2017-11-01 02:56:38,50.0,15.1
fecd7c5fef57b69db425479e2cd41d3b,1,943c812216923e4244e83099e0c62a08,5b8154610ebb21fb90eb587365e673df,2017-10-18 03:30:48,141.0,16.75
fece1a5c7d5e72767ad76c233788b414,1,8c591ab0ca519558779df02023177f44,a1043bafd471dff536d0c462352beb48,2017-10-26 18:56:27,89.0,45.08
fecffb6b5e750f531ed929dee1067ee0,1,be4271765ed350485cd8861c951500dc,2be17df1c49978426251562096c3cc09,2017-10-19 19:07:16,139.9,34.78
fed5e295c5412218d84f60a3d09717f4,1,725cbfcaff95a4d43742fdf13cf43c75,3504c0cb71d7fa48d967e0e4c94d59d9,2017-10-19 12:14:23,48.9,11.73
fefec2fe5879ab8f730148f2de0c0c6e,1,35afc973633aaeb6b877ff57b2793310,4a3ca9315b744ce9f8e9374361493884,2017-10-19 13:06:33,89.9,17.88
ff07e8cf368d59bc41752e3648994b36,1,a0ef8572cd061badd81ffc48dc04d1fa,cca3071e3e9bb7d12640c9fbe2301306,2017-10-18 20:07:13,113.0,21.28
ff08bd71c0a7128029fa586e4a8efc0c,1,80a29790293a83b877cb353f5ae338e1,dc8798cbf453b7e0f98745e396cc5616,2017-11-07 16:47:28,49.0,5.37
ff08bd71c0a7128029fa586e4a8efc0c,2,80a29790293a83b877cb353f5ae338e1,dc8798cbf453b7e0f98745e396cc5616,2017-11-07 16:47:28,49.0,5.37
ff08bd71c0a7128029fa586e4a8efc0c,3,80a29790293a83b877cb353f5ae338e1,dc8798cbf453b7e0f98745e396cc5616,2017-11-07 16:47:28,49.0,5.37
ff16d15a9ee89f3b65af595178308532,1,7c4a8bec217df1de0df2b5aaf8175b65,7040e82f899a04d1b434b795a43b4617,2017-10-20 14:50:40,19.9,7.78
ff18b518679a92dcb00e16fae93c6d59,1,461f43be3bdf8844e65b62d9ac2c7a5a,4869f7a5dfa277a7dca6462dcf3b52b2,2017-11-07 16:31:14,146.0,26.3
ff229c2bb720b61c11d51e0249799aba,1,4413a608a42bd21bbf9d5abbd58c249a,7ddcbb64b5bc1ef36ca8c151f6ec77df,2017-11-03 21:10:07,146.99,43.44
ff259720a6c1397ed8e5a9846f514cb8,1,6f57ca539fb6b20b79a272e17194d9c9,b2ac621f0d0322434d04a12b078b9369,2017-11-06 13:35:15,129.9,25.94
ff2af1986f4b629f951d340d0a0f755d,1,c0eb3c049747e427282803363d9d7067,44073f8b7e41514de3b7815dd0237f4f,2017-10-20 00:35:20,155.44,26.37
ff2d25d8b1b734099dee10e90e23a2ab,1,98fe8fcab3c57495e05a61bf5946f2a0,b2ac621f0d0322434d04a12b078b9369,2017-10-17 12:56:16,935.0,31.58
ff3e501f56dcf0752578d86df833558f,1,608af629c5b520efe1caf06e1cfc4abc,5dceca129747e92ff8ef7a997dc4f8ca,2017-10-27 21:14:33,299.9,170.11
ff4935343715e7a6dae3e550f73a6459,1,013e6676e0e3529e5909ff54370daddf,1c68394e931a64f90ea236c5ea590300,2017-10-25 03:29:16,299.9,16.85
ff4935343715e7a6dae3e550f73a6459,2,013e6676e0e3529e5909ff54370daddf,1c68394e931a64f90ea236c5ea590300,2017-10-25 03:29:16,299.9,16.85
ff63c818e5e38bb25ec5abce62d83d4f,1,a35ea299fbf8fc63d9faa23b77bf3eaf,bba74270a87732727b5a3b4fd9ac1c39,2017-10-19 23:35:15,44.99,24.9
ff6ab7a209609f6d415e5465e903bbe0,1,ff29d8cb1cd0cd5ea37b80dac9939e1c,8b321bb669392f5163d04c59e235e066,2017-11-07 11:06:19,18.9,7.78
ff6ae1548ceeb3aabebe8025b622bb3e,1,7b73a648fbaac51347a498d0a0b93740,5debea795b07621e1f90532e18f96145,2017-11-07 04:26:41,50.9,13.46
ff763b73e473d03c321bcd5a053316e8,1,7c1bd920dbdf22470b68bde975dd3ccf,cc419e0650a3c5ba77189a1882b7556a,2017-10-27 16:14:13,58.99,16.66
ff76dbda803ba2b4743b8d9e4f02ff7c,1,68adc7ef3ecf3eb05f76509ee7a1c0ab,e06f09ec0a4aca210779cf1cfc63cf19,2017-12-15 02:56:59,50.5,16.6
ffa39020fe7c8a3e907320e1bec4b985,1,9e0e152552a1323f7e5dcf63d50cdae3,cc419e0650a3c5ba77189a1882b7556a,2017-11-10 18:55:13,56.99,14.15
ffaa8de9aa187ca24510b7758f622c2b,1,0c71252f37443403376d2008034a7240,1987cd4be10fe09ee50454f9c354d1c6,2017-10-18 20:35:07,114.0,12.93
ffc184f2119c6fd4140dcfb518bf4734,1,c72d57da8ba2412527531d97106eb8ef,7d76b645482be4a332374e8223836592,2017-10-26 19:07:18,19.9,7.78
ffd84ab39cd5e873d8dba24342e65c01,1,fcf50ee5ad1f1a48671052487d2b0bff,0be8ff43f22e456b4e0371b2245e4d01,2017-10-11 19:49:17,24.9,7.78
ffd84ab39cd5e873d8dba24342e65c01,2,fcf50ee5ad1f1a48671052487d2b0bff,0be8ff43f22e456b4e0371b2245e4d01,2017-10-11 19:49:17,24.9,7.78
ffdb12bf66b3d0145d09d962745a05f6,1,38e28b7814d36bc84b972a75dd7c5ce7,aae3bfea055532c57fb453ed3ec80b30,2017-10-23 04:15:00,32.99,15.1
ffdc79897a2df4181a299b803765f0cc,1,ec2d43cc59763ec91694573b31f1c29a,1c129092bf23f28a5930387c980c0dfc,2017-11-07 03:55:10,45.9,16.11
ffeeb911d070bea3dd20bd5fd01da5e8,1,a5341e3f8155dbb3e62323d3ea289729,ff063b022a9a0aab91bad2c9088760b7,2017-10-13 19:25:54,79.5,16.19
fffb9224b6fc7c43ebb0904318b10b5f,1,43423cdffde7fda63d0414ed38c11a73,b1fc4f64df5a0e8b6913ab38803c57a9,2017-11-03 02:55:58,55.0,34.19
fffb9224b6fc7c43ebb0904318b10b5f,2,43423cdffde7fda63d0414ed38c11a73,b1fc4f64df5a0e8b6913ab38803c57a9,2017-11-03 02:55:58,55.0,34.19
fffb9224b6fc7c43ebb0904318b10b5f,3,43423cdffde7fda63d0414ed38c11a73,b1fc4f64df5a0e8b6913ab38803c57a9,2017-11-03 02:55:58,55.0,34.19
fffb9224b6fc7c43ebb0904318b10b5f,4,43423cdffde7fda63d0414ed38c11a73,b1fc4f64df5a0e8b6913ab38803c57a9,2017-11-03 02:55:58,55.0,34.19
fffce4705a9662cd70adb13d4a31832d,1,72a30483855e2eafc67aee5dc2560482,c3cfdc648177fdbbbb35635a37472c53,2017-10-30 17:14:25,99.9,16.95
