order_id,order_item_id,product_id,seller_id,shipping_limit_date,price,freight_value
001dbc16dc51075e987543d23a0507c7,1,777d2e438a1b645f3aec9bd57e92672c,4a3ca9315b744ce9f8e9374361493884,2017-02-01 13:17:57,69.9,18.0
00b4a910f64f24dbcac04fe54088a443,1,ba05e2861971098fc7ecd8162c23452a,d50d79cb34e38265a8649c383dcffd48,2017-01-22 17:55:34,33.99,16.6
012973f4cb6743d00d7e2644ddc8804c,1,cd59f488cef311feb633141ad1e8563d,8d79c8a04e42d722a75097ce5cbcf2ef,2017-02-02 22:02:29,15.32,18.0
015fb6b5f739788434fa690540f90f19,1,a0eccc912d428eaddf1ef4fe47593ece,8a87611c08849ffeeccab52aa798b6c7,2017-02-04 13:06:05,143.0,94.98
015fb6b5f739788434fa690540f90f19,2,a0eccc912d428eaddf1ef4fe47593ece,8a87611c08849ffeeccab52aa798b6c7,2017-02-04 13:06:05,143.0,94.98
016dee69b3de35a39bfccee5309307c3,1,68bfdbfe84f03af17733b10362f10020,827f8f69dfa529c561901c4f2e0f332f,2017-01-18 16:35:59,45.0,17.19
01ba72e24cf883d74c5479c0a626c740,1,fb060ad9a8625b626189641799bccf89,b1204cfda1d4948679db3cfc0d3cb95c,2017-01-21 19:55:40,44.6,14.52
01f216b447564f9ea791b521db577ccb,1,473795a355d29305c3ea6b156833adf5,620c87c171fb2a6dd6e8bb4dec959fc6,2017-01-28 18:44:53,59.9,14.59
02605c218285d02df75a255f13396f1e,1,05c693a8085dad009cebdcf2830ab738,ef506c96320abeedfb894c34db06f478,2017-02-05 17:43:09,34.99,24.84
02d2287dea15cd93d945f1749f3288ed,1,65e3848513c9ab70bf542e5d694cf072,a416b6a846a11724393025641d4edd5e,2017-02-06 16:59:03,36.85,11.74
032bc75236a1cbaf410bb596a509e774,1,1f50c7757334d6acef5e3c5fa64eb3c7,dbb9b48c841a0e39e21f98e1a6b2ec3e,2017-01-24 22:18:06,39.9,11.74
035ab6fc3b7f9d16f714a337ee63b7be,1,9117307cf75efa6e964d697f0d1297f9,0ea22c1cfbdc755f86b9b54b39c16043,2017-01-27 23:36:55,19.9,24.84
03b218d39c422c250f389120c531b61f,1,c1488892604e4ba5cff5b4eb4d595400,1554a68530182680ad5c8b042c3ab563,2017-01-18 14:20:01,38.5,11.74
042e247be09aeae88a74e35766aa03ca,1,7721582bb750762d81850267d19881c1,0c8380b62e38e8a1e6adbeba7eb9688c,2017-01-30 22:28:07,59.5,17.16
042e247be09aeae88a74e35766aa03ca,2,7721582bb750762d81850267d19881c1,0c8380b62e38e8a1e6adbeba7eb9688c,2017-01-30 22:28:07,59.5,17.16
0516c22655fe1e1f0b3390f4ee3fc5f6,1,67c8b207e496408eb0f63e09c234dbc0,7c67e1448b00f6e969d365cea6b010ab,2017-02-09 11:49:23,29.99,15.56
052523fd2c735b15cb107afc0a413bc2,1,c1488892604e4ba5cff5b4eb4d595400,1554a68530182680ad5c8b042c3ab563,2017-01-31 17:21:48,38.5,18.0
055eb7e5645d86bd278fc4f419622e8d,1,46f739c1cd676603026c0af4d29ef7a5,198c7ea11960a9844b544d9bcdca860c,2017-01-30 13:14:02,139.99,16.09
0571cdb407bf04b419c94ffd7acbd874,1,91b08d34d0ba4db44da2dc382867ba49,b76dba6c951ab00dc4edf0a1aa88037e,2017-01-23 21:24:05,6.9,15.65
058afe6c6322b4773393a66003934493,1,3cc52e01a315aba7f650574a3a256b1a,e5a38146df062edaf55c38afa99e42dc,2017-01-23 19:35:35,229.9,15.39
05a971ae7a83a0b371ae1b5bfc45514e,1,e951fa511351528e83ebde739f059348,8a87611c08849ffeeccab52aa798b6c7,2017-02-04 00:11:36,255.9,18.0
05ca3bba2e4c3bc5c601b57af96cf3cf,1,f422d0d9f8b5f7c27289382b14b61248,1554a68530182680ad5c8b042c3ab563,2017-02-07 14:24:28,66.99,18.0
05cd156f0f47579a36d7a52724fc31b8,1,913580fde3e72c3b3e4ce0b79963bee6,b76dba6c951ab00dc4edf0a1aa88037e,2017-01-18 18:27:28,10.99,14.52
062f0992a050330334749ffa530fa796,1,5b8423dc7f23089c9c59c5d140eb5a1c,a3a38f4affed601eb87a97788c949667,2017-01-31 16:55:48,129.99,18.0
0675116b5556a78cf0413f70aa9f235e,1,d41a53937c9fddcd3aafd96be7d4f345,cca3071e3e9bb7d12640c9fbe2301306,2017-01-25 15:21:44,79.9,11.95
06dec2690e0cd75d327646a81fdba74d,1,04c48a5fe31aedc4ef3896c005fd483c,620c87c171fb2a6dd6e8bb4dec959fc6,2017-02-02 14:30:57,309.9,18.0
06f5f6139b33f53defc64643f1252d53,1,1412c0124f6acb78a0a1023ea5e82c88,82bd0703a4aefd6b599e5bfdaed378fb,2017-01-21 14:50:19,44.9,15.56
072e34b42ad90d7472e9a798f19a6bdb,1,7340a3839a1de1e99d149b8cf052a2ec,4a3ca9315b744ce9f8e9374361493884,2017-02-04 16:13:48,69.9,15.7
07d13d352c85dfbfa60dc56dea818335,1,a703f5ade6e4fae527357132230ea778,f4aba7c0bca51484c30ab7bdc34bcdd1,2017-01-26 23:07:15,23.9,8.72
08432abcf785878edf1221a0611960ea,1,e4acef9f829635351de593a05d2406da,45d33f715e24d15a6ccf5c17b3a23e3c,2017-01-30 20:37:39,29.99,17.19
08d7ec7381dc51d41a0e4d86314b7a98,1,7fd93eccaf2d461cb6bc4bbd1aa91f1a,4d600e08ecbe08258c79e536c5a42fee,2017-01-14 17:18:09,699.17,20.59
08e617c0a81895c4d5f6ab1e4a20fad0,1,29d2735be03e1169db0545c3741c74e5,e9d99831abad74458942f21e16f33f92,2017-01-31 14:01:20,29.99,4.5
08e617c0a81895c4d5f6ab1e4a20fad0,2,29d2735be03e1169db0545c3741c74e5,e9d99831abad74458942f21e16f33f92,2017-01-31 14:01:20,29.99,4.5
08e617c0a81895c4d5f6ab1e4a20fad0,3,29d2735be03e1169db0545c3741c74e5,e9d99831abad74458942f21e16f33f92,2017-01-31 14:01:20,29.99,4.5
08e617c0a81895c4d5f6ab1e4a20fad0,4,29d2735be03e1169db0545c3741c74e5,e9d99831abad74458942f21e16f33f92,2017-01-31 14:01:20,29.99,4.5
091ac0791556275533697b36e2b00ff4,1,ff5f8606556b625613f069a5a9a48966,8cbac7e12637ed9cffa18c7875207478,2017-01-30 14:29:25,35.0,20.43
091ac0791556275533697b36e2b00ff4,2,ff5f8606556b625613f069a5a9a48966,8cbac7e12637ed9cffa18c7875207478,2017-01-30 14:29:25,35.0,20.43
091ac0791556275533697b36e2b00ff4,3,ff5f8606556b625613f069a5a9a48966,8cbac7e12637ed9cffa18c7875207478,2017-01-30 14:29:25,35.0,20.43
0927a4ea2d6af04c6e8a1aecd4f9951d,1,baeb8e1a680cf9e1f13557d74b6cec3d,a36ac007a4d18f865c8d32c3b2402c2d,2017-01-26 21:25:01,129.99,16.02
0957ed870116e596b800540427c61497,1,5b8423dc7f23089c9c59c5d140eb5a1c,a3a38f4affed601eb87a97788c949667,2017-02-02 22:14:49,129.99,28.0
09b38400b1601bc9dea9de02c710857f,1,8338cef8355d238f43711dcb9c0657b2,cca3071e3e9bb7d12640c9fbe2301306,2017-01-27 13:23:49,45.9,14.52
09d557bf440b6c3b40cacfbb24fd5e28,1,5b8423dc7f23089c9c59c5d140eb5a1c,a3a38f4affed601eb87a97788c949667,2017-01-15 20:12:38,129.99,29.19
09f58c00f941827ab206de7796785e44,1,55ba658d5c2f0b1f118f98c36fe3fa04,48efc9d94a9834137efd9ea76b065a38,2017-01-09 16:05:07,8.9,8.72
0a1ad2c293c3baacc6b2c2d442c71acd,1,f27f59721d5a9cb39432b91f812ee308,436bf27f2f18474fc6047702e9f8a866,2017-01-22 12:51:23,29.9,14.52
0a2d541ba7c40984543d72b5eb0abcba,1,6bf1cd252d73626ab181be470f56e07b,8bd0f31cf0a614c658f6763bd02dea69,2017-01-27 13:40:55,37.99,11.73
0aaf52291c13507e7fe4f565f079ad9a,1,25a1c5b2e0ccbf703cb7b69ffebfaf38,56642bcb79900e777d68e91915cb4267,2017-01-28 08:52:34,48.0,15.56
0afbc110b84719faaef4887a5cff5a2c,1,7340a3839a1de1e99d149b8cf052a2ec,4a3ca9315b744ce9f8e9374361493884,2017-02-04 22:31:13,69.9,11.88
0b1e73fa546894ad7310916b480de067,1,4a90b44b456e79e7a33435fdd36e551f,c9a06ece156bb057372c68718ec8909b,2017-01-15 11:21:23,380.0,39.06
0b3407e419ef6be66392971885acce73,1,1f2b62e693c588aef7be1f457137b15e,77530e9772f57a62c906e1c21538ab82,2017-02-03 08:14:53,139.9,4.5
0b3407e419ef6be66392971885acce73,2,1f2b62e693c588aef7be1f457137b15e,77530e9772f57a62c906e1c21538ab82,2017-02-03 08:14:53,139.9,4.5
0b3407e419ef6be66392971885acce73,3,1f2b62e693c588aef7be1f457137b15e,77530e9772f57a62c906e1c21538ab82,2017-02-03 08:14:53,139.9,4.5
0b3407e419ef6be66392971885acce73,4,1f2b62e693c588aef7be1f457137b15e,77530e9772f57a62c906e1c21538ab82,2017-02-03 08:14:53,139.9,4.5
0b6d11d4a289a1574e8888f2558dd548,1,d4d538563de6b49c547e6997f0f8be32,5a8e7d5003a1f221f9e1d6e411de7c23,2017-02-01 16:03:15,59.9,15.63
0bda8164c1a12b6a388ebec8559ee287,1,036bcd084feae22f3a997f5080ec30df,48efc9d94a9834137efd9ea76b065a38,2017-01-09 13:36:07,6.9,8.72
0c1f5fca68708d9a22f8a9fe30b5c588,1,30469bb5ea377eae7121981e2f0778e4,80e6699fe29150b372a0c8a1ebf7dcc8,2017-01-26 13:14:39,113.0,20.09
0c3a7b14aa5e70ef5991122f6bb552de,1,f07ef9dd6e2d9a366ff30a25e210be70,62c50c1af4dfdc4149d25c5222043d39,2017-01-30 10:44:38,137.99,16.67
0c5d85fbd4b20a1d9d5fc6a29e739f36,1,9d374944ce89ce9afd8c8f79fb7f3bc9,9646c3513289980f17226a2fc4720dbd,2017-01-29 18:04:52,30.0,20.8
0c8675dc2e52ab52977a76d810e45303,1,73026ce2daa69ea29901945b1f915846,b1fecf4da1fa2689bccffa0121953643,2017-02-01 15:55:11,89.9,18.0
0c995611a99f81268d859184a416f1db,1,d75fe2da6eb275eafad5535fff7a2005,014c0679dd340a0e338872e7ec85666a,2017-02-14 00:20:22,110.0,18.2
0cb316841c24af560f6af0e3fb36137a,1,cb07b3df7c64648bbeceb85cacd464c9,62c50c1af4dfdc4149d25c5222043d39,2017-01-28 21:33:15,144.99,26.95
0cb316841c24af560f6af0e3fb36137a,2,cb07b3df7c64648bbeceb85cacd464c9,62c50c1af4dfdc4149d25c5222043d39,2017-01-28 21:33:15,144.99,26.95
0d1bbf582326272fa550ed829bd2e1d4,1,a0fe1efb855f3e786f0650268cd77f44,ef506c96320abeedfb894c34db06f478,2017-02-04 17:33:09,21.99,24.35
0daff24b7abb3accd3e2638a0d5be0a0,1,9ff668529410eefd5bca723acb4834c1,cca3071e3e9bb7d12640c9fbe2301306,2017-01-22 20:06:50,99.9,15.81
0dbfda5b69f9f25250969962f70929e9,1,ca38c039b717207dec906f4fa9a21db7,59fb871bf6f4522a87ba567b42dafecf,2017-01-20 00:05:37,164.99,25.29
0e660617f70b9a3f6bfd3919b49450ab,1,2b5bed5ddd304876b5d0c3eca2b6cbce,cca3071e3e9bb7d12640c9fbe2301306,2017-01-25 11:14:16,89.9,17.37
0eaa4845a6182d6b72de720fb976abd4,1,6cdd53843498f92890544667809f1595,ccc4bbb5f32a6ab2b7066a4130f114e3,2017-01-24 18:44:09,349.9,17.66
0ec04706b50b8bc69a14dff0d6a26f13,1,66f01f544ba693e1a1a7428caec79279,575df70bde3f9f2b30bf8d2e9910d725,2017-01-31 19:33:54,259.0,9.0
0ec04706b50b8bc69a14dff0d6a26f13,2,66f01f544ba693e1a1a7428caec79279,575df70bde3f9f2b30bf8d2e9910d725,2017-01-31 19:33:54,259.0,9.0
0ed46f17da8a1c3bd0ed5fdfc50decc4,1,20e37962088a4061d3578def47a8648b,cca3071e3e9bb7d12640c9fbe2301306,2017-01-16 22:23:11,64.9,17.29
0f3827e8b786c3d934c0863c1690603d,1,f0af7ec9760e53f21277444f32ee3308,cca3071e3e9bb7d12640c9fbe2301306,2017-01-27 08:50:04,99.9,17.44
0f475d7e08b52d8abf7e8c6141286c27,1,140395ed1d1dbd100f577c5403181a1c,4da0e408c99d2fdc2126dc9fce518060,2017-01-24 19:23:11,10.3,14.52
0f91be4a9bf9ffd2c1ace53b9e5dd9e2,1,9db78e784e1ca837bb7f510888807baa,054694fa03fe82cec4b7551487331d74,2017-01-26 02:01:36,467.0,18.38
0fd3cee523a106ac501c4cf18f56a4de,1,d05d900323cc6f68c3de5ad56d8d63e3,cca3071e3e9bb7d12640c9fbe2301306,2017-01-21 17:44:58,83.5,13.16
10221b5ef57cb66fe37a3b1e594918d1,1,fdcd8c17805ad801a924cf11272a2834,80e6699fe29150b372a0c8a1ebf7dcc8,2017-01-15 22:36:59,209.9,19.75
10271ddf4e66d7ebde86598c2447761d,1,d585c50d622ff40b4d69959caa42a5a3,64b87978a11c1ea7501a89eabe8c2c1a,2017-02-10 12:15:14,69.99,18.0
102b790156f60813474ed025355a59d5,1,35488a9242f4aa7f9f5c3580f1243512,2493dc3f20131696a0ecdb9948051a8d,2017-01-30 15:37:38,81.8,14.74
10ac3b593f06e0dd6b38a53821c1d497,1,907c84d5b8961d53ba1b803638fffcad,e24fc9fcd865784fb25705606fe3dfe7,2017-02-02 11:18:22,168.0,18.0
10b6352081cd9c4b594e4be0c491ee62,1,770c09cc394c3244d902afda4ea364bc,8a32e327fe2c1b3511609d81aaf9f042,2017-01-28 11:16:26,39.99,11.74
10b6352081cd9c4b594e4be0c491ee62,2,770c09cc394c3244d902afda4ea364bc,8a32e327fe2c1b3511609d81aaf9f042,2017-01-28 11:16:26,39.99,11.74
10bce195e3966122a3dd0e2aa676f761,1,b34b2c889f5b26963569cf421254e121,cca3071e3e9bb7d12640c9fbe2301306,2017-01-25 13:38:16,104.9,15.84
11a6ea18f3646c6e6dcbadbd0207b35d,1,a50acd33ba7a8da8e9db65094fa990a4,8581055ce74af1daba164fdbd55a40de,2017-02-01 10:26:06,117.3,18.0
11db6666e1dbeee776c8e15fd0792c4b,1,964011954f788aa4bd0dcf7b04056d81,2138ccb85b11a4ec1e37afbd1c8eda1f,2017-02-04 11:17:55,18.99,9.0
11db6666e1dbeee776c8e15fd0792c4b,2,410d5b211dce5611e7a6412bf0cc30fa,2138ccb85b11a4ec1e37afbd1c8eda1f,2017-02-04 11:17:55,18.99,9.0
126da462f642d99483c0691ac474c783,1,b72e63f4630dcaded1689b28efa4c583,5f2684dab12e59f83bef73ae57724e45,2017-01-31 12:54:57,129.9,18.0
12af24617f25e0c8cd411544f704f2f7,1,9934888916de3bff6437a425052717a0,d1a1b40ec554c593a1a99366746289dd,2017-01-30 23:11:32,49.7,14.52
1306d7999cdd320272eeea20f5768b77,1,a703f5ade6e4fae527357132230ea778,f4aba7c0bca51484c30ab7bdc34bcdd1,2017-01-29 11:59:47,23.9,17.78
138630e7e14855ce216a9db0cdabbe06,1,1155065aa63d0a6d301e174ebb2972ea,7b07b3c7487f0ea825fc6df75abd658b,2017-01-30 10:31:18,128.9,16.11
13a4e0efe42392b2ee22601883f47d24,1,cd23f8469a90c62d99eb9bf8ad74fed1,4a3ca9315b744ce9f8e9374361493884,2017-01-21 00:16:14,290.0,13.42
13f68da1f137146006b4c0c34b6824e8,1,362aecb999551eb6adcd8c5594e255fc,822b63912576852aea9a8436d72317b7,2017-01-28 13:02:32,719.88,21.3
1400d6665ba7f18ed06ea15ab083203f,1,3c794d260ad4b5f507a5d90df23523bf,1bb2bdb95f4841f1bba2c0d2cd83d3c9,2017-02-04 11:39:45,25.0,20.4
142c8688b5b13e21ac5a448a1688b9d7,1,3dacb3ae011b40803a508b23392e15a0,41c9d3997dd3c072c31139dc5bb5761f,2017-02-01 12:31:05,299.9,27.6
143f8e1be12f4d99301cec6f0d7a3834,1,52801616f7cc110c31c559fa94cb8563,dbb9b48c841a0e39e21f98e1a6b2ec3e,2017-01-28 16:58:46,59.9,11.03
1460b7b8fd63551dc68bfdffdc31edec,1,2c92025a63896497612a531b6d015669,c353f8fc0ce8344999f17d578eb69a5e,2017-01-27 07:23:50,87.99,15.92
146bfe4003096bc16316672e59c6fb2e,1,e7d26dd6742baca292020c158e6720c3,6cd68b3ed6d59aaa9fece558ad360c0a,2017-01-30 23:08:52,54.9,10.99
1489856fc5e3169af6b06edbc1aeb1b1,1,5e57a146ccdca976190821a00a059ebf,620c87c171fb2a6dd6e8bb4dec959fc6,2017-02-02 20:24:13,369.9,18.0
157ec3dc3f38cdbd2706bd216edfe8fb,1,27066995b777fb84dbcb25961fd6d007,46dc3b2cc0980fb8ec44634e21d2718e,2017-01-10 13:43:16,159.99,15.29
15b1aceab346b46189a6eea3b6f4b951,1,4da918a160c19da9bfdf9945d18006ec,45213867cefbf2cd4c6177e10216a951,2017-01-31 18:16:50,339.74,18.0
164bcbb466afa4e7b9eec1760f0d7096,1,5a2de1e2c45d0602659260c6dd4aff70,612a743d294c27884fb7b80d2b19ba35,2017-01-29 12:49:36,28.9,14.11
164bcbb466afa4e7b9eec1760f0d7096,2,5a2de1e2c45d0602659260c6dd4aff70,612a743d294c27884fb7b80d2b19ba35,2017-01-29 12:49:36,28.9,14.11
16976f8e43d0c9ee6079e3ed9eaa4fed,1,4da0329350218978429b287440f4b87a,062ce95fa2ad4dfaedfc79260130565f,2017-01-30 18:48:30,41.9,20.8
16fe5fdb7f5aa0c9e841387dfec29821,1,d654b576d9c9844bd7f6468421a38f48,5c603ffb38cbbf25a0e0698941324143,2017-01-29 10:11:38,174.4,21.3
171398a0cd843c65ac78aee9e05a1f49,1,6cdd53843498f92890544667809f1595,ccc4bbb5f32a6ab2b7066a4130f114e3,2017-01-25 16:07:37,349.9,28.71
179b8db66f5362945c237b68bc358a77,1,209fa5709fd95c3fac1edddca1d6c505,004c9cd9d87a3c30c522c48c4fc07416,2017-02-05 20:26:28,79.99,18.0
17f70d10c2acd50864b5dae4885894b5,1,2636a9812d151c718b53387171ce08be,b17b679f4f5ce2e03ce6968c62648246,2017-01-29 09:12:10,30.97,14.52
17fed53ba6dfef9b594ee2268642e2aa,1,743801b34cc44776de511ba8eff778e2,48efc9d94a9834137efd9ea76b065a38,2017-01-09 14:50:54,9.9,8.72
19512a70f62306416782f963d55c8b26,1,0d1d766e7cdd4a724e9ea9a18e5177bb,75d34ebb1bd0bd7dde40dd507b8169c3,2017-01-20 15:05:52,755.99,26.35
195416246665b8268100ef5fde9722b4,1,67639b8cb7f4b8c431ed4c48a76866e0,cca3071e3e9bb7d12640c9fbe2301306,2017-01-14 19:27:22,129.9,20.99
1962f977f7b7b5eb73a3c2c39bbc93b5,1,a703f5ade6e4fae527357132230ea778,f4aba7c0bca51484c30ab7bdc34bcdd1,2017-01-30 16:28:04,23.9,8.72
1a4bf675df415785d3d9b3f3521988a7,1,5bfc7506459ae2a7b4b573fe557a58e1,4a3ca9315b744ce9f8e9374361493884,2017-02-02 18:19:02,69.9,18.0
1b3d11cf9f92c0f7baf627ab059621f8,1,b68cf84ede4fd1e14b1740de5b727d55,e24fc9fcd865784fb25705606fe3dfe7,2017-01-10 23:31:23,636.0,30.71
1b694ef5b28d3e949a4f0ffeb2c9fcd6,1,e500a9395078ba5b59387db0dbee0063,48efc9d94a9834137efd9ea76b065a38,2017-01-09 13:43:17,9.9,8.72
1bf6db71e147c950fe9925e0be89ec4b,1,11875b30b49585209e608f40e8082e65,669ae81880e08f269a64487cfb287169,2017-01-31 15:37:27,65.0,17.88
1bfa3dbef549cf9ba5c5661ef1b63168,1,4a90b44b456e79e7a33435fdd36e551f,c9a06ece156bb057372c68718ec8909b,2017-01-19 14:35:54,380.0,39.06
1c47e7875c7c3bd3399467e179c5c3bf,1,5bfcd193eb29c1c8332e2d4ca804d54f,522620dcb18a6b31cd7bdf73665113a9,2017-01-31 01:24:22,223.9,15.74
1cb796218c383fc54a6a4541420201d8,1,a25a9e3433043fb8a0808f310d8d8203,1b8b75e227c9a9c100d0c210fb6176ce,2017-01-28 16:38:09,129.99,9.28
1d4744e42dc6d786bbc9512601f7e49c,1,1db2dfac4f8c0a4499f94838b3ee0628,4a3ca9315b744ce9f8e9374361493884,2017-01-18 15:41:48,66.9,11.08
1d5182e38de4f122947727324f2870be,1,cfd414b4463647f58c7775eaae06893d,f8db351d8c4c4c22c6835c19a46f01b0,2017-01-30 13:43:07,98.9,16.39
1df257323bb550a9b9bb150345c42e45,1,d2686065b870834cc92605a5b9ec84ba,2138ccb85b11a4ec1e37afbd1c8eda1f,2017-02-01 16:10:01,18.99,18.0
1e6025fd19451c74352d0bbf6a218bf6,1,d9279101bd9bcdf95aa06a8081b24367,46dc3b2cc0980fb8ec44634e21d2718e,2017-01-31 21:23:00,349.99,18.0
1e6377b497624e8fa908ee4a87e3687d,1,8ae1fefcfdc30ea49de246665b6d2713,f8db351d8c4c4c22c6835c19a46f01b0,2017-01-31 14:12:01,26.9,9.0
1e6377b497624e8fa908ee4a87e3687d,2,8ae1fefcfdc30ea49de246665b6d2713,f8db351d8c4c4c22c6835c19a46f01b0,2017-01-31 14:12:01,26.9,9.0
1e69dcdcbc094d39d6ba64248af906fb,1,2c2a7e84b8ea741adf739c11dd78ee1a,2493dc3f20131696a0ecdb9948051a8d,2017-01-28 17:09:24,164.89,21.6
1ef09d75953043a71a73428e15bc2f5c,1,7569eb05a9b91e5137cd9cf7494043e5,59fb871bf6f4522a87ba567b42dafecf,2017-01-22 14:53:29,164.99,11.76
1f59665af8c7408a7c633f9541644854,1,9b2db9ec16a8a51549f32462bf973523,a3a38f4affed601eb87a97788c949667,2017-01-29 19:09:39,128.9,23.19
1f5d62970c5b3cfedc1b2a8d15ffe40d,1,81288df52439985f610be64465e53f57,54a1852d1b8f10312c55e906355666ee,2017-01-29 09:21:45,109.99,17.51
1f9fa4b707b82f25dbf52e6695842e8c,1,6cdd53843498f92890544667809f1595,ccc4bbb5f32a6ab2b7066a4130f114e3,2017-02-07 12:33:44,349.9,28.71
200f4d883fcc701355e46b8c6035743f,1,1f1354b0aa934e7ad75546467a6d028b,cca3071e3e9bb7d12640c9fbe2301306,2017-01-21 23:25:23,19.9,8.33
200f4d883fcc701355e46b8c6035743f,2,67f9d01bcd84e2229ba6f8a75b635b40,cca3071e3e9bb7d12640c9fbe2301306,2017-01-21 23:25:23,19.9,8.35
200f4d883fcc701355e46b8c6035743f,3,0e92dcf7b03df1de4e9349af065f8e63,cca3071e3e9bb7d12640c9fbe2301306,2017-01-21 23:25:23,19.9,8.33
200f4d883fcc701355e46b8c6035743f,4,d54a7e69c3102b38b13952aeae0bc8f3,cca3071e3e9bb7d12640c9fbe2301306,2017-01-21 23:25:23,19.9,8.33
200f4d883fcc701355e46b8c6035743f,5,b6f9abef16fdfec89e4f3675f6627dca,cca3071e3e9bb7d12640c9fbe2301306,2017-01-21 23:25:23,19.9,8.33
200f4d883fcc701355e46b8c6035743f,6,7e441b33f896ba519d58063f4c714bef,cca3071e3e9bb7d12640c9fbe2301306,2017-01-21 23:25:23,19.9,8.33
20550ea4a86fb3f3cc065b2598ebb01c,1,7e0dc102074f8285580c9777f79c90cf,e26901d5ab434ce92fd9b5c256820a4e,2017-02-06 15:32:24,39.9,18.0
205d7052a6505124d200f6fea6b423bc,1,d8c365a069853295a82caf595c2c8c8d,48efc9d94a9834137efd9ea76b065a38,2017-01-09 13:59:30,9.9,8.72
20960ecf3d6ac0b19f3818f15c8e3fc5,1,0167ff78aa8cd40d5432d3daae646c7a,6edacfd9f9074789dad6d62ba7950b9c,2017-01-24 00:52:29,46.9,11.74
20de77e28f73070461781b0eb6228f6f,1,a703f5ade6e4fae527357132230ea778,f4aba7c0bca51484c30ab7bdc34bcdd1,2017-01-29 17:06:40,23.9,8.72
2194d1dc5f73fad748d7a90fd673291d,1,653e9d44d27743337fc1868e4346d661,1554a68530182680ad5c8b042c3ab563,2017-02-04 13:41:56,62.9,22.37
2195712688ef03e20c8053de61c82493,1,eb6b6f708fb1a57720d0734f30c3b31e,440dd6ab244315c632130ecfb63827b1,2017-01-21 15:30:34,159.9,27.59
21aa5570514b188b031255172b1e04bd,1,5538ed283fd2d0e2a1151507e1cbd59c,4da0e408c99d2fdc2126dc9fce518060,2017-01-20 22:58:11,28.0,14.52
22266e2f8d8084cd2b5d8488164d043a,1,fe7976532777922f0d60261e75f7ad36,b76dba6c951ab00dc4edf0a1aa88037e,2017-01-19 00:01:45,10.49,14.52
22266e2f8d8084cd2b5d8488164d043a,2,fe7976532777922f0d60261e75f7ad36,b76dba6c951ab00dc4edf0a1aa88037e,2017-01-19 00:01:45,10.49,14.52
22474d84064cd7eb4a907ba3fd8a6398,1,6f6f3b1a96452e2fbad0cd4f7082765b,ff314fa6033cc68ec451c47aee2d6ba4,2017-01-29 09:09:46,279.9,16.88
2272148d6abbd3d385088f3e101edec9,1,c9576e5363ae9a93988b372d07f54b81,b1aaae6b66ad3c40f54b389d7ea4bee0,2017-02-03 10:03:21,51.0,18.0
22aa0b4e8c7855fd8d534a7692579a36,1,ddebc97ddf43a9787d1ee7012e394ccc,05ff92fedb5be47920fea08e501238b9,2017-01-24 11:12:25,598.4,33.45
22aa0b4e8c7855fd8d534a7692579a36,2,8634ba98d69440265e955814c3e4cde1,05ff92fedb5be47920fea08e501238b9,2017-01-24 11:12:25,115.2,4.0
22c2b8497506479028918303045751dd,1,fe7976532777922f0d60261e75f7ad36,b76dba6c951ab00dc4edf0a1aa88037e,2017-01-16 22:24:48,10.49,10.96
230c830e0ace11bcabaf63deebbee836,1,a703f5ade6e4fae527357132230ea778,f4aba7c0bca51484c30ab7bdc34bcdd1,2017-01-25 15:41:06,28.9,16.05
2363f4be725c1746c141cfe7e8432910,1,2d2600c283c0c1af0528fd84c14a2c28,e48b04bf1aa1ef711caebeb7aede6180,2017-01-30 18:33:10,127.9,26.39
23ad1ae9db6999293449603e1a247803,1,8470bac0f1a7439fe183013eab283534,4a3ca9315b744ce9f8e9374361493884,2017-01-31 16:25:37,139.9,11.59
24040647efd179bd506acacbbbabd838,1,6ae7f4ef0ca670ca2609d039af87d057,620c87c171fb2a6dd6e8bb4dec959fc6,2017-02-02 19:59:20,23.9,3.6
24040647efd179bd506acacbbbabd838,2,6ae7f4ef0ca670ca2609d039af87d057,620c87c171fb2a6dd6e8bb4dec959fc6,2017-02-02 19:59:20,23.9,3.6
24040647efd179bd506acacbbbabd838,3,6ae7f4ef0ca670ca2609d039af87d057,620c87c171fb2a6dd6e8bb4dec959fc6,2017-02-02 19:59:20,23.9,3.6
24040647efd179bd506acacbbbabd838,4,6ae7f4ef0ca670ca2609d039af87d057,620c87c171fb2a6dd6e8bb4dec959fc6,2017-02-02 19:59:20,23.9,3.6
24040647efd179bd506acacbbbabd838,5,6ae7f4ef0ca670ca2609d039af87d057,620c87c171fb2a6dd6e8bb4dec959fc6,2017-02-02 19:59:20,23.9,3.6
2410734c3fc6d36010cf6b1b36c2974d,1,4eb3e07a4b54437a7f63eeb577ebf73a,5cf13accae3222c70a9cac40818ae839,2017-01-31 23:02:15,69.5,9.0
2410734c3fc6d36010cf6b1b36c2974d,2,2eb6e8f39feaf75fc5163f774d38f0f1,5cf13accae3222c70a9cac40818ae839,2017-01-31 23:02:15,69.5,9.0
2457f30493cdc677ad02b57dd6d17285,1,ca38c039b717207dec906f4fa9a21db7,59fb871bf6f4522a87ba567b42dafecf,2017-01-26 17:02:03,184.99,15.46
24e1c731364b64c76d98e985bfdbef77,1,9d8945bf83fcf586d751dacb07e28a3e,5fd924b4836098a5be0ecf81ba054ce0,2017-01-21 20:38:15,157.0,18.85
250d181fa1c603024562b93a8f8d5fe0,1,1fb368a1506cced21a07abb6d220c4e1,822b63912576852aea9a8436d72317b7,2017-01-25 16:30:43,139.99,11.87
250d181fa1c603024562b93a8f8d5fe0,2,1fb368a1506cced21a07abb6d220c4e1,822b63912576852aea9a8436d72317b7,2017-01-25 16:30:43,139.99,11.87
2511cdf205337513507a1863f0098d39,1,824479121ed07485e5195dd6bfe467a1,cca3071e3e9bb7d12640c9fbe2301306,2017-01-24 21:08:18,24.9,10.96
2511cdf205337513507a1863f0098d39,2,824479121ed07485e5195dd6bfe467a1,cca3071e3e9bb7d12640c9fbe2301306,2017-01-24 21:08:18,24.9,10.96
2511cdf205337513507a1863f0098d39,3,824479121ed07485e5195dd6bfe467a1,cca3071e3e9bb7d12640c9fbe2301306,2017-01-24 21:08:18,24.9,10.96
255d951095fc26f86cc7a08b822b714a,1,0d1d766e7cdd4a724e9ea9a18e5177bb,75d34ebb1bd0bd7dde40dd507b8169c3,2017-01-19 15:18:25,755.99,26.75
26ba0c1bad97bbfdcc4419e3ca40d9a8,1,a760ef0bb70c954d79e62ec6023d380c,01cf7e3d21494c41fb86034f2e714fa1,2017-02-04 20:17:34,76.05,15.79
26c18b7ca7a6a870496dafd3633b3412,1,562502b79845deae9bcd86384921a2c5,710e3548e02bc1d2831dfc4f1b5b14d4,2017-01-31 10:36:14,79.9,17.3
26fb6c984069988017b2d12b79849865,1,621b15d249d471192c1bd7ade2dd8b86,dc8798cbf453b7e0f98745e396cc5616,2017-01-28 11:41:58,22.4,10.96
270d816a580cef9525ac73d6c4b87255,1,cfd43c5e600d45ac029357406b05dd82,ed859002ad59dbf8cf3602696a6c3000,2017-01-27 20:35:00,149.9,19.33
270d816a580cef9525ac73d6c4b87255,2,cfd43c5e600d45ac029357406b05dd82,ed859002ad59dbf8cf3602696a6c3000,2017-01-27 20:35:00,149.9,19.33
279976cba5252901895ff5af44890cca,1,c8c073a1cae6a98799d7581958ede514,820c7c9eaf76d2b226b6c242bcf3f34d,2017-02-04 17:33:05,559.0,18.0
281a4e1ef3ab9d256027ddd2db90c762,1,a14aea6067b93158e956612c50b74cfa,4e8dacf3d38f281ae26c3e0321d92d88,2017-01-31 14:59:18,449.99,18.0
284039cca9a61886953286f5dae55fdf,1,ee6cf0274e75706751ecd4cd5e353db6,e1bed63d68ac36fe1f3061befe196af5,2017-02-03 18:30:53,199.0,18.0
28f5847427849401fb017537fd20da41,1,2636a9812d151c718b53387171ce08be,b17b679f4f5ce2e03ce6968c62648246,2017-01-29 16:32:21,30.97,10.96
29d99fdabd0cb6b4e9d82f2f38c04a5a,1,fcde1899043318107d8f0ae043f69bc3,d66c305afaec317ebee552073a674429,2017-01-29 19:44:48,99.0,14.86
2a3d1cc4337b1cc9157560f6b1ca5802,1,30001d6521e7d5826eb1881050cea7e7,85d9eb9ddc5d00ca9336a2219c97bb13,2017-01-30 17:52:31,20.9,20.8
2a3d67c0d2045bf67abb3d8f320ac29f,1,3025303c80b01a0926fda2841cc31b4a,4da0e408c99d2fdc2126dc9fce518060,2017-01-25 18:17:14,66.9,26.94
2b98d5c9b1969095e65f74308ae2e861,1,7958e96171ca669184bf4a085d7deec3,054694fa03fe82cec4b7551487331d74,2017-01-30 15:01:45,177.0,18.53
2bcf5ca88957e31faab027f2325cfd63,1,8c5876b1c7768217964f353bc7e64393,0db783cfcd3b73998abc6e10e59a102f,2017-01-31 12:29:31,49.0,10.96
2c4ada2e75c2ad41dd93cebb5df5f023,1,6c7a0a349ad11817745e3ad58abd5c79,48162d548f5b1b11b9d29d1e01f75a61,2017-01-30 11:09:00,183.29,25.77
2d2bd0487565c23b4bcc0b29a41da55a,1,196616257eff8bc851dc4fc041cbbbe9,701938c450705b8ae65fc923b70f35c7,2017-02-03 17:36:05,103.99,18.0
2d53b54fb747893711031caffe615f9c,1,9cfb95272c4cd1e98619d3bdea888a7c,7a67c85e85bb2ce8582c35f2203ad736,2017-02-04 10:33:02,219.99,23.0
2dedcbba76be1566c5b983e07348d75f,1,a5d722d3c7a01c224625d0881e630503,f8db351d8c4c4c22c6835c19a46f01b0,2017-02-04 15:56:56,51.9,11.75
2e22dc2fce65e5b9d73a11d717f41724,1,d0f5d2822e06a19526cb384022af2a9a,8a32e327fe2c1b3511609d81aaf9f042,2017-01-25 20:53:19,54.99,26.64
2e2e88c4bb691287b71a9e1ee8a193a4,1,424471a68d6b1ae4a53d39723e6981d3,054694fa03fe82cec4b7551487331d74,2017-01-16 23:42:50,377.0,22.72
2e84d66424ec0ddb081078d1411fb1db,1,3df9a620374297d963f991ff296639a4,0c8380b62e38e8a1e6adbeba7eb9688c,2017-01-23 16:17:57,59.5,17.16
2f371d97b4ea52be4c04ef49bb4f31ff,1,8abc2d73b55855c07b6888d4b21b3da6,522620dcb18a6b31cd7bdf73665113a9,2017-01-27 22:55:07,329.9,16.48
2f9d791088532b218b41f892cc16073b,1,e500a9395078ba5b59387db0dbee0063,48efc9d94a9834137efd9ea76b065a38,2017-01-09 13:48:48,9.9,8.72
3005c05dbcb19ff903a28b5d654bb1cf,1,4fb3bad6b502eaca3b6d7d87bc1613a4,45d33f715e24d15a6ccf5c17b3a23e3c,2017-01-29 16:57:30,59.9,11.81
3027797ce35841bf74917c0b0ea1a38d,1,17469cd3d2559b93669a813860296b8e,a3a38f4affed601eb87a97788c949667,2017-01-19 12:37:26,159.9,16.33
30f3a5252d3d97a113cefc74796f9fec,1,162e010af9fe224d35fd8496a273fb02,3c3017960b2dbd72711a61f0400aab8f,2017-02-04 11:34:42,89.9,20.95
314c025c229f30a1b32658c7555269b8,1,7d854ab97c64ef9df2bbfaf332765786,aac29b1b99776be73c3049939652091d,2017-01-29 12:48:49,59.9,17.16
315da0cfbc485bb00c12a581077cf7b2,1,49eaaa38ac3df51ca790372b47b99604,64b87978a11c1ea7501a89eabe8c2c1a,2017-02-06 22:52:01,69.99,11.1
319ccdc182a8c5d60b228310a6432460,1,fb01a5fc09b9b9563c2ee41a22f07d54,522620dcb18a6b31cd7bdf73665113a9,2017-01-26 16:03:50,689.89,20.04
32339685fefe9062d33175a4bc12d555,1,a8557b8cc2880e245f6e7b7dbb0cfb04,0adac9fbd9a2b63cccaac4f8756c1ca8,2017-01-26 20:25:54,32.9,10.96
329465dad46fffab333860e92e7ac984,1,92c1eb75a887a500d9689fbad65e27e3,7c67e1448b00f6e969d365cea6b010ab,2017-02-03 22:14:53,199.98,25.0
330a8410950e2c8bd89631999a37b2c9,1,95dacbf52db1d378303344b43f821cb6,cca3071e3e9bb7d12640c9fbe2301306,2017-01-29 18:02:48,129.9,17.65
330f4c4ce3d46e9f892b06e6f0bc9aad,1,81521040c9500ac8e175c2839d193a46,c13fb473e7cb8b83ccd543c094df0608,2017-02-03 22:18:53,34.9,20.0
3312588178a16638759fca54495ef50d,1,6df665a20caa80a66804f836165bbf36,f235413f677777a0738ff215d0184901,2017-01-20 18:36:49,595.99,32.36
338cd98c972c8d9b015759974ca7446c,1,c1a97b7dfb03db09a3736bd6f1eb9034,58e4b302b54937e55a678c4d15111da4,2017-01-30 11:09:11,49.9,14.52
33ef079ec39c1b46e6e552e038e67c5b,1,ace5d86cf1ac63cdb76f49e5cd23d2f8,cca3071e3e9bb7d12640c9fbe2301306,2017-01-25 18:57:33,50.9,11.75
340be9cc41d50a5233f4849d93d8d2f1,1,610a37c2cc32f63b7dfdafef64e5069f,ca3bd7cd9f149df75950150d010fe4a2,2017-01-29 11:32:02,16.5,12.93
343d749914bab05f8c752813a075ef36,1,c94d19d021d4a8fbae5a45f904aeea90,701938c450705b8ae65fc923b70f35c7,2017-02-04 21:39:15,103.99,37.24
3440f090efa1949bc4e9ebd0b89b2b6c,1,0c3256090b6cc52703b152c874827cd7,3985a3c45be355a4c57fde108bfabd1c,2017-01-31 00:34:10,39.9,29.55
3498a243e9fe88c9c4ce97bf7fa4617c,1,bf80e0bf47dacb5f19bac03656bcf4bc,e5a38146df062edaf55c38afa99e42dc,2017-01-28 17:15:56,16.9,11.74
34ac523be174284d7b9df8e47bce2040,1,d5889e40a08a57aff04de227408ed197,1554a68530182680ad5c8b042c3ab563,2017-01-19 14:15:04,38.5,15.56
34ac523be174284d7b9df8e47bce2040,2,d5889e40a08a57aff04de227408ed197,1554a68530182680ad5c8b042c3ab563,2017-01-19 14:15:04,38.5,15.56
34bf4feda1e203af64692d97c6950c39,1,f5d8f4fbc70ca2a0038b9a0010ed5cb0,48efc9d94a9834137efd9ea76b065a38,2017-01-09 12:14:58,10.9,8.72
350f47d61d589f6218bff053db95fe62,1,837f3d09b625825bd84bfccb1f51d8be,6df688df543f90e9b38f4319e75a9d88,2017-02-04 13:01:10,11.63,17.35
350f47d61d589f6218bff053db95fe62,2,837f3d09b625825bd84bfccb1f51d8be,6df688df543f90e9b38f4319e75a9d88,2017-02-04 13:01:10,11.63,17.35
35444785eacb17aeda6810ebd8dd188e,1,f2a4a74038882bf1adc8a466962559ec,6edacfd9f9074789dad6d62ba7950b9c,2017-01-24 10:47:03,51.9,16.06
354a5b90cf468691c4b06debfd2c8115,1,45f176c0bd310b5d35594fc78a8ed5e5,a3a38f4affed601eb87a97788c949667,2017-02-01 20:01:21,68.99,19.0
354ca44327bb555017ef42fd921ada11,1,0de1e69dff6f40f9f71be7034a8bb8d2,620c87c171fb2a6dd6e8bb4dec959fc6,2017-02-03 16:33:23,349.9,18.0
3568894fa3afedc367d3a4816983dceb,1,dfb92838905ead933a01256a80edc894,76d5af76d0271110f9af36c92573f765,2017-01-28 15:59:17,320.0,19.53
35aa6b03b34d8d0a5c1eaae2bb5fcf76,1,4520766ec412348b8d4caa5e8a18c464,16090f2ca825584b5a147ab24aa30c86,2017-02-05 17:40:36,49.99,14.52
3630513f30286ed696e4a2e36c79ae3c,1,e0b0974d4a06e6bd75b1412858f39da3,38e679b9e0064cd94c6f035707344dae,2017-02-02 19:17:41,87.74,18.0
36aa7a4fce4353a2a7f6d2aa9448900f,1,8158477dcd2a668fb6faf6aa4131b0f4,a3a38f4affed601eb87a97788c949667,2017-01-24 14:27:46,19.99,16.05
37d24e9a88068283d102aebd4f765133,1,b45755e01d70d935e074cdde682bed74,0c8380b62e38e8a1e6adbeba7eb9688c,2017-01-26 23:08:14,89.9,17.37
38bcb524e1c38c2c1b60600a80fc8999,1,680cc8535be7cc69544238c1d6a83fe8,48efc9d94a9834137efd9ea76b065a38,2017-01-09 12:06:36,2.9,8.72
38e2829123a2bd1cbe111564824d0abb,1,5bfcd193eb29c1c8332e2d4ca804d54f,522620dcb18a6b31cd7bdf73665113a9,2017-01-30 11:14:58,223.9,15.74
38eb881851d90ec36b46d10b81792089,1,aad225c687cc75ba1148d41f2ce414c2,2f4b9d112bfa44a214bc6cef085d17c8,2017-01-31 09:29:40,18.9,17.19
38eb881851d90ec36b46d10b81792089,2,aad225c687cc75ba1148d41f2ce414c2,2f4b9d112bfa44a214bc6cef085d17c8,2017-01-31 09:29:40,18.9,17.19
3937ff0dcfc2d3e0ccf73d9b6521611a,1,777d2e438a1b645f3aec9bd57e92672c,4a3ca9315b744ce9f8e9374361493884,2017-01-28 18:11:44,69.9,26.75
399775d0638168dfd529422f995fcc41,1,4d882bfbe6d83c0671d5b2776d46c248,cb5df0dcb9e280b1780e9d589889f2c7,2017-02-02 14:57:59,209.99,50.0
39a82394b2cec13982585114e7f6838f,1,568e52d4c670b4d5130bae2dbf211c40,8581055ce74af1daba164fdbd55a40de,2017-02-03 23:17:07,92.1,22.0
3a1756d7060a993e85f1614b43da0c03,1,17383e180cbea9ef103d90a72754cd54,ca3bd7cd9f149df75950150d010fe4a2,2017-01-30 16:23:03,83.2,24.68
3a1756d7060a993e85f1614b43da0c03,2,ea9394ab60edfa4cca87947a938e8046,ca3bd7cd9f149df75950150d010fe4a2,2017-01-30 16:23:03,83.2,24.68
3a3c98aede7994faf4c5a37cf27877d4,1,e51136ef1d291cf07cc8a792b4a16f94,9bcdfa7b615b3abb9461d9e3ad9886ae,2017-02-05 21:14:52,359.9,17.63
3a6cac3e6717e6a7ee4cb28aaa149a91,1,99b89f140f651db441848081814dd1a1,3340ef1913fb70d28420f6ceb685c339,2017-01-22 20:14:17,199.9,19.99
3aa0a75931f649d9e3e83aaa9d6a95e7,1,0f3777229e40207d248acfd6e1f716b6,e2aee0892199b1d92530e371abd825bf,2017-01-18 21:56:03,169.9,98.63
3aa779fc4b813797c16ac4f02fe808ec,1,30469bb5ea377eae7121981e2f0778e4,80e6699fe29150b372a0c8a1ebf7dcc8,2017-01-17 22:21:41,113.0,36.62
3aa9ae345c5bf7396e8b237717c470cf,1,9523f1a3e7db9e38d55379435bd450c9,834f8533b2ecb6598dd004ff3de7203a,2017-01-21 22:34:59,134.17,16.05
3ab4eea6776259ae8dfbabaeffece352,1,9fc063fd34fed29ccc57b7f8e8d03388,ccc4bbb5f32a6ab2b7066a4130f114e3,2017-01-23 21:08:25,370.0,17.8
3ac963599c50b9beedbcebb47eb33af9,1,66921e471530ee0d23a53ad72f49887f,834f8533b2ecb6598dd004ff3de7203a,2017-01-22 14:32:43,70.83,52.21
3b64ff25a4610fb5599e4fd09f907501,1,4fcb3d9a5f4871e8362dfedbdb02b064,8581055ce74af1daba164fdbd55a40de,2017-01-29 13:22:05,143.8,18.3
3bcf5ba4eec8b84af7663e2e261957cc,1,cae79e3b5c787c231543fa415a20b5cc,56642bcb79900e777d68e91915cb4267,2017-01-28 14:23:45,25.0,14.11
3bd5b53dee9d54938f56208bcc03d855,1,e1772099adc6b03202a50a2aae5efb0c,5f1dc28029d2c244352a68107ec2b542,2017-01-28 12:15:42,45.9,20.8
3be9883ba4ef261dc194228abc739d0c,1,6dab56beb5263f0d554cae5c55809208,f4aba7c0bca51484c30ab7bdc34bcdd1,2017-01-26 20:54:11,26.8,14.52
3c116d50bb76160ee1d7a2e8f5791427,1,9fa0c72476690fbc66bcacc498fe7fd6,e2aee0892199b1d92530e371abd825bf,2017-01-16 18:30:07,39.9,14.52
3c4f38e27c5f6f27be39c8a2932c43e1,1,0cc13a424dc207f8c4d3b26ea1cd384c,710e3548e02bc1d2831dfc4f1b5b14d4,2017-01-29 00:19:56,349.99,20.73
3c54678edd9d58abadd6af16d0bce506,1,1e9f407b0d5f8f439956c66df050c107,d66c305afaec317ebee552073a674429,2017-01-21 11:26:55,37.9,15.56
3c6f2c25e0bc1279d17395ec365ea14c,1,51b0fbc0001335d988588a43455a7514,e9d99831abad74458942f21e16f33f92,2017-01-31 10:52:15,49.99,10.96
3ce4038922670fead496aeae61a8a393,1,7ead55b1f52de17d6dac82001470b2a2,48efc9d94a9834137efd9ea76b065a38,2017-01-09 13:52:39,10.9,8.72
3d668965eb89ea475911ce3364f73b07,1,001c5d71ac6ad696d22315953758fa04,41b39e28db005d9731d9d485a83b4c38,2017-02-13 05:31:30,79.9,20.74
3eceaafe1639eb6b25f3cd604891c218,1,0a9bba9c02d484c391416587002dae47,b17b679f4f5ce2e03ce6968c62648246,2017-01-28 22:27:20,31.0,14.52
3ff04db80f0b2c359e8e47fdb913d826,1,6f790ed0f75949b7fa234ec087aed912,5dceca129747e92ff8ef7a997dc4f8ca,2017-01-31 13:37:09,669.0,22.0
4047217c6029782c1996e3cec14ef005,1,d696750e550fd0f733979dd7e5dff921,9de4643a8dbde634fe55621059d92273,2017-01-30 23:41:13,179.85,16.47
40599d3d28b75746952ded75566637b9,1,baddee1245c9736a49167f66e0912b0d,48efc9d94a9834137efd9ea76b065a38,2017-01-09 13:01:48,11.9,8.72
4079df924e51e553825e62f9f8995d59,1,078482c5821678267aeb55b8edcdcb29,4d600e08ecbe08258c79e536c5a42fee,2017-01-28 14:22:33,224.16,15.74
4152a677b7acfa7fdab8dc8e1dd436eb,1,0dcbc0d012d42719216ea7dff6b90a6f,46dc3b2cc0980fb8ec44634e21d2718e,2017-01-28 19:39:42,199.99,16.16
41f25580214be3f00eb80620ca971032,1,c94d19d021d4a8fbae5a45f904aeea90,701938c450705b8ae65fc923b70f35c7,2017-02-04 21:57:33,103.99,37.24
41f25580214be3f00eb80620ca971032,2,c94d19d021d4a8fbae5a45f904aeea90,701938c450705b8ae65fc923b70f35c7,2017-02-04 21:57:33,103.99,37.24
4269e9f98b1e74f0732bc93de6aaca6f,1,c86f95986c7050bf988aed62520093e7,b1fecf4da1fa2689bccffa0121953643,2017-01-27 10:21:21,310.9,20.31
43a5d40681ed4ffe2ed88d6fb2639545,1,6a4afe6c644493c0a79d2c54c8149938,cca3071e3e9bb7d12640c9fbe2301306,2017-01-29 22:15:00,69.9,11.88
43d29c6fc78c31c80080d85e5260a9fb,1,f5d8f4fbc70ca2a0038b9a0010ed5cb0,48efc9d94a9834137efd9ea76b065a38,2017-01-09 14:36:18,10.9,8.72
43f8e020752c67130ddf027e0297291a,1,8dacc114d37ff4b78075db0d2464022e,6cd68b3ed6d59aaa9fece558ad360c0a,2017-01-30 17:40:03,87.9,14.79
4418075144d646b6ecb7228571cec59e,1,f05901e010ebaa3924276751a35e6004,4a3ca9315b744ce9f8e9374361493884,2017-01-31 17:39:36,59.9,50.0
444ba35537c4a2b24c3bf2e576ee98ac,1,902f869d68a62356e8f9d054ad5e9072,004c9cd9d87a3c30c522c48c4fc07416,2017-02-02 10:34:34,119.99,20.92
44ed09232a24ad29cf2457b2780e806b,1,0d3847e4cbb1d79d2e28b2156f1e11f2,7c67e1448b00f6e969d365cea6b010ab,2017-02-04 22:44:11,176.99,96.63
452b706af12e25e6c8c740b4dc493ab0,1,afbe1e973aefbf72a330e3bc72d4b476,4a3ca9315b744ce9f8e9374361493884,2017-01-12 09:35:14,68.9,15.69
46081612169925ef8882b3bbf1c5011d,1,8681c71d24e694aaa4c582760736dd00,0ea22c1cfbdc755f86b9b54b39c16043,2017-01-27 08:35:27,44.9,11.06
46081612169925ef8882b3bbf1c5011d,2,d1b8f5983d9573c8e523b8c56a59497d,0ea22c1cfbdc755f86b9b54b39c16043,2017-01-27 08:35:27,79.9,11.07
464de32dc84484c1d26df3e8e38e708b,1,036bcd084feae22f3a997f5080ec30df,48efc9d94a9834137efd9ea76b065a38,2017-01-09 15:25:04,6.9,8.72
46936461f0c4e3c80b9289ce5fc1682a,1,fd37eb547d2c63b60bcefd68951ee54d,cca3071e3e9bb7d12640c9fbe2301306,2017-01-14 19:27:22,129.9,20.99
469f0b908881368c45917f1bed8240ce,1,f422d0d9f8b5f7c27289382b14b61248,1554a68530182680ad5c8b042c3ab563,2017-02-04 21:35:25,66.99,17.21
46e61fd85afa09032021c9b0b507b693,1,b1ffef38f0db9fb4e1a6f91b47ec63d4,89bc797e2e29667aa035d4368f9b7f92,2017-01-30 14:41:39,13.0,10.96
46f05e5ae3a2b822e2f4148d99f69ca4,1,b4f9530c931398e215242293c2c8ba4c,4e922959ae960d389249c378d1c939f5,2017-01-22 19:24:49,45.0,17.91
46f05e5ae3a2b822e2f4148d99f69ca4,2,b4f9530c931398e215242293c2c8ba4c,4e922959ae960d389249c378d1c939f5,2017-01-22 19:24:49,45.0,17.91
47378b461210a310c95e17323f7dd726,1,72af228db018a06518f1b2a8c070a2ac,83e197e95a1bbabc8c75e883ed016c47,2017-01-31 05:27:14,124.99,19.15
475f773f6c0d909e49b758adb2401e3a,1,7e0dc102074f8285580c9777f79c90cf,e26901d5ab434ce92fd9b5c256820a4e,2017-02-06 18:39:24,39.9,18.0
4799c38fa3f9263d65b42c5f923538c6,1,7569eb05a9b91e5137cd9cf7494043e5,59fb871bf6f4522a87ba567b42dafecf,2017-01-28 09:42:13,164.99,16.85
481f2db41ea6571226192db2b584fa6e,1,2636a9812d151c718b53387171ce08be,b17b679f4f5ce2e03ce6968c62648246,2017-01-30 18:27:04,30.97,14.52
48ae7afdc684e9aff52a26bb84bce016,1,e5fe5612792826b2c61371acf1480225,8a32e327fe2c1b3511609d81aaf9f042,2017-01-26 17:11:39,44.99,15.56
49268496ecf8148bd16540c2a23c6c70,1,085481a1b9ec9eaa346ae0a39bd3c340,41b39e28db005d9731d9d485a83b4c38,2017-01-23 23:12:08,109.5,37.71
494c2e94dcd29167f5fe359a45aa879d,1,ef9ae4fb9a9005e8e463cc2616084276,38e679b9e0064cd94c6f035707344dae,2017-01-27 11:43:58,203.37,33.72
49c89a2aba7f8f079681f6967d846465,1,a703f5ade6e4fae527357132230ea778,f4aba7c0bca51484c30ab7bdc34bcdd1,2017-01-29 13:33:37,23.9,16.05
4a571f5e71e16ce232386c80d485db65,1,b14becd90b0c2fe7819c324c6a41168d,4e922959ae960d389249c378d1c939f5,2017-01-25 10:17:29,35.0,14.72
4a65f44b9d88b8af9f97037e89366abe,1,edd268662f0b2a4f131cf4690ca6cbc8,b2ba3715d723d245138f291a6fe42594,2017-02-04 10:56:10,294.9,14.64
4ac9d969022c4a7ba509b39bb0f3d36c,1,243bb58796ed2164b831fb75e1241888,2138ccb85b11a4ec1e37afbd1c8eda1f,2017-01-30 16:59:33,27.99,14.11
4b7c1bc59d4ec725d8530c19ec09b06f,1,027cdd14a677a5834bc67a9789db5021,620c87c171fb2a6dd6e8bb4dec959fc6,2017-01-30 10:21:45,99.9,14.87
4baa3882a6f5d47e5ac98cd10c942c4f,1,54f45413afc0d5480c59f5dfeed2d19f,5ab05b6d86d417796c69ffd6774ec832,2017-01-24 21:20:07,99.9,15.81
4baa3882a6f5d47e5ac98cd10c942c4f,2,54f45413afc0d5480c59f5dfeed2d19f,5ab05b6d86d417796c69ffd6774ec832,2017-01-24 21:20:07,99.9,15.81
4bdbe1f2d1b360c34d90175e10ec090b,1,f436a5130457df6b73cdb2c12a90ea2b,dd2bdf855a9172734fbc3744021ae9b9,2017-02-04 17:54:09,169.9,27.69
4c379ba0590506b26a68dc00e29ba8ba,1,3ba2b0de14984ce8f072c58be8d701dd,a3a38f4affed601eb87a97788c949667,2017-02-03 18:54:46,104.99,18.0
4ccd8da82485c892ae90284af589153a,1,9766ad53f42ee034fbc0e29c85fe626c,41b39e28db005d9731d9d485a83b4c38,2017-01-29 12:18:11,99.9,23.16
4ceb9336411700f9568db2ef11bda594,1,9abb00920aae319ef9eba674b7d2e6ff,1771297ac436903d1dd6b0e9279aa505,2017-01-23 22:41:52,40.0,14.52
4ceb9336411700f9568db2ef11bda594,2,9abb00920aae319ef9eba674b7d2e6ff,1771297ac436903d1dd6b0e9279aa505,2017-01-23 22:41:52,40.0,14.52
4ceb9336411700f9568db2ef11bda594,3,9abb00920aae319ef9eba674b7d2e6ff,1771297ac436903d1dd6b0e9279aa505,2017-01-23 22:41:52,40.0,14.52
4ceb9336411700f9568db2ef11bda594,4,9abb00920aae319ef9eba674b7d2e6ff,1771297ac436903d1dd6b0e9279aa505,2017-01-23 22:41:52,40.0,14.52
4d1f73fde643f7a1d08d400816850265,1,f408131193fe9da16836115414229012,b1aaae6b66ad3c40f54b389d7ea4bee0,2017-01-26 11:08:52,86.25,15.9
4d2c3fb1909604d5f9474e4675971ef2,1,47c064333cf67e5cdc8243db3f095767,b499c00f28f4b7069ff6550af8c1348a,2017-02-02 14:05:53,24.99,4.5
4d2c3fb1909604d5f9474e4675971ef2,2,47c064333cf67e5cdc8243db3f095767,b499c00f28f4b7069ff6550af8c1348a,2017-02-02 14:05:53,24.99,4.5
4d2c3fb1909604d5f9474e4675971ef2,3,47c064333cf67e5cdc8243db3f095767,b499c00f28f4b7069ff6550af8c1348a,2017-02-02 14:05:53,24.99,4.5
4d2c3fb1909604d5f9474e4675971ef2,4,47c064333cf67e5cdc8243db3f095767,b499c00f28f4b7069ff6550af8c1348a,2017-02-02 14:05:53,24.99,4.5
4d7a365119241cbd17c7afb5b39bb9a0,1,1eb85357e22bf0c8c2a6f10eafad8423,522620dcb18a6b31cd7bdf73665113a9,2017-02-02 20:53:13,309.9,18.0
4d7b93709f08f674ff9d2185fd811cf9,1,4da0329350218978429b287440f4b87a,062ce95fa2ad4dfaedfc79260130565f,2017-02-04 17:11:49,41.9,17.78
4d7b93709f08f674ff9d2185fd811cf9,2,4da0329350218978429b287440f4b87a,062ce95fa2ad4dfaedfc79260130565f,2017-02-04 17:11:49,41.9,17.78
4d87e2e794792a3e2fcd7f7a5b4500b1,1,913580fde3e72c3b3e4ce0b79963bee6,b76dba6c951ab00dc4edf0a1aa88037e,2017-02-04 13:43:44,10.99,8.72
4d9aeb0219e736ad9dd72af9f25b3f88,1,9fa0c72476690fbc66bcacc498fe7fd6,e2aee0892199b1d92530e371abd825bf,2017-01-16 00:06:12,39.9,10.96
4deb2316dadf42f0daa6b8965d384ba8,1,cd2c03056720c7de4d6a59c1167bdee0,0ea22c1cfbdc755f86b9b54b39c16043,2017-02-02 14:46:06,79.9,5.14
4deb2316dadf42f0daa6b8965d384ba8,2,f727305c90ca9b9c36d4e84a817bc01d,0ea22c1cfbdc755f86b9b54b39c16043,2017-02-02 14:46:06,59.9,12.86
4e1d5bf07ad851a6470d6b28cfd1f1e6,1,a35a9f46dcee0a67c8c7ad8493eb4135,85d9eb9ddc5d00ca9336a2219c97bb13,2017-02-04 18:19:23,20.9,50.0
4e36d0170c671378f49f701a810360ae,1,9fc063fd34fed29ccc57b7f8e8d03388,ccc4bbb5f32a6ab2b7066a4130f114e3,2017-01-14 13:29:22,370.0,19.43
4ed01120b6d2cbb2a2fe37897f9611f4,1,0cc13a424dc207f8c4d3b26ea1cd384c,710e3548e02bc1d2831dfc4f1b5b14d4,2017-02-01 23:41:13,349.99,50.0
4f821ef636d5a5eb870c9ae7b7d7654f,1,378bb6601c068c842ca65be6c5e45ccd,8d79c8a04e42d722a75097ce5cbcf2ef,2017-02-04 23:52:27,27.5,18.0
4fa07e91d7b4f8b191e3a6ab40f14f54,1,11875b30b49585209e608f40e8082e65,669ae81880e08f269a64487cfb287169,2017-02-05 15:41:21,65.0,14.62
4fe2e8b329e56a00aba9b0136b46f00f,1,53bd0c908c6ab820c9828763348728ef,cca3071e3e9bb7d12640c9fbe2301306,2017-01-20 11:06:56,69.9,13.07
500e2838d85214e92e2c15b2fd5303b7,1,1da5a90b5fbd1e1bc37b7bbb999c7bd3,de66a66f2dd06bb9ec37aa96987466a3,2017-01-28 22:49:12,45.89,14.11
51b79a492b5e53504ce70340ce111374,1,61984b4164968929229a5bed244e353d,4a3ca9315b744ce9f8e9374361493884,2017-01-14 16:31:22,48.9,15.56
51ceba3ba51d4b4543e7f78e181e0ba9,1,7c68e7297c7df2535c9f0dcd61007f64,bb135baca94c82fcb731335ad5b04a03,2017-01-27 13:31:26,9.9,10.96
51ceba3ba51d4b4543e7f78e181e0ba9,2,7c68e7297c7df2535c9f0dcd61007f64,bb135baca94c82fcb731335ad5b04a03,2017-01-27 13:31:26,9.9,10.96
51ceba3ba51d4b4543e7f78e181e0ba9,3,7c68e7297c7df2535c9f0dcd61007f64,bb135baca94c82fcb731335ad5b04a03,2017-01-27 13:31:26,9.9,10.96
51ceba3ba51d4b4543e7f78e181e0ba9,4,7c68e7297c7df2535c9f0dcd61007f64,bb135baca94c82fcb731335ad5b04a03,2017-01-27 13:31:26,9.9,10.96
51ceba3ba51d4b4543e7f78e181e0ba9,5,7c68e7297c7df2535c9f0dcd61007f64,bb135baca94c82fcb731335ad5b04a03,2017-01-27 13:31:26,9.9,10.96
529c56bdb881d790cc51c6eea4f7b004,1,d4f91ac96799dc3d9221293e29892e30,afa6714acee029b2dfdf357e5579cc03,2017-01-28 22:38:56,139.99,22.91
53cd36155a7bf507095985b2f26368a5,1,0ab80f38a21093b448518f68efe82c24,440dd6ab244315c632130ecfb63827b1,2017-01-16 09:45:32,19.9,10.96
543929b980aa17fb9d324f934440d131,1,c3182d1991c7d4859e8f39b6c45a026b,d66c305afaec317ebee552073a674429,2017-02-05 08:44:00,15.99,9.0
543929b980aa17fb9d324f934440d131,2,c3182d1991c7d4859e8f39b6c45a026b,d66c305afaec317ebee552073a674429,2017-02-05 08:44:00,15.99,9.0
5497655681652e7e1306139bb5d04a14,1,f32af0a8b0bcb05b60f05e8907ad8866,2a1348e9addc1af5aaa619b1a3679d6b,2017-01-27 22:23:01,29.9,14.52
54d744a4410b1edccc36c6d1f1c7e097,1,baeb8e1a680cf9e1f13557d74b6cec3d,a36ac007a4d18f865c8d32c3b2402c2d,2017-01-28 13:32:22,129.99,16.02
55090b3dd39aed5a2019b57cce6b174d,1,027cdd14a677a5834bc67a9789db5021,620c87c171fb2a6dd6e8bb4dec959fc6,2017-01-31 09:33:01,99.9,25.19
5525c00bfd980bae1cac46f7dcf88224,1,811f973313e8219988a69cc140c447f0,dd2bdf855a9172734fbc3744021ae9b9,2017-02-04 11:22:14,69.9,17.37
556689f3e30f4662d3ec219bdc556b93,1,915ff35b0555b98fe64bc60674da4c43,8a87611c08849ffeeccab52aa798b6c7,2017-02-03 14:01:38,310.0,25.0
5582d9b46edf97ccc2f3b993c39ace3e,1,9319e2f1f22df2c8e4a74f8b8f392e24,2138ccb85b11a4ec1e37afbd1c8eda1f,2017-01-30 11:58:33,22.99,10.96
55b2e390d5d80ada31ad1b795ebeb087,1,c856eb93568d1abd93fbc39fc0a9704e,ed9eef5be0992d413d251fadba1a410d,2017-01-30 00:20:23,44.9,19.58
55b2e390d5d80ada31ad1b795ebeb087,2,ba1446377b3e8fb2c3ec8c7b59a0d9ba,ed9eef5be0992d413d251fadba1a410d,2017-01-30 00:20:23,44.9,22.02
566f53fc7d36fa366f7e221468121877,1,02a99f266fc960423c1186ecbd627804,4da0e408c99d2fdc2126dc9fce518060,2017-02-04 13:15:42,69.9,15.7
56a726fa0f40d3678696e62aaed9690d,1,9fe172fa8e662ca8572cf12abf8bce23,cab85505710c7cb9b720bceb52b01cee,2017-01-29 00:46:17,49.9,10.96
56ef80c564f6fd57cc662adee0379746,1,06e73ddcb54620a36bfdb2e073c4dc40,0ea22c1cfbdc755f86b9b54b39c16043,2017-01-20 14:24:22,34.9,14.52
57f7bb7d658b442616fce795fcc30146,1,2b6aba96aca0f3f5f28779c8a4395f42,066a6914e1ebf3ea95a216c73a986b91,2017-02-04 20:04:08,74.99,20.6
5836a9fd173a29689e12bf421d2d280b,1,15b142fc0f773fb67de91301d1701894,4a3ca9315b744ce9f8e9374361493884,2017-02-03 14:19:23,83.9,9.0
5836a9fd173a29689e12bf421d2d280b,2,5bfc7506459ae2a7b4b573fe557a58e1,4a3ca9315b744ce9f8e9374361493884,2017-02-03 14:19:23,69.9,9.0
586992f50ed97898737b07970376d19c,1,8b502ca34e28d30605bc667b965b6abf,fa1c13f2614d7b5c4749cbc52fecda94,2017-02-04 17:01:46,2999.0,17.01
587a39d6ab7297ee16b3d5ebdaa0f776,1,927a7ee2d74e3a1123047f40b42fcc09,b2ba3715d723d245138f291a6fe42594,2017-01-15 18:32:24,164.9,15.91
588454faf6ae4ce8b0f387e19b7115a2,1,b74d57e3377dd78aace6d070fc48cc88,4a3ca9315b744ce9f8e9374361493884,2017-01-14 13:58:33,65.9,22.39
5897449bce69856d88610b3c0f4f63b5,1,b0364648b1c062169015d9234d97d306,4da0e408c99d2fdc2126dc9fce518060,2017-01-19 21:46:43,183.9,15.46
58a4317c14bcba43d0cf161f17e9db2b,1,77cc62dc80ebe12a0452d1ce0565acdc,218d46b86c1881d022bce9c68a7d4b15,2017-02-03 11:55:23,113.0,18.0
58c851c107a9a3e21e03a9e2a1951d12,1,6cdd53843498f92890544667809f1595,ccc4bbb5f32a6ab2b7066a4130f114e3,2017-01-30 22:39:00,349.9,24.38
58fc974f8e0ddd9ce549e3272d0140c0,1,8d15106f1709b2a5340c0141ec76144e,1771297ac436903d1dd6b0e9279aa505,2017-02-03 23:40:39,46.22,18.0
5933483834803a0e8e9fcd26cdb3774d,1,d2fdf77a5b302a3adfb145131a217f2e,4a3ca9315b744ce9f8e9374361493884,2017-01-27 22:40:22,89.9,12.02
594bad57a253656f86d8282c5365be89,1,977e5f8adaa0cd1dac4f4b1969ec598b,56db5c0782e8f7ddc9343f9576ff6d16,2017-01-31 22:01:41,174.9,18.0
5965b589a33443dd1f820eb7df39762a,1,f5d8f4fbc70ca2a0038b9a0010ed5cb0,48efc9d94a9834137efd9ea76b065a38,2017-01-09 13:36:41,10.9,8.72
597bd074d7874048131c67581f0556d4,1,22c5e15506cbdfe5acd1b6a89e607868,a3a38f4affed601eb87a97788c949667,2017-02-04 11:54:14,59.9,14.59
59db0cf65fd439e6e76ec105e3aa421c,1,df297ceffd7a315a71586ace7d041ff2,0ea22c1cfbdc755f86b9b54b39c16043,2017-01-31 18:47:11,24.9,18.0
5a1b8ce8aee70bd3445109304936c826,1,664e6b2966fbf2ba213de566c311cd58,fa1c13f2614d7b5c4749cbc52fecda94,2017-01-17 15:11:52,279.0,26.44
5a37429384be05ca14780e4989543688,1,a5f6ba3fe91a2e73f10b612131cb2404,4e922959ae960d389249c378d1c939f5,2017-01-22 17:42:22,60.0,14.59
5a4cc097e0e591ab3f150524b83d81af,1,38650206798cd31f659906705a0eff70,cca3071e3e9bb7d12640c9fbe2301306,2017-01-27 03:35:44,119.9,15.95
5c5177333fb1fce1f4bb65868988f204,1,f25bbb88c1a219c21b1af6b99895b960,aaed1309374718fdd995ee4c58c9dfcd,2017-01-28 15:44:05,65.9,15.67
5d36e8ca3ccd1262b7641467fdba0b8e,1,daf9915404caf75fa1717a436b46fa14,0f519b0d2e5eb2227c93dd25038bfc01,2017-01-31 12:10:46,79.9,23.0
5d5b8c94e2bc6b963da5af8a4b02bf08,1,7721582bb750762d81850267d19881c1,0c8380b62e38e8a1e6adbeba7eb9688c,2017-01-26 10:08:18,59.5,21.05
5d6e9993ecc20a59e637ce711858d081,1,3c2f792f1041177a81913a977431a99e,6ee85be3693ed79a8e80718743d80655,2017-01-26 11:26:57,29.5,14.52
5d97051b2fbe2d850d8c195e054735b4,1,11875b30b49585209e608f40e8082e65,669ae81880e08f269a64487cfb287169,2017-02-02 09:49:10,65.0,18.0
5dc269b7c4dce1624653e914a1b739f5,1,20518c6950587eb5e8f02dad2fa0d685,aae3bfea055532c57fb453ed3ec80b30,2017-01-22 17:20:39,77.08,11.15
5dccad03ac8016afdcdb7cc0227ec9d7,1,402e8d6a95c83da5c3cef16b795329b9,6edacfd9f9074789dad6d62ba7950b9c,2017-01-29 15:10:14,66.9,14.64
5de59551c282b892ae9ff238fd557145,1,679804d4938f8bf53025298b725f2eb6,e3b4998c7a498169dc7bce44e6bb6277,2017-01-20 16:24:13,32.9,10.96
5f0d307ca60a8b9329b9e6ea49a17190,1,e855d18497949fc298407b39639ee1cc,01cf7e3d21494c41fb86034f2e714fa1,2017-02-03 15:44:00,199.0,18.0
5f6b520cff06f23c77386b75976256e9,1,5bfcd193eb29c1c8332e2d4ca804d54f,522620dcb18a6b31cd7bdf73665113a9,2017-02-04 11:58:52,223.9,15.74
5ffbbd67f14392efe8fd533d38cd1338,1,196616257eff8bc851dc4fc041cbbbe9,701938c450705b8ae65fc923b70f35c7,2017-01-31 19:04:57,103.99,9.5
5ffbbd67f14392efe8fd533d38cd1338,2,196616257eff8bc851dc4fc041cbbbe9,701938c450705b8ae65fc923b70f35c7,2017-01-31 19:04:57,103.99,9.5
60e2fe3a23e71c24f3ab0f648ebd6a8f,1,860a24fe5502e492593ec000b1c33559,f650a9708fa1bab22bdd8d3a818cc415,2017-01-29 13:42:49,91.71,14.81
616b813dbea8acc9de0ca0380cd89b83,1,dbd024d4182504993ad1e3cd2ee9d9e9,ffff564a4f9085cd26170f4732393726,2017-01-26 19:04:32,29.4,16.05
616f1f539d7add607844e0199fed7ea6,1,a0fe1efb855f3e786f0650268cd77f44,ef506c96320abeedfb894c34db06f478,2017-01-27 07:03:04,21.99,8.72
616f1f539d7add607844e0199fed7ea6,2,a0fe1efb855f3e786f0650268cd77f44,ef506c96320abeedfb894c34db06f478,2017-01-27 07:03:04,21.99,8.72
61986df3dc483509b39f7fda7a82c10c,1,c347e9e3e30d35fff96379aef21c40d4,004c9cd9d87a3c30c522c48c4fc07416,2017-02-05 20:28:45,189.99,18.0
6219ece1f053a3ffa649340e87cd93d2,1,aa2b29bee083c3eb3779f39fc09527b7,46dc3b2cc0980fb8ec44634e21d2718e,2017-01-24 15:08:05,349.99,20.69
6225dae3fcc1416785f294cc07f2e4db,1,0fa8853b873ba06e7d27385fbb1411ca,7c67e1448b00f6e969d365cea6b010ab,2017-02-09 23:37:58,239.99,38.08
62260701eb6b51252ed47c4967b1a48d,1,913580fde3e72c3b3e4ce0b79963bee6,b76dba6c951ab00dc4edf0a1aa88037e,2017-01-20 13:21:19,10.99,8.72
6248b0a9b547366913fb67922a7a2b77,1,06ead9c0b05b368667d858c09148af03,b2ba3715d723d245138f291a6fe42594,2017-01-23 15:11:28,109.9,14.94
625b3ac41fea45dbd5aaa02d0941ee59,1,027cdd14a677a5834bc67a9789db5021,620c87c171fb2a6dd6e8bb4dec959fc6,2017-01-30 10:58:56,99.9,14.87
632ba34265b5449d1f742d24cacf1208,1,33731b575da5eeaa98cd7c30b2c5c2e0,bfd938b22bc99bce1ae60dc602889f52,2017-01-26 21:50:07,69.9,19.19
632ba34265b5449d1f742d24cacf1208,2,33731b575da5eeaa98cd7c30b2c5c2e0,bfd938b22bc99bce1ae60dc602889f52,2017-01-26 21:50:07,69.9,19.19
632ba34265b5449d1f742d24cacf1208,3,33731b575da5eeaa98cd7c30b2c5c2e0,bfd938b22bc99bce1ae60dc602889f52,2017-01-26 21:50:07,69.9,19.19
63f4ff5d2266b242ba0ce7c3ad390029,1,9abb00920aae319ef9eba674b7d2e6ff,1771297ac436903d1dd6b0e9279aa505,2017-01-26 22:54:32,40.0,10.96
64410a4fbf4904d3f9445bf58e9491b5,1,b4f9530c931398e215242293c2c8ba4c,4e922959ae960d389249c378d1c939f5,2017-01-28 12:21:50,45.0,11.03
64ba433f9d86e1df4e9cb86b1a3884d1,1,913580fde3e72c3b3e4ce0b79963bee6,b76dba6c951ab00dc4edf0a1aa88037e,2017-01-30 21:11:42,10.99,15.65
64ba433f9d86e1df4e9cb86b1a3884d1,2,913580fde3e72c3b3e4ce0b79963bee6,b76dba6c951ab00dc4edf0a1aa88037e,2017-01-30 21:11:42,10.99,15.65
64cad05fe3f34277719621c70f416ad2,1,ffa8916ae85546ee99d1965b28e447ae,422be4cc81a457fdb46f47edeb968ae5,2017-01-30 16:20:32,239.9,77.47
65e96eb0ec0c05756d035e9eb8fce071,1,ecbe1ef7e2903ff8b1d704ba78fa264d,c3cfdc648177fdbbbb35635a37472c53,2017-02-04 12:04:27,99.0,17.43
65fd2f07bc74b8df1728cc3ee9e19ebb,1,5bfcd193eb29c1c8332e2d4ca804d54f,522620dcb18a6b31cd7bdf73665113a9,2017-01-30 18:19:41,223.9,15.74
660c604f50fc9edcf854689682d1560e,1,21a95b5525c6d658ff4e5e1b50f7c02d,46dc3b2cc0980fb8ec44634e21d2718e,2017-01-22 10:27:19,149.99,11.66
660e589af9553d75506968867c922d91,1,146e38440bfc14b0d923856ddac3709f,46dc3b2cc0980fb8ec44634e21d2718e,2017-01-29 23:30:25,349.99,18.7
66144189f7b5fbb4eb76eb513ac33a17,1,be958064244f19bf11ee270b2feca7a2,6fc26fe110feebd80a433e1f012a84f9,2017-02-07 00:53:39,59.99,10.0
66144189f7b5fbb4eb76eb513ac33a17,2,be958064244f19bf11ee270b2feca7a2,6fc26fe110feebd80a433e1f012a84f9,2017-02-07 00:53:39,59.99,10.0
66144189f7b5fbb4eb76eb513ac33a17,3,be958064244f19bf11ee270b2feca7a2,6fc26fe110feebd80a433e1f012a84f9,2017-02-07 00:53:39,59.99,10.0
66144189f7b5fbb4eb76eb513ac33a17,4,be958064244f19bf11ee270b2feca7a2,6fc26fe110feebd80a433e1f012a84f9,2017-02-07 00:53:39,59.99,10.0
66144189f7b5fbb4eb76eb513ac33a17,5,be958064244f19bf11ee270b2feca7a2,6fc26fe110feebd80a433e1f012a84f9,2017-02-07 00:53:39,59.99,10.0
668ee4108169a1d58c55b20ddc3fa3c9,1,027cdd14a677a5834bc67a9789db5021,620c87c171fb2a6dd6e8bb4dec959fc6,2017-01-30 11:32:30,99.9,18.13
66f1a7baf73c12eb3af95058da54b6f8,1,b993dfaf418915ff7d0aa74016f030f7,827f8f69dfa529c561901c4f2e0f332f,2017-01-24 22:11:31,34.9,14.11
66f5111aa3f376fd7dfa577aa7c57515,1,fcde1899043318107d8f0ae043f69bc3,d66c305afaec317ebee552073a674429,2017-01-31 15:00:25,99.0,18.0
6744d76b253e71e06a89867248227b9c,1,3a70556370b28da113dfdd18d2da5413,cca3071e3e9bb7d12640c9fbe2301306,2017-01-18 12:46:35,59.9,24.91
6789a1de9a37be580653e51fc6458776,1,9e0abf2fbcf4445cb287fbf474dcd8ed,4e922959ae960d389249c378d1c939f5,2017-01-24 14:43:44,23.0,14.53
6789a1de9a37be580653e51fc6458776,2,9e0abf2fbcf4445cb287fbf474dcd8ed,4e922959ae960d389249c378d1c939f5,2017-01-24 14:43:44,23.0,14.53
678b28f078641e74d50be86b4ecaec7e,1,9abb00920aae319ef9eba674b7d2e6ff,1771297ac436903d1dd6b0e9279aa505,2017-01-30 18:19:42,40.0,16.05
67d0c933fefa1c4ff65e800b8c8bf804,1,b1ffef38f0db9fb4e1a6f91b47ec63d4,89bc797e2e29667aa035d4368f9b7f92,2017-01-30 18:04:03,13.0,14.52
67d0c933fefa1c4ff65e800b8c8bf804,2,b1ffef38f0db9fb4e1a6f91b47ec63d4,89bc797e2e29667aa035d4368f9b7f92,2017-01-30 18:04:03,13.0,14.52
67e2b3a30d665abe59b95f2d60676138,1,f3ff1b0df51e4b86a6dc168c8bfe7dc9,4a3ca9315b744ce9f8e9374361493884,2017-01-23 15:37:26,128.8,16.11
6a94666b47f6006dda56e5edc10968a3,1,b6cefe1d620b9208fe6fae76b2c72887,d98eec89afa3380e14463da2aabaea72,2017-02-04 09:57:39,65.0,17.92
6a94666b47f6006dda56e5edc10968a3,2,aa0568a1b7093748a1922993f5817983,d98eec89afa3380e14463da2aabaea72,2017-02-04 09:57:39,10.0,0.03
6a94666b47f6006dda56e5edc10968a3,3,aa0568a1b7093748a1922993f5817983,d98eec89afa3380e14463da2aabaea72,2017-02-04 09:57:39,10.0,0.03
6a94666b47f6006dda56e5edc10968a3,4,aa0568a1b7093748a1922993f5817983,d98eec89afa3380e14463da2aabaea72,2017-02-04 09:57:39,10.0,0.03
6acecf438369055d9243e121045cca74,1,1514ddb0f4a5afc8d24104e89c714403,48efc9d94a9834137efd9ea76b065a38,2017-01-09 12:11:23,9.9,8.72
6b686186d43eaa21c407ecf34ebb9ee6,1,5445335704bf8a32827f3bf6b9701ed9,669ae81880e08f269a64487cfb287169,2017-01-25 14:30:03,29.99,14.52
6b686186d43eaa21c407ecf34ebb9ee6,2,5445335704bf8a32827f3bf6b9701ed9,669ae81880e08f269a64487cfb287169,2017-01-25 14:30:03,29.99,14.52
6b686186d43eaa21c407ecf34ebb9ee6,3,5445335704bf8a32827f3bf6b9701ed9,669ae81880e08f269a64487cfb287169,2017-01-25 14:30:03,29.99,14.52
6b686186d43eaa21c407ecf34ebb9ee6,4,5445335704bf8a32827f3bf6b9701ed9,669ae81880e08f269a64487cfb287169,2017-01-25 14:30:03,29.99,14.52
6b686186d43eaa21c407ecf34ebb9ee6,5,5445335704bf8a32827f3bf6b9701ed9,669ae81880e08f269a64487cfb287169,2017-01-25 14:30:03,29.99,14.52
6bc6b07e448bae52d248c4df401d6157,1,566837caf82af3f65421f9d9d8820a27,cca3071e3e9bb7d12640c9fbe2301306,2017-01-30 19:44:07,39.9,11.74
6c273b11e7a7b4b410ea29fac9769fac,1,739312eddb4431af9a760e797da4d869,f41ce2e25237f9092cd8e6e7516c7a2f,2017-01-25 17:33:30,15.8,10.96
6c6e590c8ce02ecc30bef8bd3b34d82f,1,5b8423dc7f23089c9c59c5d140eb5a1c,a3a38f4affed601eb87a97788c949667,2017-02-02 20:37:04,129.99,18.0
6c7481b5566c6a3821a91a05b0f9f7c8,1,473795a355d29305c3ea6b156833adf5,620c87c171fb2a6dd6e8bb4dec959fc6,2017-01-31 10:31:21,59.9,14.59
6c82197bc099415d9919ccb609a9c072,1,c7084bc72369a57c93c6edaf0b60b235,59fb871bf6f4522a87ba567b42dafecf,2017-01-17 00:14:27,189.99,12.72
6c8b41df796056dfa59f256768d11654,1,ceb9134650bd7cae74affc51800f309a,48985c61529077fa4f1e38bcff0f2ed3,2017-02-04 08:37:02,129.9,20.0
6ca2b1dbcac1751cab45df5faa1b892e,1,755d50f7034720815db9431dc2f1cb27,999f6d9a1c7c81f43be44c6b7d076210,2017-01-30 14:26:43,14.0,8.72
6cf5d7a6b6eb9cad292da0b65d6c010e,1,0cf13ac73dbcf6586ba63b89dd1f780a,b14db04aa7881970e83ffa9426897925,2017-01-26 17:43:58,47.0,26.61
6d02a007afc7698b7dd60ffb07514d1c,1,12a3dba07d03c2dedf0c40d6499b55d3,31344c16881c08a8a72c6d2eb29918c1,2017-02-03 14:51:21,189.9,18.0
6d234dea658ce0c00f91e931cb11f93c,1,00be617b58175bf207fd35910d5097a4,4a3ca9315b744ce9f8e9374361493884,2017-01-19 15:52:04,48.9,15.56
6dfdc1eefc7a125d1bb81feb04a6c2e6,1,cfd414b4463647f58c7775eaae06893d,f8db351d8c4c4c22c6835c19a46f01b0,2017-02-04 07:39:04,98.9,18.0
6e4a67f3a94e46e6cc5af48093d14127,1,b19e331e05bee8900ed6e582b4c8dab6,41b39e28db005d9731d9d485a83b4c38,2017-01-23 15:21:44,149.9,17.2
6e68d4f670783e41ced4e82d14debce9,1,7c1bd920dbdf22470b68bde975dd3ccf,cc419e0650a3c5ba77189a1882b7556a,2017-02-07 17:15:33,64.99,11.06
6ed4f19dc97f2a4b5d0f15651247dbca,1,3948f284081821f4e27ba8c23d4cbc9a,c542f5a8c64d973f30e9df8d06f70b4a,2017-01-22 09:52:32,81.0,17.31
6f275c944d1814eca6bfbb2bcfa3b0ea,1,ebb4faacc3b7ade065ff47901900c4e7,4da0e408c99d2fdc2126dc9fce518060,2017-01-21 09:15:35,45.0,15.56
6f275c944d1814eca6bfbb2bcfa3b0ea,2,ebb4faacc3b7ade065ff47901900c4e7,4da0e408c99d2fdc2126dc9fce518060,2017-01-21 09:15:35,45.0,15.56
6f275c944d1814eca6bfbb2bcfa3b0ea,3,ebb4faacc3b7ade065ff47901900c4e7,4da0e408c99d2fdc2126dc9fce518060,2017-01-21 09:15:35,45.0,15.56
6f275c944d1814eca6bfbb2bcfa3b0ea,4,ebb4faacc3b7ade065ff47901900c4e7,4da0e408c99d2fdc2126dc9fce518060,2017-01-21 09:15:35,45.0,15.56
6f334a2e1303fe798ae16f4c33269e82,1,cea0783f5748d01abec8fd268dccba49,a416b6a846a11724393025641d4edd5e,2017-02-02 13:43:36,89.57,18.0
6f6b636fb54260d97e6124e137986824,1,c94d19d021d4a8fbae5a45f904aeea90,701938c450705b8ae65fc923b70f35c7,2017-02-03 11:01:19,103.99,22.0
6f7390ae95a89ea985e0d81b189e96d5,1,7642ddbf174d9a97119510f56be6c201,46dc3b2cc0980fb8ec44634e21d2718e,2017-02-03 20:52:02,279.99,18.0
6f748695717d537b882406da58acefec,1,05fca08b4d54ab5d1d371db7d5534136,d03698c2efd04a549382afa6623e27fb,2017-01-16 20:28:10,161.55,21.58
6f748695717d537b882406da58acefec,2,05fca08b4d54ab5d1d371db7d5534136,d03698c2efd04a549382afa6623e27fb,2017-01-16 20:28:10,161.55,21.58
6f7626222f2b324b580e36eb22d8bb8e,1,2c2a7e84b8ea741adf739c11dd78ee1a,2493dc3f20131696a0ecdb9948051a8d,2017-02-01 14:49:09,164.89,18.0
6ff09113fd48861d786d40583b7f2aa3,1,67fcc72a4cfd0ac826c0158ce5c98ae6,76d5af76d0271110f9af36c92573f765,2017-01-23 20:12:02,659.0,30.87
7002a78c79c519ac54022d4f8a65e6e8,1,c3b271f47e73d0c9ccf1b43b7606c705,cca3071e3e9bb7d12640c9fbe2301306,2017-01-29 22:26:59,45.9,14.52
7004296aa0256632eaddc171edaf727f,1,f5d8f4fbc70ca2a0038b9a0010ed5cb0,48efc9d94a9834137efd9ea76b065a38,2017-01-09 13:31:22,10.9,8.72
705c7fd61dcb0c54b80538158eec1f4a,1,2653c1a28e65f36161bcc73f0ca52727,1f9ab4708f3056ede07124aad39a2554,2017-02-03 16:52:41,219.99,18.0
7090c88db4158f89d839c794cdd73272,1,e9e0f397f1ed036b4318417a84b0e407,0ea22c1cfbdc755f86b9b54b39c16043,2017-02-02 10:03:54,64.9,18.0
70d0dedf8c23e2cedca5915427acd101,1,77e9f75a40f2341f6a7f9f17cc0a8ffd,2be17df1c49978426251562096c3cc09,2017-01-21 16:58:06,169.9,15.36
717d28ee12c7c0ef8b384ff1b62b33c7,1,d32c445df9d36f1cdfc915ed14ee44cd,b335c59ab742f751a85db9c411a86739,2017-01-25 21:20:06,65.9,18.74
719b940ab2f1e351ffb14a0a02ffe3c4,1,a07d0595ac61dcdd44214f0426431c9b,0ea22c1cfbdc755f86b9b54b39c16043,2017-01-20 13:01:51,29.9,5.14
719b940ab2f1e351ffb14a0a02ffe3c4,2,6b119e825230e877b98f89b47081bc52,0ea22c1cfbdc755f86b9b54b39c16043,2017-01-20 13:01:51,49.9,12.86
71f86189760ff1dec6805f4fc7c6f52f,1,2b5ae8fa7040dc2ecc8483150f36a667,3f8034bfc6b8b4135534975d49f04c63,2017-01-22 10:42:05,168.0,27.44
721c90253d3c1f625f71e2faf53a6b57,1,9538a4d0d20e31d209def88993f8dca3,93b9a99027bd8bd6af682aff18dd19bf,2017-01-30 21:58:53,18.0,7.5
721c90253d3c1f625f71e2faf53a6b57,2,608b018a4443a457a5cd1e58de213cb2,93b9a99027bd8bd6af682aff18dd19bf,2017-01-30 21:58:53,24.0,14.42
7249fd69ae42373a6a357567e41ecc57,1,0521fe3eb04940304b489d0fb49a37dd,e99e927c81e3f51739c94fcdfca9f10f,2017-01-31 22:15:22,89.99,20.71
72c1d87887d0b9a3965557013e74f543,1,81288df52439985f610be64465e53f57,54a1852d1b8f10312c55e906355666ee,2017-01-27 13:55:30,109.99,29.7
72c6b41818d5e645f455986b59b7a964,1,8179f0f767e26a993ba41c67665a4b10,cca3071e3e9bb7d12640c9fbe2301306,2017-01-27 10:58:23,115.9,19.09
73558fe683b9ce228381cf2ca678d322,1,1dfa1d1603b10b073093775015d0fc74,aaed1309374718fdd995ee4c58c9dfcd,2017-01-25 22:41:08,126.9,32.21
73e934755292def8b6519b03f2230723,1,bbc9e653c2f5794542ac3867ab5ab757,0c8380b62e38e8a1e6adbeba7eb9688c,2017-01-30 17:48:22,33.5,15.56
743cc56ca44d32e3e125c74c98044997,1,cef211702e18d39ca1a4b6d2d6580c0d,d66c305afaec317ebee552073a674429,2017-01-18 00:13:51,97.99,19.28
747996a66f5aa711deb8ae58f5ae46a0,1,2797d3826d386bfda4f347a378b89f4d,48efc9d94a9834137efd9ea76b065a38,2017-01-09 15:25:10,9.9,8.72
749a31c1093994e39ecb4aef66a7aa3a,1,a703f5ade6e4fae527357132230ea778,f4aba7c0bca51484c30ab7bdc34bcdd1,2017-01-31 11:57:43,23.9,16.05
74b9c5a1b6f7632750a25db4de597512,1,f7b6ca5735bfd052e73fa0b776070112,70a12e78e608ac31179aea7f8422044b,2017-01-22 16:25:29,38.9,14.52
753aaaa715f963740a358c291bc79727,1,77f70ac9f5426624db4fb65c4f1195b8,fa1c13f2614d7b5c4749cbc52fecda94,2017-01-15 23:32:55,129.0,15.07
765442de6466c0bb079c22b8b20e0eab,1,8a330ba3cd34d650c45bce0fc21771ac,46dc3b2cc0980fb8ec44634e21d2718e,2017-01-13 17:50:06,349.99,17.66
765e82006189100419015233bf26be8a,1,010a3a47c14f1295796c08419f32cef6,ef506c96320abeedfb894c34db06f478,2017-02-01 19:50:15,9.99,50.0
76774c936de5cb5a431120fde98e40da,1,a25a9e3433043fb8a0808f310d8d8203,1b8b75e227c9a9c100d0c210fb6176ce,2017-01-13 20:57:29,129.99,11.38
76bd9ce8aa3ce93bd913f3ec17f66790,1,67f95d5d22a25ae3c8c0651319c7d355,933446e9a59dece7ae9175103820ca8f,2017-02-12 15:37:05,64.99,22.38
76c6e866289321a7c93b82b54852dc33,1,ac1789e492dcd698c5c10b97a671243a,63b9ae557efed31d1f7687917d248a8d,2017-01-27 18:29:09,19.9,16.05
775eb0ae1891c8dd8f12c2f8c6850006,1,07ecfc5bd0d3ca496facedede13afb80,7e93a43ef30c4f03f38b393420bc753a,2017-02-03 09:20:04,1299.0,27.79
77c34615b2963e4bf4b48d59da0eb5e1,1,a50acd33ba7a8da8e9db65094fa990a4,8581055ce74af1daba164fdbd55a40de,2017-01-22 17:44:05,117.3,22.29
77c75c0f9b0b1c5417b62c696c4734e5,1,a5f6ba3fe91a2e73f10b612131cb2404,4e922959ae960d389249c378d1c939f5,2017-01-20 23:03:40,39.0,16.11
77e102ecf08e057581ef2ce55c80c6c0,1,d5b703c271f43f9c588a6f512a00f77e,fa40cc5b934574b62717c68f3d678b6d,2017-01-23 12:02:28,34.9,8.72
7853cfd26dee49109295b3e604567180,1,3ba2b0de14984ce8f072c58be8d701dd,a3a38f4affed601eb87a97788c949667,2017-01-26 15:41:21,104.99,20.81
78a1a87882880114ee891ccdcbd1ccde,1,11875b30b49585209e608f40e8082e65,669ae81880e08f269a64487cfb287169,2017-01-31 11:45:18,65.0,14.62
7a094f321857b6925fee399192bb5ebd,1,2636a9812d151c718b53387171ce08be,b17b679f4f5ce2e03ce6968c62648246,2017-01-29 19:11:42,30.97,10.96
7a18a504c1a4b32d883e68de2e1a7db0,1,c0d4027067afcf9c1697cce981b8fed6,48efc9d94a9834137efd9ea76b065a38,2017-01-09 12:09:08,7.9,8.72
7ab9c55c59eaeea579d047e2d8aaed81,1,c4b925e40f11289063a854c47aaef129,ffff564a4f9085cd26170f4732393726,2017-02-01 13:04:20,11.5,10.96
7b4fb0197b18a0fd0e75f9e44b3fc757,1,b150110bc5afad8ff2cce5cd50c8e2a2,e5a38146df062edaf55c38afa99e42dc,2017-01-22 23:15:29,99.0,22.62
7c0ff60ea08a0885a1404c299f7ed4f2,1,dda262b26fcbc5dc618bbf9c12ee8779,8a32e327fe2c1b3511609d81aaf9f042,2017-01-28 22:10:48,63.99,19.04
7c28cd51bc7b7b5b8e81ae0bb7f17340,1,5a4ec7366f4a5fddd269c4d9a047c6c3,2a1348e9addc1af5aaa619b1a3679d6b,2017-01-29 18:55:31,16.9,10.96
7c933084ae34df732cfb3b47968b1666,1,fe95eb948375116da759c8ef60295001,4a3ca9315b744ce9f8e9374361493884,2017-01-18 12:17:10,65.9,11.85
7cbc58346dce935abff14a7c5a0488f5,1,9ce4603565c839785b24a7e95e28f4eb,59fb871bf6f4522a87ba567b42dafecf,2017-01-30 09:15:18,119.99,17.68
7cc5f7da21653de1b71a6f4ad590e5a1,1,da9278e44c4ae00f02a965792a392ea3,054694fa03fe82cec4b7551487331d74,2017-02-03 23:33:35,439.0,24.54
7d86c4aa9e59504b23f16c7ca68954a7,1,e8d7b12572b213ba22acebb8983a4615,8d92f3ea807b89465643c219455e7369,2017-01-31 16:38:10,63.9,26.71
7e61a4c6d93d6ad8a4ca4a8d00094339,1,d4ad9721bda56413600c43c11006cb78,6fc26fe110feebd80a433e1f012a84f9,2017-02-04 04:52:16,59.0,3.6
7e61a4c6d93d6ad8a4ca4a8d00094339,2,d4ad9721bda56413600c43c11006cb78,6fc26fe110feebd80a433e1f012a84f9,2017-02-04 04:52:16,59.0,3.6
7e61a4c6d93d6ad8a4ca4a8d00094339,3,d4ad9721bda56413600c43c11006cb78,6fc26fe110feebd80a433e1f012a84f9,2017-02-04 04:52:16,59.0,3.6
7e61a4c6d93d6ad8a4ca4a8d00094339,4,d4ad9721bda56413600c43c11006cb78,6fc26fe110feebd80a433e1f012a84f9,2017-02-04 04:52:16,59.0,3.6
7e61a4c6d93d6ad8a4ca4a8d00094339,5,d4ad9721bda56413600c43c11006cb78,6fc26fe110feebd80a433e1f012a84f9,2017-02-04 04:52:16,59.0,3.6
7e6b55f6388682bf51a05d8f13c2d466,1,362aecb999551eb6adcd8c5594e255fc,822b63912576852aea9a8436d72317b7,2017-01-22 12:59:05,719.88,20.74
7ead6c8726098bd70de2b16cac42df74,1,6bf1cd252d73626ab181be470f56e07b,8bd0f31cf0a614c658f6763bd02dea69,2017-01-22 10:55:55,37.99,31.95
7ece3f32d060f91a98d50279ab15ebaf,1,baeb8e1a680cf9e1f13557d74b6cec3d,a36ac007a4d18f865c8d32c3b2402c2d,2017-01-29 01:23:07,129.99,29.95
7ef1da1730f64df72be4189c5ea58c66,1,f33a17471b6e603085c4a0ccd48ce19a,77530e9772f57a62c906e1c21538ab82,2017-01-24 16:32:37,49.0,14.52
80e9acbfd99b46609bded7263945fe15,1,ff5f8606556b625613f069a5a9a48966,8cbac7e12637ed9cffa18c7875207478,2017-02-01 12:20:43,35.0,18.0
811eadaef225935d84d4d3fdcca7ee85,1,4a90b44b456e79e7a33435fdd36e551f,c9a06ece156bb057372c68718ec8909b,2017-01-15 11:34:58,380.0,39.06
81251f18621a822ad5b09593dfee4fc9,1,c4b925e40f11289063a854c47aaef129,ffff564a4f9085cd26170f4732393726,2017-01-31 14:17:21,11.5,10.96
8141520643442c50aa531801cbc79e46,1,24c5d76ef43ee1782af51114a121ca3d,cca3071e3e9bb7d12640c9fbe2301306,2017-02-05 21:46:14,129.9,18.0
81e5043198a44ddeb226002ff55d8ad4,1,c1488892604e4ba5cff5b4eb4d595400,1554a68530182680ad5c8b042c3ab563,2017-01-13 00:37:18,38.5,15.56
81e5043198a44ddeb226002ff55d8ad4,2,c1488892604e4ba5cff5b4eb4d595400,1554a68530182680ad5c8b042c3ab563,2017-01-13 00:37:18,38.5,15.56
8220769da5e88eb4288d26cc8f694b41,1,e751ef808163a46290ab3b4cbd70b6ad,f650a9708fa1bab22bdd8d3a818cc415,2017-02-04 13:41:55,130.83,15.09
82bfafb84a5843f06b8c3983edb1883b,1,8eed5d27f5b8c6248731efb4782f6141,2a1348e9addc1af5aaa619b1a3679d6b,2017-02-01 19:10:46,229.9,18.0
84705956de681a2d1420bd90d7667472,1,d9279101bd9bcdf95aa06a8081b24367,46dc3b2cc0980fb8ec44634e21d2718e,2017-02-04 14:38:27,349.99,26.9
8557dabbdacec1a9e250f5e70afe1eab,1,fb060ad9a8625b626189641799bccf89,b1204cfda1d4948679db3cfc0d3cb95c,2017-01-30 13:15:41,44.6,16.05
85f8ad45e067abd694b627859fa57453,1,09ff539a621711667c43eba6a3bd8466,8b8cfc8305aa441e4239358c9f6f2485,2017-02-03 21:40:02,1934.0,27.0
882c1e2076610adab15e5a68430d2180,1,1b717631654816892a7b2ef8b7c7c3c4,77530e9772f57a62c906e1c21538ab82,2017-01-26 17:43:23,119.0,19.42
882c1e2076610adab15e5a68430d2180,2,1b717631654816892a7b2ef8b7c7c3c4,77530e9772f57a62c906e1c21538ab82,2017-01-26 17:43:23,119.0,19.42
8846a9571a893b22eb57d4732b978bbb,1,d914a2a0c672fc21c9f0087e07e9e881,620c87c171fb2a6dd6e8bb4dec959fc6,2017-01-30 20:44:49,379.9,45.12
89484162f10c48a5cbccb77221419395,1,5bfcd193eb29c1c8332e2d4ca804d54f,522620dcb18a6b31cd7bdf73665113a9,2017-01-31 11:34:09,223.9,50.0
897702f9f3fe72f18863ffc09e7ddef3,1,a767d41b71a909a1dd1e969f4b50732c,582d4f8675b945722eda7c0cb61ba4c7,2017-01-24 12:04:03,249.9,13.14
897ed337ed4c3fba920924b9143c2ea0,1,46cc07237660346018f8838ae0b7ed2b,8cbac7e12637ed9cffa18c7875207478,2017-01-31 17:31:45,45.0,50.0
89898719573722b59b173f76fb213501,1,3889a02f55ae9a5e5e321c4a4d2eee64,b14db04aa7881970e83ffa9426897925,2017-01-11 00:34:47,34.9,12.93
8a027244dea2edca1449d9150e74eb45,1,13c6408395db73f81805ef46fa6ac926,b6dc74ed30f124f95227bed4e43a3bed,2017-02-08 17:57:18,48.8,10.96
8a027244dea2edca1449d9150e74eb45,2,13c6408395db73f81805ef46fa6ac926,b6dc74ed30f124f95227bed4e43a3bed,2017-02-08 17:57:18,48.8,10.96
8a784d47854e4cbc5562362393d504db,1,d8c365a069853295a82caf595c2c8c8d,48efc9d94a9834137efd9ea76b065a38,2017-01-09 14:18:03,9.9,8.72
8a7f0e6d9767d52a05dd48229e24d766,1,4b1bf508b7e2b27e8472c16d7f189909,c273175f7c6c80fb02f051e2fc6d0d72,2017-01-29 16:25:03,139.99,18.73
8a903d20555a91edeffd6eab45743f26,1,f2af004352a06a99dca765596240cbc3,f4aba7c0bca51484c30ab7bdc34bcdd1,2017-02-03 11:44:24,23.89,20.0
8aa9f9fb8d016c8abd90a65dcd7f2ab6,1,23384f296aa1bf6461d22912093a9847,891071be6ba827b591264c90c2ae8a63,2017-01-28 21:16:24,20.0,10.96
8adafb3466daa5395694d3a906ff9d40,1,5554c5718f820a868853dbc5ca859b3b,973f21788dfab357250f69a8dcb7ddee,2017-01-29 15:47:27,21.0,6.25
8adafb3466daa5395694d3a906ff9d40,2,181b31b11ea16a87d5acab5a78320b93,973f21788dfab357250f69a8dcb7ddee,2017-01-29 15:47:27,35.0,10.42
8adafb3466daa5395694d3a906ff9d40,3,5554c5718f820a868853dbc5ca859b3b,973f21788dfab357250f69a8dcb7ddee,2017-01-29 15:47:27,21.0,6.25
8adafb3466daa5395694d3a906ff9d40,4,181b31b11ea16a87d5acab5a78320b93,973f21788dfab357250f69a8dcb7ddee,2017-01-29 15:47:27,35.0,10.42
8adafb3466daa5395694d3a906ff9d40,5,871cfa7d587b8305a5a0e376866323ef,973f21788dfab357250f69a8dcb7ddee,2017-01-29 15:47:27,28.0,8.34
8adafb3466daa5395694d3a906ff9d40,6,871cfa7d587b8305a5a0e376866323ef,973f21788dfab357250f69a8dcb7ddee,2017-01-29 15:47:27,28.0,8.34
8b6d201fff0b1b32e59f7cbdc6beaf54,1,16ce899c7af0c99f46948734a0d00f0f,0725b8c0f3f906e58f70cbe76b7c748c,2017-01-25 17:17:20,79.61,10.0
8b6d201fff0b1b32e59f7cbdc6beaf54,2,16ce899c7af0c99f46948734a0d00f0f,0725b8c0f3f906e58f70cbe76b7c748c,2017-01-25 17:17:20,79.61,10.0
8b6d201fff0b1b32e59f7cbdc6beaf54,3,16ce899c7af0c99f46948734a0d00f0f,0725b8c0f3f906e58f70cbe76b7c748c,2017-01-25 17:17:20,79.61,10.0
8b6d201fff0b1b32e59f7cbdc6beaf54,4,16ce899c7af0c99f46948734a0d00f0f,0725b8c0f3f906e58f70cbe76b7c748c,2017-01-25 17:17:20,79.61,10.0
8b6d201fff0b1b32e59f7cbdc6beaf54,5,16ce899c7af0c99f46948734a0d00f0f,0725b8c0f3f906e58f70cbe76b7c748c,2017-01-25 17:17:20,79.61,10.0
8b93f79b1a4d6b3388dab2356493c0b3,1,baeb8e1a680cf9e1f13557d74b6cec3d,a36ac007a4d18f865c8d32c3b2402c2d,2017-01-30 12:49:54,129.99,29.95
8b94c85a97b61f51a419a57e451d4e3a,1,913580fde3e72c3b3e4ce0b79963bee6,b76dba6c951ab00dc4edf0a1aa88037e,2017-01-15 12:49:53,10.99,15.65
8bef37e0a778afcdf32118f376beb9de,1,0cf13ac73dbcf6586ba63b89dd1f780a,b14db04aa7881970e83ffa9426897925,2017-01-24 19:33:29,47.0,11.74
8c0a4c58ee098fea192d86cb195786e6,1,fb949f35bd1873f846cb7246d9db81b0,6edacfd9f9074789dad6d62ba7950b9c,2017-01-22 12:27:53,43.9,26.61
8c10b4712b6c450e49bcfb6b1e48449f,1,6ae7f4ef0ca670ca2609d039af87d057,620c87c171fb2a6dd6e8bb4dec959fc6,2017-01-31 16:31:12,23.9,18.0
8c482c28bfcadc891bc37e13dc7ace34,1,f7b6ca5735bfd052e73fa0b776070112,70a12e78e608ac31179aea7f8422044b,2017-01-22 18:42:36,38.9,11.16
8cb07e7e810ad9e5f33062cb4735d488,1,a703f5ade6e4fae527357132230ea778,f4aba7c0bca51484c30ab7bdc34bcdd1,2017-01-28 00:22:40,23.9,14.52
8d25f73f2fe9c225dff2232fd1e7c89b,1,12a3f3a8ef6c5e3c29c88e670fd61ee9,c53bcd3be457a342a97e39e5a9f0be22,2017-02-03 23:20:41,119.9,26.0
8d9a9808c4a5546adb15d524d6ab2e91,1,dc9f66a56b89e4278d921898a861a29a,8d92f3ea807b89465643c219455e7369,2017-02-01 16:44:35,3.9,10.96
8dc67de08c1738a90e70f62f2920b432,1,0de1e69dff6f40f9f71be7034a8bb8d2,620c87c171fb2a6dd6e8bb4dec959fc6,2017-01-29 01:29:42,349.9,19.88
8f1a2a26d4f0ed5608a8857e0e88b7ad,1,91a5ae441d12befb1c62c19c4ffc940e,8a87611c08849ffeeccab52aa798b6c7,2017-01-31 18:18:31,155.0,26.0
8f359a870a6206af39d54ab82c99619d,1,55ebae49cf4c0963d5738a39e1e79750,2be17df1c49978426251562096c3cc09,2017-01-29 06:31:50,139.0,21.42
8ffd24fbf822586b2712a4becc7217dc,1,8bba4a8de8b5de57c7ff105d043254dc,5b33b527da3c5b969cc99dc435cad09a,2017-02-02 00:31:42,124.0,18.0
9021fdebb45ac827a6033d6969d5c2e3,1,49e142d8098b20ff2dc9ec73cdd5afec,8f119a0aee85c0c8fc534629734e94fd,2017-01-09 19:52:28,34.9,16.05
903c880841c9b1af32d6d086b9763133,1,4c55077cfe05007e8051304d1b721343,b17b679f4f5ce2e03ce6968c62648246,2017-01-29 00:47:25,32.3,10.96
9058bc799c3791077efb3aaa8e0d5e02,1,a6f74de3ddfbdc9b33885b92656f992b,0ea22c1cfbdc755f86b9b54b39c16043,2017-01-28 09:24:11,79.9,11.17
90b27d5506a9be4b5fb162ac5857d2b7,1,942a3f93bb7ecf95f0b901bd89f4acdb,54a1852d1b8f10312c55e906355666ee,2017-02-03 19:43:36,159.99,18.0
90bf0d006edb962cf09943bf3e4ad217,1,2647bd04a8ac8605c0034dc49d21445d,77530e9772f57a62c906e1c21538ab82,2017-01-23 17:17:28,49.0,16.05
90d2bbc31356e711e2fe7b0b78181687,1,a1bf559ac1eab015ba992bd76d9d76c7,85d9eb9ddc5d00ca9336a2219c97bb13,2017-01-23 16:48:00,19.9,10.96
91750e4d3d89e619cd557a6da400be06,1,d4a8ab90e626911fa92af68c07228390,cca3071e3e9bb7d12640c9fbe2301306,2017-01-27 14:23:56,45.9,15.56
917ca364b9fb9460dee6ea613ee2a5ab,1,8bc9dee0f2da0b7ad43095be7ad8414f,76d5af76d0271110f9af36c92573f765,2017-01-29 15:12:59,399.0,92.36
91bcbd0102f5188ea47df5bcc83f3cad,1,e5d860a0fff2e94bd1a406456cc6c4b3,01cf7e3d21494c41fb86034f2e714fa1,2017-02-04 02:29:51,209.9,18.0
91c52e15672343c61768b4d10597eea8,1,c4a45b9505564b0de1ff3e79062cffd8,cca3071e3e9bb7d12640c9fbe2301306,2017-02-05 18:35:23,69.9,18.0
91d1bf2b7745903cb0d17162d1bbd750,1,d8de812ed5d981fc6a3984f4caa2aa05,54a1852d1b8f10312c55e906355666ee,2017-01-25 21:58:35,59.99,16.12
9224db86cedf958891e1b1afb4ad570c,1,410d5b211dce5611e7a6412bf0cc30fa,2138ccb85b11a4ec1e37afbd1c8eda1f,2017-02-04 10:12:59,18.99,25.0
9224db86cedf958891e1b1afb4ad570c,2,207bb2d8180c2c7654872f6fab96e40e,2138ccb85b11a4ec1e37afbd1c8eda1f,2017-02-04 10:12:59,19.9,25.0
92580e7039e427da2884d35809a95996,1,0ec63d4c614fff936b02b10d242bf955,4a3ca9315b744ce9f8e9374361493884,2017-01-17 23:24:59,89.9,15.84
92e3415f60fec80f07ebca939434c3a7,1,983fb87b74395e82bbe509cf694296ce,2bd05d410a8fd26dc4184a15f4f2f588,2017-01-31 10:29:59,29.99,10.96
942cb81b8e0a2f33510159729f69d8b1,1,30469bb5ea377eae7121981e2f0778e4,80e6699fe29150b372a0c8a1ebf7dcc8,2017-01-28 11:24:20,113.0,54.32
944f618b790d6d01c2c78750fc0f700a,1,a6b32d26b9f925954b1cd8339f664a6a,0747d5bb69f0586cc869d8af4c50f93e,2017-01-21 15:01:33,39.9,27.99
944f618b790d6d01c2c78750fc0f700a,2,d51e0a7f437c0d14f560082ed007fd85,0747d5bb69f0586cc869d8af4c50f93e,2017-01-21 15:01:33,8.9,1.05
94b35c9542f07ad80b3367f9051b63af,1,24905035adec59d4ab5a46c13973ef17,ffff564a4f9085cd26170f4732393726,2017-02-03 12:38:48,47.5,26.61
9559e0b00c67d159a266152428f85615,1,060cb19345d90064d1015407193c233d,8581055ce74af1daba164fdbd55a40de,2017-02-03 10:47:14,147.9,18.0
956f15dfe9a7f2414a02c445fdbb865a,1,7868a64aa111bbb4f41f8e1146c0becb,cca3071e3e9bb7d12640c9fbe2301306,2017-01-31 18:37:21,59.9,17.16
95e4477d8423c69a93c55d840e02d9ba,1,8d99a7ed81f061ceed740d8900be880a,4a3ca9315b744ce9f8e9374361493884,2017-02-01 23:55:20,48.9,18.0
95fd5e469d8ce5093adeace50b5a4389,1,dd6a505f83dd3c6326aa9856519e0978,fa40cc5b934574b62717c68f3d678b6d,2017-01-22 22:57:25,49.9,10.96
96867881a8d245ffae18dd2f1c4898d2,1,b7a2d0cb90ba252129d34d7c8d079d2b,620c87c171fb2a6dd6e8bb4dec959fc6,2017-01-30 22:19:43,239.9,15.85
96e60a8b7fe4d9cd4f5ef7f3399a502b,1,ecbe1ef7e2903ff8b1d704ba78fa264d,c3cfdc648177fdbbbb35635a37472c53,2017-02-02 17:16:40,99.0,6.67
96e60a8b7fe4d9cd4f5ef7f3399a502b,2,ecbe1ef7e2903ff8b1d704ba78fa264d,c3cfdc648177fdbbbb35635a37472c53,2017-02-02 17:16:40,99.0,6.67
96e60a8b7fe4d9cd4f5ef7f3399a502b,3,ecbe1ef7e2903ff8b1d704ba78fa264d,c3cfdc648177fdbbbb35635a37472c53,2017-02-02 17:16:40,99.0,6.67
9725a1c59138f30c5dba936ca3a2de34,1,e390a486e30fd924501447fb663de0b7,004c9cd9d87a3c30c522c48c4fc07416,2017-02-05 14:19:22,89.99,18.0
9758e655b4d2fca01c69a4dde9d4fb5b,1,f821142b81bcee787d6383b5c384d37d,9baf5cb77970f539089d09a38bcec5c3,2017-01-30 09:44:46,119.99,14.61
9786c52ca3e1ed1ef3ba5c65941627f0,1,7dba49d05059dfa721e63caf83965829,41b39e28db005d9731d9d485a83b4c38,2017-01-25 21:12:13,119.9,50.0
97df4160390cf20ee63b032b5a93d0e2,1,7958e96171ca669184bf4a085d7deec3,054694fa03fe82cec4b7551487331d74,2017-01-30 14:12:54,177.0,26.73
9843c2a66fe0afda6509bc4274f743de,1,b59cf7db0bc7ebb20a80f1ea335194b0,620c87c171fb2a6dd6e8bb4dec959fc6,2017-02-03 15:12:23,129.9,50.0
9846cae21962f6c6e65ad2e77d3c2be7,1,7eb2e1637a623d3491843dff3bad4836,ca3bd7cd9f149df75950150d010fe4a2,2017-02-03 09:39:54,83.2,25.0
9846cae21962f6c6e65ad2e77d3c2be7,2,49f57e8347e394d0ddfcc1c8acaf9b2d,ca3bd7cd9f149df75950150d010fe4a2,2017-02-03 09:39:54,83.2,25.0
984b006a1482a4e7916421a663b1e800,1,e27c4dd075a521097a085bced0631ce7,701938c450705b8ae65fc923b70f35c7,2017-02-03 23:40:40,103.99,22.0
984d046c833232079162e22c7ef8c15d,1,461a85909a0075c82f74d0221f6991c9,ed859002ad59dbf8cf3602696a6c3000,2017-01-23 10:33:22,419.9,31.13
9980c5519e01cc5a1c1c35bd247bb499,1,0dcbc0d012d42719216ea7dff6b90a6f,46dc3b2cc0980fb8ec44634e21d2718e,2017-01-21 16:59:30,199.99,16.61
99a4238f13a11d486a5eabe5c8b1a1ab,1,a855248349fb73a158bae22b79ae955f,1336efc61c316ddf92c899eb817f7cae,2017-01-27 20:45:59,42.0,16.05
99c0817d6ecd5fe55d21540917f1f5f9,1,d9471e8bbb843a2afe92def2edfb8638,8a32e327fe2c1b3511609d81aaf9f042,2017-01-30 11:51:38,49.99,14.11
99e3f90c535337b45eace6f8a8a9400f,1,49cd59957f1c81427ca0b2edf5696969,d98eec89afa3380e14463da2aabaea72,2017-01-22 08:01:37,45.0,50.0
9a3e437ab219133c20a7033be9087edf,1,368343a35b2e888dae4f3f831d22437a,fa1c13f2614d7b5c4749cbc52fecda94,2017-01-11 20:45:31,149.0,15.21
9a4ae4d5c3a3dabdf42e5d7ec4203ed2,1,2e5c0bb27fdd53873a033938b91ed656,5c603ffb38cbbf25a0e0698941324143,2017-01-27 02:54:13,174.4,23.51
9a535db7017bc4d84dcfdd14e9a8cfcc,1,3c794d260ad4b5f507a5d90df23523bf,1bb2bdb95f4841f1bba2c0d2cd83d3c9,2017-02-03 18:43:16,25.0,18.0
9a75a775d17d37cd19193fe02c3f21de,1,4a90b44b456e79e7a33435fdd36e551f,c9a06ece156bb057372c68718ec8909b,2017-01-15 15:56:35,380.0,44.04
9abb2627b40ff1591e62553894e6b312,1,5f8c74f4a3d2b616857fcb7d4dd1f61a,83e197e95a1bbabc8c75e883ed016c47,2017-02-04 17:31:36,109.9,17.51
9b2e5e7107f9b0d28873782803e01ecd,1,c1488892604e4ba5cff5b4eb4d595400,1554a68530182680ad5c8b042c3ab563,2017-01-21 20:20:10,38.5,15.56
9b42f8813f6bfa620e0c91a4e132f2c0,1,77cc62dc80ebe12a0452d1ce0565acdc,218d46b86c1881d022bce9c68a7d4b15,2017-01-30 20:56:43,113.0,13.37
9b91ddcbd6cbceb83d4fd2462ca1f95e,1,f5d8f4fbc70ca2a0038b9a0010ed5cb0,48efc9d94a9834137efd9ea76b065a38,2017-01-09 14:22:02,10.9,8.72
9c0b834fc89f4dd70679baffe8bed38e,1,d696750e550fd0f733979dd7e5dff921,9de4643a8dbde634fe55621059d92273,2017-01-22 22:12:34,173.85,12.61
9c54a1816e487456bb7eb5082b9823ff,1,985c412b0ac92ed9d8a76bbeab6d44eb,1554a68530182680ad5c8b042c3ab563,2017-01-21 14:23:54,68.9,17.22
9d00e5dd1d0a6dc258a09e9c90854357,1,c0d4027067afcf9c1697cce981b8fed6,48efc9d94a9834137efd9ea76b065a38,2017-01-13 14:04:26,7.9,8.72
9d34d5659dfa39b38d29bfcf0c85ead9,1,ae7893ab2f9eec6630b5098e6362adc2,41b39e28db005d9731d9d485a83b4c38,2017-01-30 22:23:15,13.8,10.96
9d34d5659dfa39b38d29bfcf0c85ead9,2,ae7893ab2f9eec6630b5098e6362adc2,41b39e28db005d9731d9d485a83b4c38,2017-01-30 22:23:15,13.8,10.96
9d57e7a9c3dae94772187f73e97d9854,1,52c87e7b33516eb97c3023a20848ea81,b127efdabeffb5d559349c7b172eb75d,2017-01-30 13:51:54,28.0,5.03
9d57e7a9c3dae94772187f73e97d9854,2,afab5f7ab5c82f92ddcdc46c4cd85fbc,0ea22c1cfbdc755f86b9b54b39c16043,2017-01-30 13:51:54,24.9,25.14
9d6f552c9b731d52bb9c9b6051ddf5a2,1,0df2a1aed6dc8c10577115fa9e4b6de0,54a1852d1b8f10312c55e906355666ee,2017-01-31 12:54:59,29.99,26.61
9dc6746a8f29fafaa637f2239a9f3d28,1,6c34d241bbd85d693f1fee6a4b8a8e2b,59417c56835dd8e2e72f91f809cd4092,2017-02-06 20:11:36,839.0,36.96
9e0ca19fb3cd696e318f58f0613ee8b1,1,386486367c1f9d4f587a8864ccb6902b,cca3071e3e9bb7d12640c9fbe2301306,2017-02-05 18:18:36,109.9,18.0
9e1b7a7d17aa42da16ee605b5fee2e0a,1,5bfcd193eb29c1c8332e2d4ca804d54f,522620dcb18a6b31cd7bdf73665113a9,2017-01-29 13:15:38,223.9,15.74
9edaabce3c4beef5432b6327ade4109b,1,9818832859d572545cee5a86ff7f4a3b,bfd938b22bc99bce1ae60dc602889f52,2017-01-30 11:39:55,199.9,18.4
9ee391a01004a9f330f16ebf9f7f0966,1,68a058d125ba1544e726898f0b8c0523,7c67e1448b00f6e969d365cea6b010ab,2017-02-05 15:28:18,119.99,18.0
9ef13efd6949e4573a18964dd1bbe7f5,1,37eb69aca8718e843d897aa7b82f462d,0b36063d5818f81ccb94b54adfaebbf5,2017-02-03 21:44:49,51.0,1.2
9ef13efd6949e4573a18964dd1bbe7f5,2,37eb69aca8718e843d897aa7b82f462d,0b36063d5818f81ccb94b54adfaebbf5,2017-02-03 21:44:49,51.0,1.2
9ef13efd6949e4573a18964dd1bbe7f5,3,37eb69aca8718e843d897aa7b82f462d,0b36063d5818f81ccb94b54adfaebbf5,2017-02-03 21:44:49,51.0,1.2
9ef13efd6949e4573a18964dd1bbe7f5,4,37eb69aca8718e843d897aa7b82f462d,0b36063d5818f81ccb94b54adfaebbf5,2017-02-03 21:44:49,51.0,1.2
9ef13efd6949e4573a18964dd1bbe7f5,5,37eb69aca8718e843d897aa7b82f462d,0b36063d5818f81ccb94b54adfaebbf5,2017-02-03 21:44:49,51.0,1.2
9ef13efd6949e4573a18964dd1bbe7f5,6,37eb69aca8718e843d897aa7b82f462d,0b36063d5818f81ccb94b54adfaebbf5,2017-02-03 21:44:49,51.0,1.2
9ef13efd6949e4573a18964dd1bbe7f5,7,37eb69aca8718e843d897aa7b82f462d,0b36063d5818f81ccb94b54adfaebbf5,2017-02-03 21:44:49,51.0,1.2
9ef13efd6949e4573a18964dd1bbe7f5,8,37eb69aca8718e843d897aa7b82f462d,0b36063d5818f81ccb94b54adfaebbf5,2017-02-03 21:44:49,51.0,1.2
9ef13efd6949e4573a18964dd1bbe7f5,9,37eb69aca8718e843d897aa7b82f462d,0b36063d5818f81ccb94b54adfaebbf5,2017-02-03 21:44:49,51.0,1.2
9ef13efd6949e4573a18964dd1bbe7f5,10,37eb69aca8718e843d897aa7b82f462d,0b36063d5818f81ccb94b54adfaebbf5,2017-02-03 21:44:49,51.0,1.2
9ef13efd6949e4573a18964dd1bbe7f5,11,37eb69aca8718e843d897aa7b82f462d,0b36063d5818f81ccb94b54adfaebbf5,2017-02-03 21:44:49,51.0,1.2
9ef13efd6949e4573a18964dd1bbe7f5,12,37eb69aca8718e843d897aa7b82f462d,0b36063d5818f81ccb94b54adfaebbf5,2017-02-03 21:44:49,51.0,1.2
9ef13efd6949e4573a18964dd1bbe7f5,13,37eb69aca8718e843d897aa7b82f462d,0b36063d5818f81ccb94b54adfaebbf5,2017-02-03 21:44:49,51.0,1.2
9ef13efd6949e4573a18964dd1bbe7f5,14,37eb69aca8718e843d897aa7b82f462d,0b36063d5818f81ccb94b54adfaebbf5,2017-02-03 21:44:49,51.0,1.2
9ef13efd6949e4573a18964dd1bbe7f5,15,37eb69aca8718e843d897aa7b82f462d,0b36063d5818f81ccb94b54adfaebbf5,2017-02-03 21:44:49,51.0,1.2
9fb6e7ca3a34e0500eb810d98b00b81d,1,79896466715d0179d8e5c8a84e5f0a18,05ff92fedb5be47920fea08e501238b9,2017-01-29 18:22:36,449.0,27.34
a01cc79e3afbac4a52ce1d528080e438,1,adcfd260203f2ab192f83edb46d0f83f,dbb9b48c841a0e39e21f98e1a6b2ec3e,2017-01-15 10:24:36,17.5,10.96
a0d8e0c491e4b25ae11e8bb875935c18,1,30d55419015a4d9c2ca68586923d5a9f,19e0f40a907ec568c34bfac15de4f4a1,2017-02-06 11:26:49,44.5,10.96
a10231eb95955f12c2bbc1e34e25c950,1,473795a355d29305c3ea6b156833adf5,620c87c171fb2a6dd6e8bb4dec959fc6,2017-02-04 17:14:07,59.9,14.59
a1597cc7eca8c8d095e5de327444d9d0,1,1da5a90b5fbd1e1bc37b7bbb999c7bd3,de66a66f2dd06bb9ec37aa96987466a3,2017-01-29 17:35:24,45.89,17.78
a15df161654da3f47c2984ffd7764920,1,7bbc646134de228a74392d8407d16df8,ddd51ae8cda92f3995a51fc0f0f3eec7,2017-02-01 18:30:17,30.0,9.0
a15df161654da3f47c2984ffd7764920,2,7bbc646134de228a74392d8407d16df8,ddd51ae8cda92f3995a51fc0f0f3eec7,2017-02-01 18:30:17,30.0,9.0
a2c7b8f8a4fe1bc4a8f4e30a5311861d,1,8a1e1c6e48f0d275628e3c626d57257f,bf100ecb7997df312b285358fb32f92c,2017-01-27 07:33:11,59.9,14.59
a2db088616f079ceb7a0e856f8a741ca,1,8015f5d7a88ec30688c99aa9486561f7,89bc797e2e29667aa035d4368f9b7f92,2017-01-29 22:19:19,19.9,10.96
a3d1ef2562cf71542edfed06c1a7b6c8,1,dd27fbe859b9453b8147c3aaf47623c7,3c3017960b2dbd72711a61f0400aab8f,2017-01-25 11:43:35,89.9,25.37
a3e6136894621db402a772c6bc72a12a,1,0c9ff9d8ed9b9bdd825487b3a66e05f5,8581055ce74af1daba164fdbd55a40de,2017-02-03 17:00:09,238.9,18.0
a47c6e02b84d8dea0ec21748a611293e,1,58c41dff5d439e3f6260765550748762,2bdb95a56a36ebbc6640337ac5eac174,2017-01-31 22:07:02,89.9,18.0
a4e62639ac0ca7429854efc494c1915f,1,fe1ba35c47a4b599f34ce8ad2aa2c42b,75fbb52eda0cbc24f479d3b2fbfa8d3e,2017-02-04 10:48:02,14.9,9.0
a4e62639ac0ca7429854efc494c1915f,2,812b558694cd8e22f35f9d1bcfb549b5,75fbb52eda0cbc24f479d3b2fbfa8d3e,2017-02-04 10:48:02,14.9,9.0
a503ed3639b58426f15f719d61bfe408,1,80d3aeff2ab6c9d795010c029dbd5ddd,1554a68530182680ad5c8b042c3ab563,2017-01-31 12:10:43,199.99,34.6
a50d16f8c24acdc0c3d2fe0af2cd5c87,1,e2b9252181ddde232e0bfb68df262610,e24fc9fcd865784fb25705606fe3dfe7,2017-01-29 20:17:33,192.0,18.08
a52e6fa2d7c6ecaf73ff5f7f10438339,1,28fd1639ff52d870a3d2c38090d2d902,2199e7fe213c16213bf5d6a7eadc9a5d,2017-02-01 20:09:18,189.0,18.0
a68667474430fadbcfc1bfbb9e2adc0b,1,1074656a4fa698879d65d619f58083b2,61f159ef6da2d441951d2c0efa719362,2017-01-22 20:48:59,14.99,17.78
a6cd683d4bd3b9b1f0aa37b27f8116d3,1,721b56b7d205d6750e97716593bcb370,5c243662ce92d84573bfaff24c3e3700,2017-02-03 23:45:53,589.9,20.0
a6dfab363a9e239287c4b1e3c275fb93,1,04c48a5fe31aedc4ef3896c005fd483c,620c87c171fb2a6dd6e8bb4dec959fc6,2017-01-30 09:11:37,309.9,26.66
a6e307f50d1a494a1ad373af7a748e1d,1,bd7cd34fc6d02e730221b11edc354aae,46dc3b2cc0980fb8ec44634e21d2718e,2017-01-29 09:42:36,99.99,19.4
a73a38a5eeac4ab94ef2bcbd90f92e43,1,4f8303640418a925cc83a18d2caf0dbe,f9f68daa2af419d38f745478bcb3da1a,2017-02-02 19:55:05,11.2,18.0
a74a1bb28cb0ae0a239270f8e3a85cdf,1,25ed6ff9d1830f39f847e63f2653c07f,4e922959ae960d389249c378d1c939f5,2017-01-27 00:53:05,17.95,14.52
a7765f04ecc5f2e0683f08a97ee8174e,1,77d1f94d7eeaaeb36736fd1049e79eb3,8e6cc767478edae941d9bd9eb778d77a,2017-02-02 19:08:00,64.9,18.0
a8305d2dfd60042d6000b3de3bc533a3,1,3952bdd2bc1fc8c324a78de21ae4d801,8a87611c08849ffeeccab52aa798b6c7,2017-01-30 23:48:56,60.0,14.18
a87f63f16c37c383775f476c6f22b635,1,5538ed283fd2d0e2a1151507e1cbd59c,4da0e408c99d2fdc2126dc9fce518060,2017-01-18 15:42:20,28.0,17.78
a89b268d1a28bab0770e650f25232b06,1,6ae7f4ef0ca670ca2609d039af87d057,620c87c171fb2a6dd6e8bb4dec959fc6,2017-01-31 11:38:59,23.9,10.96
a8f7a1d76c02dc4a7c5177aee8c2b02c,1,e5d860a0fff2e94bd1a406456cc6c4b3,01cf7e3d21494c41fb86034f2e714fa1,2017-02-02 10:02:37,209.9,27.0
a9121d9a1f7b2530fd9d2d6dc01647cd,1,87283a98b24f9f1ac3a31b631073cf47,cab85505710c7cb9b720bceb52b01cee,2017-02-04 03:52:34,49.9,18.0
a9506e4af5c19ca12362961efdefb20d,1,6dab56beb5263f0d554cae5c55809208,f4aba7c0bca51484c30ab7bdc34bcdd1,2017-01-29 22:16:53,23.9,10.96
a9a93c428c6103f2151bb63a1d32a520,1,e4e9fa024c5f014419b395452a41987c,e2aee0892199b1d92530e371abd825bf,2017-01-18 17:57:50,99.9,60.77
a9ad904bde6787e355771489eef73012,1,beda52fd19ab7f39cadee87a7f3f472f,903037660cf848a717166eb7a06d616e,2017-01-27 21:38:10,112.99,15.55
a9ad904bde6787e355771489eef73012,2,beda52fd19ab7f39cadee87a7f3f472f,903037660cf848a717166eb7a06d616e,2017-01-27 21:38:10,112.99,15.55
aa04ef5214580b06b10e2a378300db44,1,9fc063fd34fed29ccc57b7f8e8d03388,ccc4bbb5f32a6ab2b7066a4130f114e3,2017-02-03 00:30:03,370.0,19.43
aa4f1c4318226e2f86adeb5578d8726b,1,952d57ee94f3a9873bc70d9789a21c8a,f7496d659ca9fdaf323c0aae84176632,2017-02-08 15:49:39,119.9,18.59
aa58df9711205e09b4ef6d704db7871e,1,6df665a20caa80a66804f836165bbf36,f235413f677777a0738ff215d0184901,2017-01-27 19:32:40,595.99,23.47
aa799c67bfe59b0de24f6db1dc1b776e,1,6ff2272628904adc50a60b0d755e9526,7e93a43ef30c4f03f38b393420bc753a,2017-02-02 20:14:15,222.4,18.0
aa830d74d3e7d4a392cb7eac51a9c719,1,39e96bf755a2107369e9e9654476d831,cca3071e3e9bb7d12640c9fbe2301306,2017-01-21 17:59:38,89.9,14.4
aac01d5ce6fab5aa0e191d71aedbaa3c,1,6fba9843ddfdebe33d2625afc8001eb7,7008613ea464bad5cb9b83456e1e6a8f,2017-02-01 13:24:20,35.5,18.0
ab0c90a5da04e0132ea07c113bedec0d,1,ace5d86cf1ac63cdb76f49e5cd23d2f8,cca3071e3e9bb7d12640c9fbe2301306,2017-01-31 20:53:06,50.9,26.62
aba7884f1a6e6e52b774eb7654651325,1,28c8150eb44ec8106c8f061afd9c3e9f,75d34ebb1bd0bd7dde40dd507b8169c3,2017-02-02 19:00:25,659.99,25.7
abbbf52551bc34cd52a7851c06dfca90,1,6f1ccca9f878a413a495487eb649ab32,586a871d4f1221763fddb6ceefdeb95e,2017-01-30 23:20:31,99.0,20.74
abbbf52551bc34cd52a7851c06dfca90,2,6f1ccca9f878a413a495487eb649ab32,586a871d4f1221763fddb6ceefdeb95e,2017-01-30 23:20:31,99.0,20.74
abef8b5d0f7fa066c7473db7d650c870,1,f0af7ec9760e53f21277444f32ee3308,cca3071e3e9bb7d12640c9fbe2301306,2017-01-22 13:17:46,99.9,13.28
abef8b5d0f7fa066c7473db7d650c870,2,f0af7ec9760e53f21277444f32ee3308,cca3071e3e9bb7d12640c9fbe2301306,2017-01-22 13:17:46,99.9,13.28
abef8b5d0f7fa066c7473db7d650c870,3,f0af7ec9760e53f21277444f32ee3308,cca3071e3e9bb7d12640c9fbe2301306,2017-01-22 13:17:46,99.9,13.28
abef8b5d0f7fa066c7473db7d650c870,4,f0af7ec9760e53f21277444f32ee3308,cca3071e3e9bb7d12640c9fbe2301306,2017-01-22 13:17:46,99.9,13.28
abfb34ed11820c7247adfb30fe5bb7ae,1,6cdd53843498f92890544667809f1595,ccc4bbb5f32a6ab2b7066a4130f114e3,2017-01-27 00:25:39,349.9,21.15
acb3a4ba3d4d4b0c57cd93736fa61558,1,30469bb5ea377eae7121981e2f0778e4,80e6699fe29150b372a0c8a1ebf7dcc8,2017-02-02 15:21:30,113.0,31.0
acc3d4031cbd2f28ac6b5b71427a054c,1,ab4d426852a7cd31cef3270bfab3bcdd,392e0502231ae2f8b29994ef6398cd77,2017-01-13 21:40:42,109.9,20.85
ad818323f40e1a353eb3a3874d138c51,1,20090bcd0d43eb49feb63d53d387780b,05ff92fedb5be47920fea08e501238b9,2017-01-14 19:43:30,176.0,15.4
adbbe31eab3ec8799e71b8fd89956464,1,2647bd04a8ac8605c0034dc49d21445d,77530e9772f57a62c906e1c21538ab82,2017-02-04 12:01:46,49.0,16.05
adebb4dfc650b98f7c7e38bb11cb0aa9,1,f4d1833c85057a25ac14374dda132701,f4aba7c0bca51484c30ab7bdc34bcdd1,2017-02-02 19:10:43,34.9,18.0
adf684f287283640cb375a2e8ada8c82,1,8ce0b48cdcc4b753ae4de64497998338,75d34ebb1bd0bd7dde40dd507b8169c3,2017-02-08 23:18:22,131.99,15.22
adf684f287283640cb375a2e8ada8c82,2,8ce0b48cdcc4b753ae4de64497998338,75d34ebb1bd0bd7dde40dd507b8169c3,2017-02-08 23:18:22,131.99,15.22
ae162713f33901220faa2a22c2bdba45,1,aba86c093ccdbac75b09111d57e50004,7c67e1448b00f6e969d365cea6b010ab,2017-02-09 14:38:41,119.6,11.45
ae162713f33901220faa2a22c2bdba45,2,aba86c093ccdbac75b09111d57e50004,7c67e1448b00f6e969d365cea6b010ab,2017-02-09 14:38:41,119.6,11.45
ae162713f33901220faa2a22c2bdba45,3,aba86c093ccdbac75b09111d57e50004,7c67e1448b00f6e969d365cea6b010ab,2017-02-09 14:38:41,119.6,11.45
ae25aaffc9b89e8519bb9b5aa59cc8ef,1,1fb368a1506cced21a07abb6d220c4e1,822b63912576852aea9a8436d72317b7,2017-01-28 12:18:07,139.99,15.43
ae917963181c56c14f8d0e873b1588ac,1,852b19e59727d554cf958607536d86d9,4d600e08ecbe08258c79e536c5a42fee,2017-01-21 16:47:13,379.0,27.14
af71d2ac9926b3c080b892c4882849c2,1,9dce7ad606cfbd6ea6ef7f7e43c039c1,cca3071e3e9bb7d12640c9fbe2301306,2017-02-10 16:23:28,45.9,10.96
af9cf6a8b011e9fea2be4c295942e58b,1,6fdfdddfa3c98723386e5fab78e87be3,1b8b75e227c9a9c100d0c210fb6176ce,2017-01-20 23:17:31,89.99,14.66
b017dafe7c59c8aaf92ab3fa1ca54d78,1,4bf205e4dc4e2c6b258e1ec0e2be9367,e3b4998c7a498169dc7bce44e6bb6277,2017-01-30 16:16:15,130.0,11.52
b033a34245ae159e80dd599b3c5cb92f,1,47f699d9462e071f977f612be2b5b67a,56642bcb79900e777d68e91915cb4267,2017-02-03 19:25:23,170.0,18.0
b03fd938df9e8a597888994c096914f4,1,1c5bd6a742367ec4d654a0859523e880,1f9ab4708f3056ede07124aad39a2554,2017-02-03 20:27:40,119.9,18.0
b063bf13bfec7c847d7a6bdb54554c00,1,f58bb9f12b0ca10029de2df4585a353f,46dc3b2cc0980fb8ec44634e21d2718e,2017-01-21 23:37:51,89.99,14.8
b08dfa6db006194a07108b6ff6330313,1,40057bb8798f91bc5835fe774b8b4c36,d12c926d74ceff0a90a21184466ce161,2017-01-28 09:00:49,69.9,11.1
b0f913cb83681e8a8563b96b641b3e1b,1,e5d860a0fff2e94bd1a406456cc6c4b3,01cf7e3d21494c41fb86034f2e714fa1,2017-02-01 17:59:37,209.9,18.0
b174fa32929e4af3622213e835cfa84a,1,6d811b6e8cada9a8f7f38bb315620e1b,80e6699fe29150b372a0c8a1ebf7dcc8,2017-01-13 21:31:15,129.0,22.37
b23dfa1c97d08f8d2017e85dbdc5b1aa,1,6f790ed0f75949b7fa234ec087aed912,5dceca129747e92ff8ef7a997dc4f8ca,2017-02-01 17:05:18,669.0,41.0
b34d8ec665f905d3c7583b291f54b605,1,9dbf7eb5228b2070008a2e331b114512,85d9eb9ddc5d00ca9336a2219c97bb13,2017-02-03 13:34:56,26.9,18.0
b379b3d63e1948d3692990c4e0a5adc8,1,1d092cf4f9b3ea4bed6ec6566b38ad45,b2ba3715d723d245138f291a6fe42594,2017-02-04 13:08:14,74.9,11.13
b3a60e4531d82485b6ed7c49ba266c66,1,91a5ae441d12befb1c62c19c4ffc940e,8a87611c08849ffeeccab52aa798b6c7,2017-02-01 22:54:48,155.0,18.0
b42efbd88abf3882f91928b08cf74d6f,1,1789a1b00c33bec9db6e27b4848a5c94,e9d99831abad74458942f21e16f33f92,2017-01-28 17:11:53,99.0,14.86
b4924647a0523d99010023d68b76c18d,1,36c2d6cd6fd0a6720f3ebe3379a2032d,d379f449f2a3b271bc01c0782020f705,2017-02-03 13:23:50,99.99,50.0
b49998737b7359ebe1b64b0b7ffb20f6,1,8efcb24ccca088a16dab13882f1c45e0,5f1dc28029d2c244352a68107ec2b542,2017-01-24 16:27:25,22.3,14.52
b4a600b2f7cc0efe40a086465eca8799,1,fb01a5fc09b9b9563c2ee41a22f07d54,522620dcb18a6b31cd7bdf73665113a9,2017-01-30 13:32:04,689.89,20.04
b4d81b7ba0a5e97d9b77104dc0f3b82d,1,68a058d125ba1544e726898f0b8c0523,7c67e1448b00f6e969d365cea6b010ab,2017-02-05 14:27:36,119.99,50.0
b4e9e179195a7cee910bf458c5b6e01e,1,a8fe47ad6f852f93cc92c7b408687de3,aaed1309374718fdd995ee4c58c9dfcd,2017-01-29 20:00:43,72.9,26.77
b5b103fe531168050d785d5b8de74174,1,1fa728d99803c8849b5c95cfeaf9b60c,403aa86912527d730337ffcb0fb096ab,2017-02-03 13:13:59,2199.99,18.0
b5c037cf61074d84c0a994fa0d024064,1,84c6e1fb0400fb720bfd40e3396e9044,cca3071e3e9bb7d12640c9fbe2301306,2017-01-19 15:58:39,169.9,16.35
b5c037cf61074d84c0a994fa0d024064,2,be7815756efd025355c3e09139c3f2ac,cca3071e3e9bb7d12640c9fbe2301306,2017-01-19 15:58:39,184.9,16.35
b5d124183f47ec6adf54b1cfc3e445f8,1,f32af0a8b0bcb05b60f05e8907ad8866,2a1348e9addc1af5aaa619b1a3679d6b,2017-01-31 12:22:34,29.9,14.11
b5eeec1b045b05d3e3010ef57120a8dc,1,17d17b9640ddee0ec3fa09c91b284ae9,cd06602b43d8800bd0afad514919d35c,2017-02-04 11:48:46,27.9,8.72
b626a11507dbce56f74a5b1b1a6af615,1,aeeed2c170290c9293b7f8f401714e01,5f0057b677eb963672bf05dfa3f16c34,2017-01-27 22:29:40,26.99,10.96
b6e5aa946acc4e29e7069510f28a0bce,1,2a763f02c6a7a8ab7c1be0460ff891d0,cca3071e3e9bb7d12640c9fbe2301306,2017-01-22 17:58:42,149.9,19.33
b73f09200030e4970b9840b72a630e45,1,16ba44d9231d19fc57e0a4188d0ce1cf,cca3071e3e9bb7d12640c9fbe2301306,2017-02-10 19:07:34,22.9,16.05
b782d486ebb05fdf0ba6ec05652f704f,1,34742604f6cd1e891726b849b6890f81,76d5af76d0271110f9af36c92573f765,2017-01-30 16:29:30,859.0,59.58
b782d486ebb05fdf0ba6ec05652f704f,2,34742604f6cd1e891726b849b6890f81,76d5af76d0271110f9af36c92573f765,2017-01-30 16:29:30,859.0,59.58
b79559dba6909e4d8ac0ddf501a99f14,1,4a625789888350aabb6b1acd0e8f9e39,8a32e327fe2c1b3511609d81aaf9f042,2017-01-23 08:57:04,12.99,9.34
b79559dba6909e4d8ac0ddf501a99f14,2,4a625789888350aabb6b1acd0e8f9e39,8a32e327fe2c1b3511609d81aaf9f042,2017-01-23 08:57:04,12.99,9.34
b7ae7c643ef9274727f48dcb0ba08593,1,43f88c8353708451babf9bcdd1fda92a,cab85505710c7cb9b720bceb52b01cee,2017-01-29 16:51:27,49.9,14.52
b7d6888a6d024b1e676d3156e53defb8,1,ff5f8606556b625613f069a5a9a48966,8cbac7e12637ed9cffa18c7875207478,2017-02-03 13:24:35,35.0,18.0
b8297ee8722ce94cc9a2e9263124cd36,1,be62f0c24387eae79f18265ad2a5d8cc,76d5af76d0271110f9af36c92573f765,2017-01-22 00:31:51,24.9,20.67
b866af202be0692766081310cd4085e1,1,0561435e3af107a3bd2104466ad5985a,41b39e28db005d9731d9d485a83b4c38,2017-02-15 14:59:17,34.9,3.39
b866af202be0692766081310cd4085e1,2,63cbf4066cf395d6634831160ddacbbd,0b09101900100c0e9d312861fad5a1b9,2017-02-25 13:59:17,153.75,14.61
b8a4cbf978ddb7ef0264c480a122329f,1,1d828db422e61ea21702baf9eda8732d,b76dba6c951ab00dc4edf0a1aa88037e,2017-01-31 11:36:22,6.99,8.72
b9581bf1b646f4fc021b131e1ca4d034,1,1b06c90f0a31f14d0f505323b5723a80,f8db351d8c4c4c22c6835c19a46f01b0,2017-01-29 22:46:24,61.9,15.64
b95a0a8bd30aece4e94e81f0591249d8,1,6c04a068e5ab37749c980c42a036b9e3,48efc9d94a9834137efd9ea76b065a38,2017-01-09 12:01:20,10.9,8.72
b95b454428554b28f33786b07e41edc4,1,e1ecccdfd47d369563db0edf20549475,cca3071e3e9bb7d12640c9fbe2301306,2017-02-01 16:31:54,79.9,18.0
b95df3cef5297e79ef709ba256518f6f,1,6cdd53843498f92890544667809f1595,ccc4bbb5f32a6ab2b7066a4130f114e3,2017-02-07 17:19:01,349.9,13.84
b96f5299909903eedc435d396f90f726,1,c6edce374ec89184d740f3e674add5f4,7e93a43ef30c4f03f38b393420bc753a,2017-01-30 09:50:17,1299.0,24.3
b9b51e569a2e79970555eb81107eb369,1,880be32f4db1d9f6e2bec38fb6ac23ab,fa40cc5b934574b62717c68f3d678b6d,2017-01-26 17:27:57,42.99,14.52
ba3d713d46b9dadf35bf0ab911b06408,1,777d2e438a1b645f3aec9bd57e92672c,4a3ca9315b744ce9f8e9374361493884,2017-01-17 09:02:32,69.9,15.7
ba78eeba3ae33579487bedc08dce96be,1,7642ddbf174d9a97119510f56be6c201,46dc3b2cc0980fb8ec44634e21d2718e,2017-01-28 14:14:29,279.99,22.59
bab0a62e41a5f0abc7f04989cdd7a6fd,1,f2b525fa6f0346d64e4efcf1b2302d31,822b63912576852aea9a8436d72317b7,2017-01-24 20:33:49,195.99,25.86
bb0ef554fe35f069cb84d62115f885f0,1,51f906f965ca71722df2059f9a7c1b62,3481aa57cd91f9f9d3fa1fa12d9a3bf7,2017-02-02 17:38:09,90.0,18.0
bb2dfe6031f35f7abc9a3c7dad5e4467,1,b68cf84ede4fd1e14b1740de5b727d55,e24fc9fcd865784fb25705606fe3dfe7,2017-01-26 14:09:03,636.0,15.84
bb448c2c512a6883aa2a26cb57b6cf4a,1,b463e740932577be6bedc720f216e79c,cca3071e3e9bb7d12640c9fbe2301306,2017-01-25 11:38:56,124.9,13.45
bbcec25aefec973dfa1b9499147fdf76,1,4a90b44b456e79e7a33435fdd36e551f,c9a06ece156bb057372c68718ec8909b,2017-01-14 14:08:07,380.0,45.07
bbf0608a4772666602f2fe57fe81742e,1,bf00630db939d773babccfe2449e9075,6edacfd9f9074789dad6d62ba7950b9c,2017-01-30 21:07:27,105.9,17.58
bc7bc14f585b1879f63e89cb0e4cfa17,1,9ce4603565c839785b24a7e95e28f4eb,59fb871bf6f4522a87ba567b42dafecf,2017-01-29 10:41:24,119.99,19.54
bcb093f60b7e48f285bf92f681e65651,1,c9d1849f97b6fe404378805a105d64ec,7722b1df1b0e383e000397b2c11e3e19,2017-01-23 13:06:45,89.9,11.24
bd2623f3663c5daa3f89e6b527fd49da,1,6d59a3fe3140425fb175cdd1e688dc2e,cca3071e3e9bb7d12640c9fbe2301306,2017-01-27 17:08:01,29.9,10.96
bda31774eda0320ee68c33da94027e4d,1,baeb8e1a680cf9e1f13557d74b6cec3d,a36ac007a4d18f865c8d32c3b2402c2d,2017-01-27 18:34:12,129.99,16.02
bdf4423bf60eac03b6786ebd0e507cc1,1,2636a9812d151c718b53387171ce08be,b17b679f4f5ce2e03ce6968c62648246,2017-01-30 23:10:07,30.97,10.96
be09f109e6aa72ccad1f72f521f8d525,1,7d1de1f9f0157db00486b7ff28b6c5a2,8a87611c08849ffeeccab52aa798b6c7,2017-02-02 20:03:45,110.0,18.0
bec25025b8d0b7db00c510720053761e,1,01586bfbe1d5449887f1cac4ad1fbd02,b76dba6c951ab00dc4edf0a1aa88037e,2017-01-29 12:21:10,12.97,10.96
beeff7037aa708c19973290382629a4c,1,a24198acc2d0e8240c40d914bd18df04,218d46b86c1881d022bce9c68a7d4b15,2017-01-30 18:54:48,209.99,12.86
bf44408de1d05eef70fb026ba64a90ea,1,1a2d84c11fbc7b3d7c0a10206c085ce5,b76dba6c951ab00dc4edf0a1aa88037e,2017-01-10 21:30:38,10.49,10.96
bf4931e6025b2bdd77ffa4264659c9e6,1,5b8423dc7f23089c9c59c5d140eb5a1c,a3a38f4affed601eb87a97788c949667,2017-01-31 18:28:44,129.99,18.0
bf79e4fa55a389d494f47feb2654892c,1,fe09eb5f7bfcb79d05df7c4e83ec204e,2a1348e9addc1af5aaa619b1a3679d6b,2017-02-04 21:11:10,14.9,14.52
bf88003f2580db7589007ec44bc85695,1,fdf648fe44c2e24e9857c8d4ad5a7028,903037660cf848a717166eb7a06d616e,2017-02-02 20:55:38,22.79,18.0
bf9d705db9fe15b5bd6a0a35c3e3365f,1,441571d37eb4c02c1686c4a2cff8a8e5,5a8e7d5003a1f221f9e1d6e411de7c23,2017-01-15 19:21:04,119.9,11.45
bfa74f7450cf978b57226b70a6a8936f,1,d8de812ed5d981fc6a3984f4caa2aa05,54a1852d1b8f10312c55e906355666ee,2017-01-31 12:51:19,59.99,11.03
bfbf87cc2829df6adac299ab0cc012bc,1,d99a9035db5875b38e59f9f55b9548f1,31344c16881c08a8a72c6d2eb29918c1,2017-01-30 21:58:21,229.9,21.92
c004caad90ab5b86dcc0e253eee4491b,1,aba86c093ccdbac75b09111d57e50004,7c67e1448b00f6e969d365cea6b010ab,2017-02-06 19:44:25,119.6,18.0
c022b7da8ab7a4a04bd561c8f765a14a,1,d36c8237f8a0a889aa9d6ac7816097e3,80e6699fe29150b372a0c8a1ebf7dcc8,2017-01-21 23:40:42,169.0,25.0
c0c48daac5ca760ce57d4e500886dc56,1,f1e297029531521190bb2312a90df567,8a32e327fe2c1b3511609d81aaf9f042,2017-01-26 14:13:58,29.99,10.96
c13e334a4d2b0b11e6422e69d009de0c,1,6f7064aeb028bc3a214a6e2bd5795e9d,b2ba3715d723d245138f291a6fe42594,2017-01-30 17:38:13,34.9,15.11
c13f61a17915a48e0741b02a6b7a3fe8,1,592dcb7933e5bf8d04d6b80a6c6312a2,cca3071e3e9bb7d12640c9fbe2301306,2017-01-28 15:01:29,59.9,13.0
c1d4211b3dae76144deccd6c74144a88,1,5ab02ca028398131a5ae91401eb49788,80e6699fe29150b372a0c8a1ebf7dcc8,2017-01-23 12:48:08,39.99,14.52
c37d452db8a3abfa3d99c322e92ef0ef,1,ca349c4d87c594b4995fcc4fa9c0b77b,b499c00f28f4b7069ff6550af8c1348a,2017-01-30 15:50:03,39.99,14.52
c383ab7c64e3ee1503e3574b22e37dab,1,591afedd45ae097827bf674a8491ea21,debe6615cd90cc0c2eac2b8988e1f628,2017-02-02 23:09:31,59.9,27.0
c3ad507aba1f6b47354085e7e6bed0cf,1,6cc859e89d080218ff4416539ffa030c,cca3071e3e9bb7d12640c9fbe2301306,2017-01-26 19:46:23,99.9,41.26
c3ad507aba1f6b47354085e7e6bed0cf,2,8e0aa05a387182c8ef3cd13b6131e60f,cca3071e3e9bb7d12640c9fbe2301306,2017-01-26 19:46:23,169.9,14.86
c3ad507aba1f6b47354085e7e6bed0cf,3,6cc859e89d080218ff4416539ffa030c,cca3071e3e9bb7d12640c9fbe2301306,2017-01-26 19:46:23,99.9,41.26
c3f2036b1de806c740a50b53bc3255dd,1,521037bc7634babf82c004187b6673e7,76d5af76d0271110f9af36c92573f765,2017-02-04 13:20:04,32.89,15.56
c45c354aed442407610326035c6c44d6,1,81c891c541361f1108fe9e2a645324d9,5dceca129747e92ff8ef7a997dc4f8ca,2017-02-01 21:22:15,869.0,24.0
c4669e882068cc0ade2697ed2169326e,1,9fc063fd34fed29ccc57b7f8e8d03388,ccc4bbb5f32a6ab2b7066a4130f114e3,2017-01-31 21:44:24,370.0,24.52
c504b1d68ad8d98a627dadca7ca53673,1,be5353e2c543ba4f67831f95d3775420,f4aba7c0bca51484c30ab7bdc34bcdd1,2017-01-26 18:30:51,23.9,14.52
c52497bdac8af9917fe744d605bdc43b,1,6050e522f532bdf1c69623a0312a39db,066a6914e1ebf3ea95a216c73a986b91,2017-02-02 22:47:29,99.9,18.0
c52edad050bea3d2f56fbc6be373c44f,1,5b8423dc7f23089c9c59c5d140eb5a1c,a3a38f4affed601eb87a97788c949667,2017-01-28 18:22:14,129.99,34.11
c5b1a5d21958f98a0c66114d622bc0ed,1,d24659126d5bbd0b1bacba3e8d17a978,7b07b3c7487f0ea825fc6df75abd658b,2017-01-29 15:32:48,25.0,14.11
c5e86e382215a14b35e8a51f1110f39d,1,583f23b0484747654c01a98021608a89,b2ba3715d723d245138f291a6fe42594,2017-01-27 17:04:36,164.9,11.33
c6522dab7d6b83ada4140b653c4db0b5,1,a50acd33ba7a8da8e9db65094fa990a4,8581055ce74af1daba164fdbd55a40de,2017-02-03 16:07:38,117.3,18.0
c6be81e3c1e9e15e5893e19d7ce49647,1,88d524b8b5576da63abf7b16bef48a39,2a1348e9addc1af5aaa619b1a3679d6b,2017-01-30 20:15:14,48.9,14.11
c6eb5dced200e49271f44b142658b6bb,1,2636a9812d151c718b53387171ce08be,b17b679f4f5ce2e03ce6968c62648246,2017-01-29 22:19:51,30.97,10.96
c7da1b57f7d2251252370bc7d94168fe,1,f457c5f0c72ba4cae17636c5174add2e,9646c3513289980f17226a2fc4720dbd,2017-02-02 21:27:17,18.0,20.0
c818ed0d99c7998f73659bd934936177,1,c4cca1d23088d10099f52159878b6686,dc8798cbf453b7e0f98745e396cc5616,2017-01-29 10:09:17,54.9,14.55
c870c1f3a9ba62194d1060c0accb18dd,1,b4f9530c931398e215242293c2c8ba4c,4e922959ae960d389249c378d1c939f5,2017-01-28 11:15:23,45.0,11.03
c870ef6a8e1d8eec841d79b42a6a20e4,1,1c2862e8f831c73dd953c24b3fd5b9e2,df560393f3a51e74553ab94004ba5c87,2017-01-23 20:45:08,31.5,14.52
c8aea852a760205e92591d5053231e07,1,8aa6223e400af9c97b07c75993142721,1f9ab4708f3056ede07124aad39a2554,2017-01-31 18:00:27,219.99,18.0
c8ea1ac95f4f994f94fb57e99dcca985,1,389d38a555287ebf3413ce43392cf007,2a1348e9addc1af5aaa619b1a3679d6b,2017-01-18 01:16:14,34.9,14.11
c96209cd1d43d071d3bdf48d299b7aa5,1,bc33268e0ab8b9c13207af78f8a62b75,48efc9d94a9834137efd9ea76b065a38,2017-01-09 15:37:58,11.9,8.72
c9645496b715730a1a5d07eb97a6bf6b,1,41817d1d44000e3105f24470a5224bcb,218d46b86c1881d022bce9c68a7d4b15,2017-01-22 14:56:47,128.0,13.48
c96867b4091191ba74279fc255656525,1,4a90b44b456e79e7a33435fdd36e551f,c9a06ece156bb057372c68718ec8909b,2017-01-17 20:53:54,380.0,45.07
c9d0365e799572906dd4a83e17d1b6e5,1,473795a355d29305c3ea6b156833adf5,620c87c171fb2a6dd6e8bb4dec959fc6,2017-02-02 23:24:19,59.9,18.0
c9f7bcb4ff5c6c8e661cb6cd7fd0974b,1,d8de812ed5d981fc6a3984f4caa2aa05,54a1852d1b8f10312c55e906355666ee,2017-02-03 11:47:10,59.99,18.0
ca5a215980675471f0cf8199c041909a,1,f5d8f4fbc70ca2a0038b9a0010ed5cb0,48efc9d94a9834137efd9ea76b065a38,2017-01-09 14:23:54,10.9,8.72
cb27e0d6c6f92df591073fb6ad5ef7f0,1,1e6981e727154bcd941d51fda894b183,46dc3b2cc0980fb8ec44634e21d2718e,2017-01-28 12:14:05,149.99,15.81
cb4980b31efc7af3ee819aa60582c31b,1,eb7172d8a3c64298d2d767f6603c231e,725c32fa80c2faacc4fc88450d27314e,2017-01-21 12:42:06,44.95,14.52
cb71bbdb68e876878e7c73346725a901,1,88d165f46820f016a6840428dd5b7996,620c87c171fb2a6dd6e8bb4dec959fc6,2017-01-29 18:51:43,259.9,19.25
cba1cb073e8cf5375b9f786704de8e80,1,c1066831f90626b7fd73ed871a49f158,bf100ecb7997df312b285358fb32f92c,2017-02-03 17:09:28,59.9,9.0
cba1cb073e8cf5375b9f786704de8e80,2,c1066831f90626b7fd73ed871a49f158,bf100ecb7997df312b285358fb32f92c,2017-02-03 17:09:28,59.9,9.0
cce1b8a1c5f8b1d224e19628299c8f54,1,f5d8f4fbc70ca2a0038b9a0010ed5cb0,48efc9d94a9834137efd9ea76b065a38,2017-01-09 13:33:45,10.9,8.72
cd068e0974cffc5007e3b5dcb416da26,1,88d165f46820f016a6840428dd5b7996,620c87c171fb2a6dd6e8bb4dec959fc6,2017-01-29 15:19:12,259.9,12.43
cd3ad05bdb70488e29c3afb5641cc178,1,a703f5ade6e4fae527357132230ea778,f4aba7c0bca51484c30ab7bdc34bcdd1,2017-01-30 13:52:09,23.9,14.11
cd63595a31d3717ff7ea9a0b041104a9,1,3790861742b5e1e8c72bc179fbeba4be,066a6914e1ebf3ea95a216c73a986b91,2017-01-27 20:46:11,24.9,14.52
cd63595a31d3717ff7ea9a0b041104a9,2,3790861742b5e1e8c72bc179fbeba4be,066a6914e1ebf3ea95a216c73a986b91,2017-01-27 20:46:11,24.9,14.52
cd6f777c4734b77c8f01725d6a3500c0,1,eb7172d8a3c64298d2d767f6603c231e,725c32fa80c2faacc4fc88450d27314e,2017-01-21 18:24:14,44.95,10.96
ce500b2ca0d960f937fb4d24282d3291,1,31c50827b6b5d0f51d61c8b2aa98f6e6,7a67c85e85bb2ce8582c35f2203ad736,2017-01-31 12:15:07,129.99,21.54
ce678bd6591f2487c9b4f5af45b4619f,1,4a90b44b456e79e7a33435fdd36e551f,c9a06ece156bb057372c68718ec8909b,2017-01-17 20:08:30,380.0,39.06
ce86fa5a5108884726a2244bcae51ae6,1,f5d8f4fbc70ca2a0038b9a0010ed5cb0,48efc9d94a9834137efd9ea76b065a38,2017-01-09 13:29:03,10.9,8.72
ceb2344189044ab3b6fa590520a71881,1,0b230f10ac2cfc4c831b825bf31a5de2,fa1a9dec3a9940c072684a46728bf1fc,2017-01-27 13:57:21,135.9,16.16
cedfe51bd6a794860c83382885f2328c,1,2636a9812d151c718b53387171ce08be,b17b679f4f5ce2e03ce6968c62648246,2017-01-29 20:03:37,30.97,10.96
cee2ddf4087d91aaf4874fc1436f9901,1,c615805546392ec3b8a20c6590c4d400,1336efc61c316ddf92c899eb817f7cae,2017-01-26 21:42:56,149.0,21.36
cfba3ca25a049f8bdf836baa3b8be493,1,880be32f4db1d9f6e2bec38fb6ac23ab,fa40cc5b934574b62717c68f3d678b6d,2017-01-27 20:21:12,42.99,14.11
cfd5e54c14f22b62683cea7ed91caa24,1,94fb2ab4419d523ecce8e5d56676788d,522620dcb18a6b31cd7bdf73665113a9,2017-02-04 17:36:56,214.9,25.99
cfe9a2c324eefb180663116644e4f171,1,99b89f140f651db441848081814dd1a1,3340ef1913fb70d28420f6ceb685c339,2017-02-03 14:07:53,195.9,6.0
cfe9a2c324eefb180663116644e4f171,2,99b89f140f651db441848081814dd1a1,3340ef1913fb70d28420f6ceb685c339,2017-02-03 14:07:53,195.9,6.0
cfe9a2c324eefb180663116644e4f171,3,99b89f140f651db441848081814dd1a1,3340ef1913fb70d28420f6ceb685c339,2017-02-03 14:07:53,195.9,6.0
d006112ce36cbbb57fec00ebce1de147,1,b23fd3f070d09d342bffeeea53c27aa3,3606774ec64634822d78dc2db6d37045,2017-01-29 15:28:32,119.9,29.03
d01c0baa4630bdd8a5d0266931837209,1,2eb6e8f39feaf75fc5163f774d38f0f1,5cf13accae3222c70a9cac40818ae839,2017-01-31 13:32:58,69.5,1.79
d01c0baa4630bdd8a5d0266931837209,2,d3060c543b1b88a647cc284ed7a9dd4a,f67efa3f0b6761102a7f8c6b7b571f5d,2017-01-31 13:32:58,109.99,16.21
d0a4948ce19a51837d5e24c26ab83d76,1,c3b271f47e73d0c9ccf1b43b7606c705,cca3071e3e9bb7d12640c9fbe2301306,2017-01-28 19:39:51,45.9,10.96
d12824c34f6e0552f57e8d8821242084,1,e2b9252181ddde232e0bfb68df262610,e24fc9fcd865784fb25705606fe3dfe7,2017-01-29 22:54:18,192.0,18.08
d1b32a0715fa2abd2ff4f3ec5e751964,1,e2b9252181ddde232e0bfb68df262610,e24fc9fcd865784fb25705606fe3dfe7,2017-01-28 07:58:59,249.0,25.94
d2e9aead95751dd6bd0ce80e7d506c53,1,77b433708de78b6f08c64d3cb465ad8c,b76dba6c951ab00dc4edf0a1aa88037e,2017-01-20 23:25:16,14.97,14.52
d322025aff44e8bead04f4e81023ede8,1,88d165f46820f016a6840428dd5b7996,620c87c171fb2a6dd6e8bb4dec959fc6,2017-01-29 01:26:40,259.9,12.43
d34e369fbc5cb753012079961b615121,1,8a2e3dc0454cf3b02230d01623b294a4,0ea22c1cfbdc755f86b9b54b39c16043,2017-01-27 14:58:00,24.9,14.52
d3a3e3dd365abc6013aa6321b0c12c79,1,b1e7e283a4b6203aa8adbafe09c2a521,76d5af76d0271110f9af36c92573f765,2017-01-30 11:18:28,369.0,60.19
d3a49dd2f9c21558b7a82c8f076f6c1d,1,bc2d6310e5cbd60facb2f9c8d9471597,dc317f341ab0e22f39acbd9dbf9b4a1f,2017-01-20 14:04:11,629.0,36.7
d3aa5667ad65af7fa58a5481d0aff07a,1,7858ef2bdbf08f635dedbe5cd1dc966e,ebef8d8c92b4fd3226e5d407bbff21ac,2017-02-02 13:42:10,69.9,18.0
d4421539677ce8da70f3abf867adf15c,1,d5b703c271f43f9c588a6f512a00f77e,fa40cc5b934574b62717c68f3d678b6d,2017-01-29 11:45:19,34.9,10.96
d44df0d4c71052d8b2a3bd5c50bd42b5,1,f422d0d9f8b5f7c27289382b14b61248,1554a68530182680ad5c8b042c3ab563,2017-02-11 09:31:33,66.99,18.0
d469b51abffc6d74299c8a0a56db5314,1,b07c988c725ddd67d0c7572a8099712d,cca3071e3e9bb7d12640c9fbe2301306,2017-01-30 17:41:58,34.9,10.96
d568f094af70874d55d22a89e093fe18,1,0233dd6f06e23c705ab76dc3ab165837,4e922959ae960d389249c378d1c939f5,2017-01-30 21:35:49,39.0,14.59
d568f094af70874d55d22a89e093fe18,2,0233dd6f06e23c705ab76dc3ab165837,4e922959ae960d389249c378d1c939f5,2017-01-30 21:35:49,39.0,14.59
d568f094af70874d55d22a89e093fe18,3,0233dd6f06e23c705ab76dc3ab165837,4e922959ae960d389249c378d1c939f5,2017-01-30 21:35:49,39.0,14.59
d5d777fdf41da773664443c2fd9acc23,1,6ae7f4ef0ca670ca2609d039af87d057,620c87c171fb2a6dd6e8bb4dec959fc6,2017-01-29 22:04:39,23.9,14.52
d62c14881563a74903e7d10f685406aa,1,8d1cfc0463b545928bfb4e589e017bd4,aae3bfea055532c57fb453ed3ec80b30,2017-01-23 16:02:47,62.9,24.93
d64aa68e4a96734f280b7ddf0852d511,1,76265fc5cc76fc5f09534fb307605c10,80e6699fe29150b372a0c8a1ebf7dcc8,2017-01-12 20:25:12,239.9,16.89
d6d06ebdeab0297fe7460931b29b4422,1,a703f5ade6e4fae527357132230ea778,f4aba7c0bca51484c30ab7bdc34bcdd1,2017-02-02 18:25:19,23.9,18.0
d6d7c431275f0029dcc3538850930046,1,67473aa97e981b3b8abaa6a8a768eb26,ccc4bbb5f32a6ab2b7066a4130f114e3,2017-01-26 14:28:48,145.0,16.71
d6f83d3377bbf1697831ea355301fb87,1,777d2e438a1b645f3aec9bd57e92672c,4a3ca9315b744ce9f8e9374361493884,2017-01-27 18:56:45,69.9,15.7
d6f83d3377bbf1697831ea355301fb87,2,777d2e438a1b645f3aec9bd57e92672c,4a3ca9315b744ce9f8e9374361493884,2017-01-27 18:56:45,69.9,15.7
d6f8a3db5b45d8d7ca18eb34d5c902ae,1,6256f069a778d733a18702d577570abf,fe19dce63ae80346207c6c55713d1023,2017-02-04 15:39:27,49.9,21.82
d730d8d0ea3149120703933fdf98b2d4,1,25287671dbfca39d8aecdd754c28b269,392e0502231ae2f8b29994ef6398cd77,2017-01-17 20:12:41,54.9,12.96
d7449e15f5045562074cc57796341cf7,1,e2b9252181ddde232e0bfb68df262610,e24fc9fcd865784fb25705606fe3dfe7,2017-02-04 18:59:08,192.0,30.27
d809ddde66fee6223df16b11231491f9,1,d12a5178024ccefb3582170a9ab45a0d,054694fa03fe82cec4b7551487331d74,2017-01-11 17:20:56,399.0,24.26
d809ddde66fee6223df16b11231491f9,2,d12a5178024ccefb3582170a9ab45a0d,054694fa03fe82cec4b7551487331d74,2017-01-11 17:20:56,399.0,24.26
d81dff089ae648dacea746f77643f86e,1,1d3f55c00acdb29bd959f2760abc8b7d,8581055ce74af1daba164fdbd55a40de,2017-01-28 22:16:05,176.9,16.3
d81dff089ae648dacea746f77643f86e,2,0c9ff9d8ed9b9bdd825487b3a66e05f5,8581055ce74af1daba164fdbd55a40de,2017-01-28 22:16:05,238.9,23.2
d81dff089ae648dacea746f77643f86e,3,0c9ff9d8ed9b9bdd825487b3a66e05f5,8581055ce74af1daba164fdbd55a40de,2017-01-28 22:16:05,238.9,23.2
d81dff089ae648dacea746f77643f86e,4,1d3f55c00acdb29bd959f2760abc8b7d,8581055ce74af1daba164fdbd55a40de,2017-01-28 22:16:05,176.9,16.3
d82cef48824870df9946d57e827ed727,1,6c04a068e5ab37749c980c42a036b9e3,48efc9d94a9834137efd9ea76b065a38,2017-01-09 14:33:39,10.9,8.72
d8d04eeca6703f5545f4c25b8ace1ee9,1,e07fbd0969dcddca941b8c4adec498b1,5b664594895aefb418afaee6d40a9a23,2017-01-19 10:14:31,38.9,16.05
d9515cd3ca09c7b9b751f077d2adfc84,1,51eb65f0fd99823a3cb2c0d985e230a9,dd58ee93286b0821565574c570e9e1dc,2017-02-03 17:05:18,699.0,36.0
d9a08faa201940dd3302f06944b5c739,1,f7b6ca5735bfd052e73fa0b776070112,70a12e78e608ac31179aea7f8422044b,2017-01-22 18:57:58,38.9,11.16
da0571dd2e59b32cca46279a02bfb40e,1,7721582bb750762d81850267d19881c1,0c8380b62e38e8a1e6adbeba7eb9688c,2017-01-23 19:02:48,59.5,13.0
dac3cf54f4d52017ab99420c95845083,1,9ce4603565c839785b24a7e95e28f4eb,59fb871bf6f4522a87ba567b42dafecf,2017-02-03 19:43:17,119.99,20.0
db0b12b763f716df3f27218724161479,1,d41d8cd98f00b204e9800998ecf8427e,066a6914e1ebf3ea95a216c73a986b91,2017-01-24 19:22:40,229.9,18.97
db0b12b763f716df3f27218724161479,2,d41d8cd98f00b204e9800998ecf8427e,066a6914e1ebf3ea95a216c73a986b91,2017-01-24 19:22:40,229.9,18.97
db4d2ecc1c1a157d6250c84dd86eb838,1,ca38c039b717207dec906f4fa9a21db7,59fb871bf6f4522a87ba567b42dafecf,2017-01-26 13:27:07,184.99,15.05
db7576b1fe440f4c0a808855aacf0948,1,db9c09ef2fa2590a7ca12480603396aa,48efc9d94a9834137efd9ea76b065a38,2017-01-09 13:37:27,9.9,8.72
db7d019ce87ceb1539bd37353ab408ba,1,2029248294c186017ecfc48cecd47bbd,d50d79cb34e38265a8649c383dcffd48,2017-01-30 20:55:09,126.99,24.71
dba1b6fd34a7fd5961e829fa902ca702,1,880be32f4db1d9f6e2bec38fb6ac23ab,fa40cc5b934574b62717c68f3d678b6d,2017-02-01 23:29:12,42.99,18.0
dbd4885aa71d304f95eb40c67bfbec35,1,34742604f6cd1e891726b849b6890f81,76d5af76d0271110f9af36c92573f765,2017-01-27 18:40:23,859.0,97.27
dc17c17282032d56b1ca7dfbb291cf07,1,9d703ce870d13f6fca072b0fca977fc1,820cc752a266cdc6c1a1e61dd4583330,2017-02-04 20:16:02,109.9,14.94
dd480c63548e3c0b7219520e3784ebd2,1,56fd30e18420cb9a5a50c718168fa660,9535a841eecebed61a9fb1ac1cbb5597,2017-01-30 16:25:36,186.0,15.47
de05dd73ee1b5a964eaa56f814c49851,1,462ca84097e3116f8dc7642fb057b4b2,85d9eb9ddc5d00ca9336a2219c97bb13,2017-01-26 18:17:15,19.9,16.05
de59016b99422f0bbd7e51a301bf2578,1,6bf1cd252d73626ab181be470f56e07b,8bd0f31cf0a614c658f6763bd02dea69,2017-01-24 01:59:05,37.99,14.12
df1b378ac0b21d71ef1e642971d31530,1,f32af0a8b0bcb05b60f05e8907ad8866,2a1348e9addc1af5aaa619b1a3679d6b,2017-01-18 16:10:59,29.9,14.11
df410b19c3e348fb548ae68badd49827,1,8694f037a1ff62c5b61939eb818e43ab,cca3071e3e9bb7d12640c9fbe2301306,2017-01-20 23:05:01,24.9,10.96
df537c849af44beef86a7ef7de12126a,1,dbd024d4182504993ad1e3cd2ee9d9e9,ffff564a4f9085cd26170f4732393726,2017-01-29 21:48:41,29.4,10.96
df56136b8031ecd28e200bb18e6ddb2e,1,f28cbd414cd06f1ae84065c8dd8be834,4da0e408c99d2fdc2126dc9fce518060,2017-01-30 13:15:41,23.9,2.53
df56136b8031ecd28e200bb18e6ddb2e,2,50aa8f292a9510d5542f2a078903a2a7,834f8533b2ecb6598dd004ff3de7203a,2017-01-30 13:15:41,63.92,15.82
df56136b8031ecd28e200bb18e6ddb2e,3,3025303c80b01a0926fda2841cc31b4a,4da0e408c99d2fdc2126dc9fce518060,2017-01-30 13:15:41,66.9,31.65
df6e0cd0f23b4735b02cb6d9279bb310,1,c384df04227582c085d6524937a3768a,2b1a40c1daabc6ca280c4b815c101841,2017-01-20 21:18:10,345.0,27.64
dfd954e67c5eeaa6432cdc40a6b66d73,1,bd082283de9ecc71505205dfc7c6c9b4,817f85dbb65aa3e70831d90fe75cdf89,2017-01-27 19:32:38,89.9,15.84
dff20979c5b8b4378f7e769aa413390e,1,8815734317fa2693bcce3db610158d92,dd2bdf855a9172734fbc3744021ae9b9,2017-02-04 13:34:09,69.9,17.37
e01e0edd184fa69973f66cfc1fde15b3,1,c847f8a786c8a1a4ba04f7c3626cbd55,3be5841cdcc46de4ed3f9116f104b2c5,2017-01-28 21:16:50,149.9,29.93
e04d9eacedc0dca9d83c14fcb0d7276c,1,68bec1af3851f58027db8beadf3914d7,b2ba3715d723d245138f291a6fe42594,2017-01-23 14:04:48,84.9,11.2
e068276f5e75a66212f75b84ebfeaccf,1,07c055536ebf10dfbb6c6db6dbfc36e5,cca3071e3e9bb7d12640c9fbe2301306,2017-01-26 13:17:46,45.9,10.96
e08f76fed43c999d57979d1879871ce1,1,cea0783f5748d01abec8fd268dccba49,a416b6a846a11724393025641d4edd5e,2017-02-01 16:48:24,89.57,15.39
e09dd765041e9934d762d51ccb26adee,1,7c68e7297c7df2535c9f0dcd61007f64,bb135baca94c82fcb731335ad5b04a03,2017-01-25 06:58:31,9.9,9.62
e09dd765041e9934d762d51ccb26adee,2,7c68e7297c7df2535c9f0dcd61007f64,bb135baca94c82fcb731335ad5b04a03,2017-01-25 06:58:31,9.9,9.62
e09dd765041e9934d762d51ccb26adee,3,7c68e7297c7df2535c9f0dcd61007f64,bb135baca94c82fcb731335ad5b04a03,2017-01-25 06:58:31,9.9,9.62
e09dd765041e9934d762d51ccb26adee,4,9b169f20f1b0ad0cd0d53d6d5f12e20f,bb135baca94c82fcb731335ad5b04a03,2017-01-25 06:58:31,9.9,1.92
e09dd765041e9934d762d51ccb26adee,5,7c68e7297c7df2535c9f0dcd61007f64,bb135baca94c82fcb731335ad5b04a03,2017-01-25 06:58:31,9.9,9.62
e09dd765041e9934d762d51ccb26adee,6,7c68e7297c7df2535c9f0dcd61007f64,bb135baca94c82fcb731335ad5b04a03,2017-01-25 06:58:31,9.9,9.62
e1000df659259b29cb73a4798ccd7454,1,b17808303e15dd50538c011b44295427,4a3ca9315b744ce9f8e9374361493884,2017-01-22 23:02:45,68.9,15.69
e19721a12bc1caeb2095db14d8d6fc4e,1,777d2e438a1b645f3aec9bd57e92672c,4a3ca9315b744ce9f8e9374361493884,2017-02-02 11:10:23,69.9,18.0
e1fe072ef14b519af1f0a8ed997c1301,1,743801b34cc44776de511ba8eff778e2,48efc9d94a9834137efd9ea76b065a38,2017-01-09 15:32:59,9.9,14.52
e224d9d6fa66b26b8b86e73d2852136c,1,6cdd53843498f92890544667809f1595,ccc4bbb5f32a6ab2b7066a4130f114e3,2017-01-22 12:41:31,349.9,24.38
e2b56835030c81195a5f1d65a17a2c1f,1,30469bb5ea377eae7121981e2f0778e4,80e6699fe29150b372a0c8a1ebf7dcc8,2017-02-01 14:18:45,113.0,31.0
e2d092db21e901d04985350bf0e748ac,1,425a12d4dd8e5e7ba3be5c4157f1fafc,fa1c13f2614d7b5c4749cbc52fecda94,2017-01-22 20:11:57,189.0,15.49
e38f9946fb20db4a597eed7547c59afc,1,8d98dedc3c19de17f1a090195e85d6b6,fa40cc5b934574b62717c68f3d678b6d,2017-01-26 13:49:37,49.9,14.52
e3e80c87ef38162cf2d0fb01c481f5df,1,8ce0b48cdcc4b753ae4de64497998338,75d34ebb1bd0bd7dde40dd507b8169c3,2017-02-05 17:05:59,131.99,18.0
e3f7a673dd1981e0d7b330c8a7220220,1,333f07710e0ba89e037d164c13726e6a,46dc3b2cc0980fb8ec44634e21d2718e,2017-01-28 09:04:09,299.99,28.36
e40815dcb739e03cb2c06547ef7c3092,1,9321b2e4e8fe357fe2e3bad624229bd5,a888faf2d1baececa6baf9c3d603ee1f,2017-02-06 21:51:24,489.9,18.0
e4774d4c3b28de27487f1caa9de5a6f5,1,16ce899c7af0c99f46948734a0d00f0f,0725b8c0f3f906e58f70cbe76b7c748c,2017-01-24 17:23:00,79.61,17.3
e4774d4c3b28de27487f1caa9de5a6f5,2,16ce899c7af0c99f46948734a0d00f0f,0725b8c0f3f906e58f70cbe76b7c748c,2017-01-24 17:23:00,79.61,17.3
e4774d4c3b28de27487f1caa9de5a6f5,3,16ce899c7af0c99f46948734a0d00f0f,0725b8c0f3f906e58f70cbe76b7c748c,2017-01-24 17:23:00,79.61,17.3
e4774d4c3b28de27487f1caa9de5a6f5,4,16ce899c7af0c99f46948734a0d00f0f,0725b8c0f3f906e58f70cbe76b7c748c,2017-01-24 17:23:00,79.61,17.3
e48db3b231e0ad61656e81b4c9311dad,1,473795a355d29305c3ea6b156833adf5,620c87c171fb2a6dd6e8bb4dec959fc6,2017-02-04 18:44:31,59.9,20.87
e4f669bb9b79875231a2cf27ab8dd229,1,5c6dad13ed0e96184a1bad2adbbd6394,5fd924b4836098a5be0ecf81ba054ce0,2017-01-27 22:29:11,510.0,25.04
e5ecfcbdbc07f8edf7ec0df1504a74a6,1,b3793f4676bdf327ca34c40d236ee2b2,dd264199fc8b687ad029de7de6d760e6,2017-01-23 11:47:55,87.9,20.7
e660da13091dbe48784500c1c3e2fb75,1,1a06cc924ba852bef5a19bb5aefa4d6c,cca3071e3e9bb7d12640c9fbe2301306,2017-01-28 19:46:22,219.9,36.16
e6ba7ef3fa398a176291132b06cd519e,1,acac295886c915b0bcb309cb4158c0a7,1d0997ff06b524ce9289ffd75114ecd3,2017-01-31 16:21:48,1999.0,24.0
e6db6e9529fecbe14cd05dd349816656,1,06ead9c0b05b368667d858c09148af03,b2ba3715d723d245138f291a6fe42594,2017-01-15 21:27:49,109.9,14.94
e75011be2ec3dec23d2ed6757d35c792,1,b6f134ff2933bb0ee1f36e2865f21a91,0c8380b62e38e8a1e6adbeba7eb9688c,2017-01-23 14:38:27,144.5,18.1
e75011be2ec3dec23d2ed6757d35c792,2,2c855454330b900b5238383ea6e815ca,0c8380b62e38e8a1e6adbeba7eb9688c,2017-01-23 14:38:27,144.5,12.11
e75011be2ec3dec23d2ed6757d35c792,3,96537ba8cc2b7b2d74ef574b5e78d458,0c8380b62e38e8a1e6adbeba7eb9688c,2017-01-23 14:38:27,144.5,16.75
e76d6d6fbbef90b49c986259f44d2c20,1,027cdd14a677a5834bc67a9789db5021,620c87c171fb2a6dd6e8bb4dec959fc6,2017-02-04 12:54:44,99.9,18.13
e7bbb39c507d08caa0aee263d3d6ca55,1,ca38c039b717207dec906f4fa9a21db7,59fb871bf6f4522a87ba567b42dafecf,2017-01-20 21:55:31,184.99,16.59
e81600d4371046078150ab84d31175d3,1,8bc9dee0f2da0b7ad43095be7ad8414f,76d5af76d0271110f9af36c92573f765,2017-01-29 09:31:09,399.0,94.16
e81600d4371046078150ab84d31175d3,2,8bc9dee0f2da0b7ad43095be7ad8414f,76d5af76d0271110f9af36c92573f765,2017-01-29 09:31:09,399.0,94.16
e8d766b30a09fa62922aec00c6fecc85,1,3fd19f24609ba67a95e7a88f1b0e8e7d,61f159ef6da2d441951d2c0efa719362,2017-01-28 21:24:34,79.99,19.15
e9beb67cf376905f8cd308ef0f02071d,1,30001d6521e7d5826eb1881050cea7e7,85d9eb9ddc5d00ca9336a2219c97bb13,2017-01-28 01:22:51,20.9,14.52
e9cd104dfc8837e084c067292c013b0a,1,0a6cf067b01351046739940c8cb7f60f,25e6ffe976bd75618accfe16cefcbd0d,2017-01-30 21:33:43,36.75,10.96
e9df4254faf2fe70bfbff4c0abe4fb7c,1,1c2862e8f831c73dd953c24b3fd5b9e2,df560393f3a51e74553ab94004ba5c87,2017-01-25 14:22:49,31.5,14.52
ea5f30a182b04fd1296273605983b9a4,1,a703f5ade6e4fae527357132230ea778,f4aba7c0bca51484c30ab7bdc34bcdd1,2017-01-27 11:56:23,23.9,14.52
ea5f30a182b04fd1296273605983b9a4,2,a703f5ade6e4fae527357132230ea778,f4aba7c0bca51484c30ab7bdc34bcdd1,2017-01-27 11:56:23,23.9,14.52
ea97616a19d3b2683ab949def1037708,1,9123002e53f822415107f07e5dcf199f,6edacfd9f9074789dad6d62ba7950b9c,2017-01-21 14:57:29,66.9,15.68
eabfb81cf01d772d65405ff27c793ddb,1,6cdd53843498f92890544667809f1595,ccc4bbb5f32a6ab2b7066a4130f114e3,2017-01-30 16:57:22,349.9,24.38
eb17935134e6fdd210b40a3d4f8235b2,1,d696750e550fd0f733979dd7e5dff921,9de4643a8dbde634fe55621059d92273,2017-01-27 00:55:47,173.85,18.06
eb17935134e6fdd210b40a3d4f8235b2,2,d696750e550fd0f733979dd7e5dff921,9de4643a8dbde634fe55621059d92273,2017-01-27 00:55:47,173.85,18.06
eb87432d1b32d99db89d573d77767a01,1,a5f6ba3fe91a2e73f10b612131cb2404,4e922959ae960d389249c378d1c939f5,2017-01-21 09:15:55,39.0,11.31
eb9cf2c383ca81f5d9750cc9e75fef41,1,5c15e8f223a8bf0d7858c403ddc1b0ed,4a3ca9315b744ce9f8e9374361493884,2017-01-16 23:11:07,59.9,15.63
ebb5a074406776ad07439bc2049c1fe4,1,f0f3c686ec837b27ec9da08762d85317,710e3548e02bc1d2831dfc4f1b5b14d4,2017-02-04 11:47:30,49.99,15.56
ec63c198f700051fb0a74c40a757af0e,1,9d3bc872d8bb405d3cd5e7a8deaf4fa9,4e922959ae960d389249c378d1c939f5,2017-01-25 14:00:52,19.0,14.52
ec7a019261fce44180373d45b442d78f,1,f5d8f4fbc70ca2a0038b9a0010ed5cb0,48efc9d94a9834137efd9ea76b065a38,2017-01-09 11:56:06,10.9,8.72
ecfdcaa1a2dacb4e5297d8251b115002,1,f9e5efb845b51d764b06f149eb99fc7f,b92e3c8f9738272ff7c59e111e108d7c,2017-01-21 22:26:00,59.9,24.62
ecfec80cd0ce1a66543b6bd5e278a76b,1,12595985a0207bedf6e09ef07e1f98a3,80e6699fe29150b372a0c8a1ebf7dcc8,2017-02-02 10:27:35,102.5,18.0
ed2ea4498bcd56d90d461a23fa47ac56,1,cce61e7ab409679afd6ba99a47349582,cca3071e3e9bb7d12640c9fbe2301306,2017-01-20 23:05:01,29.9,10.96
ed5c53daefe487fab95ccd2afaf61bb0,1,77794668e2278bf0045019b0d8a308b2,cca3071e3e9bb7d12640c9fbe2301306,2017-01-28 21:56:13,64.9,11.84
ed6878f64d1bb00f07e210dfaaf9e4d3,1,9da1c863c2389407fa1da532a5238d47,0ea22c1cfbdc755f86b9b54b39c16043,2017-01-24 13:32:34,54.9,20.83
edbcacae5cb8f20f789d86dc0cf80ade,1,a760ef0bb70c954d79e62ec6023d380c,01cf7e3d21494c41fb86034f2e714fa1,2017-02-04 18:49:35,76.05,15.79
ee55010a370e987f203499f435a59847,1,027cdd14a677a5834bc67a9789db5021,620c87c171fb2a6dd6e8bb4dec959fc6,2017-02-03 15:17:47,99.9,18.0
ef445757c25db3525a25a2b9641ef288,1,389d38a555287ebf3413ce43392cf007,2a1348e9addc1af5aaa619b1a3679d6b,2017-01-18 22:17:49,34.9,16.05
ef59d0e720795bd288acef80bd96d2cc,1,92fc46ca7d96704d71f84ed65943a0c1,46dc3b2cc0980fb8ec44634e21d2718e,2017-02-03 21:56:11,179.99,18.0
efc734aa0895a5973f3e783a742f1119,1,0de1e69dff6f40f9f71be7034a8bb8d2,620c87c171fb2a6dd6e8bb4dec959fc6,2017-01-30 12:45:40,349.9,19.88
f04479bb4e07ce7b8ac1d2287b528541,1,bd3a02d6af913ac8e4c07501e2a13dd5,004c9cd9d87a3c30c522c48c4fc07416,2017-02-03 16:00:36,129.99,18.0
f175d67589e059cbbda956f10f0702e6,1,d8c365a069853295a82caf595c2c8c8d,48efc9d94a9834137efd9ea76b065a38,2017-01-09 13:34:35,9.9,8.72
f2a5336cc1662ad56b16f4ed6e4b2de5,1,4a90b44b456e79e7a33435fdd36e551f,c9a06ece156bb057372c68718ec8909b,2017-01-19 17:55:56,380.0,49.7
f2dd5f15184c73c0d45c02941c7c23d1,1,b931645cdc2d9868f01544e8db63f5ab,b14db04aa7881970e83ffa9426897925,2017-01-09 22:52:33,65.0,26.92
f30663edef2c5ccbd8ac1901275ecf64,1,014a8a503291921f7b004a5215bb3c36,fa40cc5b934574b62717c68f3d678b6d,2017-01-28 16:26:51,36.9,8.72
f313be47c42e07616027ad6d6ac3034c,1,e3ffa5b25f4a372e7ccf597b6ceb6c90,5a8e7d5003a1f221f9e1d6e411de7c23,2017-01-16 13:11:45,59.9,14.59
f38755557b9876c68991673e64852af8,1,2b5bed5ddd304876b5d0c3eca2b6cbce,cca3071e3e9bb7d12640c9fbe2301306,2017-01-21 08:33:40,89.9,17.37
f3c95cc4d7074e5b709ac1a9c10dea1c,1,2794308672e65bc5a970a627ddb9b0f1,dbb9b48c841a0e39e21f98e1a6b2ec3e,2017-01-26 16:10:09,14.5,10.96
f400946403a78fdd034cf522d3f85512,1,9251443819682703b07d22f78d20d603,48efc9d94a9834137efd9ea76b065a38,2017-01-30 10:00:37,14.9,17.78
f400946403a78fdd034cf522d3f85512,2,242eb53ca3c0b52e275b6fd7ce8b0be7,48efc9d94a9834137efd9ea76b065a38,2017-01-30 10:00:37,14.9,17.78
f4026d9ae34e982204b4f7b627939d32,1,4d3e81b2dfb45a73759982d63e532e94,25e6ffe976bd75618accfe16cefcbd0d,2017-01-31 19:44:14,38.99,12.5
f4026d9ae34e982204b4f7b627939d32,2,4d3e81b2dfb45a73759982d63e532e94,25e6ffe976bd75618accfe16cefcbd0d,2017-01-31 19:44:14,38.99,12.5
f4026d9ae34e982204b4f7b627939d32,3,4d3e81b2dfb45a73759982d63e532e94,25e6ffe976bd75618accfe16cefcbd0d,2017-01-31 19:44:14,38.99,12.5
f4026d9ae34e982204b4f7b627939d32,4,4d3e81b2dfb45a73759982d63e532e94,25e6ffe976bd75618accfe16cefcbd0d,2017-01-31 19:44:14,38.99,12.5
f47f217e6978ad1f6991ec7d9444b0eb,1,e7d26dd6742baca292020c158e6720c3,6cd68b3ed6d59aaa9fece558ad360c0a,2017-02-04 19:17:03,54.9,8.0
f47f217e6978ad1f6991ec7d9444b0eb,2,242edc6b84c00f0d48c664a020a92c52,6cd68b3ed6d59aaa9fece558ad360c0a,2017-02-04 19:17:03,54.9,21.1
f53b39c6c91ce86717c15d8e4e5da0c2,1,913580fde3e72c3b3e4ce0b79963bee6,b76dba6c951ab00dc4edf0a1aa88037e,2017-01-12 09:35:07,10.99,14.11
f5d54f3d6cc2c7125dc1de8888ce8975,1,bfd4d65a528678737bcb523e5a3c5f58,d50d79cb34e38265a8649c383dcffd48,2017-01-24 19:18:03,105.99,15.85
f6089c47bab18faae3d90c64cfb08481,1,60525d5b6a1658c5eea3c64713922000,004c9cd9d87a3c30c522c48c4fc07416,2017-02-06 16:13:48,109.99,17.51
f6b63a36cd2dd4fd184e6da3f911a4de,1,95c40b993a22463c83beb5c51a03d46c,85d9eb9ddc5d00ca9336a2219c97bb13,2017-01-23 15:31:13,20.9,14.52
f77dc5ef53142abf2e1734622d81f664,1,b7b7c5293e270682d3f343c31355c52a,cca3071e3e9bb7d12640c9fbe2301306,2017-01-22 17:58:43,149.9,19.33
f7a4be4d6edb66bd0e62e91e1bbc9061,1,15b3d4c8373cd64166af5504b49d289d,0c8380b62e38e8a1e6adbeba7eb9688c,2017-01-21 10:49:05,49.9,17.09
f7b9821d83a86f942cd40560f3c06622,1,4a90b44b456e79e7a33435fdd36e551f,c9a06ece156bb057372c68718ec8909b,2017-01-17 17:53:10,380.0,39.06
f7d546d5833e27f1f2815dc05d94b4c0,1,11fd9d7ba552e1d28872e008acf1e050,cb8bcce248bb1fb274ba762d8b971456,2017-01-30 00:16:29,139.9,16.68
f8156c3c902b5ae88ac59a6c7b28f72a,1,f4d18451e6c35980e6898e36dfd6fb55,4a3ca9315b744ce9f8e9374361493884,2017-01-21 11:21:45,48.9,11.74
f85e82f7a3b6d26dc7d16b7c2c39b31a,1,af51d485dc5255ba2e18b21b550156e6,5dceca129747e92ff8ef7a997dc4f8ca,2017-02-02 17:44:07,239.9,18.0
f878206572adfa47110fed4947806589,1,bb674e06dbfa1c64d429fd65dfc02f87,817f85dbb65aa3e70831d90fe75cdf89,2017-01-23 09:59:49,149.99,32.65
f88aa9b677553d2e3f0e77b495066619,1,1da5a90b5fbd1e1bc37b7bbb999c7bd3,de66a66f2dd06bb9ec37aa96987466a3,2017-01-24 14:56:31,45.89,14.52
f92641ff0446a0e1c57195ebfe76e16a,1,d8c365a069853295a82caf595c2c8c8d,48efc9d94a9834137efd9ea76b065a38,2017-01-09 14:42:02,9.9,8.72
f9427374480e37251d5c279ebc41a3ab,1,913580fde3e72c3b3e4ce0b79963bee6,b76dba6c951ab00dc4edf0a1aa88037e,2017-01-21 14:57:45,10.99,10.96
f9427374480e37251d5c279ebc41a3ab,2,913580fde3e72c3b3e4ce0b79963bee6,b76dba6c951ab00dc4edf0a1aa88037e,2017-01-21 14:57:45,10.99,10.96
f9d5369378902ad40733614f75fdc908,1,be5353e2c543ba4f67831f95d3775420,f4aba7c0bca51484c30ab7bdc34bcdd1,2017-02-03 15:17:38,23.9,18.0
facac214a771c262175219d6c5a3a439,1,913580fde3e72c3b3e4ce0b79963bee6,b76dba6c951ab00dc4edf0a1aa88037e,2017-01-23 00:08:11,10.99,14.52
fb975e889b11a08705d3b2734b626916,1,2636a9812d151c718b53387171ce08be,b17b679f4f5ce2e03ce6968c62648246,2017-01-31 09:51:08,30.97,16.05
fbd82b1fe98967de0db29b6cf134d00a,1,bb936e22237d5ec143263050cd705132,725c32fa80c2faacc4fc88450d27314e,2017-01-22 08:55:36,39.98,11.74
fbee80ef6891c144af8ff9dc788aaa89,1,89c111575a1b19782a2e660eff07dd8a,54a1852d1b8f10312c55e906355666ee,2017-01-16 12:01:14,33.9,24.84
fc28aed78cb8bcd22a7dbd82cb778946,1,21fd3b391a97c2fedab9d0efdd183a93,9de4643a8dbde634fe55621059d92273,2017-01-17 15:11:16,498.99,18.6
fc79bdcefc8fbd9f44f8cf9633793359,1,ec5b3c8bb77ad22278f6e9d719a83de3,4a3ca9315b744ce9f8e9374361493884,2017-01-30 22:15:09,12.9,10.96
fcafab7fc942d51e9f45bfeeb5bb684d,1,9b1c7bc7cad0519369a5ea04afe303f7,8a32e327fe2c1b3511609d81aaf9f042,2017-01-27 02:38:46,44.99,15.11
fcda3cc8210e746326864eb933641ccf,1,913580fde3e72c3b3e4ce0b79963bee6,b76dba6c951ab00dc4edf0a1aa88037e,2017-01-22 22:41:55,10.99,16.05
fd4787fa8be4afcbd8ba795e775cab51,1,8e49e2b4aaa2a78f82c80d2e488084f6,3c3017960b2dbd72711a61f0400aab8f,2017-02-01 17:57:35,84.8,18.0
fd930246eb1c751ee75add493e49ea34,1,a2a90c1a0501c5148928da33b033dee8,3d39fbf22a665714baf62fae36029e23,2017-01-18 21:28:46,59.9,17.26
fdb3ef83ea6f7bef7d13bdd9b38da661,1,cb17b798ba889575385281b7ec2fc22b,ffff564a4f9085cd26170f4732393726,2017-01-27 21:09:40,109.2,13.34
fe1b5889171fd987d32665de60780aab,1,b77dac30490dcfa827c2060a7a3a2a0d,7e93a43ef30c4f03f38b393420bc753a,2017-02-07 14:19:02,442.95,17.27
fe2ac30768e07e362b649951cc625144,1,561e48cdfacd14e7cfe67aa4ebd0caea,5cf13accae3222c70a9cac40818ae839,2017-01-20 16:41:18,74.5,19.22
ff42eee9423ebc7d468a3709e1cbefb7,1,f07ef9dd6e2d9a366ff30a25e210be70,62c50c1af4dfdc4149d25c5222043d39,2017-01-20 09:56:45,137.99,11.58
