order_id,payment_sequential,payment_type,payment_installments,payment_value
5a1f6d22f7dfb061ef29216b9af687a1,1,credit_card,4,47.69
595f598849d89203c28d05d0fbf3f92e,1,credit_card,1,26.58
c10d412026c4077b8e83acf0fea04eee,1,credit_card,1,266.16
460d57443ffdcaeba240360239747cf7,1,credit_card,1,34.0
42f5954cda381bd032934ee38c453711,1,credit_card,8,402.42
557cc2675910c4a6c9b54ad276f25097,1,credit_card,1,56.77
35525be13c4af8acae0bb6d13c27110d,1,credit_card,1,40.99
8f936fb77c720ab9ccd618af38c885cc,1,credit_card,4,46.63
55779fa8fe072d9f8c92d672154558f2,1,boleto,1,233.66
4f99d1a7b0d2308edf45baa6997ac961,1,credit_card,6,125.53
3f5a1c29c5881cc9902ed702efbdde45,1,credit_card,1,213.9
6644170ea0130942cfb3064dce01004a,1,credit_card,2,333.68
bf951e41c5adb873b7fdcc1e83b406bf,1,credit_card,1,54.85
490f30e8fa50cb3ef01058c9ab43048d,1,credit_card,1,49.59
8ff5ec04a3f395979b2371a0a9ef4136,1,credit_card,5,121.78
a72d1276fd9d74c154120c3a11eba771,1,boleto,1,75.69
8a170c32858870f69d7a3477fcca9a4b,1,credit_card,3,64.05
fa9ef315051f18a68686aca274ae8f2a,1,credit_card,4,107.78
c75886866a89a0c9a04fbcd4699f3772,1,credit_card,10,667.99
5accb23a030458bbfb5eb669903f05b7,1,credit_card,1,35.4
4f037f852cf9b1a96760775d55221c33,1,credit_card,1,84.23
8d6ed3e982e12a1684b31540309e044b,1,credit_card,4,236.81
e43a8e7bb3db31ab15c10dfc9ef4e419,1,credit_card,4,69.41
85be7c94bcd3f908fc877157ee21f755,1,credit_card,1,72.75
c39da54f19d2aa7b89667e4817f05629,1,credit_card,4,40.63
aa7565b87e9b5f1ecf8b8ea7f745899c,1,credit_card,7,70.72
e6dfc4ce09d6557361948d3648ccb670,1,credit_card,1,206.08
f5b3d7bf340b33e9fac5e7f314525614,1,credit_card,2,116.36
15d2ed1b88ca436faafb7d7236dea795,1,boleto,1,76.08
b9a089706e16d5490f7a2feb363e32e9,1,boleto,1,149.42
12788af294f51dd5ba2aaed208a45969,1,credit_card,1,77.89
88c9df242e26c36482168acfc3d250dc,1,credit_card,8,188.5
a6e963c11e80432334e984ead4797a8b,1,credit_card,2,63.1
4a686b47e7eecbd136617bf8ae7c9af4,2,voucher,1,20.0
580b08c73a274ac48d8e8c24d6364f2d,1,credit_card,1,31.75
8a08c6b7d01513f42c76604beded88c8,1,credit_card,2,161.01
ab77be4cf9bf132ca4d82049e786e528,1,boleto,1,111.02
72e260ebb1a3c209dfd76c76f1d4f65c,1,boleto,1,121.6
023b49300b34f2b9961857266df731dc,1,credit_card,2,162.75
9490bfca05997e51ea0beb78eb0918fd,1,credit_card,4,45.09
5745e260f636fdd0cef91f81a164631d,1,credit_card,10,156.39
3afe0a2538a748619bef413a2699533c,1,credit_card,4,318.17
cf4e2fbc22f6efdf6c5988003626bf48,1,boleto,1,44.24
603d99954d45262efae58a9827c7f02a,1,boleto,1,35.09
d7902cb5d7fd1f143aff7375644c6d7a,1,credit_card,2,65.05
11f97a9967bb081adb9883460c71e845,3,voucher,1,33.56
a8f181d60a5b59513087247b0c3cb348,1,credit_card,3,69.45
211ca17a71bd09c0686507992a585d32,1,credit_card,4,119.48
04497a3993ecf2e604b91ca0a8a80ecd,1,credit_card,1,81.6
7fa917593c3ed7bd80f35dcb6e1aefbb,1,credit_card,1,44.38
ccf0360c8b7c2fbfd429c07b9d55b316,1,credit_card,3,88.56
aa168056de685bc1be4c86543a14a845,1,credit_card,1,54.1
e0ba11a8f559fa965f2e848bf086d197,1,boleto,1,65.01
63576020815760d4b5d11cef32595ada,1,credit_card,3,425.6
b13ea9f410b092728700af281c0b3663,1,credit_card,6,77.69
33339858fe1a83360ede2fdfac766e3b,1,credit_card,10,141.2
505a3bb5ff0c07fe7d0557cab70693ae,1,credit_card,8,193.51
de1f7486e03b78ba57d0f814b925ead3,1,credit_card,4,171.29
fd700d48d34b0b4f75767e4502c3fce2,1,credit_card,7,79.56
0692bac30867d1bf96c14aadbff1cf17,1,credit_card,1,43.72
5144dbb4f6ca252c6c13a14f26c3fbe6,1,credit_card,3,95.64
6f7575421a734bfa430fcbf23f41e1f0,1,boleto,1,81.72
7ace2ff7c617d34526c14991b996436b,1,voucher,1,43.89
7de45d1340279aa6e3847ffa7bb235a6,1,boleto,1,130.81
ed5495fbd35104360dbf954d7fece421,1,credit_card,3,89.63
cf1bc456a0d5c63bb6c94d3b8b2c56e7,1,boleto,1,71.27
d48c5016ab8af7b122d630cd75a63627,1,boleto,1,208.54
8860f62912fc775e52409a351a1bca14,1,credit_card,2,158.94
a8c17d4b336d73e8162c709bc88b7c18,1,credit_card,4,135.64
bb3bc9b2e2b9022f70bdac9912cf67bc,1,credit_card,5,62.01
d4b9a0a5998cc96610a91b5de647f440,1,credit_card,1,77.19
7942fdd6290ee4b2946bb066287bc91d,1,credit_card,10,139.62
f6cd41298d06413e39c491540baf2745,1,credit_card,1,121.78
eaf817b1e9460ea656747c70aa8d9c6b,1,credit_card,1,72.56
016befe103ce7c9e5b1b7ef359777eea,1,credit_card,3,60.85
7ed7d32f98587cf0d5aee4ccec43e11e,1,credit_card,3,38.78
dd1dfe88448d5571a97af819c52776b4,1,credit_card,3,68.89
5bbc94ad182b8b20ea955b1c3cae7d60,1,credit_card,10,538.07
c09395a3ba913b8f6c2594a7df7df72b,1,credit_card,2,325.35
252a22829815d332157a9f3a8fe174e6,1,credit_card,8,215.83
c8da096eda1ac468af162c20d2621512,1,credit_card,10,285.73
879d57dc015759bf30e71a20b5ae0652,1,credit_card,2,179.6
ff455a4ac6c4471e4e1ddc55f6610e60,1,credit_card,4,320.07
3b12b05b1ef9fd1f18face4e10c50c2e,1,credit_card,1,275.5
bc7a8b1110cf6edfecfcb0a1484f36dd,1,boleto,1,85.6
41a9892d27af50019d56c037a3256cab,1,debit_card,1,133.27
372f7d827bed42ed537ec39866756e71,1,boleto,1,159.12
0f503b220e9d1fd78562e41a427a0c6a,1,credit_card,10,480.4
9bb20141c47cf5f8919640d4c91f1b31,1,credit_card,4,43.62
b47e5f219beebf1ec0bea2ea907f6e64,1,boleto,1,205.54
ed510933339bd7b6d8e16d6c83026998,1,credit_card,2,86.02
f7286cad79bffb23e77a11e113977387,1,credit_card,2,72.42
cdd37a2cbee3ccf5fb245f4e19971f31,1,voucher,1,28.09
a8ab4d61b3fd92a9aa110f5940434d1e,1,credit_card,7,373.1
0bd044f3b358bb88951e3ea66eadcc70,2,voucher,1,50.0
5b7078954da6923760467cf39ac91bc0,1,credit_card,1,46.0
9c5bc3c2933ce8e4660ec888ffb28748,1,boleto,1,159.03
19bf277fd1836e749b4c150b1d2ebea2,1,credit_card,9,99.24
64ba2e3d931d38f4eb1c1d3fd51ced8d,1,boleto,1,255.33
e051052721cb64f972da9bf551be79e4,1,credit_card,1,223.44
a8a6a00e8c77c47036c858cd31616c06,1,credit_card,1,43.1
d0842f390a190ab877648fb618b4dd56,1,credit_card,2,129.86
6c47b95ad53fe1aae994040c6de9ed16,1,credit_card,9,476.99
cef32f42c7dcdc8bcf919ba74f04da78,1,credit_card,2,51.69
13f48b228960c77c8ebeef615e898f32,1,credit_card,1,30.22
ed0094f95927e35ebb97a275ed02d046,5,voucher,1,13.97
5261141ee2f17f6a0dcb5f7aab6acaec,1,boleto,1,133.46
8d48068c3ecbc21886a881562c96d7fa,1,credit_card,4,40.92
fd3c2f37b535d300e61e63b029edfd20,1,credit_card,4,383.2
51fdc51568710c421372d93f12c21ab6,1,credit_card,5,57.8
9a3dd3cc9b84a29bcd07f44f82866ce7,1,credit_card,1,39.0
c522b045e713a7b8bd172fcc37f116bf,1,credit_card,8,379.99
35648a75454c580b64688dd24dea43da,1,credit_card,2,127.47
9053a7a342729c317ced50baf9de3040,1,credit_card,1,159.56
c785921c49242bfac499ee30c455154f,1,boleto,1,90.73
b1e4c784d72d000802c113dc0d4420d0,1,boleto,1,44.49
0c51264bdcbe5893081232bba640dba0,1,credit_card,6,94.31
d1b60751a74a563a60ea5a1ab1ac6969,1,credit_card,2,84.14
4703d00191e1f41e4d2f979ff7612729,1,credit_card,10,190.37
f11868435bfed696829e3e512e62ca08,1,credit_card,4,142.1
ece3ab91bd67ba73563dd0468fc3bde2,1,credit_card,2,244.27
81e4c4d7594a8111a17da1f1b399ba07,1,credit_card,1,106.38
fbb12f53a3985ca2a92e718f7b6a8162,1,credit_card,3,105.84
d3617ef729315e3964c28a7404030da3,1,credit_card,6,178.4
3f330c606a285a5bd1cf10b860dd6302,1,credit_card,8,647.54
c92e9f25637b9515a95acd097e7d3543,1,credit_card,1,50.01
23aeda90fa835596b6acd5fcaa2c3e7a,1,credit_card,8,400.36
2322d66af2e4fa6e3d854b5249ca9f6a,1,credit_card,1,80.1
281f470497aa1a0af6a1d6024b3eba93,1,credit_card,8,225.23
f32c4d2b078bc5a354f4c1184522b5ff,1,credit_card,1,39.24
6957a23032580b6c443b068f0b86cab1,1,credit_card,2,204.7
d6b2b9dc8bf43a16cb94c37a1ba3a9a6,1,boleto,1,109.4
5a65cedc025f607cbdb4c5219f648ae3,3,voucher,1,12.84
9460b0cf19053015adc675b188e5750b,1,voucher,1,118.68
4a686b47e7eecbd136617bf8ae7c9af4,3,voucher,1,16.63
dedbf4a9f32dd77fa0d5db00bbf70b31,1,credit_card,2,102.06
59b115dfb1007eca4cb7cd1a4cf2c790,1,credit_card,6,1351.51
2863995f5da2bd8866dc8830507be94f,1,credit_card,8,351.96
8a780d9d26195c946d0252354ae3068a,1,credit_card,6,61.05
fe47e32d0b287864d6165d74e35dbb24,1,credit_card,4,216.07
45b62a8b5201fc31f705344b2d9e55de,1,credit_card,2,116.84
fb662b5ba362e72d75d486ca4d29c9e4,2,voucher,1,100.0
75aed426d187c5f1099af12729834732,1,credit_card,4,520.75
aae5882b35279b55f02104b5ff4a50da,1,boleto,1,64.51
bfa2d90f225e338dc4f848b58789a3e5,1,credit_card,3,38.09
294b367987f073eb316ecef17f1078a0,1,credit_card,1,75.06
0ffe5d0885533af26c298b2384eabda1,1,credit_card,3,71.92
12d17826f8fd792f6af768cda051ff77,1,credit_card,3,90.28
0641d69ef04d0d7b004cb9ec0106c3ea,1,credit_card,3,212.07
131bcb82ecd96d251fa7eb8bb1f1baca,1,credit_card,1,375.25
b13a6349dc3ffd0d949a6e03cf5c5aea,1,credit_card,4,108.86
8989fdd29d2925c7e819138db8e2ef90,1,credit_card,3,39.09
f2b609cb8300d9cf7f2731582909bd61,1,credit_card,8,166.74
91481fd2c4c491b2e7b8fc96167b68ca,1,credit_card,2,75.76
94781b7e571ded2ff6f80434f6fe2a43,1,credit_card,10,1653.6
9e7752c172e3994115a2cd609a18de29,1,credit_card,8,1338.41
099be5827a2f9692b1c1ad111affc9d1,1,boleto,1,46.78
3fd1f1349635cb4c9b1f43de5594396e,1,credit_card,1,37.75
aa9113495d5498b01ea4a235c64f2849,7,voucher,1,14.58
28c82a8f08d843332818f4f2673e0128,1,credit_card,10,195.91
23d69db9fe30226c8347963edcdf819c,1,credit_card,1,175.77
95238556fec6ef59d8ed25b4379008bb,1,credit_card,1,647.54
30772e8067a521b283ee42a65370a040,1,credit_card,8,184.84
906c0311a3334730009a5ef558c391a9,1,boleto,1,50.25
fb3579e233140aac61c80d50536941b4,1,credit_card,3,91.66
194a5d341c8262e8c0adbaade970ed2a,1,credit_card,2,75.07
c66d7d7161db3e10260d556577fc86ca,1,credit_card,1,91.08
2904d3ae0064e840ffb4798ba4a12ae3,1,boleto,1,73.34
496ed3d2f9bcb86cb243f5e9fe1627e5,1,credit_card,10,191.58
034bc91b27d0de97e2ffa04946137764,1,boleto,1,54.0
e2ecc8a06aa292e6cf6f88f2826dd141,1,credit_card,1,63.82
a4d7798ee6134112ad2d8b3038c03cb1,1,credit_card,1,131.46
9827a7b79fe79be87d4d845fbe1e16e4,1,boleto,1,31.38
626def5d634d7a7c180f03cdd9178930,1,credit_card,1,12.82
290d464dc4d780ddcd120552cf21c640,1,credit_card,1,33.68
b8ab7d209a05e9462921ece50de1c177,1,boleto,1,77.57
cf48dd7cb04dee070d71d4804cac6272,1,credit_card,1,70.5
3d218f39d04ff6b133d343aed4364de9,1,credit_card,4,870.7
b2b7813f1cf4afc8e5728398618bbd7e,1,credit_card,2,75.17
aee3d95a7c0524bee2967e283ca5fb13,1,credit_card,10,181.51
ea70e5a90428412625a4e4167b83a370,1,credit_card,10,126.47
12e1495369c542f003eb3ca480f924e3,1,credit_card,3,139.71
cbf058b13eb4a539f5e5541617bafb1b,1,credit_card,5,59.45
c2dccf148a1561c27d90870e67e507ca,1,credit_card,8,127.92
c60a00eaa33b47afb951671b7f341ced,1,boleto,1,293.46
c6b9d35e4e9ddeeeeb374acaf98dbf2b,1,credit_card,2,176.33
857963f443c1183582fc6386fd62ddcf,1,credit_card,2,241.19
88c33b2b9b484cba6a371fb39f8b2882,1,credit_card,6,125.53
1a2aa47afe4b1d4eaef87715d1e40ef0,1,credit_card,8,195.0
d6c586c22c45b70b766fef19e469e86d,1,boleto,1,167.34
ae55c180decfe41ac363c68f08a16003,1,boleto,1,40.09
cd4a39bf33083486dd4d1eaa70907ce8,1,credit_card,10,233.62
32d31557d141320ba009dfb89facc01e,1,credit_card,1,94.51
df791a445f1901f4183b4e04eb4bc3f2,1,voucher,1,35.09
43424eb217e25cdb0dd935ff90f8188c,1,credit_card,1,174.74
b26aeba3d93317ee71f2902c276eb992,1,credit_card,3,84.12
58dbb941e2ecf4229524cfdda3f080ec,1,credit_card,1,58.59
b4578b55341912d52f9d1a141ba9e440,1,credit_card,1,42.77
2dd08b72f1dfc49c74883302437e6f6d,1,credit_card,1,44.3
649c4145bbf6cdb7b096afa02bf5e299,1,credit_card,1,47.53
f594ab1eab2b9d5a646c989c1bc5eb3e,1,credit_card,5,185.84
1e0ad62d9e96fd47434997dfa81497a8,1,credit_card,1,47.14
2cfc5ee5cb1e43d70d3dd6f28b2b50d9,1,credit_card,1,624.56
b8b3f1a93f6899699c4cfab3f0cb85e0,1,credit_card,12,125.74
13dae3b277e3fe7e2596f842cbb6d62b,1,credit_card,10,119.94
30ae6774935cd2a70fa74306f407495b,1,credit_card,1,6.78
983d1042c129f87546062d2d27f73020,1,credit_card,3,116.94
8a9da308d726841021141d81dea615b1,1,credit_card,1,106.77
3495e966748a04cd5d7f4537a57fa3ef,1,credit_card,4,106.33
ae0c46b648d9039d75ff554b61e292b3,1,boleto,1,53.01
a735c714af04db9006e86cdb6f1e6997,1,credit_card,1,246.72
7f323198e815792fca0a3a19277e0bd6,1,credit_card,1,186.55
e4cf3be0bfaec7868f5c8ac4f977f997,1,boleto,1,39.09
0653c5290cf561492eae4f626799994d,1,credit_card,2,162.64
6889715ff8c8b1469cdf52549b71f572,1,credit_card,4,104.37
67e8d0e4cd27d92c4aeb38cecf962b0d,1,credit_card,1,72.14
c1e50c50037af907b9099da2c948e109,1,credit_card,1,180.1
f0dd9af88d8ef5a8e4670fbbedaf19c4,1,boleto,1,100.25
5b10c1ea42ad4886a60a80796ed33b5d,1,credit_card,1,167.2
8006800e5e68db2e9c4168dd8ce32b0e,1,credit_card,4,322.89
2fe02e6dc8bbbc397f61ba774414fa2b,1,credit_card,3,137.99
a8f60b9282c2f8e193d23d668bb74fa3,1,credit_card,5,150.14
d57d9345daadd30b1ce4c22c40250583,1,credit_card,4,46.78
5a610ef4a49d9be48df16a1026f225f4,1,boleto,1,34.0
d01892cabdc79c6a7592dbe80c5d7192,1,credit_card,2,174.04
9d480419579c11f532fce93c63e0eed8,1,credit_card,3,68.59
8a6e225994411f2e15e2407fd5a05511,1,credit_card,1,147.05
116c70afde066c60adb8381e4c23c07d,1,credit_card,1,44.1
a6b9f6bcd95a0ddbaa7194536b3cd00e,1,credit_card,10,231.87
67b28af24f672d7436f8ff5eda41a88e,1,credit_card,3,113.42
ab3049853be314c3dcc3721cea4438e1,1,credit_card,1,169.11
9eda2d18097ef7bd7ff08ad54402fc77,1,credit_card,3,190.86
739e2bbb1a8b8d9d27c37a0b9d16d0a2,1,credit_card,5,119.84
217fa08ee792f84b2a3b3a84ee263b0e,1,credit_card,2,86.84
bf109fa36da244c6c5425edfda0d8aab,1,boleto,1,81.11
6be1646fccbb69d34b22da3b1807d51d,1,credit_card,2,42.58
e38d9183e9b3d19b748b3af7732d2ef4,1,credit_card,10,156.44
6bf889c14abae234b970354de7914c61,1,credit_card,1,61.44
fa68c8eaee429c95ac88e1034d583057,1,credit_card,7,147.23
592399454ab1293dd375db727ddb5947,1,credit_card,4,189.42
d47849b6270308431459122a2750535b,1,credit_card,1,72.14
cce9265db762ed6a292410cee5e5369b,1,credit_card,8,367.11
1314f9c897799df1cc402c6a2519d4be,1,boleto,1,65.0
bcdd7ead3db5a78858c07e491d022d21,1,credit_card,1,97.86
b48110583a1571628e3e79df4045c44e,1,boleto,1,117.85
56d41d6576e901ff789906da40878acb,1,debit_card,1,31.24
195ff45c167e808ee4f7ef32d7d8c984,1,boleto,1,336.31
9ce40c402845819d3d1c88eb10a41e4a,2,voucher,1,10.84
b293f468141dc24b16033560c8d008a6,1,credit_card,1,1.54
b2f924dadc7d30518a67a2c8598df64e,1,credit_card,3,72.9
ac28887de5f5bbd520cb77370e8b219d,1,credit_card,3,79.33
8ff6f8e6657ead9abb409740495cd6db,1,debit_card,1,187.34
71a0049f34d4d5b556c2194855da9771,1,credit_card,2,151.18
c72c794309b49932e42cf11c75b22c45,1,boleto,1,98.82
cf3f036c0781e6c15f19d4d661e0f640,1,credit_card,3,147.37
7b1c9d44d6e6a5fa56cc9d084f9e1698,1,credit_card,7,150.59
774d6deaa500cd320bc530530c44ea0b,1,boleto,1,100.82
02b57854fda246aca8459d17f5ccbffa,1,boleto,1,61.72
b8cddbe53f3a227da27064bc722cffa3,1,debit_card,1,182.98
ebb5affa057893d369c438b0eee8e2b0,1,debit_card,1,81.63
a7d0f5630dc1881470f6308869e95893,1,credit_card,2,72.34
9ce40c402845819d3d1c88eb10a41e4a,5,voucher,1,10.81
d824a4f31c8c8abaf5c415c8dd473a59,1,credit_card,10,284.23
c4b4d00148bd70871b88bfa8c318b557,1,boleto,1,46.85
e4e486faca6effbf54e6325fd207319f,1,credit_card,2,137.43
1e36204fd8a2e695a35dd5e41cd392d8,2,credit_card,3,154.92
431a73cf857d30d431ab61a5ed6909d8,1,credit_card,8,106.16
2f95a71d2777d49b1ea9226320de5c3d,1,credit_card,2,169.19
0c897c38d294bbc817bc78528cb47e27,1,credit_card,5,111.1
97514c152882f3625b91ce58ddc0c3b6,1,credit_card,2,126.99
b2f9c5f1cd2900a3d140068d35509ff5,1,credit_card,7,99.43
38ceb430670a97a62dda6e748ec94f69,2,voucher,1,139.99
96e5b56d000b07dd7bb1972eb42a0e79,1,credit_card,1,30.35
96a37e69d0e47674bb4214448cf76dc8,1,credit_card,1,334.82
77ca435b03fbf991e5027e3776e37885,1,credit_card,2,60.69
7747e7dad627e9be7ae087618777080c,1,credit_card,10,158.36
ee0ceef4f6b0b57613eedaf1568bff02,1,credit_card,10,208.92
25d054bcaafc7ed0a9b503a55ae9f2f1,1,credit_card,1,6.06
c66d52ab7ee1f262449a1c5aad867d82,1,credit_card,2,166.7
2075dec2fbf09cb75f0bfb8140aaea7a,1,boleto,1,32.68
7d9ccfd5b1183560523d8351e2e22aa2,1,credit_card,2,116.94
b2cc4ce347d60653fef5f81e0d80742f,1,credit_card,4,223.84
89b73cd1e5fd5c1329b4e11be8dd1289,1,credit_card,1,28.0
43cf87bce9a2df259cbe04f3effece28,1,credit_card,1,210.72
6c38cc0437106405b2e22f6c3ada72e4,1,credit_card,5,56.69
e67ff3fa4043001cd351f27b12a64eda,1,credit_card,10,137.99
5691d5b2dc401642dfe8f226d5bff11a,1,boleto,1,61.89
1ea761b9a18c1852e0121350bee432a5,1,credit_card,2,86.02
c10cae5ba4cb39a32bfb0fc880160cfc,1,credit_card,1,23.68
1ce85b529629489a217458d96a9ac0af,1,boleto,1,62.59
8912714cffbe195a053e461728955065,1,credit_card,4,171.13
61b5e339a1a45b4d6eb6a2cdf40da6a4,1,debit_card,1,77.89
52463ab7b28436f48c3ae2a48bc87ef5,1,credit_card,1,7.5
3c34298915dda196e053873162f24bf4,1,credit_card,10,275.46
03ea970e60ecfa4b84a69ddc665262a5,1,credit_card,6,132.57
31c728d11563b29a76dc77a51634588c,1,credit_card,8,358.44
5bf226cf882c5bf4247f89a97c86f273,1,credit_card,10,246.36
9b31411d9c1c41009017a1c0a06ce069,1,credit_card,1,24.1
f12ef7eed107de3791b1db5b8cd4852b,1,credit_card,1,41.63
2b101e802b6712f2fc129966a2c518fd,4,voucher,1,15.04
d4618e481090308279190e070dfc3c4b,2,voucher,1,50.0
fb08991a4d87f7fb84cd0dadc7399850,1,credit_card,9,99.34
91427fef1ca1431d3d86d7bcd0b51ebc,1,credit_card,10,248.8
2b1d7ce076791a6c43b897382a7b7ab1,1,credit_card,10,106.16
ff2d29f5e9893f6157d8fa1cce0278d6,1,credit_card,2,73.13
f25089f2ef76f59d6eeda680cebb8b01,1,credit_card,2,205.37
223ef7962a63cdbd408657fad00148ab,1,credit_card,8,297.62
fedcd9f7ccdc8cba3a18defedd1a5547,15,voucher,1,10.66
170cdbf7e3806693dce1451299ee4ff7,1,credit_card,4,77.57
a5ec79abdf99faceb5f0c305185ef7f5,1,boleto,1,48.79
bf7dc02ad247527a27900abb19306a3c,1,credit_card,4,75.24
e8861a9f094841902cf93913969fbb7f,2,voucher,1,71.34
46e9d7656b730f837d195fbd5c2e8124,1,credit_card,6,365.42
9575356ff2ceb13c4861bfb09185adf7,1,credit_card,1,106.2
2d41f565da57c810b338c40361477c5f,1,credit_card,3,208.57
fa099a53d48227d20d9eb52f139a6d8c,1,credit_card,1,194.3
5bb8b0cbc3b9c8785096b10b128bac52,1,credit_card,2,173.23
bbc0dd90484124e1dcc1d2428ad924ff,1,credit_card,5,183.95
986506281e1ebe5451e34c1e75a99670,1,credit_card,10,175.96
044496e055fca9c2f17e1309e77a48b6,1,credit_card,8,156.23
6f37ff3b4769ed4a683eec4de7f38a5a,1,credit_card,2,89.75
4b69646ae09c307e88da19eb05ee2aeb,1,credit_card,3,284.04
87c98d8706c75e568d61dc02c6c9305d,1,credit_card,2,92.57
493bfa3afd1c7c384e300b4f4b511048,1,credit_card,2,143.12
ef137e631f460658afb0d315771fad30,1,credit_card,4,203.98
fdb64e7a41f724c8b968b87ad729c6ce,2,voucher,1,50.0
a92334f188d0def0f230671c7dec9b0e,1,credit_card,10,328.54
61ff26ac3b205fc54a7431bb3b032cf0,1,credit_card,10,267.51
95d1d57cd27cd0857ef85f53ad2ed3b8,1,boleto,1,54.33
f76a4a871a67dc644379c09dc683c967,1,credit_card,9,97.71
bc4bbcc74f039da59c73143881c5388b,1,credit_card,1,228.08
2f634e2cebf8c0283e7ef0989f77d217,1,credit_card,12,615.53
1cc1289499f63feb5febc86506a7052c,1,credit_card,4,42.78
76d18695761c18ab2f2a9f6f1b3ea3e5,1,credit_card,2,146.47
a21488f55d20f5d8ff41c2f3a2408cb6,1,credit_card,1,47.09
a701b3fe16d0e0734d666d1872df2ca4,1,credit_card,10,175.77
98179ecee6d0176b359568f49c5ceffa,1,credit_card,2,124.21
7f56220583170a9a779f55e555e7e986,1,credit_card,5,51.0
206180d63bbc3cde4e902195b8493bad,1,boleto,1,62.78
7b5677c6b812459afed4f29edef9debc,1,boleto,1,258.98
984fa77b154dff230f52eb3a26b75ede,1,credit_card,1,90.0
bfb11ae717892540547adae8fea72c10,1,credit_card,2,52.38
ced1baa7ea4e81958a7ce0353f858f96,1,credit_card,1,88.73
879877b4935ac3de514fe50c6a27d1f4,1,boleto,1,73.34
962f38a7552486ed03fe72fb4ddcfaee,1,boleto,1,47.5
8484c5fe4c5e00deaa868795d62d1db9,1,boleto,1,450.19
5e5766c3a748a45bb1cf4d930a06e26c,1,credit_card,7,75.65
23fd20c606c0ae3b6876eb309909e9ac,1,credit_card,3,71.04
637be788712bee0367ea76b1d2b4e702,1,credit_card,8,82.5
09026ebcef956ddfbc9af4af7c46d377,2,voucher,1,51.04
42ba12b4f475fa439830ed994ad57b96,1,credit_card,1,113.15
42faa5e8832ee94d503e6a18da7b671f,1,credit_card,2,58.0
6024ba74feaaac8884b2c5c9a8dce93b,1,boleto,1,62.1
f8268f009c38528d7c7840a5d46ef8ca,1,credit_card,2,166.81
342505ef4323f0572eda009be6080f6c,1,credit_card,1,88.65
e77eb7578799cc588feca0f6cf56a49e,1,voucher,1,12.55
c057007d38fa1eb53e9eaf0602830467,1,boleto,1,56.78
762e43a4ec270117f892451cad4a1bb7,1,credit_card,1,25.71
535b29494ee7ee79968ec7d9f42b3e23,1,boleto,1,232.23
100c3a4b273a82310ce16d5524e14450,1,credit_card,2,136.49
6ae0fed7d9950cae705f13ef261f3d1e,1,credit_card,1,96.81
24c6142a989e2c7774a57791c8cd449d,1,credit_card,8,270.66
f09b9aa6920cc3061b54d2febae19ded,1,boleto,1,77.57
0c511eb6cecb1f110a807dad27440c81,1,credit_card,1,65.5
335fecd3c4c9287451e9116aa7f53440,1,credit_card,8,376.26
6d97e3d5d9043bb4fa4f8fd0b4d9f230,1,boleto,1,38.68
7ea1ada580d55b157f20ef1fb3a83ee6,1,credit_card,3,91.08
95fdb59e0ee0274a8b9b1ba4641ae5db,1,credit_card,5,184.71
3287906d23c6e6cb0ebb48f0b766001b,1,credit_card,2,56.69
6a189ed8c568195193d5880d4c090de5,1,boleto,1,66.6
c1fad8c885084c5b05f3bd5e2dd56218,1,credit_card,2,73.88
1eea1a20e6a12130a19a5299597af94a,1,credit_card,2,109.13
19d1809c243d4f58dff4ffbc74edecb8,1,credit_card,10,275.56
0961e67affdacb23a647b67618e2bc70,1,credit_card,5,283.2
796822390eec4235fc68e9c98b8641dd,1,credit_card,2,106.38
99eae747b45fb42516e46311533b3064,2,voucher,1,20.0
6f32b46fc3b01903852f3bcc592c5687,1,boleto,1,61.59
ae940b7edae45de05e43817ff84efbfc,2,voucher,1,50.0
c599664a92ecfccd2ba5b5e7d4f91fb0,1,boleto,1,188.5
5c8cd93d3a115eb002c7d3c40ab4fe36,2,voucher,1,100.0
731a8110be2ef91dd6967336a930b4e3,1,credit_card,7,202.06
a5687fad50b2c6811e39e52523946210,1,credit_card,4,73.13
f49ac798b81a51189639cb0a04d2bb69,1,credit_card,2,190.98
8bcb04c1ca645d109ed37389fda5dbb0,1,credit_card,4,1338.51
e22decac5ed99a0335532a753f62e935,1,credit_card,4,166.58
59af6639bc574148a47076bb16ff485e,1,credit_card,3,83.41
5658e0069bd2fa9423e4d9d94469b7c3,2,voucher,1,40.85
293195bcdbd978c21b548c48185374a7,1,credit_card,3,73.34
5a43c2440a787e84e9f3060ab257fbdf,1,credit_card,3,300.49
9b49c07fc3206cdd7756837757e37538,1,credit_card,8,83.86
dceff4e9cefb999404dd921642d20111,1,credit_card,5,55.1
d3feb75cb4e8d372a35e074fc1175bcd,1,credit_card,6,64.05
6009e92e3138b7db82c677226459416a,1,boleto,1,77.57
4db771b122558d0298a38db86178edcd,1,boleto,1,137.21
2683346722c6565c6c79e08c8264f25f,1,credit_card,8,106.77
7d08ecaa7f7a09d998d13b5fc4662c3e,1,credit_card,1,47.24
1f40c568147d792b8ff628f54803a6f2,1,boleto,1,61.8
1e8fa3b2e3c94bcded7f59a216242717,1,credit_card,1,41.27
684efbf26d410566cf8506a4ab01bdab,1,credit_card,7,71.14
2e3e34bd9284d4ff8e51142c7c70d144,1,credit_card,6,156.64
8f3a46cc0e9d362bf43dd339e4379615,2,voucher,1,28.89
8b5ddca535bbca0d4282b4e82248089e,1,credit_card,4,194.53
fedcd9f7ccdc8cba3a18defedd1a5547,1,credit_card,1,1.67
31a36522fd3998f250795c1e732acdac,1,credit_card,7,245.35
a6288d192f3399f630e89e96f1079cf2,1,credit_card,5,593.62
9e8f0fdec8fe8bee4f4c399b4dc46175,1,boleto,1,75.07
c6c26ee904fd7f85a965423bec883fe6,1,credit_card,3,99.34
0fafae9d817a5c3ce897f22d801b7395,1,boleto,1,96.33
549eaa78237c5a5c9ca1cc4a8d812208,1,boleto,1,465.89
9380357951a13ec61acdce81018dcdaa,3,voucher,1,35.4
0c9850b2c179c1ef60d2855e2751d1fa,1,credit_card,1,148.14
a43b47899fae27435d67c19684c2a5d3,2,voucher,1,100.0
099ee5555931216b461149b6fa1957e6,1,credit_card,3,146.66
c539e0e8403e4e2f09aec95e073a9f85,1,credit_card,1,183.84
5ea8db638f6283a19f2554c746ab4496,1,credit_card,3,103.55
2929e8208718655c26082e7331ef49e4,1,credit_card,3,87.1
0b446830af3811ef0d7c2e0db238af50,1,credit_card,1,6.16
ed6b3b6afee46b97b6fbd13ce3856908,1,credit_card,4,212.38
0647f4a0c12192bfb5ea1032d2e2ecdb,1,credit_card,1,84.81
77856e5d0390fca55c4c323a4f57859f,1,boleto,1,137.99
11200294ab90161f54f7effdea8d9466,1,credit_card,6,103.55
3d0ac16c18908323710b11d877c0cac8,1,credit_card,1,63.6
69f4f52c9fc3a2b6f7b72516075657d9,1,credit_card,2,77.57
287ff4320b900d78a8b1a4f1b9cf32b4,1,credit_card,8,367.2
0daf1f0e67b534ad873ba61c5d6ad7d3,1,credit_card,5,153.2
941d226d049bdb705438d2df05047b54,1,boleto,1,50.1
3f0eeec2edc480e271fed817e2a9f6b6,1,boleto,1,107.78
1e94bea629f2a9ad149fc751e9880aab,1,credit_card,1,298.2
59a5648d91a60574c541152e2fe1c66c,1,boleto,1,155.72
2463eaec66167230ee0c637e3598e2cd,1,credit_card,1,215.05
33699f74cbd8df3eb237c682e0b116fc,1,boleto,1,89.75
02725851051698269253f0823e7824b6,1,credit_card,1,4.55
c08029c18d0544f5f412033887287ad9,1,credit_card,3,139.31
9d39599dfc361c9c47a4b03d29938289,1,credit_card,4,49.27
e8606bd877aee06d98501a6436ee8576,1,credit_card,3,47.35
203a378a78cc26ef2e1bfd90a6d48a29,1,credit_card,1,31.75
257ed982e3ae46f669bcc0f8bcbbac26,1,boleto,1,115.84
6b14d575fb796f6ac64e4a07cdcb645c,1,credit_card,1,256.43
3d0a2787777e731001936c8a443b22fb,1,credit_card,6,62.55
c465b4dc1929898adffb867fb70fbadd,1,boleto,1,130.36
9ce40c402845819d3d1c88eb10a41e4a,3,voucher,1,10.81
ac1213003a72f088e0491cec47363902,1,boleto,1,85.23
74598d42a2d833a5b9527fcd752a1185,1,credit_card,4,45.11
2f252e33ea680956431ba9c2f5c87fe4,1,credit_card,1,161.54
0f47f9183ff34c4a76633181b380acbc,1,credit_card,10,598.17
ca3b7514c4c2ab7ba612094bee631db4,1,boleto,1,162.7
6e7f938e1ebc4eb4b205b2ad66c5525d,1,credit_card,10,402.06
1378f9601350615613cc8832d6789c5d,1,credit_card,5,124.9
3edd1b04b1ee7569080c9e234c2b029f,1,credit_card,8,296.32
9c4b8eb5f1fb4f2b71018a6695171ca3,1,credit_card,3,30.02
75ad912f0b81298161aeabd41c9ee843,1,credit_card,1,137.2
7a44fc15512ee942a70089553f28dccd,1,credit_card,5,106.16
b8d67526e7a669a43b4a53bbffc6fc0d,1,credit_card,1,67.02
a2a3400730e376777caa534221041eff,1,credit_card,3,299.2
0bba959fbb649221ae07d0c128ba1809,1,credit_card,10,136.5
0eb8235cb26938d1c5c534cb0fe0d254,1,boleto,1,113.29
3fd2bc52f78d2ba4e12276c4ad7578b9,3,voucher,1,17.26
40153acbaa4888eff1e5e778798f30c4,1,credit_card,1,44.0
0d783e7e03dd70fd2ea6a0b33bb73706,1,credit_card,1,69.24
63033c7afa7443f6f4d862d70fcf413f,1,boleto,1,86.64
93791e16d527404f5b4e2ea370afa984,1,credit_card,8,166.82
2e8b2390e7734d4477db1b7e1fdc38d7,1,credit_card,5,132.27
cc62c4c4dc7f0bef11fd8848aebb5da7,1,credit_card,5,175.28
cc7608c05975c4f77bb4a033825096bf,1,credit_card,1,266.49
26a95c7a47327bed47c5651221bfcb18,1,credit_card,3,176.88
85770bce7ab858546d700c2e99ad57c9,1,credit_card,5,58.8
5855ed67c59c23f410f190aabae43591,1,credit_card,3,50.1
56a70a9c3a1a43d7c820316f0d2ed67e,1,credit_card,4,98.7
4d171855324a9f6bbfceca895af66e6b,1,credit_card,2,138.96
fe721d76e7a56091b5aa323f9634719f,1,credit_card,3,34.09
f064e104da3589eb8d9fe106c866b953,1,credit_card,3,68.23
28e0151b51b38a4a0d48b6a3a430d9ae,1,boleto,1,73.16
14b8b8e32ed52dcf82a3e04d1881425d,1,credit_card,2,43.1
5ab209cc906b44b6ba9238171f46f263,1,credit_card,4,144.65
ed0094f95927e35ebb97a275ed02d046,3,voucher,1,13.98
377664a1152f18858e261b5ee3d434e3,1,voucher,1,151.31
40db4f0f82bffb39d451e25160375df2,1,credit_card,1,82.5
a9d502365a8302d96f5d9e6e0a24a29a,1,credit_card,1,51.1
479715da59efdc67c1722f985a94d18c,1,voucher,1,42.0
4d7a50dd7785d456154efdc27f2154b8,1,boleto,1,163.53
f5faad333010a9fc0ecb1ac6014a842a,1,credit_card,7,77.57
d4f63c1e71dd7a25aaf45fd89286d760,1,credit_card,1,37.73
9c5946cb456fcbf4dedc85d24f5d8703,1,credit_card,3,152.41
943f2c6249d63bbe967734f5ebaf0a07,1,credit_card,1,44.99
c04c611743c9b96f3727019802413a24,1,credit_card,1,26.68
3724d3f2c0cf415269a35992df297fac,1,credit_card,2,61.0
e37de8ebd6b9572f9265b56ea828b645,1,boleto,1,77.57
ae940b7edae45de05e43817ff84efbfc,1,credit_card,3,108.32
22aceb58bfd80959564e4b2ecd9ea0ef,1,credit_card,4,65.01
a4d3d2773b4016fd346ced87e513885e,1,credit_card,3,310.28
55826c853b7245fee48da8b2539b6944,1,credit_card,4,321.57
dc825a422ff7a8e462852fc476ba5686,1,credit_card,8,1640.6
68a5e21e84986b92e9de694590c5a22d,1,boleto,1,37.13
a4a82921d715a8e41c1f63842761f0df,1,credit_card,1,37.24
4638df545f7ab35cb2e4ed4bcb490e17,1,credit_card,3,902.35
6cf24cdeeb913dc50be3b7f30ffc3e89,1,credit_card,2,25.0
3180196d4f287c726e7ba95da8f56ebe,1,credit_card,1,93.68
4bd5c5a34598363e3de64b820db3d3f3,1,credit_card,4,357.82
f3e92f44e615fe19fd17a8c517224040,1,credit_card,5,51.69
a4ca973673139ab4959c3af923191c91,1,boleto,1,349.49
51427a59ed7cf06820364d94af7a6f7a,1,boleto,1,65.56
4308f4544f700c2e5bc48a12f92b60ec,1,credit_card,2,65.37
de06e436fbb3dd6e10bafb5f24ed5530,2,voucher,1,9.17
85009f731c1559c53d150e4b3fa7f8a5,1,voucher,1,39.57
1448f96a9dd749b9b2e69f4b8602912c,1,credit_card,5,95.48
1db6346bb9b84ddccb41b287b6ca1fd8,1,credit_card,12,194.68
2ec5ae6b4bef1de1d800902041762302,1,credit_card,5,54.05
304f936dacbeaf1ba58639e6c57b4190,1,credit_card,8,611.44
799e53347e276d82f68872b6741bf731,1,credit_card,8,116.85
2b7a74de7a07d7c71956b675cd98116b,1,credit_card,2,40.1
a90935cd3ef2041119e57ab117b352c1,1,credit_card,1,53.28
4a1c1edef82d76596ea0209327be3ff5,1,boleto,1,65.71
a79c4dca347540e1263b2b750b92d8ab,1,boleto,1,154.1
00a843f5a80c7aea894c558acc29f513,1,credit_card,4,47.09
2a33fbcf408a5e7ff0383d4b0daa7f77,1,credit_card,2,155.65
12f55fbb20dd8ff71113349776b5642a,1,credit_card,5,148.28
e0bd62e007e5e88656338ab10a5c0f42,3,voucher,1,36.43
60a66add21590acd620d89fafedc04c4,1,credit_card,3,195.0
bede3503afed051733eeb4a84d1adcc5,1,boleto,1,115.45
afa82d070bcac12eae0dd2f73d9debc8,1,credit_card,2,22.75
d205894f6421e164996e5cc460dea4ff,1,boleto,1,194.99
79ecc3e68b2d54e056223964de8bca98,1,voucher,1,136.41
eb7469eb92114d9ad0fec862b33ed95d,1,credit_card,1,57.5
d3d6788577c9592da441752e8a1dd5e3,1,credit_card,7,76.65
d1a10e07647c7845b8590cec57d589c1,1,credit_card,1,517.15
83c4b4c8e8fdb6e9ef46162e012e691e,1,boleto,1,60.1
2ca68e6f3682ab0ee4ae0c4f069772d7,1,boleto,1,1034.34
7f95c99388c7aa1157d5992428f2e94c,1,credit_card,1,25.78
ea3f7480344322038931bca4a6e6f858,1,boleto,1,125.53
596fa30e62c909f4d380ae4097699271,1,boleto,1,87.64
3c5c2cfeea91d9a57ac3c979ec6c9d62,1,credit_card,6,67.53
22cf975c95f8d3ad3a2263e94f79182b,1,boleto,1,71.53
fee62e6f13b8b6d7d343319f224376ff,1,boleto,1,33.59
866a7ce3c98440860896ec4ed2960d8f,1,credit_card,5,54.1
82c408d476f29fe82b7c1f9daec2bafa,1,credit_card,1,155.63
9d69b407879a8be17ac523d1e4b1e4a3,1,boleto,1,213.74
de69cf4dccde4da4632bc662829f19b0,1,credit_card,4,337.0
e12aeddf85ba20f8e2d865a28b32fbd8,1,credit_card,2,159.21
273ca519104461b29b7e89ebad868563,1,credit_card,5,680.26
9c9b21a2db3ef4c7109f69f7f3614d71,1,credit_card,3,317.31
c18471a2fcb0a25a2cb68f0df3fd8174,1,credit_card,1,37.77
38cf938c02a2fd1cf1fc7f7c6a32b03f,1,boleto,1,232.43
c1b3677443e3acb2a07e47d81889e571,1,boleto,1,303.75
b0e0bf79d71fa84a382583eb2a57b978,1,credit_card,3,132.57
5fd0b812a7ad786c02970c4223ef1dff,1,credit_card,6,648.82
5c6c792766bc857e0b5b1d22c5a963e7,1,credit_card,2,189.9
78af4d32fa98a1435686699030cbc1bf,1,boleto,1,109.41
8d31389fe53e1e3d5a914946f5549e7d,1,credit_card,1,58.0
33331ca3a2e00e80d485324dd9d3b070,1,credit_card,1,83.11
9f58353e16353e64bf57e32e6dae9e45,1,boleto,1,77.57
719e22da3e43da1de99950cf31a4e013,1,credit_card,1,215.14
36af952fa00b09aef1c4c6020442a819,1,credit_card,1,19.75
f65abc0b3f3401b14505a57fb6113cf1,1,credit_card,3,98.79
736813b41544d3ca0ed5d508802f4ca1,1,credit_card,1,77.57
1f5eb429cb345e7810b590b3f5de88ab,1,credit_card,3,188.47
272edf81c6d2434e61f4e15520a0512e,1,credit_card,4,187.57
7989e2c3bb311324f824d365b87fa0cf,1,boleto,1,83.56
46afec49491e4385870de60c96bc956e,1,credit_card,1,119.08
8a0ff8191c4dd240e18114ec66889ec5,1,credit_card,1,166.81
7aa518be998a5e4ae20ebc594ddc96e0,1,credit_card,8,368.92
41a164c8a106bd1bd634b33340f2199f,1,credit_card,4,117.0
7bc7165d19e5d485ac75504e52904be2,1,boleto,1,105.37
ef160b1ef2464ef2521274c790ee0cef,1,credit_card,4,382.62
03f3b08f9da8df7604b68b2fd5999e9a,1,credit_card,6,106.99
5cb2e7396780669f8f84f6c2fc3c52a4,1,credit_card,3,169.32
406e77234ec47031020fa6bf9507b59b,1,credit_card,10,465.11
4e645edf6d8d91302d90770e9fbf1f91,1,credit_card,10,146.68
6c6c1cd344b7aa200899204dec8c4a19,1,credit_card,2,39.32
b41c9972504c576d0aef689e13a2df12,1,boleto,1,38.11
837b8d9b2e7afd344f8abfe25c899e7c,1,credit_card,5,54.05
430bd310105f069ac72ef7758f40299b,1,credit_card,6,317.85
6471b260244ab316f8331321d689aff8,1,credit_card,9,186.49
915dc51399986dd386c9193f20cb54f5,1,credit_card,10,185.98
ee8f5d7599c575d8f8eb1a2ea7d66686,1,credit_card,1,6.4
f491c8a7d687daaf24c15726af6477b7,1,credit_card,1,178.43
bf7c6448537b35fcded92b0df9050145,1,boleto,1,109.67
c5c851cda96cf52bcdae7c0b6a803963,1,credit_card,4,83.21
e7eceb7362eb746b29dc6205f732067c,1,boleto,1,82.73
5a2cc0ecbae1c95bdaba1c3b0f5c6adc,1,credit_card,1,43.05
1f643298de39c374e3ad4e4838d156c1,1,credit_card,2,46.52
d621888cede8755cd9ddc50a33e1b398,1,credit_card,1,90.6
7745b3769c43d19a0f8da5e8207208ac,1,credit_card,1,80.73
30afa4792f6e5ee287ff87fa649e56f9,1,boleto,1,36.78
5a92b60d387be04eb53698b2f8b9b043,1,credit_card,10,202.66
600f11f2924877daf80111221c047491,1,credit_card,2,45.0
c64cd8af895f9e6795a7cb35f9004e37,1,credit_card,1,87.96
b41304e99b5c1abf0181ee31c8b17146,1,credit_card,1,97.72
8fd96c034d11d9719cbc57f6acb93855,1,boleto,1,67.59
1dc01549b7e7404a9663b7d77306c897,1,credit_card,2,100.0
0912c75b2f7561be5da7aee13e0150a2,1,credit_card,1,46.76
0771233ce445ab49cb2542af0243618e,1,boleto,1,40.61
fedcd9f7ccdc8cba3a18defedd1a5547,9,voucher,1,5.3
8712dadcec00a4826a72ac3431a3ced1,1,boleto,1,182.98
78992d027a6b96141150b632f446ff18,1,credit_card,3,211.6
5d3d12685107807b3d265fc3e4742597,1,credit_card,2,276.74
5355cd279109f53086e889f05ff7d62d,1,credit_card,8,191.99
830766a6f59d1f6e2fb978b1fb83feda,1,credit_card,6,122.78
ed58aa22f4aad849189015b374336629,1,credit_card,4,108.19
9e9c6cc35be71fb9615d8a289dbf39d3,1,boleto,1,74.76
9bcee5211be4c4e8785242c9fcd22e32,1,credit_card,1,90.85
1da6c2d53ad9f033ccf54f16801546eb,1,credit_card,4,48.05
c0ab80c9e6beca100fc0f174135e8503,1,debit_card,1,132.08
cdc1504eb9521a2941c00363ee8288d2,1,boleto,1,241.22
58ac1947c1a9067b9f416cba6d844a3f,1,credit_card,5,124.16
9b1b03659c8b48c95c05af1523108b12,1,credit_card,1,99.95
ce34eeaea4785aa1d4b7004019247aeb,1,boleto,1,35.0
10edb7acff4cd11eb43b993548b67f95,1,credit_card,1,463.93
00471463a6106056c1a2a809f70de640,1,credit_card,5,265.96
262b756fedea5f6b366d4b2502305836,1,voucher,1,47.62
a22bb4b44152c9a83688e2a3652d2154,1,boleto,1,35.69
e71f1d602c3b94eb593d48a61a2163fd,1,credit_card,8,1344.46
9ea386e9542809c5955f1b89354c5e5c,1,credit_card,7,79.56
2bf7d37aa300bef762cb89e61ac0195f,1,credit_card,3,35.0
667e8016c1467476000d4dde127343ac,1,credit_card,4,65.1
89b939af6aada7003d4d2930b87d8b68,1,credit_card,4,98.0
24f092dedbece404a94beacda86c3a7d,1,credit_card,10,601.3
ea9b010cf2c27393c24c5e0b8a9c07d2,1,credit_card,1,302.35
c977e225ec57bdeb592c91bacf0f2897,1,boleto,1,49.36
98d24b150d7625f287efd12c0dcbadef,1,credit_card,2,173.84
b01b7777b351f49d79288d7ea2f56ffb,1,credit_card,1,69.33
bbdf47a1093584db5d4cd4e557c07183,1,credit_card,3,36.1
cec79ef92819a9f1f2009e1d8cf26db8,1,credit_card,2,22.58
4603709e5e41c0247684e02398ef89ba,1,credit_card,5,101.34
168098b366e2b3274e4e458f478ac9ba,1,boleto,1,97.87
17ee1f77fa871fa2d26b8095816fc2eb,1,credit_card,7,113.91
5cb724be50443da495598c1db35ccfbd,1,credit_card,2,175.77
ca0f56eab306ab99911de4c96727a104,1,credit_card,4,173.85
7e5821896794f7ee1e792ef610915f78,1,boleto,1,50.89
6bf9723842993d425539d1ba41d9637c,1,credit_card,3,77.22
a39d2611275f47a82918e1e457b2ef38,1,credit_card,3,315.84
9e3796f27dbab73279e5ae222182f918,1,credit_card,2,212.59
168c0ece9e82b97455bf1a81502af9de,1,credit_card,2,59.01
919c91917a79609e73d44e1b01df6bd8,1,credit_card,2,51.78
9eee5730bfa05aa51dea08370c871abb,1,credit_card,8,87.73
438a2e6f8c015ee413fa7c74b72db18c,1,credit_card,2,50.0
54df3693869c9e8423b07e0287194059,1,credit_card,3,174.74
fedcd9f7ccdc8cba3a18defedd1a5547,11,voucher,1,8.42
0161962c6c561d3acfaa3e2db9a14f96,1,credit_card,2,125.44
a5a2ab9022d563da450076220e56d658,1,credit_card,1,86.74
c2cf7a378143a3cc8bcd7c1cacbc3f8c,1,boleto,1,38.63
d05cf40cb923ba228822414cc52067c3,1,credit_card,3,242.67
aeb4c9d05ab11d7c6c9ca24f8c43bd70,1,credit_card,1,22.79
1a93b2b046feffab15c313a7c3f73504,1,credit_card,5,58.59
6db1acfb7eb6c31cde5a3fd0a83f8b51,1,boleto,1,106.29
4e022ead5e2400d39b29402c979aa681,1,boleto,1,328.5
e71a1248d8a46799adbbd50262053732,1,credit_card,8,438.82
0b9c8acf14e3553395cf435472988a1b,1,credit_card,4,45.76
61c371c97bc39650300c359853390644,1,credit_card,1,150.15
a07d6a824e8ac93c9606f3311a30f462,1,boleto,1,99.73
b0ff8e6a9bb47b224a599ff0c161006b,1,credit_card,3,551.25
858d458b39082890e96fbb1fed8c2a52,4,voucher,1,252.97
0fe75a9839e7296629a6d6924fdf3365,1,credit_card,10,319.63
0eeca7beaeaa9b986ac88e4548a45811,1,credit_card,3,32.09
60c8ff275c52d58ac6693a516ff2593a,1,credit_card,7,75.65
cea2fe1d50aefdd1f048eb16503e32b0,1,credit_card,9,118.84
111d5d48ac06001d01f0b901ace3b327,1,debit_card,1,119.48
2f7ceb78f49fb7b42a6d5a42711fba04,1,credit_card,2,114.35
ebdfc2a2bfba1c888ea6011aec355151,1,credit_card,3,182.17
1da60f73e3ebd1c7566be78f0cf00f98,1,credit_card,10,126.43
fedcd9f7ccdc8cba3a18defedd1a5547,8,voucher,1,31.43
abefedeaf61ad043302fe9d2837a9772,1,credit_card,8,145.88
e0c12aa623c335d47b20986efb7bbd74,1,boleto,1,76.08
4eaf46d0d0e2afdb37847eaaed37d71a,1,credit_card,1,139.13
ae4699550d86c969bf041d7d106f96ac,1,credit_card,8,406.14
53f8893a652ff59a88793de9e5817ab4,1,credit_card,2,70.15
33b8a7eafa31cf95e33395293a78808c,1,credit_card,3,107.87
5ffe81e9175008222d385b418ef51a6d,1,credit_card,6,67.82
986babaebfaa430f69a8b2e816db5f14,1,credit_card,2,212.66
03705afa0a4aabe1a734ddb11c1df3f0,1,credit_card,1,1023.9
dfc9bc36d5db98182f4b1dc41fe8e258,1,credit_card,1,8.1
e7859e16ed08be3d7231bcb239b8903e,1,credit_card,7,147.34
4c7c393fba69ff5ae2565a9065c284b9,1,credit_card,8,226.14
6224401eebe13e25d470d8d6a9ef225e,1,credit_card,1,15.45
8c8681bafb6d998bc0fea19014904e1f,1,credit_card,1,162.15
22403c79fdfa9d3b95764cef063e0e56,1,credit_card,1,78.49
a2df93db5bfc1556857dd71cf685f2f1,1,credit_card,1,81.72
55d5398213ed7a57e6841a7f436872fd,1,credit_card,1,48.27
1b7efcda93ef629e74df8b1fcd2b1f92,1,credit_card,3,143.39
97bbec866dd969e84e907130cbb2fac9,1,credit_card,2,231.62
6cbe792e9ab88ffb6579d0b28088a988,1,boleto,1,38.09
ca414766885ef23fbb64dcfffe684699,1,credit_card,5,319.41
a2c43042a0f72bd5959e4360b16b6730,1,credit_card,5,422.16
6250a70ada1a0cb3772f99181a27bb51,1,credit_card,1,60.0
599fbee4cc4b8dabe57ea66e0ecd7031,1,boleto,1,152.16
093974ced77f199dd42068d1adf5c359,1,boleto,1,109.7
306d73cb716b08d3525396fb16493d3a,1,credit_card,8,124.42
1ab115802be10ff22d8907afe81ba5b0,1,boleto,1,96.71
5780928bf02589330d7318899b32f757,1,credit_card,5,54.05
b27d08e878eb286e33958ca95ba5bd04,1,credit_card,4,317.57
05e168bd339a82dc2739b847d4ca99f8,1,credit_card,8,494.67
9d4ef6bf8501238d56e2c970ebae7d77,1,credit_card,1,66.41
42299af0a6ded1aaf44fa88f6c57dfac,1,credit_card,2,43.69
1ce7fbaa63b1e1a632d51df0ecd2cf39,1,credit_card,2,85.14
b9e0c2dfab4b400170fc1bdc4765a35e,1,credit_card,1,132.08
42802b4a173a8c9b8a7039b19c419fc6,1,credit_card,10,413.59
dda427569144edf4a458f8fed9d5ca4a,1,boleto,1,74.16
c906d290e52be53ab891c3e09074a9d9,1,credit_card,1,35.0
30b971d10c8ea1517964eb4b7f720f2c,1,credit_card,1,31.1
c8bb5e3a323ce2493a2a00f055b10f11,1,credit_card,2,106.39
901465dae974188b53519b6a0e180622,1,credit_card,6,191.99
1196240b71cd166c2b75a3a0c9ded394,3,voucher,1,32.82
44820bce2c8acaec4817ffc156cca3db,1,boleto,1,96.12
18c48366114e65c415b2c19448f7c146,1,credit_card,1,53.01
f2db192253fbe0e938681e583c8e99e4,1,credit_card,3,57.98
bb826b56d55ad8b42a01591762024f17,1,credit_card,5,135.17
16febac56c216c1cc40407ff81315a97,1,credit_card,8,154.4
40fd591202d04d78c987cfc6990ad237,1,credit_card,1,75.06
4ae185f9012953118f9adcf6817a21bc,1,boleto,1,82.07
be189e2867578f53e85ff49f5a1b3e74,1,credit_card,10,950.01
f4660b7c97cbe88dc80816c67548c5ee,1,credit_card,1,435.74
c6c0dc0b58d87603f5b07c6283355d5c,2,voucher,1,30.0
b8e9df924b8a1dca22c4920e9d6b33bc,1,boleto,1,73.43
e54ac9a4438ed19f1367717699a2863e,1,credit_card,10,208.09
7acfd4aa33c1b78983341a96a53e1bde,1,credit_card,4,367.2
50b12be3bc56611c2bfcc398100bc07b,1,credit_card,3,105.28
c7ede3b9252c5a1829219f21817a846c,1,credit_card,2,61.73
20eb7eeb96c1d064240b1c21ab810398,1,credit_card,3,168.29
12321543ad6f89cc74cde9ae42d12e3e,1,credit_card,1,64.11
9d83ef2eae9001ced10bfc373722a184,1,credit_card,1,72.05
8f090a4ecbd4bb8c286d0a1f88a6a55b,1,credit_card,2,20.75
f49051d4b155a83c8d939a1c6a850689,1,boleto,1,553.88
4bd3e6b766bff00e2f3a4ba364f1a0ee,1,credit_card,3,647.54
f85b00b88275bb213518b0ebacca0544,1,credit_card,1,67.6
30dd1aa2ec1728ab9bac85497532d6ea,1,boleto,1,125.15
c477a36e7fcc7a915483289ed00f6ee4,1,boleto,1,289.61
a68d55e37069898482bef61866cac7f4,1,credit_card,1,52.68
f32ab6433a3b9bedad85ce3730b861e3,1,credit_card,1,67.11
00bf1320ffb5fe47a845feca16c0e0b4,1,credit_card,8,469.39
5e85554ed83f05cbe7f092ba18b17e5c,1,credit_card,6,544.9
b9c18637e3b8ca78ccaa2aa1e5a947c7,1,credit_card,1,58.59
d3439c4b5e0cbdec46f811946c2217e5,1,credit_card,10,735.24
f8165cb41863e5548cdf01f1463b405c,1,credit_card,1,65.71
bf0fbfbaceba1d05f31c53ef4303ff9c,1,credit_card,8,168.2
6f64e3dc6ee08865d4ec07bd0cdafc8c,1,credit_card,1,50.1
f5ccdd828561c205992f7e38be419560,1,credit_card,2,198.41
7a05ea5a85dcfb04d49a57143c1d5ab6,1,boleto,1,128.09
0f4100ceeb7e6c856edfbb660c06757d,1,credit_card,10,117.55
aba8a6306a353cb28d5358c585fabe75,1,boleto,1,45.1
6660a709a26684b66ea12d604ddf0579,1,credit_card,1,21.77
d27c9535dfd56cfe107bc9eac1ac3e31,1,credit_card,1,150.47
a6c5f5ee344a95643f3dae437286ed87,1,credit_card,6,80.19
8d63bb167adbc51f677d38af762662a1,1,boleto,1,125.21
2537dc25ebd836a44792c49ab1914c7d,1,boleto,1,921.54
3811e225018df1f58837ddec911d3e55,1,credit_card,3,125.53
5b249d0d2a393d918ffae8d9de5dfb4c,1,credit_card,3,165.32
068c06f0ea08ab32e127f87aafaa834d,1,credit_card,4,117.85
161a705881b7953621b8fac63051ee95,1,boleto,1,60.85
0459f8e390241a0cad720e0fce4e66a7,1,boleto,1,224.98
2ee7854c6d1ee4b64e27764b46dc99ca,1,credit_card,2,101.83
1337d5367a799babc13f9f71c63bf7ab,1,credit_card,3,44.0
04c1e5f3771cb0ccfdb672669807401b,1,credit_card,4,937.64
fedcd9f7ccdc8cba3a18defedd1a5547,14,voucher,1,7.63
7f52fe36580dffc15fb684d226b12f32,1,credit_card,1,82.61
78b0b2d56de7826cbaa0c7a2743b77c5,1,credit_card,5,107.78
255bd6d4c5976cfdabd42470596058f6,1,boleto,1,47.68
0446b999e57cddf002396ed4baa07074,1,credit_card,1,52.5
74c5c5c9380461f1751598087249a9e8,1,credit_card,2,70.72
af8cd0ccf7bfb5bc0998744b1ff8c08f,1,boleto,1,31.38
4a6c7fdefcd879e7b3eca9f4e8186c76,1,credit_card,5,80.12
9068e8cf49f95d4c1684f38d5e570780,1,credit_card,1,49.65
4af895c94fe197a1da73b4aa9e727831,1,credit_card,1,50.88
3bd5b8bba961482f0f6c2e3502ac63bf,1,boleto,1,106.29
e70216ba107820e5ae3a74bae559bc6a,1,credit_card,4,160.35
bb20431838257fa1e72436dde825b775,1,credit_card,1,188.94
73d68ef344ebda9bf0c80b7e3ed70e45,1,boleto,1,73.34
18424f62e6457228cde82092ec2252df,1,credit_card,1,20.77
bf7dc4793cf928d5303528934bd9647c,1,credit_card,8,80.12
15aafc9c68a1f0c0d2208dfbcc33a7f3,1,credit_card,4,218.71
e1c1e7f914409797c3cf9d3bb9f93356,1,boleto,1,41.11
eb7ac481803eb5bc5b7cfe431a03d39a,1,credit_card,2,36.78
63e700a4baf3602c94a8d6648e896d41,1,credit_card,10,1653.6
42e5c3d52d0b11e3e6f9020b44dc0f04,1,credit_card,1,73.34
d2f43762a6f922b1bb1cc34a9563ad28,1,credit_card,1,36.09
4a03ac27b6a5ba3e30014433ff93cb80,1,credit_card,2,102.26
aa9113495d5498b01ea4a235c64f2849,1,voucher,1,20.0
c9c0bd3b9db92cebece12e761bb8454c,1,credit_card,7,72.53
98b64215b7d4b779e003927cd0b7e225,1,credit_card,1,49.82
5a65cedc025f607cbdb4c5219f648ae3,2,voucher,1,20.0
e6c487a027692996435c701644f98080,1,credit_card,1,131.56
260c8e4c9a29e56ae6ee21c449f6834c,1,credit_card,5,214.69
5abfc2c21926dd42e4e2a94abd87e23e,1,boleto,1,56.78
fce8ff96dc39e6ad674a20032e22b435,1,credit_card,1,47.17
124c8d5fee5f49a8d7a8535b5bea6e69,1,boleto,1,33.44
bd50e1e10ed8a1e38db7af2e76a1986f,1,credit_card,3,332.71
1fd9362a40211b8ab54154b0f8f7a657,1,boleto,1,338.13
634adfa0f5cb0fd3a7c932f3b5b463fa,1,credit_card,2,147.74
084eed5f31d7cd5291671a544852e5d4,1,credit_card,3,76.19
60d56d46167857b04e9531f0542f8807,1,boleto,1,112.91
acb7a021e51917d7f0aa4a7567c5717a,1,boleto,1,116.63
01ac6cbac1cda667c97d35046b75668f,1,credit_card,2,21.15
d8e82d1f482cdb6ddce0701ace3bc6c8,1,boleto,1,202.74
2346e1104a4b18a23e6dc6a87c2d1b8c,1,boleto,1,106.97
f4137fa658be7e7bbc2e17e4da6806bc,1,credit_card,3,136.08
0b7d34c9f64b1a147d6660ceb770aba4,1,credit_card,6,180.51
493ba31a3539787ea13a41ca2ca33ef1,1,credit_card,2,196.25
cc5a504c7761122bceafca452e63c2de,1,credit_card,6,187.41
f5931f16ce0aba5c5f948d17919d04cc,1,credit_card,6,333.51
f095f540bdb49344ad5fc17cc494e88e,1,boleto,1,155.14
505ad05b659736f51f674522b701d9a5,1,credit_card,1,75.08
9fed05363dd3f86fd9d02514224c4318,1,credit_card,1,52.68
0ae17ad341b336248ad884272d8c1c93,1,credit_card,4,396.03
52463ab7b28436f48c3ae2a48bc87ef5,2,voucher,1,50.0
2e935fa1d39497aa0ec3f1107fbfb5b8,1,boleto,1,18.37
9d4ef6bf8501238d56e2c970ebae7d77,2,voucher,1,180.95
e91d77b27ccd3bac6b23a34a44ae3db1,1,credit_card,8,127.01
41d6a7b15ec6c87722ac10f480c1d5e3,1,credit_card,1,70.34
c488c9d2cc2f504be29a438ffc08ee6b,1,credit_card,1,95.35
8a6b15db7cea5a4cd260873d4489bfb0,1,boleto,1,63.1
f0dd29734578caa3db607e173070e2a9,1,credit_card,3,84.73
8a7637d805be7b25b3124bf6aeb04c26,1,credit_card,2,132.57
578ef9ed2638d4e10337e50e37566344,1,credit_card,7,231.9
6e1979943e76d1c5dd345f34790c5dc0,1,credit_card,1,213.65
c75e9a685439f75e990bcf13443f02c5,1,credit_card,4,500.0
541908a1babbdf38261cbe80129fab03,1,credit_card,3,155.14
18517c2680695f31500ceb6b1840b8e4,1,boleto,1,216.15
99eae747b45fb42516e46311533b3064,3,voucher,1,20.0
5f535417894495b2b12f4de92d996800,2,voucher,1,7.3
605396ecdc2610304702411452c54a91,1,credit_card,3,73.83
da0a6ee487d278ae0fc77b10e9c18d8e,1,credit_card,10,100.5
036ea72a17833a6fbbcd3e4df8250292,1,credit_card,1,85.14
afa0a26ce5b6abc3ffb6387fe93e2721,1,credit_card,1,121.18
75306e9e0b8f64c5bd70c0d24f87a759,1,credit_card,1,133.05
007beb35f98c075747e6fc4fd1c0cb73,1,credit_card,2,83.59
2923b36af2aa3dcb5925e03a21fc2da1,1,credit_card,1,86.15
648452a05889f314b2b625e34ebb05ed,1,credit_card,4,357.03
a3bb82a765bf828134959a50bdc5f8cc,1,credit_card,2,25.33
9199ef819b1eae5b4357b78419b8a92e,1,credit_card,1,212.32
9730a429f7355c2dcdbcfef54b638172,1,credit_card,2,101.93
5fda248f43023d5528e3a28e886f9b8e,1,credit_card,1,37.01
a3f9bebb285f1758e8c3115c754d76d4,1,credit_card,1,19.78
39ab7695b7b3ea8282b3e9b10f0dae4f,1,credit_card,1,27.27
22b6314011ec44222f024670a2c91929,1,credit_card,1,93.3
eae2128fd4c171cf698f967f1e7fbd16,1,boleto,1,65.0
41f1c1e22e7befb68bd39a783477ffb2,1,credit_card,1,2.68
cf5bae440125a8f7eccfde72d25e1913,2,credit_card,4,130.0
16198b0458c017eedf2e4c11092a08ea,1,boleto,1,306.99
228ea43b4cb2de5ddf965b65f05379ea,1,credit_card,1,39.1
2b0edc4c59d83dcef85466718c36a317,1,credit_card,1,112.91
a1c87156ca249199bbcd96fbfcd0296d,1,boleto,1,28.79
51e660b8c2d9b7f799b19b8535504fe1,1,boleto,1,68.89
4b46a88e1ef489d0f8a7d454153636c3,1,credit_card,1,62.11
9370e7790e15adbc2492065d34524285,1,boleto,1,45.11
84a1a8e9b6cf26aee8cb39ffb391362f,1,boleto,1,153.85
8349d82bb3c36734477e55a95e61e0b6,1,credit_card,10,818.33
b7325b56293265df2689c15145274dfa,1,credit_card,6,351.01
bae57f2adc242a88ed7589fe47efcd12,1,boleto,1,723.72
1ca74ef1a063b31008ef4af64cdaa485,1,credit_card,10,287.27
9bd5ab93fc163dd17a9d531c39806e05,1,credit_card,3,154.32
ca5d34455321c329173e1c6c3fcff7f9,1,credit_card,1,24.73
574b660575423ea08637ab9393a5a64f,1,boleto,1,66.25
11e22e541201ac67ff98e87193b4fc8d,1,credit_card,3,192.75
3a090d54e49811f1f174f6b13d8bb359,1,credit_card,10,721.14
c85f8d62f0ff14b199c3d6ea33e571ad,1,credit_card,3,49.0
b8dee041f5693cc5bd0984155f847890,1,credit_card,3,67.6
b025ae09d0783f8194ec38b10c65acbd,1,credit_card,1,36.28
3eaaa0491f840f400dcfe9469dd5e205,1,credit_card,1,85.85
3c86b0f3acff06bcd6f7c6577ba4bcd3,1,credit_card,4,230.19
0603e869ecff28981f22e3ea3e91911b,1,credit_card,10,343.54
2e914af8bdaefffc2e6ea38a39a64d4a,1,credit_card,2,188.5
c8fe12f276a71635e2f929eac9d2d21e,1,credit_card,3,220.29
e641155b00bb2461d65e69ad8dbabb47,1,credit_card,3,285.63
d233c4818e81c8e59a0b974210ae88a7,1,boleto,1,95.21
1a82ae1928c32cea24d0235445148454,1,credit_card,3,65.05
1587f0c11595ff02ca8f9219568ef020,1,credit_card,1,98.51
2d3dbe1773426d039d73770335867829,1,credit_card,4,46.28
c1f39bb1d57f413cc9d3086d546b3866,1,credit_card,1,103.3
d7fba1b443490052282949e0f188dff7,1,credit_card,10,634.94
546ffb713086001ce9f0009158f88b73,1,boleto,1,159.14
85009f731c1559c53d150e4b3fa7f8a5,2,voucher,1,94.9
27a6325c93e53bfae0a9b94bc263293f,1,credit_card,8,516.25
868d2668d3bff66258de12631b298034,1,boleto,1,142.92
dda6159b6aed44fa0e12c2e7ebc710d3,1,credit_card,9,98.9
1d7ff382f46d36ad1c5693e52eb63aca,1,credit_card,5,132.57
51c6e11bdc431158ce46b1c5f2ddc4a6,1,boleto,1,48.49
a1e28dc56f8cf4e569b82f93dfe131f3,1,credit_card,1,22.65
451f91bceb227dfaad37f67168fbfd59,1,credit_card,1,149.57
507cff923e04506e6c70d01593656415,1,credit_card,2,69.73
29c6b96c5e696a196f1506078a1346cf,1,boleto,1,202.06
2279e81e4cfd1c590ccbc2e0b9c1b90b,1,boleto,1,104.28
ba21f24f06b977e43ce37b317a6974f6,1,credit_card,3,113.62
cb30b4382e88bfeafdbc1010a026de1c,1,credit_card,3,61.5
2da3f67af1db377e56dc9a07b969c9aa,1,boleto,1,29.34
0b398dbb3e7c81005f3c69b01488c4c9,3,voucher,1,16.14
e497e633dd1b677fbebaaf15c973e903,1,credit_card,4,357.16
78a4201f58af3463bdab842eea4bc801,1,credit_card,1,325.41
92c3bd12618b0bd55aa74fb8b67f5a40,1,credit_card,3,44.49
a3d361625a95b22581fc65362dc3d296,1,boleto,1,26.68
78ef246c8a753452a6464f1f66603fac,1,boleto,1,88.56
eeee28417bb0a24c511c9b96a03fb29b,1,credit_card,1,132.03
816e9ea5a585767bf637afdfb6d536ed,1,credit_card,1,73.34
f2774b2721b0f7d1a617a955bafdc9a8,1,credit_card,3,167.29
bf63ec64b243739a224860a034cb5357,1,boleto,1,52.5
02acaa2a6f24e9c4e0bec7141b65f29b,1,credit_card,4,44.0
7b6e1ab9552ada063fdf51be01976226,1,credit_card,6,184.85
cf7a335e516a91cbb3a5080561ca28be,1,credit_card,3,79.17
d57a8498a051a1204ba403a8879e33b5,1,boleto,1,101.63
8a9e16e628ff47d5e3cd022089c9082a,1,credit_card,10,162.45
866ee8efa015a0dbacb8c2628096a8c4,1,credit_card,1,71.14
f0f2afc6bc6d17723eaf3a95ff93f674,1,credit_card,1,75.38
3504e5f25e8c978b842d4f1164b52b59,1,voucher,1,38.0
5174c535c7d862bf64c17f5e66a77f72,1,boleto,1,127.92
29b354bf7c5d99aba28b180fa56a2aef,1,credit_card,5,217.64
405700c657d0b6fb125f7507a0bce1c7,1,credit_card,3,63.11
3cd7a167d6f4300d15a7c8816c1b29d5,1,credit_card,9,99.34
e437a323d90b04581fd8418d4afcce4f,1,boleto,1,723.2
3afadc6f2579cb7709b4f798bb4b97b6,1,credit_card,1,43.62
ae348c74e571e34c44d0874b21087f71,1,credit_card,10,100.3
b130c592bed51534facb262c697f7ccd,1,credit_card,1,124.5
37b0e2f6ce00c698193537e597cf3402,1,credit_card,6,107.87
0e1756f57187e203c6151ebe990fa670,1,credit_card,3,36.73
070b4a621a6d06dcff9122e5c04b353a,1,credit_card,4,242.33
c2251dd482d3d185a7339f603c2de21b,1,credit_card,1,102.82
b4abbcf96e5e2aa453be4751a571bca4,1,credit_card,3,73.13
ed8ac79c99c0289b3ed850eb54ddd2bf,1,credit_card,5,100.03
d072721a35666a6441234e765e92e205,1,credit_card,1,82.0
657034554884ec6fdf6ed37c8c6788ff,1,credit_card,1,91.99
d87565906f3fd865c7d42113ba3bc703,1,credit_card,4,45.09
d44edbc930d60ec8a8d787bdda46334f,1,credit_card,3,97.72
700aa498c8151678850324adc6729e07,1,boleto,1,42.69
10be01428d12ec7ed39d0058c3e224f7,1,credit_card,10,690.06
136e42854980018398bfe35a8eecf470,1,credit_card,8,182.71
065f2f78a7067e37f695bed618512704,1,credit_card,3,30.02
036dd381dfb3ec75e0a63e14828cc871,1,credit_card,3,69.14
2fc1b0a22fa3205a36abfec767951243,1,credit_card,1,131.04
68bdbd5c98c370cdfd33a08a591fb660,1,credit_card,3,177.67
7ab9c107206e507460e083e2f1400b74,1,credit_card,2,266.89
bdd3ff4ef47b27548e0f1337fd6d042d,1,credit_card,3,82.1
4208d8402138f772f9c189a1859e1f55,1,credit_card,7,73.34
47a89cb464c37056a399f117cb24e485,1,credit_card,5,213.96
f4da7d0ac805794a8e666416f2c20f60,1,credit_card,3,38.75
576c48f481f95199130fe941c49c944e,1,boleto,1,44.85
309a6726656b1ace9925bb760fc46b81,1,credit_card,10,913.7
a4ce473749f3d49434d83a58607881b6,1,debit_card,1,162.25
555e4d40fb6beea866d46eb6a5a01b41,1,credit_card,5,111.92
5a32dae759e50279bf8e1b2be65edd27,1,credit_card,2,26.17
b78fe1174e6aedc9d2a90f6b36f02bb2,1,credit_card,6,172.52
44f656d7fbb37d161491617473307a59,1,credit_card,7,104.94
25b951c1d074042d59f6545470172015,1,boleto,1,61.71
e54a8ab3ead9bbdf681b8e18273f2cde,1,debit_card,1,82.78
9322ed60e16ee4ff1efe8145cb66060f,2,voucher,1,160.0
a11848157003e277da67e7700e1fb630,1,debit_card,1,318.53
45aa62cda08ddcf57a8d58b5fee12500,1,credit_card,1,60.38
0342b8bec301294021371c16411b6c40,1,credit_card,3,63.16
d0e532f7dc3f516d8fcff81b062f05ec,1,credit_card,10,207.7
0b398dbb3e7c81005f3c69b01488c4c9,5,voucher,1,6.64
0d66368d8615f7b306db970f3ba475ee,1,credit_card,8,319.81
de06e436fbb3dd6e10bafb5f24ed5530,3,voucher,1,9.17
d7203e6dcc106b75d1515673a179c873,1,credit_card,1,65.78
fe25e6ae3200a0fd420ba45277d19fc5,1,credit_card,10,673.47
c113870dd01779aa1c5e09b070080503,1,boleto,1,115.5
6938607d864e891477d4b5d25ad507eb,1,credit_card,9,358.14
d34eb5c929ae5f0d803924b567328c56,1,credit_card,3,96.88
0764f8b9a45b0305b75e1bbd614ffaaa,1,credit_card,3,111.25
c991b8532e7abe41bcfae9b0ae4e8f45,1,credit_card,1,11.22
cae187387a603b42f02280dffd8d2390,1,boleto,1,104.73
5f968bf751ef3bf1bdcd3a675b10b6a2,1,boleto,1,29.1
34f4394bcaeb05083b670513b73961c6,1,boleto,1,179.6
6047b3a832a41b60705327fcd2644679,1,boleto,1,71.53
9c8b1a249b8f2acf28a69ae5526256c5,1,credit_card,2,21.77
bd1befc72cade5c00562b4bfd1a85485,1,voucher,1,55.0
9e939267094b3b0e45de3c2474f4c879,1,credit_card,2,63.1
ea1ac32e51a066d17b2ae8647eac38a8,1,credit_card,6,133.76
fd856e3b03eb3e97aff228fc3914ae39,1,credit_card,3,162.14
92be217451e443e50d816ab21286d00d,2,voucher,1,72.43
523824180b3b651c5d233b761bdd7597,1,boleto,1,73.15
6cdd625fb7db568f0f52136d0a8374a3,1,boleto,1,97.18
14a031b045ef8ce4a2b6e08d1fc5623b,4,voucher,1,6.82
34c2654b609f57f294795b5131b7c7d9,1,boleto,1,90.13
637143b11a1b8c86d9e349f19ee9a1f5,1,boleto,1,54.0
17ece7ee59d823d55795a356168275e4,1,credit_card,2,222.11
75c65b37911c3543a4efd45a45ee4a92,1,credit_card,3,130.17
27c9a7fc93005e3344a0c1ffa6f931e2,1,credit_card,4,45.09
3837316347c6731a7368bd44a3b613bc,1,credit_card,2,77.57
c337be7e160adf73d51a64678b8f7ede,1,credit_card,1,58.67
dfc62a9be450bc1488b82749356c90ff,1,credit_card,4,182.94
8eeb55cdf087b3ceec6ebdb6e2189dd7,1,credit_card,10,196.97
5cf9bee99b19ff8b30c36f0a4d3483ba,1,credit_card,1,81.89
23e0d3cb5d2016d74c1d38af47f89fc5,1,credit_card,5,77.89
a8c7e8c088aabc1cd41eb0161f0c7757,2,voucher,1,31.74
df07571cefaed71337a66295010ddb44,1,credit_card,2,69.33
8d4c86f7bdc1beb6537f9c227dc16e76,1,boleto,1,104.28
7658a22ab4067d4c92a25cf2835331cf,1,debit_card,1,27.68
2aec6692fda08fb7a050a161ea7eb59c,1,credit_card,5,101.22
ed0094f95927e35ebb97a275ed02d046,2,voucher,1,13.98
a5d3d2b978722a86e82f2b7bd0567840,1,boleto,1,135.74
5b7f6445ca01d94adfe256eaa9a37ada,1,credit_card,2,82.8
d27f68b7ab23e7d54229e59537c29176,1,credit_card,5,86.42
e9483453c3f193f0b632a569b103bbbf,1,credit_card,10,175.76
adb271230fcb815525a44dc582e2aca4,1,credit_card,4,62.5
5404828155a6ed66ac6bb53e05525d39,1,credit_card,2,207.57
1670149b3cfc61a2c70f3f6189f7005d,1,credit_card,8,250.28
f577c78346131418552c3d7fea582723,1,credit_card,1,126.26
c4424d72047fd2f2046fb0ebc5ae246b,1,boleto,1,88.72
ab5f199b8bdeb7e529bd36b79766cdc6,1,boleto,1,174.41
6949cb0f930807e75f78dda8da436c81,1,credit_card,1,264.54
6c91816cad7d95fae9a51fd93671289a,1,credit_card,2,99.22
19fe6cd13dca5943f17abd2c37c46abd,1,boleto,1,97.87
11242fc97afd67d5b5a7e211aad24bb8,1,credit_card,10,174.47
759d3dd8671b3c60e168fbcef417a033,1,credit_card,8,155.7
d607cf247d8e19a82548c3a30cb2d173,1,credit_card,1,36.78
330e569ae25de4796afa6bd4edc75876,1,credit_card,1,136.46
701a1cb9e6b39469d8ec105565f33277,1,boleto,1,31.38
9621eafd687a505c4f065d9181331a48,1,credit_card,1,90.88
29f95ab000e30a2a4dbeedb73c7357f2,1,credit_card,6,151.69
881dbb4e5e7c4118f6958b3ef811ffe4,1,credit_card,7,77.57
4671212f0e4f559c957baffa7a97aec5,1,boleto,1,232.06
1ab6256565ac0d87b4f559d9171b9323,1,credit_card,3,168.49
2f19a710f074d3785ffcc76b24e0c905,1,credit_card,1,61.75
afca5fe0f14b7178c97f8cb22611f584,1,credit_card,1,85.16
24dbd92c00bc26dd90a7bbd90f070517,1,boleto,1,143.22
1e6f350c900ca357945126e20117d293,1,credit_card,1,2.13
02725851051698269253f0823e7824b6,2,voucher,1,22.13
828acc6ccec3081f5615750358c691db,2,voucher,1,99.83
fa83009fc243c5d6981fa7c5b71b13aa,1,credit_card,1,40.0
d8cbc79d1dd84f3c87cb2ca7663c930e,1,credit_card,7,306.28
89c55bd386693745979c858f5a2694b8,1,credit_card,3,96.87
7c644ea34ca017627bdfc5a5465a14a3,1,credit_card,1,56.14
5c3fbb4009b158eb4cc91a0c6747ebfa,1,boleto,1,120.09
926f8e6e4b3febd66f57a92de958be15,1,credit_card,1,119.48
60dc36170c9cc8c0215fafa26627670f,1,credit_card,10,1583.71
72c3f657842e35f5d5279cc0fd06826b,2,voucher,1,12.14
6fbe92e0f9d5a728e3fd2be036b5ab05,1,credit_card,3,220.28
7011940c8a7bd25b77832ee761371882,1,credit_card,4,114.83
f49de64f8655abdc94a86603570e10ec,1,credit_card,6,77.23
689fb8f117f6d979dc761429176bb52f,1,credit_card,3,148.15
2aa91108853cecb43c84a5dc5b277475,1,credit_card,1,193.98
194e7b03e4469b2bcc7ba3c353077252,1,credit_card,1,54.6
360b84029c125bb8d4ede52585f058f2,1,boleto,1,31.77
b495fd147ba3d65a05f35d76239c22ce,1,credit_card,1,51.63
5a7b40567394cf2a17b67ace5ea32329,1,credit_card,1,49.59
e813b971361575cd2511e900b7003c34,1,boleto,1,489.75
24848282f53cd38724e7f7e20bd4027b,1,credit_card,4,158.36
9a2e91dda30c4f2497618f2d8c181437,1,credit_card,3,45.14
ae9cea7635a780b7d610e7f6a56ace53,1,credit_card,6,226.95
d012bfc203fbb4ce9a0b4e19c4dcb375,1,credit_card,2,95.51
c442147fb67e965dd93f9c2a185daeaa,1,credit_card,3,96.22
9753266fd3691e80807befa94a344891,1,credit_card,1,71.82
6ae192daf1b6e9b99225e7300b79df48,1,credit_card,4,1338.51
2a706489eee816fe6f5bfe2298c51840,1,credit_card,3,37.68
9c82bca31120157620aa240857a67802,1,credit_card,5,49.99
76c5b78f3697891a4d6e6cd23a4862a1,1,boleto,1,60.0
6808371a9f147369fa0db5ebc9cecc26,1,credit_card,7,71.83
f6c83f331fa7998140a4cbe44f87b38d,1,boleto,1,130.56
7a0caf0ff12b2c5b07c8c653fb6ff5c3,1,credit_card,8,507.17
93efaadf3bc94491cc008b6b4dd13b37,1,credit_card,3,381.32
a6aca33fc83c5123ddd8a3e92d825d48,1,credit_card,5,70.72
3f98bab30ef9c774b3cd5cc9407f5132,1,boleto,1,54.23
60721992ef4cec39824837f08c79afec,1,credit_card,5,332.33
ce699ae4abc92356538ece036da1045d,2,voucher,1,6.64
d85c21edbd2d9fc056908945b37bb577,1,credit_card,10,752.04
a3de5eef9ddc6e58758fb9d70e5bcad5,1,boleto,1,29.05
804b3f6bad007a44efd1fd85f0291070,1,debit_card,1,319.8
826456a3605c466dec176f032fa660a9,1,credit_card,8,1351.41
9710f86f12fdfe5106f012d72a398288,1,credit_card,1,76.21
44aec9c2be37dd0f0b954562c94ccfec,1,credit_card,2,168.29
e4701cf302a9b3cc9efc51f06f354ecf,1,credit_card,3,67.99
b9bf3ca35663e0a6418676757f04ada9,1,boleto,1,114.74
cd49d0987575fc21d96fb52e37b16191,1,credit_card,5,107.46
74e75761e6551e1853af01ea24bc8457,1,credit_card,1,27.85
a682884fc7e0c219845271d055f93a74,1,boleto,1,163.81
2610d02cf7ff695863673e09146bdb67,1,boleto,1,123.0
90ae229a4addcfead792e2564554f09c,1,boleto,1,97.87
59e9079196bab6c6a1634387ec66167f,1,credit_card,1,100.34
75a935207305c1dd6146a8012323cad9,1,credit_card,3,98.34
246a9d7800230417379948cfa3fa1f64,1,credit_card,2,70.04
935879cc26cb79cd663525d2425c57dc,1,credit_card,1,82.21
c1eae222313b3a7eac740761313cbd27,1,credit_card,8,183.3
bced9d44b71edeb7df9229c6b86fd784,1,credit_card,2,47.62
b630fa3144c2dd867a25b3166b01fc5c,1,boleto,1,190.3
07bebe0626c8053ad425381fe0882655,1,boleto,1,77.57
72b34ae1ed3ddd65b13c86247dd37cea,1,credit_card,3,178.85
9380357951a13ec61acdce81018dcdaa,2,voucher,1,35.4
8d6708eef8a393c70109de0afb75509d,1,credit_card,2,57.59
76d02bba227a9b675d413ce36b7231c6,1,credit_card,1,102.36
0064d74f7de7917d54768d7722ad56ac,1,credit_card,4,221.07
8608b68211e2b6a120ff2e767285e069,1,credit_card,5,353.4
7728b488bf786ff1cfe423986a8d0048,1,credit_card,2,78.01
5f8b2bc14c6a2b44cd5c1131aeb55ae3,1,boleto,1,87.64
350600c11f111d462b138f8e6d1a36e7,1,boleto,1,116.23
b18c7057bf0a8cf25032b7dc0a680796,1,credit_card,1,96.8
c9fff6f42450201f1c5b500726598c70,1,boleto,1,311.19
97407e6242ac47d4882d02c8e1e46592,1,credit_card,1,142.1
411b8901b201804f134429744b17b686,2,voucher,1,127.94
a34373cb005b62a933e6329b9e09f58f,1,credit_card,1,76.37
06851487bfc68744f67fbc8ad1934d43,1,credit_card,2,133.05
2dc3a1303e348a49718ef4a190d14eb8,1,debit_card,1,89.79
1ea3e66a79abe98744817178ba99da82,1,debit_card,1,139.46
a2be25bfae58419f64922010bd631e74,1,credit_card,10,192.14
4fb5f75a2ff520a28e987e6cb5435022,1,credit_card,10,715.28
5607dd260b59aad9885b4dd7ad29352c,1,credit_card,1,60.53
b825b53d8136d85eb4cbe60a1bd275f5,1,boleto,1,243.01
f20149c97a729f673c9dfdcb181f8b97,1,boleto,1,117.94
8ed6d0a29d0344979ce6466cf55fa245,1,boleto,1,73.34
d142e450e61b3eabff86c13e6a89a720,1,boleto,1,112.73
a25652096ac097b28b9a7f41d188c551,1,boleto,1,111.02
331b367bdd766f3d1cf518777317b5d9,1,credit_card,10,283.2
75020ffff57f14ba95e2562980ae510f,1,credit_card,1,53.0
5456769456d0d521af0d1675613702a8,1,credit_card,4,196.11
53fa1584e9fc3d9b50f19da601874fd5,1,credit_card,3,108.1
88cd8bb48fb54b0e7a42902d1383f847,2,voucher,1,5.55
ee9df944ee0ef8a7fdfdce6eb400a5f7,1,credit_card,8,102.53
14a614ee08193a408e0155cba2279c6a,1,credit_card,1,72.14
92b6250c9e1d1e359a29929fa9f62395,1,credit_card,2,186.46
a016235b71cdaacb0bbbd1f61dd2446b,1,credit_card,6,297.62
51d967125c0a12392dfdd135be86ab3a,1,credit_card,1,202.76
e078f7da1a6312d4103ba33cd4abd3b4,1,credit_card,3,110.6
483e06611c77dee5a2e4b91b489eb95e,1,credit_card,1,88.18
7ae3e9e3c63c370377acc76433f21ed4,1,voucher,1,24.34
7c46b5ee3a6b6152b85d5d245784bc25,1,credit_card,4,67.5
f399b1b1cbfba9dbe26183ac60e6eae8,2,voucher,1,75.89
692e004e31546b86abbd93c0661bfb67,2,voucher,1,149.07
e1d1213b6608018866541300bc7e095c,1,credit_card,5,433.28
776a18d9c6d83661a0f788e219f4acba,1,boleto,1,195.92
0b398dbb3e7c81005f3c69b01488c4c9,9,voucher,1,24.8
82c5edeff15e09a0460d292874766132,1,credit_card,8,111.91
af805f1566d654b87cb6d3505fc15114,1,credit_card,4,85.74
5a0aef62fed458de537f3edb8501befd,1,credit_card,8,215.63
b3206cf64b7cd1480a6c6f9912b20666,1,credit_card,8,197.87
d2d141fcfa835ec7db744de7b57de03c,1,credit_card,2,61.69
6f41a6473f4122e2cdc762a8988a67f0,1,credit_card,6,159.14
0ae449254770bfec75a99b8d804e5b10,1,boleto,1,173.84
8f7fab386de53dade383a220ad572f8b,1,credit_card,2,69.24
b0cfe2eb432bba9a53dce35cd5793946,1,boleto,1,86.73
63c1f65a4171fb69929e4fd2652f5617,1,credit_card,1,136.6
4a111e830982efaa7fcd45ff081543ec,1,credit_card,5,183.86
41b7994f6fdd38dc855f6f6a5c61b459,1,credit_card,1,152.68
e7af9428d8b5d65f0fd7d3eb98595308,1,boleto,1,171.29
362cdbf5a3b5f297257f6e67be534a27,2,voucher,1,13.63
aa0cb1c340fa8ff2e4a09780d829e118,1,credit_card,8,321.78
ba4f4ffc1063e52435824b76fc7933a6,1,credit_card,1,102.74
cd1c9899cfb848c241d0b93fdfc10df9,1,boleto,1,26.0
77acf92b72b1e4c4f6c704fe19635896,1,credit_card,2,60.1
79d7ad461229b660db59a892f1fa8e1b,1,boleto,1,77.57
913ee03ef93cb2a1abf6adde78dabc7d,1,credit_card,2,111.89
8f3a46cc0e9d362bf43dd339e4379615,1,credit_card,3,177.98
011375f941b3695c3c3ee58bfe0d3655,1,credit_card,2,144.29
e8065f2f83d1c35a12ece8d1c0699267,1,credit_card,10,497.91
208f186df8ea1fa4fa3d2672752e9788,1,boleto,1,138.21
ceed0f54453282dec0cc7c591237d5b6,1,credit_card,5,1401.85
69fd81b0cd556f5da5000c1ed874ed19,1,credit_card,3,59.58
2e24930adf68f4ce65ad35e0f23f08ee,1,credit_card,3,186.19
d04e2331c1a87bfcf53605399f6445bc,1,credit_card,4,117.36
988b9c003bf679e9c005ddc75d4567e7,1,credit_card,6,378.18
bb1e19124a79d7567645189d83030101,2,voucher,1,12.98
57a8a1ca9bc2b0e04db9384fa04d23e9,1,credit_card,1,388.44
951d716448e523309ab6bf46d9850979,1,credit_card,5,340.67
90f3963bbaa0e66ce36c4f9be2ed2914,1,credit_card,5,50.73
f80549a97eb203e1566e026ab66f045b,1,boleto,1,1767.1
fedcd9f7ccdc8cba3a18defedd1a5547,2,voucher,1,7.76
b362e77722405d304dc6fb5947ea3bea,1,credit_card,2,117.85
3c42071acf925f589bd9a83f291c6b8a,1,boleto,1,280.27
5c9730fc4a417f9c52b34577a35157bd,1,credit_card,3,104.28
12d86cb46107086f370cc3512828696a,1,credit_card,6,214.56
157b4fe03013e7a9db562091a12c2f8d,1,credit_card,3,167.35
40c2eb45ee5466b22abb610d218db754,1,credit_card,1,53.7
0fb5a3160f044b869ebab3a1d50f0471,1,credit_card,1,43.72
072916d00b6a53edec9ccdb3eba1bdf4,1,credit_card,6,464.86
a2b99b6a9c5b0c402cfbabfdbb69918e,1,boleto,1,66.3
15040f094b4f4a45a4d885dd036842af,1,credit_card,3,61.63
57122ae1510bd4f4e0203ae8dec5eb30,1,credit_card,5,174.76
af49eb64bd96a66df6582e592168e004,1,credit_card,8,921.05
fdb64e7a41f724c8b968b87ad729c6ce,1,credit_card,1,22.14
b551d008e194e808841c76fe13ae2969,1,boleto,1,70.14
170dcd772ea4f51c3a859f9beef5d297,2,voucher,1,50.0
95ebea26504e0c4e028d5cdd035c6f7a,1,credit_card,6,65.09
4642b5eb7edc14a4a0dd2c2eb7b68e14,1,credit_card,5,70.72
2909656d933b72ba8b3fcf38fad83c4d,1,credit_card,2,137.2
ccfc23e8a089afcb9b3e98ad1eadb5fc,1,credit_card,2,232.78
99dde9a4d6ee5c602380551b002ddad7,1,credit_card,1,105.99
e3ef3902f4da2bf727f00602d912d034,1,credit_card,15,1381.31
c1cc6a6a6730197d8b7fef1132942274,1,credit_card,10,190.09
d62af11a434a8ee473d29426f6b5ff8d,1,credit_card,1,96.19
7ef3b5a97b46c5f804765c88b291d34a,1,credit_card,7,71.63
2504fffc2c378bdcd1a74f47fefd3a2b,1,credit_card,2,23.11
d28ebfb129706cb5bc1819c31d1a86ff,1,credit_card,2,104.85
e15e937a644b742c6083b44d0f9a0ab4,1,credit_card,1,114.99
0410ab9a8e8b28e6399bca3e89562f95,1,credit_card,1,39.0
c1784d1cbbff59b5a789abe080cfaaee,1,credit_card,1,15.77
e76334c93e9af507d48bc63dba788ae1,1,credit_card,2,61.52
02dade411839b1c334363dc9058e1124,1,credit_card,2,231.39
1b506ab4d2fae3d70d95f8d0a4d8d094,1,credit_card,8,195.91
c991b8532e7abe41bcfae9b0ae4e8f45,2,voucher,1,48.53
4e3c983f32057e27037663715a3fde5f,1,boleto,1,63.59
460eec79907c666bcac2d1a397907b2b,1,credit_card,10,279.17
8f2e84cb21fcbe7e95d12e4f0dc80487,1,credit_card,6,64.82
5290363ff55b49b6310cf80238d88572,1,credit_card,1,54.0
7bda50539ea6db7dbafdd8ef17ed726e,1,credit_card,1,27.78
5829e8dbf7adce16a91e4ba7e8c1e4e0,1,boleto,1,68.2
869548743b57fc4906baa944c448a644,1,credit_card,7,77.57
46aecd246f390bf2157edfeed11b5433,1,credit_card,1,126.23
882d0ad1f2cb3bb80acfb9e6667be1a7,1,credit_card,7,299.2
228854f82259e0bcba1d3a55fd6d955b,1,credit_card,4,217.64
37d13d0bfc39d14f3e61c410340c93ae,1,credit_card,1,45.0
bf855e7e3d03c67755603ee3ec6f740a,1,credit_card,1,77.57
f7e76d88532589dec3eca969d70af654,1,credit_card,2,42.12
d1543ed643aa74672a7cb5a650e3fcef,1,boleto,1,107.94
1f1b93186b0c7281daf8f6c6145279d6,1,boleto,1,48.71
ec68d155d466ea0d763c7ae6b1f7b360,1,credit_card,2,71.82
1b808946f01b032c2ff882e814352ef5,1,boleto,1,65.09
cf5bae440125a8f7eccfde72d25e1913,1,credit_card,5,161.19
31b2ff78299f9c71d536cca98394ebe1,1,credit_card,4,98.23
fcaae2ec3667a30a9164785ba78306b9,1,credit_card,1,34.0
6603369c4a4273652e83110462b4afd1,1,credit_card,10,279.78
3a55ce70e083a313526038fabb9b626f,1,boleto,1,418.55
4ab8d41a01fbd0a52d7de288e25463ac,1,credit_card,1,31.26
354025795ae5d3d171988505159a7843,1,boleto,1,94.99
2c9c2c96702997c879d75f927b76165e,1,credit_card,1,25.9
1d0acbd3a21cb00b1cede4db748fa0b1,1,credit_card,4,215.06
b41615b1708e1ff9df91b0cd0f6fdffa,1,credit_card,5,59.01
028369515408fa864cfe50091d4e76c5,1,credit_card,1,3.81
41a207671f292d00ffea01b171f2a30b,1,credit_card,4,99.56
522c62c4cfb541b50ffc3999515fbaf3,1,credit_card,15,159.6
56d8f7fb6d7398024039c2b7dff3fd0d,1,credit_card,5,164.33
c8ce9a6ce9e77be6a9d5fe31e7496c34,1,credit_card,5,131.84
e4e0be4d6409eac95f01919debf6ca7a,1,credit_card,2,116.82
38801dcdd44030c1317f837202c28501,1,boleto,1,251.06
dedbecf3e315db42fb3c7437a18b12f9,1,boleto,1,35.09
06475c925f62299396ae63b9e9468486,1,boleto,1,29.47
a9f2178e0d196086f0124a23965d79f5,1,credit_card,3,158.82
12d9723638a09350ec19ea8d66073249,1,credit_card,2,109.7
8fdcdb0ae93912af54bc9e0ae5e1545d,1,boleto,1,217.55
44bff723bc2f864855ed3807ea7157c6,1,credit_card,5,58.99
78f0db6f25f112d1100e8d940a643fd5,1,credit_card,3,179.45
fc664ce755b461e5eaa3acd0be4e2118,1,credit_card,10,270.36
5f82563eed1525084af012688a78398a,1,credit_card,2,71.04
040d14995ebc5de6373a0bc2b5485961,1,credit_card,1,40.1
0cf52f585ea2179c0bfd06b1a7acf3f4,1,credit_card,3,72.79
168d45af7dd36e96d0a16120eafce384,1,credit_card,8,93.98
9b9273325c81fdbb834a17e020c6d131,1,voucher,1,89.97
928d6bcb24344911f6d0003585b91dab,1,credit_card,1,63.09
061aa244b31dd240e079ad7a7ce3f32f,1,credit_card,2,151.98
7bf074a71da84423b09ada4ec2932bf1,1,credit_card,2,24.71
7a1616110b24cfd12bdec238b385ec42,1,boleto,1,58.0
2c885b285dce307562d7f4caae89c6dc,1,credit_card,8,2039.44
aafd24ce72f716e644f9d4012e1afcda,1,credit_card,3,165.64
45522a6bce54dc165a36fb047fbdc12f,1,credit_card,2,112.22
33a03fef07e3bdb46a7ca7fded715d53,1,credit_card,6,67.13
a4f1baba644a021e811a8fd82e838984,1,credit_card,3,56.37
ec16a756476054ae786f87878df0e047,1,credit_card,4,319.37
8d4f2bc3695c3c45f37da3245b22a491,1,credit_card,4,647.54
23e3e258cb0914459e129f704d04733f,1,credit_card,1,124.14
c2dd3125d2c742a487adbbd0704b4775,1,credit_card,8,164.54
10ade03150da4c3a784807bae033f361,1,credit_card,1,63.33
eff124e4c7161cdbc3ecd912e716715e,1,credit_card,1,14.78
9565cc0d085fdd4b53d39d15811ec913,1,credit_card,5,357.28
0599833bed37a5f88c9ade7cf219fd6b,1,credit_card,1,113.62
acf63fc70f653d6bd063dafc3701eafe,1,credit_card,5,169.92
d286e7a7639e71eb3d8bd4c37264ec1c,1,boleto,1,162.04
b83760bff972adc010a180e5219f90f5,1,credit_card,2,91.68
32d29d9903eaaae11d418d087f442fbd,1,credit_card,8,192.66
a0563252fd4da955a4bff4e622f4d81f,1,boleto,1,220.43
e8c31684699efc784688d7ab3396b77f,1,credit_card,1,36.01
e69ef8c934605e67c1ecde95ad2a1b46,1,credit_card,7,700.89
f864cbdd90b9140661a4c7e3807a86fc,1,credit_card,1,41.66
2623ed35158b345e208f55f03565c1b9,1,credit_card,1,62.59
ba57df46d6c7801e304a57084265bd86,1,credit_card,1,126.44
ac0716aa90541fcb9f100e8a7b38e2bf,1,credit_card,7,73.76
9520fa1ce7825b83dec466f4f0d8b6b7,1,credit_card,4,198.4
063250ed406abc1e7730639c79d16a0b,1,credit_card,3,357.03
1aa6cb753e28c675560a88d1f9c80e86,1,credit_card,1,115.45
0828f00051736863b477ea7277ddda6f,1,credit_card,4,86.56
1af34c470eee707920eb7508e1e8efdf,1,credit_card,10,401.09
d42ae55fee4d8a4b11a86804fbfc0e34,1,boleto,1,101.36
3457b7151b16352dca4c597fb8b9bba3,1,boleto,1,71.82
bb2333fb2f478ee47fffef086d24da16,1,voucher,1,31.09
9b951f6f81b73f9ee291b9735e6fe993,1,boleto,1,262.12
769cad60df1d40dccfd5ec163be24654,1,credit_card,4,324.32
84d965c9482e83de042bcb2ed7330012,1,boleto,1,202.87
8fc75fa394f1ce5c0fd2775a4ae94c2c,1,credit_card,1,54.62
ba3a51757fdcfef1274e42c81786e4ff,1,credit_card,3,98.79
7cf4d6735272dc5678263c8d9c1144d4,1,credit_card,3,62.74
ef79852572532629bfd78b06d07055c5,1,credit_card,4,83.95
32a8de5ba7f744d3a361fa1ebe7f4b6b,1,debit_card,1,73.34
fbffb0b287b62d10b5a1c24a29ae16ea,1,credit_card,10,187.7
74a93edfa68b687b0e3697b4e20e4b80,1,credit_card,7,71.79
38bb5f9d2356ae738afe613b8e723645,1,credit_card,1,73.34
46a82de7cb247602021cb71731323fd4,1,credit_card,3,286.17
678e948d6ef6324c0891d0c714d23946,1,credit_card,3,292.37
a6d7ec86cdee674d7af1adaf72f05cb3,1,boleto,1,31.75
7d39dfbe41d0fcf4a1bf8a09cfd50a31,1,credit_card,1,155.73
5d952c5bc80b046c423373cd126ceb00,1,credit_card,1,55.1
a3a3b0aaa23eddcb93f63fad71f13391,1,credit_card,3,73.79
584fa640e7dbb97b52206a50abfa4d0a,1,credit_card,2,148.15
865877542f1840626ccdfc88e0b74684,1,credit_card,2,100.34
940732b8dc54f854975ffb339263bcd6,1,credit_card,2,31.75
b48681f5e795989ee7e78953269720e2,1,credit_card,3,39.09
ffa378a0d8e871367fbe51bdd9e12a1f,1,credit_card,2,58.8
c7e6c5f6d269f68287d1d2471d70bf9f,1,credit_card,3,65.1
61224c4690fa8613b56e0469cea9415c,1,credit_card,1,42.56
7f57cfd0b88f36f8d013446482df54ff,1,credit_card,4,45.0
0d34e6a3adf3e9167496b8fa889d5ccc,1,boleto,1,55.0
dd1341091b6a6b619079944b4aa45eb7,1,boleto,1,33.68
519a63cb3ea1d2c4b1364552eacb6b29,1,credit_card,2,148.22
0402c01cc0985160e52a67f202177b78,1,boleto,1,70.72
2791f136b9474da2f7f56a8366675b0e,1,credit_card,8,662.85
3a0ad73a22a4ca1af66f3f7ee5c6c3fd,1,credit_card,10,184.69
c93e4c73cba512f76817291e0de8bec4,1,credit_card,7,301.19
32fa6763db15359ea4f0f07ae6021ee0,1,credit_card,2,56.78
94acd425f088b17d675c6f8801f9dcfb,1,boleto,1,56.01
dc1c38562bafbecca9a27dd77d6bdf5a,1,boleto,1,212.32
7b7e3ed4365b8e1e3f9ad98617b4b64f,1,credit_card,5,346.39
5b71035c88f2a3897eb7f0f73edb3f33,1,credit_card,5,791.76
ff386915a251d61bc728a414a25ecb88,1,credit_card,4,201.65
950bb159eea525ff8947b92c93b02f8e,1,boleto,1,185.57
d45738e3173a63ac6deeaa1b2168314f,1,boleto,1,83.9
b5b411510c27795418ac5808a30054e0,1,credit_card,6,186.62
33677835cbfd6206b10d3ee75b6142ef,2,voucher,1,23.06
2e77e95ff07f298805637dfde7da4b4a,1,credit_card,1,298.73
1e6f350c900ca357945126e20117d293,2,voucher,1,13.14
e27da7442d05c49f4fa6388704a81663,1,credit_card,2,184.85
1871eea34c05e21129b1a6a25e0ec985,1,credit_card,4,41.68
2e5e827b80515bc21c042a5181e32ec5,1,credit_card,1,42.58
8748f09f5b3de56a89acecb0b56618ae,1,credit_card,1,48.53
858d458b39082890e96fbb1fed8c2a52,1,credit_card,3,73.56
28e418b320f6b759b6aea79734f165e5,1,credit_card,6,970.0
a2621d414c9c28d85816bbc9f2e8980d,1,credit_card,9,90.26
324cf506bc49ac084606d586928ed389,1,credit_card,1,65.99
ca99d0db69566c10a85c187406e20b76,2,voucher,1,31.67
4ff9dbb3b682b9c1a8f93e22dce70106,1,credit_card,1,38.05
11ecea021072c62767879235a840565c,1,credit_card,6,197.5
92cab9b20b9256633a1face403664670,1,credit_card,1,52.77
fcaf5f5131e3480217cfa4c664cc8875,1,credit_card,10,135.0
8da3063f18b30c590bab1b8d083b03fd,1,credit_card,1,76.65
3dae6feef971cab19fbe93fb8d14eb13,1,credit_card,3,77.57
cc02601c19d68cb1a4cde5a11aec694e,1,credit_card,8,414.81
550a0a633eaf0af78258105794106c1c,1,credit_card,2,71.14
bb58d2adc1241af1c36272f66ab7a771,1,credit_card,3,207.94
3517c4c24184e3c518a1c8319dc60765,1,credit_card,5,141.23
ed1ebc0780061795a30c800423075f78,1,credit_card,1,66.63
fd83958bf029de1ca6903c3d8d9a9227,1,boleto,1,64.14
a9d12173450be22cabf7f56bfebc2565,1,credit_card,5,196.26
dbc097913df341f30b9f9e92f459cee2,1,voucher,1,50.0
a66765fe402323e56c6304674dea53ec,1,credit_card,1,55.69
84eda024589384c414522637e6a3d313,1,credit_card,3,64.72
6297b306b33b7a9028dfaa203b9742a3,1,credit_card,8,82.67
452994e9759d6496b4b9667faf1c7af4,1,credit_card,1,92.57
f04bfdbef5359607d39e66fccc9cc0de,1,credit_card,1,998.49
4b936f52e9d0886cbe8ab2c15fa0a71f,1,credit_card,4,129.32
574a5f31f28e74854179a095e600e96c,1,boleto,1,29.1
80509330a373b52445d3c8622c3fb9b6,1,boleto,1,111.02
78413cdeaf9f8c1b3eedb014ef477976,1,credit_card,2,60.06
b8a939e0425262884b50cbd95032f71b,1,credit_card,3,287.38
f37a7291679f74e07ce56bd863b9d6f7,1,credit_card,2,112.71
aa55555c927df6a9f421ab6fab013656,1,credit_card,2,59.42
4b69fe6557f0b4574967a8ccf31628f5,1,credit_card,3,163.71
1f2b13f5168b0700a870188e1e72fb1f,1,credit_card,6,66.89
4e67f143b0c25b22aeab8e13b0dfba81,1,credit_card,1,87.36
d3a5c7e2fbe9a935e6a4a7454d4b8869,1,credit_card,2,52.16
92bdfe9e203d9d027f9c26b8b39f6ec8,1,credit_card,1,31.75
f161009fa560294248d76cf02ea7443f,1,boleto,1,55.18
fa1ad0a29c6a88101f0eb2e1504eb9ba,1,credit_card,2,116.36
2950c71359ad6e41415903d763381882,1,credit_card,18,183.93
2ba8e97c85cad12aa29c88686dc08792,1,boleto,1,68.02
064895b0b58ab3f84d9d3b0a2b800205,1,boleto,1,76.17
ba00aa276bce1031f0e144282affad55,1,credit_card,4,44.37
d12e769a4e50f157d2c6cdf423dd73c4,1,boleto,1,255.74
5b44c6f9e0661260464c004450816622,1,boleto,1,157.8
e1d90e4b5616214b451c589d55a6914c,1,credit_card,1,186.71
5978c23150e32abac4af3b0a9cc2637d,1,boleto,1,65.24
9c8b8ff59ab268b976e66d35464ac79b,1,credit_card,4,150.75
1883a089d3c8c6c4068e31b8802672bc,1,credit_card,3,35.01
ab7247404a9215230d6977f0e1dfe5fb,1,credit_card,2,45.79
325012120130bcfcd0623ac922d59c38,1,credit_card,1,86.64
eb3496e5ea096b0366a2e552fd7ab470,1,credit_card,5,55.53
31c5b1c46eed53925a1f2feb3493ba31,1,credit_card,10,675.01
94af94e55976f5fdd5048f5166123639,1,credit_card,2,108.2
95d8c6b4c0b7c33f86f75fa4e0a74594,1,credit_card,3,322.89
c49df0876643772fc41aa1bd470fe6e5,1,credit_card,2,105.01
1001fec33bc88a484d7431bec2147348,1,boleto,1,92.95
6070ab7b5e87d4ed488918683d044bfa,1,credit_card,2,117.85
eab0944c40c304c769e5c24309caa8cc,1,credit_card,3,48.62
f3f075558b483bc41012c816ef977100,1,credit_card,4,305.63
20f98e86c9187ac61473d4637f5b0c1f,1,credit_card,1,61.99
4139faf4f621fe4b49e3e0d71bce665c,1,credit_card,5,93.92
1fc5c0bd6efc980c66dac929f708ab00,1,credit_card,10,156.73
866ec84f10b8bb9f0cbc1f4ef5ae69dc,1,credit_card,1,64.9
5dd2b7d78f1a564bc459f3aeb9b47bcb,1,credit_card,3,162.24
823384842bb58973b0c88e31c6f94da9,1,credit_card,6,67.68
245edde3bd6cdd0590cdfba00d88234f,1,credit_card,1,72.66
c23cb80af0f010fd4115ad42f91c7822,1,boleto,1,88.72
cb9dc2a38a77d7bc14a8a39841c4a542,1,credit_card,1,45.61
659862bc91d0c543aa9a3ecd268792c5,1,boleto,1,43.1
94f23feb252cda8e4bf2380428a1c42f,1,credit_card,3,31.77
55ab9db2aba357eaf4c98300f85b2189,1,credit_card,5,264.48
fedcd9f7ccdc8cba3a18defedd1a5547,13,voucher,1,5.84
84d27863cf4593bdc358f6b17240a3c5,1,boleto,1,99.33
ee8901b336ba6d83efea88efc3aeca49,1,credit_card,2,132.08
be617734b5af69d1f5af08af4a1ac32d,1,credit_card,1,90.0
e9376d90b28f9cdea83d4d850e4bb1a7,1,credit_card,4,139.62
5451dcf8797facb072201af54921f04a,1,credit_card,9,96.88
987b7884b5b6e23a2b4d35d8213815a2,1,credit_card,20,488.58
e2e62108a0daf44573986d823484239a,1,credit_card,4,48.06
c61e31d4cd0672fe89449ab560602519,1,credit_card,5,62.01
415e206741f6c13328e16559b1b85b54,1,credit_card,2,159.21
bfdfa2b4742c41cf4853fd72cf7c9815,1,credit_card,2,127.98
e0bd62e007e5e88656338ab10a5c0f42,4,voucher,1,0.48
e77070db7fd22ebeaba41a390fe93a53,1,boleto,1,46.64
8f7176f38b6ac3f5e924b9b05716440c,1,credit_card,6,307.68
4427e7da064254d8af538aca447a560c,1,boleto,1,102.87
9dfd3a56fdb17e1806b96edf77f39fef,1,credit_card,8,102.64
5a65b91aff9c0fb03e7971823e104163,1,boleto,1,76.78
ee72cc3828a08dc0672d88d212db3452,1,credit_card,5,66.28
4969cddf1cd3a57ea95fe8c3b89a7018,1,credit_card,10,143.83
19530a2973e25dffb52a39210f27ebb0,1,credit_card,1,106.77
e4a4be9057b0723c5014f56c6d4ba6ca,1,credit_card,4,44.71
aaabb4935fd6db331104e2cf134d60d8,1,credit_card,1,97.8
6b492e90666acecd3f5d1fd3fab7afbf,1,credit_card,2,114.96
ab1197da15cbff2ec70e2d58824ebaf9,1,credit_card,6,75.07
48ff0f8a939349e708998008053afbc7,1,credit_card,2,67.98
76d1d5d9e614ab4fc54310fda49855b2,1,credit_card,1,73.15
dbeb15c52e114604b6f96141f354fbc6,1,credit_card,4,89.19
773e520cc5e67e4d6f8af15926317a36,1,boleto,1,68.13
1a0a36c1032d171afbfdb82012107bf6,1,credit_card,5,372.19
73fa09600b87d64333b03f2fe849e096,1,credit_card,2,21.1
14a031b045ef8ce4a2b6e08d1fc5623b,3,voucher,1,20.0
e1fdc6e9d1ca132377e862593a7c0bd4,1,credit_card,7,591.4
35a85be2e5f884a5672a0971158df8c3,1,credit_card,2,25.77
3ab37da4c3d273ccd8635987b4a6003e,1,credit_card,1,115.07
bc8f3d379c349098bbcd8b6f41883e59,1,credit_card,1,369.66
6649a190e9151aac8d553a45875d4b5e,1,credit_card,7,75.65
325ec8a88062bc88aa724f174358df01,1,boleto,1,91.39
1a64643317da0457d3f145fab8734b22,1,boleto,1,79.8
669ce1216b1f4bb933050232c202be73,1,credit_card,1,31.75
a28ce0c52557b5cb81dac197086d476b,1,credit_card,5,230.73
d1092f5c7d5bd489e3fe4c7d0746c2aa,1,credit_card,4,148.14
69dd35d1bce2181b2f3a56d5f4159831,1,credit_card,10,421.15
3463c5474c21c4b02543cb5e9607f4e3,1,credit_card,5,148.16
124c799bcc4126cdb5cca8c5889533b7,2,voucher,1,6.46
23922a8d5cf1517d181d87c134bdb162,1,credit_card,3,232.06
2823892eb5b11e8006c23b01b51ea5e9,1,credit_card,6,137.2
a8eed0db5f225dedde3f0edcdf9ee3ed,1,boleto,1,84.08
ffbae9b91be0cb7c3cc9a38a35c29210,1,credit_card,1,60.09
0fdb712fc648aa524966c0a442999bf7,1,credit_card,1,30.02
7e057dac0629fd5a4b43f092df2adb86,1,credit_card,1,175.77
7af818e6d3ff877a6fd091e86a17a285,1,boleto,1,53.15
aa1f345bb394d4b91fea04c459da45c4,1,credit_card,1,74.64
4550b64fee9966c0a5d7b0b9f7606f10,1,credit_card,4,174.04
2c648e5080cc33426153580987a3494c,1,credit_card,10,420.47
d8fdddcd258b88c4919c52ce44756a39,1,credit_card,1,44.0
1ea86cb67ac980ba54aa42725a5fcdf4,1,credit_card,2,108.98
c66c3d7b42dbd139f921139df1eeb31c,1,credit_card,3,98.51
453c644fedbe45275213438c93f3d0ce,1,credit_card,5,54.38
96bce1588131f7637bffaa5c25414b33,1,credit_card,5,701.22
6ddbe0f503c2940cf5d24e1d8efee655,1,credit_card,10,811.29
cda07ad4f2f777317f2d6b2e3621a5cd,1,boleto,1,50.48
60c03a80ee95e6f0b2be392657ba6c1c,1,credit_card,1,63.37
dbe8ecd957db3aaa6a15609223afe9a6,1,boleto,1,166.41
de06e436fbb3dd6e10bafb5f24ed5530,4,voucher,1,8.49
96b0bbaa7c919540b78e7c4f1223cd0d,1,credit_card,1,90.75
d891fcff7f5720b6a87ecd0a3dbf0c27,1,credit_card,8,105.29
982f1dba4ba6a565f56a2f51e6a68740,1,voucher,1,25.0
e77eb7578799cc588feca0f6cf56a49e,2,voucher,1,5.23
f6557fb0a00716c9af72d15943e20704,1,credit_card,2,72.68
6fc329fc5cf04756f90764baf31daa17,1,credit_card,3,71.14
ac44d431499dd1f572a4dc7408581e7f,1,credit_card,1,172.96
086e718f4bcff72026c18edaf8d572c5,1,credit_card,1,200.09
da30a0f292c1564f3957b348353eb52b,1,credit_card,5,51.09
7b41dd01e9782f30bce07161d2780740,1,credit_card,2,62.27
166e8da2582560e757c1c41e4a4148c7,1,credit_card,1,62.19
6d73ecf533649a9f6e32b3c803c76e57,1,boleto,1,97.51
0256530d814cde05587fcd8e1b992bc8,1,credit_card,8,343.71
086928951ba74a6682919fc942c458d0,1,boleto,1,213.9
fdd86f104c7f379d881d8bf34c6838ce,1,boleto,1,43.09
d9971834a50b8fc323aa7f527978169d,1,credit_card,10,108.72
ed13c5b7c83748412c1331493e28e36e,1,boleto,1,54.0
47d62434b47743d5c247a683f40fe56c,1,credit_card,5,166.16
36826a38055b8ac7c996807317982824,1,credit_card,5,58.53
e213b5e8d4900ec6176f5489d057e5a7,1,credit_card,10,816.01
d566543182412210d24ad79aa1b4330d,1,credit_card,2,116.45
0d123aa33c3954b2685ef6807ffc9bc0,1,credit_card,3,174.26
e359056f7d7b5f57f57e4d8f61b5659d,1,credit_card,1,316.76
e3a83a19707a6f27e4fde8d6b13d43f4,1,boleto,1,177.36
b6f5e3bc6360fbc485ff34695b7b3fdc,1,boleto,1,92.96
9380357951a13ec61acdce81018dcdaa,1,credit_card,1,0.34
02f6d9982a52e44cf5a2be82598d078d,1,credit_card,4,231.74
529de011939a17a088e8df57b4356585,1,boleto,1,44.34
64c546d3105803846cfcca109d5bef43,1,credit_card,1,63.97
7dfdd7eb79e2cc6f2fd2e5c400050a84,1,credit_card,5,145.29
86c0740485510bc8dd381cc668a616e7,1,credit_card,5,54.82
f679a32d796c71a12390e0f05fbba42d,1,boleto,1,124.4
3c40fc70c7a1287e9616fb5dce615df1,1,credit_card,5,116.94
85d1148753005c76a785628b87effc27,1,boleto,1,117.94
c25e9bf813225380ada966afae6d6b95,1,credit_card,4,258.99
28261c529e96c64f072a17b839812d63,1,credit_card,1,78.77
8e9739a379cb2d138f351acfb693eaba,1,credit_card,4,233.88
4febe1be4f45c27a03af55f77bcffbbe,1,credit_card,10,371.18
ae84411ef203ed6a3cdc4e239536b958,1,credit_card,4,44.1
89a52f9735ee199f8c4583cd8d77de4c,1,boleto,1,57.34
aff7b4ae67c914f9555ed558c34e9a81,1,credit_card,1,259.14
187d43c69480f7f8d6fa58d4aacea5ee,1,credit_card,1,77.57
39f4de18c3b28bba19ed3eeac7b9ee33,1,boleto,1,101.12
46b39d2dce11278e24c0f17526d0f21c,1,credit_card,1,50.85
cd01c1252b19226f4fec023234aaa41d,1,credit_card,1,127.6
51f15a10614267de8d770ec0ec09febd,1,credit_card,10,206.43
9dc2f5ffe1031614a3db70c07d9bd36c,1,boleto,1,69.14
2c6909e9d8d1f642b6c8126f985146d0,1,credit_card,3,149.56
aca60cec1bc8f1050c9e956312201026,1,credit_card,10,840.48
750d41eea698eb46b84a70de18de2a5f,1,credit_card,4,86.1
42d15019c60a46495bef1e6d0e9b7ae8,1,boleto,1,63.15
1f80ad89393a17282085bcd14644e45a,1,credit_card,1,140.0
884dd22244240995c8a18169c32be54d,2,voucher,1,26.49
1222dd8e203987d55f99c5552d41746e,1,credit_card,4,166.87
145795196f6224e4557aeca5cad2863f,1,credit_card,6,359.24
0fefd780aced50487fedea40b67318b5,1,credit_card,1,73.34
bb6a7f8cd819560d278d618a0673dd4b,1,credit_card,1,102.96
739d6562c43ddba4b4c1036113206abd,1,credit_card,18,321.2
40cc087704cdc9456b35cb98bbd6c8fe,1,credit_card,5,287.27
4d8d0b4795fe858361a2b29c14556e83,1,credit_card,4,85.16
a4319b6643948acd1eb9e4e0c8b0d473,1,boleto,1,48.63
408bba49e507e2efa9fbb77966ca4697,1,credit_card,6,178.78
329954a78d93c0af4e24aad8677ba9bb,1,credit_card,1,83.41
30ab609acdb1c2d3756dc46d1e7d93f9,1,credit_card,10,192.44
546f8ad06a534934fdf15a5b1b10b9f6,1,credit_card,8,1173.71
f1beb4a73d643e796b824e6f680528f9,1,credit_card,8,452.98
17e474ff1065f1a6ae77b42169d8c451,1,boleto,1,174.36
916c4f6b4d3cf3e78ebbf5c6b7e20dbd,1,credit_card,2,77.57
fe62bcdcf8ce8da3e223a41f588abdce,1,credit_card,1,47.37
feb856bfe5b756097c5d2ff2773f5ed3,1,credit_card,3,33.84
86ed2440255dfb35605f2d01dc0a545a,1,credit_card,4,68.89
ebdaf57f968f138db2203c944dafd49a,1,boleto,1,35.0
eb3453fe7cce2e88a56d3621c7cc2d7d,1,credit_card,2,31.09
11bc84df322a800171eefbc060d1b69f,1,credit_card,1,209.23
1cb44c843df038496648b84a904aafa6,1,credit_card,1,12.06
1e6f350c900ca357945126e20117d293,3,voucher,1,21.23
c38813ffe793f98e9c552fdd4f0a21ee,1,credit_card,1,70.12
ef4927f51923ddcf7b75fb84f51126b7,1,credit_card,4,62.78
09b8c1e504ab1fce7031c710bd8558d6,1,credit_card,3,77.72
b19b783be83450d0c4d0b92c5343a528,1,credit_card,3,30.27
3d777cc1e8cdc96f0ab058c715cb369b,1,voucher,1,24.0
fedcd9f7ccdc8cba3a18defedd1a5547,19,voucher,1,8.42
c6c99f96854560866a50760e74aca378,5,voucher,1,20.0
92be217451e443e50d816ab21286d00d,1,credit_card,4,77.22
28598ad2a5574e7033f5b0e51c30f6d3,1,credit_card,5,285.36
334bdd786e5d50231aac545ecdc7e291,1,credit_card,7,77.94
d22b9cdf085b4c46374d974de5b98296,1,boleto,1,29.59
a0c1ac2d2b7ee099ba14b612a76b6187,1,credit_card,3,94.3
9d3accee31f94310856759efbff805f0,1,credit_card,8,230.73
67d1681c8bb9f9eb28f2a9beb44b8636,1,credit_card,1,14.04
d6a1328be8ee25bcec02c6c659e41618,1,credit_card,3,39.28
24c5d6cc9734ba1c383389ced0ea2ca7,1,credit_card,1,165.8
e747b099854432937d27178c640102bf,1,boleto,1,36.78
afa610ea863dee3d85954aa87a22ba6f,1,credit_card,2,35.84
aa5604bf192f6ee61a0ef7b63fed898c,1,credit_card,1,229.0
ce6ff4543efa5c36ab4ee967236674db,1,credit_card,4,91.28
46119d4ee7d3833acd9807e510fd9790,1,boleto,1,148.58
6c636e8cee90bf0aac0ec71c90f873e3,1,credit_card,1,73.13
675c52d8dfa16aa7a3b12b6ad7466fbb,1,credit_card,1,72.14
6e821c1f2504ac8ae2e154ab1e4f933e,1,boleto,1,90.88
2261b9c8d492c061b64df8558ae4543f,1,credit_card,4,55.0
1d0eb66672e5eff7b487f906f5a619ac,1,boleto,1,83.48
77964238e13406d5f49ae1602c93b5bd,1,credit_card,5,155.14
3deef99fb2f658d2cc80673c81fe9195,1,credit_card,8,226.12
d0269d8e6e340202e519f59cefeb094d,1,credit_card,5,125.88
6d21ed7585cca6643688d729d0cdfce6,1,credit_card,2,144.28
5a85ba245a3a3bcb21334e761e0ef1a2,1,credit_card,6,62.23
80f124338f01e6f18cf0bd64261e0db5,1,boleto,1,162.15
f4c47c5163aecbdc7ce04fa55857b332,1,credit_card,3,38.0
c6c99f96854560866a50760e74aca378,3,voucher,1,0.23
5e17b70632f7a50b36f6601b955c9091,1,credit_card,1,28.84
1bc1ac5e4876ad4e4459fe6aa516ddc5,1,credit_card,2,107.78
98887ed2917a8ed8181ea225dc24318d,1,credit_card,1,45.59
3e9fee97691551e4a1444f095899d5f9,1,credit_card,2,101.74
d0836b3ff071bfc93b8a3c5acd8b63a6,1,credit_card,2,183.69
dab1208f2886c43e8bd155b40523d343,2,voucher,1,678.19
1e0472c015f18d557d20db713af0f356,1,boleto,1,185.34
ec38e40a750810e337a528576f0090e7,1,credit_card,2,102.81
b64694f8da34c98dc8734f15ad74ba86,1,credit_card,3,155.14
ded9b5ad95de67a5c760e7941c8309c1,1,boleto,1,850.0
22d17396ac4c177e0ea83929cd4f845d,1,credit_card,10,217.78
626def5d634d7a7c180f03cdd9178930,2,voucher,1,78.28
1f78837ac58fa81b2191c703d510080b,1,credit_card,2,22.78
4fb59cc4950521f470473ef761b30d7e,1,credit_card,4,208.48
3a0b83e4ea6805a8d9c32b4c13b4112d,1,credit_card,8,379.8
a1c075cf51b237be65b4342ce766e007,1,credit_card,3,156.64
731af685c0c3a53819519bbb93a9240d,1,credit_card,6,63.11
fd4440c3eff791f70d022bdcb82dbbd2,1,credit_card,3,100.96
ae9a9e54b4927c718d4e66073b5acf33,1,credit_card,1,96.8
bc107b9b5508d2356f663898c2eb1d8b,1,credit_card,5,133.58
5d4c85dc3fb9109333a5a7ef8fe717a4,1,credit_card,10,1916.96
a1fa82769a203e30b8faf81cd32e5193,4,voucher,1,83.59
54056b0d1e99d13dfcb36c57dd33709c,1,boleto,1,51.75
46f3c70ec2c3e58a0c126aeb5d10d9b9,1,credit_card,8,695.61
32be8f17cc988f8a0a52deaa64576dc2,1,credit_card,1,27.68
01500f2503fa84279982d9d87750021a,1,credit_card,3,32.59
c3be15258fc4adeb2c7569983b4afb99,1,boleto,1,690.0
fedcd9f7ccdc8cba3a18defedd1a5547,5,voucher,1,9.76
d8a72b506828f3aed76e36c3f4fd47bc,1,credit_card,6,79.56
f4d52c8679d7de408090a7c7ec487cf3,1,boleto,1,96.88
9ffbf165bfd976933256254ac8d7bb36,1,boleto,1,183.32
0184d4ddb259e1a4cfc2871888cf97b8,1,credit_card,8,91.16
e2c83f97c1de922cd2db1cd278fda544,1,credit_card,3,226.12
869bb454aa7fd93af2e620c1d34d5e49,1,credit_card,8,1341.55
9d586d139683c3c3f1d1f3f94ff24ec1,1,credit_card,7,118.26
eae3ed41188ee048187bd4841ae52b9c,1,credit_card,6,107.78
438f4256ef380bc7d658773ed817a480,1,credit_card,3,63.34
1d64a3cb77efc4437f3799929de08008,1,boleto,1,45.37
3ad057222aa3896524e1f8676a6fed66,1,credit_card,1,118.25
9a4d55dfd3d1ff691330e78da74a6b12,1,credit_card,1,433.13
48a8a6c760d13fbcdf6542200ce572b5,1,credit_card,2,106.06
c536b6b70c5e68d35e68e55e95d873f5,1,credit_card,2,128.02
f3bd213a969549dd53ed48872f4bb69d,1,boleto,1,520.75
7c37927fa7676a5dc4dafc75d15d6bdc,1,credit_card,3,87.96
21838957166e38f71ea42879c0a5c3db,1,credit_card,3,278.43
bb1cb0653f2664a83f30a4bc0b483f94,1,boleto,1,255.33
90e258ad907d8401c4f1107ea9e55f1b,1,credit_card,5,130.91
9db49839ad325c2bf4303df727694be2,1,boleto,1,62.74
d7484d6207c35d75a99882ac7de536c3,1,boleto,1,56.78
948be76f305c16c3ddc7bfcdfaf093ac,1,credit_card,4,202.4
a4ab908db8226d51e477fc3f81c3e27b,1,credit_card,1,54.73
c666476105edefde7a138ed12ccb9910,1,credit_card,6,60.1
a43f06aa18fbe7db935630bd59aa0cdb,1,credit_card,2,157.32
2c3ca3f1309ac4dc9e380810f4f65e46,1,boleto,1,65.0
734bd07307ae901d45f8380b8670c37b,1,credit_card,8,86.15
59121762c43937db5346b773db68db47,1,credit_card,4,240.74
886ddb536ba82bd61a9d3ddbf5d0e73d,1,credit_card,1,133.08
39c1dec2963c9b3f7390349ec9c4b241,1,boleto,1,110.0
d46d30516947c87bbcb5d6ce98da510c,1,boleto,1,97.35
dd8f044a145ebf7152fc8a718cbd3412,1,credit_card,6,1659.84
d8a31a8693c0ed38aa974021d1ba3e65,1,credit_card,10,174.81
d4156493c21d6dc99c265f66e3943122,1,credit_card,4,265.4
78d9bc19ffe6549f445e37d09987a476,1,credit_card,1,601.47
13f4bad08354705fbeb23f41f08c31c4,1,credit_card,8,383.79
365fb819701436011708b1be4a1d4810,1,credit_card,1,29.56
27c666cbe2691774436144c46aefe216,1,credit_card,2,174.86
c6c99f96854560866a50760e74aca378,2,voucher,1,1.55
550f7653632f43410dcc64a9aff55f45,1,credit_card,1,57.3
c3b0ed046ed38a0d7cf59b4d651547b9,1,boleto,1,329.98
9c983856364a24ce56bf39aea9bb118a,1,boleto,1,153.52
2059d0da82b7b8d60f4a609d795bc9ed,1,credit_card,5,54.1
6e61e9948a1e8b1389dd34c5c11fe90d,1,boleto,1,90.75
f30e8dff78289bedf547826b43376e36,1,credit_card,1,43.68
269fb3a37e10ad284ed9ca4a34c32d09,1,credit_card,2,22.1
e75a94d6e8bdba1aa2a9946c3837a636,1,voucher,1,17.85
51e827dc634ca855acba1d305c4649af,1,credit_card,10,1265.83
197979ae89666596c6a65ba20fb220ce,1,credit_card,1,17.68
d5027313478d5f0f54b719e6f96d095f,1,credit_card,5,167.13
6103ae4e3648137cdabab734faf4c19e,1,credit_card,3,31.0
899da82c1aeee8fe315db6826cd9a5ee,1,credit_card,3,147.37
0ee415fdc549189ef34dc8f7de4763cb,1,credit_card,1,71.65
e35a9e312880dfa98135b6a97237b272,1,credit_card,1,64.46
ff8bf9c080a3d7c12864f7eba1fdd0c2,1,boleto,1,141.31
39cffde7cac18d45ba04d0eda617e06c,1,credit_card,1,40.0
e56a1cb152fd9b915de07e0f4f5b462b,1,boleto,1,1344.36
a45087c16cf11897252052baabb332c0,1,credit_card,3,166.71
940b17cda16a315ebce41e39a03a759e,1,credit_card,8,172.04
d9e85a628a68f162d46b273ae52d0119,1,boleto,1,94.21
088217fa841fd3da3004a1a7e1d525f8,1,credit_card,2,186.83
aa9113495d5498b01ea4a235c64f2849,4,voucher,1,20.0
c5317bad0d8e0da6245fb7cd76226736,1,credit_card,2,347.58
97a2cf1bcffc778d8661d305a6d344f9,2,voucher,1,31.98
1cb44c843df038496648b84a904aafa6,4,voucher,1,30.0
711f88786eb588f0a5925cbc8282f3e8,1,credit_card,1,174.04
86292405a21099d6258be8e7c39d78b7,1,credit_card,2,206.08
0c9999fe81fb2cb90e1f0456c15759e2,1,credit_card,4,279.04
bd47e5f8eaab83d29f99b4079683de37,1,credit_card,5,87.96
1dc1eb95861df4745ec5c863b93f9691,1,credit_card,1,23.72
521e93507df5620aaee015ba441ec756,1,credit_card,8,504.11
fc956251c8eb3a139e862178fe18b68d,1,credit_card,1,41.0
1b60ece83b00bc1f24db33620b942d2f,1,credit_card,1,73.34
4209ee3387ac1d2f5a5569fabb412118,1,voucher,1,139.52
c5715ae9ef034f7036a9de7a5e9d858b,1,credit_card,6,320.54
1db48820d18841e3330e5721352b9387,1,boleto,1,129.98
c69b33391f7f4c19f7aea12048bcd5d2,1,boleto,1,93.88
0942763b4318676d85b3185d80f57cd3,1,credit_card,6,267.18
3f9a35a487f683b49672e20b9343cc83,1,credit_card,1,90.88
e375d0d9503a5e95db66e6a83833b5cc,1,credit_card,2,81.99
96a75e828fbc9c621023e65e7e8dd946,1,credit_card,8,315.74
90e5ad6118ea4ea07eb9de3aa9c698d2,1,credit_card,4,91.78
158a05ea7d6a7268559ca2f97476ee0a,1,credit_card,2,114.44
b9281185de46b37d1c9f6dcef2f96cf0,1,credit_card,3,183.43
a7068cfd6d38617e2a752a01e40230f5,1,credit_card,4,92.02
b29588205754e6941a713c653618a04b,1,credit_card,3,155.14
7db2d40f7fe194ac059ea82f235bf83f,1,credit_card,1,105.84
2494ccfe0d97cff8d4d013ff250d6e3a,1,boleto,1,440.73
c230f6e954ab2b2aed5ad7458d539258,1,boleto,1,139.47
ed0b6f8c8617370e53735a5d963bb5b6,1,credit_card,9,98.72
b64ab89f127a1163a4412506e5236c50,1,boleto,1,85.6
fb8f03cec06678a33b2782cb3f5a9942,1,credit_card,1,86.95
53d8a989f776f3331e1a763a0a294a45,1,credit_card,1,33.77
cef147376bb33bb005a1402f6d1df975,1,credit_card,3,32.09
cc72b624a933eb793860926532309a7e,1,boleto,1,137.16
ec3883b4ed5e5fc1913ad14630cfd4e9,1,credit_card,2,150.34
8298dcc2f7a6cfcc788481bc06d227e0,1,credit_card,8,117.16
2b101e802b6712f2fc129966a2c518fd,1,voucher,1,15.04
11a9988a43e7b48ed7012619bc6720b3,1,boleto,1,72.43
791859263302f6030c2a7a1da8c291ac,1,credit_card,7,175.82
b2aeaa081ba84843afdf0a5ad31e9832,1,credit_card,1,441.17
92c27ea1f64ba69eb0016fa7088034da,1,boleto,1,52.68
67d1681c8bb9f9eb28f2a9beb44b8636,2,voucher,1,96.98
f9b8f31744dba7c23d41cb9ae8e025e9,1,credit_card,3,350.02
e36a4fbf27caa37b5430a40dfef1c8a2,1,credit_card,1,174.36
5ffef190f82ef1609e36ce56abdde5e9,1,boleto,1,97.38
382a2285603c57524f1b44601ade85c3,1,credit_card,1,55.1
53d06d4e404736f8d7d8795474e5845d,1,boleto,1,64.57
449654c058a6cc5502474ed6694b181a,1,credit_card,3,235.06
1ade121ece82965c2578304aaeb25c83,1,credit_card,4,216.07
7df4e046ace6ef86712aba299dd8526b,1,credit_card,2,113.0
3347d1c2249e2e53f4ebb12db1ebdf91,1,credit_card,6,238.7
29cd5bdaa8ca1890a2688d40839043c1,1,credit_card,10,892.9
4bad794236d71eada0390ce3edb591fc,1,credit_card,2,78.62
9d0ad9e3a6c8ade53a107a1008214396,1,boleto,1,29.69
00337fe25a3780b3424d9ad7c5a4b35e,1,credit_card,1,139.68
39cf873ad8dfacb60ab26448e511723a,1,voucher,1,46.78
0f5cbec89ff4ccb991c248075eb3131b,1,credit_card,10,111.02
7c070f202157d1ea06a594ce4ca7f0e0,1,credit_card,10,327.61
f7a6067a1669a4d0b6a58e933098da0c,1,credit_card,4,46.81
95c46d8a9e4c24ee3a09cff518a7cd99,1,credit_card,10,690.32
fcd8b3a2ce5ad445e576820a3655052f,1,credit_card,6,63.37
4b1040aa6e3c7ff89edf86fa35c340f3,1,credit_card,7,77.57
170dcd772ea4f51c3a859f9beef5d297,3,voucher,1,50.0
b70adb5e7bfcd96be02825033008d23a,1,boleto,1,34.0
e847ea44928b27b43984d79532b7ae20,1,credit_card,2,643.66
ec13417c22246237142725ec35601c99,1,credit_card,1,44.24
e10784ce2ff19f0a34f8b748efac518a,1,credit_card,4,170.28
6351b80ae9f0c878fd15defcfc6926e7,1,credit_card,5,87.64
a65450e1eea508ae15573d9c254966ae,1,voucher,1,98.4
ade919610216d8fcd6333ce3696449a4,1,credit_card,4,160.37
8563f78b69f236731470e13b90fde454,1,credit_card,6,60.8
dbc097913df341f30b9f9e92f459cee2,4,voucher,1,42.66
e49d66c37f294666b5c6ef847567226d,1,credit_card,5,101.24
2e444ba1fd25a9eafb09a719e65b5421,1,credit_card,2,69.72
ee1e5461125181b29a98058b3e16d26a,1,boleto,1,125.94
8b30044038679449c915fdb8f46d6712,1,credit_card,1,35.69
c147eb82165b5b541fc943d0747eede3,1,credit_card,4,40.09
92544b942c20882ed536fca30fbaf86a,1,boleto,1,84.69
be70a6a2c7e50ca21ec40bbacd429e5c,1,boleto,1,21.09
a4ab908db8226d51e477fc3f81c3e27b,2,voucher,1,112.56
0823dcbe6114c3aab2fc53d98117d916,1,credit_card,10,115.4
7fd5ce5b7835d787b3a39742ca00d5dc,1,credit_card,3,33.84
7719f9708389131806ee9274b88c911e,2,voucher,1,49.59
e9d2ee85d4e02fd80bd039f3eb4d549d,2,voucher,1,20.9
62bc181a6d897eba7057bb531ea5f094,1,credit_card,7,105.37
4574345c7d99730212061b6152f81928,1,credit_card,18,987.8
12905797f6a5f67c41d036a0ea9a40be,1,credit_card,1,67.0
59be4c2310298e01725dd55622c4f038,1,credit_card,7,77.89
a9953b2f0b1665ac7586cc5a6ac8f58c,1,credit_card,4,171.53
6c7eda5a953efb5c1b6214592902069a,1,credit_card,1,72.09
30a0d918b3ba882cd4f3557a0ac1182c,1,credit_card,1,66.82
39d92c90ecacf0e6411af62b7bcabe17,1,credit_card,1,86.15
7667f0eac9b433b02f42a902df87ebe7,1,boleto,1,58.62
93a0e7a8ac210479d99b1726f697651c,1,credit_card,6,905.76
950e244d8e903f36efe98966a1c4e398,1,credit_card,1,86.15
f28b59f3a9d27b5a7ea86d0ede1b99d0,1,credit_card,3,56.13
0bd044f3b358bb88951e3ea66eadcc70,1,credit_card,1,21.14
713638fce61820946eea7e0773d1df84,1,credit_card,2,100.95
9ca0824f0707d393f343607db317b6d1,1,credit_card,2,348.07
24d4bff2b51955551d358847eded0c52,1,credit_card,8,294.88
ec1ecce6ed2f4a351a045a8de255e3af,1,credit_card,4,209.71
11913ca0eb4a5aaedf1c5fcb3a69899a,1,credit_card,8,551.96
2c85015afa7245242d2f751099dd70e0,1,credit_card,10,321.78
fd0ea050aa7cb8693f02b9176d021a0a,1,boleto,1,416.04
8d585a78c58bc6ee2c28323cfd8ce6c7,1,credit_card,2,121.09
52840e5aec363acd1243c43edd744d17,1,credit_card,2,156.23
38ab0898b5328ea3498a9a8c5bbf977e,1,credit_card,2,86.15
d5d2c0e9c55c60e47dd370479d8775d7,1,credit_card,1,68.3
2ddc0120a9ee5d965a08b68f6a3e2885,1,boleto,1,67.36
8530e2069f9db01013a5f935b785eee3,1,debit_card,1,386.95
02881d166b44a823fd6947e715dfa5e4,1,boleto,1,86.15
a7f051d652980403c34f1f734ec4f82d,1,debit_card,1,38.17
36ff0e6c1dc200e440f805f289b4be74,1,credit_card,5,53.05
cae5561bbfbf3f71fd6a01bc0527fa78,1,credit_card,1,71.72
9cca82f566f14878d871fcf5cd0125e3,1,boleto,1,162.64
a54631fe619310f5beb87f833a0467e8,1,boleto,1,85.16
2510edbe89c8a6619825946951fede44,1,credit_card,3,179.94
d4e093fd69adbd71da43cf5f3bf204d4,1,credit_card,4,173.72
fe8c0bf415cf9f05b4f32539a80f83fa,1,credit_card,1,135.76
9f035a4126d6f9cf43447e9b8eb6abae,1,credit_card,10,295.0
c55e1514675dc10976509a057394e27f,1,credit_card,1,1.49
e43e7a3a8ac3cfe7bb59dfe7de389ce1,1,credit_card,3,35.09
b5fd688e3b4992b03fe982e9d569653b,1,credit_card,10,109.31
a93894c6c9f88bd148b7fa62169a6532,1,credit_card,1,93.3
2b745ccd6f667dcd824b9ab05352b0dc,1,credit_card,3,124.99
19247443a7dfd6e4475b0e9b3fae86de,1,credit_card,10,102.31
5b10bae6d8bb45da2e1bb606f76b5032,1,boleto,1,55.0
6828ba023d753e69328bc0b6e4153cb4,1,credit_card,1,59.84
4100b7218003e76b7c95e82ab07b3fdc,1,credit_card,10,289.98
7e9dd1dc8d16b86e67a0c7a8a3f1ebdf,1,credit_card,8,164.79
9839529a810b520a23afe17f48978595,1,boleto,1,31.14
832c61671b530bdc7d56880581bc2146,1,credit_card,5,103.55
2f2dd59794b2eb30ba4aedc5dddd94c2,1,boleto,1,518.84
dba6fefb7f441ba6ec433320366d3037,1,credit_card,6,201.84
97c6f98cd025659444b815df5050d8d7,1,credit_card,3,163.97
07dedb9d22cef1af1540ab753c537c4c,1,credit_card,1,133.05
83ea47ad24b5fce57aa5ade0fd069c94,1,credit_card,5,58.14
b951fda86def0277a8416cbe5e7389e0,1,boleto,1,146.22
279a913334ec7a5075f8d31c6a669f05,1,credit_card,5,54.11
907ea6dea72f64c70300de5ca04bbdbf,1,credit_card,6,191.25
0ec0ef35a66b31f873f0010267d30a8e,1,voucher,1,95.91
21af19181b59fd603fd2c40717d3897b,1,credit_card,8,206.54
8dc3550fe0754e1c7b777cba6109f525,1,credit_card,5,190.37
4393a63adeef0f3e606c78bd143f044d,1,credit_card,1,56.89
dc0026d5ff685eb725a42925ff3aa5eb,1,credit_card,5,115.35
e65b6de1ae31aa66d1601342f04806a4,1,boleto,1,159.82
c68f9fba87fb85ad8be4ae66379b138c,1,credit_card,3,197.53
77af7c0b651686586766ad39c110536a,1,credit_card,1,85.14
058ff573aef21e528adcab8b8717c43a,1,credit_card,6,149.96
c50ed2bf9927ae7e870560f6fb8894ed,1,boleto,1,845.01
2f70d6fc23a1899fd564c990dfcf51fc,1,boleto,1,94.35
1eea943a6165c6e0e51951bb76ec90a1,1,credit_card,1,65.79
0a576c94e0a66f147bb4d6949602b85c,1,credit_card,3,166.61
c25acd72d5c2eb2ec89c3c8d7cd7d1f2,1,boleto,1,58.62
f1a325f15bbf16509adf17167330a905,1,credit_card,1,397.3
0b1651a280049a50402bc56d50785c3c,1,boleto,1,58.41
00ab1aba567dfebdc39caa4e7ca2f1b2,1,credit_card,1,48.38
ba6d92892febc6a5ca2dbae073427911,1,boleto,1,67.36
8645ac05f10c6b2651a6a9a1772de311,1,boleto,1,159.48
818080c38c17ec4bdcb39798ccb51b4e,1,credit_card,10,1167.04
5c79fa2db9227db840a45f20c3ce4833,1,boleto,1,159.56
49bfd44c750b412b6c1312637fb82abf,1,credit_card,2,156.23
85eab7a4f0d59bd1eccd9fd217691aa6,1,credit_card,1,47.8
032de54ca8e40cca1098da6c68ba92b3,1,credit_card,3,53.27
6f0e01ac8a1a17a76326cb043d90412a,1,credit_card,1,40.09
50ce8749a5de60da0378aedfa46c1e6d,1,credit_card,10,137.99
f597474362522875e95179c13835e408,1,credit_card,4,322.89
5ea6aff99c981e1b3a33743cbad8d546,1,credit_card,2,71.82
21f7d9bdefa71a3a6edc8c9b7b733b47,1,credit_card,1,272.67
7e030f7ce01972bbf5aeeadffe8f930a,1,credit_card,4,206.1
ef9f995bbc827989f4c21bb6fcf93f77,1,credit_card,9,90.22
343076b69aa1f03ee4beb49cf6baee58,1,credit_card,1,206.87
e55fb3457f263ce9c93e88a934d7cc17,1,credit_card,2,60.63
1228ee51284d63331ec546dd33d63292,1,credit_card,1,112.03
11c601407b62dd629716ee3ff3efa95b,1,credit_card,3,74.17
bf474eae16fef2c6a00582f52e79ccbd,1,credit_card,1,196.02
16bf4bebb63fe2842793fa1e3fbb83d9,1,boleto,1,27.68
bf055d63b3d95ca9091e3578ee703a88,1,credit_card,8,107.06
6224401eebe13e25d470d8d6a9ef225e,2,voucher,1,57.89
2e8a59579f027832343436a97c22499b,1,boleto,1,344.32
ebf2e7e7b736b66853e7a984a54cd3dc,1,credit_card,1,47.02
d99e6849f7676dade195f20c26f0eb4f,1,credit_card,1,135.59
ddff0e1a8a73007a387e5edb05973958,1,credit_card,6,117.6
4210d6c8e386746480631c5c8075e77e,1,credit_card,2,27.6
05b6dcf764ce18df76138d88dba0aa7d,1,boleto,1,34.72
6e91382a2e9da8b39ee94e7e249e18a7,1,credit_card,1,112.99
028369515408fa864cfe50091d4e76c5,2,voucher,1,48.03
0ff328dbe0ea4ad27a1176bbf8d88ecb,1,credit_card,2,90.88
2464ea8c6303275c249579a480ad4f49,1,boleto,1,110.01
45ef0cf6b60d59760bc550fe33d12570,1,credit_card,3,155.14
e0f6f4313a61689a0a03dbafbcb5e97f,1,credit_card,2,72.36
a323ac4955fc32f68997f8d0122ff2c1,1,credit_card,2,224.7
6efae6c7b38cde4c5833376accaedb02,1,credit_card,3,266.32
ec29c5db787234b1b76acd71b82224e1,1,credit_card,4,337.54
b6718d42f2393bde8ae9b32034d0384c,1,credit_card,6,181.78
9b34a8b59a65874925bc12d1551e5256,1,credit_card,3,73.83
1f0fb6f94c105ba0047b56143a01c3a9,1,credit_card,3,37.84
5d963a08322bbf0e9d783716d6e9c1a0,1,credit_card,3,52.68
3236504a0e2b1bceb65d32a38f5d79a9,1,voucher,1,52.24
6525d9ab0bff6133c63e9c0cfa55bfbd,2,voucher,1,43.96
320a231a883ad030cfb2dead6f7bce85,1,boleto,1,127.92
fb845e7ec3f9c9eec92c1f2b163a7895,1,credit_card,7,172.52
9305a270ca278682f9c01c69a3cdfd9a,1,credit_card,1,62.5
ae447a66e51409933b4ca567ac6c8a48,1,credit_card,2,56.78
07b8c9805a09c2feacc0864c00ec244e,1,credit_card,10,160.17
54a845f5cc0d3691277e4adfebd4a5bf,1,boleto,1,66.01
6af34422605e4c1a3e73fe06c5deef22,1,credit_card,5,60.69
c02f449466eb42e245b4ec9287aeb987,1,boleto,1,54.53
7fec39266beac625517d8f68a00912eb,1,credit_card,3,45.0
bac1117353bfc077a092eb57e24419cc,1,boleto,1,359.6
5c7d0a72d5ce2ffc03f4a86238abcd9d,1,voucher,1,257.79
6a163a5da50d7a062335b70a8108a68b,1,credit_card,2,108.37
baf84f7968a36e1c25ec1794330d5cbf,1,credit_card,1,63.23
e0bb8d950282b26db2d1090b296244fe,1,credit_card,3,32.0
8a06dcad5b81645436b75c0074d041dd,1,credit_card,9,97.55
f09126bf1e12e8ed060f26f510be949f,1,credit_card,1,89.1
0a0f50037a1e1b7c239ac621dbd8a03e,1,boleto,1,38.38
d6b40eecfed664621ea3e0076d2a58aa,1,boleto,1,41.71
409e4a6eadbdc33f16ccf0bda01eec1f,1,boleto,1,195.92
c4fcb1aaed780b8c213652b55617ce14,1,credit_card,8,358.04
90daf8a4be0209f5561c754e9461925f,1,credit_card,10,204.96
610b5a11b3a0ccf7d86f6ca1ca59ba4f,1,credit_card,1,73.34
684c4647b0588cd3843f5a33ecbc8106,1,credit_card,6,61.82
643a4b4184a5186bbc7ef0a52db34906,1,boleto,1,293.32
e454f35044003de39e10f976817edc27,1,boleto,1,110.42
d15b4a7be0aedb9cd0f4330b1703b7c0,1,credit_card,2,23.69
385a4528e6f5bbd617566cfd514d6720,1,credit_card,1,174.74
e5b6006d8448540e314215fd9924e384,1,credit_card,1,93.78
b3da12fe6af5c45b08a663e62d282487,1,credit_card,5,133.76
61a5f701b5030c61c54f06c4c406ff7d,1,credit_card,10,221.57
69d838677089d135b38310ff74779901,1,credit_card,2,154.72
072577283d9ec2718f05c37d141d65de,1,credit_card,8,82.78
08d1ac9ae1dcec96c3422ade2005fe94,1,credit_card,4,217.06
7e5d5dc04eaf1bb91b39e57967646eaf,1,credit_card,6,106.16
b4423cdd0316fb3064befb92d164de96,1,boleto,1,163.92
8391a032db0a71458e548af0b6e9eb8e,1,credit_card,5,335.47
0281523bfda80130f35b98f38dfb279b,1,boleto,1,52.01
82f255ceb9406e722a069255a0d40630,1,credit_card,1,101.75
709048ea34ffaec8f1c3ed2799296ba5,1,credit_card,3,133.05
3ef5b20302c49fc70c926348301d065c,1,credit_card,8,97.12
54a4cb7fbd793ac4fa5f2a5dd9e1fe8f,1,boleto,1,363.99
9d7aed3d4801f8607e1fd449c6c11fd2,1,credit_card,5,245.35
3bf5639554dc908f97a75a89878ad197,1,credit_card,3,66.6
80258201cda75aff559a9cc15eb0da49,1,boleto,1,88.03
e8ecb472cb1a0f18c82e2d358f8e2128,1,credit_card,1,116.21
6fb5ce6f25d4074eb5a3e0b2ea99899f,1,credit_card,3,58.71
fedcd9f7ccdc8cba3a18defedd1a5547,10,voucher,1,13.27
fc570e267c5c6bd72f926b1e075e9840,1,credit_card,1,38.09
a7dde6878527f0d1731d370978ba2849,1,credit_card,4,41.85
a6cf71d9fd08019c865e09285ef911b8,1,credit_card,10,228.72
cd2d1270c05b7eea6c1be319b78ce73f,1,credit_card,2,410.38
ae7f63dcdf18bdd6e2e49b6c4e4e80e5,1,credit_card,1,65.71
a460ca3ed9ce9c3fe56e879d74050865,1,credit_card,6,96.0
abfacef50a27d7cea3f2c7aa60c08245,1,boleto,1,45.0
2a18b3d0f12775db98aeb028d0e388da,1,credit_card,1,28.09
06911dcbbf2310bd9da4156fd3abb632,1,boleto,1,162.06
77810238ed0e20808a213bcdb0de6ae5,1,credit_card,4,53.79
f2096a3d2bb2743b500f6e6711cbf438,1,credit_card,6,280.06
6958c1e09a9e49c2071dbb679d577422,1,credit_card,1,60.0
9d5435f6ba9bb1a52b6d0964139a3235,1,credit_card,3,115.94
0f785010dcc39b620a31199592907f64,1,credit_card,8,675.01
700629e7c6ce5bf5a7a467f595d46b16,1,credit_card,1,132.1
83aef7faf3400f2ca6fa465a8f483657,1,credit_card,5,72.64
88fcb8d7dc0b10a8579590c36f370066,1,credit_card,1,77.57
6dc77aee6ae4add4ed0d28454450557b,1,voucher,1,20.0
216a8b668866adcc7e2651ffa6c5ebcf,1,credit_card,2,395.0
f18cb9c90909f11a7adabc63fb188f19,1,credit_card,3,65.05
1f201b2bf1eecbd0ad32c3f430846b84,1,credit_card,4,60.63
fb8e4428d340ab5bfa482ef6fc97efbc,1,credit_card,1,912.95
2502637317f775ba447bdb648a18f213,1,credit_card,3,38.09
03d409e5b5b19ae88c43b41b503fdc5f,1,boleto,1,33.24
31a8fcbeaa65f2a7dec1abee188ffcc9,1,boleto,1,188.74
1676fa2516c38753e7a0ee7fa8e41009,1,credit_card,1,110.97
74ce493078c5a7c96f4854875b85581d,1,credit_card,5,103.55
4351879fb74d0a37b9c8dad7ba7e59de,1,boleto,1,137.18
b178e047b185d2f781a3646f88ec3e52,1,credit_card,4,73.34
fedcd9f7ccdc8cba3a18defedd1a5547,4,voucher,1,10.33
a8715df62ddbba56b77f5ac4ecf71d4f,1,credit_card,1,204.54
cf31da4c70df57f682299bfbc26a685b,1,boleto,1,103.02
ff2d3362026397b4633ed312ffcdab9f,1,boleto,1,38.01
867c38cfbcd204534450b238734e4bbc,1,credit_card,2,352.94
40b0b27e8d44ac649c24ff5e2a7afae1,1,boleto,1,153.72
362cdbf5a3b5f297257f6e67be534a27,1,voucher,1,25.47
897ef7424df8edd3139511b631ae8e94,1,boleto,1,303.2
ee21a244d02c03d23adaa14fe3049b88,1,credit_card,3,321.91
392240bf6b91914830b77ae8572cc0b7,1,credit_card,2,223.86
40943871fddded9badd0c7a30758807c,1,boleto,1,110.18
bdabc74894435691ce6c9987a61b3d55,1,credit_card,3,95.25
289cbae847c6623b3a488df45f472c66,1,credit_card,2,107.78
8f6d779c78b777b6e9c03cd848b87acd,1,credit_card,1,94.63
524c24c3a53528c5a91a3311012fcef4,1,credit_card,3,90.85
23185987a928a964abc85b9dec1f39e2,1,credit_card,1,97.26
5985ffeab1ed2339fe93d713e2c48db8,1,boleto,1,29.77
f7bb51594cfc866efaf10953ccb34f85,1,credit_card,1,40.16
5fe3264defad0362e5f017bda3404062,1,boleto,1,30.1
306c38865a76ef1bcf4c98ed5f235673,1,credit_card,6,502.0
8a4f668d18e00326332e33d4153bc464,1,credit_card,9,95.76
9da99352a27f7bbe1fdbc9b036749172,1,boleto,1,167.43
c2dcae7d1bbabdf58f915f41c6a9308e,1,credit_card,2,72.42
ba8c6767acf3744b63e5880f35d7e125,1,boleto,1,62.28
e0b7de0aa24eda55bbc841b5a19e3fb4,1,boleto,1,262.28
ddc3d480190a889acc51fb21d634c044,1,credit_card,6,273.22
0ae3c4bb3c5a368054435dc7325c5696,1,credit_card,3,139.72
55595283657c40a4e48711b28049056e,1,credit_card,2,165.7
16c9ef138b75b95f8fd7969d2a2900ca,1,boleto,1,108.72
837cd2125d69712e32915f1617ff6922,1,credit_card,4,83.62
d7f48a8882bf0e1c1282d5204e96e24f,1,credit_card,6,143.1
2d62ae6267e4fadef5b636987094dd99,1,credit_card,7,77.57
c603557da211df150d679fa72fdf25a3,3,voucher,1,60.0
942ca92b6dd15a40d979cc95c6b8c761,1,boleto,1,95.56
33481c8e76159f5a3318911105d58475,1,credit_card,1,51.86
b24cae8a85f1becbb93b9150bdd41a7b,1,credit_card,4,133.52
67796dbbc55a23910220b90d80294285,1,boleto,1,75.17
e3071b7624445af6e4f3a1b23718667d,1,credit_card,1,51.75
6c2f233beab45c66d7ae29bc584339cb,1,credit_card,9,94.29
138db286991b7cc18370680e5f5154da,1,credit_card,8,121.25
c8659bbe606f2b5c31cc02f58fce4b5c,1,credit_card,8,457.8
b293c0e73bfa20e036be738d8c66f8c6,1,credit_card,1,208.8
4088827527ce8c088c35a2e493940b55,1,credit_card,1,77.57
07ca34c2d97b99d913debf2866805373,1,credit_card,10,131.26
3be2b1040cee4f1c19a48c57ca3d2640,2,voucher,1,20.0
89035fb6f9ed1693ad716ef81c18cdb2,1,credit_card,4,40.53
9f2a805b0495acbda211c48398c8d606,1,credit_card,7,143.01
6a1ef716317c7b4817987c723669c2a6,1,credit_card,1,90.19
96fa516aa67a6a9a29ed51112f357643,1,credit_card,10,183.95
a79648ef5e1a257af5fde4c5f27040da,1,credit_card,3,75.08
aeebf4abbcfb9bac43b6a31399a3e93c,1,credit_card,1,73.34
906e820b85dd6c8ef9a4aa5581aa277b,1,credit_card,5,57.68
90c2eda21ac12f7fb2e6fe3db2b81def,1,boleto,1,127.25
84f721afdc3f131a097e0b9627de1d71,1,boleto,1,168.61
652e317bb6d649095346bf24ba207c15,1,credit_card,8,131.61
f5306185c917952d794bb6da1280a050,1,credit_card,1,34.0
34f336174dc7538b2fe8d1b6098d76ca,1,boleto,1,36.78
d0b9bcb0d474f6525456037afe12820f,1,boleto,1,43.0
5d720f62073ac5b205f45be3084966cf,1,boleto,1,88.72
2581504c87d229321f70e6850d332196,1,boleto,1,53.0
274a6079c2d1a10fac2e7e0154ebf4d8,1,credit_card,1,116.46
4186a414a7029f2b82f4a83d93151ef6,1,boleto,1,57.75
d77c90347fa4a918af7227743da9ecff,1,boleto,1,34.59
9fdbb4e3852125934395217722756d93,1,credit_card,6,107.4
127e151835ed0bf4ea8e262040fa1c3d,1,credit_card,1,22.82
a55e31edbee6ade731e6ab84a7a9438c,1,credit_card,2,382.16
bbb67d2853d40d080e6e1f16f5f0a1c2,1,credit_card,4,367.11
6b5a2cfa488fc5324f22cafe995bd8eb,1,credit_card,1,171.7
6f518b2ff981751788c8e7dfe7dfbf90,1,credit_card,3,74.67
08d0b596c492f5a5041d003063f18320,1,credit_card,1,184.93
073d1fe6e4e8956db691e04a1656ee9f,1,credit_card,5,92.49
260ae6dba7f42f9c5e74b4e76a922f08,1,credit_card,2,346.9
0b398dbb3e7c81005f3c69b01488c4c9,1,credit_card,1,2.32
f81ed3e1a19bd4246ee3e90b01359eb0,1,credit_card,2,61.0
4000a14f1fc84e2943e3440a9089be35,1,credit_card,7,71.14
405be8487a7fde1db0bc31ad6b08050a,2,voucher,1,8.89
e02dfcd5979ef519870fcf1404cbbace,1,boleto,1,69.73
69f300c1548bb914121c37910b3f8196,1,credit_card,5,574.54
4fba3b9d5278d363d0c484bcbc816584,1,credit_card,3,166.69
973bdd70c3cd13e9d42646b29ab8c9a3,1,credit_card,3,165.22
fccfd7d65e6d0ffd540eebaf81c2a29b,1,credit_card,6,368.11
faeccb7dc26c1f48cdfc3881c6644f8b,1,boleto,1,31.38
1e6f350c900ca357945126e20117d293,8,voucher,1,11.66
69923a4e07ce446644394df37a710286,1,credit_card,1,44.11
3d782e9c655f398bd57fc44d3f02b515,1,credit_card,3,66.89
67bd09a5f4c0e40b5a740a78f51a8b5b,1,credit_card,1,45.1
a6a167269a035bae64d9f5a38172c5c7,1,credit_card,4,43.78
de06e436fbb3dd6e10bafb5f24ed5530,1,voucher,1,9.18
66c0ba5488a397208076ece07748d0fa,1,boleto,1,295.61
7bb79f0edc7627c4bd27cf2979b0b7ef,1,credit_card,4,44.09
ab25c53c5259e107072732c1bae15244,1,boleto,1,37.53
f837f3ebff8ee27bdac13d56cb22e5be,1,credit_card,8,87.75
0cc36282e7b0e281bb99dfdc8c0f11aa,1,credit_card,6,647.54
adbac4b12d94ba3f3e7c47dfe548fc81,1,credit_card,1,54.34
f825ff64b7a15cd4f3483fb00b6ad59c,1,boleto,1,125.39
a04875dac0e5be70a331df6f1abda67e,1,credit_card,1,99.09
894f6e0db677f7c543348befc4ecc7da,1,boleto,1,872.6
908e192e4db399ba3df7c844bbafa304,1,credit_card,5,275.47
91738f432adb50d3fafd082ebfdecac7,1,credit_card,2,137.2
1bac6ce688aa1bcae651dfcfecfe7aef,1,credit_card,10,281.34
c63f5ac7a6d8ee6593a8b272aa533b5e,1,boleto,1,55.47
8c58b2a5e9f75210cd15eae77b7441f4,1,credit_card,6,165.8
93fe3d332271d38d6974bec644168f57,1,credit_card,10,121.83
878d7b205a8f5eb546d03baa3404fb4c,1,credit_card,4,54.27
2c12a0b42917704f04946e4ac2cfe69d,1,credit_card,1,68.0
6b1f68a2d5c9524f453ea9e273baf918,1,boleto,1,77.57
d23b1afea718882b7c22f47dbb27a482,1,credit_card,2,139.48
9dd2846e2fd754eb21361544d11a1d71,1,credit_card,5,87.85
72ec38baa39449f9ab884a84c5c8f4ef,1,boleto,1,150.14
e1458d8518d1632318cd88ead53c633a,1,credit_card,6,62.01
72b3e44d921d5ac99bd4a388569be765,1,credit_card,3,203.57
8c55c1f57a0d612e7dbfe23c7376b612,1,credit_card,1,50.1
9c1becadc6a0c6445eb02167b8d1bbff,1,credit_card,3,36.69
a7a6f07430f4582429b12cd0c2bcfd3e,1,credit_card,8,204.83
d44be4540d1a35533a9f5c89377b77f1,1,credit_card,5,265.49
feeafa1686889fcf9d24e97b81c34f63,1,credit_card,2,225.67
15da85d19161f01ef880f55143598cdc,1,credit_card,5,155.46
bcf2e0138ecf66a8688ab369b802d57a,1,credit_card,3,91.77
15c8bb2579fbbb27773fefddd07e4111,1,credit_card,10,168.96
18440dc1eacd354c5c6c6f87747e667e,1,credit_card,2,131.04
931c2c48280fd5fdd6efb2ab446f4a89,1,boleto,1,127.92
ce76ba808390da98cbfd753c07545bfd,1,credit_card,2,66.15
bdfe93bb42c76425b86540b96ef4761c,1,boleto,1,35.05
ef7a5dc729f1b870d114de326d4ab611,1,credit_card,1,94.21
33576b663693aaf1afd5b5920c37401f,1,credit_card,5,175.77
692e004e31546b86abbd93c0661bfb67,1,credit_card,1,34.85
0990523dcb57830447203c2e6d8804d0,1,boleto,1,183.95
0d43520077226a0a081c80ed9ca95751,1,credit_card,4,45.01
db9458d0bbfff27cf6ff5b9342087fd0,1,credit_card,2,153.52
27a22bb13b2fc366ab20226479a22f5a,1,credit_card,1,75.07
66dff1d3b5b10688eb5f5404045bf561,1,credit_card,2,147.96
7d90148763f13aa4f24dc38ecfd0d5fb,1,credit_card,4,125.52
b69d93eb408ba1dbb0f56f69817a6ac4,1,credit_card,8,107.9
7db74378461e084a164426412ea407ba,1,credit_card,2,146.71
320647e42dac370c80184c0f74433cac,1,boleto,1,132.64
699d148662aa317f3b1ff76239dd102c,1,credit_card,10,208.74
53e4afb03a9d1fd1346cb3536d79d326,1,credit_card,2,329.98
fedcd9f7ccdc8cba3a18defedd1a5547,17,voucher,1,7.51
601e15e212cb33919e0444d6f0d776e0,1,credit_card,1,45.01
427b93d447dc29957700648673d6256f,1,credit_card,3,143.14
661e77bbf3e487db278f9fdef584550b,1,credit_card,10,500.04
d59d8415ba3a51ac2edc13616065868e,1,credit_card,3,484.65
f162c6cbd93bb5eebd520d6f654cf7cb,1,boleto,1,122.1
0a50b1ae078d9638440048842b7cd5c4,1,credit_card,5,574.7
5ea9580b57597d44cf5700e11f2296c2,1,credit_card,2,75.07
b72a8ad380aaa28c3f4b75f754d26def,1,credit_card,3,113.62
bfaf4827cdd358e6cc443e44f9f9132f,1,credit_card,1,72.0
cd76219509e0336ea669b48075e068e1,1,credit_card,6,174.49
1d1e77334238a731c494f066a6c0d500,1,debit_card,1,36.69
170dcd772ea4f51c3a859f9beef5d297,5,voucher,1,50.0
ae8590e2d258155cb303eaac1325e099,1,credit_card,1,86.25
4ba950df08c74788b24c665c7e40d4ae,1,credit_card,3,190.82
c0e6a4b9d9b4fb7364f6010863708cbd,1,credit_card,3,176.24
2b3a2f59d27e42fead9c97284c2b4b25,1,credit_card,3,82.73
541a11b1d88450d6afe20b72118476e8,1,credit_card,5,526.96
14a031b045ef8ce4a2b6e08d1fc5623b,2,voucher,1,20.0
5dff8347ba30bf1b9e5d1a1ce778702a,1,credit_card,10,455.82
57f71871671e74366cd5985f2dc2ff7e,1,credit_card,2,41.11
13ec45fa1c7f7faeb411e7b318ea9b44,1,credit_card,3,41.36
8ab510910dc4b37ae2551acb4d6f5c4f,1,credit_card,2,55.09
6cfb7323342e3d0389b8e67f9afa1937,1,credit_card,4,75.07
5d79b555805a2c67a647b4f2ed28891c,1,credit_card,1,105.01
b022357c03da2d91ba22d886af2c83a5,1,boleto,1,51.79
8f61e12de83228fa74304ec5096cb79d,1,credit_card,3,221.89
f5d86f3c8e7c0b6594104ac90b9fffbb,1,credit_card,2,32.61
dadbb2544ed83c09ede8683c93c5f080,1,credit_card,3,970.73
6f00a39a2a8139be075d362106da2450,1,credit_card,4,168.2
2036e90fc219932b90e4da6211a01758,1,credit_card,3,264.49
b7379296b019454685a1d8bbd412f36a,1,credit_card,3,546.03
de09b3dcf54cf0c8f1f503336f3110b3,1,credit_card,3,405.47
2a4a61e33c241879042d95af560f9bd0,1,boleto,1,45.01
a719d9c7b821a18da2ea4ddba7f3400d,1,credit_card,10,216.83
f49f77badfc3933812e76370092e7995,1,boleto,1,77.11
815ba48fd172b6a71f09180c118a31ca,1,boleto,1,66.82
af7d0849149bec7653f157d2a28d1f6d,1,credit_card,10,157.32
2d31315ad8289e1e63c8451715e80306,1,boleto,1,192.66
615cf04f32d0e674e960edda73584d42,1,credit_card,6,60.63
66d4f650ce4c149081143ab7444a2e3d,1,credit_card,10,991.55
59cbd87a939d4c38f0716708f496b4f1,1,credit_card,1,35.69
a80d320548df722e3676bfd8d636825e,1,credit_card,2,27.14
ec1d59af701d0a11971efcbfaad002e8,1,credit_card,1,62.01
e13329e37a8f95bafe7bbef35d07fb24,1,credit_card,1,121.39
871d475aeaf2288a225fe1ade32d1b44,1,credit_card,3,41.05
814449e266f5cbff53f6e336abd1dd5a,1,credit_card,3,102.07
8257dca57385bc7279dc06f140b55625,1,boleto,1,46.75
a1567768e86bf73e0df3f99f8c570017,1,boleto,1,72.99
38535f25144db56a22c827fcb546a0f8,1,credit_card,1,64.9
b15b9ad689e274a34b5b25df2364c96d,1,credit_card,1,192.89
2179f6c7ed393f3abe065e8d69e7ed1e,1,credit_card,1,104.28
5c617dfa96b6fe84f28fcb382042b3a3,1,credit_card,4,69.91
9bee2a0789ef47ce6515c171c803a285,1,credit_card,3,195.46
497f5eac35f2a5804033ed08649cc8e3,1,boleto,1,102.12
7791d87e3629a61832a9cee326042181,1,credit_card,18,537.79
72c3f657842e35f5d5279cc0fd06826b,1,credit_card,1,33.39
ce1ff35e9ab20defb53717b8d56643cd,1,credit_card,4,200.36
d7c70fb2bee123c2d2e46338c1b35f1c,1,credit_card,2,359.54
1c2bab4c18a97c3bba457866ee72bdbd,1,credit_card,1,80.19
7846a3c8592b65e93f51e381db3742c9,2,credit_card,10,999.64
5a1e68cff39cc1d5fd759db90a366caa,1,credit_card,5,52.59
850345daa354cff7702dd1d0a4168b46,1,credit_card,3,146.68
4b723c793fead9a09146174b94577802,1,credit_card,6,107.78
91d14212d8350307a23f62cdab6b4978,1,credit_card,3,153.27
b61d1cde65fdf2dffc129448698385c1,1,credit_card,1,40.09
54f79e394bb60e8e7d5d56756d4722b1,1,boleto,1,71.95
4ff5089ec54ccbbccc7334916e882e00,1,debit_card,1,88.37
eed7032833c20585a8c215c9e45e6362,1,credit_card,3,79.1
18f946a462c7b48981fb551535be4a74,1,credit_card,3,126.12
8f89466a1d909284287823b13958cb5b,1,credit_card,4,160.58
4a2415018bd75fb37bb24471baa6364a,1,credit_card,4,167.5
2a463210d1a9df13867520674e9358dc,1,boleto,1,66.5
a794d432d0990aa47220cda510a0a872,1,credit_card,8,249.02
8f0a30876e1febd0d9d5743b349c8e26,1,credit_card,4,99.7
1e718803a62786233aedeb09414e1495,1,credit_card,6,115.88
259dac9ae7597d3dd6371ad21a6aa57b,1,boleto,1,45.1
462f5581ea52a4b865cc8e66f70661a1,1,credit_card,1,51.38
3644344c9ad371ecfc67c6cbeb93531c,1,credit_card,6,1232.85
7ed696782f4472458c5f1fc95bf5d6ed,1,credit_card,5,192.14
a6aeb116d2cb5013eb8a94585b71ffef,1,credit_card,1,59.34
a0ffdfae1965dbe1b949e79e80e5f289,1,boleto,1,83.94
b2953fe5cb836908b29ad9147658d6c0,1,credit_card,2,22.78
c20b8787cc61fb390fe578ddf1995933,1,boleto,1,165.57
c68ea4392f5b47e1dd1623a6d9af8f20,1,boleto,1,94.77
5f535417894495b2b12f4de92d996800,1,credit_card,1,27.8
4019dc88e273c81a8e284257bb938f42,1,credit_card,8,190.67
799bc9658260598f040a6a7943b73415,1,credit_card,7,369.69
db30bf3b1cc383459bf7f3a938528cea,1,credit_card,1,27.33
4bbe949608f669144f0db3f8cde75cd7,1,credit_card,4,213.52
ee116eb6355020a3addabb2a821ec818,1,credit_card,1,50.65
9bf690bf6db94b0702d0b348b7461437,1,credit_card,1,23.68
28037715728a348c84215e5db015de7e,1,credit_card,4,200.21
86d8178c00bf4d820e52b4ec4d4b3a21,1,credit_card,3,70.72
a5de49b89abc3dc11c62233db13c771c,1,credit_card,5,201.65
a5699e91157fd53a3c93f645452e88bd,1,boleto,1,169.28
c55e1514675dc10976509a057394e27f,4,voucher,1,8.8
9816b8ad579de4d7e8940e78f447a610,1,credit_card,7,77.57
b68c121f5fc81ef3aedc751e4f53987c,1,credit_card,2,131.56
118184a28018553dd791eaf04d144f53,1,boleto,1,64.51
83d8f70418eefd96f37b483dff430305,1,credit_card,1,117.31
40de47dfa620d667117e4a6067b6e1ec,1,credit_card,3,160.5
3a04af7ae8cc442a2dad55dec73fb2e6,1,credit_card,1,569.61
f8ff5b18bc19c8bf59c91bf6cda39f38,1,credit_card,1,60.0
5281594b70a5c7ed8821c77aae621155,1,boleto,1,99.95
e38fb0d87dea5ab1a9c8e257fa716b80,1,credit_card,2,46.84
9db124260fdb15801f3657542b1e29fa,1,credit_card,2,46.52
d13a4ce63c7414eb0705119412532eb3,1,credit_card,5,129.32
a84565af4cdf9483cc1cf6b94686a95f,1,credit_card,1,59.96
d7eb562631f3f08adc0a2428d057fc5e,1,credit_card,10,141.5
2f014917c80b1bf6576e1f3ce7a4bffd,1,credit_card,8,216.07
00664284de7a3470d22931ed78615ee4,1,credit_card,2,55.75
422c7b02842de5256c6ae63a6898a64f,1,credit_card,2,322.89
634de1499ffe996612a8960e10d1c4ee,1,credit_card,3,226.12
53022bc7203c0c8ce655a82521c8867c,1,credit_card,4,105.06
9f8ccad2702a1ddd203c159ba49e3018,1,credit_card,4,97.71
024f8681c73783017f7cd5d5b061be3a,1,credit_card,2,56.78
71c4b7b8844a031b7db8ca41c41d4aae,1,boleto,1,49.59
70b75df86796df4d056233068a1712c2,1,boleto,1,95.3
c8dd1cfd0c38b71aff04b1a4298b5b83,1,credit_card,3,169.93
114c9407eb2b873d07c1b3bf91e35a9c,1,credit_card,3,145.08
ada2aa22aa5d4a7ae4092124f8974813,1,credit_card,1,69.73
692308c8297bd7b28cb7d15678ccdbbf,1,boleto,1,121.98
9444fa2ab50a3f5af63b48be297eda24,1,credit_card,1,62.5
53dd1c638fcdfafab87a7fdc67ae58ff,1,credit_card,3,276.07
946cedc17603ad142f7396dbd256993f,1,credit_card,6,105.37
66f8f6c709c3da6671518cc9b9798c5e,1,credit_card,2,59.19
46fddecb6bfd9977d21332483ca3fb5c,1,credit_card,5,175.77
e48bf703c3d5e80776e4d036425edddb,1,boleto,1,36.77
a646e30f512cd6a45275f8808e6bc676,1,credit_card,2,128.19
aabe1992dfd41572e06cf1df1459516a,1,boleto,1,45.03
d1897146cbeab2b888285ca6264056a1,1,credit_card,7,78.18
8cd8ab3299e57a72f3b279754fc9847f,1,credit_card,1,38.69
ec0731e8ffcfd31006b6653b5c0fe392,1,credit_card,8,1125.55
9e22fa092a2a1bb489823e54d3b48309,1,credit_card,2,196.52
62f4ea84df794e8e785b5d9d279eaa62,1,credit_card,5,56.85
fad130916dfec1c29b876fae7113f4df,1,credit_card,6,167.32
8b76d4af878e59ef36d287b7d2813780,1,boleto,1,421.03
2c03309b2a52be289e66346a5da41209,1,boleto,1,59.6
d9249bddb2097479f5b0eede146ed02d,1,credit_card,5,259.6
e929082d2d58e7c69ca9d06715ef551f,1,credit_card,6,86.9
884dd22244240995c8a18169c32be54d,1,credit_card,1,8.51
0a1008edde05c441150b3142521df760,1,credit_card,8,179.6
fc991324e1f2eb85fdc4157435754a30,1,credit_card,2,150.87
cedc76a4705652d7e79bc6d364500ba6,1,credit_card,1,46.69
738ab6c7be5e44aff6c34378317215b2,1,boleto,1,57.34
d455a8cb295653b55abda06d434ab492,1,credit_card,10,916.02
1df82016cb6fab694280ee06f74c65ae,1,credit_card,6,147.34
08a0229449937f03d05a335929cc455f,1,credit_card,5,267.17
442be05839341a530c60503334ac0488,1,credit_card,1,97.12
2c833074fc9fbb5d8c24ec212ce02bff,1,boleto,1,219.28
99ac1b8b5f3ac613536909af21133895,1,boleto,1,197.58
ff61c865c1495e71465c79009005611c,1,credit_card,10,145.56
ec0fa04fd1dffd9f00f92312214d7eac,1,boleto,1,59.01
308ac65dd233ed0a3e6e52e854c63348,1,credit_card,3,234.46
3971977016b0fcd46db3cdcab9b04907,1,credit_card,8,389.8
14653f2c907e27b1222157246d382c28,1,boleto,1,45.34
15764eae87fb040c4ce2bf75f6670a77,3,voucher,1,55.43
5c26fc72dfb3f4ee72fee72d193d62a5,1,credit_card,4,106.16
2b87a0e7f47bf0c58a291e0ddb173774,1,credit_card,8,116.94
cb9419b2db4cc2797c93a4d4cb27eafc,1,boleto,1,56.69
3fb41161786b24f4fd477d6a3af4dedb,1,credit_card,2,94.4
a3388b41c73884c10ac3d97882b683a0,1,credit_card,2,129.32
0fb5a3160f044b869ebab3a1d50f0471,2,voucher,1,45.0
f2d850d01efdfbf69fb172441527d824,1,credit_card,1,146.3
827668d405f7156d24af6fdd76f7d057,1,boleto,1,155.14
b2562a552b6e8147da937960384f125e,1,credit_card,1,28.17
58fbd882a7ce0cf6eca11251a96931d1,1,boleto,1,137.08
7c6ec62853ed4bfdf8a5fbb484643a53,1,credit_card,4,40.09
03caa2c082116e1d31e67e9ae3700499,1,credit_card,1,13664.08
05c63e6b53127320a7768d19898ac320,1,credit_card,3,86.64
ee7f3ec19dc1fa90d0ee6316dffbfab9,1,credit_card,2,58.85
9f1fdd62873c571b8206dd1cf23e208d,1,credit_card,4,412.2
a43b47899fae27435d67c19684c2a5d3,1,credit_card,9,98.82
5e82591b43cb83a7dd419ff564e44d04,1,credit_card,1,164.48
0bf48b98131c5057bcb4754449acc91b,1,credit_card,6,173.31
f0ac8024ca852f443c16cb778445a4e0,1,credit_card,1,67.6
fde8ee361a63b2ee323ac574ee41524f,1,credit_card,2,259.15
713631547f1e4dbf7d1a05eb38012815,1,credit_card,1,64.11
fda622cad4b8247deacafdb16ea67c73,1,credit_card,1,97.32
9a96e09dbc7db0c91c8534a4e3832664,1,credit_card,2,116.0
98dc9b1a84fd406155ed39ab4027c61e,1,credit_card,4,40.0
7cfbcf0f0e692bccbf7d7a4c997e80fd,1,credit_card,1,27.34
86f781e4906cef14d537d4e6b205afbd,1,boleto,1,91.96
ae7f8eca3f2f84891e130184c3c3b45b,1,credit_card,10,159.03
af5d451462c41ba96112208443d3b4c7,1,credit_card,8,376.95
47420d7f7e141ae9974351d8a438f759,1,credit_card,4,65.0
f41b642bbc6b114869453f29da96d041,1,boleto,1,76.88
9827713c2434c817eacd058f8dcc5628,1,credit_card,7,70.02
dfe94fc0123a2667259503f695edf46e,1,credit_card,5,170.86
ec5542a8bc5944e2401ce66b372fcffa,1,credit_card,2,167.42
6b956d19010e956e03b175e66b2b7142,1,credit_card,9,93.58
5b87678fe5651f0c1e5ee9bb16108947,1,boleto,1,113.32
99eae747b45fb42516e46311533b3064,1,voucher,1,20.0
e0cb0ba1185dd69ffe2123622fc8e4ec,1,credit_card,5,283.32
eef06779a3b6d4c50bb9dd92796a9782,1,credit_card,6,137.16
c02ba990f9573a840c307babf93b3416,1,boleto,1,76.76
2de6bd1e34af702eb3e73c1047807cda,1,credit_card,4,200.24
d6d8d3958008d2514a3a9ef0a43edc56,1,credit_card,3,171.44
9325fb51e9f962575496da599b4500fe,1,credit_card,7,78.19
f503049e1fdf861c98ca1668862c3534,1,credit_card,1,348.07
ba6e041bd3e8e33cf1c2f2db99db6673,1,credit_card,10,117.07
0e3ee99a343d05fc3fa4256f7c675c63,1,credit_card,1,129.54
4c7edd82fbbb32ade762d3daae1fe796,1,boleto,1,36.58
d82ef777bb562af6d9a927bd6f3e7357,1,boleto,1,106.16
816547fe6198669ad3f5b197d576e4ba,1,credit_card,2,211.89
1cb44c843df038496648b84a904aafa6,2,voucher,1,3.02
dab1208f2886c43e8bd155b40523d343,1,credit_card,1,110.41
71f7457d0d3ff13a7f9f76b1612d4237,1,credit_card,2,204.34
6aba5fd844444953a171f0bd61469a8e,1,credit_card,3,34.84
3fd2bc52f78d2ba4e12276c4ad7578b9,2,voucher,1,95.9
2b0cfc334d86942657ef40ce2d07ee9c,1,boleto,1,49.84
de95c0af6d85e644eed2ee08c4766606,1,boleto,1,89.29
25046cd9dd88041134abd808c4719a36,1,credit_card,10,229.69
fff6b8ca971f8e3ec822e99d0f2d3d21,1,credit_card,3,215.83
9edc774532d35fdc536fee78a41cce9d,1,credit_card,1,35.0
76c2392adf98db7d40886a6b4a584bd3,1,credit_card,2,59.6
01fac9bdfa271bcaf57218f971649ab7,1,credit_card,2,108.73
ba862e955a05f361d3cf620519c8d587,1,boleto,1,148.89
4452080876f5de5c69e66d6d8b9e10cc,1,credit_card,3,121.98
17741d347806fbe91c72a69918b484ca,1,boleto,1,56.49
6fd3f9bf79e48b384ee918cb691483ec,1,boleto,1,131.61
ecc7087acdf5c36b3e115a2638bcfb92,1,credit_card,6,104.37
972f03a2ab321bf017e5935258d033fa,1,voucher,1,68.54
5d370cc80c063c339724dc1e68bb0732,1,credit_card,3,64.0
754ab3185845cb3b017c81b9c06165aa,1,voucher,1,36.78
4da788e62b434b077a87840fe701ddc1,1,credit_card,5,304.35
3474c37ad7067402582a2852a08015f7,1,credit_card,8,669.3
8d2d2c7afdbd8bd1642c89d8526a2890,1,boleto,1,74.78
872d50e4eee9c719855e98dbf74daafc,1,credit_card,1,106.38
00d29386638bbfd1331a2cd7ab91b5b5,1,credit_card,1,32.84
1ee3f6b3f68027bf18b0a9e356edc4f3,1,credit_card,5,114.83
2640506a4584f571430195e2fa215406,1,credit_card,1,590.08
59ff850287c170ca0c5844a659a456a0,1,credit_card,4,83.5
f54121f8a2be85c0f0014bd1ea6c9136,1,boleto,1,281.96
eea3b82592545485f32b998f94ecc03c,1,boleto,1,77.66
7b9e72dad7b74f9bc089a7c543d90061,1,credit_card,1,1.6
95789d8c645027ebad06866c20ca409d,1,credit_card,1,27.25
a367ad4d7ff8e706555cc31af6b40ecb,1,credit_card,2,321.48
11dd41a0dbb00ead97fe3c687ce9857e,1,credit_card,7,368.11
0be5691eb4c245d190a1e194494f754d,1,credit_card,1,97.71
3b4495ee12b140977975b7ef18c904aa,1,credit_card,1,60.74
d0c9dbd8a44871e5b5624050cb44abf5,1,credit_card,6,665.59
e4a1a7de8d097ef8862da4fa66798f53,1,credit_card,2,129.66
f9a6aec1708cd20b564a6b2a29ed2290,1,credit_card,3,62.94
4023a76299303d17458bcb9419d0f6e6,1,credit_card,8,145.53
78f8aa2ff4291290af1db54c0e87de6f,1,credit_card,10,194.87
e5c3b007071722adcd1fbe55751149eb,1,credit_card,2,61.73
d19b8c6b433223ffd798af28489ccc02,1,boleto,1,138.82
34ce4b17ec05e81a70a78a7ff7a76930,1,credit_card,2,108.58
34d3825176b5e4ae141843ed4e313c7d,1,credit_card,1,10.61
a5519d2a4e5aaee48134163456803e4c,1,credit_card,1,45.11
8c43035f1afa3fca88c0514d32ff70f7,1,boleto,1,146.68
8a297038df1947074177f33df2c7f951,1,credit_card,2,24.75
ace65bba8999142113cd63d84a6a71e9,1,credit_card,2,72.14
758bed4c2450a7378b75ad480da89662,1,credit_card,8,732.85
1af002e4d9365a7809af4290ffccbc39,1,credit_card,1,35.0
3d6639fefdeff87974b80dc3da00bbec,1,credit_card,3,547.47
80ec14a614e66dcd5fe4051fdeb620c9,1,credit_card,4,40.09
471d17c72b833d90af58cd4fc9bd5942,1,boleto,1,41.62
15821a9a831a9a665df5d5e1568da975,1,credit_card,4,105.49
d3e4806c215167243c919d64a4df8f9b,1,voucher,1,68.89
ca99d0db69566c10a85c187406e20b76,1,voucher,1,171.69
90289a17e4361481e6880e751590f140,1,credit_card,5,51.63
9efb0094f22b22cd206bf68dc306f1f2,1,credit_card,3,62.59
6c04516be61ae90e04756c3290c405b7,1,credit_card,3,113.62
7b9e72dad7b74f9bc089a7c543d90061,2,voucher,1,55.75
79628bec05987a8b38465bfb42775c11,1,credit_card,2,139.31
bae5466ca9c393da0e97709654923fdd,1,credit_card,3,544.18
cc2e6cf82767599713d657cd5cf8b300,1,credit_card,10,132.94
62bb099353a9b4d95e7612ef18f771e1,1,credit_card,6,195.48
3ff25314bbe9dc1ec7c983499bdff8f2,2,credit_card,1,10.82
060a509c86c388937eb130705ea09e52,1,boleto,1,136.49
41ce93449a43ac04521c49ec611fd11b,1,boleto,1,144.41
313b294ba33545e1fb850f2ca29a9c3a,1,boleto,1,61.5
71e3b03f3cb75e6fd2e5a75e7291df4b,1,credit_card,3,83.72
b790cd47d5cb1c9d14ce268a5a076782,1,credit_card,3,38.09
77c23814d1d6e57a273cab3849d8cda4,1,credit_card,2,131.61
9e6e385a88dfaa08cf6fc6987f695a1a,1,credit_card,3,43.1
44815cc7c0caea31d6002373f52bec23,1,voucher,1,99.95
acb09adeef280bd9475bbc0fed1eb8ee,1,boleto,1,62.78
021d0261c214591da7db51193c9aeb29,1,credit_card,10,188.94
74d72b7e6831bb80fef1c2dd59994fc5,1,boleto,1,158.38
633f4fc75774571fccaef584dfce5a7b,1,credit_card,1,97.87
4e2be877bb8fb4d51fc622a758abb7d9,1,credit_card,2,60.1
b354e00a3502421985f7e167ea7d71e7,1,credit_card,3,35.27
8bb924ae0bc90959d7967c29dab3ec6e,1,credit_card,2,64.18
8dc54c68f91d6fcf2802cf289383a085,1,credit_card,1,157.32
aebb9ea169213280a20a4acaea15b7e6,1,credit_card,3,104.28
8554cb37f7158cb0b082a841d24a4589,1,credit_card,10,1299.28
d4aafc8bfe399e9955d634af4dbc7d8e,1,credit_card,3,75.17
b6659c782155d09b529dc57d587fd87d,1,boleto,1,131.61
aac66aa37e3c8d0fcc9571062fabb261,1,credit_card,3,42.92
29a9f2a2f7faed6b3457f5325e7d14cd,1,credit_card,10,115.91
3663c0f887191044441077fb3564dc94,1,credit_card,1,46.84
b9222683e55758e925b1931565b4f343,1,credit_card,2,322.89
e4dd475ba157a8f4d4dd4f0b8e7c92b3,1,debit_card,1,84.0
7b9346f5875f5ba40aa2f851365d3daf,1,credit_card,3,35.85
e0b23ee5e7134cc220b6bbba915ee91c,1,credit_card,3,37.44
2f53a7c846aa70472520bd18b081ebbb,1,credit_card,2,72.14
8c0ba0ee5bf1417ede40de0a3621f727,1,credit_card,3,368.39
1fcde8f1d8b0a48e0ce8a212f1fb8dc1,1,credit_card,3,68.57
9b1936414d93398380f940b3f86edb5b,1,credit_card,2,21.1
2edbc93b3992472ccbcb8d52b57fc375,1,voucher,1,107.8
e43d4fe81a0a7828e55dc60e33ce7921,1,credit_card,6,309.05
ac56c167333aca5b20ab180d2f00079e,1,credit_card,6,218.8
e793e2ffd549447018149bce4de2850c,1,credit_card,3,36.69
7b4371df7c7f31967a101f1d4559875a,1,credit_card,4,49.6
e8291f4bc553c5ac2a42ee7737836480,1,credit_card,5,115.45
bb13cb6c4afe0e0dbb504283c6ee7992,1,credit_card,1,82.73
60f8ffa9343f486438b8a1cb707882d5,1,boleto,1,66.01
4c8f39a65890981ff48b24f1899db560,1,credit_card,10,413.59
8e70656d83092cc6ec2edf7f81646c03,1,boleto,1,920.04
fa2f3e66fa5ba473c46b0329d4e5773f,1,boleto,1,68.89
f7f84dc96924f895eeee8f89515012c3,1,boleto,1,25.0
aa8b6e3167ddb35c1f7fa63717f8cc37,1,credit_card,1,52.0
e169b880e5f68fbd4500941ac7107168,1,credit_card,1,54.0
3fd2bc52f78d2ba4e12276c4ad7578b9,1,credit_card,1,30.73
692db147c656a46d659c6615b8e429bb,1,credit_card,7,185.84
a33c70384e5369223140d28308cc84a4,1,credit_card,3,228.8
ff0d5a38b85fbd18f685047969739467,1,credit_card,1,46.0
1c95c0aa3b0fc5495c09cbba1793b9d8,1,credit_card,1,47.62
ef29d8249c4f5670c259bda87461e3e4,1,credit_card,5,227.71
8331588bfd765bf151ba1682255903f3,1,credit_card,1,36.85
3f752ac8c1676fac14b0fdc9dc26539a,1,boleto,1,62.78
cbb837e370beea845d4aabda89dede0b,1,boleto,1,263.87
6eadf3654aee7c1c335e7f0ca86d69fa,1,credit_card,2,65.71
2d6c9f00e3d35a0f4e742fff1191d675,1,credit_card,3,77.89
165ee1a310dfbfa598f465cece5cc5bd,1,credit_card,2,103.72
7a19a03fa5f748e858559ddde2408f4d,1,credit_card,9,95.87
7a19a03fa5f748e858559ddde2408f4d,2,voucher,1,100.0
638cad2c050551138562aaae90afbb6c,1,credit_card,3,166.16
2974064c396f0496d1eba4b3c49cd772,1,credit_card,1,55.28
2de931311a1cb3001070a6c567124301,1,credit_card,1,116.84
e8899387e52fb6a10ae971c69eb09bf5,1,credit_card,2,100.86
2130b83c315c16dd6afd6c742c6ae4a2,1,boleto,1,864.69
8c8559a212cf7c80c066afce3c87a0f3,1,credit_card,2,36.1
14e1335948fa1aacabaedacaf51d545c,1,credit_card,7,77.99
07c04599729da94f8aeb0974035ac307,1,credit_card,1,25.75
3b096d44d833b0bc4714a1ab1ba9d563,1,credit_card,1,43.0
15c7a48b6ce2d3967a7e83d40f566b70,1,voucher,1,217.62
180c04aeebcb390784f7d9c08dbd159d,1,credit_card,1,60.0
216237ddbe1a6f6a13a749e580ccf469,1,credit_card,8,208.64
5c8cd93d3a115eb002c7d3c40ab4fe36,1,credit_card,1,18.93
2bcf1f79964f8b4f4f62f19441601b1a,1,credit_card,8,1251.7
f829a70601d740aed0868f3aee51da03,1,credit_card,1,15.45
38d3c26f8db105374d9387f518623a3e,1,credit_card,7,73.34
6dd018ddbabb3e2395f292cb1f2b3ba8,1,boleto,1,77.57
3832701f27be0501b19e91bbb04e5cde,1,credit_card,7,212.11
aa9113495d5498b01ea4a235c64f2849,5,voucher,1,20.0
e23e45778ae735856e12dd12750e2b14,1,credit_card,3,212.07
9e4a61da038289527b41b63aa81405d1,1,boleto,1,368.7
61d9e1e95fdfd5f0732643e5dbc1634d,1,credit_card,5,165.7
e2301ba70a8f5a2873aaa909c1b2ca33,1,boleto,1,155.65
78eccf94d43a3769c3eff6e740758c1d,1,credit_card,2,130.11
a739bf4717343c5f9c84196b61a9c53f,2,voucher,1,1522.42
43c0147ac5c2cd461632f6b12eddf8f6,1,boleto,1,39.09
88a7b171c5fa934fdd0bd6a3785dee13,1,credit_card,10,297.62
06eb87385425e5797a1a5c2cdb1b6559,1,credit_card,8,226.14
9e99d6f656fcb2d4a76e9455959cf62f,1,credit_card,1,57.76
774415b72c8f9986307793e527a0670f,1,credit_card,2,476.87
731c835328ddd81b1be1e0a997909b94,1,boleto,1,112.43
8b95218ca1e8860d7a256f2e9022d8ba,1,credit_card,4,96.71
3d17d211984312889a4d60f359859535,1,credit_card,3,155.65
93882e0a79db6b5f436e91f64595b3a3,1,credit_card,1,39.75
28f3f76a069124ea37b2e0c43408ae47,1,credit_card,1,111.19
6ad3104da988fe60a015a15536c72e08,1,credit_card,7,71.82
724c2f14a18a11392fa354b017ba9dfe,1,boleto,1,685.41
6b8a860cec63279fe49b5649ca6bab42,1,boleto,1,85.23
a45ffe76ca47f57a1cdaf4d39b84c37d,1,credit_card,3,41.69
212363bf0053733bdb8324a07cede4bc,1,credit_card,1,66.01
9b1d71b20edcf15ab15e0bb4a932f23f,1,credit_card,1,95.31
e2d43cdbee2a18383c6d8ce8c63d3f1c,1,debit_card,1,42.0
fcb25cc2887d15b5373673a0630ad13a,1,credit_card,3,61.74
81d6162a00e7332a42e9f26375953d74,1,credit_card,3,105.28
e49756b486c722bb970c4cadf35a2cc3,1,credit_card,8,104.28
7d92b1e737c6ee25a66b4bddf1f8be8d,1,credit_card,1,63.33
306853b36db7e021935becc988e4fef8,1,credit_card,10,1942.0
e2899c01b0665046758356f4e338aca0,1,credit_card,2,183.29
8053c8b6bcfa27de650bb879815c3835,1,boleto,1,60.53
5e741be1ef0b879586c4c85a9967b5f9,1,credit_card,8,742.57
721d20e34ddeec4f5e9f11d198e60de9,1,credit_card,4,206.87
397512738329930b9bf6d624b7db4969,1,credit_card,3,251.69
61e5cd1c042eccdc6df63d57e99b1ae4,1,boleto,1,47.09
e8b925dae758913bf3c48971ce416c57,1,boleto,1,99.33
ee5c259515ecb317e1e70dc9e84fdab4,1,boleto,1,66.08
e0b3f7f3d068cffc29d9dfc97fecd016,1,boleto,1,58.82
3174bfd4f0c9460d4299aa633bac43be,1,credit_card,3,150.27
504b7c1b22122e429928dcd1ecab50c2,1,credit_card,1,77.89
774847476ad545e9bcb605a75dd40de6,1,credit_card,3,163.81
227c804e2a44760671a6a5697ea549e4,1,credit_card,1,280.2
465c108e33e2b7e6953f020140a457ba,1,credit_card,8,1341.45
b1d94cc304c782edf6cef462ee68c90c,1,credit_card,4,208.56
24ca08f72cfb6368d09379321b78d6a6,1,credit_card,1,59.28
755d17fce097e410d6daaf76412f4f03,1,credit_card,3,76.63
38feb0b0bd51324506094a2c9f8bbc6f,1,credit_card,1,37.69
3ff25314bbe9dc1ec7c983499bdff8f2,1,credit_card,8,100.15
158e4a89f06a4f5b5273f7fd7045938f,1,boleto,1,36.78
456e593fb7f3e6083eb5adf9a48290f8,1,credit_card,3,320.44
4e05179f3e0dc912276faf9da529cf6b,2,voucher,1,12.26
f829a70601d740aed0868f3aee51da03,2,voucher,1,50.0
8c80df0eb894f3154628aa231b9eca9a,1,boleto,1,106.29
eb2783fdb369d57e19ea74d5247c0816,1,credit_card,5,804.34
dfafca185f2fc62924f857e85569b923,1,credit_card,3,200.7
2dae77f82d0fb01696161694e6db31bb,1,boleto,1,33.69
0b446830af3811ef0d7c2e0db238af50,2,voucher,1,100.0
75a696c48d81aa753f8913252a4cda3d,1,boleto,1,181.99
6acce0b54d9a0e8dab044bda974b383a,1,boleto,1,179.6
2c9ef60013a5ee6a831360e3d98c9c0d,1,boleto,1,36.44
08fe747a18955f4657172a09f1660620,1,credit_card,3,107.78
0bb7e708846c7f44630a64e18292bb87,1,credit_card,4,113.62
bcafe5369145806f5c012da26c496a39,1,credit_card,1,85.16
ce699ae4abc92356538ece036da1045d,1,credit_card,5,57.36
2321c02e9006c158014df8d2e9b00225,1,credit_card,6,161.12
46187163a72a66be74e80f184c79226e,1,credit_card,1,46.17
fc4b2a0590430c3cef1c11dc737e4517,1,credit_card,2,73.34
a805ad38c6962dfe3c42effceddb6a3f,1,boleto,1,53.1
33677835cbfd6206b10d3ee75b6142ef,1,credit_card,1,1.69
af4cba92abfe8fdc4502754b7d91beb8,1,credit_card,10,217.64
45193dbb3e96a6b68bcd317c6f840fb5,1,credit_card,10,248.48
a082ee10e419cde2da809dae1c4a47ae,1,credit_card,4,114.9
f7b96bbcf705300fbb449595521d470e,1,credit_card,2,27.07
1cd0a2330def1be519e011cc6ef20db4,1,credit_card,4,257.65
b6bd1aa9bea85404bd9fb4c7a1cbf4a2,1,credit_card,1,105.22
3528ffd028404de1b01011b8c799bd6a,1,credit_card,1,45.09
cefcc988df88b91e3c9825518535be06,1,credit_card,6,150.3
779b6f84b404177ab8f8f5cfd0137216,1,voucher,1,183.32
8563f78b69f236731470e13b90fde454,2,credit_card,10,195.17
91c7af31bbff981f2530987c8d5d5ae2,1,credit_card,2,107.53
8a39418f537f1331c452e7aea5bffb87,1,credit_card,6,442.18
52f89521400b32703e434cd646403475,1,boleto,1,81.61
4c20d86993fc699419a84cbd9ffab181,1,boleto,1,45.0
1ea8467d56c1db8b43fed9a458d425d8,1,credit_card,8,125.52
fd05ef579e1c9eac0e68b75b7c7ec5b1,1,credit_card,1,53.09
378d03578566e65bc195cc5296a31526,1,credit_card,1,248.66
51ffb9765ad7cfe091821ebd4751dc05,1,credit_card,1,164.79
a1fa82769a203e30b8faf81cd32e5193,5,voucher,1,83.59
7651f70d3acb1fcca5c5df23cd0f4308,1,boleto,1,73.34
4a5d255caafbd8a6296a119b0611d858,1,debit_card,1,40.1
8791ce636583500a723049d52a041173,1,credit_card,1,86.15
d122b5bb390c5b47ead6b42fb5c2f206,1,boleto,1,74.16
2411e5019928e883d049f7242362c23b,1,credit_card,2,22.38
feebdfdb4759bd4600d52547c81b4fa8,1,credit_card,4,46.05
d6a776e8248eb3fa42586dd0ffc0f628,1,credit_card,3,175.77
ecddcda2888ce6554c6202c651d73838,1,credit_card,3,54.11
6ed0160458711e37991b4c5bb0625d3b,1,credit_card,8,321.78
aaba8a4672d1dc9afd30ac83b4c024f0,1,boleto,1,136.24
47f126e7f64951d597355b1f8e2d2f49,1,credit_card,4,179.6
acd1ab087bd68263c7eaf9a67df3da92,1,credit_card,4,73.34
72fcdcc4d106595993b31fc91c800113,1,boleto,1,145.96
0e8e7aed5de3681d008b56aaa514fe6a,1,boleto,1,73.18
cd800f9752d89c21e3fbac0e647d1d17,1,credit_card,6,334.67
1415ba1a8d324d2a63d74fb8e55145c8,1,credit_card,4,40.74
ff8780cfb4535054cc5b56046b170cc0,1,boleto,1,62.53
8c2fd1f7359cea19f4ec43436b8850be,1,credit_card,3,35.74
0259b4edb1ee1ebd0263f59bd790a938,1,credit_card,4,69.03
3c1c18de3b4459c8116a23272c4599d1,1,credit_card,2,188.32
dc9aa7c79b289abf941ccbacf11e3780,1,boleto,1,802.65
fcc16b06bc5d641f05d936cc17e6be7f,1,credit_card,2,67.53
59d30d600974ba0320ff55e66d6bc67f,1,boleto,1,53.01
aecf26c3e3a77c1f94125a148ed25a3e,1,credit_card,4,88.34
adc12f10b0d49b969eeff04bfef21427,2,voucher,1,100.0
a996de878f5347137d45b75fa47cd312,1,credit_card,8,105.71
2b1ca6788df941cfecc7eb4ccde855e5,1,credit_card,1,67.0
5942bd3a8502a95cab0655d31eb2c6fc,1,credit_card,4,62.01
7388afc4743da7d6e532b7fd086b4357,1,boleto,1,217.78
2de8870a0b861a9ff5ccb128784abf2e,1,credit_card,9,98.51
294a004bc4c2a5e3d9404a213164afe1,1,credit_card,2,94.3
804af8e63aed82b9d93e1c39c2ec49a3,1,boleto,1,50.84
e1274faf1894745f9ace27e525cc2ba7,1,boleto,1,173.88
2f7a7c29354db7353c1887d24ae76636,1,boleto,1,283.39
87c10d50798c3cb5476f246e91921a0b,1,credit_card,5,472.94
50ae47026ede04338be3d8711d8e8a7a,1,credit_card,12,201.04
01e1617e546dc1fd372e089ab515ae34,1,credit_card,6,96.12
071d4951a2505f0880cf9db3a48e21f6,1,credit_card,1,49.09
517c5482beb73742b5f8b08e4197dde6,1,credit_card,2,34.0
a6711e454e2bbe3bb021ec7fcfd3c6ac,1,credit_card,3,122.27
f15da8ecf7448df2333a470d2637bffc,1,boleto,1,108.73
6779036ed0ba358b53a569a733f3e408,1,boleto,1,353.45
e2e62108a0daf44573986d823484239a,2,voucher,1,100.0
cc947927fd992637599f2b7f487adc7e,1,credit_card,3,87.86
2b65647aa9ac9b98dda58d6964296443,1,boleto,1,810.29
7ae0330e067654a1a8748925bcac88be,1,credit_card,8,218.61
6dcdbb1cc784cdf5844882a1f99e8d59,1,credit_card,5,296.86
d4618e481090308279190e070dfc3c4b,1,credit_card,1,48.72
16f2b04292cfdf925c7d231f98812249,1,credit_card,2,190.37
1a667c9f13248047e6402a28b934c2e0,1,credit_card,1,26.68
a910f58086d58b3ae6f37aa712d377b9,1,credit_card,5,145.66
7459e9507588bf704829087454fd707b,1,credit_card,2,218.95
4ff36f43b95e4fbebfa94b98f8f33847,1,credit_card,5,107.78
1fab4ac9d85079b3da72a11475ae1685,1,credit_card,8,243.01
30195b7c75a04ab7dcea9f845891703b,1,credit_card,5,53.05
842784b3b697f1dbb51781a20352709a,1,credit_card,1,70.67
fccc01060b3a8f4c458f942871da6bd8,1,credit_card,8,80.59
34f1e1534ff3a9055146407b5fc8e790,1,boleto,1,67.36
aaab824b480222c061bba0fa4886308e,1,credit_card,7,77.57
acc63e67e1183626b3dff99dc8c9f9b6,1,boleto,1,94.4
55a3ba5076175f9373b20f92dcbc5abb,1,boleto,1,148.06
0ea8f90c4ad8782358cbc97abcb2d013,1,voucher,1,58.22
a92c76269cd2be64008c82c84d6e5d48,1,credit_card,7,212.58
65d949ae1a2e6f0e1c65dd06b9fb5eb2,1,credit_card,3,102.74
4d6ff00ff70bc8add58ab6f275c2b61d,1,boleto,1,86.7
6093172628144fc06ee4548601a91c65,1,credit_card,10,594.66
6c59866fa177b6a7321592a88b0dc718,1,credit_card,4,115.07
c56db498f3d3ce91df4715ff0420c0e3,1,boleto,1,75.65
d72a8a7f89ec91dd2f7d1436be8645a6,1,credit_card,2,106.16
29657e8789b3a8efaefcdf79a439baad,1,credit_card,10,682.35
fee5a1127dde04aca98c3dd84e96d471,1,credit_card,5,277.08
0bc97d91a9a3a1923234614958556071,1,credit_card,6,338.74
e1ecfe26de4293cc0e26bac6c0359f09,1,credit_card,2,204.45
65a8517395a0f289d34b6e0a68b7ef7f,1,boleto,1,133.03
ef02392a4753ae9d3777f16b5feca9c7,1,boleto,1,312.31
34c441b76d69e67457e0073633aeb4c0,1,boleto,1,69.73
5e9b8f318db11da788bebae8b16069f0,1,credit_card,1,43.0
9b4c1520f96ed1e13a3d6f8c2aba947e,1,credit_card,10,133.58
aea446ff4ed3972ae041cdad9d4bc2c4,1,credit_card,1,52.27
e4200b9952be20987657b4536b4b0292,1,credit_card,5,55.0
3c79b868b9b049326ad7439c20e3a812,1,boleto,1,164.26
019536ad39a0dea8bb75c00359a0386b,1,credit_card,6,85.57
0572c29de369acbc110ad921d93d01a1,1,credit_card,1,159.69
a1f24dcf6e5fc6b0f0cd0b265381767e,1,credit_card,2,56.37
09e3a74fe474342885a70d1b2452c1e2,1,boleto,1,97.79
8be77876ac9c4b149404292ab1538b20,1,credit_card,1,85.22
b0f4100fd9f021ab148a7f95815fa2fc,1,boleto,1,477.63
8e2fb2dbedcc04e6230d18b3edd75574,1,credit_card,5,50.1
f8853e328e43ca676354e48e5b70543b,1,credit_card,3,104.8
58373cef6a0a70e65f59d65a757fb2a7,1,credit_card,3,160.46
d684607dd5f758bea02fedbfbbb9d37e,1,credit_card,4,45.0
59fa6bcd9bd2ea970f71cef8229ffa7d,1,boleto,1,24.1
61dd76fc641eea1c3ecc493b029e935a,1,boleto,1,138.64
03dab6b77334d60ea91564ec4c7813a1,1,credit_card,1,86.15
de10731f0b37b49c3359218ea1062b36,1,credit_card,2,72.14
e11c0a03163b8110243cfb64df2b07d4,1,boleto,1,147.67
c96fce6251b1af10a35cdf0675566dd0,1,boleto,1,42.77
f11629e7c6c4597bf578e1f3ba39dd78,1,credit_card,2,100.34
6e43eea0e8d014e2f6256da2a78ff5e7,1,credit_card,2,67.48
719027b52e8d8311d1550f3c980dadf9,1,credit_card,1,71.94
9a29901dd783afb25b9daca2a52ae1e8,1,credit_card,1,48.27
c3f5808c83edb107f1358fa1477bff2d,1,boleto,1,385.0
ab5f90eadc79573fb310e7c66e05ae19,1,boleto,1,27.68
417a0034ecdc989212079f64368eccc9,1,credit_card,5,56.85
b29ccca58aacdf08c7f7798ec2e001ad,1,credit_card,5,117.04
f5d9f447bc24dbd0e76b74d0bbe0b4ed,1,credit_card,3,73.15
cd553d196341933ae98c30c57be9f7e6,1,credit_card,1,38.52
95e7f49dc56e12097c265c45527a3941,1,credit_card,5,50.68
6eef2bd233930b2b589daae3b4563eb2,1,credit_card,4,77.57
9322ed60e16ee4ff1efe8145cb66060f,1,credit_card,4,1090.81
0b398dbb3e7c81005f3c69b01488c4c9,8,voucher,1,15.76
ee379f722c4341641c16be92f2175437,1,boleto,1,44.84
c7528ad3eeabc9fee6d6839e687f69dc,1,credit_card,2,119.38
8b6ca3212d045d15ba0abeca92515201,1,credit_card,2,48.13
f26be57b128ad749636740a15bf6752c,1,voucher,1,98.48
daf2a6548710139ae39eec18beb70a17,1,credit_card,1,162.64
f3d17c77cd1914628822564052e6ca02,1,boleto,1,70.72
0b375c9434c495b5759da891d8b26bf4,1,credit_card,1,119.94
5658e0069bd2fa9423e4d9d94469b7c3,1,credit_card,1,1.83
c1fad8c885084c5b05f3bd5e2dd56218,2,voucher,1,100.0
63f51e8c965a147f93a5ed80d6e13d73,1,boleto,1,298.11
033b0e94801f401cd19503fec4b784d6,1,credit_card,5,89.19
2af6a9d6406504aa92a844c413551a60,1,credit_card,1,49.24
4a686b47e7eecbd136617bf8ae7c9af4,1,voucher,1,20.0
9d10b455f195f1fd74ef4ce42acf747d,1,boleto,1,35.27
d4068e9d72451b844cf7aae5bd7ec922,1,credit_card,8,647.54
bfae97f66e306e1f2832857d6d11925f,1,credit_card,3,143.83
5be7fcdba040de4538c9bd6fc2447973,1,credit_card,6,182.54
43b496a7732ace398ea4eb3bd520ab22,1,credit_card,12,670.3
52f795c33d266ff75e0f1b1738caf2f0,1,voucher,1,192.5
810c5451b24e7565d14608ed85dd3624,2,voucher,1,50.0
c526aa9189a06bf511e79dbc0e0e70b9,1,credit_card,4,40.09
cf26deeff1aac4e6219050acc80573ab,1,credit_card,1,83.23
c55e1514675dc10976509a057394e27f,3,voucher,1,13.2
0e3669da7effc0dce5fe5e8a52bb5805,1,boleto,1,29.41
984ccd2f61565cb8294d4ee05bdebb0c,1,credit_card,2,44.0
a5fd921fa8875df40e98823f080b238b,1,credit_card,3,34.0
1b27a0faae4a248229a7037964a710e3,1,credit_card,3,138.87
c6a7876557e3e3e31f229852dfa4f5c3,1,credit_card,10,345.51
1b988e4cc28ec72241d86331f6edb974,1,credit_card,16,164.17
17acaa427382e6481bc67f191687928c,1,credit_card,3,349.78
4385f30f644c4a6964dfef0a175611c3,1,credit_card,3,107.94
346bba8e6dd662d8c448e4ee971991e9,1,credit_card,1,50.1
8d3bd6e846b52be957466e9e1f8f642d,1,credit_card,3,39.1
5644acc16afa3e61aae7f559e573ccbe,1,credit_card,3,74.65
87c9a177bd8b6546136bc14128ac1d3b,1,credit_card,3,51.1
25e08e5a23ab24f86595aadbe50bc739,1,credit_card,5,112.92
ec9f9865708006552e26ff7a0e56738b,1,credit_card,2,116.6
4599caaeb7614fc2c3aa1d74531005e1,1,boleto,1,46.63
1234a83b9c1d13b6d3308dd2000d60b3,1,credit_card,1,106.29
fbe0c9de23b755ebf9b74e6954f927a8,1,credit_card,5,103.55
0e1756f57187e203c6151ebe990fa670,2,credit_card,3,36.61
5242fa332c499504758af265bbca7bde,1,credit_card,2,162.24
dbec6fd4540dcda2662baf24a0bc8f0f,1,credit_card,1,72.38
bdd374a843bda6af81c48e0680622729,1,credit_card,1,56.78
9c23de67d0d6beb91f77b0c1bcc17d90,1,credit_card,3,174.74
ef041ca26484a13a31e77758edcf34c5,1,credit_card,1,62.91
99766ab732ba619f1f3af1c3dde129de,1,credit_card,5,257.79
287c462ead09774c011914051703ece9,1,credit_card,5,57.0
2e7ca2344bf0db90bba866fa90409cfd,1,credit_card,5,96.24
2ffc6b5ac3d28600297371ae9a1a960d,1,boleto,1,77.57
bb2dafe8efdfb614d72a3c5932c1d49f,1,credit_card,3,37.1
692e004e31546b86abbd93c0661bfb67,3,voucher,1,31.91
d3137f0d4c2ad2e593c900f406f344a2,1,boleto,1,50.5
b534c927d5cb15838b514c99f1c8d94d,1,credit_card,10,1625.94
6245ae0abd9de1ae647b5da78c0ea69b,1,credit_card,1,74.74
82919647c77d6bdf1f3edba9eab8e1fe,1,boleto,1,55.0
bb49b2fac8a575f20a56392e3e3db294,1,credit_card,1,44.1
090d3784ef3038b64220941aa370584b,1,boleto,1,92.57
d8e44f5b26cd539b50d9be42ecbe5d92,1,credit_card,4,56.5
03330e2f4e93c51662a7c77d92a4e0fd,1,credit_card,6,67.76
25aa51228f73fcd38cfebfe6e20edf6f,1,credit_card,10,112.7
4cc2ebba3c2ad873d27b23ecdfb87d92,1,boleto,1,225.21
3ea2afb905927c34e0283d00eb811103,1,credit_card,3,39.5
658f2b1a0519115cc565db32cec425fe,1,credit_card,5,119.72
b033496f0a8ef446d5a1e2fa5038be7c,1,credit_card,3,176.88
259e9a3ad6d4f56fd550257b47ed152b,1,boleto,1,372.99
fedcd9f7ccdc8cba3a18defedd1a5547,12,voucher,1,9.76
bc16cd35390e6d0638d87ef92f626899,1,credit_card,1,90.73
60850f50218200d2c61bd3d983e22d08,1,debit_card,1,142.23
8fc40ab512fd704815938e379ac9c36f,1,credit_card,1,92.78
475daaf912c5d6077ae695875f9e02dd,1,boleto,1,48.69
f89a86148310b5d6a02fbab8f1c9fb77,1,boleto,1,84.14
914e96369a010ec52a412b9d6a499e57,1,boleto,1,85.23
524dd16d182003f56199d068e2a1d50c,1,boleto,1,86.02
af91d510d187f304483d1081272ad705,1,boleto,1,51.52
ff67a8af06a0fd9a0493480efccf9bda,1,credit_card,1,33.09
3e83b4493a5781b84799b5516cb2667c,1,credit_card,4,82.82
da532e87f26c130e0b3184bdd837982b,1,voucher,1,114.35
dc103edeb857e3480e63f64cd8f7411b,1,credit_card,5,558.04
937a3346c9e90b215e5fe19119a0d4d5,1,credit_card,1,58.52
97391d0a354368793fe996005f85c034,1,boleto,1,148.15
9769371d54296310103ef23ba69b4af2,1,credit_card,5,57.82
0be31296e8456f2017743c363de5a1da,1,credit_card,2,1351.51
fef33d02a77400304a29dc5bbfe6bc4b,1,credit_card,1,80.2
03976e284ff273b3e5fda450030f32c1,1,credit_card,6,68.3
46d7f4b6bd94be776c180799b944fa43,1,credit_card,3,163.97
fd0bec7902ba3d0b3a658291cdfd1a40,1,credit_card,10,133.76
dd674328887ef6d0b5b56c06c29c594b,1,boleto,1,69.33
04da77eda115c14a16e28e6d0bcdf33f,1,credit_card,3,220.46
23e7bb857c480aa4791ff2f7f2a5e151,1,voucher,1,103.55
c03349d196d2c2e31e41e29d06396cbf,1,credit_card,1,52.68
b8b5d715b21f52ff405e5045a9c32eb2,1,credit_card,1,35.85
e444dbf63e18f98c43c81f5ccc7ef8a0,1,boleto,1,25.2
ee8725c782f35716fe7a9e445bbf0a78,1,boleto,1,92.9
dfc7bfc60d0dfafee75e8eec014851f9,1,credit_card,2,204.54
ca912a872db02043825792fbae103921,1,boleto,1,136.5
5adb95fe0aa8a0d29d029194724df6b7,1,credit_card,4,224.17
7eb3e26f4add684a86cb34bf2a0fac59,1,debit_card,1,50.0
4ff46a29d577865d29d0f31408b3eddf,1,credit_card,10,131.82
5958fb8c6e854b986800307f995fd209,1,credit_card,2,45.0
5b018cb93699b67367756f17e0a383a8,1,credit_card,5,245.35
ef82fc4c2d59e67b942de26791b617c9,2,voucher,1,80.31
032a688c9db451501788d95c7f794ed6,1,credit_card,1,42.4
e582cfe4b3a98c739d268bea062b2f8f,1,credit_card,1,80.88
218285f1805643f2d68bbec7c40c88a0,1,boleto,1,214.32
c439a063d60f29fa2a257b40cef5c379,1,credit_card,6,87.17
61224c4690fa8613b56e0469cea9415c,2,voucher,1,119.68
c3474da948bb89ce980046e431c0752f,1,credit_card,4,89.58
9df4cca73d4b09f1e153a3767cda18e6,1,credit_card,1,40.09
28bc142035cc9a8ee9aa0288221ee056,1,credit_card,3,31.85
c0a5ad81be45e1a04365870aab5cfb4f,1,boleto,1,331.66
02df7a4137081ada2a06ac6e2bca6364,1,credit_card,6,137.2
79c5f579e409b09458cabc132855a2a5,1,credit_card,3,104.37
700ed360aae6dff713da1178cdbdfec6,1,boleto,1,32.77
83e064bc8c54fef04698774d069eed59,1,boleto,1,77.89
3544a45e2fd783c3dd0305cb5d2bac0b,1,credit_card,1,43.0
83d500e46a95c23dd67eb3cadbd1bd13,1,credit_card,6,241.08
2c5062288b23a8e2573c428a2a3d1837,1,credit_card,8,190.55
9fcc8c2f25f450a6a15a295adb501e0f,1,credit_card,7,72.66
adf36df4c22d10f6df56aa465a4cd301,1,credit_card,1,107.78
1798a9d3b896e39ea128c25cf6b84ee4,2,voucher,1,72.15
81992009e7e97ec49b43657ece731404,1,credit_card,1,170.86
a8e749cb4760cabeff096908c2c6779c,1,credit_card,1,83.64
858d458b39082890e96fbb1fed8c2a52,6,voucher,1,252.97
4aa92c909b164d4b1529ca7fbbe2fd73,1,boleto,1,94.3
27cd425460b501230b37206f151711a6,1,credit_card,2,56.01
eb35db98d775865c0bb75c8cd18101fb,1,boleto,1,134.94
25913c4e9f83eb27225747d956516af8,1,boleto,1,83.23
639144fceedec20fa804e47bd91dcf31,1,boleto,1,119.84
ac67d8fc34e7d40fe10f3f99609eea60,1,credit_card,1,47.79
51a7e6cfd3daa5187a2f973c44a74a74,1,credit_card,1,40.79
81f15a8caa9410d3483393a17f7e1745,1,credit_card,1,63.1
614c5cb06a982f6034ec63bb29030868,1,credit_card,1,35.0
214c5f0c9cd86a432fd1c37cf8b20328,1,credit_card,2,129.09
621dfc6b37830d617db3724b903c053d,1,boleto,1,121.1
677b9097f2a4bd49d5110a761ebfd41c,1,boleto,1,49.34
d9ecc8b761d39b31d40aaa07434b2c37,1,credit_card,4,109.32
0560378d48b9de8b969d8f5601e3767e,1,credit_card,2,22.07
3bf38a1291bd775229ca3420296fca97,1,credit_card,1,79.98
bbf6a647ecc68aa5e79d2cd75ef44c68,1,credit_card,4,46.84
aa11f70af7c222af9439091bbe59e8f9,1,credit_card,2,83.41
bd83b6f65b3811546509a46108ba032a,1,credit_card,4,49.59
7c20905dd73cd8a0eb60f5c6ab1b5d9f,1,credit_card,7,210.47
546a729b8042c31a71745ad37ad453cc,1,credit_card,4,319.37
7846a3c8592b65e93f51e381db3742c9,1,credit_card,6,730.4
faa4ccbf5f173ece3de4cc37664ece62,1,credit_card,1,64.77
b9b90be72479c512c6ab9824a1ce256c,1,credit_card,3,167.09
2d472b4b2d08108565852ca0782507f2,1,credit_card,8,1690.95
0d760576500ea8611379a97ddcebf3db,1,boleto,1,106.16
db30bf3b1cc383459bf7f3a938528cea,2,voucher,1,30.36
2c5797ccf0b3bf61a051628659a6d535,1,credit_card,4,100.86
0aeb0613e8d42e1a7f122908bee18eca,1,credit_card,3,78.19
ac58bda50dfac642d4f72dbf95a1c179,1,credit_card,3,47.05
1df8665c93634d03e96d99d58ce1efb6,1,credit_card,3,111.6
4b7bf1f7eb492ad33680ba2cb4c4ba56,1,boleto,1,131.07
a16facd0f8328e8955662168a0931ffe,1,boleto,1,94.56
687077f28510ca13f49e640d06c032ba,1,credit_card,3,114.33
c34636be7a1584abe05847e5d4b1c3c8,1,credit_card,2,107.78
cf2cd23374d78a2bb4d6d6058fbc1d04,1,credit_card,1,30.0
4d9466366a6ea93d8bbd504529c9a1cf,1,credit_card,1,46.76
fedcd9f7ccdc8cba3a18defedd1a5547,16,voucher,1,9.54
a8224a3529e84b453dd1681ad5788e61,1,credit_card,4,46.69
28e418b320f6b759b6aea79734f165e5,2,credit_card,5,800.72
0f9751081b734220a998be212c391523,1,credit_card,1,233.75
70f357cca87c1162357bf3c0a993cbe5,1,credit_card,7,75.65
88fd40c08e056f063360d1d8cbd99e2b,1,credit_card,5,55.0
4e4bcd8837ffdbe350288d7fa0948c01,1,credit_card,1,111.02
954cca2a7fe6e627321fc51e16f2d043,1,credit_card,1,49.59
cb61ea3467956c7b83c342c1cc488364,1,credit_card,1,99.44
0a1830f41dcbe9b26dc35c0c71738796,1,credit_card,5,168.23
070f532c26f2505352210937089dfc79,1,credit_card,3,148.12
51bb13153af861b1c5967b91c735bb8a,1,credit_card,2,329.98
2b101e802b6712f2fc129966a2c518fd,6,voucher,1,12.44
709cb0731456cbfb2ca8d299b6616067,1,credit_card,1,65.09
710d9b541d2ae52ef56ef33f5e1b795c,1,credit_card,8,308.27
d592b9dfd1c2dba8bbf5f398c6aaa65b,1,boleto,1,322.89
d63279c7841cf2d97a81b2bf2a777af6,1,credit_card,1,86.02
6e59250a3263ec525190b4625db82da6,1,credit_card,2,92.57
5741ea1f91b5fbab2bd2dc653a5b5099,1,debit_card,1,282.21
1cb44c843df038496648b84a904aafa6,3,voucher,1,30.0
6525d9ab0bff6133c63e9c0cfa55bfbd,1,credit_card,10,112.14
5e7f9ee66e56d354635709fe765e845c,1,boleto,1,96.83
173ff4269077b5594182d14a5f7f4978,1,credit_card,2,265.31
e02aa5434b7b4336b260b5f8c7202d55,1,credit_card,2,53.0
aa9113495d5498b01ea4a235c64f2849,3,voucher,1,20.0
7139a3b215ea730e2db624cc99820578,1,boleto,1,75.65
ff50008f24df5da8799bd7804c77686c,1,credit_card,3,33.1
abb7c138395463396390ee722de3f80b,1,boleto,1,46.53
c6c99f96854560866a50760e74aca378,4,voucher,1,0.28
0068e836900867da359bd81db9227a33,1,boleto,1,113.43
462d31fa1e455018e0402328d54afb18,1,credit_card,7,203.93
4dbb73a3a009b001629be0d1f5d6bfa6,1,credit_card,1,49.49
af209eb4f7a3bd965aced8fe559ccd3b,1,credit_card,10,206.4
052121d17f8eab43c577497c9b1451e2,1,credit_card,1,64.0
1e6f350c900ca357945126e20117d293,5,voucher,1,13.56
5457406dbf85b294f6c7ee639c9b0248,1,credit_card,4,49.1
38da3029219c1f40f3eaaae897430c3f,1,boleto,1,158.13
855996678baddb2597d33300f0148406,1,boleto,1,47.82
387a1dd847da1460222bebfcd7c2c7ba,1,credit_card,1,54.09
c82445412645dc0bd09408f535c2b86d,1,credit_card,9,97.79
8805c89717242b991905a253e19e7aab,1,credit_card,1,46.69
9627fa80c5ea19a5c9a42409235ab2a6,1,credit_card,2,182.89
54c9556bfdeffbc7cc3558ab954114f6,1,credit_card,2,29.32
26285799693768c960e1c2c70e017654,1,boleto,1,54.0
9f8de1f38dabace7c615d1e41fa7b2bc,1,credit_card,1,203.14
119feffed22faf8f347699a4a4fcc23c,1,credit_card,8,190.58
d0e7be325a1c986babc4e1cdb91edc03,1,credit_card,4,45.5
2b6eacbae341dd75d4c44babb566be08,1,credit_card,10,117.95
6878dd8f91f3b3ee7fa8edbea6c3af45,1,boleto,1,93.48
8a22f6bd4ea83c9fcdbf0235d55ea061,1,credit_card,4,42.0
444f0e1730bea305c2101a19267fb7b7,1,credit_card,5,152.48
8e920dc25b190dc9f5633f36649d3aca,1,credit_card,1,26.68
5bd5f0a2e24b51f1d1d6e855f9f03e3d,1,credit_card,3,141.53
5f24553283f2c7a74869675a02035bd7,1,credit_card,8,762.33
93cb959c1778b406571430bae0621e34,1,credit_card,1,46.85
35484f2865463bc3be59efbdc0b218a1,1,credit_card,1,109.99
e1621bf755f6bd6cd7a8969768f6b2d6,1,credit_card,1,45.53
ef3f0f39681fd089fef832371fe8ef35,1,credit_card,8,373.73
1588b79ef6078fb4a06549ed42ae7fd3,1,credit_card,2,60.05
b07365d2d0d22bc99d8ef5107e761a88,1,credit_card,10,221.98
115a082cc7dde53600c6c6ad83219643,1,credit_card,2,92.59
6cd6ee8cba5c8dbddb25d90578edba0a,1,boleto,1,92.67
4caa878dd26539c88f5243c6bd277ad5,1,credit_card,2,138.65
85b8899fd1383f7177fe622d29f09272,1,credit_card,6,80.0
150161e8b962f031342e9bdf81e414b5,1,credit_card,1,422.25
f6e97f91d62582f47862f629306f4311,1,credit_card,5,136.42
b34523b3a1e3a1ad856985080738c879,1,credit_card,8,299.75
889e1d99762dd368ffbc599fca39bb91,1,credit_card,5,154.32
2d87139784a415f78f9735efcf693157,1,credit_card,8,87.64
d32fbb7b9c7d393b293c80e66091ee4b,1,credit_card,1,130.26
2da6ebf3d4e564ca7ed21893aa78d820,1,credit_card,1,190.87
372fc04e6d43eb870979226848fa93a1,1,boleto,1,92.9
c3b8c17ee15e0e798c2e178b7d4c7f42,1,credit_card,1,61.59
996316cf1b7d0bf4a95a9b5f81d7f22a,1,boleto,1,77.23
3eb0f85a2cf629b092487dbf1847ff9b,1,credit_card,3,147.37
7c70f1c05b2c170358a1765511517175,1,credit_card,4,142.19
b73441a4e7a49b06d7219c969e5af0ef,1,credit_card,3,108.2
ee8f5d7599c575d8f8eb1a2ea7d66686,3,voucher,1,9.4
059a35c89cb9ee5ba740d4ac2eb8a805,1,credit_card,5,136.43
d4f7b7fdd579913c3de8124f653eb667,1,credit_card,3,38.09
166b01d0fce75a595b92ad9e84e0843b,2,credit_card,6,127.09
4769dacef1cb49763ff733ddbcafd4b1,1,credit_card,1,58.47
1e4e642a89cc3c4bdbc8b9ac6299616a,1,credit_card,10,194.82
fa8532f1342354a78b42f2072b1d6dea,1,credit_card,10,754.59
ed71db1a67b318e8a56778f4f380e267,1,credit_card,1,61.0
4ac735cd851ba30e7b280f7e045544a0,1,credit_card,2,177.58
c77105bc2b21c4087653efcc5bf74aaf,1,credit_card,3,426.84
4a9a9d64ccb1bbcb0db6634dbfae10d6,1,credit_card,1,29.1
20d5211ad925caa21c6293ea560f9e97,1,credit_card,2,118.93
e527fadf4133cb83320eba9c12a0db68,1,credit_card,6,63.07
bc23a8b8a743eb2f2b66eb86a77f8740,1,credit_card,1,115.97
e5ddbd23174123100cd4e3eb36be5b2b,1,boleto,1,28.09
d18ed2885838f867171afaae0176226a,1,credit_card,8,178.66
ed0094f95927e35ebb97a275ed02d046,1,credit_card,1,15.91
db4d1cf54509ad6f47b9e8b09d2a2c40,1,boleto,1,131.42
d6106cbb6358d276ba42e0bdc2f264a3,1,credit_card,2,29.77
03227bf7c543bbee4efa38bb6c6763c8,1,boleto,1,248.8
ed58e77f9c5a53fc829b4baee5a51176,1,credit_card,3,608.87
675259524dbb8d518b8af60d1bc7c3ae,1,credit_card,1,108.0
7ef2e75823b06b05aec1e71f3b2b22fa,1,credit_card,5,120.45
feea5d59f129549eaf0fcf3d32e07498,1,credit_card,2,68.42
170dcd772ea4f51c3a859f9beef5d297,4,voucher,1,50.0
7feb0201e5b3afef04792d32b483cc17,1,credit_card,6,344.55
9f792c846e897702e89fb06829be1b0b,1,credit_card,10,133.03
241eac6a2fe8b2fafc77d48812dab23a,1,credit_card,1,64.0
db4d39113d1f1f359709384518d81e31,1,credit_card,6,97.8
23eaa9100d479846141e3105e949df27,1,boleto,1,166.94
01094e169d4b14edaf6954eeddb83633,1,credit_card,1,108.86
5b00e836f30ccd2096e07d70fc5712cf,1,boleto,1,117.31
6cdff0742900c90e18fd4afb296ffb49,1,credit_card,1,75.17
ceddfb05b9a267360bf733384df51e34,1,boleto,1,72.14
f98a06b99cbcc7caef174bc5efa78a31,1,credit_card,2,234.64
f23155f5fa9b826631c5b8e038b38393,1,boleto,1,35.09
fdc259a28a8f4ba4ea007b10244a8272,1,credit_card,4,138.17
6a8cd9e90574ad4ac8c5850d2365648e,1,boleto,1,823.83
5be3e2ea8dccd8c98b2efd063627a10a,1,voucher,1,73.83
6bdf9b89e5c81ead45dbc0a260dfbf13,1,credit_card,5,100.03
c13f7e0f6e68493d056654349be6c15b,1,credit_card,3,62.78
f99baadda882046359a8c3d699e0267c,1,boleto,1,215.65
ced223d7a62d120ce4105b38eb399eb9,1,credit_card,3,211.48
60aff0ecd77407f311c868a82b58ac70,1,credit_card,1,32.38
c4c0c97655a014bae49ca6704a0a42a7,1,credit_card,5,96.71
1e2873bbf8abcb5fd687719096812cd6,1,credit_card,6,139.06
88111d2aacb94d5ba269e178f1994a2c,1,credit_card,1,42.04
03e99d63b25fc441524d77bda33ab136,1,credit_card,1,75.65
6c77310ef232ed3cc83889e26f3b5159,1,credit_card,7,75.65
c105be01f21c9df6a2579f59b95cbcd9,1,credit_card,1,24.73
a0daabdea9da78312042ebceca34cb21,1,credit_card,1,86.15
a38d26fb97127e35808c504ef9872905,1,boleto,1,50.24
02b73712c7944322d0b5a314f2424ee4,1,credit_card,1,104.37
adf0847eb3eaae571ecb0a3d4c62432e,1,credit_card,2,67.6
727c209cf1bf38111a8f69422ad7fab7,1,boleto,1,369.89
692e7d25750bbb62e2dff64355fe3146,1,credit_card,5,130.0
6b0114653ee8efa6de234fe7cee7269e,1,credit_card,2,228.72
9d5ed4775557c8b39ac75a602205c915,1,credit_card,1,45.0
7feb540a28fa86db26a17648584a75d1,1,credit_card,3,194.85
14325ba23374f1e55576859076916d9c,1,voucher,1,61.12
df0bfbf54e085e793d7b164f7c4304e1,1,credit_card,1,193.27
3eabbfdaf7e3dab4e322b3e40d35ff04,1,credit_card,2,62.01
6ad444f05cfc745b52fc228341482e98,1,credit_card,2,59.34
c94939ec208457c136427d40ea7bb4cf,1,credit_card,5,517.64
3bb580c88504df63102b61f70164fb75,1,credit_card,6,319.11
dc30c49cdd7a0bbf562cd24386ea1a5f,1,credit_card,10,134.75
e30a7c7a102b26de0c86e424f9eada78,1,credit_card,2,214.44
7852c8ab608aef3bef7d6521357dd67d,1,credit_card,5,192.66
acaaf1ded8aad100b7760b0ba16aad86,1,boleto,1,237.0
1264bdfa22a4cca2beb66c1f542e7f5c,1,credit_card,5,283.44
b15da40ece9d0f3c3440837babcb1a31,1,credit_card,5,264.88
8a7059f3a26aa6df1579a6c9ccbacc3e,1,credit_card,8,86.73
6cc81d57e84149f55788bccafc8a48d3,1,credit_card,1,145.84
fbad56f6a1339fecaa323b209c423b1e,1,credit_card,1,70.0
3be2b1040cee4f1c19a48c57ca3d2640,1,credit_card,1,65.16
08d48caf3c6278c63213deae0000975a,1,credit_card,4,234.89
39b8653ff22b5a5633855beaae410b83,1,credit_card,3,101.76
5509c0b69816a0407a62fa3fec797bb3,1,credit_card,6,116.36
9a1608e06e7944465b6edfeca5d2ce7b,1,boleto,1,208.8
2bac4f3e8f31c3174e87367649517359,1,credit_card,1,197.51
d7aadb230c928f33f25ed853f8de7e5e,1,credit_card,7,77.57
b0f00a17e5b2e5ced966e961281b123e,1,credit_card,1,112.3
4707f0f97bea0fc228ca902efc1bae4a,1,credit_card,3,285.45
a619ec6622eccfa387cc9528136c92dc,1,credit_card,2,142.51
80446aee36e09ebf4cb79585f6c9ce61,1,credit_card,6,104.37
80c2d7b033497bf5aea90a2eb4b0966c,1,credit_card,1,83.96
8e3c9254e32eaf71c2212f6cebdc24f7,1,credit_card,10,272.14
55c5b6e322eed3fe3dbbd82da9906019,1,credit_card,3,369.88
9e50d6711cd120b8b6fecc98aca9d306,1,credit_card,2,62.28
2c2c8f9fa930b610e7d6033fcedf581e,1,boleto,1,90.17
88c6c911e3d4308b3f355533115275c3,1,credit_card,1,445.38
0b398dbb3e7c81005f3c69b01488c4c9,2,voucher,1,11.15
63411626466603435cf74a3d51f8fc8a,1,credit_card,1,1196.78
be4e62f1eff881f7eef7fbc619128ab9,1,credit_card,3,61.8
6bee1849192c8d7e1b0e6a3b7046a461,1,credit_card,6,210.6
caebb338f575e41c6ff53ac124033ccb,1,credit_card,1,110.9
9f96fbe1882a78b811357299fc5d6c8c,1,credit_card,3,224.98
9e79ad9861f8710c1dfb684f37f418ac,1,credit_card,4,115.15
de951feb6c754b2c61f0ed3c66569f4a,1,credit_card,1,2154.82
11077b960f568dd6d5dddae3bdfaa69c,1,credit_card,1,271.43
d6df48bb0f7ae326cc10448785ab0a11,1,credit_card,1,97.72
97ca549aa4a8d582d149002b880984f2,1,credit_card,5,126.12
487c027c71928d6a1401ed7e13ad94ec,1,credit_card,1,195.13
60498cfabd11f25114990225793f3ea0,1,credit_card,1,125.52
e7519cd023554b4884a8df704a4ed7b9,1,credit_card,3,308.42
757fc9c2b9efb9c346fb38ec82763c32,1,credit_card,1,46.84
b154b6c273af25ad4864ee4dcf0e47b8,1,boleto,1,181.57
f816e2d1a8c3f47837c88fc08ba39dce,1,boleto,1,1337.19
f1392a30909dbd81bbe5973e40ebba37,1,credit_card,2,103.33
eafbef87f34e01cecad90ee40d94050d,1,credit_card,1,68.64
01f78824e3a8e474a36d8dfc2a2c35f4,1,credit_card,1,66.25
7c825a36c67b324f9bb4107f03c5139d,1,credit_card,1,41.71
f5594a5beff0da9f2ae31381e7f4195f,1,credit_card,1,90.6
012a238ab54294a3b365812ccc82b135,1,credit_card,1,175.77
ea497a8fb762e77015ca8d85236d6e47,1,boleto,1,49.75
bf941d5fc1bc7b644937b66246ad2150,1,credit_card,7,75.17
fb0fbc6ffba8082982c615400442faec,1,credit_card,4,43.1
3b550d526029241325a94aa30a60cff0,1,credit_card,3,37.01
bb937ae1ca42e99347c215a7b0d05847,1,credit_card,3,45.69
a0ad7865ea22bbaa2f026e3aee583484,1,credit_card,2,203.67
342425791003b2c3f04c6520885cbe82,1,credit_card,5,55.01
abc18731ca4cab4fbe4c9e29e2a700ea,1,boleto,1,81.76
2a63db5c526afb1ee1c53ef2ba5dad2c,1,debit_card,1,40.09
b7bc42b133d843af73988f6a9c68dbca,1,credit_card,4,87.16
01156b662f3f47b249b5a8881d205f08,1,credit_card,1,43.0
1cdfc7851cb3d94ed77b3fe4cafa2fad,1,credit_card,3,87.9
676853ed85e0232da3407712d84ce83a,1,credit_card,2,590.37
f8ebe0a43498e8d689afbbfec4b3eaba,1,credit_card,4,107.78
4e3cf72d676f793f15859c9ae34be2ad,1,credit_card,1,146.68
b26d171d404f1e506b8d41c6f70c4426,1,credit_card,1,44.1
7672a59c69b073e25dba933ef431d182,1,credit_card,2,169.51
1001037af2faeaa0440e04c4cf69413d,1,credit_card,2,109.4
5f88cd646a937d40a9514fb0e587269d,1,credit_card,8,444.0
f829a70601d740aed0868f3aee51da03,3,voucher,1,50.0
6002f6fd11937a1461a6c4780232191e,1,boleto,1,232.71
880818864a5b124a7e8784b03caa1d84,1,credit_card,6,168.29
97cca737331c9c6009a3e8b555d963b2,1,boleto,1,246.36
c95c70fb04bd13e4a063330b9760c411,1,boleto,1,143.13
e02aeb8a43d1603416dec00e3e77cd94,1,credit_card,1,42.62
20aea91835c11696daa9520693503694,1,credit_card,4,384.14
68abb8a2c8cd552dd8452406b2b0153e,1,credit_card,7,300.28
e3dfc1d63188473e77b32f94f94aeea3,1,boleto,1,91.19
ba606d3faf73e13022d13479d760cb45,1,boleto,1,39.91
8073b9d2a53026d45880252243b0c646,1,credit_card,3,165.29
9afbd107ffa1b363cbdc3e81895dbdbb,1,credit_card,1,69.7
1b189bfb8d1d15887dd46da224744444,1,boleto,1,155.14
d9e91ad92dc450af3e22b7f79352d93f,1,credit_card,1,116.85
e6e34e47fd3eabdfe4b6c2662cc2a04c,1,credit_card,3,90.88
fc3eb1dcbbc011d4693b4efc280fc462,1,credit_card,1,45.78
2965ef8e9b42fd941f044c6b197246f5,1,credit_card,3,87.53
daaee3046c061f111811d2fa55699a0a,1,credit_card,1,98.7
c28cc812db8e9acb713843bb0470b7cf,1,credit_card,1,53.27
d3748b207965f75c9287b49451cbdf3e,1,boleto,1,39.09
8102ed72fe93cfe6ff25c794e15233a1,1,credit_card,4,83.17
745865dd655cbb9dc84b1ee5a872fbf9,1,credit_card,1,43.72
54586394af32e5d816910c2bace53a0e,1,credit_card,3,322.89
361bebe46ed48297e9b41097ef50c8d6,1,credit_card,3,107.78
7eede674247503d84fc645c855298b1f,1,credit_card,10,236.21
f9cb71e454be8a1f13fe574dd261a6a8,1,credit_card,1,43.09
aef3d8bb94c1ad3761b18b80327cea9c,1,credit_card,1,47.52
86dfa937c43f021fdd93264d20c8537b,1,boleto,1,65.0
9a0b6a2c842e5a42bef91fa4c7dea9c4,1,credit_card,4,92.65
1f15c9ad9cbf840899fda2a63d4cc760,1,credit_card,6,88.55
fbc5d211d0c021def45daa17a0d271ba,1,credit_card,1,47.78
4c77961d5a6909826862fe6d8881f1b3,1,credit_card,1,31.75
3290d044feb4a9f2f4a195441b12ffe1,1,credit_card,1,31.75
c6eb7d8978a0d7a7e592ef611e4daf04,1,credit_card,2,150.14
86ba74562effd10bf32402978095963c,1,credit_card,5,76.02
8cd07081d58878c95b461ac929fbc23b,1,credit_card,1,63.44
c8bc8f1025acaa48d5be4ea4c11c88a3,1,credit_card,1,165.53
53ee943d0767c9dc3922938b2550ab26,1,credit_card,2,118.24
37db66be8ce4684e201e94e4ce19944d,1,credit_card,3,95.31
8c773ab2b6b214fa7ec9e401f2026e40,1,credit_card,1,37.75
6dc77aee6ae4add4ed0d28454450557b,2,voucher,1,19.01
63cb6e6a5632d2fa0406a8f3c6eae8cf,1,boleto,1,100.12
38c2b634e9399138e8c5e726ddfe765d,1,boleto,1,210.36
627b0adf375e47134b142cc2bff1d0ba,1,credit_card,1,28.09
d6d59c5812d95b8d6500ff342ff60d48,1,credit_card,8,249.05
b9d7ab4768e51e8cef0b77f21a40b444,1,credit_card,10,143.83
4fe87ba02ffa026600dce759f9fcd02e,1,voucher,1,29.9
319d08221500b0aec75b91e63101329d,1,credit_card,4,195.68
070678021e2517b12a66622b99dca958,1,credit_card,4,43.62
51a73c564f9cc803ec067dd3a0381997,1,credit_card,1,34.28
9d12e7d13379e3e2a600bfccb801604b,1,boleto,1,397.3
091a28ca837aa39b709aa41c0ca3d24a,1,boleto,1,109.08
c2569709e6223a9854bd1eab69c150c2,1,credit_card,4,75.76
00c00d5b36157595e21108ba1da2828f,1,boleto,1,312.92
4c30a2a359ec6761932ab678ab9752b4,1,boleto,1,56.14
fd174ef3d3535971d1bea4398b2248bd,1,boleto,1,133.76
b6f41799a58be93e516fb6992e0d4b47,1,credit_card,10,144.57
0921c97280957af14f02d430cac48a5c,1,boleto,1,130.56
fddbd183387b5c9bcbafbd0fe965301f,1,boleto,1,40.0
435f78ae47ece6a55453fc7f80f19ed1,1,boleto,1,76.08
7d37bd17f502baa7c5a25453abcf9003,1,credit_card,3,175.48
c546e22ce132da6778538ce6aa0d867e,1,credit_card,10,134.05
0f2c54530ee6ee50a3adc31fb30e8769,1,boleto,1,168.23
e730263138d4e66152a694fd4ec32280,1,boleto,1,195.92
17c552e9739b1fd0c1385b93eeb07953,1,boleto,1,135.05
bb1e19124a79d7567645189d83030101,1,credit_card,1,27.19
255ad076f0ef8eeeaf912d66df4c2a1c,1,boleto,1,185.56
f4b56fe7668e96ac977ad7bb6471bacb,1,credit_card,1,194.43
dcf6157fe1c8921c1cedcc687593d877,1,credit_card,2,444.39
f70e7bfddfbd645f0a0b45d6b1815e98,1,credit_card,2,164.1
f9a56a1e02546f0d1baf56f282fa0659,1,boleto,1,126.48
928563298c0ea160c86ff4cd98c52aa7,1,credit_card,1,60.75
720c168395983625e42d1596d5cbc08d,1,voucher,1,44.53
480000ff61d2f961973107967439a4af,1,credit_card,2,28.75
0f7477abc25a26f58ebc0d00d2a7cde5,1,credit_card,6,66.63
6326b091c76460e26d963f38c7ab627c,1,credit_card,1,47.77
8cda0578a690b3f9d6d86c95cd2ba7d4,1,credit_card,10,140.08
cb00b252d2c836eeeb1d73ec439a0849,1,boleto,1,1442.15
9d00d5c50382768149ce030b6ab28fc5,1,credit_card,18,236.04
385de753cc8af8758bf66d29d9916e66,1,boleto,1,26.29
aca16651c2ea740d8dbad0da8c5fec2d,1,credit_card,1,28.62
eadbc9a7655e5554ca49399874f7e2fe,1,boleto,1,96.26
250fc7597b92f3bb967c2c0a6bd70e1b,1,credit_card,1,68.72
c0bcf2bb8a872c09da87c174a0f4e21b,1,credit_card,3,113.02
cf72398d0690f841271b695bbfda82d2,1,credit_card,8,284.49
bdf2706f341d19f5943d9a5c7355d045,1,credit_card,1,183.78
e81d8a5a53ef4c96396e5aa7115cafe8,1,credit_card,1,36.78
e4b86afb67e591d71050d108a2672dbb,1,boleto,1,75.85
df5c9b471c8cb2bf4fd5d986d8811ed1,1,credit_card,1,33.1
84aef74d31968ce8f92e602a660727ff,1,credit_card,1,116.46
a1fa82769a203e30b8faf81cd32e5193,3,voucher,1,83.61
1196240b71cd166c2b75a3a0c9ded394,2,voucher,1,48.74
1827ee8015c4edd94bbfef221a3a27f5,1,credit_card,1,33.68
aef2bc3845eb581cecce74b769d46c6a,1,credit_card,10,727.98
cb853e8420ad49b1a4c1a35000a24f69,1,credit_card,6,218.63
2b02b803da2669d8124f759b338c3b4c,1,credit_card,2,107.87
7b9e72dad7b74f9bc089a7c543d90061,3,voucher,1,40.39
8c046353553dfa27785df739e508fa5a,1,boleto,1,262.16
cede91ea9b2186e794ef279d9aadd8f5,1,credit_card,3,113.89
f03883bef2ed1452c4de6bb070ab2717,1,credit_card,2,134.45
047d317db3c34ff477eee816660e44f0,1,boleto,1,147.34
bc11204edaf5b5bc0e1dc6cf8a44e400,1,credit_card,3,114.45
3933b209d011421f37238c408302ab6a,1,credit_card,1,43.69
418f0357219acb197a035fe8a48572c4,1,credit_card,1,61.0
346802bf9d5846f06ec97c90b92af095,1,credit_card,1,122.07
bfb51c4a799c319062db833fa3c5a157,1,credit_card,5,163.53
be1b2440de60927d6a4432b36cc31c71,1,credit_card,3,58.1
4cca039d4d51fb8f0e1e302327c30de5,1,boleto,1,34.09
c2376b3688a7b2bad91daeccb5097ffc,1,boleto,1,119.93
0ee52d4b00ab65f19b7e89e5683766bf,1,credit_card,4,102.92
11f97a9967bb081adb9883460c71e845,2,voucher,1,42.75
68f0f840a681f5c203a817cdb263b739,1,boleto,1,123.36
25d054bcaafc7ed0a9b503a55ae9f2f1,2,voucher,1,100.0
2fc4ba497db1306b9048aceaf0f7e5a9,1,boleto,1,324.34
3656e5952194117e323c383e559941a3,1,boleto,1,97.8
3ca5fa29d024e3690f532e492d590cc1,1,credit_card,2,116.94
26a4525518bf2e891e2cdffef0742346,1,credit_card,10,175.77
852e2ae704b2196f904561391b2b6bd2,1,voucher,1,98.15
e9483453c3f193f0b632a569b103bbbf,2,voucher,1,63.92
93eba6dd823462cbd0f6cdd46095ee36,1,credit_card,1,93.3
6936f7b18afc012d79d4f8ad93db7903,1,boleto,1,20.68
4b3a605942f29d490cb74bd6ace6b9f0,1,credit_card,1,38.1
9a3eb21e5b2f2bcb00f0da5ea926e726,1,credit_card,1,78.47
6ab534505fb57203e69d50a39a28603f,1,credit_card,1,285.02
1fa8e437e5fc2d62dee8989fd5e8df97,1,credit_card,10,105.39
c3268641873c510f155cf452759b1ace,1,boleto,1,45.0
776ee45444a92a50bfafdbc1054ec316,1,credit_card,1,115.94
c8714809bc84ffb9c675dcf4a6455df9,1,credit_card,6,173.88
49a95a5cddee3f11fafeb8227253bbbc,1,credit_card,12,455.82
6042aab766ef2c352f7b2aae4e1f9290,1,credit_card,7,89.27
cdcdab9c657011a188471120c6c6accf,1,credit_card,5,276.48
72e93009f1735bbd1de92c45ec1fe3c5,1,credit_card,1,68.73
293ce7e1d3220058be631162721ba82f,1,credit_card,3,31.66
2fb6a72b0a07a304bba3ff03e02728e5,1,credit_card,2,139.09
d17af0e622acc56678df36ccb59c171a,1,credit_card,1,111.4
c55e1514675dc10976509a057394e27f,2,voucher,1,13.2
df54015966b3fa00a42222b5a0e21348,1,credit_card,1,75.08
ba69bf31fc071fd084f9967e05a7c479,1,credit_card,5,110.62
4189d7b1c5bfba9152bf1ea5efab2be8,1,credit_card,2,22.78
e99ad24ae882053c1748c15ce2fdb0d7,1,credit_card,1,39.78
de8f695cc30ff739ee50c1209638549d,1,credit_card,1,1.65
c6fdbf697f2f8af465a58ffaa4c3fa4e,1,boleto,1,151.9
bb95881900c6eeb4252919993f7a6660,1,credit_card,1,94.56
a28ec7941efe2655038ddb642b53c2af,1,credit_card,4,146.57
5fec115c600fe034468960bd0cc6d253,1,credit_card,1,162.64
431deec11a68067a1366683c3614d364,1,boleto,1,86.15
ba5ce5fa576ad02931cf1977c7f82323,1,credit_card,6,216.14
2a63765c400304a82efd12bd16d8f1d4,1,credit_card,2,140.94
2f972348117659ed047953f60257c3cd,1,credit_card,3,105.08
24d96d6845bf5f0eb587c745f06b871b,1,credit_card,2,66.63
4dc7ae5758351e21e544e7cb0e1f7738,1,credit_card,1,56.17
99a29a0878f41a8dd8d2e20b2aa621c6,1,credit_card,1,164.81
057e5b8975ad03882989369de7b803ff,1,boleto,1,82.5
739d6562c43ddba4b4c1036113206abd,2,voucher,1,100.0
0944dd6401b58739dc030557fb149b25,1,debit_card,1,62.0
e5a7c745f93cb381d78042cdef65b05b,1,boleto,1,31.75
eb7333448f495b554d301e38d3da9608,1,credit_card,5,130.95
4cb8cb3ecb5dbc9df36cb56451499a0f,1,credit_card,6,208.32
d9b83939c87f115af94149c7cfb516c4,1,credit_card,4,1055.86
aabef7825827b312f3daca39aa009810,1,credit_card,2,128.99
29eb6d873f1087b4afd226c0abc162a4,1,credit_card,2,66.59
849463e6f473ab9f22655e71ed57b5e8,1,credit_card,2,100.86
ca155f4ccd7bb9e5cfac4beb82c52881,1,credit_card,3,314.84
950863e2e170cafe0f1363b6debbf73c,1,credit_card,4,69.24
7844d511767a3dbe9411602e49a0ac38,1,credit_card,5,77.66
09ff646bb8e18894b907e5b76f5fca59,1,credit_card,2,64.51
d7dae570e71ae10816a515139d00c985,1,credit_card,6,61.59
3862ca36e4adb4dc6380e0b7819c752b,1,credit_card,8,205.78
b6bcf1e42609f309233f2b9deeff6b61,1,credit_card,3,63.5
b475d09fc9d7e739a7c8bbdbdaed3b8e,1,credit_card,2,24.17
579d1ca1c229566ac9ad0bb17a50f99b,1,credit_card,3,77.57
dc8cf8a0844543e3cbebc3917b08d00f,1,credit_card,6,78.65
7099539c7bec32e6a15a56bfbfa058ba,1,credit_card,8,396.2
e7bf5b3305b73ad31a0306f433c8dd84,1,credit_card,5,878.82
5f5e8b484bf04fd34dc39753519239ff,1,credit_card,8,386.76
b9cc09d74b35b6e55620022d806066ec,1,boleto,1,48.27
232b75e8b6faa6ca2063184414e634a7,1,boleto,1,180.95
78ba7a1d9bbbf36cbb4d552a71dedd6b,1,credit_card,4,231.14
ba7349a4f248a6fa6c18ca067662c2c6,1,credit_card,6,102.74
36bc3158d94ee7eb9405f0ac77259d07,1,credit_card,2,104.0
24a932502d06dc904c0af783af68fda2,1,credit_card,3,96.57
7ccdfd3342fd264fadc5bb59e1cfe163,1,boleto,1,97.87
3d242cd631044a419d68e504892eacda,1,credit_card,1,71.82
203096f03d82e0dffbc41ebc2e2bcfb7,1,boleto,1,118.86
736bc8f7f380882879634ac0922e49e1,1,credit_card,7,107.85
b89a164ebd4447db59b194c2b4fc90fc,1,credit_card,8,411.6
e9cdba9b8112d2c4cd5cd65431742977,1,credit_card,1,54.62
4831c3fa6b2f1e1d7e0a30ad0eede36d,1,credit_card,1,65.71
4db7592df9b6ac416a36fe91e06682ea,1,credit_card,4,44.0
9f31d169352d4ba2e61af7dfcdeae8eb,1,credit_card,1,77.57
2fedd359e74e253fb0676dc7f86d3075,1,credit_card,3,104.58
856a7ab58f3a7cc4560202758d971b38,1,boleto,1,165.71
982220161ff9c42b0027046477302c9b,1,boleto,1,77.78
9cabafe13d423fbaa722617b69188084,1,boleto,1,142.11
49822ac9e14074c1575428d613ac3889,1,credit_card,1,153.02
d1461b47bb0e00b0b697e55de4ab15b4,1,boleto,1,48.69
1856dd06ccd053bf3456e3d5bf73f2e3,1,credit_card,2,59.01
67df7d7a6bf05ffafc79fa2a771f9f6f,1,credit_card,2,114.44
ee7ea70b0b47cb7cd9db025c348510ad,1,credit_card,1,382.3
85d0343db3251fe60d7cf6a51d7f702d,1,credit_card,4,216.15
505176e13ad63d7d438d19f018e52c56,1,credit_card,2,82.48
233868ed9e2f9399d292289f27bc2993,1,credit_card,4,50.3
40d2b678e613d0819d981630832e422f,1,credit_card,5,54.11
2064a88a243add2e2cc03b9c6043e616,1,boleto,1,95.99
6badfcc75dd97eb3cce25aa4bc7dd773,1,boleto,1,999.68
fef03ab88c27c81b7561d599d4018589,1,credit_card,2,73.34
dd4b9b281b3184e347d861b12e4d617d,1,credit_card,4,70.04
f80aba8d439df1fe6269f1b52d5b2893,1,credit_card,6,68.89
c594bf7ad43d43c22b3b2646d12d729b,1,credit_card,1,130.26
d5ffe90efc926eb06d91f74d75dc28d3,1,credit_card,4,72.14
116530874770e0e5a96a09cedb2722ae,1,boleto,1,165.99
6eaacb56985c861c98501943931f48b5,1,credit_card,1,164.8
79e8aed3400f69812f091a2b4f55a8e3,1,credit_card,7,80.2
a17bcc333f4e645ec9c31d9b75d1ed89,1,boleto,1,31.75
5a3663cb6b6d7369ab838a80cdcb06d7,1,credit_card,1,108.58
6fc020b0ec995fb761ee385f34df5a6a,1,credit_card,6,124.16
d45ccf00bbb028620024ed708518f15a,1,boleto,1,85.16
20a518e7fbb9f9dd62b7ff6016f28d10,1,boleto,1,73.15
40956e6dd1d3604c48f437352e4dc3d3,1,credit_card,10,138.95
b293f468141dc24b16033560c8d008a6,3,voucher,1,30.16
ebb5116440ccdfdc111d58849b096401,2,voucher,1,51.76
7d11ea85fd4de61373b6b8ab0387d011,1,boleto,1,96.93
58e6ef7e9c38880c8ae060d871c2c7a2,1,credit_card,3,196.81
3f49c44f8daf2224823379331514a723,1,boleto,1,638.66
adfb144a67fa41dcd8a2b7685e40605b,1,credit_card,2,217.64
d47a277ee3c0a6d83aac8548c06263cf,1,boleto,1,187.99
ba768e4d1d182da3fab71c3efbeaa5e8,1,credit_card,6,224.8
edfb04977a2d0a919e5c3bd40e053440,1,credit_card,4,111.09
e9d2ee85d4e02fd80bd039f3eb4d549d,1,credit_card,10,118.71
0b398dbb3e7c81005f3c69b01488c4c9,7,voucher,1,14.63
fdc4c75dff7c1545dd19c597436d6f1e,1,credit_card,2,135.34
8cf08ec6272b9383b4b0ec15a92d859d,1,credit_card,4,135.77
545c81f766ce4811ebecb78efc1a665a,1,voucher,1,116.97
b2831c53b9a182b11c1f4c1ffd6aa8e6,1,credit_card,1,92.57
ed4ccc558360a6e5cd53d123b4d4b7eb,1,credit_card,1,72.14
bb0a814e4d6cb5373c30a22b6c9fd658,1,credit_card,4,302.44
20e1fe47866114539324803e7f7547c9,1,boleto,1,26.68
7b47b84c95e15a32e8026ea1fb9fcc73,1,credit_card,2,206.09
96c7412c14bcdf2793e352dee66be6a7,1,credit_card,3,558.68
5046b5aa838475ca6c22f6b4e2a59783,1,credit_card,3,150.74
95789d8c645027ebad06866c20ca409d,2,voucher,1,100.0
e0409d7f1bbf560cbc2472a046339c3c,1,credit_card,8,137.99
1e6f350c900ca357945126e20117d293,9,voucher,1,12.97
87a6319722874912ff7c7462e2178343,1,boleto,1,132.59
e8dbddc8a7fd19aaf321cf4e7b00c787,1,credit_card,1,133.03
dd8df609ed4683bda8dd7515115f3b50,1,credit_card,10,327.37
78c0b73c9ead9f3ec1b6fe898caac608,1,credit_card,5,130.16
bcbb11b412d6f57c7a4a9b1d1ff56a13,1,credit_card,3,61.71
f57d1c0df61322155f9afd92596de339,1,boleto,1,112.71
ea95fbd737e51563fea85200471ce4d6,1,boleto,1,176.88
c5a28b8419934838e84eb4e5aef5a3b5,1,boleto,1,324.96
2965ef8e9b42fd941f044c6b197246f5,2,voucher,1,43.81
86281718010866f6d3c332ca6ab63945,1,credit_card,5,107.78
36916e0f43f5ad1dd22a95d872a634ea,1,credit_card,2,59.69
f0e4f948ae4bea319a1a234026b3e22b,1,boleto,1,163.81
cf70b7c4ec0170d19ee4259edded4b00,1,boleto,1,147.34
d4f63c1e71dd7a25aaf45fd89286d760,2,voucher,1,62.0
0d56a8368c4b0250b75177a8ce041fb3,1,credit_card,2,37.59
21dcaddbfa9fae12149a7c46cb6590eb,1,credit_card,3,192.03
8dc7d1029415223a0367067aeebe711f,1,credit_card,6,77.57
88e55fde09f2f11df0bb4890ba3ee879,1,credit_card,6,125.15
edde00d72b1354fd951171a2c702f5ae,1,boleto,1,97.6
cbfc44c5abbea29cf520df0f68a402d3,1,credit_card,1,105.87
19e99767938cf9c5969b4b00d1eaeaca,1,boleto,1,51.78
aa9113495d5498b01ea4a235c64f2849,2,voucher,1,20.0
80380dcab14d7ec024883b76a82f04b2,1,credit_card,4,54.09
3df55fc07ff463109ce0422439693aee,1,credit_card,10,298.51
5dd67a05c776cc40da30f5cde4a7f161,1,credit_card,1,77.57
ab459ccd2e24ef6d6390517c8b9809a4,1,boleto,1,188.62
93b78181e649b7f9afa19b6240ced12f,1,credit_card,1,33.77
f084543786418b1f552673e4c213632e,1,credit_card,3,155.14
00fed9e582d5a3e38566872eec164ac6,1,credit_card,8,412.18
aa0cbb40775d50f0535c3e4a38603b3c,1,boleto,1,82.24
dec8174d065c241bf96331b867fe47ad,1,credit_card,8,276.57
656990431532493653f3cabd289b023e,1,credit_card,3,32.15
ee876df28481f4593364685acad97f87,1,credit_card,1,73.47
99eae747b45fb42516e46311533b3064,4,voucher,1,16.88
9c9504bb506aa1635fb6ad19be9bcfa9,1,credit_card,1,57.68
4c2c259b29ccdc4072a5b520dbf864c9,1,credit_card,2,257.92
0ff91985e1cbf76b8e97b408d735f7b6,1,boleto,1,162.45
f7827c2a34b42e02f5f75571d008c2cc,1,credit_card,3,38.0
7b34ff810a938027af0e0d4676dbee42,1,credit_card,3,109.49
aa7ad6a7e355155075a22ce9de8664da,1,credit_card,2,24.75
1badd176eb41888c1a20a7614fba59e1,1,boleto,1,1391.89
ce52a7a6fba6e7475592bcb989ff0487,1,boleto,1,56.78
88cd8bb48fb54b0e7a42902d1383f847,1,credit_card,4,45.55
10adafadd4cc3289bff103ee8d2db9a0,1,boleto,1,184.29
d838d4f27cfd8fefb3ad286dda195b12,1,boleto,1,217.06
5a65cedc025f607cbdb4c5219f648ae3,1,voucher,1,20.0
56744b8c0cf4b18e09df60005c231054,1,credit_card,1,46.82
a3cb021819344fef213fb8b1bf340a8c,1,credit_card,1,34.09
d784639512baf997ba554af514e51246,1,boleto,1,105.2
931b1729484868bfd8c3064cb74459b6,1,boleto,1,76.65
453887e7d1a2fbd4beda6f9dbeaf1b4d,1,credit_card,1,55.0
1e738ef9fa41ecf83ae9f37a89591620,1,credit_card,3,146.59
c60c60940d6eaab173201faf9bf1276c,1,boleto,1,59.31
a0c9d84c9ca938bbf711acbd940ba416,1,debit_card,1,52.63
abe4bb0d5f5e83b74e08e54f5aef8c35,1,credit_card,10,192.45
1196240b71cd166c2b75a3a0c9ded394,1,credit_card,1,1.46
20b4e5f6a0d8d1244c3c387e0f645ca3,1,credit_card,6,77.11
bb3b61a129aba9eeb10bb81a4770f3b1,1,credit_card,5,272.8
0b5754bbc86b2ff33bba8be1cab6c230,1,credit_card,2,71.83
96ab137729eda207d82649ad931d71a7,1,credit_card,1,88.9
598d30ad864328c4254a68e141f9b67f,1,credit_card,1,42.69
2a3f52618a2541b6997d83522977cac2,1,boleto,1,69.81
68a6a32c41cd1cfeab8e2e1507813e84,1,credit_card,3,32.68
7cf775f7ac856a4e689ffa4affa3a80d,1,credit_card,3,72.67
87a635f625b39db6169bd9ad1bc63925,1,credit_card,1,89.17
ff2e9b2298b4e147dd0e57c182d42528,1,credit_card,1,57.0
493264ead614f3a1fed5ad555318b37f,1,boleto,1,47.69
6ef34c0fc67f8eb9f2fee84357c1ae39,1,boleto,1,290.33
95d2dcc6b6e2bf808404646e04b9748f,1,credit_card,2,106.87
7828ebfebc66999cec37ddc06c63870f,1,credit_card,1,65.79
7275595649b571520b66127a7da3282f,1,credit_card,5,172.69
f232d1da0838df24b1d767072fb6ad31,2,voucher,1,67.88
38ceb430670a97a62dda6e748ec94f69,1,credit_card,4,272.53
a462c8de1c8c82abe3661cb123a167c4,1,credit_card,2,94.31
c835e0746829dbae8bb92fb818ba654d,1,credit_card,2,42.17
339e96f024a9610f63ae9e1c65af559b,1,boleto,1,49.82
5bc73b0c41be139e802a0e8f361713db,1,credit_card,5,102.84
29151dfe1230f3ba25895f717989adaa,1,credit_card,10,103.55
40262293c197d4d72d008b6c544f688c,1,credit_card,1,39.1
b4a61133656060766f7357f4a21777eb,1,boleto,1,197.5
34ea732800750b670e5f33c56ab3a94e,1,credit_card,10,647.54
cd4f9a974c6789b89069a844779294a2,1,credit_card,6,332.65
6c122d18e485014d7f23bd0093465404,1,credit_card,12,131.41
f9c78e6e58306dc81efbbada1ac11f24,1,credit_card,1,215.84
dfd973e5e8ca86a5abccf718e6ad264e,1,boleto,1,174.74
f1860618b7674572f1f08801ab36833f,1,credit_card,8,1338.41
3443749ed04d4b33597a21fc22e24a4b,1,credit_card,4,198.57
be5d9df3cb44dbb469a80581ede808a2,1,boleto,1,76.98
37ce508071e29f853c9a6af4fb9be089,1,credit_card,10,238.42
20316f53ea8065f870f90eb423b39b1a,1,credit_card,8,418.23
9855472e23a51c2e8b310d215c717511,1,credit_card,1,56.85
a56c56edb4506114d21cb22affa258f9,1,credit_card,12,446.66
abb8bdeeece22706515f5f4b05d73d96,1,boleto,1,85.52
50f90eb24d38ad16db65067a4d519498,1,credit_card,2,116.94
9bfa09357a0c7484a58b24bc8688f9ae,1,credit_card,2,31.17
3921700d2866038326e6fa0b48962e35,1,credit_card,1,53.27
ff9a99c60b18acf7c678d38e0549ca67,1,credit_card,2,293.46
8bf3793ec227f088b66c635a34921940,1,credit_card,1,66.63
e097ac66f292d985c83f3e00b4169170,1,credit_card,9,102.26
1914c742b8eb90f77c7459441e819a11,1,credit_card,1,77.57
af42d1d70bc955e5272039f5d271c392,1,credit_card,5,193.67
38efd1ae907b1b533315ebc00abd55e2,1,boleto,1,382.92
c6c0dc0b58d87603f5b07c6283355d5c,1,voucher,1,30.0
1e2566907e0655a3549bdcb88b0291f1,1,credit_card,5,62.78
afa75f5067298240b2038958cf0010d4,1,credit_card,6,343.71
bfb8512783ccd2271d2e96d3b856bf2b,1,credit_card,15,1683.41
b4869c2e4b11586a953130fa13632aa9,1,credit_card,8,1250.81
734db12c3a1651cf9f036481d273c5c1,1,credit_card,1,47.0
b78a9619a3490ebe6b2dee9388c0ef0a,1,boleto,1,136.3
8cfddf5c3bd7fbfd1788b72b5bb9341e,1,credit_card,8,378.18
1312c3e9b13335ff82ee5ee0599e9e60,1,credit_card,6,216.05
58e742c2152fc7724feb66eea214243a,1,boleto,1,77.57
705a85a85b9ef0cdf9d7bbd1ade4adde,1,credit_card,1,91.78
f0d0b94bec48f0f61bfe9ff4cfc97662,1,boleto,1,200.44
c0f3e5b46a6f8a899bb3a9de4afd5525,1,credit_card,2,355.03
66b2b26e39bc46458ddce0b3353148e4,1,credit_card,2,68.89
34fd1d0a76a47123cb6a008ceeb18cbe,1,boleto,1,109.42
a1fa82769a203e30b8faf81cd32e5193,2,voucher,1,83.59
5cc85e983f530b29858b3da0bfbc7228,1,credit_card,10,1072.59
1ba88b07e29193945dafa8c04f4ea642,1,boleto,1,80.2
737ec1b843e5c26b0f026c0254d3ad67,1,credit_card,4,520.75
81b78f9b7ef4f71326aaf32e50912a07,1,credit_card,3,71.15
6cff0bbcafb7486dd85cda3c8171cf9a,1,credit_card,1,253.9
a9514842c946fff73632509db47cc683,1,credit_card,1,86.64
69d15b473fc963ac1a3f5bad766593a7,1,credit_card,2,97.8
259b2f71f29e6e67c6c737bb11e9b0a3,1,credit_card,3,180.6
1e6f350c900ca357945126e20117d293,7,voucher,1,14.76
d9eb574d9db751d3a86c7bf179ec2853,1,credit_card,2,125.14
174c83fcd9eb7abaaba69d49ea92ba96,1,boleto,1,221.23
3645c66b5c03384bc97063c45b29acd7,1,boleto,1,257.92
d339c9a9c019e5beaf1cafb6cf77a23c,1,boleto,1,80.43
9f24a452d2f08d94503f8755cc845362,1,credit_card,2,188.38
19f3e2705ab3512061949aef6f02b2e7,1,credit_card,6,117.94
04031be66943a9c385ff683fcc99d288,1,credit_card,7,124.42
a806770e48c22cc0c2607982f3e87e30,1,credit_card,8,1351.51
5d23c305abfcdc141c263c99c7dd6b21,1,credit_card,8,182.76
8dede9c6014be218c3fce9a53dd44214,1,boleto,1,55.0
01cec5c50d2d0e069a3227efba9f16f7,1,credit_card,1,88.26
0152f10d04554388634b75f079f069fc,1,credit_card,8,647.54
c6a5f1a0e18d1cad856f95794462ecbc,1,credit_card,3,1658.7
4d7b8667b2e583a64e2241b51d25f3f7,1,credit_card,8,88.87
5cd162546fa462ea71132e5419ab9f09,1,credit_card,2,65.6
1a68a3c33d6299d9d0f36a74e4c97e2f,1,credit_card,1,58.08
c6c99f96854560866a50760e74aca378,1,voucher,1,1.43
c58ffed0450c483623e8de5090e2e8b4,1,credit_card,2,28.01
d6d993e7d10a1d9f783038e18d115a90,1,credit_card,1,34.0
a72c3152ab2259acdae64303a9a12efc,1,credit_card,3,93.11
11f97a9967bb081adb9883460c71e845,1,credit_card,2,50.89
9e1c9e249d55ea95fe0f9510c2e47862,1,boleto,1,155.73
b137475b3fba13092ed0f3cd8207d908,1,credit_card,4,348.07
fd13223292a59ace605fd1f8b0956183,1,credit_card,2,121.0
cb903ba48840fca21bc4c8a7382b4960,1,credit_card,8,97.79
84738ae25273a6a32bc43d0a0156b570,1,credit_card,3,75.77
a4575978f0926901f0b481061a24d73e,1,credit_card,3,485.24
d42ee092dd327bf569aa4406ceb2ec61,1,credit_card,4,419.18
8d97d9eb429ce8f65870fff4d319699e,1,credit_card,1,49.24
449e7790774601c0b03963b03aa6b193,1,boleto,1,144.67
c3125124ed3dad68e667a2f7807e3e1c,1,credit_card,2,57.77
01a26a995dcef1d58bdee5b8862c7a02,1,credit_card,4,314.34
0572a001d46280ab9ab95964665ff768,1,credit_card,1,65.53
27dc63ff0d925a8edb761ba595e543ef,1,credit_card,1,98.81
fd4b42de96e38f3ff9bfc0072f2bd40c,1,credit_card,10,207.57
d3a5c7e2fbe9a935e6a4a7454d4b8869,3,voucher,1,103.47
7dddf95f24ff803266f8140883ce7f30,1,credit_card,1,51.05
d24633e7c227ea7a234d568eefb493a9,1,credit_card,3,154.32
a2f5fa2f53621ff51359941782983568,1,credit_card,3,292.7
c292c7f11802d84e8c7d9927db72870c,1,credit_card,1,63.01
0f93b20928bc59f8571a39b03ed0c1bb,1,credit_card,1,77.57
b6c6f4d01d8abf2cba4656e026798fee,1,credit_card,5,270.64
cd553d196341933ae98c30c57be9f7e6,2,voucher,1,19.2
858d458b39082890e96fbb1fed8c2a52,2,voucher,1,252.97
e484f4c3e8793e447052654990533c23,1,boleto,1,278.16
cc225370b5daec8af404bf5c87edf766,1,credit_card,2,222.06
bef00c92231206983bc83df7ba17289a,1,credit_card,4,137.08
531aae9367e7b780bfbff01b3ff45ad6,1,credit_card,3,116.94
75eb778608f606e7f4b3cbf2092be146,1,credit_card,4,55.0
c3514a3dc150acbbf0ab547f1cdc1fe4,1,credit_card,6,327.49
5c5bbd6db76559427661810d806bae25,1,credit_card,2,71.14
4cd2e432faef34e3616ec529f1106de6,1,credit_card,2,150.09
c2889b2085529be65218f712352769e6,1,credit_card,1,67.62
5cd1638878e3bdec096de84a8d51fd2d,1,credit_card,4,96.88
fc49594233f3f2be65bbb04bb82140b6,1,credit_card,1,65.11
aa1ec064e8eb975121269dee2a451592,1,credit_card,5,58.59
a844daee74fb53c1529f299ffef7444f,1,credit_card,3,94.99
045524a5ae6c874b746523a6fd79f4f9,1,credit_card,1,126.03
effbd7f83c0f10ef73b5704c87b1d168,1,boleto,1,55.11
d412e855fc7d9c1019d9fcec73c0f7c6,1,credit_card,10,194.07
b7736986a062d9a733ac210a459f0dbc,1,credit_card,4,42.68
ede9991379672ca99196a7e9363e984c,1,credit_card,2,56.88
15bc08d16e46d4a0586df8dfdd1ed60d,1,credit_card,4,183.95
a1b9ef764d1de3a283a1e60320475964,1,credit_card,8,199.03
5680b2a510b3058b5b17603c79ebcf67,1,credit_card,4,44.0
403fee786bf2a91a88cb6bb0ac68d07f,1,boleto,1,183.9
66768c430bdcf5b52888fdcbd5877992,1,credit_card,1,86.25
782280edec0182ee4b1e2cff514fc712,1,credit_card,3,127.04
dc95c77dd5f88e79576808b9ed5e4df3,1,credit_card,5,137.2
0de15ac1caf4268ed3340cf0473c1d16,1,credit_card,10,511.2
2323a467ad5a6329f413e1d14b240fcc,1,credit_card,3,129.32
da39b7bb959252bc4980dd9bc21d3415,1,boleto,1,28.07
d1e4ea32fa9aa0cb1851fb7f6209f70b,1,credit_card,2,92.8
2b7ff61de3856030163a52dabe720d2d,1,credit_card,10,141.69
c360d21b65fddc4ac8f8d4dabf8c946d,1,credit_card,8,188.55
de983bdf0e92645dd32e0ba39d8e7dd8,1,boleto,1,191.49
9209a059ff5ac34761920d895dd2d7ee,1,credit_card,2,98.03
b5d8d7cbeb2f9b41a2dfb63388c7488a,1,boleto,1,204.34
0e81d9aa94c69d14faa155f1a91ed4ff,1,credit_card,3,181.6
a35d19174da638cd2d36dfd54c07749f,1,credit_card,4,151.65
f7e889d34a2cae92d50c09d7689dabe7,1,boleto,1,65.71
52008998ed11bdd670e60f49dd40935c,1,credit_card,2,179.6
7b9c0feafeaa7c82184c86177f18b4e6,1,credit_card,1,97.72
2108fe70e345b53ab2c93d76d7071265,1,credit_card,4,371.15
6a2387867f03a6f55be009812af06e75,1,credit_card,8,86.18
b5156aaf024c8c29f06f62175e1ccb48,1,credit_card,1,39.1
e78088a3b62d70382758f12a326a8503,1,credit_card,5,57.91
0be10063ab25316efa10537954a8c7b5,1,credit_card,1,39.85
44d8d6537512d2e5754fb6b3c19b602c,1,boleto,1,217.64
e0dbe64f00bd054951b1981f99a58f4b,1,credit_card,3,35.0
a4714070c2ecaca755290f99b0726878,1,boleto,1,99.33
233868ed9e2f9399d292289f27bc2993,2,voucher,1,33.03
1cd8d1567debd198821fe9d46d99b5b1,1,credit_card,13,130.0
9f2c1798fe24e69bf3317bc7b319c96c,1,boleto,1,74.46
b6bd1268edd63fffeca68296b0abbb27,1,credit_card,2,52.6
0bb931d01ae91d63c98608e9125c1c1d,1,credit_card,8,338.64
a38c0e50b66c0d87a55e783e07f8b1aa,1,credit_card,3,191.58
cbb0c16aad97026473749dae23084e7c,1,credit_card,1,229.16
4244beeae3f68e6527250aa88ea5346c,1,credit_card,4,223.5
c41052b3d56ec6a841c5b54af9845a32,1,credit_card,1,125.18
05c30545ba4331e04ae0de1523bb41f4,1,credit_card,4,44.41
c1c1b5826946d4427c2f936e0ca1bb19,1,credit_card,4,131.44
751e2321971174010eb1fc0e8a99f78f,1,credit_card,8,88.74
16c10f91a6ab2448ed68859ce84a3051,1,boleto,1,122.32
b55567d6fa810e673d54568cfb910ab5,1,credit_card,3,310.26
a9aa7a1967b25653be2df8c6bdba2fd2,1,credit_card,2,137.21
c2ec4601c71af45d10781c0d50d98d63,1,credit_card,10,151.55
cdfbf8db50d32ace172f51e989020920,1,credit_card,1,50.84
e5ce0260311bb22e88a68521703a29e3,1,credit_card,6,206.08
c6c0dc0b58d87603f5b07c6283355d5c,3,voucher,1,7.09
e1c58cc2bf1f241d4ab2e557f7ab52a6,1,boleto,1,96.19
d8cb3d9dfc6d55658cf0a1f231d03fd8,1,credit_card,1,86.02
877893a9d335938c3fdaeed687b3f6e9,1,credit_card,1,82.7
2b101e802b6712f2fc129966a2c518fd,5,voucher,1,15.04
c69fef70b78954f8127bf1940e002ac2,1,boleto,1,94.99
cdca52aa619c8e59bd64701d54571cc0,1,boleto,1,1351.41
da54ad083bc7a0be3d23ddbf932d24a8,1,credit_card,2,120.74
ab036b681f93c56caee93990cecf22ce,1,boleto,1,1936.5
87b11e8650942d90851905d1bebae8d1,1,voucher,1,64.02
1baadc6ea58da9e96c906bca98b8b15f,1,credit_card,2,218.25
06a07c0ad4e1811f48e86d2c56c7b705,1,credit_card,2,219.45
40a1c5c49a15e72aac742ee4ff8308b5,1,credit_card,2,188.42
e163e5d0bd1d8d33300401819c279e06,1,credit_card,4,304.35
f79585e401509fe06dda49a4cc8f22b4,1,boleto,1,167.9
e713d3a85b6b64756bc80519c7fb2832,1,credit_card,6,76.73
768697bea3da93c033aa064d821579e2,1,boleto,1,432.32
2a28f1cc22bf3914a246fdbd73d9845a,1,credit_card,10,297.72
eceb81b6addc38540d1ba8e218c0c896,1,credit_card,3,105.24
9fc1cdaa591d198154efdbf0e8e33712,1,credit_card,4,72.66
7556c9431d94d44cdddc1d0139b6cb12,1,boleto,1,188.72
7b71869b0ed372d90284fcfbfbba82d9,1,credit_card,3,36.63
9399731dd679003e21c7f24ad39ffa32,1,credit_card,1,70.04
767fda6e19393700c009ed3c4cb55980,1,credit_card,2,32.78
b2021666ceaca22d815303aa71138966,1,credit_card,4,85.83
3c2b7c318c6f9e50ae7845af21566a14,1,boleto,1,85.38
8031adfac87d3fb5ff7b41a0342aae74,1,credit_card,3,89.95
cc76aaca069f9c7127c3403e8eabd100,1,credit_card,6,131.14
f9c8a2771f663e15460ae6ba93205354,1,credit_card,3,73.34
cda166f7dae2993118f807e7215c7faf,1,credit_card,3,169.5
3ba7ce85dc458d349b295ec9e55d2098,1,boleto,1,54.69
24b4c4cdd87c3e1f9b31b96ea5422f22,1,credit_card,4,113.71
3240c29a58e0f5100088c091d4a9a0e2,1,credit_card,1,93.36
5ea205e81046bea9b90ad14ff700c7a3,1,credit_card,1,74.18
c702cb12656a8080118f76ed8256938c,1,boleto,1,63.74
582a91c4de8513ac00c4f849f0f2e345,1,credit_card,7,70.14
326247b4caae19ff40a5b56cb9534c6f,1,credit_card,3,175.86
3db64ce753210d81c49f12e2c3b7bc75,1,boleto,1,46.69
afa3e30ab7bdc8d5e7770d1d189076a8,1,credit_card,8,95.21
5225b8931d3158e7fc05b75d6f48ff99,1,credit_card,5,422.59
81c277d38bfc8beca560a53fac3646f5,1,voucher,1,33.71
a1fa82769a203e30b8faf81cd32e5193,1,credit_card,1,23.08
2dd08b72f1dfc49c74883302437e6f6d,2,voucher,1,68.41
ade4397f52cb13f72b87939c8250e292,1,boleto,1,157.45
f88c3f1ac28fc3ba05c46d0e7f2ed8b9,1,credit_card,6,91.66
2e782e419da1d80f6d1b9c7eb67b6dde,1,credit_card,5,59.6
37b3c19afcde72dc4b44eab880361af8,1,credit_card,4,108.73
4e05179f3e0dc912276faf9da529cf6b,1,credit_card,1,34.43
21fab12baaa93481ad76d02fa22255eb,1,credit_card,10,388.01
0b398dbb3e7c81005f3c69b01488c4c9,4,voucher,1,4.74
35ba49bc8738a496558fdc62d9303342,1,credit_card,6,138.39
c304f3e442b44b23d4623712988c3734,1,credit_card,1,81.89
7fc4e29ecbfc8b635f7ffebeb5e68228,1,credit_card,2,174.74
bc4854efd86d9f42140c951c595d20c1,1,credit_card,2,142.92
4ee7221f81fc4aa1e0324dac310f87b6,1,credit_card,10,130.56
61098f2225ffc7b0579d39d18e84e394,1,boleto,1,33.1
6029e6bd42b7734db7fa0f091ed018d3,2,voucher,1,100.0
9f08489576931e7c0cdf197de8864727,1,boleto,1,18.68
afb41fa922afaed3105a1700fed64c35,1,debit_card,1,109.6
a742f2cdf4187d253324d6b85675d2ad,1,boleto,1,193.42
1dc91db5eff6504549002a149b7a031e,1,credit_card,6,364.64
3fe87c4649dc474cb4fa2f31cfa06d4b,1,credit_card,5,57.1
906609c210dfa5854a32765ad5d8d1cf,1,credit_card,8,369.92
58f06353c6da67c88b4a4641cef385b0,1,boleto,1,55.78
2d2fb7b68e6fcaf93fec6584b0937c52,1,credit_card,2,73.34
f9b91536d4ba5625abb8769a3183b657,1,debit_card,1,77.57
60dd1f3b513374229c549a9a31475a54,1,credit_card,1,96.96
76f9d7c41ec81afb53b8d00dc0fecede,1,credit_card,2,28.26
a95424d8e778a0353400a1215b82210d,1,credit_card,7,79.65
7263c7e1f9fa94a0bc47b767342352ca,1,credit_card,3,73.47
9f998c349e0b18e16fd662653297b4da,1,credit_card,3,148.17
d6d19a688e4325d068ef11d205a4c92f,1,credit_card,1,44.26
f3b7643e42ed973c3f506f7ba18a6723,1,credit_card,2,74.0
9bc3c553892cef890732e8688293dc9d,1,credit_card,2,34.53
d99c420247e75649dd121c367f391348,1,credit_card,10,378.08
5a87769ff430e7d1873e2bb9b3968af3,1,credit_card,1,165.75
a6b0569fe3c4f86e7604914120e06df1,1,credit_card,8,195.91
dd4cb06a82daaa4a3853003208a89799,1,boleto,1,104.28
e0bd62e007e5e88656338ab10a5c0f42,1,voucher,1,10.93
4f8a03b97cc268f215aa05dd3aaf9147,1,credit_card,2,48.36
5dee45d2d0261427291ef70ee3f432bd,1,credit_card,3,31.91
a91ea78c7808987db65e5b5b21666047,1,credit_card,4,73.9
f4b7becde70d564135f8ba225f70abd7,1,credit_card,2,117.94
0d76cf23189a0ba8c00a570e0021d527,1,credit_card,1,76.08
da28bbd0cc0e923ee858fdeb0039a0b9,1,credit_card,2,176.11
8d231bbb38eed41a50b6c9eb0c5a08c8,1,credit_card,4,162.64
a0da82bc20f55857de1085dc8c965e35,1,boleto,1,64.1
cfa61e32cb4b079cb21a373580d4af62,1,boleto,1,76.57
ca7dc685e1c6b20f8404d4f28acd96f8,1,credit_card,6,167.45
20d442f17678c469edd1e02cd7da5e13,1,credit_card,1,97.51
5a008db40659290cadbe2a57493bc273,1,boleto,1,92.8
e8c12bea30d2a23cd334b456cf469112,1,boleto,1,133.13
f18578a9083482b2be8c3b35075568c2,1,credit_card,1,63.1
78e88d02ee1ac4ba21f3532778067d67,1,credit_card,3,65.78
0277e2828b1b5735351d7818e6658ed1,1,credit_card,2,70.91
6f7e6a9cce69876915e47a146ef300e5,1,credit_card,7,290.38
3972df2fee6713723d3c001075f1a039,1,boleto,1,50.1
c37db340dcc0235b5e71ab73787846a2,1,credit_card,10,240.75
e72a5280a46ca876b0fd05c1a1ee605c,1,credit_card,2,72.14
ced5db30352d0862742574c70723c843,1,credit_card,1,629.48
915a4d0a905468e4100c72daa427f02c,1,credit_card,2,36.01
d79a5defeb5c3d2d81229a4cea976476,1,boleto,1,76.76
c64790d2002c1c29cc6890a8123fb222,1,boleto,1,63.1
32a5dab70d12a1ed24b1f79bbf17bdc7,1,credit_card,4,322.89
2675ecabc45ddcd345d336466c416b34,1,credit_card,10,205.04
e3789526cc0c6ef10b87251d5be32b33,1,credit_card,8,101.06
7a18fea05bb2617bc74ee0bd1009c0c7,1,credit_card,8,293.75
f6974499820661b92dd1922750d6f0d0,1,credit_card,1,58.62
5b0e38e46ebfad6aea8bd8a7aa5b43ff,1,credit_card,1,124.5
fae03cbde1d0ebd4786c55260bb5c640,1,boleto,1,83.7
18fa229a827c89986c8387c049dcc572,1,credit_card,2,320.67
57c6fa4668d9985ee3ffbcbdc15b77f6,1,credit_card,1,68.89
40f263da2fff3c6d39ed98ff3700546b,1,credit_card,2,166.4
e81cc4ef80e506f656341f4906927b32,1,credit_card,4,44.26
d70eae092adeb15c5bf4f8aba1819cd2,1,credit_card,3,33.77
5add03213ad417aab3988852ea890572,1,credit_card,3,96.8
b80b95480b127e335cc78649633b665f,1,boleto,1,110.77
b29379bd37fb3341ad28686c0878a7a4,1,credit_card,6,226.14
3358a4c41e5feb5bb73829eb6cf42ba4,1,credit_card,1,43.78
2d2eb6ad8cd92fe5705aa4866685cb95,1,credit_card,6,68.89
a2ab1f261540e0684d49b5327616fc96,1,credit_card,1,2.18
2e2b499ad1ed9178bdd1cdb83f3f6000,1,credit_card,1,31.38
21c3341507027110a7485509b9fb63a4,1,credit_card,2,28.41
ed3b18e876bbc16bfe330cd934aa0f68,1,credit_card,1,69.2
bf5b783279dc70c35854c1df2ec850c4,1,boleto,1,54.84
202b0e2a72ae812b73b645d02a6b1bc0,1,credit_card,2,103.75
5bfff93bf1a78cecbf645fe86513ad0f,1,credit_card,10,106.38
a732abf936fdc135108293662d03b027,1,boleto,1,61.59
16b2484e5171f8cde29df1cfac3ad7e4,1,credit_card,10,171.61
4b6d65eba5c9f94bda2a9874ab2f640f,1,credit_card,1,61.73
559fb2cdf30bd53126d8d8e020226765,1,credit_card,4,171.54
3710f61b45bb40db596e352722b6937e,1,credit_card,8,1603.25
b3bdfdb5c05381585e97295f78c6ce29,1,boleto,1,80.19
306ea671aa064b580d06e291967f18ef,1,credit_card,1,28.75
11e77f7b110e8b496d03132d9f94129f,1,credit_card,10,104.19
2fa9493ca588afc288858c5bb1c8abcf,1,credit_card,2,92.27
a0d35026fbeae4c918e39e0ac44e637c,1,boleto,1,836.16
94aa3ae1cb5c1c152c6cc757b68bb659,1,boleto,1,54.69
5402b020da6d5ee7b7f1d43f22dbae97,1,boleto,1,39.09
032cf75b6991a44f9583d652730066d9,1,boleto,1,141.89
0a18d00cb652fc5698d4e3c3e01e7da0,1,credit_card,5,99.34
25cdbf36318188d83d96f32a9236d1e7,1,credit_card,3,225.03
bd069f6bcfb7933f3c7675d5dce3692f,1,credit_card,8,412.21
d30680568af2e9f0aeba3420292df26d,1,credit_card,4,126.11
e4701cf302a9b3cc9efc51f06f354ecf,2,voucher,1,31.71
4fe87ba02ffa026600dce759f9fcd02e,2,voucher,1,20.85
4969cddf1cd3a57ea95fe8c3b89a7018,2,voucher,1,18.44
6c175759bc609d6fa9c693e5d24aa77d,1,boleto,1,100.22
55fb38301e16de4684bb543bf4512b12,1,credit_card,10,194.01
835c4371614f69189484aaad9a4087dd,1,boleto,1,168.2
b0b55c59d28b64d3b611cb034eb9f1e6,1,credit_card,2,150.09
7590e5484e3ab1973abbed2b5f8146e1,1,credit_card,8,105.96
1e6f350c900ca357945126e20117d293,6,voucher,1,13.36
c1a8cd7002219199c6cddff33d64d4ca,1,credit_card,1,33.0
69179b97c4e4774ae379e88e67339627,1,credit_card,5,159.83
4b50640b1e15eabd0db5c82c7c1d8037,1,credit_card,7,73.13
fc8088acbc3136f9baf41c1d43d2599d,1,credit_card,2,56.92
19225676ff2a0f88c9d5b21fbe69494e,1,credit_card,1,85.15
de886fcb580e685359a5d359555bf1cd,1,credit_card,2,206.87
7adfd8b0248ded6b457f8824ccb83868,1,credit_card,6,194.85
d87a96586b2257de297aa1added6124b,1,credit_card,4,197.7
1097d35f1e7f8972fb78c8a135090ca8,1,boleto,1,232.7
44118a76298b0f15de5861da01b63f64,1,credit_card,3,182.93
660020bc4184db41dc39b332230e94a6,1,boleto,1,103.64
7d0880274edfcf151462bd2adbbdf6c5,1,boleto,1,47.68
6500117ce488542dd566a25aac7a7d5c,1,credit_card,5,124.52
91a3c41404860e70eb6fbca545645af0,1,boleto,1,982.85
2c67561120ceec16df8e4b5753e23193,1,boleto,1,31.75
d8fce10541af787a5946afd52056e8ec,1,credit_card,5,76.3
148e87a8ff911451dd96a8375d138447,1,credit_card,1,94.29
5251ac9886fbf2953b24c9f45364837e,1,credit_card,2,54.6
e9a203017644039168e4c5b62e6ec9c8,1,boleto,1,102.96
9ed118d0ba8070ecbf26326a5a7c2147,1,credit_card,2,69.73
249385a8a3fb6a8765bed08eaeef9919,1,boleto,1,146.08
4b4af79eb26f80dbef369da4a4cd1d45,1,credit_card,5,128.96
0f47f9183ff34c4a76633181b380acbc,2,voucher,1,440.17
52111a53370a73bd98fdd7144c9129e7,1,credit_card,6,118.74
4878c3e81ce858124e902e2ecd97e6de,1,credit_card,8,455.7
95234ae57878debe0afc15b3d5bcbc48,1,credit_card,1,319.11
7fdefbf564eb66830407026a86005ce2,1,debit_card,1,248.71
8866f85227409d87f03ab02cd7f5a001,1,credit_card,2,147.34
9547786c84d40d35e99e684fdb1fe97b,1,credit_card,2,88.26
91575acf2a356af85894e1c3b1612e81,1,credit_card,1,97.71
7ec273502855ec6b503c931eda7b3875,1,credit_card,1,40.0
5639e62ac4812b66eefbb05288c44eef,1,credit_card,9,184.53
ff2ac13b0f36dffb6af9699f59b18377,1,credit_card,20,885.36
89c5271497489d8c7fe6d3432f8ce193,1,boleto,1,39.09
38e80d72b34e2f2812529ccf6edbdbb4,1,credit_card,10,167.13
ddec8781012135eae3bc327d84072388,1,credit_card,5,290.4
349af77e71491a1aed28d6bf0528e09b,1,boleto,1,135.7
3a61b3fbedc733000b0529431170ddf8,1,credit_card,1,120.09
fee26dd998861d207782234217b367ec,1,credit_card,5,373.69
6d513020e217c98e25467103ce6be42f,1,credit_card,4,79.56
d974716b98a0c162cd1e80fbf0d882bf,1,credit_card,1,369.92
0ef95a4e8ed73bc72863cca218c4791a,1,credit_card,5,284.62
d23a16076a7e0b48e1f7d598df7136c9,1,credit_card,4,42.77
f027ecaf5002b6e557ccdfaedbda2ac6,1,credit_card,1,97.04
73e6f205ca3c002b2f6b477a6e479cf7,1,credit_card,1,348.18
30ae6774935cd2a70fa74306f407495b,2,voucher,1,50.0
319d398b7ec933febdefe3104dcb8679,1,credit_card,3,100.33
5db31af449c668e4ed0b7efb00f802c1,1,credit_card,4,40.69
1889699f134c9af589ab3415c75f0a04,1,credit_card,7,194.0
6eec08eba397611760a7ccd3cd4aa98b,1,boleto,1,32.78
e61f21c687d3607657f3799b5e182916,1,credit_card,1,34.1
4883042a7a5f22fee4e519f15da7f9e2,1,credit_card,7,130.56
7cfbcf0f0e692bccbf7d7a4c997e80fd,2,voucher,1,84.07
ab7544e83b5c2c2408039d0700064951,1,credit_card,2,115.44
2b101e802b6712f2fc129966a2c518fd,3,voucher,1,15.04
2431f37c6b8654b085c5e96c606acd2c,1,credit_card,2,47.77
106bf10ecc74f90c8848d0f613288a15,2,voucher,1,88.55
187866e696f75b2a1383f04953c53cd6,1,boleto,1,152.19
af48a5477e351edfe43fbff2fe9dacff,1,credit_card,1,90.98
a61151bf7c6ab99c973aafb3382f4781,1,credit_card,4,94.92
65d5ab70320210b215c305db9ff2f1c8,1,credit_card,1,101.84
a713bcbeca6421f5c01ea32964ac2b94,1,boleto,1,69.12
a5a5b331d29606783958e39e046d4024,1,credit_card,3,38.0
8634ecf96bfb8450dd73fd6596ec4f3c,1,credit_card,2,66.6
fa25b9a1756347af70473e84988d016c,1,credit_card,3,114.93
8365dc5dc298b24c2dfa22b90c5df20e,1,credit_card,1,39.5
b9032353fde3f5b180ffe6b573c61cca,1,credit_card,5,266.75
1b27565cc48efbd53ada61fe61bb9c2a,1,credit_card,1,77.57
e037d33d32c17a7903d0b8132af49838,1,boleto,1,50.87
d6bf93d827293f0b9a1582be0719a1e3,1,credit_card,2,63.53
63feb73dbeecb88b203169646aaf07e9,1,credit_card,3,77.57
1594082890bd7c4672ab9c9e4949f305,1,credit_card,3,134.09
fdafcfbadd88c33d4798432d3bcf6004,1,credit_card,1,62.78
a7c10c89aba6e6e8168c8e1566385f08,1,boleto,1,57.59
c18ddf35acd22ea390ff66a9edc66d8e,1,credit_card,1,47.99
7cdbe58528dd6084d383d0e2e891f3fa,1,credit_card,2,102.72
5d4f5212371724259b175c9e1a1064fc,1,credit_card,3,66.74
169ac9ba86ceec1a102f2ac76b405a34,1,boleto,1,78.36
401fb6dadb664eaebc2a116c4672147f,1,boleto,1,52.59
fd61441ba2a7b57e6342862e779b10b0,1,credit_card,4,46.85
9e711ba681b09da30750ac0fe7a0cc3b,1,boleto,1,46.69
a56954062ba1fb4580bb7f36d175e552,1,boleto,1,126.01
b4b03edd1ede75d36cd31b38d52bc9fb,1,boleto,1,39.09
79ebf5a42880cee256b9d4517d03d68b,1,credit_card,4,136.71
00010242fe8c5a6d1ba2dd792cb16214,1,credit_card,2,72.19
ef82fc4c2d59e67b942de26791b617c9,1,credit_card,6,177.48
caff85e7dc33e7dad852a50bb19bba72,1,credit_card,3,357.88
b910a2d8eecd9eded28fdfc3cbb94880,1,credit_card,1,72.68
991ad9e2eba74e98ccaba2c2f4a74e58,1,credit_card,6,308.42
23923af7b4df1da5db096c921e728325,1,credit_card,1,26.85
dbf76ef1323584fa387945f83b324534,1,credit_card,3,39.09
d34bf1d98a956e38ca2dd1bd44f395ae,1,credit_card,1,27.68
8288bb5ead7afd8740aab37dbc902214,1,credit_card,1,77.41
2b4b69b119c4446626f617bd54ff3147,1,credit_card,1,38.05
e72a8568c8622825a95439791f668e85,1,credit_card,2,83.68
346ffefd56ff0691db147f471af8a1dc,1,credit_card,1,71.15
106bf10ecc74f90c8848d0f613288a15,1,credit_card,1,15.82
e7541673fccb361d1221c62bb45ad1cb,1,credit_card,1,75.85
7cd0da49ecd223041fb8f6f8de488314,1,credit_card,2,67.6
2656fd6fdbfe33c6421cb390eef1a73b,1,credit_card,10,205.88
94fabf7998d05f3035718e58cb86d671,1,credit_card,1,36.75
8c5bec484409e70154e14d68bef784da,1,credit_card,4,73.34
b1f632bf6d3b5bb0cb03cf91b8283c3a,1,boleto,1,77.57
fe2acdc8b73107a92358adf3005a5433,1,credit_card,4,84.0
8ef55bb7e5a6e757fb880324b4dc284c,1,credit_card,3,67.62
d961b0820bb2a8d47f4277d39ddf9efc,1,credit_card,3,76.64
be181c4e93f5554a73a00b207c765e8e,1,credit_card,1,188.94
903059e61d9226af06bdc3822f06d9d6,1,credit_card,2,87.64
0eea5babd8acdffc1ce9dbc764b8dcd7,1,credit_card,1,132.57
c05a69ea679c56b6437490f5d8eb7a77,1,credit_card,4,218.58
f0da5a090ddf3d220d76c0cd17fb2775,1,credit_card,4,71.04
6bd15a70199a7500ae1bcb5b7bcccd7c,1,credit_card,1,54.0
8e1ac730ea9bca963b591024346e0679,1,boleto,1,76.68
c0d19224d6a56baf63302669fac4e73a,1,credit_card,2,288.13
f97a6e53615dfc1488e4bcf3dfe1cb2f,1,boleto,1,44.1
35d67b8fff86c1b281f87c1d454fe49a,1,boleto,1,291.72
75d035594c312309908a318d046d712d,1,credit_card,2,177.56
a660bfa45084c51dc2873306f0c107fb,1,credit_card,1,48.18
9124789e8acd7673ea0ce2bd9361a99e,1,credit_card,10,566.05
13b1d703b453fd67b66850bd2846e13b,1,boleto,1,226.5
d71ce9a8dfdd7b011e375b0d3b172e6d,1,voucher,1,230.74
bfa10a79da20194eb33afb833020e3eb,1,credit_card,18,335.89
38187389c2f33340aa62db07a30a5c89,1,credit_card,10,262.07
41f1c1e22e7befb68bd39a783477ffb2,2,voucher,1,50.0
498461a2f4ef628aa153ee9d3c57eab2,1,boleto,1,182.6
920fed12ecbdfcba83b9a931f65b7f51,1,credit_card,1,146.96
e0172fe93d1e49afb84d1b9041640b18,1,boleto,1,27.11
15764eae87fb040c4ce2bf75f6670a77,2,voucher,1,15.69
9c47dc2d2e34ad6997e0a361c21ee9f9,1,boleto,1,60.1
1e6f350c900ca357945126e20117d293,10,voucher,1,17.59
f29044e048ba222cad4d3d69dc591186,1,boleto,1,946.84
69765e1430e055dd83b07cab8f4afe03,1,credit_card,6,129.32
6f7ba3220bb8de6edb65083fa352ebae,1,credit_card,2,128.31
1cd6dbd1ca9fa0233fdae069c422f48f,1,credit_card,2,191.33
b6d6730512437da0a234e99ea7885212,1,boleto,1,145.64
1d942a0debeb43eee8a316c245b9cc34,1,credit_card,1,55.1
a52686340f8f97da9e95d8acf0b515c0,1,credit_card,2,111.1
e465c5ff84ef7091d582b275cb0dd7de,1,credit_card,2,93.78
dccf5f082deff344c087201ccbd2d1d6,1,credit_card,3,168.81
fac209312c95149afe74f4cbcdd87c85,1,credit_card,2,64.1
c2b0a01a95828a432d2f335db23e23b6,1,credit_card,8,227.81
e95634044d70b26eef37fbe32fc3ea9c,1,credit_card,3,46.76
92e1642faecf2c2b85b739dbd78bc429,1,credit_card,3,170.12
a7c5e8acbc8e06069ca0b62930aef0d2,1,credit_card,5,73.13
fc9cfa2de496ffeee8c591c87070664f,1,credit_card,3,36.34
a8c7e8c088aabc1cd41eb0161f0c7757,1,credit_card,1,0.27
ebb9db2cf338e9643c0335094dcd0299,1,credit_card,1,60.1
01c22546c4f9914e232006df82d96e0f,1,credit_card,1,33.0
281c358f0dcde9783e899cfe62c1097f,1,credit_card,2,85.11
63e9f378e99a3e83709e85223d637944,1,credit_card,3,418.04
48d892b7a89ca7f4d0b1dd13d3d053fc,1,credit_card,4,103.72
411b8901b201804f134429744b17b686,1,credit_card,2,130.05
72a8876d36ea688596ca2cebf30675d7,1,credit_card,3,115.44
819d0cccbbc61e854e2a273e3aad3eaf,1,boleto,1,29.34
140f3f5e8668adb28164b2718f2d309b,1,boleto,1,121.44
f5b1cfba9fe979f87dcfefc578010e8a,1,credit_card,1,34.05
127e151835ed0bf4ea8e262040fa1c3d,2,voucher,1,102.69
2b83df43770dbcfe61c406dfc453068c,1,boleto,1,135.17
11976fce6f2db8eb99598a3951b25137,1,boleto,1,114.03
5e0140671ad91ce830fb2b33a3210d1b,1,credit_card,10,110.42
e56705e29ca62edcbae910d46fbcb427,1,credit_card,2,178.27
7c2235a930f355b9dc0741b70000d56c,1,credit_card,9,94.21
6029e6bd42b7734db7fa0f091ed018d3,1,credit_card,1,103.17
4386700b3af86ed03733e04c9d3b2926,1,credit_card,2,129.32
3c8876b8e5a484c81a1aa6c8bc4e65d6,1,credit_card,7,146.24
c00241b8d22988b4f305a817f47bee80,1,credit_card,1,133.82
5e3e4a506d4cacd33f33b902f7be3eb6,1,credit_card,3,155.45
da647e80e38239a2e8f026b3f011c8af,1,credit_card,8,179.6
3e1298fc81396a1e3ad660c0cd0fab65,1,credit_card,4,172.55
fedcd9f7ccdc8cba3a18defedd1a5547,18,voucher,1,11.12
d76473e476b8f58cf984cd8208c9a987,1,boleto,1,42.59
4b12f358f41e11521989fd788736079b,1,boleto,1,88.34
e11b41677b48150784cf28b5c87055e0,1,boleto,1,188.94
f6f5da11ef603df65572d4a9444e1030,1,credit_card,2,144.56
93e54e64ecc1adc1d0ac9775dcb64ecc,1,credit_card,1,83.56
0b398dbb3e7c81005f3c69b01488c4c9,6,voucher,1,11.66
c8d8247ff7baf429edc63c9a81a2fd6f,1,credit_card,7,75.65
1e36204fd8a2e695a35dd5e41cd392d8,1,credit_card,1,110.0
7a76fba56e5e78997c15b4e7a3a7e760,1,debit_card,1,53.0
d11d6ab0c7df16a66c726f6f83ef51d1,1,credit_card,1,47.91
141ca33a492a1e577828c4986e4775b2,1,credit_card,3,144.28
8bf12a5b441bd86a1edbccb6137c9b0b,1,credit_card,1,11.63
b94e9a3fad6a18ccc040e66e4bd271b4,1,credit_card,5,148.15
491973b24e759d56ee5fb0e7477a823b,1,credit_card,2,828.22
7b9d78f5bc4b271094f1e7c107c3142d,1,credit_card,6,117.85
71f127c82ef10da47995594de39619e7,1,credit_card,2,105.39
af5b0604e113e1526593d505a26ef39d,1,voucher,1,28.62
13d45a0fb42d1b8691a1824859519e4e,1,boleto,1,117.85
f70fd9d62d604dd8ac70938c59b6a93d,1,credit_card,4,406.49
ecac9efb8edbf004c521a0cc86b0a167,1,boleto,1,208.85
b708a78d59d407b8733f3f3e9b11596e,1,credit_card,3,221.79
fedcd9f7ccdc8cba3a18defedd1a5547,3,voucher,1,26.94
5db62a99be52172b589440403f644aa9,1,credit_card,5,56.62
36909b609792791f7f50d7cff2b5a0d6,1,credit_card,10,204.83
a5019121adc7c53836f1542a4138c4bc,1,boleto,1,116.85
7ad292313f72d59700c72169ba543021,1,credit_card,3,51.27
d37222a038dff3570139ecf1b452dd3d,1,boleto,1,101.02
ff60bb891018547f7e6b79f9286ff166,1,credit_card,1,71.91
1f6ddbae00fc6acbc0457caa5fd89ad1,1,credit_card,8,1125.55
247ba9f6a94558776b1ccd2d59ce8cb0,1,credit_card,3,38.01
a6471477bb9173349168eecdc8871ed5,1,credit_card,10,139.36
82c46826f081404f1809ea22a81d293a,1,credit_card,2,163.2
500da3334d495dbdd1c35b6d1a33c004,1,credit_card,5,58.14
2961944c535cdf9a35710b3296931c78,1,boleto,1,730.05
ffea79d8c5fecc22cbff0c54eda9b65c,1,boleto,1,69.59
8a3a8f42d50b55a791a051a19d856c6c,1,credit_card,6,118.93
52666f83fd40e5b2c08e62dbff7eafe1,1,credit_card,1,125.51
74397ad79115795a8c06af7e7d1fb2f0,1,credit_card,2,115.0
7caf84295d8749bcee4f14503b883c1e,1,credit_card,3,127.08
fa666f44d0e5c50dad23a1bc4a8c2a50,1,boleto,1,388.54
f01059d0d674e1282df4e8fbbe015aa2,1,credit_card,1,55.1
ce989095754190db3dfe99fdc63e1124,1,credit_card,1,153.36
05a82511dd29bef74d8003b015912fd6,1,credit_card,1,54.0
d16883834f84a462d3863b5213fc2bc8,1,boleto,1,174.86
5879796c147e015b683a59522938d4b8,1,credit_card,7,77.66
e85a4861022f27b6764e4fc0372323e0,1,credit_card,4,146.36
c2aa930596277db8a490948feb446df4,1,credit_card,1,37.6
fa906f338cee30a984d0945b3832e431,1,credit_card,8,85.23
7d78faeeb02acd278e79369a118ba6a6,1,credit_card,3,75.08
dade40d579e42a82a4744858cb60194b,1,credit_card,8,168.29
bc275c0a8a5a45366f816095af0702e4,1,credit_card,6,65.48
30c4b90ae81f11b792bd5618ba494630,1,credit_card,2,118.8
9d3a10d6a5aab8ca343a21580c404b69,1,credit_card,7,1077.41
2bf72423c933e87360d57c946d11877b,1,credit_card,1,79.98
c972a78eeb0dde0aac82eb51b1450c53,1,credit_card,1,71.15
c458e938207913709f5c0cedb195defd,1,credit_card,6,1524.24
519b26d18bc4a42eaac1841acd217baa,1,credit_card,1,44.24
b2664e0e967b1c146e574185530e813d,1,credit_card,3,125.39
59af46052a799e80e2f0c665c587731d,1,credit_card,1,30.1
7cf741fd7bc734654dac45dbc67a998e,1,boleto,1,65.57
7aa2471c1e8d0cd89eec9459fde59414,1,boleto,1,123.71
6379750dac6a8a1e11378e34278ae8df,1,credit_card,2,73.34
e0206b3fc791d710a2498a32e0ba1310,1,credit_card,4,226.91
8c7e112e6142410327c019e28d65d751,1,credit_card,2,83.91
b5ce2ab79c7923ac899f38c6f48ade42,1,boleto,1,60.09
fe86dfed53c5a20c5ee0647ee04af884,1,credit_card,2,174.86
e8b64378ad79a0463f32ec53ecc00881,1,credit_card,4,65.71
0132d77609dd6e1867515ec57d898c10,1,credit_card,3,99.35
0d7fa46a537318ea56d17071cd6dff66,1,boleto,1,47.38
8c242b06662dd71ddc5251a5b0f62b87,1,voucher,1,68.62
0896d006da3ad8dc1b39b408ea428eb0,1,credit_card,4,133.49
fb662b5ba362e72d75d486ca4d29c9e4,1,credit_card,10,157.49
19eab825a1c06f76aa724771ac4db143,1,credit_card,2,214.14
a23760b9274db6304cc3cc0085583693,1,credit_card,8,334.98
86bf07c0a6d01d38dd8ecd1a1b68d139,1,credit_card,1,66.78
9ce40c402845819d3d1c88eb10a41e4a,4,voucher,1,10.81
b786414cc7eca4f1a133aa2b3b4cd53a,1,credit_card,4,68.65
6cdb9c6dd8a5888b4dfc2ca57c8fb500,1,boleto,1,72.7
602c41bce7c56c79f81a7e7365451e0a,1,credit_card,1,41.09
c1784d1cbbff59b5a789abe080cfaaee,2,voucher,1,158.95
32ee7f6a6c903af7e78ba4484169b74e,1,credit_card,1,101.22
7907fd0ffa8e1d3235f7d764ac286263,1,boleto,1,314.31
e6d1b2275402fa4946ee8a3d37712c93,1,credit_card,9,90.3
0eda4018077fe64a701b5af5b47dba15,1,boleto,1,101.34
db22016bef74b6dc92aabe8713dd0eef,1,credit_card,1,37.69
ce22ba2aeac996a236980d5412bcfcdd,1,credit_card,5,52.26
dbc097913df341f30b9f9e92f459cee2,2,voucher,1,50.0
71148ac51efd65a856dbae23d6c5d0ea,1,credit_card,3,63.27
7c8d6e2623f98429c28ab00ffdced669,1,boleto,1,133.14
3302991f59df38b26cebf1c9eebd75bc,1,credit_card,1,73.34
28b219f462742fe93f57a52d18b67612,1,boleto,1,198.33
820f61277104e987fc722e2e02ddeccf,1,boleto,1,59.14
afc7e369fb66c82c25a30bf9f1958e21,1,boleto,1,96.8
434061e3b7fa3c393982a25fe1664a57,1,boleto,1,155.14
51357ca072c84c0efbec90b3a3a1afb9,1,boleto,1,100.73
c86368d17ff48588fec9eae138854ea9,1,credit_card,2,71.15
3e1298fc81396a1e3ad660c0cd0fab65,2,voucher,1,31.8
b52312202c9a950b9054cb94fd040440,1,boleto,1,40.0
51fa5b2b3ea1aa99dc3cea8f008216ce,1,credit_card,2,198.54
4b5f8550e687d71b64917312c8574b4b,1,credit_card,1,47.77
56876127578ae75a3a469572eca6602b,1,credit_card,5,103.55
48aa77d876153f53a73647dd55d01691,1,credit_card,8,647.54
7cebfb16674d9fddd60acfd3f9256cbe,1,credit_card,8,179.07
c04ccf5367e419a74f5589f156a0b8e1,1,credit_card,1,73.34
c7de1681596c4080bdf5c00d84500c1a,1,credit_card,10,361.62
08f09d9ef3e4f3cdfa18431097f40682,1,boleto,1,160.79
282686455b246232083e072582e4c390,1,boleto,1,116.26
68723accfe0d19555872abfbf08ed7d4,1,credit_card,10,283.33
e25282d3cadf7b4c3a491dfb533dfdb0,1,credit_card,7,237.07
bf76016e244b3edad48d42375a25e8e8,1,credit_card,6,92.01
dfc9bc36d5db98182f4b1dc41fe8e258,2,voucher,1,43.53
e1666defbb1e17b545b7ce2b98d99f27,1,debit_card,1,31.75
4abace28e7ad35184649078401530a5c,1,credit_card,10,132.24
124c799bcc4126cdb5cca8c5889533b7,1,credit_card,7,237.94
d0c925dd85481e3b99bbc725dc56e1a9,1,credit_card,1,92.78
4516299f280a0f30720256ae0cd592d6,1,credit_card,1,46.69
a9eff8f70def39eb9133c1861c49ee76,1,credit_card,2,102.84
adcc8462c02143ed9914cc08bf3d6136,1,credit_card,3,78.19
4151292eea8dc7551c93d61feb56c44b,1,credit_card,4,52.0
55251ef8a25806da63971ca3046ca7a5,1,credit_card,4,134.49
ed0094f95927e35ebb97a275ed02d046,4,voucher,1,13.98
cb578e3b649e02ffe6afd3eb778d6370,1,credit_card,8,1963.97
927a3d94fc86be42541c5261c741308c,1,boleto,1,86.02
3dc4ddaa0680433039c690192fcf4eff,1,credit_card,5,143.02
c421ebe75a8bcaabd8540cfae6aa4a7f,1,credit_card,3,520.75
26a14aeb2410adbbf74a72c4ef0c8ae3,1,credit_card,8,1034.72
e32738e1f9a8c0b2af32e78bf6f892b2,1,credit_card,10,126.48
98169d491f3bb7988e9a5aa45f9dc8c0,1,credit_card,3,67.13
366d799ad8ce30435d27ed0f7e3eca9d,1,credit_card,2,166.74
cfda238957842ae525ab84fabaf8d4dc,1,credit_card,1,75.65
d67ab4b4a971f5584ab838fa8ed37d34,1,credit_card,1,179.38
da6f3c22dc38f6e133f8a8f14f5d3cdb,1,boleto,1,58.0
aac15589b232e9722429d3a06a547b6d,1,credit_card,6,183.95
a1e28dc56f8cf4e569b82f93dfe131f3,2,voucher,1,49.1
5572d4ad6969040fe377a8d6be53c0bd,1,boleto,1,91.97
7133cd362a0471dc79e40be4dc66a410,1,boleto,1,33.68
5782b3af52f3953fec44afe27ecd1892,1,credit_card,1,110.89
c501bcc74df5ad09bcabd7774b6ae383,1,credit_card,3,158.65
1ea60cf2b1ad4c7cadd53912fb35a0f7,1,credit_card,2,57.5
d2d690bca31c33e38a006ee3b3b62c94,1,boleto,1,356.06
d5059794ce5ef544e6c29ad80d4785d4,1,credit_card,1,19.95
d4732fc61490420e42d4dbdce8c3c6bf,1,credit_card,4,110.42
7f9df823add120adeb81bec9c2c421a0,1,credit_card,2,106.16
bf19011f60f7f394faf33366baf9fa16,1,credit_card,1,36.78
083a4afaefd6690e5cf5918275c4e413,1,credit_card,1,325.54
b9d8d7815861b6e51ca61f3f81d5b9f1,1,credit_card,5,216.07
05d6faf8d3942006edf7cbc669faa965,1,credit_card,1,58.82
573024ed8dcbdf6407432206a56fa7b9,1,credit_card,3,138.08
6920ef9156484c35b45b8a13656860bc,1,credit_card,3,88.34
7c9d9d4d723a61250d119c3ba8b1d27b,1,credit_card,5,106.16
2da624174ee4d329c69272718b2ba558,1,boleto,1,137.26
6b06cff56425b758a3a3c4746439859b,1,credit_card,3,71.14
e037080aea2d8cf5434282000d67c1ee,1,credit_card,3,55.52
24b41566e32a4a737536859707517572,1,boleto,1,86.15
9e858aeefb0b5b6c5a2e9d0c9ce36df5,1,credit_card,1,30.3
46f4f24ca77f8bccb2d56ad99d9d9c3c,1,credit_card,1,86.73
79cf912a5400bc81afe059c04cb42e29,1,credit_card,4,228.6
a7547df661853b46be845a86e17e525b,1,credit_card,1,70.72
33e2db141538ccdafc2be5b0e9691157,1,boleto,1,115.4
4e50ee5ebc37a770f257082adfbeff18,1,boleto,1,56.61
f47e4063d6bc1a7b8ae44e93faa70fc1,1,credit_card,1,145.34
016e4acfc34b9f2abc69795f47c92f0e,1,credit_card,1,52.78
212ce4538533ab322ea417619c2f627d,1,credit_card,3,148.06
80cd254ae5eface5556a1e1e826936b9,1,boleto,1,217.67
9134e387b7624c08ec40653033d0d30f,1,credit_card,10,212.59
45a0a5dc315fa233270e5c4778e54e87,1,credit_card,2,214.52
14a031b045ef8ce4a2b6e08d1fc5623b,1,voucher,1,20.0
e35cd7f16895b57bcfa47358049adb16,1,boleto,1,115.94
e32090de3a5936c84fa211a2b22342ad,1,boleto,1,122.91
de8f695cc30ff739ee50c1209638549d,2,voucher,1,252.44
e74d9394729b685d668169c86cd0b30c,1,credit_card,4,229.65
0098dbda25722a3f019fe252a0cd10b3,1,boleto,1,165.03
ebe034eebbc469b11fd6836b190dc42a,1,credit_card,3,73.68
ea8d1e7bfa0a8f264082703401aafe11,1,credit_card,3,118.93
c6e7a0810e0020963c7dc5ec9087c509,1,credit_card,3,107.38
12eb336877aa5f2ac2449e22b06ba84a,1,credit_card,1,84.23
8dc2ffdf42cced0aea6a7e723bda3942,1,credit_card,5,77.57
c1f9a3a835ab0d3d2975ab179f78ab75,1,credit_card,12,251.28
5504a1a5092b8696eac00711644d4306,1,debit_card,1,122.31
44a7a7517b62c54dff21797684d6425d,2,voucher,1,12.66
7acbc8bb8732b4dddbfb1d61a8f13b64,1,credit_card,8,206.99
5d1ab3e75c76552ea4661a441fe24d78,1,credit_card,10,195.5
fb98500e6403d8d8848509d3e8665aeb,1,credit_card,4,65.6
9ba2ade828138782788e9a94fe1b2770,1,credit_card,3,76.24
21fb84496c034392ca2aafe7f7919a3f,1,credit_card,1,44.89
72c2d35f7d08e990d781560fdbbfa563,1,credit_card,5,581.3
0fb2f8a7178bc3a3ff6a1812f99a78bf,1,boleto,1,97.32
b59620194f1a281eb142e191d597aadd,1,credit_card,2,131.61
a1fa82769a203e30b8faf81cd32e5193,6,voucher,1,83.59
4929d4d047361715eb1ad08b7affce93,1,credit_card,10,1252.81
a7ef7ca02054a53c7236c868d59acedb,1,credit_card,1,75.31
b87a46bd85618ed6ad037478592c7e6a,1,voucher,1,237.78
b5a304ee10747d3bdc90d7aef4b76a4f,1,credit_card,4,60.75
50151c507e6dfcc7435d9805ff95a548,1,boleto,1,103.55
2f23a9158502cad79609b5f062f56ca0,1,credit_card,1,350.19
2fe8db5111a36b97b092a2daa4771e74,1,credit_card,4,195.62
5d932f2c9933e832f4a37999ccd03baa,1,credit_card,3,96.7
4384784d5523bb60e52390503d3c2789,1,boleto,1,203.34
8669133949d3dda2b99bec214c2c299f,1,credit_card,6,197.03
68572b22ecec176d1f7c9fafe7ed15e1,1,credit_card,3,52.68
96139d82556aff8edd1cfcfdc11a632b,1,credit_card,8,182.92
68fac48a2dd22ab289df2ce0a499dcab,1,boleto,1,73.34
78cdbeb2b6df14128f5de0a1d2c70561,1,credit_card,4,40.11
e865bd184ea97ef3be5f3a47a0be59f0,1,credit_card,4,165.8
33d4257aa190f034f74c6626a12b6e53,1,credit_card,10,228.71
1196240b71cd166c2b75a3a0c9ded394,4,voucher,1,50.84
e989ba2c566a8bba506c12084cf211f1,1,credit_card,10,566.05
4150ef14f79d08c4772445de6db77c0d,1,boleto,1,35.0
fae7dc0d8a654c758ccafa1a6bb974d8,1,credit_card,1,73.34
0cda834be88c6e549a9895efe5e0b49f,1,credit_card,10,243.12
6c199b299fb721a27ece7358cf2be1da,1,credit_card,1,156.64
20e001ef9eed26db199b0b95f59512f9,1,boleto,1,145.1
4b641d699688dcb4ede9708f83bd3b5a,1,credit_card,4,124.74
552de4f2b6a656a62b913a24c76b82a7,1,credit_card,1,25.75
09f8cd8a102b3f3fa2d5db0c6aee489a,1,credit_card,3,810.13
f07401e4337f90835db57d8bacabd310,1,credit_card,10,908.84
64cf1005615f1de47bc3715fd74f95cd,1,credit_card,1,75.66
3e24e141d5703b84337db96998991424,1,credit_card,10,266.94
d1e799b4645be8aef2337253468a31f7,1,credit_card,7,140.0
249452100d5e229072c817e203bd28aa,1,credit_card,10,627.66
3cba655faae78feacf27f20900c776e0,1,credit_card,1,79.81
255027f86805cf2b3bb4e4982f0f236f,1,credit_card,1,124.5
53fe06ef88f994c4cd443f9c93ba8117,1,credit_card,2,163.97
188c1ef63c6dd2e06120da3ca750e86c,1,credit_card,6,126.22
eda1c58c902319868f5053e8fda15c2e,1,credit_card,10,307.8
781fd3ed9622fb02b51ba3fd214710f9,1,boleto,1,148.12
a25525284e494a7e2e276f3b30bdf66f,1,credit_card,7,73.34
f459d85f58bc7103cc87a3659e6e3591,1,credit_card,2,41.92
550a829a6ba3991905c34d5c15b2f50e,1,boleto,1,73.47
a350e8cd63ddb81fb38898d3666a5e8c,1,credit_card,4,90.98
f6eb2f9a7f09d846ead6c089f9ffeab7,1,boleto,1,126.18
3e4c8b8720f04552af6dd97f6fc22ae5,1,credit_card,4,65.28
3788099435cbdafabe329e9228e70588,1,credit_card,4,158.38
49b689eeebb45115d1a871b368692412,1,boleto,1,20.77
6029e6bd42b7734db7fa0f091ed018d3,3,voucher,1,50.0
184d0d273e35638268d90ed9d912ee8c,1,credit_card,10,506.7
5dee8eedf4516e7562d1ec0f62833392,1,credit_card,1,203.93
f232d1da0838df24b1d767072fb6ad31,1,credit_card,1,149.25
c6c99f96854560866a50760e74aca378,6,voucher,1,19.61
0c047dd1c8c2fcc61365b5787d59fd6c,1,credit_card,5,50.65
3649c428a77ac1530029dbfb706a02ee,1,credit_card,6,109.59
aa9113495d5498b01ea4a235c64f2849,6,voucher,1,20.0
233868ed9e2f9399d292289f27bc2993,3,voucher,1,33.03
e070ab9017bae918597b4998a81dca1f,1,credit_card,1,85.16
fdfc39ba2a42ef960515eb82d4dd84e2,1,credit_card,10,104.37
e5f7dd43f840110435bdff296a628437,1,credit_card,9,122.78
edee5e7cf341c4b22a2cf863e94670b2,1,credit_card,8,1079.71
278c629504a0d7a99a3bd4da3f061141,1,credit_card,6,137.67
854fc42da7246b10ed8dcec4ae8f48ca,1,credit_card,1,94.3
e9b735c3e357b0f402a642f5f20365df,1,credit_card,5,246.36
405be8487a7fde1db0bc31ad6b08050a,1,voucher,1,8.89
5330599ad58e0e0355fcb5c997d3f8f2,1,credit_card,3,105.08
3a0b83e4ea6805a8d9c32b4c13b4112d,2,voucher,1,100.0
e8861a9f094841902cf93913969fbb7f,1,credit_card,1,29.0
68b598d9359833f3f45c0762f8226899,1,credit_card,1,72.14
3e226f225a5d4584d0bce05c962f6adb,1,credit_card,6,153.1
52a1973044aa5f46769841ea77ffc2ed,1,credit_card,4,107.9
520bc702936ffe80d33a4632792835cd,1,boleto,1,303.33
d49f3ce01bf8ca94897ccf96b1e4f45c,1,credit_card,10,292.37
cb80e3d30577a7af0b3b851f5f4ed92b,1,credit_card,3,93.2
828acc6ccec3081f5615750358c691db,1,credit_card,1,17.33
adcb2eeef370c9bf98f5d1e975397950,1,boleto,1,30.38
87057ad16823c46ae4ccec00c4db526f,1,credit_card,1,72.77
f211ae6ccda8a2087cb211dfb3226331,1,credit_card,1,86.15
31da6b20b9e1d1376bd442a0d4ad0607,1,credit_card,4,85.94
c603557da211df150d679fa72fdf25a3,2,voucher,1,73.38
5ab277636dad461ec1c74f6f787c4ed0,1,credit_card,8,322.89
322ab6e86e8e7fe738d8dc82ae1afb10,1,boleto,1,99.33
cbdf436a9a9c8213157a125b91ef27b9,1,boleto,1,73.34
8e2fa0b77725b0b8d060123e347344fd,1,credit_card,4,74.07
3c5223fd196a782f9d4c03c820caf004,1,credit_card,10,315.66
4e10b30aa3a183071fafee98c886bc7d,1,credit_card,1,26.68
3a218a39b942ae0341fb1d65dd5874df,1,debit_card,1,69.24
a92da206ef6383c3faea2be21c673e5d,1,credit_card,1,46.01
ff0d3c8b486f123087d9d9da102afaf6,1,credit_card,8,133.96
6323aec573b1bb57a4f691fde7974f60,1,credit_card,10,144.1
effafe41a13010ada8a0e7a8f1412a30,1,credit_card,2,105.38
a23d78879cb7bb079e10a2ffe1b43c66,1,credit_card,2,216.0
e658e8dc29fc5581482829dbcc127aac,1,boleto,1,98.7
31a1a43e09fe1f26cdcb077099cadf82,1,credit_card,4,78.9
07460d5693ce1f6577ebd04b4ad091eb,1,credit_card,8,172.52
fcb63e17705ee5985c6f40ac3ee72296,1,credit_card,2,153.01
fc355d449ceaea8f858ef33c4eba83fa,1,boleto,1,69.73
8b8d29b32c3d5f608cde1e13cd5df23e,1,credit_card,3,688.35
0412b784548c0bf8cc35073f13923e2c,1,credit_card,3,292.72
2b37d2f506ce5ca2dfa10f9ba271e609,1,credit_card,6,220.02
0e4741898160da1b1060a7f9c346547a,1,boleto,1,70.53
4ac359198f4d710af51b6c3083465d63,1,credit_card,8,131.47
a18b84bbf6ec08377b509038454c7f29,1,credit_card,1,107.85
f1e419ef48040a2bfda456af0e345ad6,1,boleto,1,112.69
cb50f73cef605fc87294854be93d6636,1,credit_card,3,50.07
81c340da0fe8e47244fa1a3fd41337e2,1,credit_card,3,167.28
858d458b39082890e96fbb1fed8c2a52,3,voucher,1,252.97
961be3c7f91bbcb9cbcaeeb80a68a633,1,debit_card,1,51.75
0aa86627eca7db30ae324772cc15ff7d,1,boleto,1,304.16
3e4a8d7b151d4f81900cea441f80d544,1,credit_card,3,252.42
2bb6b9ebbb0ae5423d46be8e62e09538,1,credit_card,4,465.42
eb7a14bc7848b286eec69794221438a8,1,credit_card,9,265.95
825d77fab1993c218cce8b9c36a6a450,1,credit_card,4,49.4
0dac8f895806df31441bc1a5aa485a4e,1,boleto,1,27.62
7a35387c416ab539ef45773ebacc4993,1,credit_card,5,1761.64
92c72561e65cb178fa0d134d93197fbd,1,credit_card,1,26.5
7baac6397b9cffaf882d73544ae9a085,1,credit_card,1,118.01
6a6d60aba373f10c15519e023de52de1,1,boleto,1,144.4
a4f65635b53078c1e039432eaa86e40d,1,credit_card,1,25.0
396edbf3fd93df6ebe7bb415f5af60c9,1,credit_card,10,136.24
dc0026d5ff685eb725a42925ff3aa5eb,2,voucher,1,97.46
d0b7e2eb7a74f928072f23a62f4e4f58,1,boleto,1,62.78
24c62466418a240484d7c25dbc112222,1,credit_card,2,59.6
f399b1b1cbfba9dbe26183ac60e6eae8,1,credit_card,1,21.82
eb79e3366c1e8ef5a331f96b5c73995f,1,boleto,1,155.14
ed8e14b139eb5a477f7e330eff821103,1,boleto,1,87.76
cab08f0417a702d0f4782ec02356a4ac,1,boleto,1,107.06
852908bf28a385d07db3148958c5a778,1,credit_card,4,367.22
ab7a8658101e73890405c44226932c35,1,credit_card,2,144.89
d497ded2ccd602dd16411b12b379f432,1,credit_card,4,334.49
acd788596773fb4328703c9ea80a1913,1,credit_card,10,131.16
5d79d483f058dc640b8948650d14562f,1,credit_card,10,199.12
3438e39477d8c19d943ac5353b6e9f64,1,credit_card,4,49.24
823e1b55f87736972904ce20e4e90f0a,1,credit_card,10,486.58
e2b182ec1154718a19aaa02dfd8c4722,1,boleto,1,56.49
363c28b78897354ff4e126dfe41f2890,1,credit_card,2,66.89
e39fd2e5443413710adca912ade28b4a,1,credit_card,1,86.15
85590544453efd501d242d84acdf9990,1,credit_card,8,221.19
607d3bb7a9446cd716e0fe3689dfcdaf,1,credit_card,9,743.57
0f2bee3cf61b938dcfdf5cbc0bb2f9f4,1,credit_card,1,122.8
9afd9ae98cb2fcc3bc5b893594ccf663,1,credit_card,1,84.98
d278b5de7264ce84ea98dc603be04661,1,voucher,1,32.0
7ca0c3d9f11c42ad17afe165a1e0df4f,1,credit_card,4,242.0
3ab9a6bf4d756738db47d0878cdfcf5b,1,boleto,1,60.8
6a7dad3734ef2c19df2e8739e4ba0e77,1,credit_card,1,67.24
457714bcb907cac0b11252276a09f406,1,debit_card,1,36.01
87f841bad6e9f1d515f158ac10204c3e,1,credit_card,10,120.49
fdcca0e15a4d03e3fb89fb14664a3744,1,credit_card,2,29.59
8981058485651cba8b7d9c332fd47047,1,credit_card,1,115.22
020550d9cdfb7110d07fd1a1f8937c6e,1,credit_card,1,42.27
6851ec30263a7e8975ca52c3e0772a00,1,credit_card,1,58.69
8bd12086c17f907dac130fd1c5f653e6,1,boleto,1,38.59
8af74b9528c1d75ba1b3e3dd0af6e9c0,1,credit_card,4,145.67
d568db372124bae10404acba43558652,1,credit_card,2,52.59
85008a8fe3cde72dea5abbbc2be0a2f8,1,credit_card,1,46.01
cb5ece4890234f69f2371e3179e42f73,1,credit_card,2,198.54
5eca574faaba7961b0e3f7147f20b658,1,credit_card,1,150.87
988551bc1edc4b81a7e98af061a60228,1,boleto,1,67.76
faca9e4481d72f438626ae69cf2bbaf0,1,credit_card,4,236.55
c33847415203d145000463a6976952b6,1,credit_card,1,471.4
d003f1dd8a01261b3625598a4554f4a5,1,boleto,1,401.3
e6644b4a8ee7cbabd5f50b29eb478cf4,1,credit_card,2,92.57
490f7da8ce3ca75b4405e631eb3703d7,1,credit_card,1,34.68
c3d9140aabd7042153131a1e69fc6bd9,1,credit_card,3,118.38
5f8cff9210fbe5a642d0e05b4bc974e6,1,credit_card,8,89.17
1fa40f202d5d233b6491e976c557b822,1,credit_card,1,50.05
fce5031b8cd60863c55256f9d930d269,1,credit_card,5,91.66
fd64b6e4f72f238a3462a975c6bb6644,1,credit_card,4,89.17
d36c084b5daf9cfc67fb1164f2c2bd0b,1,credit_card,3,218.55
c603557da211df150d679fa72fdf25a3,1,credit_card,1,23.94
82de2fedb028c674daa827d7984fea98,1,credit_card,2,43.71
e6b2afa6b02c9f066002cfdab6d53080,1,credit_card,5,73.13
b293f468141dc24b16033560c8d008a6,2,voucher,1,15.08
52f3d979cd31211d1a3ef16a187def92,1,credit_card,2,394.64
3d5651800efaa81c9c96808ded6f145e,1,credit_card,1,80.11
b5ac8616a110126a6e962768b98d32f1,1,credit_card,1,117.94
b5c5a6fb605260058c01713e1fb97aba,1,credit_card,3,73.34
ec108f8c96f1037449cfb5e118d9a008,1,credit_card,1,39.62
f86e20fe6ce750c00d7ed08e8c67384f,1,credit_card,2,29.0
85722784b64340c85ac0293f6f1cebcc,1,credit_card,3,105.37
1e9cdcfe3bc61780f3fdf2edc4866484,1,credit_card,1,95.3
fc397591bee787fb156a971904c4b51f,1,boleto,1,65.53
fedcd9f7ccdc8cba3a18defedd1a5547,7,voucher,1,11.78
571404a093e61054fe87db8b17beec73,1,credit_card,1,88.68
4ce497c83d9c68348561cada6e2a2869,1,credit_card,1,121.0
cbce204b327a87445b6e6c28e0c5bfb3,1,boleto,1,33.68
793d395a896de12a846ed4f345bce550,1,credit_card,4,81.92
2e6213374b023c009a20c3a618a74f9a,1,credit_card,6,115.45
779e0845b9e541376ce3e8120c548cb7,1,credit_card,1,59.1
4a6275d157fb6be4f1a49ee025e68c18,1,credit_card,6,117.16
7bbf1280be83a8ea2790e7b3a5aab7e6,1,boleto,1,125.06
2090a165b3666a70b271ccaa2fe64319,1,credit_card,1,167.39
bceae68488231cae8418713a4f1a5a99,1,debit_card,1,62.67
acec051085be2d0f06efc5fd2f9037c9,1,credit_card,3,66.89
e352178ae3b81e3d7d67ee7edd973a43,1,boleto,1,69.73
e5fa00efafb88eb508afaa778eae8a6a,1,credit_card,4,277.02
1a1aa9714d0f88e8a2b20b0c7c037d0b,1,boleto,1,95.21
677d1a451e724a484b806dcad91e266e,1,credit_card,1,396.32
1dc01549b7e7404a9663b7d77306c897,2,credit_card,1,77.44
ee8f5d7599c575d8f8eb1a2ea7d66686,2,voucher,1,24.3
cdc3df0761ce26f0f930079673444a04,1,credit_card,1,93.3
28e78b16d448f216559b2cdf366e6850,1,credit_card,8,608.88
225ea0d91610c70a8fa346b8953c75bd,1,credit_card,2,35.0
ccac1a9dee556f517bdb745dd29bcb68,1,credit_card,8,1243.66
c186ae09d4d6b5291940be29b05cc169,1,boleto,1,89.05
b605af5fb88eb77cc70df27f2df3a883,1,credit_card,7,144.82
7719f9708389131806ee9274b88c911e,1,credit_card,1,5.5
0a6667b832116a7484ae779b7b0b91c0,1,boleto,1,155.18
ff564b0dff20427ba484d7e2efe7e7e5,1,credit_card,4,42.78
a9a38bf05e94ce11495d6c4402730a56,1,credit_card,1,56.78
dfc227d5e6d4ba1e696be1e730e9e796,1,credit_card,1,32.38
c22f4ba5610aa110fb73444de7600a2e,1,credit_card,15,1635.64
d0f7da7e2de84e667e955f4def9e6698,1,boleto,1,283.78
e5c4134a422573e560cba643f9318bc1,1,credit_card,2,127.6
f04c7589129e26f1a095e07ffc2158bf,1,credit_card,6,117.4
a4d5fcb131fab3ac106ae40ac7042833,1,credit_card,6,191.56
71400888e53ed1698734799716d213f8,1,credit_card,2,126.52
622dac2e43c9fe4e17d08cbc259f8448,1,credit_card,8,342.02
b471c25ac60e798a0321d7a15415986b,1,credit_card,10,226.12
b259e2247d6ab1750b9e4789b87b3f23,1,credit_card,1,108.2
6cb6dd42d4278b77aded588ee52089af,1,boleto,1,39.09
cb0cb26c017d2cfb4e9ed39cd6ee9fa2,1,credit_card,10,352.55
d4720dbbca128b0bf8d6c03b640445cf,1,credit_card,8,99.43
810c5451b24e7565d14608ed85dd3624,1,credit_card,1,10.01
f2120851611e040d268c3be41ac51228,1,credit_card,1,47.68
abc3e842e38ace4030133da4ebd501f5,1,credit_card,10,119.24
9cc64bcad125a311c53a26c9e1b20983,1,credit_card,2,26.24
28e69219369607a9fc2403113041677c,1,credit_card,4,847.32
aaa67a6164a6f353f9da9ab91dcd2509,1,credit_card,1,76.72
e0bd62e007e5e88656338ab10a5c0f42,2,voucher,1,3.64
0ff1419cb5d96f6355fc067f02c8936a,1,credit_card,2,142.96
1a8e038996bda6eec89b10dce066e0c9,1,credit_card,10,120.47
1ec1f0aa2c220d06ace348a757325915,1,credit_card,4,87.41
33b50846ef5349564b8be2af1d6000aa,1,credit_card,10,854.33
1cafec050dfd61009e2efb0428f28438,1,credit_card,3,153.01
7115f68b3dcb8f49a29394c0046e2a66,1,credit_card,3,91.66
f2fd76c4a6a18c5be5d960963e114737,1,credit_card,8,86.73
67c962d7ef6cc2b3d925892e8613dd9f,1,credit_card,2,86.92
de8a1cc20f0f3f44aded9ac6a1e8eaa1,1,boleto,1,90.74
74c25aa167f9836099a217d0fa82ed0f,1,credit_card,3,175.77
fc8fa04a6621b92f945b8d0224feac74,1,credit_card,2,97.87
06a3bd42be69cdf39cd785d311b54a45,1,credit_card,1,165.7
4df721b8d3b3a4803b1704f3676a420f,1,boleto,1,42.68
b3c34fd05dd073feae270c759c46d900,1,credit_card,9,112.92
7dca7e268d48febba328f16ddec37584,1,credit_card,1,196.3
026d16bd3f41638e1003e974e5487904,1,boleto,1,239.8
26fa398f7231045a2898e0c704f6a4be,1,boleto,1,92.78
31c97425f34d48507d57e56e0ec2986b,1,credit_card,6,62.79
44a7a7517b62c54dff21797684d6425d,1,credit_card,5,51.48
5b4877f25d0bb4b4a332dc22f773d001,1,credit_card,4,57.91
e2b405ccb5839931cae6f89767eada9b,1,credit_card,6,63.49
856fc8f6f0843d1f0de271cfd64e6cc4,1,credit_card,2,115.94
b4b8e8f37818c443dd4c0c48e9a3707d,1,voucher,1,215.15
e4b8672f8079cde3f79ec04e8d22a842,1,boleto,1,57.75
1d37e36d44b7056e8d613a4214c9765b,1,boleto,1,104.37
fdcf099f6b0c76b932c7edea455576d8,1,credit_card,1,64.24
ff96ea4ad10c612930198ecb923eb7a9,1,credit_card,1,14.08
532e86bbf696dbc694509cff71c18c33,1,boleto,1,83.63
9da5902b9f9210f370a81ff8edeafe62,1,boleto,1,35.38
976eb687b0b3abd85328670ccd88e06b,1,credit_card,2,82.6
a2ab1f261540e0684d49b5327616fc96,2,voucher,1,89.68
0aed18a03ea2ccdb5981aea3524b304d,1,boleto,1,313.43
0334c2700a7e8ac0f3efeb36b4a91e68,1,credit_card,6,71.15
497557705ed42b9e7678b808d1f21dbb,1,credit_card,9,116.44
5f9023a84ef9e64c87bc7c1970da5680,1,debit_card,1,100.91
b4b09e80aa61b96ac46029edf7e8637b,1,credit_card,2,33.35
55277930669682d227d5eedad65f60f8,1,credit_card,1,127.11
f9488f6dc3dcb5de76f7ba040405de01,1,credit_card,1,232.71
e8cc3493dceef3aa38080e02b1a35646,1,boleto,1,396.2
0f548bd29148ebc519d6495e37a284e1,1,credit_card,2,264.16
0775e96080c552251cd76472d32e0c83,1,credit_card,1,72.45
7a29b54535d222b31198e880d73f0e56,1,credit_card,1,41.23
119c357aec19161dd3f526233913298e,1,credit_card,3,117.94
92723afaec3525daf0ecfb20994aafa0,1,credit_card,10,629.84
47aae990d1ea088fd601ee94fcdfe652,1,credit_card,7,335.47
15764eae87fb040c4ce2bf75f6670a77,1,credit_card,1,6.45
97479dca48e26f93b2d370551d4603c5,1,credit_card,2,181.51
53a29e509e7c8a60436ba238b0877d35,1,credit_card,10,168.66
e800de8b707b17c4fbe19fd465346dea,1,credit_card,5,228.23
dec806358e32446003f5fea8111b10e8,1,credit_card,9,336.66
0fff540f615876d9ffa4a67a83d9e380,1,boleto,1,59.49
7607b319daef63a1c1a41b1cd6f4a54c,1,credit_card,10,1507.56
698c42d4d45a628919b9b38241aebf4a,1,credit_card,5,418.92
bae1791d3987fa528b382adcc1de4db1,1,boleto,1,190.37
0ace216597fa0efc8a42140d99fda065,1,credit_card,3,77.57
f5327a56946560898f7ddeb8a9ad57ae,1,boleto,1,143.92
3af00e0602421aa412b0f4ef0ebdb6c4,1,boleto,1,46.84
49f3e0aebd23234fa195ebbcb8687171,1,credit_card,1,119.94
aeedca46099933fd8fd182a71b4f22c7,1,credit_card,10,181.51
917e815e734e27d699a971dcbac12e9e,1,credit_card,3,38.92
a3680a328f9d1e30589963d953d29d61,1,credit_card,1,113.62
35333dab609becd7a174fdb6537ef2e6,1,boleto,1,386.79
f7ef6a6afaeb05b9f32f440bf4ef732f,1,credit_card,3,209.94
0fcc817e41a60bbb439c5ce638f62f31,1,credit_card,1,58.59
f205c6826655efc71379acaa53d3b83b,1,credit_card,2,28.38
f03420f7fe5633764a9eed270f0cf359,1,credit_card,3,348.18
0758015124a0c9af755d31a7bf0efedc,1,credit_card,8,373.97
2ffc25e4c67c5d5ad8a0142b8f542d4f,1,boleto,1,87.64
84af086627ce9dba6fc470fb3d899de9,1,credit_card,1,135.77
d3308b06bdecff9a1d9e67f39d0039e7,1,credit_card,6,97.23
15584854fbd0fc60db2724d79a08330b,1,boleto,1,414.54
93d5e6e96278f675c4d917ff0bd6e0e3,1,boleto,1,34.96
a0ed7e292495e32e3a7e3ae479219c4d,1,credit_card,1,501.96
f325e51d89497ec9679f6419ab7a3c13,1,credit_card,7,73.34
a8aa5290a4b5eecc608328c7438ffc2b,1,boleto,1,57.68
e218234621ce56589ca6157a7cf827ac,1,credit_card,1,66.76
9a02960ce092d811e89e50c06d750ff6,1,credit_card,2,115.04
995392413cee61cc1fcec9807870ea8c,1,credit_card,3,143.83
07b632a4645a2dba01074abfe4f34c4b,1,credit_card,5,91.66
867edfba28b8528f1424668fbdf0d182,1,credit_card,1,82.6
77b24e14e65cdeff7657a0ea3c9e9878,1,credit_card,2,132.03
81b1c5ab3c30ee9f67392bbd60dc0f58,1,boleto,1,175.82
1e4517d4bc3d36a859ca530b462408f5,1,credit_card,2,315.18
b6cc16441c0ac5d724fbbfd192b801d6,1,boleto,1,450.19
1436cb05507a787c1dc757c1fa2f275f,1,credit_card,1,46.53
d905856c062516e1bd43377034e5c615,1,credit_card,5,267.28
2c0b15f658bd85594b7943de2c9719fa,1,credit_card,3,222.17
1f186ad4ad389666cd9482ce1942038d,1,credit_card,2,35.4
dd8895e91847869a1317a8ef7313e241,1,credit_card,4,163.79
858d458b39082890e96fbb1fed8c2a52,5,voucher,1,252.97
dc66d93a6a91154ab8dd2e7779e9a1ac,1,boleto,1,76.73
b031da90f1946edd12ee2587d53c667d,1,credit_card,1,192.75
adc12f10b0d49b969eeff04bfef21427,1,credit_card,1,35.86
9f1d354d0b38456cb1333c100e1388c5,1,boleto,1,198.9
6d781e62fc99f1af77ad37974cb0a1b4,1,credit_card,3,92.57
6da4587a1165373a6932574c423a0791,1,credit_card,3,103.13
a8efe989c98ee6abeb71302e009de4e1,1,boleto,1,190.06
dda49ab2822cbc8fa455bd3f699b39c3,1,credit_card,2,137.99
73de28dd75c1a15abc8a5fb46fb734b6,1,credit_card,3,101.48
0c63a4c9a17deeff24d65bec51f3a5ec,1,credit_card,4,42.6
cbe9eae36605cf2bd005c6bc1ae5f864,1,credit_card,8,119.81
432c429c86371b479f48d4aed000409d,1,boleto,1,286.64
7d000307a29338a053287f79e225e09a,1,credit_card,2,165.98
19c1376b2449385d598bc89c73cdf380,1,credit_card,4,43.1
60218eecf87eaeb58657769f328f2726,1,credit_card,1,136.5
47531efe4ed25555eba8637f9f6dc6ee,1,credit_card,1,90.79
4908c7c1919e42e7662e3cbd307edf74,1,credit_card,1,68.3
7889d1a822285ed5cfe03a062ba9ee07,1,credit_card,1,40.0
6c29a1600608d3f50e40bb2543cc32e1,1,credit_card,2,182.79
1ed9a7f3d298570629e4d027458f4d49,1,boleto,1,82.12
407ce0da1b714dff0e358c57b4d7bd39,1,credit_card,10,368.2
cde93890c51e83a6998b489c87ad6cf0,1,boleto,1,310.35
6bdee91009b22f7138ff28b4b3650ace,1,boleto,1,153.72
501938daca40dd78b00d458bed7f28d2,1,credit_card,5,119.29
bafee0b85090ed1545e50c2b5ae871e9,1,credit_card,2,116.85
be56cbf6122c89bff90a40a8d82a0288,1,credit_card,1,71.04
f55a684badae11bd4d494dd474d82130,1,credit_card,8,1338.41
410ca30ef54d25e4deaf8d5babbed030,1,boleto,1,117.13
b3a63aeb668343cbf7b37e72abb932f3,1,credit_card,1,110.6
b095ec7b830d94cc7e1b67fed0455c01,1,credit_card,1,33.71
0a0ae1b561eab534493c5588efc5169c,1,boleto,1,325.93
5ddfb982c9a99a9702ef69513b2b3c57,1,credit_card,4,40.85
e7d9d1c03c10e6edb7aa4a91581cf871,1,boleto,1,87.64
5d27ea6de8d9187a253180f20045dd3c,1,credit_card,6,147.34
9ce40c402845819d3d1c88eb10a41e4a,1,credit_card,1,18.9
3bb74b872f957fed010fcdbeaf517d5f,1,credit_card,6,327.42
5188f7ae18cdf7538841648a7e49bbbf,1,credit_card,1,214.14
95d4558cec2364e0f0b2fcef73148af7,1,credit_card,1,398.06
bad0467c52f23cdc71e9fa139d4a8afd,1,credit_card,1,96.93
286f1870198ca5f7249774729bb46a45,1,boleto,1,76.76
ca19d840d5e718f4b8aeec1a40d393ec,1,credit_card,1,36.22
7d2dbda1755d184be6e27b4fd0b3629e,1,boleto,1,112.14
9ba7ed4875ebdafe8b7969fe4417e5a5,1,credit_card,3,524.24
b3ceb7d2c66651bd0f6531ffba8745fb,1,boleto,1,183.89
e8bbc1d69fee39eee4c72cb5c969e39d,1,credit_card,1,10.07
65ac2f0250184b281dd44fd463341caf,1,credit_card,1,54.0
e5e9d05da853226a6446801043dddd01,1,boleto,1,64.1
ba6ceea3a35916e51113b91f726b1f89,1,credit_card,8,195.91
0a187dd7f4efe70e8c3b6e3779b3b133,1,credit_card,8,1333.55
c693197525abfba60b35d3a99954f7a5,1,credit_card,5,147.34
a42545a6644c3109108b573210cd4550,1,credit_card,2,70.17
c188cb8c1687e281f8d8e8021bc0b8cb,1,credit_card,1,85.79
e9fd172d2d2a77f5c09321b9c69e223e,1,credit_card,7,262.16
9686875d0d9dcbe392244b6773605882,1,credit_card,5,83.87
f417219cc64e796bb6bcd1a41d3fe308,1,credit_card,1,55.69
e1d476e141862d870436d761b312032d,1,credit_card,1,65.11
cde7b4e633f0dd24536cab563a33ccb9,1,credit_card,5,194.9
e01ad9a69b8b245bbe1076417c1d3f44,1,credit_card,1,33.77
5e9fbea0a384b612fd7b6d66c1e21152,1,credit_card,1,40.09
accbeaeaa58ec74bdebcb425e6336a38,1,credit_card,3,71.14
09905fd2dc65b5998da50f11ae3ed6f0,1,credit_card,4,292.34
3772c863e089768339269d261fadb421,1,credit_card,8,318.34
34d3825176b5e4ae141843ed4e313c7d,2,voucher,1,97.69
ce6923830776a5f0d2ffd91a11dd6204,1,credit_card,1,109.41
c425022a55c05232ef90584ea3a169c7,1,boleto,1,43.54
b03b82e985b149d61218a7e0111ed6a1,1,credit_card,1,50.0
d8b5d1ea87d75046c7b453b1b128fcc3,1,credit_card,8,81.08
0046e1d57f4c07c8c92ab26be8c3dfc0,1,credit_card,1,15.57
a80a4dd2b9980b28322554cdb0477b85,1,credit_card,3,73.14
db7974217c78bbcb9b81412ef8268596,1,credit_card,3,174.86
225f6489f45108e98290969c71097baf,1,boleto,1,174.81
2b101e802b6712f2fc129966a2c518fd,2,voucher,1,15.04
fc0505833ea55953cb885d6694daa689,1,credit_card,1,166.51
fba74a1f9422c616cd75a7a9577d2058,1,credit_card,1,39.87
bc80892738aa55b49dfd74ce6d50cd97,1,credit_card,4,206.87
5f208894ebd77e40a78e3ae42e67d828,1,boleto,1,41.84
8cfce4714e95e2ee39602c28ff8270fe,1,credit_card,2,102.03
ebb5116440ccdfdc111d58849b096401,1,credit_card,1,12.21
8ca359188415aaef358f04e23e462a43,1,credit_card,1,65.0
d6d0323138c510e3816e00ac900d17b0,1,credit_card,1,279.7
4bc02ff9a093f3cc4119a960969f5f74,1,credit_card,8,190.87
f5d8546541a4875d1b5702fa3a24711a,1,boleto,1,594.4
a74120d5c086c0961b39f42282094ab3,1,credit_card,5,51.84
2fd7d8e43a256d464a02dd7bbe8cb125,1,credit_card,6,139.51
18bfcd3049f8effbdf7a7e9b11d07f38,1,boleto,1,74.05
9ba6ed4d05fa307089d6c81bd8b8400c,1,credit_card,1,73.34
9d252a6e320b8830dde812ffd93b4a90,1,credit_card,1,171.85
4a1c3a5476f1ec2b160b6ccd4e8d8719,1,credit_card,5,218.16
8a4473ef93bedc3e12f0d05d9925f4b3,1,boleto,1,71.14
a4a57f1ffa25b90dea9f150fee89db84,1,credit_card,7,1083.96
0c00eb38b29dd352b15a6ee44f8a531a,1,credit_card,2,128.09
9a0a6c39b6be7e1b0f796b6005d52ac4,1,credit_card,1,48.64
151137bf7ab537c1a2da6bba1368d87d,1,credit_card,3,150.34
60566939937556f587e9c32e761f794b,1,credit_card,8,348.07
927a6b1ef2d0f3d510b0aa14885919ff,1,credit_card,10,132.03
5b09dc1d3c9b771ba377ab696f2eb361,1,boleto,1,65.11
b654b7344f08cc73e20ed2c4f5855bd6,1,boleto,1,63.73
01d0f6cd01d79574621a56a1b9e21019,1,credit_card,1,34.69
8ba6f2691ae9f61ed7266e78a5f64233,1,credit_card,7,115.37
dd73d93a25e576d8dae52c7c66b3becf,1,credit_card,10,127.38
0af0621c001cb61ae1559c8f6417e1c6,1,credit_card,10,768.99
580f3268bc2075c5961b2d2929c7a35b,1,credit_card,12,122.1
4fb826a738895055159e95010e189c69,1,credit_card,2,65.01
d31ccf5695e6ca12b39b5b1f2eb7f6a6,1,credit_card,3,189.98
0504447548229e075dea8441b37b1e2a,1,boleto,1,221.79
b31c7dea63bb08f8cdd1ec32514ccf0b,1,credit_card,6,72.28
6d7cea535a10b4572594c350862c060e,1,credit_card,1,61.07
34e356294ae93c00aa77347b2f84ea1b,1,credit_card,1,52.17
0e905ed8f17c6568a12cad104c041e34,1,credit_card,2,61.05
09026ebcef956ddfbc9af4af7c46d377,1,credit_card,1,26.53
eb1a3c0954dacb5159740856bd53a3ec,1,credit_card,2,156.32
6644da2ecf4d36e3f23343c0915e7de0,1,credit_card,1,66.78
defe6c6f7875ec5d8409143a3d850eaa,1,credit_card,4,337.77
d3a5c7e2fbe9a935e6a4a7454d4b8869,2,voucher,1,20.69
940531f218fb31bd68ef02fff1ff1ba3,1,credit_card,8,83.42
67f45b915d20c7c02c711e0fbf871a3a,1,credit_card,1,41.75
c405d436f973cb6f7c1c1523a85cdcc2,1,boleto,1,71.15
5a211401338dee5fa1388f6b4b70b456,1,credit_card,2,68.42
8a9e343b555f0310262707c47d4909bf,1,boleto,1,128.05
7aace035422e5537450664dd790e72f4,1,credit_card,3,31.38
c9a34c30282dc36d017bc912f8d8dc91,1,credit_card,3,262.24
2fe95e63972d1a35491a2cf058c422ea,1,debit_card,1,117.85
ac6c9728a9a697625d944597f41b8387,1,credit_card,7,410.21
5896d753079d9faa8aeaf60231b3e788,1,credit_card,3,33.0
fa2925bdbb799073bec7b6fe2bd88a1b,1,credit_card,5,107.78
df3166e4db1badb2414e9e95790a1771,1,credit_card,2,21.71
f3946e7bb785f6ad1f6747355f2f0707,1,boleto,1,82.12
745377d5b3a162c57200f0b24796bafe,1,credit_card,1,77.57
a2240447ddd7e5f9f6572b364e927009,1,credit_card,2,118.22
f431c479d2300988a101976210bc2ef7,1,credit_card,3,97.87
26da4fbffcbe7dcaf4e1857417920b43,1,credit_card,1,86.15
fc34a24a0463d8668b0c6e270eb71358,1,credit_card,1,95.21
d075def20463f58225a279f6e36d8669,1,credit_card,1,79.2
c7712c0f5217ae36e0539a1caea73839,1,credit_card,3,35.0
eeb001d21f4952518b004776f88265a0,1,credit_card,1,33.69
1e6f350c900ca357945126e20117d293,4,voucher,1,17.59
bb13fa2703eaccdcb1e263eab3be6de4,1,credit_card,2,165.98
3df55fc07ff463109ce0422439693aee,2,voucher,1,18.09
e684d169c6ce5450a7cf6af58dfeb900,1,credit_card,4,46.0
73129fc6dbffdbd797a012f50ebffde1,1,credit_card,1,64.1
170dcd772ea4f51c3a859f9beef5d297,1,credit_card,1,12.07
d39b6a20c700ff329d678922fe1dcefc,1,credit_card,6,214.96
03fd35e6d3a78d5e05114e7a1ac319e6,1,credit_card,1,126.2
9f98d6530155e3b3869f47e53834b562,1,credit_card,6,316.76
d5e892687c8916b17cafe284780d01b0,1,credit_card,1,89.17
4b50301723cea92f13519f3ecd8f09f3,1,boleto,1,154.64
aebaac58f78e552681094063704db84c,1,credit_card,8,250.14
ce19416583ee035a7a8097db2c53f98c,1,credit_card,3,52.24
ac3ae04e5a2751b8cfd9baaa3dc58638,1,credit_card,3,82.78
70a752414a13d09cc1f2b437b914b28e,1,credit_card,1,170.03
0e6386e1cb625fe4fdbd3d101d2cb687,1,credit_card,1,1338.51
1fcde8f1d8b0a48e0ce8a212f1fb8dc1,2,voucher,1,6.51
f63f9a7699e3674c80a4ba92e56dfbb8,1,boleto,1,236.21
f01febc4e81a79e1db53bb8bd0be50bc,1,credit_card,5,58.09
15bed8e2fec7fdbadb186b57c46c92f2,1,credit_card,2,138.28
6d7bfd3551f91299c7e4b7f0922e9e75,1,credit_card,10,647.54
76bdc8518c9c3ef50f9a240b93f97987,1,boleto,1,76.08
beda39ef81ca80ce3226111dd4f35155,1,credit_card,3,115.94
56ca2955a23551796d37da2e384c7139,1,credit_card,1,30.1
c9756139ee937be234c1aafe31b8722e,1,boleto,1,80.81
c75e9a685439f75e990bcf13443f02c5,2,credit_card,4,497.54
a55945f45b2bf0c2b8b3ffae52d10213,1,credit_card,1,36.75
a2875319dd413ff3a25b5f7f5d403c08,1,boleto,1,192.02
30f9a1ff42cc19d532df1d4431a9ac4d,1,credit_card,1,27.77
f418966cc0628d3b0e54c9c61ebd32f8,1,boleto,1,85.12
785606fac0b9ddad139f521a70452ca8,1,credit_card,3,144.65
386ea83ce5d0d303c3466ea227cead97,1,credit_card,3,84.0
84388531e60d278c958e9ee95c61332f,1,debit_card,1,42.38
7cbb819f10680054c5b2d2d1992c1826,1,credit_card,6,66.79
405be8487a7fde1db0bc31ad6b08050a,3,voucher,1,8.06
36aa2198c0e91257b4b146cc25267a45,1,credit_card,3,138.53
367085f34fdfc417d0087dfeab08ad73,1,credit_card,2,138.03
c2be39a9987d992896de790f005d1bf4,1,credit_card,1,100.6
ec24ea9acb22b2520d36d72a75eab525,1,credit_card,7,71.14
97a2cf1bcffc778d8661d305a6d344f9,1,credit_card,1,9.16
f7bb51594cfc866efaf10953ccb34f85,2,voucher,1,23.09
84266e419db22394dc87bd8c110770fd,1,credit_card,2,155.14
0cd5a59b77b1409abb6f791b2322b910,1,credit_card,1,21.77
1798a9d3b896e39ea128c25cf6b84ee4,1,credit_card,1,14.0
b4abb149fb1b128bbd21db842a86e891,1,credit_card,9,94.04
5c0f0295fe2930de5bec81e461a4bbb7,1,credit_card,1,70.44
1048ce07df6dfd9d7ae971bdcfd03d77,1,credit_card,1,108.73
99a6742739034cc06392ab883f64359c,1,credit_card,1,56.78
ef1003827eb818ccc2c41557e21b2aec,1,boleto,1,84.85
072d46cbc49c2ee26ddde8f25d22f617,1,credit_card,2,165.98
441e21387d52f5f2e85249669881fc79,1,credit_card,10,225.12
0010b2e5201cc5f1ae7e9c6cc8f5bd00,1,credit_card,3,65.5
8377e4fefc687781d0b8b68780e2e584,1,credit_card,2,149.05
97cf031e8c5bf37a0b310c07800e323a,1,credit_card,1,157.6
dbc097913df341f30b9f9e92f459cee2,3,voucher,1,50.0
5cd4de56d310f9546c7dea5611b658d0,1,credit_card,6,67.57
f3cdcfb1e284df216c693101dfd1f864,1,credit_card,7,76.08
84725ed03be12141b53a435b57fbd336,1,boleto,1,46.78
14433250d2268548a917e1a0bdfd19c1,1,credit_card,1,31.75
42895607072db349b61edb6cdbc363a3,1,credit_card,4,213.67
05535f67cf6802000ad3107136cff4bf,1,credit_card,9,116.45
43bd50a07cc1758b29b32804f1a6d552,1,credit_card,1,57.67
083606af9191f3c3119ed90e616df1ca,1,credit_card,1,383.32
d3d4b84b9e497a1bcec277409c35176b,1,credit_card,3,186.71
80850824446cd379f755548b967c61b9,1,boleto,1,184.88
0d6095ca2592bbcc590d4954e29c7924,1,credit_card,2,35.19
8f15948ef0bdb4709a5801084a564c56,1,boleto,1,84.05
d6a3975b1c9b18752ebf945128ff9c3f,1,credit_card,3,36.75
95a7802de396f3df0c682ddafc8f3152,1,credit_card,1,76.79
72803a35d778ec37f2abb88ea76620c7,1,credit_card,3,100.86
9752eb052b38b8f258d4547b4eed7e0f,1,credit_card,2,52.26
8f90bd287474f07e918f11e649848539,1,boleto,1,47.53
ff36dfa12cb7e25f1e145ad701e2f994,1,credit_card,2,80.21
a739bf4717343c5f9c84196b61a9c53f,1,credit_card,1,67.83
c0b30438008f3085a4b78b9cd36ade63,1,credit_card,1,23.78
bc1407516b972c301cdd874626028952,1,credit_card,1,72.16
9dbaf3879dfddfc43171aaf9a9c0a82a,1,boleto,1,61.73
fedcd9f7ccdc8cba3a18defedd1a5547,6,voucher,1,8.6
5b767b3bdf9b75abf789c32a244105d7,1,credit_card,9,285.85
a7052bcfd0db0734e92716ce1a188143,1,debit_card,1,61.63
24642ed9b8393cd8355bcc2e7cc6e7ff,1,credit_card,4,123.1
7d62309ce7160a95af5b22f91e039c75,1,credit_card,1,47.49
abf477397730e4da1404a016e901f543,1,credit_card,2,117.85
bb7212057f59214702cd81a6bba10fdf,1,boleto,1,157.03
fff6889749958e42b47a7977a4cf0ea0,1,credit_card,10,123.6
195aef69980a745473d3fa7be3523f58,1,credit_card,1,105.29
92dd2476d7296d1f17c077f2dd00e94d,1,credit_card,2,117.26
16a02781e79ebfb2354323d102e53b8a,1,credit_card,3,75.07
87a330a52c9e677f1252f2f17e54cf65,1,boleto,1,56.69
b31eac1961980ead26d0df38911ac5e6,1,credit_card,1,71.15
0f121110b75ef7c38c79d67833c49830,1,credit_card,10,956.86
b87c9466fb7a6b04a632222b07c1922d,1,credit_card,6,125.42
ff269db61cf306545ee8f5ada41a4a3f,1,credit_card,1,74.16
bc2b2f5f5aad2762906c62abe09d5677,1,credit_card,1,114.13
0872d0faafe0cb56e6f2c594cca1522c,1,credit_card,2,127.92
